1,-1,150.23,98.28,127.57,104.85,0.9530,-1,-1,-1
1,-1,242.61,374.88,108.45,66.20,0.9510,-1,-1,-1
1,-1,81.25,394.69,115.26,63.77,0.9486,-1,-1,-1
1,-1,816.45,355.38,40.21,26.98,0.9050,-1,-1,-1
1,-1,746.19,326.40,23.28,21.58,0.8958,-1,-1,-1
1,-1,420.56,272.09,24.37,14.04,0.8665,-1,-1,-1
1,-1,864.94,256.50,34.56,34.20,0.5948,-1,-1,-1
1,-1,347.86,149.54,39.01,67.34,0.3950,-1,-1,-1
2,-1,149.95,91.88,127.93,105.91,0.9531,-1,-1,-1
2,-1,81.14,388.04,115.18,64.87,0.9479,-1,-1,-1
2,-1,242.63,368.69,108.58,65.85,0.9424,-1,-1,-1
2,-1,816.88,353.71,39.80,26.77,0.9069,-1,-1,-1
2,-1,746.06,324.17,23.84,21.78,0.8973,-1,-1,-1
2,-1,419.90,269.71,25.22,14.46,0.8825,-1,-1,-1
2,-1,866.08,253.69,33.54,34.09,0.7284,-1,-1,-1
2,-1,347.04,138.62,41.46,73.01,0.5892,-1,-1,-1
2,-1,775.33,309.62,16.86,14.48,0.4766,-1,-1,-1
2,-1,811.55,308.96,28.53,18.03,0.2738,-1,-1,-1
3,-1,150.08,87.32,126.82,107.40,0.9514,-1,-1,-1
3,-1,77.36,383.33,115.00,64.27,0.9474,-1,-1,-1
3,-1,238.05,366.14,108.10,66.78,0.9465,-1,-1,-1
3,-1,815.61,359.98,40.29,26.91,0.9012,-1,-1,-1
3,-1,745.73,329.24,23.51,21.66,0.8843,-1,-1,-1
3,-1,421.21,269.40,24.46,13.95,0.8785,-1,-1,-1
3,-1,865.92,260.60,34.97,34.45,0.8093,-1,-1,-1
3,-1,348.68,139.38,39.10,71.08,0.6392,-1,-1,-1
3,-1,775.05,315.40,16.94,14.10,0.6160,-1,-1,-1
3,-1,811.23,314.67,29.01,18.81,0.5121,-1,-1,-1
4,-1,70.56,382.33,114.60,63.75,0.9496,-1,-1,-1
4,-1,143.02,86.09,127.96,107.17,0.9469,-1,-1,-1
4,-1,231.04,365.49,107.81,66.68,0.9461,-1,-1,-1
4,-1,813.87,361.58,39.99,26.83,0.9072,-1,-1,-1
4,-1,743.88,330.61,22.79,21.60,0.8770,-1,-1,-1
4,-1,419.69,269.21,24.61,13.68,0.8732,-1,-1,-1
4,-1,864.21,263.03,34.95,33.71,0.7982,-1,-1,-1
4,-1,774.09,316.13,16.60,14.79,0.5487,-1,-1,-1
4,-1,343.93,139.21,40.24,73.07,0.4639,-1,-1,-1
5,-1,128.49,89.31,130.21,106.33,0.9503,-1,-1,-1
5,-1,221.14,367.56,108.13,66.14,0.9471,-1,-1,-1
5,-1,62.36,385.64,114.07,64.29,0.9466,-1,-1,-1
5,-1,810.84,357.35,40.27,26.59,0.9041,-1,-1,-1
5,-1,740.25,326.97,23.33,21.80,0.9023,-1,-1,-1
5,-1,415.74,269.39,24.53,14.38,0.8771,-1,-1,-1
5,-1,769.95,312.46,16.83,15.04,0.6677,-1,-1,-1
5,-1,334.60,158.48,40.09,53.76,0.6651,-1,-1,-1
5,-1,860.89,256.91,33.24,35.15,0.6405,-1,-1,-1
5,-1,804.97,316.36,29.72,14.80,0.4854,-1,-1,-1
5,-1,333.26,135.66,41.99,77.32,0.3225,-1,-1,-1
6,-1,53.03,390.03,113.71,64.74,0.9528,-1,-1,-1
6,-1,112.56,93.20,132.64,104.64,0.9514,-1,-1,-1
6,-1,211.32,369.60,107.88,66.05,0.9427,-1,-1,-1
6,-1,807.34,352.55,40.51,26.29,0.8995,-1,-1,-1
6,-1,410.78,270.45,24.90,13.95,0.8827,-1,-1,-1
6,-1,736.53,323.06,23.29,21.74,0.8536,-1,-1,-1
6,-1,856.06,250.33,33.65,36.25,0.7503,-1,-1,-1
6,-1,322.21,143.29,42.58,70.80,0.6579,-1,-1,-1
6,-1,766.16,308.21,16.51,14.77,0.6223,-1,-1,-1
6,-1,800.59,305.43,31.74,19.95,0.3519,-1,-1,-1
7,-1,102.24,91.52,134.41,106.06,0.9514,-1,-1,-1
7,-1,45.84,390.12,112.81,64.84,0.9513,-1,-1,-1
7,-1,203.16,369.68,107.28,66.01,0.9471,-1,-1,-1
7,-1,804.75,352.23,40.66,26.39,0.9045,-1,-1,-1
7,-1,734.20,322.96,23.04,21.86,0.8794,-1,-1,-1
7,-1,407.46,270.33,25.67,14.29,0.8657,-1,-1,-1
7,-1,853.65,251.68,33.24,34.93,0.8481,-1,-1,-1
7,-1,316.80,151.17,42.81,64.00,0.6421,-1,-1,-1
7,-1,763.12,307.99,17.17,15.06,0.6379,-1,-1,-1
8,-1,38.41,390.17,112.71,64.74,0.9537,-1,-1,-1
8,-1,93.94,91.12,133.72,106.30,0.9508,-1,-1,-1
8,-1,195.68,369.99,106.79,65.88,0.9430,-1,-1,-1
8,-1,802.23,351.92,40.74,26.51,0.9018,-1,-1,-1
8,-1,310.80,155.72,42.15,60.21,0.8897,-1,-1,-1
8,-1,405.96,270.66,24.69,14.36,0.8548,-1,-1,-1
8,-1,852.39,249.21,32.49,36.33,0.8136,-1,-1,-1
8,-1,731.74,323.01,22.83,21.39,0.6933,-1,-1,-1
8,-1,0.18,111.34,56.00,63.27,0.4386,-1,-1,-1
9,-1,30.70,390.26,112.52,65.17,0.9521,-1,-1,-1
9,-1,84.58,92.43,134.81,105.33,0.9518,-1,-1,-1
9,-1,187.53,369.96,106.19,65.95,0.9476,-1,-1,-1
9,-1,799.61,351.88,41.29,26.50,0.8992,-1,-1,-1
9,-1,402.96,270.49,25.54,14.16,0.8752,-1,-1,-1
9,-1,305.09,155.29,42.48,60.85,0.8642,-1,-1,-1
9,-1,729.38,322.95,23.23,21.54,0.8402,-1,-1,-1
9,-1,758.64,307.86,16.73,14.76,0.7335,-1,-1,-1
10,-1,23.14,390.42,112.76,65.02,0.9541,-1,-1,-1
10,-1,75.38,92.40,135.57,105.32,0.9504,-1,-1,-1
10,-1,179.13,370.04,106.27,65.82,0.9428,-1,-1,-1
10,-1,797.43,351.97,41.23,26.50,0.9009,-1,-1,-1
10,-1,299.34,155.40,42.58,61.11,0.8906,-1,-1,-1
10,-1,727.00,322.88,23.10,21.69,0.8822,-1,-1,-1
10,-1,400.68,270.56,25.70,13.92,0.8639,-1,-1,-1
10,-1,846.35,250.65,32.88,34.53,0.8606,-1,-1,-1
10,-1,755.49,308.05,17.13,14.63,0.7774,-1,-1,-1
11,-1,66.82,90.83,136.11,106.77,0.9527,-1,-1,-1
11,-1,15.90,390.31,112.16,65.16,0.9524,-1,-1,-1
11,-1,171.30,369.98,105.60,65.87,0.9473,-1,-1,-1
11,-1,795.18,351.84,41.09,26.65,0.9078,-1,-1,-1
11,-1,293.31,155.30,42.82,62.16,0.8968,-1,-1,-1
11,-1,724.47,322.89,23.17,21.75,0.8929,-1,-1,-1
11,-1,398.06,270.66,25.92,14.08,0.8661,-1,-1,-1
11,-1,843.36,251.46,33.39,33.97,0.8533,-1,-1,-1
11,-1,753.28,308.40,16.94,14.39,0.7272,-1,-1,-1
12,-1,8.57,390.49,111.90,64.73,0.9538,-1,-1,-1
12,-1,57.78,91.15,136.34,106.38,0.9501,-1,-1,-1
12,-1,163.44,370.07,105.31,65.77,0.9432,-1,-1,-1
12,-1,793.03,351.97,40.99,26.58,0.9001,-1,-1,-1
12,-1,722.12,323.04,23.23,21.71,0.8863,-1,-1,-1
12,-1,395.81,270.54,25.83,14.15,0.8733,-1,-1,-1
12,-1,841.51,251.26,32.44,34.49,0.8619,-1,-1,-1
12,-1,287.39,154.13,43.27,63.43,0.8123,-1,-1,-1
12,-1,751.11,308.24,16.67,14.46,0.7272,-1,-1,-1
13,-1,0.97,390.12,111.31,64.92,0.9512,-1,-1,-1
13,-1,48.87,92.34,137.13,104.52,0.9498,-1,-1,-1
13,-1,155.74,369.78,104.75,66.25,0.9488,-1,-1,-1
13,-1,790.62,352.60,40.84,26.25,0.8995,-1,-1,-1
13,-1,282.10,154.85,44.00,62.83,0.8946,-1,-1,-1
13,-1,719.57,323.10,23.12,21.81,0.8799,-1,-1,-1
13,-1,393.67,270.70,26.06,13.80,0.8792,-1,-1,-1
13,-1,839.03,251.54,33.03,34.72,0.8716,-1,-1,-1
13,-1,748.77,308.48,16.80,14.57,0.5278,-1,-1,-1
14,-1,0.08,389.72,104.69,65.01,0.9515,-1,-1,-1
14,-1,40.39,91.79,136.93,104.86,0.9487,-1,-1,-1
14,-1,147.83,369.77,104.66,65.96,0.9441,-1,-1,-1
14,-1,788.78,352.71,40.27,26.31,0.9242,-1,-1,-1
14,-1,717.34,323.24,23.35,21.85,0.8883,-1,-1,-1
14,-1,276.64,154.71,43.45,62.72,0.8814,-1,-1,-1
14,-1,837.20,251.55,32.27,35.03,0.8786,-1,-1,-1
14,-1,391.49,270.40,25.77,13.94,0.8679,-1,-1,-1
14,-1,746.25,308.76,17.16,14.44,0.6825,-1,-1,-1
15,-1,139.96,369.47,104.44,65.63,0.9566,-1,-1,-1
15,-1,32.75,91.83,136.60,104.37,0.9502,-1,-1,-1
15,-1,0.03,389.34,96.94,65.09,0.9493,-1,-1,-1
15,-1,786.45,352.81,40.49,26.60,0.9029,-1,-1,-1
15,-1,715.20,323.50,23.11,21.82,0.8968,-1,-1,-1
15,-1,833.77,251.78,33.60,34.86,0.8792,-1,-1,-1
15,-1,388.97,270.34,26.07,14.26,0.8711,-1,-1,-1
15,-1,270.08,153.34,44.72,65.10,0.7597,-1,-1,-1
15,-1,744.04,308.98,16.52,14.41,0.4846,-1,-1,-1
16,-1,25.00,91.80,135.99,104.06,0.9491,-1,-1,-1
16,-1,0.13,388.94,89.45,65.06,0.9466,-1,-1,-1
16,-1,132.18,369.23,104.23,65.58,0.9437,-1,-1,-1
16,-1,784.01,353.30,40.36,26.45,0.8996,-1,-1,-1
16,-1,264.58,153.33,45.74,65.38,0.8979,-1,-1,-1
16,-1,712.87,323.86,23.12,21.54,0.8935,-1,-1,-1
16,-1,386.56,270.25,26.37,14.04,0.8797,-1,-1,-1
16,-1,831.54,252.32,33.44,34.58,0.8765,-1,-1,-1
16,-1,741.92,309.42,16.95,14.08,0.7666,-1,-1,-1
17,-1,17.98,91.50,135.05,104.43,0.9530,-1,-1,-1
17,-1,124.50,368.57,103.76,65.92,0.9487,-1,-1,-1
17,-1,0.04,388.57,81.69,64.87,0.9431,-1,-1,-1
17,-1,781.91,353.45,40.35,26.71,0.9055,-1,-1,-1
17,-1,259.86,150.34,44.34,67.94,0.9015,-1,-1,-1
17,-1,710.35,323.96,23.59,21.86,0.8948,-1,-1,-1
17,-1,384.25,270.03,27.04,14.20,0.8786,-1,-1,-1
17,-1,829.16,252.22,33.50,36.14,0.8762,-1,-1,-1
17,-1,739.00,309.74,17.44,14.30,0.7516,-1,-1,-1
17,-1,286.39,146.81,28.23,54.78,0.2677,-1,-1,-1
17,-1,286.77,146.61,28.43,55.15,0.2564,-1,-1,-1
18,-1,10.11,90.64,134.48,104.67,0.9491,-1,-1,-1
18,-1,116.70,368.49,103.62,66.02,0.9440,-1,-1,-1
18,-1,0.00,387.94,74.17,64.92,0.9393,-1,-1,-1
18,-1,779.35,353.89,40.85,26.38,0.9157,-1,-1,-1
18,-1,708.14,324.14,23.33,21.89,0.9089,-1,-1,-1
18,-1,381.76,269.86,27.16,14.18,0.8785,-1,-1,-1
18,-1,254.38,148.98,44.78,69.54,0.8767,-1,-1,-1
18,-1,826.54,253.33,33.73,35.50,0.8600,-1,-1,-1
18,-1,736.83,309.85,17.03,14.40,0.6557,-1,-1,-1
18,-1,773.85,307.88,36.27,19.14,0.2895,-1,-1,-1
19,-1,2.91,89.97,133.98,105.32,0.9528,-1,-1,-1
19,-1,108.89,367.88,103.33,66.39,0.9460,-1,-1,-1
19,-1,0.01,386.85,66.86,65.75,0.9323,-1,-1,-1
19,-1,777.40,353.99,40.11,26.74,0.9082,-1,-1,-1
19,-1,705.73,324.54,23.65,21.79,0.8919,-1,-1,-1
19,-1,824.67,252.69,33.24,36.06,0.8790,-1,-1,-1
19,-1,379.83,269.67,26.67,14.53,0.8778,-1,-1,-1
19,-1,249.01,152.02,45.36,66.39,0.8778,-1,-1,-1
19,-1,734.91,309.88,16.95,14.54,0.8147,-1,-1,-1
20,-1,0.00,89.37,128.63,105.19,0.9466,-1,-1,-1
20,-1,101.06,367.52,103.16,66.35,0.9437,-1,-1,-1
20,-1,0.04,386.41,59.04,65.08,0.9222,-1,-1,-1
20,-1,774.92,354.48,40.42,26.74,0.9103,-1,-1,-1
20,-1,703.38,324.97,23.30,21.44,0.9001,-1,-1,-1
20,-1,377.48,269.76,27.07,14.06,0.8848,-1,-1,-1
20,-1,822.57,253.85,33.36,35.15,0.8700,-1,-1,-1
20,-1,243.89,152.38,45.06,64.87,0.8098,-1,-1,-1
20,-1,732.13,310.40,17.30,14.55,0.7326,-1,-1,-1
20,-1,243.86,152.38,44.99,65.92,0.3403,-1,-1,-1
21,-1,0.10,88.99,120.35,105.34,0.9460,-1,-1,-1
21,-1,93.10,367.11,102.98,66.52,0.9451,-1,-1,-1
21,-1,772.59,354.63,40.75,26.91,0.9120,-1,-1,-1
21,-1,0.00,386.10,51.54,66.06,0.9095,-1,-1,-1
21,-1,701.28,324.90,23.25,21.82,0.9041,-1,-1,-1
21,-1,375.10,269.45,27.49,14.41,0.8840,-1,-1,-1
21,-1,820.44,253.85,32.66,35.35,0.8702,-1,-1,-1
21,-1,237.87,151.44,46.17,66.43,0.8156,-1,-1,-1
21,-1,729.63,310.40,17.08,14.71,0.6561,-1,-1,-1
22,-1,0.12,88.99,111.97,104.85,0.9446,-1,-1,-1
22,-1,85.10,366.73,102.98,66.54,0.9441,-1,-1,-1
22,-1,770.58,354.98,40.41,26.65,0.9138,-1,-1,-1
22,-1,0.00,385.42,44.03,68.49,0.9091,-1,-1,-1
22,-1,698.81,325.43,23.44,21.31,0.9011,-1,-1,-1
22,-1,372.89,269.54,27.28,13.87,0.8758,-1,-1,-1
22,-1,818.19,255.39,33.03,34.70,0.8727,-1,-1,-1
22,-1,232.41,152.34,46.49,65.78,0.7975,-1,-1,-1
22,-1,727.53,310.80,16.95,14.38,0.7227,-1,-1,-1
22,-1,232.49,152.48,46.53,41.86,0.6113,-1,-1,-1
23,-1,77.14,366.42,102.96,66.58,0.9457,-1,-1,-1
23,-1,0.14,89.50,103.59,104.36,0.9436,-1,-1,-1
23,-1,767.93,355.24,40.76,26.56,0.9086,-1,-1,-1
23,-1,696.49,325.41,23.39,21.50,0.8962,-1,-1,-1
23,-1,370.89,269.38,27.12,14.28,0.8767,-1,-1,-1
23,-1,815.60,254.80,33.15,35.31,0.8763,-1,-1,-1
23,-1,0.00,385.77,36.35,68.23,0.8608,-1,-1,-1
23,-1,725.05,310.95,17.52,14.45,0.8457,-1,-1,-1
23,-1,226.49,151.17,44.93,43.16,0.7703,-1,-1,-1
23,-1,228.28,173.80,45.05,43.96,0.7392,-1,-1,-1
23,-1,227.40,152.24,46.46,65.47,0.4729,-1,-1,-1
24,-1,69.02,366.18,102.94,66.70,0.9454,-1,-1,-1
24,-1,0.15,84.65,94.94,108.64,0.9299,-1,-1,-1
24,-1,765.53,355.28,41.00,26.73,0.9086,-1,-1,-1
24,-1,694.23,325.50,23.48,21.42,0.8966,-1,-1,-1
24,-1,813.58,254.93,32.06,34.98,0.8884,-1,-1,-1
24,-1,367.99,269.44,27.73,13.93,0.8837,-1,-1,-1
24,-1,0.00,384.91,28.67,66.67,0.8633,-1,-1,-1
24,-1,722.35,311.15,17.63,14.47,0.8471,-1,-1,-1
24,-1,221.23,151.30,46.89,65.59,0.7701,-1,-1,-1
24,-1,221.39,151.92,46.18,42.34,0.2636,-1,-1,-1
25,-1,61.15,365.96,102.87,66.54,0.9461,-1,-1,-1
25,-1,0.07,84.39,86.47,108.85,0.9297,-1,-1,-1
25,-1,763.37,355.24,41.13,26.77,0.9084,-1,-1,-1
25,-1,691.80,325.65,23.14,21.41,0.9081,-1,-1,-1
25,-1,366.19,269.40,27.65,13.82,0.8807,-1,-1,-1
25,-1,811.19,255.21,32.39,35.34,0.8686,-1,-1,-1
25,-1,720.15,311.12,17.41,14.45,0.8437,-1,-1,-1
25,-1,215.17,151.94,39.51,39.92,0.7414,-1,-1,-1
25,-1,0.00,385.74,21.08,61.32,0.6509,-1,-1,-1
25,-1,216.19,147.53,47.44,70.18,0.5610,-1,-1,-1
26,-1,53.13,365.98,102.72,66.41,0.9457,-1,-1,-1
26,-1,0.07,86.36,77.71,106.58,0.9201,-1,-1,-1
26,-1,761.14,355.23,40.83,26.84,0.9061,-1,-1,-1
26,-1,689.29,325.45,23.66,21.66,0.8905,-1,-1,-1
26,-1,808.29,255.20,32.54,35.16,0.8759,-1,-1,-1
26,-1,363.84,269.30,27.47,13.94,0.8734,-1,-1,-1
26,-1,717.96,310.86,16.96,14.70,0.8486,-1,-1,-1
26,-1,209.21,151.02,45.55,39.32,0.7388,-1,-1,-1
26,-1,211.47,155.59,46.53,62.37,0.6136,-1,-1,-1
26,-1,212.01,173.16,45.47,44.50,0.6095,-1,-1,-1
26,-1,0.00,385.48,13.13,58.33,0.4034,-1,-1,-1
26,-1,0.00,385.44,13.08,59.81,0.3227,-1,-1,-1
27,-1,44.96,366.08,102.82,66.23,0.9456,-1,-1,-1
27,-1,758.38,355.36,40.93,26.61,0.9086,-1,-1,-1
27,-1,0.00,84.04,68.67,109.92,0.9082,-1,-1,-1
27,-1,686.84,325.47,23.38,21.53,0.8976,-1,-1,-1
27,-1,361.34,269.48,27.71,14.00,0.8761,-1,-1,-1
27,-1,806.15,255.02,32.38,35.45,0.8737,-1,-1,-1
27,-1,714.81,311.00,17.79,14.60,0.8503,-1,-1,-1
27,-1,203.66,151.70,39.06,36.69,0.7522,-1,-1,-1
27,-1,206.05,159.84,46.23,58.30,0.5553,-1,-1,-1
28,-1,36.66,366.30,102.82,66.46,0.9447,-1,-1,-1
28,-1,755.87,355.13,41.03,26.73,0.9135,-1,-1,-1
28,-1,684.35,325.21,23.46,21.64,0.9089,-1,-1,-1
28,-1,0.02,87.65,60.28,106.45,0.9070,-1,-1,-1
28,-1,804.49,255.24,31.48,34.39,0.8831,-1,-1,-1
28,-1,358.72,269.39,27.96,13.86,0.8814,-1,-1,-1
28,-1,197.58,151.76,36.72,37.28,0.8342,-1,-1,-1
28,-1,712.62,310.87,17.28,14.42,0.8095,-1,-1,-1
28,-1,199.35,168.54,47.08,49.52,0.7515,-1,-1,-1
28,-1,199.09,146.80,48.41,71.26,0.4217,-1,-1,-1
29,-1,28.66,366.68,102.83,66.31,0.9499,-1,-1,-1
29,-1,753.90,354.88,40.61,26.68,0.9136,-1,-1,-1
29,-1,681.92,325.16,23.83,21.53,0.8955,-1,-1,-1
29,-1,356.36,269.56,27.73,14.06,0.8793,-1,-1,-1
29,-1,801.20,254.76,32.23,36.47,0.8764,-1,-1,-1
29,-1,0.00,95.49,50.93,97.29,0.8752,-1,-1,-1
29,-1,710.20,310.45,17.61,14.60,0.8565,-1,-1,-1
29,-1,191.38,151.63,49.33,38.22,0.7223,-1,-1,-1
29,-1,191.59,151.12,48.99,60.94,0.6729,-1,-1,-1
29,-1,194.30,158.02,46.58,60.13,0.3963,-1,-1,-1
29,-1,1008.33,299.04,15.67,14.59,0.3489,-1,-1,-1
30,-1,20.44,366.88,102.61,66.38,0.9445,-1,-1,-1
30,-1,751.36,354.62,41.00,26.83,0.9107,-1,-1,-1
30,-1,679.35,324.94,23.29,21.59,0.8996,-1,-1,-1
30,-1,0.02,102.76,41.90,90.59,0.8951,-1,-1,-1
30,-1,353.99,269.44,27.78,14.18,0.8736,-1,-1,-1
30,-1,798.16,254.04,32.53,37.13,0.8721,-1,-1,-1
30,-1,707.30,310.84,17.73,14.21,0.8425,-1,-1,-1
30,-1,184.62,151.98,50.16,40.44,0.6577,-1,-1,-1
30,-1,184.54,151.55,50.46,61.24,0.6549,-1,-1,-1
30,-1,188.35,155.90,47.18,62.34,0.4150,-1,-1,-1
30,-1,321.17,298.03,24.22,11.43,0.2773,-1,-1,-1
30,-1,1006.10,298.49,17.90,17.40,0.2720,-1,-1,-1
31,-1,11.90,367.56,103.15,66.19,0.9564,-1,-1,-1
31,-1,749.09,354.22,40.66,27.03,0.9126,-1,-1,-1
31,-1,676.90,324.79,23.41,21.66,0.9059,-1,-1,-1
31,-1,351.19,269.44,27.96,14.56,0.8711,-1,-1,-1
31,-1,796.51,254.07,31.37,37.20,0.8698,-1,-1,-1
31,-1,0.02,107.56,32.65,87.03,0.8448,-1,-1,-1
31,-1,704.69,310.22,17.80,14.62,0.8382,-1,-1,-1
31,-1,178.86,151.82,47.40,36.67,0.7460,-1,-1,-1
31,-1,182.80,152.47,47.10,66.04,0.6591,-1,-1,-1
31,-1,182.89,175.60,47.26,42.82,0.5357,-1,-1,-1
32,-1,3.90,368.11,102.33,66.03,0.9435,-1,-1,-1
32,-1,746.56,353.93,40.77,26.74,0.9099,-1,-1,-1
32,-1,674.23,324.29,23.62,21.89,0.8962,-1,-1,-1
32,-1,348.52,269.70,28.49,14.20,0.8752,-1,-1,-1
32,-1,793.16,252.56,32.05,37.73,0.8708,-1,-1,-1
32,-1,702.48,310.22,17.48,14.24,0.8619,-1,-1,-1
32,-1,172.42,152.75,44.49,37.38,0.7723,-1,-1,-1
32,-1,0.00,113.78,24.04,81.60,0.6185,-1,-1,-1
32,-1,201.20,146.24,34.13,56.29,0.4917,-1,-1,-1
32,-1,176.56,162.14,46.36,56.64,0.4747,-1,-1,-1
32,-1,1002.12,297.22,21.88,18.26,0.4201,-1,-1,-1
33,-1,0.11,368.76,98.20,65.68,0.9426,-1,-1,-1
33,-1,743.76,353.80,41.29,26.60,0.9072,-1,-1,-1
33,-1,671.77,324.25,23.31,21.75,0.8934,-1,-1,-1
33,-1,790.79,252.76,31.63,37.07,0.8790,-1,-1,-1
33,-1,345.92,269.86,28.52,14.21,0.8723,-1,-1,-1
33,-1,699.93,309.94,17.81,14.42,0.8241,-1,-1,-1
33,-1,166.28,151.98,51.23,51.77,0.6902,-1,-1,-1
33,-1,0.00,124.79,14.55,70.67,0.4543,-1,-1,-1
33,-1,170.17,154.95,48.24,64.10,0.4262,-1,-1,-1
34,-1,0.08,369.08,89.95,65.48,0.9400,-1,-1,-1
34,-1,741.52,353.42,41.40,26.80,0.9053,-1,-1,-1
34,-1,669.27,323.95,23.70,21.75,0.9028,-1,-1,-1
34,-1,343.41,269.98,28.22,14.38,0.8734,-1,-1,-1
34,-1,787.90,252.67,31.63,37.67,0.8636,-1,-1,-1
34,-1,697.21,309.47,17.79,14.42,0.8324,-1,-1,-1
34,-1,160.15,153.51,38.33,38.53,0.8112,-1,-1,-1
34,-1,165.03,173.32,47.86,46.32,0.7687,-1,-1,-1
34,-1,737.06,310.58,20.05,15.89,0.4147,-1,-1,-1
34,-1,188.28,146.94,37.03,54.95,0.3441,-1,-1,-1
35,-1,0.08,369.68,82.04,65.12,0.9352,-1,-1,-1
35,-1,738.96,353.06,41.40,26.65,0.9064,-1,-1,-1
35,-1,666.67,323.77,23.78,21.82,0.9017,-1,-1,-1
35,-1,785.18,252.28,31.79,37.48,0.8732,-1,-1,-1
35,-1,340.86,270.35,28.30,14.15,0.8681,-1,-1,-1
35,-1,694.75,309.33,17.23,14.33,0.8190,-1,-1,-1
35,-1,153.84,154.17,38.27,40.37,0.7798,-1,-1,-1
35,-1,159.07,174.13,48.24,45.97,0.7501,-1,-1,-1
36,-1,0.04,370.06,74.07,65.57,0.9391,-1,-1,-1
36,-1,736.36,353.03,41.72,26.49,0.9051,-1,-1,-1
36,-1,664.10,323.51,23.74,21.79,0.8887,-1,-1,-1
36,-1,782.83,251.93,31.52,38.38,0.8732,-1,-1,-1
36,-1,175.66,147.90,37.20,54.77,0.8686,-1,-1,-1
36,-1,338.55,270.28,28.52,14.54,0.8582,-1,-1,-1
36,-1,692.32,308.94,17.08,14.63,0.7929,-1,-1,-1
36,-1,151.86,170.46,50.22,49.99,0.7641,-1,-1,-1
36,-1,147.48,155.41,46.20,37.57,0.7618,-1,-1,-1
37,-1,0.01,370.43,65.94,65.70,0.9321,-1,-1,-1
37,-1,734.22,352.77,41.38,26.58,0.9011,-1,-1,-1
37,-1,661.77,323.46,23.49,21.70,0.8960,-1,-1,-1
37,-1,779.85,251.20,31.92,38.05,0.8870,-1,-1,-1
37,-1,335.64,270.58,28.99,14.46,0.8664,-1,-1,-1
37,-1,689.42,308.82,17.56,14.48,0.8645,-1,-1,-1
37,-1,141.58,154.57,40.17,37.55,0.7278,-1,-1,-1
37,-1,147.33,170.46,48.86,50.18,0.5453,-1,-1,-1
37,-1,167.94,147.20,38.46,56.41,0.2898,-1,-1,-1
37,-1,168.85,147.43,38.15,55.95,0.2769,-1,-1,-1
38,-1,731.74,352.66,41.41,26.35,0.9283,-1,-1,-1
38,-1,0.07,371.00,57.40,65.95,0.9279,-1,-1,-1
38,-1,659.10,323.30,23.66,21.77,0.8961,-1,-1,-1
38,-1,777.88,251.70,31.01,36.91,0.8789,-1,-1,-1
38,-1,333.21,270.89,28.73,14.25,0.8618,-1,-1,-1
38,-1,687.03,308.78,17.61,14.35,0.8603,-1,-1,-1
38,-1,134.94,155.10,39.57,39.53,0.8091,-1,-1,-1
38,-1,141.85,174.31,48.75,46.59,0.7924,-1,-1,-1
38,-1,162.33,148.28,40.47,54.75,0.4798,-1,-1,-1
38,-1,988.89,296.96,25.40,14.96,0.4032,-1,-1,-1
39,-1,0.00,370.23,49.65,67.53,0.9135,-1,-1,-1
39,-1,728.83,352.62,42.09,26.38,0.9036,-1,-1,-1
39,-1,656.77,323.06,23.78,22.00,0.8843,-1,-1,-1
39,-1,775.79,251.23,30.64,37.28,0.8811,-1,-1,-1
39,-1,330.75,270.83,29.28,14.48,0.8632,-1,-1,-1
39,-1,684.70,308.53,17.47,14.67,0.8478,-1,-1,-1
39,-1,128.91,154.87,49.01,41.41,0.7701,-1,-1,-1
39,-1,134.22,166.60,51.26,54.81,0.6491,-1,-1,-1
39,-1,156.08,147.97,40.59,55.40,0.5599,-1,-1,-1
40,-1,0.04,372.11,41.19,66.47,0.9231,-1,-1,-1
40,-1,727.14,352.66,41.45,26.12,0.9028,-1,-1,-1
40,-1,654.31,323.02,23.83,22.13,0.8846,-1,-1,-1
40,-1,772.77,250.56,31.17,38.19,0.8785,-1,-1,-1
40,-1,328.43,271.14,28.74,14.02,0.8649,-1,-1,-1
40,-1,682.02,308.52,17.65,14.64,0.8411,-1,-1,-1
40,-1,122.58,155.77,49.86,43.06,0.8059,-1,-1,-1
40,-1,150.76,148.68,40.69,54.97,0.7939,-1,-1,-1
40,-1,130.48,179.11,49.74,42.13,0.7808,-1,-1,-1
40,-1,984.23,293.77,26.28,17.65,0.3451,-1,-1,-1
41,-1,724.54,352.43,41.77,26.47,0.9038,-1,-1,-1
41,-1,651.85,323.09,23.80,21.92,0.9034,-1,-1,-1
41,-1,770.37,251.16,30.97,36.85,0.8798,-1,-1,-1
41,-1,325.94,271.10,29.34,14.05,0.8693,-1,-1,-1
41,-1,679.70,308.40,17.54,14.70,0.8361,-1,-1,-1
41,-1,0.00,374.57,32.98,63.08,0.8191,-1,-1,-1
41,-1,117.00,155.66,54.01,42.95,0.7565,-1,-1,-1
41,-1,124.34,163.61,50.19,57.80,0.5890,-1,-1,-1
41,-1,125.03,182.22,49.67,39.02,0.5550,-1,-1,-1
41,-1,144.25,148.67,42.41,54.71,0.4593,-1,-1,-1
42,-1,722.53,352.33,41.58,26.44,0.9057,-1,-1,-1
42,-1,649.40,323.24,23.88,21.78,0.8861,-1,-1,-1
42,-1,767.92,251.01,31.06,37.57,0.8782,-1,-1,-1
42,-1,677.03,308.26,17.88,14.81,0.8766,-1,-1,-1
42,-1,323.71,271.24,28.94,14.09,0.8690,-1,-1,-1
42,-1,0.00,376.72,25.28,54.95,0.8090,-1,-1,-1
42,-1,119.09,176.61,50.22,44.73,0.8019,-1,-1,-1
42,-1,110.78,155.46,55.20,43.36,0.7545,-1,-1,-1
42,-1,139.03,148.62,41.79,54.95,0.7372,-1,-1,-1
42,-1,0.00,376.66,25.11,54.96,0.5305,-1,-1,-1
43,-1,719.65,352.69,41.92,26.22,0.9043,-1,-1,-1
43,-1,647.00,323.29,23.76,21.90,0.8870,-1,-1,-1
43,-1,765.07,251.03,30.97,37.95,0.8829,-1,-1,-1
43,-1,320.89,271.06,29.73,14.00,0.8539,-1,-1,-1
43,-1,674.54,308.64,17.76,14.56,0.8387,-1,-1,-1
43,-1,113.77,179.64,50.59,41.56,0.7899,-1,-1,-1
43,-1,104.83,155.23,55.79,44.40,0.7738,-1,-1,-1
43,-1,0.00,377.53,17.01,53.46,0.7485,-1,-1,-1
43,-1,131.90,148.47,44.04,54.94,0.5756,-1,-1,-1
44,-1,717.53,352.76,41.71,26.45,0.9049,-1,-1,-1
44,-1,644.57,323.29,24.24,22.01,0.9009,-1,-1,-1
44,-1,763.36,251.72,30.53,36.63,0.8845,-1,-1,-1
44,-1,318.75,270.90,29.34,14.29,0.8717,-1,-1,-1
44,-1,672.34,308.51,17.65,14.76,0.8589,-1,-1,-1
44,-1,99.35,154.67,58.28,44.88,0.6196,-1,-1,-1
44,-1,108.61,179.69,50.57,41.29,0.4970,-1,-1,-1
44,-1,105.57,164.87,53.62,56.30,0.4518,-1,-1,-1
44,-1,126.78,149.02,44.30,54.25,0.4507,-1,-1,-1
44,-1,0.00,382.48,9.12,49.33,0.4320,-1,-1,-1
45,-1,715.37,352.85,41.39,26.43,0.9130,-1,-1,-1
45,-1,642.16,323.43,24.38,21.93,0.8939,-1,-1,-1
45,-1,761.13,251.59,30.66,36.98,0.8893,-1,-1,-1
45,-1,670.05,308.87,17.71,14.50,0.8765,-1,-1,-1
45,-1,316.81,270.76,29.30,14.12,0.8657,-1,-1,-1
45,-1,102.65,175.49,51.03,45.40,0.8396,-1,-1,-1
45,-1,122.42,147.57,43.18,55.60,0.7922,-1,-1,-1
45,-1,93.77,154.48,53.45,42.54,0.6952,-1,-1,-1
45,-1,973.82,295.10,26.09,16.99,0.4517,-1,-1,-1
46,-1,712.90,353.06,41.85,26.56,0.9113,-1,-1,-1
46,-1,639.94,323.48,23.94,21.97,0.8870,-1,-1,-1
46,-1,759.39,251.60,29.62,37.43,0.8820,-1,-1,-1
46,-1,314.57,270.48,29.39,14.51,0.8645,-1,-1,-1
46,-1,667.92,308.80,17.19,14.84,0.8269,-1,-1,-1
46,-1,116.36,147.45,44.87,55.49,0.7785,-1,-1,-1
46,-1,87.85,153.98,59.64,47.06,0.7220,-1,-1,-1
46,-1,89.09,153.99,59.51,66.55,0.5956,-1,-1,-1
46,-1,96.35,155.78,52.77,64.74,0.5399,-1,-1,-1
46,-1,97.26,176.76,51.59,43.78,0.3803,-1,-1,-1
47,-1,710.50,353.21,42.03,26.64,0.9079,-1,-1,-1
47,-1,637.58,323.98,24.04,21.69,0.8999,-1,-1,-1
47,-1,756.61,251.97,30.46,37.12,0.8882,-1,-1,-1
47,-1,311.78,270.44,30.16,14.23,0.8688,-1,-1,-1
47,-1,665.31,309.62,17.39,14.13,0.8454,-1,-1,-1
47,-1,82.29,153.12,44.29,41.96,0.7540,-1,-1,-1
47,-1,91.55,171.12,51.47,48.97,0.6744,-1,-1,-1
47,-1,110.43,146.90,45.70,55.60,0.5093,-1,-1,-1
48,-1,635.33,323.87,24.10,21.91,0.9107,-1,-1,-1
48,-1,708.25,353.50,41.87,26.67,0.9083,-1,-1,-1
48,-1,309.92,269.97,29.97,14.59,0.8787,-1,-1,-1
48,-1,754.57,252.63,30.08,36.57,0.8718,-1,-1,-1
48,-1,662.93,309.58,17.70,14.41,0.8558,-1,-1,-1
48,-1,106.13,146.30,45.21,55.59,0.7337,-1,-1,-1
48,-1,76.61,152.54,58.24,40.51,0.6748,-1,-1,-1
48,-1,86.63,172.35,51.53,47.35,0.6598,-1,-1,-1
48,-1,1004.61,53.72,19.39,62.01,0.6436,-1,-1,-1
48,-1,79.72,153.95,58.49,65.50,0.4985,-1,-1,-1
48,-1,968.18,296.56,24.72,17.10,0.2817,-1,-1,-1
49,-1,705.95,353.62,41.76,26.71,0.9103,-1,-1,-1
49,-1,633.08,324.19,24.11,21.73,0.8965,-1,-1,-1
49,-1,751.13,252.47,31.01,38.20,0.8815,-1,-1,-1
49,-1,307.68,269.67,30.26,14.52,0.8756,-1,-1,-1
49,-1,660.63,309.83,17.82,14.39,0.8666,-1,-1,-1
49,-1,997.49,50.27,26.51,65.44,0.7879,-1,-1,-1
49,-1,70.77,152.18,58.11,43.93,0.7142,-1,-1,-1
49,-1,81.96,171.51,52.09,47.72,0.6715,-1,-1,-1
49,-1,99.47,146.10,47.06,55.24,0.3940,-1,-1,-1
49,-1,74.60,152.81,59.37,66.39,0.3870,-1,-1,-1
50,-1,703.71,354.02,41.80,26.95,0.9089,-1,-1,-1
50,-1,630.63,324.28,24.02,21.92,0.8994,-1,-1,-1
50,-1,749.42,253.00,30.28,37.27,0.8729,-1,-1,-1
50,-1,305.19,269.52,30.71,14.26,0.8622,-1,-1,-1
50,-1,658.08,310.01,17.76,14.47,0.8400,-1,-1,-1
50,-1,990.51,45.72,33.49,70.24,0.8077,-1,-1,-1
50,-1,66.54,151.41,58.47,63.95,0.6192,-1,-1,-1
50,-1,71.18,151.55,55.50,67.20,0.5767,-1,-1,-1
50,-1,66.09,151.78,56.78,43.10,0.5052,-1,-1,-1
50,-1,93.59,145.98,47.71,54.68,0.3044,-1,-1,-1
50,-1,94.23,145.98,47.42,54.83,0.2707,-1,-1,-1
51,-1,701.65,354.08,41.40,27.08,0.9143,-1,-1,-1
51,-1,628.50,324.52,23.86,21.80,0.9105,-1,-1,-1
51,-1,303.05,269.38,31.42,14.59,0.8873,-1,-1,-1
51,-1,747.57,253.83,29.98,36.22,0.8758,-1,-1,-1
51,-1,655.83,310.08,17.84,14.55,0.8628,-1,-1,-1
51,-1,984.17,47.37,39.83,69.27,0.8570,-1,-1,-1
51,-1,60.20,150.70,59.28,41.94,0.7234,-1,-1,-1
51,-1,70.74,166.18,52.96,51.98,0.6160,-1,-1,-1
51,-1,89.55,145.60,46.80,55.12,0.6061,-1,-1,-1
51,-1,64.53,150.56,59.23,67.65,0.4940,-1,-1,-1
51,-1,89.59,145.68,47.35,55.23,0.3146,-1,-1,-1
51,-1,60.18,150.81,63.25,62.19,0.2821,-1,-1,-1
52,-1,699.22,354.42,41.83,26.73,0.9178,-1,-1,-1
52,-1,300.92,269.21,31.39,14.53,0.8992,-1,-1,-1
52,-1,625.91,324.62,24.50,21.75,0.8944,-1,-1,-1
52,-1,744.69,253.73,30.55,36.85,0.8756,-1,-1,-1
52,-1,653.68,310.29,17.84,14.64,0.8691,-1,-1,-1
52,-1,977.03,47.13,46.96,69.94,0.8539,-1,-1,-1
52,-1,65.72,170.92,53.74,46.84,0.8505,-1,-1,-1
52,-1,55.11,151.22,40.88,37.60,0.7538,-1,-1,-1
52,-1,83.01,145.40,49.23,55.63,0.4284,-1,-1,-1
52,-1,82.49,145.59,49.38,54.85,0.3544,-1,-1,-1
53,-1,697.07,354.55,41.35,26.92,0.9139,-1,-1,-1
53,-1,969.92,43.09,54.08,74.41,0.9066,-1,-1,-1
53,-1,623.80,324.87,24.02,21.53,0.8948,-1,-1,-1
53,-1,298.69,269.03,31.65,14.22,0.8836,-1,-1,-1
53,-1,742.76,254.29,30.09,36.87,0.8781,-1,-1,-1
53,-1,651.18,310.54,17.68,14.32,0.8208,-1,-1,-1
53,-1,60.59,169.70,50.32,47.68,0.6845,-1,-1,-1
53,-1,48.88,150.14,57.25,39.02,0.4598,-1,-1,-1
53,-1,76.77,145.27,49.72,54.35,0.4472,-1,-1,-1
53,-1,957.82,298.72,38.43,18.37,0.2986,-1,-1,-1
53,-1,957.85,298.97,24.67,17.85,0.2830,-1,-1,-1
54,-1,694.52,354.74,41.74,26.74,0.9114,-1,-1,-1
54,-1,621.25,324.96,24.33,21.62,0.8956,-1,-1,-1
54,-1,962.98,34.32,61.02,83.31,0.8943,-1,-1,-1
54,-1,296.14,269.07,31.61,13.99,0.8897,-1,-1,-1
54,-1,739.83,254.55,30.49,35.97,0.8673,-1,-1,-1
54,-1,648.63,310.62,17.91,14.41,0.8317,-1,-1,-1
54,-1,42.72,149.55,61.38,45.21,0.6093,-1,-1,-1
54,-1,72.46,144.98,49.31,54.67,0.5976,-1,-1,-1
54,-1,72.45,145.11,49.75,54.42,0.5514,-1,-1,-1
54,-1,54.88,162.17,54.40,54.95,0.5003,-1,-1,-1
54,-1,1017.43,130.76,6.57,37.39,0.3456,-1,-1,-1
54,-1,44.59,149.71,64.56,67.43,0.3092,-1,-1,-1
55,-1,692.40,354.82,41.70,26.82,0.9142,-1,-1,-1
55,-1,955.48,33.87,68.52,83.95,0.9113,-1,-1,-1
55,-1,618.89,324.93,24.44,21.66,0.9022,-1,-1,-1
55,-1,294.49,268.90,31.08,14.46,0.8903,-1,-1,-1
55,-1,738.06,254.16,29.94,36.86,0.8763,-1,-1,-1
55,-1,646.69,310.80,17.32,14.32,0.8156,-1,-1,-1
55,-1,40.24,149.14,64.15,67.99,0.6498,-1,-1,-1
55,-1,66.43,144.74,49.87,54.76,0.6193,-1,-1,-1
55,-1,66.60,144.67,49.93,54.83,0.5815,-1,-1,-1
55,-1,37.38,149.33,61.50,43.15,0.3514,-1,-1,-1
55,-1,37.19,149.10,65.15,45.73,0.3195,-1,-1,-1
55,-1,49.38,167.94,55.17,49.00,0.2684,-1,-1,-1
56,-1,947.67,37.90,76.33,80.20,0.9354,-1,-1,-1
56,-1,690.16,354.76,41.48,26.85,0.9140,-1,-1,-1
56,-1,616.71,325.02,24.23,21.58,0.8980,-1,-1,-1
56,-1,291.70,268.87,31.81,14.16,0.8911,-1,-1,-1
56,-1,734.69,254.03,30.82,37.98,0.8697,-1,-1,-1
56,-1,643.98,310.92,18.18,14.15,0.8447,-1,-1,-1
56,-1,31.35,148.63,62.42,42.21,0.6925,-1,-1,-1
56,-1,30.60,148.52,65.60,65.91,0.5767,-1,-1,-1
56,-1,43.77,164.03,55.08,52.76,0.4428,-1,-1,-1
56,-1,1000.58,76.26,23.42,95.97,0.4063,-1,-1,-1
56,-1,59.82,144.29,51.64,55.13,0.2580,-1,-1,-1
57,-1,939.81,39.24,84.19,79.09,0.9422,-1,-1,-1
57,-1,687.60,354.91,41.84,26.69,0.9120,-1,-1,-1
57,-1,614.06,325.02,24.24,21.61,0.9022,-1,-1,-1
57,-1,289.08,268.68,32.80,14.50,0.8870,-1,-1,-1
57,-1,641.27,310.69,18.15,14.44,0.8764,-1,-1,-1
57,-1,732.85,254.44,30.10,36.66,0.8701,-1,-1,-1
57,-1,1010.30,289.51,13.70,56.30,0.7758,-1,-1,-1
57,-1,54.71,144.26,51.58,55.13,0.6792,-1,-1,-1
57,-1,25.13,149.26,60.87,43.08,0.6172,-1,-1,-1
57,-1,38.42,163.78,55.38,52.88,0.5931,-1,-1,-1
57,-1,991.76,63.37,32.24,108.32,0.4736,-1,-1,-1
57,-1,54.88,144.22,52.02,53.96,0.4153,-1,-1,-1
57,-1,991.39,49.66,32.61,122.05,0.3544,-1,-1,-1
58,-1,932.43,38.85,91.52,79.21,0.9459,-1,-1,-1
58,-1,685.47,354.79,41.50,26.93,0.9122,-1,-1,-1
58,-1,611.68,325.03,24.33,21.59,0.9074,-1,-1,-1
58,-1,286.95,268.89,32.02,14.45,0.8940,-1,-1,-1
58,-1,731.16,254.73,29.27,35.76,0.8740,-1,-1,-1
58,-1,1001.69,286.85,22.31,65.65,0.8599,-1,-1,-1
58,-1,639.05,310.66,17.92,14.37,0.8507,-1,-1,-1
58,-1,983.33,55.42,40.67,116.13,0.7949,-1,-1,-1
58,-1,30.01,150.33,58.85,66.69,0.6146,-1,-1,-1
58,-1,48.88,144.74,51.99,54.78,0.4853,-1,-1,-1
58,-1,19.40,149.43,63.23,43.01,0.3811,-1,-1,-1
58,-1,32.37,168.22,56.32,48.61,0.3677,-1,-1,-1
58,-1,48.73,144.97,51.89,54.53,0.3176,-1,-1,-1
58,-1,947.74,299.16,26.70,18.40,0.2875,-1,-1,-1
59,-1,924.69,38.80,90.63,78.92,0.9467,-1,-1,-1
59,-1,682.85,354.63,41.96,26.81,0.9178,-1,-1,-1
59,-1,284.43,268.88,32.68,14.57,0.8963,-1,-1,-1
59,-1,609.08,324.84,24.65,21.63,0.8955,-1,-1,-1
59,-1,728.23,254.26,29.66,36.03,0.8858,-1,-1,-1
59,-1,974.62,60.23,49.38,110.21,0.8727,-1,-1,-1
59,-1,992.55,279.48,31.45,73.59,0.8711,-1,-1,-1
59,-1,636.47,310.78,18.12,14.21,0.8565,-1,-1,-1
59,-1,27.83,168.59,54.61,48.31,0.8178,-1,-1,-1
59,-1,13.59,149.17,43.72,40.05,0.5726,-1,-1,-1
59,-1,42.89,144.86,52.84,54.77,0.5357,-1,-1,-1
60,-1,916.94,38.18,89.15,79.17,0.9488,-1,-1,-1
60,-1,680.48,354.55,41.96,26.77,0.9144,-1,-1,-1
60,-1,983.48,276.52,40.52,74.96,0.9022,-1,-1,-1
60,-1,606.58,324.92,24.23,21.41,0.8974,-1,-1,-1
60,-1,965.67,65.98,58.33,104.73,0.8888,-1,-1,-1
60,-1,282.00,268.99,32.33,14.43,0.8864,-1,-1,-1
60,-1,724.65,253.83,30.48,37.17,0.8695,-1,-1,-1
60,-1,633.85,310.28,17.86,14.63,0.8311,-1,-1,-1
60,-1,21.72,171.43,55.50,45.80,0.7910,-1,-1,-1
60,-1,6.63,149.72,61.44,42.42,0.6332,-1,-1,-1
60,-1,36.41,144.61,53.70,55.00,0.5141,-1,-1,-1
60,-1,36.44,144.61,53.89,54.92,0.4842,-1,-1,-1
61,-1,909.04,37.61,86.63,79.44,0.9447,-1,-1,-1
61,-1,974.49,277.68,49.51,76.35,0.9175,-1,-1,-1
61,-1,677.78,354.14,42.07,27.03,0.9120,-1,-1,-1
61,-1,604.36,324.81,24.00,21.50,0.9067,-1,-1,-1
61,-1,956.88,66.75,67.12,102.40,0.9036,-1,-1,-1
61,-1,279.52,269.20,32.89,14.44,0.8983,-1,-1,-1
61,-1,723.50,253.85,28.92,35.67,0.8914,-1,-1,-1
61,-1,631.36,310.45,17.94,14.15,0.7931,-1,-1,-1
61,-1,5.70,151.93,66.64,65.77,0.4507,-1,-1,-1
61,-1,29.61,145.58,55.07,54.22,0.3664,-1,-1,-1
61,-1,0.90,149.37,65.49,46.33,0.3290,-1,-1,-1
61,-1,15.33,175.79,57.23,41.70,0.3099,-1,-1,-1
61,-1,1.24,149.62,62.79,45.42,0.2538,-1,-1,-1
62,-1,901.51,37.19,84.05,79.40,0.9471,-1,-1,-1
62,-1,965.44,277.30,58.56,75.26,0.9316,-1,-1,-1
62,-1,947.67,54.12,76.33,115.11,0.9165,-1,-1,-1
62,-1,675.18,354.10,42.37,26.64,0.9118,-1,-1,-1
62,-1,601.66,324.37,24.66,21.68,0.8988,-1,-1,-1
62,-1,276.70,269.38,33.00,14.60,0.8970,-1,-1,-1
62,-1,720.49,253.15,29.42,36.32,0.8787,-1,-1,-1
62,-1,628.68,310.41,18.32,14.12,0.8563,-1,-1,-1
62,-1,1.34,150.60,62.69,67.41,0.7834,-1,-1,-1
62,-1,24.11,145.67,55.63,54.72,0.5370,-1,-1,-1
63,-1,893.56,36.61,82.79,79.48,0.9419,-1,-1,-1
63,-1,956.45,276.59,67.55,76.00,0.9370,-1,-1,-1
63,-1,673.14,353.85,41.86,26.72,0.9095,-1,-1,-1
63,-1,598.82,324.55,24.66,21.53,0.8983,-1,-1,-1
63,-1,938.70,25.61,85.30,142.94,0.8973,-1,-1,-1
63,-1,717.89,253.19,29.21,35.98,0.8768,-1,-1,-1
63,-1,274.94,269.56,31.78,14.68,0.8762,-1,-1,-1
63,-1,17.62,146.36,56.25,54.20,0.8390,-1,-1,-1
63,-1,1.87,150.40,58.72,68.14,0.8267,-1,-1,-1
63,-1,626.55,310.02,17.53,14.49,0.7832,-1,-1,-1
63,-1,1004.84,349.65,19.16,27.42,0.6391,-1,-1,-1
63,-1,0.03,151.05,54.10,45.33,0.4505,-1,-1,-1
64,-1,885.54,35.70,80.77,80.07,0.9451,-1,-1,-1
64,-1,947.22,275.69,76.78,76.05,0.9391,-1,-1,-1
64,-1,929.28,18.93,94.72,148.64,0.9117,-1,-1,-1
64,-1,670.42,353.58,42.20,26.84,0.9063,-1,-1,-1
64,-1,596.52,324.13,24.78,21.85,0.9045,-1,-1,-1
64,-1,715.07,253.26,29.42,35.76,0.8838,-1,-1,-1
64,-1,271.78,269.79,33.24,14.59,0.8811,-1,-1,-1
64,-1,623.60,309.81,18.10,14.33,0.8615,-1,-1,-1
64,-1,0.30,169.33,54.58,49.81,0.7651,-1,-1,-1
64,-1,995.40,331.41,28.60,57.26,0.5909,-1,-1,-1
64,-1,0.00,148.77,54.43,70.48,0.5600,-1,-1,-1
64,-1,10.41,145.98,58.33,55.95,0.3758,-1,-1,-1
64,-1,10.75,145.83,57.95,55.80,0.3562,-1,-1,-1
64,-1,0.08,149.23,52.13,58.99,0.2805,-1,-1,-1
65,-1,938.19,275.12,85.81,76.39,0.9445,-1,-1,-1
65,-1,877.52,35.51,79.06,79.89,0.9416,-1,-1,-1
65,-1,920.24,19.24,103.76,147.66,0.9271,-1,-1,-1
65,-1,667.71,353.53,43.03,26.60,0.9107,-1,-1,-1
65,-1,593.83,324.05,24.93,21.80,0.9002,-1,-1,-1
65,-1,713.13,252.10,28.84,36.31,0.8867,-1,-1,-1
65,-1,268.64,270.04,33.78,14.71,0.8756,-1,-1,-1
65,-1,621.37,309.73,17.69,14.42,0.8439,-1,-1,-1
65,-1,0.00,152.23,49.61,67.33,0.8417,-1,-1,-1
65,-1,986.40,324.97,37.60,62.89,0.7247,-1,-1,-1
65,-1,3.51,146.51,59.56,55.69,0.7130,-1,-1,-1
66,-1,929.04,274.67,87.39,76.37,0.9467,-1,-1,-1
66,-1,910.98,22.17,113.02,143.99,0.9411,-1,-1,-1
66,-1,869.53,34.52,76.77,80.31,0.9408,-1,-1,-1
66,-1,665.49,353.32,42.74,26.60,0.9101,-1,-1,-1
66,-1,591.32,323.90,24.84,21.84,0.8962,-1,-1,-1
66,-1,710.40,252.26,28.56,36.40,0.8961,-1,-1,-1
66,-1,0.03,156.33,43.40,64.01,0.8690,-1,-1,-1
66,-1,266.48,270.38,32.16,14.44,0.8628,-1,-1,-1
66,-1,618.64,309.82,17.98,14.22,0.8130,-1,-1,-1
66,-1,977.03,309.34,46.45,80.36,0.7508,-1,-1,-1
66,-1,0.00,146.97,57.41,55.31,0.4847,-1,-1,-1
66,-1,977.39,308.55,46.61,80.16,0.4424,-1,-1,-1
66,-1,0.08,147.15,57.10,55.85,0.2933,-1,-1,-1
67,-1,920.38,274.00,86.74,76.53,0.9492,-1,-1,-1
67,-1,901.70,19.13,122.30,146.66,0.9440,-1,-1,-1
67,-1,861.35,34.32,75.49,80.40,0.9389,-1,-1,-1
67,-1,663.30,353.19,42.26,26.56,0.9076,-1,-1,-1
67,-1,588.65,323.83,25.32,21.84,0.8936,-1,-1,-1
67,-1,707.51,251.96,28.81,36.06,0.8871,-1,-1,-1
67,-1,263.69,270.75,33.38,14.35,0.8703,-1,-1,-1
67,-1,968.48,308.77,55.52,81.25,0.8672,-1,-1,-1
67,-1,615.84,309.13,17.91,14.54,0.8486,-1,-1,-1
67,-1,0.00,163.35,38.76,57.25,0.7757,-1,-1,-1
67,-1,0.00,149.29,51.75,53.93,0.5388,-1,-1,-1
68,-1,892.80,19.19,131.19,146.32,0.9559,-1,-1,-1
68,-1,911.22,273.60,86.10,76.41,0.9452,-1,-1,-1
68,-1,853.42,33.85,73.94,80.38,0.9370,-1,-1,-1
68,-1,959.85,308.20,64.14,82.75,0.9205,-1,-1,-1
68,-1,660.60,353.11,42.99,26.42,0.9054,-1,-1,-1
68,-1,586.46,323.71,24.70,21.80,0.9030,-1,-1,-1
68,-1,705.19,251.81,28.54,36.05,0.8812,-1,-1,-1
68,-1,260.57,271.03,35.15,14.34,0.8751,-1,-1,-1
68,-1,613.68,308.96,17.97,14.65,0.8250,-1,-1,-1
68,-1,0.00,172.28,32.90,48.83,0.8048,-1,-1,-1
68,-1,0.00,150.18,46.72,53.53,0.4333,-1,-1,-1
68,-1,0.00,149.72,46.05,54.10,0.4073,-1,-1,-1
69,-1,884.31,19.26,131.62,146.17,0.9538,-1,-1,-1
69,-1,901.75,273.33,86.06,76.29,0.9488,-1,-1,-1
69,-1,845.34,33.75,72.09,79.94,0.9365,-1,-1,-1
69,-1,658.52,352.81,42.39,26.39,0.9064,-1,-1,-1
69,-1,702.46,251.63,28.25,36.81,0.8967,-1,-1,-1
69,-1,583.96,323.69,24.74,21.75,0.8927,-1,-1,-1
69,-1,258.93,271.16,34.15,14.21,0.8643,-1,-1,-1
69,-1,610.74,309.36,18.24,14.34,0.8319,-1,-1,-1
69,-1,950.70,308.04,73.30,84.21,0.7587,-1,-1,-1
69,-1,0.00,164.62,27.95,56.84,0.5384,-1,-1,-1
69,-1,0.06,152.24,40.58,51.47,0.4172,-1,-1,-1
70,-1,875.21,18.91,130.36,146.55,0.9565,-1,-1,-1
70,-1,892.22,272.95,86.07,76.68,0.9462,-1,-1,-1
70,-1,837.14,33.86,70.72,79.42,0.9377,-1,-1,-1
70,-1,941.42,307.69,82.58,83.76,0.9249,-1,-1,-1
70,-1,655.68,352.91,42.98,26.50,0.9035,-1,-1,-1
70,-1,581.16,323.72,25.45,21.78,0.8958,-1,-1,-1
70,-1,699.89,251.46,28.62,36.25,0.8888,-1,-1,-1
70,-1,607.95,308.88,18.88,14.52,0.8581,-1,-1,-1
70,-1,256.14,271.35,34.11,14.25,0.8562,-1,-1,-1
70,-1,0.01,150.56,35.63,53.37,0.2790,-1,-1,-1
71,-1,866.61,19.28,128.21,145.76,0.9539,-1,-1,-1
71,-1,883.72,272.78,85.10,76.95,0.9462,-1,-1,-1
71,-1,829.53,34.34,69.05,78.81,0.9358,-1,-1,-1
71,-1,932.79,307.58,91.21,83.81,0.9346,-1,-1,-1
71,-1,578.77,323.66,25.03,21.79,0.9116,-1,-1,-1
71,-1,653.56,352.75,42.78,26.66,0.9031,-1,-1,-1
71,-1,697.80,251.37,28.31,36.15,0.8857,-1,-1,-1
71,-1,253.54,271.48,33.66,14.22,0.8727,-1,-1,-1
71,-1,606.10,308.81,18.14,14.78,0.8527,-1,-1,-1
71,-1,0.03,153.70,30.55,53.38,0.4147,-1,-1,-1
72,-1,857.75,18.20,127.15,147.10,0.9603,-1,-1,-1
72,-1,874.71,272.87,84.99,76.83,0.9470,-1,-1,-1
72,-1,923.47,307.72,100.53,83.95,0.9459,-1,-1,-1
72,-1,821.65,34.54,67.75,78.76,0.9349,-1,-1,-1
72,-1,651.31,352.75,42.24,26.53,0.9063,-1,-1,-1
72,-1,576.55,323.69,24.85,21.71,0.8956,-1,-1,-1
72,-1,695.03,251.49,28.16,36.36,0.8933,-1,-1,-1
72,-1,251.53,271.37,34.82,14.21,0.8760,-1,-1,-1
72,-1,603.29,309.04,18.19,14.46,0.8291,-1,-1,-1
72,-1,0.03,159.02,25.14,45.44,0.7381,-1,-1,-1
73,-1,849.08,18.98,125.46,146.68,0.9542,-1,-1,-1
73,-1,914.66,307.76,109.34,83.96,0.9479,-1,-1,-1
73,-1,865.72,273.26,84.49,76.43,0.9451,-1,-1,-1
73,-1,814.27,35.50,66.16,78.04,0.9292,-1,-1,-1
73,-1,648.82,352.80,42.63,26.39,0.9076,-1,-1,-1
73,-1,574.10,323.66,24.77,21.86,0.8961,-1,-1,-1
73,-1,692.45,251.32,28.54,36.36,0.8906,-1,-1,-1
73,-1,249.08,271.31,32.53,14.19,0.8645,-1,-1,-1
73,-1,600.67,308.82,18.51,14.55,0.8427,-1,-1,-1
73,-1,0.01,160.78,20.27,44.06,0.5950,-1,-1,-1
73,-1,0.00,160.85,20.46,43.97,0.3466,-1,-1,-1
74,-1,905.77,308.00,118.14,84.01,0.9547,-1,-1,-1
74,-1,840.79,18.84,123.37,146.48,0.9521,-1,-1,-1
74,-1,857.09,273.22,83.88,76.52,0.9485,-1,-1,-1
74,-1,806.79,35.77,64.22,77.62,0.9324,-1,-1,-1
74,-1,571.70,323.71,24.86,21.82,0.9149,-1,-1,-1
74,-1,647.00,352.65,42.09,26.80,0.9019,-1,-1,-1
74,-1,690.67,251.45,27.75,35.93,0.8894,-1,-1,-1
74,-1,246.71,271.47,33.02,14.16,0.8702,-1,-1,-1
74,-1,598.57,308.82,18.05,14.72,0.8089,-1,-1,-1
74,-1,0.00,165.55,15.21,39.88,0.5670,-1,-1,-1
75,-1,832.28,18.83,121.89,146.54,0.9566,-1,-1,-1
75,-1,897.02,308.48,122.60,83.73,0.9517,-1,-1,-1
75,-1,848.33,273.71,83.42,76.36,0.9439,-1,-1,-1
75,-1,799.35,36.99,62.61,76.82,0.9286,-1,-1,-1
75,-1,644.07,352.91,43.18,26.65,0.9063,-1,-1,-1
75,-1,569.23,323.90,25.40,21.72,0.9000,-1,-1,-1
75,-1,687.93,251.54,27.68,36.36,0.8951,-1,-1,-1
75,-1,244.07,271.25,35.43,14.11,0.8745,-1,-1,-1
75,-1,595.74,309.46,18.86,14.21,0.8471,-1,-1,-1
75,-1,0.00,162.19,10.11,42.06,0.4152,-1,-1,-1
76,-1,888.47,308.83,121.35,84.00,0.9540,-1,-1,-1
76,-1,823.88,19.39,120.48,146.04,0.9534,-1,-1,-1
76,-1,839.41,273.83,82.99,76.45,0.9492,-1,-1,-1
76,-1,792.00,38.22,60.85,75.84,0.9310,-1,-1,-1
76,-1,641.97,353.04,42.41,26.54,0.9036,-1,-1,-1
76,-1,566.76,323.82,25.51,21.82,0.8966,-1,-1,-1
76,-1,685.38,251.99,28.12,36.32,0.8925,-1,-1,-1
76,-1,241.99,270.97,32.67,14.30,0.8671,-1,-1,-1
76,-1,593.51,309.10,18.50,14.59,0.8456,-1,-1,-1
77,-1,815.64,20.05,119.36,145.77,0.9569,-1,-1,-1
77,-1,879.86,309.44,119.54,83.83,0.9551,-1,-1,-1
77,-1,830.74,274.45,82.83,76.47,0.9486,-1,-1,-1
77,-1,784.79,38.55,58.94,76.21,0.9285,-1,-1,-1
77,-1,639.08,353.25,43.31,26.47,0.9039,-1,-1,-1
77,-1,564.63,323.91,25.48,21.76,0.9008,-1,-1,-1
77,-1,683.58,251.80,28.18,35.94,0.8909,-1,-1,-1
77,-1,240.14,270.75,32.79,14.18,0.8632,-1,-1,-1
77,-1,591.06,309.18,18.45,14.63,0.8401,-1,-1,-1
78,-1,871.28,309.54,117.22,84.28,0.9559,-1,-1,-1
78,-1,807.15,20.88,117.91,145.30,0.9551,-1,-1,-1
78,-1,821.88,274.77,82.57,76.69,0.9497,-1,-1,-1
78,-1,777.26,39.34,57.61,75.86,0.9253,-1,-1,-1
78,-1,637.25,353.36,42.47,26.59,0.9064,-1,-1,-1
78,-1,680.76,252.10,28.05,36.01,0.9038,-1,-1,-1
78,-1,562.32,323.96,25.07,21.77,0.9030,-1,-1,-1
78,-1,237.03,270.61,33.62,14.32,0.8735,-1,-1,-1
78,-1,588.64,309.10,19.21,14.99,0.8702,-1,-1,-1
79,-1,799.20,21.37,116.27,145.31,0.9582,-1,-1,-1
79,-1,862.67,310.16,115.57,84.05,0.9579,-1,-1,-1
79,-1,813.00,275.64,82.78,76.18,0.9447,-1,-1,-1
79,-1,769.74,40.44,55.76,74.50,0.9284,-1,-1,-1
79,-1,634.69,353.53,42.64,26.73,0.9086,-1,-1,-1
79,-1,560.18,324.02,25.09,21.78,0.8989,-1,-1,-1
79,-1,235.13,270.08,34.29,14.38,0.8726,-1,-1,-1
79,-1,678.77,252.23,27.38,37.09,0.8712,-1,-1,-1
79,-1,586.63,309.32,18.52,15.01,0.8331,-1,-1,-1
80,-1,853.93,310.74,114.22,84.04,0.9593,-1,-1,-1
80,-1,790.61,22.09,115.13,146.00,0.9558,-1,-1,-1
80,-1,804.47,275.89,82.12,76.07,0.9474,-1,-1,-1
80,-1,762.53,42.00,54.12,73.29,0.9201,-1,-1,-1
80,-1,632.85,353.75,42.51,26.56,0.9085,-1,-1,-1
80,-1,557.76,324.09,24.92,21.91,0.8959,-1,-1,-1
80,-1,676.57,252.79,27.73,35.79,0.8852,-1,-1,-1
80,-1,232.70,269.74,32.80,14.39,0.8769,-1,-1,-1
80,-1,584.14,309.29,18.90,14.74,0.8337,-1,-1,-1
81,-1,782.56,22.22,114.03,146.20,0.9585,-1,-1,-1
81,-1,845.04,311.42,113.18,83.87,0.9549,-1,-1,-1
81,-1,795.60,276.40,82.14,76.25,0.9499,-1,-1,-1
81,-1,755.39,42.63,51.93,73.29,0.9174,-1,-1,-1
81,-1,555.16,324.26,25.21,21.72,0.9123,-1,-1,-1
81,-1,630.17,353.81,42.81,26.74,0.9079,-1,-1,-1
81,-1,230.52,269.52,34.00,14.30,0.8889,-1,-1,-1
81,-1,674.44,252.36,27.64,35.94,0.8841,-1,-1,-1
81,-1,582.13,309.28,18.65,14.95,0.8014,-1,-1,-1
81,-1,975.69,295.20,40.05,20.10,0.3989,-1,-1,-1
82,-1,836.12,311.68,111.01,84.25,0.9565,-1,-1,-1
82,-1,773.64,22.51,113.59,145.08,0.9546,-1,-1,-1
82,-1,786.83,276.83,82.43,76.40,0.9453,-1,-1,-1
82,-1,628.12,354.05,42.89,26.49,0.9078,-1,-1,-1
82,-1,748.75,43.76,50.02,72.21,0.9054,-1,-1,-1
82,-1,553.05,324.31,25.48,21.72,0.8999,-1,-1,-1
82,-1,228.72,269.38,34.03,14.25,0.8989,-1,-1,-1
82,-1,671.92,253.21,27.65,35.78,0.8778,-1,-1,-1
82,-1,579.25,309.56,19.86,14.81,0.8648,-1,-1,-1
82,-1,1000.99,205.74,23.01,43.22,0.5189,-1,-1,-1
83,-1,827.40,312.15,108.75,84.09,0.9564,-1,-1,-1
83,-1,766.10,22.82,111.15,145.61,0.9539,-1,-1,-1
83,-1,778.13,277.08,82.29,76.47,0.9452,-1,-1,-1
83,-1,625.35,353.91,43.19,27.02,0.9078,-1,-1,-1
83,-1,550.53,324.37,25.70,21.79,0.8966,-1,-1,-1
83,-1,739.42,44.87,50.94,71.70,0.8878,-1,-1,-1
83,-1,669.75,253.70,27.40,35.51,0.8731,-1,-1,-1
83,-1,226.03,269.11,35.26,14.35,0.8693,-1,-1,-1
83,-1,995.66,208.93,28.34,37.62,0.8249,-1,-1,-1
83,-1,577.28,309.71,18.76,15.01,0.8239,-1,-1,-1
84,-1,757.13,23.23,110.52,145.38,0.9591,-1,-1,-1
84,-1,818.94,312.47,107.14,83.92,0.9552,-1,-1,-1
84,-1,769.49,277.32,81.99,76.54,0.9439,-1,-1,-1
84,-1,733.63,46.32,47.80,69.94,0.9258,-1,-1,-1
84,-1,623.32,354.08,43.00,26.98,0.9045,-1,-1,-1
84,-1,548.39,324.48,25.41,21.78,0.9036,-1,-1,-1
84,-1,987.06,209.45,36.94,37.06,0.8847,-1,-1,-1
84,-1,667.13,253.61,27.84,35.34,0.8835,-1,-1,-1
84,-1,224.09,268.83,33.25,14.26,0.8761,-1,-1,-1
84,-1,574.64,309.57,19.34,15.04,0.8612,-1,-1,-1
85,-1,809.92,312.79,106.93,83.92,0.9579,-1,-1,-1
85,-1,749.21,23.74,108.13,145.17,0.9558,-1,-1,-1
85,-1,760.48,277.52,82.05,76.46,0.9452,-1,-1,-1
85,-1,621.39,353.93,42.65,27.16,0.9100,-1,-1,-1
85,-1,978.43,209.49,45.26,37.45,0.9098,-1,-1,-1
85,-1,545.70,324.54,25.82,21.70,0.8993,-1,-1,-1
85,-1,221.04,268.60,36.50,14.50,0.8833,-1,-1,-1
85,-1,664.17,253.50,28.13,35.73,0.8813,-1,-1,-1
85,-1,572.27,309.77,19.54,14.73,0.8696,-1,-1,-1
85,-1,725.97,44.58,66.99,71.77,0.8683,-1,-1,-1
86,-1,740.65,23.20,107.22,146.17,0.9581,-1,-1,-1
86,-1,801.43,312.80,103.92,84.20,0.9524,-1,-1,-1
86,-1,751.39,277.48,82.66,76.62,0.9440,-1,-1,-1
86,-1,971.19,209.74,46.67,37.65,0.9187,-1,-1,-1
86,-1,618.85,353.98,42.89,27.20,0.9169,-1,-1,-1
86,-1,543.41,324.38,25.90,21.83,0.8999,-1,-1,-1
86,-1,219.61,268.49,33.74,14.32,0.8891,-1,-1,-1
86,-1,662.42,253.61,27.30,36.28,0.8721,-1,-1,-1
86,-1,718.50,41.27,64.75,75.84,0.8662,-1,-1,-1
86,-1,570.19,309.72,18.93,14.91,0.8316,-1,-1,-1
87,-1,732.47,23.63,105.06,145.24,0.9559,-1,-1,-1
87,-1,792.83,312.81,101.67,84.40,0.9543,-1,-1,-1
87,-1,742.25,277.57,82.39,76.52,0.9464,-1,-1,-1
87,-1,961.88,209.92,46.85,37.44,0.9155,-1,-1,-1
87,-1,616.53,354.06,42.97,27.32,0.9146,-1,-1,-1
87,-1,540.97,324.43,25.58,21.92,0.8951,-1,-1,-1
87,-1,710.90,38.94,62.72,78.62,0.8933,-1,-1,-1
87,-1,660.29,253.67,27.33,34.91,0.8781,-1,-1,-1
87,-1,216.73,268.40,35.71,14.34,0.8728,-1,-1,-1
87,-1,567.55,309.67,19.32,14.85,0.8135,-1,-1,-1
87,-1,895.98,298.34,29.19,18.90,0.5733,-1,-1,-1
88,-1,722.94,23.79,104.67,144.90,0.9589,-1,-1,-1
88,-1,784.32,312.84,100.65,84.29,0.9579,-1,-1,-1
88,-1,733.16,277.68,82.78,76.40,0.9453,-1,-1,-1
88,-1,952.90,210.00,47.24,36.61,0.9203,-1,-1,-1
88,-1,614.02,354.04,42.95,27.37,0.9138,-1,-1,-1
88,-1,702.74,38.10,61.34,79.02,0.9115,-1,-1,-1
88,-1,538.53,324.57,25.65,21.58,0.9113,-1,-1,-1
88,-1,214.49,268.25,34.18,14.34,0.8867,-1,-1,-1
88,-1,657.98,253.71,27.03,34.81,0.8843,-1,-1,-1
88,-1,564.89,309.82,19.24,14.76,0.8440,-1,-1,-1
88,-1,886.59,298.43,36.94,19.15,0.6746,-1,-1,-1
89,-1,714.44,23.96,102.88,145.26,0.9580,-1,-1,-1
89,-1,774.82,312.51,99.70,84.43,0.9540,-1,-1,-1
89,-1,723.94,277.54,82.30,76.37,0.9470,-1,-1,-1
89,-1,945.36,209.54,46.10,37.18,0.9194,-1,-1,-1
89,-1,611.55,354.24,43.21,27.09,0.9172,-1,-1,-1
89,-1,695.07,37.62,59.52,78.70,0.9100,-1,-1,-1
89,-1,536.31,324.37,25.90,21.73,0.9063,-1,-1,-1
89,-1,212.13,268.36,36.63,14.45,0.8840,-1,-1,-1
89,-1,655.02,253.66,26.99,35.95,0.8801,-1,-1,-1
89,-1,562.52,309.82,19.06,14.75,0.8381,-1,-1,-1
89,-1,887.27,298.15,33.54,19.11,0.5441,-1,-1,-1
89,-1,960.20,297.96,38.93,19.48,0.3428,-1,-1,-1
90,-1,766.25,312.36,97.87,84.33,0.9532,-1,-1,-1
90,-1,705.30,23.79,101.41,145.89,0.9521,-1,-1,-1
90,-1,714.83,277.27,83.01,76.44,0.9458,-1,-1,-1
90,-1,936.99,208.97,46.35,37.65,0.9196,-1,-1,-1
90,-1,609.13,354.25,43.17,26.90,0.9123,-1,-1,-1
90,-1,533.69,324.37,25.74,21.86,0.8962,-1,-1,-1
90,-1,686.83,37.52,57.94,78.96,0.8840,-1,-1,-1
90,-1,209.18,268.58,35.42,14.43,0.8777,-1,-1,-1
90,-1,652.29,253.49,27.56,35.57,0.8757,-1,-1,-1
90,-1,560.01,309.83,19.75,14.65,0.8553,-1,-1,-1
90,-1,880.66,297.77,38.80,19.12,0.6406,-1,-1,-1
91,-1,696.40,22.97,99.02,146.18,0.9593,-1,-1,-1
91,-1,757.14,312.19,96.20,83.96,0.9515,-1,-1,-1
91,-1,705.44,277.09,82.64,76.46,0.9431,-1,-1,-1
91,-1,927.89,208.84,46.65,37.29,0.9127,-1,-1,-1
91,-1,606.85,354.18,43.21,26.79,0.9078,-1,-1,-1
91,-1,530.96,324.49,26.18,21.64,0.9066,-1,-1,-1
91,-1,650.18,253.21,26.92,35.35,0.8806,-1,-1,-1
91,-1,206.88,268.67,34.68,14.29,0.8724,-1,-1,-1
91,-1,678.74,37.20,56.95,79.15,0.8720,-1,-1,-1
91,-1,557.52,309.76,19.77,14.66,0.8480,-1,-1,-1
91,-1,878.82,297.39,37.61,19.24,0.7785,-1,-1,-1
92,-1,687.02,22.94,98.50,146.26,0.9526,-1,-1,-1
92,-1,749.54,311.62,92.99,84.15,0.9510,-1,-1,-1
92,-1,695.71,276.73,83.18,76.52,0.9443,-1,-1,-1
92,-1,918.42,208.57,47.73,36.75,0.9283,-1,-1,-1
92,-1,604.44,354.04,43.52,26.74,0.9115,-1,-1,-1
92,-1,528.70,324.17,25.96,21.88,0.9029,-1,-1,-1
92,-1,204.43,268.99,35.52,14.35,0.8829,-1,-1,-1
92,-1,647.89,253.65,26.24,35.37,0.8786,-1,-1,-1
92,-1,554.93,309.67,19.55,14.67,0.8623,-1,-1,-1
92,-1,670.46,36.92,55.45,78.76,0.8162,-1,-1,-1
92,-1,875.77,297.57,39.20,19.02,0.6357,-1,-1,-1
92,-1,688.27,292.16,21.97,14.81,0.3078,-1,-1,-1
93,-1,677.81,22.44,96.68,146.12,0.9567,-1,-1,-1
93,-1,739.62,311.57,92.58,83.83,0.9489,-1,-1,-1
93,-1,686.53,276.61,83.45,76.18,0.9425,-1,-1,-1
93,-1,910.16,208.04,46.70,36.95,0.9177,-1,-1,-1
93,-1,602.01,353.88,43.25,26.69,0.9148,-1,-1,-1
93,-1,526.05,324.12,26.05,21.97,0.8943,-1,-1,-1
93,-1,644.62,252.65,27.53,35.90,0.8790,-1,-1,-1
93,-1,201.90,269.33,35.05,14.22,0.8757,-1,-1,-1
93,-1,552.29,309.74,19.55,14.56,0.8627,-1,-1,-1
93,-1,662.15,36.69,53.47,78.80,0.7294,-1,-1,-1
93,-1,874.09,297.14,37.43,19.17,0.6338,-1,-1,-1
94,-1,669.11,21.18,95.07,146.96,0.9527,-1,-1,-1
94,-1,730.71,311.20,90.79,83.88,0.9510,-1,-1,-1
94,-1,676.59,276.06,83.82,76.22,0.9454,-1,-1,-1
94,-1,901.50,207.89,47.02,36.64,0.9188,-1,-1,-1
94,-1,599.20,353.76,43.62,26.66,0.9076,-1,-1,-1
94,-1,523.40,324.11,26.23,21.95,0.9075,-1,-1,-1
94,-1,642.63,252.46,26.50,35.65,0.8813,-1,-1,-1
94,-1,199.38,269.68,34.17,14.16,0.8748,-1,-1,-1
94,-1,549.80,309.50,19.93,14.71,0.8496,-1,-1,-1
94,-1,653.48,34.71,52.28,80.52,0.6678,-1,-1,-1
94,-1,871.17,296.99,39.60,18.61,0.6387,-1,-1,-1
95,-1,722.02,310.66,88.53,84.13,0.9528,-1,-1,-1
95,-1,667.17,275.61,84.44,76.41,0.9515,-1,-1,-1
95,-1,659.34,20.77,93.70,146.76,0.9452,-1,-1,-1
95,-1,892.29,207.04,47.23,37.34,0.9217,-1,-1,-1
95,-1,597.01,353.55,43.40,26.74,0.9057,-1,-1,-1
95,-1,521.21,324.06,25.85,21.81,0.9050,-1,-1,-1
95,-1,196.92,269.89,34.14,14.25,0.8909,-1,-1,-1
95,-1,547.05,309.44,19.97,14.84,0.8747,-1,-1,-1
95,-1,639.80,252.68,26.18,35.44,0.8721,-1,-1,-1
95,-1,868.72,296.36,39.30,19.04,0.7415,-1,-1,-1
95,-1,644.13,35.11,51.11,80.20,0.5416,-1,-1,-1
96,-1,649.39,21.32,92.74,146.03,0.9533,-1,-1,-1
96,-1,712.00,310.43,87.84,84.13,0.9489,-1,-1,-1
96,-1,657.44,275.62,84.84,76.17,0.9463,-1,-1,-1
96,-1,884.24,205.95,46.28,37.74,0.9169,-1,-1,-1
96,-1,594.70,353.54,43.32,26.73,0.9044,-1,-1,-1
96,-1,518.39,324.01,26.32,21.89,0.8993,-1,-1,-1
96,-1,637.22,252.26,26.82,35.96,0.8812,-1,-1,-1
96,-1,194.11,270.41,34.91,14.09,0.8621,-1,-1,-1
96,-1,544.68,309.72,19.40,14.33,0.8576,-1,-1,-1
96,-1,867.99,295.87,37.18,18.53,0.5110,-1,-1,-1
96,-1,636.74,31.52,49.68,82.99,0.4484,-1,-1,-1
96,-1,866.99,296.29,38.19,18.36,0.3888,-1,-1,-1
97,-1,703.03,310.01,86.27,84.09,0.9510,-1,-1,-1
97,-1,639.85,20.51,92.20,147.25,0.9464,-1,-1,-1
97,-1,647.88,275.36,85.22,76.13,0.9451,-1,-1,-1
97,-1,875.30,205.79,46.01,37.16,0.9203,-1,-1,-1
97,-1,591.51,353.43,44.37,26.55,0.9063,-1,-1,-1
97,-1,515.76,324.14,26.57,21.76,0.9038,-1,-1,-1
97,-1,633.66,252.26,27.24,35.99,0.8788,-1,-1,-1
97,-1,542.06,309.29,20.08,14.78,0.8639,-1,-1,-1
97,-1,191.67,270.72,35.26,14.20,0.8493,-1,-1,-1
98,-1,692.84,309.75,85.84,84.34,0.9533,-1,-1,-1
98,-1,630.29,20.78,90.60,146.05,0.9469,-1,-1,-1
98,-1,638.65,275.05,84.77,76.17,0.9442,-1,-1,-1
98,-1,866.09,205.74,46.71,36.58,0.9209,-1,-1,-1
98,-1,513.42,324.07,26.25,21.62,0.9058,-1,-1,-1
98,-1,589.82,353.20,43.37,26.64,0.9033,-1,-1,-1
98,-1,632.10,252.39,26.20,35.55,0.8868,-1,-1,-1
98,-1,539.29,309.31,19.94,14.83,0.8794,-1,-1,-1
98,-1,188.76,271.16,35.39,14.10,0.8651,-1,-1,-1
98,-1,861.98,295.79,32.26,18.54,0.5390,-1,-1,-1
98,-1,620.56,27.35,44.16,84.80,0.3195,-1,-1,-1
99,-1,683.47,309.79,84.67,84.22,0.9502,-1,-1,-1
99,-1,629.28,274.88,84.82,76.42,0.9441,-1,-1,-1
99,-1,621.03,20.31,89.29,147.39,0.9377,-1,-1,-1
99,-1,857.45,205.27,47.01,36.79,0.9190,-1,-1,-1
99,-1,587.12,353.16,43.99,26.61,0.9067,-1,-1,-1
99,-1,510.55,323.99,26.83,21.78,0.9001,-1,-1,-1
99,-1,629.51,251.93,26.61,35.73,0.8859,-1,-1,-1
99,-1,536.83,309.36,19.83,14.56,0.8586,-1,-1,-1
99,-1,186.09,271.30,35.99,14.27,0.8585,-1,-1,-1
99,-1,860.32,294.70,37.25,18.98,0.6770,-1,-1,-1
100,-1,674.55,309.66,83.31,83.94,0.9511,-1,-1,-1
100,-1,619.57,274.44,84.83,76.65,0.9452,-1,-1,-1
100,-1,605.82,21.17,94.41,145.77,0.9447,-1,-1,-1
100,-1,849.25,205.13,46.21,36.54,0.9197,-1,-1,-1
100,-1,584.62,353.24,43.67,26.24,0.9067,-1,-1,-1
100,-1,508.15,323.95,26.54,21.92,0.9050,-1,-1,-1
100,-1,626.84,251.88,26.42,35.50,0.8730,-1,-1,-1
100,-1,534.49,309.39,20.21,14.34,0.8591,-1,-1,-1
100,-1,183.94,271.63,35.58,14.08,0.8570,-1,-1,-1
100,-1,858.22,294.64,36.05,18.60,0.3857,-1,-1,-1
101,-1,664.79,309.59,82.13,83.78,0.9526,-1,-1,-1
101,-1,609.90,274.49,85.86,76.40,0.9457,-1,-1,-1
101,-1,601.38,20.46,88.03,147.24,0.9388,-1,-1,-1
101,-1,839.55,204.77,47.42,36.93,0.9186,-1,-1,-1
101,-1,505.68,324.21,26.76,21.49,0.9052,-1,-1,-1
101,-1,582.71,353.10,43.37,26.50,0.9046,-1,-1,-1
101,-1,531.53,309.30,20.18,14.63,0.8722,-1,-1,-1
101,-1,624.03,251.54,26.95,35.78,0.8695,-1,-1,-1
101,-1,181.47,271.98,35.57,14.10,0.8501,-1,-1,-1
101,-1,855.95,295.27,36.50,17.68,0.4640,-1,-1,-1
102,-1,655.61,309.50,80.85,83.82,0.9470,-1,-1,-1
102,-1,600.36,274.99,86.27,76.00,0.9469,-1,-1,-1
102,-1,589.13,20.79,90.01,147.42,0.9398,-1,-1,-1
102,-1,831.93,204.68,46.63,37.03,0.9223,-1,-1,-1
102,-1,503.07,324.05,27.36,21.83,0.9059,-1,-1,-1
102,-1,579.78,352.99,44.18,26.67,0.9048,-1,-1,-1
102,-1,178.94,272.08,36.43,14.07,0.8677,-1,-1,-1
102,-1,529.50,309.41,19.75,14.58,0.8576,-1,-1,-1
102,-1,622.08,250.01,26.13,35.15,0.8257,-1,-1,-1
102,-1,854.79,293.72,36.67,19.23,0.6242,-1,-1,-1
102,-1,1009.11,282.07,14.89,14.61,0.2551,-1,-1,-1
103,-1,646.32,309.59,79.98,83.76,0.9517,-1,-1,-1
103,-1,579.25,20.44,89.88,146.66,0.9479,-1,-1,-1
103,-1,591.03,275.08,86.82,76.05,0.9426,-1,-1,-1
103,-1,823.51,204.84,46.53,36.70,0.9229,-1,-1,-1
103,-1,577.45,353.11,43.97,26.45,0.9044,-1,-1,-1
103,-1,500.70,324.04,26.90,21.88,0.9005,-1,-1,-1
103,-1,526.90,309.25,20.07,14.56,0.8615,-1,-1,-1
103,-1,176.59,271.94,35.83,13.81,0.8578,-1,-1,-1
103,-1,859.16,293.66,29.42,18.16,0.2783,-1,-1,-1
103,-1,619.02,251.50,24.83,31.36,0.2755,-1,-1,-1
104,-1,635.96,309.58,79.83,84.09,0.9510,-1,-1,-1
104,-1,571.45,20.36,87.75,146.49,0.9477,-1,-1,-1
104,-1,581.99,275.02,86.62,76.28,0.9403,-1,-1,-1
104,-1,815.04,205.45,46.39,36.01,0.9217,-1,-1,-1
104,-1,575.07,353.16,44.20,26.56,0.9063,-1,-1,-1
104,-1,498.20,324.15,27.05,21.57,0.8981,-1,-1,-1
104,-1,524.46,309.62,19.90,14.29,0.8671,-1,-1,-1
104,-1,174.01,271.93,36.23,14.07,0.8555,-1,-1,-1
104,-1,1004.86,282.00,19.14,15.15,0.4625,-1,-1,-1
105,-1,626.32,309.68,80.62,83.84,0.9488,-1,-1,-1
105,-1,564.04,20.44,84.92,146.38,0.9468,-1,-1,-1
105,-1,572.08,274.95,87.98,76.49,0.9444,-1,-1,-1
105,-1,806.47,205.00,46.73,36.82,0.9201,-1,-1,-1
105,-1,496.01,324.12,26.90,21.81,0.9057,-1,-1,-1
105,-1,572.65,353.42,43.95,26.29,0.9057,-1,-1,-1
105,-1,522.23,309.42,19.53,14.64,0.8683,-1,-1,-1
105,-1,171.49,272.04,36.87,14.08,0.8657,-1,-1,-1
105,-1,854.54,293.61,30.21,19.00,0.4923,-1,-1,-1
105,-1,1002.71,282.49,21.29,14.69,0.3251,-1,-1,-1
106,-1,617.07,309.63,79.62,83.91,0.9498,-1,-1,-1
106,-1,555.62,21.00,83.43,145.83,0.9480,-1,-1,-1
106,-1,563.46,275.19,87.36,76.39,0.9411,-1,-1,-1
106,-1,798.23,205.40,46.89,36.57,0.9214,-1,-1,-1
106,-1,570.72,353.68,43.90,26.19,0.9024,-1,-1,-1
106,-1,493.56,324.12,27.30,22.00,0.8984,-1,-1,-1
106,-1,519.43,309.29,20.32,14.58,0.8763,-1,-1,-1
106,-1,169.44,271.68,36.67,14.25,0.8638,-1,-1,-1
106,-1,845.50,294.67,36.23,18.94,0.5652,-1,-1,-1
106,-1,1000.79,283.75,23.21,13.85,0.4294,-1,-1,-1
107,-1,547.39,21.52,82.25,145.52,0.9525,-1,-1,-1
107,-1,608.08,310.22,78.96,83.54,0.9475,-1,-1,-1
107,-1,554.09,275.15,88.08,76.56,0.9422,-1,-1,-1
107,-1,790.44,205.74,46.65,37.25,0.9195,-1,-1,-1
107,-1,567.95,353.27,44.43,26.65,0.9075,-1,-1,-1
107,-1,491.08,324.13,27.35,21.84,0.9042,-1,-1,-1
107,-1,517.32,309.40,20.22,14.57,0.8722,-1,-1,-1
107,-1,167.61,271.34,36.04,14.15,0.8517,-1,-1,-1
107,-1,842.71,294.65,38.21,18.83,0.6386,-1,-1,-1
108,-1,539.06,21.80,80.75,145.80,0.9510,-1,-1,-1
108,-1,598.34,310.28,78.86,83.34,0.9496,-1,-1,-1
108,-1,544.63,275.61,89.14,76.15,0.9420,-1,-1,-1
108,-1,782.01,205.87,46.35,36.84,0.9262,-1,-1,-1
108,-1,488.89,324.25,27.12,21.64,0.9103,-1,-1,-1
108,-1,566.37,352.65,38.55,27.47,0.9004,-1,-1,-1
108,-1,164.92,271.08,36.46,14.27,0.8718,-1,-1,-1
108,-1,514.65,309.43,20.27,14.69,0.8590,-1,-1,-1
108,-1,841.68,295.11,37.31,18.52,0.5203,-1,-1,-1
109,-1,530.01,21.89,80.79,145.14,0.9506,-1,-1,-1
109,-1,589.07,310.47,78.18,83.53,0.9502,-1,-1,-1
109,-1,535.65,275.63,89.18,75.86,0.9449,-1,-1,-1
109,-1,773.90,206.09,46.34,37.00,0.9261,-1,-1,-1
109,-1,486.43,324.06,27.66,21.87,0.9056,-1,-1,-1
109,-1,162.90,270.80,36.36,14.17,0.8762,-1,-1,-1
109,-1,563.90,351.54,34.11,28.72,0.8644,-1,-1,-1
109,-1,512.04,309.67,19.68,14.46,0.8279,-1,-1,-1
109,-1,838.92,295.00,38.46,19.38,0.7453,-1,-1,-1
110,-1,521.98,22.11,79.22,144.92,0.9503,-1,-1,-1
110,-1,579.40,310.63,79.00,83.30,0.9486,-1,-1,-1
110,-1,526.70,275.60,89.67,76.24,0.9455,-1,-1,-1
110,-1,765.73,206.67,46.55,36.91,0.9243,-1,-1,-1
110,-1,484.09,324.23,27.33,21.74,0.9037,-1,-1,-1
110,-1,160.91,270.46,36.04,14.14,0.8624,-1,-1,-1
110,-1,836.78,295.97,38.46,18.75,0.7742,-1,-1,-1
110,-1,510.00,309.59,18.62,14.16,0.7258,-1,-1,-1
110,-1,561.89,352.57,22.81,24.14,0.7030,-1,-1,-1
111,-1,512.80,22.04,78.67,145.81,0.9512,-1,-1,-1
111,-1,569.99,310.73,78.60,83.27,0.9501,-1,-1,-1
111,-1,517.54,276.02,90.73,75.24,0.9449,-1,-1,-1
111,-1,757.68,206.64,46.73,37.10,0.9239,-1,-1,-1
111,-1,481.69,324.22,27.76,21.81,0.9003,-1,-1,-1
111,-1,157.89,270.03,36.84,14.33,0.8670,-1,-1,-1
111,-1,835.41,297.21,37.71,17.95,0.5711,-1,-1,-1
111,-1,506.83,309.47,16.19,14.60,0.3133,-1,-1,-1
112,-1,504.33,22.07,77.57,146.25,0.9514,-1,-1,-1
112,-1,559.55,310.99,80.15,83.47,0.9483,-1,-1,-1
112,-1,507.88,275.87,91.53,76.03,0.9479,-1,-1,-1
112,-1,749.68,207.34,46.39,36.96,0.9224,-1,-1,-1
112,-1,479.43,324.21,27.61,21.88,0.9074,-1,-1,-1
112,-1,156.19,269.68,36.40,14.32,0.8929,-1,-1,-1
112,-1,833.40,296.90,38.07,18.61,0.7772,-1,-1,-1
113,-1,550.96,311.13,79.20,83.40,0.9512,-1,-1,-1
113,-1,495.49,22.30,76.84,145.73,0.9494,-1,-1,-1
113,-1,499.35,275.88,91.69,75.85,0.9434,-1,-1,-1
113,-1,741.14,207.64,47.33,36.91,0.9225,-1,-1,-1
113,-1,477.13,324.09,25.69,21.86,0.8996,-1,-1,-1
113,-1,154.05,269.28,36.41,14.32,0.8814,-1,-1,-1
113,-1,831.13,296.83,38.08,19.35,0.8241,-1,-1,-1
114,-1,486.65,21.48,76.52,146.73,0.9543,-1,-1,-1
114,-1,489.94,275.95,92.50,76.15,0.9491,-1,-1,-1
114,-1,541.41,311.30,79.65,83.34,0.9450,-1,-1,-1
114,-1,732.44,207.86,47.97,37.23,0.9248,-1,-1,-1
114,-1,152.30,268.92,36.32,14.13,0.8731,-1,-1,-1
114,-1,474.46,324.20,22.16,21.32,0.7827,-1,-1,-1
114,-1,829.18,297.47,38.20,19.06,0.7607,-1,-1,-1
115,-1,477.54,22.27,75.73,146.01,0.9521,-1,-1,-1
115,-1,531.48,311.27,79.70,83.34,0.9490,-1,-1,-1
115,-1,480.32,276.01,94.11,75.94,0.9410,-1,-1,-1
115,-1,723.14,208.17,48.34,37.06,0.9234,-1,-1,-1
115,-1,149.33,268.48,37.09,14.45,0.8727,-1,-1,-1
115,-1,827.16,297.71,38.46,18.97,0.5885,-1,-1,-1
115,-1,472.56,326.51,18.63,19.45,0.3659,-1,-1,-1
116,-1,468.37,22.77,75.63,145.21,0.9544,-1,-1,-1
116,-1,521.82,310.84,80.49,83.63,0.9542,-1,-1,-1
116,-1,471.42,276.08,94.62,75.68,0.9484,-1,-1,-1
116,-1,714.07,208.39,49.59,36.89,0.9247,-1,-1,-1
116,-1,147.07,268.23,36.99,14.40,0.8821,-1,-1,-1
116,-1,825.30,297.41,38.47,19.31,0.8165,-1,-1,-1
117,-1,511.98,311.10,80.60,83.57,0.9484,-1,-1,-1
117,-1,458.95,21.66,75.41,146.08,0.9475,-1,-1,-1
117,-1,462.39,276.22,95.23,76.23,0.9457,-1,-1,-1
117,-1,705.73,208.53,49.60,36.99,0.9232,-1,-1,-1
117,-1,145.26,268.18,36.34,14.45,0.8797,-1,-1,-1
117,-1,823.96,297.58,37.30,19.20,0.4850,-1,-1,-1
117,-1,824.27,297.75,37.04,19.07,0.4293,-1,-1,-1
118,-1,502.43,311.42,80.65,82.83,0.9539,-1,-1,-1
118,-1,449.62,21.86,74.95,145.94,0.9502,-1,-1,-1
118,-1,452.74,276.21,96.17,75.72,0.9496,-1,-1,-1
118,-1,697.86,208.48,49.25,37.16,0.9229,-1,-1,-1
118,-1,142.14,268.06,37.90,14.27,0.8860,-1,-1,-1
118,-1,821.24,297.51,38.52,19.20,0.8365,-1,-1,-1
119,-1,443.12,275.71,97.19,76.02,0.9502,-1,-1,-1
119,-1,492.57,311.70,81.15,82.85,0.9500,-1,-1,-1
119,-1,440.85,22.04,73.46,145.90,0.9492,-1,-1,-1
119,-1,689.17,208.29,49.66,37.34,0.9240,-1,-1,-1
119,-1,139.96,268.04,37.89,14.32,0.8896,-1,-1,-1
119,-1,819.00,297.75,37.96,19.16,0.8390,-1,-1,-1
120,-1,480.93,311.18,83.05,83.17,0.9529,-1,-1,-1
120,-1,430.25,21.99,73.81,145.36,0.9479,-1,-1,-1
120,-1,433.29,275.77,98.62,76.06,0.9457,-1,-1,-1
120,-1,680.47,208.05,50.09,37.52,0.9206,-1,-1,-1
120,-1,137.66,268.11,37.58,14.44,0.8832,-1,-1,-1
120,-1,816.71,297.30,38.05,19.36,0.8130,-1,-1,-1
121,-1,472.34,310.97,82.00,83.33,0.9566,-1,-1,-1
121,-1,421.32,22.07,72.99,145.27,0.9511,-1,-1,-1
121,-1,423.56,275.45,99.25,76.76,0.9508,-1,-1,-1
121,-1,671.73,208.05,50.08,37.14,0.9202,-1,-1,-1
121,-1,135.50,268.22,37.39,14.30,0.8831,-1,-1,-1
121,-1,814.83,297.43,37.42,19.27,0.5057,-1,-1,-1
122,-1,413.58,275.17,101.12,76.62,0.9510,-1,-1,-1
122,-1,461.57,311.14,83.05,83.16,0.9503,-1,-1,-1
122,-1,411.54,22.08,71.99,145.00,0.9458,-1,-1,-1
122,-1,663.00,207.75,50.52,37.25,0.9227,-1,-1,-1
122,-1,132.74,268.46,37.46,14.31,0.8676,-1,-1,-1
122,-1,812.34,297.51,38.09,18.88,0.8047,-1,-1,-1
123,-1,451.68,311.20,83.51,83.13,0.9546,-1,-1,-1
123,-1,403.63,275.26,101.91,76.71,0.9502,-1,-1,-1
123,-1,401.71,21.46,71.19,145.72,0.9487,-1,-1,-1
123,-1,653.60,206.25,51.30,38.52,0.9295,-1,-1,-1
123,-1,130.10,268.89,38.27,14.54,0.8810,-1,-1,-1
123,-1,810.15,297.01,37.96,18.99,0.8226,-1,-1,-1
124,-1,440.55,311.20,85.37,82.91,0.9509,-1,-1,-1
124,-1,393.48,275.24,103.04,76.68,0.9499,-1,-1,-1
124,-1,392.20,21.41,70.75,145.43,0.9408,-1,-1,-1
124,-1,644.26,205.77,52.21,38.66,0.9212,-1,-1,-1
124,-1,128.28,269.33,36.76,14.33,0.8748,-1,-1,-1
124,-1,807.33,296.98,38.47,18.94,0.5002,-1,-1,-1
125,-1,383.82,275.46,103.21,76.62,0.9467,-1,-1,-1
125,-1,381.64,21.56,70.82,145.58,0.9457,-1,-1,-1
125,-1,429.80,311.19,86.42,82.97,0.9429,-1,-1,-1
125,-1,635.17,206.10,52.20,38.15,0.9203,-1,-1,-1
125,-1,124.84,269.71,38.23,14.34,0.8760,-1,-1,-1
125,-1,549.94,354.66,19.92,25.84,0.8104,-1,-1,-1
125,-1,806.02,296.78,37.44,18.87,0.7600,-1,-1,-1
126,-1,372.11,21.55,69.60,145.41,0.9491,-1,-1,-1
126,-1,373.47,275.50,105.16,76.70,0.9489,-1,-1,-1
126,-1,625.63,207.07,53.25,36.95,0.9193,-1,-1,-1
126,-1,541.94,353.71,26.31,26.72,0.8906,-1,-1,-1
126,-1,419.51,311.10,87.43,82.96,0.8862,-1,-1,-1
126,-1,122.29,270.10,37.76,14.38,0.8768,-1,-1,-1
126,-1,419.85,311.22,86.91,83.05,0.6890,-1,-1,-1
127,-1,409.63,311.00,88.36,83.07,0.9515,-1,-1,-1
127,-1,362.88,275.28,107.16,76.98,0.9489,-1,-1,-1
127,-1,362.62,21.52,68.42,145.54,0.9437,-1,-1,-1
127,-1,616.18,206.68,54.18,37.01,0.9204,-1,-1,-1
127,-1,533.97,353.22,31.77,26.91,0.8990,-1,-1,-1
127,-1,119.97,270.55,38.41,14.53,0.8650,-1,-1,-1
127,-1,802.51,295.81,35.39,18.52,0.4899,-1,-1,-1
128,-1,352.13,21.62,68.78,146.07,0.9504,-1,-1,-1
128,-1,352.98,275.22,107.77,77.36,0.9477,-1,-1,-1
128,-1,398.77,311.34,89.52,82.97,0.9218,-1,-1,-1
128,-1,607.21,206.46,54.63,37.07,0.9201,-1,-1,-1
128,-1,526.15,352.68,37.18,27.63,0.8968,-1,-1,-1
128,-1,116.93,270.98,38.14,14.51,0.8669,-1,-1,-1
128,-1,800.29,295.14,35.05,19.24,0.5768,-1,-1,-1
129,-1,388.46,311.26,90.59,82.98,0.9535,-1,-1,-1
129,-1,342.97,275.20,109.26,77.41,0.9493,-1,-1,-1
129,-1,342.81,21.46,67.83,146.59,0.9477,-1,-1,-1
129,-1,598.92,206.59,54.65,36.73,0.9214,-1,-1,-1
129,-1,517.41,353.66,43.50,26.57,0.9042,-1,-1,-1
129,-1,114.84,271.31,37.94,14.43,0.8721,-1,-1,-1
129,-1,555.02,251.80,25.53,35.75,0.7929,-1,-1,-1
129,-1,796.84,294.67,36.54,19.25,0.5807,-1,-1,-1
130,-1,332.46,275.87,111.56,76.75,0.9493,-1,-1,-1
130,-1,332.63,21.95,68.24,146.32,0.9488,-1,-1,-1
130,-1,377.73,311.33,92.22,83.17,0.9406,-1,-1,-1
130,-1,589.74,206.44,54.78,36.79,0.9233,-1,-1,-1
130,-1,512.79,353.27,45.31,26.97,0.9017,-1,-1,-1
130,-1,552.07,250.72,25.93,37.79,0.8874,-1,-1,-1
130,-1,112.68,271.78,38.03,14.43,0.8484,-1,-1,-1
130,-1,794.71,294.27,36.44,19.19,0.8094,-1,-1,-1
131,-1,367.40,311.24,93.11,83.32,0.9514,-1,-1,-1
131,-1,322.21,22.03,68.51,145.86,0.9507,-1,-1,-1
131,-1,322.56,276.34,112.46,76.46,0.9506,-1,-1,-1
131,-1,581.01,206.32,54.89,36.91,0.9263,-1,-1,-1
131,-1,511.23,353.45,44.87,27.10,0.9035,-1,-1,-1
131,-1,550.37,253.14,25.16,35.17,0.8748,-1,-1,-1
131,-1,109.40,272.06,38.24,13.94,0.8562,-1,-1,-1
131,-1,792.69,294.08,36.29,19.54,0.6687,-1,-1,-1
132,-1,356.34,311.21,94.78,83.29,0.9541,-1,-1,-1
132,-1,312.58,276.63,113.56,76.04,0.9509,-1,-1,-1
132,-1,312.25,22.01,68.58,146.31,0.9462,-1,-1,-1
132,-1,571.91,206.39,55.73,36.76,0.9250,-1,-1,-1
132,-1,508.49,353.46,45.47,27.09,0.9013,-1,-1,-1
132,-1,548.13,253.44,24.64,34.70,0.8786,-1,-1,-1
132,-1,107.16,272.26,37.78,14.15,0.8637,-1,-1,-1
132,-1,790.35,293.68,36.48,19.57,0.7567,-1,-1,-1
133,-1,346.33,311.18,95.29,83.52,0.9590,-1,-1,-1
133,-1,301.98,22.27,69.41,145.81,0.9520,-1,-1,-1
133,-1,302.87,276.26,114.49,76.37,0.9498,-1,-1,-1
133,-1,563.65,206.57,55.64,36.60,0.9217,-1,-1,-1
133,-1,506.73,353.41,44.77,27.37,0.9033,-1,-1,-1
133,-1,544.97,253.17,25.38,34.64,0.8661,-1,-1,-1
133,-1,104.93,272.46,38.17,14.11,0.8649,-1,-1,-1
133,-1,789.03,294.07,34.99,18.97,0.4739,-1,-1,-1
134,-1,336.53,311.18,96.24,83.71,0.9564,-1,-1,-1
134,-1,292.70,276.54,116.22,75.93,0.9506,-1,-1,-1
134,-1,292.60,22.09,68.58,145.86,0.9475,-1,-1,-1
134,-1,554.18,206.74,56.74,36.56,0.9170,-1,-1,-1
134,-1,504.11,353.35,44.76,27.33,0.9100,-1,-1,-1
134,-1,543.58,253.35,24.15,34.32,0.8729,-1,-1,-1
134,-1,101.84,272.39,38.98,14.17,0.8653,-1,-1,-1
134,-1,786.22,294.08,35.95,19.09,0.8132,-1,-1,-1
135,-1,325.02,311.10,98.69,83.82,0.9564,-1,-1,-1
135,-1,283.01,276.41,117.19,76.13,0.9468,-1,-1,-1
135,-1,282.30,22.32,68.69,145.85,0.9454,-1,-1,-1
135,-1,545.90,206.71,56.86,36.54,0.9213,-1,-1,-1
135,-1,501.59,353.44,45.49,27.05,0.9078,-1,-1,-1
135,-1,541.05,253.07,24.38,35.39,0.8758,-1,-1,-1
135,-1,99.96,272.35,38.32,14.14,0.8580,-1,-1,-1
135,-1,784.11,294.14,35.89,19.23,0.5937,-1,-1,-1
135,-1,159.51,299.84,16.27,12.96,0.2762,-1,-1,-1
136,-1,314.92,310.86,99.55,84.12,0.9572,-1,-1,-1
136,-1,273.15,276.27,119.30,76.15,0.9505,-1,-1,-1
136,-1,272.65,22.08,68.86,146.10,0.9491,-1,-1,-1
136,-1,537.57,206.75,57.37,36.57,0.9200,-1,-1,-1
136,-1,499.31,353.47,45.32,26.84,0.9070,-1,-1,-1
136,-1,538.97,253.74,24.07,34.20,0.8685,-1,-1,-1
136,-1,97.55,272.39,38.48,14.04,0.8677,-1,-1,-1
136,-1,782.60,293.74,35.54,19.41,0.7383,-1,-1,-1
136,-1,157.41,299.85,16.03,12.86,0.2689,-1,-1,-1
137,-1,305.02,311.07,100.52,83.97,0.9576,-1,-1,-1
137,-1,263.54,276.29,120.51,75.86,0.9449,-1,-1,-1
137,-1,263.12,21.94,69.50,146.15,0.9429,-1,-1,-1
137,-1,528.77,206.96,57.22,36.17,0.9199,-1,-1,-1
137,-1,496.90,353.44,45.36,26.73,0.9124,-1,-1,-1
137,-1,536.76,253.10,24.00,34.91,0.8691,-1,-1,-1
137,-1,95.61,272.08,38.22,14.01,0.8499,-1,-1,-1
137,-1,780.46,294.14,35.09,19.21,0.5049,-1,-1,-1
138,-1,294.03,311.09,102.66,83.99,0.9571,-1,-1,-1
138,-1,253.86,276.08,122.31,76.54,0.9495,-1,-1,-1
138,-1,253.71,22.38,68.25,145.56,0.9483,-1,-1,-1
138,-1,520.59,207.00,58.27,36.53,0.9219,-1,-1,-1
138,-1,494.83,353.60,45.26,26.53,0.9060,-1,-1,-1
138,-1,533.93,253.58,24.07,36.08,0.8798,-1,-1,-1
138,-1,92.87,271.85,38.84,13.93,0.8477,-1,-1,-1
138,-1,778.11,294.40,35.74,19.41,0.7025,-1,-1,-1
139,-1,283.74,310.98,103.91,84.06,0.9597,-1,-1,-1
139,-1,244.17,22.47,68.12,145.43,0.9476,-1,-1,-1
139,-1,244.19,275.86,122.61,76.07,0.9464,-1,-1,-1
139,-1,512.00,206.88,59.12,36.78,0.9214,-1,-1,-1
139,-1,492.47,353.71,45.74,26.46,0.9054,-1,-1,-1
139,-1,532.37,253.48,23.47,35.47,0.8746,-1,-1,-1
139,-1,90.91,271.36,38.64,14.44,0.8589,-1,-1,-1
140,-1,234.46,275.70,125.19,76.16,0.9608,-1,-1,-1
140,-1,273.58,310.88,105.48,84.12,0.9580,-1,-1,-1
140,-1,234.50,22.13,68.20,145.14,0.9478,-1,-1,-1
140,-1,503.78,206.95,59.16,36.67,0.9182,-1,-1,-1
140,-1,490.63,353.51,44.85,26.69,0.9050,-1,-1,-1
140,-1,529.31,253.36,24.34,36.37,0.8620,-1,-1,-1
140,-1,89.01,271.02,38.74,14.36,0.8584,-1,-1,-1
140,-1,775.01,295.47,34.51,18.83,0.6127,-1,-1,-1
140,-1,441.15,309.74,16.70,14.48,0.5056,-1,-1,-1
141,-1,263.92,310.71,106.45,84.11,0.9591,-1,-1,-1
141,-1,224.93,21.66,68.94,145.82,0.9492,-1,-1,-1
141,-1,224.91,275.20,125.67,76.58,0.9452,-1,-1,-1
141,-1,495.53,207.03,60.29,36.65,0.9222,-1,-1,-1
141,-1,487.62,353.58,45.62,26.79,0.9121,-1,-1,-1
141,-1,527.62,253.35,23.28,35.68,0.8749,-1,-1,-1
141,-1,86.35,270.56,39.17,14.32,0.8605,-1,-1,-1
141,-1,434.02,309.97,21.70,14.31,0.8545,-1,-1,-1
141,-1,772.47,296.17,34.63,18.50,0.3495,-1,-1,-1
142,-1,251.42,310.64,110.94,84.10,0.9588,-1,-1,-1
142,-1,215.41,21.28,69.23,146.10,0.9469,-1,-1,-1
142,-1,215.56,275.65,127.77,75.18,0.9450,-1,-1,-1
142,-1,486.65,206.94,60.97,36.83,0.9233,-1,-1,-1
142,-1,485.43,353.55,45.62,26.71,0.9041,-1,-1,-1
142,-1,83.91,270.09,38.85,14.37,0.8713,-1,-1,-1
142,-1,525.00,253.89,23.81,35.88,0.8706,-1,-1,-1
142,-1,431.60,309.74,21.54,14.07,0.8634,-1,-1,-1
142,-1,419.81,324.62,16.69,20.60,0.7867,-1,-1,-1
142,-1,770.36,296.38,34.90,18.83,0.6809,-1,-1,-1
143,-1,243.20,310.33,110.89,84.15,0.9576,-1,-1,-1
143,-1,205.75,275.26,128.43,75.38,0.9465,-1,-1,-1
143,-1,205.97,20.59,69.33,146.40,0.9448,-1,-1,-1
143,-1,478.19,207.46,61.41,36.12,0.9208,-1,-1,-1
143,-1,482.83,353.61,45.76,26.75,0.9043,-1,-1,-1
143,-1,412.83,323.97,21.52,21.84,0.8994,-1,-1,-1
143,-1,523.05,253.39,23.12,36.22,0.8694,-1,-1,-1
143,-1,81.92,269.65,38.95,14.55,0.8682,-1,-1,-1
143,-1,429.00,309.63,22.11,14.39,0.8615,-1,-1,-1
143,-1,768.13,296.71,34.96,18.88,0.7006,-1,-1,-1
144,-1,232.44,310.24,114.07,84.01,0.9589,-1,-1,-1
144,-1,196.40,21.06,69.76,145.22,0.9433,-1,-1,-1
144,-1,196.21,275.02,130.10,74.82,0.9405,-1,-1,-1
144,-1,470.36,207.13,61.64,36.80,0.9206,-1,-1,-1
144,-1,480.83,353.54,45.78,26.75,0.9115,-1,-1,-1
144,-1,405.44,324.23,26.70,21.42,0.8966,-1,-1,-1
144,-1,520.79,253.23,23.44,36.09,0.8809,-1,-1,-1
144,-1,80.43,269.19,38.40,14.42,0.8719,-1,-1,-1
144,-1,426.65,309.60,22.01,14.47,0.8689,-1,-1,-1
144,-1,139.36,297.18,16.41,12.67,0.3312,-1,-1,-1
144,-1,766.37,300.02,26.20,15.87,0.2672,-1,-1,-1
145,-1,221.71,309.62,117.06,84.33,0.9625,-1,-1,-1
145,-1,186.10,274.68,131.49,74.74,0.9503,-1,-1,-1
145,-1,186.70,21.62,70.35,144.58,0.9469,-1,-1,-1
145,-1,461.75,207.17,62.46,36.73,0.9199,-1,-1,-1
145,-1,478.83,353.63,45.59,26.75,0.9081,-1,-1,-1
145,-1,398.49,324.06,31.18,21.47,0.9035,-1,-1,-1
145,-1,77.10,268.69,40.05,14.53,0.8811,-1,-1,-1
145,-1,518.44,253.29,23.27,36.15,0.8761,-1,-1,-1
145,-1,424.43,309.49,22.07,14.17,0.8556,-1,-1,-1
145,-1,764.24,297.07,34.76,18.78,0.5575,-1,-1,-1
145,-1,900.34,286.95,33.09,14.94,0.4482,-1,-1,-1
146,-1,212.83,309.51,117.66,83.99,0.9582,-1,-1,-1
146,-1,177.43,274.77,132.61,73.91,0.9385,-1,-1,-1
146,-1,177.24,20.55,71.19,145.45,0.9335,-1,-1,-1
146,-1,453.48,207.08,62.76,36.69,0.9199,-1,-1,-1
146,-1,395.82,323.95,31.58,21.53,0.9090,-1,-1,-1
146,-1,476.62,353.66,45.59,26.69,0.9077,-1,-1,-1
146,-1,74.80,268.20,40.39,14.69,0.8789,-1,-1,-1
146,-1,516.10,253.46,23.42,35.51,0.8698,-1,-1,-1
146,-1,422.23,309.52,21.76,13.90,0.8608,-1,-1,-1
146,-1,134.94,296.15,16.64,12.88,0.2553,-1,-1,-1
147,-1,201.67,309.59,121.46,83.67,0.9608,-1,-1,-1
147,-1,167.38,274.53,133.50,74.15,0.9431,-1,-1,-1
147,-1,167.13,19.86,72.09,146.05,0.9268,-1,-1,-1
147,-1,444.66,207.11,63.73,36.68,0.9192,-1,-1,-1
147,-1,474.48,353.41,45.33,26.80,0.9105,-1,-1,-1
147,-1,393.43,323.85,31.79,21.63,0.9026,-1,-1,-1
147,-1,513.79,253.70,23.43,35.78,0.8828,-1,-1,-1
147,-1,73.29,268.04,39.63,14.30,0.8823,-1,-1,-1
147,-1,419.51,309.68,22.31,14.13,0.8775,-1,-1,-1
147,-1,132.57,295.93,16.61,12.85,0.3500,-1,-1,-1
147,-1,760.02,297.52,33.68,18.69,0.2572,-1,-1,-1
148,-1,191.60,309.43,123.08,83.70,0.9603,-1,-1,-1
148,-1,158.06,274.36,134.70,73.90,0.9432,-1,-1,-1
148,-1,436.88,206.76,63.76,36.97,0.9199,-1,-1,-1
148,-1,471.83,353.36,46.11,26.85,0.9118,-1,-1,-1
148,-1,391.03,323.85,31.93,21.60,0.9020,-1,-1,-1
148,-1,157.68,20.45,73.72,145.36,0.8989,-1,-1,-1
148,-1,511.51,253.11,22.83,35.44,0.8763,-1,-1,-1
148,-1,70.30,267.83,40.36,14.28,0.8758,-1,-1,-1
148,-1,416.95,309.41,22.66,14.25,0.8708,-1,-1,-1
148,-1,130.34,295.76,16.41,12.96,0.5400,-1,-1,-1
148,-1,758.63,297.71,34.15,18.54,0.2626,-1,-1,-1
149,-1,181.73,309.24,125.26,83.59,0.9606,-1,-1,-1
149,-1,147.73,274.20,136.52,73.26,0.9412,-1,-1,-1
149,-1,147.65,19.81,72.90,145.18,0.9327,-1,-1,-1
149,-1,428.21,206.98,65.06,36.71,0.9166,-1,-1,-1
149,-1,388.43,323.77,32.07,21.63,0.9081,-1,-1,-1
149,-1,469.52,353.47,45.58,26.76,0.9064,-1,-1,-1
149,-1,68.23,267.74,40.41,14.21,0.8712,-1,-1,-1
149,-1,509.79,253.37,22.46,35.56,0.8658,-1,-1,-1
149,-1,414.71,309.20,22.16,14.20,0.8650,-1,-1,-1
149,-1,127.99,295.72,16.32,12.80,0.4253,-1,-1,-1
150,-1,170.34,309.34,128.07,83.50,0.9635,-1,-1,-1
150,-1,137.92,273.91,139.22,73.05,0.9437,-1,-1,-1
150,-1,137.31,19.88,78.62,145.36,0.9234,-1,-1,-1
150,-1,420.02,207.06,62.20,36.35,0.9206,-1,-1,-1
150,-1,467.10,353.32,45.52,26.93,0.9082,-1,-1,-1
150,-1,386.07,323.78,32.16,21.61,0.8965,-1,-1,-1
150,-1,412.12,309.46,22.91,14.10,0.8815,-1,-1,-1
150,-1,506.64,252.96,23.02,36.39,0.8693,-1,-1,-1
150,-1,65.79,267.67,40.41,14.40,0.8685,-1,-1,-1
150,-1,125.58,295.74,16.72,12.80,0.5899,-1,-1,-1
150,-1,754.15,297.24,33.80,19.02,0.4143,-1,-1,-1
151,-1,159.85,309.26,130.50,83.62,0.9591,-1,-1,-1
151,-1,127.83,273.72,139.96,72.94,0.9384,-1,-1,-1
151,-1,126.89,19.82,77.38,145.72,0.9330,-1,-1,-1
151,-1,411.23,207.11,64.46,36.26,0.9230,-1,-1,-1
151,-1,464.57,353.31,45.98,26.93,0.9124,-1,-1,-1
151,-1,383.54,323.96,32.48,21.42,0.9026,-1,-1,-1
151,-1,504.42,253.58,22.69,35.42,0.8827,-1,-1,-1
151,-1,63.52,267.73,40.83,14.39,0.8823,-1,-1,-1
151,-1,409.72,309.48,22.38,14.34,0.8769,-1,-1,-1
151,-1,123.30,295.89,16.57,12.67,0.6039,-1,-1,-1
152,-1,148.92,309.20,132.44,83.83,0.9600,-1,-1,-1
152,-1,117.72,273.81,142.66,72.46,0.9397,-1,-1,-1
152,-1,116.61,19.68,79.79,145.71,0.9390,-1,-1,-1
152,-1,402.36,207.05,64.40,36.75,0.9227,-1,-1,-1
152,-1,462.31,353.24,45.73,27.02,0.9085,-1,-1,-1
152,-1,380.84,323.79,33.03,21.59,0.9013,-1,-1,-1
152,-1,60.68,267.94,41.21,14.30,0.8825,-1,-1,-1
152,-1,407.17,309.23,22.42,14.22,0.8711,-1,-1,-1
152,-1,502.19,253.40,22.29,35.58,0.8617,-1,-1,-1
152,-1,120.15,296.09,16.98,12.95,0.2624,-1,-1,-1
153,-1,137.52,309.40,136.21,83.82,0.9634,-1,-1,-1
153,-1,106.09,20.56,80.76,144.98,0.9429,-1,-1,-1
153,-1,107.93,274.05,144.39,72.41,0.9411,-1,-1,-1
153,-1,393.52,207.03,64.83,36.65,0.9192,-1,-1,-1
153,-1,460.06,353.31,45.48,26.97,0.9059,-1,-1,-1
153,-1,378.41,323.95,32.57,21.51,0.8978,-1,-1,-1
153,-1,58.22,268.22,41.20,14.30,0.8788,-1,-1,-1
153,-1,404.52,309.43,22.86,14.29,0.8752,-1,-1,-1
153,-1,498.97,253.05,22.96,36.49,0.8688,-1,-1,-1
153,-1,747.47,297.15,34.21,18.81,0.6089,-1,-1,-1
154,-1,126.99,309.48,137.38,83.93,0.9597,-1,-1,-1
154,-1,97.18,274.20,146.29,72.24,0.9369,-1,-1,-1
154,-1,95.48,20.88,81.16,145.45,0.9335,-1,-1,-1
154,-1,385.16,206.87,64.53,36.83,0.9204,-1,-1,-1
154,-1,457.68,353.26,45.95,26.94,0.9126,-1,-1,-1
154,-1,375.86,324.07,32.70,21.46,0.9009,-1,-1,-1
154,-1,56.21,268.65,41.16,14.64,0.8808,-1,-1,-1
154,-1,496.79,253.18,22.63,36.46,0.8780,-1,-1,-1
154,-1,402.30,309.41,22.27,14.65,0.8765,-1,-1,-1
154,-1,744.82,296.85,34.01,18.84,0.5864,-1,-1,-1
154,-1,745.01,296.84,33.91,19.06,0.3157,-1,-1,-1
155,-1,115.28,309.68,140.57,83.98,0.9615,-1,-1,-1
155,-1,87.82,274.60,146.62,71.99,0.9454,-1,-1,-1
155,-1,84.76,21.27,83.97,144.91,0.9387,-1,-1,-1
155,-1,375.49,206.89,64.73,36.44,0.9192,-1,-1,-1
155,-1,455.02,353.42,46.01,26.84,0.9079,-1,-1,-1
155,-1,373.43,324.13,33.13,21.53,0.9051,-1,-1,-1
155,-1,53.15,269.26,41.39,14.21,0.8784,-1,-1,-1
155,-1,399.53,309.45,22.67,14.17,0.8727,-1,-1,-1
155,-1,494.47,253.05,22.13,36.48,0.8633,-1,-1,-1
156,-1,104.08,310.30,143.38,83.81,0.9621,-1,-1,-1
156,-1,74.01,21.45,84.34,144.94,0.9439,-1,-1,-1
156,-1,77.02,275.18,149.35,71.31,0.9374,-1,-1,-1
156,-1,366.43,206.97,66.31,36.49,0.9202,-1,-1,-1
156,-1,452.17,353.60,46.24,26.65,0.9091,-1,-1,-1
156,-1,370.62,324.29,33.23,21.52,0.9031,-1,-1,-1
156,-1,50.52,269.74,41.12,14.40,0.8728,-1,-1,-1
156,-1,396.76,309.65,22.86,14.40,0.8713,-1,-1,-1
156,-1,491.26,252.80,22.62,36.10,0.8690,-1,-1,-1
157,-1,92.75,310.58,145.84,83.97,0.9614,-1,-1,-1
157,-1,66.68,275.29,150.84,71.11,0.9413,-1,-1,-1
157,-1,63.09,21.83,87.48,145.47,0.9350,-1,-1,-1
157,-1,357.22,207.07,66.87,36.49,0.9194,-1,-1,-1
157,-1,450.40,353.59,45.67,26.69,0.9078,-1,-1,-1
157,-1,367.99,324.48,33.22,21.45,0.8992,-1,-1,-1
157,-1,48.74,270.16,41.21,14.15,0.8780,-1,-1,-1
157,-1,488.71,253.29,22.59,35.72,0.8778,-1,-1,-1
157,-1,394.70,309.60,22.07,14.82,0.8706,-1,-1,-1
158,-1,81.78,310.94,148.90,83.83,0.9612,-1,-1,-1
158,-1,52.33,22.02,87.56,145.18,0.9446,-1,-1,-1
158,-1,56.48,275.67,152.54,71.61,0.9403,-1,-1,-1
158,-1,348.85,207.53,66.60,36.22,0.9217,-1,-1,-1
158,-1,446.88,353.79,46.91,26.51,0.9050,-1,-1,-1
158,-1,365.46,324.70,33.46,21.28,0.8994,-1,-1,-1
158,-1,391.54,309.73,23.33,14.66,0.8756,-1,-1,-1
158,-1,45.43,270.66,41.87,14.41,0.8718,-1,-1,-1
158,-1,486.56,253.15,22.07,36.67,0.8701,-1,-1,-1
158,-1,116.58,37.75,73.36,76.98,0.4752,-1,-1,-1
159,-1,70.73,311.49,151.04,83.52,0.9577,-1,-1,-1
159,-1,41.47,22.50,89.71,146.34,0.9362,-1,-1,-1
159,-1,46.22,275.92,154.33,71.66,0.9357,-1,-1,-1
159,-1,339.91,207.73,66.73,36.41,0.9223,-1,-1,-1
159,-1,445.16,353.70,46.20,26.60,0.9075,-1,-1,-1
159,-1,362.66,324.68,34.24,21.37,0.9005,-1,-1,-1
159,-1,388.56,309.76,23.32,14.71,0.8719,-1,-1,-1
159,-1,483.47,253.21,22.35,35.98,0.8711,-1,-1,-1
159,-1,43.00,271.09,41.58,14.41,0.8639,-1,-1,-1
159,-1,734.11,295.45,33.12,18.56,0.5708,-1,-1,-1
159,-1,107.69,36.95,74.07,78.54,0.4418,-1,-1,-1
160,-1,58.54,311.40,154.88,84.15,0.9596,-1,-1,-1
160,-1,30.40,23.01,91.10,145.77,0.9439,-1,-1,-1
160,-1,36.09,276.74,155.02,70.80,0.9405,-1,-1,-1
160,-1,330.74,207.61,67.80,36.74,0.9187,-1,-1,-1
160,-1,442.66,353.70,46.31,26.59,0.9078,-1,-1,-1
160,-1,360.29,324.91,33.62,21.27,0.8945,-1,-1,-1
160,-1,480.85,252.81,22.46,36.94,0.8823,-1,-1,-1
160,-1,386.70,309.87,22.55,15.03,0.8713,-1,-1,-1
160,-1,40.89,271.61,41.71,14.21,0.8585,-1,-1,-1
160,-1,734.04,295.10,30.25,18.84,0.6537,-1,-1,-1
160,-1,98.31,37.91,75.23,77.84,0.6357,-1,-1,-1
160,-1,140.25,48.06,33.15,67.78,0.3886,-1,-1,-1
161,-1,48.06,312.01,157.78,83.84,0.9585,-1,-1,-1
161,-1,20.01,23.30,92.06,146.05,0.9393,-1,-1,-1
161,-1,26.30,276.83,156.58,71.02,0.9372,-1,-1,-1
161,-1,321.64,207.97,67.48,36.13,0.9212,-1,-1,-1
161,-1,440.01,353.63,46.63,26.71,0.9142,-1,-1,-1
161,-1,357.95,325.04,33.57,21.17,0.8952,-1,-1,-1
161,-1,383.67,310.08,23.73,14.71,0.8682,-1,-1,-1
161,-1,478.58,253.44,22.10,35.82,0.8651,-1,-1,-1
161,-1,37.17,272.08,43.27,13.99,0.8562,-1,-1,-1
161,-1,88.18,38.29,77.36,77.86,0.7798,-1,-1,-1
161,-1,728.91,295.71,33.15,18.13,0.5455,-1,-1,-1
161,-1,130.18,47.11,35.16,68.93,0.2938,-1,-1,-1
162,-1,35.59,312.26,161.32,84.23,0.9578,-1,-1,-1
162,-1,9.19,23.86,94.71,145.58,0.9429,-1,-1,-1
162,-1,17.65,277.05,156.36,70.96,0.9339,-1,-1,-1
162,-1,312.85,208.07,68.25,36.02,0.9223,-1,-1,-1
162,-1,437.29,353.73,47.04,26.59,0.9117,-1,-1,-1
162,-1,355.23,325.15,34.27,21.27,0.9048,-1,-1,-1
162,-1,380.86,310.08,23.29,15.10,0.8750,-1,-1,-1
162,-1,475.84,253.15,21.97,36.07,0.8683,-1,-1,-1
162,-1,35.01,272.50,41.94,14.26,0.8622,-1,-1,-1
162,-1,78.78,40.08,78.57,76.22,0.8482,-1,-1,-1
163,-1,25.19,312.76,163.02,83.95,0.9574,-1,-1,-1
163,-1,0.31,24.17,92.71,145.44,0.9462,-1,-1,-1
163,-1,5.35,277.43,160.87,70.50,0.9345,-1,-1,-1
163,-1,302.91,208.28,70.02,35.98,0.9183,-1,-1,-1
163,-1,435.22,353.87,46.51,26.57,0.9073,-1,-1,-1
163,-1,352.61,325.14,34.39,21.49,0.8970,-1,-1,-1
163,-1,473.30,253.05,21.94,36.89,0.8757,-1,-1,-1
163,-1,379.03,310.31,22.88,14.74,0.8751,-1,-1,-1
163,-1,33.28,272.66,41.63,14.86,0.8591,-1,-1,-1
163,-1,109.00,46.42,40.45,69.91,0.7984,-1,-1,-1
163,-1,725.07,294.54,32.45,18.34,0.4381,-1,-1,-1
163,-1,0.04,301.38,25.57,11.47,0.4196,-1,-1,-1
163,-1,83.45,44.50,66.07,71.94,0.3364,-1,-1,-1
164,-1,13.61,312.99,166.26,83.95,0.9572,-1,-1,-1
164,-1,0.02,24.67,85.17,145.36,0.9395,-1,-1,-1
164,-1,0.04,277.74,157.09,70.30,0.9343,-1,-1,-1
164,-1,294.58,208.19,69.97,36.20,0.9211,-1,-1,-1
164,-1,432.80,353.79,47.10,26.64,0.9172,-1,-1,-1
164,-1,350.20,325.28,34.74,21.41,0.8961,-1,-1,-1
164,-1,470.98,253.59,21.65,35.27,0.8654,-1,-1,-1
164,-1,376.06,310.29,23.52,14.67,0.8578,-1,-1,-1
164,-1,30.01,272.70,42.65,14.91,0.8572,-1,-1,-1
164,-1,98.50,44.78,43.00,71.35,0.7667,-1,-1,-1
164,-1,723.10,294.27,32.15,19.17,0.4824,-1,-1,-1
164,-1,63.16,44.25,78.48,72.15,0.4665,-1,-1,-1
165,-1,7.74,323.71,165.97,84.80,0.9612,-1,-1,-1
165,-1,0.00,288.10,150.47,72.94,0.9321,-1,-1,-1
165,-1,285.85,214.03,70.25,35.45,0.9212,-1,-1,-1
165,-1,430.81,355.67,47.44,26.60,0.9067,-1,-1,-1
165,-1,347.86,328.86,33.89,21.69,0.9033,-1,-1,-1
165,-1,0.00,34.82,74.16,146.21,0.9029,-1,-1,-1
165,-1,373.50,313.48,22.85,14.89,0.8797,-1,-1,-1
165,-1,466.85,254.35,21.63,36.46,0.8666,-1,-1,-1
165,-1,26.01,284.22,43.09,13.85,0.8519,-1,-1,-1
165,-1,85.76,55.96,45.01,70.09,0.8067,-1,-1,-1
166,-1,4.83,329.26,166.19,85.37,0.9536,-1,-1,-1
166,-1,0.00,293.91,147.85,73.55,0.9286,-1,-1,-1
166,-1,281.55,216.64,71.48,35.06,0.9213,-1,-1,-1
166,-1,430.22,356.45,47.29,26.21,0.9086,-1,-1,-1
166,-1,346.54,330.62,34.57,22.03,0.9011,-1,-1,-1
166,-1,0.00,44.04,70.43,142.97,0.8990,-1,-1,-1
166,-1,371.78,315.35,23.78,14.78,0.8929,-1,-1,-1
166,-1,464.99,254.67,21.68,37.50,0.8664,-1,-1,-1
166,-1,78.64,61.43,48.20,70.54,0.8212,-1,-1,-1
166,-1,25.12,289.52,42.36,13.79,0.8157,-1,-1,-1
166,-1,718.95,286.52,31.37,19.67,0.5030,-1,-1,-1
167,-1,4.36,316.67,166.86,84.26,0.9547,-1,-1,-1
167,-1,285.47,210.15,70.20,35.54,0.9248,-1,-1,-1
167,-1,0.55,281.93,149.11,70.26,0.9130,-1,-1,-1
167,-1,430.51,354.43,46.77,26.84,0.9104,-1,-1,-1
167,-1,347.59,326.33,34.73,21.64,0.9093,-1,-1,-1
167,-1,0.00,26.66,74.46,146.72,0.8980,-1,-1,-1
167,-1,467.61,253.35,21.84,37.11,0.8724,-1,-1,-1
167,-1,373.36,311.42,23.28,14.98,0.8723,-1,-1,-1
167,-1,27.40,276.97,44.67,12.42,0.7409,-1,-1,-1
167,-1,87.60,47.21,45.22,72.54,0.7364,-1,-1,-1
167,-1,720.59,292.67,32.11,19.17,0.4535,-1,-1,-1
167,-1,720.50,292.40,32.50,19.38,0.4034,-1,-1,-1
167,-1,848.98,279.78,31.15,15.40,0.2684,-1,-1,-1
168,-1,0.00,311.30,167.16,83.30,0.9578,-1,-1,-1
168,-1,282.72,207.86,70.11,36.00,0.9257,-1,-1,-1
168,-1,0.00,275.72,145.53,70.34,0.9176,-1,-1,-1
168,-1,429.13,353.72,47.26,26.74,0.9085,-1,-1,-1
168,-1,0.00,20.01,72.69,147.54,0.9081,-1,-1,-1
168,-1,346.65,324.44,34.80,21.60,0.9006,-1,-1,-1
168,-1,84.77,41.89,46.95,73.07,0.8887,-1,-1,-1
168,-1,372.23,309.72,24.00,14.66,0.8783,-1,-1,-1
168,-1,467.61,253.26,21.91,36.64,0.8678,-1,-1,-1
168,-1,27.36,270.14,42.69,12.82,0.7494,-1,-1,-1
168,-1,720.14,297.09,32.52,17.85,0.2516,-1,-1,-1
169,-1,0.05,313.01,157.99,83.33,0.9595,-1,-1,-1
169,-1,271.24,208.20,71.55,36.16,0.9178,-1,-1,-1
169,-1,427.09,354.03,46.53,26.43,0.9063,-1,-1,-1
169,-1,344.04,325.22,34.60,21.50,0.8967,-1,-1,-1
169,-1,464.40,253.28,21.71,36.72,0.8926,-1,-1,-1
169,-1,72.83,42.18,48.86,74.15,0.8812,-1,-1,-1
169,-1,0.00,25.41,61.81,144.08,0.8790,-1,-1,-1
169,-1,370.16,310.28,22.78,14.89,0.8599,-1,-1,-1
169,-1,0.07,277.78,135.79,73.52,0.8581,-1,-1,-1
169,-1,717.59,294.41,32.11,18.75,0.7006,-1,-1,-1
169,-1,24.81,271.79,41.37,12.36,0.2613,-1,-1,-1
170,-1,0.19,312.81,149.87,83.60,0.9600,-1,-1,-1
170,-1,263.77,208.35,71.71,35.98,0.9192,-1,-1,-1
170,-1,424.69,353.94,46.69,26.61,0.9185,-1,-1,-1
170,-1,341.31,325.35,35.34,21.20,0.8918,-1,-1,-1
170,-1,0.05,277.79,127.13,58.53,0.8716,-1,-1,-1
170,-1,462.17,253.59,21.68,36.16,0.8631,-1,-1,-1
170,-1,367.29,310.18,23.68,14.69,0.8628,-1,-1,-1
170,-1,62.62,40.69,52.48,75.94,0.8610,-1,-1,-1
170,-1,0.00,26.51,51.87,143.39,0.7808,-1,-1,-1
170,-1,716.36,294.85,30.76,18.74,0.4878,-1,-1,-1
170,-1,21.18,272.01,42.51,11.82,0.2720,-1,-1,-1
171,-1,0.00,312.40,141.97,83.64,0.9608,-1,-1,-1
171,-1,255.65,208.25,71.94,35.96,0.9151,-1,-1,-1
171,-1,422.38,353.84,46.56,26.54,0.9106,-1,-1,-1
171,-1,338.93,325.07,35.09,21.43,0.9038,-1,-1,-1
171,-1,52.89,40.08,54.94,76.05,0.8877,-1,-1,-1
171,-1,0.00,277.12,119.31,58.30,0.8826,-1,-1,-1
171,-1,364.24,310.18,23.95,14.87,0.8804,-1,-1,-1
171,-1,459.52,253.55,21.87,36.24,0.8652,-1,-1,-1
171,-1,0.06,34.36,42.85,135.42,0.7119,-1,-1,-1
171,-1,842.19,282.36,29.72,16.38,0.3551,-1,-1,-1
172,-1,0.15,311.92,133.86,83.61,0.9570,-1,-1,-1
172,-1,247.10,208.21,72.16,36.02,0.9169,-1,-1,-1
172,-1,420.13,353.77,46.52,26.64,0.9083,-1,-1,-1
172,-1,336.63,324.74,35.02,21.79,0.8980,-1,-1,-1
172,-1,0.00,277.24,111.27,54.77,0.8815,-1,-1,-1
172,-1,362.56,310.10,23.59,14.83,0.8763,-1,-1,-1
172,-1,457.02,253.32,22.03,36.55,0.8728,-1,-1,-1
172,-1,44.02,39.93,57.51,76.32,0.7038,-1,-1,-1
172,-1,0.34,9.20,101.52,107.40,0.4850,-1,-1,-1
172,-1,712.88,295.08,29.93,19.15,0.4300,-1,-1,-1
173,-1,0.00,311.37,125.06,83.93,0.9561,-1,-1,-1
173,-1,34.03,38.69,59.60,76.56,0.9180,-1,-1,-1
173,-1,238.68,207.61,72.87,36.36,0.9130,-1,-1,-1
173,-1,417.94,353.71,46.58,26.61,0.9045,-1,-1,-1
173,-1,334.16,324.90,35.10,21.33,0.8971,-1,-1,-1
173,-1,0.00,276.58,102.97,52.89,0.8755,-1,-1,-1
173,-1,454.90,253.27,21.86,35.90,0.8708,-1,-1,-1
173,-1,360.07,309.99,23.92,14.70,0.8681,-1,-1,-1
173,-1,836.21,282.97,31.27,16.54,0.3906,-1,-1,-1
174,-1,0.14,311.06,117.33,83.78,0.9564,-1,-1,-1
174,-1,230.56,207.40,73.21,36.11,0.9114,-1,-1,-1
174,-1,415.48,353.69,46.80,26.63,0.9071,-1,-1,-1
174,-1,331.62,324.49,35.58,21.62,0.9050,-1,-1,-1
174,-1,24.59,38.17,61.98,77.18,0.9049,-1,-1,-1
174,-1,357.55,309.72,23.76,14.70,0.8724,-1,-1,-1
174,-1,452.77,253.09,21.76,36.09,0.8660,-1,-1,-1
174,-1,0.02,276.02,94.75,57.17,0.8189,-1,-1,-1
175,-1,0.00,310.56,109.26,83.27,0.9531,-1,-1,-1
175,-1,15.09,36.89,64.37,77.75,0.9221,-1,-1,-1
175,-1,413.43,353.75,46.54,26.59,0.9084,-1,-1,-1
175,-1,221.56,207.17,74.22,36.97,0.9071,-1,-1,-1
175,-1,329.40,324.20,35.93,21.79,0.9044,-1,-1,-1
175,-1,355.46,309.44,24.09,15.03,0.8854,-1,-1,-1
175,-1,450.61,252.51,21.60,37.23,0.8657,-1,-1,-1
175,-1,0.05,275.73,86.64,47.88,0.8388,-1,-1,-1
176,-1,0.00,309.82,102.38,84.37,0.9490,-1,-1,-1
176,-1,3.72,36.24,69.15,77.46,0.9237,-1,-1,-1
176,-1,214.06,207.22,73.38,36.62,0.9123,-1,-1,-1
176,-1,411.22,353.60,46.39,26.64,0.9082,-1,-1,-1
176,-1,326.85,324.23,35.98,21.41,0.8981,-1,-1,-1
176,-1,447.82,253.05,21.85,36.73,0.8797,-1,-1,-1
176,-1,352.98,309.50,24.13,14.79,0.8703,-1,-1,-1
176,-1,0.00,274.78,79.05,46.53,0.7436,-1,-1,-1
176,-1,703.67,296.51,31.40,18.58,0.5193,-1,-1,-1
176,-1,703.90,296.34,31.23,18.89,0.3092,-1,-1,-1
177,-1,0.00,309.70,93.22,81.39,0.9434,-1,-1,-1
177,-1,0.19,34.06,65.69,78.93,0.9236,-1,-1,-1
177,-1,408.86,353.43,46.71,26.74,0.9173,-1,-1,-1
177,-1,205.37,206.86,73.04,36.41,0.9111,-1,-1,-1
177,-1,324.49,323.97,36.42,21.52,0.8998,-1,-1,-1
177,-1,350.61,309.45,24.10,14.32,0.8668,-1,-1,-1
177,-1,446.14,252.88,21.57,37.19,0.8635,-1,-1,-1
177,-1,0.02,274.18,70.76,48.39,0.7566,-1,-1,-1
178,-1,0.00,309.39,86.15,78.66,0.9406,-1,-1,-1
178,-1,197.20,206.46,75.03,36.62,0.9162,-1,-1,-1
178,-1,0.03,33.52,58.92,79.56,0.9136,-1,-1,-1
178,-1,406.71,353.23,46.28,27.02,0.9108,-1,-1,-1
178,-1,322.07,323.98,36.52,21.45,0.8976,-1,-1,-1
178,-1,347.73,309.28,24.60,14.64,0.8903,-1,-1,-1
178,-1,443.63,253.46,21.62,34.96,0.8624,-1,-1,-1
178,-1,0.00,272.47,62.45,44.65,0.7085,-1,-1,-1
178,-1,9.39,268.39,38.31,12.76,0.3324,-1,-1,-1
178,-1,702.54,296.58,27.88,19.51,0.2528,-1,-1,-1
179,-1,0.00,308.84,77.93,75.89,0.9313,-1,-1,-1
179,-1,189.58,205.86,74.35,36.84,0.9150,-1,-1,-1
179,-1,404.38,353.33,46.43,26.73,0.9097,-1,-1,-1
179,-1,319.70,323.75,36.32,21.62,0.9029,-1,-1,-1
179,-1,0.00,35.36,52.35,77.87,0.8958,-1,-1,-1
179,-1,346.53,309.09,23.32,14.77,0.8774,-1,-1,-1
179,-1,441.45,253.05,21.48,37.04,0.8759,-1,-1,-1
179,-1,0.00,273.09,54.81,44.60,0.7530,-1,-1,-1
179,-1,4.41,268.07,38.98,12.44,0.4440,-1,-1,-1
179,-1,701.63,296.84,27.07,19.23,0.4430,-1,-1,-1
179,-1,828.59,284.68,24.78,17.24,0.2879,-1,-1,-1
180,-1,180.92,205.96,74.61,36.50,0.9150,-1,-1,-1
180,-1,0.00,309.04,69.74,78.42,0.9086,-1,-1,-1
180,-1,402.26,353.00,46.37,26.98,0.9083,-1,-1,-1
180,-1,317.12,323.74,36.58,21.38,0.8999,-1,-1,-1
180,-1,343.42,308.74,24.09,14.82,0.8750,-1,-1,-1
180,-1,0.01,37.02,46.26,75.76,0.8699,-1,-1,-1
180,-1,439.24,253.06,21.32,36.18,0.8664,-1,-1,-1
180,-1,0.04,275.74,46.13,42.68,0.6278,-1,-1,-1
180,-1,3.09,267.55,34.26,13.50,0.4462,-1,-1,-1
180,-1,826.05,285.48,24.92,16.56,0.3081,-1,-1,-1
181,-1,172.18,205.85,75.52,36.57,0.9144,-1,-1,-1
181,-1,399.57,352.89,46.56,27.11,0.9089,-1,-1,-1
181,-1,314.74,323.69,37.15,21.42,0.9041,-1,-1,-1
181,-1,340.98,308.70,24.29,14.86,0.8857,-1,-1,-1
181,-1,436.89,253.06,21.24,36.20,0.8656,-1,-1,-1
181,-1,0.00,309.44,61.02,79.01,0.8556,-1,-1,-1
181,-1,0.09,40.85,37.37,71.18,0.8533,-1,-1,-1
181,-1,0.02,276.77,37.54,41.12,0.5911,-1,-1,-1
181,-1,0.37,267.51,29.57,14.07,0.3625,-1,-1,-1
181,-1,697.72,297.04,26.02,19.07,0.3151,-1,-1,-1
181,-1,697.61,297.05,26.05,18.90,0.2735,-1,-1,-1
182,-1,162.98,205.57,75.76,36.74,0.9115,-1,-1,-1
182,-1,397.55,352.99,46.24,26.81,0.9093,-1,-1,-1
182,-1,312.37,323.57,36.94,21.35,0.9059,-1,-1,-1
182,-1,338.81,308.74,24.30,14.78,0.8931,-1,-1,-1
182,-1,434.34,252.43,21.41,36.35,0.8651,-1,-1,-1
182,-1,0.00,310.39,53.33,74.83,0.8326,-1,-1,-1
182,-1,0.00,45.35,30.40,65.99,0.7799,-1,-1,-1
182,-1,0.03,276.72,30.00,48.18,0.3814,-1,-1,-1
182,-1,0.00,276.32,30.07,45.72,0.3191,-1,-1,-1
183,-1,154.59,205.28,74.48,37.02,0.9237,-1,-1,-1
183,-1,394.99,352.90,46.40,27.04,0.9071,-1,-1,-1
183,-1,309.93,323.45,37.15,21.36,0.9057,-1,-1,-1
183,-1,336.47,308.59,23.95,14.78,0.8736,-1,-1,-1
183,-1,431.60,253.10,21.32,36.62,0.8549,-1,-1,-1
183,-1,0.04,313.19,45.07,65.77,0.8398,-1,-1,-1
183,-1,0.00,42.86,23.13,68.80,0.6232,-1,-1,-1
183,-1,688.94,297.23,30.13,18.75,0.5771,-1,-1,-1
183,-1,0.00,277.12,21.57,46.70,0.5366,-1,-1,-1
183,-1,0.02,275.99,21.51,46.81,0.3301,-1,-1,-1
184,-1,392.47,352.91,46.68,26.96,0.9187,-1,-1,-1
184,-1,146.45,205.31,77.58,36.89,0.9145,-1,-1,-1
184,-1,307.29,323.54,37.53,21.36,0.9050,-1,-1,-1
184,-1,333.54,308.61,24.26,14.91,0.8795,-1,-1,-1
184,-1,429.25,252.82,21.37,35.85,0.8490,-1,-1,-1
184,-1,0.00,317.10,36.48,58.75,0.8224,-1,-1,-1
185,-1,137.47,205.49,77.86,36.83,0.9193,-1,-1,-1
185,-1,390.06,352.96,46.85,26.90,0.9125,-1,-1,-1
185,-1,304.97,323.59,37.22,21.57,0.9107,-1,-1,-1
185,-1,331.16,308.67,24.30,14.93,0.8945,-1,-1,-1
185,-1,427.08,252.51,21.00,36.65,0.8623,-1,-1,-1
185,-1,0.00,319.71,28.22,49.28,0.6469,-1,-1,-1
186,-1,128.60,205.63,78.36,36.78,0.9229,-1,-1,-1
186,-1,387.53,353.00,46.98,26.92,0.9089,-1,-1,-1
186,-1,302.36,323.72,37.51,21.53,0.9081,-1,-1,-1
186,-1,424.10,252.69,21.58,37.52,0.8832,-1,-1,-1
186,-1,328.81,309.10,24.41,14.54,0.8758,-1,-1,-1
186,-1,683.09,296.74,28.97,19.22,0.4590,-1,-1,-1
186,-1,0.00,324.39,19.67,46.66,0.2775,-1,-1,-1
187,-1,119.41,205.74,78.66,36.93,0.9189,-1,-1,-1
187,-1,385.33,352.98,46.90,27.05,0.9066,-1,-1,-1
187,-1,299.77,323.80,37.78,21.44,0.9048,-1,-1,-1
187,-1,325.98,309.06,24.28,14.57,0.8745,-1,-1,-1
187,-1,421.92,252.82,20.86,36.69,0.8584,-1,-1,-1
187,-1,0.00,325.82,12.08,17.21,0.5690,-1,-1,-1
187,-1,683.16,296.50,25.98,19.44,0.3381,-1,-1,-1
188,-1,110.90,206.21,78.52,36.71,0.9257,-1,-1,-1
188,-1,297.36,324.10,37.67,21.43,0.9152,-1,-1,-1
188,-1,382.72,353.03,46.82,27.16,0.9080,-1,-1,-1
188,-1,323.43,309.09,24.55,14.78,0.8935,-1,-1,-1
188,-1,419.05,252.30,21.04,37.75,0.8636,-1,-1,-1
189,-1,101.78,206.66,79.13,36.62,0.9295,-1,-1,-1
189,-1,380.28,353.29,47.23,26.87,0.9113,-1,-1,-1
189,-1,294.73,324.19,37.74,21.46,0.9062,-1,-1,-1
189,-1,321.20,309.46,24.13,14.83,0.8723,-1,-1,-1
189,-1,416.22,252.86,21.56,37.11,0.8533,-1,-1,-1
190,-1,92.88,206.93,79.62,36.54,0.9291,-1,-1,-1
190,-1,377.90,353.47,47.34,26.79,0.9109,-1,-1,-1
190,-1,292.21,324.29,37.98,21.55,0.9046,-1,-1,-1
190,-1,318.43,309.65,24.28,14.72,0.8694,-1,-1,-1
190,-1,413.90,252.67,20.75,38.18,0.8584,-1,-1,-1
190,-1,673.95,296.24,28.14,18.73,0.3906,-1,-1,-1
191,-1,83.14,207.13,80.90,36.83,0.9270,-1,-1,-1
191,-1,375.22,353.60,47.48,26.81,0.9190,-1,-1,-1
191,-1,289.25,324.74,38.27,21.47,0.9075,-1,-1,-1
191,-1,315.48,309.70,24.63,14.63,0.8848,-1,-1,-1
191,-1,411.10,252.93,21.24,36.59,0.8667,-1,-1,-1
191,-1,0.01,270.85,18.10,13.67,0.5933,-1,-1,-1
192,-1,74.59,208.18,80.83,36.37,0.9218,-1,-1,-1
192,-1,372.98,353.66,47.64,26.85,0.9147,-1,-1,-1
192,-1,287.06,324.82,38.20,21.53,0.9012,-1,-1,-1
192,-1,313.55,309.81,24.04,15.03,0.8697,-1,-1,-1
192,-1,408.46,253.29,21.33,37.15,0.8659,-1,-1,-1
192,-1,0.01,271.03,14.76,14.04,0.6931,-1,-1,-1
193,-1,65.37,208.35,81.56,36.48,0.9265,-1,-1,-1
193,-1,370.84,353.79,46.78,26.89,0.9139,-1,-1,-1
193,-1,284.07,325.07,38.83,21.36,0.8992,-1,-1,-1
193,-1,310.62,310.12,25.01,14.84,0.8709,-1,-1,-1
193,-1,405.81,252.85,20.97,37.82,0.8617,-1,-1,-1
193,-1,670.94,295.36,24.05,19.45,0.3773,-1,-1,-1
194,-1,56.18,208.83,82.01,36.46,0.9312,-1,-1,-1
194,-1,368.34,353.96,47.01,26.68,0.9138,-1,-1,-1
194,-1,281.64,325.43,39.08,21.34,0.9029,-1,-1,-1
194,-1,307.76,310.28,24.92,14.64,0.8698,-1,-1,-1
194,-1,403.35,253.22,20.95,36.68,0.8683,-1,-1,-1
194,-1,668.13,295.48,24.08,18.90,0.2941,-1,-1,-1
195,-1,47.65,209.24,82.22,36.51,0.9267,-1,-1,-1
195,-1,365.43,354.03,47.75,26.98,0.9117,-1,-1,-1
195,-1,279.14,325.40,39.85,21.67,0.8990,-1,-1,-1
195,-1,305.95,310.48,24.53,14.88,0.8695,-1,-1,-1
195,-1,400.43,253.90,21.53,35.80,0.8530,-1,-1,-1
196,-1,37.94,209.53,83.73,36.32,0.9261,-1,-1,-1
196,-1,363.69,354.08,47.05,26.88,0.9139,-1,-1,-1
196,-1,276.65,325.73,39.31,21.35,0.8979,-1,-1,-1
196,-1,303.26,310.73,24.49,14.56,0.8636,-1,-1,-1
196,-1,397.90,253.51,21.02,36.47,0.8570,-1,-1,-1
196,-1,1003.41,326.89,20.59,46.46,0.6804,-1,-1,-1
197,-1,360.92,354.16,47.70,26.81,0.9181,-1,-1,-1
197,-1,29.74,209.91,83.89,36.16,0.9178,-1,-1,-1
197,-1,273.59,325.85,40.02,21.43,0.9023,-1,-1,-1
197,-1,300.16,310.71,25.10,14.77,0.8692,-1,-1,-1
197,-1,395.42,253.34,21.20,36.30,0.8634,-1,-1,-1
197,-1,998.05,322.91,25.95,51.30,0.6269,-1,-1,-1
197,-1,997.90,323.78,26.10,50.48,0.4593,-1,-1,-1
198,-1,20.95,210.02,84.67,35.96,0.9201,-1,-1,-1
198,-1,358.94,354.12,47.21,26.79,0.9110,-1,-1,-1
198,-1,271.30,325.59,39.83,21.72,0.9050,-1,-1,-1
198,-1,298.30,310.80,24.93,14.77,0.8766,-1,-1,-1
198,-1,393.10,254.11,21.18,35.52,0.8573,-1,-1,-1
198,-1,992.19,322.68,31.81,52.43,0.8470,-1,-1,-1
198,-1,656.81,295.11,26.74,18.31,0.3116,-1,-1,-1
199,-1,12.21,209.89,85.54,36.37,0.9203,-1,-1,-1
199,-1,356.33,354.20,47.42,26.79,0.9134,-1,-1,-1
199,-1,269.17,325.77,39.56,21.41,0.8984,-1,-1,-1
199,-1,985.81,323.14,38.19,51.66,0.8797,-1,-1,-1
199,-1,295.69,310.65,24.87,14.94,0.8595,-1,-1,-1
199,-1,390.46,253.79,21.00,35.89,0.8581,-1,-1,-1
200,-1,3.56,209.86,86.37,36.18,0.9212,-1,-1,-1
200,-1,353.75,354.16,47.77,26.91,0.9165,-1,-1,-1
200,-1,266.69,325.68,40.07,21.54,0.9083,-1,-1,-1
200,-1,980.43,322.57,43.57,53.14,0.9029,-1,-1,-1
200,-1,293.53,310.88,25.03,14.45,0.8642,-1,-1,-1
200,-1,388.13,253.85,21.06,35.49,0.8604,-1,-1,-1
200,-1,655.34,294.93,23.25,19.65,0.2558,-1,-1,-1
201,-1,0.00,209.50,80.93,36.08,0.9220,-1,-1,-1
201,-1,351.64,353.94,47.33,26.94,0.9148,-1,-1,-1
201,-1,264.24,325.71,40.31,21.41,0.9103,-1,-1,-1
201,-1,974.70,318.53,49.28,57.93,0.9059,-1,-1,-1
201,-1,290.95,310.63,24.67,14.73,0.8708,-1,-1,-1
201,-1,385.66,253.70,21.04,35.98,0.8583,-1,-1,-1
201,-1,11.39,300.54,16.96,12.82,0.3208,-1,-1,-1
202,-1,0.00,209.20,73.23,36.26,0.9340,-1,-1,-1
202,-1,349.17,354.03,47.77,26.80,0.9109,-1,-1,-1
202,-1,968.94,319.77,55.06,57.18,0.9078,-1,-1,-1
202,-1,261.77,325.40,40.60,21.57,0.9015,-1,-1,-1
202,-1,383.32,253.52,21.31,36.44,0.8689,-1,-1,-1
202,-1,288.81,310.45,24.42,14.82,0.8646,-1,-1,-1
202,-1,6.45,300.15,19.46,12.70,0.6544,-1,-1,-1
203,-1,0.00,208.99,65.67,35.94,0.9142,-1,-1,-1
203,-1,347.28,353.96,47.40,26.74,0.9137,-1,-1,-1
203,-1,259.41,325.18,40.20,21.43,0.9094,-1,-1,-1
203,-1,963.30,318.75,60.70,58.51,0.9091,-1,-1,-1
203,-1,286.35,310.32,25.13,14.80,0.8639,-1,-1,-1
203,-1,381.11,253.81,20.88,36.13,0.8540,-1,-1,-1
203,-1,4.01,299.71,19.99,12.71,0.4329,-1,-1,-1
203,-1,3.86,299.72,20.17,12.66,0.4222,-1,-1,-1
204,-1,344.41,353.82,48.15,26.74,0.9209,-1,-1,-1
204,-1,957.77,318.34,66.23,59.26,0.9191,-1,-1,-1
204,-1,0.00,208.86,57.21,35.71,0.9154,-1,-1,-1
204,-1,257.12,325.19,40.36,21.26,0.9126,-1,-1,-1
204,-1,283.76,309.99,24.81,14.47,0.8818,-1,-1,-1
204,-1,378.77,253.30,21.20,35.95,0.8628,-1,-1,-1
204,-1,1.24,299.23,20.17,12.55,0.7985,-1,-1,-1
205,-1,951.94,318.08,72.06,60.50,0.9281,-1,-1,-1
205,-1,342.87,353.72,47.26,26.68,0.9159,-1,-1,-1
205,-1,254.73,324.71,40.46,21.52,0.9078,-1,-1,-1
205,-1,0.00,208.91,50.39,35.08,0.9066,-1,-1,-1
205,-1,281.81,309.80,24.82,14.97,0.8747,-1,-1,-1
205,-1,376.48,253.46,20.99,36.55,0.8552,-1,-1,-1
205,-1,0.04,298.44,19.64,12.67,0.6948,-1,-1,-1
206,-1,946.60,317.47,77.40,61.84,0.9287,-1,-1,-1
206,-1,340.11,353.61,47.55,26.67,0.9147,-1,-1,-1
206,-1,252.36,324.50,40.77,21.45,0.9018,-1,-1,-1
206,-1,0.03,207.98,41.47,35.43,0.8902,-1,-1,-1
206,-1,279.59,309.79,24.53,14.70,0.8673,-1,-1,-1
206,-1,374.01,252.95,21.12,36.90,0.8623,-1,-1,-1
206,-1,0.00,297.78,17.38,12.75,0.4519,-1,-1,-1
207,-1,940.89,318.87,83.11,61.17,0.9317,-1,-1,-1
207,-1,337.83,353.25,47.95,26.90,0.9110,-1,-1,-1
207,-1,249.82,324.15,40.63,21.58,0.9100,-1,-1,-1
207,-1,276.48,309.54,25.74,14.33,0.8771,-1,-1,-1
207,-1,0.00,210.89,32.85,32.24,0.8759,-1,-1,-1
207,-1,371.84,252.87,21.10,36.17,0.8615,-1,-1,-1
207,-1,1013.17,87.93,10.83,92.08,0.5036,-1,-1,-1
207,-1,0.00,297.41,15.17,12.56,0.4688,-1,-1,-1
208,-1,934.69,319.82,89.31,61.01,0.9337,-1,-1,-1
208,-1,335.66,353.07,47.40,26.96,0.9149,-1,-1,-1
208,-1,247.48,323.93,40.95,21.67,0.9091,-1,-1,-1
208,-1,274.62,309.31,25.05,14.45,0.8888,-1,-1,-1
208,-1,369.49,252.81,21.15,36.39,0.8708,-1,-1,-1
208,-1,0.00,210.55,26.02,31.47,0.8393,-1,-1,-1
208,-1,1007.30,74.57,16.70,110.92,0.6132,-1,-1,-1
208,-1,0.00,296.74,12.83,12.98,0.3526,-1,-1,-1
209,-1,929.07,320.21,94.93,61.36,0.9366,-1,-1,-1
209,-1,333.21,352.85,47.76,26.93,0.9105,-1,-1,-1
209,-1,244.97,323.74,41.84,21.40,0.9054,-1,-1,-1
209,-1,272.53,308.86,25.13,14.65,0.8846,-1,-1,-1
209,-1,367.17,252.45,21.14,36.64,0.8678,-1,-1,-1
209,-1,0.00,210.63,17.89,31.14,0.7899,-1,-1,-1
209,-1,1001.23,89.42,22.77,89.17,0.7354,-1,-1,-1
209,-1,1009.27,197.22,14.73,23.90,0.6325,-1,-1,-1
209,-1,0.00,296.08,10.82,13.26,0.3485,-1,-1,-1
210,-1,923.59,320.78,100.41,61.09,0.9420,-1,-1,-1
210,-1,331.10,352.68,47.64,27.05,0.9117,-1,-1,-1
210,-1,242.67,323.37,41.76,21.55,0.9099,-1,-1,-1
210,-1,269.70,308.67,25.41,14.65,0.8784,-1,-1,-1
210,-1,364.98,252.23,20.97,37.47,0.8580,-1,-1,-1
210,-1,1001.55,196.69,22.45,24.30,0.8388,-1,-1,-1
210,-1,994.91,88.95,29.09,93.43,0.7911,-1,-1,-1
210,-1,631.90,0.00,30.87,20.46,0.4139,-1,-1,-1
210,-1,751.52,288.52,21.08,12.92,0.3667,-1,-1,-1
211,-1,917.65,321.23,106.35,60.92,0.9432,-1,-1,-1
211,-1,328.91,352.62,47.47,27.05,0.9374,-1,-1,-1
211,-1,240.57,323.20,42.11,21.50,0.9112,-1,-1,-1
211,-1,267.24,308.52,25.22,14.83,0.8942,-1,-1,-1
211,-1,995.22,196.17,28.78,24.99,0.8892,-1,-1,-1
211,-1,988.83,90.08,35.17,94.42,0.8759,-1,-1,-1
211,-1,362.45,251.99,21.24,36.77,0.8617,-1,-1,-1
211,-1,624.55,0.06,32.97,20.41,0.4495,-1,-1,-1
211,-1,749.84,289.40,20.54,12.23,0.3484,-1,-1,-1
212,-1,912.22,321.19,111.78,60.65,0.9411,-1,-1,-1
212,-1,982.75,90.67,41.25,93.31,0.9195,-1,-1,-1
212,-1,326.40,352.47,47.84,26.99,0.9101,-1,-1,-1
212,-1,987.62,195.84,36.38,25.45,0.9073,-1,-1,-1
212,-1,237.88,322.87,42.00,21.60,0.9014,-1,-1,-1
212,-1,265.44,308.34,25.07,14.77,0.8824,-1,-1,-1
212,-1,360.29,252.11,21.28,37.20,0.8650,-1,-1,-1
212,-1,1008.31,139.59,15.69,40.45,0.7244,-1,-1,-1
212,-1,748.01,290.03,19.53,11.62,0.4228,-1,-1,-1
213,-1,906.17,321.37,117.83,60.42,0.9453,-1,-1,-1
213,-1,235.42,322.80,42.21,21.59,0.9270,-1,-1,-1
213,-1,980.45,196.00,43.55,25.37,0.9139,-1,-1,-1
213,-1,324.01,352.30,47.62,27.23,0.9129,-1,-1,-1
213,-1,262.93,308.32,25.09,14.64,0.8913,-1,-1,-1
213,-1,976.56,90.98,47.44,93.97,0.8755,-1,-1,-1
213,-1,357.89,252.10,21.29,38.00,0.8601,-1,-1,-1
213,-1,1000.91,129.23,23.09,54.64,0.5641,-1,-1,-1
213,-1,744.29,288.96,21.03,12.75,0.3338,-1,-1,-1
214,-1,900.71,321.43,123.29,60.35,0.9445,-1,-1,-1
214,-1,972.51,195.79,46.61,25.41,0.9151,-1,-1,-1
214,-1,232.86,322.68,42.89,21.65,0.9117,-1,-1,-1
214,-1,321.63,352.26,47.41,27.19,0.9094,-1,-1,-1
214,-1,970.78,90.80,53.22,93.21,0.9047,-1,-1,-1
214,-1,259.59,308.32,26.08,14.62,0.8917,-1,-1,-1
214,-1,355.24,251.92,21.32,37.10,0.8610,-1,-1,-1
214,-1,992.58,127.20,31.42,50.39,0.7775,-1,-1,-1
214,-1,1008.13,352.42,15.87,13.49,0.5755,-1,-1,-1
214,-1,742.53,289.39,20.34,12.37,0.3827,-1,-1,-1
215,-1,894.87,321.27,129.13,60.21,0.9415,-1,-1,-1
215,-1,965.27,195.71,45.76,25.30,0.9163,-1,-1,-1
215,-1,319.58,352.44,47.67,27.08,0.9150,-1,-1,-1
215,-1,963.95,90.55,60.05,93.90,0.9112,-1,-1,-1
215,-1,230.26,322.76,42.76,21.58,0.9039,-1,-1,-1
215,-1,984.84,126.47,39.16,53.55,0.8919,-1,-1,-1
215,-1,257.46,308.36,25.96,14.48,0.8867,-1,-1,-1
215,-1,352.78,252.09,21.33,38.34,0.8650,-1,-1,-1
215,-1,1004.89,353.33,19.11,12.27,0.6289,-1,-1,-1
215,-1,740.30,289.55,19.63,12.18,0.5765,-1,-1,-1
216,-1,888.54,320.96,135.27,60.24,0.9459,-1,-1,-1
216,-1,957.69,195.42,45.14,25.32,0.9142,-1,-1,-1
216,-1,976.45,126.16,47.39,55.31,0.9137,-1,-1,-1
216,-1,317.05,352.45,47.53,27.04,0.9132,-1,-1,-1
216,-1,957.41,90.00,65.09,93.46,0.9114,-1,-1,-1
216,-1,227.70,322.81,43.25,21.68,0.8984,-1,-1,-1
216,-1,255.65,308.40,24.91,14.65,0.8883,-1,-1,-1
216,-1,350.21,251.75,21.05,37.47,0.8545,-1,-1,-1
216,-1,1002.42,352.83,21.56,12.66,0.7468,-1,-1,-1
217,-1,882.76,320.64,135.14,60.34,0.9458,-1,-1,-1
217,-1,967.67,126.34,56.33,54.96,0.9244,-1,-1,-1
217,-1,950.01,194.78,44.75,25.63,0.9139,-1,-1,-1
217,-1,225.21,323.06,43.18,21.61,0.9119,-1,-1,-1
217,-1,951.19,89.45,65.85,94.35,0.9100,-1,-1,-1
217,-1,314.57,352.53,48.03,27.23,0.9077,-1,-1,-1
217,-1,251.95,308.56,26.01,14.55,0.8855,-1,-1,-1
217,-1,347.58,252.22,21.54,36.76,0.8582,-1,-1,-1
217,-1,999.87,352.54,23.86,12.64,0.7395,-1,-1,-1
218,-1,876.93,320.45,133.57,60.43,0.9422,-1,-1,-1
218,-1,944.50,89.46,65.39,93.44,0.9197,-1,-1,-1
218,-1,942.41,194.20,44.06,25.91,0.9135,-1,-1,-1
218,-1,959.06,125.98,64.94,54.97,0.9128,-1,-1,-1
218,-1,311.98,352.68,48.11,27.20,0.9123,-1,-1,-1
218,-1,222.59,323.45,43.12,21.69,0.9083,-1,-1,-1
218,-1,249.66,308.59,25.77,14.97,0.8879,-1,-1,-1
218,-1,345.12,251.84,21.13,38.56,0.8603,-1,-1,-1
218,-1,733.01,288.14,19.08,12.98,0.6678,-1,-1,-1
218,-1,997.78,352.66,22.77,11.98,0.3334,-1,-1,-1
219,-1,870.81,320.08,132.20,60.15,0.9478,-1,-1,-1
219,-1,934.77,193.73,43.53,25.68,0.9112,-1,-1,-1
219,-1,220.09,323.71,43.31,21.60,0.9088,-1,-1,-1
219,-1,309.59,352.66,48.37,27.44,0.9082,-1,-1,-1
219,-1,950.77,125.07,73.15,55.29,0.8986,-1,-1,-1
219,-1,937.84,88.82,65.32,94.47,0.8966,-1,-1,-1
219,-1,247.38,308.96,25.82,14.61,0.8814,-1,-1,-1
219,-1,342.63,252.44,20.76,37.16,0.8546,-1,-1,-1
220,-1,865.52,319.54,130.10,60.34,0.9418,-1,-1,-1
220,-1,943.46,124.54,80.54,55.08,0.9149,-1,-1,-1
220,-1,307.26,353.31,47.72,26.92,0.9079,-1,-1,-1
220,-1,217.53,324.07,43.99,21.57,0.9063,-1,-1,-1
220,-1,927.22,193.06,42.58,25.79,0.9032,-1,-1,-1
220,-1,244.61,309.43,25.97,14.32,0.8698,-1,-1,-1
220,-1,339.78,252.37,21.42,36.97,0.8598,-1,-1,-1
220,-1,930.75,88.42,65.49,93.49,0.8454,-1,-1,-1
221,-1,859.45,318.80,128.39,60.47,0.9443,-1,-1,-1
221,-1,932.13,123.96,91.87,54.91,0.9195,-1,-1,-1
221,-1,304.51,353.48,48.49,26.90,0.9104,-1,-1,-1
221,-1,214.90,324.36,43.59,21.67,0.9093,-1,-1,-1
221,-1,919.15,192.65,42.51,25.64,0.9059,-1,-1,-1
221,-1,242.66,309.59,25.45,14.43,0.8777,-1,-1,-1
221,-1,924.34,87.85,63.83,91.44,0.8683,-1,-1,-1
221,-1,337.29,250.29,21.07,40.36,0.8595,-1,-1,-1
221,-1,925.12,87.86,64.54,91.26,0.3646,-1,-1,-1
222,-1,853.28,318.20,126.94,60.54,0.9448,-1,-1,-1
222,-1,923.61,123.16,100.39,54.91,0.9242,-1,-1,-1
222,-1,302.19,353.77,48.65,26.67,0.9123,-1,-1,-1
222,-1,911.31,192.05,42.04,25.70,0.9080,-1,-1,-1
222,-1,212.36,324.58,43.62,21.62,0.9071,-1,-1,-1
222,-1,239.72,309.84,25.88,14.67,0.8728,-1,-1,-1
222,-1,334.57,251.93,21.39,37.59,0.8502,-1,-1,-1
222,-1,917.63,87.20,63.30,88.50,0.7058,-1,-1,-1
223,-1,847.93,317.52,124.75,60.64,0.9437,-1,-1,-1
223,-1,915.38,122.68,108.39,55.05,0.9321,-1,-1,-1
223,-1,299.93,354.18,48.37,26.45,0.9123,-1,-1,-1
223,-1,903.54,191.41,41.44,25.96,0.9082,-1,-1,-1
223,-1,210.11,325.00,43.60,21.49,0.9030,-1,-1,-1
223,-1,236.20,310.17,26.66,14.63,0.8639,-1,-1,-1
223,-1,331.86,250.71,21.24,39.03,0.8541,-1,-1,-1
223,-1,911.11,85.88,62.19,90.32,0.4821,-1,-1,-1
224,-1,842.20,317.07,122.94,60.44,0.9524,-1,-1,-1
224,-1,907.13,122.35,110.39,55.02,0.9323,-1,-1,-1
224,-1,296.92,354.23,48.88,26.59,0.9171,-1,-1,-1
224,-1,206.98,325.50,44.26,21.39,0.9078,-1,-1,-1
224,-1,895.79,190.97,40.72,26.07,0.9074,-1,-1,-1
224,-1,234.66,310.32,25.30,14.75,0.8765,-1,-1,-1
224,-1,329.22,252.36,21.44,37.81,0.8568,-1,-1,-1
224,-1,1016.78,348.87,7.22,40.96,0.4230,-1,-1,-1
224,-1,904.76,86.13,62.78,90.47,0.3023,-1,-1,-1
225,-1,835.75,316.75,122.02,60.40,0.9488,-1,-1,-1
225,-1,899.28,122.01,110.88,55.03,0.9349,-1,-1,-1
225,-1,295.33,354.49,48.03,26.52,0.9170,-1,-1,-1
225,-1,204.63,325.66,44.78,21.58,0.9071,-1,-1,-1
225,-1,888.19,190.65,40.15,25.90,0.9056,-1,-1,-1
225,-1,231.80,310.62,25.73,14.60,0.8581,-1,-1,-1
225,-1,326.71,252.30,21.32,37.30,0.8532,-1,-1,-1
225,-1,1007.81,346.13,16.19,53.79,0.7374,-1,-1,-1
226,-1,829.85,316.50,120.36,60.38,0.9488,-1,-1,-1
226,-1,890.60,121.62,111.05,55.17,0.9359,-1,-1,-1
226,-1,292.35,354.52,48.74,26.78,0.9186,-1,-1,-1
226,-1,202.06,325.99,45.03,21.41,0.9050,-1,-1,-1
226,-1,880.89,190.41,39.06,25.91,0.9043,-1,-1,-1
226,-1,228.63,311.10,26.67,14.73,0.8555,-1,-1,-1
226,-1,323.99,251.55,21.70,38.67,0.8525,-1,-1,-1
226,-1,999.58,343.38,24.42,58.09,0.8332,-1,-1,-1
227,-1,824.02,316.27,118.63,60.52,0.9489,-1,-1,-1
227,-1,882.66,121.35,110.15,55.39,0.9335,-1,-1,-1
227,-1,289.59,354.71,49.15,26.59,0.9220,-1,-1,-1
227,-1,199.25,326.08,45.08,21.52,0.9096,-1,-1,-1
227,-1,873.07,190.30,38.97,25.71,0.9059,-1,-1,-1
227,-1,991.49,346.43,32.51,58.80,0.8855,-1,-1,-1
227,-1,227.20,311.06,25.43,14.56,0.8651,-1,-1,-1
227,-1,321.42,252.26,21.49,38.09,0.8572,-1,-1,-1
228,-1,818.31,316.17,117.05,60.58,0.9494,-1,-1,-1
228,-1,873.97,121.22,109.71,55.47,0.9360,-1,-1,-1
228,-1,287.82,354.65,48.25,26.85,0.9171,-1,-1,-1
228,-1,197.18,326.10,44.86,21.62,0.9093,-1,-1,-1
228,-1,982.89,343.07,41.09,62.44,0.9081,-1,-1,-1
228,-1,865.75,190.24,38.34,25.65,0.9052,-1,-1,-1
228,-1,224.11,311.08,26.45,14.87,0.8623,-1,-1,-1
228,-1,318.88,253.81,21.23,36.33,0.8479,-1,-1,-1
229,-1,812.26,316.22,115.31,60.42,0.9487,-1,-1,-1
229,-1,865.33,121.15,110.05,55.99,0.9315,-1,-1,-1
229,-1,974.72,342.54,49.28,61.72,0.9274,-1,-1,-1
229,-1,285.53,354.80,48.71,26.64,0.9125,-1,-1,-1
229,-1,194.39,326.13,45.53,21.59,0.9068,-1,-1,-1
229,-1,858.31,190.19,37.77,25.71,0.9046,-1,-1,-1
229,-1,221.50,311.34,26.40,14.68,0.8574,-1,-1,-1
229,-1,316.33,251.26,21.18,38.95,0.8482,-1,-1,-1
230,-1,806.70,316.15,113.54,60.34,0.9504,-1,-1,-1
230,-1,857.34,121.12,109.28,56.09,0.9394,-1,-1,-1
230,-1,966.19,342.50,57.81,61.43,0.9275,-1,-1,-1
230,-1,283.10,354.69,48.37,27.05,0.9170,-1,-1,-1
230,-1,191.93,326.19,45.20,21.63,0.9116,-1,-1,-1
230,-1,850.75,190.22,37.57,25.95,0.9047,-1,-1,-1
230,-1,219.35,311.37,25.76,14.44,0.8614,-1,-1,-1
230,-1,314.23,252.79,20.98,37.47,0.8476,-1,-1,-1
230,-1,700.91,286.70,18.92,12.17,0.3416,-1,-1,-1
231,-1,800.93,316.43,112.10,60.45,0.9465,-1,-1,-1
231,-1,958.23,342.14,65.77,61.71,0.9346,-1,-1,-1
231,-1,849.61,121.41,109.26,55.63,0.9317,-1,-1,-1
231,-1,281.16,354.64,48.36,26.81,0.9191,-1,-1,-1
231,-1,189.72,326.02,45.04,21.60,0.9047,-1,-1,-1
231,-1,843.75,190.47,36.69,25.93,0.9034,-1,-1,-1
231,-1,216.50,311.14,26.90,14.59,0.8659,-1,-1,-1
231,-1,311.53,252.33,21.17,37.73,0.8570,-1,-1,-1
232,-1,795.41,316.65,110.20,60.22,0.9486,-1,-1,-1
232,-1,841.74,121.72,109.20,55.57,0.9390,-1,-1,-1
232,-1,949.85,342.33,74.15,61.79,0.9379,-1,-1,-1
232,-1,278.23,354.56,49.25,26.71,0.9168,-1,-1,-1
232,-1,186.99,325.91,46.22,21.50,0.9072,-1,-1,-1
232,-1,836.41,190.75,36.24,25.72,0.9039,-1,-1,-1
232,-1,309.35,252.67,20.83,37.02,0.8632,-1,-1,-1
232,-1,214.11,310.91,27.01,14.92,0.8571,-1,-1,-1
232,-1,696.44,286.76,18.32,12.27,0.2569,-1,-1,-1
233,-1,789.33,316.97,109.37,60.14,0.9478,-1,-1,-1
233,-1,941.82,342.46,82.18,62.36,0.9439,-1,-1,-1
233,-1,833.95,122.06,109.16,55.47,0.9309,-1,-1,-1
233,-1,275.77,354.34,49.08,26.87,0.9147,-1,-1,-1
233,-1,829.38,191.08,35.66,25.79,0.9037,-1,-1,-1
233,-1,184.58,325.84,45.95,21.28,0.8986,-1,-1,-1
233,-1,306.66,253.43,20.96,36.64,0.8672,-1,-1,-1
233,-1,211.85,311.01,26.95,14.31,0.8575,-1,-1,-1
234,-1,933.35,342.94,90.65,62.29,0.9480,-1,-1,-1
234,-1,783.64,317.37,107.67,59.91,0.9474,-1,-1,-1
234,-1,826.01,122.56,108.54,55.58,0.9407,-1,-1,-1
234,-1,272.98,354.05,49.61,26.85,0.9159,-1,-1,-1
234,-1,822.18,191.40,35.28,26.01,0.9053,-1,-1,-1
234,-1,182.31,325.45,45.94,21.43,0.9017,-1,-1,-1
234,-1,209.15,310.53,27.00,14.61,0.8727,-1,-1,-1
234,-1,304.48,252.67,20.57,37.02,0.8574,-1,-1,-1
235,-1,925.66,343.82,98.34,62.03,0.9482,-1,-1,-1
235,-1,777.72,317.86,106.52,60.20,0.9479,-1,-1,-1
235,-1,817.89,122.71,108.75,56.08,0.9370,-1,-1,-1
235,-1,271.34,353.80,48.79,26.84,0.9158,-1,-1,-1
235,-1,814.83,191.96,35.37,25.74,0.9049,-1,-1,-1
235,-1,179.95,325.10,46.36,21.40,0.9042,-1,-1,-1
235,-1,206.98,310.42,26.99,14.62,0.8700,-1,-1,-1
235,-1,302.15,252.96,20.94,36.63,0.8642,-1,-1,-1
236,-1,917.17,344.64,104.14,61.83,0.9478,-1,-1,-1
236,-1,771.98,318.34,105.09,60.05,0.9442,-1,-1,-1
236,-1,809.61,123.03,109.28,55.62,0.9387,-1,-1,-1
236,-1,268.95,353.64,49.43,26.83,0.9132,-1,-1,-1
236,-1,177.45,324.65,45.89,21.46,0.9080,-1,-1,-1
236,-1,807.77,192.40,34.54,25.74,0.9017,-1,-1,-1
236,-1,204.22,310.17,27.58,14.14,0.8663,-1,-1,-1
236,-1,299.67,252.77,20.67,36.73,0.8634,-1,-1,-1
236,-1,998.05,297.80,25.64,34.13,0.4963,-1,-1,-1
236,-1,980.60,85.42,16.38,18.76,0.2506,-1,-1,-1
237,-1,909.34,344.94,102.24,62.18,0.9547,-1,-1,-1
237,-1,766.43,318.77,103.74,60.18,0.9428,-1,-1,-1
237,-1,802.67,123.42,108.12,55.66,0.9340,-1,-1,-1
237,-1,266.93,353.49,48.71,26.76,0.9128,-1,-1,-1
237,-1,175.26,324.18,46.48,21.74,0.9055,-1,-1,-1
237,-1,800.64,192.91,34.05,25.41,0.9036,-1,-1,-1
237,-1,202.76,309.86,26.23,14.03,0.8857,-1,-1,-1
237,-1,297.60,252.38,20.86,37.18,0.8689,-1,-1,-1
237,-1,995.45,298.20,28.55,33.41,0.8078,-1,-1,-1
237,-1,821.81,87.66,56.34,41.28,0.3221,-1,-1,-1
237,-1,584.55,295.69,19.73,12.10,0.2909,-1,-1,-1
238,-1,900.98,345.75,100.94,61.83,0.9501,-1,-1,-1
238,-1,794.67,124.04,107.76,55.24,0.9497,-1,-1,-1
238,-1,760.94,319.34,101.48,60.42,0.9441,-1,-1,-1
238,-1,264.16,353.20,49.56,27.02,0.9109,-1,-1,-1
238,-1,172.56,323.91,46.85,21.63,0.9056,-1,-1,-1
238,-1,793.78,193.31,33.48,25.39,0.9016,-1,-1,-1
238,-1,200.33,309.27,26.95,14.32,0.8879,-1,-1,-1
238,-1,295.14,252.63,21.33,36.53,0.8749,-1,-1,-1
238,-1,993.30,297.34,30.67,34.58,0.8220,-1,-1,-1
239,-1,892.87,346.26,99.85,61.84,0.9482,-1,-1,-1
239,-1,755.16,319.53,99.99,60.28,0.9433,-1,-1,-1
239,-1,786.93,124.59,107.86,55.03,0.9300,-1,-1,-1
239,-1,262.12,353.01,49.30,26.86,0.9137,-1,-1,-1
239,-1,170.41,323.56,46.41,21.68,0.9130,-1,-1,-1
239,-1,786.75,193.64,33.16,25.34,0.9044,-1,-1,-1
239,-1,197.97,308.89,26.69,14.32,0.8840,-1,-1,-1
239,-1,293.02,252.02,21.06,37.08,0.8663,-1,-1,-1
239,-1,991.53,297.44,31.74,36.27,0.8028,-1,-1,-1
240,-1,884.73,346.52,98.10,62.05,0.9506,-1,-1,-1
240,-1,749.21,319.90,98.76,59.92,0.9421,-1,-1,-1
240,-1,778.91,124.82,108.41,55.16,0.9342,-1,-1,-1
240,-1,260.20,352.63,48.60,26.99,0.9167,-1,-1,-1
240,-1,168.27,322.85,46.70,21.97,0.9114,-1,-1,-1
240,-1,779.67,194.06,32.66,25.30,0.9086,-1,-1,-1
240,-1,195.17,308.60,27.21,14.32,0.8881,-1,-1,-1
240,-1,290.57,251.66,21.11,38.30,0.8654,-1,-1,-1
240,-1,988.98,298.35,33.25,35.31,0.8474,-1,-1,-1
240,-1,677.01,288.06,18.44,12.80,0.6674,-1,-1,-1
240,-1,578.97,295.89,18.95,14.02,0.3258,-1,-1,-1
241,-1,876.61,347.08,96.82,61.78,0.9467,-1,-1,-1
241,-1,743.43,320.18,97.52,59.90,0.9427,-1,-1,-1
241,-1,770.72,125.17,108.36,55.16,0.9305,-1,-1,-1
241,-1,257.64,352.37,49.01,27.01,0.9113,-1,-1,-1
241,-1,772.53,194.14,32.04,25.59,0.9092,-1,-1,-1
241,-1,165.68,322.67,46.90,21.77,0.9080,-1,-1,-1
241,-1,986.92,298.37,33.22,36.10,0.8699,-1,-1,-1
241,-1,288.13,252.16,21.39,37.27,0.8686,-1,-1,-1
241,-1,192.60,308.24,27.81,14.34,0.8682,-1,-1,-1
241,-1,674.79,288.57,18.19,12.50,0.4971,-1,-1,-1
241,-1,798.84,88.65,62.63,54.33,0.2597,-1,-1,-1
242,-1,868.33,347.24,95.35,61.89,0.9491,-1,-1,-1
242,-1,737.82,320.22,95.65,59.84,0.9378,-1,-1,-1
242,-1,763.26,125.64,107.99,54.81,0.9352,-1,-1,-1
242,-1,162.82,322.46,48.13,21.78,0.9108,-1,-1,-1
242,-1,765.52,194.33,31.57,25.63,0.9081,-1,-1,-1
242,-1,255.70,352.33,48.59,27.02,0.9056,-1,-1,-1
242,-1,985.00,297.77,33.10,36.61,0.8758,-1,-1,-1
242,-1,190.06,308.14,27.97,14.25,0.8684,-1,-1,-1
242,-1,285.90,251.58,21.46,37.16,0.8648,-1,-1,-1
242,-1,792.61,88.99,63.96,54.57,0.5963,-1,-1,-1
242,-1,671.72,288.32,18.81,12.76,0.5003,-1,-1,-1
243,-1,859.91,347.33,94.26,61.90,0.9487,-1,-1,-1
243,-1,731.66,320.36,94.60,60.18,0.9419,-1,-1,-1
243,-1,754.92,125.38,107.98,55.00,0.9307,-1,-1,-1
243,-1,160.45,322.19,47.56,21.81,0.9138,-1,-1,-1
243,-1,253.09,352.04,49.27,27.06,0.9090,-1,-1,-1
243,-1,758.38,194.40,31.04,25.66,0.9057,-1,-1,-1
243,-1,187.14,307.91,28.35,14.36,0.8813,-1,-1,-1
243,-1,982.77,298.22,33.05,36.29,0.8637,-1,-1,-1
243,-1,283.38,251.66,21.91,37.02,0.8616,-1,-1,-1
243,-1,787.12,88.96,69.07,55.58,0.4251,-1,-1,-1
243,-1,572.88,296.33,18.78,17.24,0.3812,-1,-1,-1
243,-1,943.35,352.84,33.90,12.84,0.2674,-1,-1,-1
243,-1,669.48,288.62,18.29,12.62,0.2586,-1,-1,-1
244,-1,851.57,347.30,92.74,62.01,0.9473,-1,-1,-1
244,-1,725.63,320.41,93.64,60.47,0.9399,-1,-1,-1
244,-1,746.91,125.57,107.53,54.70,0.9345,-1,-1,-1
244,-1,251.03,352.05,48.77,26.92,0.9117,-1,-1,-1
244,-1,158.13,322.09,47.89,21.81,0.9096,-1,-1,-1
244,-1,750.75,194.45,30.63,25.42,0.9056,-1,-1,-1
244,-1,280.80,251.20,22.46,36.41,0.8777,-1,-1,-1
244,-1,184.60,307.97,28.69,14.19,0.8754,-1,-1,-1
244,-1,980.16,298.00,33.31,36.60,0.8503,-1,-1,-1
244,-1,780.22,89.27,66.69,59.90,0.6951,-1,-1,-1
244,-1,570.66,296.38,18.90,15.57,0.4839,-1,-1,-1
244,-1,940.42,352.96,34.37,12.97,0.3403,-1,-1,-1
245,-1,843.07,347.23,92.07,62.09,0.9506,-1,-1,-1
245,-1,720.28,320.31,92.33,59.73,0.9396,-1,-1,-1
245,-1,738.91,125.44,107.18,54.98,0.9313,-1,-1,-1
245,-1,155.96,322.09,47.65,21.83,0.9114,-1,-1,-1
245,-1,248.57,352.17,48.77,26.88,0.9067,-1,-1,-1
245,-1,743.22,194.33,30.51,25.59,0.9046,-1,-1,-1
245,-1,183.01,307.80,27.80,14.27,0.8704,-1,-1,-1
245,-1,977.98,298.63,33.34,35.47,0.8640,-1,-1,-1
245,-1,278.51,251.60,22.89,36.67,0.8631,-1,-1,-1
245,-1,664.99,289.17,17.93,12.09,0.4837,-1,-1,-1
245,-1,938.29,352.77,34.17,13.03,0.3961,-1,-1,-1
245,-1,775.01,89.00,68.15,64.86,0.2655,-1,-1,-1
246,-1,834.69,346.97,90.86,62.29,0.9474,-1,-1,-1
246,-1,714.10,320.18,90.88,60.48,0.9410,-1,-1,-1
246,-1,730.72,125.41,107.32,54.95,0.9340,-1,-1,-1
246,-1,246.09,352.22,49.21,26.85,0.9108,-1,-1,-1
246,-1,735.34,194.37,30.66,25.40,0.9090,-1,-1,-1
246,-1,153.05,322.19,48.66,21.75,0.9059,-1,-1,-1
246,-1,975.29,297.69,33.75,36.84,0.8768,-1,-1,-1
246,-1,180.18,307.97,28.33,14.32,0.8663,-1,-1,-1
246,-1,275.63,251.50,22.62,37.93,0.8656,-1,-1,-1
246,-1,662.33,288.84,17.86,12.27,0.7170,-1,-1,-1
246,-1,768.10,88.85,67.65,68.32,0.6393,-1,-1,-1
246,-1,936.41,352.80,33.88,12.91,0.2975,-1,-1,-1
247,-1,825.94,346.83,89.61,62.16,0.9491,-1,-1,-1
247,-1,707.89,320.14,90.02,60.13,0.9369,-1,-1,-1
247,-1,722.27,125.27,106.98,54.69,0.9342,-1,-1,-1
247,-1,243.97,352.15,48.64,27.00,0.9132,-1,-1,-1
247,-1,150.71,322.27,48.59,21.80,0.9091,-1,-1,-1
247,-1,728.06,194.05,29.49,25.70,0.8983,-1,-1,-1
247,-1,273.42,251.52,23.06,36.32,0.8792,-1,-1,-1
247,-1,176.94,308.22,29.38,14.17,0.8684,-1,-1,-1
247,-1,973.08,297.65,33.09,36.44,0.8436,-1,-1,-1
247,-1,564.29,296.30,18.72,17.16,0.4505,-1,-1,-1
247,-1,760.65,88.64,67.96,83.53,0.4239,-1,-1,-1
247,-1,934.00,352.71,33.86,12.73,0.3489,-1,-1,-1
247,-1,760.67,88.65,67.40,83.14,0.2914,-1,-1,-1
248,-1,817.35,346.31,88.38,62.31,0.9446,-1,-1,-1
248,-1,713.93,125.00,105.50,54.38,0.9441,-1,-1,-1
248,-1,702.04,319.99,88.40,60.41,0.9378,-1,-1,-1
248,-1,241.50,352.35,49.02,26.94,0.9109,-1,-1,-1
248,-1,148.18,322.58,48.22,21.69,0.9107,-1,-1,-1
248,-1,720.61,193.74,28.78,25.54,0.8934,-1,-1,-1
248,-1,175.94,308.14,27.81,14.56,0.8714,-1,-1,-1
248,-1,270.88,251.69,21.79,36.46,0.8561,-1,-1,-1
248,-1,970.77,297.26,33.18,36.10,0.6678,-1,-1,-1
248,-1,755.08,88.44,64.72,86.56,0.4044,-1,-1,-1
248,-1,932.01,352.20,33.39,12.82,0.3944,-1,-1,-1
248,-1,754.61,88.45,65.41,88.18,0.3050,-1,-1,-1
248,-1,627.11,306.23,27.32,15.80,0.2871,-1,-1,-1
248,-1,657.07,289.14,17.96,11.78,0.2554,-1,-1,-1
249,-1,808.89,345.83,87.19,62.29,0.9474,-1,-1,-1
249,-1,695.92,319.64,87.03,60.43,0.9385,-1,-1,-1
249,-1,705.71,124.76,105.87,54.67,0.9344,-1,-1,-1
249,-1,238.85,352.58,49.22,27.03,0.9111,-1,-1,-1
249,-1,145.43,322.82,49.08,21.75,0.9095,-1,-1,-1
249,-1,712.86,193.95,28.73,25.06,0.8893,-1,-1,-1
249,-1,173.59,308.66,27.12,14.44,0.8784,-1,-1,-1
249,-1,267.85,252.05,21.28,35.92,0.8668,-1,-1,-1
249,-1,968.26,297.02,33.45,35.49,0.8467,-1,-1,-1
249,-1,748.08,88.19,62.50,87.39,0.5505,-1,-1,-1
249,-1,654.42,288.88,17.92,11.91,0.5481,-1,-1,-1
249,-1,559.01,295.91,19.91,14.44,0.2515,-1,-1,-1
250,-1,800.45,345.53,85.44,62.08,0.9448,-1,-1,-1
250,-1,689.35,319.44,86.13,60.54,0.9370,-1,-1,-1
250,-1,696.63,124.38,106.25,54.57,0.9353,-1,-1,-1
250,-1,236.57,352.78,49.34,27.00,0.9136,-1,-1,-1
250,-1,143.27,323.12,48.59,21.85,0.9116,-1,-1,-1
250,-1,704.99,193.48,28.81,25.16,0.8925,-1,-1,-1
250,-1,170.87,309.13,27.35,14.25,0.8741,-1,-1,-1
250,-1,265.77,252.51,20.69,36.36,0.8737,-1,-1,-1
250,-1,740.98,87.94,62.00,90.63,0.7001,-1,-1,-1
250,-1,965.47,293.76,33.33,38.88,0.6397,-1,-1,-1
250,-1,1007.69,143.53,16.31,66.27,0.4604,-1,-1,-1
250,-1,557.46,295.87,18.76,17.07,0.4251,-1,-1,-1
251,-1,791.54,345.15,84.40,62.16,0.9456,-1,-1,-1
251,-1,683.65,319.26,84.50,60.43,0.9346,-1,-1,-1
251,-1,687.88,124.06,105.74,54.75,0.9338,-1,-1,-1
251,-1,233.78,353.07,49.35,26.88,0.9111,-1,-1,-1
251,-1,140.51,323.65,48.38,21.87,0.8994,-1,-1,-1
251,-1,697.33,192.51,27.80,25.94,0.8961,-1,-1,-1
251,-1,168.14,309.39,27.78,14.50,0.8798,-1,-1,-1
251,-1,263.14,252.35,21.03,36.46,0.8693,-1,-1,-1
251,-1,997.51,138.19,26.49,71.53,0.7866,-1,-1,-1
251,-1,963.23,294.73,33.41,36.81,0.7687,-1,-1,-1
251,-1,734.25,87.78,60.37,92.99,0.6895,-1,-1,-1
251,-1,554.26,295.53,20.24,17.12,0.4969,-1,-1,-1
251,-1,924.95,350.74,33.79,12.85,0.3533,-1,-1,-1
252,-1,783.10,344.73,83.27,62.21,0.9424,-1,-1,-1
252,-1,677.23,318.78,83.44,60.52,0.9393,-1,-1,-1
252,-1,679.10,123.83,105.46,54.30,0.9316,-1,-1,-1
252,-1,231.49,353.50,49.17,26.72,0.9175,-1,-1,-1
252,-1,137.81,324.06,49.66,21.68,0.9098,-1,-1,-1
252,-1,689.36,192.42,27.55,25.66,0.8958,-1,-1,-1
252,-1,260.21,252.76,20.52,36.47,0.8615,-1,-1,-1
252,-1,165.64,309.74,28.09,14.45,0.8582,-1,-1,-1
252,-1,988.19,136.16,35.81,69.45,0.8517,-1,-1,-1
252,-1,960.43,296.44,33.29,34.53,0.8454,-1,-1,-1
252,-1,727.50,87.36,59.71,92.54,0.6949,-1,-1,-1
252,-1,551.49,295.38,20.50,14.01,0.4320,-1,-1,-1
253,-1,774.05,344.01,82.22,62.80,0.9451,-1,-1,-1
253,-1,671.58,318.43,81.42,60.79,0.9323,-1,-1,-1
253,-1,669.52,123.61,106.90,54.29,0.9318,-1,-1,-1
253,-1,229.00,353.89,49.58,26.63,0.9132,-1,-1,-1
253,-1,978.57,132.06,45.32,72.22,0.9127,-1,-1,-1
253,-1,135.58,324.63,48.85,21.48,0.9040,-1,-1,-1
253,-1,681.54,192.25,27.07,25.59,0.8988,-1,-1,-1
253,-1,257.83,253.11,20.46,36.50,0.8710,-1,-1,-1
253,-1,162.36,310.00,28.64,14.36,0.8632,-1,-1,-1
253,-1,958.58,288.24,33.02,43.29,0.8489,-1,-1,-1
253,-1,720.16,87.25,59.00,91.77,0.7925,-1,-1,-1
253,-1,644.31,288.19,17.20,11.82,0.2922,-1,-1,-1
254,-1,665.59,317.96,80.11,61.36,0.9476,-1,-1,-1
254,-1,765.44,343.74,81.58,62.56,0.9444,-1,-1,-1
254,-1,662.02,123.24,105.87,54.40,0.9334,-1,-1,-1
254,-1,226.37,353.98,49.75,26.90,0.9141,-1,-1,-1
254,-1,969.12,132.06,54.88,77.41,0.9064,-1,-1,-1
254,-1,673.78,191.98,26.48,25.61,0.8985,-1,-1,-1
254,-1,132.99,324.96,49.51,21.66,0.8978,-1,-1,-1
254,-1,254.76,253.20,21.14,36.53,0.8670,-1,-1,-1
254,-1,159.98,310.32,27.89,14.61,0.8633,-1,-1,-1
254,-1,713.60,86.67,57.59,91.50,0.8094,-1,-1,-1
254,-1,547.22,295.67,20.19,17.80,0.7669,-1,-1,-1
254,-1,955.96,290.00,32.89,40.01,0.6849,-1,-1,-1
254,-1,713.55,86.61,57.56,89.85,0.3913,-1,-1,-1
254,-1,918.10,349.11,33.21,12.91,0.2755,-1,-1,-1
255,-1,756.70,343.57,79.73,62.49,0.9426,-1,-1,-1
255,-1,659.11,317.81,79.04,60.91,0.9354,-1,-1,-1
255,-1,653.72,123.11,104.99,54.30,0.9328,-1,-1,-1
255,-1,223.86,354.26,49.94,26.91,0.9202,-1,-1,-1
255,-1,959.48,130.25,64.52,79.33,0.9162,-1,-1,-1
255,-1,130.16,325.37,49.80,21.71,0.9101,-1,-1,-1
255,-1,665.97,192.07,25.97,25.48,0.9009,-1,-1,-1
255,-1,252.12,253.81,20.77,35.85,0.8654,-1,-1,-1
255,-1,156.89,310.60,28.68,15.22,0.8551,-1,-1,-1
255,-1,707.28,86.83,55.49,89.59,0.7738,-1,-1,-1
255,-1,953.69,288.96,32.39,39.30,0.7209,-1,-1,-1
255,-1,638.75,287.68,17.04,12.01,0.5110,-1,-1,-1
255,-1,614.96,313.46,19.02,18.35,0.5065,-1,-1,-1
255,-1,545.88,295.37,20.25,19.38,0.4572,-1,-1,-1
255,-1,915.82,348.57,33.87,12.99,0.3991,-1,-1,-1
256,-1,748.13,343.31,78.44,62.50,0.9458,-1,-1,-1
256,-1,652.19,317.60,78.58,60.70,0.9401,-1,-1,-1
256,-1,644.01,123.17,106.24,53.75,0.9309,-1,-1,-1
256,-1,950.55,129.96,73.45,81.03,0.9282,-1,-1,-1
256,-1,222.04,354.66,49.20,27.12,0.9130,-1,-1,-1
256,-1,127.49,325.75,49.91,21.71,0.9074,-1,-1,-1
256,-1,658.06,191.93,25.89,25.43,0.8974,-1,-1,-1
256,-1,249.80,253.97,20.47,35.59,0.8803,-1,-1,-1
256,-1,154.82,311.18,28.33,14.43,0.8504,-1,-1,-1
256,-1,950.75,286.38,33.34,43.00,0.8116,-1,-1,-1
256,-1,699.94,86.38,54.70,87.88,0.7335,-1,-1,-1
256,-1,913.72,348.23,33.42,12.92,0.5003,-1,-1,-1
256,-1,543.36,295.37,19.66,18.48,0.4823,-1,-1,-1
256,-1,699.49,86.04,54.66,87.58,0.2678,-1,-1,-1
257,-1,941.41,129.55,82.59,81.09,0.9406,-1,-1,-1
257,-1,739.38,342.91,77.29,62.56,0.9396,-1,-1,-1
257,-1,646.57,317.39,77.21,60.36,0.9368,-1,-1,-1
257,-1,635.46,123.03,105.85,53.57,0.9351,-1,-1,-1
257,-1,220.31,354.78,48.87,27.16,0.9156,-1,-1,-1
257,-1,125.12,326.11,49.63,21.65,0.9037,-1,-1,-1
257,-1,650.30,191.68,25.51,25.66,0.8976,-1,-1,-1
257,-1,247.11,253.87,20.92,35.99,0.8715,-1,-1,-1
257,-1,152.02,311.27,28.06,14.91,0.8554,-1,-1,-1
257,-1,948.49,288.84,33.24,39.37,0.8493,-1,-1,-1
257,-1,692.89,86.01,53.46,88.57,0.7377,-1,-1,-1
257,-1,539.99,295.58,21.30,18.34,0.6379,-1,-1,-1
257,-1,911.17,347.97,33.22,12.94,0.4362,-1,-1,-1
258,-1,932.35,129.51,91.63,80.35,0.9435,-1,-1,-1
258,-1,730.74,342.84,76.10,62.63,0.9404,-1,-1,-1
258,-1,627.32,122.75,105.93,53.86,0.9332,-1,-1,-1
258,-1,641.03,317.46,75.02,61.10,0.9321,-1,-1,-1
258,-1,216.81,354.98,49.91,27.27,0.9181,-1,-1,-1
258,-1,122.64,326.14,49.88,21.82,0.9023,-1,-1,-1
258,-1,642.52,191.72,25.11,25.46,0.8953,-1,-1,-1
258,-1,244.33,254.60,20.89,35.29,0.8619,-1,-1,-1
258,-1,149.22,311.36,29.35,15.41,0.8491,-1,-1,-1
258,-1,945.91,287.08,32.80,41.31,0.7982,-1,-1,-1
258,-1,686.79,85.99,51.31,88.22,0.7750,-1,-1,-1
258,-1,538.04,295.44,21.78,18.38,0.6807,-1,-1,-1
258,-1,909.06,347.59,33.48,12.96,0.5283,-1,-1,-1
258,-1,630.65,287.16,17.27,12.01,0.4647,-1,-1,-1
258,-1,686.80,85.42,50.77,88.81,0.3394,-1,-1,-1
259,-1,922.95,129.48,101.05,80.13,0.9516,-1,-1,-1
259,-1,722.08,342.69,75.68,62.82,0.9394,-1,-1,-1
259,-1,634.99,317.35,73.85,60.72,0.9384,-1,-1,-1
259,-1,619.09,122.85,105.00,53.58,0.9357,-1,-1,-1
259,-1,214.54,355.29,50.01,27.13,0.9166,-1,-1,-1
259,-1,120.23,326.31,50.29,21.71,0.9067,-1,-1,-1
259,-1,634.96,191.55,24.98,25.59,0.8990,-1,-1,-1
259,-1,241.97,254.19,20.95,35.67,0.8640,-1,-1,-1
259,-1,147.28,311.84,28.99,14.72,0.8443,-1,-1,-1
259,-1,943.83,285.94,33.10,42.41,0.8114,-1,-1,-1
259,-1,679.85,86.07,49.96,86.24,0.7849,-1,-1,-1
259,-1,906.93,347.52,33.02,12.88,0.5516,-1,-1,-1
259,-1,628.55,287.19,16.68,12.14,0.5460,-1,-1,-1
259,-1,606.66,312.45,19.26,18.64,0.4756,-1,-1,-1
259,-1,603.17,296.94,24.36,16.73,0.4524,-1,-1,-1
259,-1,535.30,295.33,21.97,17.89,0.3653,-1,-1,-1
260,-1,914.06,129.19,109.94,80.84,0.9468,-1,-1,-1
260,-1,713.56,342.77,74.18,62.52,0.9407,-1,-1,-1
260,-1,611.13,122.96,105.42,53.55,0.9344,-1,-1,-1
260,-1,628.32,317.45,73.19,60.74,0.9332,-1,-1,-1
260,-1,212.45,355.28,49.97,27.01,0.9118,-1,-1,-1
260,-1,117.90,326.48,50.28,21.58,0.9018,-1,-1,-1
260,-1,627.42,191.87,24.60,25.49,0.8929,-1,-1,-1
260,-1,239.27,254.44,21.01,35.56,0.8729,-1,-1,-1
260,-1,144.21,311.78,29.06,15.00,0.8470,-1,-1,-1
260,-1,673.47,86.02,48.78,79.99,0.8110,-1,-1,-1
260,-1,942.13,285.76,32.22,43.09,0.7306,-1,-1,-1
260,-1,534.36,295.54,20.18,17.91,0.5437,-1,-1,-1
260,-1,904.64,347.41,33.03,12.98,0.4348,-1,-1,-1
260,-1,625.53,287.30,16.69,12.29,0.3720,-1,-1,-1
260,-1,955.71,285.14,18.65,37.88,0.2653,-1,-1,-1
261,-1,904.86,129.21,119.14,81.21,0.9548,-1,-1,-1
261,-1,704.93,342.79,72.99,62.77,0.9405,-1,-1,-1
261,-1,622.36,317.41,72.50,60.72,0.9375,-1,-1,-1
261,-1,603.09,122.44,104.66,54.42,0.9354,-1,-1,-1
261,-1,210.14,355.26,49.30,27.16,0.9182,-1,-1,-1
261,-1,619.85,191.87,24.35,25.61,0.9051,-1,-1,-1
261,-1,115.07,326.23,50.49,21.84,0.9018,-1,-1,-1
261,-1,236.67,254.15,21.31,35.96,0.8604,-1,-1,-1
261,-1,141.71,311.79,29.58,15.36,0.8466,-1,-1,-1
261,-1,667.05,86.29,47.58,88.72,0.7813,-1,-1,-1
261,-1,939.10,285.33,33.17,43.16,0.7142,-1,-1,-1
261,-1,530.69,295.62,22.23,17.74,0.5813,-1,-1,-1
261,-1,902.07,347.50,33.32,13.01,0.3602,-1,-1,-1
261,-1,622.93,287.15,17.10,12.12,0.3540,-1,-1,-1
262,-1,896.25,129.38,125.71,81.73,0.9488,-1,-1,-1
262,-1,696.51,343.21,71.57,62.44,0.9404,-1,-1,-1
262,-1,594.44,122.67,106.20,54.51,0.9357,-1,-1,-1
262,-1,616.85,317.76,71.17,59.91,0.9320,-1,-1,-1
262,-1,207.57,355.15,49.61,27.14,0.9261,-1,-1,-1
262,-1,112.57,326.24,50.62,21.73,0.9075,-1,-1,-1
262,-1,612.50,191.66,24.07,25.83,0.9003,-1,-1,-1
262,-1,234.34,254.03,21.38,35.73,0.8876,-1,-1,-1
262,-1,139.53,311.80,29.01,15.13,0.8442,-1,-1,-1
262,-1,936.97,288.49,32.70,39.78,0.7737,-1,-1,-1
262,-1,529.52,295.54,22.19,17.67,0.7290,-1,-1,-1
262,-1,661.34,86.74,45.22,87.86,0.5382,-1,-1,-1
262,-1,661.21,86.66,45.42,87.83,0.4501,-1,-1,-1
262,-1,900.23,347.59,33.28,13.10,0.3948,-1,-1,-1
263,-1,886.93,130.02,125.05,80.57,0.9536,-1,-1,-1
263,-1,687.96,343.24,70.76,62.65,0.9398,-1,-1,-1
263,-1,610.93,317.80,69.64,59.28,0.9360,-1,-1,-1
263,-1,587.06,123.04,104.09,54.17,0.9345,-1,-1,-1
263,-1,205.59,355.01,49.37,27.10,0.9117,-1,-1,-1
263,-1,110.00,326.22,51.23,21.60,0.9038,-1,-1,-1
263,-1,604.96,191.94,24.23,25.63,0.8954,-1,-1,-1
263,-1,231.71,254.23,21.53,35.61,0.8634,-1,-1,-1
263,-1,137.32,311.25,28.80,14.96,0.8486,-1,-1,-1
263,-1,527.50,295.31,20.71,18.70,0.7579,-1,-1,-1
263,-1,654.95,86.60,43.72,87.74,0.7458,-1,-1,-1
263,-1,934.88,285.65,32.48,43.44,0.7440,-1,-1,-1
263,-1,897.75,347.96,33.23,12.96,0.4888,-1,-1,-1
263,-1,599.08,312.02,18.97,19.56,0.3728,-1,-1,-1
264,-1,878.92,130.43,121.48,80.69,0.9511,-1,-1,-1
264,-1,679.38,343.66,70.27,62.33,0.9427,-1,-1,-1
264,-1,578.61,123.00,105.25,54.28,0.9341,-1,-1,-1
264,-1,604.79,318.19,68.49,59.82,0.9317,-1,-1,-1
264,-1,202.95,354.76,49.85,27.00,0.9187,-1,-1,-1
264,-1,107.27,326.03,51.49,21.54,0.9001,-1,-1,-1
264,-1,597.68,192.35,23.91,25.31,0.8853,-1,-1,-1
264,-1,932.07,287.07,33.59,42.50,0.8708,-1,-1,-1
264,-1,229.77,253.57,21.51,36.71,0.8652,-1,-1,-1
264,-1,135.82,310.73,28.16,15.20,0.8597,-1,-1,-1
264,-1,524.99,295.60,21.12,17.68,0.8055,-1,-1,-1
264,-1,648.77,86.82,42.26,87.21,0.6961,-1,-1,-1
264,-1,895.80,348.30,32.73,13.07,0.2675,-1,-1,-1
265,-1,870.20,130.54,120.56,81.38,0.9511,-1,-1,-1
265,-1,598.47,318.24,68.04,60.09,0.9387,-1,-1,-1
265,-1,671.02,343.69,68.92,62.59,0.9377,-1,-1,-1
265,-1,570.91,123.47,104.24,53.98,0.9348,-1,-1,-1
265,-1,200.49,354.54,50.08,26.77,0.9239,-1,-1,-1
265,-1,105.19,325.68,51.50,21.53,0.9068,-1,-1,-1
265,-1,590.40,192.00,24.03,25.92,0.8918,-1,-1,-1
265,-1,227.04,253.62,21.47,36.27,0.8648,-1,-1,-1
265,-1,929.91,288.25,33.07,41.14,0.8529,-1,-1,-1
265,-1,132.59,310.51,29.30,14.88,0.8212,-1,-1,-1
265,-1,522.62,295.63,21.77,18.59,0.7761,-1,-1,-1
265,-1,643.15,86.74,39.59,86.21,0.6796,-1,-1,-1
265,-1,893.99,348.63,32.58,13.02,0.3471,-1,-1,-1
265,-1,587.46,295.77,27.68,17.72,0.2793,-1,-1,-1
266,-1,861.82,131.03,118.23,81.79,0.9523,-1,-1,-1
266,-1,661.93,344.02,68.52,62.52,0.9406,-1,-1,-1
266,-1,563.08,123.58,104.84,54.26,0.9337,-1,-1,-1
266,-1,593.11,318.48,65.92,59.96,0.9301,-1,-1,-1
266,-1,198.15,354.11,50.06,26.92,0.9147,-1,-1,-1
266,-1,102.65,325.12,52.28,21.65,0.9085,-1,-1,-1
266,-1,583.10,192.37,23.38,25.79,0.8828,-1,-1,-1
266,-1,225.21,253.40,21.37,35.80,0.8749,-1,-1,-1
266,-1,130.24,310.53,29.87,14.20,0.8529,-1,-1,-1
266,-1,927.85,286.75,32.56,43.59,0.8321,-1,-1,-1
266,-1,520.24,295.70,22.04,17.28,0.8160,-1,-1,-1
266,-1,636.49,87.11,38.56,79.79,0.7642,-1,-1,-1
267,-1,853.25,131.44,116.41,82.21,0.9531,-1,-1,-1
267,-1,653.71,344.21,67.73,62.63,0.9364,-1,-1,-1
267,-1,555.31,123.76,104.15,54.12,0.9331,-1,-1,-1
267,-1,587.24,318.64,64.70,60.04,0.9231,-1,-1,-1
267,-1,196.12,353.87,49.91,26.71,0.9153,-1,-1,-1
267,-1,100.62,324.73,51.73,21.60,0.9007,-1,-1,-1
267,-1,576.09,193.09,22.59,25.13,0.8798,-1,-1,-1
267,-1,222.60,253.23,21.53,36.09,0.8751,-1,-1,-1
267,-1,926.42,287.13,32.13,44.60,0.8728,-1,-1,-1
267,-1,127.78,309.84,29.42,14.63,0.8712,-1,-1,-1
267,-1,631.13,87.22,35.83,85.87,0.8111,-1,-1,-1
267,-1,518.23,295.59,20.57,18.05,0.7127,-1,-1,-1
268,-1,845.22,131.98,113.71,82.32,0.9511,-1,-1,-1
268,-1,645.40,344.19,66.41,62.91,0.9407,-1,-1,-1
268,-1,547.48,123.95,105.04,54.27,0.9309,-1,-1,-1
268,-1,581.60,318.68,63.58,60.42,0.9218,-1,-1,-1
268,-1,193.35,353.43,50.69,26.97,0.9168,-1,-1,-1
268,-1,97.89,324.27,52.37,21.59,0.9074,-1,-1,-1
268,-1,568.69,192.55,22.11,25.74,0.8863,-1,-1,-1
268,-1,220.27,252.69,21.42,36.83,0.8669,-1,-1,-1
268,-1,125.05,309.56,30.18,14.61,0.8563,-1,-1,-1
268,-1,515.48,295.76,21.10,17.91,0.8227,-1,-1,-1
268,-1,923.18,287.02,33.80,43.65,0.7629,-1,-1,-1
268,-1,624.93,87.42,33.98,79.81,0.7457,-1,-1,-1
268,-1,887.22,350.22,32.36,12.71,0.4923,-1,-1,-1
268,-1,934.50,286.80,22.43,42.07,0.3511,-1,-1,-1
269,-1,836.75,132.68,112.72,81.10,0.9534,-1,-1,-1
269,-1,539.61,124.01,104.70,54.26,0.9351,-1,-1,-1
269,-1,637.28,344.69,65.92,62.51,0.9342,-1,-1,-1
269,-1,576.09,318.68,61.70,60.57,0.9319,-1,-1,-1
269,-1,95.67,323.76,52.06,21.73,0.9125,-1,-1,-1
269,-1,191.88,353.05,49.98,27.07,0.9116,-1,-1,-1
269,-1,561.67,192.82,22.30,25.81,0.8856,-1,-1,-1
269,-1,123.35,309.02,29.10,14.79,0.8782,-1,-1,-1
269,-1,218.11,252.67,21.41,35.70,0.8770,-1,-1,-1
269,-1,921.19,291.19,33.01,40.36,0.7905,-1,-1,-1
269,-1,512.96,295.48,21.66,19.52,0.7570,-1,-1,-1
269,-1,619.12,87.32,31.06,85.14,0.6099,-1,-1,-1
269,-1,885.01,350.68,32.78,12.77,0.5768,-1,-1,-1
270,-1,828.73,132.98,109.72,80.86,0.9542,-1,-1,-1
270,-1,629.08,344.39,65.53,62.88,0.9379,-1,-1,-1
270,-1,531.99,123.97,104.42,54.42,0.9316,-1,-1,-1
270,-1,570.25,319.01,61.26,60.16,0.9223,-1,-1,-1
270,-1,93.16,323.32,52.44,21.74,0.9121,-1,-1,-1
270,-1,189.70,352.80,49.91,26.91,0.9095,-1,-1,-1
270,-1,554.38,192.90,22.41,25.65,0.8854,-1,-1,-1
270,-1,120.80,308.69,29.11,14.76,0.8811,-1,-1,-1
270,-1,215.49,252.38,21.79,36.54,0.8661,-1,-1,-1
270,-1,919.07,287.50,32.88,45.54,0.7886,-1,-1,-1
270,-1,612.85,87.63,29.07,74.20,0.2990,-1,-1,-1
270,-1,511.67,295.66,21.53,17.82,0.2726,-1,-1,-1
271,-1,820.21,133.51,107.61,81.06,0.9526,-1,-1,-1
271,-1,524.11,124.00,104.08,54.18,0.9360,-1,-1,-1
271,-1,620.30,344.79,65.16,62.62,0.9344,-1,-1,-1
271,-1,564.90,319.37,58.68,59.73,0.9173,-1,-1,-1
271,-1,187.38,352.45,49.37,27.06,0.9119,-1,-1,-1
271,-1,91.08,322.83,52.26,21.77,0.9083,-1,-1,-1
271,-1,118.90,308.19,29.24,14.86,0.8888,-1,-1,-1
271,-1,547.03,192.58,22.02,26.01,0.8888,-1,-1,-1
271,-1,213.30,251.88,21.64,36.67,0.8648,-1,-1,-1
271,-1,916.39,287.34,33.61,43.58,0.6981,-1,-1,-1
271,-1,930.24,286.90,19.42,38.76,0.6745,-1,-1,-1
271,-1,607.38,87.92,26.06,72.73,0.5411,-1,-1,-1
271,-1,508.76,295.81,20.53,18.01,0.4417,-1,-1,-1
271,-1,880.89,351.60,32.69,12.76,0.3267,-1,-1,-1
272,-1,811.17,133.82,107.04,80.86,0.9554,-1,-1,-1
272,-1,611.49,344.93,64.57,62.60,0.9355,-1,-1,-1
272,-1,516.16,123.90,104.10,54.11,0.9319,-1,-1,-1
272,-1,559.36,319.15,55.55,60.25,0.9215,-1,-1,-1
272,-1,184.88,352.21,50.05,26.90,0.9128,-1,-1,-1
272,-1,88.62,322.50,52.27,21.79,0.9115,-1,-1,-1
272,-1,539.85,192.70,21.88,26.21,0.8955,-1,-1,-1
272,-1,116.01,307.96,29.10,14.61,0.8735,-1,-1,-1
272,-1,210.85,251.69,21.75,35.96,0.8630,-1,-1,-1
272,-1,914.49,294.73,33.07,37.64,0.7685,-1,-1,-1
272,-1,600.92,88.02,24.38,70.83,0.6737,-1,-1,-1
272,-1,507.09,295.85,19.82,17.61,0.4494,-1,-1,-1
272,-1,600.90,87.91,24.47,71.40,0.3564,-1,-1,-1
273,-1,802.02,133.99,105.47,80.83,0.9517,-1,-1,-1
273,-1,602.49,345.15,64.42,62.67,0.9417,-1,-1,-1
273,-1,508.78,124.00,103.52,54.67,0.9365,-1,-1,-1
273,-1,182.49,352.09,50.38,26.72,0.9129,-1,-1,-1
273,-1,86.20,322.09,53.25,21.84,0.9125,-1,-1,-1
273,-1,532.51,192.73,21.78,26.27,0.8964,-1,-1,-1
273,-1,552.97,318.64,54.28,60.50,0.8923,-1,-1,-1
273,-1,208.51,251.56,21.81,35.80,0.8674,-1,-1,-1
273,-1,113.61,307.79,29.68,14.02,0.8645,-1,-1,-1
273,-1,912.24,288.11,32.86,44.71,0.8122,-1,-1,-1
273,-1,504.40,295.91,19.91,18.15,0.6163,-1,-1,-1
273,-1,594.90,87.71,21.71,69.26,0.5630,-1,-1,-1
273,-1,852.50,279.44,39.39,22.64,0.3176,-1,-1,-1
273,-1,553.88,337.24,53.11,41.96,0.2668,-1,-1,-1
274,-1,793.25,134.22,102.88,80.88,0.9546,-1,-1,-1
274,-1,593.24,345.35,64.94,62.29,0.9331,-1,-1,-1
274,-1,500.42,124.05,103.76,54.42,0.9316,-1,-1,-1
274,-1,546.23,318.83,53.09,60.83,0.9217,-1,-1,-1
274,-1,180.64,351.82,49.38,26.84,0.9108,-1,-1,-1
274,-1,83.80,321.95,53.03,21.84,0.9050,-1,-1,-1
274,-1,524.83,192.78,22.18,26.15,0.8955,-1,-1,-1
274,-1,206.05,251.49,21.85,36.21,0.8639,-1,-1,-1
274,-1,910.31,290.35,32.20,42.48,0.8575,-1,-1,-1
274,-1,111.70,307.60,28.78,13.97,0.8488,-1,-1,-1
275,-1,784.46,134.20,101.71,80.85,0.9555,-1,-1,-1
275,-1,491.86,123.57,104.69,54.58,0.9374,-1,-1,-1
275,-1,584.02,345.15,65.48,62.38,0.9367,-1,-1,-1
275,-1,177.77,351.68,50.11,26.92,0.9134,-1,-1,-1
275,-1,540.04,319.14,51.49,60.31,0.9133,-1,-1,-1
275,-1,81.27,321.97,53.45,21.78,0.9091,-1,-1,-1
275,-1,517.26,192.67,21.67,25.99,0.8927,-1,-1,-1
275,-1,108.84,307.47,29.81,14.52,0.8703,-1,-1,-1
275,-1,203.62,250.93,21.63,36.83,0.8624,-1,-1,-1
275,-1,907.42,288.80,33.12,44.32,0.7772,-1,-1,-1
275,-1,500.14,295.52,18.29,18.54,0.5954,-1,-1,-1
275,-1,848.86,279.82,37.06,22.44,0.4577,-1,-1,-1
275,-1,872.23,352.55,31.87,12.73,0.2695,-1,-1,-1
276,-1,775.13,134.18,101.12,80.77,0.9540,-1,-1,-1
276,-1,574.79,345.18,65.30,62.39,0.9337,-1,-1,-1
276,-1,483.85,124.11,104.25,53.90,0.9308,-1,-1,-1
276,-1,534.23,319.29,50.21,60.55,0.9120,-1,-1,-1
276,-1,175.45,351.74,50.65,26.86,0.9094,-1,-1,-1
276,-1,79.01,321.87,52.86,21.83,0.9065,-1,-1,-1
276,-1,509.94,192.83,20.92,25.72,0.8892,-1,-1,-1
276,-1,201.22,251.37,21.70,35.99,0.8702,-1,-1,-1
276,-1,106.15,307.41,29.56,14.17,0.8491,-1,-1,-1
276,-1,905.32,290.90,33.14,41.29,0.7656,-1,-1,-1
276,-1,869.79,352.55,31.97,12.71,0.3525,-1,-1,-1
276,-1,847.06,279.57,38.71,22.69,0.3427,-1,-1,-1
277,-1,766.07,133.90,98.63,81.06,0.9535,-1,-1,-1
277,-1,565.14,345.10,66.18,62.42,0.9374,-1,-1,-1
277,-1,475.36,124.19,104.38,53.59,0.9362,-1,-1,-1
277,-1,527.99,318.23,49.52,61.15,0.9174,-1,-1,-1
277,-1,172.94,351.76,50.47,26.87,0.9094,-1,-1,-1
277,-1,76.49,321.97,52.97,21.69,0.9069,-1,-1,-1
277,-1,502.12,192.71,21.24,25.78,0.8899,-1,-1,-1
277,-1,198.77,251.40,22.01,36.09,0.8621,-1,-1,-1
277,-1,104.07,307.65,29.79,13.87,0.8535,-1,-1,-1
277,-1,902.90,291.09,32.64,42.20,0.8220,-1,-1,-1
277,-1,845.54,279.85,36.38,22.37,0.4855,-1,-1,-1
278,-1,756.17,133.79,97.32,81.09,0.9571,-1,-1,-1
278,-1,467.21,123.87,103.59,54.24,0.9333,-1,-1,-1
278,-1,556.24,345.11,66.17,62.49,0.9315,-1,-1,-1
278,-1,170.89,351.86,49.86,26.88,0.9119,-1,-1,-1
278,-1,521.74,318.89,47.17,59.75,0.9104,-1,-1,-1
278,-1,73.58,322.18,53.96,21.79,0.9068,-1,-1,-1
278,-1,494.39,192.49,20.81,25.95,0.8927,-1,-1,-1
278,-1,101.51,307.60,29.20,14.12,0.8606,-1,-1,-1
278,-1,196.09,251.33,22.11,36.63,0.8579,-1,-1,-1
278,-1,900.31,289.77,33.09,41.83,0.6705,-1,-1,-1
278,-1,913.02,288.96,20.39,38.83,0.5067,-1,-1,-1
278,-1,865.48,352.23,32.26,12.74,0.3737,-1,-1,-1
279,-1,746.45,133.57,96.26,81.04,0.9551,-1,-1,-1
279,-1,458.54,123.82,103.39,54.32,0.9400,-1,-1,-1
279,-1,547.22,344.59,66.01,62.89,0.9349,-1,-1,-1
279,-1,168.54,352.24,50.18,26.64,0.9117,-1,-1,-1
279,-1,71.00,322.34,53.38,21.88,0.9091,-1,-1,-1
279,-1,515.30,318.48,45.40,59.48,0.9068,-1,-1,-1
279,-1,486.48,192.38,21.22,26.03,0.8922,-1,-1,-1
279,-1,99.03,307.76,28.90,14.53,0.8757,-1,-1,-1
279,-1,193.49,251.89,22.50,35.14,0.8637,-1,-1,-1
279,-1,898.09,290.00,32.94,42.25,0.8317,-1,-1,-1
280,-1,736.85,133.02,95.21,81.22,0.9534,-1,-1,-1
280,-1,536.58,344.51,67.31,62.78,0.9358,-1,-1,-1
280,-1,450.01,123.80,103.63,54.31,0.9346,-1,-1,-1
280,-1,165.87,352.47,50.20,26.70,0.9126,-1,-1,-1
280,-1,68.58,322.53,54.00,21.90,0.9111,-1,-1,-1
280,-1,509.49,318.36,43.61,60.64,0.8875,-1,-1,-1
280,-1,478.49,192.55,21.30,25.85,0.8875,-1,-1,-1
280,-1,190.64,252.45,22.77,35.35,0.8582,-1,-1,-1
280,-1,96.03,308.10,29.88,14.25,0.8473,-1,-1,-1
280,-1,896.17,287.09,32.21,45.42,0.8209,-1,-1,-1
280,-1,838.69,278.32,35.20,23.24,0.3941,-1,-1,-1
281,-1,727.36,132.64,93.72,81.19,0.9537,-1,-1,-1
281,-1,441.03,123.47,103.99,54.62,0.9354,-1,-1,-1
281,-1,528.39,344.39,66.75,62.93,0.9334,-1,-1,-1
281,-1,164.19,352.62,49.78,26.94,0.9149,-1,-1,-1
281,-1,65.65,323.42,54.09,21.63,0.9075,-1,-1,-1
281,-1,470.48,192.15,20.82,26.39,0.8901,-1,-1,-1
281,-1,93.64,308.58,29.38,14.55,0.8826,-1,-1,-1
281,-1,188.14,252.44,22.38,36.29,0.8564,-1,-1,-1
281,-1,503.09,318.58,41.59,53.61,0.8038,-1,-1,-1
281,-1,893.22,286.75,32.65,44.58,0.7726,-1,-1,-1
281,-1,904.40,286.45,21.31,39.38,0.6073,-1,-1,-1
281,-1,837.53,279.52,32.70,21.68,0.3793,-1,-1,-1
281,-1,858.71,351.10,32.06,12.74,0.2593,-1,-1,-1
282,-1,717.32,132.50,92.37,80.93,0.9518,-1,-1,-1
282,-1,518.59,344.26,67.36,62.79,0.9388,-1,-1,-1
282,-1,432.25,123.91,104.58,54.07,0.9353,-1,-1,-1
282,-1,160.91,352.91,50.47,27.00,0.9146,-1,-1,-1
282,-1,63.40,323.79,53.98,21.61,0.9097,-1,-1,-1
282,-1,462.53,191.48,20.63,26.97,0.8949,-1,-1,-1
282,-1,185.89,253.15,22.15,35.21,0.8769,-1,-1,-1
282,-1,90.92,308.97,29.29,14.51,0.8707,-1,-1,-1
282,-1,890.48,287.00,33.00,43.25,0.8062,-1,-1,-1
282,-1,856.53,350.64,31.11,12.85,0.6878,-1,-1,-1
282,-1,496.54,318.88,40.47,49.51,0.2710,-1,-1,-1
283,-1,707.40,132.19,91.18,81.03,0.9523,-1,-1,-1
283,-1,509.28,344.37,67.48,62.42,0.9342,-1,-1,-1
283,-1,424.33,123.79,103.48,54.47,0.9341,-1,-1,-1
283,-1,158.19,353.41,51.00,26.82,0.9139,-1,-1,-1
283,-1,60.88,324.37,54.21,21.51,0.9079,-1,-1,-1
283,-1,454.55,192.13,20.55,26.13,0.8857,-1,-1,-1
283,-1,88.39,309.68,29.33,14.16,0.8748,-1,-1,-1
283,-1,182.65,253.28,22.49,35.75,0.8661,-1,-1,-1
283,-1,888.36,286.02,32.47,44.69,0.8260,-1,-1,-1
283,-1,853.89,350.34,31.78,12.63,0.7918,-1,-1,-1
283,-1,833.88,277.56,32.51,22.65,0.3116,-1,-1,-1
283,-1,566.48,102.76,22.08,76.76,0.3114,-1,-1,-1
284,-1,697.26,131.83,90.85,80.92,0.9519,-1,-1,-1
284,-1,499.62,344.17,68.40,62.46,0.9395,-1,-1,-1
284,-1,415.18,123.91,103.33,54.14,0.9352,-1,-1,-1
284,-1,156.27,353.89,50.65,26.70,0.9148,-1,-1,-1
284,-1,58.48,324.88,54.39,21.45,0.9000,-1,-1,-1
284,-1,446.38,192.42,20.70,26.07,0.8888,-1,-1,-1
284,-1,85.68,310.03,29.86,14.38,0.8740,-1,-1,-1
284,-1,180.27,253.29,21.95,36.36,0.8587,-1,-1,-1
284,-1,851.93,349.84,31.55,12.58,0.8103,-1,-1,-1
284,-1,886.81,284.95,31.51,45.15,0.7384,-1,-1,-1
284,-1,895.96,284.65,22.18,40.69,0.6539,-1,-1,-1
284,-1,557.67,102.59,24.01,76.80,0.6250,-1,-1,-1
285,-1,687.92,131.67,88.34,80.82,0.9489,-1,-1,-1
285,-1,490.37,344.10,68.95,62.67,0.9396,-1,-1,-1
285,-1,406.49,123.97,104.02,54.09,0.9318,-1,-1,-1
285,-1,153.83,354.12,50.80,26.99,0.9166,-1,-1,-1
285,-1,55.45,325.52,55.05,21.44,0.9030,-1,-1,-1
285,-1,438.50,192.07,20.25,26.47,0.8843,-1,-1,-1
285,-1,177.52,253.55,21.88,36.02,0.8708,-1,-1,-1
285,-1,883.29,284.89,32.80,44.29,0.8590,-1,-1,-1
285,-1,83.40,310.78,29.62,13.92,0.8576,-1,-1,-1
285,-1,849.76,349.35,30.79,12.75,0.6711,-1,-1,-1
285,-1,549.28,102.69,25.47,76.65,0.6021,-1,-1,-1
286,-1,678.12,131.48,87.48,80.65,0.9515,-1,-1,-1
286,-1,480.88,344.05,69.53,62.55,0.9389,-1,-1,-1
286,-1,398.25,124.05,103.25,54.12,0.9349,-1,-1,-1
286,-1,151.70,354.62,50.62,26.90,0.9159,-1,-1,-1
286,-1,53.16,325.83,54.89,21.65,0.9071,-1,-1,-1
286,-1,430.63,191.71,20.21,26.75,0.8870,-1,-1,-1
286,-1,174.79,253.52,22.06,36.12,0.8660,-1,-1,-1
286,-1,80.42,310.84,29.87,14.49,0.8564,-1,-1,-1
286,-1,881.19,283.26,32.01,46.41,0.8554,-1,-1,-1
286,-1,847.32,348.84,31.47,12.97,0.6826,-1,-1,-1
286,-1,539.32,92.49,28.62,86.69,0.5936,-1,-1,-1
287,-1,668.24,131.32,86.84,80.80,0.9470,-1,-1,-1
287,-1,471.22,344.36,70.93,62.41,0.9398,-1,-1,-1
287,-1,389.12,124.03,103.44,54.13,0.9321,-1,-1,-1
287,-1,148.40,354.88,51.28,26.98,0.9149,-1,-1,-1
287,-1,50.38,326.25,54.94,21.54,0.9076,-1,-1,-1
287,-1,422.50,192.27,20.70,26.11,0.8827,-1,-1,-1
287,-1,78.10,311.34,29.79,14.34,0.8636,-1,-1,-1
287,-1,172.22,253.70,22.02,36.66,0.8598,-1,-1,-1
287,-1,528.91,91.95,32.88,87.38,0.8377,-1,-1,-1
287,-1,879.34,283.81,31.16,45.40,0.7795,-1,-1,-1
287,-1,845.05,348.42,31.20,12.98,0.6667,-1,-1,-1
288,-1,658.77,131.11,84.88,80.87,0.9482,-1,-1,-1
288,-1,461.61,344.61,70.96,62.08,0.9358,-1,-1,-1
288,-1,380.70,124.14,103.23,54.05,0.9351,-1,-1,-1
288,-1,146.12,355.27,51.25,27.01,0.9127,-1,-1,-1
288,-1,47.93,326.58,55.21,21.57,0.9040,-1,-1,-1
288,-1,414.50,193.00,20.33,25.97,0.8743,-1,-1,-1
288,-1,169.68,254.04,21.85,36.37,0.8595,-1,-1,-1
288,-1,518.90,91.48,35.68,88.10,0.8575,-1,-1,-1
288,-1,75.89,311.64,29.65,14.84,0.8537,-1,-1,-1
288,-1,886.99,282.20,21.27,40.17,0.7497,-1,-1,-1
288,-1,842.87,348.23,30.88,13.03,0.7027,-1,-1,-1
288,-1,877.63,282.32,30.67,42.94,0.4483,-1,-1,-1
289,-1,648.82,131.09,84.03,80.87,0.9510,-1,-1,-1
289,-1,452.62,344.27,71.24,62.44,0.9380,-1,-1,-1
289,-1,372.22,124.14,102.72,53.93,0.9322,-1,-1,-1
289,-1,144.29,355.54,50.54,26.85,0.9164,-1,-1,-1
289,-1,45.25,326.75,55.06,21.58,0.9065,-1,-1,-1
289,-1,509.47,90.59,39.05,88.84,0.8873,-1,-1,-1
289,-1,406.86,193.01,20.17,26.36,0.8834,-1,-1,-1
289,-1,166.96,254.76,21.81,35.06,0.8685,-1,-1,-1
289,-1,73.25,312.04,29.74,14.57,0.8420,-1,-1,-1
289,-1,840.47,348.07,30.99,12.97,0.6929,-1,-1,-1
289,-1,873.99,281.67,31.55,46.21,0.6866,-1,-1,-1
289,-1,884.58,281.78,20.97,43.47,0.6255,-1,-1,-1
290,-1,639.49,131.05,82.87,80.65,0.9446,-1,-1,-1
290,-1,443.17,344.41,71.75,62.44,0.9403,-1,-1,-1
290,-1,363.87,124.12,102.67,54.26,0.9356,-1,-1,-1
290,-1,141.86,355.69,50.88,26.86,0.9138,-1,-1,-1
290,-1,42.58,326.93,55.90,21.77,0.9047,-1,-1,-1
290,-1,500.28,90.44,41.26,89.06,0.9041,-1,-1,-1
290,-1,398.67,193.15,20.77,25.69,0.8909,-1,-1,-1
290,-1,164.61,254.95,21.98,35.28,0.8555,-1,-1,-1
290,-1,70.52,312.06,29.76,14.85,0.8544,-1,-1,-1
290,-1,837.84,347.93,31.59,12.89,0.8055,-1,-1,-1
290,-1,881.89,281.70,21.16,41.09,0.7416,-1,-1,-1
291,-1,630.02,130.96,81.58,80.81,0.9496,-1,-1,-1
291,-1,433.29,344.35,72.94,62.69,0.9395,-1,-1,-1
291,-1,355.72,124.15,102.01,54.28,0.9332,-1,-1,-1
291,-1,491.01,90.02,43.96,89.35,0.9245,-1,-1,-1
291,-1,139.48,355.66,51.14,26.83,0.9168,-1,-1,-1
291,-1,40.28,327.13,55.62,21.48,0.9020,-1,-1,-1
291,-1,391.21,193.27,20.52,25.54,0.8810,-1,-1,-1
291,-1,161.94,254.71,22.23,35.93,0.8548,-1,-1,-1
291,-1,68.14,312.14,29.89,14.90,0.8537,-1,-1,-1
291,-1,836.21,347.91,30.94,12.92,0.8256,-1,-1,-1
291,-1,869.36,281.17,31.66,45.19,0.7385,-1,-1,-1
292,-1,620.64,131.01,80.34,80.76,0.9517,-1,-1,-1
292,-1,423.97,344.41,73.91,62.69,0.9426,-1,-1,-1
292,-1,347.66,124.30,101.79,54.03,0.9381,-1,-1,-1
292,-1,37.73,327.06,55.94,21.48,0.9208,-1,-1,-1
292,-1,137.39,355.72,50.35,26.88,0.9172,-1,-1,-1
292,-1,482.55,89.86,46.17,89.84,0.9118,-1,-1,-1
292,-1,383.82,193.39,20.03,25.30,0.8752,-1,-1,-1
292,-1,158.97,255.49,22.24,34.20,0.8600,-1,-1,-1
292,-1,65.90,312.18,29.79,14.76,0.8423,-1,-1,-1
292,-1,867.18,280.94,31.66,46.19,0.7770,-1,-1,-1
292,-1,833.79,348.00,30.88,12.91,0.7757,-1,-1,-1
293,-1,611.40,131.17,79.54,80.86,0.9434,-1,-1,-1
293,-1,414.95,344.59,74.66,62.46,0.9413,-1,-1,-1
293,-1,339.29,124.04,102.69,54.42,0.9332,-1,-1,-1
293,-1,473.40,89.07,49.22,90.71,0.9266,-1,-1,-1
293,-1,134.39,355.66,51.21,26.95,0.9161,-1,-1,-1
293,-1,35.14,326.83,56.28,21.51,0.9042,-1,-1,-1
293,-1,376.22,193.27,20.50,25.63,0.8926,-1,-1,-1
293,-1,157.07,254.40,22.14,36.26,0.8513,-1,-1,-1
293,-1,864.51,281.21,32.13,47.69,0.8466,-1,-1,-1
293,-1,63.10,311.93,30.28,14.72,0.8416,-1,-1,-1
293,-1,831.76,348.16,30.77,12.91,0.5960,-1,-1,-1
293,-1,535.41,303.40,19.51,12.01,0.3109,-1,-1,-1
294,-1,602.01,131.35,78.58,80.93,0.9465,-1,-1,-1
294,-1,330.93,124.28,102.85,54.43,0.9414,-1,-1,-1
294,-1,405.47,344.41,75.28,62.55,0.9396,-1,-1,-1
294,-1,465.09,88.35,51.56,91.48,0.9196,-1,-1,-1
294,-1,132.88,355.36,50.50,27.03,0.9110,-1,-1,-1
294,-1,32.92,326.76,56.28,21.46,0.9024,-1,-1,-1
294,-1,368.52,193.30,20.74,25.62,0.8899,-1,-1,-1
294,-1,60.41,311.82,30.61,14.61,0.8534,-1,-1,-1
294,-1,154.62,254.48,22.56,36.47,0.8507,-1,-1,-1
294,-1,871.72,281.91,22.29,42.50,0.7563,-1,-1,-1
294,-1,829.38,348.29,31.22,12.92,0.6944,-1,-1,-1
294,-1,530.75,303.97,20.53,15.56,0.6687,-1,-1,-1
295,-1,592.86,131.59,77.85,80.81,0.9446,-1,-1,-1
295,-1,396.05,344.61,76.13,62.25,0.9417,-1,-1,-1
295,-1,323.27,124.18,102.30,54.59,0.9337,-1,-1,-1
295,-1,455.63,87.31,54.82,92.43,0.9316,-1,-1,-1
295,-1,129.71,354.95,51.20,27.12,0.9182,-1,-1,-1
295,-1,30.54,326.26,56.51,21.63,0.9041,-1,-1,-1
295,-1,360.86,193.29,20.95,25.42,0.8877,-1,-1,-1
295,-1,151.93,254.55,22.99,35.16,0.8653,-1,-1,-1
295,-1,859.52,281.82,32.44,45.89,0.8627,-1,-1,-1
295,-1,58.93,311.36,29.77,14.25,0.8446,-1,-1,-1
295,-1,827.38,348.57,30.63,12.90,0.7842,-1,-1,-1
295,-1,528.68,303.69,20.57,12.57,0.4192,-1,-1,-1
296,-1,583.65,131.33,76.59,81.08,0.9475,-1,-1,-1
296,-1,386.20,344.47,78.04,62.55,0.9409,-1,-1,-1
296,-1,315.55,124.21,101.68,54.39,0.9372,-1,-1,-1
296,-1,447.37,87.37,57.01,92.74,0.9299,-1,-1,-1
296,-1,127.70,354.59,51.03,27.37,0.9246,-1,-1,-1
296,-1,28.22,325.86,56.47,21.58,0.9075,-1,-1,-1
296,-1,353.27,193.20,21.52,25.20,0.8870,-1,-1,-1
296,-1,55.93,310.81,30.02,14.43,0.8650,-1,-1,-1
296,-1,150.00,254.56,22.13,34.77,0.8618,-1,-1,-1
296,-1,857.94,282.72,31.60,46.56,0.8057,-1,-1,-1
296,-1,825.23,348.81,30.31,13.08,0.7632,-1,-1,-1
296,-1,676.59,112.26,17.04,23.12,0.3012,-1,-1,-1
297,-1,574.55,131.82,75.67,80.67,0.9472,-1,-1,-1
297,-1,376.88,344.47,78.94,62.41,0.9430,-1,-1,-1
297,-1,307.57,124.04,101.99,55.00,0.9339,-1,-1,-1
297,-1,439.64,87.31,59.19,93.02,0.9332,-1,-1,-1
297,-1,125.29,354.29,50.96,26.77,0.9125,-1,-1,-1
297,-1,25.85,325.35,56.66,21.68,0.9052,-1,-1,-1
297,-1,345.70,193.05,21.73,25.19,0.8845,-1,-1,-1
297,-1,147.40,254.79,22.48,34.86,0.8592,-1,-1,-1
297,-1,53.22,310.69,30.23,14.18,0.8587,-1,-1,-1
297,-1,857.06,282.53,30.01,46.22,0.7749,-1,-1,-1
297,-1,822.88,349.37,31.10,12.82,0.7739,-1,-1,-1
298,-1,565.65,131.99,74.58,80.98,0.9463,-1,-1,-1
298,-1,368.16,344.32,79.28,62.55,0.9437,-1,-1,-1
298,-1,299.64,124.04,101.76,54.43,0.9377,-1,-1,-1
298,-1,433.14,86.93,59.06,92.77,0.9324,-1,-1,-1
298,-1,123.44,353.85,50.87,26.73,0.9180,-1,-1,-1
298,-1,23.25,324.86,56.94,21.58,0.9003,-1,-1,-1
298,-1,338.06,192.80,21.86,25.19,0.8826,-1,-1,-1
298,-1,51.10,309.97,30.73,14.41,0.8778,-1,-1,-1
298,-1,145.31,254.19,22.42,35.25,0.8625,-1,-1,-1
298,-1,853.03,282.87,31.82,45.63,0.8164,-1,-1,-1
298,-1,820.77,349.82,31.07,12.61,0.7469,-1,-1,-1
299,-1,358.60,344.41,79.98,62.38,0.9449,-1,-1,-1
299,-1,556.19,131.79,74.45,81.27,0.9434,-1,-1,-1
299,-1,291.84,123.75,101.48,54.76,0.9344,-1,-1,-1
299,-1,426.17,87.17,60.10,92.53,0.9343,-1,-1,-1
299,-1,120.12,353.42,51.78,26.80,0.9169,-1,-1,-1
299,-1,20.99,324.12,57.12,21.81,0.9071,-1,-1,-1
299,-1,330.64,192.59,21.96,25.40,0.8848,-1,-1,-1
299,-1,48.34,309.47,31.37,14.23,0.8808,-1,-1,-1
299,-1,142.67,253.36,22.31,35.12,0.8596,-1,-1,-1
299,-1,851.50,283.81,31.35,45.78,0.8306,-1,-1,-1
299,-1,818.71,350.26,30.20,12.57,0.5369,-1,-1,-1
300,-1,349.35,344.19,81.19,62.50,0.9448,-1,-1,-1
300,-1,547.13,131.94,73.30,81.06,0.9434,-1,-1,-1
300,-1,284.31,123.60,101.02,54.64,0.9368,-1,-1,-1
300,-1,419.63,87.19,60.99,92.29,0.9322,-1,-1,-1
300,-1,117.91,352.97,51.90,26.90,0.9111,-1,-1,-1
300,-1,18.43,323.71,57.50,21.66,0.9075,-1,-1,-1
300,-1,323.39,192.34,21.95,25.61,0.8941,-1,-1,-1
300,-1,46.39,308.94,30.96,14.42,0.8825,-1,-1,-1
300,-1,848.98,284.36,31.52,46.29,0.8759,-1,-1,-1
300,-1,140.52,253.08,22.69,34.76,0.8463,-1,-1,-1
300,-1,816.85,350.60,30.21,12.78,0.5319,-1,-1,-1
301,-1,339.99,344.19,82.09,62.41,0.9435,-1,-1,-1
301,-1,538.00,132.19,72.50,80.76,0.9431,-1,-1,-1
301,-1,276.08,123.38,101.31,54.39,0.9348,-1,-1,-1
301,-1,412.50,87.11,62.41,92.44,0.9334,-1,-1,-1
301,-1,116.32,352.44,51.30,27.00,0.9140,-1,-1,-1
301,-1,16.13,323.15,57.28,21.75,0.9093,-1,-1,-1
301,-1,316.01,192.24,22.02,25.48,0.8972,-1,-1,-1
301,-1,43.80,308.52,30.89,14.29,0.8737,-1,-1,-1
301,-1,138.25,252.61,22.28,36.29,0.8595,-1,-1,-1
301,-1,855.49,285.17,22.60,42.14,0.8005,-1,-1,-1
301,-1,814.47,350.94,30.67,12.81,0.4635,-1,-1,-1
302,-1,528.22,132.47,72.47,80.49,0.9506,-1,-1,-1
302,-1,330.83,344.04,83.16,62.51,0.9460,-1,-1,-1
302,-1,268.31,123.29,100.69,54.28,0.9384,-1,-1,-1
302,-1,406.71,86.67,61.86,92.62,0.9323,-1,-1,-1
302,-1,114.32,352.10,50.70,26.85,0.9134,-1,-1,-1
302,-1,13.85,322.27,57.72,22.03,0.9083,-1,-1,-1
302,-1,308.69,191.81,22.13,25.90,0.8958,-1,-1,-1
302,-1,135.36,252.32,22.84,35.37,0.8677,-1,-1,-1
302,-1,41.55,307.97,31.19,14.46,0.8630,-1,-1,-1
302,-1,850.93,283.91,25.16,44.05,0.7577,-1,-1,-1
303,-1,518.75,132.40,72.08,80.96,0.9460,-1,-1,-1
303,-1,320.94,343.93,84.50,62.48,0.9446,-1,-1,-1
303,-1,260.20,123.00,101.27,54.93,0.9374,-1,-1,-1
303,-1,400.35,87.01,62.15,92.08,0.9330,-1,-1,-1
303,-1,111.95,352.01,51.19,26.63,0.9094,-1,-1,-1
303,-1,11.44,322.04,57.17,21.92,0.9092,-1,-1,-1
303,-1,301.40,191.64,22.10,25.81,0.8937,-1,-1,-1
303,-1,133.31,251.88,22.75,35.09,0.8591,-1,-1,-1
303,-1,39.68,307.63,30.95,13.92,0.8486,-1,-1,-1
303,-1,851.34,285.70,22.26,40.92,0.7991,-1,-1,-1
303,-1,810.14,351.66,30.23,12.64,0.6016,-1,-1,-1
304,-1,311.61,343.81,85.44,62.35,0.9476,-1,-1,-1
304,-1,509.37,132.35,71.39,80.60,0.9411,-1,-1,-1
304,-1,252.31,122.96,100.95,54.40,0.9387,-1,-1,-1
304,-1,394.34,86.88,61.74,92.13,0.9366,-1,-1,-1
304,-1,109.12,351.51,51.49,26.95,0.9085,-1,-1,-1
304,-1,8.77,321.79,58.16,21.75,0.9082,-1,-1,-1
304,-1,294.17,191.38,21.72,26.15,0.8944,-1,-1,-1
304,-1,131.19,251.53,22.50,35.22,0.8559,-1,-1,-1
304,-1,36.99,307.46,31.19,13.78,0.8551,-1,-1,-1
304,-1,848.81,285.11,22.32,41.20,0.8163,-1,-1,-1
304,-1,808.23,351.82,30.03,12.67,0.6736,-1,-1,-1
305,-1,301.92,343.50,86.87,62.62,0.9450,-1,-1,-1
305,-1,499.62,132.06,71.10,80.86,0.9434,-1,-1,-1
305,-1,244.62,122.45,100.44,54.81,0.9362,-1,-1,-1
305,-1,387.50,86.91,62.80,92.25,0.9310,-1,-1,-1
305,-1,107.03,351.26,51.34,27.15,0.9137,-1,-1,-1
305,-1,6.27,321.59,58.58,21.72,0.9057,-1,-1,-1
305,-1,286.63,191.41,21.90,25.86,0.8937,-1,-1,-1
305,-1,128.63,250.93,22.54,35.79,0.8397,-1,-1,-1
305,-1,34.67,307.07,30.57,13.67,0.8274,-1,-1,-1
305,-1,845.81,285.12,23.33,42.71,0.7440,-1,-1,-1
305,-1,805.68,351.87,29.97,12.73,0.5859,-1,-1,-1
305,-1,837.17,286.67,32.13,42.99,0.4545,-1,-1,-1
306,-1,292.31,343.43,87.82,62.77,0.9476,-1,-1,-1
306,-1,490.07,132.17,70.30,80.91,0.9416,-1,-1,-1
306,-1,236.89,122.39,99.92,54.59,0.9383,-1,-1,-1
306,-1,381.14,86.60,62.68,92.53,0.9339,-1,-1,-1
306,-1,104.54,351.09,51.50,27.20,0.9109,-1,-1,-1
306,-1,4.28,321.55,58.36,21.65,0.9038,-1,-1,-1
306,-1,278.62,191.26,22.53,25.90,0.8932,-1,-1,-1
306,-1,126.15,251.27,22.63,34.65,0.8575,-1,-1,-1
306,-1,32.36,306.93,32.10,13.95,0.8491,-1,-1,-1
306,-1,842.41,285.46,24.11,42.60,0.7398,-1,-1,-1
306,-1,803.80,352.11,30.05,12.64,0.5176,-1,-1,-1
307,-1,282.36,343.34,89.33,62.78,0.9480,-1,-1,-1
307,-1,480.11,132.25,70.28,80.82,0.9431,-1,-1,-1
307,-1,227.92,122.24,100.44,54.82,0.9358,-1,-1,-1
307,-1,375.00,86.52,62.34,92.38,0.9351,-1,-1,-1
307,-1,102.17,351.13,51.56,27.08,0.9082,-1,-1,-1
307,-1,1.66,321.45,58.42,21.79,0.9081,-1,-1,-1
307,-1,270.77,191.23,22.82,25.75,0.8885,-1,-1,-1
307,-1,123.66,250.92,22.64,35.39,0.8554,-1,-1,-1
307,-1,30.03,307.07,31.01,13.78,0.8512,-1,-1,-1
307,-1,839.64,284.45,24.47,43.78,0.7975,-1,-1,-1
307,-1,801.69,351.99,29.55,12.73,0.6489,-1,-1,-1
308,-1,272.27,343.61,91.16,62.45,0.9474,-1,-1,-1
308,-1,470.23,132.44,70.13,80.25,0.9440,-1,-1,-1
308,-1,219.34,122.23,100.65,54.96,0.9371,-1,-1,-1
308,-1,368.22,86.43,62.98,92.27,0.9337,-1,-1,-1
308,-1,99.90,351.16,51.46,27.13,0.9115,-1,-1,-1
308,-1,0.10,321.57,57.60,21.75,0.9089,-1,-1,-1
308,-1,262.98,191.28,23.16,25.99,0.8884,-1,-1,-1
308,-1,26.95,307.10,31.74,13.78,0.8471,-1,-1,-1
308,-1,121.47,250.89,22.13,35.51,0.8264,-1,-1,-1
308,-1,839.34,285.59,22.75,41.33,0.8228,-1,-1,-1
308,-1,799.26,351.79,29.82,12.83,0.2924,-1,-1,-1
309,-1,262.11,343.44,92.66,62.54,0.9496,-1,-1,-1
309,-1,459.88,132.19,69.92,80.46,0.9390,-1,-1,-1
309,-1,361.83,86.66,62.67,92.28,0.9352,-1,-1,-1
309,-1,211.05,122.50,100.44,54.56,0.9352,-1,-1,-1
309,-1,96.92,351.39,51.91,27.04,0.9123,-1,-1,-1
309,-1,0.00,321.75,55.46,21.84,0.9081,-1,-1,-1
309,-1,255.14,191.39,23.21,25.86,0.8872,-1,-1,-1
309,-1,24.62,307.05,31.90,13.86,0.8618,-1,-1,-1
309,-1,836.57,285.07,23.09,40.93,0.8478,-1,-1,-1
309,-1,118.62,251.02,22.52,34.45,0.8455,-1,-1,-1
309,-1,797.06,351.69,29.99,12.72,0.3543,-1,-1,-1
310,-1,450.11,132.02,69.11,80.60,0.9498,-1,-1,-1
310,-1,252.06,343.69,94.23,62.46,0.9481,-1,-1,-1
310,-1,202.45,122.68,100.37,54.43,0.9349,-1,-1,-1
310,-1,355.17,86.70,62.88,92.27,0.9302,-1,-1,-1
310,-1,95.06,351.77,51.52,26.79,0.9095,-1,-1,-1
310,-1,0.00,322.05,52.33,21.89,0.9071,-1,-1,-1
310,-1,246.86,191.55,23.68,25.66,0.8867,-1,-1,-1
310,-1,115.78,251.33,23.14,35.71,0.8609,-1,-1,-1
310,-1,22.39,307.51,31.10,13.81,0.8601,-1,-1,-1
310,-1,833.79,285.10,23.08,41.39,0.8086,-1,-1,-1
310,-1,794.66,351.59,29.70,12.70,0.6242,-1,-1,-1
311,-1,242.12,343.62,95.88,62.69,0.9485,-1,-1,-1
311,-1,439.41,132.18,69.23,80.50,0.9458,-1,-1,-1
311,-1,193.94,122.72,100.16,54.76,0.9358,-1,-1,-1
311,-1,347.89,86.77,63.56,92.30,0.9343,-1,-1,-1
311,-1,92.78,352.06,51.43,26.82,0.9096,-1,-1,-1
311,-1,0.00,322.55,50.46,21.64,0.9039,-1,-1,-1
311,-1,19.74,307.76,31.38,14.42,0.8898,-1,-1,-1
311,-1,238.60,191.80,24.16,25.63,0.8888,-1,-1,-1
311,-1,113.55,251.39,22.19,37.04,0.8656,-1,-1,-1
311,-1,832.17,285.00,22.15,41.24,0.8232,-1,-1,-1
311,-1,792.68,351.24,29.60,12.65,0.6285,-1,-1,-1
312,-1,231.98,343.65,97.72,62.68,0.9519,-1,-1,-1
312,-1,428.72,132.39,69.52,80.49,0.9383,-1,-1,-1
312,-1,341.28,86.61,63.22,92.36,0.9347,-1,-1,-1
312,-1,185.35,122.89,99.94,54.93,0.9340,-1,-1,-1
312,-1,90.08,352.36,51.91,27.11,0.9162,-1,-1,-1
312,-1,0.03,323.20,48.02,21.70,0.9114,-1,-1,-1
312,-1,230.58,191.89,24.37,25.69,0.8910,-1,-1,-1
312,-1,16.98,308.27,31.59,14.48,0.8876,-1,-1,-1
312,-1,110.49,252.09,22.80,35.18,0.8584,-1,-1,-1
312,-1,828.70,284.63,23.50,40.93,0.8533,-1,-1,-1
312,-1,790.36,350.97,29.37,12.72,0.6870,-1,-1,-1
313,-1,222.04,343.98,99.57,62.51,0.9526,-1,-1,-1
313,-1,418.77,132.25,68.94,80.36,0.9413,-1,-1,-1
313,-1,176.96,123.34,99.63,54.73,0.9341,-1,-1,-1
313,-1,333.97,87.06,63.86,91.89,0.9339,-1,-1,-1
313,-1,87.55,352.96,51.62,26.92,0.9141,-1,-1,-1
313,-1,0.00,323.72,45.40,21.63,0.9068,-1,-1,-1
313,-1,222.37,192.08,24.62,25.71,0.8886,-1,-1,-1
313,-1,14.58,308.86,32.16,14.43,0.8817,-1,-1,-1
313,-1,107.65,253.39,23.48,34.93,0.8632,-1,-1,-1
313,-1,826.45,284.32,22.99,40.89,0.8623,-1,-1,-1
313,-1,788.31,350.58,29.33,12.85,0.6657,-1,-1,-1
314,-1,211.12,344.04,102.30,62.56,0.9518,-1,-1,-1
314,-1,408.43,132.12,68.06,80.62,0.9437,-1,-1,-1
314,-1,327.32,86.97,63.87,92.29,0.9415,-1,-1,-1
314,-1,167.27,123.62,100.36,54.63,0.9315,-1,-1,-1
314,-1,84.75,353.54,52.47,26.68,0.9128,-1,-1,-1
314,-1,0.00,324.16,43.18,21.79,0.9056,-1,-1,-1
314,-1,214.24,192.26,24.86,25.83,0.8877,-1,-1,-1
314,-1,11.65,309.43,32.17,14.33,0.8740,-1,-1,-1
314,-1,105.29,253.43,22.64,35.53,0.8694,-1,-1,-1
314,-1,823.46,283.16,23.29,42.21,0.8479,-1,-1,-1
314,-1,785.92,350.26,28.93,12.85,0.4628,-1,-1,-1
315,-1,200.74,344.09,104.49,62.63,0.9498,-1,-1,-1
315,-1,397.81,132.38,68.75,80.49,0.9380,-1,-1,-1
315,-1,320.11,87.24,64.70,91.93,0.9364,-1,-1,-1
315,-1,159.01,124.00,99.97,54.28,0.9296,-1,-1,-1
315,-1,82.53,353.94,52.57,26.66,0.9151,-1,-1,-1
315,-1,0.00,324.76,40.58,21.69,0.9045,-1,-1,-1
315,-1,205.94,192.54,25.11,25.64,0.8860,-1,-1,-1
315,-1,9.04,309.88,32.37,14.45,0.8804,-1,-1,-1
315,-1,820.66,282.87,23.83,41.09,0.8750,-1,-1,-1
315,-1,102.26,253.82,23.12,35.06,0.8573,-1,-1,-1
315,-1,783.32,349.88,29.72,12.74,0.5818,-1,-1,-1
316,-1,190.79,344.67,106.45,62.55,0.9532,-1,-1,-1
316,-1,387.39,132.40,68.46,80.18,0.9410,-1,-1,-1
316,-1,313.13,87.53,64.67,91.65,0.9383,-1,-1,-1
316,-1,149.84,124.19,99.97,54.43,0.9304,-1,-1,-1
316,-1,79.90,354.32,52.50,26.87,0.9212,-1,-1,-1
316,-1,0.00,325.21,38.22,21.69,0.8994,-1,-1,-1
316,-1,198.04,193.15,25.27,25.64,0.8855,-1,-1,-1
316,-1,99.84,254.07,23.42,35.40,0.8779,-1,-1,-1
316,-1,6.31,310.59,32.80,14.24,0.8656,-1,-1,-1
316,-1,818.54,282.64,23.25,41.03,0.8625,-1,-1,-1
316,-1,781.12,349.44,29.54,12.71,0.5639,-1,-1,-1
317,-1,180.20,344.90,108.90,62.72,0.9495,-1,-1,-1
317,-1,377.11,132.45,68.30,80.41,0.9417,-1,-1,-1
317,-1,306.68,87.78,64.42,91.75,0.9340,-1,-1,-1
317,-1,141.19,124.49,99.71,54.11,0.9278,-1,-1,-1
317,-1,77.98,354.78,51.92,27.01,0.9113,-1,-1,-1
317,-1,0.04,325.75,35.73,21.50,0.8971,-1,-1,-1
317,-1,189.45,193.68,26.01,25.69,0.8944,-1,-1,-1
317,-1,3.84,311.03,32.78,14.67,0.8657,-1,-1,-1
317,-1,815.81,281.75,23.59,41.81,0.8636,-1,-1,-1
317,-1,97.06,254.69,23.68,34.60,0.8622,-1,-1,-1
317,-1,778.66,349.07,28.91,12.93,0.5106,-1,-1,-1
318,-1,170.39,345.13,110.75,62.90,0.9536,-1,-1,-1
318,-1,366.65,132.67,68.45,80.56,0.9398,-1,-1,-1
318,-1,299.46,88.03,64.91,91.79,0.9362,-1,-1,-1
318,-1,132.25,124.82,100.24,54.49,0.9312,-1,-1,-1
318,-1,74.55,355.28,52.90,26.86,0.9143,-1,-1,-1
318,-1,181.16,193.99,26.54,25.59,0.8959,-1,-1,-1
318,-1,0.09,326.26,33.22,21.14,0.8865,-1,-1,-1
318,-1,812.77,281.45,24.04,42.10,0.8739,-1,-1,-1
318,-1,94.09,254.76,23.38,35.29,0.8605,-1,-1,-1
318,-1,1.39,311.43,32.88,14.74,0.8566,-1,-1,-1
318,-1,776.80,348.77,29.12,13.01,0.6512,-1,-1,-1
319,-1,159.75,345.73,113.42,62.45,0.9522,-1,-1,-1
319,-1,356.12,132.72,68.51,80.16,0.9430,-1,-1,-1
319,-1,292.37,88.26,66.63,91.59,0.9388,-1,-1,-1
319,-1,123.66,125.19,100.32,54.42,0.9341,-1,-1,-1
319,-1,72.69,355.60,52.49,26.75,0.9161,-1,-1,-1
319,-1,173.15,194.27,26.78,25.44,0.8965,-1,-1,-1
319,-1,0.00,326.69,31.08,21.13,0.8594,-1,-1,-1
319,-1,810.57,281.65,23.79,41.05,0.8582,-1,-1,-1
319,-1,0.00,312.07,32.24,14.74,0.8520,-1,-1,-1
319,-1,91.74,255.25,23.70,33.13,0.8471,-1,-1,-1
319,-1,774.35,348.57,29.33,12.96,0.7176,-1,-1,-1
320,-1,149.53,345.75,115.35,62.68,0.9532,-1,-1,-1
320,-1,345.67,132.85,69.27,80.58,0.9431,-1,-1,-1
320,-1,285.31,88.17,66.24,91.79,0.9334,-1,-1,-1
320,-1,115.46,125.50,99.72,54.24,0.9308,-1,-1,-1
320,-1,70.48,355.85,52.32,26.86,0.9124,-1,-1,-1
320,-1,165.08,194.23,27.51,25.94,0.8991,-1,-1,-1
320,-1,0.01,327.31,28.30,20.40,0.8725,-1,-1,-1
320,-1,89.30,255.62,23.49,36.30,0.8631,-1,-1,-1
320,-1,807.92,281.28,24.03,41.51,0.8614,-1,-1,-1
320,-1,0.00,312.61,29.06,14.45,0.8421,-1,-1,-1
320,-1,772.38,348.34,28.30,13.10,0.7256,-1,-1,-1
321,-1,139.42,346.00,117.49,62.47,0.9552,-1,-1,-1
321,-1,334.64,132.82,70.65,80.50,0.9421,-1,-1,-1
321,-1,279.28,88.36,61.77,91.93,0.9365,-1,-1,-1
321,-1,106.93,125.62,99.54,54.27,0.9326,-1,-1,-1
321,-1,68.24,355.95,51.98,26.60,0.9147,-1,-1,-1
321,-1,157.08,194.49,27.45,25.50,0.8925,-1,-1,-1
321,-1,805.85,281.08,23.59,41.86,0.8635,-1,-1,-1
321,-1,0.09,327.30,26.41,20.68,0.8617,-1,-1,-1
321,-1,86.39,255.39,24.13,35.38,0.8545,-1,-1,-1
321,-1,0.00,312.48,26.16,14.57,0.8333,-1,-1,-1
321,-1,769.85,348.34,28.64,13.10,0.6017,-1,-1,-1
322,-1,129.54,345.89,119.28,62.57,0.9522,-1,-1,-1
322,-1,324.30,133.06,70.64,80.55,0.9456,-1,-1,-1
322,-1,272.02,88.41,61.82,92.64,0.9325,-1,-1,-1
322,-1,99.02,125.95,99.14,54.06,0.9297,-1,-1,-1
322,-1,65.81,356.11,52.63,26.59,0.9169,-1,-1,-1
322,-1,149.02,194.62,27.99,25.55,0.8957,-1,-1,-1
322,-1,803.23,281.24,24.24,41.35,0.8719,-1,-1,-1
322,-1,84.21,255.83,23.61,34.38,0.8538,-1,-1,-1
322,-1,0.00,327.52,23.50,20.44,0.8460,-1,-1,-1
322,-1,0.11,312.71,24.26,14.12,0.7664,-1,-1,-1
322,-1,767.46,348.31,29.27,13.11,0.6939,-1,-1,-1
322,-1,466.31,303.76,26.02,11.34,0.2872,-1,-1,-1
323,-1,119.71,346.01,121.65,62.55,0.9528,-1,-1,-1
323,-1,313.87,132.74,71.35,81.05,0.9441,-1,-1,-1
323,-1,265.67,88.29,60.16,91.45,0.9344,-1,-1,-1
323,-1,90.39,125.88,99.06,53.95,0.9309,-1,-1,-1
323,-1,63.19,356.08,52.96,26.75,0.9131,-1,-1,-1
323,-1,141.67,194.63,27.78,25.73,0.8994,-1,-1,-1
323,-1,800.27,281.20,24.22,41.26,0.8630,-1,-1,-1
323,-1,81.73,256.03,23.84,34.79,0.8537,-1,-1,-1
323,-1,0.00,327.85,21.44,20.44,0.8239,-1,-1,-1
323,-1,0.04,312.62,22.03,14.27,0.8009,-1,-1,-1
323,-1,765.45,348.23,28.85,13.06,0.7450,-1,-1,-1
324,-1,109.61,346.02,123.47,62.48,0.9517,-1,-1,-1
324,-1,303.52,132.85,72.04,80.65,0.9472,-1,-1,-1
324,-1,259.70,88.53,59.78,87.73,0.9287,-1,-1,-1
324,-1,82.69,125.89,98.34,53.96,0.9286,-1,-1,-1
324,-1,61.40,355.91,50.17,26.51,0.9091,-1,-1,-1
324,-1,134.08,194.46,28.09,25.86,0.9032,-1,-1,-1
324,-1,798.60,281.28,23.64,41.87,0.8632,-1,-1,-1
324,-1,78.87,255.65,24.19,34.26,0.8424,-1,-1,-1
324,-1,0.03,312.48,19.76,14.42,0.8144,-1,-1,-1
324,-1,0.00,327.61,19.26,20.44,0.8090,-1,-1,-1
324,-1,763.16,348.39,28.43,13.14,0.7284,-1,-1,-1
325,-1,99.79,345.91,125.63,62.42,0.9518,-1,-1,-1
325,-1,293.29,132.61,72.93,80.79,0.9492,-1,-1,-1
325,-1,252.74,88.50,59.50,84.93,0.9336,-1,-1,-1
325,-1,74.51,125.71,98.17,53.93,0.9308,-1,-1,-1
325,-1,59.28,355.89,46.71,26.83,0.9112,-1,-1,-1
325,-1,126.39,194.49,28.33,25.67,0.8999,-1,-1,-1
325,-1,795.88,281.59,24.52,41.16,0.8761,-1,-1,-1
325,-1,76.71,255.51,23.80,34.23,0.8612,-1,-1,-1
325,-1,0.00,327.75,16.96,20.79,0.7631,-1,-1,-1
325,-1,0.03,312.24,17.32,13.60,0.7403,-1,-1,-1
325,-1,761.09,348.61,28.91,13.03,0.5835,-1,-1,-1
326,-1,89.67,345.83,127.55,62.43,0.9555,-1,-1,-1
326,-1,282.87,132.70,73.89,80.89,0.9506,-1,-1,-1
326,-1,246.92,88.15,60.16,83.76,0.9328,-1,-1,-1
326,-1,66.51,125.47,98.21,54.11,0.9290,-1,-1,-1
326,-1,118.49,194.25,29.13,25.68,0.9057,-1,-1,-1
326,-1,56.94,355.47,41.81,25.63,0.8949,-1,-1,-1
326,-1,792.98,282.02,24.78,40.97,0.8661,-1,-1,-1
326,-1,74.26,255.07,24.11,34.45,0.8540,-1,-1,-1
326,-1,0.00,327.88,14.85,17.79,0.7134,-1,-1,-1
326,-1,263.41,299.99,59.67,54.70,0.6150,-1,-1,-1
326,-1,758.92,348.90,28.67,12.90,0.6019,-1,-1,-1
326,-1,0.00,312.03,15.25,13.39,0.5198,-1,-1,-1
327,-1,79.82,345.51,130.06,62.40,0.9516,-1,-1,-1
327,-1,272.85,132.76,74.35,80.77,0.9511,-1,-1,-1
327,-1,58.56,124.88,97.88,54.45,0.9304,-1,-1,-1
327,-1,240.20,87.95,59.31,81.44,0.9288,-1,-1,-1
327,-1,110.34,193.77,30.03,25.79,0.9012,-1,-1,-1
327,-1,54.13,354.98,37.49,23.19,0.8704,-1,-1,-1
327,-1,791.16,282.38,24.37,41.29,0.8656,-1,-1,-1
327,-1,71.70,254.54,24.71,34.42,0.8328,-1,-1,-1
327,-1,0.00,328.48,12.50,16.24,0.6417,-1,-1,-1
327,-1,757.09,349.26,27.87,12.72,0.5375,-1,-1,-1
327,-1,256.11,299.89,60.15,54.67,0.3831,-1,-1,-1
327,-1,0.00,311.37,12.70,13.19,0.2846,-1,-1,-1
328,-1,70.06,345.20,131.42,62.36,0.9551,-1,-1,-1
328,-1,262.83,132.84,75.51,80.33,0.9522,-1,-1,-1
328,-1,234.45,87.66,58.42,78.05,0.9431,-1,-1,-1
328,-1,50.75,124.57,97.42,54.40,0.9293,-1,-1,-1
328,-1,103.42,193.66,29.79,25.31,0.8983,-1,-1,-1
328,-1,788.88,282.38,24.34,41.79,0.8721,-1,-1,-1
328,-1,69.72,254.24,23.97,35.10,0.8561,-1,-1,-1
328,-1,52.27,354.39,32.91,19.05,0.8229,-1,-1,-1
328,-1,754.72,349.51,28.23,12.84,0.5698,-1,-1,-1
328,-1,248.44,299.26,60.84,55.14,0.4369,-1,-1,-1
328,-1,0.00,328.27,10.07,13.39,0.3744,-1,-1,-1
329,-1,60.15,344.79,133.85,62.35,0.9507,-1,-1,-1
329,-1,252.90,132.31,76.12,80.71,0.9501,-1,-1,-1
329,-1,42.50,124.27,97.26,54.36,0.9297,-1,-1,-1
329,-1,227.95,87.30,59.05,75.99,0.9257,-1,-1,-1
329,-1,95.67,193.03,30.40,25.61,0.8977,-1,-1,-1
329,-1,786.45,283.32,24.75,40.65,0.8834,-1,-1,-1
329,-1,67.45,254.06,24.16,34.99,0.8675,-1,-1,-1
329,-1,49.78,354.04,28.38,16.76,0.5494,-1,-1,-1
329,-1,753.12,349.84,27.70,12.76,0.5070,-1,-1,-1
330,-1,242.27,138.67,76.89,81.00,0.9460,-1,-1,-1
330,-1,53.67,354.59,136.04,62.48,0.9433,-1,-1,-1
330,-1,32.73,134.97,97.75,53.88,0.9322,-1,-1,-1
330,-1,218.58,94.78,59.13,73.46,0.9231,-1,-1,-1
330,-1,86.96,203.19,31.23,25.14,0.9073,-1,-1,-1
330,-1,783.35,276.75,24.30,41.39,0.8767,-1,-1,-1
330,-1,63.14,263.14,24.72,35.31,0.8515,-1,-1,-1
330,-1,236.14,305.87,61.67,54.63,0.7250,-1,-1,-1
330,-1,751.00,344.51,28.19,13.03,0.4867,-1,-1,-1
331,-1,51.97,359.06,136.18,62.47,0.9523,-1,-1,-1
331,-1,237.78,141.75,77.16,80.50,0.9482,-1,-1,-1
331,-1,28.47,140.50,97.95,53.09,0.9298,-1,-1,-1
331,-1,214.36,98.19,58.97,73.84,0.9236,-1,-1,-1
331,-1,83.75,208.09,31.37,24.59,0.9026,-1,-1,-1
331,-1,782.14,274.29,23.91,41.45,0.8634,-1,-1,-1
331,-1,61.98,268.14,24.10,34.99,0.8625,-1,-1,-1
331,-1,750.09,341.92,28.19,13.17,0.8061,-1,-1,-1
331,-1,233.64,308.98,62.02,54.48,0.7364,-1,-1,-1
331,-1,47.89,368.93,25.40,15.11,0.2617,-1,-1,-1
332,-1,255.41,142.53,75.37,79.57,0.9475,-1,-1,-1
332,-1,73.66,357.71,132.08,61.09,0.9421,-1,-1,-1
332,-1,231.34,99.60,58.59,73.15,0.9281,-1,-1,-1
332,-1,51.89,142.72,94.74,51.82,0.9281,-1,-1,-1
332,-1,104.69,208.78,30.05,24.60,0.8976,-1,-1,-1
332,-1,81.78,268.28,23.19,34.24,0.8723,-1,-1,-1
332,-1,796.80,273.25,24.96,41.93,0.8722,-1,-1,-1
332,-1,0.02,340.85,25.96,20.68,0.8633,-1,-1,-1
332,-1,0.00,326.35,25.64,14.42,0.8562,-1,-1,-1
332,-1,763.75,341.79,28.80,13.25,0.7808,-1,-1,-1
332,-1,250.33,307.89,60.17,54.36,0.6018,-1,-1,-1
333,-1,111.02,348.79,122.93,59.63,0.9476,-1,-1,-1
333,-1,288.92,139.62,73.07,78.83,0.9466,-1,-1,-1
333,-1,92.43,138.01,90.06,51.37,0.9268,-1,-1,-1
333,-1,263.91,97.21,57.93,73.68,0.9235,-1,-1,-1
333,-1,4.83,330.73,55.56,20.82,0.9145,-1,-1,-1
333,-1,141.37,203.15,28.31,24.40,0.8979,-1,-1,-1
333,-1,823.65,277.54,25.88,42.25,0.8709,-1,-1,-1
333,-1,114.16,261.76,22.35,33.03,0.8401,-1,-1,-1
333,-1,30.28,316.45,30.04,13.64,0.8323,-1,-1,-1
333,-1,788.29,346.58,29.97,13.42,0.7102,-1,-1,-1
333,-1,277.95,302.60,58.70,53.36,0.3795,-1,-1,-1
334,-1,129.14,346.97,119.66,59.31,0.9482,-1,-1,-1
334,-1,305.63,140.73,71.68,78.44,0.9444,-1,-1,-1
334,-1,112.49,138.92,87.31,50.60,0.9271,-1,-1,-1
334,-1,279.84,98.50,56.97,73.75,0.9227,-1,-1,-1
334,-1,22.13,328.55,54.68,20.31,0.8981,-1,-1,-1
334,-1,159.60,203.21,27.07,23.93,0.8934,-1,-1,-1
334,-1,837.28,280.01,26.32,43.12,0.8757,-1,-1,-1
334,-1,129.95,260.81,21.56,34.81,0.8506,-1,-1,-1
334,-1,800.98,349.75,29.83,13.36,0.8359,-1,-1,-1
334,-1,47.19,314.48,29.20,13.93,0.8228,-1,-1,-1
334,-1,113.90,355.66,29.00,18.74,0.7216,-1,-1,-1
334,-1,292.64,302.77,57.03,52.50,0.4468,-1,-1,-1
335,-1,318.65,140.56,70.84,77.92,0.9472,-1,-1,-1
335,-1,145.17,346.93,117.13,58.97,0.9472,-1,-1,-1
335,-1,292.44,99.58,54.43,73.25,0.9307,-1,-1,-1
335,-1,127.78,140.93,86.65,49.75,0.9234,-1,-1,-1
335,-1,41.80,329.31,52.44,20.27,0.9045,-1,-1,-1
335,-1,174.63,204.68,26.29,23.56,0.9011,-1,-1,-1
335,-1,853.25,276.82,27.02,44.21,0.8805,-1,-1,-1
335,-1,815.43,347.67,31.47,13.64,0.7959,-1,-1,-1
335,-1,66.02,315.69,27.41,13.13,0.7552,-1,-1,-1
335,-1,145.67,262.16,20.47,24.84,0.6881,-1,-1,-1
335,-1,130.39,355.95,28.33,18.12,0.6724,-1,-1,-1
335,-1,146.46,262.86,20.82,32.40,0.4759,-1,-1,-1
335,-1,305.09,302.32,57.25,52.53,0.2756,-1,-1,-1
336,-1,327.60,139.57,70.83,77.64,0.9469,-1,-1,-1
336,-1,156.72,346.65,116.00,58.41,0.9451,-1,-1,-1
336,-1,301.84,99.39,54.86,72.88,0.9295,-1,-1,-1
336,-1,139.18,142.16,85.05,49.01,0.9241,-1,-1,-1
336,-1,55.72,329.72,51.20,19.84,0.9039,-1,-1,-1
336,-1,185.30,205.11,26.29,23.43,0.8989,-1,-1,-1
336,-1,864.93,274.37,28.03,43.87,0.8923,-1,-1,-1
336,-1,157.28,262.43,20.32,33.04,0.8564,-1,-1,-1
336,-1,826.92,346.16,32.06,13.67,0.8132,-1,-1,-1
336,-1,142.45,355.77,27.49,17.98,0.8076,-1,-1,-1
336,-1,79.29,316.02,26.68,13.35,0.7341,-1,-1,-1
336,-1,315.30,301.68,56.02,52.72,0.4589,-1,-1,-1
337,-1,165.10,347.17,114.54,58.20,0.9456,-1,-1,-1
337,-1,335.01,140.92,70.71,77.42,0.9456,-1,-1,-1
337,-1,148.31,143.55,83.57,49.02,0.9241,-1,-1,-1
337,-1,308.46,100.80,54.48,73.33,0.9237,-1,-1,-1
337,-1,64.35,330.33,50.53,19.76,0.9056,-1,-1,-1
337,-1,872.45,274.11,28.46,44.06,0.8919,-1,-1,-1
337,-1,193.63,206.37,25.70,23.28,0.8868,-1,-1,-1
337,-1,164.41,263.24,20.63,33.07,0.8595,-1,-1,-1
337,-1,149.82,356.15,28.52,17.89,0.8304,-1,-1,-1
337,-1,833.80,346.24,32.63,13.77,0.8197,-1,-1,-1
337,-1,87.58,316.83,26.67,12.92,0.7747,-1,-1,-1
338,-1,346.11,142.43,69.63,77.02,0.9460,-1,-1,-1
338,-1,178.13,347.72,112.19,57.83,0.9434,-1,-1,-1
338,-1,319.30,102.74,54.80,73.64,0.9258,-1,-1,-1
338,-1,161.15,145.92,82.62,48.41,0.9206,-1,-1,-1
338,-1,78.03,331.18,49.16,19.19,0.9033,-1,-1,-1
338,-1,205.39,208.04,25.41,23.10,0.8880,-1,-1,-1
338,-1,884.46,274.50,28.83,44.90,0.8817,-1,-1,-1
338,-1,175.88,264.81,20.54,31.84,0.8427,-1,-1,-1
338,-1,845.11,347.30,33.13,13.87,0.8238,-1,-1,-1
338,-1,161.91,356.21,27.93,18.75,0.7739,-1,-1,-1
338,-1,100.10,317.61,26.51,12.83,0.6879,-1,-1,-1
338,-1,332.23,303.02,55.28,52.18,0.3939,-1,-1,-1
339,-1,358.95,143.00,68.69,76.98,0.9475,-1,-1,-1
339,-1,193.46,348.08,109.76,57.27,0.9408,-1,-1,-1
339,-1,331.41,104.20,54.10,73.54,0.9261,-1,-1,-1
339,-1,176.56,148.39,80.80,47.84,0.9212,-1,-1,-1
339,-1,219.72,209.67,25.10,22.83,0.8970,-1,-1,-1
339,-1,94.95,331.79,47.49,19.04,0.8950,-1,-1,-1
339,-1,900.48,272.59,29.35,45.70,0.8821,-1,-1,-1
339,-1,859.88,346.54,33.66,14.12,0.8750,-1,-1,-1
339,-1,190.18,266.53,19.77,27.20,0.8257,-1,-1,-1
339,-1,116.57,318.35,25.87,12.80,0.7330,-1,-1,-1
339,-1,175.91,356.54,28.31,19.05,0.7231,-1,-1,-1
339,-1,344.77,303.38,54.43,51.81,0.5498,-1,-1,-1
339,-1,74.87,249.59,27.07,16.81,0.4222,-1,-1,-1
340,-1,370.40,142.28,68.31,76.92,0.9411,-1,-1,-1
340,-1,208.22,347.73,107.86,56.77,0.9397,-1,-1,-1
340,-1,342.64,104.19,52.27,73.63,0.9240,-1,-1,-1
340,-1,190.48,149.78,79.53,47.64,0.9238,-1,-1,-1
340,-1,110.48,332.59,45.91,18.98,0.9025,-1,-1,-1
340,-1,915.64,267.45,30.50,46.49,0.8859,-1,-1,-1
340,-1,232.75,210.58,24.45,22.44,0.8813,-1,-1,-1
340,-1,874.10,342.60,34.97,14.24,0.8783,-1,-1,-1
340,-1,203.46,267.41,19.32,31.55,0.8500,-1,-1,-1
340,-1,131.29,319.26,25.30,12.98,0.7961,-1,-1,-1
340,-1,189.89,356.79,28.47,19.76,0.7811,-1,-1,-1
340,-1,356.51,302.69,54.03,51.75,0.2969,-1,-1,-1
341,-1,222.75,348.61,105.83,56.11,0.9421,-1,-1,-1
341,-1,383.73,144.44,67.20,76.60,0.9407,-1,-1,-1
341,-1,355.34,107.58,52.72,72.81,0.9306,-1,-1,-1
341,-1,206.74,152.94,77.65,46.40,0.9291,-1,-1,-1
341,-1,125.65,333.00,45.53,18.62,0.8998,-1,-1,-1
341,-1,247.42,212.82,23.80,21.89,0.8953,-1,-1,-1
341,-1,930.88,268.88,31.89,46.53,0.8881,-1,-1,-1
341,-1,888.45,344.85,35.35,14.49,0.8668,-1,-1,-1
341,-1,203.13,357.06,29.30,20.10,0.8399,-1,-1,-1
341,-1,217.48,268.19,18.00,30.12,0.8243,-1,-1,-1
341,-1,146.53,319.76,24.84,12.58,0.7001,-1,-1,-1
341,-1,369.03,303.86,53.19,51.36,0.3427,-1,-1,-1
342,-1,396.37,146.79,66.78,75.72,0.9428,-1,-1,-1
342,-1,237.11,349.42,103.84,55.61,0.9425,-1,-1,-1
342,-1,367.58,109.72,51.83,72.98,0.9363,-1,-1,-1
342,-1,219.65,155.93,78.09,45.85,0.9271,-1,-1,-1
342,-1,140.72,333.70,44.20,18.42,0.8995,-1,-1,-1
342,-1,947.22,268.91,32.65,47.30,0.8934,-1,-1,-1
342,-1,261.13,214.70,23.57,22.30,0.8883,-1,-1,-1
342,-1,903.28,345.84,36.58,14.67,0.8789,-1,-1,-1
342,-1,216.26,357.60,29.56,20.88,0.8577,-1,-1,-1
342,-1,229.92,269.82,18.44,30.69,0.8323,-1,-1,-1
342,-1,380.58,305.24,53.27,50.91,0.5715,-1,-1,-1
342,-1,160.96,320.39,23.69,12.51,0.4594,-1,-1,-1
343,-1,406.86,148.51,66.30,75.31,0.9466,-1,-1,-1
343,-1,249.78,350.01,101.69,55.15,0.9401,-1,-1,-1
343,-1,233.75,158.46,75.47,44.85,0.9270,-1,-1,-1
343,-1,377.81,111.26,52.38,73.87,0.9148,-1,-1,-1
343,-1,153.46,334.21,43.46,18.14,0.9093,-1,-1,-1
343,-1,961.65,268.63,33.19,47.69,0.8985,-1,-1,-1
343,-1,917.03,346.53,37.43,14.89,0.8945,-1,-1,-1
343,-1,273.38,216.33,22.80,21.90,0.8751,-1,-1,-1
343,-1,227.58,357.88,30.09,21.43,0.8483,-1,-1,-1
343,-1,241.84,270.25,17.58,30.87,0.7711,-1,-1,-1
343,-1,390.19,306.08,53.18,50.45,0.5578,-1,-1,-1
343,-1,173.49,321.38,23.44,12.25,0.4781,-1,-1,-1
344,-1,414.25,150.53,65.68,75.20,0.9442,-1,-1,-1
344,-1,257.34,350.93,100.61,55.21,0.9421,-1,-1,-1
344,-1,241.91,160.53,74.74,44.89,0.9329,-1,-1,-1
344,-1,384.63,113.43,52.38,74.54,0.9174,-1,-1,-1
344,-1,924.91,349.10,38.40,14.82,0.9111,-1,-1,-1
344,-1,161.61,334.95,42.82,18.16,0.9056,-1,-1,-1
344,-1,970.74,270.30,34.17,48.37,0.8996,-1,-1,-1
344,-1,280.86,218.28,22.62,21.73,0.8752,-1,-1,-1
344,-1,234.47,358.67,30.52,21.37,0.8627,-1,-1,-1
344,-1,248.92,271.67,17.91,30.59,0.8279,-1,-1,-1
344,-1,181.04,322.22,23.71,12.29,0.5914,-1,-1,-1
344,-1,396.88,307.51,52.57,50.72,0.3923,-1,-1,-1
345,-1,416.92,151.00,65.73,75.05,0.9418,-1,-1,-1
345,-1,260.95,351.16,99.88,55.00,0.9415,-1,-1,-1
345,-1,388.62,114.42,51.25,73.04,0.9259,-1,-1,-1
345,-1,246.72,161.73,73.29,44.21,0.9202,-1,-1,-1
345,-1,931.10,349.25,37.76,14.86,0.9087,-1,-1,-1
345,-1,166.70,335.37,42.62,17.88,0.9015,-1,-1,-1
345,-1,977.14,270.13,33.82,48.63,0.8994,-1,-1,-1
345,-1,284.54,218.96,22.64,21.72,0.8853,-1,-1,-1
345,-1,239.27,358.81,29.36,21.51,0.8669,-1,-1,-1
345,-1,253.39,272.55,17.69,31.67,0.8292,-1,-1,-1
345,-1,186.67,322.46,21.84,12.30,0.4464,-1,-1,-1
345,-1,400.44,307.55,52.10,50.94,0.2906,-1,-1,-1
346,-1,420.23,150.84,65.73,74.94,0.9429,-1,-1,-1
346,-1,265.32,350.86,99.74,54.84,0.9397,-1,-1,-1
346,-1,391.84,114.80,51.94,72.43,0.9349,-1,-1,-1
346,-1,250.65,162.10,73.56,44.00,0.9276,-1,-1,-1
346,-1,984.54,268.58,34.33,49.00,0.9035,-1,-1,-1
346,-1,937.81,348.03,38.34,15.18,0.9034,-1,-1,-1
346,-1,173.47,335.21,41.61,18.06,0.8964,-1,-1,-1
346,-1,288.91,219.12,22.33,21.79,0.8725,-1,-1,-1
346,-1,244.63,358.69,29.03,21.01,0.8537,-1,-1,-1
346,-1,258.12,273.03,17.78,29.72,0.8047,-1,-1,-1
346,-1,191.91,322.55,23.26,12.43,0.4888,-1,-1,-1
346,-1,404.22,307.62,51.85,50.39,0.3203,-1,-1,-1
347,-1,424.22,149.68,65.74,74.92,0.9468,-1,-1,-1
347,-1,271.30,350.27,99.31,54.48,0.9375,-1,-1,-1
347,-1,396.64,113.40,51.76,72.01,0.9307,-1,-1,-1
347,-1,254.82,162.10,73.67,43.96,0.9167,-1,-1,-1
347,-1,181.18,335.12,40.67,17.92,0.8952,-1,-1,-1
347,-1,947.27,345.05,39.48,15.21,0.8913,-1,-1,-1
347,-1,294.39,219.18,22.16,21.66,0.8872,-1,-1,-1
347,-1,995.06,264.28,28.94,49.45,0.8836,-1,-1,-1
347,-1,251.83,358.34,27.53,20.32,0.8482,-1,-1,-1
347,-1,264.75,272.68,17.80,29.51,0.8169,-1,-1,-1
347,-1,409.34,306.22,51.65,50.35,0.5882,-1,-1,-1
347,-1,199.57,322.62,21.74,12.08,0.5000,-1,-1,-1
348,-1,428.72,147.57,65.45,75.09,0.9432,-1,-1,-1
348,-1,277.38,349.05,98.91,54.18,0.9351,-1,-1,-1
348,-1,401.16,112.22,50.56,70.94,0.9327,-1,-1,-1
348,-1,261.42,161.84,72.35,43.91,0.9290,-1,-1,-1
348,-1,956.89,340.65,41.18,15.45,0.9074,-1,-1,-1
348,-1,189.46,334.83,40.27,17.95,0.8920,-1,-1,-1
348,-1,299.95,218.38,22.15,21.85,0.8902,-1,-1,-1
348,-1,259.45,357.76,26.33,19.33,0.8531,-1,-1,-1
348,-1,271.58,272.29,17.18,29.77,0.8119,-1,-1,-1
348,-1,1006.57,274.14,17.43,34.38,0.8038,-1,-1,-1
348,-1,207.40,322.34,21.86,11.82,0.4249,-1,-1,-1
349,-1,272.51,162.44,71.90,43.26,0.9395,-1,-1,-1
349,-1,438.43,146.86,65.20,74.76,0.9390,-1,-1,-1
349,-1,289.99,348.54,96.45,53.42,0.9333,-1,-1,-1
349,-1,411.05,112.38,50.53,71.01,0.9253,-1,-1,-1
349,-1,973.88,337.61,41.70,15.76,0.8987,-1,-1,-1
349,-1,202.12,335.02,40.48,17.71,0.8966,-1,-1,-1
349,-1,310.82,218.97,21.92,20.99,0.8852,-1,-1,-1
349,-1,283.37,273.02,17.04,29.15,0.8174,-1,-1,-1
349,-1,271.43,357.22,26.10,18.94,0.8122,-1,-1,-1
349,-1,424.71,303.93,51.64,50.06,0.3332,-1,-1,-1
349,-1,219.99,322.66,20.86,11.62,0.2884,-1,-1,-1
350,-1,452.32,149.07,64.95,74.77,0.9368,-1,-1,-1
350,-1,304.82,349.82,95.44,52.89,0.9329,-1,-1,-1
350,-1,288.49,165.75,70.27,42.95,0.9254,-1,-1,-1
350,-1,424.32,115.22,50.67,70.45,0.9238,-1,-1,-1
350,-1,325.68,221.26,21.50,20.70,0.9000,-1,-1,-1
350,-1,217.75,336.08,39.64,17.29,0.8980,-1,-1,-1
350,-1,994.33,339.66,29.67,15.87,0.8896,-1,-1,-1
350,-1,285.11,357.99,26.62,19.81,0.8406,-1,-1,-1
350,-1,297.76,274.12,16.62,29.48,0.6653,-1,-1,-1
350,-1,235.34,323.54,21.44,12.11,0.2980,-1,-1,-1
351,-1,459.24,154.32,64.96,74.41,0.9442,-1,-1,-1
351,-1,311.69,352.59,94.46,52.89,0.9404,-1,-1,-1
351,-1,297.69,169.57,69.17,42.80,0.9356,-1,-1,-1
351,-1,432.45,119.50,50.53,70.18,0.9287,-1,-1,-1
351,-1,225.63,337.36,38.57,17.38,0.8946,-1,-1,-1
351,-1,333.89,224.65,21.02,20.57,0.8815,-1,-1,-1
351,-1,1004.22,347.48,19.78,15.05,0.8607,-1,-1,-1
351,-1,292.21,359.94,27.16,19.94,0.8599,-1,-1,-1
351,-1,304.97,276.34,16.37,26.52,0.5343,-1,-1,-1
351,-1,444.04,309.39,50.66,49.44,0.5104,-1,-1,-1
352,-1,458.09,153.68,64.82,74.18,0.9433,-1,-1,-1
352,-1,310.67,352.21,95.18,52.98,0.9400,-1,-1,-1
352,-1,297.21,169.11,69.14,43.03,0.9338,-1,-1,-1
352,-1,431.88,119.06,51.54,69.38,0.9214,-1,-1,-1
352,-1,226.60,337.32,38.56,17.22,0.8992,-1,-1,-1
352,-1,333.43,224.17,21.00,20.58,0.8855,-1,-1,-1
352,-1,1005.90,346.82,18.10,14.76,0.8537,-1,-1,-1
352,-1,292.88,359.70,26.17,19.21,0.8442,-1,-1,-1
352,-1,305.74,276.50,16.75,27.98,0.6517,-1,-1,-1
352,-1,443.54,308.52,50.81,49.81,0.5609,-1,-1,-1
353,-1,457.72,148.59,65.20,74.14,0.9397,-1,-1,-1
353,-1,312.82,349.06,95.13,52.74,0.9370,-1,-1,-1
353,-1,297.43,166.27,68.69,42.78,0.9256,-1,-1,-1
353,-1,432.05,114.70,50.11,68.67,0.9247,-1,-1,-1
353,-1,334.55,221.79,20.87,20.13,0.8990,-1,-1,-1
353,-1,231.09,335.94,37.79,17.29,0.8954,-1,-1,-1
353,-1,296.82,357.66,24.47,17.54,0.7953,-1,-1,-1
353,-1,308.18,274.31,17.11,29.24,0.7319,-1,-1,-1
353,-1,1012.80,339.00,11.20,13.76,0.4837,-1,-1,-1
353,-1,445.04,304.18,51.30,50.14,0.3407,-1,-1,-1
353,-1,247.76,323.83,20.58,12.10,0.2824,-1,-1,-1
354,-1,469.38,148.75,65.34,74.25,0.9372,-1,-1,-1
354,-1,325.55,349.24,94.14,52.48,0.9321,-1,-1,-1
354,-1,310.64,168.08,68.15,41.83,0.9291,-1,-1,-1
354,-1,443.50,115.56,49.90,69.04,0.9230,-1,-1,-1
354,-1,243.99,336.29,37.75,17.01,0.8998,-1,-1,-1
354,-1,346.74,222.56,20.88,20.29,0.8843,-1,-1,-1
354,-1,308.76,357.92,25.04,18.64,0.8443,-1,-1,-1
354,-1,320.57,275.60,16.43,28.00,0.6114,-1,-1,-1
354,-1,456.95,304.56,50.76,49.79,0.3296,-1,-1,-1
354,-1,260.46,324.23,20.18,11.70,0.2615,-1,-1,-1
355,-1,479.41,151.53,64.96,74.11,0.9384,-1,-1,-1
355,-1,336.23,350.77,92.83,52.24,0.9328,-1,-1,-1
355,-1,321.76,170.47,67.64,42.24,0.9218,-1,-1,-1
355,-1,453.58,118.13,49.84,68.05,0.9155,-1,-1,-1
355,-1,357.44,224.85,20.32,20.16,0.8875,-1,-1,-1
355,-1,255.02,337.10,36.70,17.15,0.8868,-1,-1,-1
355,-1,318.96,358.72,24.84,19.24,0.8294,-1,-1,-1
355,-1,330.45,277.45,16.73,27.11,0.7147,-1,-1,-1
355,-1,465.94,306.58,50.69,49.48,0.3576,-1,-1,-1
355,-1,653.70,300.04,28.33,12.04,0.3487,-1,-1,-1
355,-1,239.11,266.03,20.46,15.23,0.2666,-1,-1,-1
356,-1,487.03,154.86,64.18,73.88,0.9435,-1,-1,-1
356,-1,343.27,352.75,92.20,52.15,0.9375,-1,-1,-1
356,-1,461.27,120.99,50.34,69.46,0.9309,-1,-1,-1
356,-1,330.26,173.74,66.83,41.26,0.9226,-1,-1,-1
356,-1,262.19,338.41,37.11,16.83,0.8901,-1,-1,-1
356,-1,365.05,227.17,20.52,20.68,0.8804,-1,-1,-1
356,-1,325.56,360.09,26.33,19.03,0.8414,-1,-1,-1
356,-1,337.87,277.77,16.40,28.11,0.6211,-1,-1,-1
356,-1,472.55,309.10,50.29,49.46,0.3236,-1,-1,-1
357,-1,490.89,155.23,64.18,74.01,0.9411,-1,-1,-1
357,-1,347.97,352.80,91.37,51.84,0.9391,-1,-1,-1
357,-1,335.00,174.55,65.94,41.04,0.9232,-1,-1,-1
357,-1,465.53,121.59,49.41,68.32,0.9092,-1,-1,-1
357,-1,268.22,338.67,36.18,16.82,0.8920,-1,-1,-1
357,-1,370.19,228.12,19.57,20.23,0.8798,-1,-1,-1
357,-1,331.14,360.08,24.98,19.52,0.8279,-1,-1,-1
357,-1,343.18,278.90,16.26,28.12,0.6674,-1,-1,-1
357,-1,476.58,309.58,50.12,49.22,0.4866,-1,-1,-1
358,-1,494.97,154.45,64.59,74.04,0.9368,-1,-1,-1
358,-1,352.88,352.41,91.21,51.74,0.9339,-1,-1,-1
358,-1,339.77,174.59,66.49,40.92,0.9289,-1,-1,-1
358,-1,470.57,121.05,49.43,68.08,0.9150,-1,-1,-1
358,-1,274.64,338.76,36.10,16.52,0.8978,-1,-1,-1
358,-1,374.67,227.86,20.31,20.05,0.8907,-1,-1,-1
358,-1,337.36,360.04,23.82,18.26,0.8252,-1,-1,-1
358,-1,349.05,279.43,15.83,27.23,0.5456,-1,-1,-1
358,-1,290.51,326.65,20.20,11.62,0.3216,-1,-1,-1
359,-1,499.07,152.34,64.64,74.02,0.9376,-1,-1,-1
359,-1,358.28,351.14,91.16,51.60,0.9337,-1,-1,-1
359,-1,344.89,173.84,65.82,41.01,0.9220,-1,-1,-1
359,-1,474.56,119.65,49.71,66.93,0.9118,-1,-1,-1
359,-1,281.69,337.98,35.60,16.75,0.9021,-1,-1,-1
359,-1,379.52,227.08,20.27,19.88,0.8791,-1,-1,-1
359,-1,343.78,359.23,23.04,17.55,0.8049,-1,-1,-1
359,-1,355.04,278.93,16.18,26.46,0.5658,-1,-1,-1
359,-1,485.53,307.26,51.21,49.18,0.3275,-1,-1,-1
360,-1,503.89,149.70,64.80,74.47,0.9401,-1,-1,-1
360,-1,365.10,349.73,90.76,51.30,0.9311,-1,-1,-1
360,-1,351.69,172.65,64.28,40.91,0.9215,-1,-1,-1
360,-1,479.90,117.74,49.79,66.46,0.9007,-1,-1,-1
360,-1,289.95,337.02,34.94,16.87,0.8951,-1,-1,-1
360,-1,385.49,225.91,20.26,19.69,0.8757,-1,-1,-1
360,-1,351.43,358.04,22.24,17.72,0.8297,-1,-1,-1
360,-1,362.07,277.44,15.67,26.53,0.6218,-1,-1,-1
360,-1,492.41,305.06,50.44,49.41,0.4337,-1,-1,-1
361,-1,519.36,150.60,64.99,74.74,0.9413,-1,-1,-1
361,-1,367.31,174.84,64.04,40.64,0.9311,-1,-1,-1
361,-1,380.71,350.47,89.56,51.01,0.9306,-1,-1,-1
361,-1,305.61,337.98,34.34,16.54,0.8997,-1,-1,-1
361,-1,495.40,119.14,49.44,66.90,0.8915,-1,-1,-1
361,-1,401.54,227.78,19.42,19.40,0.8799,-1,-1,-1
361,-1,365.95,358.58,23.35,17.37,0.8286,-1,-1,-1
361,-1,376.80,278.20,15.52,26.23,0.3878,-1,-1,-1
361,-1,507.18,305.72,50.17,49.51,0.3046,-1,-1,-1
362,-1,390.25,353.33,89.02,51.25,0.9361,-1,-1,-1
362,-1,529.46,155.96,64.92,73.74,0.9325,-1,-1,-1
362,-1,378.16,179.00,63.78,40.34,0.9197,-1,-1,-1
362,-1,504.77,123.70,49.97,66.72,0.9182,-1,-1,-1
362,-1,315.04,340.23,34.22,16.08,0.8938,-1,-1,-1
362,-1,411.47,230.99,19.51,19.59,0.8860,-1,-1,-1
362,-1,374.51,360.84,24.18,18.21,0.8286,-1,-1,-1
362,-1,386.15,281.26,15.72,24.25,0.4105,-1,-1,-1
362,-1,330.56,328.63,18.52,11.24,0.3265,-1,-1,-1
363,-1,529.63,153.94,65.05,74.27,0.9363,-1,-1,-1
363,-1,391.26,352.59,88.79,50.80,0.9352,-1,-1,-1
363,-1,379.88,178.08,62.84,40.12,0.9241,-1,-1,-1
363,-1,505.77,122.22,49.81,66.67,0.9081,-1,-1,-1
363,-1,317.24,339.67,34.58,16.15,0.8963,-1,-1,-1
363,-1,412.25,230.13,19.84,19.83,0.8913,-1,-1,-1
363,-1,377.06,360.24,22.58,17.65,0.7965,-1,-1,-1
363,-1,387.66,280.08,15.91,27.91,0.4038,-1,-1,-1
363,-1,516.74,308.23,50.50,49.63,0.3277,-1,-1,-1
363,-1,711.43,299.25,25.22,12.05,0.2591,-1,-1,-1
364,-1,531.37,150.10,65.10,74.40,0.9386,-1,-1,-1
364,-1,394.73,350.40,88.27,50.83,0.9320,-1,-1,-1
364,-1,380.05,175.90,64.32,40.25,0.9263,-1,-1,-1
364,-1,507.29,118.81,49.75,66.63,0.9017,-1,-1,-1
364,-1,321.53,338.02,33.79,16.77,0.8910,-1,-1,-1
364,-1,414.43,228.19,19.84,19.80,0.8899,-1,-1,-1
364,-1,381.11,358.68,21.79,16.78,0.8038,-1,-1,-1
364,-1,391.18,279.71,15.79,25.69,0.4642,-1,-1,-1
364,-1,0.00,305.88,9.27,14.18,0.3730,-1,-1,-1
364,-1,336.81,326.56,18.59,11.36,0.3658,-1,-1,-1
364,-1,519.42,305.75,50.81,48.83,0.2694,-1,-1,-1
365,-1,544.54,152.81,65.53,74.31,0.9396,-1,-1,-1
365,-1,407.04,352.18,88.45,50.58,0.9343,-1,-1,-1
365,-1,394.53,178.72,62.83,39.99,0.9174,-1,-1,-1
365,-1,520.00,121.37,50.43,66.29,0.9084,-1,-1,-1
365,-1,333.64,339.79,33.92,16.04,0.8973,-1,-1,-1
365,-1,427.66,230.56,19.37,19.55,0.8910,-1,-1,-1
365,-1,1.01,305.39,29.88,13.85,0.8713,-1,-1,-1
365,-1,392.37,360.08,22.71,18.30,0.8185,-1,-1,-1
365,-1,532.01,307.81,50.32,49.33,0.4799,-1,-1,-1
365,-1,403.16,280.73,15.43,27.72,0.3170,-1,-1,-1
365,-1,728.15,297.82,25.23,12.41,0.2613,-1,-1,-1
366,-1,551.43,154.63,65.63,74.15,0.9432,-1,-1,-1
366,-1,413.91,353.28,88.04,50.89,0.9316,-1,-1,-1
366,-1,402.12,180.83,62.29,39.55,0.9187,-1,-1,-1
366,-1,527.42,123.34,49.68,66.60,0.9169,-1,-1,-1
366,-1,341.02,340.70,33.46,16.05,0.8832,-1,-1,-1
366,-1,434.69,232.00,19.43,19.81,0.8789,-1,-1,-1
366,-1,13.22,306.59,29.54,13.55,0.8621,-1,-1,-1
366,-1,399.37,361.01,23.14,17.02,0.7986,-1,-1,-1
366,-1,538.69,309.46,50.46,49.11,0.3332,-1,-1,-1
366,-1,410.73,282.21,14.99,26.43,0.2943,-1,-1,-1
367,-1,555.15,151.58,65.67,74.40,0.9400,-1,-1,-1
367,-1,418.68,351.68,87.08,50.37,0.9333,-1,-1,-1
367,-1,406.05,178.84,62.49,39.71,0.9229,-1,-1,-1
367,-1,346.04,339.58,33.50,16.01,0.8953,-1,-1,-1
367,-1,531.64,120.96,49.64,65.44,0.8923,-1,-1,-1
367,-1,438.61,230.36,19.42,19.22,0.8882,-1,-1,-1
367,-1,21.30,306.64,29.31,13.86,0.8733,-1,-1,-1
367,-1,404.29,359.76,22.06,16.97,0.8190,-1,-1,-1
367,-1,0.02,359.62,12.24,19.94,0.4315,-1,-1,-1
367,-1,0.00,248.08,27.39,20.63,0.4266,-1,-1,-1
367,-1,740.97,296.05,26.45,12.95,0.2887,-1,-1,-1
368,-1,566.35,151.34,65.52,74.83,0.9403,-1,-1,-1
368,-1,428.94,352.15,87.79,50.17,0.9312,-1,-1,-1
368,-1,416.17,179.92,62.49,39.67,0.9221,-1,-1,-1
368,-1,541.70,120.70,50.31,66.77,0.9101,-1,-1,-1
368,-1,0.00,248.19,45.31,22.38,0.8994,-1,-1,-1
368,-1,356.65,340.19,33.26,15.72,0.8941,-1,-1,-1
368,-1,449.60,230.98,18.84,19.44,0.8937,-1,-1,-1
368,-1,39.28,307.92,27.79,13.48,0.8761,-1,-1,-1
368,-1,0.01,355.46,30.53,30.25,0.8478,-1,-1,-1
368,-1,414.80,359.99,21.93,17.33,0.8207,-1,-1,-1
368,-1,552.89,307.72,51.18,48.94,0.5225,-1,-1,-1
368,-1,0.01,341.33,23.82,18.88,0.4904,-1,-1,-1
368,-1,752.37,296.02,25.62,12.66,0.3770,-1,-1,-1
368,-1,0.00,341.29,23.62,18.48,0.3382,-1,-1,-1
369,-1,572.30,151.88,66.45,74.56,0.9382,-1,-1,-1
369,-1,436.13,352.50,86.35,50.05,0.9320,-1,-1,-1
369,-1,423.51,180.59,62.01,39.64,0.9213,-1,-1,-1
369,-1,0.03,355.74,41.16,29.71,0.8998,-1,-1,-1
369,-1,363.39,340.45,32.98,15.68,0.8970,-1,-1,-1
369,-1,455.90,231.73,18.97,19.09,0.8927,-1,-1,-1
369,-1,6.38,249.64,49.47,21.52,0.8925,-1,-1,-1
369,-1,548.11,121.63,50.14,65.56,0.8827,-1,-1,-1
369,-1,50.57,308.49,27.25,13.22,0.8604,-1,-1,-1
369,-1,420.63,360.18,23.01,18.12,0.8407,-1,-1,-1
369,-1,0.00,341.76,35.14,17.96,0.6991,-1,-1,-1
369,-1,760.16,296.26,25.16,12.58,0.3021,-1,-1,-1
369,-1,0.06,297.68,15.68,22.60,0.2965,-1,-1,-1
369,-1,378.34,328.83,18.00,11.32,0.2909,-1,-1,-1
370,-1,576.45,150.17,65.93,75.21,0.9381,-1,-1,-1
370,-1,440.12,351.72,87.07,50.01,0.9343,-1,-1,-1
370,-1,426.63,180.14,62.54,39.61,0.9184,-1,-1,-1
370,-1,552.05,120.31,50.05,66.25,0.9154,-1,-1,-1
370,-1,0.06,356.42,49.96,30.52,0.9052,-1,-1,-1
370,-1,368.78,340.16,32.79,15.74,0.8943,-1,-1,-1
370,-1,15.58,251.07,48.96,21.57,0.8912,-1,-1,-1
370,-1,459.79,231.21,19.44,19.19,0.8875,-1,-1,-1
370,-1,59.18,309.11,26.11,13.04,0.8453,-1,-1,-1
370,-1,0.00,342.35,44.00,18.47,0.8064,-1,-1,-1
370,-1,425.81,359.88,22.06,16.57,0.7853,-1,-1,-1
370,-1,563.73,306.93,51.02,49.15,0.5193,-1,-1,-1
370,-1,766.09,294.44,28.68,12.80,0.4877,-1,-1,-1
370,-1,355.76,274.00,17.87,13.75,0.4064,-1,-1,-1
371,-1,584.71,149.88,66.22,75.38,0.9410,-1,-1,-1
371,-1,448.33,351.80,86.85,49.91,0.9310,-1,-1,-1
371,-1,434.98,180.55,62.39,39.39,0.9171,-1,-1,-1
371,-1,0.00,356.71,64.36,30.25,0.9085,-1,-1,-1
371,-1,560.02,119.91,50.12,66.15,0.8990,-1,-1,-1
371,-1,377.22,340.16,32.55,15.76,0.8956,-1,-1,-1
371,-1,29.88,252.54,48.46,21.54,0.8896,-1,-1,-1
371,-1,467.95,231.17,19.23,19.17,0.8859,-1,-1,-1
371,-1,73.34,309.98,25.29,13.19,0.8687,-1,-1,-1
371,-1,3.28,342.94,54.77,19.13,0.8354,-1,-1,-1
371,-1,433.71,359.88,22.16,16.26,0.7402,-1,-1,-1
371,-1,572.08,306.52,51.03,49.38,0.5597,-1,-1,-1
371,-1,364.32,274.40,17.71,13.85,0.4596,-1,-1,-1
371,-1,776.12,293.91,25.25,12.43,0.4347,-1,-1,-1
371,-1,13.32,300.46,25.52,21.16,0.3928,-1,-1,-1
371,-1,444.45,281.43,15.02,26.83,0.2786,-1,-1,-1
372,-1,597.04,149.85,66.78,75.24,0.9400,-1,-1,-1
372,-1,460.40,352.18,86.59,49.78,0.9307,-1,-1,-1
372,-1,447.86,181.55,61.62,38.89,0.9253,-1,-1,-1
372,-1,5.72,357.06,77.03,29.67,0.9085,-1,-1,-1
372,-1,571.77,119.84,50.44,66.16,0.9048,-1,-1,-1
372,-1,479.93,231.86,19.05,19.19,0.8929,-1,-1,-1
372,-1,388.86,340.40,32.06,15.66,0.8926,-1,-1,-1
372,-1,50.16,254.95,46.47,20.73,0.8825,-1,-1,-1
372,-1,91.15,311.07,24.61,12.89,0.8552,-1,-1,-1
372,-1,444.98,359.97,22.89,17.37,0.8426,-1,-1,-1
372,-1,24.19,343.45,52.27,18.75,0.7969,-1,-1,-1
372,-1,790.05,293.12,35.11,13.12,0.5326,-1,-1,-1
372,-1,583.22,307.06,52.22,49.04,0.4728,-1,-1,-1
372,-1,21.64,301.45,33.46,13.75,0.3102,-1,-1,-1
372,-1,402.89,329.07,17.80,11.13,0.3089,-1,-1,-1
372,-1,455.32,282.91,15.44,24.71,0.2955,-1,-1,-1
372,-1,375.52,274.88,17.32,13.34,0.2750,-1,-1,-1
373,-1,610.49,149.31,67.56,75.58,0.9387,-1,-1,-1
373,-1,473.96,352.16,85.91,49.64,0.9347,-1,-1,-1
373,-1,460.10,182.06,62.52,39.09,0.9174,-1,-1,-1
373,-1,584.49,119.74,51.14,67.30,0.9115,-1,-1,-1
373,-1,28.08,357.96,74.27,29.11,0.9096,-1,-1,-1
373,-1,70.19,257.52,45.14,20.32,0.8951,-1,-1,-1
373,-1,401.26,340.63,32.15,15.84,0.8898,-1,-1,-1
373,-1,492.66,232.18,18.95,19.19,0.8832,-1,-1,-1
373,-1,110.11,312.72,24.19,12.74,0.8455,-1,-1,-1
373,-1,456.98,360.34,23.39,17.83,0.8368,-1,-1,-1
373,-1,46.23,344.79,50.10,18.11,0.7677,-1,-1,-1
373,-1,34.72,268.13,30.68,32.91,0.5785,-1,-1,-1
373,-1,804.82,292.18,29.12,13.09,0.5494,-1,-1,-1
373,-1,388.66,275.73,16.76,13.49,0.4778,-1,-1,-1
373,-1,596.53,306.94,52.21,49.41,0.4054,-1,-1,-1
374,-1,622.60,148.66,67.75,76.03,0.9418,-1,-1,-1
374,-1,485.83,352.34,85.79,49.82,0.9344,-1,-1,-1
374,-1,471.69,182.58,62.41,38.87,0.9262,-1,-1,-1
374,-1,596.02,119.49,51.80,68.50,0.9250,-1,-1,-1
374,-1,46.15,358.48,71.97,29.04,0.9120,-1,-1,-1
374,-1,411.53,340.99,32.15,15.82,0.9013,-1,-1,-1
374,-1,87.20,259.68,44.15,20.51,0.8961,-1,-1,-1
374,-1,504.33,232.47,18.77,19.47,0.8954,-1,-1,-1
374,-1,467.12,360.35,24.37,19.09,0.8674,-1,-1,-1
374,-1,63.58,345.67,48.74,17.71,0.7942,-1,-1,-1
374,-1,53.57,270.14,29.89,34.46,0.7607,-1,-1,-1
374,-1,126.19,314.10,23.34,12.19,0.7439,-1,-1,-1
374,-1,0.02,313.77,21.90,17.68,0.6055,-1,-1,-1
374,-1,0.00,379.21,10.19,16.27,0.5024,-1,-1,-1
374,-1,817.67,291.37,28.03,12.86,0.4541,-1,-1,-1
374,-1,608.35,306.32,52.27,50.16,0.3524,-1,-1,-1
375,-1,632.58,148.18,68.07,76.40,0.9432,-1,-1,-1
375,-1,494.71,352.59,85.96,49.81,0.9291,-1,-1,-1
375,-1,481.31,183.17,61.27,38.51,0.9203,-1,-1,-1
375,-1,604.21,119.18,52.85,68.71,0.9166,-1,-1,-1
375,-1,59.32,359.16,70.38,28.62,0.9153,-1,-1,-1
375,-1,419.37,341.38,31.88,15.77,0.8993,-1,-1,-1
375,-1,513.06,233.09,18.68,19.20,0.8920,-1,-1,-1
375,-1,98.95,261.34,42.40,19.50,0.8801,-1,-1,-1
375,-1,474.44,360.61,25.63,19.91,0.8731,-1,-1,-1
375,-1,2.02,380.02,21.61,16.25,0.8700,-1,-1,-1
375,-1,3.68,311.68,32.16,20.88,0.8671,-1,-1,-1
375,-1,75.58,346.36,48.14,17.87,0.8114,-1,-1,-1
375,-1,137.98,315.07,22.70,12.07,0.7025,-1,-1,-1
375,-1,617.45,306.73,52.40,49.71,0.5684,-1,-1,-1
375,-1,826.85,291.01,27.88,12.82,0.5510,-1,-1,-1
375,-1,65.87,271.50,35.62,34.62,0.5229,-1,-1,-1
376,-1,642.88,146.06,68.85,76.48,0.9402,-1,-1,-1
376,-1,503.10,351.12,86.23,50.26,0.9337,-1,-1,-1
376,-1,614.04,116.91,52.33,69.88,0.9251,-1,-1,-1
376,-1,490.34,181.40,61.52,38.98,0.9226,-1,-1,-1
376,-1,72.33,357.29,68.66,28.03,0.9050,-1,-1,-1
376,-1,427.12,340.16,31.85,15.52,0.8964,-1,-1,-1
376,-1,521.69,231.95,18.69,18.52,0.8921,-1,-1,-1
376,-1,111.52,259.96,41.95,19.76,0.8888,-1,-1,-1
376,-1,481.87,359.43,26.33,20.63,0.8768,-1,-1,-1
376,-1,15.71,377.87,21.35,15.86,0.8526,-1,-1,-1
376,-1,16.88,310.16,31.43,20.55,0.7778,-1,-1,-1
376,-1,78.45,270.68,29.76,33.48,0.7725,-1,-1,-1
376,-1,88.23,344.34,46.91,18.52,0.7532,-1,-1,-1
376,-1,148.90,313.56,22.60,12.03,0.7036,-1,-1,-1
376,-1,837.41,289.60,32.25,13.12,0.5413,-1,-1,-1
376,-1,626.36,305.34,53.09,50.03,0.3302,-1,-1,-1
377,-1,650.24,145.62,68.78,76.77,0.9531,-1,-1,-1
377,-1,510.23,351.90,85.97,49.99,0.9294,-1,-1,-1
377,-1,495.59,181.91,62.98,38.88,0.9252,-1,-1,-1
377,-1,620.31,116.71,53.48,69.99,0.9235,-1,-1,-1
377,-1,81.81,358.02,67.41,28.10,0.9104,-1,-1,-1
377,-1,433.14,340.62,31.31,15.52,0.8929,-1,-1,-1
377,-1,528.11,232.11,18.81,18.92,0.8912,-1,-1,-1
377,-1,487.92,359.92,27.15,20.39,0.8849,-1,-1,-1
377,-1,119.91,261.95,41.95,19.39,0.8794,-1,-1,-1
377,-1,27.62,312.17,29.99,19.58,0.8632,-1,-1,-1
377,-1,87.85,272.22,33.77,34.64,0.8390,-1,-1,-1
377,-1,26.14,378.55,20.51,16.09,0.8229,-1,-1,-1
377,-1,97.59,345.52,46.13,18.12,0.7641,-1,-1,-1
377,-1,633.33,305.67,53.13,49.91,0.6391,-1,-1,-1
377,-1,845.60,289.09,31.59,13.21,0.5727,-1,-1,-1
377,-1,157.77,314.79,21.78,11.67,0.5276,-1,-1,-1
378,-1,656.56,145.66,69.78,77.32,0.9417,-1,-1,-1
378,-1,516.94,352.94,85.21,50.39,0.9326,-1,-1,-1
378,-1,625.99,117.21,52.94,69.95,0.9307,-1,-1,-1
378,-1,502.75,183.33,61.66,38.80,0.9281,-1,-1,-1
378,-1,90.56,361.11,67.30,27.63,0.9122,-1,-1,-1
378,-1,438.66,342.25,30.90,15.67,0.8874,-1,-1,-1
378,-1,533.91,233.76,18.71,18.49,0.8762,-1,-1,-1
378,-1,128.03,265.28,41.90,19.64,0.8742,-1,-1,-1
378,-1,493.26,361.38,28.28,20.39,0.8722,-1,-1,-1
378,-1,35.91,381.37,20.15,16.09,0.8666,-1,-1,-1
378,-1,37.16,315.34,29.95,19.88,0.8384,-1,-1,-1
378,-1,104.80,348.16,47.43,17.43,0.7311,-1,-1,-1
378,-1,165.70,317.38,21.23,11.90,0.6528,-1,-1,-1
378,-1,639.59,306.07,53.51,50.74,0.6289,-1,-1,-1
378,-1,96.36,276.58,31.78,33.51,0.6203,-1,-1,-1
378,-1,853.78,288.61,30.91,13.68,0.6125,-1,-1,-1
379,-1,666.32,143.41,70.35,77.91,0.9461,-1,-1,-1
379,-1,635.17,115.27,53.43,69.73,0.9378,-1,-1,-1
379,-1,524.60,352.01,86.17,50.09,0.9310,-1,-1,-1
379,-1,510.24,181.51,62.63,39.21,0.9274,-1,-1,-1
379,-1,101.36,358.80,65.89,27.49,0.9096,-1,-1,-1
379,-1,445.78,340.81,31.05,15.45,0.8900,-1,-1,-1
379,-1,542.09,231.80,18.81,18.98,0.8851,-1,-1,-1
379,-1,500.26,360.06,28.43,20.86,0.8704,-1,-1,-1
379,-1,139.09,263.94,40.58,19.34,0.8702,-1,-1,-1
379,-1,49.12,312.87,29.57,20.56,0.8521,-1,-1,-1
379,-1,47.85,379.10,19.99,15.76,0.8452,-1,-1,-1
379,-1,116.72,346.25,45.42,17.44,0.7895,-1,-1,-1
379,-1,648.45,305.30,53.73,50.18,0.6342,-1,-1,-1
379,-1,863.91,287.79,29.46,13.35,0.5889,-1,-1,-1
379,-1,107.31,274.52,24.99,28.65,0.5229,-1,-1,-1
379,-1,175.60,316.11,20.95,11.76,0.3158,-1,-1,-1
380,-1,673.45,144.27,70.80,77.80,0.9430,-1,-1,-1
380,-1,640.90,116.52,54.53,69.86,0.9393,-1,-1,-1
380,-1,532.38,353.19,85.45,50.52,0.9307,-1,-1,-1
380,-1,516.64,183.54,62.98,38.82,0.9299,-1,-1,-1
380,-1,111.32,361.91,64.70,27.33,0.9091,-1,-1,-1
380,-1,451.85,342.68,31.16,15.68,0.8959,-1,-1,-1
380,-1,147.59,267.65,39.54,19.11,0.8937,-1,-1,-1
380,-1,548.60,233.87,18.97,18.52,0.8843,-1,-1,-1
380,-1,506.64,361.81,28.87,20.13,0.8708,-1,-1,-1
380,-1,58.46,382.12,19.40,15.77,0.7698,-1,-1,-1
380,-1,125.30,349.62,45.41,18.32,0.7550,-1,-1,-1
380,-1,59.53,317.42,28.48,19.47,0.7170,-1,-1,-1
380,-1,871.31,287.64,31.44,13.29,0.6955,-1,-1,-1
380,-1,117.45,278.85,31.23,32.21,0.5573,-1,-1,-1
380,-1,184.05,319.05,21.03,11.74,0.5171,-1,-1,-1
380,-1,655.57,306.14,54.40,50.58,0.4835,-1,-1,-1
380,-1,121.41,308.73,31.70,15.86,0.3236,-1,-1,-1
381,-1,682.71,143.71,71.06,78.18,0.9460,-1,-1,-1
381,-1,540.41,353.38,85.90,50.46,0.9317,-1,-1,-1
381,-1,524.07,183.62,63.51,38.85,0.9264,-1,-1,-1
381,-1,648.91,115.87,55.61,70.75,0.9253,-1,-1,-1
381,-1,121.42,362.22,63.32,27.29,0.9116,-1,-1,-1
381,-1,458.21,342.83,30.90,15.70,0.8885,-1,-1,-1
381,-1,556.22,233.93,18.93,18.37,0.8831,-1,-1,-1
381,-1,512.28,362.00,30.23,20.12,0.8793,-1,-1,-1
381,-1,157.20,269.04,39.71,18.83,0.8756,-1,-1,-1
381,-1,68.61,382.19,19.10,15.79,0.8446,-1,-1,-1
381,-1,135.65,350.30,44.29,17.87,0.7634,-1,-1,-1
381,-1,70.60,318.64,27.97,18.76,0.7210,-1,-1,-1
381,-1,880.93,287.04,31.05,13.47,0.7039,-1,-1,-1
381,-1,127.12,279.71,27.64,29.79,0.6452,-1,-1,-1
381,-1,523.35,283.39,14.99,26.85,0.5701,-1,-1,-1
381,-1,664.24,306.13,54.27,50.59,0.4010,-1,-1,-1
381,-1,193.53,319.93,20.37,11.58,0.3731,-1,-1,-1
382,-1,691.66,142.65,71.40,78.93,0.9480,-1,-1,-1
382,-1,548.55,353.56,85.51,50.35,0.9302,-1,-1,-1
382,-1,532.05,183.75,62.99,38.74,0.9287,-1,-1,-1
382,-1,656.37,115.52,56.26,70.72,0.9255,-1,-1,-1
382,-1,131.13,362.87,62.04,26.80,0.9163,-1,-1,-1
382,-1,563.95,234.05,18.80,18.36,0.8857,-1,-1,-1
382,-1,464.88,343.08,30.66,15.63,0.8808,-1,-1,-1
382,-1,519.34,361.98,30.47,20.36,0.8776,-1,-1,-1
382,-1,165.98,270.09,39.05,18.55,0.8772,-1,-1,-1
382,-1,78.84,382.41,18.85,15.69,0.8175,-1,-1,-1
382,-1,79.91,319.48,27.94,18.66,0.8166,-1,-1,-1
382,-1,145.85,351.01,43.02,17.43,0.7699,-1,-1,-1
382,-1,137.02,280.94,35.40,32.50,0.7589,-1,-1,-1
382,-1,889.92,285.97,33.16,13.73,0.7220,-1,-1,-1
382,-1,672.50,306.11,54.48,50.63,0.5630,-1,-1,-1
382,-1,201.79,320.49,20.84,11.49,0.2867,-1,-1,-1
383,-1,700.91,142.06,72.34,79.30,0.9448,-1,-1,-1
383,-1,556.55,353.64,85.86,50.46,0.9316,-1,-1,-1
383,-1,539.55,183.89,63.59,38.80,0.9302,-1,-1,-1
383,-1,664.19,114.65,56.61,72.42,0.9284,-1,-1,-1
383,-1,141.00,363.15,61.15,26.68,0.9087,-1,-1,-1
383,-1,524.76,362.17,31.82,20.46,0.8895,-1,-1,-1
383,-1,470.88,343.27,30.88,15.56,0.8888,-1,-1,-1
383,-1,571.21,234.02,19.15,18.48,0.8846,-1,-1,-1
383,-1,175.30,271.07,38.55,18.20,0.8592,-1,-1,-1
383,-1,89.02,383.12,18.21,15.36,0.7712,-1,-1,-1
383,-1,899.20,284.41,33.15,14.21,0.7668,-1,-1,-1
383,-1,154.91,351.49,42.82,17.54,0.7592,-1,-1,-1
383,-1,90.20,319.91,26.92,18.83,0.7422,-1,-1,-1
383,-1,680.56,305.97,55.33,50.73,0.6167,-1,-1,-1
383,-1,146.41,281.79,24.27,29.51,0.5283,-1,-1,-1
383,-1,535.61,283.34,15.68,27.17,0.4967,-1,-1,-1
383,-1,210.33,321.18,20.41,11.23,0.3095,-1,-1,-1
384,-1,710.18,141.68,72.51,79.29,0.9496,-1,-1,-1
384,-1,547.14,183.88,63.88,38.84,0.9308,-1,-1,-1
384,-1,564.45,353.80,85.83,50.29,0.9305,-1,-1,-1
384,-1,672.03,114.18,56.74,72.83,0.9295,-1,-1,-1
384,-1,150.06,363.61,60.68,26.64,0.9081,-1,-1,-1
384,-1,476.96,343.53,31.23,15.60,0.8947,-1,-1,-1
384,-1,578.93,233.99,19.01,18.68,0.8818,-1,-1,-1
384,-1,531.62,362.23,31.89,20.46,0.8818,-1,-1,-1
384,-1,184.10,271.90,36.96,18.07,0.8534,-1,-1,-1
384,-1,98.85,383.33,18.06,15.29,0.8114,-1,-1,-1
384,-1,164.34,351.48,41.38,17.80,0.8036,-1,-1,-1
384,-1,909.43,284.18,30.45,14.10,0.8019,-1,-1,-1
384,-1,99.65,321.07,26.64,18.24,0.5610,-1,-1,-1
384,-1,155.34,282.80,32.52,32.36,0.5244,-1,-1,-1
384,-1,688.82,305.75,55.58,50.93,0.4580,-1,-1,-1
384,-1,218.83,321.69,20.08,11.44,0.3646,-1,-1,-1
384,-1,542.49,285.26,15.30,26.14,0.3034,-1,-1,-1
385,-1,719.07,140.57,73.63,80.01,0.9456,-1,-1,-1
385,-1,555.16,183.94,64.18,38.80,0.9326,-1,-1,-1
385,-1,572.61,353.85,86.19,50.44,0.9316,-1,-1,-1
385,-1,679.93,113.36,58.46,73.38,0.9296,-1,-1,-1
385,-1,159.58,363.83,59.43,26.58,0.9054,-1,-1,-1
385,-1,483.27,343.65,31.14,15.60,0.8983,-1,-1,-1
385,-1,586.77,233.92,18.86,18.71,0.8853,-1,-1,-1
385,-1,537.27,362.28,32.21,20.42,0.8768,-1,-1,-1
385,-1,192.93,273.23,35.96,18.21,0.8754,-1,-1,-1
385,-1,109.46,321.23,26.33,18.57,0.8232,-1,-1,-1
385,-1,918.16,283.67,32.26,13.78,0.8076,-1,-1,-1
385,-1,173.65,351.81,40.71,18.08,0.7846,-1,-1,-1
385,-1,108.52,383.58,17.27,15.16,0.6310,-1,-1,-1
385,-1,697.12,305.59,56.26,51.04,0.5406,-1,-1,-1
386,-1,728.47,139.95,74.53,80.02,0.9499,-1,-1,-1
386,-1,580.94,353.81,85.98,50.42,0.9315,-1,-1,-1
386,-1,563.39,183.81,64.23,38.86,0.9296,-1,-1,-1
386,-1,688.03,112.60,59.39,73.65,0.9274,-1,-1,-1
386,-1,168.40,364.23,59.03,26.40,0.9027,-1,-1,-1
386,-1,489.84,343.59,30.31,15.62,0.8921,-1,-1,-1
386,-1,594.52,233.72,18.81,18.89,0.8881,-1,-1,-1
386,-1,543.89,362.35,32.53,20.38,0.8830,-1,-1,-1
386,-1,202.02,273.67,35.76,18.62,0.8822,-1,-1,-1
386,-1,119.53,321.73,25.43,18.66,0.8414,-1,-1,-1
386,-1,182.36,352.29,40.81,17.46,0.7617,-1,-1,-1
386,-1,927.96,282.88,33.82,13.95,0.7290,-1,-1,-1
386,-1,118.11,383.67,17.52,15.14,0.7258,-1,-1,-1
386,-1,174.09,284.84,31.59,30.69,0.5273,-1,-1,-1
386,-1,705.46,305.55,56.83,51.04,0.5102,-1,-1,-1
386,-1,555.24,284.71,14.78,26.19,0.2991,-1,-1,-1
386,-1,173.94,284.89,24.32,27.86,0.2831,-1,-1,-1
387,-1,738.09,138.41,74.96,80.61,0.9501,-1,-1,-1
387,-1,696.27,111.76,60.57,74.03,0.9342,-1,-1,-1
387,-1,570.70,183.63,65.02,38.94,0.9333,-1,-1,-1
387,-1,588.98,353.84,86.26,50.52,0.9315,-1,-1,-1
387,-1,177.35,364.65,58.69,26.14,0.9018,-1,-1,-1
387,-1,602.37,233.67,18.90,18.86,0.8895,-1,-1,-1
387,-1,550.55,362.44,32.18,20.33,0.8846,-1,-1,-1
387,-1,496.21,343.64,30.76,15.63,0.8810,-1,-1,-1
387,-1,210.65,274.72,35.68,18.35,0.8799,-1,-1,-1
387,-1,938.11,281.69,35.52,14.16,0.8325,-1,-1,-1
387,-1,191.95,352.73,39.33,17.49,0.7797,-1,-1,-1
387,-1,127.86,383.72,16.90,15.00,0.7124,-1,-1,-1
387,-1,714.21,305.39,57.31,51.16,0.6833,-1,-1,-1
387,-1,182.83,285.76,31.89,30.94,0.6702,-1,-1,-1
387,-1,130.02,322.87,24.24,18.15,0.6227,-1,-1,-1
388,-1,747.60,137.56,75.78,80.75,0.9529,-1,-1,-1
388,-1,596.95,353.78,86.77,50.67,0.9318,-1,-1,-1
388,-1,704.20,110.91,60.61,74.37,0.9284,-1,-1,-1
388,-1,578.21,183.40,65.44,39.09,0.9276,-1,-1,-1
388,-1,186.44,364.87,57.48,26.02,0.9054,-1,-1,-1
388,-1,556.49,362.54,32.88,20.38,0.8931,-1,-1,-1
388,-1,609.87,233.42,19.24,18.78,0.8921,-1,-1,-1
388,-1,502.17,343.75,31.12,15.73,0.8918,-1,-1,-1
388,-1,219.39,275.65,35.06,17.73,0.8837,-1,-1,-1
388,-1,947.94,280.46,35.10,14.44,0.8159,-1,-1,-1
388,-1,200.37,353.14,39.41,17.76,0.7430,-1,-1,-1
388,-1,191.73,286.16,28.74,30.38,0.7025,-1,-1,-1
388,-1,136.86,383.95,16.92,14.94,0.6275,-1,-1,-1
388,-1,722.66,305.24,57.92,51.26,0.5407,-1,-1,-1
388,-1,567.36,283.62,15.77,26.92,0.3501,-1,-1,-1
388,-1,145.42,328.26,17.73,13.23,0.3195,-1,-1,-1
389,-1,757.83,135.74,76.71,81.53,0.9540,-1,-1,-1
389,-1,712.73,109.48,61.69,74.83,0.9411,-1,-1,-1
389,-1,605.08,353.60,87.11,50.87,0.9323,-1,-1,-1
389,-1,585.66,182.51,66.23,39.51,0.9253,-1,-1,-1
389,-1,195.61,364.60,56.78,25.83,0.9030,-1,-1,-1
389,-1,508.72,343.60,30.64,15.72,0.8966,-1,-1,-1
389,-1,617.62,232.63,19.24,19.23,0.8947,-1,-1,-1
389,-1,563.51,362.40,32.37,20.25,0.8892,-1,-1,-1
389,-1,227.44,275.84,34.39,17.84,0.8788,-1,-1,-1
389,-1,958.73,279.79,35.24,14.91,0.8375,-1,-1,-1
389,-1,209.43,352.99,38.27,17.38,0.7972,-1,-1,-1
389,-1,200.30,286.24,30.77,30.41,0.7639,-1,-1,-1
389,-1,145.92,383.69,17.00,14.67,0.5513,-1,-1,-1
389,-1,146.98,323.32,24.49,18.00,0.3629,-1,-1,-1
389,-1,150.75,326.02,20.87,15.37,0.3241,-1,-1,-1
389,-1,731.40,304.54,58.59,51.76,0.3108,-1,-1,-1
390,-1,769.26,133.27,78.41,82.11,0.9518,-1,-1,-1
390,-1,615.05,352.61,87.07,51.21,0.9357,-1,-1,-1
390,-1,723.88,107.34,61.21,75.63,0.9339,-1,-1,-1
390,-1,595.83,180.91,66.31,39.85,0.9280,-1,-1,-1
390,-1,205.48,363.19,56.72,25.56,0.9026,-1,-1,-1
390,-1,516.49,342.49,31.11,15.74,0.8952,-1,-1,-1
390,-1,626.96,231.44,19.66,19.12,0.8901,-1,-1,-1
390,-1,571.13,361.28,32.57,20.77,0.8887,-1,-1,-1
390,-1,237.20,274.93,36.33,18.06,0.8635,-1,-1,-1
390,-1,971.72,278.86,36.54,14.50,0.8333,-1,-1,-1
390,-1,218.22,351.69,39.37,16.83,0.8054,-1,-1,-1
390,-1,166.02,327.21,16.21,12.94,0.4895,-1,-1,-1
390,-1,210.65,285.83,33.17,29.62,0.4221,-1,-1,-1
390,-1,156.92,382.02,16.67,14.35,0.2574,-1,-1,-1
391,-1,776.20,132.96,78.64,82.48,0.9550,-1,-1,-1
391,-1,729.12,107.45,62.67,75.91,0.9432,-1,-1,-1
391,-1,621.24,353.55,87.76,51.31,0.9334,-1,-1,-1
391,-1,600.35,182.06,67.43,39.70,0.9211,-1,-1,-1
391,-1,212.59,365.49,55.86,25.47,0.9032,-1,-1,-1
391,-1,632.07,232.42,20.20,19.02,0.9010,-1,-1,-1
391,-1,521.79,343.87,30.40,15.72,0.8865,-1,-1,-1
391,-1,575.93,362.49,33.35,20.54,0.8822,-1,-1,-1
391,-1,243.64,277.70,34.98,17.92,0.8759,-1,-1,-1
391,-1,979.83,277.60,38.00,14.89,0.8111,-1,-1,-1
391,-1,226.30,353.85,37.40,17.68,0.7759,-1,-1,-1
391,-1,173.52,330.03,16.13,12.82,0.5939,-1,-1,-1
391,-1,218.10,288.40,27.50,29.33,0.5648,-1,-1,-1
391,-1,587.51,283.67,15.07,27.03,0.3318,-1,-1,-1
391,-1,748.63,303.83,59.73,52.20,0.3255,-1,-1,-1
391,-1,164.41,384.42,16.43,14.35,0.3107,-1,-1,-1
392,-1,787.43,131.71,79.79,82.63,0.9502,-1,-1,-1
392,-1,631.03,353.30,87.22,51.48,0.9364,-1,-1,-1
392,-1,739.09,106.17,62.81,76.21,0.9341,-1,-1,-1
392,-1,609.12,181.84,68.13,39.39,0.9253,-1,-1,-1
392,-1,222.32,365.78,54.85,25.29,0.8978,-1,-1,-1
392,-1,641.09,232.29,20.22,18.94,0.8855,-1,-1,-1
392,-1,583.41,362.51,32.91,20.37,0.8852,-1,-1,-1
392,-1,528.78,343.83,30.57,15.70,0.8818,-1,-1,-1
392,-1,252.90,278.52,34.90,17.42,0.8594,-1,-1,-1
392,-1,992.27,276.39,31.69,14.81,0.8226,-1,-1,-1
392,-1,234.83,353.93,37.66,18.00,0.7586,-1,-1,-1
392,-1,227.19,289.08,28.87,30.47,0.4805,-1,-1,-1
392,-1,594.16,283.95,15.87,26.37,0.3408,-1,-1,-1
392,-1,182.62,330.03,15.88,13.17,0.3229,-1,-1,-1
393,-1,797.61,130.41,80.97,83.13,0.9492,-1,-1,-1
393,-1,747.47,104.76,64.41,76.55,0.9422,-1,-1,-1
393,-1,639.41,353.16,87.52,51.69,0.9334,-1,-1,-1
393,-1,617.46,181.23,68.15,39.74,0.9281,-1,-1,-1
393,-1,231.01,365.76,54.49,25.23,0.8983,-1,-1,-1
393,-1,649.78,231.76,19.70,19.06,0.8896,-1,-1,-1
393,-1,534.91,343.73,31.13,15.73,0.8870,-1,-1,-1
393,-1,589.47,362.43,33.95,20.56,0.8833,-1,-1,-1
393,-1,260.94,278.95,37.64,17.69,0.8431,-1,-1,-1
393,-1,242.13,354.00,38.66,18.07,0.7920,-1,-1,-1
393,-1,235.65,289.51,30.15,30.63,0.5863,-1,-1,-1
393,-1,1004.81,275.18,19.19,15.17,0.4651,-1,-1,-1
393,-1,767.82,303.33,60.92,52.22,0.3266,-1,-1,-1
393,-1,601.56,284.23,15.64,25.61,0.2844,-1,-1,-1
393,-1,1012.53,248.36,11.47,24.23,0.2816,-1,-1,-1
394,-1,807.67,128.64,82.03,84.17,0.9530,-1,-1,-1
394,-1,755.92,103.42,65.88,76.90,0.9381,-1,-1,-1
394,-1,647.36,353.03,88.21,51.83,0.9377,-1,-1,-1
394,-1,625.15,180.76,68.86,39.85,0.9288,-1,-1,-1
394,-1,541.09,343.76,31.18,15.69,0.8952,-1,-1,-1
394,-1,595.94,362.36,33.86,20.66,0.8949,-1,-1,-1
394,-1,239.11,365.83,53.83,25.13,0.8947,-1,-1,-1
394,-1,658.03,231.19,19.41,19.30,0.8839,-1,-1,-1
394,-1,268.26,279.43,38.42,17.56,0.8509,-1,-1,-1
394,-1,249.57,354.11,38.85,18.27,0.7695,-1,-1,-1
394,-1,243.57,289.75,24.95,29.28,0.5582,-1,-1,-1
394,-1,776.82,302.64,61.54,52.73,0.3706,-1,-1,-1
394,-1,607.08,283.64,15.84,25.83,0.3549,-1,-1,-1
394,-1,199.40,330.11,15.49,13.65,0.3443,-1,-1,-1
395,-1,818.09,126.66,83.35,84.85,0.9504,-1,-1,-1
395,-1,764.71,101.76,66.68,77.46,0.9403,-1,-1,-1
395,-1,656.29,352.92,88.30,51.99,0.9334,-1,-1,-1
395,-1,632.84,180.33,69.87,39.87,0.9269,-1,-1,-1
395,-1,547.63,343.69,30.87,15.80,0.9013,-1,-1,-1
395,-1,247.57,365.85,52.94,24.98,0.8957,-1,-1,-1
395,-1,602.66,362.28,33.49,20.47,0.8911,-1,-1,-1
395,-1,666.25,230.84,19.38,19.47,0.8842,-1,-1,-1
395,-1,276.28,280.09,34.26,17.43,0.8157,-1,-1,-1
395,-1,259.10,354.25,36.56,17.79,0.7628,-1,-1,-1
395,-1,251.70,290.38,27.02,29.36,0.5042,-1,-1,-1
395,-1,203.01,329.25,19.80,14.70,0.3692,-1,-1,-1
396,-1,830.96,123.52,85.29,85.84,0.9486,-1,-1,-1
396,-1,775.93,98.52,68.00,78.00,0.9397,-1,-1,-1
396,-1,665.09,352.05,90.02,51.97,0.9366,-1,-1,-1
396,-1,642.63,178.30,70.17,39.98,0.9279,-1,-1,-1
396,-1,555.01,342.18,31.46,15.64,0.8986,-1,-1,-1
396,-1,256.70,363.62,51.80,24.78,0.8978,-1,-1,-1
396,-1,610.40,360.80,33.46,21.04,0.8901,-1,-1,-1
396,-1,675.51,229.02,19.91,19.19,0.8899,-1,-1,-1
396,-1,285.68,278.16,34.24,17.53,0.8589,-1,-1,-1
396,-1,268.43,352.15,36.15,16.92,0.7909,-1,-1,-1
396,-1,261.14,288.91,31.39,30.10,0.7761,-1,-1,-1
396,-1,796.94,300.84,63.25,53.67,0.3462,-1,-1,-1
397,-1,840.24,122.48,85.79,86.81,0.9523,-1,-1,-1
397,-1,783.54,98.14,69.08,77.79,0.9342,-1,-1,-1
397,-1,673.40,352.49,89.72,52.32,0.9333,-1,-1,-1
397,-1,649.73,178.88,70.85,40.00,0.9227,-1,-1,-1
397,-1,264.43,365.77,51.65,24.52,0.8975,-1,-1,-1
397,-1,682.68,229.61,20.11,19.20,0.8927,-1,-1,-1
397,-1,561.33,343.32,30.77,15.65,0.8912,-1,-1,-1
397,-1,616.09,361.93,34.38,20.65,0.8862,-1,-1,-1
397,-1,292.72,280.86,33.46,16.83,0.8431,-1,-1,-1
397,-1,275.39,354.21,36.36,18.05,0.7334,-1,-1,-1
397,-1,268.51,291.66,30.32,29.03,0.5247,-1,-1,-1
397,-1,805.46,301.29,64.20,53.42,0.3575,-1,-1,-1
398,-1,851.19,121.02,87.97,87.05,0.9546,-1,-1,-1
398,-1,682.80,352.41,90.63,52.59,0.9389,-1,-1,-1
398,-1,792.79,96.54,70.77,78.38,0.9358,-1,-1,-1
398,-1,658.08,178.33,71.87,40.24,0.9251,-1,-1,-1
398,-1,272.91,365.85,51.24,24.57,0.8956,-1,-1,-1
398,-1,691.43,229.39,20.33,19.03,0.8917,-1,-1,-1
398,-1,623.57,362.00,34.55,20.70,0.8870,-1,-1,-1
398,-1,568.11,343.13,31.20,15.97,0.8820,-1,-1,-1
398,-1,301.21,281.29,33.89,17.37,0.8555,-1,-1,-1
398,-1,283.95,354.39,35.74,18.18,0.7202,-1,-1,-1
398,-1,635.43,282.07,15.81,25.37,0.6544,-1,-1,-1
398,-1,277.14,292.49,26.14,27.98,0.3635,-1,-1,-1
399,-1,862.89,118.74,88.80,87.97,0.9532,-1,-1,-1
399,-1,691.66,352.16,90.63,52.70,0.9375,-1,-1,-1
399,-1,802.74,94.46,71.54,78.86,0.9344,-1,-1,-1
399,-1,666.26,177.54,72.55,40.16,0.9276,-1,-1,-1
399,-1,280.91,365.84,50.74,24.23,0.9003,-1,-1,-1
399,-1,700.09,228.60,20.41,19.52,0.8903,-1,-1,-1
399,-1,574.39,343.08,31.54,15.78,0.8868,-1,-1,-1
399,-1,631.08,361.77,33.49,20.78,0.8859,-1,-1,-1
399,-1,308.56,281.49,33.74,16.94,0.8530,-1,-1,-1
399,-1,284.91,292.45,29.51,28.95,0.7790,-1,-1,-1
399,-1,291.93,354.18,35.58,17.98,0.7043,-1,-1,-1
399,-1,642.47,282.00,15.73,23.53,0.4727,-1,-1,-1
399,-1,825.73,299.90,66.00,54.52,0.4535,-1,-1,-1
399,-1,283.30,320.41,21.61,16.65,0.3251,-1,-1,-1
400,-1,874.18,116.97,90.60,88.31,0.9543,-1,-1,-1
400,-1,700.49,352.07,91.42,52.65,0.9368,-1,-1,-1
400,-1,811.71,92.92,72.68,78.88,0.9359,-1,-1,-1
400,-1,674.49,176.81,73.28,40.16,0.9264,-1,-1,-1
400,-1,288.28,365.95,50.14,24.19,0.8975,-1,-1,-1
400,-1,580.82,343.01,31.45,15.88,0.8955,-1,-1,-1
400,-1,708.51,227.81,20.45,19.61,0.8871,-1,-1,-1
400,-1,636.68,361.73,34.67,20.70,0.8869,-1,-1,-1
400,-1,316.02,281.81,34.98,17.23,0.8585,-1,-1,-1
400,-1,292.37,293.00,28.01,27.45,0.7758,-1,-1,-1
400,-1,299.31,354.62,34.68,18.48,0.6374,-1,-1,-1
400,-1,289.98,320.65,22.20,16.88,0.4070,-1,-1,-1
400,-1,649.93,282.47,15.71,24.33,0.2657,-1,-1,-1
401,-1,885.84,114.77,91.75,89.41,0.9504,-1,-1,-1
401,-1,709.12,351.82,92.80,53.05,0.9381,-1,-1,-1
401,-1,821.32,91.17,73.91,79.23,0.9381,-1,-1,-1
401,-1,682.28,175.96,74.65,40.75,0.9301,-1,-1,-1
401,-1,296.14,365.84,49.69,24.12,0.8965,-1,-1,-1
401,-1,586.97,342.90,32.14,15.88,0.8952,-1,-1,-1
401,-1,643.80,361.53,34.54,21.08,0.8925,-1,-1,-1
401,-1,716.98,227.24,20.93,19.37,0.8804,-1,-1,-1
401,-1,323.20,282.15,37.51,16.95,0.8634,-1,-1,-1
401,-1,300.16,293.15,28.56,27.54,0.8216,-1,-1,-1
401,-1,307.43,354.34,34.18,18.05,0.7066,-1,-1,-1
401,-1,656.03,282.11,15.87,25.94,0.3830,-1,-1,-1
402,-1,897.71,112.58,94.05,90.27,0.9516,-1,-1,-1
402,-1,831.47,88.88,74.55,79.87,0.9436,-1,-1,-1
402,-1,691.50,174.87,75.03,40.59,0.9382,-1,-1,-1
402,-1,718.21,351.81,93.21,53.02,0.9347,-1,-1,-1
402,-1,303.98,365.74,49.12,23.97,0.8980,-1,-1,-1
402,-1,650.85,361.29,34.30,21.14,0.8922,-1,-1,-1
402,-1,594.07,342.59,31.57,16.05,0.8847,-1,-1,-1
402,-1,725.83,226.80,20.91,19.51,0.8825,-1,-1,-1
402,-1,330.96,282.33,36.63,16.64,0.8401,-1,-1,-1
402,-1,307.98,293.11,29.28,28.20,0.8177,-1,-1,-1
402,-1,314.07,354.31,34.67,18.73,0.7051,-1,-1,-1
402,-1,662.76,281.66,16.09,24.74,0.5362,-1,-1,-1
402,-1,856.27,298.54,69.27,55.07,0.4125,-1,-1,-1
403,-1,909.60,110.34,96.40,90.79,0.9520,-1,-1,-1
403,-1,841.05,86.93,76.19,80.35,0.9496,-1,-1,-1
403,-1,727.33,351.45,94.33,53.40,0.9398,-1,-1,-1
403,-1,699.50,173.97,76.67,40.82,0.9390,-1,-1,-1
403,-1,311.74,365.69,48.78,23.81,0.8954,-1,-1,-1
403,-1,657.25,361.01,35.37,21.29,0.8947,-1,-1,-1
403,-1,734.46,226.02,21.29,19.43,0.8935,-1,-1,-1
403,-1,601.08,342.41,31.07,16.00,0.8845,-1,-1,-1
403,-1,338.31,282.62,37.24,16.34,0.8563,-1,-1,-1
403,-1,322.38,354.16,34.04,18.22,0.7323,-1,-1,-1
403,-1,315.49,293.55,31.33,27.15,0.7208,-1,-1,-1
403,-1,670.07,280.99,16.21,25.63,0.6337,-1,-1,-1
404,-1,921.72,108.10,97.34,91.79,0.9575,-1,-1,-1
404,-1,708.34,172.93,76.86,41.13,0.9420,-1,-1,-1
404,-1,851.48,85.05,78.40,80.54,0.9420,-1,-1,-1
404,-1,736.67,350.94,94.62,53.90,0.9372,-1,-1,-1
404,-1,318.92,365.52,48.57,23.69,0.8935,-1,-1,-1
404,-1,664.20,360.99,35.40,21.21,0.8904,-1,-1,-1
404,-1,743.61,225.03,21.15,19.65,0.8898,-1,-1,-1
404,-1,606.98,342.22,32.24,15.91,0.8792,-1,-1,-1
404,-1,322.75,293.62,30.68,26.97,0.8536,-1,-1,-1
404,-1,328.99,354.14,34.62,18.15,0.7707,-1,-1,-1
404,-1,345.72,282.80,34.46,16.51,0.6982,-1,-1,-1
404,-1,877.32,297.00,71.34,55.95,0.3172,-1,-1,-1
404,-1,677.17,280.42,15.96,26.45,0.3092,-1,-1,-1
404,-1,273.50,329.78,20.31,14.92,0.2864,-1,-1,-1
405,-1,934.48,104.75,89.52,93.14,0.9560,-1,-1,-1
405,-1,862.79,82.35,78.96,81.21,0.9394,-1,-1,-1
405,-1,746.48,350.61,95.37,54.36,0.9387,-1,-1,-1
405,-1,717.44,171.79,77.93,41.58,0.9361,-1,-1,-1
405,-1,326.50,364.97,48.41,23.80,0.8977,-1,-1,-1
405,-1,752.99,223.95,21.18,19.88,0.8956,-1,-1,-1
405,-1,671.60,360.85,35.80,21.15,0.8881,-1,-1,-1
405,-1,614.02,341.90,31.94,15.93,0.8858,-1,-1,-1
405,-1,330.52,293.30,30.58,28.04,0.8439,-1,-1,-1
405,-1,336.49,353.80,34.68,18.26,0.7607,-1,-1,-1
405,-1,353.08,282.56,36.44,16.22,0.7590,-1,-1,-1
405,-1,684.14,280.04,16.46,25.13,0.6872,-1,-1,-1
405,-1,888.34,296.16,73.18,56.93,0.3978,-1,-1,-1
405,-1,331.18,320.28,17.32,17.13,0.3090,-1,-1,-1
405,-1,628.30,330.13,17.96,10.90,0.3015,-1,-1,-1
405,-1,282.04,330.09,19.67,14.38,0.2661,-1,-1,-1
406,-1,727.20,169.52,79.79,42.12,0.9542,-1,-1,-1
406,-1,949.39,101.30,74.61,94.55,0.9460,-1,-1,-1
406,-1,874.74,79.06,81.22,82.18,0.9444,-1,-1,-1
406,-1,756.26,349.87,97.25,54.63,0.9382,-1,-1,-1
406,-1,679.94,360.07,35.76,21.20,0.8956,-1,-1,-1
406,-1,763.19,222.47,21.78,19.96,0.8915,-1,-1,-1
406,-1,334.81,363.56,48.27,23.90,0.8899,-1,-1,-1
406,-1,621.67,340.96,32.20,16.00,0.8832,-1,-1,-1
406,-1,361.71,281.61,36.53,16.07,0.8502,-1,-1,-1
406,-1,339.20,292.29,29.27,26.83,0.8119,-1,-1,-1
406,-1,900.86,295.24,74.57,57.06,0.7716,-1,-1,-1
406,-1,345.64,352.90,33.96,16.09,0.7613,-1,-1,-1
406,-1,692.61,278.79,16.40,24.79,0.6999,-1,-1,-1
406,-1,636.32,329.02,18.21,11.50,0.2877,-1,-1,-1
407,-1,883.78,77.48,82.74,82.24,0.9429,-1,-1,-1
407,-1,765.21,350.08,97.80,54.77,0.9393,-1,-1,-1
407,-1,734.97,169.00,80.98,42.45,0.9354,-1,-1,-1
407,-1,960.68,98.64,63.32,95.65,0.9310,-1,-1,-1
407,-1,628.06,341.40,32.37,16.12,0.8987,-1,-1,-1
407,-1,771.04,222.14,22.32,20.14,0.8935,-1,-1,-1
407,-1,341.73,364.99,48.62,23.66,0.8917,-1,-1,-1
407,-1,686.38,360.37,36.58,21.39,0.8900,-1,-1,-1
407,-1,346.40,293.98,28.83,28.33,0.8706,-1,-1,-1
407,-1,699.30,278.58,16.63,26.72,0.8304,-1,-1,-1
407,-1,352.18,353.81,34.27,17.45,0.7775,-1,-1,-1
407,-1,368.15,283.03,33.27,16.46,0.7463,-1,-1,-1
407,-1,911.67,294.25,74.87,57.84,0.6226,-1,-1,-1
407,-1,344.88,320.89,19.38,16.93,0.5706,-1,-1,-1
407,-1,643.28,329.51,17.59,11.42,0.4213,-1,-1,-1
408,-1,894.25,74.82,84.92,83.31,0.9415,-1,-1,-1
408,-1,774.80,349.79,99.00,55.04,0.9393,-1,-1,-1
408,-1,743.91,168.03,81.72,42.61,0.9390,-1,-1,-1
408,-1,974.01,98.81,49.99,93.94,0.9121,-1,-1,-1
408,-1,780.85,221.27,21.96,20.17,0.8993,-1,-1,-1
408,-1,634.48,341.10,33.31,16.28,0.8960,-1,-1,-1
408,-1,349.49,364.82,47.81,23.51,0.8931,-1,-1,-1
408,-1,693.53,360.17,36.46,21.47,0.8914,-1,-1,-1
408,-1,353.62,293.93,28.94,28.68,0.8603,-1,-1,-1
408,-1,375.26,283.03,34.48,16.46,0.7764,-1,-1,-1
408,-1,357.62,353.75,35.06,16.73,0.7658,-1,-1,-1
408,-1,706.31,277.76,16.73,26.76,0.7571,-1,-1,-1
408,-1,922.72,293.79,76.73,58.02,0.5699,-1,-1,-1
408,-1,650.05,329.51,17.85,11.35,0.4265,-1,-1,-1
408,-1,352.10,320.55,18.64,16.73,0.3038,-1,-1,-1
409,-1,908.17,70.16,86.64,84.68,0.9446,-1,-1,-1
409,-1,785.45,348.65,100.17,55.57,0.9393,-1,-1,-1
409,-1,754.44,164.98,83.47,43.01,0.9204,-1,-1,-1
409,-1,701.64,358.73,37.07,21.66,0.8985,-1,-1,-1
409,-1,642.29,339.69,33.26,16.26,0.8983,-1,-1,-1
409,-1,357.31,362.61,48.15,23.47,0.8957,-1,-1,-1
409,-1,791.99,218.86,22.22,20.67,0.8779,-1,-1,-1
409,-1,715.14,276.01,16.69,27.66,0.8208,-1,-1,-1
409,-1,990.13,80.56,33.87,109.80,0.8105,-1,-1,-1
409,-1,383.58,281.16,22.91,15.60,0.7668,-1,-1,-1
409,-1,368.26,351.50,32.65,15.79,0.7587,-1,-1,-1
409,-1,361.49,292.57,29.43,26.46,0.7395,-1,-1,-1
409,-1,657.85,328.09,18.17,11.30,0.3250,-1,-1,-1
410,-1,918.17,68.78,87.66,84.33,0.9519,-1,-1,-1
410,-1,795.23,348.90,100.89,55.88,0.9410,-1,-1,-1
410,-1,762.88,164.49,84.17,43.34,0.9223,-1,-1,-1
410,-1,708.73,359.39,36.65,21.69,0.9002,-1,-1,-1
410,-1,648.76,340.24,33.54,16.31,0.8923,-1,-1,-1
410,-1,365.01,363.58,46.50,23.40,0.8868,-1,-1,-1
410,-1,800.49,218.66,22.58,20.54,0.8742,-1,-1,-1
410,-1,368.56,293.35,29.26,28.00,0.8217,-1,-1,-1
410,-1,721.91,276.11,16.97,26.96,0.7607,-1,-1,-1
410,-1,375.36,352.79,32.03,16.49,0.7280,-1,-1,-1
410,-1,390.18,282.46,35.13,15.85,0.7242,-1,-1,-1
410,-1,1002.34,92.88,21.66,94.70,0.7108,-1,-1,-1
410,-1,947.25,292.10,76.73,59.03,0.6625,-1,-1,-1
410,-1,390.15,282.32,24.19,15.69,0.5444,-1,-1,-1
410,-1,364.59,319.69,19.40,16.52,0.4117,-1,-1,-1
410,-1,319.96,328.39,18.71,14.84,0.2948,-1,-1,-1
410,-1,665.13,328.33,17.37,11.55,0.2674,-1,-1,-1
411,-1,928.30,65.28,90.66,85.58,0.9472,-1,-1,-1
411,-1,803.41,348.49,102.71,56.39,0.9399,-1,-1,-1
411,-1,771.27,163.05,85.34,43.31,0.9200,-1,-1,-1
411,-1,715.54,359.14,37.34,21.82,0.9005,-1,-1,-1
411,-1,654.88,340.26,34.16,15.91,0.8931,-1,-1,-1
411,-1,371.03,363.46,46.65,23.45,0.8878,-1,-1,-1
411,-1,809.23,217.39,22.70,20.58,0.8762,-1,-1,-1
411,-1,375.02,293.39,27.65,26.42,0.7992,-1,-1,-1
411,-1,729.76,275.47,16.28,26.04,0.7677,-1,-1,-1
411,-1,395.97,282.23,32.17,16.23,0.7230,-1,-1,-1
411,-1,381.28,352.72,32.11,15.53,0.6023,-1,-1,-1
411,-1,372.21,319.69,18.93,16.56,0.3345,-1,-1,-1
411,-1,958.32,291.25,65.52,59.51,0.3305,-1,-1,-1
411,-1,670.71,328.06,17.78,11.46,0.2817,-1,-1,-1
412,-1,811.92,348.31,104.95,56.71,0.9450,-1,-1,-1
412,-1,939.36,61.31,84.64,86.07,0.9437,-1,-1,-1
412,-1,779.25,160.92,86.66,44.33,0.9217,-1,-1,-1
412,-1,722.57,358.89,37.96,22.15,0.9008,-1,-1,-1
412,-1,661.82,339.96,34.24,16.14,0.8951,-1,-1,-1
412,-1,817.88,215.73,22.91,20.87,0.8862,-1,-1,-1
412,-1,377.86,363.32,46.11,23.47,0.8853,-1,-1,-1
412,-1,736.76,275.36,16.92,27.56,0.8104,-1,-1,-1
412,-1,381.45,293.80,27.85,26.46,0.8017,-1,-1,-1
412,-1,401.85,282.37,35.30,15.97,0.7265,-1,-1,-1
412,-1,388.17,352.57,31.83,16.15,0.6536,-1,-1,-1
412,-1,969.99,290.03,53.97,60.18,0.6503,-1,-1,-1
412,-1,836.70,0.00,90.33,25.81,0.4037,-1,-1,-1
413,-1,823.96,348.04,107.15,57.17,0.9423,-1,-1,-1
413,-1,953.97,57.33,70.03,87.80,0.9359,-1,-1,-1
413,-1,790.36,158.90,88.67,44.88,0.9276,-1,-1,-1
413,-1,733.08,358.87,37.98,22.15,0.9024,-1,-1,-1
413,-1,830.01,214.38,23.26,21.23,0.9007,-1,-1,-1
413,-1,671.46,339.68,34.43,16.40,0.8965,-1,-1,-1
413,-1,387.29,363.93,45.62,23.09,0.8906,-1,-1,-1
413,-1,746.77,274.32,17.55,28.70,0.8511,-1,-1,-1
413,-1,390.98,294.26,27.62,26.40,0.8289,-1,-1,-1
413,-1,411.91,283.17,32.03,16.21,0.7666,-1,-1,-1
413,-1,397.37,352.84,31.52,16.64,0.7169,-1,-1,-1
413,-1,985.62,287.63,38.38,62.10,0.6615,-1,-1,-1
413,-1,390.44,320.30,16.03,16.53,0.5668,-1,-1,-1
413,-1,687.04,327.59,18.75,11.54,0.4107,-1,-1,-1
414,-1,838.15,347.74,109.11,57.96,0.9434,-1,-1,-1
414,-1,803.89,157.17,90.08,45.39,0.9279,-1,-1,-1
414,-1,970.65,52.71,53.35,85.11,0.9163,-1,-1,-1
414,-1,843.45,213.31,24.15,20.74,0.9107,-1,-1,-1
414,-1,744.45,358.98,38.46,22.37,0.9041,-1,-1,-1
414,-1,681.86,339.57,34.35,16.68,0.8982,-1,-1,-1
414,-1,397.65,363.83,45.36,23.22,0.8885,-1,-1,-1
414,-1,758.15,273.69,17.90,28.84,0.8420,-1,-1,-1
414,-1,401.02,294.36,29.31,27.89,0.8373,-1,-1,-1
414,-1,407.78,353.04,31.21,16.10,0.7496,-1,-1,-1
414,-1,422.23,283.17,35.15,16.40,0.7429,-1,-1,-1
414,-1,422.30,283.07,23.98,16.13,0.4501,-1,-1,-1
414,-1,698.03,327.59,18.42,11.58,0.3732,-1,-1,-1
414,-1,1003.48,277.77,20.52,71.69,0.2765,-1,-1,-1
415,-1,847.26,347.98,110.53,58.22,0.9443,-1,-1,-1
415,-1,812.11,156.07,91.78,45.75,0.9286,-1,-1,-1
415,-1,852.61,212.51,24.22,21.15,0.9066,-1,-1,-1
415,-1,752.05,359.10,39.01,22.60,0.9026,-1,-1,-1
415,-1,688.92,339.73,34.86,16.67,0.8978,-1,-1,-1
415,-1,403.87,364.54,45.67,22.85,0.8906,-1,-1,-1
415,-1,766.16,273.49,17.76,29.82,0.8477,-1,-1,-1
415,-1,407.54,294.54,27.62,25.97,0.8340,-1,-1,-1
415,-1,428.54,283.65,32.22,16.15,0.7583,-1,-1,-1
415,-1,414.47,353.29,30.87,16.56,0.7193,-1,-1,-1
415,-1,981.49,49.96,42.51,87.70,0.6090,-1,-1,-1
415,-1,705.21,327.45,18.68,11.82,0.5308,-1,-1,-1
415,-1,405.15,321.14,17.59,16.21,0.5233,-1,-1,-1
415,-1,981.59,49.95,42.41,87.32,0.4002,-1,-1,-1
415,-1,1014.71,304.27,9.29,45.91,0.3326,-1,-1,-1
416,-1,856.43,345.65,113.01,59.06,0.9462,-1,-1,-1
416,-1,821.60,152.45,92.57,45.89,0.9386,-1,-1,-1
416,-1,759.46,357.58,39.72,22.31,0.9007,-1,-1,-1
416,-1,696.06,338.00,34.94,16.93,0.8913,-1,-1,-1
416,-1,861.78,209.32,24.88,21.19,0.8876,-1,-1,-1
416,-1,410.98,363.15,44.98,23.07,0.8803,-1,-1,-1
416,-1,773.77,271.00,18.18,29.64,0.8372,-1,-1,-1
416,-1,414.45,294.24,25.73,25.19,0.7864,-1,-1,-1
416,-1,434.94,282.91,22.54,15.88,0.6559,-1,-1,-1
416,-1,992.92,44.47,31.08,85.71,0.6472,-1,-1,-1
416,-1,420.90,352.39,31.19,15.59,0.4996,-1,-1,-1
416,-1,992.73,44.12,31.27,84.85,0.3990,-1,-1,-1
416,-1,421.31,352.27,30.94,15.85,0.3703,-1,-1,-1
416,-1,435.34,282.98,33.72,15.74,0.2569,-1,-1,-1
417,-1,870.58,348.00,115.31,59.40,0.9480,-1,-1,-1
417,-1,834.37,152.74,95.05,46.23,0.9372,-1,-1,-1
417,-1,875.84,210.09,25.41,21.81,0.9040,-1,-1,-1
417,-1,770.48,359.30,40.55,22.77,0.9024,-1,-1,-1
417,-1,420.71,364.72,44.69,22.77,0.8957,-1,-1,-1
417,-1,706.17,339.73,35.50,16.84,0.8917,-1,-1,-1
417,-1,785.90,271.83,17.86,30.33,0.8451,-1,-1,-1
417,-1,424.17,295.09,27.25,26.46,0.8005,-1,-1,-1
417,-1,430.64,353.37,31.30,16.20,0.7305,-1,-1,-1
417,-1,445.28,284.17,32.29,16.06,0.7169,-1,-1,-1
417,-1,419.65,321.62,18.89,15.96,0.7080,-1,-1,-1
417,-1,1010.59,45.05,13.41,66.53,0.4478,-1,-1,-1
417,-1,1010.67,45.18,13.33,65.04,0.4379,-1,-1,-1
417,-1,722.54,327.53,18.77,11.71,0.3373,-1,-1,-1
418,-1,876.86,344.72,117.05,60.20,0.9503,-1,-1,-1
418,-1,839.60,148.69,96.46,47.07,0.9297,-1,-1,-1
418,-1,775.05,357.17,41.24,22.72,0.9011,-1,-1,-1
418,-1,881.79,206.26,25.77,21.88,0.9008,-1,-1,-1
418,-1,710.68,337.54,35.46,17.15,0.8871,-1,-1,-1
418,-1,424.61,363.47,45.79,23.03,0.8783,-1,-1,-1
418,-1,427.78,294.18,26.84,26.55,0.8411,-1,-1,-1
418,-1,790.31,269.98,18.69,29.51,0.8404,-1,-1,-1
418,-1,448.90,283.35,22.01,15.54,0.7344,-1,-1,-1
418,-1,434.61,352.73,31.06,14.97,0.7028,-1,-1,-1
418,-1,422.87,320.49,20.72,15.88,0.6520,-1,-1,-1
419,-1,882.31,343.87,118.15,60.34,0.9500,-1,-1,-1
419,-1,844.36,146.56,97.92,47.28,0.9254,-1,-1,-1
419,-1,780.14,356.13,40.87,22.90,0.9069,-1,-1,-1
419,-1,887.20,204.45,25.84,21.92,0.9013,-1,-1,-1
419,-1,428.42,363.11,45.03,22.77,0.8940,-1,-1,-1
419,-1,714.68,336.62,35.54,17.34,0.8935,-1,-1,-1
419,-1,794.83,268.01,18.42,30.61,0.8561,-1,-1,-1
419,-1,452.15,283.10,22.80,15.61,0.8405,-1,-1,-1
419,-1,431.57,294.02,26.79,25.60,0.8189,-1,-1,-1
419,-1,438.85,352.03,30.46,15.78,0.6697,-1,-1,-1
419,-1,428.33,320.14,18.39,16.08,0.5782,-1,-1,-1
419,-1,932.42,280.65,15.67,16.28,0.4315,-1,-1,-1
419,-1,438.38,352.25,31.52,15.39,0.3762,-1,-1,-1
420,-1,890.69,343.06,120.32,61.04,0.9556,-1,-1,-1
420,-1,852.09,144.58,98.91,47.82,0.9289,-1,-1,-1
420,-1,786.24,355.84,41.72,23.02,0.9057,-1,-1,-1
420,-1,895.30,203.08,26.39,22.08,0.8947,-1,-1,-1
420,-1,721.19,336.27,35.80,17.52,0.8879,-1,-1,-1
420,-1,433.78,363.09,45.44,22.98,0.8806,-1,-1,-1
420,-1,802.01,266.98,18.29,31.19,0.8615,-1,-1,-1
420,-1,436.93,294.42,26.14,26.12,0.8255,-1,-1,-1
420,-1,457.91,283.11,22.03,15.44,0.7143,-1,-1,-1
420,-1,442.91,352.03,31.51,16.28,0.5569,-1,-1,-1
420,-1,442.81,352.42,31.86,15.70,0.4634,-1,-1,-1
420,-1,431.04,320.08,22.34,14.43,0.4483,-1,-1,-1
420,-1,737.51,323.92,19.02,12.67,0.3654,-1,-1,-1
420,-1,457.52,283.20,34.29,15.29,0.3591,-1,-1,-1
421,-1,901.22,342.71,122.35,61.63,0.9491,-1,-1,-1
421,-1,863.01,142.54,99.67,48.22,0.9292,-1,-1,-1
421,-1,794.79,355.80,42.46,22.98,0.9074,-1,-1,-1
421,-1,905.96,201.41,27.15,22.31,0.9013,-1,-1,-1
421,-1,729.03,336.12,36.15,17.46,0.8884,-1,-1,-1
421,-1,440.86,362.93,45.53,22.81,0.8772,-1,-1,-1
421,-1,810.17,266.57,19.05,30.51,0.8503,-1,-1,-1
421,-1,0.00,297.44,18.08,36.66,0.8481,-1,-1,-1
421,-1,443.78,293.85,26.70,25.43,0.8275,-1,-1,-1
421,-1,464.64,282.81,22.29,15.44,0.7563,-1,-1,-1
421,-1,450.36,351.71,31.15,15.90,0.5030,-1,-1,-1
421,-1,450.21,351.96,31.46,15.83,0.4890,-1,-1,-1
421,-1,439.37,320.17,18.90,14.62,0.4330,-1,-1,-1
421,-1,745.51,323.62,19.12,12.77,0.4261,-1,-1,-1
421,-1,952.03,279.41,16.58,16.11,0.2866,-1,-1,-1
422,-1,908.07,343.31,115.93,61.96,0.9558,-1,-1,-1
422,-1,868.27,141.63,102.46,48.78,0.9290,-1,-1,-1
422,-1,0.00,297.66,26.32,36.46,0.9051,-1,-1,-1
422,-1,800.57,356.04,42.84,23.46,0.9042,-1,-1,-1
422,-1,912.93,201.00,27.41,22.30,0.8975,-1,-1,-1
422,-1,445.34,363.28,45.23,22.70,0.8924,-1,-1,-1
422,-1,733.86,336.46,36.97,17.43,0.8860,-1,-1,-1
422,-1,816.46,266.91,19.09,28.81,0.8473,-1,-1,-1
422,-1,448.67,294.55,26.46,26.08,0.8182,-1,-1,-1
422,-1,469.59,283.56,21.72,15.39,0.6683,-1,-1,-1
422,-1,455.23,352.24,30.88,16.37,0.6335,-1,-1,-1
422,-1,443.25,320.64,19.70,15.51,0.5697,-1,-1,-1
422,-1,751.28,323.65,19.89,12.66,0.5008,-1,-1,-1
422,-1,454.54,352.35,31.12,15.84,0.4086,-1,-1,-1
422,-1,469.69,283.46,32.48,15.53,0.2630,-1,-1,-1
423,-1,915.69,341.23,108.31,62.36,0.9441,-1,-1,-1
423,-1,875.38,138.14,104.05,49.50,0.9387,-1,-1,-1
423,-1,0.00,298.55,35.68,35.82,0.9270,-1,-1,-1
423,-1,807.09,354.76,43.58,23.36,0.9068,-1,-1,-1
423,-1,920.73,197.93,27.59,22.66,0.9061,-1,-1,-1
423,-1,739.87,335.22,36.75,17.37,0.9029,-1,-1,-1
423,-1,450.83,362.34,44.81,22.91,0.8942,-1,-1,-1
423,-1,822.72,264.60,19.85,30.31,0.8557,-1,-1,-1
423,-1,453.77,294.03,25.59,25.82,0.8236,-1,-1,-1
423,-1,474.35,282.54,21.75,15.19,0.6714,-1,-1,-1
423,-1,459.59,351.22,31.19,16.39,0.6665,-1,-1,-1
423,-1,473.87,282.54,34.46,15.23,0.3637,-1,-1,-1
423,-1,756.92,322.34,19.17,12.20,0.3202,-1,-1,-1
423,-1,968.38,276.60,16.93,16.63,0.2789,-1,-1,-1
424,-1,922.76,340.60,101.24,62.88,0.9458,-1,-1,-1
424,-1,882.68,136.19,105.09,50.24,0.9385,-1,-1,-1
424,-1,0.06,299.11,43.97,35.67,0.9308,-1,-1,-1
424,-1,928.21,196.54,28.05,22.74,0.9083,-1,-1,-1
424,-1,813.61,354.34,43.51,23.52,0.8974,-1,-1,-1
424,-1,745.46,334.76,37.37,17.42,0.8877,-1,-1,-1
424,-1,455.76,362.22,44.65,23.05,0.8877,-1,-1,-1
424,-1,829.67,263.66,19.61,31.44,0.8583,-1,-1,-1
424,-1,458.72,294.01,26.82,26.14,0.7726,-1,-1,-1
424,-1,478.85,282.35,31.16,15.56,0.7151,-1,-1,-1
424,-1,463.79,351.35,32.50,15.82,0.5655,-1,-1,-1
424,-1,0.00,252.88,15.06,33.19,0.5028,-1,-1,-1
424,-1,763.01,321.92,19.50,11.88,0.4888,-1,-1,-1
424,-1,976.67,275.76,17.22,16.58,0.4592,-1,-1,-1
424,-1,464.63,351.70,31.71,15.73,0.4524,-1,-1,-1
425,-1,892.22,133.36,107.15,50.44,0.9411,-1,-1,-1
425,-1,933.41,340.00,90.59,63.27,0.9392,-1,-1,-1
425,-1,10.45,300.43,45.64,34.96,0.9301,-1,-1,-1
425,-1,821.94,354.01,44.74,23.53,0.9032,-1,-1,-1
425,-1,938.63,194.38,28.56,22.93,0.9009,-1,-1,-1
425,-1,461.98,362.23,45.75,22.88,0.8958,-1,-1,-1
425,-1,753.45,334.27,37.78,17.57,0.8881,-1,-1,-1
425,-1,838.41,262.98,20.09,30.63,0.8487,-1,-1,-1
425,-1,465.23,294.66,28.11,25.91,0.8200,-1,-1,-1
425,-1,485.78,282.47,21.95,15.25,0.7576,-1,-1,-1
425,-1,471.82,351.12,30.78,16.24,0.7254,-1,-1,-1
425,-1,988.41,273.94,17.83,17.07,0.6938,-1,-1,-1
425,-1,771.15,321.26,20.31,12.13,0.6146,-1,-1,-1
425,-1,0.00,254.03,27.28,53.40,0.5921,-1,-1,-1
425,-1,460.56,320.10,18.86,15.45,0.5818,-1,-1,-1
425,-1,0.00,227.82,11.68,59.41,0.5111,-1,-1,-1
426,-1,907.54,134.71,110.11,51.41,0.9466,-1,-1,-1
426,-1,949.60,343.52,74.40,64.87,0.9409,-1,-1,-1
426,-1,29.51,301.60,44.03,34.41,0.9287,-1,-1,-1
426,-1,835.04,356.86,45.79,23.77,0.9250,-1,-1,-1
426,-1,955.02,196.18,29.61,23.37,0.9081,-1,-1,-1
426,-1,0.00,227.98,30.83,62.72,0.8904,-1,-1,-1
426,-1,765.30,336.63,38.47,17.96,0.8901,-1,-1,-1
426,-1,471.73,363.81,45.55,23.20,0.8772,-1,-1,-1
426,-1,852.05,264.87,20.21,31.48,0.8617,-1,-1,-1
426,-1,475.75,295.69,24.96,24.78,0.7988,-1,-1,-1
426,-1,10.94,264.25,29.13,41.59,0.7908,-1,-1,-1
426,-1,496.18,284.30,22.07,15.31,0.7425,-1,-1,-1
426,-1,481.71,353.23,30.86,15.72,0.7116,-1,-1,-1
426,-1,471.33,321.63,19.00,15.15,0.5588,-1,-1,-1
426,-1,783.32,323.67,20.66,12.74,0.4366,-1,-1,-1
426,-1,1005.41,276.61,17.89,16.82,0.3672,-1,-1,-1
426,-1,429.34,330.04,17.21,14.56,0.3515,-1,-1,-1
427,-1,916.45,138.51,107.55,51.11,0.9347,-1,-1,-1
427,-1,40.45,302.09,43.08,34.34,0.9278,-1,-1,-1
427,-1,958.43,348.49,65.57,64.78,0.9218,-1,-1,-1
427,-1,0.10,229.28,42.52,65.65,0.9109,-1,-1,-1
427,-1,964.07,200.07,30.06,23.32,0.9046,-1,-1,-1
427,-1,771.98,340.36,39.36,17.70,0.9032,-1,-1,-1
427,-1,842.80,360.84,46.10,23.88,0.9014,-1,-1,-1
427,-1,477.57,366.17,45.17,22.68,0.8999,-1,-1,-1
427,-1,859.68,267.91,20.93,31.33,0.8609,-1,-1,-1
427,-1,481.89,297.66,27.02,26.88,0.8354,-1,-1,-1
427,-1,22.16,264.28,28.88,44.30,0.7893,-1,-1,-1
427,-1,789.45,327.23,22.16,12.99,0.7161,-1,-1,-1
427,-1,501.80,286.52,34.43,15.46,0.6753,-1,-1,-1
427,-1,486.89,355.65,31.33,16.48,0.6650,-1,-1,-1
428,-1,922.26,134.42,101.74,52.10,0.9451,-1,-1,-1
428,-1,46.66,302.26,42.38,34.29,0.9275,-1,-1,-1
428,-1,0.02,230.02,48.14,64.92,0.9182,-1,-1,-1
428,-1,964.34,345.58,59.66,65.91,0.9119,-1,-1,-1
428,-1,970.38,196.82,30.35,23.70,0.9084,-1,-1,-1
428,-1,776.93,338.61,39.08,17.91,0.9028,-1,-1,-1
428,-1,848.43,359.06,46.38,24.19,0.9023,-1,-1,-1
428,-1,481.42,365.28,45.10,22.72,0.8902,-1,-1,-1
428,-1,865.32,265.86,20.75,31.90,0.8331,-1,-1,-1
428,-1,489.90,354.46,32.67,16.80,0.7892,-1,-1,-1
428,-1,485.54,296.85,24.37,26.26,0.7770,-1,-1,-1
428,-1,28.40,263.16,29.58,44.90,0.7766,-1,-1,-1
428,-1,505.66,285.56,34.48,15.79,0.7603,-1,-1,-1
428,-1,795.07,325.79,20.88,12.65,0.5956,-1,-1,-1
428,-1,480.51,323.03,18.50,15.26,0.4079,-1,-1,-1
429,-1,972.40,344.80,51.60,62.25,0.9385,-1,-1,-1
429,-1,929.28,127.94,94.72,52.41,0.9290,-1,-1,-1
429,-1,54.81,302.89,41.76,33.90,0.9276,-1,-1,-1
429,-1,0.00,230.88,55.95,65.03,0.9207,-1,-1,-1
429,-1,855.13,355.64,47.21,24.25,0.9123,-1,-1,-1
429,-1,978.29,190.87,30.99,23.72,0.9055,-1,-1,-1
429,-1,782.68,335.53,39.95,17.92,0.8896,-1,-1,-1
429,-1,486.50,363.39,44.53,22.81,0.8892,-1,-1,-1
429,-1,872.79,261.52,20.65,33.13,0.8583,-1,-1,-1
429,-1,489.63,295.10,27.40,25.98,0.8186,-1,-1,-1
429,-1,36.81,265.39,27.55,43.44,0.7376,-1,-1,-1
429,-1,509.84,283.67,30.39,15.72,0.6642,-1,-1,-1
429,-1,801.35,322.29,21.34,12.78,0.6630,-1,-1,-1
429,-1,496.01,352.74,31.16,15.27,0.5712,-1,-1,-1
430,-1,936.16,120.72,87.84,54.02,0.9306,-1,-1,-1
430,-1,3.74,231.89,59.49,64.71,0.9270,-1,-1,-1
430,-1,62.58,303.47,41.33,33.64,0.9249,-1,-1,-1
430,-1,986.23,184.57,31.40,24.02,0.9108,-1,-1,-1
430,-1,861.78,351.89,48.00,24.33,0.9060,-1,-1,-1
430,-1,789.01,331.76,39.81,18.33,0.8979,-1,-1,-1
430,-1,491.59,361.39,44.54,22.82,0.8925,-1,-1,-1
430,-1,980.31,335.11,43.69,67.55,0.8567,-1,-1,-1
430,-1,879.22,257.14,21.89,31.81,0.8554,-1,-1,-1
430,-1,806.84,318.65,22.14,12.84,0.7942,-1,-1,-1
430,-1,44.38,266.93,27.37,41.93,0.7862,-1,-1,-1
430,-1,494.57,293.76,25.82,25.62,0.7807,-1,-1,-1
430,-1,514.62,281.63,34.37,15.41,0.7384,-1,-1,-1
430,-1,501.29,350.59,30.06,15.89,0.5625,-1,-1,-1
431,-1,27.18,234.59,57.04,63.96,0.9332,-1,-1,-1
431,-1,83.16,304.65,40.06,32.92,0.9245,-1,-1,-1
431,-1,956.08,116.32,67.92,55.17,0.9148,-1,-1,-1
431,-1,879.78,351.89,49.04,24.69,0.9045,-1,-1,-1
431,-1,804.58,331.59,41.02,18.50,0.9000,-1,-1,-1
431,-1,503.75,361.57,44.73,22.75,0.8896,-1,-1,-1
431,-1,897.36,255.47,21.80,33.60,0.8574,-1,-1,-1
431,-1,526.70,281.75,35.57,15.54,0.8549,-1,-1,-1
431,-1,65.97,270.24,26.00,40.14,0.8407,-1,-1,-1
431,-1,1008.32,181.83,15.68,24.50,0.8146,-1,-1,-1
431,-1,1001.49,337.14,22.51,69.96,0.7532,-1,-1,-1
431,-1,506.94,293.92,26.88,25.68,0.7037,-1,-1,-1
431,-1,822.26,318.47,23.35,12.61,0.7020,-1,-1,-1
431,-1,512.97,350.76,30.90,16.16,0.6356,-1,-1,-1
432,-1,42.50,236.92,56.00,62.66,0.9303,-1,-1,-1
432,-1,97.18,306.09,38.68,32.21,0.9217,-1,-1,-1
432,-1,891.55,355.81,49.61,25.17,0.9132,-1,-1,-1
432,-1,969.70,120.59,54.17,53.58,0.8997,-1,-1,-1
432,-1,814.62,335.25,41.90,18.44,0.8955,-1,-1,-1
432,-1,511.63,363.83,44.64,23.02,0.8794,-1,-1,-1
432,-1,515.05,296.10,28.07,27.13,0.8665,-1,-1,-1
432,-1,909.47,259.04,22.46,30.16,0.8409,-1,-1,-1
432,-1,80.42,272.55,25.45,38.15,0.8328,-1,-1,-1
432,-1,834.18,321.36,21.99,13.01,0.7133,-1,-1,-1
432,-1,535.11,284.14,34.69,15.68,0.6726,-1,-1,-1
432,-1,535.54,284.21,24.82,15.33,0.6374,-1,-1,-1
432,-1,520.62,353.15,31.14,15.88,0.5857,-1,-1,-1
432,-1,510.95,321.56,18.72,15.56,0.5634,-1,-1,-1
432,-1,1015.88,362.36,8.12,33.58,0.3768,-1,-1,-1
433,-1,47.46,238.00,55.08,61.42,0.9271,-1,-1,-1
433,-1,100.82,306.46,38.79,32.28,0.9246,-1,-1,-1
433,-1,893.74,360.04,50.51,25.47,0.9052,-1,-1,-1
433,-1,972.75,125.67,51.25,53.84,0.9046,-1,-1,-1
433,-1,513.24,366.57,45.47,22.50,0.9013,-1,-1,-1
433,-1,817.38,338.97,42.28,18.72,0.9000,-1,-1,-1
433,-1,912.62,263.16,22.68,33.51,0.8702,-1,-1,-1
433,-1,84.65,272.42,25.57,38.68,0.8416,-1,-1,-1
433,-1,538.06,286.74,34.07,15.50,0.8012,-1,-1,-1
433,-1,836.32,325.67,23.53,12.95,0.7428,-1,-1,-1
433,-1,517.45,298.45,24.07,24.71,0.6916,-1,-1,-1
433,-1,522.10,355.77,32.40,16.76,0.6869,-1,-1,-1
433,-1,512.80,323.76,17.88,16.03,0.3199,-1,-1,-1
434,-1,56.20,238.71,54.41,61.61,0.9262,-1,-1,-1
434,-1,109.51,306.69,38.16,31.84,0.9244,-1,-1,-1
434,-1,903.26,354.67,51.25,25.40,0.9130,-1,-1,-1
434,-1,825.60,334.03,42.43,18.67,0.9055,-1,-1,-1
434,-1,519.57,363.46,44.50,22.77,0.8845,-1,-1,-1
434,-1,981.93,116.82,42.07,53.49,0.8740,-1,-1,-1
434,-1,523.02,295.59,27.17,26.83,0.8531,-1,-1,-1
434,-1,93.06,272.57,25.53,39.23,0.8166,-1,-1,-1
434,-1,922.22,256.55,22.93,33.76,0.8084,-1,-1,-1
434,-1,844.63,320.07,24.07,13.36,0.7780,-1,-1,-1
434,-1,543.20,283.53,22.35,15.43,0.7283,-1,-1,-1
434,-1,529.03,352.72,31.04,15.26,0.6265,-1,-1,-1
434,-1,518.29,320.88,18.88,15.64,0.3169,-1,-1,-1
435,-1,70.15,240.46,53.34,61.23,0.9273,-1,-1,-1
435,-1,122.54,307.53,37.27,31.45,0.9208,-1,-1,-1
435,-1,916.85,349.27,52.56,25.40,0.9051,-1,-1,-1
435,-1,837.52,328.86,43.70,19.07,0.9011,-1,-1,-1
435,-1,528.24,361.02,44.83,22.91,0.8914,-1,-1,-1
435,-1,935.87,249.62,24.07,33.51,0.8415,-1,-1,-1
435,-1,531.18,292.55,27.67,26.21,0.8191,-1,-1,-1
435,-1,857.29,314.71,24.27,13.90,0.8143,-1,-1,-1
435,-1,106.69,273.86,24.41,38.44,0.8053,-1,-1,-1
435,-1,550.90,280.78,36.55,15.35,0.7322,-1,-1,-1
435,-1,996.23,105.59,27.77,51.40,0.7192,-1,-1,-1
435,-1,527.97,318.44,17.54,15.96,0.6581,-1,-1,-1
435,-1,536.04,349.63,32.74,17.24,0.6265,-1,-1,-1
436,-1,143.48,308.37,36.31,30.90,0.9239,-1,-1,-1
436,-1,93.48,242.31,50.62,60.17,0.9212,-1,-1,-1
436,-1,938.40,350.03,54.86,26.06,0.9089,-1,-1,-1
436,-1,856.31,329.20,44.77,19.32,0.8993,-1,-1,-1
436,-1,541.71,361.06,45.84,23.04,0.8963,-1,-1,-1
436,-1,958.26,248.53,24.82,33.84,0.8655,-1,-1,-1
436,-1,545.20,293.97,27.93,25.25,0.8296,-1,-1,-1
436,-1,876.00,315.03,25.62,13.89,0.8160,-1,-1,-1
436,-1,566.03,281.19,35.00,15.29,0.8086,-1,-1,-1
436,-1,128.59,271.38,23.66,41.17,0.7826,-1,-1,-1
436,-1,551.83,350.22,30.40,16.47,0.4418,-1,-1,-1
436,-1,540.81,319.19,18.08,15.47,0.3269,-1,-1,-1
436,-1,551.57,349.98,31.40,17.09,0.2515,-1,-1,-1
437,-1,104.55,244.20,50.58,59.57,0.9259,-1,-1,-1
437,-1,153.54,309.49,35.35,30.66,0.9171,-1,-1,-1
437,-1,948.85,355.02,55.52,26.64,0.9164,-1,-1,-1
437,-1,864.94,333.56,45.58,19.40,0.8911,-1,-1,-1
437,-1,548.57,364.23,44.73,22.85,0.8890,-1,-1,-1
437,-1,969.08,252.19,24.70,35.76,0.8633,-1,-1,-1
437,-1,885.67,319.14,25.39,13.90,0.8310,-1,-1,-1
437,-1,138.43,276.99,23.59,37.08,0.8133,-1,-1,-1
437,-1,551.96,295.55,26.66,24.97,0.7932,-1,-1,-1
437,-1,546.89,321.92,19.21,15.52,0.7121,-1,-1,-1
437,-1,572.52,283.74,31.79,15.78,0.6929,-1,-1,-1
437,-1,558.34,353.06,30.55,16.59,0.6914,-1,-1,-1
438,-1,112.12,245.89,50.00,58.32,0.9215,-1,-1,-1
438,-1,160.42,310.19,34.76,30.73,0.9173,-1,-1,-1
438,-1,955.98,358.58,55.93,26.81,0.9125,-1,-1,-1
438,-1,870.90,336.92,46.10,19.39,0.9081,-1,-1,-1
438,-1,552.44,366.42,45.71,22.59,0.8924,-1,-1,-1
438,-1,976.12,255.21,25.74,37.52,0.8583,-1,-1,-1
438,-1,892.19,322.42,25.72,13.99,0.8087,-1,-1,-1
438,-1,556.31,297.94,25.94,25.40,0.8079,-1,-1,-1
438,-1,550.96,323.46,19.63,16.03,0.8057,-1,-1,-1
438,-1,145.56,278.14,23.54,37.00,0.7999,-1,-1,-1
438,-1,576.86,286.03,35.41,15.66,0.7106,-1,-1,-1
438,-1,561.22,355.47,32.27,16.60,0.6952,-1,-1,-1
439,-1,120.31,246.39,49.24,58.28,0.9173,-1,-1,-1
439,-1,167.91,310.49,34.44,30.72,0.9169,-1,-1,-1
439,-1,964.64,356.92,57.66,27.02,0.9089,-1,-1,-1
439,-1,878.90,335.41,47.03,19.43,0.8992,-1,-1,-1
439,-1,557.99,365.49,44.80,22.74,0.8905,-1,-1,-1
439,-1,582.40,285.11,36.20,15.87,0.8728,-1,-1,-1
439,-1,986.13,253.42,25.90,35.90,0.8700,-1,-1,-1
439,-1,561.72,297.05,28.48,27.43,0.8181,-1,-1,-1
439,-1,900.65,320.87,26.25,13.95,0.8094,-1,-1,-1
439,-1,153.67,276.56,23.19,39.23,0.7773,-1,-1,-1
439,-1,567.67,354.62,31.54,16.29,0.7390,-1,-1,-1
439,-1,556.78,322.70,18.77,15.80,0.5138,-1,-1,-1
440,-1,175.68,310.60,34.13,30.18,0.9152,-1,-1,-1
440,-1,128.68,246.97,48.17,58.03,0.9139,-1,-1,-1
440,-1,975.17,353.69,48.83,26.93,0.9077,-1,-1,-1
440,-1,887.73,332.17,47.82,19.70,0.8923,-1,-1,-1
440,-1,563.91,363.48,44.83,23.29,0.8853,-1,-1,-1
440,-1,909.19,317.52,26.90,14.30,0.8656,-1,-1,-1
440,-1,996.62,248.05,26.22,36.55,0.8653,-1,-1,-1
440,-1,567.37,295.42,26.56,25.03,0.8177,-1,-1,-1
440,-1,587.93,283.26,35.02,15.75,0.7684,-1,-1,-1
440,-1,161.52,277.57,22.95,38.16,0.6575,-1,-1,-1
440,-1,573.42,352.91,31.27,15.69,0.6096,-1,-1,-1
440,-1,563.15,321.21,19.76,14.58,0.5355,-1,-1,-1
441,-1,137.50,247.44,47.44,57.99,0.9118,-1,-1,-1
441,-1,184.21,310.37,33.54,30.00,0.9110,-1,-1,-1
441,-1,897.55,327.18,48.54,20.05,0.9059,-1,-1,-1
441,-1,570.03,360.98,46.01,22.97,0.8948,-1,-1,-1
441,-1,987.45,348.72,36.55,26.98,0.8919,-1,-1,-1
441,-1,919.72,311.95,27.69,14.64,0.8440,-1,-1,-1
441,-1,593.98,280.12,36.34,15.42,0.8322,-1,-1,-1
441,-1,1008.15,241.32,15.85,38.88,0.7828,-1,-1,-1
441,-1,169.94,277.98,22.52,37.72,0.7589,-1,-1,-1
441,-1,579.91,349.77,30.95,16.68,0.6946,-1,-1,-1
441,-1,573.46,292.56,25.83,25.10,0.6649,-1,-1,-1
441,-1,568.79,318.50,19.73,15.74,0.5480,-1,-1,-1
442,-1,157.26,249.47,45.90,57.13,0.9169,-1,-1,-1
442,-1,202.31,311.17,32.48,29.52,0.9132,-1,-1,-1
442,-1,583.78,361.03,45.95,22.97,0.8963,-1,-1,-1
442,-1,917.43,326.45,50.33,20.27,0.8925,-1,-1,-1
442,-1,939.93,311.03,28.79,14.69,0.8620,-1,-1,-1
442,-1,607.28,279.65,37.32,15.83,0.8134,-1,-1,-1
442,-1,592.38,349.42,32.26,17.44,0.7325,-1,-1,-1
442,-1,188.49,276.27,22.39,39.25,0.6827,-1,-1,-1
442,-1,0.00,341.99,9.28,16.58,0.6644,-1,-1,-1
442,-1,587.26,292.32,27.52,26.62,0.5314,-1,-1,-1
442,-1,586.14,318.25,15.54,16.08,0.3970,-1,-1,-1
443,-1,171.40,251.01,44.96,56.57,0.9195,-1,-1,-1
443,-1,215.08,312.50,32.10,29.43,0.9068,-1,-1,-1
443,-1,932.11,328.98,52.08,20.92,0.9032,-1,-1,-1
443,-1,0.00,340.62,26.60,18.44,0.8907,-1,-1,-1
443,-1,593.39,363.00,46.02,23.09,0.8806,-1,-1,-1
443,-1,955.39,313.46,29.76,14.91,0.8442,-1,-1,-1
443,-1,596.80,294.32,26.14,26.51,0.8238,-1,-1,-1
443,-1,202.07,279.84,21.34,37.04,0.7476,-1,-1,-1
443,-1,617.93,281.75,36.18,15.53,0.7361,-1,-1,-1
443,-1,603.03,352.10,31.88,15.60,0.6271,-1,-1,-1
443,-1,602.47,351.76,32.30,16.46,0.3435,-1,-1,-1
444,-1,175.70,252.24,44.70,56.11,0.9181,-1,-1,-1
444,-1,219.03,313.63,32.13,28.82,0.9128,-1,-1,-1
444,-1,596.00,365.37,45.29,22.84,0.9046,-1,-1,-1
444,-1,936.58,332.85,51.67,20.65,0.9046,-1,-1,-1
444,-1,0.00,340.26,32.67,18.45,0.8986,-1,-1,-1
444,-1,959.77,317.37,30.65,14.99,0.8760,-1,-1,-1
444,-1,600.10,296.09,27.30,26.53,0.8273,-1,-1,-1
444,-1,595.09,322.36,19.77,15.93,0.7561,-1,-1,-1
444,-1,205.68,280.52,21.79,37.51,0.7420,-1,-1,-1
444,-1,605.86,354.26,31.65,17.65,0.7266,-1,-1,-1
444,-1,621.14,283.87,31.64,15.88,0.7255,-1,-1,-1
445,-1,183.58,251.77,44.07,56.02,0.9162,-1,-1,-1
445,-1,226.73,312.41,31.40,29.26,0.9080,-1,-1,-1
445,-1,602.50,361.02,46.68,23.22,0.8957,-1,-1,-1
445,-1,947.21,325.32,52.98,21.21,0.8954,-1,-1,-1
445,-1,4.25,341.28,39.80,18.08,0.8940,-1,-1,-1
445,-1,971.31,309.77,29.57,15.05,0.8876,-1,-1,-1
445,-1,626.97,279.50,37.00,15.91,0.8348,-1,-1,-1
445,-1,213.29,282.39,21.19,35.16,0.8258,-1,-1,-1
445,-1,605.91,292.45,27.76,25.71,0.8127,-1,-1,-1
445,-1,612.51,349.72,31.23,16.80,0.6486,-1,-1,-1
445,-1,559.53,328.55,18.10,13.95,0.3886,-1,-1,-1
445,-1,600.90,318.54,19.99,15.58,0.3594,-1,-1,-1
446,-1,244.81,313.48,31.03,28.34,0.9128,-1,-1,-1
446,-1,203.04,253.76,42.29,54.95,0.9097,-1,-1,-1
446,-1,970.79,323.49,53.04,21.97,0.9037,-1,-1,-1
446,-1,617.48,360.82,46.90,23.24,0.8905,-1,-1,-1
446,-1,30.26,342.29,38.24,17.51,0.8898,-1,-1,-1
446,-1,995.85,307.72,28.15,15.72,0.8634,-1,-1,-1
446,-1,642.32,278.54,36.98,15.88,0.8596,-1,-1,-1
446,-1,620.51,291.74,28.19,25.72,0.8425,-1,-1,-1
446,-1,627.06,349.60,32.24,16.82,0.7551,-1,-1,-1
446,-1,232.34,279.52,20.27,37.50,0.7516,-1,-1,-1
446,-1,231.84,264.52,18.12,49.80,0.3036,-1,-1,-1
446,-1,616.87,317.97,18.68,16.19,0.2994,-1,-1,-1
447,-1,217.60,255.56,42.01,55.28,0.9065,-1,-1,-1
447,-1,989.11,326.59,34.89,21.85,0.9022,-1,-1,-1
447,-1,258.67,314.88,30.18,28.11,0.9014,-1,-1,-1
447,-1,628.40,362.79,47.35,23.38,0.8956,-1,-1,-1
447,-1,49.08,342.64,37.60,17.42,0.8917,-1,-1,-1
447,-1,653.60,280.25,37.87,15.96,0.8405,-1,-1,-1
447,-1,245.98,285.14,20.40,33.35,0.7956,-1,-1,-1
447,-1,631.86,293.50,28.46,26.52,0.7681,-1,-1,-1
447,-1,638.60,351.86,32.51,15.81,0.6192,-1,-1,-1
447,-1,627.75,319.54,19.34,16.25,0.5923,-1,-1,-1
447,-1,638.60,351.52,32.28,15.97,0.4206,-1,-1,-1
448,-1,223.53,256.82,41.41,54.09,0.9070,-1,-1,-1
448,-1,263.87,315.84,29.76,27.65,0.9055,-1,-1,-1
448,-1,996.41,329.48,27.59,21.11,0.8899,-1,-1,-1
448,-1,56.15,343.04,36.62,17.09,0.8893,-1,-1,-1
448,-1,632.10,364.36,47.69,23.45,0.8875,-1,-1,-1
448,-1,657.69,281.96,38.59,15.40,0.8113,-1,-1,-1
448,-1,642.72,353.10,32.37,16.89,0.7749,-1,-1,-1
448,-1,251.30,284.12,20.86,36.59,0.7444,-1,-1,-1
448,-1,636.15,294.60,26.29,25.61,0.7179,-1,-1,-1
448,-1,589.22,330.26,18.04,15.05,0.4345,-1,-1,-1
448,-1,631.82,321.11,20.55,15.94,0.2640,-1,-1,-1
449,-1,233.38,256.72,41.04,54.49,0.9069,-1,-1,-1
449,-1,273.66,315.21,29.13,27.76,0.9011,-1,-1,-1
449,-1,641.38,360.69,48.17,23.56,0.9001,-1,-1,-1
449,-1,70.89,343.97,34.97,16.78,0.8868,-1,-1,-1
449,-1,666.37,277.66,38.74,15.77,0.8689,-1,-1,-1
449,-1,260.71,285.59,19.95,32.51,0.7735,-1,-1,-1
449,-1,651.27,349.63,32.84,16.81,0.7668,-1,-1,-1
449,-1,644.80,291.20,23.64,25.41,0.7467,-1,-1,-1
449,-1,1011.60,323.42,12.40,20.03,0.7084,-1,-1,-1
450,-1,250.20,257.37,40.07,54.31,0.9036,-1,-1,-1
450,-1,289.51,315.73,28.68,27.45,0.9033,-1,-1,-1
450,-1,92.00,343.95,34.07,16.60,0.8984,-1,-1,-1
450,-1,655.59,361.39,48.46,23.72,0.8913,-1,-1,-1
450,-1,659.08,291.01,27.23,27.12,0.8551,-1,-1,-1
450,-1,665.48,350.18,33.83,17.07,0.8062,-1,-1,-1
450,-1,276.83,284.91,20.19,33.91,0.7403,-1,-1,-1
450,-1,680.86,277.69,37.52,16.15,0.7010,-1,-1,-1
450,-1,658.01,317.91,15.79,16.16,0.4232,-1,-1,-1
451,-1,257.99,259.18,40.04,53.42,0.9114,-1,-1,-1
451,-1,297.23,317.07,28.49,26.90,0.9055,-1,-1,-1
451,-1,662.15,363.43,48.95,23.64,0.8890,-1,-1,-1
451,-1,102.15,344.24,33.17,16.60,0.8882,-1,-1,-1
451,-1,665.69,293.15,29.48,26.43,0.8377,-1,-1,-1
451,-1,687.78,279.38,28.74,16.08,0.6994,-1,-1,-1
451,-1,672.57,352.06,33.95,15.75,0.6904,-1,-1,-1
451,-1,284.90,280.86,20.73,40.42,0.6269,-1,-1,-1
452,-1,302.60,316.73,28.67,26.99,0.9054,-1,-1,-1
452,-1,264.25,259.14,39.07,53.24,0.9051,-1,-1,-1
452,-1,667.51,361.98,49.85,23.89,0.8966,-1,-1,-1
452,-1,110.32,344.43,32.80,16.49,0.8885,-1,-1,-1
452,-1,671.20,291.31,30.94,26.97,0.8268,-1,-1,-1
452,-1,693.72,277.86,24.44,16.04,0.8112,-1,-1,-1
452,-1,670.89,318.16,16.12,16.38,0.6597,-1,-1,-1
452,-1,678.16,350.72,33.76,16.07,0.6506,-1,-1,-1
452,-1,677.86,350.39,34.21,16.66,0.3908,-1,-1,-1
452,-1,290.63,286.96,19.19,33.39,0.3764,-1,-1,-1
453,-1,265.47,259.21,39.12,53.10,0.9073,-1,-1,-1
453,-1,303.91,316.53,28.74,27.04,0.9066,-1,-1,-1
453,-1,668.45,361.36,50.10,23.85,0.8969,-1,-1,-1
453,-1,112.04,344.59,32.66,16.28,0.8848,-1,-1,-1
453,-1,672.22,290.86,30.72,27.03,0.8518,-1,-1,-1
453,-1,678.37,349.23,34.72,17.64,0.8142,-1,-1,-1
453,-1,694.14,276.98,24.99,16.18,0.6548,-1,-1,-1
453,-1,292.14,282.24,19.88,38.24,0.5618,-1,-1,-1
453,-1,694.09,276.99,38.23,16.51,0.4676,-1,-1,-1
454,-1,265.45,259.21,39.26,53.09,0.9073,-1,-1,-1
454,-1,303.91,316.38,28.52,27.16,0.9066,-1,-1,-1
454,-1,668.30,361.43,50.09,23.90,0.8999,-1,-1,-1
454,-1,111.93,344.57,32.85,16.29,0.8854,-1,-1,-1
454,-1,672.39,290.54,30.30,27.11,0.8570,-1,-1,-1
454,-1,679.24,349.79,33.50,17.05,0.8075,-1,-1,-1
454,-1,694.02,277.02,25.13,16.11,0.6701,-1,-1,-1
454,-1,292.02,280.85,20.82,40.09,0.5717,-1,-1,-1
454,-1,694.05,277.02,38.23,16.49,0.4029,-1,-1,-1
455,-1,265.66,256.38,40.01,53.03,0.9073,-1,-1,-1
455,-1,303.47,314.12,28.35,27.59,0.9041,-1,-1,-1
455,-1,667.41,366.28,49.54,23.97,0.8971,-1,-1,-1
455,-1,112.22,338.42,32.46,16.56,0.8870,-1,-1,-1
455,-1,672.62,295.43,31.28,28.83,0.8650,-1,-1,-1
455,-1,676.31,355.36,36.22,17.38,0.7883,-1,-1,-1
455,-1,695.11,282.61,30.21,16.15,0.7038,-1,-1,-1
455,-1,292.50,282.69,19.42,35.22,0.6051,-1,-1,-1
455,-1,667.40,321.69,20.17,16.55,0.2754,-1,-1,-1
456,-1,263.90,256.03,40.01,52.31,0.9061,-1,-1,-1
456,-1,301.21,313.33,28.61,27.51,0.9033,-1,-1,-1
456,-1,665.10,367.35,49.85,23.63,0.8941,-1,-1,-1
456,-1,110.79,336.66,32.82,16.47,0.8863,-1,-1,-1
456,-1,670.98,296.38,29.60,27.57,0.8524,-1,-1,-1
456,-1,693.58,283.61,26.39,16.18,0.7342,-1,-1,-1
456,-1,676.17,356.71,33.61,17.45,0.6913,-1,-1,-1
456,-1,290.53,278.46,19.66,37.90,0.5686,-1,-1,-1
456,-1,666.51,322.89,21.37,16.18,0.5137,-1,-1,-1
457,-1,259.71,258.20,39.35,53.05,0.9146,-1,-1,-1
457,-1,297.42,315.68,28.23,27.29,0.9014,-1,-1,-1
457,-1,661.53,364.86,49.15,23.48,0.8949,-1,-1,-1
457,-1,108.40,341.50,33.18,16.40,0.8928,-1,-1,-1
457,-1,689.44,280.91,37.88,15.75,0.8568,-1,-1,-1
457,-1,666.41,293.91,31.09,27.09,0.8174,-1,-1,-1
457,-1,670.01,353.35,37.14,17.84,0.7560,-1,-1,-1
457,-1,286.30,286.34,19.03,32.67,0.6376,-1,-1,-1
458,-1,254.43,260.23,39.19,53.47,0.9049,-1,-1,-1
458,-1,292.61,317.58,28.17,26.97,0.9003,-1,-1,-1
458,-1,105.64,346.48,33.35,16.20,0.8979,-1,-1,-1
458,-1,658.56,361.03,48.88,23.86,0.8962,-1,-1,-1
458,-1,684.06,276.77,34.90,16.23,0.8658,-1,-1,-1
458,-1,667.08,349.33,36.72,17.77,0.7690,-1,-1,-1
458,-1,281.54,281.65,19.74,40.24,0.6645,-1,-1,-1
458,-1,662.22,290.11,25.65,26.97,0.5912,-1,-1,-1
459,-1,251.70,260.77,39.48,53.42,0.9139,-1,-1,-1
459,-1,289.64,317.67,28.23,27.22,0.9051,-1,-1,-1
459,-1,104.36,346.91,33.13,16.26,0.8924,-1,-1,-1
459,-1,655.65,361.07,49.11,23.91,0.8898,-1,-1,-1
459,-1,681.77,276.31,38.53,16.75,0.8619,-1,-1,-1
459,-1,665.39,349.70,34.17,16.81,0.7722,-1,-1,-1
459,-1,659.28,289.98,27.91,25.51,0.7580,-1,-1,-1
459,-1,278.54,287.56,18.74,34.96,0.4691,-1,-1,-1
460,-1,286.63,317.95,28.28,27.35,0.9027,-1,-1,-1
460,-1,248.60,261.09,39.57,53.26,0.8995,-1,-1,-1
460,-1,102.29,347.20,33.60,16.25,0.8934,-1,-1,-1
460,-1,652.90,361.28,49.46,23.87,0.8925,-1,-1,-1
460,-1,679.06,276.93,31.42,15.96,0.8388,-1,-1,-1
460,-1,661.89,349.56,35.46,17.38,0.7841,-1,-1,-1
460,-1,657.03,290.16,27.37,27.15,0.7652,-1,-1,-1
460,-1,276.16,290.02,18.65,31.53,0.6442,-1,-1,-1
461,-1,245.82,261.27,39.28,53.58,0.9049,-1,-1,-1
461,-1,650.13,361.14,49.55,24.06,0.9036,-1,-1,-1
461,-1,100.55,347.41,33.61,16.37,0.9027,-1,-1,-1
461,-1,283.69,318.05,28.30,27.62,0.9001,-1,-1,-1
461,-1,676.17,276.99,32.43,16.28,0.8677,-1,-1,-1
461,-1,660.31,349.75,34.04,17.38,0.7326,-1,-1,-1
461,-1,272.94,289.21,18.67,32.70,0.5788,-1,-1,-1
461,-1,654.36,290.80,23.90,28.19,0.3538,-1,-1,-1
462,-1,99.40,347.82,33.86,16.14,0.9132,-1,-1,-1
462,-1,243.04,261.27,39.75,53.82,0.9104,-1,-1,-1
462,-1,281.21,318.42,27.70,27.47,0.9037,-1,-1,-1
462,-1,647.74,361.37,48.58,24.17,0.8981,-1,-1,-1
462,-1,673.83,277.08,33.25,16.70,0.8619,-1,-1,-1
462,-1,656.89,350.05,34.60,17.06,0.7596,-1,-1,-1
462,-1,270.13,290.20,18.84,33.02,0.5626,-1,-1,-1
462,-1,651.34,291.35,20.97,24.06,0.5203,-1,-1,-1
463,-1,240.12,261.83,39.80,53.06,0.9051,-1,-1,-1
463,-1,97.66,348.14,33.56,16.14,0.9032,-1,-1,-1
463,-1,644.88,361.64,49.47,24.02,0.9001,-1,-1,-1
463,-1,278.20,318.80,28.07,27.40,0.9000,-1,-1,-1
463,-1,670.87,277.16,32.65,16.48,0.8650,-1,-1,-1
463,-1,653.60,350.36,35.63,17.13,0.7420,-1,-1,-1
463,-1,268.13,290.87,17.90,31.83,0.6534,-1,-1,-1
463,-1,78.89,312.06,19.94,18.73,0.2973,-1,-1,-1
464,-1,237.27,261.96,39.87,53.40,0.9118,-1,-1,-1
464,-1,642.28,362.03,48.90,23.86,0.9089,-1,-1,-1
464,-1,274.97,319.03,28.40,27.39,0.9025,-1,-1,-1
464,-1,96.01,348.40,33.95,16.36,0.8965,-1,-1,-1
464,-1,668.67,277.48,32.65,15.95,0.8550,-1,-1,-1
464,-1,653.42,350.62,32.83,16.74,0.7479,-1,-1,-1
464,-1,265.26,290.44,19.44,31.99,0.6078,-1,-1,-1
465,-1,234.16,262.22,40.47,53.48,0.9097,-1,-1,-1
465,-1,272.48,319.25,27.82,27.44,0.9070,-1,-1,-1
465,-1,639.85,362.12,48.20,24.14,0.8985,-1,-1,-1
465,-1,94.60,348.56,33.21,16.28,0.8937,-1,-1,-1
465,-1,665.91,277.69,33.87,16.48,0.8613,-1,-1,-1
465,-1,649.76,351.12,33.95,15.94,0.6912,-1,-1,-1
465,-1,262.31,288.09,19.99,35.61,0.5876,-1,-1,-1
465,-1,642.95,292.56,20.19,24.73,0.5503,-1,-1,-1
466,-1,231.70,262.32,40.12,53.13,0.9051,-1,-1,-1
466,-1,92.97,348.56,33.43,16.28,0.8974,-1,-1,-1
466,-1,269.40,319.45,28.12,27.34,0.8956,-1,-1,-1
466,-1,636.91,362.63,48.88,23.96,0.8868,-1,-1,-1
466,-1,663.36,278.01,31.89,15.50,0.8618,-1,-1,-1
466,-1,647.76,351.35,33.35,15.92,0.7526,-1,-1,-1
466,-1,260.02,288.39,18.34,34.56,0.5400,-1,-1,-1
467,-1,228.43,262.32,40.42,53.25,0.9146,-1,-1,-1
467,-1,266.49,319.55,28.27,27.31,0.9026,-1,-1,-1
467,-1,634.11,362.79,49.08,23.93,0.9004,-1,-1,-1
467,-1,91.80,348.56,33.91,16.26,0.8999,-1,-1,-1
467,-1,660.33,278.41,32.76,15.43,0.8695,-1,-1,-1
467,-1,645.91,351.69,31.90,15.85,0.7270,-1,-1,-1
467,-1,257.28,290.37,19.19,32.40,0.4510,-1,-1,-1
468,-1,226.10,262.44,40.41,53.26,0.9133,-1,-1,-1
468,-1,264.07,319.39,27.82,27.36,0.9045,-1,-1,-1
468,-1,89.78,348.28,34.42,16.15,0.8994,-1,-1,-1
468,-1,631.73,363.24,47.59,23.91,0.8867,-1,-1,-1
468,-1,658.52,278.51,31.18,15.73,0.8693,-1,-1,-1
468,-1,641.39,352.07,34.35,16.72,0.7342,-1,-1,-1
468,-1,254.45,284.64,18.69,38.75,0.4593,-1,-1,-1
469,-1,223.42,262.19,40.31,53.12,0.9096,-1,-1,-1
469,-1,88.25,348.06,34.40,16.16,0.9056,-1,-1,-1
469,-1,260.97,319.24,27.97,27.38,0.8983,-1,-1,-1
469,-1,629.15,363.38,48.39,23.99,0.8958,-1,-1,-1
469,-1,655.50,278.74,32.32,15.35,0.8671,-1,-1,-1
469,-1,640.29,352.23,33.21,16.14,0.7599,-1,-1,-1
469,-1,252.31,283.63,19.33,38.14,0.6291,-1,-1,-1
470,-1,220.40,261.99,40.84,53.15,0.9156,-1,-1,-1
470,-1,258.19,319.07,27.96,27.40,0.9054,-1,-1,-1
470,-1,86.65,347.46,34.67,16.29,0.9001,-1,-1,-1
470,-1,626.60,363.59,48.03,23.97,0.8964,-1,-1,-1
470,-1,653.18,279.26,32.09,15.18,0.8742,-1,-1,-1
470,-1,638.29,352.34,32.01,16.39,0.7058,-1,-1,-1
470,-1,249.53,289.90,18.95,32.60,0.4133,-1,-1,-1
471,-1,217.60,261.51,41.30,53.26,0.9105,-1,-1,-1
471,-1,255.27,318.93,28.27,27.14,0.9045,-1,-1,-1
471,-1,623.98,363.66,47.59,24.09,0.8934,-1,-1,-1
471,-1,85.15,346.96,34.35,16.36,0.8911,-1,-1,-1
471,-1,651.09,279.56,31.53,15.15,0.8785,-1,-1,-1
471,-1,634.67,352.85,33.30,15.81,0.6741,-1,-1,-1
471,-1,247.27,287.22,17.96,36.07,0.3545,-1,-1,-1
472,-1,215.24,261.30,40.51,53.31,0.9107,-1,-1,-1
472,-1,83.68,346.40,34.63,16.19,0.9054,-1,-1,-1
472,-1,252.46,318.68,28.17,27.20,0.8972,-1,-1,-1
472,-1,621.21,363.73,48.45,24.10,0.8910,-1,-1,-1
472,-1,648.12,279.23,31.86,15.73,0.8630,-1,-1,-1
472,-1,631.36,352.83,34.29,16.61,0.6777,-1,-1,-1
472,-1,244.49,290.58,18.12,30.05,0.5991,-1,-1,-1
472,-1,673.84,321.99,17.37,11.64,0.3934,-1,-1,-1
473,-1,212.32,261.15,40.73,52.98,0.9154,-1,-1,-1
473,-1,249.78,318.02,28.13,27.31,0.9043,-1,-1,-1
473,-1,82.17,345.95,34.92,16.05,0.8989,-1,-1,-1
473,-1,618.62,363.68,47.75,24.14,0.8980,-1,-1,-1
473,-1,646.18,279.43,32.27,15.65,0.8663,-1,-1,-1
473,-1,630.54,352.67,33.54,16.70,0.5832,-1,-1,-1
473,-1,1014.98,329.07,9.02,16.70,0.4094,-1,-1,-1
473,-1,241.67,289.57,18.69,31.56,0.3918,-1,-1,-1
474,-1,209.32,260.63,41.72,53.06,0.9141,-1,-1,-1
474,-1,246.98,317.98,28.04,27.11,0.9042,-1,-1,-1
474,-1,80.73,345.31,34.09,16.10,0.8900,-1,-1,-1
474,-1,616.51,363.71,47.03,24.07,0.8892,-1,-1,-1
474,-1,643.73,279.44,30.95,15.32,0.8771,-1,-1,-1
474,-1,1012.95,328.24,11.05,18.90,0.7201,-1,-1,-1
474,-1,627.71,352.98,32.53,15.58,0.7118,-1,-1,-1
474,-1,238.74,288.93,17.69,31.31,0.5217,-1,-1,-1
475,-1,206.89,260.23,41.31,52.80,0.9120,-1,-1,-1
475,-1,244.03,317.47,28.04,27.16,0.9024,-1,-1,-1
475,-1,613.16,363.68,48.40,23.99,0.8917,-1,-1,-1
475,-1,79.17,344.60,34.25,16.42,0.8885,-1,-1,-1
475,-1,641.04,279.31,31.59,15.07,0.8677,-1,-1,-1
475,-1,1011.11,328.06,12.89,19.96,0.7742,-1,-1,-1
475,-1,624.71,352.91,33.14,15.46,0.7477,-1,-1,-1
475,-1,236.72,287.89,18.04,30.91,0.6420,-1,-1,-1
475,-1,665.38,321.26,16.74,12.27,0.5838,-1,-1,-1
476,-1,204.44,259.84,40.88,52.85,0.9135,-1,-1,-1
476,-1,241.37,316.76,27.99,27.37,0.9066,-1,-1,-1
476,-1,610.71,363.57,47.77,23.83,0.8974,-1,-1,-1
476,-1,77.50,344.02,34.19,16.44,0.8858,-1,-1,-1
476,-1,639.43,279.33,30.93,15.51,0.8684,-1,-1,-1
476,-1,1008.58,327.79,15.42,20.84,0.8199,-1,-1,-1
476,-1,622.80,352.68,32.99,15.19,0.6703,-1,-1,-1
476,-1,234.13,284.63,18.57,34.48,0.5985,-1,-1,-1
477,-1,201.05,259.42,41.62,52.72,0.9125,-1,-1,-1
477,-1,238.52,316.34,28.13,27.54,0.9040,-1,-1,-1
477,-1,75.95,343.50,34.58,16.28,0.8942,-1,-1,-1
477,-1,608.32,363.40,47.54,23.99,0.8888,-1,-1,-1
477,-1,636.20,279.33,31.63,14.55,0.8765,-1,-1,-1
477,-1,1005.78,326.92,18.22,22.11,0.8402,-1,-1,-1
477,-1,619.55,352.27,32.54,16.01,0.6775,-1,-1,-1
477,-1,613.26,293.70,23.58,25.75,0.4888,-1,-1,-1
477,-1,231.54,285.27,17.05,31.77,0.3545,-1,-1,-1
478,-1,198.65,258.78,41.11,53.21,0.9084,-1,-1,-1
478,-1,235.40,316.00,28.01,27.28,0.9061,-1,-1,-1
478,-1,605.42,363.30,48.20,23.78,0.8922,-1,-1,-1
478,-1,74.04,343.28,35.28,16.40,0.8902,-1,-1,-1
478,-1,1004.22,326.36,19.78,22.55,0.8653,-1,-1,-1
478,-1,634.20,279.25,30.85,14.70,0.8474,-1,-1,-1
478,-1,616.95,351.61,33.14,16.10,0.7545,-1,-1,-1
478,-1,656.74,321.48,16.68,11.57,0.4692,-1,-1,-1
478,-1,228.68,286.61,18.14,30.90,0.4420,-1,-1,-1
479,-1,195.74,258.62,41.22,53.40,0.9149,-1,-1,-1
479,-1,232.75,315.94,27.81,27.31,0.9106,-1,-1,-1
479,-1,602.53,363.06,48.35,23.65,0.9018,-1,-1,-1
479,-1,72.51,343.23,35.23,16.31,0.8851,-1,-1,-1
479,-1,1001.79,326.23,22.21,22.16,0.8804,-1,-1,-1
479,-1,631.23,279.16,31.51,14.59,0.8763,-1,-1,-1
479,-1,615.35,351.57,31.86,16.19,0.6571,-1,-1,-1
480,-1,192.52,258.43,41.90,53.53,0.9122,-1,-1,-1
480,-1,229.65,315.94,28.18,27.04,0.9037,-1,-1,-1
480,-1,600.26,362.47,47.66,24.11,0.8952,-1,-1,-1
480,-1,71.01,343.24,34.80,16.36,0.8846,-1,-1,-1
480,-1,999.42,325.74,24.58,22.09,0.8791,-1,-1,-1
480,-1,628.34,278.59,31.80,14.85,0.8768,-1,-1,-1
480,-1,611.53,351.77,32.52,15.63,0.6991,-1,-1,-1
480,-1,222.98,280.68,18.46,35.85,0.4042,-1,-1,-1
481,-1,189.65,258.43,42.08,53.77,0.9082,-1,-1,-1
481,-1,226.57,315.73,27.98,27.29,0.9055,-1,-1,-1
481,-1,597.66,362.20,47.96,23.95,0.8969,-1,-1,-1
481,-1,625.66,277.95,32.19,15.06,0.8838,-1,-1,-1
481,-1,69.26,343.13,35.31,16.45,0.8831,-1,-1,-1
481,-1,996.88,324.70,27.12,22.61,0.8808,-1,-1,-1
481,-1,609.45,351.01,32.32,16.21,0.7001,-1,-1,-1
481,-1,220.60,280.22,18.66,36.77,0.4988,-1,-1,-1
482,-1,186.35,258.43,42.40,53.70,0.9138,-1,-1,-1
482,-1,594.84,362.16,47.84,23.69,0.9111,-1,-1,-1
482,-1,223.53,315.75,28.26,27.39,0.9056,-1,-1,-1
482,-1,67.56,343.31,35.16,16.42,0.8950,-1,-1,-1
482,-1,994.32,323.44,29.68,23.12,0.8910,-1,-1,-1
482,-1,623.12,277.98,31.67,14.86,0.8907,-1,-1,-1
482,-1,606.55,350.82,31.73,16.80,0.6980,-1,-1,-1
482,-1,1009.43,355.21,14.57,38.26,0.6103,-1,-1,-1
483,-1,183.42,258.45,42.35,53.81,0.9101,-1,-1,-1
483,-1,220.32,315.87,28.32,27.25,0.9039,-1,-1,-1
483,-1,991.32,322.44,32.68,23.49,0.8987,-1,-1,-1
483,-1,591.97,361.77,47.80,23.89,0.8980,-1,-1,-1
483,-1,65.53,343.61,36.03,16.64,0.8918,-1,-1,-1
483,-1,620.32,277.51,30.97,14.92,0.8757,-1,-1,-1
483,-1,602.77,350.40,32.92,16.38,0.6865,-1,-1,-1
483,-1,995.27,339.55,28.73,67.78,0.6627,-1,-1,-1
483,-1,1006.87,30.19,17.13,61.09,0.5634,-1,-1,-1
483,-1,581.39,328.17,17.17,14.99,0.3455,-1,-1,-1
484,-1,180.18,258.68,41.92,53.56,0.9114,-1,-1,-1
484,-1,217.57,316.15,28.13,27.22,0.9059,-1,-1,-1
484,-1,589.11,361.49,48.16,23.94,0.9031,-1,-1,-1
484,-1,989.20,321.27,34.80,24.42,0.8887,-1,-1,-1
484,-1,617.35,276.81,31.97,15.81,0.8882,-1,-1,-1
484,-1,64.14,344.13,35.74,16.39,0.8859,-1,-1,-1
484,-1,995.35,25.66,28.65,70.92,0.7824,-1,-1,-1
484,-1,981.48,322.97,42.52,92.90,0.7562,-1,-1,-1
484,-1,600.04,350.19,33.25,16.64,0.7550,-1,-1,-1
485,-1,176.98,259.21,42.80,53.05,0.9118,-1,-1,-1
485,-1,214.41,316.40,28.37,27.34,0.9032,-1,-1,-1
485,-1,586.30,361.37,48.30,23.89,0.9012,-1,-1,-1
485,-1,62.62,344.52,34.83,16.44,0.8902,-1,-1,-1
485,-1,986.74,320.76,37.26,22.94,0.8860,-1,-1,-1
485,-1,614.71,277.27,32.14,15.00,0.8794,-1,-1,-1
485,-1,984.31,17.75,39.64,76.17,0.8041,-1,-1,-1
485,-1,968.06,321.19,55.94,105.06,0.7633,-1,-1,-1
485,-1,598.70,349.94,30.95,16.73,0.7405,-1,-1,-1
485,-1,1013.54,306.63,10.46,15.03,0.3234,-1,-1,-1
486,-1,174.16,259.38,42.76,53.73,0.9122,-1,-1,-1
486,-1,211.26,316.46,28.24,27.48,0.9038,-1,-1,-1
486,-1,583.56,361.14,48.12,24.00,0.8965,-1,-1,-1
486,-1,60.90,345.12,35.30,16.06,0.8904,-1,-1,-1
486,-1,973.08,8.50,50.92,86.22,0.8855,-1,-1,-1
486,-1,611.78,276.47,31.46,15.89,0.8816,-1,-1,-1
486,-1,954.00,311.70,70.00,107.88,0.8682,-1,-1,-1
486,-1,595.92,349.86,31.25,15.76,0.7569,-1,-1,-1
486,-1,1009.63,303.90,14.37,17.35,0.7012,-1,-1,-1
486,-1,984.16,318.51,39.52,21.91,0.2655,-1,-1,-1
487,-1,941.15,315.43,82.85,102.18,0.9172,-1,-1,-1
487,-1,961.41,2.17,62.59,92.96,0.9114,-1,-1,-1
487,-1,171.05,259.55,42.50,53.63,0.9105,-1,-1,-1
487,-1,208.29,317.06,28.32,27.17,0.9066,-1,-1,-1
487,-1,58.84,345.58,35.99,16.00,0.9052,-1,-1,-1
487,-1,580.09,361.15,48.71,23.97,0.8988,-1,-1,-1
487,-1,608.92,275.77,32.35,16.32,0.8869,-1,-1,-1
487,-1,1007.39,304.39,16.61,14.98,0.8061,-1,-1,-1
487,-1,591.52,349.93,33.49,16.15,0.7725,-1,-1,-1
488,-1,926.72,315.45,97.28,101.03,0.9324,-1,-1,-1
488,-1,950.43,1.69,73.54,93.56,0.9246,-1,-1,-1
488,-1,168.22,259.63,42.91,53.48,0.9107,-1,-1,-1
488,-1,57.60,346.15,35.84,16.17,0.9011,-1,-1,-1
488,-1,205.43,317.49,28.48,27.03,0.8996,-1,-1,-1
488,-1,578.03,361.16,47.94,23.88,0.8964,-1,-1,-1
488,-1,606.51,276.82,32.02,15.24,0.8779,-1,-1,-1
488,-1,1004.77,302.21,19.23,17.07,0.8439,-1,-1,-1
488,-1,590.27,349.99,31.00,15.83,0.7211,-1,-1,-1
488,-1,40.03,310.64,20.81,18.01,0.5658,-1,-1,-1
489,-1,912.18,316.11,111.76,100.68,0.9433,-1,-1,-1
489,-1,939.21,0.36,84.79,93.85,0.9417,-1,-1,-1
489,-1,165.54,260.13,42.24,54.38,0.9108,-1,-1,-1
489,-1,202.25,317.80,28.25,27.17,0.9080,-1,-1,-1
489,-1,56.05,346.53,35.55,16.22,0.8967,-1,-1,-1
489,-1,575.49,361.11,48.12,24.03,0.8901,-1,-1,-1
489,-1,603.65,276.69,31.99,15.80,0.8822,-1,-1,-1
489,-1,1002.06,301.99,21.94,16.36,0.8761,-1,-1,-1
489,-1,587.87,349.94,31.30,15.76,0.7879,-1,-1,-1
490,-1,898.80,316.31,125.20,100.23,0.9494,-1,-1,-1
490,-1,927.91,0.00,95.97,93.89,0.9453,-1,-1,-1
490,-1,162.30,260.79,42.60,53.91,0.9102,-1,-1,-1
490,-1,199.16,318.14,28.47,27.31,0.9052,-1,-1,-1
490,-1,572.65,361.22,47.96,24.05,0.9011,-1,-1,-1
490,-1,54.04,347.25,36.95,16.04,0.8996,-1,-1,-1
490,-1,600.62,276.60,33.28,16.11,0.8810,-1,-1,-1
490,-1,999.47,301.67,24.53,16.07,0.8681,-1,-1,-1
490,-1,1001.51,96.49,22.49,35.81,0.8299,-1,-1,-1
490,-1,584.79,350.11,31.79,15.80,0.7602,-1,-1,-1
491,-1,885.21,314.70,138.79,102.42,0.9538,-1,-1,-1
491,-1,916.75,0.00,107.25,92.52,0.9473,-1,-1,-1
491,-1,989.69,96.55,34.31,35.67,0.9125,-1,-1,-1
491,-1,160.08,261.34,42.48,53.35,0.9061,-1,-1,-1
491,-1,52.49,347.40,36.07,16.24,0.9046,-1,-1,-1
491,-1,196.40,318.54,28.42,27.27,0.9007,-1,-1,-1
491,-1,570.36,361.37,46.96,23.90,0.8992,-1,-1,-1
491,-1,996.73,301.43,27.27,15.62,0.8822,-1,-1,-1
491,-1,597.34,277.03,33.55,15.73,0.8757,-1,-1,-1
491,-1,584.15,350.16,29.19,15.48,0.7060,-1,-1,-1
491,-1,570.53,328.93,16.13,14.03,0.3075,-1,-1,-1
492,-1,870.72,316.30,153.28,101.90,0.9514,-1,-1,-1
492,-1,905.64,0.00,117.62,92.67,0.9479,-1,-1,-1
492,-1,977.86,96.73,46.14,35.57,0.9261,-1,-1,-1
492,-1,156.55,261.62,42.97,53.77,0.9115,-1,-1,-1
492,-1,51.30,347.77,35.22,16.14,0.9104,-1,-1,-1
492,-1,193.36,318.68,28.86,27.72,0.9078,-1,-1,-1
492,-1,567.81,361.60,47.55,24.18,0.8978,-1,-1,-1
492,-1,994.66,301.15,29.34,15.01,0.8945,-1,-1,-1
492,-1,595.46,277.05,31.59,16.11,0.8740,-1,-1,-1
492,-1,581.67,350.33,29.24,15.26,0.7537,-1,-1,-1
493,-1,857.55,316.89,166.45,101.46,0.9540,-1,-1,-1
493,-1,894.87,0.14,114.90,91.82,0.9508,-1,-1,-1
493,-1,965.92,97.27,57.73,35.53,0.9292,-1,-1,-1
493,-1,153.77,261.98,42.65,53.39,0.9163,-1,-1,-1
493,-1,565.03,361.91,46.77,23.81,0.9107,-1,-1,-1
493,-1,49.35,348.04,36.67,16.27,0.9038,-1,-1,-1
493,-1,190.46,318.91,28.77,27.51,0.9012,-1,-1,-1
493,-1,991.96,301.40,31.81,15.15,0.8883,-1,-1,-1
493,-1,592.60,277.44,32.58,15.89,0.8798,-1,-1,-1
493,-1,576.74,350.73,32.10,15.88,0.6015,-1,-1,-1
494,-1,843.77,317.47,180.23,101.21,0.9526,-1,-1,-1
494,-1,883.68,0.25,111.73,92.82,0.9477,-1,-1,-1
494,-1,953.93,97.53,58.28,35.64,0.9356,-1,-1,-1
494,-1,150.61,262.23,43.60,53.65,0.9118,-1,-1,-1
494,-1,562.63,362.21,45.94,23.69,0.9078,-1,-1,-1
494,-1,47.95,348.29,35.60,16.24,0.9029,-1,-1,-1
494,-1,187.46,319.37,28.66,27.35,0.8984,-1,-1,-1
494,-1,989.25,301.55,33.36,17.16,0.8761,-1,-1,-1
494,-1,589.88,277.79,32.64,15.75,0.8711,-1,-1,-1
494,-1,574.21,351.09,30.99,15.95,0.6743,-1,-1,-1
494,-1,29.94,313.01,21.14,18.15,0.5907,-1,-1,-1
494,-1,566.22,329.50,15.72,13.86,0.2530,-1,-1,-1
495,-1,830.57,317.73,193.35,101.38,0.9519,-1,-1,-1
495,-1,872.38,0.80,109.17,93.33,0.9491,-1,-1,-1
495,-1,942.63,98.21,58.18,35.23,0.9294,-1,-1,-1
495,-1,147.78,262.46,43.25,53.49,0.9149,-1,-1,-1
495,-1,184.54,319.73,28.73,27.28,0.9053,-1,-1,-1
495,-1,46.41,348.71,35.99,16.21,0.8981,-1,-1,-1
495,-1,560.11,362.38,46.71,23.79,0.8932,-1,-1,-1
495,-1,986.18,301.80,34.06,17.45,0.8869,-1,-1,-1
495,-1,587.02,277.86,32.27,16.41,0.8725,-1,-1,-1
495,-1,570.92,351.15,32.05,15.49,0.7368,-1,-1,-1
496,-1,816.84,317.97,207.08,101.52,0.9511,-1,-1,-1
496,-1,861.94,1.69,105.62,93.58,0.9480,-1,-1,-1
496,-1,931.19,98.50,57.95,35.56,0.9268,-1,-1,-1
496,-1,144.90,262.89,43.46,54.04,0.9120,-1,-1,-1
496,-1,557.20,362.75,46.18,23.58,0.9049,-1,-1,-1
496,-1,181.63,319.94,28.80,27.31,0.9003,-1,-1,-1
496,-1,44.76,348.85,35.87,16.20,0.8984,-1,-1,-1
496,-1,983.59,301.97,33.32,18.09,0.8790,-1,-1,-1
496,-1,584.83,278.40,32.55,15.87,0.8576,-1,-1,-1
496,-1,569.67,351.69,30.95,14.83,0.7290,-1,-1,-1
496,-1,562.08,330.46,16.21,13.55,0.2992,-1,-1,-1
497,-1,802.63,318.60,221.37,101.61,0.9682,-1,-1,-1
497,-1,850.65,2.73,103.37,92.64,0.9512,-1,-1,-1
497,-1,919.69,99.15,57.42,35.36,0.9350,-1,-1,-1
497,-1,142.52,263.09,43.42,53.24,0.9174,-1,-1,-1
497,-1,178.64,319.91,28.86,27.34,0.9000,-1,-1,-1
497,-1,554.24,362.94,46.43,23.78,0.8969,-1,-1,-1
497,-1,43.50,348.98,35.64,15.97,0.8967,-1,-1,-1
497,-1,981.05,302.64,33.65,17.75,0.8718,-1,-1,-1
497,-1,582.65,278.94,32.04,15.62,0.8295,-1,-1,-1
497,-1,567.77,351.74,29.41,14.73,0.7491,-1,-1,-1
498,-1,790.25,319.38,233.71,101.69,0.9705,-1,-1,-1
498,-1,840.25,3.69,100.24,92.38,0.9491,-1,-1,-1
498,-1,908.27,99.87,55.67,35.32,0.9340,-1,-1,-1
498,-1,140.22,262.94,42.76,53.35,0.9169,-1,-1,-1
498,-1,176.12,319.87,28.65,27.42,0.9023,-1,-1,-1
498,-1,41.70,348.79,36.01,16.25,0.8959,-1,-1,-1
498,-1,551.52,363.20,46.75,23.72,0.8846,-1,-1,-1
498,-1,978.80,303.01,33.65,17.47,0.8645,-1,-1,-1
498,-1,580.74,278.80,30.90,16.30,0.8594,-1,-1,-1
498,-1,565.41,351.99,29.35,14.48,0.7687,-1,-1,-1
498,-1,559.92,330.95,16.03,13.28,0.6246,-1,-1,-1
498,-1,977.94,320.52,37.55,13.78,0.4513,-1,-1,-1
499,-1,775.94,319.78,246.92,101.97,0.9755,-1,-1,-1
499,-1,829.92,4.47,97.65,90.89,0.9462,-1,-1,-1
499,-1,897.20,100.55,53.62,35.35,0.9291,-1,-1,-1
499,-1,136.91,262.63,43.56,53.88,0.9155,-1,-1,-1
499,-1,40.07,348.46,36.23,16.21,0.9027,-1,-1,-1
499,-1,549.43,363.37,45.69,23.84,0.8976,-1,-1,-1
499,-1,173.30,320.00,28.83,27.15,0.8975,-1,-1,-1
499,-1,964.88,321.23,43.59,18.44,0.8733,-1,-1,-1
499,-1,976.52,304.00,27.72,16.88,0.8700,-1,-1,-1
499,-1,579.54,279.29,29.38,16.02,0.8448,-1,-1,-1
499,-1,562.61,352.45,29.83,14.04,0.7682,-1,-1,-1
499,-1,23.12,313.67,20.82,17.16,0.4777,-1,-1,-1
499,-1,559.22,330.87,15.12,13.77,0.4658,-1,-1,-1
500,-1,762.37,320.57,258.14,101.72,0.9571,-1,-1,-1
500,-1,818.99,5.29,95.88,90.57,0.9468,-1,-1,-1
500,-1,886.26,101.21,51.07,35.12,0.9276,-1,-1,-1
500,-1,134.74,262.42,43.43,53.69,0.9154,-1,-1,-1
500,-1,38.69,348.22,36.38,15.95,0.9087,-1,-1,-1
500,-1,170.26,319.67,28.92,27.24,0.8991,-1,-1,-1
500,-1,546.24,363.39,46.04,24.04,0.8931,-1,-1,-1
500,-1,957.67,321.67,37.94,21.08,0.8325,-1,-1,-1
500,-1,974.30,307.20,17.06,14.54,0.7771,-1,-1,-1
500,-1,560.08,352.47,29.52,14.46,0.7083,-1,-1,-1
500,-1,577.97,279.29,27.91,16.05,0.6089,-1,-1,-1
501,-1,749.36,321.01,255.93,102.06,0.9698,-1,-1,-1
501,-1,808.61,5.37,93.62,90.32,0.9475,-1,-1,-1
501,-1,875.16,101.81,49.67,35.09,0.9307,-1,-1,-1
501,-1,132.12,262.33,43.19,53.70,0.9161,-1,-1,-1
501,-1,36.86,347.57,37.36,16.32,0.9132,-1,-1,-1
501,-1,167.61,319.18,28.86,27.37,0.9051,-1,-1,-1
501,-1,544.13,363.57,46.75,23.79,0.8842,-1,-1,-1
501,-1,574.12,279.54,29.79,15.86,0.8379,-1,-1,-1
501,-1,557.81,352.38,29.08,14.15,0.7746,-1,-1,-1
501,-1,952.27,323.31,30.45,22.14,0.6112,-1,-1,-1
501,-1,555.48,330.33,16.34,14.68,0.4858,-1,-1,-1
502,-1,735.44,321.29,255.03,102.09,0.9737,-1,-1,-1
502,-1,798.10,5.97,91.31,90.66,0.9479,-1,-1,-1
502,-1,864.11,102.29,47.11,35.30,0.9298,-1,-1,-1
502,-1,128.82,261.93,43.50,53.25,0.9151,-1,-1,-1
502,-1,35.32,346.98,37.06,16.38,0.9086,-1,-1,-1
502,-1,164.69,318.75,29.05,27.47,0.9022,-1,-1,-1
502,-1,541.16,363.60,46.21,23.76,0.8948,-1,-1,-1
502,-1,554.77,352.95,29.50,13.74,0.7704,-1,-1,-1
502,-1,579.80,279.93,20.72,15.61,0.6509,-1,-1,-1
502,-1,946.42,326.84,21.56,20.12,0.6317,-1,-1,-1
502,-1,554.01,329.89,15.96,15.22,0.5278,-1,-1,-1
503,-1,722.85,321.55,252.52,102.08,0.9782,-1,-1,-1
503,-1,787.59,6.46,88.90,89.92,0.9477,-1,-1,-1
503,-1,853.68,102.38,45.11,35.67,0.9256,-1,-1,-1
503,-1,126.12,261.66,44.36,52.90,0.9134,-1,-1,-1
503,-1,161.55,318.08,29.26,27.67,0.9069,-1,-1,-1
503,-1,33.87,346.46,36.65,16.08,0.9001,-1,-1,-1
503,-1,538.26,363.71,46.43,23.73,0.8899,-1,-1,-1
503,-1,568.72,279.63,30.61,15.73,0.8555,-1,-1,-1
503,-1,552.34,352.66,29.14,14.19,0.7242,-1,-1,-1
503,-1,552.51,330.01,16.11,14.95,0.4793,-1,-1,-1
503,-1,17.31,311.18,20.87,17.70,0.2912,-1,-1,-1
504,-1,709.81,321.95,250.67,101.76,0.9807,-1,-1,-1
504,-1,777.87,6.33,86.33,91.46,0.9474,-1,-1,-1
504,-1,842.54,102.57,43.66,35.80,0.9298,-1,-1,-1
504,-1,123.50,260.82,44.04,52.77,0.9166,-1,-1,-1
504,-1,158.83,317.77,29.17,27.54,0.9064,-1,-1,-1
504,-1,32.65,345.80,36.88,16.22,0.8976,-1,-1,-1
504,-1,536.08,363.71,46.19,23.74,0.8819,-1,-1,-1
504,-1,562.63,279.66,33.82,15.76,0.8243,-1,-1,-1
504,-1,550.48,352.33,28.54,14.44,0.7468,-1,-1,-1
504,-1,551.93,330.21,15.63,14.73,0.4307,-1,-1,-1
504,-1,16.35,310.82,20.64,17.51,0.2664,-1,-1,-1
505,-1,695.83,321.83,249.32,102.08,0.9814,-1,-1,-1
505,-1,767.19,6.44,84.17,89.28,0.9429,-1,-1,-1
505,-1,831.60,102.91,41.79,35.74,0.9177,-1,-1,-1
505,-1,120.38,260.02,44.48,52.90,0.9147,-1,-1,-1
505,-1,156.01,317.47,29.42,27.27,0.9009,-1,-1,-1
505,-1,30.80,345.27,37.40,16.08,0.8957,-1,-1,-1
505,-1,533.33,363.50,45.97,23.88,0.8926,-1,-1,-1
505,-1,561.81,279.77,32.01,15.53,0.8626,-1,-1,-1
505,-1,546.94,352.70,29.22,13.99,0.7461,-1,-1,-1
505,-1,549.68,329.66,16.86,15.33,0.2517,-1,-1,-1
506,-1,681.75,321.63,247.62,102.32,0.9802,-1,-1,-1
506,-1,757.32,6.28,81.22,89.41,0.9448,-1,-1,-1
506,-1,117.02,259.51,45.59,53.04,0.9207,-1,-1,-1
506,-1,820.32,102.66,39.62,35.78,0.9156,-1,-1,-1
506,-1,153.19,316.71,29.51,27.48,0.9082,-1,-1,-1
506,-1,530.62,363.43,45.95,23.86,0.8925,-1,-1,-1
506,-1,29.38,344.40,37.15,16.53,0.8908,-1,-1,-1
506,-1,557.77,279.43,34.14,15.73,0.8686,-1,-1,-1
506,-1,545.35,352.47,28.76,13.80,0.7355,-1,-1,-1
507,-1,669.09,321.75,245.06,102.13,0.9777,-1,-1,-1
507,-1,746.92,6.29,78.60,89.69,0.9463,-1,-1,-1
507,-1,809.76,102.53,37.67,36.26,0.9245,-1,-1,-1
507,-1,114.62,258.98,44.92,52.94,0.9167,-1,-1,-1
507,-1,150.21,316.31,29.55,27.39,0.9063,-1,-1,-1
507,-1,27.66,343.67,36.80,16.72,0.8973,-1,-1,-1
507,-1,528.31,363.09,46.40,23.93,0.8846,-1,-1,-1
507,-1,554.72,279.43,34.51,15.48,0.8618,-1,-1,-1
507,-1,542.58,352.08,28.79,14.28,0.7786,-1,-1,-1
507,-1,546.69,329.39,16.52,15.07,0.7306,-1,-1,-1
508,-1,655.02,321.90,243.68,101.60,0.9777,-1,-1,-1
508,-1,736.49,5.74,76.31,90.75,0.9424,-1,-1,-1
508,-1,112.29,258.58,44.45,53.05,0.9154,-1,-1,-1
508,-1,147.26,315.89,29.67,27.41,0.9076,-1,-1,-1
508,-1,524.96,363.18,46.89,23.76,0.9005,-1,-1,-1
508,-1,25.81,343.31,38.02,16.51,0.8874,-1,-1,-1
508,-1,553.10,279.22,34.19,15.59,0.8687,-1,-1,-1
508,-1,797.98,102.45,36.75,35.94,0.8210,-1,-1,-1
508,-1,540.05,351.85,28.80,15.03,0.6492,-1,-1,-1
508,-1,546.10,329.26,15.97,15.04,0.5099,-1,-1,-1
509,-1,641.75,321.83,242.08,101.43,0.9772,-1,-1,-1
509,-1,725.30,5.52,74.47,91.09,0.9439,-1,-1,-1
509,-1,109.34,258.04,44.93,53.22,0.9208,-1,-1,-1
509,-1,144.26,315.47,29.89,27.25,0.9080,-1,-1,-1
509,-1,522.58,362.83,45.77,23.89,0.9006,-1,-1,-1
509,-1,24.55,342.93,37.59,16.41,0.8965,-1,-1,-1
509,-1,550.82,279.07,33.42,15.47,0.8206,-1,-1,-1
509,-1,786.84,102.11,33.92,35.75,0.7920,-1,-1,-1
509,-1,543.39,328.60,17.15,15.43,0.7724,-1,-1,-1
509,-1,537.08,351.94,28.93,14.81,0.7118,-1,-1,-1
510,-1,628.02,320.96,241.25,101.99,0.9751,-1,-1,-1
510,-1,714.00,5.17,72.45,90.85,0.9420,-1,-1,-1
510,-1,105.75,258.08,45.56,52.82,0.9161,-1,-1,-1
510,-1,141.26,315.31,29.95,27.34,0.9063,-1,-1,-1
510,-1,519.59,362.44,46.88,23.90,0.8971,-1,-1,-1
510,-1,22.88,343.11,37.57,16.19,0.8872,-1,-1,-1
510,-1,547.35,278.45,34.28,15.96,0.8449,-1,-1,-1
510,-1,534.41,351.69,28.81,14.38,0.6809,-1,-1,-1
510,-1,542.40,328.83,15.59,14.89,0.5341,-1,-1,-1
510,-1,974.86,153.42,49.14,165.60,0.4303,-1,-1,-1
510,-1,775.62,101.94,31.38,35.28,0.2828,-1,-1,-1
511,-1,613.91,320.64,239.54,101.81,0.9740,-1,-1,-1
511,-1,702.53,4.53,70.02,91.19,0.9376,-1,-1,-1
511,-1,103.06,257.87,45.07,53.07,0.9162,-1,-1,-1
511,-1,517.11,362.42,46.31,23.63,0.9059,-1,-1,-1
511,-1,138.34,315.43,29.73,27.15,0.9028,-1,-1,-1
511,-1,21.63,342.95,36.78,16.30,0.8882,-1,-1,-1
511,-1,555.07,278.11,23.67,16.12,0.6881,-1,-1,-1
511,-1,957.28,165.20,66.72,147.30,0.6262,-1,-1,-1
511,-1,532.05,351.39,28.44,13.92,0.5206,-1,-1,-1
511,-1,540.48,328.29,16.03,15.62,0.4289,-1,-1,-1
511,-1,545.41,277.85,33.47,16.28,0.3828,-1,-1,-1
512,-1,599.64,320.26,238.31,101.78,0.9724,-1,-1,-1
512,-1,689.66,4.08,69.42,90.97,0.9365,-1,-1,-1
512,-1,100.29,257.88,45.40,53.17,0.9207,-1,-1,-1
512,-1,135.21,315.43,30.03,27.17,0.9062,-1,-1,-1
512,-1,514.58,362.19,45.80,23.66,0.8998,-1,-1,-1
512,-1,19.37,343.00,37.58,16.28,0.8945,-1,-1,-1
512,-1,939.21,165.29,84.79,145.99,0.8226,-1,-1,-1
512,-1,550.75,277.88,25.99,15.88,0.7230,-1,-1,-1
512,-1,528.96,350.99,28.85,14.61,0.7107,-1,-1,-1
512,-1,966.09,304.94,57.91,70.81,0.2638,-1,-1,-1
513,-1,585.17,319.67,236.10,101.92,0.9707,-1,-1,-1
513,-1,679.84,3.05,66.02,91.46,0.9379,-1,-1,-1
513,-1,97.42,258.06,45.33,53.20,0.9204,-1,-1,-1
513,-1,132.06,315.51,30.37,27.23,0.9105,-1,-1,-1
513,-1,511.68,361.76,46.68,23.76,0.9017,-1,-1,-1
513,-1,17.62,343.15,38.02,16.48,0.8902,-1,-1,-1
513,-1,920.91,165.26,103.09,144.88,0.8796,-1,-1,-1
513,-1,539.06,277.41,34.59,16.16,0.8397,-1,-1,-1
513,-1,527.62,350.61,27.35,14.09,0.7037,-1,-1,-1
513,-1,949.62,293.31,74.38,79.54,0.3515,-1,-1,-1
514,-1,570.31,319.27,235.47,102.08,0.9714,-1,-1,-1
514,-1,902.79,164.25,121.21,145.13,0.9220,-1,-1,-1
514,-1,667.76,5.21,63.98,88.79,0.9219,-1,-1,-1
514,-1,94.12,258.45,45.80,53.24,0.9194,-1,-1,-1
514,-1,508.69,361.73,47.08,23.63,0.9139,-1,-1,-1
514,-1,129.00,315.73,30.18,27.23,0.9111,-1,-1,-1
514,-1,16.30,343.42,38.24,16.42,0.8942,-1,-1,-1
514,-1,546.16,277.13,24.50,16.41,0.8590,-1,-1,-1
514,-1,933.17,293.36,90.83,83.09,0.7679,-1,-1,-1
514,-1,524.08,350.65,27.83,13.32,0.5850,-1,-1,-1
514,-1,25.49,275.30,21.64,17.69,0.2926,-1,-1,-1
515,-1,557.15,318.84,232.87,102.15,0.9701,-1,-1,-1
515,-1,884.64,163.33,139.36,145.36,0.9397,-1,-1,-1
515,-1,91.12,258.79,46.14,53.14,0.9213,-1,-1,-1
515,-1,654.37,5.09,62.78,88.43,0.9153,-1,-1,-1
515,-1,126.08,316.01,30.18,27.31,0.9098,-1,-1,-1
515,-1,506.11,361.51,45.59,23.86,0.8981,-1,-1,-1
515,-1,14.62,343.98,37.64,16.32,0.8898,-1,-1,-1
515,-1,542.99,277.05,24.98,16.12,0.8465,-1,-1,-1
515,-1,915.75,285.77,108.25,88.40,0.8313,-1,-1,-1
515,-1,521.40,349.92,27.84,13.88,0.6528,-1,-1,-1
516,-1,543.62,318.65,230.47,101.82,0.9697,-1,-1,-1
516,-1,866.49,162.32,157.50,145.75,0.9469,-1,-1,-1
516,-1,88.20,259.27,45.56,53.22,0.9156,-1,-1,-1
516,-1,123.13,316.31,30.11,27.55,0.9048,-1,-1,-1
516,-1,503.44,361.35,42.86,23.96,0.8980,-1,-1,-1
516,-1,644.36,6.21,58.92,87.38,0.8979,-1,-1,-1
516,-1,12.80,344.56,37.61,16.33,0.8920,-1,-1,-1
516,-1,539.85,276.95,24.80,16.29,0.8910,-1,-1,-1
516,-1,899.09,270.15,124.91,104.46,0.8393,-1,-1,-1
516,-1,519.21,350.04,27.21,13.92,0.7547,-1,-1,-1
516,-1,574.47,316.53,15.05,14.13,0.4988,-1,-1,-1
517,-1,530.01,318.31,228.49,101.88,0.9675,-1,-1,-1
517,-1,848.56,161.18,175.44,146.38,0.9524,-1,-1,-1
517,-1,85.06,259.71,46.09,53.06,0.9262,-1,-1,-1
517,-1,633.47,8.31,55.53,84.59,0.9188,-1,-1,-1
517,-1,119.93,316.49,30.26,27.70,0.9071,-1,-1,-1
517,-1,10.89,345.13,38.02,16.04,0.8962,-1,-1,-1
517,-1,500.70,361.16,36.77,24.11,0.8854,-1,-1,-1
517,-1,882.37,265.48,141.63,106.78,0.8839,-1,-1,-1
517,-1,536.75,276.80,25.28,16.44,0.8764,-1,-1,-1
517,-1,516.09,349.88,26.09,12.98,0.6893,-1,-1,-1
518,-1,515.53,318.37,226.90,101.83,0.9681,-1,-1,-1
518,-1,830.75,160.58,193.25,146.23,0.9541,-1,-1,-1
518,-1,866.21,265.24,157.79,106.27,0.9228,-1,-1,-1
518,-1,81.89,260.20,46.33,53.04,0.9224,-1,-1,-1
518,-1,116.79,317.31,30.22,27.16,0.9027,-1,-1,-1
518,-1,618.85,8.88,57.66,85.15,0.8998,-1,-1,-1
518,-1,9.13,345.76,38.99,16.04,0.8947,-1,-1,-1
518,-1,533.37,276.81,26.03,16.04,0.8858,-1,-1,-1
518,-1,497.81,362.44,26.95,23.04,0.8607,-1,-1,-1
519,-1,500.42,318.19,226.98,101.85,0.9705,-1,-1,-1
519,-1,811.21,160.11,200.51,146.45,0.9669,-1,-1,-1
519,-1,849.21,263.98,174.79,106.62,0.9441,-1,-1,-1
519,-1,79.28,261.02,45.93,53.09,0.9189,-1,-1,-1
519,-1,113.89,317.67,30.23,27.26,0.9058,-1,-1,-1
519,-1,8.04,346.27,37.82,16.19,0.9038,-1,-1,-1
519,-1,530.02,277.04,26.15,15.87,0.8893,-1,-1,-1
519,-1,1012.58,212.77,11.42,41.85,0.7444,-1,-1,-1
519,-1,1008.10,344.74,15.90,27.61,0.6701,-1,-1,-1
519,-1,609.39,8.78,51.63,84.29,0.6701,-1,-1,-1
520,-1,486.63,318.21,224.92,101.84,0.9724,-1,-1,-1
520,-1,792.64,159.83,197.73,146.69,0.9541,-1,-1,-1
520,-1,832.81,261.34,190.89,110.34,0.9434,-1,-1,-1
520,-1,76.50,261.76,45.34,53.08,0.9195,-1,-1,-1
520,-1,110.83,318.07,30.48,27.51,0.9045,-1,-1,-1
520,-1,6.27,346.87,37.33,16.12,0.9040,-1,-1,-1
520,-1,527.04,277.06,26.19,15.90,0.8812,-1,-1,-1
520,-1,596.88,9.13,49.12,84.02,0.7996,-1,-1,-1
520,-1,1002.61,343.95,21.39,28.54,0.7862,-1,-1,-1
520,-1,1009.11,210.79,14.89,43.80,0.7734,-1,-1,-1
521,-1,472.73,318.45,223.01,101.65,0.9701,-1,-1,-1
521,-1,774.61,160.22,192.32,146.23,0.9545,-1,-1,-1
521,-1,816.12,259.56,193.53,112.10,0.9432,-1,-1,-1
521,-1,73.57,262.04,45.55,53.98,0.9154,-1,-1,-1
521,-1,4.54,347.20,38.60,16.26,0.9080,-1,-1,-1
521,-1,108.01,318.59,30.35,27.40,0.9036,-1,-1,-1
521,-1,524.14,277.15,26.75,15.89,0.8825,-1,-1,-1
521,-1,1005.52,211.98,18.48,45.31,0.8383,-1,-1,-1
521,-1,996.82,343.14,27.18,31.81,0.8030,-1,-1,-1
521,-1,585.36,10.33,45.05,82.81,0.4717,-1,-1,-1
522,-1,458.44,318.65,221.44,101.64,0.9670,-1,-1,-1
522,-1,756.81,160.84,188.10,145.64,0.9556,-1,-1,-1
522,-1,799.63,255.11,195.90,117.38,0.9436,-1,-1,-1
522,-1,70.91,261.96,45.21,54.21,0.9135,-1,-1,-1
522,-1,3.03,347.68,38.30,16.14,0.9111,-1,-1,-1
522,-1,104.98,318.95,30.52,27.31,0.9070,-1,-1,-1
522,-1,520.82,277.62,27.57,15.68,0.8829,-1,-1,-1
522,-1,992.87,343.13,31.13,31.27,0.8672,-1,-1,-1
522,-1,1002.47,211.87,21.53,47.82,0.8430,-1,-1,-1
522,-1,0.00,312.35,8.31,15.92,0.3438,-1,-1,-1
522,-1,572.74,11.50,42.81,82.10,0.2693,-1,-1,-1
523,-1,445.08,318.88,218.76,101.70,0.9563,-1,-1,-1
523,-1,738.20,160.79,185.29,146.48,0.9543,-1,-1,-1
523,-1,785.07,253.22,196.22,119.84,0.9467,-1,-1,-1
523,-1,67.73,262.41,45.97,55.05,0.9171,-1,-1,-1
523,-1,1.19,348.11,38.48,16.03,0.9087,-1,-1,-1
523,-1,101.94,319.39,30.96,27.15,0.9046,-1,-1,-1
523,-1,990.49,343.10,33.51,32.04,0.8847,-1,-1,-1
523,-1,517.76,277.85,27.49,15.74,0.8787,-1,-1,-1
523,-1,999.09,212.89,24.91,46.61,0.8593,-1,-1,-1
524,-1,720.83,161.60,179.45,145.68,0.9586,-1,-1,-1
524,-1,430.89,319.13,216.88,101.72,0.9537,-1,-1,-1
524,-1,770.12,252.93,196.88,119.95,0.9475,-1,-1,-1
524,-1,64.67,262.57,46.39,54.81,0.9148,-1,-1,-1
524,-1,0.10,348.35,38.01,16.25,0.9091,-1,-1,-1
524,-1,99.22,319.85,30.81,26.92,0.9061,-1,-1,-1
524,-1,996.11,212.40,27.89,45.69,0.8915,-1,-1,-1
524,-1,986.87,343.28,37.13,32.78,0.8905,-1,-1,-1
524,-1,514.34,278.11,28.27,15.64,0.8760,-1,-1,-1
525,-1,702.43,162.47,176.04,145.56,0.9567,-1,-1,-1
525,-1,417.30,319.59,214.10,101.66,0.9541,-1,-1,-1
525,-1,757.31,250.92,195.40,121.96,0.9434,-1,-1,-1
525,-1,62.45,262.97,45.89,53.79,0.9117,-1,-1,-1
525,-1,0.00,348.92,36.74,16.05,0.9062,-1,-1,-1
525,-1,96.22,319.95,30.58,27.27,0.9054,-1,-1,-1
525,-1,984.15,343.53,39.85,32.82,0.8964,-1,-1,-1
525,-1,511.50,278.15,28.27,15.96,0.8847,-1,-1,-1
525,-1,992.93,213.28,31.07,45.61,0.8766,-1,-1,-1
526,-1,684.91,162.29,171.39,145.79,0.9584,-1,-1,-1
526,-1,403.11,320.04,212.01,101.52,0.9546,-1,-1,-1
526,-1,746.57,247.94,192.17,125.59,0.9489,-1,-1,-1
526,-1,59.03,263.17,46.41,53.68,0.9195,-1,-1,-1
526,-1,93.27,320.08,30.78,27.66,0.9083,-1,-1,-1
526,-1,981.22,343.86,42.78,32.75,0.9047,-1,-1,-1
526,-1,0.00,349.25,35.21,15.93,0.9020,-1,-1,-1
526,-1,989.86,214.25,33.78,44.58,0.8896,-1,-1,-1
526,-1,508.42,278.75,28.11,15.84,0.8768,-1,-1,-1
527,-1,666.28,163.20,168.54,145.38,0.9597,-1,-1,-1
527,-1,389.09,320.61,209.74,101.52,0.9555,-1,-1,-1
527,-1,728.75,245.30,197.92,128.37,0.9431,-1,-1,-1
527,-1,56.42,263.33,46.56,53.34,0.9193,-1,-1,-1
527,-1,978.83,344.14,45.17,33.02,0.9102,-1,-1,-1
527,-1,90.35,320.40,30.70,27.25,0.9020,-1,-1,-1
527,-1,0.00,349.37,33.81,15.90,0.9003,-1,-1,-1
527,-1,986.28,214.50,34.19,45.08,0.8932,-1,-1,-1
527,-1,505.31,278.85,28.47,15.83,0.8712,-1,-1,-1
527,-1,916.33,320.29,25.61,21.18,0.2975,-1,-1,-1
528,-1,648.54,164.12,164.48,145.12,0.9567,-1,-1,-1
528,-1,375.61,321.04,206.81,101.43,0.9551,-1,-1,-1
528,-1,714.06,244.86,196.35,129.27,0.9509,-1,-1,-1
528,-1,975.82,344.61,48.18,33.27,0.9119,-1,-1,-1
528,-1,54.02,263.51,46.05,53.45,0.9116,-1,-1,-1
528,-1,87.40,320.32,30.95,27.55,0.9022,-1,-1,-1
528,-1,0.00,349.45,32.43,16.08,0.8964,-1,-1,-1
528,-1,502.26,279.24,29.12,15.82,0.8921,-1,-1,-1
528,-1,983.20,214.95,34.15,42.53,0.8668,-1,-1,-1
528,-1,909.38,303.11,23.32,16.88,0.8547,-1,-1,-1
528,-1,901.91,320.65,37.88,23.22,0.8302,-1,-1,-1
529,-1,630.95,164.03,160.94,145.93,0.9598,-1,-1,-1
529,-1,361.14,321.42,205.05,101.41,0.9551,-1,-1,-1
529,-1,701.74,245.40,195.20,129.46,0.9529,-1,-1,-1
529,-1,51.26,263.24,46.32,53.76,0.9204,-1,-1,-1
529,-1,973.01,345.10,50.99,33.04,0.9134,-1,-1,-1
529,-1,84.52,320.30,31.27,27.55,0.9072,-1,-1,-1
529,-1,0.00,349.30,30.67,15.90,0.8948,-1,-1,-1
529,-1,888.52,321.09,48.35,23.73,0.8870,-1,-1,-1
529,-1,499.51,279.38,28.89,15.82,0.8738,-1,-1,-1
529,-1,979.98,216.11,34.05,37.27,0.8676,-1,-1,-1
529,-1,899.86,303.54,30.59,17.57,0.8617,-1,-1,-1
530,-1,613.59,165.14,158.15,145.11,0.9581,-1,-1,-1
530,-1,348.13,321.72,201.96,101.37,0.9563,-1,-1,-1
530,-1,687.56,245.18,196.34,130.21,0.9532,-1,-1,-1
530,-1,48.13,263.25,46.88,53.15,0.9198,-1,-1,-1
530,-1,970.07,345.54,53.93,32.93,0.9139,-1,-1,-1
530,-1,81.70,320.28,31.30,27.19,0.9040,-1,-1,-1
530,-1,876.96,321.29,57.79,24.12,0.9037,-1,-1,-1
530,-1,0.00,348.72,28.79,16.28,0.8984,-1,-1,-1
530,-1,977.08,216.28,33.67,36.81,0.8779,-1,-1,-1
530,-1,496.40,279.53,29.85,15.72,0.8726,-1,-1,-1
530,-1,897.30,303.85,30.69,17.58,0.8625,-1,-1,-1
531,-1,674.90,245.71,195.31,130.26,0.9573,-1,-1,-1
531,-1,596.22,165.40,155.96,145.17,0.9567,-1,-1,-1
531,-1,334.94,321.80,199.30,101.57,0.9555,-1,-1,-1
531,-1,45.29,262.89,46.91,53.20,0.9204,-1,-1,-1
531,-1,967.09,346.25,56.91,32.79,0.9144,-1,-1,-1
531,-1,874.22,321.65,57.36,24.32,0.9080,-1,-1,-1
531,-1,78.94,319.95,31.23,27.34,0.9041,-1,-1,-1
531,-1,0.00,348.50,26.75,16.01,0.8904,-1,-1,-1
531,-1,493.55,279.51,30.50,16.00,0.8900,-1,-1,-1
531,-1,895.06,304.43,29.76,17.36,0.8741,-1,-1,-1
531,-1,973.96,216.80,33.90,45.09,0.8711,-1,-1,-1
531,-1,969.26,299.11,14.95,15.02,0.2775,-1,-1,-1
532,-1,322.05,321.84,195.79,101.32,0.9597,-1,-1,-1
532,-1,578.63,165.26,154.40,145.56,0.9588,-1,-1,-1
532,-1,663.09,243.65,193.32,132.69,0.9554,-1,-1,-1
532,-1,42.74,262.26,46.87,53.21,0.9219,-1,-1,-1
532,-1,965.06,346.78,58.94,32.78,0.9205,-1,-1,-1
532,-1,76.19,319.62,31.13,27.03,0.9068,-1,-1,-1
532,-1,872.22,322.27,57.22,24.07,0.9058,-1,-1,-1
532,-1,970.95,217.18,33.88,44.74,0.8944,-1,-1,-1
532,-1,0.00,348.06,26.61,15.96,0.8866,-1,-1,-1
532,-1,892.68,305.04,30.35,17.47,0.8746,-1,-1,-1
532,-1,490.70,279.56,20.61,15.84,0.7391,-1,-1,-1
533,-1,561.21,165.36,152.38,145.68,0.9600,-1,-1,-1
533,-1,647.02,244.86,195.77,131.64,0.9556,-1,-1,-1
533,-1,307.82,322.06,194.45,100.85,0.9554,-1,-1,-1
533,-1,961.99,347.33,62.00,32.97,0.9299,-1,-1,-1
533,-1,39.63,261.75,47.47,52.79,0.9212,-1,-1,-1
533,-1,869.77,322.85,57.13,23.86,0.9153,-1,-1,-1
533,-1,73.11,318.96,31.54,27.13,0.9082,-1,-1,-1
533,-1,968.29,217.69,34.04,45.22,0.9011,-1,-1,-1
533,-1,0.01,347.51,24.54,16.01,0.8911,-1,-1,-1
533,-1,889.99,305.45,30.46,17.57,0.8715,-1,-1,-1
534,-1,544.50,165.71,150.10,145.44,0.9608,-1,-1,-1
534,-1,293.90,321.73,192.40,101.34,0.9562,-1,-1,-1
534,-1,632.23,244.78,196.92,131.92,0.9551,-1,-1,-1
534,-1,959.53,347.81,63.33,33.21,0.9216,-1,-1,-1
534,-1,37.23,261.30,47.14,53.33,0.9208,-1,-1,-1
534,-1,867.39,323.18,57.42,23.82,0.9081,-1,-1,-1
534,-1,70.49,318.20,31.40,27.53,0.9080,-1,-1,-1
534,-1,965.41,217.80,33.45,45.16,0.9023,-1,-1,-1
534,-1,0.00,347.16,22.87,15.76,0.8778,-1,-1,-1
534,-1,888.06,305.80,28.63,17.47,0.8771,-1,-1,-1
535,-1,526.91,164.62,149.03,146.55,0.9609,-1,-1,-1
535,-1,619.34,245.48,196.58,130.76,0.9588,-1,-1,-1
535,-1,280.41,321.44,189.75,101.50,0.9552,-1,-1,-1
535,-1,956.65,348.10,63.00,33.55,0.9270,-1,-1,-1
535,-1,34.49,260.32,47.45,53.43,0.9186,-1,-1,-1
535,-1,67.42,317.75,31.73,27.32,0.9071,-1,-1,-1
535,-1,865.09,323.32,57.47,24.08,0.9053,-1,-1,-1
535,-1,0.00,346.76,21.66,15.49,0.8746,-1,-1,-1
535,-1,885.45,306.34,29.17,17.29,0.8743,-1,-1,-1
535,-1,962.34,218.40,33.77,45.03,0.8611,-1,-1,-1
536,-1,509.33,164.19,147.76,146.68,0.9614,-1,-1,-1
536,-1,604.09,244.46,197.99,132.47,0.9586,-1,-1,-1
536,-1,266.02,321.00,187.96,101.69,0.9558,-1,-1,-1
536,-1,953.36,348.53,63.41,33.64,0.9191,-1,-1,-1
536,-1,32.01,259.24,47.32,53.80,0.9143,-1,-1,-1
536,-1,64.51,317.29,32.20,27.26,0.9113,-1,-1,-1
536,-1,862.58,323.59,57.45,24.12,0.9023,-1,-1,-1
536,-1,883.51,306.43,28.62,17.48,0.8821,-1,-1,-1
536,-1,959.41,218.83,33.63,45.38,0.8670,-1,-1,-1
536,-1,0.00,345.91,20.41,15.49,0.8662,-1,-1,-1
537,-1,491.98,163.94,145.46,146.65,0.9620,-1,-1,-1
537,-1,588.49,245.11,200.42,132.06,0.9587,-1,-1,-1
537,-1,253.44,320.48,184.30,101.77,0.9550,-1,-1,-1
537,-1,950.50,348.81,63.13,33.92,0.9219,-1,-1,-1
537,-1,29.25,258.65,47.49,53.39,0.9210,-1,-1,-1
537,-1,61.73,316.42,32.20,27.42,0.9125,-1,-1,-1
537,-1,860.55,323.80,56.85,24.08,0.9062,-1,-1,-1
537,-1,880.55,306.63,28.78,17.64,0.8821,-1,-1,-1
537,-1,0.01,345.54,19.20,15.29,0.8596,-1,-1,-1
537,-1,956.23,219.16,33.61,37.34,0.8543,-1,-1,-1
538,-1,474.23,163.90,143.62,146.37,0.9632,-1,-1,-1
538,-1,574.36,244.46,201.10,132.81,0.9599,-1,-1,-1
538,-1,239.05,320.09,182.42,101.56,0.9555,-1,-1,-1
538,-1,948.56,348.97,61.86,34.11,0.9246,-1,-1,-1
538,-1,26.12,257.96,47.99,53.62,0.9191,-1,-1,-1
538,-1,58.86,316.02,31.83,27.22,0.9105,-1,-1,-1
538,-1,857.78,324.03,57.10,24.03,0.9050,-1,-1,-1
538,-1,878.10,306.70,29.07,17.53,0.8844,-1,-1,-1
538,-1,953.88,219.66,33.47,36.27,0.8701,-1,-1,-1
538,-1,0.02,345.01,17.19,15.08,0.8462,-1,-1,-1
539,-1,456.50,163.36,142.77,146.57,0.9630,-1,-1,-1
539,-1,561.26,243.93,201.02,132.97,0.9575,-1,-1,-1
539,-1,225.26,319.39,179.96,101.90,0.9548,-1,-1,-1
539,-1,23.16,257.42,48.26,53.53,0.9209,-1,-1,-1
539,-1,945.04,349.06,62.27,34.13,0.9191,-1,-1,-1
539,-1,55.89,315.62,31.90,27.05,0.9092,-1,-1,-1
539,-1,855.91,323.78,56.55,24.18,0.9020,-1,-1,-1
539,-1,465.05,100.69,38.78,35.21,0.9016,-1,-1,-1
539,-1,876.08,306.79,28.57,17.36,0.8828,-1,-1,-1
539,-1,950.47,219.23,33.43,43.22,0.8660,-1,-1,-1
539,-1,0.02,344.06,15.36,15.47,0.8205,-1,-1,-1
540,-1,438.65,162.91,142.06,146.59,0.9632,-1,-1,-1
540,-1,547.95,243.53,200.30,132.98,0.9586,-1,-1,-1
540,-1,211.43,318.91,177.33,102.11,0.9556,-1,-1,-1
540,-1,942.34,349.07,62.09,34.05,0.9247,-1,-1,-1
540,-1,20.41,256.78,48.15,54.29,0.9184,-1,-1,-1
540,-1,52.71,315.12,32.44,27.27,0.9117,-1,-1,-1
540,-1,853.41,323.57,56.79,24.28,0.9035,-1,-1,-1
540,-1,947.55,218.98,33.49,45.44,0.9034,-1,-1,-1
540,-1,450.23,100.14,43.26,35.73,0.8915,-1,-1,-1
540,-1,873.33,306.74,28.62,17.41,0.8739,-1,-1,-1
540,-1,535.59,318.59,19.82,16.71,0.8261,-1,-1,-1
540,-1,0.00,344.13,13.61,15.24,0.8151,-1,-1,-1
541,-1,421.04,162.32,140.79,146.84,0.9610,-1,-1,-1
541,-1,533.02,243.09,202.14,132.98,0.9578,-1,-1,-1
541,-1,196.90,318.54,175.62,102.13,0.9562,-1,-1,-1
541,-1,940.36,348.37,60.95,34.31,0.9281,-1,-1,-1
541,-1,17.42,256.90,48.48,54.00,0.9202,-1,-1,-1
541,-1,434.72,99.98,46.45,35.32,0.9110,-1,-1,-1
541,-1,49.87,314.90,32.21,27.37,0.9076,-1,-1,-1
541,-1,850.97,323.49,56.49,23.98,0.9045,-1,-1,-1
541,-1,870.82,306.33,28.64,17.26,0.8848,-1,-1,-1
541,-1,944.61,219.10,33.45,44.32,0.8605,-1,-1,-1
541,-1,0.00,344.41,12.48,14.76,0.7663,-1,-1,-1
541,-1,532.92,317.45,21.34,17.81,0.7502,-1,-1,-1
542,-1,402.49,162.23,140.44,146.41,0.9589,-1,-1,-1
542,-1,515.89,242.95,206.20,132.46,0.9576,-1,-1,-1
542,-1,181.91,318.50,174.16,101.96,0.9573,-1,-1,-1
542,-1,14.48,256.97,48.53,53.76,0.9239,-1,-1,-1
542,-1,419.98,99.45,46.16,35.75,0.9220,-1,-1,-1
542,-1,936.90,348.14,60.89,34.32,0.9218,-1,-1,-1
542,-1,46.83,315.14,32.49,26.89,0.9116,-1,-1,-1
542,-1,848.92,323.02,56.48,23.94,0.9014,-1,-1,-1
542,-1,941.03,218.34,33.72,44.83,0.8913,-1,-1,-1
542,-1,868.50,305.73,28.07,17.27,0.8728,-1,-1,-1
542,-1,0.00,344.02,10.59,14.92,0.6310,-1,-1,-1
543,-1,501.89,242.30,207.42,132.97,0.9603,-1,-1,-1
543,-1,167.26,318.29,172.25,101.97,0.9581,-1,-1,-1
543,-1,384.18,161.51,139.44,146.71,0.9576,-1,-1,-1
543,-1,934.36,347.54,60.42,34.33,0.9253,-1,-1,-1
543,-1,404.65,98.82,47.86,36.20,0.9242,-1,-1,-1
543,-1,11.67,256.92,48.04,54.34,0.9215,-1,-1,-1
543,-1,43.75,314.98,32.51,27.25,0.9168,-1,-1,-1
543,-1,846.22,322.64,56.62,23.96,0.9038,-1,-1,-1
543,-1,937.91,217.94,33.95,44.53,0.9015,-1,-1,-1
543,-1,865.42,305.22,28.23,17.62,0.8691,-1,-1,-1
543,-1,0.00,344.02,8.65,14.98,0.3505,-1,-1,-1
544,-1,487.36,241.96,209.34,132.46,0.9675,-1,-1,-1
544,-1,365.28,161.25,139.64,146.77,0.9591,-1,-1,-1
544,-1,152.10,318.09,170.81,102.31,0.9581,-1,-1,-1
544,-1,389.71,98.58,48.16,35.91,0.9261,-1,-1,-1
544,-1,931.90,347.07,59.89,33.84,0.9223,-1,-1,-1
544,-1,7.96,257.04,48.69,54.28,0.9219,-1,-1,-1
544,-1,40.50,315.30,33.12,27.24,0.9151,-1,-1,-1
544,-1,843.68,322.06,55.91,24.10,0.9077,-1,-1,-1
544,-1,934.87,217.11,33.23,44.96,0.9000,-1,-1,-1
544,-1,863.18,304.70,28.24,17.25,0.8782,-1,-1,-1
544,-1,449.60,361.45,23.00,22.64,0.8542,-1,-1,-1
544,-1,450.44,350.20,20.12,13.12,0.6632,-1,-1,-1
545,-1,470.42,241.70,211.83,132.43,0.9683,-1,-1,-1
545,-1,137.52,318.31,168.58,102.26,0.9623,-1,-1,-1
545,-1,346.39,161.14,142.01,146.63,0.9602,-1,-1,-1
545,-1,928.61,346.48,60.12,33.34,0.9242,-1,-1,-1
545,-1,374.75,98.64,47.99,35.15,0.9209,-1,-1,-1
545,-1,4.44,257.11,49.29,54.54,0.9203,-1,-1,-1
545,-1,37.16,315.60,33.23,27.19,0.9127,-1,-1,-1
545,-1,841.15,321.66,55.82,23.91,0.9040,-1,-1,-1
545,-1,433.84,361.68,36.99,23.79,0.8881,-1,-1,-1
545,-1,932.15,216.82,32.56,43.61,0.8794,-1,-1,-1
545,-1,860.32,304.60,28.74,16.96,0.8693,-1,-1,-1
545,-1,442.76,349.97,25.14,14.38,0.6513,-1,-1,-1
546,-1,452.14,241.27,217.60,132.59,0.9698,-1,-1,-1
546,-1,327.68,160.89,140.35,146.85,0.9653,-1,-1,-1
546,-1,122.26,318.40,167.11,101.78,0.9576,-1,-1,-1
546,-1,359.66,98.14,47.64,34.48,0.9270,-1,-1,-1
546,-1,2.49,258.09,48.48,54.45,0.9188,-1,-1,-1
546,-1,925.95,345.72,59.62,33.41,0.9174,-1,-1,-1
546,-1,34.55,316.02,32.87,27.24,0.9135,-1,-1,-1
546,-1,423.12,361.35,44.80,24.13,0.9033,-1,-1,-1
546,-1,838.81,321.22,56.33,23.88,0.9000,-1,-1,-1
546,-1,928.54,216.50,32.76,36.13,0.8839,-1,-1,-1
546,-1,857.48,303.72,28.40,17.36,0.8549,-1,-1,-1
546,-1,440.95,349.82,24.72,14.66,0.5991,-1,-1,-1
547,-1,433.17,241.32,225.64,132.39,0.9709,-1,-1,-1
547,-1,106.67,318.80,165.91,101.36,0.9601,-1,-1,-1
547,-1,308.59,160.87,139.89,146.89,0.9599,-1,-1,-1
547,-1,923.31,345.09,58.98,33.53,0.9197,-1,-1,-1
547,-1,31.36,316.25,32.96,27.47,0.9157,-1,-1,-1
547,-1,0.00,258.52,47.80,54.28,0.9114,-1,-1,-1
547,-1,836.37,320.83,55.53,23.76,0.9060,-1,-1,-1
547,-1,345.22,98.24,46.36,34.27,0.8941,-1,-1,-1
547,-1,420.16,361.52,44.32,23.82,0.8939,-1,-1,-1
547,-1,925.29,215.70,32.46,37.16,0.8607,-1,-1,-1
547,-1,855.38,303.16,28.18,17.56,0.8595,-1,-1,-1
547,-1,437.72,350.00,24.51,13.65,0.7407,-1,-1,-1
548,-1,414.48,241.35,229.20,132.40,0.9716,-1,-1,-1
548,-1,289.45,161.03,141.85,146.88,0.9589,-1,-1,-1
548,-1,91.29,319.15,164.33,101.52,0.9587,-1,-1,-1
548,-1,919.43,344.62,59.63,33.39,0.9176,-1,-1,-1
548,-1,0.00,258.71,44.83,54.36,0.9168,-1,-1,-1
548,-1,28.17,317.05,33.37,27.28,0.9111,-1,-1,-1
548,-1,833.91,320.46,55.52,23.71,0.9011,-1,-1,-1
548,-1,417.06,361.45,45.46,24.17,0.8930,-1,-1,-1
548,-1,333.97,98.31,40.92,32.93,0.8888,-1,-1,-1
548,-1,921.91,215.03,32.72,45.36,0.8835,-1,-1,-1
548,-1,852.22,302.69,28.22,17.97,0.8611,-1,-1,-1
548,-1,434.49,349.83,25.48,14.03,0.7253,-1,-1,-1
549,-1,396.40,240.97,235.04,132.78,0.9759,-1,-1,-1
549,-1,270.20,161.27,142.20,147.06,0.9596,-1,-1,-1
549,-1,75.89,319.68,163.27,101.22,0.9554,-1,-1,-1
549,-1,916.70,344.15,59.13,33.53,0.9178,-1,-1,-1
549,-1,0.00,259.70,41.84,54.34,0.9110,-1,-1,-1
549,-1,25.17,317.57,33.32,27.07,0.9083,-1,-1,-1
549,-1,414.60,361.48,44.95,24.16,0.9030,-1,-1,-1
549,-1,831.19,319.88,56.14,24.02,0.8975,-1,-1,-1
549,-1,918.15,214.46,32.94,43.81,0.8834,-1,-1,-1
549,-1,849.77,302.40,27.65,18.00,0.8588,-1,-1,-1
549,-1,433.24,350.08,24.08,13.81,0.6351,-1,-1,-1
549,-1,272.39,1.49,59.77,92.85,0.5627,-1,-1,-1
549,-1,321.15,98.14,38.11,31.98,0.4334,-1,-1,-1
550,-1,379.00,241.26,238.09,132.64,0.9768,-1,-1,-1
550,-1,250.44,161.54,144.51,147.07,0.9618,-1,-1,-1
550,-1,60.61,320.02,161.80,101.40,0.9561,-1,-1,-1
550,-1,914.03,343.91,58.77,33.14,0.9202,-1,-1,-1
550,-1,22.26,317.88,33.27,27.56,0.9124,-1,-1,-1
550,-1,0.00,260.59,38.94,53.01,0.9113,-1,-1,-1
550,-1,828.87,319.57,55.27,24.01,0.9046,-1,-1,-1
550,-1,411.66,361.82,44.26,24.07,0.8978,-1,-1,-1
550,-1,915.08,214.33,32.77,44.67,0.8931,-1,-1,-1
550,-1,847.35,302.19,27.89,18.12,0.8617,-1,-1,-1
550,-1,256.83,1.21,64.69,92.99,0.8160,-1,-1,-1
550,-1,428.86,350.25,25.28,13.47,0.6784,-1,-1,-1
551,-1,362.03,241.73,242.69,132.09,0.9742,-1,-1,-1
551,-1,231.17,162.18,146.47,147.20,0.9625,-1,-1,-1
551,-1,44.89,320.38,161.12,101.49,0.9563,-1,-1,-1
551,-1,241.09,1.99,67.00,92.60,0.9196,-1,-1,-1
551,-1,910.81,343.61,58.29,33.23,0.9171,-1,-1,-1
551,-1,19.26,318.58,33.16,27.52,0.9144,-1,-1,-1
551,-1,0.00,260.73,36.70,53.75,0.9077,-1,-1,-1
551,-1,826.25,319.51,55.19,23.92,0.9019,-1,-1,-1
551,-1,409.01,361.74,45.09,24.37,0.8961,-1,-1,-1
551,-1,911.71,213.80,32.75,44.53,0.8911,-1,-1,-1
551,-1,844.54,301.79,27.69,18.62,0.8622,-1,-1,-1
551,-1,426.62,350.98,25.95,13.01,0.5854,-1,-1,-1
552,-1,345.78,241.98,247.02,131.92,0.9716,-1,-1,-1
552,-1,212.22,162.47,148.09,147.13,0.9628,-1,-1,-1
552,-1,30.21,320.94,159.42,101.64,0.9561,-1,-1,-1
552,-1,227.57,2.58,69.95,92.52,0.9345,-1,-1,-1
552,-1,907.65,343.47,58.27,33.21,0.9202,-1,-1,-1
552,-1,16.25,319.18,33.58,27.06,0.9124,-1,-1,-1
552,-1,0.00,261.52,33.23,53.99,0.9024,-1,-1,-1
552,-1,406.81,362.25,43.70,23.99,0.9017,-1,-1,-1
552,-1,823.73,319.44,55.28,23.90,0.8996,-1,-1,-1
552,-1,908.06,213.58,32.75,44.86,0.8909,-1,-1,-1
552,-1,841.74,301.80,27.64,18.11,0.8593,-1,-1,-1
552,-1,908.47,297.69,15.52,13.97,0.2562,-1,-1,-1
553,-1,329.96,242.54,249.96,131.69,0.9654,-1,-1,-1
553,-1,192.71,162.84,151.16,147.15,0.9621,-1,-1,-1
553,-1,14.64,321.57,158.51,101.29,0.9567,-1,-1,-1
553,-1,212.46,3.15,73.48,92.68,0.9338,-1,-1,-1
553,-1,905.42,343.59,57.87,33.03,0.9189,-1,-1,-1
553,-1,12.95,319.71,33.45,26.23,0.9145,-1,-1,-1
553,-1,403.93,362.57,44.17,23.83,0.9051,-1,-1,-1
553,-1,821.50,319.33,54.81,24.07,0.9038,-1,-1,-1
553,-1,0.00,262.68,30.87,53.21,0.8920,-1,-1,-1
553,-1,904.92,213.24,32.71,46.01,0.8908,-1,-1,-1
553,-1,839.35,302.07,27.52,17.58,0.8605,-1,-1,-1
554,-1,173.00,163.35,153.79,146.90,0.9688,-1,-1,-1
554,-1,0.33,321.89,156.41,101.31,0.9571,-1,-1,-1
554,-1,313.12,242.96,255.03,131.42,0.9475,-1,-1,-1
554,-1,197.81,4.19,77.66,91.86,0.9391,-1,-1,-1
554,-1,902.54,343.59,56.89,33.11,0.9174,-1,-1,-1
554,-1,818.77,319.75,55.05,23.94,0.9041,-1,-1,-1
554,-1,401.37,362.83,43.22,23.92,0.8976,-1,-1,-1
554,-1,9.63,320.19,32.16,24.72,0.8965,-1,-1,-1
554,-1,0.00,262.42,27.75,52.70,0.8946,-1,-1,-1
554,-1,901.51,213.82,32.53,45.29,0.8911,-1,-1,-1
554,-1,836.55,301.98,27.60,18.23,0.8570,-1,-1,-1
554,-1,902.74,297.46,15.29,14.37,0.4175,-1,-1,-1
555,-1,153.83,164.08,158.01,146.64,0.9638,-1,-1,-1
555,-1,0.19,322.49,139.79,101.04,0.9569,-1,-1,-1
555,-1,297.02,243.23,256.66,131.66,0.9556,-1,-1,-1
555,-1,182.98,4.99,81.57,91.55,0.9468,-1,-1,-1
555,-1,899.57,343.84,57.21,33.03,0.9178,-1,-1,-1
555,-1,816.63,319.81,54.88,24.06,0.9004,-1,-1,-1
555,-1,398.69,364.30,41.00,22.62,0.8999,-1,-1,-1
555,-1,898.40,213.54,32.51,46.35,0.8865,-1,-1,-1
555,-1,0.00,263.17,25.08,53.55,0.8862,-1,-1,-1
555,-1,834.11,302.14,26.90,18.11,0.8566,-1,-1,-1
555,-1,7.04,320.04,31.16,22.63,0.5763,-1,-1,-1
555,-1,0.00,330.18,9.42,18.79,0.3789,-1,-1,-1
556,-1,133.67,164.48,161.70,146.71,0.9652,-1,-1,-1
556,-1,0.00,322.66,123.05,101.54,0.9558,-1,-1,-1
556,-1,280.16,243.65,260.44,132.00,0.9488,-1,-1,-1
556,-1,167.83,5.46,85.42,91.50,0.9421,-1,-1,-1
556,-1,895.89,344.12,57.94,33.03,0.9153,-1,-1,-1
556,-1,814.10,320.13,54.18,23.92,0.8988,-1,-1,-1
556,-1,895.20,213.95,32.71,45.24,0.8924,-1,-1,-1
556,-1,395.74,367.09,40.84,20.27,0.8856,-1,-1,-1
556,-1,0.00,264.06,22.65,53.59,0.8666,-1,-1,-1
556,-1,831.42,302.68,27.51,17.89,0.8554,-1,-1,-1
556,-1,463.77,380.69,15.48,12.45,0.3317,-1,-1,-1
556,-1,896.89,298.32,15.26,13.91,0.3042,-1,-1,-1
557,-1,265.67,243.93,262.76,131.75,0.9711,-1,-1,-1
557,-1,114.15,165.21,164.52,146.36,0.9655,-1,-1,-1
557,-1,0.05,323.14,105.61,101.45,0.9524,-1,-1,-1
557,-1,153.67,5.61,89.10,91.86,0.9413,-1,-1,-1
557,-1,893.53,344.27,56.99,33.12,0.9186,-1,-1,-1
557,-1,811.74,320.18,54.09,24.03,0.9031,-1,-1,-1
557,-1,892.10,213.22,32.08,47.25,0.8915,-1,-1,-1
557,-1,392.85,369.08,41.84,18.66,0.8884,-1,-1,-1
557,-1,828.96,302.44,27.09,18.18,0.8565,-1,-1,-1
557,-1,0.00,266.93,19.63,48.79,0.8425,-1,-1,-1
557,-1,461.74,380.77,15.31,12.75,0.3991,-1,-1,-1
557,-1,894.09,298.16,15.08,14.37,0.3281,-1,-1,-1
558,-1,95.28,165.36,168.31,146.62,0.9647,-1,-1,-1
558,-1,249.91,244.18,265.92,131.78,0.9617,-1,-1,-1
558,-1,0.03,322.97,88.34,101.79,0.9472,-1,-1,-1
558,-1,139.93,6.06,90.93,91.59,0.9460,-1,-1,-1
558,-1,891.03,344.59,56.00,33.14,0.9160,-1,-1,-1
558,-1,808.75,320.88,54.95,23.60,0.9008,-1,-1,-1
558,-1,390.88,371.32,39.12,16.54,0.8942,-1,-1,-1
558,-1,888.97,213.88,32.36,46.20,0.8811,-1,-1,-1
558,-1,826.02,302.45,27.51,18.42,0.8517,-1,-1,-1
558,-1,0.00,265.33,16.92,56.58,0.6550,-1,-1,-1
558,-1,460.33,381.52,14.67,12.14,0.3073,-1,-1,-1
558,-1,890.59,298.45,15.48,14.47,0.2734,-1,-1,-1
559,-1,75.94,165.72,171.96,146.55,0.9646,-1,-1,-1
559,-1,126.24,6.44,92.76,91.67,0.9470,-1,-1,-1
559,-1,234.93,244.26,268.16,131.82,0.9392,-1,-1,-1
559,-1,0.09,323.33,70.47,101.80,0.9391,-1,-1,-1
559,-1,888.18,344.87,55.91,33.22,0.9154,-1,-1,-1
559,-1,806.70,320.82,54.41,24.02,0.9007,-1,-1,-1
559,-1,885.69,214.36,32.23,45.29,0.8751,-1,-1,-1
559,-1,387.82,372.48,40.29,15.58,0.8714,-1,-1,-1
559,-1,823.60,302.96,27.67,18.05,0.8454,-1,-1,-1
559,-1,504.15,319.73,21.08,15.89,0.6853,-1,-1,-1
559,-1,0.00,266.95,14.51,43.70,0.4748,-1,-1,-1
559,-1,0.00,266.90,14.59,45.37,0.3488,-1,-1,-1
559,-1,887.97,298.96,15.50,14.34,0.3031,-1,-1,-1
560,-1,56.35,166.11,176.38,146.33,0.9646,-1,-1,-1
560,-1,112.40,6.77,93.14,90.44,0.9470,-1,-1,-1
560,-1,222.28,244.34,267.64,130.55,0.9356,-1,-1,-1
560,-1,885.23,345.37,56.28,33.07,0.9192,-1,-1,-1
560,-1,0.00,323.38,53.42,101.80,0.9152,-1,-1,-1
560,-1,804.21,321.47,54.28,23.80,0.9042,-1,-1,-1
560,-1,882.42,216.09,32.45,44.62,0.8655,-1,-1,-1
560,-1,821.10,303.32,27.36,18.43,0.8448,-1,-1,-1
560,-1,385.17,373.52,40.32,14.53,0.8385,-1,-1,-1
560,-1,0.03,264.82,12.03,50.78,0.3839,-1,-1,-1
561,-1,37.07,166.27,180.02,146.12,0.9632,-1,-1,-1
561,-1,98.85,6.68,91.63,89.54,0.9462,-1,-1,-1
561,-1,207.15,244.78,271.47,130.03,0.9407,-1,-1,-1
561,-1,883.26,345.93,54.69,32.85,0.9236,-1,-1,-1
561,-1,801.48,321.65,54.57,24.00,0.9032,-1,-1,-1
561,-1,879.17,216.17,32.41,44.09,0.8726,-1,-1,-1
561,-1,818.70,303.78,26.69,19.13,0.8491,-1,-1,-1
561,-1,382.84,372.36,42.09,15.71,0.8378,-1,-1,-1
561,-1,0.00,322.33,36.54,103.06,0.8311,-1,-1,-1
561,-1,0.00,264.16,9.78,42.60,0.3761,-1,-1,-1
561,-1,882.26,299.67,15.58,14.39,0.3045,-1,-1,-1
562,-1,17.65,165.95,185.26,146.40,0.9616,-1,-1,-1
562,-1,85.89,6.54,90.44,88.35,0.9432,-1,-1,-1
562,-1,194.20,244.80,272.36,131.21,0.9376,-1,-1,-1
562,-1,879.95,346.37,55.03,32.91,0.9191,-1,-1,-1
562,-1,799.43,322.03,54.28,24.08,0.9035,-1,-1,-1
562,-1,876.38,216.76,32.28,44.48,0.8861,-1,-1,-1
562,-1,379.94,371.18,40.64,16.82,0.8588,-1,-1,-1
562,-1,816.15,304.24,27.55,19.26,0.8340,-1,-1,-1
562,-1,501.81,320.17,19.10,16.50,0.5572,-1,-1,-1
562,-1,0.00,321.67,19.60,104.69,0.5389,-1,-1,-1
562,-1,454.01,381.64,14.99,12.29,0.3692,-1,-1,-1
562,-1,0.00,321.36,19.22,103.75,0.3251,-1,-1,-1
563,-1,0.12,165.86,188.05,146.18,0.9606,-1,-1,-1
563,-1,72.03,6.13,90.52,86.80,0.9441,-1,-1,-1
563,-1,178.00,244.68,274.61,131.36,0.9398,-1,-1,-1
563,-1,877.15,346.89,54.85,33.10,0.9206,-1,-1,-1
563,-1,797.45,322.73,53.40,23.69,0.9076,-1,-1,-1
563,-1,873.48,217.63,32.32,44.36,0.8875,-1,-1,-1
563,-1,377.68,368.11,43.15,19.59,0.8753,-1,-1,-1
563,-1,813.76,305.07,26.64,18.90,0.8663,-1,-1,-1
563,-1,415.05,279.98,19.63,15.98,0.8035,-1,-1,-1
563,-1,876.62,300.90,16.08,14.42,0.3341,-1,-1,-1
564,-1,0.00,165.72,174.30,145.85,0.9615,-1,-1,-1
564,-1,59.07,5.68,88.89,85.67,0.9400,-1,-1,-1
564,-1,163.25,244.04,277.90,132.17,0.9374,-1,-1,-1
564,-1,874.77,347.28,54.33,33.22,0.9239,-1,-1,-1
564,-1,795.26,323.05,53.16,23.80,0.9040,-1,-1,-1
564,-1,870.52,217.41,31.84,45.09,0.8903,-1,-1,-1
564,-1,375.01,365.26,43.13,22.29,0.8877,-1,-1,-1
564,-1,811.77,305.31,26.12,19.11,0.8659,-1,-1,-1
564,-1,407.88,279.60,24.76,15.75,0.8577,-1,-1,-1
564,-1,495.58,320.05,22.63,16.47,0.7045,-1,-1,-1
564,-1,873.65,301.11,15.94,14.37,0.2812,-1,-1,-1
565,-1,0.00,165.37,159.47,145.44,0.9585,-1,-1,-1
565,-1,45.86,5.41,87.97,82.39,0.9415,-1,-1,-1
565,-1,148.11,244.34,281.03,131.29,0.9407,-1,-1,-1
565,-1,872.10,347.76,53.92,33.39,0.9313,-1,-1,-1
565,-1,372.27,364.18,43.49,23.13,0.9000,-1,-1,-1
565,-1,792.88,323.41,53.18,23.73,0.8974,-1,-1,-1
565,-1,867.46,218.39,32.34,43.85,0.8909,-1,-1,-1
565,-1,405.21,279.25,24.41,16.18,0.8633,-1,-1,-1
565,-1,808.61,305.61,27.06,19.36,0.8547,-1,-1,-1
565,-1,496.62,318.80,20.29,17.89,0.3785,-1,-1,-1
566,-1,0.07,164.35,144.62,145.85,0.9577,-1,-1,-1
566,-1,133.69,243.81,283.77,132.00,0.9388,-1,-1,-1
566,-1,869.48,348.12,53.34,33.33,0.9341,-1,-1,-1
566,-1,32.36,5.00,86.52,82.76,0.9217,-1,-1,-1
566,-1,790.47,323.50,53.66,23.79,0.9017,-1,-1,-1
566,-1,369.74,363.45,44.13,23.42,0.9013,-1,-1,-1
566,-1,864.60,218.71,32.23,44.99,0.8933,-1,-1,-1
566,-1,403.02,279.01,23.91,15.98,0.8648,-1,-1,-1
566,-1,806.64,306.03,26.18,18.91,0.8634,-1,-1,-1
566,-1,389.16,293.77,22.12,26.14,0.7406,-1,-1,-1
567,-1,0.10,163.37,130.14,146.21,0.9542,-1,-1,-1
567,-1,118.89,243.58,286.15,131.76,0.9460,-1,-1,-1
567,-1,866.53,348.36,53.47,33.34,0.9263,-1,-1,-1
567,-1,788.24,323.59,53.39,23.84,0.9013,-1,-1,-1
567,-1,367.36,363.21,42.97,23.37,0.8998,-1,-1,-1
567,-1,861.81,218.60,31.86,44.80,0.8892,-1,-1,-1
567,-1,804.34,306.34,26.15,18.69,0.8597,-1,-1,-1
567,-1,19.39,3.92,84.64,80.20,0.8060,-1,-1,-1
567,-1,491.30,319.48,22.52,16.91,0.7740,-1,-1,-1
567,-1,400.56,278.91,23.56,16.16,0.7602,-1,-1,-1
567,-1,19.46,3.79,84.44,80.41,0.7425,-1,-1,-1
567,-1,385.62,292.85,22.73,27.69,0.6793,-1,-1,-1
567,-1,385.52,352.13,23.30,14.11,0.4073,-1,-1,-1
567,-1,385.41,352.21,22.80,13.82,0.3770,-1,-1,-1
567,-1,865.47,302.20,16.15,14.29,0.3396,-1,-1,-1
567,-1,400.28,279.00,36.40,16.18,0.2786,-1,-1,-1
568,-1,0.08,161.26,115.73,147.41,0.9518,-1,-1,-1
568,-1,104.25,242.72,286.87,132.37,0.9431,-1,-1,-1
568,-1,863.72,348.53,52.94,33.23,0.9275,-1,-1,-1
568,-1,364.73,363.01,43.54,23.25,0.9229,-1,-1,-1
568,-1,785.75,323.71,53.36,23.87,0.9037,-1,-1,-1
568,-1,859.05,218.76,32.13,44.67,0.8970,-1,-1,-1
568,-1,802.17,306.30,25.80,18.29,0.8577,-1,-1,-1
568,-1,397.75,278.66,24.27,15.74,0.7895,-1,-1,-1
568,-1,5.24,3.28,83.98,79.35,0.7553,-1,-1,-1
568,-1,383.76,292.58,22.58,27.68,0.6589,-1,-1,-1
568,-1,5.32,2.90,83.70,79.68,0.5139,-1,-1,-1
568,-1,383.86,351.71,22.55,13.31,0.3973,-1,-1,-1
568,-1,491.22,319.49,20.60,16.31,0.3311,-1,-1,-1
568,-1,397.72,278.71,36.11,15.82,0.3137,-1,-1,-1
569,-1,89.20,242.07,290.86,132.27,0.9466,-1,-1,-1
569,-1,0.00,159.82,100.99,152.48,0.9321,-1,-1,-1
569,-1,860.94,348.60,52.47,33.39,0.9206,-1,-1,-1
569,-1,783.69,323.89,52.75,23.60,0.9038,-1,-1,-1
569,-1,856.23,218.90,31.83,44.23,0.9006,-1,-1,-1
569,-1,361.43,362.54,44.31,23.48,0.8966,-1,-1,-1
569,-1,799.69,306.15,25.22,18.87,0.8627,-1,-1,-1
569,-1,395.23,278.10,23.82,16.10,0.8447,-1,-1,-1
569,-1,380.36,292.20,23.00,26.65,0.6147,-1,-1,-1
569,-1,0.00,2.00,73.27,78.97,0.6127,-1,-1,-1
569,-1,380.27,351.20,23.37,14.12,0.5187,-1,-1,-1
569,-1,488.48,319.43,21.73,16.39,0.2769,-1,-1,-1
570,-1,73.51,241.09,293.21,132.33,0.9515,-1,-1,-1
570,-1,0.00,166.21,86.47,135.80,0.9408,-1,-1,-1
570,-1,858.06,348.56,52.83,33.39,0.9266,-1,-1,-1
570,-1,781.48,323.74,52.82,23.77,0.9055,-1,-1,-1
570,-1,359.11,362.23,43.58,23.38,0.8976,-1,-1,-1
570,-1,853.09,218.67,31.91,44.47,0.8921,-1,-1,-1
570,-1,796.87,305.95,26.11,18.94,0.8601,-1,-1,-1
570,-1,0.00,0.74,57.12,76.45,0.7672,-1,-1,-1
570,-1,392.70,277.93,36.10,15.75,0.7553,-1,-1,-1
570,-1,378.00,291.69,22.87,27.08,0.6943,-1,-1,-1
570,-1,488.47,319.45,20.15,16.29,0.6636,-1,-1,-1
570,-1,117.78,102.79,29.79,31.48,0.6545,-1,-1,-1
570,-1,378.81,350.60,21.64,13.97,0.5601,-1,-1,-1
570,-1,857.23,302.58,16.23,14.00,0.4170,-1,-1,-1
571,-1,58.26,240.81,295.42,132.72,0.9469,-1,-1,-1
571,-1,855.41,348.55,52.32,33.25,0.9264,-1,-1,-1
571,-1,778.70,323.64,52.86,23.70,0.9025,-1,-1,-1
571,-1,356.64,362.04,43.42,23.24,0.8965,-1,-1,-1
571,-1,850.28,218.63,32.21,44.93,0.8895,-1,-1,-1
571,-1,0.00,158.24,71.31,146.00,0.8768,-1,-1,-1
571,-1,793.92,305.88,26.41,19.34,0.8606,-1,-1,-1
571,-1,375.35,291.53,23.46,26.78,0.8510,-1,-1,-1
571,-1,102.41,101.13,32.01,32.37,0.8303,-1,-1,-1
571,-1,0.02,0.44,41.46,75.06,0.7471,-1,-1,-1
571,-1,390.25,277.85,24.97,15.60,0.7313,-1,-1,-1
571,-1,485.22,318.51,21.60,16.83,0.7057,-1,-1,-1
571,-1,376.90,350.46,20.16,13.64,0.6259,-1,-1,-1
571,-1,389.86,277.92,37.53,15.57,0.5218,-1,-1,-1
572,-1,58.99,240.54,283.37,132.47,0.9468,-1,-1,-1
572,-1,852.36,348.21,51.96,33.28,0.9228,-1,-1,-1
572,-1,87.30,100.36,36.17,32.90,0.9022,-1,-1,-1
572,-1,776.01,323.47,53.37,23.54,0.8989,-1,-1,-1
572,-1,353.44,361.62,43.99,23.57,0.8981,-1,-1,-1
572,-1,847.36,218.55,31.55,44.56,0.8893,-1,-1,-1
572,-1,791.13,305.46,26.67,19.24,0.8683,-1,-1,-1
572,-1,0.00,167.49,55.66,136.19,0.8409,-1,-1,-1
572,-1,371.72,291.17,24.50,26.94,0.8307,-1,-1,-1
572,-1,388.08,277.60,22.38,15.53,0.7702,-1,-1,-1
572,-1,484.08,318.04,21.50,17.13,0.5762,-1,-1,-1
572,-1,373.26,350.35,20.48,13.13,0.5188,-1,-1,-1
573,-1,27.65,240.45,300.09,132.58,0.9490,-1,-1,-1
573,-1,849.72,347.62,51.58,33.10,0.9305,-1,-1,-1
573,-1,773.95,323.04,53.02,23.38,0.9113,-1,-1,-1
573,-1,350.86,361.45,43.74,23.54,0.9014,-1,-1,-1
573,-1,844.02,217.77,31.73,44.60,0.8900,-1,-1,-1
573,-1,789.79,305.11,25.61,18.48,0.8622,-1,-1,-1
573,-1,72.29,99.50,38.81,33.82,0.8559,-1,-1,-1
573,-1,0.07,190.38,40.21,108.65,0.8262,-1,-1,-1
573,-1,385.08,277.38,22.82,15.53,0.7745,-1,-1,-1
573,-1,368.55,290.43,25.11,28.11,0.7471,-1,-1,-1
573,-1,482.73,318.26,21.38,16.74,0.5607,-1,-1,-1
573,-1,384.89,277.53,35.42,15.46,0.3291,-1,-1,-1
573,-1,370.61,350.39,20.68,13.79,0.3108,-1,-1,-1
573,-1,848.65,301.38,16.30,14.24,0.2639,-1,-1,-1
574,-1,9.54,240.46,305.97,132.47,0.9557,-1,-1,-1
574,-1,847.00,347.25,51.39,33.06,0.9209,-1,-1,-1
574,-1,56.80,98.39,43.11,34.77,0.9157,-1,-1,-1
574,-1,771.33,322.30,52.69,23.83,0.9018,-1,-1,-1
574,-1,347.90,361.38,44.16,23.50,0.8989,-1,-1,-1
574,-1,840.66,217.38,31.92,44.86,0.8873,-1,-1,-1
574,-1,786.88,304.46,25.61,18.88,0.8435,-1,-1,-1
574,-1,365.76,290.32,25.12,27.98,0.7734,-1,-1,-1
574,-1,382.07,277.29,32.15,15.72,0.7344,-1,-1,-1
574,-1,482.25,317.66,20.35,17.51,0.5320,-1,-1,-1
574,-1,365.51,350.39,24.16,14.12,0.4642,-1,-1,-1
574,-1,0.00,188.06,24.98,66.98,0.4253,-1,-1,-1
574,-1,845.67,300.64,16.35,14.75,0.3341,-1,-1,-1
575,-1,1.59,240.44,301.27,132.55,0.9529,-1,-1,-1
575,-1,41.01,98.22,46.27,34.84,0.9291,-1,-1,-1
575,-1,844.35,346.50,51.28,33.20,0.9206,-1,-1,-1
575,-1,768.83,321.85,52.65,23.87,0.9089,-1,-1,-1
575,-1,837.63,216.87,31.42,44.62,0.9044,-1,-1,-1
575,-1,345.97,361.30,43.06,23.64,0.9001,-1,-1,-1
575,-1,783.25,303.99,27.10,17.74,0.8370,-1,-1,-1
575,-1,379.63,277.08,32.76,15.70,0.7788,-1,-1,-1
575,-1,362.72,290.67,25.55,26.94,0.7516,-1,-1,-1
575,-1,364.51,349.96,21.54,13.76,0.5681,-1,-1,-1
575,-1,479.84,318.06,19.81,15.35,0.4801,-1,-1,-1
575,-1,842.42,300.25,16.47,14.46,0.3852,-1,-1,-1
576,-1,0.00,240.41,289.43,132.98,0.9492,-1,-1,-1
576,-1,841.41,346.16,50.35,33.10,0.9191,-1,-1,-1
576,-1,25.91,96.80,49.54,35.96,0.9126,-1,-1,-1
576,-1,766.16,321.69,52.47,23.57,0.9039,-1,-1,-1
576,-1,343.12,361.19,42.62,23.64,0.8982,-1,-1,-1
576,-1,834.13,216.52,31.45,43.73,0.8841,-1,-1,-1
576,-1,780.72,303.36,27.00,18.84,0.8566,-1,-1,-1
576,-1,360.28,290.20,24.30,27.39,0.8000,-1,-1,-1
576,-1,376.29,277.09,34.37,15.49,0.7090,-1,-1,-1
576,-1,362.10,350.16,22.76,15.14,0.3815,-1,-1,-1
576,-1,839.35,299.57,16.68,14.39,0.3294,-1,-1,-1
576,-1,478.50,317.21,20.90,17.31,0.2728,-1,-1,-1
577,-1,0.00,240.37,277.19,132.90,0.9512,-1,-1,-1
577,-1,838.35,345.63,50.20,32.98,0.9153,-1,-1,-1
577,-1,9.91,98.37,52.46,34.65,0.9097,-1,-1,-1
577,-1,764.15,321.23,52.03,23.71,0.9019,-1,-1,-1
577,-1,340.19,361.28,42.93,23.60,0.8947,-1,-1,-1
577,-1,830.56,215.60,31.77,43.56,0.8847,-1,-1,-1
577,-1,779.22,303.02,25.27,19.05,0.8610,-1,-1,-1
577,-1,356.00,290.02,26.32,28.09,0.8337,-1,-1,-1
577,-1,373.69,276.88,35.61,15.79,0.7131,-1,-1,-1
577,-1,373.76,276.99,24.55,15.45,0.6452,-1,-1,-1
577,-1,476.07,318.02,21.36,15.90,0.4907,-1,-1,-1
577,-1,360.06,350.42,21.13,14.08,0.4701,-1,-1,-1
577,-1,836.69,299.37,16.42,14.57,0.3915,-1,-1,-1
578,-1,0.00,240.86,263.10,132.90,0.9449,-1,-1,-1
578,-1,836.28,345.09,49.44,33.24,0.9223,-1,-1,-1
578,-1,0.02,98.51,50.53,34.86,0.9215,-1,-1,-1
578,-1,761.30,320.59,52.11,23.92,0.9052,-1,-1,-1
578,-1,337.42,361.36,43.89,23.75,0.8987,-1,-1,-1
578,-1,827.62,215.54,30.82,36.75,0.8562,-1,-1,-1
578,-1,775.61,302.53,25.87,17.98,0.8546,-1,-1,-1
578,-1,353.02,290.33,27.19,27.56,0.8088,-1,-1,-1
578,-1,371.30,276.94,23.71,15.69,0.7547,-1,-1,-1
578,-1,833.36,298.62,16.66,14.75,0.6602,-1,-1,-1
578,-1,356.57,350.25,20.14,13.10,0.5308,-1,-1,-1
578,-1,370.91,277.09,35.16,15.65,0.3474,-1,-1,-1
579,-1,0.00,241.20,251.43,133.26,0.9423,-1,-1,-1
579,-1,833.05,344.76,49.91,33.09,0.9193,-1,-1,-1
579,-1,0.15,99.80,37.88,34.07,0.9144,-1,-1,-1
579,-1,758.68,320.34,52.11,23.84,0.9030,-1,-1,-1
579,-1,334.60,361.68,44.16,23.55,0.9015,-1,-1,-1
579,-1,824.07,214.88,31.41,44.59,0.8922,-1,-1,-1
579,-1,773.50,302.18,25.15,18.38,0.8524,-1,-1,-1
579,-1,368.30,277.18,20.93,15.73,0.7625,-1,-1,-1
579,-1,350.23,290.39,26.54,28.33,0.6467,-1,-1,-1
579,-1,830.24,298.70,16.54,14.28,0.6119,-1,-1,-1
579,-1,472.01,317.49,21.89,17.72,0.5677,-1,-1,-1
580,-1,0.00,241.70,237.29,133.03,0.9602,-1,-1,-1
580,-1,829.47,344.26,49.71,33.33,0.9185,-1,-1,-1
580,-1,756.39,320.15,51.94,23.77,0.9036,-1,-1,-1
580,-1,332.13,361.93,42.82,23.54,0.8981,-1,-1,-1
580,-1,820.56,214.93,31.33,44.50,0.8752,-1,-1,-1
580,-1,770.85,302.06,25.14,18.81,0.8579,-1,-1,-1
580,-1,0.05,99.88,25.81,36.54,0.8137,-1,-1,-1
580,-1,365.78,277.47,32.31,15.81,0.7464,-1,-1,-1
580,-1,827.54,298.30,16.39,14.12,0.6654,-1,-1,-1
580,-1,346.61,290.31,27.61,28.46,0.5773,-1,-1,-1
580,-1,352.08,350.99,20.50,13.32,0.4655,-1,-1,-1
581,-1,0.00,242.24,224.98,132.64,0.9676,-1,-1,-1
581,-1,826.84,344.16,49.30,33.18,0.9210,-1,-1,-1
581,-1,329.21,361.91,43.38,24.03,0.9039,-1,-1,-1
581,-1,753.67,319.86,52.06,23.94,0.9008,-1,-1,-1
581,-1,817.12,214.62,31.49,43.24,0.8787,-1,-1,-1
581,-1,343.72,290.51,28.14,28.03,0.8673,-1,-1,-1
581,-1,768.12,301.83,25.09,18.73,0.8524,-1,-1,-1
581,-1,363.31,277.62,20.10,15.85,0.8239,-1,-1,-1
581,-1,824.11,298.00,16.92,13.88,0.6603,-1,-1,-1
581,-1,0.00,103.78,14.07,28.51,0.4271,-1,-1,-1
581,-1,348.78,350.76,21.14,13.18,0.2924,-1,-1,-1
581,-1,468.69,318.28,18.94,14.05,0.2901,-1,-1,-1
582,-1,0.02,243.06,211.82,132.66,0.9592,-1,-1,-1
582,-1,824.25,344.05,48.73,33.09,0.9135,-1,-1,-1
582,-1,751.21,319.88,51.68,23.78,0.8990,-1,-1,-1
582,-1,326.48,362.43,43.34,23.73,0.8982,-1,-1,-1
582,-1,813.66,214.19,31.42,44.32,0.8796,-1,-1,-1
582,-1,340.81,290.83,28.02,28.44,0.8578,-1,-1,-1
582,-1,765.44,301.73,24.48,18.84,0.8520,-1,-1,-1
582,-1,360.15,278.18,20.61,15.40,0.7401,-1,-1,-1
582,-1,821.26,298.03,16.59,13.90,0.6521,-1,-1,-1
582,-1,468.49,318.56,20.49,16.64,0.4724,-1,-1,-1
582,-1,346.90,351.07,20.00,14.12,0.3310,-1,-1,-1
582,-1,359.76,278.22,33.31,15.35,0.2913,-1,-1,-1
583,-1,0.00,242.93,199.63,133.20,0.9559,-1,-1,-1
583,-1,820.51,343.95,49.09,33.21,0.9189,-1,-1,-1
583,-1,323.85,362.60,43.06,23.80,0.9186,-1,-1,-1
583,-1,748.81,319.90,51.81,23.83,0.9049,-1,-1,-1
583,-1,810.51,213.69,31.45,45.62,0.8876,-1,-1,-1
583,-1,763.21,301.89,24.28,19.28,0.8490,-1,-1,-1
583,-1,358.61,278.52,18.56,15.15,0.8059,-1,-1,-1
583,-1,337.37,290.85,29.25,28.09,0.5003,-1,-1,-1
583,-1,818.56,297.86,16.10,14.37,0.4991,-1,-1,-1
583,-1,344.89,351.46,20.94,14.36,0.4522,-1,-1,-1
583,-1,465.43,318.32,21.91,15.66,0.3094,-1,-1,-1
584,-1,0.00,244.37,185.94,132.19,0.9565,-1,-1,-1
584,-1,818.04,344.17,48.69,32.91,0.9171,-1,-1,-1
584,-1,746.12,319.89,51.62,23.95,0.9046,-1,-1,-1
584,-1,320.76,362.77,43.56,23.93,0.9012,-1,-1,-1
584,-1,807.36,213.82,30.84,44.08,0.8859,-1,-1,-1
584,-1,759.38,301.82,25.24,20.80,0.8234,-1,-1,-1
584,-1,334.80,291.15,29.58,28.69,0.7839,-1,-1,-1
584,-1,355.18,278.64,18.91,15.60,0.7339,-1,-1,-1
584,-1,815.44,297.84,16.57,14.22,0.5631,-1,-1,-1
584,-1,340.93,351.32,21.52,14.78,0.3042,-1,-1,-1
584,-1,464.95,318.40,19.33,15.71,0.2913,-1,-1,-1
585,-1,0.17,246.40,173.34,130.24,0.9570,-1,-1,-1
585,-1,815.54,344.12,48.15,33.14,0.9146,-1,-1,-1
585,-1,318.15,363.17,43.16,23.88,0.9073,-1,-1,-1
585,-1,743.87,319.99,51.25,23.92,0.9014,-1,-1,-1
585,-1,804.43,214.47,30.50,45.27,0.8721,-1,-1,-1
585,-1,755.89,302.06,25.90,20.56,0.8379,-1,-1,-1
585,-1,332.92,292.22,28.17,28.02,0.7384,-1,-1,-1
585,-1,351.82,278.84,19.01,15.54,0.7326,-1,-1,-1
585,-1,812.68,298.14,16.50,14.28,0.5857,-1,-1,-1
585,-1,0.00,210.83,6.26,30.41,0.3137,-1,-1,-1
585,-1,352.04,278.99,30.58,15.61,0.3057,-1,-1,-1
585,-1,338.85,352.31,19.82,14.17,0.2610,-1,-1,-1
585,-1,338.94,352.19,21.01,13.76,0.2513,-1,-1,-1
586,-1,0.21,247.76,161.50,129.38,0.9539,-1,-1,-1
586,-1,811.91,344.28,48.69,33.44,0.9209,-1,-1,-1
586,-1,741.12,320.38,51.90,23.65,0.9046,-1,-1,-1
586,-1,315.53,363.34,42.43,24.13,0.8991,-1,-1,-1
586,-1,800.77,214.54,31.31,46.36,0.8912,-1,-1,-1
586,-1,754.88,302.66,24.75,19.45,0.8498,-1,-1,-1
586,-1,329.60,292.34,29.33,28.19,0.8427,-1,-1,-1
586,-1,349.80,279.20,32.13,15.79,0.7798,-1,-1,-1
586,-1,809.43,298.24,17.44,13.87,0.6781,-1,-1,-1
586,-1,460.46,319.04,23.14,16.39,0.5748,-1,-1,-1
586,-1,336.13,352.39,20.43,14.60,0.3066,-1,-1,-1
586,-1,336.43,352.38,20.83,14.42,0.2956,-1,-1,-1
587,-1,0.00,248.36,149.30,129.32,0.9492,-1,-1,-1
587,-1,809.72,344.64,48.09,33.20,0.9156,-1,-1,-1
587,-1,313.09,363.60,42.07,24.19,0.9096,-1,-1,-1
587,-1,738.87,320.59,50.88,23.61,0.9032,-1,-1,-1
587,-1,797.59,215.13,31.11,45.06,0.8838,-1,-1,-1
587,-1,326.47,292.26,30.03,28.50,0.8740,-1,-1,-1
587,-1,752.78,302.81,23.76,18.98,0.8476,-1,-1,-1
587,-1,347.04,279.34,32.35,15.28,0.7767,-1,-1,-1
587,-1,333.08,352.89,21.60,15.92,0.4951,-1,-1,-1
587,-1,806.84,297.72,16.85,15.18,0.4613,-1,-1,-1
588,-1,0.00,251.06,136.78,127.04,0.9431,-1,-1,-1
588,-1,807.07,344.80,47.13,33.17,0.9185,-1,-1,-1
588,-1,310.41,364.09,42.53,23.76,0.9043,-1,-1,-1
588,-1,736.75,320.75,50.60,23.75,0.9027,-1,-1,-1
588,-1,794.45,215.22,30.65,45.16,0.8808,-1,-1,-1
588,-1,323.36,292.58,30.69,28.48,0.8606,-1,-1,-1
588,-1,749.70,303.12,24.46,18.11,0.8502,-1,-1,-1
588,-1,343.89,279.81,32.93,14.92,0.6573,-1,-1,-1
588,-1,803.78,298.12,16.33,14.96,0.5488,-1,-1,-1
588,-1,330.12,352.81,20.57,13.76,0.3415,-1,-1,-1
589,-1,0.00,255.04,124.19,123.26,0.9353,-1,-1,-1
589,-1,804.54,345.05,46.68,33.13,0.9187,-1,-1,-1
589,-1,307.87,364.14,42.21,23.90,0.9021,-1,-1,-1
589,-1,734.27,321.20,50.62,23.73,0.9006,-1,-1,-1
589,-1,791.16,215.90,30.93,44.06,0.8900,-1,-1,-1
589,-1,320.06,292.71,32.14,28.91,0.8883,-1,-1,-1
589,-1,746.74,303.39,25.00,18.51,0.8569,-1,-1,-1
589,-1,341.70,280.06,32.30,15.10,0.7677,-1,-1,-1
589,-1,800.67,298.54,16.46,14.88,0.5158,-1,-1,-1
589,-1,328.42,353.30,20.12,13.72,0.3756,-1,-1,-1
590,-1,0.00,262.43,112.21,116.17,0.9334,-1,-1,-1
590,-1,802.20,345.28,45.55,33.12,0.9216,-1,-1,-1
590,-1,731.68,321.21,50.85,23.99,0.9052,-1,-1,-1
590,-1,305.10,364.51,42.45,23.76,0.9021,-1,-1,-1
590,-1,744.82,303.76,23.99,17.56,0.8538,-1,-1,-1
590,-1,787.86,216.03,30.82,42.26,0.8520,-1,-1,-1
590,-1,317.49,293.14,31.56,28.33,0.8217,-1,-1,-1
590,-1,797.62,299.22,16.89,14.53,0.5795,-1,-1,-1
590,-1,338.65,280.08,27.72,14.72,0.5191,-1,-1,-1
590,-1,326.12,353.48,19.35,13.90,0.4387,-1,-1,-1
590,-1,338.54,280.12,18.94,14.88,0.4341,-1,-1,-1
591,-1,799.07,345.90,45.64,32.97,0.9190,-1,-1,-1
591,-1,0.06,263.98,99.15,114.92,0.9184,-1,-1,-1
591,-1,729.17,321.61,51.03,23.88,0.9059,-1,-1,-1
591,-1,302.50,364.51,41.74,23.75,0.9024,-1,-1,-1
591,-1,784.13,216.64,31.88,44.63,0.8925,-1,-1,-1
591,-1,742.41,304.27,23.70,17.09,0.8531,-1,-1,-1
591,-1,314.76,293.29,31.76,28.12,0.6518,-1,-1,-1
591,-1,322.44,353.69,20.25,14.70,0.6208,-1,-1,-1
591,-1,336.34,280.22,33.08,15.57,0.4796,-1,-1,-1
591,-1,795.07,299.78,16.94,14.21,0.4120,-1,-1,-1
591,-1,336.41,280.28,20.25,15.00,0.3340,-1,-1,-1
592,-1,796.29,346.27,45.85,32.98,0.9161,-1,-1,-1
592,-1,726.55,322.29,50.84,23.66,0.9037,-1,-1,-1
592,-1,781.23,216.86,31.57,44.35,0.9024,-1,-1,-1
592,-1,299.56,364.40,42.14,23.85,0.9005,-1,-1,-1
592,-1,311.37,292.78,32.85,28.35,0.8875,-1,-1,-1
592,-1,740.15,304.70,23.51,17.58,0.8707,-1,-1,-1
592,-1,0.05,258.18,87.79,122.82,0.8663,-1,-1,-1
592,-1,334.27,280.28,31.89,15.18,0.7130,-1,-1,-1
592,-1,320.52,353.56,19.70,13.17,0.5066,-1,-1,-1
592,-1,792.29,300.10,16.47,13.94,0.2914,-1,-1,-1
593,-1,794.03,346.70,45.07,32.95,0.9239,-1,-1,-1
593,-1,297.26,364.58,41.50,23.48,0.9100,-1,-1,-1
593,-1,724.06,322.51,51.12,23.66,0.9038,-1,-1,-1
593,-1,778.67,216.94,31.07,45.55,0.8900,-1,-1,-1
593,-1,308.66,293.01,32.50,28.32,0.8829,-1,-1,-1
593,-1,735.95,304.99,24.97,17.74,0.8622,-1,-1,-1
593,-1,0.00,262.11,75.15,117.08,0.7904,-1,-1,-1
593,-1,331.21,279.86,33.66,16.40,0.7291,-1,-1,-1
593,-1,318.37,353.65,19.60,14.13,0.4497,-1,-1,-1
593,-1,789.35,299.75,17.03,15.10,0.3147,-1,-1,-1
594,-1,790.71,347.09,45.18,33.00,0.9183,-1,-1,-1
594,-1,721.74,322.71,51.08,23.65,0.9062,-1,-1,-1
594,-1,294.49,364.33,42.46,23.71,0.9050,-1,-1,-1
594,-1,776.05,217.40,30.92,44.90,0.9011,-1,-1,-1
594,-1,734.46,305.15,24.12,18.26,0.8623,-1,-1,-1
594,-1,306.86,292.84,32.51,28.29,0.8213,-1,-1,-1
594,-1,0.00,254.71,63.05,119.95,0.7498,-1,-1,-1
594,-1,314.91,353.51,19.78,13.21,0.5742,-1,-1,-1
594,-1,786.50,300.82,17.34,14.42,0.4059,-1,-1,-1
594,-1,329.26,280.11,16.08,15.52,0.3671,-1,-1,-1
595,-1,788.04,347.39,44.98,33.05,0.9202,-1,-1,-1
595,-1,719.44,323.32,51.23,23.38,0.9073,-1,-1,-1
595,-1,292.03,363.94,42.17,23.87,0.9053,-1,-1,-1
595,-1,773.11,218.05,30.79,44.48,0.8915,-1,-1,-1
595,-1,732.73,305.64,23.23,18.08,0.8741,-1,-1,-1
595,-1,326.73,279.53,31.66,16.40,0.6892,-1,-1,-1
595,-1,0.00,268.48,50.63,105.83,0.6631,-1,-1,-1
595,-1,783.41,301.32,16.99,14.16,0.4661,-1,-1,-1
595,-1,303.59,292.82,33.24,28.38,0.3552,-1,-1,-1
595,-1,312.70,353.33,18.62,13.17,0.3367,-1,-1,-1
595,-1,303.46,292.90,33.48,28.19,0.2952,-1,-1,-1
596,-1,785.68,347.61,43.84,32.91,0.9213,-1,-1,-1
596,-1,288.90,363.70,42.77,23.90,0.9098,-1,-1,-1
596,-1,716.95,323.53,50.73,23.36,0.9063,-1,-1,-1
596,-1,770.35,218.12,30.56,45.09,0.8991,-1,-1,-1
596,-1,730.62,305.94,22.36,17.45,0.8709,-1,-1,-1
596,-1,300.45,292.18,34.64,28.61,0.8500,-1,-1,-1
596,-1,323.99,279.36,32.50,15.86,0.5393,-1,-1,-1
596,-1,781.16,301.35,17.51,14.40,0.5362,-1,-1,-1
596,-1,0.00,272.10,38.69,96.32,0.5022,-1,-1,-1
596,-1,0.04,270.55,38.53,97.97,0.3626,-1,-1,-1
596,-1,310.36,352.91,19.56,14.00,0.3587,-1,-1,-1
597,-1,782.12,347.89,44.60,33.07,0.9220,-1,-1,-1
597,-1,286.26,363.41,42.09,23.56,0.9067,-1,-1,-1
597,-1,714.57,323.56,50.89,23.53,0.9059,-1,-1,-1
597,-1,767.03,218.53,30.81,44.41,0.8983,-1,-1,-1
597,-1,728.06,305.88,22.96,17.56,0.8684,-1,-1,-1
597,-1,298.46,291.98,34.94,28.99,0.7662,-1,-1,-1
597,-1,0.02,286.44,26.42,73.08,0.6386,-1,-1,-1
597,-1,778.30,301.27,17.49,14.56,0.4857,-1,-1,-1
598,-1,779.53,348.08,44.37,33.22,0.9215,-1,-1,-1
598,-1,283.81,363.12,42.06,23.51,0.9064,-1,-1,-1
598,-1,712.70,323.61,50.66,23.47,0.9034,-1,-1,-1
598,-1,764.19,218.60,30.85,45.31,0.8880,-1,-1,-1
598,-1,725.65,306.04,22.50,16.57,0.8728,-1,-1,-1
598,-1,294.76,291.32,35.21,27.99,0.6191,-1,-1,-1
598,-1,0.00,308.43,14.03,43.94,0.5921,-1,-1,-1
598,-1,319.65,278.91,28.78,15.55,0.3555,-1,-1,-1
598,-1,775.72,301.78,16.81,14.11,0.3355,-1,-1,-1
599,-1,776.58,348.11,44.41,33.17,0.9237,-1,-1,-1
599,-1,292.65,290.95,34.61,28.58,0.9056,-1,-1,-1
599,-1,281.34,362.58,42.56,23.57,0.9009,-1,-1,-1
599,-1,709.85,323.70,51.01,23.41,0.8995,-1,-1,-1
599,-1,761.52,218.27,30.89,45.59,0.8974,-1,-1,-1
599,-1,723.57,306.21,22.26,17.36,0.8714,-1,-1,-1
599,-1,773.46,301.56,16.82,14.53,0.3528,-1,-1,-1
599,-1,316.98,278.28,29.72,15.82,0.2875,-1,-1,-1
600,-1,773.56,348.09,44.42,33.34,0.9212,-1,-1,-1
600,-1,707.86,323.60,50.40,23.64,0.9062,-1,-1,-1
600,-1,278.66,362.36,42.14,23.36,0.8997,-1,-1,-1
600,-1,758.55,218.57,30.64,44.80,0.8938,-1,-1,-1
600,-1,721.00,306.41,22.55,16.97,0.8666,-1,-1,-1
600,-1,290.21,290.73,34.49,29.03,0.6358,-1,-1,-1
600,-1,769.97,301.84,17.43,13.91,0.5756,-1,-1,-1
601,-1,771.45,348.09,43.41,33.30,0.9218,-1,-1,-1
601,-1,705.46,323.52,50.35,23.53,0.9045,-1,-1,-1
601,-1,755.37,218.22,30.94,44.17,0.8937,-1,-1,-1
601,-1,276.23,361.84,42.13,23.60,0.8927,-1,-1,-1
601,-1,718.27,306.10,22.82,16.57,0.8633,-1,-1,-1
601,-1,287.62,290.32,33.59,28.08,0.5292,-1,-1,-1
601,-1,287.70,290.46,33.34,27.92,0.4129,-1,-1,-1
601,-1,767.57,301.89,16.70,14.10,0.3346,-1,-1,-1
602,-1,768.89,347.85,43.21,33.54,0.9215,-1,-1,-1
602,-1,273.75,361.33,42.06,23.95,0.9007,-1,-1,-1
602,-1,702.92,323.53,50.44,23.34,0.8970,-1,-1,-1
602,-1,752.38,218.08,30.72,45.49,0.8946,-1,-1,-1
602,-1,716.12,306.25,21.98,16.43,0.8727,-1,-1,-1
602,-1,285.31,289.97,34.54,29.34,0.6880,-1,-1,-1
602,-1,764.84,301.06,17.05,14.86,0.4695,-1,-1,-1
603,-1,766.10,347.66,42.65,33.06,0.9195,-1,-1,-1
603,-1,700.74,323.11,49.95,23.53,0.9108,-1,-1,-1
603,-1,269.92,361.26,43.00,23.73,0.8961,-1,-1,-1
603,-1,748.96,217.76,31.38,44.88,0.8900,-1,-1,-1
603,-1,713.75,306.03,22.08,16.18,0.8624,-1,-1,-1
603,-1,282.56,289.93,33.46,27.98,0.5619,-1,-1,-1
603,-1,761.82,301.46,16.87,14.20,0.3846,-1,-1,-1
604,-1,762.95,347.25,42.56,33.14,0.9204,-1,-1,-1
604,-1,697.86,322.67,50.31,23.64,0.9058,-1,-1,-1
604,-1,745.94,217.06,31.01,45.31,0.8968,-1,-1,-1
604,-1,266.64,361.12,43.94,23.82,0.8955,-1,-1,-1
604,-1,710.64,305.22,22.37,17.08,0.8717,-1,-1,-1
604,-1,279.84,289.88,33.12,28.08,0.7760,-1,-1,-1
604,-1,432.47,318.02,23.59,17.04,0.5086,-1,-1,-1
605,-1,760.24,346.81,42.56,33.14,0.9146,-1,-1,-1
605,-1,695.80,322.49,49.84,23.41,0.9023,-1,-1,-1
605,-1,264.67,361.04,43.20,23.88,0.9010,-1,-1,-1
605,-1,742.87,216.79,30.81,45.17,0.8929,-1,-1,-1
605,-1,708.16,304.93,22.39,16.93,0.8744,-1,-1,-1
605,-1,277.27,289.57,34.66,28.76,0.8464,-1,-1,-1
605,-1,755.99,300.14,17.38,14.66,0.3076,-1,-1,-1
606,-1,757.35,346.28,42.16,33.17,0.9131,-1,-1,-1
606,-1,693.37,321.70,49.58,23.91,0.9023,-1,-1,-1
606,-1,262.99,361.08,41.39,23.79,0.8969,-1,-1,-1
606,-1,739.82,216.45,30.44,45.34,0.8954,-1,-1,-1
606,-1,274.50,289.48,33.76,28.78,0.8785,-1,-1,-1
606,-1,705.88,304.14,22.29,17.16,0.8537,-1,-1,-1
606,-1,752.95,300.38,16.94,13.83,0.3353,-1,-1,-1
607,-1,754.79,345.91,41.66,32.92,0.9159,-1,-1,-1
607,-1,690.71,321.49,49.62,23.79,0.9123,-1,-1,-1
607,-1,260.04,361.15,42.20,23.59,0.9055,-1,-1,-1
607,-1,736.42,216.14,31.04,45.19,0.8923,-1,-1,-1
607,-1,702.52,303.28,22.56,17.38,0.8677,-1,-1,-1
607,-1,271.52,289.75,33.65,28.18,0.6819,-1,-1,-1
607,-1,749.96,299.61,17.37,14.02,0.6041,-1,-1,-1
607,-1,271.55,289.57,33.66,28.27,0.3583,-1,-1,-1
607,-1,427.88,318.07,23.64,17.10,0.2562,-1,-1,-1
608,-1,751.86,345.44,41.61,33.03,0.9135,-1,-1,-1
608,-1,688.40,321.21,49.09,23.76,0.8983,-1,-1,-1
608,-1,256.90,361.21,42.19,23.75,0.8976,-1,-1,-1
608,-1,732.68,215.58,30.67,44.71,0.8780,-1,-1,-1
608,-1,700.29,302.77,22.47,18.00,0.8655,-1,-1,-1
608,-1,269.04,289.76,34.70,28.72,0.7421,-1,-1,-1
608,-1,747.24,299.48,17.35,14.08,0.6186,-1,-1,-1
609,-1,748.53,344.98,41.68,33.37,0.9133,-1,-1,-1
609,-1,254.41,361.51,41.61,23.70,0.9006,-1,-1,-1
609,-1,686.02,320.90,48.26,23.89,0.8997,-1,-1,-1
609,-1,729.43,215.13,30.52,45.80,0.8948,-1,-1,-1
609,-1,698.05,302.54,21.84,17.46,0.8612,-1,-1,-1
609,-1,265.96,290.13,34.73,28.26,0.6429,-1,-1,-1
609,-1,743.82,298.42,16.65,15.08,0.5780,-1,-1,-1
609,-1,380.40,379.37,16.60,12.35,0.2526,-1,-1,-1
610,-1,745.31,344.70,41.86,33.23,0.9143,-1,-1,-1
610,-1,683.75,320.57,47.72,23.90,0.9055,-1,-1,-1
610,-1,252.07,361.65,41.06,23.80,0.9018,-1,-1,-1
610,-1,725.61,215.42,30.88,44.49,0.8853,-1,-1,-1
610,-1,694.87,302.32,21.96,17.84,0.8620,-1,-1,-1
610,-1,263.12,290.32,34.44,28.00,0.7324,-1,-1,-1
610,-1,741.34,298.67,17.77,14.54,0.5661,-1,-1,-1
611,-1,742.26,344.49,41.46,33.31,0.9113,-1,-1,-1
611,-1,248.93,362.04,41.63,23.61,0.9010,-1,-1,-1
611,-1,680.90,320.57,47.89,23.64,0.9003,-1,-1,-1
611,-1,722.43,215.10,30.91,44.93,0.8903,-1,-1,-1
611,-1,692.11,302.38,22.28,17.81,0.8657,-1,-1,-1
611,-1,260.60,290.27,34.86,29.26,0.8348,-1,-1,-1
612,-1,740.47,344.37,40.38,33.27,0.9154,-1,-1,-1
612,-1,678.49,320.20,47.37,24.02,0.9012,-1,-1,-1
612,-1,245.86,362.45,42.03,23.61,0.8990,-1,-1,-1
612,-1,718.36,214.88,31.13,45.01,0.8887,-1,-1,-1
612,-1,689.41,302.38,22.36,17.31,0.8609,-1,-1,-1
612,-1,258.11,290.80,34.40,28.68,0.8538,-1,-1,-1
612,-1,734.77,298.08,17.10,14.17,0.4964,-1,-1,-1
612,-1,419.12,318.52,24.13,16.07,0.3870,-1,-1,-1
613,-1,737.05,344.18,40.64,33.31,0.9140,-1,-1,-1
613,-1,676.02,320.31,46.95,23.77,0.9056,-1,-1,-1
613,-1,243.31,362.74,41.38,23.65,0.9040,-1,-1,-1
613,-1,715.43,214.75,30.96,44.74,0.8913,-1,-1,-1
613,-1,686.58,302.47,21.88,17.34,0.8681,-1,-1,-1
613,-1,731.61,297.97,17.72,14.30,0.7189,-1,-1,-1
613,-1,254.50,291.20,35.09,28.07,0.5948,-1,-1,-1
614,-1,733.91,344.19,40.54,33.51,0.9140,-1,-1,-1
614,-1,252.36,291.45,34.83,28.55,0.9037,-1,-1,-1
614,-1,240.79,362.94,40.90,23.82,0.9029,-1,-1,-1
614,-1,673.75,320.55,46.56,23.60,0.8992,-1,-1,-1
614,-1,712.67,214.69,30.74,44.75,0.8944,-1,-1,-1
614,-1,684.00,302.60,21.96,17.41,0.8721,-1,-1,-1
614,-1,728.77,298.42,17.46,13.95,0.6749,-1,-1,-1
614,-1,372.43,380.39,16.65,12.48,0.3013,-1,-1,-1
615,-1,731.62,344.37,39.92,33.25,0.9183,-1,-1,-1
615,-1,238.01,363.37,41.13,23.76,0.9079,-1,-1,-1
615,-1,249.76,292.01,34.43,27.71,0.9017,-1,-1,-1
615,-1,671.04,320.40,46.32,23.90,0.9002,-1,-1,-1
615,-1,709.18,215.03,30.54,43.68,0.8930,-1,-1,-1
615,-1,681.47,302.57,22.06,17.38,0.8608,-1,-1,-1
615,-1,726.46,298.36,18.37,14.09,0.6335,-1,-1,-1
616,-1,728.38,344.40,39.91,33.35,0.9142,-1,-1,-1
616,-1,235.63,363.68,40.91,23.84,0.9114,-1,-1,-1
616,-1,247.06,292.02,34.91,28.11,0.9037,-1,-1,-1
616,-1,668.50,320.57,46.03,23.90,0.9034,-1,-1,-1
616,-1,706.36,215.22,30.13,44.50,0.8895,-1,-1,-1
616,-1,678.34,302.79,22.51,17.34,0.8651,-1,-1,-1
616,-1,723.19,298.65,17.66,14.07,0.6329,-1,-1,-1
617,-1,725.64,339.61,40.45,32.82,0.9191,-1,-1,-1
617,-1,234.01,370.10,40.90,23.95,0.9015,-1,-1,-1
617,-1,665.57,316.52,46.64,24.31,0.9009,-1,-1,-1
617,-1,700.69,211.01,30.94,43.82,0.8913,-1,-1,-1
617,-1,675.86,299.13,21.23,17.69,0.8763,-1,-1,-1
617,-1,243.31,298.57,35.53,27.77,0.8416,-1,-1,-1
617,-1,719.39,293.90,17.36,14.05,0.5975,-1,-1,-1
618,-1,725.27,336.94,39.81,32.95,0.9267,-1,-1,-1
618,-1,664.45,314.67,46.08,24.54,0.9105,-1,-1,-1
618,-1,233.63,373.37,40.53,24.06,0.9047,-1,-1,-1
618,-1,242.22,302.08,34.90,26.98,0.8907,-1,-1,-1
618,-1,698.36,208.78,30.39,43.41,0.8856,-1,-1,-1
618,-1,674.11,296.97,21.67,18.12,0.8693,-1,-1,-1
618,-1,718.32,291.14,17.71,14.49,0.6891,-1,-1,-1
619,-1,725.39,338.11,39.90,32.63,0.9166,-1,-1,-1
619,-1,664.79,315.39,46.04,24.26,0.9114,-1,-1,-1
619,-1,233.62,372.19,40.46,24.03,0.9098,-1,-1,-1
619,-1,699.07,209.42,30.68,43.65,0.8961,-1,-1,-1
619,-1,675.00,297.27,21.37,18.54,0.8679,-1,-1,-1
619,-1,242.72,300.95,35.02,27.47,0.7492,-1,-1,-1
619,-1,718.77,292.17,17.54,13.98,0.3724,-1,-1,-1
620,-1,726.26,342.30,40.46,32.97,0.9143,-1,-1,-1
620,-1,666.98,318.56,45.71,24.28,0.9088,-1,-1,-1
620,-1,234.33,366.87,40.65,23.84,0.9005,-1,-1,-1
620,-1,703.30,213.23,30.43,44.17,0.8983,-1,-1,-1
620,-1,676.86,301.04,21.77,17.33,0.8556,-1,-1,-1
620,-1,245.20,295.31,34.91,27.98,0.8484,-1,-1,-1
620,-1,721.12,296.68,17.53,13.65,0.6902,-1,-1,-1
