1,-1,860.72,209.68,98.94,66.73,0.9339,-1,-1,-1
1,-1,931.81,184.52,92.19,72.67,0.9290,-1,-1,-1
1,-1,896.05,347.03,31.51,40.35,0.8979,-1,-1,-1
1,-1,657.49,299.85,29.67,23.45,0.8879,-1,-1,-1
1,-1,638.15,295.47,23.65,21.65,0.8754,-1,-1,-1
1,-1,604.67,239.72,19.16,47.44,0.6450,-1,-1,-1
1,-1,1014.87,70.65,9.13,34.80,0.2745,-1,-1,-1
2,-1,860.86,203.33,97.69,66.62,0.9326,-1,-1,-1
2,-1,931.84,177.11,92.16,75.02,0.9279,-1,-1,-1
2,-1,638.55,293.49,23.03,21.50,0.8861,-1,-1,-1
2,-1,897.35,341.12,30.55,40.03,0.8851,-1,-1,-1
2,-1,657.26,297.57,29.83,23.88,0.8662,-1,-1,-1
2,-1,604.54,238.30,17.42,47.52,0.6984,-1,-1,-1
3,-1,858.55,213.51,99.53,65.27,0.9415,-1,-1,-1
3,-1,930.10,188.23,93.90,73.82,0.9265,-1,-1,-1
3,-1,657.63,301.23,29.55,23.58,0.8824,-1,-1,-1
3,-1,892.94,350.23,31.46,39.61,0.8810,-1,-1,-1
3,-1,638.79,296.55,23.02,21.68,0.8795,-1,-1,-1
3,-1,605.83,243.80,17.79,43.47,0.5713,-1,-1,-1
4,-1,852.15,216.23,99.20,64.63,0.9439,-1,-1,-1
4,-1,923.96,191.50,100.04,57.83,0.9080,-1,-1,-1
4,-1,885.38,352.32,33.06,41.43,0.8913,-1,-1,-1
4,-1,655.96,302.37,29.32,23.62,0.8856,-1,-1,-1
4,-1,637.04,297.52,23.19,21.68,0.8809,-1,-1,-1
4,-1,604.58,240.69,18.44,47.46,0.6874,-1,-1,-1
5,-1,841.79,209.34,97.16,66.15,0.9351,-1,-1,-1
5,-1,910.59,184.64,113.41,55.60,0.9332,-1,-1,-1
5,-1,877.02,346.81,32.75,40.72,0.8963,-1,-1,-1
5,-1,652.46,299.96,29.21,23.70,0.8895,-1,-1,-1
5,-1,633.42,295.98,22.84,21.25,0.8441,-1,-1,-1
5,-1,600.60,239.25,18.13,48.30,0.7865,-1,-1,-1
6,-1,895.26,174.86,128.71,55.69,0.9377,-1,-1,-1
6,-1,830.41,200.69,94.38,67.93,0.9324,-1,-1,-1
6,-1,866.81,338.07,32.69,41.89,0.9007,-1,-1,-1
6,-1,628.79,292.94,22.55,21.34,0.8888,-1,-1,-1
6,-1,647.49,297.45,29.61,23.11,0.8829,-1,-1,-1
6,-1,595.53,237.91,18.82,45.96,0.7453,-1,-1,-1
6,-1,851.46,59.80,92.69,42.55,0.5940,-1,-1,-1
7,-1,821.99,200.66,93.07,67.28,0.9377,-1,-1,-1
7,-1,885.73,174.86,136.05,56.24,0.9356,-1,-1,-1
7,-1,859.19,339.22,33.25,40.79,0.9012,-1,-1,-1
7,-1,645.24,297.47,29.02,23.13,0.8848,-1,-1,-1
7,-1,625.79,292.51,22.99,21.76,0.8672,-1,-1,-1
7,-1,592.70,237.97,18.77,45.52,0.6962,-1,-1,-1
7,-1,842.87,59.51,94.54,42.20,0.3636,-1,-1,-1
8,-1,876.50,174.40,135.03,55.93,0.9395,-1,-1,-1
8,-1,814.00,200.44,92.22,66.80,0.9369,-1,-1,-1
8,-1,851.54,338.92,33.51,40.82,0.9023,-1,-1,-1
8,-1,623.09,293.01,22.72,21.37,0.8853,-1,-1,-1
8,-1,642.15,297.17,29.61,23.18,0.8737,-1,-1,-1
8,-1,590.78,238.77,17.53,45.64,0.7124,-1,-1,-1
8,-1,861.05,59.35,64.31,41.60,0.5509,-1,-1,-1
9,-1,866.75,174.42,134.54,56.55,0.9387,-1,-1,-1
9,-1,806.06,200.40,91.23,67.22,0.9385,-1,-1,-1
9,-1,620.89,292.69,22.31,21.54,0.8927,-1,-1,-1
9,-1,843.69,338.63,33.85,41.20,0.8923,-1,-1,-1
9,-1,639.89,297.38,29.21,23.00,0.8817,-1,-1,-1
9,-1,588.46,239.05,17.39,44.92,0.6850,-1,-1,-1
9,-1,851.63,59.08,89.94,42.64,0.3307,-1,-1,-1
10,-1,857.04,174.55,134.32,56.80,0.9349,-1,-1,-1
10,-1,798.48,200.91,89.86,66.42,0.9270,-1,-1,-1
10,-1,836.71,338.25,33.27,41.72,0.8909,-1,-1,-1
10,-1,637.31,297.35,29.13,23.13,0.8834,-1,-1,-1
10,-1,617.93,292.58,22.60,21.69,0.8626,-1,-1,-1
10,-1,841.40,59.16,95.40,41.04,0.8468,-1,-1,-1
10,-1,585.94,238.34,17.49,45.06,0.7587,-1,-1,-1
11,-1,848.80,174.72,132.29,56.14,0.9402,-1,-1,-1
11,-1,790.33,200.90,89.62,66.53,0.9357,-1,-1,-1
11,-1,615.61,293.12,22.45,21.24,0.8806,-1,-1,-1
11,-1,634.64,297.31,29.32,23.05,0.8737,-1,-1,-1
11,-1,829.02,337.72,33.25,42.35,0.8618,-1,-1,-1
11,-1,832.20,59.25,97.92,41.77,0.8504,-1,-1,-1
11,-1,583.75,240.53,18.41,43.12,0.7175,-1,-1,-1
12,-1,838.77,175.43,132.57,56.20,0.9386,-1,-1,-1
12,-1,782.73,201.47,88.87,65.34,0.9336,-1,-1,-1
12,-1,822.99,59.47,100.46,41.17,0.9020,-1,-1,-1
12,-1,821.64,338.28,33.64,41.83,0.8928,-1,-1,-1
12,-1,613.37,292.90,22.34,21.32,0.8926,-1,-1,-1
12,-1,632.00,297.38,29.50,23.24,0.8820,-1,-1,-1
12,-1,581.26,239.30,16.84,44.84,0.6844,-1,-1,-1
13,-1,830.24,175.68,130.97,56.42,0.9388,-1,-1,-1
13,-1,774.85,201.40,87.81,66.16,0.9293,-1,-1,-1
13,-1,816.69,59.92,99.85,41.86,0.9080,-1,-1,-1
13,-1,813.65,337.80,34.70,42.57,0.8878,-1,-1,-1
13,-1,630.09,297.39,28.64,23.12,0.8857,-1,-1,-1
13,-1,609.90,292.86,23.20,21.66,0.8662,-1,-1,-1
13,-1,579.32,240.68,16.14,42.72,0.6635,-1,-1,-1
14,-1,821.16,176.25,131.32,55.66,0.9423,-1,-1,-1
14,-1,767.51,202.12,86.78,64.16,0.9185,-1,-1,-1
14,-1,810.44,60.30,99.54,42.64,0.9082,-1,-1,-1
14,-1,806.15,337.89,34.74,42.66,0.8974,-1,-1,-1
14,-1,627.24,297.45,29.07,23.18,0.8772,-1,-1,-1
14,-1,607.84,293.45,22.82,21.14,0.8751,-1,-1,-1
14,-1,576.87,239.24,20.21,45.08,0.6057,-1,-1,-1
15,-1,812.53,176.65,130.02,55.70,0.9379,-1,-1,-1
15,-1,805.99,60.62,97.07,43.81,0.9223,-1,-1,-1
15,-1,798.90,337.77,34.72,42.95,0.9026,-1,-1,-1
15,-1,759.27,202.48,86.67,64.18,0.8969,-1,-1,-1
15,-1,605.68,293.44,22.60,21.08,0.8938,-1,-1,-1
15,-1,624.63,297.53,29.43,23.16,0.8826,-1,-1,-1
15,-1,575.05,238.54,18.03,45.95,0.6135,-1,-1,-1
16,-1,803.61,176.77,132.76,56.45,0.9369,-1,-1,-1
16,-1,800.21,61.27,96.18,43.90,0.9246,-1,-1,-1
16,-1,751.56,203.57,85.97,63.82,0.9186,-1,-1,-1
16,-1,790.93,337.64,36.07,43.49,0.9029,-1,-1,-1
16,-1,622.60,297.65,28.94,23.36,0.8870,-1,-1,-1
16,-1,602.96,293.49,22.83,21.11,0.8805,-1,-1,-1
16,-1,572.89,237.87,17.84,46.07,0.6978,-1,-1,-1
17,-1,794.01,176.96,129.62,56.35,0.9410,-1,-1,-1
17,-1,794.20,61.25,96.33,44.12,0.9081,-1,-1,-1
17,-1,783.46,337.74,36.15,44.15,0.9045,-1,-1,-1
17,-1,744.51,204.36,84.19,62.71,0.8822,-1,-1,-1
17,-1,620.04,297.67,29.04,23.55,0.8795,-1,-1,-1
17,-1,600.67,293.73,22.47,21.09,0.8749,-1,-1,-1
17,-1,570.90,238.77,16.14,45.04,0.5805,-1,-1,-1
17,-1,818.27,7.64,31.29,25.67,0.4493,-1,-1,-1
17,-1,919.91,214.23,16.56,20.66,0.3763,-1,-1,-1
18,-1,786.06,177.45,128.53,56.73,0.9368,-1,-1,-1
18,-1,787.92,61.75,96.34,45.34,0.9214,-1,-1,-1
18,-1,736.57,204.87,84.10,61.99,0.9071,-1,-1,-1
18,-1,775.75,337.98,36.52,44.03,0.9013,-1,-1,-1
18,-1,598.47,293.66,22.41,21.26,0.8969,-1,-1,-1
18,-1,617.54,297.63,29.00,23.77,0.8836,-1,-1,-1
18,-1,912.43,214.37,21.71,21.93,0.8281,-1,-1,-1
18,-1,568.56,239.13,19.85,44.69,0.6634,-1,-1,-1
19,-1,777.09,177.88,129.36,56.55,0.9399,-1,-1,-1
19,-1,782.30,62.09,95.39,45.41,0.9020,-1,-1,-1
19,-1,769.10,338.62,36.30,43.71,0.8973,-1,-1,-1
19,-1,615.70,297.94,28.46,23.77,0.8900,-1,-1,-1
19,-1,906.37,215.24,25.52,22.14,0.8900,-1,-1,-1
19,-1,596.05,293.50,22.42,21.65,0.8824,-1,-1,-1
19,-1,728.96,205.40,83.06,61.39,0.8039,-1,-1,-1
19,-1,566.64,238.47,21.79,44.57,0.5422,-1,-1,-1
19,-1,858.43,215.99,51.40,36.24,0.3768,-1,-1,-1
20,-1,768.26,178.27,129.14,56.48,0.9334,-1,-1,-1
20,-1,761.51,338.72,36.45,43.97,0.8947,-1,-1,-1
20,-1,900.09,215.52,29.42,23.10,0.8873,-1,-1,-1
20,-1,613.15,297.97,28.74,23.77,0.8872,-1,-1,-1
20,-1,775.38,63.09,95.70,44.85,0.8787,-1,-1,-1
20,-1,593.34,293.70,22.24,21.72,0.8721,-1,-1,-1
20,-1,564.40,238.07,23.24,45.58,0.7105,-1,-1,-1
20,-1,720.54,204.98,83.24,61.73,0.7087,-1,-1,-1
21,-1,759.21,178.63,133.35,56.68,0.9313,-1,-1,-1
21,-1,894.75,215.54,31.89,23.25,0.9073,-1,-1,-1
21,-1,754.01,338.86,36.87,43.98,0.9005,-1,-1,-1
21,-1,590.92,294.11,22.41,21.44,0.8910,-1,-1,-1
21,-1,610.70,297.90,28.37,23.78,0.8813,-1,-1,-1
21,-1,769.13,65.01,95.68,43.15,0.5286,-1,-1,-1
21,-1,713.13,205.65,82.73,61.47,0.4605,-1,-1,-1
21,-1,844.48,191.59,51.72,62.86,0.3979,-1,-1,-1
21,-1,752.68,205.25,42.73,60.85,0.2775,-1,-1,-1
22,-1,750.11,178.68,124.65,56.63,0.9340,-1,-1,-1
22,-1,746.56,338.81,37.21,44.45,0.9071,-1,-1,-1
22,-1,608.20,297.88,28.70,23.95,0.8859,-1,-1,-1
22,-1,889.20,216.24,33.76,23.16,0.8855,-1,-1,-1
22,-1,588.43,293.99,22.29,21.49,0.8820,-1,-1,-1
22,-1,742.85,205.29,44.66,60.73,0.6935,-1,-1,-1
22,-1,560.21,238.28,19.63,44.90,0.5531,-1,-1,-1
22,-1,763.57,66.22,94.66,42.02,0.5085,-1,-1,-1
22,-1,838.50,190.48,51.28,63.22,0.4709,-1,-1,-1
23,-1,741.11,179.01,123.89,56.56,0.9391,-1,-1,-1
23,-1,739.34,338.65,37.38,44.68,0.9086,-1,-1,-1
23,-1,605.61,298.12,28.83,23.71,0.8872,-1,-1,-1
23,-1,884.89,217.81,33.49,21.81,0.8816,-1,-1,-1
23,-1,586.03,294.36,22.24,21.37,0.8604,-1,-1,-1
23,-1,831.40,184.63,51.28,69.08,0.6580,-1,-1,-1
23,-1,557.82,238.40,22.44,43.10,0.6096,-1,-1,-1
23,-1,757.48,66.99,94.15,42.27,0.5424,-1,-1,-1
23,-1,735.51,205.74,41.87,60.42,0.4934,-1,-1,-1
24,-1,731.91,179.16,122.89,56.43,0.9370,-1,-1,-1
24,-1,731.85,337.34,37.67,45.88,0.9099,-1,-1,-1
24,-1,583.67,294.24,21.87,21.20,0.8858,-1,-1,-1
24,-1,603.38,298.12,28.64,23.90,0.8811,-1,-1,-1
24,-1,824.09,187.93,51.25,66.06,0.8485,-1,-1,-1
24,-1,882.66,218.64,30.61,21.01,0.8430,-1,-1,-1
24,-1,725.03,205.96,44.14,60.13,0.8414,-1,-1,-1
24,-1,555.84,238.76,17.32,41.38,0.6769,-1,-1,-1
24,-1,750.38,65.47,94.03,43.38,0.3115,-1,-1,-1
25,-1,722.96,179.42,121.18,56.30,0.9340,-1,-1,-1
25,-1,724.53,337.47,37.57,45.99,0.9075,-1,-1,-1
25,-1,816.92,190.11,51.65,63.38,0.9073,-1,-1,-1
25,-1,600.52,297.88,28.85,24.15,0.8877,-1,-1,-1
25,-1,580.98,294.31,22.04,21.19,0.8784,-1,-1,-1
25,-1,716.42,206.63,42.74,59.64,0.6907,-1,-1,-1
25,-1,553.30,241.22,16.70,41.30,0.5284,-1,-1,-1
26,-1,713.73,179.19,119.39,56.62,0.9412,-1,-1,-1
26,-1,716.85,337.20,38.28,46.13,0.9192,-1,-1,-1
26,-1,806.86,191.09,54.44,62.43,0.9130,-1,-1,-1
26,-1,597.80,297.91,29.18,24.02,0.8903,-1,-1,-1
26,-1,578.22,294.35,22.67,21.30,0.8567,-1,-1,-1
26,-1,551.01,239.78,20.93,41.07,0.6614,-1,-1,-1
26,-1,707.88,206.87,42.68,59.81,0.6227,-1,-1,-1
27,-1,703.91,178.95,120.39,56.50,0.9358,-1,-1,-1
27,-1,798.84,190.70,55.37,62.85,0.9278,-1,-1,-1
27,-1,709.36,336.95,38.17,46.12,0.9136,-1,-1,-1
27,-1,575.86,294.15,21.98,21.19,0.8821,-1,-1,-1
27,-1,595.45,297.80,28.84,24.25,0.8819,-1,-1,-1
27,-1,874.63,217.50,36.26,21.97,0.8735,-1,-1,-1
27,-1,548.33,239.69,17.33,42.49,0.6393,-1,-1,-1
27,-1,699.75,206.46,42.02,60.51,0.6111,-1,-1,-1
28,-1,694.60,178.39,119.21,57.20,0.9408,-1,-1,-1
28,-1,792.64,190.68,54.41,62.54,0.9190,-1,-1,-1
28,-1,702.12,336.43,37.88,46.38,0.9045,-1,-1,-1
28,-1,871.85,216.21,36.29,23.14,0.8951,-1,-1,-1
28,-1,592.79,297.65,28.74,24.17,0.8847,-1,-1,-1
28,-1,573.21,294.01,21.89,21.51,0.8774,-1,-1,-1
28,-1,690.39,205.89,42.60,60.98,0.7291,-1,-1,-1
28,-1,546.33,241.99,19.17,41.90,0.4053,-1,-1,-1
29,-1,684.86,178.12,119.32,57.38,0.9387,-1,-1,-1
29,-1,786.35,190.31,53.27,62.54,0.9133,-1,-1,-1
29,-1,694.37,336.07,38.99,46.51,0.8988,-1,-1,-1
29,-1,590.07,297.57,28.91,24.16,0.8849,-1,-1,-1
29,-1,570.31,294.42,22.22,21.00,0.8525,-1,-1,-1
29,-1,874.47,215.57,31.19,23.19,0.8307,-1,-1,-1
29,-1,742.30,62.62,66.51,45.41,0.7357,-1,-1,-1
29,-1,681.68,206.60,42.01,60.01,0.4315,-1,-1,-1
29,-1,543.60,241.61,19.53,42.71,0.3000,-1,-1,-1
30,-1,675.52,178.04,117.41,56.92,0.9378,-1,-1,-1
30,-1,776.50,189.71,55.70,62.85,0.9139,-1,-1,-1
30,-1,687.16,335.77,38.44,46.52,0.9005,-1,-1,-1
30,-1,867.29,215.10,35.59,23.52,0.8978,-1,-1,-1
30,-1,567.96,293.81,21.59,21.65,0.8891,-1,-1,-1
30,-1,587.58,297.34,27.88,24.49,0.8784,-1,-1,-1
30,-1,731.52,62.17,69.89,45.40,0.7601,-1,-1,-1
30,-1,541.01,239.78,20.48,44.56,0.5673,-1,-1,-1
31,-1,666.03,177.61,117.07,57.30,0.9428,-1,-1,-1
31,-1,769.51,188.19,55.63,64.13,0.9249,-1,-1,-1
31,-1,863.55,214.61,36.63,23.68,0.9065,-1,-1,-1
31,-1,679.60,334.88,38.49,47.24,0.8969,-1,-1,-1
31,-1,718.26,61.93,76.04,45.14,0.8793,-1,-1,-1
31,-1,565.14,293.49,21.39,21.89,0.8776,-1,-1,-1
31,-1,584.56,297.04,24.97,24.64,0.8629,-1,-1,-1
31,-1,664.31,207.89,41.43,58.93,0.6392,-1,-1,-1
32,-1,656.24,177.32,116.53,56.97,0.9402,-1,-1,-1
32,-1,758.52,187.17,59.36,64.91,0.9080,-1,-1,-1
32,-1,860.53,214.26,36.79,23.53,0.9062,-1,-1,-1
32,-1,707.57,61.88,78.74,45.00,0.8982,-1,-1,-1
32,-1,671.71,334.93,38.77,46.95,0.8978,-1,-1,-1
32,-1,562.35,293.86,21.43,21.52,0.8623,-1,-1,-1
32,-1,655.25,207.05,41.69,58.92,0.6574,-1,-1,-1
32,-1,582.00,297.10,20.88,24.41,0.5056,-1,-1,-1
32,-1,712.07,233.81,21.14,29.97,0.4325,-1,-1,-1
32,-1,536.26,239.05,17.39,45.25,0.3150,-1,-1,-1
33,-1,646.21,177.24,115.52,56.64,0.9441,-1,-1,-1
33,-1,751.68,187.31,58.73,63.90,0.9211,-1,-1,-1
33,-1,696.53,61.23,82.77,45.43,0.9149,-1,-1,-1
33,-1,857.81,213.85,36.35,23.18,0.9055,-1,-1,-1
33,-1,664.19,334.44,38.97,47.16,0.8993,-1,-1,-1
33,-1,559.62,293.57,21.64,21.54,0.8860,-1,-1,-1
33,-1,645.96,208.77,41.49,57.35,0.5498,-1,-1,-1
33,-1,533.51,237.20,22.22,47.01,0.5026,-1,-1,-1
34,-1,636.83,176.93,114.59,56.29,0.9424,-1,-1,-1
34,-1,742.07,187.29,60.74,63.66,0.9176,-1,-1,-1
34,-1,684.72,61.51,86.70,44.90,0.9146,-1,-1,-1
34,-1,854.83,213.38,36.46,23.18,0.9079,-1,-1,-1
34,-1,656.38,334.14,39.34,47.20,0.8986,-1,-1,-1
34,-1,557.20,293.27,20.76,21.80,0.8871,-1,-1,-1
34,-1,637.04,206.92,41.27,59.26,0.7186,-1,-1,-1
34,-1,531.35,241.02,24.43,42.57,0.5571,-1,-1,-1
35,-1,627.03,176.81,113.93,56.64,0.9445,-1,-1,-1
35,-1,734.76,187.05,60.68,63.61,0.9271,-1,-1,-1
35,-1,675.79,62.09,88.63,44.21,0.9250,-1,-1,-1
35,-1,851.69,212.95,36.60,23.43,0.9075,-1,-1,-1
35,-1,649.36,333.64,39.34,47.48,0.9006,-1,-1,-1
35,-1,554.21,293.97,20.23,20.74,0.8639,-1,-1,-1
35,-1,627.69,208.67,41.50,57.90,0.6960,-1,-1,-1
36,-1,617.15,176.67,113.35,57.76,0.9449,-1,-1,-1
36,-1,727.16,186.86,60.76,63.37,0.9312,-1,-1,-1
36,-1,668.47,62.20,88.34,44.18,0.9159,-1,-1,-1
36,-1,848.91,212.26,37.05,23.90,0.9051,-1,-1,-1
36,-1,641.65,333.08,39.32,47.85,0.9024,-1,-1,-1
36,-1,618.87,209.21,41.27,57.37,0.5889,-1,-1,-1
36,-1,551.37,295.65,16.85,18.62,0.4286,-1,-1,-1
37,-1,607.10,176.60,113.24,56.85,0.9411,-1,-1,-1
37,-1,720.54,186.85,60.23,63.40,0.9276,-1,-1,-1
37,-1,846.07,211.99,36.69,23.84,0.9082,-1,-1,-1
37,-1,665.09,62.45,84.26,43.44,0.9081,-1,-1,-1
37,-1,633.95,332.98,40.25,47.87,0.9014,-1,-1,-1
37,-1,609.93,207.88,41.22,58.89,0.7482,-1,-1,-1
38,-1,598.90,176.58,111.04,56.52,0.9432,-1,-1,-1
38,-1,714.30,186.93,59.67,63.09,0.9325,-1,-1,-1
38,-1,843.41,211.94,36.25,23.81,0.9110,-1,-1,-1
38,-1,626.26,332.87,40.76,47.88,0.9072,-1,-1,-1
38,-1,656.62,62.24,85.72,43.48,0.8942,-1,-1,-1
38,-1,601.12,208.77,40.91,58.08,0.5534,-1,-1,-1
39,-1,589.32,176.89,110.14,56.11,0.9408,-1,-1,-1
39,-1,706.76,186.43,59.92,63.75,0.9344,-1,-1,-1
39,-1,619.25,332.57,40.30,48.17,0.9094,-1,-1,-1
39,-1,840.69,211.70,36.67,23.58,0.9039,-1,-1,-1
39,-1,645.09,61.64,89.88,43.84,0.8852,-1,-1,-1
40,-1,700.38,186.49,58.96,63.84,0.9434,-1,-1,-1
40,-1,578.61,176.94,111.55,55.98,0.9422,-1,-1,-1
40,-1,611.51,332.59,40.95,48.17,0.9122,-1,-1,-1
40,-1,837.79,211.65,37.03,23.47,0.9065,-1,-1,-1
40,-1,636.74,61.86,91.28,43.81,0.8903,-1,-1,-1
40,-1,582.92,209.73,41.64,57.30,0.7552,-1,-1,-1
41,-1,569.67,177.12,109.24,56.13,0.9421,-1,-1,-1
41,-1,693.37,186.50,59.02,63.61,0.9282,-1,-1,-1
41,-1,604.31,332.61,41.16,48.24,0.9101,-1,-1,-1
41,-1,835.31,211.73,36.54,23.88,0.9095,-1,-1,-1
41,-1,623.02,61.65,97.83,44.21,0.8708,-1,-1,-1
41,-1,572.92,207.93,42.46,58.87,0.7199,-1,-1,-1
42,-1,560.37,176.95,108.90,56.34,0.9416,-1,-1,-1
42,-1,686.57,186.60,58.91,63.70,0.9339,-1,-1,-1
42,-1,596.76,332.65,41.91,48.23,0.9142,-1,-1,-1
42,-1,832.70,211.82,36.80,23.85,0.9065,-1,-1,-1
42,-1,633.95,61.49,80.09,44.51,0.8838,-1,-1,-1
42,-1,564.93,207.94,41.47,59.62,0.6466,-1,-1,-1
43,-1,551.25,177.12,108.23,56.14,0.9456,-1,-1,-1
43,-1,680.18,185.97,58.56,64.23,0.9315,-1,-1,-1
43,-1,589.47,333.14,42.00,47.96,0.9164,-1,-1,-1
43,-1,830.04,212.08,36.96,23.62,0.9085,-1,-1,-1
43,-1,625.72,61.20,81.72,44.84,0.8696,-1,-1,-1
43,-1,555.21,209.40,42.86,58.84,0.7940,-1,-1,-1
44,-1,673.02,186.35,58.82,64.21,0.9434,-1,-1,-1
44,-1,541.98,177.20,108.17,56.24,0.9394,-1,-1,-1
44,-1,582.63,333.05,42.12,48.41,0.9245,-1,-1,-1
44,-1,827.45,212.41,37.01,23.81,0.9109,-1,-1,-1
44,-1,546.00,210.14,42.31,58.24,0.8808,-1,-1,-1
44,-1,604.32,61.55,96.46,44.49,0.8713,-1,-1,-1
45,-1,532.93,177.29,106.85,56.59,0.9426,-1,-1,-1
45,-1,667.03,186.10,57.95,64.59,0.9307,-1,-1,-1
45,-1,575.13,333.54,42.70,47.90,0.9121,-1,-1,-1
45,-1,825.19,212.62,37.27,23.81,0.9059,-1,-1,-1
45,-1,615.93,61.48,78.06,44.95,0.8862,-1,-1,-1
45,-1,537.33,210.55,43.32,57.38,0.7725,-1,-1,-1
46,-1,611.87,61.59,75.59,44.92,0.9455,-1,-1,-1
46,-1,524.65,177.51,105.70,56.08,0.9403,-1,-1,-1
46,-1,660.77,186.05,57.91,65.17,0.9291,-1,-1,-1
46,-1,567.86,333.48,42.98,48.13,0.9102,-1,-1,-1
46,-1,822.70,213.34,37.17,23.67,0.9052,-1,-1,-1
46,-1,528.54,211.23,43.80,57.13,0.8656,-1,-1,-1
47,-1,515.23,177.29,106.02,56.63,0.9415,-1,-1,-1
47,-1,605.31,61.99,75.85,44.86,0.9407,-1,-1,-1
47,-1,653.87,185.88,58.00,65.71,0.9351,-1,-1,-1
47,-1,560.18,331.48,44.05,50.13,0.9112,-1,-1,-1
47,-1,820.24,213.83,37.16,23.55,0.9073,-1,-1,-1
47,-1,520.32,212.12,44.21,55.97,0.7400,-1,-1,-1
48,-1,506.88,177.54,104.40,56.59,0.9436,-1,-1,-1
48,-1,597.29,62.11,76.65,44.89,0.9409,-1,-1,-1
48,-1,646.49,186.06,58.43,65.73,0.9310,-1,-1,-1
48,-1,553.06,331.38,44.27,50.49,0.9050,-1,-1,-1
48,-1,817.73,214.26,37.18,23.58,0.9047,-1,-1,-1
48,-1,511.96,212.34,43.37,56.45,0.7044,-1,-1,-1
49,-1,590.56,62.22,77.83,44.73,0.9437,-1,-1,-1
49,-1,497.25,177.85,104.76,56.35,0.9378,-1,-1,-1
49,-1,640.48,186.08,57.99,65.86,0.9340,-1,-1,-1
49,-1,815.99,214.72,36.82,23.20,0.9044,-1,-1,-1
49,-1,545.70,332.95,44.76,49.02,0.9039,-1,-1,-1
49,-1,503.36,213.14,43.96,55.07,0.8570,-1,-1,-1
50,-1,584.93,62.19,76.68,44.89,0.9487,-1,-1,-1
50,-1,488.90,177.77,103.49,56.41,0.9428,-1,-1,-1
50,-1,634.20,185.93,58.04,66.43,0.9312,-1,-1,-1
50,-1,813.15,215.11,37.44,23.13,0.9090,-1,-1,-1
50,-1,538.60,333.98,44.53,47.95,0.9041,-1,-1,-1
50,-1,494.25,213.71,45.75,55.53,0.8004,-1,-1,-1
51,-1,578.33,61.88,76.52,45.20,0.9492,-1,-1,-1
51,-1,627.56,185.62,57.29,67.02,0.9409,-1,-1,-1
51,-1,480.28,177.96,102.10,56.23,0.9364,-1,-1,-1
51,-1,811.12,215.42,36.84,23.19,0.9086,-1,-1,-1
51,-1,531.41,331.46,45.36,50.61,0.9018,-1,-1,-1
51,-1,542.17,299.54,19.98,22.18,0.8641,-1,-1,-1
51,-1,485.96,213.37,44.29,55.31,0.8339,-1,-1,-1
52,-1,471.25,177.83,101.73,56.40,0.9439,-1,-1,-1
52,-1,571.14,61.52,77.14,45.75,0.9413,-1,-1,-1
52,-1,620.89,185.47,57.59,67.21,0.9325,-1,-1,-1
52,-1,808.57,215.67,36.52,23.15,0.9055,-1,-1,-1
52,-1,523.72,336.95,45.63,45.21,0.9022,-1,-1,-1
52,-1,536.27,297.86,23.43,23.69,0.8744,-1,-1,-1
52,-1,477.50,214.73,45.54,54.14,0.7420,-1,-1,-1
53,-1,461.71,177.91,101.09,56.29,0.9368,-1,-1,-1
53,-1,565.38,62.07,76.20,45.69,0.9333,-1,-1,-1
53,-1,613.72,185.33,57.28,67.59,0.9305,-1,-1,-1
53,-1,805.93,215.88,37.00,22.89,0.9060,-1,-1,-1
53,-1,516.19,334.16,46.52,47.99,0.9026,-1,-1,-1
53,-1,530.95,298.11,26.28,23.60,0.8961,-1,-1,-1
53,-1,469.05,214.37,45.48,55.75,0.8213,-1,-1,-1
54,-1,452.70,177.79,100.14,55.98,0.9379,-1,-1,-1
54,-1,606.81,185.23,57.27,67.85,0.9287,-1,-1,-1
54,-1,558.09,62.09,76.38,45.09,0.9232,-1,-1,-1
54,-1,803.41,216.07,36.84,22.97,0.9060,-1,-1,-1
54,-1,509.07,333.27,47.21,48.77,0.9057,-1,-1,-1
54,-1,526.41,297.85,28.32,23.88,0.8873,-1,-1,-1
54,-1,459.87,215.41,45.13,53.52,0.6931,-1,-1,-1
55,-1,444.12,177.64,98.59,56.24,0.9505,-1,-1,-1
55,-1,551.08,61.90,76.90,45.53,0.9352,-1,-1,-1
55,-1,599.96,184.95,57.27,68.18,0.9311,-1,-1,-1
55,-1,501.62,331.93,47.74,49.98,0.9090,-1,-1,-1
55,-1,800.68,216.18,37.10,22.84,0.9026,-1,-1,-1
55,-1,525.36,298.03,26.92,23.52,0.8698,-1,-1,-1
55,-1,452.08,216.22,44.53,52.73,0.5300,-1,-1,-1
56,-1,434.51,177.43,98.28,56.35,0.9390,-1,-1,-1
56,-1,543.74,61.94,77.22,45.19,0.9327,-1,-1,-1
56,-1,591.11,184.18,59.32,69.30,0.9292,-1,-1,-1
56,-1,494.58,333.63,47.37,48.17,0.9062,-1,-1,-1
56,-1,798.08,216.03,37.35,22.97,0.9033,-1,-1,-1
56,-1,521.62,297.86,27.89,23.81,0.8877,-1,-1,-1
56,-1,442.94,215.41,45.11,53.64,0.7901,-1,-1,-1
56,-1,506.10,294.43,16.78,20.38,0.4884,-1,-1,-1
57,-1,424.90,177.02,97.67,56.66,0.9439,-1,-1,-1
57,-1,538.97,61.77,74.64,45.22,0.9435,-1,-1,-1
57,-1,585.36,183.95,58.87,70.40,0.9277,-1,-1,-1
57,-1,487.48,332.00,47.71,49.79,0.9123,-1,-1,-1
57,-1,795.29,216.01,37.19,22.78,0.9052,-1,-1,-1
57,-1,519.48,297.97,27.55,23.64,0.8862,-1,-1,-1
57,-1,500.63,292.99,19.29,21.76,0.8233,-1,-1,-1
57,-1,435.03,215.96,44.80,53.90,0.7253,-1,-1,-1
58,-1,532.29,61.66,74.20,45.35,0.9363,-1,-1,-1
58,-1,415.13,177.75,97.90,56.19,0.9358,-1,-1,-1
58,-1,577.62,183.79,58.78,69.41,0.9292,-1,-1,-1
58,-1,479.81,331.53,48.49,50.32,0.9117,-1,-1,-1
58,-1,792.49,215.73,37.20,23.03,0.9006,-1,-1,-1
58,-1,517.15,297.83,27.39,23.61,0.8775,-1,-1,-1
58,-1,427.93,220.84,43.87,48.18,0.8662,-1,-1,-1
58,-1,496.02,293.25,22.06,21.59,0.8612,-1,-1,-1
59,-1,405.70,177.38,96.70,56.59,0.9398,-1,-1,-1
59,-1,570.56,183.31,58.99,69.19,0.9280,-1,-1,-1
59,-1,525.79,61.54,73.29,45.69,0.9242,-1,-1,-1
59,-1,470.55,331.42,50.49,50.32,0.9093,-1,-1,-1
59,-1,790.02,215.53,36.78,22.88,0.9040,-1,-1,-1
59,-1,514.50,297.74,27.11,23.89,0.8840,-1,-1,-1
59,-1,493.64,293.37,21.28,22.08,0.8794,-1,-1,-1
59,-1,416.47,216.91,46.12,53.54,0.6897,-1,-1,-1
60,-1,396.41,177.12,96.59,56.71,0.9400,-1,-1,-1
60,-1,564.06,182.99,58.17,69.27,0.9285,-1,-1,-1
60,-1,519.19,61.32,72.01,46.35,0.9262,-1,-1,-1
60,-1,786.91,215.29,37.06,22.95,0.9068,-1,-1,-1
60,-1,463.19,334.20,50.67,47.63,0.8983,-1,-1,-1
60,-1,511.40,297.75,27.71,23.75,0.8882,-1,-1,-1
60,-1,490.65,293.34,21.42,22.19,0.8690,-1,-1,-1
60,-1,407.78,219.28,45.22,51.72,0.8124,-1,-1,-1
61,-1,386.62,177.29,94.44,56.63,0.9378,-1,-1,-1
61,-1,556.91,182.78,57.78,69.37,0.9283,-1,-1,-1
61,-1,512.14,61.36,72.07,45.87,0.9227,-1,-1,-1
61,-1,784.01,214.95,37.28,22.89,0.8990,-1,-1,-1
61,-1,455.43,334.00,51.44,48.02,0.8985,-1,-1,-1
61,-1,509.27,297.87,27.40,23.57,0.8807,-1,-1,-1
61,-1,488.15,293.48,22.33,21.81,0.8676,-1,-1,-1
61,-1,398.62,217.76,47.63,52.19,0.7432,-1,-1,-1
62,-1,377.32,177.21,93.01,56.77,0.9398,-1,-1,-1
62,-1,548.54,182.80,59.44,70.24,0.9267,-1,-1,-1
62,-1,504.62,61.42,71.32,45.34,0.9265,-1,-1,-1
62,-1,781.03,214.48,37.58,23.04,0.9071,-1,-1,-1
62,-1,447.07,332.31,53.01,49.92,0.9047,-1,-1,-1
62,-1,506.21,297.78,27.37,23.77,0.8809,-1,-1,-1
62,-1,485.47,293.79,21.32,21.78,0.8753,-1,-1,-1
62,-1,392.33,225.00,43.17,46.08,0.7905,-1,-1,-1
62,-1,392.23,223.81,43.36,47.22,0.3046,-1,-1,-1
63,-1,367.36,177.33,93.86,56.60,0.9354,-1,-1,-1
63,-1,541.45,181.61,58.95,70.36,0.9297,-1,-1,-1
63,-1,497.70,61.60,71.05,44.96,0.9296,-1,-1,-1
63,-1,778.64,214.34,36.85,22.77,0.9036,-1,-1,-1
63,-1,439.24,330.47,54.04,51.21,0.8892,-1,-1,-1
63,-1,503.28,297.73,27.70,23.70,0.8872,-1,-1,-1
63,-1,482.52,293.50,21.15,21.85,0.8576,-1,-1,-1
63,-1,381.66,219.31,45.91,51.94,0.7132,-1,-1,-1
64,-1,357.16,177.49,92.57,56.65,0.9390,-1,-1,-1
64,-1,490.71,61.48,70.53,45.19,0.9305,-1,-1,-1
64,-1,533.35,182.86,60.24,68.99,0.9282,-1,-1,-1
64,-1,775.37,213.94,37.15,22.94,0.9074,-1,-1,-1
64,-1,431.18,338.90,54.34,42.79,0.8950,-1,-1,-1
64,-1,501.16,297.71,27.20,23.73,0.8795,-1,-1,-1
64,-1,479.82,293.57,22.03,21.74,0.8709,-1,-1,-1
64,-1,370.97,219.69,47.22,51.71,0.8148,-1,-1,-1
64,-1,371.09,219.15,47.25,52.15,0.3845,-1,-1,-1
65,-1,348.47,177.23,90.65,57.02,0.9372,-1,-1,-1
65,-1,526.03,183.17,60.10,68.52,0.9296,-1,-1,-1
65,-1,483.73,61.65,69.89,45.01,0.9288,-1,-1,-1
65,-1,772.07,213.64,37.79,22.72,0.9086,-1,-1,-1
65,-1,423.80,333.26,54.67,48.64,0.8921,-1,-1,-1
65,-1,477.04,293.65,22.03,21.81,0.8823,-1,-1,-1
65,-1,498.42,297.75,27.10,23.73,0.8764,-1,-1,-1
65,-1,361.89,220.56,47.88,51.12,0.8470,-1,-1,-1
66,-1,338.09,177.53,90.82,56.92,0.9369,-1,-1,-1
66,-1,518.29,183.04,60.35,68.85,0.9299,-1,-1,-1
66,-1,476.94,61.73,69.19,44.78,0.9265,-1,-1,-1
66,-1,769.54,213.32,37.30,22.88,0.9080,-1,-1,-1
66,-1,416.36,331.42,55.05,50.93,0.8982,-1,-1,-1
66,-1,495.40,297.77,27.43,23.66,0.8818,-1,-1,-1
66,-1,474.28,293.40,21.64,22.10,0.8662,-1,-1,-1
66,-1,353.97,222.10,47.01,49.51,0.8371,-1,-1,-1
66,-1,457.32,242.63,23.70,38.70,0.4715,-1,-1,-1
66,-1,353.84,222.31,47.16,49.40,0.3788,-1,-1,-1
67,-1,328.91,177.93,89.91,56.57,0.9396,-1,-1,-1
67,-1,513.75,182.00,57.85,70.42,0.9287,-1,-1,-1
67,-1,470.22,61.68,69.13,45.13,0.9251,-1,-1,-1
67,-1,766.97,212.87,37.16,23.05,0.9101,-1,-1,-1
67,-1,408.49,331.31,55.57,50.96,0.9016,-1,-1,-1
67,-1,492.91,297.96,27.52,23.24,0.8768,-1,-1,-1
67,-1,471.87,293.39,22.30,22.17,0.8742,-1,-1,-1
67,-1,344.70,222.46,47.11,49.59,0.8245,-1,-1,-1
67,-1,454.55,242.87,21.67,38.14,0.4025,-1,-1,-1
68,-1,319.23,178.02,88.64,56.61,0.9339,-1,-1,-1
68,-1,463.28,61.80,69.08,45.07,0.9282,-1,-1,-1
68,-1,505.93,182.77,58.62,70.18,0.9254,-1,-1,-1
68,-1,763.97,212.61,37.42,23.14,0.9116,-1,-1,-1
68,-1,400.83,331.45,56.63,50.95,0.9074,-1,-1,-1
68,-1,469.15,293.65,22.26,21.93,0.8841,-1,-1,-1
68,-1,490.51,297.96,26.89,23.42,0.8773,-1,-1,-1
68,-1,335.74,222.83,47.87,49.04,0.8236,-1,-1,-1
68,-1,451.91,242.67,24.72,38.97,0.4501,-1,-1,-1
68,-1,335.74,222.72,48.27,49.18,0.2932,-1,-1,-1
69,-1,309.09,177.97,88.78,56.66,0.9361,-1,-1,-1
69,-1,499.33,182.95,57.58,68.47,0.9311,-1,-1,-1
69,-1,456.78,61.81,67.57,45.05,0.9249,-1,-1,-1
69,-1,761.34,212.43,37.26,23.15,0.9092,-1,-1,-1
69,-1,393.20,330.65,56.59,51.72,0.9012,-1,-1,-1
69,-1,487.85,297.82,26.98,23.51,0.8861,-1,-1,-1
69,-1,466.18,293.60,21.92,21.84,0.8611,-1,-1,-1
69,-1,326.94,224.12,48.20,47.85,0.7082,-1,-1,-1
69,-1,449.71,242.89,20.54,37.51,0.3553,-1,-1,-1
70,-1,300.06,178.15,87.37,56.78,0.9379,-1,-1,-1
70,-1,450.15,62.00,67.39,44.91,0.9301,-1,-1,-1
70,-1,492.54,182.25,57.97,69.57,0.9255,-1,-1,-1
70,-1,758.39,212.34,37.67,23.19,0.9099,-1,-1,-1
70,-1,385.27,330.48,58.51,51.98,0.9045,-1,-1,-1
70,-1,484.97,298.04,27.54,23.19,0.8795,-1,-1,-1
70,-1,463.86,293.50,22.12,22.62,0.8776,-1,-1,-1
70,-1,318.00,224.17,48.61,47.88,0.8288,-1,-1,-1
70,-1,318.00,224.25,47.90,47.64,0.8273,-1,-1,-1
71,-1,290.29,178.11,87.68,56.81,0.9367,-1,-1,-1
71,-1,443.45,61.97,67.09,44.91,0.9269,-1,-1,-1
71,-1,486.06,181.70,57.10,69.74,0.9254,-1,-1,-1
71,-1,755.90,212.37,37.44,23.22,0.9108,-1,-1,-1
71,-1,378.28,331.46,58.96,50.96,0.9106,-1,-1,-1
71,-1,461.11,293.88,22.82,22.01,0.8814,-1,-1,-1
71,-1,482.45,297.92,27.18,23.49,0.8774,-1,-1,-1
71,-1,309.53,225.28,48.49,46.97,0.8276,-1,-1,-1
71,-1,309.51,225.00,48.56,47.23,0.3524,-1,-1,-1
71,-1,444.58,242.69,21.97,38.07,0.3487,-1,-1,-1
72,-1,280.85,178.29,87.29,56.84,0.9366,-1,-1,-1
72,-1,479.16,183.13,57.46,68.59,0.9300,-1,-1,-1
72,-1,437.25,61.66,65.77,45.25,0.9280,-1,-1,-1
72,-1,371.00,330.74,59.58,51.83,0.9194,-1,-1,-1
72,-1,753.11,212.45,37.32,23.19,0.9065,-1,-1,-1
72,-1,480.19,297.99,27.22,23.48,0.8870,-1,-1,-1
72,-1,301.04,225.95,48.61,46.42,0.8835,-1,-1,-1
72,-1,458.27,293.76,22.35,21.96,0.8613,-1,-1,-1
72,-1,301.08,226.00,47.84,46.18,0.7955,-1,-1,-1
72,-1,442.67,242.77,20.28,36.99,0.5122,-1,-1,-1
73,-1,271.71,178.26,86.40,56.41,0.9322,-1,-1,-1
73,-1,470.92,183.49,59.11,68.12,0.9270,-1,-1,-1
73,-1,431.21,61.89,65.61,45.18,0.9265,-1,-1,-1
73,-1,363.07,331.86,59.94,50.42,0.9194,-1,-1,-1
73,-1,750.60,212.61,37.46,23.11,0.9106,-1,-1,-1
73,-1,477.72,298.13,27.07,23.34,0.8773,-1,-1,-1
73,-1,456.03,293.84,22.46,21.58,0.8623,-1,-1,-1
73,-1,292.65,226.22,48.72,45.75,0.8293,-1,-1,-1
73,-1,292.71,226.36,49.03,45.66,0.6168,-1,-1,-1
74,-1,262.66,178.22,86.02,56.66,0.9335,-1,-1,-1
74,-1,424.89,61.93,65.42,45.12,0.9296,-1,-1,-1
74,-1,464.86,182.70,58.35,68.87,0.9273,-1,-1,-1
74,-1,747.83,213.02,38.12,22.95,0.9078,-1,-1,-1
74,-1,355.41,331.55,60.78,50.79,0.9073,-1,-1,-1
74,-1,453.55,294.08,22.48,21.34,0.8778,-1,-1,-1
74,-1,475.32,298.02,26.83,23.32,0.8764,-1,-1,-1
74,-1,284.37,226.03,48.72,45.81,0.7838,-1,-1,-1
74,-1,284.22,225.95,49.40,46.01,0.6256,-1,-1,-1
74,-1,438.00,242.12,22.41,37.59,0.5809,-1,-1,-1
75,-1,253.49,178.07,85.23,56.99,0.9321,-1,-1,-1
75,-1,418.59,61.97,64.81,45.01,0.9304,-1,-1,-1
75,-1,457.54,180.66,58.38,71.24,0.9188,-1,-1,-1
75,-1,745.71,213.35,37.20,22.92,0.9083,-1,-1,-1
75,-1,348.42,331.00,60.76,51.31,0.9041,-1,-1,-1
75,-1,472.33,298.12,27.38,23.31,0.8859,-1,-1,-1
75,-1,450.82,293.44,22.57,22.45,0.8644,-1,-1,-1
75,-1,276.28,226.63,49.26,45.03,0.8323,-1,-1,-1
75,-1,435.82,242.41,21.02,36.86,0.5708,-1,-1,-1
76,-1,244.25,177.72,84.68,56.97,0.9359,-1,-1,-1
76,-1,411.84,61.93,64.94,44.80,0.9243,-1,-1,-1
76,-1,453.11,183.98,56.43,68.28,0.9162,-1,-1,-1
76,-1,743.44,213.66,36.88,22.76,0.9089,-1,-1,-1
76,-1,340.87,329.52,61.31,53.17,0.9047,-1,-1,-1
76,-1,469.94,297.94,27.44,23.57,0.8826,-1,-1,-1
76,-1,448.42,293.76,22.53,21.67,0.8626,-1,-1,-1
76,-1,267.91,226.67,49.17,45.19,0.7807,-1,-1,-1
76,-1,433.64,242.58,22.11,36.75,0.3924,-1,-1,-1
77,-1,235.60,177.72,84.75,56.57,0.9360,-1,-1,-1
77,-1,445.64,183.12,57.51,68.98,0.9288,-1,-1,-1
77,-1,406.40,61.77,64.03,44.77,0.9266,-1,-1,-1
77,-1,333.59,330.96,62.08,51.61,0.9116,-1,-1,-1
77,-1,740.90,213.84,37.38,22.89,0.9062,-1,-1,-1
77,-1,445.62,293.83,23.33,21.78,0.8770,-1,-1,-1
77,-1,468.17,297.83,26.95,23.49,0.8768,-1,-1,-1
77,-1,259.94,226.44,49.90,45.36,0.8448,-1,-1,-1
77,-1,431.60,242.64,20.06,36.66,0.2507,-1,-1,-1
78,-1,226.71,177.36,83.84,56.90,0.9356,-1,-1,-1
78,-1,400.45,61.73,63.38,44.90,0.9267,-1,-1,-1
78,-1,327.11,331.04,62.77,51.01,0.9102,-1,-1,-1
78,-1,738.55,214.37,37.27,22.68,0.9079,-1,-1,-1
78,-1,465.05,297.90,27.63,23.52,0.8814,-1,-1,-1
78,-1,439.53,178.81,56.91,72.78,0.8782,-1,-1,-1
78,-1,443.52,293.56,22.09,21.87,0.8729,-1,-1,-1
78,-1,251.76,226.47,49.95,44.93,0.8524,-1,-1,-1
78,-1,251.93,226.96,50.36,44.54,0.4567,-1,-1,-1
78,-1,429.42,242.37,19.40,36.73,0.3582,-1,-1,-1
79,-1,218.98,176.97,82.60,56.92,0.9367,-1,-1,-1
79,-1,394.52,61.55,63.06,45.09,0.9347,-1,-1,-1
79,-1,432.31,182.44,57.41,69.45,0.9330,-1,-1,-1
79,-1,318.21,329.98,64.45,51.82,0.9130,-1,-1,-1
79,-1,736.05,214.69,37.64,22.80,0.9023,-1,-1,-1
79,-1,463.21,297.78,26.90,23.72,0.8807,-1,-1,-1
79,-1,243.90,226.83,49.74,44.54,0.8791,-1,-1,-1
79,-1,440.96,293.76,22.61,21.22,0.8553,-1,-1,-1
79,-1,427.52,241.75,20.55,36.95,0.2754,-1,-1,-1
79,-1,427.53,241.79,20.37,36.87,0.2592,-1,-1,-1
80,-1,209.56,176.75,82.18,57.23,0.9355,-1,-1,-1
80,-1,388.56,61.42,62.43,45.00,0.9351,-1,-1,-1
80,-1,311.66,331.95,64.05,49.78,0.9263,-1,-1,-1
80,-1,733.89,214.72,37.49,22.94,0.9061,-1,-1,-1
80,-1,425.28,181.82,58.09,69.76,0.9034,-1,-1,-1
80,-1,438.60,293.74,22.44,21.31,0.8738,-1,-1,-1
80,-1,460.85,297.93,27.03,23.33,0.8721,-1,-1,-1
80,-1,235.59,226.22,50.20,44.34,0.8410,-1,-1,-1
80,-1,425.33,241.94,19.78,36.30,0.2961,-1,-1,-1
81,-1,200.54,176.37,81.21,57.00,0.9404,-1,-1,-1
81,-1,382.76,61.35,61.32,44.61,0.9302,-1,-1,-1
81,-1,304.21,331.48,64.91,50.05,0.9266,-1,-1,-1
81,-1,418.20,183.14,58.63,68.83,0.9155,-1,-1,-1
81,-1,731.24,215.06,37.97,22.94,0.9098,-1,-1,-1
81,-1,436.16,293.56,22.59,21.35,0.8891,-1,-1,-1
81,-1,458.00,297.65,27.29,23.74,0.8826,-1,-1,-1
81,-1,227.30,225.43,50.59,45.12,0.8820,-1,-1,-1
81,-1,423.19,241.48,19.96,37.45,0.5700,-1,-1,-1
82,-1,192.37,176.40,79.68,56.42,0.9332,-1,-1,-1
82,-1,376.32,61.22,61.10,44.81,0.9261,-1,-1,-1
82,-1,296.16,331.56,65.71,49.77,0.9241,-1,-1,-1
82,-1,728.53,215.31,37.73,23.01,0.9023,-1,-1,-1
82,-1,219.16,224.03,50.66,46.03,0.8912,-1,-1,-1
82,-1,456.42,297.57,26.53,23.72,0.8864,-1,-1,-1
82,-1,433.43,293.25,22.81,21.35,0.8679,-1,-1,-1
82,-1,424.24,190.18,45.88,61.39,0.8463,-1,-1,-1
83,-1,183.18,176.02,79.05,56.63,0.9397,-1,-1,-1
83,-1,289.02,331.03,65.57,50.15,0.9275,-1,-1,-1
83,-1,369.89,60.93,61.10,45.08,0.9270,-1,-1,-1
83,-1,726.05,215.47,38.11,22.90,0.9062,-1,-1,-1
83,-1,452.94,297.65,27.77,23.54,0.8759,-1,-1,-1
83,-1,430.50,293.42,23.28,21.15,0.8668,-1,-1,-1
83,-1,210.82,222.51,51.12,47.45,0.8667,-1,-1,-1
83,-1,416.92,188.54,45.65,62.98,0.8495,-1,-1,-1
84,-1,174.17,175.96,78.59,56.47,0.9329,-1,-1,-1
84,-1,364.02,61.26,60.35,44.68,0.9309,-1,-1,-1
84,-1,281.39,331.50,67.47,49.53,0.9302,-1,-1,-1
84,-1,396.55,184.09,59.70,67.20,0.9196,-1,-1,-1
84,-1,723.66,215.70,37.84,22.77,0.9087,-1,-1,-1
84,-1,427.63,293.13,23.22,21.89,0.8908,-1,-1,-1
84,-1,202.32,220.92,51.54,48.55,0.8811,-1,-1,-1
84,-1,450.57,297.45,27.10,23.83,0.8728,-1,-1,-1
85,-1,273.80,331.53,67.88,49.51,0.9384,-1,-1,-1
85,-1,164.98,175.70,78.30,56.67,0.9369,-1,-1,-1
85,-1,357.45,61.15,59.72,44.86,0.9270,-1,-1,-1
85,-1,401.70,188.80,47.61,62.65,0.9106,-1,-1,-1
85,-1,720.69,215.65,38.22,23.06,0.9059,-1,-1,-1
85,-1,448.30,297.54,27.22,23.65,0.8790,-1,-1,-1
85,-1,424.97,292.98,23.48,21.55,0.8692,-1,-1,-1
85,-1,194.67,219.90,51.25,49.53,0.8603,-1,-1,-1
86,-1,155.86,175.66,78.41,56.61,0.9396,-1,-1,-1
86,-1,266.80,330.37,67.58,50.48,0.9327,-1,-1,-1
86,-1,351.26,61.07,59.18,44.65,0.9293,-1,-1,-1
86,-1,393.05,189.21,49.50,62.31,0.9126,-1,-1,-1
86,-1,718.89,215.63,37.23,22.93,0.9076,-1,-1,-1
86,-1,187.22,213.27,50.61,55.98,0.8743,-1,-1,-1
86,-1,445.11,297.62,27.96,23.39,0.8732,-1,-1,-1
86,-1,423.20,293.27,23.11,21.22,0.8604,-1,-1,-1
87,-1,145.60,175.59,78.50,56.73,0.9323,-1,-1,-1
87,-1,343.13,61.17,60.07,44.66,0.9282,-1,-1,-1
87,-1,259.06,330.10,68.48,50.94,0.9279,-1,-1,-1
87,-1,385.41,188.42,49.61,63.17,0.9246,-1,-1,-1
87,-1,715.75,215.66,37.80,22.99,0.9088,-1,-1,-1
87,-1,420.79,293.14,23.52,21.31,0.8897,-1,-1,-1
87,-1,444.00,297.17,26.12,23.91,0.8732,-1,-1,-1
87,-1,179.14,210.27,50.64,59.12,0.8436,-1,-1,-1
88,-1,136.05,175.69,78.21,56.72,0.9395,-1,-1,-1
88,-1,251.16,330.34,69.44,50.67,0.9364,-1,-1,-1
88,-1,336.64,61.28,59.83,44.62,0.9276,-1,-1,-1
88,-1,377.36,188.36,51.31,62.81,0.9208,-1,-1,-1
88,-1,713.31,215.52,37.71,23.08,0.9098,-1,-1,-1
88,-1,170.56,212.25,50.64,57.37,0.8970,-1,-1,-1
88,-1,440.25,297.49,27.43,23.60,0.8854,-1,-1,-1
88,-1,417.69,292.60,23.19,22.15,0.8737,-1,-1,-1
89,-1,126.16,175.81,78.24,56.70,0.9322,-1,-1,-1
89,-1,243.00,329.98,70.87,51.09,0.9311,-1,-1,-1
89,-1,330.23,61.02,58.72,44.84,0.9278,-1,-1,-1
89,-1,369.62,186.51,51.84,64.91,0.9253,-1,-1,-1
89,-1,162.56,212.42,50.10,57.20,0.9055,-1,-1,-1
89,-1,710.88,215.41,37.17,22.90,0.9053,-1,-1,-1
89,-1,437.42,297.55,27.75,23.52,0.8773,-1,-1,-1
89,-1,415.33,292.88,23.21,22.02,0.8658,-1,-1,-1
90,-1,116.12,176.27,78.12,56.14,0.9337,-1,-1,-1
90,-1,360.86,187.18,53.61,65.07,0.9309,-1,-1,-1
90,-1,323.99,60.88,57.75,45.17,0.9252,-1,-1,-1
90,-1,235.34,330.43,71.45,50.87,0.9189,-1,-1,-1
90,-1,707.62,215.21,37.57,22.95,0.9114,-1,-1,-1
90,-1,152.51,210.83,51.82,59.12,0.9019,-1,-1,-1
90,-1,412.88,293.02,23.42,22.03,0.8891,-1,-1,-1
90,-1,435.63,297.18,26.71,24.01,0.8746,-1,-1,-1
91,-1,105.45,176.26,78.37,56.87,0.9383,-1,-1,-1
91,-1,352.92,186.91,54.84,64.81,0.9375,-1,-1,-1
91,-1,316.21,61.07,57.98,45.41,0.9279,-1,-1,-1
91,-1,227.85,330.67,71.93,50.77,0.9204,-1,-1,-1
91,-1,143.34,209.83,52.75,60.39,0.9075,-1,-1,-1
91,-1,705.20,214.93,37.04,22.81,0.9069,-1,-1,-1
91,-1,432.11,297.63,27.69,23.57,0.8812,-1,-1,-1
91,-1,410.60,292.79,21.87,22.41,0.8585,-1,-1,-1
92,-1,95.77,176.77,78.94,56.51,0.9334,-1,-1,-1
92,-1,309.68,61.25,56.85,45.64,0.9260,-1,-1,-1
92,-1,344.57,186.67,55.93,65.14,0.9201,-1,-1,-1
92,-1,220.10,330.61,72.83,51.23,0.9201,-1,-1,-1
92,-1,702.37,214.64,37.32,23.02,0.9046,-1,-1,-1
92,-1,134.91,209.84,52.78,60.69,0.9014,-1,-1,-1
92,-1,428.91,297.88,28.61,23.41,0.8729,-1,-1,-1
92,-1,407.38,292.95,23.30,21.90,0.8523,-1,-1,-1
92,-1,397.43,241.44,19.01,34.18,0.3179,-1,-1,-1
93,-1,85.53,177.22,79.59,56.70,0.9353,-1,-1,-1
93,-1,302.70,61.64,56.51,45.15,0.9265,-1,-1,-1
93,-1,336.47,185.08,56.35,66.95,0.9256,-1,-1,-1
93,-1,212.57,330.55,73.55,51.56,0.9164,-1,-1,-1
93,-1,699.03,214.36,37.89,22.99,0.9055,-1,-1,-1
93,-1,125.43,209.45,53.85,61.37,0.8856,-1,-1,-1
93,-1,405.54,292.93,22.43,22.54,0.8780,-1,-1,-1
93,-1,427.78,297.94,26.56,23.35,0.8688,-1,-1,-1
93,-1,395.24,242.48,19.17,32.18,0.5808,-1,-1,-1
94,-1,75.60,177.30,79.61,57.65,0.9418,-1,-1,-1
94,-1,295.29,61.71,56.29,45.56,0.9262,-1,-1,-1
94,-1,205.06,330.83,73.86,51.64,0.9226,-1,-1,-1
94,-1,328.74,184.34,58.46,67.44,0.9224,-1,-1,-1
94,-1,696.28,214.07,37.46,22.91,0.9055,-1,-1,-1
94,-1,424.05,297.86,27.59,23.59,0.8844,-1,-1,-1
94,-1,116.28,210.35,54.08,61.10,0.8755,-1,-1,-1
94,-1,402.06,293.24,22.26,22.24,0.8511,-1,-1,-1
95,-1,64.72,178.11,80.57,56.57,0.9305,-1,-1,-1
95,-1,322.05,182.73,56.57,69.17,0.9298,-1,-1,-1
95,-1,288.15,61.85,56.38,45.35,0.9235,-1,-1,-1
95,-1,197.23,328.78,74.64,54.01,0.9156,-1,-1,-1
95,-1,692.90,213.76,38.07,22.91,0.9022,-1,-1,-1
95,-1,106.93,209.90,55.21,62.20,0.8821,-1,-1,-1
95,-1,421.47,298.16,27.85,23.42,0.8784,-1,-1,-1
95,-1,399.28,293.06,23.15,22.57,0.8614,-1,-1,-1
95,-1,389.90,241.92,19.84,32.92,0.6418,-1,-1,-1
96,-1,55.08,178.42,80.85,56.88,0.9344,-1,-1,-1
96,-1,189.56,331.02,75.05,52.06,0.9267,-1,-1,-1
96,-1,281.01,62.14,55.91,45.36,0.9250,-1,-1,-1
96,-1,314.99,181.80,56.35,70.79,0.9237,-1,-1,-1
96,-1,689.53,213.52,38.64,23.05,0.9088,-1,-1,-1
96,-1,397.48,293.40,22.58,22.71,0.8811,-1,-1,-1
96,-1,419.79,298.29,26.57,23.38,0.8726,-1,-1,-1
96,-1,98.21,209.01,55.13,63.17,0.8071,-1,-1,-1
96,-1,387.38,242.43,19.43,32.26,0.6932,-1,-1,-1
97,-1,44.76,178.83,81.51,56.56,0.9319,-1,-1,-1
97,-1,273.99,62.51,55.57,44.92,0.9240,-1,-1,-1
97,-1,182.23,332.24,75.71,51.22,0.9196,-1,-1,-1
97,-1,306.64,180.94,57.32,71.64,0.9177,-1,-1,-1
97,-1,686.69,213.31,38.35,23.01,0.9143,-1,-1,-1
97,-1,89.05,207.72,56.12,64.63,0.8832,-1,-1,-1
97,-1,417.08,298.32,26.89,23.63,0.8813,-1,-1,-1
97,-1,394.17,293.56,22.86,22.32,0.8625,-1,-1,-1
98,-1,34.83,179.05,80.77,56.86,0.9288,-1,-1,-1
98,-1,298.28,182.30,58.86,70.15,0.9248,-1,-1,-1
98,-1,174.61,332.61,76.93,51.03,0.9234,-1,-1,-1
98,-1,267.13,62.56,54.93,44.96,0.9209,-1,-1,-1
98,-1,683.50,213.21,39.37,23.02,0.9067,-1,-1,-1
98,-1,413.74,298.52,27.60,23.45,0.8748,-1,-1,-1
98,-1,390.83,293.02,23.77,23.09,0.8668,-1,-1,-1
98,-1,80.50,207.15,56.53,66.15,0.8649,-1,-1,-1
99,-1,24.88,179.48,81.38,56.86,0.9334,-1,-1,-1
99,-1,290.51,183.54,59.34,68.87,0.9244,-1,-1,-1
99,-1,166.59,332.59,78.50,51.27,0.9231,-1,-1,-1
99,-1,259.62,62.76,55.86,44.94,0.9192,-1,-1,-1
99,-1,681.29,213.28,38.67,22.89,0.9100,-1,-1,-1
99,-1,389.23,293.68,23.52,22.59,0.8817,-1,-1,-1
99,-1,412.44,298.52,26.03,23.59,0.8765,-1,-1,-1
99,-1,71.36,206.97,57.53,66.04,0.8596,-1,-1,-1
99,-1,379.96,242.86,18.95,30.03,0.4631,-1,-1,-1
100,-1,15.01,179.71,81.08,56.85,0.9286,-1,-1,-1
100,-1,285.83,181.40,57.95,71.75,0.9223,-1,-1,-1
100,-1,158.78,333.54,79.19,50.31,0.9222,-1,-1,-1
100,-1,251.70,63.09,56.06,44.80,0.9216,-1,-1,-1
100,-1,678.66,213.00,38.28,23.06,0.9144,-1,-1,-1
100,-1,62.45,208.08,58.55,65.49,0.8964,-1,-1,-1
100,-1,409.23,298.40,26.99,23.80,0.8847,-1,-1,-1
100,-1,385.96,293.53,23.51,22.44,0.8761,-1,-1,-1
101,-1,4.89,179.97,81.51,56.24,0.9323,-1,-1,-1
101,-1,245.64,63.19,55.41,44.76,0.9281,-1,-1,-1
101,-1,277.90,183.51,58.39,69.38,0.9269,-1,-1,-1
101,-1,151.85,332.21,79.14,51.98,0.9239,-1,-1,-1
101,-1,53.71,207.54,58.82,66.05,0.9188,-1,-1,-1
101,-1,675.65,213.04,38.93,23.04,0.9058,-1,-1,-1
101,-1,406.67,298.48,26.84,23.76,0.8776,-1,-1,-1
101,-1,382.91,293.32,24.26,23.05,0.8711,-1,-1,-1
102,-1,272.90,182.00,56.75,70.94,0.9300,-1,-1,-1
102,-1,0.00,179.80,76.71,56.55,0.9294,-1,-1,-1
102,-1,239.47,63.27,54.63,44.62,0.9249,-1,-1,-1
102,-1,45.25,208.12,60.04,65.45,0.9246,-1,-1,-1
102,-1,144.20,331.80,80.48,52.21,0.9222,-1,-1,-1
102,-1,673.21,213.09,38.60,23.04,0.9123,-1,-1,-1
102,-1,404.88,298.68,25.92,23.62,0.8780,-1,-1,-1
102,-1,381.17,293.56,24.19,22.49,0.8713,-1,-1,-1
103,-1,0.02,179.77,66.94,56.26,0.9292,-1,-1,-1
103,-1,137.07,332.86,81.00,51.08,0.9276,-1,-1,-1
103,-1,36.61,207.86,60.04,65.46,0.9233,-1,-1,-1
103,-1,266.25,183.13,56.16,70.01,0.9227,-1,-1,-1
103,-1,233.24,63.30,54.25,44.61,0.9217,-1,-1,-1
103,-1,670.73,213.19,38.31,23.02,0.9129,-1,-1,-1
103,-1,401.86,298.54,26.90,23.61,0.8857,-1,-1,-1
103,-1,378.20,293.38,23.70,22.70,0.8813,-1,-1,-1
104,-1,0.04,179.25,57.93,56.91,0.9412,-1,-1,-1
104,-1,259.25,183.21,56.53,69.46,0.9280,-1,-1,-1
104,-1,28.45,207.77,60.91,65.42,0.9231,-1,-1,-1
104,-1,129.27,333.28,82.17,50.27,0.9223,-1,-1,-1
104,-1,226.26,63.06,54.38,45.52,0.9208,-1,-1,-1
104,-1,668.35,213.31,38.77,22.98,0.9085,-1,-1,-1
104,-1,400.10,297.94,25.99,23.98,0.8741,-1,-1,-1
104,-1,376.00,293.27,24.24,23.36,0.8664,-1,-1,-1
105,-1,253.00,184.11,56.77,68.63,0.9263,-1,-1,-1
105,-1,122.07,332.94,82.53,50.47,0.9251,-1,-1,-1
105,-1,0.00,178.56,48.31,57.00,0.9222,-1,-1,-1
105,-1,19.74,206.79,61.59,65.86,0.9196,-1,-1,-1
105,-1,220.23,62.68,54.53,45.12,0.9159,-1,-1,-1
105,-1,666.13,213.35,38.32,23.14,0.9127,-1,-1,-1
105,-1,373.11,293.41,24.46,22.68,0.8759,-1,-1,-1
105,-1,397.05,298.44,26.66,23.55,0.8725,-1,-1,-1
106,-1,245.68,183.27,57.96,69.41,0.9279,-1,-1,-1
106,-1,114.20,332.94,84.04,50.11,0.9254,-1,-1,-1
106,-1,11.75,206.65,61.94,65.78,0.9239,-1,-1,-1
106,-1,214.59,62.14,53.61,45.73,0.9214,-1,-1,-1
106,-1,663.75,213.55,38.07,23.12,0.9076,-1,-1,-1
106,-1,0.00,178.55,39.31,56.68,0.8903,-1,-1,-1
106,-1,370.89,293.30,24.25,22.81,0.8838,-1,-1,-1
106,-1,393.75,298.13,27.73,23.72,0.8801,-1,-1,-1
107,-1,238.48,183.51,58.63,68.97,0.9314,-1,-1,-1
107,-1,106.25,332.05,85.44,50.51,0.9280,-1,-1,-1
107,-1,2.82,205.92,62.93,66.00,0.9229,-1,-1,-1
107,-1,208.08,62.06,53.16,43.77,0.9198,-1,-1,-1
107,-1,660.47,213.68,38.89,23.22,0.9087,-1,-1,-1
107,-1,392.66,297.88,26.25,23.96,0.8774,-1,-1,-1
107,-1,368.47,293.00,24.67,23.06,0.8727,-1,-1,-1
107,-1,0.00,181.22,29.68,53.63,0.8701,-1,-1,-1
108,-1,100.26,331.22,85.17,51.14,0.9289,-1,-1,-1
108,-1,232.70,181.39,57.01,70.61,0.9274,-1,-1,-1
108,-1,0.03,204.97,57.95,66.50,0.9257,-1,-1,-1
108,-1,658.48,214.09,38.50,22.93,0.9047,-1,-1,-1
108,-1,202.58,62.04,52.17,45.04,0.9013,-1,-1,-1
108,-1,389.28,297.69,27.67,24.00,0.8769,-1,-1,-1
108,-1,365.78,292.95,24.64,22.99,0.8630,-1,-1,-1
108,-1,0.00,186.74,21.03,47.84,0.5340,-1,-1,-1
109,-1,0.05,203.43,50.09,67.47,0.9322,-1,-1,-1
109,-1,225.87,182.44,57.10,69.67,0.9295,-1,-1,-1
109,-1,91.72,332.29,86.78,49.65,0.9266,-1,-1,-1
109,-1,656.78,214.36,38.21,22.94,0.9087,-1,-1,-1
109,-1,196.32,61.89,52.68,44.06,0.9010,-1,-1,-1
109,-1,363.17,293.01,25.62,22.80,0.8883,-1,-1,-1
109,-1,388.44,297.07,25.25,24.64,0.8755,-1,-1,-1
109,-1,0.00,184.16,11.21,54.73,0.3946,-1,-1,-1
109,-1,0.00,185.92,12.51,73.33,0.2662,-1,-1,-1
110,-1,0.03,202.92,42.72,67.55,0.9309,-1,-1,-1
110,-1,85.46,331.21,86.17,50.33,0.9284,-1,-1,-1
110,-1,219.41,181.97,57.38,70.42,0.9247,-1,-1,-1
110,-1,653.50,214.49,38.85,23.06,0.9092,-1,-1,-1
110,-1,190.21,61.63,62.89,44.27,0.9038,-1,-1,-1
110,-1,385.58,297.45,26.12,24.19,0.8798,-1,-1,-1
110,-1,361.31,292.68,24.67,22.66,0.8733,-1,-1,-1
111,-1,78.74,331.57,87.09,49.52,0.9276,-1,-1,-1
111,-1,213.35,180.56,56.65,70.82,0.9253,-1,-1,-1
111,-1,0.00,202.75,35.37,67.03,0.9150,-1,-1,-1
111,-1,651.44,214.65,38.53,23.21,0.9074,-1,-1,-1
111,-1,383.40,297.28,25.89,24.29,0.8699,-1,-1,-1
111,-1,358.31,292.50,24.78,22.67,0.8651,-1,-1,-1
111,-1,183.41,61.02,63.61,43.66,0.8446,-1,-1,-1
112,-1,71.22,331.20,87.84,49.49,0.9284,-1,-1,-1
112,-1,206.60,180.73,56.94,70.45,0.9271,-1,-1,-1
112,-1,647.86,214.70,39.71,23.22,0.9108,-1,-1,-1
112,-1,0.02,199.93,27.63,69.36,0.8955,-1,-1,-1
112,-1,177.37,60.51,53.46,43.31,0.8872,-1,-1,-1
112,-1,355.75,292.44,25.58,22.25,0.8763,-1,-1,-1
112,-1,380.78,297.26,25.48,24.15,0.8727,-1,-1,-1
113,-1,199.69,181.64,57.47,68.96,0.9317,-1,-1,-1
113,-1,62.97,330.74,89.17,49.51,0.9288,-1,-1,-1
113,-1,646.99,214.96,38.31,23.04,0.9042,-1,-1,-1
113,-1,171.00,60.04,51.19,42.98,0.8923,-1,-1,-1
113,-1,377.61,297.27,27.10,24.12,0.8750,-1,-1,-1
113,-1,353.37,292.39,24.77,21.84,0.8740,-1,-1,-1
113,-1,0.00,202.80,19.88,66.43,0.8256,-1,-1,-1
114,-1,193.07,181.39,57.16,69.17,0.9336,-1,-1,-1
114,-1,54.98,330.98,90.78,49.00,0.9280,-1,-1,-1
114,-1,643.44,214.97,39.26,23.26,0.9044,-1,-1,-1
114,-1,164.81,59.68,49.61,42.94,0.8963,-1,-1,-1
114,-1,350.49,292.26,25.17,22.10,0.8743,-1,-1,-1
114,-1,375.75,297.04,25.84,24.24,0.8729,-1,-1,-1
114,-1,0.00,216.82,11.95,50.08,0.7735,-1,-1,-1
115,-1,47.67,329.83,91.21,50.06,0.9309,-1,-1,-1
115,-1,186.00,180.77,57.26,69.46,0.9300,-1,-1,-1
115,-1,640.96,214.95,39.42,23.39,0.9075,-1,-1,-1
115,-1,348.18,292.07,25.37,21.85,0.8775,-1,-1,-1
115,-1,373.47,297.12,25.73,23.83,0.8743,-1,-1,-1
115,-1,158.22,59.59,49.08,42.96,0.8064,-1,-1,-1
116,-1,40.12,330.26,92.71,49.46,0.9288,-1,-1,-1
116,-1,179.43,180.72,57.13,69.36,0.9275,-1,-1,-1
116,-1,639.07,215.12,38.56,23.09,0.9030,-1,-1,-1
116,-1,345.43,292.10,25.76,21.80,0.8867,-1,-1,-1
116,-1,370.79,296.81,26.19,24.14,0.8711,-1,-1,-1
116,-1,151.91,59.26,51.13,41.72,0.8524,-1,-1,-1
117,-1,33.90,328.99,92.33,50.59,0.9307,-1,-1,-1
117,-1,172.07,180.83,57.33,69.20,0.9288,-1,-1,-1
117,-1,635.76,215.14,39.34,23.19,0.9051,-1,-1,-1
117,-1,342.37,292.22,26.71,21.68,0.8808,-1,-1,-1
117,-1,368.43,296.86,25.37,24.33,0.8684,-1,-1,-1
117,-1,145.33,59.11,52.54,41.76,0.8119,-1,-1,-1
118,-1,165.33,180.86,56.93,69.26,0.9295,-1,-1,-1
118,-1,27.61,329.91,91.90,49.76,0.9269,-1,-1,-1
118,-1,633.19,214.96,39.44,23.37,0.9058,-1,-1,-1
118,-1,138.17,59.57,46.34,40.47,0.8987,-1,-1,-1
118,-1,340.10,292.13,26.19,21.71,0.8739,-1,-1,-1
118,-1,366.37,297.01,25.47,24.04,0.8684,-1,-1,-1
119,-1,158.05,180.75,57.44,69.57,0.9308,-1,-1,-1
119,-1,18.89,330.20,93.49,49.82,0.9265,-1,-1,-1
119,-1,630.78,214.89,38.85,23.17,0.9043,-1,-1,-1
119,-1,337.21,292.21,26.46,22.17,0.8811,-1,-1,-1
119,-1,363.93,296.80,25.33,24.48,0.8721,-1,-1,-1
119,-1,131.64,59.69,48.49,40.23,0.8695,-1,-1,-1
120,-1,150.83,181.37,57.69,69.18,0.9312,-1,-1,-1
120,-1,11.67,330.71,93.92,49.60,0.9263,-1,-1,-1
120,-1,628.04,214.66,38.90,23.26,0.9037,-1,-1,-1
120,-1,334.55,292.48,26.74,21.68,0.8805,-1,-1,-1
120,-1,361.07,296.99,24.93,24.36,0.8759,-1,-1,-1
120,-1,124.11,59.73,45.88,40.89,0.8606,-1,-1,-1
121,-1,143.42,181.52,58.20,69.30,0.9333,-1,-1,-1
121,-1,4.28,330.42,94.32,50.27,0.9266,-1,-1,-1
121,-1,624.78,214.50,39.32,23.40,0.9086,-1,-1,-1
121,-1,357.92,297.27,25.52,23.77,0.8738,-1,-1,-1
121,-1,332.12,292.71,26.13,21.72,0.8728,-1,-1,-1
121,-1,117.17,60.05,49.38,42.18,0.8659,-1,-1,-1
122,-1,136.03,182.30,58.57,69.05,0.9334,-1,-1,-1
122,-1,0.02,331.24,91.50,50.07,0.9270,-1,-1,-1
122,-1,622.16,214.53,39.17,23.14,0.9058,-1,-1,-1
122,-1,328.98,292.64,26.95,22.25,0.8836,-1,-1,-1
122,-1,356.01,297.05,25.45,24.61,0.8719,-1,-1,-1
122,-1,110.55,60.80,46.52,42.85,0.8577,-1,-1,-1
123,-1,128.72,182.87,58.67,68.83,0.9343,-1,-1,-1
123,-1,0.08,330.36,85.29,51.36,0.9248,-1,-1,-1
123,-1,618.96,214.28,39.37,23.27,0.9036,-1,-1,-1
123,-1,326.35,292.94,27.41,21.97,0.8875,-1,-1,-1
123,-1,353.03,297.34,25.77,24.37,0.8775,-1,-1,-1
123,-1,102.74,61.33,47.61,45.10,0.8626,-1,-1,-1
124,-1,121.11,182.92,59.12,69.14,0.9332,-1,-1,-1
124,-1,615.88,214.14,39.67,23.24,0.9045,-1,-1,-1
124,-1,0.29,328.54,77.86,53.78,0.8884,-1,-1,-1
124,-1,323.67,292.99,26.30,22.23,0.8734,-1,-1,-1
124,-1,349.73,297.42,25.89,24.39,0.8684,-1,-1,-1
124,-1,95.67,61.87,45.17,43.57,0.7836,-1,-1,-1
125,-1,113.92,183.13,58.91,69.40,0.9405,-1,-1,-1
125,-1,613.03,214.20,39.70,23.12,0.9074,-1,-1,-1
125,-1,0.17,341.83,71.18,40.87,0.9016,-1,-1,-1
125,-1,320.89,293.36,27.47,22.39,0.8876,-1,-1,-1
125,-1,348.05,297.50,25.67,24.34,0.8739,-1,-1,-1
125,-1,88.64,62.27,43.43,42.28,0.7896,-1,-1,-1
126,-1,106.22,183.97,59.57,68.84,0.9334,-1,-1,-1
126,-1,609.83,213.87,39.66,23.18,0.9073,-1,-1,-1
126,-1,317.81,293.67,28.00,21.99,0.8872,-1,-1,-1
126,-1,344.82,297.75,26.10,24.33,0.8826,-1,-1,-1
126,-1,0.00,343.54,64.35,39.53,0.8732,-1,-1,-1
126,-1,81.29,62.50,38.44,35.86,0.7970,-1,-1,-1
127,-1,99.32,184.43,59.48,68.62,0.9365,-1,-1,-1
127,-1,606.96,213.56,39.73,23.28,0.9099,-1,-1,-1
127,-1,0.00,344.41,57.10,39.21,0.8838,-1,-1,-1
127,-1,342.14,298.09,26.21,24.17,0.8751,-1,-1,-1
127,-1,315.13,293.60,27.84,22.77,0.8732,-1,-1,-1
127,-1,74.54,63.10,38.65,37.87,0.7045,-1,-1,-1
128,-1,91.60,184.76,60.22,68.63,0.9331,-1,-1,-1
128,-1,604.47,213.51,39.79,23.44,0.9101,-1,-1,-1
128,-1,0.03,345.63,50.39,38.47,0.9003,-1,-1,-1
128,-1,312.95,294.20,27.79,21.87,0.8843,-1,-1,-1
128,-1,67.36,63.14,35.41,33.68,0.8740,-1,-1,-1
128,-1,340.27,298.27,25.76,24.08,0.8723,-1,-1,-1
129,-1,84.47,185.07,59.86,68.55,0.9317,-1,-1,-1
129,-1,0.00,353.65,43.45,30.91,0.9156,-1,-1,-1
129,-1,601.62,213.30,40.02,23.47,0.9070,-1,-1,-1
129,-1,309.92,294.13,28.18,22.12,0.8835,-1,-1,-1
129,-1,336.70,298.36,26.59,23.73,0.8807,-1,-1,-1
129,-1,60.59,63.69,33.66,32.62,0.8687,-1,-1,-1
130,-1,77.27,185.38,60.27,68.48,0.9336,-1,-1,-1
130,-1,598.58,213.36,39.83,23.38,0.9105,-1,-1,-1
130,-1,0.00,354.94,36.66,30.11,0.9057,-1,-1,-1
130,-1,307.10,294.14,27.75,22.30,0.8794,-1,-1,-1
130,-1,334.23,298.50,26.70,23.89,0.8763,-1,-1,-1
130,-1,53.27,63.80,36.90,36.04,0.7398,-1,-1,-1
131,-1,70.42,184.82,60.29,68.97,0.9423,-1,-1,-1
131,-1,595.87,213.46,40.58,23.18,0.9128,-1,-1,-1
131,-1,0.01,355.31,29.93,29.34,0.8933,-1,-1,-1
131,-1,304.49,294.63,28.43,21.95,0.8870,-1,-1,-1
131,-1,332.79,298.58,25.98,23.78,0.8766,-1,-1,-1
131,-1,46.37,64.12,37.99,41.87,0.8116,-1,-1,-1
131,-1,305.92,241.51,21.31,38.50,0.4421,-1,-1,-1
132,-1,63.31,184.93,60.37,69.14,0.9333,-1,-1,-1
132,-1,593.53,213.28,40.21,23.44,0.9059,-1,-1,-1
132,-1,329.34,298.46,26.25,23.64,0.8884,-1,-1,-1
132,-1,301.98,294.46,28.36,22.07,0.8859,-1,-1,-1
132,-1,0.08,355.11,23.16,30.51,0.8251,-1,-1,-1
132,-1,38.80,64.21,40.69,42.24,0.6450,-1,-1,-1
132,-1,304.45,243.01,18.71,38.43,0.4561,-1,-1,-1
133,-1,56.04,184.92,60.46,69.03,0.9420,-1,-1,-1
133,-1,590.77,213.30,39.66,23.48,0.9135,-1,-1,-1
133,-1,299.29,294.30,28.47,22.25,0.8860,-1,-1,-1
133,-1,327.52,298.44,25.86,23.72,0.8771,-1,-1,-1
133,-1,301.72,240.61,21.05,39.50,0.7752,-1,-1,-1
134,-1,49.30,185.31,60.48,68.61,0.9336,-1,-1,-1
134,-1,588.30,213.56,40.14,23.43,0.9117,-1,-1,-1
134,-1,296.79,294.17,28.26,22.19,0.8838,-1,-1,-1
134,-1,324.90,298.64,25.90,23.42,0.8752,-1,-1,-1
134,-1,299.09,240.24,21.24,40.30,0.7703,-1,-1,-1
134,-1,26.01,63.67,43.36,35.17,0.6367,-1,-1,-1
134,-1,0.01,360.70,10.65,20.12,0.4677,-1,-1,-1
135,-1,42.12,184.62,61.25,68.99,0.9329,-1,-1,-1
135,-1,585.73,213.59,40.04,23.20,0.9070,-1,-1,-1
135,-1,293.95,294.06,28.89,22.22,0.8874,-1,-1,-1
135,-1,321.99,298.55,26.14,23.50,0.8864,-1,-1,-1
135,-1,297.18,239.15,21.49,41.21,0.7183,-1,-1,-1
136,-1,35.88,184.61,60.71,68.68,0.9325,-1,-1,-1
136,-1,582.90,213.65,40.46,23.36,0.9077,-1,-1,-1
136,-1,291.59,294.01,29.22,22.10,0.8847,-1,-1,-1
136,-1,320.48,298.26,25.18,23.66,0.8717,-1,-1,-1
136,-1,294.48,242.73,21.23,37.41,0.6303,-1,-1,-1
137,-1,29.24,183.99,61.48,68.91,0.9455,-1,-1,-1
137,-1,580.79,213.93,40.21,23.35,0.9196,-1,-1,-1
137,-1,289.05,293.82,28.91,21.94,0.8828,-1,-1,-1
137,-1,317.46,298.18,25.55,23.81,0.8728,-1,-1,-1
137,-1,292.03,239.31,22.12,40.38,0.7056,-1,-1,-1
137,-1,6.23,62.54,43.64,39.02,0.6761,-1,-1,-1
138,-1,22.21,183.24,61.75,69.17,0.9347,-1,-1,-1
138,-1,578.31,213.90,39.98,23.18,0.9100,-1,-1,-1
138,-1,286.76,293.48,28.70,22.22,0.8871,-1,-1,-1
138,-1,315.22,297.90,25.58,23.78,0.8774,-1,-1,-1
138,-1,289.67,238.29,22.11,40.81,0.7437,-1,-1,-1
139,-1,15.60,182.49,62.06,69.60,0.9336,-1,-1,-1
139,-1,575.96,214.07,40.36,23.14,0.9043,-1,-1,-1
139,-1,284.42,293.41,28.66,22.07,0.8848,-1,-1,-1
139,-1,312.28,297.56,26.30,23.65,0.8826,-1,-1,-1
139,-1,287.68,238.17,21.48,40.33,0.6615,-1,-1,-1
140,-1,8.96,182.53,61.76,68.79,0.9359,-1,-1,-1
140,-1,573.69,214.22,39.97,23.15,0.9114,-1,-1,-1
140,-1,281.75,293.20,29.19,22.29,0.8914,-1,-1,-1
140,-1,310.23,297.25,26.06,23.98,0.8717,-1,-1,-1
140,-1,285.67,241.90,22.42,36.25,0.7821,-1,-1,-1
141,-1,2.02,181.73,62.14,69.14,0.9297,-1,-1,-1
141,-1,570.80,214.17,40.43,23.28,0.9090,-1,-1,-1
141,-1,279.28,292.92,29.08,21.88,0.8904,-1,-1,-1
141,-1,308.03,296.95,26.10,24.30,0.8708,-1,-1,-1
141,-1,283.01,242.58,19.98,36.94,0.5725,-1,-1,-1
142,-1,0.08,181.00,58.01,69.38,0.9353,-1,-1,-1
142,-1,568.61,214.31,40.55,23.27,0.9042,-1,-1,-1
142,-1,276.88,292.75,28.95,21.78,0.8895,-1,-1,-1
142,-1,305.12,297.00,25.90,23.75,0.8764,-1,-1,-1
142,-1,280.89,242.51,21.60,35.96,0.5079,-1,-1,-1
143,-1,0.05,182.74,51.51,67.02,0.9244,-1,-1,-1
143,-1,566.05,214.28,40.23,23.23,0.9094,-1,-1,-1
143,-1,274.12,292.63,29.63,21.72,0.8782,-1,-1,-1
143,-1,303.09,296.82,26.26,23.80,0.8727,-1,-1,-1
143,-1,278.87,236.12,18.52,41.14,0.6546,-1,-1,-1
144,-1,0.00,184.40,44.63,65.03,0.9296,-1,-1,-1
144,-1,563.68,214.55,40.29,23.30,0.9129,-1,-1,-1
144,-1,271.73,292.30,29.79,22.02,0.8811,-1,-1,-1
144,-1,300.75,296.49,26.22,24.18,0.8696,-1,-1,-1
144,-1,276.81,242.79,22.30,34.95,0.6805,-1,-1,-1
145,-1,0.00,184.91,38.18,64.32,0.9085,-1,-1,-1
145,-1,561.21,214.20,40.39,23.59,0.9071,-1,-1,-1
145,-1,269.11,292.30,29.51,21.76,0.8923,-1,-1,-1
145,-1,298.16,296.52,25.88,23.58,0.8751,-1,-1,-1
145,-1,274.54,236.52,18.95,40.15,0.2569,-1,-1,-1
146,-1,558.48,214.43,40.18,23.28,0.9073,-1,-1,-1
146,-1,0.00,184.46,31.41,64.57,0.8903,-1,-1,-1
146,-1,266.54,292.09,29.54,21.92,0.8824,-1,-1,-1
146,-1,295.65,296.51,26.30,23.74,0.8787,-1,-1,-1
146,-1,272.33,240.44,19.03,37.01,0.3301,-1,-1,-1
147,-1,555.80,214.45,40.41,23.32,0.9113,-1,-1,-1
147,-1,264.05,292.06,29.71,22.19,0.8841,-1,-1,-1
147,-1,293.48,296.27,25.84,24.03,0.8687,-1,-1,-1
147,-1,0.03,183.75,24.81,65.39,0.8637,-1,-1,-1
147,-1,270.00,235.74,19.09,40.63,0.6721,-1,-1,-1
148,-1,552.81,214.42,41.14,23.39,0.9049,-1,-1,-1
148,-1,261.22,292.15,29.87,22.00,0.8945,-1,-1,-1
148,-1,290.89,296.20,25.69,23.91,0.8724,-1,-1,-1
148,-1,0.00,189.96,17.79,59.03,0.8067,-1,-1,-1
148,-1,1011.80,302.70,12.20,23.25,0.7500,-1,-1,-1
148,-1,267.47,235.07,19.25,42.37,0.5167,-1,-1,-1
149,-1,550.12,214.28,41.08,23.37,0.9071,-1,-1,-1
149,-1,258.36,292.27,30.20,22.00,0.8845,-1,-1,-1
149,-1,288.02,296.63,26.11,23.57,0.8747,-1,-1,-1
149,-1,1008.81,302.89,15.19,21.85,0.8220,-1,-1,-1
149,-1,0.00,191.96,11.05,58.05,0.5618,-1,-1,-1
149,-1,265.22,235.35,19.95,42.40,0.5317,-1,-1,-1
150,-1,547.34,214.45,40.79,23.24,0.9122,-1,-1,-1
150,-1,255.82,292.42,30.06,21.94,0.8843,-1,-1,-1
150,-1,1006.38,302.72,17.62,21.04,0.8773,-1,-1,-1
150,-1,285.69,296.61,25.82,24.01,0.8685,-1,-1,-1
150,-1,262.85,235.79,19.15,41.62,0.4917,-1,-1,-1
151,-1,544.54,214.30,41.43,23.22,0.9074,-1,-1,-1
151,-1,252.96,292.48,30.06,21.97,0.8951,-1,-1,-1
151,-1,1004.34,302.30,19.66,21.01,0.8864,-1,-1,-1
151,-1,282.82,296.74,26.01,23.70,0.8721,-1,-1,-1
151,-1,260.34,237.76,21.62,40.05,0.6135,-1,-1,-1
152,-1,541.75,214.24,40.97,23.23,0.9093,-1,-1,-1
152,-1,1001.58,301.81,22.42,20.73,0.8849,-1,-1,-1
152,-1,249.97,292.80,30.71,22.16,0.8802,-1,-1,-1
152,-1,280.42,297.07,25.50,23.53,0.8748,-1,-1,-1
152,-1,257.80,235.71,21.21,42.83,0.6851,-1,-1,-1
153,-1,538.44,214.17,41.33,23.21,0.9089,-1,-1,-1
153,-1,247.31,292.97,30.55,22.41,0.8936,-1,-1,-1
153,-1,277.71,297.06,25.52,24.02,0.8730,-1,-1,-1
153,-1,998.97,300.99,25.03,20.90,0.8722,-1,-1,-1
153,-1,255.18,237.00,19.80,41.57,0.7796,-1,-1,-1
154,-1,535.78,214.06,41.40,23.23,0.9066,-1,-1,-1
154,-1,244.43,293.44,30.97,21.82,0.8921,-1,-1,-1
154,-1,275.24,297.56,25.28,23.43,0.8824,-1,-1,-1
154,-1,996.54,300.37,27.14,21.11,0.8762,-1,-1,-1
154,-1,252.73,236.45,22.29,43.71,0.7021,-1,-1,-1
155,-1,532.90,213.97,41.15,23.27,0.9088,-1,-1,-1
155,-1,993.95,299.91,28.50,20.69,0.8989,-1,-1,-1
155,-1,241.84,293.68,30.96,22.06,0.8771,-1,-1,-1
155,-1,272.68,297.68,25.17,23.75,0.8704,-1,-1,-1
155,-1,249.85,236.82,21.72,42.68,0.6775,-1,-1,-1
156,-1,529.78,213.95,41.50,23.13,0.9095,-1,-1,-1
156,-1,991.15,299.24,28.89,20.95,0.9004,-1,-1,-1
156,-1,238.97,293.81,31.01,22.30,0.8962,-1,-1,-1
156,-1,269.64,297.72,25.44,23.64,0.8735,-1,-1,-1
156,-1,247.15,237.69,22.67,41.61,0.8265,-1,-1,-1
157,-1,526.84,213.77,41.61,23.35,0.9088,-1,-1,-1
157,-1,235.97,294.16,31.30,22.07,0.8941,-1,-1,-1
157,-1,988.41,298.57,28.76,21.03,0.8934,-1,-1,-1
157,-1,267.07,298.40,25.23,23.18,0.8865,-1,-1,-1
157,-1,245.22,237.62,22.72,43.04,0.7473,-1,-1,-1
158,-1,524.21,213.85,41.52,23.26,0.9113,-1,-1,-1
158,-1,985.90,298.31,28.32,20.85,0.8989,-1,-1,-1
158,-1,233.39,294.48,30.86,21.87,0.8761,-1,-1,-1
158,-1,264.38,298.46,25.28,23.22,0.8744,-1,-1,-1
158,-1,242.03,237.77,23.29,42.68,0.7246,-1,-1,-1
159,-1,521.42,213.95,41.31,23.05,0.9063,-1,-1,-1
159,-1,983.45,297.74,28.25,21.13,0.8892,-1,-1,-1
159,-1,230.56,294.56,31.44,22.51,0.8852,-1,-1,-1
159,-1,262.08,298.57,25.14,23.65,0.8745,-1,-1,-1
159,-1,239.37,238.56,22.97,41.99,0.7999,-1,-1,-1
160,-1,518.54,213.88,41.89,23.15,0.9094,-1,-1,-1
160,-1,259.51,298.78,25.13,23.35,0.8889,-1,-1,-1
160,-1,227.92,294.57,31.75,22.48,0.8884,-1,-1,-1
160,-1,980.63,297.54,28.30,21.05,0.8310,-1,-1,-1
160,-1,237.84,238.34,22.60,42.74,0.7964,-1,-1,-1
161,-1,515.87,213.76,41.78,23.41,0.9100,-1,-1,-1
161,-1,978.06,297.54,27.89,20.97,0.8967,-1,-1,-1
161,-1,225.14,294.65,32.03,22.40,0.8824,-1,-1,-1
161,-1,257.15,298.76,25.07,23.73,0.8787,-1,-1,-1
161,-1,234.55,238.46,24.02,44.95,0.8287,-1,-1,-1
162,-1,513.13,214.00,41.72,23.02,0.9099,-1,-1,-1
162,-1,222.47,294.95,31.76,22.39,0.8905,-1,-1,-1
162,-1,254.55,298.72,25.17,23.70,0.8725,-1,-1,-1
162,-1,975.87,297.33,27.88,21.11,0.8687,-1,-1,-1
162,-1,232.69,238.73,22.80,42.48,0.7967,-1,-1,-1
163,-1,510.58,213.85,42.01,23.28,0.9097,-1,-1,-1
163,-1,220.04,294.79,32.13,22.31,0.8912,-1,-1,-1
163,-1,252.21,298.74,24.93,23.51,0.8783,-1,-1,-1
163,-1,973.11,297.53,27.89,21.08,0.8448,-1,-1,-1
163,-1,230.56,238.43,23.16,42.70,0.8147,-1,-1,-1
164,-1,507.93,213.90,42.06,23.32,0.9103,-1,-1,-1
164,-1,970.51,297.64,27.88,21.17,0.8910,-1,-1,-1
164,-1,249.42,298.65,25.04,23.49,0.8800,-1,-1,-1
164,-1,217.70,294.81,31.82,22.38,0.8779,-1,-1,-1
164,-1,228.15,238.88,23.99,44.03,0.8283,-1,-1,-1
164,-1,993.50,0.00,30.50,66.86,0.5040,-1,-1,-1
165,-1,505.50,213.95,41.68,23.15,0.9078,-1,-1,-1
165,-1,968.35,297.96,27.50,21.36,0.8938,-1,-1,-1
165,-1,215.20,294.65,31.69,22.44,0.8814,-1,-1,-1
165,-1,247.36,298.68,24.86,23.49,0.8759,-1,-1,-1
165,-1,225.62,238.40,23.87,42.23,0.7936,-1,-1,-1
165,-1,982.98,0.00,41.02,59.16,0.6370,-1,-1,-1
166,-1,502.62,213.96,42.30,23.29,0.9068,-1,-1,-1
166,-1,212.43,294.36,32.32,22.33,0.8893,-1,-1,-1
166,-1,966.00,298.23,27.47,21.53,0.8860,-1,-1,-1
166,-1,244.80,298.44,25.06,23.50,0.8678,-1,-1,-1
166,-1,222.79,237.57,24.42,43.17,0.8204,-1,-1,-1
166,-1,971.59,0.00,52.41,62.65,0.7265,-1,-1,-1
167,-1,500.55,214.01,41.83,23.19,0.9076,-1,-1,-1
167,-1,963.55,298.78,27.23,21.33,0.8906,-1,-1,-1
167,-1,242.32,298.39,25.28,23.49,0.8865,-1,-1,-1
167,-1,210.25,294.19,32.29,22.12,0.8799,-1,-1,-1
167,-1,221.90,237.41,23.20,42.96,0.8255,-1,-1,-1
167,-1,961.63,0.00,62.26,67.96,0.8178,-1,-1,-1
168,-1,497.95,214.19,42.21,23.11,0.9113,-1,-1,-1
168,-1,961.36,299.45,27.04,21.14,0.9078,-1,-1,-1
168,-1,207.71,293.90,32.27,22.03,0.8834,-1,-1,-1
168,-1,239.96,298.05,25.06,23.44,0.8718,-1,-1,-1
168,-1,951.29,0.03,72.71,67.80,0.8672,-1,-1,-1
168,-1,218.47,237.26,25.02,43.88,0.8312,-1,-1,-1
169,-1,495.68,214.29,42.08,23.09,0.9082,-1,-1,-1
169,-1,958.75,300.26,27.33,20.84,0.9005,-1,-1,-1
169,-1,205.01,293.53,32.71,22.17,0.8899,-1,-1,-1
169,-1,938.60,0.04,85.40,73.20,0.8793,-1,-1,-1
169,-1,237.96,297.33,24.72,23.97,0.8707,-1,-1,-1
169,-1,217.34,237.05,23.58,43.04,0.8237,-1,-1,-1
170,-1,493.25,213.97,42.22,23.55,0.9143,-1,-1,-1
170,-1,929.08,0.00,94.92,74.93,0.9093,-1,-1,-1
170,-1,956.54,300.66,26.97,21.34,0.8932,-1,-1,-1
170,-1,202.48,293.22,33.21,22.18,0.8844,-1,-1,-1
170,-1,235.61,297.63,24.47,23.67,0.8825,-1,-1,-1
170,-1,215.06,236.26,23.87,44.74,0.7978,-1,-1,-1
171,-1,919.77,0.00,104.23,75.10,0.9254,-1,-1,-1
171,-1,490.42,214.11,43.03,23.29,0.9117,-1,-1,-1
171,-1,954.33,301.15,26.57,21.19,0.9069,-1,-1,-1
171,-1,200.52,292.97,32.46,22.24,0.8829,-1,-1,-1
171,-1,233.27,297.05,24.40,23.86,0.8748,-1,-1,-1
171,-1,213.06,235.68,23.75,44.37,0.7900,-1,-1,-1
172,-1,908.16,0.00,115.84,76.50,0.9349,-1,-1,-1
172,-1,488.36,214.05,42.62,23.13,0.9072,-1,-1,-1
172,-1,951.95,301.68,26.82,21.19,0.9035,-1,-1,-1
172,-1,197.94,292.57,32.53,21.94,0.8909,-1,-1,-1
172,-1,230.83,296.75,24.53,23.89,0.8748,-1,-1,-1
172,-1,210.46,235.12,24.86,44.35,0.6521,-1,-1,-1
173,-1,897.37,0.00,126.57,76.94,0.9381,-1,-1,-1
173,-1,485.72,214.07,42.98,23.34,0.9104,-1,-1,-1
173,-1,949.29,302.05,26.46,21.32,0.8939,-1,-1,-1
173,-1,195.19,292.22,32.67,22.09,0.8923,-1,-1,-1
173,-1,228.10,296.40,25.06,24.23,0.8647,-1,-1,-1
173,-1,208.38,235.26,24.19,43.39,0.6808,-1,-1,-1
174,-1,888.12,0.00,135.86,76.87,0.9463,-1,-1,-1
174,-1,483.12,214.06,43.29,23.30,0.9061,-1,-1,-1
174,-1,946.97,302.48,26.60,21.16,0.9042,-1,-1,-1
174,-1,192.67,291.93,33.29,22.36,0.8885,-1,-1,-1
174,-1,225.81,296.17,24.99,24.19,0.8774,-1,-1,-1
174,-1,206.39,235.02,24.19,43.51,0.7773,-1,-1,-1
175,-1,877.22,0.04,146.75,77.28,0.9448,-1,-1,-1
175,-1,480.74,214.08,43.11,23.18,0.9101,-1,-1,-1
175,-1,944.81,302.84,26.18,21.27,0.9049,-1,-1,-1
175,-1,190.31,291.62,33.49,22.33,0.8883,-1,-1,-1
175,-1,223.48,296.18,24.64,24.28,0.8610,-1,-1,-1
175,-1,204.03,235.13,24.47,42.37,0.6318,-1,-1,-1
176,-1,866.77,0.00,157.18,78.66,0.9451,-1,-1,-1
176,-1,477.91,214.16,43.33,23.20,0.9100,-1,-1,-1
176,-1,942.15,302.89,26.05,21.28,0.9006,-1,-1,-1
176,-1,187.71,291.48,32.81,22.14,0.8956,-1,-1,-1
176,-1,220.64,295.70,25.02,24.38,0.8646,-1,-1,-1
176,-1,201.31,234.77,24.83,41.68,0.7066,-1,-1,-1
177,-1,856.31,0.00,167.64,77.83,0.9467,-1,-1,-1
177,-1,475.50,213.99,43.50,23.36,0.9084,-1,-1,-1
177,-1,939.48,303.06,26.41,21.12,0.9067,-1,-1,-1
177,-1,185.12,291.67,33.34,22.00,0.8888,-1,-1,-1
177,-1,218.50,295.76,24.47,24.22,0.8747,-1,-1,-1
177,-1,198.89,234.82,24.60,40.99,0.7059,-1,-1,-1
178,-1,845.69,0.00,178.12,77.60,0.9462,-1,-1,-1
178,-1,472.82,214.06,43.45,23.17,0.9073,-1,-1,-1
178,-1,936.94,302.93,26.34,21.20,0.9068,-1,-1,-1
178,-1,182.47,291.64,33.49,22.17,0.8872,-1,-1,-1
178,-1,216.52,296.06,24.09,23.85,0.8632,-1,-1,-1
178,-1,196.40,234.96,24.73,41.99,0.5886,-1,-1,-1
179,-1,833.68,0.00,190.32,77.26,0.9477,-1,-1,-1
179,-1,469.81,213.98,43.52,23.17,0.9068,-1,-1,-1
179,-1,934.43,302.78,26.02,21.17,0.8994,-1,-1,-1
179,-1,179.80,291.59,33.40,22.23,0.8954,-1,-1,-1
179,-1,213.76,295.96,24.14,24.16,0.8605,-1,-1,-1
179,-1,194.54,234.70,25.10,41.49,0.7321,-1,-1,-1
180,-1,823.27,0.00,200.64,77.08,0.9397,-1,-1,-1
180,-1,467.10,214.01,43.44,23.23,0.9080,-1,-1,-1
180,-1,931.95,302.47,25.87,21.30,0.9062,-1,-1,-1
180,-1,176.99,291.74,33.41,22.23,0.8898,-1,-1,-1
180,-1,210.46,296.18,25.06,24.14,0.8768,-1,-1,-1
180,-1,192.35,234.89,24.51,42.31,0.6388,-1,-1,-1
181,-1,812.17,0.00,203.15,76.77,0.9453,-1,-1,-1
181,-1,464.57,214.02,43.42,23.20,0.9086,-1,-1,-1
181,-1,929.30,302.21,26.03,21.20,0.9051,-1,-1,-1
181,-1,174.18,292.06,34.23,22.23,0.8883,-1,-1,-1
181,-1,208.60,296.51,24.08,23.91,0.8624,-1,-1,-1
181,-1,190.07,235.68,24.18,40.20,0.6563,-1,-1,-1
182,-1,800.76,0.00,200.02,75.31,0.9486,-1,-1,-1
182,-1,461.76,214.06,43.03,23.11,0.9091,-1,-1,-1
182,-1,171.67,292.50,34.13,21.88,0.8891,-1,-1,-1
182,-1,926.53,301.64,26.16,21.26,0.8797,-1,-1,-1
182,-1,206.03,296.55,23.91,23.99,0.8581,-1,-1,-1
182,-1,187.22,235.04,24.95,40.41,0.8211,-1,-1,-1
183,-1,789.38,0.00,197.01,75.52,0.9480,-1,-1,-1
183,-1,458.41,214.08,44.13,23.20,0.9189,-1,-1,-1
183,-1,923.97,301.37,25.76,21.01,0.9007,-1,-1,-1
183,-1,202.73,296.93,24.78,24.07,0.8800,-1,-1,-1
183,-1,169.31,292.74,33.19,21.94,0.8740,-1,-1,-1
183,-1,184.99,236.00,24.44,41.26,0.8269,-1,-1,-1
184,-1,779.60,0.00,192.37,75.33,0.9478,-1,-1,-1
184,-1,921.25,300.77,25.76,21.17,0.9103,-1,-1,-1
184,-1,455.93,214.23,43.69,22.99,0.9070,-1,-1,-1
184,-1,166.16,293.23,34.04,22.06,0.8712,-1,-1,-1
184,-1,200.54,297.44,24.09,24.31,0.8682,-1,-1,-1
184,-1,183.13,236.49,23.89,39.29,0.7429,-1,-1,-1
185,-1,767.31,0.04,190.51,74.42,0.9463,-1,-1,-1
185,-1,452.96,214.15,43.47,23.17,0.9085,-1,-1,-1
185,-1,918.42,300.21,25.44,21.11,0.9000,-1,-1,-1
185,-1,163.43,293.55,34.71,22.02,0.8865,-1,-1,-1
185,-1,198.36,297.64,23.70,23.78,0.8551,-1,-1,-1
185,-1,180.05,236.80,24.52,40.59,0.8175,-1,-1,-1
186,-1,755.87,0.04,187.79,73.54,0.9488,-1,-1,-1
186,-1,449.78,214.15,43.72,23.26,0.9117,-1,-1,-1
186,-1,915.97,299.54,25.49,21.24,0.9006,-1,-1,-1
186,-1,194.85,297.96,24.89,24.23,0.8901,-1,-1,-1
186,-1,161.03,293.74,33.67,22.36,0.8777,-1,-1,-1
186,-1,177.87,237.15,24.08,40.03,0.8160,-1,-1,-1
187,-1,745.23,0.06,183.56,73.50,0.9501,-1,-1,-1
187,-1,446.72,214.25,43.98,23.10,0.9070,-1,-1,-1
187,-1,912.96,299.02,25.72,21.34,0.8950,-1,-1,-1
187,-1,157.86,293.93,34.65,22.31,0.8785,-1,-1,-1
187,-1,192.30,298.20,24.38,24.00,0.8655,-1,-1,-1
187,-1,175.57,237.39,23.91,39.86,0.7709,-1,-1,-1
188,-1,734.22,0.09,179.98,72.98,0.9514,-1,-1,-1
188,-1,444.12,214.27,43.92,23.16,0.9117,-1,-1,-1
188,-1,910.54,298.60,25.32,21.42,0.8891,-1,-1,-1
188,-1,155.19,294.53,34.39,22.28,0.8859,-1,-1,-1
188,-1,189.49,298.52,24.75,24.11,0.8635,-1,-1,-1
188,-1,173.15,238.19,23.74,40.13,0.8471,-1,-1,-1
189,-1,722.26,0.07,178.08,72.72,0.9486,-1,-1,-1
189,-1,441.35,214.25,43.85,23.28,0.9101,-1,-1,-1
189,-1,908.05,298.20,24.98,21.38,0.8960,-1,-1,-1
189,-1,187.48,298.72,24.28,24.53,0.8867,-1,-1,-1
189,-1,152.07,295.10,34.94,22.10,0.8774,-1,-1,-1
189,-1,170.61,238.48,24.05,38.91,0.8546,-1,-1,-1
190,-1,712.12,0.00,174.53,72.70,0.9473,-1,-1,-1
190,-1,438.33,214.27,44.48,23.25,0.9075,-1,-1,-1
190,-1,905.09,298.02,25.63,21.38,0.8897,-1,-1,-1
190,-1,149.98,295.04,34.45,22.39,0.8756,-1,-1,-1
190,-1,184.68,299.02,24.31,24.50,0.8671,-1,-1,-1
190,-1,168.04,238.58,24.10,39.04,0.8374,-1,-1,-1
191,-1,700.75,0.08,172.04,72.62,0.9405,-1,-1,-1
191,-1,435.71,214.29,44.05,23.29,0.9083,-1,-1,-1
191,-1,902.74,297.85,25.03,21.49,0.8893,-1,-1,-1
191,-1,147.40,295.15,34.11,22.34,0.8866,-1,-1,-1
191,-1,181.70,299.05,24.63,24.33,0.8618,-1,-1,-1
191,-1,165.87,239.17,23.62,39.29,0.7946,-1,-1,-1
192,-1,689.01,0.01,169.00,72.59,0.9460,-1,-1,-1
192,-1,433.09,214.36,44.07,23.32,0.9097,-1,-1,-1
192,-1,900.43,297.86,24.56,21.18,0.8975,-1,-1,-1
192,-1,179.94,299.49,23.96,24.00,0.8841,-1,-1,-1
192,-1,144.23,295.45,35.02,22.19,0.8803,-1,-1,-1
192,-1,163.57,239.05,24.28,39.30,0.8475,-1,-1,-1
193,-1,680.44,0.02,167.02,72.74,0.9474,-1,-1,-1
193,-1,430.37,214.37,44.20,23.22,0.9040,-1,-1,-1
193,-1,141.92,295.32,35.38,22.26,0.8902,-1,-1,-1
193,-1,897.95,297.90,24.77,21.10,0.8889,-1,-1,-1
193,-1,176.31,299.45,25.03,23.96,0.8657,-1,-1,-1
193,-1,161.01,239.19,24.49,39.31,0.8387,-1,-1,-1
194,-1,669.33,0.04,162.52,72.74,0.9436,-1,-1,-1
194,-1,427.79,214.29,43.98,23.32,0.9107,-1,-1,-1
194,-1,895.19,298.08,24.78,21.30,0.8897,-1,-1,-1
194,-1,139.16,295.20,35.46,22.25,0.8779,-1,-1,-1
194,-1,175.34,299.28,23.33,24.02,0.8590,-1,-1,-1
194,-1,158.97,239.05,24.08,38.84,0.8206,-1,-1,-1
195,-1,657.81,0.00,160.22,73.07,0.9448,-1,-1,-1
195,-1,425.17,214.45,43.98,23.19,0.9083,-1,-1,-1
195,-1,136.43,295.03,36.53,22.31,0.9035,-1,-1,-1
195,-1,892.76,298.29,24.57,21.22,0.8898,-1,-1,-1
195,-1,172.62,299.03,23.79,24.22,0.8669,-1,-1,-1
195,-1,156.43,239.32,24.27,39.58,0.8311,-1,-1,-1
196,-1,651.25,0.03,153.92,73.34,0.9523,-1,-1,-1
196,-1,422.43,214.35,44.27,23.21,0.9062,-1,-1,-1
196,-1,890.34,298.56,24.37,21.29,0.8893,-1,-1,-1
196,-1,134.07,294.51,35.96,22.70,0.8731,-1,-1,-1
196,-1,169.13,298.95,24.64,24.00,0.8701,-1,-1,-1
196,-1,154.41,238.56,24.48,39.32,0.8569,-1,-1,-1
197,-1,638.61,0.00,153.71,74.05,0.9490,-1,-1,-1
197,-1,420.01,214.37,44.14,23.25,0.9112,-1,-1,-1
197,-1,888.09,298.90,24.57,21.36,0.8877,-1,-1,-1
197,-1,131.40,294.23,36.44,22.56,0.8816,-1,-1,-1
197,-1,168.52,298.37,22.90,23.89,0.8616,-1,-1,-1
197,-1,151.96,238.20,24.71,39.20,0.8334,-1,-1,-1
198,-1,625.13,0.00,154.02,73.91,0.9474,-1,-1,-1
198,-1,417.66,214.23,43.93,23.32,0.9126,-1,-1,-1
198,-1,886.03,299.32,23.93,21.34,0.8875,-1,-1,-1
198,-1,129.35,293.52,35.89,22.85,0.8676,-1,-1,-1
198,-1,164.94,298.02,24.12,24.25,0.8537,-1,-1,-1
198,-1,149.92,238.09,24.41,39.48,0.8295,-1,-1,-1
199,-1,619.84,0.00,146.34,74.44,0.9483,-1,-1,-1
199,-1,883.20,299.85,24.43,21.42,0.9121,-1,-1,-1
199,-1,415.20,214.31,41.46,23.13,0.9066,-1,-1,-1
199,-1,126.14,293.22,36.51,22.65,0.8849,-1,-1,-1
199,-1,162.79,297.78,23.55,23.97,0.8701,-1,-1,-1
199,-1,147.85,237.50,24.64,39.59,0.8673,-1,-1,-1
200,-1,607.34,0.00,145.80,74.55,0.9492,-1,-1,-1
200,-1,413.05,214.09,37.83,23.25,0.9033,-1,-1,-1
200,-1,880.55,300.48,24.73,21.12,0.9025,-1,-1,-1
200,-1,123.77,293.02,36.96,22.44,0.8910,-1,-1,-1
200,-1,160.87,297.53,23.39,23.87,0.8615,-1,-1,-1
200,-1,145.67,236.16,24.79,41.11,0.8430,-1,-1,-1
200,-1,735.44,0.00,65.85,26.95,0.3758,-1,-1,-1
201,-1,599.69,0.00,141.15,74.88,0.9499,-1,-1,-1
201,-1,410.36,214.02,34.45,23.09,0.9033,-1,-1,-1
201,-1,878.52,300.92,24.13,21.27,0.9003,-1,-1,-1
201,-1,121.50,292.28,36.69,22.81,0.8893,-1,-1,-1
201,-1,143.88,236.49,24.29,39.95,0.8559,-1,-1,-1
201,-1,157.92,297.03,23.93,24.02,0.8505,-1,-1,-1
201,-1,718.64,0.00,77.65,27.91,0.4398,-1,-1,-1
202,-1,588.71,0.00,139.02,75.24,0.9488,-1,-1,-1
202,-1,876.19,301.47,24.17,21.17,0.9161,-1,-1,-1
202,-1,408.20,214.36,30.09,22.71,0.9020,-1,-1,-1
202,-1,118.68,291.92,37.16,22.56,0.8906,-1,-1,-1
202,-1,156.17,296.76,23.43,23.93,0.8682,-1,-1,-1
202,-1,141.57,241.90,24.21,35.16,0.7143,-1,-1,-1
202,-1,708.05,0.00,79.05,28.18,0.6610,-1,-1,-1
203,-1,577.78,0.00,136.41,75.56,0.9491,-1,-1,-1
203,-1,873.94,301.74,24.07,21.13,0.8972,-1,-1,-1
203,-1,116.61,291.53,36.00,22.61,0.8894,-1,-1,-1
203,-1,152.98,296.39,24.27,23.91,0.8621,-1,-1,-1
203,-1,405.54,214.94,25.43,22.07,0.8613,-1,-1,-1
203,-1,139.66,235.19,24.45,41.11,0.8448,-1,-1,-1
203,-1,696.01,0.00,82.35,28.41,0.6808,-1,-1,-1
204,-1,568.11,0.00,133.32,75.62,0.9480,-1,-1,-1
204,-1,871.22,301.99,24.29,21.32,0.8931,-1,-1,-1
204,-1,113.67,291.23,37.87,22.56,0.8871,-1,-1,-1
204,-1,151.18,295.83,22.54,23.88,0.8512,-1,-1,-1
204,-1,136.98,235.28,25.03,40.91,0.8093,-1,-1,-1
204,-1,689.73,0.00,80.22,28.49,0.7799,-1,-1,-1
205,-1,557.10,0.00,131.31,76.31,0.9474,-1,-1,-1
205,-1,868.84,302.16,24.49,21.36,0.9007,-1,-1,-1
205,-1,111.04,291.03,37.44,22.69,0.8925,-1,-1,-1
205,-1,148.34,295.70,23.89,24.12,0.8609,-1,-1,-1
205,-1,680.22,0.00,81.80,28.66,0.8361,-1,-1,-1
205,-1,134.80,234.69,24.70,41.01,0.7343,-1,-1,-1
206,-1,546.41,0.00,128.41,75.55,0.9475,-1,-1,-1
206,-1,866.39,302.32,24.45,21.46,0.9005,-1,-1,-1
206,-1,108.91,290.71,37.09,22.77,0.8828,-1,-1,-1
206,-1,672.02,0.00,81.46,28.71,0.8570,-1,-1,-1
206,-1,145.49,295.45,24.11,24.04,0.8492,-1,-1,-1
206,-1,132.44,234.44,24.77,42.64,0.7680,-1,-1,-1
207,-1,534.43,0.09,127.54,75.33,0.9465,-1,-1,-1
207,-1,863.90,302.35,24.49,21.61,0.8947,-1,-1,-1
207,-1,105.66,290.65,38.33,22.78,0.8884,-1,-1,-1
207,-1,144.13,295.28,23.16,24.11,0.8591,-1,-1,-1
207,-1,662.85,0.00,82.60,28.84,0.8521,-1,-1,-1
207,-1,130.39,233.23,25.06,44.07,0.8276,-1,-1,-1
208,-1,523.33,0.00,125.43,75.38,0.9480,-1,-1,-1
208,-1,861.29,302.42,24.43,21.45,0.8968,-1,-1,-1
208,-1,103.72,290.70,37.03,22.57,0.8931,-1,-1,-1
208,-1,140.94,295.43,23.52,24.04,0.8537,-1,-1,-1
208,-1,655.20,0.00,81.67,28.64,0.8417,-1,-1,-1
208,-1,127.85,234.39,25.04,40.99,0.8352,-1,-1,-1
209,-1,511.41,0.00,123.24,75.27,0.9435,-1,-1,-1
209,-1,858.95,302.32,24.23,21.45,0.9052,-1,-1,-1
209,-1,100.83,290.73,38.01,22.73,0.8827,-1,-1,-1
209,-1,137.97,295.52,24.74,23.92,0.8571,-1,-1,-1
209,-1,646.11,0.00,82.15,28.71,0.8230,-1,-1,-1
209,-1,125.49,233.86,24.84,43.28,0.7578,-1,-1,-1
210,-1,499.86,0.00,121.89,74.77,0.9440,-1,-1,-1
210,-1,856.45,302.03,24.16,21.62,0.8978,-1,-1,-1
210,-1,97.67,290.99,38.50,22.59,0.8905,-1,-1,-1
210,-1,135.89,295.75,23.86,23.86,0.8602,-1,-1,-1
210,-1,123.36,233.12,24.99,45.87,0.8188,-1,-1,-1
210,-1,633.88,0.00,86.35,28.63,0.7507,-1,-1,-1
211,-1,487.60,0.10,120.72,74.61,0.9399,-1,-1,-1
211,-1,853.90,301.95,24.03,21.29,0.8950,-1,-1,-1
211,-1,95.11,291.45,37.93,22.37,0.8945,-1,-1,-1
211,-1,132.94,295.79,23.82,24.38,0.8548,-1,-1,-1
211,-1,120.55,234.12,25.41,43.78,0.7832,-1,-1,-1
211,-1,625.92,0.00,86.44,28.53,0.7473,-1,-1,-1
212,-1,475.45,0.00,119.03,74.62,0.9493,-1,-1,-1
212,-1,851.06,301.72,24.35,21.14,0.9088,-1,-1,-1
212,-1,92.36,291.64,38.43,22.52,0.8959,-1,-1,-1
212,-1,130.36,296.08,23.55,24.42,0.8554,-1,-1,-1
212,-1,117.97,234.87,25.39,43.59,0.8284,-1,-1,-1
212,-1,616.65,0.01,86.41,28.37,0.7125,-1,-1,-1
213,-1,463.17,0.00,118.41,74.56,0.9434,-1,-1,-1
213,-1,848.53,301.23,23.86,21.30,0.9009,-1,-1,-1
213,-1,89.65,292.14,38.65,22.34,0.8977,-1,-1,-1
213,-1,115.78,235.37,25.03,41.79,0.8606,-1,-1,-1
213,-1,128.60,296.52,22.70,24.27,0.8586,-1,-1,-1
213,-1,605.94,0.00,87.81,27.96,0.6923,-1,-1,-1
214,-1,450.32,0.00,118.26,74.85,0.9454,-1,-1,-1
214,-1,846.03,300.67,23.35,21.52,0.9000,-1,-1,-1
214,-1,86.77,292.92,38.72,22.18,0.8880,-1,-1,-1
214,-1,124.97,296.75,23.49,24.35,0.8618,-1,-1,-1
214,-1,112.98,236.59,25.41,42.44,0.8143,-1,-1,-1
214,-1,597.65,0.00,88.31,27.74,0.6759,-1,-1,-1
215,-1,438.09,0.00,117.84,74.46,0.9399,-1,-1,-1
215,-1,843.03,300.44,23.71,21.31,0.9038,-1,-1,-1
215,-1,84.10,293.20,39.13,22.39,0.8930,-1,-1,-1
215,-1,122.13,297.32,23.14,24.46,0.8674,-1,-1,-1
215,-1,110.60,235.71,25.14,43.36,0.8303,-1,-1,-1
215,-1,593.52,0.00,84.51,27.65,0.7813,-1,-1,-1
216,-1,425.70,0.05,115.59,74.62,0.9398,-1,-1,-1
216,-1,840.38,299.98,23.85,21.24,0.8977,-1,-1,-1
216,-1,81.24,293.85,39.37,22.16,0.8934,-1,-1,-1
216,-1,120.78,297.76,21.73,24.36,0.8614,-1,-1,-1
216,-1,107.79,236.50,25.42,42.05,0.8443,-1,-1,-1
216,-1,584.70,0.00,84.64,27.47,0.7901,-1,-1,-1
216,-1,393.50,214.38,21.20,19.75,0.3734,-1,-1,-1
217,-1,413.17,0.00,115.33,74.53,0.9469,-1,-1,-1
217,-1,838.02,299.81,23.20,20.81,0.8927,-1,-1,-1
217,-1,78.48,294.25,39.45,22.22,0.8918,-1,-1,-1
217,-1,384.43,214.35,27.33,21.82,0.8774,-1,-1,-1
217,-1,117.12,298.24,23.39,24.11,0.8618,-1,-1,-1
217,-1,105.41,236.28,25.77,43.62,0.8205,-1,-1,-1
217,-1,575.47,0.00,82.99,27.60,0.7956,-1,-1,-1
218,-1,401.33,0.00,115.13,74.66,0.9472,-1,-1,-1
218,-1,376.03,214.62,33.24,22.41,0.8982,-1,-1,-1
218,-1,835.40,298.96,23.14,21.53,0.8942,-1,-1,-1
218,-1,75.55,294.67,39.64,22.24,0.8934,-1,-1,-1
218,-1,114.14,298.73,23.48,24.22,0.8655,-1,-1,-1
218,-1,102.86,236.84,25.15,42.26,0.8066,-1,-1,-1
218,-1,567.53,0.00,80.75,27.60,0.8060,-1,-1,-1
219,-1,388.76,0.00,113.46,74.85,0.9485,-1,-1,-1
219,-1,368.35,214.76,34.23,22.98,0.9035,-1,-1,-1
219,-1,73.02,294.81,39.38,22.62,0.8897,-1,-1,-1
219,-1,832.61,298.74,23.07,21.35,0.8848,-1,-1,-1
219,-1,112.11,298.96,23.17,24.08,0.8548,-1,-1,-1
219,-1,100.19,237.21,25.49,42.09,0.8360,-1,-1,-1
219,-1,559.97,0.00,79.02,27.36,0.8131,-1,-1,-1
220,-1,376.63,0.00,112.16,75.06,0.9475,-1,-1,-1
220,-1,362.26,214.41,32.72,23.37,0.9003,-1,-1,-1
220,-1,69.96,295.15,39.94,22.62,0.8953,-1,-1,-1
220,-1,830.17,298.76,22.87,21.27,0.8865,-1,-1,-1
220,-1,108.75,299.47,24.26,23.97,0.8639,-1,-1,-1
220,-1,97.86,237.37,26.04,43.34,0.8299,-1,-1,-1
220,-1,551.51,0.00,79.73,27.33,0.7929,-1,-1,-1
221,-1,364.21,0.00,112.13,74.84,0.9434,-1,-1,-1
221,-1,355.68,214.63,31.71,23.34,0.8953,-1,-1,-1
221,-1,827.56,298.60,22.77,21.19,0.8926,-1,-1,-1
221,-1,67.66,295.40,40.05,22.45,0.8869,-1,-1,-1
221,-1,105.73,299.80,24.67,23.95,0.8786,-1,-1,-1
221,-1,95.71,236.67,25.57,43.70,0.8134,-1,-1,-1
221,-1,544.39,0.00,78.99,27.50,0.7615,-1,-1,-1
222,-1,352.00,0.00,111.54,75.31,0.9459,-1,-1,-1
222,-1,824.65,298.42,23.12,21.25,0.8861,-1,-1,-1
222,-1,64.57,295.50,40.02,22.41,0.8778,-1,-1,-1
222,-1,104.16,299.94,23.19,23.98,0.8703,-1,-1,-1
222,-1,93.24,238.26,25.71,41.66,0.8411,-1,-1,-1
222,-1,537.61,0.00,76.94,27.38,0.7964,-1,-1,-1
222,-1,352.83,214.77,27.15,23.27,0.6437,-1,-1,-1
223,-1,340.07,0.00,110.75,74.85,0.9471,-1,-1,-1
223,-1,61.88,295.56,40.17,22.38,0.8887,-1,-1,-1
223,-1,822.34,298.58,22.79,21.08,0.8874,-1,-1,-1
223,-1,100.79,299.87,24.77,24.23,0.8675,-1,-1,-1
223,-1,90.82,238.92,25.87,41.57,0.8620,-1,-1,-1
223,-1,527.96,0.00,77.84,27.58,0.7452,-1,-1,-1
224,-1,327.95,0.00,110.41,75.02,0.9496,-1,-1,-1
224,-1,820.01,298.47,22.63,21.30,0.8942,-1,-1,-1
224,-1,59.66,295.23,40.74,22.59,0.8912,-1,-1,-1
224,-1,98.33,299.98,24.69,23.87,0.8732,-1,-1,-1
224,-1,88.50,237.51,25.97,43.33,0.8229,-1,-1,-1
224,-1,513.44,0.00,84.20,27.59,0.7262,-1,-1,-1
225,-1,316.10,0.00,109.80,74.93,0.9565,-1,-1,-1
225,-1,56.90,295.17,40.59,22.48,0.8878,-1,-1,-1
225,-1,817.29,298.91,22.68,20.93,0.8838,-1,-1,-1
225,-1,96.85,299.83,23.59,23.85,0.8676,-1,-1,-1
225,-1,86.00,237.63,25.56,42.80,0.8412,-1,-1,-1
225,-1,503.34,0.00,88.60,27.55,0.6838,-1,-1,-1
226,-1,304.38,0.00,109.20,75.19,0.9457,-1,-1,-1
226,-1,53.94,294.91,40.89,22.56,0.8957,-1,-1,-1
226,-1,815.13,299.00,22.36,21.13,0.8847,-1,-1,-1
226,-1,93.58,299.30,24.90,24.37,0.8596,-1,-1,-1
226,-1,83.84,237.96,25.84,42.33,0.8513,-1,-1,-1
226,-1,497.46,0.00,84.89,27.84,0.7290,-1,-1,-1
227,-1,292.70,0.00,109.37,75.39,0.9454,-1,-1,-1
227,-1,812.57,299.21,22.66,21.20,0.8979,-1,-1,-1
227,-1,51.61,294.58,40.10,22.53,0.8936,-1,-1,-1
227,-1,91.11,298.90,24.51,24.08,0.8816,-1,-1,-1
227,-1,81.93,236.70,26.09,43.39,0.8571,-1,-1,-1
227,-1,488.99,0.00,84.89,27.76,0.7732,-1,-1,-1
228,-1,281.42,0.00,110.55,75.14,0.9491,-1,-1,-1
228,-1,810.27,299.48,22.45,21.29,0.8866,-1,-1,-1
228,-1,49.06,294.27,40.89,22.39,0.8852,-1,-1,-1
228,-1,88.83,298.64,24.45,23.64,0.8711,-1,-1,-1
228,-1,79.53,236.18,26.05,43.45,0.8368,-1,-1,-1
228,-1,482.83,0.00,83.68,27.91,0.7507,-1,-1,-1
229,-1,269.31,0.00,108.52,74.73,0.9473,-1,-1,-1
229,-1,46.44,293.88,41.29,22.27,0.9037,-1,-1,-1
229,-1,807.90,299.94,22.71,21.15,0.8952,-1,-1,-1
229,-1,86.66,298.10,24.26,24.12,0.8676,-1,-1,-1
229,-1,77.35,236.36,26.02,42.37,0.8523,-1,-1,-1
229,-1,474.24,0.00,84.37,28.27,0.7671,-1,-1,-1
229,-1,359.74,214.81,21.73,21.63,0.7525,-1,-1,-1
230,-1,256.79,0.00,109.61,74.83,0.9388,-1,-1,-1
230,-1,805.32,300.38,22.60,21.17,0.9087,-1,-1,-1
230,-1,44.35,293.04,41.89,22.63,0.9011,-1,-1,-1
230,-1,351.96,214.46,27.41,22.43,0.8780,-1,-1,-1
230,-1,84.44,297.37,24.62,24.36,0.8647,-1,-1,-1
230,-1,75.61,236.00,25.92,41.84,0.8646,-1,-1,-1
230,-1,467.09,0.00,84.72,28.46,0.7631,-1,-1,-1
231,-1,244.19,0.00,110.40,74.71,0.9438,-1,-1,-1
231,-1,802.97,300.73,22.52,21.17,0.9024,-1,-1,-1
231,-1,344.32,214.06,32.17,23.03,0.8950,-1,-1,-1
231,-1,41.77,292.59,41.24,22.49,0.8862,-1,-1,-1
231,-1,81.20,297.11,25.32,24.25,0.8750,-1,-1,-1
231,-1,73.73,234.49,26.07,43.18,0.8289,-1,-1,-1
231,-1,458.65,0.00,86.19,28.32,0.7552,-1,-1,-1
232,-1,233.21,0.00,109.41,74.35,0.9462,-1,-1,-1
232,-1,336.88,213.86,37.61,23.00,0.9029,-1,-1,-1
232,-1,39.24,291.70,41.26,22.66,0.8968,-1,-1,-1
232,-1,800.61,301.02,22.05,21.25,0.8966,-1,-1,-1
232,-1,79.45,296.43,24.62,24.36,0.8647,-1,-1,-1
232,-1,71.04,234.58,26.44,42.84,0.8241,-1,-1,-1
232,-1,451.72,0.02,85.22,28.05,0.7254,-1,-1,-1
233,-1,222.40,0.00,108.71,74.00,0.9470,-1,-1,-1
233,-1,329.96,213.56,41.96,23.20,0.9084,-1,-1,-1
233,-1,798.28,301.27,22.10,21.21,0.9083,-1,-1,-1
233,-1,36.76,291.24,41.61,22.83,0.8922,-1,-1,-1
233,-1,76.79,296.08,24.88,24.35,0.8581,-1,-1,-1
233,-1,69.13,234.60,26.14,43.37,0.8077,-1,-1,-1
233,-1,444.07,0.00,84.83,28.30,0.7408,-1,-1,-1
234,-1,210.90,0.01,108.56,73.74,0.9431,-1,-1,-1
234,-1,323.26,213.47,46.09,23.15,0.9110,-1,-1,-1
234,-1,795.92,301.54,22.21,21.40,0.9069,-1,-1,-1
234,-1,34.07,290.97,41.50,22.66,0.8919,-1,-1,-1
234,-1,74.40,295.57,24.97,24.32,0.8666,-1,-1,-1
234,-1,67.05,233.61,26.13,43.53,0.8312,-1,-1,-1
234,-1,438.20,0.00,82.46,28.14,0.7269,-1,-1,-1
235,-1,199.03,0.04,108.64,74.38,0.9457,-1,-1,-1
235,-1,320.77,213.33,46.57,23.13,0.9114,-1,-1,-1
235,-1,793.66,301.64,21.89,21.30,0.8914,-1,-1,-1
235,-1,31.57,290.65,41.46,22.66,0.8822,-1,-1,-1
235,-1,72.58,295.23,24.28,24.41,0.8635,-1,-1,-1
235,-1,64.52,233.40,26.48,42.95,0.8529,-1,-1,-1
235,-1,431.96,0.00,81.88,28.19,0.7109,-1,-1,-1
236,-1,187.07,0.00,109.05,73.41,0.9473,-1,-1,-1
236,-1,318.01,213.34,46.48,23.07,0.9133,-1,-1,-1
236,-1,790.90,301.74,22.12,21.42,0.9013,-1,-1,-1
236,-1,29.00,290.20,41.54,22.86,0.8897,-1,-1,-1
236,-1,69.27,294.94,25.35,24.27,0.8689,-1,-1,-1
236,-1,62.11,232.71,26.27,43.96,0.8529,-1,-1,-1
236,-1,423.73,0.00,82.41,28.37,0.6748,-1,-1,-1
237,-1,173.97,0.00,109.61,73.24,0.9406,-1,-1,-1
237,-1,315.03,213.24,46.96,22.98,0.9178,-1,-1,-1
237,-1,788.47,301.97,21.83,21.47,0.9014,-1,-1,-1
237,-1,26.04,290.12,42.73,22.81,0.8900,-1,-1,-1
237,-1,67.15,294.77,24.86,24.29,0.8775,-1,-1,-1
237,-1,60.14,233.80,26.15,41.63,0.8200,-1,-1,-1
237,-1,416.27,0.00,82.31,28.10,0.7608,-1,-1,-1
238,-1,160.29,0.06,111.76,73.20,0.9424,-1,-1,-1
238,-1,312.82,213.19,46.84,23.02,0.9155,-1,-1,-1
238,-1,786.16,302.03,21.59,21.28,0.8915,-1,-1,-1
238,-1,23.73,290.08,41.92,22.68,0.8870,-1,-1,-1
238,-1,64.74,295.03,25.27,23.62,0.8632,-1,-1,-1
238,-1,58.21,232.96,26.07,42.93,0.8443,-1,-1,-1
238,-1,405.74,0.01,87.15,28.31,0.6534,-1,-1,-1
239,-1,149.09,0.04,110.69,73.20,0.9458,-1,-1,-1
239,-1,309.91,213.35,47.00,22.94,0.9132,-1,-1,-1
239,-1,783.56,301.92,21.56,21.40,0.8989,-1,-1,-1
239,-1,21.14,290.37,41.84,22.48,0.8866,-1,-1,-1
239,-1,61.81,294.80,25.38,24.19,0.8628,-1,-1,-1
239,-1,399.77,0.00,82.71,28.24,0.7334,-1,-1,-1
239,-1,55.42,233.07,26.22,42.49,0.7140,-1,-1,-1
240,-1,137.06,0.00,110.63,73.61,0.9514,-1,-1,-1
240,-1,306.89,213.27,46.80,23.03,0.9178,-1,-1,-1
240,-1,780.80,301.83,21.65,21.45,0.9003,-1,-1,-1
240,-1,18.08,290.35,42.72,22.69,0.8833,-1,-1,-1
240,-1,59.34,294.92,25.37,24.25,0.8786,-1,-1,-1
240,-1,53.22,233.81,25.85,41.72,0.8162,-1,-1,-1
240,-1,392.30,0.00,81.79,28.14,0.7772,-1,-1,-1
241,-1,123.42,0.02,111.70,73.19,0.9439,-1,-1,-1
241,-1,304.36,213.37,46.77,23.04,0.9097,-1,-1,-1
241,-1,778.25,301.91,21.61,21.00,0.8899,-1,-1,-1
241,-1,15.25,290.67,42.59,22.66,0.8808,-1,-1,-1
241,-1,56.78,295.20,25.10,24.22,0.8671,-1,-1,-1
241,-1,50.85,233.27,26.46,43.17,0.8152,-1,-1,-1
241,-1,383.28,0.00,82.54,28.06,0.7056,-1,-1,-1
242,-1,110.77,0.04,112.00,73.40,0.9416,-1,-1,-1
242,-1,301.59,213.48,46.82,23.17,0.9123,-1,-1,-1
242,-1,776.01,301.45,21.02,21.17,0.9038,-1,-1,-1
242,-1,12.54,290.95,43.02,22.62,0.8896,-1,-1,-1
242,-1,53.88,295.79,25.62,24.29,0.8676,-1,-1,-1
242,-1,48.33,234.23,26.41,41.68,0.8019,-1,-1,-1
242,-1,363.64,0.00,94.62,28.16,0.5507,-1,-1,-1
243,-1,97.65,0.08,113.51,73.58,0.9455,-1,-1,-1
243,-1,298.40,213.43,47.49,23.30,0.9126,-1,-1,-1
243,-1,772.81,301.30,21.58,20.98,0.8997,-1,-1,-1
243,-1,9.88,291.70,43.23,22.13,0.8798,-1,-1,-1
243,-1,51.38,296.06,25.55,24.14,0.8731,-1,-1,-1
243,-1,45.95,234.32,25.93,41.79,0.8335,-1,-1,-1
243,-1,357.47,0.06,92.57,28.00,0.6165,-1,-1,-1
244,-1,84.63,0.02,113.74,74.05,0.9494,-1,-1,-1
244,-1,295.70,213.89,47.46,23.10,0.9083,-1,-1,-1
244,-1,6.85,292.14,43.32,22.33,0.8891,-1,-1,-1
244,-1,48.67,296.69,25.56,24.02,0.8765,-1,-1,-1
244,-1,770.75,300.96,20.68,21.15,0.8728,-1,-1,-1
244,-1,43.41,235.32,26.23,41.76,0.8296,-1,-1,-1
244,-1,350.30,0.04,91.36,27.95,0.6758,-1,-1,-1
245,-1,71.35,0.00,113.84,74.43,0.9507,-1,-1,-1
245,-1,292.81,213.86,47.13,23.34,0.9132,-1,-1,-1
245,-1,767.69,300.67,21.34,21.07,0.8978,-1,-1,-1
245,-1,4.30,293.02,42.83,22.03,0.8855,-1,-1,-1
245,-1,45.71,296.87,26.04,24.49,0.8678,-1,-1,-1
245,-1,40.89,235.91,26.70,40.96,0.8294,-1,-1,-1
245,-1,341.36,0.04,91.75,27.89,0.6873,-1,-1,-1
246,-1,54.81,0.00,118.43,74.69,0.9379,-1,-1,-1
246,-1,289.70,214.19,47.20,23.19,0.9114,-1,-1,-1
246,-1,764.63,300.12,21.83,21.34,0.9003,-1,-1,-1
246,-1,1.34,293.37,43.37,22.33,0.8785,-1,-1,-1
246,-1,42.67,297.46,26.53,24.70,0.8753,-1,-1,-1
246,-1,38.43,236.44,26.15,40.99,0.7451,-1,-1,-1
246,-1,330.50,0.05,94.23,28.21,0.6061,-1,-1,-1
247,-1,41.22,0.00,119.27,75.57,0.9283,-1,-1,-1
247,-1,286.58,214.49,47.08,23.18,0.9119,-1,-1,-1
247,-1,0.00,294.44,42.08,21.80,0.8901,-1,-1,-1
247,-1,40.60,298.14,25.79,24.36,0.8801,-1,-1,-1
247,-1,762.46,299.76,20.94,21.39,0.8453,-1,-1,-1
247,-1,317.35,0.08,99.00,28.57,0.5931,-1,-1,-1
248,-1,25.77,0.04,122.80,75.87,0.9224,-1,-1,-1
248,-1,283.83,214.57,47.52,23.37,0.9111,-1,-1,-1
248,-1,0.00,294.68,39.04,22.52,0.9011,-1,-1,-1
248,-1,759.76,299.48,21.17,21.19,0.8720,-1,-1,-1
248,-1,37.67,298.66,26.12,24.53,0.8689,-1,-1,-1
248,-1,310.38,0.07,96.88,28.40,0.6692,-1,-1,-1
249,-1,15.50,0.00,121.52,76.37,0.9371,-1,-1,-1
249,-1,281.11,214.97,47.54,23.28,0.9143,-1,-1,-1
249,-1,0.00,295.17,37.43,22.24,0.8984,-1,-1,-1
249,-1,757.05,299.29,21.00,21.00,0.8838,-1,-1,-1
249,-1,35.81,299.29,25.63,24.61,0.8828,-1,-1,-1
249,-1,305.86,0.02,93.67,28.66,0.5704,-1,-1,-1
250,-1,0.27,0.00,124.73,76.60,0.9440,-1,-1,-1
250,-1,278.16,215.05,47.62,23.24,0.9122,-1,-1,-1
250,-1,0.00,295.50,34.15,22.11,0.8924,-1,-1,-1
250,-1,32.91,299.90,25.70,24.13,0.8852,-1,-1,-1
250,-1,754.57,299.11,20.47,21.19,0.8275,-1,-1,-1
250,-1,294.07,0.06,96.60,29.24,0.6279,-1,-1,-1
251,-1,0.06,0.04,112.85,76.80,0.9471,-1,-1,-1
251,-1,275.23,215.20,47.76,23.33,0.9162,-1,-1,-1
251,-1,29.18,300.25,26.99,23.78,0.8875,-1,-1,-1
251,-1,0.00,295.66,30.81,22.40,0.8746,-1,-1,-1
251,-1,751.92,298.98,20.56,21.20,0.8636,-1,-1,-1
251,-1,287.39,0.09,95.01,29.52,0.5894,-1,-1,-1
252,-1,0.05,0.13,101.16,76.95,0.9472,-1,-1,-1
252,-1,272.71,215.23,47.61,23.39,0.9156,-1,-1,-1
252,-1,27.63,300.42,25.80,24.07,0.8871,-1,-1,-1
252,-1,0.04,295.87,29.89,22.59,0.8814,-1,-1,-1
252,-1,749.31,298.81,20.50,21.22,0.8666,-1,-1,-1
252,-1,277.66,0.05,96.77,29.41,0.6057,-1,-1,-1
253,-1,0.01,0.07,89.73,76.97,0.9462,-1,-1,-1
253,-1,269.87,215.20,47.63,23.41,0.9121,-1,-1,-1
253,-1,24.73,300.62,26.39,23.81,0.8888,-1,-1,-1
253,-1,0.07,296.35,26.22,22.26,0.8574,-1,-1,-1
253,-1,746.94,298.62,20.18,21.57,0.6892,-1,-1,-1
253,-1,270.89,0.04,95.86,29.80,0.5504,-1,-1,-1
254,-1,0.00,0.03,78.10,77.08,0.9435,-1,-1,-1
254,-1,267.33,215.20,47.47,23.41,0.9140,-1,-1,-1
254,-1,21.45,300.11,27.57,24.31,0.8834,-1,-1,-1
254,-1,744.49,298.59,19.96,21.47,0.8626,-1,-1,-1
254,-1,0.04,295.99,23.74,22.61,0.8442,-1,-1,-1
254,-1,260.30,0.06,98.82,29.69,0.6342,-1,-1,-1
255,-1,0.00,0.15,67.20,77.54,0.9217,-1,-1,-1
255,-1,264.67,215.31,47.85,23.30,0.9127,-1,-1,-1
255,-1,742.24,299.12,19.75,20.98,0.8745,-1,-1,-1
255,-1,0.00,295.51,21.59,22.52,0.8216,-1,-1,-1
255,-1,253.94,0.04,97.32,28.81,0.6062,-1,-1,-1
255,-1,19.58,300.06,23.74,23.66,0.3024,-1,-1,-1
256,-1,0.00,0.11,55.82,76.93,0.9167,-1,-1,-1
256,-1,262.06,215.17,47.19,23.29,0.9132,-1,-1,-1
256,-1,15.97,301.82,19.38,21.45,0.7746,-1,-1,-1
256,-1,243.93,0.05,101.39,29.02,0.6386,-1,-1,-1
256,-1,0.04,299.38,20.51,18.39,0.6324,-1,-1,-1
256,-1,739.53,299.17,20.06,21.24,0.6198,-1,-1,-1
257,-1,259.70,214.99,47.91,23.35,0.9141,-1,-1,-1
257,-1,0.01,0.12,45.45,76.81,0.9003,-1,-1,-1
257,-1,737.00,299.37,20.39,21.10,0.7831,-1,-1,-1
257,-1,0.00,296.03,18.23,21.41,0.7238,-1,-1,-1
257,-1,236.29,0.10,101.16,28.77,0.5340,-1,-1,-1
258,-1,257.46,214.83,47.32,23.32,0.9148,-1,-1,-1
258,-1,734.61,299.97,19.98,20.95,0.8850,-1,-1,-1
258,-1,0.00,0.00,34.23,81.00,0.7639,-1,-1,-1
258,-1,229.51,0.03,100.16,28.79,0.6488,-1,-1,-1
259,-1,254.68,214.61,47.55,23.16,0.9108,-1,-1,-1
259,-1,223.26,0.09,98.27,28.66,0.5872,-1,-1,-1
259,-1,0.00,0.00,23.36,57.83,0.5615,-1,-1,-1
259,-1,732.25,299.94,19.72,21.36,0.4759,-1,-1,-1
259,-1,0.00,0.00,23.50,57.21,0.3712,-1,-1,-1
260,-1,252.66,214.27,47.45,23.24,0.9151,-1,-1,-1
260,-1,729.82,300.12,19.80,21.16,0.8892,-1,-1,-1
260,-1,220.66,0.01,93.76,28.35,0.6839,-1,-1,-1
260,-1,0.00,0.00,12.88,66.75,0.3297,-1,-1,-1
260,-1,0.00,0.00,13.04,66.37,0.2925,-1,-1,-1
261,-1,249.86,214.00,48.35,23.29,0.9095,-1,-1,-1
261,-1,727.53,300.68,19.51,20.76,0.8701,-1,-1,-1
261,-1,207.84,0.06,98.85,28.18,0.5624,-1,-1,-1
262,-1,247.87,213.89,47.68,23.07,0.9100,-1,-1,-1
262,-1,724.92,300.88,19.42,21.01,0.8557,-1,-1,-1
262,-1,200.53,0.03,99.13,28.00,0.6060,-1,-1,-1
263,-1,245.35,213.55,47.95,23.16,0.9088,-1,-1,-1
263,-1,722.59,301.27,19.53,20.71,0.8657,-1,-1,-1
263,-1,192.70,0.05,99.89,27.48,0.6015,-1,-1,-1
264,-1,242.51,213.22,48.75,23.18,0.9165,-1,-1,-1
264,-1,720.21,301.51,19.47,20.66,0.8928,-1,-1,-1
264,-1,181.72,0.05,103.45,27.51,0.5925,-1,-1,-1
265,-1,240.30,213.10,47.75,23.03,0.9116,-1,-1,-1
265,-1,717.55,301.77,19.53,20.82,0.8758,-1,-1,-1
265,-1,178.56,0.06,98.51,27.34,0.6102,-1,-1,-1
266,-1,237.80,212.76,47.56,23.14,0.9155,-1,-1,-1
266,-1,715.40,302.12,19.15,20.33,0.8974,-1,-1,-1
266,-1,165.25,0.07,104.78,26.97,0.6224,-1,-1,-1
267,-1,234.45,212.52,49.18,23.22,0.9119,-1,-1,-1
267,-1,712.92,301.62,19.03,20.87,0.9059,-1,-1,-1
267,-1,160.79,0.06,101.06,27.00,0.5893,-1,-1,-1
268,-1,232.28,212.46,47.57,23.24,0.9150,-1,-1,-1
268,-1,710.33,301.81,19.03,20.94,0.8870,-1,-1,-1
268,-1,152.17,0.00,102.09,26.82,0.6026,-1,-1,-1
269,-1,229.81,212.61,47.78,23.10,0.9121,-1,-1,-1
269,-1,708.09,301.91,18.64,20.61,0.9030,-1,-1,-1
269,-1,146.94,0.04,99.11,26.83,0.6465,-1,-1,-1
270,-1,226.37,212.57,49.01,23.13,0.9157,-1,-1,-1
270,-1,705.47,301.50,18.60,21.03,0.9024,-1,-1,-1
270,-1,131.20,0.00,107.77,26.90,0.5777,-1,-1,-1
271,-1,224.24,212.60,48.01,23.28,0.9119,-1,-1,-1
271,-1,702.62,301.45,18.90,20.85,0.8934,-1,-1,-1
271,-1,114.15,0.05,116.47,26.85,0.5798,-1,-1,-1
272,-1,221.46,212.94,48.19,23.16,0.9121,-1,-1,-1
272,-1,700.14,301.38,18.75,20.81,0.9049,-1,-1,-1
272,-1,111.36,0.00,111.14,27.12,0.5761,-1,-1,-1
273,-1,218.24,213.11,49.21,23.34,0.9150,-1,-1,-1
273,-1,697.55,300.89,18.52,21.00,0.8892,-1,-1,-1
273,-1,98.11,0.05,115.41,27.29,0.5563,-1,-1,-1
274,-1,216.05,213.52,47.88,23.20,0.9084,-1,-1,-1
274,-1,694.84,300.97,18.67,20.65,0.8913,-1,-1,-1
274,-1,81.97,0.07,123.75,27.36,0.5210,-1,-1,-1
275,-1,212.75,213.66,48.59,23.40,0.9154,-1,-1,-1
275,-1,692.06,300.55,18.79,20.86,0.8988,-1,-1,-1
275,-1,73.47,0.06,123.79,27.90,0.5862,-1,-1,-1
276,-1,209.59,214.02,48.97,23.39,0.9138,-1,-1,-1
276,-1,689.39,300.20,18.81,20.90,0.8236,-1,-1,-1
276,-1,67.86,0.08,121.94,28.20,0.5707,-1,-1,-1
277,-1,206.52,214.46,49.05,23.34,0.9114,-1,-1,-1
277,-1,686.87,300.10,18.43,20.96,0.8929,-1,-1,-1
277,-1,55.34,0.07,127.40,28.80,0.5845,-1,-1,-1
278,-1,203.59,214.58,49.38,23.51,0.9140,-1,-1,-1
278,-1,684.11,299.74,18.53,20.94,0.8964,-1,-1,-1
278,-1,48.08,0.08,124.43,29.08,0.6387,-1,-1,-1
279,-1,200.80,215.05,49.61,23.33,0.9097,-1,-1,-1
279,-1,681.47,299.54,18.67,21.04,0.7567,-1,-1,-1
279,-1,36.88,0.04,127.12,29.72,0.5912,-1,-1,-1
280,-1,197.71,215.25,50.05,23.43,0.9092,-1,-1,-1
280,-1,678.86,299.39,18.48,20.94,0.8716,-1,-1,-1
280,-1,33.62,0.08,122.42,30.09,0.6604,-1,-1,-1
281,-1,195.10,215.48,49.71,23.31,0.9126,-1,-1,-1
281,-1,676.38,299.27,18.29,20.86,0.8874,-1,-1,-1
281,-1,21.15,0.04,126.70,30.25,0.6662,-1,-1,-1
282,-1,191.77,215.59,50.45,23.49,0.9124,-1,-1,-1
282,-1,673.79,299.20,18.21,20.88,0.8618,-1,-1,-1
282,-1,16.50,0.08,123.25,30.46,0.7092,-1,-1,-1
283,-1,188.85,215.68,50.86,23.48,0.9111,-1,-1,-1
283,-1,671.04,299.33,18.45,20.72,0.8748,-1,-1,-1
283,-1,4.07,0.04,127.65,30.63,0.6763,-1,-1,-1
284,-1,186.73,215.73,50.18,23.35,0.9101,-1,-1,-1
284,-1,668.63,299.12,18.46,20.94,0.8814,-1,-1,-1
284,-1,1.49,0.07,123.06,30.68,0.7119,-1,-1,-1
285,-1,184.08,215.66,50.62,23.49,0.9065,-1,-1,-1
285,-1,666.00,298.97,18.54,21.15,0.8771,-1,-1,-1
285,-1,0.00,0.03,115.80,30.64,0.6919,-1,-1,-1
286,-1,181.98,215.47,50.01,23.47,0.9082,-1,-1,-1
286,-1,663.49,299.66,18.58,20.54,0.8547,-1,-1,-1
286,-1,0.00,0.06,108.37,30.40,0.6800,-1,-1,-1
287,-1,179.57,215.36,49.85,23.22,0.9117,-1,-1,-1
287,-1,661.10,299.61,18.39,20.75,0.8867,-1,-1,-1
287,-1,0.00,0.01,100.75,30.25,0.6164,-1,-1,-1
288,-1,176.91,215.06,50.31,23.36,0.9087,-1,-1,-1
288,-1,658.89,299.71,18.22,20.72,0.8632,-1,-1,-1
288,-1,0.00,0.06,93.69,29.93,0.6158,-1,-1,-1
289,-1,174.36,214.74,50.27,23.48,0.9098,-1,-1,-1
289,-1,656.09,300.04,18.77,20.66,0.8700,-1,-1,-1
289,-1,0.00,0.01,86.42,29.60,0.6937,-1,-1,-1
290,-1,171.77,214.42,50.53,23.30,0.9124,-1,-1,-1
290,-1,653.84,300.18,18.39,20.66,0.7538,-1,-1,-1
290,-1,0.00,0.04,79.27,29.09,0.6824,-1,-1,-1
291,-1,169.66,214.01,50.27,23.39,0.9143,-1,-1,-1
291,-1,651.57,300.41,18.17,20.57,0.8633,-1,-1,-1
291,-1,0.00,0.01,72.44,28.63,0.6068,-1,-1,-1
291,-1,1014.35,259.42,9.65,18.70,0.4555,-1,-1,-1
292,-1,167.59,213.66,50.23,23.34,0.9080,-1,-1,-1
292,-1,649.08,300.54,18.46,20.62,0.8943,-1,-1,-1
292,-1,1007.66,260.23,16.34,19.23,0.8476,-1,-1,-1
292,-1,0.00,0.00,64.55,27.80,0.4572,-1,-1,-1
293,-1,164.63,213.52,50.48,23.07,0.9058,-1,-1,-1
293,-1,1000.84,261.10,23.16,18.76,0.8662,-1,-1,-1
293,-1,646.72,301.01,18.30,20.31,0.5758,-1,-1,-1
293,-1,0.00,0.00,57.59,27.34,0.4449,-1,-1,-1
293,-1,646.69,301.00,18.26,20.30,0.4098,-1,-1,-1
293,-1,0.00,0.00,57.43,27.42,0.3260,-1,-1,-1
294,-1,162.00,213.15,50.47,23.05,0.9098,-1,-1,-1
294,-1,644.30,301.05,18.42,20.58,0.8881,-1,-1,-1
294,-1,993.30,261.54,26.34,19.00,0.8685,-1,-1,-1
294,-1,0.00,0.00,50.78,26.94,0.3875,-1,-1,-1
294,-1,0.00,0.00,50.62,26.78,0.3432,-1,-1,-1
295,-1,159.00,212.61,51.90,23.23,0.9124,-1,-1,-1
295,-1,985.99,261.75,27.95,19.38,0.8667,-1,-1,-1
295,-1,641.82,301.30,18.65,20.20,0.8650,-1,-1,-1
295,-1,0.00,0.00,42.78,26.41,0.4863,-1,-1,-1
296,-1,156.07,212.31,51.55,23.24,0.9083,-1,-1,-1
296,-1,979.04,262.33,27.23,19.37,0.8748,-1,-1,-1
296,-1,639.31,301.46,18.55,20.20,0.6779,-1,-1,-1
296,-1,0.00,0.00,35.48,26.21,0.6564,-1,-1,-1
297,-1,153.63,212.05,51.87,23.37,0.9118,-1,-1,-1
297,-1,636.95,301.26,18.44,20.47,0.9039,-1,-1,-1
297,-1,972.27,262.74,26.58,18.96,0.8797,-1,-1,-1
297,-1,0.00,0.00,27.53,26.00,0.5376,-1,-1,-1
298,-1,151.15,211.80,52.17,23.48,0.9119,-1,-1,-1
298,-1,634.41,301.48,18.50,20.21,0.9006,-1,-1,-1
298,-1,965.11,262.94,26.33,18.55,0.8599,-1,-1,-1
298,-1,999.39,191.65,19.22,13.40,0.6596,-1,-1,-1
298,-1,0.00,0.46,20.42,25.45,0.2653,-1,-1,-1
299,-1,148.59,211.99,51.30,23.25,0.9138,-1,-1,-1
299,-1,957.78,262.96,27.01,18.65,0.8830,-1,-1,-1
299,-1,631.73,301.14,18.81,20.55,0.8826,-1,-1,-1
299,-1,993.10,192.04,20.37,12.94,0.6690,-1,-1,-1
300,-1,146.12,212.00,51.62,23.28,0.9105,-1,-1,-1
300,-1,629.17,301.27,18.66,20.38,0.9002,-1,-1,-1
300,-1,950.22,262.89,27.23,18.71,0.8790,-1,-1,-1
301,-1,143.25,211.94,52.13,23.57,0.9137,-1,-1,-1
301,-1,626.52,301.29,18.77,20.29,0.8824,-1,-1,-1
301,-1,943.47,262.51,26.30,19.11,0.8779,-1,-1,-1
301,-1,980.05,190.89,23.25,14.79,0.2956,-1,-1,-1
302,-1,140.91,212.32,51.04,23.30,0.9121,-1,-1,-1
302,-1,935.83,262.03,26.67,18.87,0.8791,-1,-1,-1
302,-1,623.82,300.92,18.92,20.60,0.5874,-1,-1,-1
303,-1,137.80,212.75,51.34,23.15,0.9099,-1,-1,-1
303,-1,621.18,301.04,18.51,20.44,0.9006,-1,-1,-1
303,-1,928.24,261.50,26.24,20.00,0.8709,-1,-1,-1
304,-1,134.80,213.12,52.13,23.29,0.9079,-1,-1,-1
304,-1,920.84,261.05,27.02,19.03,0.8810,-1,-1,-1
304,-1,618.63,300.85,18.45,20.37,0.7124,-1,-1,-1
305,-1,132.02,213.24,51.59,23.53,0.9103,-1,-1,-1
305,-1,912.98,260.61,27.85,18.74,0.8756,-1,-1,-1
305,-1,615.94,300.63,18.63,20.46,0.7006,-1,-1,-1
306,-1,129.33,213.83,51.34,23.39,0.9142,-1,-1,-1
306,-1,905.76,260.12,26.97,18.32,0.8880,-1,-1,-1
306,-1,613.25,300.74,18.52,20.22,0.8595,-1,-1,-1
307,-1,126.07,214.16,52.44,23.48,0.9117,-1,-1,-1
307,-1,898.23,259.65,27.14,18.12,0.8901,-1,-1,-1
307,-1,610.43,300.31,18.67,20.54,0.7324,-1,-1,-1
308,-1,123.18,214.62,52.15,23.48,0.9121,-1,-1,-1
308,-1,890.94,259.06,27.53,18.41,0.8635,-1,-1,-1
308,-1,607.83,300.32,18.51,20.46,0.7200,-1,-1,-1
309,-1,120.69,215.02,51.74,23.55,0.9066,-1,-1,-1
309,-1,605.16,300.43,18.44,20.14,0.8875,-1,-1,-1
309,-1,883.09,258.75,27.40,18.55,0.8864,-1,-1,-1
310,-1,117.65,215.34,51.89,23.54,0.9054,-1,-1,-1
310,-1,875.46,258.50,27.14,18.69,0.8867,-1,-1,-1
310,-1,993.54,319.39,19.98,12.65,0.6786,-1,-1,-1
310,-1,602.37,300.31,18.35,20.27,0.6163,-1,-1,-1
311,-1,114.64,215.79,52.26,23.46,0.9089,-1,-1,-1
311,-1,867.94,258.42,26.84,18.11,0.8911,-1,-1,-1
311,-1,599.85,300.05,18.52,20.35,0.7115,-1,-1,-1
311,-1,990.13,319.22,19.35,12.42,0.7048,-1,-1,-1
312,-1,111.93,215.94,51.81,23.58,0.9086,-1,-1,-1
312,-1,860.64,258.12,26.99,18.14,0.8828,-1,-1,-1
312,-1,597.17,300.10,18.51,20.33,0.8572,-1,-1,-1
312,-1,986.97,318.96,20.44,12.65,0.7404,-1,-1,-1
313,-1,109.19,216.19,52.01,23.47,0.9083,-1,-1,-1
313,-1,853.02,258.09,27.80,17.82,0.8861,-1,-1,-1
313,-1,594.46,299.93,18.72,20.58,0.6642,-1,-1,-1
313,-1,984.85,318.66,20.30,12.52,0.6004,-1,-1,-1
314,-1,106.24,216.10,52.64,23.67,0.9061,-1,-1,-1
314,-1,845.69,258.24,28.15,17.66,0.8874,-1,-1,-1
314,-1,592.09,300.15,18.37,20.34,0.6961,-1,-1,-1
314,-1,982.49,318.62,19.84,12.45,0.6747,-1,-1,-1
315,-1,103.62,216.06,52.17,23.84,0.9063,-1,-1,-1
315,-1,838.59,258.49,27.73,17.69,0.8658,-1,-1,-1
315,-1,589.56,300.09,18.65,20.38,0.8309,-1,-1,-1
315,-1,979.82,318.66,19.80,12.64,0.6617,-1,-1,-1
316,-1,101.19,216.03,52.45,23.41,0.9085,-1,-1,-1
316,-1,831.23,258.72,28.15,17.56,0.8894,-1,-1,-1
316,-1,977.43,318.99,20.61,12.49,0.6598,-1,-1,-1
316,-1,587.24,300.12,18.19,20.40,0.5596,-1,-1,-1
317,-1,98.62,215.82,52.45,23.41,0.9079,-1,-1,-1
317,-1,823.64,258.51,28.57,17.88,0.8841,-1,-1,-1
317,-1,975.20,319.20,19.64,12.78,0.7419,-1,-1,-1
317,-1,584.54,300.43,18.44,20.22,0.4897,-1,-1,-1
317,-1,584.48,300.40,18.41,20.31,0.4431,-1,-1,-1
318,-1,96.35,215.49,52.72,23.52,0.9072,-1,-1,-1
318,-1,816.93,258.54,28.24,18.24,0.8762,-1,-1,-1
318,-1,582.11,300.43,18.58,20.16,0.8198,-1,-1,-1
318,-1,972.74,319.68,19.88,12.79,0.6886,-1,-1,-1
319,-1,93.92,215.07,52.74,23.44,0.9135,-1,-1,-1
319,-1,809.66,259.39,28.22,17.91,0.8679,-1,-1,-1
319,-1,969.58,320.36,20.56,12.59,0.6723,-1,-1,-1
319,-1,579.64,300.38,18.48,20.45,0.5819,-1,-1,-1
320,-1,91.35,214.66,52.44,23.31,0.9119,-1,-1,-1
320,-1,802.85,259.64,27.55,17.88,0.7816,-1,-1,-1
320,-1,577.37,300.43,18.30,20.61,0.7572,-1,-1,-1
320,-1,967.98,320.54,19.09,12.54,0.5335,-1,-1,-1
321,-1,89.06,214.15,52.36,23.44,0.9125,-1,-1,-1
321,-1,796.00,260.26,26.73,17.64,0.8376,-1,-1,-1
321,-1,574.89,300.73,18.48,20.16,0.6351,-1,-1,-1
321,-1,965.49,321.26,19.55,12.66,0.6266,-1,-1,-1
322,-1,86.28,213.72,52.92,23.50,0.9136,-1,-1,-1
322,-1,788.98,260.63,26.37,17.64,0.8632,-1,-1,-1
322,-1,572.25,300.73,18.70,20.50,0.5396,-1,-1,-1
322,-1,572.27,300.72,18.56,20.43,0.4277,-1,-1,-1
322,-1,963.18,322.18,19.75,12.24,0.3908,-1,-1,-1
323,-1,84.06,213.47,52.71,23.20,0.9087,-1,-1,-1
323,-1,569.95,300.81,18.42,20.34,0.8661,-1,-1,-1
323,-1,781.96,260.80,26.47,17.83,0.8417,-1,-1,-1
323,-1,960.61,322.46,20.29,12.41,0.5690,-1,-1,-1
324,-1,81.74,212.90,52.23,23.34,0.9114,-1,-1,-1
324,-1,774.74,261.22,26.23,17.81,0.8007,-1,-1,-1
324,-1,567.39,300.84,18.91,20.31,0.6523,-1,-1,-1
324,-1,958.39,323.22,19.65,12.28,0.5189,-1,-1,-1
325,-1,79.19,212.46,52.52,23.22,0.9121,-1,-1,-1
325,-1,564.86,301.05,18.77,20.34,0.7176,-1,-1,-1
325,-1,956.11,323.47,19.97,12.59,0.6538,-1,-1,-1
325,-1,767.58,261.42,26.17,18.06,0.6449,-1,-1,-1
326,-1,76.78,212.03,53.27,23.22,0.9116,-1,-1,-1
326,-1,562.45,300.98,18.61,20.38,0.8273,-1,-1,-1
326,-1,760.65,261.60,25.65,18.05,0.7674,-1,-1,-1
326,-1,953.67,324.15,19.40,12.18,0.5348,-1,-1,-1
327,-1,73.82,211.66,53.10,23.36,0.9109,-1,-1,-1
327,-1,753.56,261.73,25.06,18.04,0.8731,-1,-1,-1
327,-1,559.95,301.17,18.74,20.16,0.7957,-1,-1,-1
327,-1,951.20,324.08,19.46,12.43,0.6278,-1,-1,-1
328,-1,71.55,211.37,52.42,23.52,0.9184,-1,-1,-1
328,-1,746.37,261.87,24.26,17.85,0.8783,-1,-1,-1
328,-1,557.46,301.17,18.83,20.24,0.8634,-1,-1,-1
328,-1,948.69,324.30,19.80,12.52,0.6099,-1,-1,-1
329,-1,68.65,211.41,53.75,23.38,0.9188,-1,-1,-1
329,-1,738.94,261.77,24.06,18.01,0.8813,-1,-1,-1
329,-1,555.12,300.97,18.62,20.35,0.8779,-1,-1,-1
329,-1,946.05,324.29,20.15,12.58,0.7024,-1,-1,-1
330,-1,65.76,211.44,53.61,23.39,0.9143,-1,-1,-1
330,-1,731.48,261.54,23.45,18.20,0.8739,-1,-1,-1
330,-1,552.21,301.13,19.11,20.23,0.8341,-1,-1,-1
330,-1,943.75,324.38,19.61,12.28,0.5075,-1,-1,-1
331,-1,63.48,211.54,52.74,23.45,0.9147,-1,-1,-1
331,-1,549.66,301.04,19.15,20.32,0.8781,-1,-1,-1
331,-1,724.34,261.51,22.98,18.11,0.8295,-1,-1,-1
331,-1,941.26,324.27,19.87,12.39,0.7365,-1,-1,-1
332,-1,60.72,211.67,53.56,23.54,0.9131,-1,-1,-1
332,-1,716.95,261.20,22.31,18.31,0.8852,-1,-1,-1
332,-1,547.17,301.00,18.85,20.23,0.8831,-1,-1,-1
332,-1,938.77,324.16,19.67,12.27,0.5065,-1,-1,-1
333,-1,57.20,212.02,53.96,23.54,0.9102,-1,-1,-1
333,-1,709.08,260.97,22.05,18.32,0.8764,-1,-1,-1
333,-1,936.31,323.54,19.63,12.64,0.6897,-1,-1,-1
333,-1,544.19,300.96,19.24,20.27,0.6454,-1,-1,-1
334,-1,54.63,212.48,53.52,23.49,0.9122,-1,-1,-1
334,-1,541.72,300.87,19.24,20.26,0.8813,-1,-1,-1
334,-1,701.62,261.11,21.36,17.64,0.8795,-1,-1,-1
334,-1,933.61,323.22,19.85,12.36,0.6262,-1,-1,-1
335,-1,51.49,213.17,54.48,23.20,0.9089,-1,-1,-1
335,-1,539.10,300.58,18.96,20.52,0.8743,-1,-1,-1
335,-1,694.24,260.94,20.75,17.77,0.8730,-1,-1,-1
335,-1,930.82,322.64,19.81,12.37,0.3976,-1,-1,-1
335,-1,999.52,295.87,20.82,15.39,0.3484,-1,-1,-1
336,-1,48.84,213.57,53.66,23.37,0.9159,-1,-1,-1
336,-1,686.35,260.54,20.41,17.95,0.8710,-1,-1,-1
336,-1,536.23,300.84,19.04,20.35,0.7313,-1,-1,-1
336,-1,928.42,322.35,20.03,12.30,0.6488,-1,-1,-1
337,-1,46.16,214.25,53.60,23.07,0.9151,-1,-1,-1
337,-1,533.57,300.98,19.46,20.02,0.8627,-1,-1,-1
337,-1,678.69,260.26,19.74,17.78,0.8436,-1,-1,-1
337,-1,925.67,321.47,19.74,12.63,0.5666,-1,-1,-1
338,-1,42.79,214.61,54.30,23.39,0.9098,-1,-1,-1
338,-1,670.92,259.71,19.41,18.07,0.8078,-1,-1,-1
338,-1,531.03,300.40,18.95,20.57,0.7546,-1,-1,-1
338,-1,923.17,320.97,19.51,12.52,0.4557,-1,-1,-1
339,-1,40.07,215.21,54.02,23.28,0.9042,-1,-1,-1
339,-1,663.25,259.57,18.94,18.17,0.8584,-1,-1,-1
339,-1,527.93,300.60,19.20,20.42,0.8071,-1,-1,-1
339,-1,920.75,320.43,20.01,12.70,0.5948,-1,-1,-1
340,-1,37.46,215.55,53.74,23.38,0.9089,-1,-1,-1
340,-1,525.29,300.76,19.65,20.20,0.8892,-1,-1,-1
340,-1,655.13,259.48,18.82,18.22,0.7953,-1,-1,-1
340,-1,917.90,320.07,20.09,12.61,0.3908,-1,-1,-1
340,-1,986.35,290.02,21.76,18.29,0.3630,-1,-1,-1
341,-1,34.20,216.10,53.91,23.36,0.9037,-1,-1,-1
341,-1,522.63,300.21,19.30,20.75,0.8774,-1,-1,-1
341,-1,647.05,258.98,18.79,18.58,0.8251,-1,-1,-1
341,-1,915.51,319.62,19.52,12.95,0.7787,-1,-1,-1
341,-1,984.48,291.20,20.96,16.63,0.4955,-1,-1,-1
342,-1,31.74,216.44,54.19,23.23,0.9064,-1,-1,-1
342,-1,913.17,319.27,19.81,12.78,0.7901,-1,-1,-1
342,-1,519.96,300.51,19.08,20.41,0.7302,-1,-1,-1
342,-1,640.31,259.22,17.15,17.97,0.6943,-1,-1,-1
343,-1,29.07,216.50,53.91,23.35,0.9105,-1,-1,-1
343,-1,517.43,300.76,19.55,20.14,0.8708,-1,-1,-1
343,-1,632.04,259.35,17.63,17.61,0.7706,-1,-1,-1
343,-1,910.34,319.18,19.72,12.60,0.7124,-1,-1,-1
344,-1,25.97,216.70,54.49,23.26,0.9075,-1,-1,-1
344,-1,514.88,300.48,19.34,20.38,0.8551,-1,-1,-1
344,-1,908.16,319.06,19.69,12.87,0.7864,-1,-1,-1
344,-1,624.75,258.94,17.07,17.93,0.4745,-1,-1,-1
344,-1,978.19,291.48,20.04,15.95,0.2560,-1,-1,-1
345,-1,23.58,216.75,54.72,23.30,0.9053,-1,-1,-1
345,-1,905.46,319.26,19.90,12.49,0.8159,-1,-1,-1
345,-1,512.17,300.59,19.12,20.35,0.8088,-1,-1,-1
345,-1,617.17,258.73,16.65,17.86,0.4697,-1,-1,-1
346,-1,20.96,216.68,54.10,23.21,0.9105,-1,-1,-1
346,-1,509.69,300.58,19.58,20.32,0.8587,-1,-1,-1
346,-1,902.98,319.13,19.76,12.66,0.6068,-1,-1,-1
346,-1,609.51,259.05,16.33,17.60,0.3051,-1,-1,-1
347,-1,17.99,216.32,54.36,23.30,0.9067,-1,-1,-1
347,-1,507.22,300.51,19.56,20.34,0.8673,-1,-1,-1
347,-1,900.55,319.28,19.83,13.14,0.7722,-1,-1,-1
348,-1,15.95,216.12,54.51,23.25,0.9040,-1,-1,-1
348,-1,504.78,300.59,19.75,20.39,0.7099,-1,-1,-1
348,-1,897.96,320.01,20.07,12.65,0.5973,-1,-1,-1
349,-1,13.28,215.54,54.37,23.39,0.9098,-1,-1,-1
349,-1,502.12,300.59,19.88,20.29,0.8430,-1,-1,-1
349,-1,896.09,320.25,19.45,12.69,0.5974,-1,-1,-1
350,-1,10.64,214.97,55.00,23.38,0.9098,-1,-1,-1
350,-1,499.77,300.59,19.42,20.44,0.7362,-1,-1,-1
350,-1,893.23,320.71,19.78,12.81,0.7123,-1,-1,-1
351,-1,8.46,214.55,54.60,23.22,0.9082,-1,-1,-1
351,-1,497.37,300.44,19.68,20.60,0.6706,-1,-1,-1
351,-1,891.04,321.23,19.58,12.65,0.5417,-1,-1,-1
351,-1,963.11,292.93,20.04,16.75,0.2511,-1,-1,-1
352,-1,5.75,213.89,54.70,23.34,0.9161,-1,-1,-1
352,-1,494.82,300.73,19.74,20.14,0.8877,-1,-1,-1
352,-1,889.10,322.00,19.00,12.36,0.5865,-1,-1,-1
352,-1,960.44,292.90,20.57,17.30,0.4714,-1,-1,-1
353,-1,3.31,213.32,55.60,23.31,0.9122,-1,-1,-1
353,-1,492.23,300.69,20.19,20.28,0.7570,-1,-1,-1
353,-1,885.54,322.50,20.97,12.26,0.5727,-1,-1,-1
354,-1,1.60,212.80,54.58,23.26,0.9131,-1,-1,-1
354,-1,489.91,300.43,19.94,20.54,0.8416,-1,-1,-1
354,-1,883.65,322.73,20.50,12.33,0.4986,-1,-1,-1
355,-1,0.03,212.33,53.93,23.21,0.9122,-1,-1,-1
355,-1,487.39,300.74,19.74,20.20,0.8616,-1,-1,-1
355,-1,881.50,323.06,20.13,12.64,0.5032,-1,-1,-1
356,-1,0.00,211.86,51.67,23.22,0.9162,-1,-1,-1
356,-1,484.80,300.47,20.39,20.46,0.7757,-1,-1,-1
356,-1,878.94,323.36,20.09,12.42,0.5469,-1,-1,-1
357,-1,0.00,211.55,49.59,23.17,0.9171,-1,-1,-1
357,-1,482.22,300.39,20.31,20.52,0.8711,-1,-1,-1
357,-1,876.75,323.72,19.80,12.61,0.7266,-1,-1,-1
358,-1,0.00,211.23,46.64,23.29,0.9148,-1,-1,-1
358,-1,874.25,324.08,19.74,12.26,0.5427,-1,-1,-1
358,-1,479.79,300.53,20.43,20.41,0.4980,-1,-1,-1
358,-1,479.79,300.58,20.52,20.40,0.4172,-1,-1,-1
359,-1,0.02,210.97,43.63,23.46,0.9129,-1,-1,-1
359,-1,477.14,300.84,20.41,20.06,0.7737,-1,-1,-1
359,-1,871.51,323.96,20.12,12.63,0.6652,-1,-1,-1
359,-1,944.90,295.41,20.36,17.59,0.2632,-1,-1,-1
360,-1,0.01,210.87,41.63,23.48,0.9058,-1,-1,-1
360,-1,869.09,324.17,20.11,12.36,0.7188,-1,-1,-1
360,-1,474.83,300.39,19.03,20.47,0.6505,-1,-1,-1
360,-1,942.82,297.10,19.66,15.91,0.4260,-1,-1,-1
361,-1,0.04,211.07,38.59,23.35,0.9066,-1,-1,-1
361,-1,866.89,323.81,19.84,12.46,0.6914,-1,-1,-1
361,-1,472.00,301.82,17.04,19.10,0.4654,-1,-1,-1
361,-1,940.40,295.25,20.10,17.56,0.2529,-1,-1,-1
362,-1,0.00,211.31,35.58,23.01,0.9033,-1,-1,-1
362,-1,864.18,323.61,19.71,12.51,0.7334,-1,-1,-1
363,-1,0.02,211.65,33.47,22.93,0.8878,-1,-1,-1
363,-1,861.59,323.24,19.47,12.78,0.6401,-1,-1,-1
364,-1,0.03,212.35,30.15,22.36,0.8858,-1,-1,-1
364,-1,859.38,323.09,19.58,12.53,0.5653,-1,-1,-1
364,-1,933.60,293.49,20.08,18.39,0.2700,-1,-1,-1
365,-1,0.00,213.18,27.18,21.78,0.8833,-1,-1,-1
365,-1,856.45,322.60,19.56,12.68,0.6507,-1,-1,-1
366,-1,0.00,213.76,24.78,21.85,0.8689,-1,-1,-1
366,-1,928.70,293.53,19.89,17.23,0.6395,-1,-1,-1
366,-1,853.38,322.34,20.62,12.36,0.5767,-1,-1,-1
367,-1,0.00,214.74,21.52,21.56,0.8650,-1,-1,-1
367,-1,851.22,321.67,19.87,12.79,0.7402,-1,-1,-1
367,-1,926.16,293.66,20.01,16.69,0.5919,-1,-1,-1
368,-1,0.00,215.16,18.70,21.16,0.8160,-1,-1,-1
368,-1,849.04,321.32,18.69,12.64,0.5586,-1,-1,-1
368,-1,923.54,293.31,19.97,16.47,0.3392,-1,-1,-1
368,-1,923.52,293.30,20.22,16.40,0.2641,-1,-1,-1
369,-1,846.31,320.75,18.98,12.77,0.6762,-1,-1,-1
369,-1,0.00,216.62,15.57,20.75,0.6384,-1,-1,-1
369,-1,921.24,291.33,20.02,17.93,0.5080,-1,-1,-1
370,-1,843.78,320.64,18.80,12.64,0.6814,-1,-1,-1
370,-1,0.00,217.43,13.08,19.54,0.5565,-1,-1,-1
370,-1,919.19,291.78,19.63,17.05,0.3996,-1,-1,-1
371,-1,840.97,320.25,19.68,12.60,0.5143,-1,-1,-1
371,-1,916.75,292.19,19.37,16.27,0.4360,-1,-1,-1
371,-1,0.00,218.24,9.96,18.54,0.3743,-1,-1,-1
372,-1,838.80,320.02,19.29,12.71,0.6716,-1,-1,-1
372,-1,914.20,291.12,19.48,17.17,0.3330,-1,-1,-1
373,-1,836.03,319.49,19.13,12.96,0.7230,-1,-1,-1
373,-1,911.30,291.11,20.17,16.87,0.3323,-1,-1,-1
374,-1,833.65,319.32,19.34,13.34,0.6973,-1,-1,-1
374,-1,909.17,290.00,20.04,17.65,0.5140,-1,-1,-1
375,-1,831.27,319.26,19.15,12.87,0.6588,-1,-1,-1
375,-1,906.82,291.11,19.97,16.67,0.5436,-1,-1,-1
376,-1,828.89,319.33,18.89,13.03,0.7770,-1,-1,-1
377,-1,826.36,319.87,19.39,12.63,0.6059,-1,-1,-1
377,-1,902.40,290.79,19.68,17.45,0.2802,-1,-1,-1
378,-1,824.11,320.04,18.81,12.60,0.5629,-1,-1,-1
378,-1,899.31,290.12,20.80,18.36,0.3748,-1,-1,-1
379,-1,821.64,320.38,19.20,12.84,0.6486,-1,-1,-1
379,-1,897.92,291.17,20.01,17.73,0.5344,-1,-1,-1
380,-1,819.29,320.65,18.91,12.99,0.7092,-1,-1,-1
380,-1,896.07,292.97,19.63,16.05,0.3341,-1,-1,-1
381,-1,894.15,292.35,19.35,17.24,0.6518,-1,-1,-1
381,-1,817.42,320.99,18.29,12.60,0.4089,-1,-1,-1
382,-1,891.47,292.87,19.81,17.28,0.7133,-1,-1,-1
382,-1,815.14,321.27,18.31,12.73,0.7035,-1,-1,-1
383,-1,417.54,300.19,18.89,21.09,0.8747,-1,-1,-1
383,-1,889.08,291.28,20.15,19.24,0.6726,-1,-1,-1
383,-1,812.29,322.00,19.14,12.52,0.5860,-1,-1,-1
384,-1,412.19,300.24,21.59,21.12,0.8877,-1,-1,-1
384,-1,810.31,322.26,18.58,12.55,0.5992,-1,-1,-1
384,-1,886.78,293.38,20.19,17.73,0.5003,-1,-1,-1
385,-1,409.70,300.17,21.95,20.95,0.8859,-1,-1,-1
385,-1,885.20,293.74,19.62,17.95,0.7518,-1,-1,-1
385,-1,807.67,322.55,19.14,12.41,0.5834,-1,-1,-1
386,-1,406.98,300.03,22.06,20.95,0.8950,-1,-1,-1
386,-1,805.59,322.80,18.90,12.33,0.6662,-1,-1,-1
386,-1,882.63,294.79,20.06,17.16,0.4653,-1,-1,-1
387,-1,404.62,300.03,21.90,20.87,0.9008,-1,-1,-1
387,-1,880.09,294.74,20.38,17.57,0.7776,-1,-1,-1
387,-1,803.15,322.92,18.31,12.62,0.7505,-1,-1,-1
388,-1,401.81,299.92,22.39,21.10,0.8852,-1,-1,-1
388,-1,877.88,291.54,20.31,21.13,0.7872,-1,-1,-1
388,-1,800.92,323.13,18.03,12.37,0.6189,-1,-1,-1
389,-1,399.35,299.77,22.13,21.14,0.8925,-1,-1,-1
389,-1,875.72,294.80,20.36,17.83,0.7939,-1,-1,-1
389,-1,798.75,323.15,17.80,12.36,0.7412,-1,-1,-1
390,-1,396.81,299.75,22.21,21.07,0.9004,-1,-1,-1
390,-1,873.52,293.87,20.24,18.97,0.8115,-1,-1,-1
390,-1,795.72,323.06,18.48,12.67,0.7967,-1,-1,-1
391,-1,394.02,299.91,22.59,21.13,0.8891,-1,-1,-1
391,-1,870.83,294.18,20.51,18.52,0.7649,-1,-1,-1
391,-1,793.30,323.07,18.48,12.28,0.7368,-1,-1,-1
392,-1,391.58,299.80,22.60,21.09,0.8923,-1,-1,-1
392,-1,868.89,292.92,20.11,19.56,0.6467,-1,-1,-1
392,-1,790.68,323.22,19.04,12.30,0.6315,-1,-1,-1
393,-1,388.86,299.77,22.72,21.19,0.9005,-1,-1,-1
393,-1,788.13,322.97,18.80,12.25,0.7038,-1,-1,-1
393,-1,866.62,293.59,20.06,18.88,0.6561,-1,-1,-1
394,-1,386.04,299.98,22.82,21.22,0.8920,-1,-1,-1
394,-1,863.53,293.52,20.62,18.47,0.7590,-1,-1,-1
394,-1,785.66,322.70,18.19,12.24,0.3877,-1,-1,-1
395,-1,383.55,300.03,22.69,21.19,0.8934,-1,-1,-1
395,-1,862.07,293.60,19.63,18.15,0.7403,-1,-1,-1
395,-1,783.15,322.35,18.60,12.35,0.5513,-1,-1,-1
396,-1,380.58,300.09,23.13,21.39,0.9039,-1,-1,-1
396,-1,859.38,293.77,19.76,17.27,0.7868,-1,-1,-1
396,-1,780.54,322.09,18.81,12.47,0.7593,-1,-1,-1
397,-1,378.02,300.16,22.93,21.39,0.8903,-1,-1,-1
397,-1,856.67,293.21,20.16,17.19,0.7439,-1,-1,-1
397,-1,778.05,321.70,18.74,12.40,0.6985,-1,-1,-1
398,-1,375.20,300.26,23.19,21.37,0.8945,-1,-1,-1
398,-1,854.68,292.48,19.59,17.61,0.7872,-1,-1,-1
398,-1,775.40,321.03,18.51,12.62,0.7127,-1,-1,-1
399,-1,372.21,300.68,23.52,21.13,0.9028,-1,-1,-1
399,-1,851.90,292.30,20.06,17.31,0.7662,-1,-1,-1
399,-1,772.51,321.11,18.60,12.44,0.6547,-1,-1,-1
399,-1,239.09,262.23,18.09,16.46,0.3914,-1,-1,-1
400,-1,369.62,300.64,23.46,21.34,0.8914,-1,-1,-1
400,-1,850.10,292.35,19.13,16.89,0.7898,-1,-1,-1
400,-1,769.85,320.49,18.96,12.61,0.4829,-1,-1,-1
400,-1,230.63,262.26,19.11,16.57,0.3659,-1,-1,-1
401,-1,366.90,300.85,23.48,21.20,0.8960,-1,-1,-1
401,-1,846.94,290.45,20.27,18.43,0.7526,-1,-1,-1
401,-1,767.77,320.21,18.20,12.50,0.5595,-1,-1,-1
401,-1,222.52,262.56,19.91,16.71,0.4002,-1,-1,-1
402,-1,364.06,301.01,23.83,21.21,0.9068,-1,-1,-1
402,-1,844.64,291.47,20.02,17.19,0.7510,-1,-1,-1
402,-1,764.79,319.84,18.38,12.73,0.6517,-1,-1,-1
402,-1,214.06,262.33,20.39,17.13,0.4861,-1,-1,-1
403,-1,361.67,301.08,23.60,21.25,0.8899,-1,-1,-1
403,-1,842.37,290.16,19.91,18.64,0.8061,-1,-1,-1
403,-1,762.76,319.74,18.80,12.89,0.7042,-1,-1,-1
403,-1,206.35,262.52,20.36,17.24,0.5082,-1,-1,-1
404,-1,359.13,301.03,23.40,21.08,0.8949,-1,-1,-1
404,-1,839.93,291.04,19.90,17.33,0.7561,-1,-1,-1
404,-1,759.87,319.54,18.37,12.81,0.6013,-1,-1,-1
404,-1,197.91,262.32,20.86,17.54,0.4019,-1,-1,-1
404,-1,197.74,262.14,20.94,17.80,0.3070,-1,-1,-1
405,-1,356.20,301.19,24.04,21.11,0.9066,-1,-1,-1
405,-1,837.32,291.09,20.07,17.39,0.7273,-1,-1,-1
405,-1,757.30,319.76,18.34,12.51,0.6534,-1,-1,-1
405,-1,190.04,262.52,20.64,17.45,0.4423,-1,-1,-1
405,-1,189.80,262.47,20.90,17.45,0.3760,-1,-1,-1
406,-1,353.75,301.11,23.97,21.26,0.8916,-1,-1,-1
406,-1,834.81,289.14,20.42,19.39,0.8037,-1,-1,-1
406,-1,755.00,319.66,18.43,12.71,0.6168,-1,-1,-1
406,-1,182.09,262.21,20.52,17.74,0.4998,-1,-1,-1
406,-1,181.98,262.03,20.60,18.00,0.3129,-1,-1,-1
407,-1,351.25,301.00,23.84,21.44,0.8989,-1,-1,-1
407,-1,833.27,290.45,19.77,18.18,0.7690,-1,-1,-1
407,-1,752.72,319.80,18.03,12.74,0.6385,-1,-1,-1
407,-1,174.56,262.40,20.62,17.51,0.4154,-1,-1,-1
408,-1,348.44,301.14,24.09,21.25,0.9026,-1,-1,-1
408,-1,830.60,290.36,20.48,18.37,0.7468,-1,-1,-1
408,-1,750.09,320.07,18.21,12.64,0.7154,-1,-1,-1
408,-1,166.70,261.92,20.53,17.78,0.6367,-1,-1,-1
409,-1,346.05,301.03,24.29,21.05,0.8922,-1,-1,-1
409,-1,828.39,290.84,20.23,18.06,0.7284,-1,-1,-1
409,-1,747.84,319.91,18.22,12.85,0.7029,-1,-1,-1
409,-1,159.06,261.72,21.06,17.74,0.3847,-1,-1,-1
410,-1,343.73,300.84,24.29,21.16,0.8985,-1,-1,-1
410,-1,826.73,290.45,19.77,18.80,0.8180,-1,-1,-1
410,-1,151.16,261.50,21.22,17.77,0.7423,-1,-1,-1
410,-1,745.19,320.56,18.31,12.38,0.6894,-1,-1,-1
411,-1,341.07,300.68,24.22,21.18,0.8976,-1,-1,-1
411,-1,824.22,291.36,19.91,18.19,0.7625,-1,-1,-1
411,-1,742.89,320.81,18.09,12.58,0.6046,-1,-1,-1
411,-1,144.23,261.06,20.19,17.70,0.4383,-1,-1,-1
412,-1,338.74,300.50,24.35,21.17,0.8958,-1,-1,-1
412,-1,822.16,291.89,19.53,18.10,0.7469,-1,-1,-1
412,-1,740.38,321.21,18.40,12.40,0.6563,-1,-1,-1
412,-1,136.14,260.29,21.15,18.69,0.4184,-1,-1,-1
413,-1,336.20,300.35,24.54,21.23,0.8976,-1,-1,-1
413,-1,819.71,292.28,20.20,18.17,0.6932,-1,-1,-1
413,-1,738.11,321.18,17.99,12.67,0.6018,-1,-1,-1
413,-1,128.47,259.95,21.15,18.18,0.4867,-1,-1,-1
414,-1,333.82,300.07,24.63,21.41,0.8973,-1,-1,-1
414,-1,817.45,292.54,20.35,18.05,0.7399,-1,-1,-1
414,-1,120.60,259.46,21.36,18.03,0.6970,-1,-1,-1
414,-1,735.53,321.35,18.09,12.60,0.3264,-1,-1,-1
415,-1,331.40,299.96,24.66,21.16,0.9069,-1,-1,-1
415,-1,815.75,293.05,19.75,18.24,0.8274,-1,-1,-1
415,-1,733.44,321.56,18.26,12.78,0.5143,-1,-1,-1
416,-1,328.95,299.83,24.64,21.11,0.8944,-1,-1,-1
416,-1,813.59,294.04,19.67,17.62,0.7891,-1,-1,-1
416,-1,730.90,321.87,18.33,12.85,0.6859,-1,-1,-1
417,-1,326.38,299.65,24.68,21.02,0.8940,-1,-1,-1
417,-1,811.52,293.25,19.67,18.58,0.7717,-1,-1,-1
417,-1,728.68,322.35,18.48,12.42,0.5797,-1,-1,-1
418,-1,323.71,299.27,25.25,21.12,0.9054,-1,-1,-1
418,-1,808.38,292.15,20.45,19.85,0.7481,-1,-1,-1
418,-1,726.32,322.29,18.25,12.81,0.6115,-1,-1,-1
419,-1,321.24,299.18,25.26,21.09,0.8868,-1,-1,-1
419,-1,806.37,291.77,20.59,20.44,0.8256,-1,-1,-1
419,-1,723.74,322.34,18.20,12.82,0.6618,-1,-1,-1
420,-1,318.76,299.16,25.06,21.16,0.8885,-1,-1,-1
420,-1,804.30,293.89,20.21,18.34,0.7482,-1,-1,-1
420,-1,73.95,257.50,21.40,17.08,0.6025,-1,-1,-1
420,-1,721.20,322.87,17.48,12.33,0.3539,-1,-1,-1
421,-1,315.89,299.23,25.28,21.04,0.9035,-1,-1,-1
421,-1,801.67,292.74,20.65,19.63,0.7584,-1,-1,-1
421,-1,718.79,322.22,18.03,12.98,0.6819,-1,-1,-1
422,-1,313.37,299.01,25.39,21.34,0.8902,-1,-1,-1
422,-1,716.33,322.24,18.10,12.79,0.7819,-1,-1,-1
422,-1,799.59,292.94,20.27,19.22,0.7267,-1,-1,-1
422,-1,58.83,257.39,20.68,16.72,0.3555,-1,-1,-1
423,-1,310.80,299.52,25.50,20.95,0.8951,-1,-1,-1
423,-1,51.02,257.40,19.78,16.46,0.7877,-1,-1,-1
423,-1,797.44,294.22,20.01,17.79,0.7041,-1,-1,-1
423,-1,713.96,322.33,17.40,12.54,0.6625,-1,-1,-1
424,-1,307.80,299.49,25.74,21.15,0.9035,-1,-1,-1
424,-1,42.59,257.92,19.94,15.71,0.8271,-1,-1,-1
424,-1,710.88,321.66,18.59,13.32,0.8073,-1,-1,-1
424,-1,795.07,291.62,20.21,20.17,0.7920,-1,-1,-1
425,-1,305.27,299.55,25.92,21.25,0.9011,-1,-1,-1
425,-1,792.85,292.00,19.87,19.61,0.7843,-1,-1,-1
425,-1,708.56,321.67,19.25,12.91,0.6965,-1,-1,-1
425,-1,34.63,258.56,19.52,15.15,0.4332,-1,-1,-1
426,-1,302.51,300.00,25.96,21.16,0.9009,-1,-1,-1
426,-1,706.09,320.99,17.90,13.43,0.7542,-1,-1,-1
426,-1,26.76,259.17,19.25,14.79,0.7266,-1,-1,-1
426,-1,790.28,292.21,19.98,18.86,0.6912,-1,-1,-1
426,-1,329.80,270.35,25.61,24.26,0.3091,-1,-1,-1
427,-1,299.62,300.15,25.89,21.27,0.9032,-1,-1,-1
427,-1,703.50,320.95,18.44,12.89,0.6191,-1,-1,-1
427,-1,787.63,291.16,20.19,19.54,0.5019,-1,-1,-1
427,-1,18.18,258.98,19.29,15.10,0.4676,-1,-1,-1
427,-1,787.48,291.22,20.36,19.49,0.4586,-1,-1,-1
428,-1,297.14,300.33,26.07,21.13,0.9031,-1,-1,-1
428,-1,10.75,259.67,18.13,14.76,0.7918,-1,-1,-1
428,-1,785.31,290.92,19.98,19.34,0.7866,-1,-1,-1
428,-1,700.78,320.71,18.72,13.12,0.6674,-1,-1,-1
429,-1,294.23,300.71,26.25,21.03,0.8993,-1,-1,-1
429,-1,782.87,291.58,20.06,18.33,0.8116,-1,-1,-1
429,-1,698.54,320.40,18.17,13.13,0.6248,-1,-1,-1
430,-1,291.51,300.76,26.19,21.20,0.9009,-1,-1,-1
430,-1,780.24,290.37,20.05,19.09,0.8351,-1,-1,-1
430,-1,695.94,320.44,18.32,13.13,0.5671,-1,-1,-1
430,-1,320.25,272.35,26.05,22.93,0.2536,-1,-1,-1
431,-1,288.73,300.99,26.45,21.13,0.9000,-1,-1,-1
431,-1,778.03,289.77,20.10,19.51,0.8015,-1,-1,-1
431,-1,692.72,320.52,19.40,12.67,0.4109,-1,-1,-1
431,-1,318.31,271.60,25.94,24.29,0.2562,-1,-1,-1
432,-1,286.14,301.16,26.39,21.25,0.9017,-1,-1,-1
432,-1,775.18,289.40,20.46,19.65,0.8043,-1,-1,-1
432,-1,690.79,319.77,18.29,13.22,0.7180,-1,-1,-1
433,-1,283.29,301.25,26.62,21.22,0.9006,-1,-1,-1
433,-1,688.33,319.91,18.27,12.83,0.4926,-1,-1,-1
433,-1,773.00,290.24,20.05,18.56,0.4764,-1,-1,-1
434,-1,280.51,301.60,27.09,20.91,0.9020,-1,-1,-1
434,-1,770.59,289.29,20.51,19.52,0.8262,-1,-1,-1
434,-1,685.20,319.66,18.61,13.00,0.5376,-1,-1,-1
435,-1,278.13,301.69,26.92,20.97,0.8988,-1,-1,-1
435,-1,768.28,289.17,20.36,19.68,0.8369,-1,-1,-1
435,-1,682.90,319.42,18.60,13.23,0.7242,-1,-1,-1
436,-1,275.22,301.66,27.30,20.94,0.8941,-1,-1,-1
436,-1,765.85,289.55,20.31,19.24,0.7695,-1,-1,-1
436,-1,680.74,319.64,17.96,13.02,0.7509,-1,-1,-1
437,-1,272.28,301.56,27.76,21.02,0.9060,-1,-1,-1
437,-1,763.79,289.67,20.29,19.15,0.8362,-1,-1,-1
437,-1,677.72,319.88,18.54,12.82,0.6641,-1,-1,-1
438,-1,270.06,301.50,27.53,21.06,0.9011,-1,-1,-1
438,-1,761.52,289.66,20.43,19.31,0.8221,-1,-1,-1
438,-1,675.61,320.10,18.25,12.78,0.4922,-1,-1,-1
439,-1,267.83,301.31,27.09,21.13,0.9032,-1,-1,-1
439,-1,759.04,290.20,20.59,18.96,0.7700,-1,-1,-1
439,-1,673.19,319.94,17.92,12.90,0.4134,-1,-1,-1
439,-1,999.41,11.48,24.59,44.28,0.3489,-1,-1,-1
440,-1,265.13,301.04,27.59,21.18,0.9039,-1,-1,-1
440,-1,991.95,11.79,32.05,42.93,0.7972,-1,-1,-1
440,-1,756.71,289.30,20.67,20.01,0.7964,-1,-1,-1
440,-1,670.96,320.00,17.99,13.09,0.6384,-1,-1,-1
441,-1,262.75,301.15,27.68,20.91,0.9051,-1,-1,-1
441,-1,983.66,9.89,40.34,44.95,0.8677,-1,-1,-1
441,-1,754.71,289.26,20.94,20.43,0.8183,-1,-1,-1
441,-1,668.20,320.47,18.26,13.21,0.6062,-1,-1,-1
442,-1,260.00,300.88,27.90,21.04,0.9059,-1,-1,-1
442,-1,976.05,9.54,47.95,45.79,0.9041,-1,-1,-1
442,-1,752.83,290.33,20.34,19.65,0.8431,-1,-1,-1
442,-1,665.94,320.81,18.14,12.87,0.4621,-1,-1,-1
443,-1,257.38,300.26,28.10,21.37,0.9003,-1,-1,-1
443,-1,967.46,0.28,56.54,55.61,0.8850,-1,-1,-1
443,-1,750.64,291.21,20.20,18.96,0.7098,-1,-1,-1
443,-1,663.49,320.96,18.74,12.87,0.4957,-1,-1,-1
444,-1,255.12,300.19,28.28,21.21,0.9080,-1,-1,-1
444,-1,959.36,0.00,64.64,56.64,0.8938,-1,-1,-1
444,-1,748.23,291.17,20.63,19.28,0.8051,-1,-1,-1
444,-1,661.01,321.01,18.31,12.99,0.6280,-1,-1,-1
445,-1,951.55,0.06,72.34,57.07,0.9132,-1,-1,-1
445,-1,252.55,299.84,28.46,21.25,0.9053,-1,-1,-1
445,-1,746.52,291.66,20.38,19.13,0.7971,-1,-1,-1
445,-1,658.80,320.91,18.34,13.20,0.6110,-1,-1,-1
446,-1,943.09,0.00,80.79,57.74,0.9226,-1,-1,-1
446,-1,250.06,299.44,28.60,21.16,0.9041,-1,-1,-1
446,-1,744.09,291.81,20.54,19.45,0.7340,-1,-1,-1
446,-1,656.60,321.21,18.19,13.17,0.5698,-1,-1,-1
447,-1,936.39,0.12,87.61,57.99,0.9214,-1,-1,-1
447,-1,247.89,299.27,28.59,21.13,0.9020,-1,-1,-1
447,-1,654.23,321.26,17.72,13.25,0.7120,-1,-1,-1
447,-1,741.96,293.05,20.58,18.45,0.6015,-1,-1,-1
448,-1,927.45,0.00,96.55,58.42,0.9247,-1,-1,-1
448,-1,244.78,299.13,28.91,21.11,0.8949,-1,-1,-1
448,-1,1005.37,426.25,18.63,19.07,0.8358,-1,-1,-1
448,-1,739.73,291.81,20.65,19.83,0.7371,-1,-1,-1
448,-1,651.38,321.39,18.79,13.27,0.6325,-1,-1,-1
449,-1,920.37,0.04,100.69,58.66,0.9311,-1,-1,-1
449,-1,242.72,298.86,28.58,21.20,0.8957,-1,-1,-1
449,-1,997.99,426.76,26.01,19.36,0.8386,-1,-1,-1
449,-1,737.96,293.10,20.15,18.72,0.7760,-1,-1,-1
449,-1,649.07,321.64,18.44,12.97,0.7423,-1,-1,-1
449,-1,636.58,273.67,17.25,17.66,0.3413,-1,-1,-1
450,-1,910.53,0.00,100.70,58.70,0.9265,-1,-1,-1
450,-1,239.84,298.83,29.21,21.18,0.8986,-1,-1,-1
450,-1,990.65,427.00,33.35,19.28,0.8509,-1,-1,-1
450,-1,735.23,292.92,20.64,18.91,0.7339,-1,-1,-1
450,-1,646.77,321.82,17.86,12.97,0.6602,-1,-1,-1
450,-1,634.57,273.64,17.34,17.31,0.3928,-1,-1,-1
451,-1,904.41,0.01,97.87,58.86,0.9280,-1,-1,-1
451,-1,237.47,298.92,28.84,20.99,0.8958,-1,-1,-1
451,-1,983.43,427.04,40.57,19.62,0.8447,-1,-1,-1
451,-1,644.30,321.53,17.92,13.08,0.7368,-1,-1,-1
451,-1,732.96,292.39,20.47,19.42,0.7092,-1,-1,-1
452,-1,895.78,0.00,96.78,58.58,0.9254,-1,-1,-1
452,-1,234.55,298.66,29.40,21.31,0.8925,-1,-1,-1
452,-1,976.12,426.84,42.31,19.17,0.8785,-1,-1,-1
452,-1,730.71,293.14,20.59,18.61,0.8142,-1,-1,-1
452,-1,641.89,321.29,17.54,13.39,0.6114,-1,-1,-1
452,-1,630.34,273.80,17.35,17.51,0.4043,-1,-1,-1
452,-1,271.61,265.05,22.91,28.59,0.2979,-1,-1,-1
453,-1,887.62,0.05,94.51,58.53,0.9280,-1,-1,-1
453,-1,968.90,426.66,43.89,19.23,0.8965,-1,-1,-1
453,-1,231.93,298.87,29.46,21.16,0.8953,-1,-1,-1
453,-1,727.90,292.11,20.65,19.63,0.8067,-1,-1,-1
453,-1,639.22,321.66,17.92,13.05,0.7323,-1,-1,-1
454,-1,878.75,0.00,93.90,58.23,0.9266,-1,-1,-1
454,-1,961.79,426.36,42.87,19.23,0.8969,-1,-1,-1
454,-1,228.93,299.04,29.81,21.26,0.8951,-1,-1,-1
454,-1,636.61,321.58,17.73,13.00,0.6589,-1,-1,-1
454,-1,725.75,292.21,20.80,19.39,0.4957,-1,-1,-1
454,-1,725.49,292.35,21.27,19.25,0.3963,-1,-1,-1
455,-1,868.52,0.00,94.19,57.53,0.9150,-1,-1,-1
455,-1,954.73,426.06,42.35,19.41,0.8963,-1,-1,-1
455,-1,226.71,299.29,29.57,21.32,0.8918,-1,-1,-1
455,-1,723.25,291.44,20.94,19.95,0.7385,-1,-1,-1
455,-1,634.10,321.38,17.69,13.09,0.6974,-1,-1,-1
456,-1,859.97,0.00,93.05,56.90,0.9214,-1,-1,-1
456,-1,223.72,299.44,29.72,21.38,0.9018,-1,-1,-1
456,-1,947.14,425.25,42.22,19.89,0.8939,-1,-1,-1
456,-1,721.13,291.78,20.60,19.10,0.7970,-1,-1,-1
456,-1,631.36,321.20,18.26,13.13,0.6219,-1,-1,-1
456,-1,620.12,273.40,17.51,18.32,0.4007,-1,-1,-1
457,-1,853.44,0.04,89.12,56.59,0.9200,-1,-1,-1
457,-1,220.94,299.99,30.07,21.26,0.9087,-1,-1,-1
457,-1,939.67,424.71,41.85,19.24,0.8990,-1,-1,-1
457,-1,718.48,291.21,20.96,19.43,0.5673,-1,-1,-1
457,-1,628.75,321.03,18.08,13.15,0.5632,-1,-1,-1
458,-1,844.60,0.06,88.27,56.19,0.9187,-1,-1,-1
458,-1,218.12,299.98,30.42,21.59,0.9003,-1,-1,-1
458,-1,932.34,424.20,41.28,19.19,0.8929,-1,-1,-1
458,-1,715.73,290.54,21.10,19.84,0.8164,-1,-1,-1
458,-1,626.28,321.05,17.12,12.93,0.3090,-1,-1,-1
459,-1,834.53,0.00,87.11,55.83,0.9133,-1,-1,-1
459,-1,215.35,300.00,30.27,21.79,0.9066,-1,-1,-1
459,-1,925.39,423.64,40.51,19.68,0.8898,-1,-1,-1
459,-1,713.58,290.77,20.85,19.40,0.8501,-1,-1,-1
459,-1,623.75,320.91,18.06,12.84,0.5370,-1,-1,-1
460,-1,212.48,300.60,30.37,21.55,0.9134,-1,-1,-1
460,-1,825.02,0.00,86.69,55.24,0.9079,-1,-1,-1
460,-1,917.85,423.21,40.05,19.24,0.8911,-1,-1,-1
460,-1,711.09,290.35,21.09,19.50,0.8162,-1,-1,-1
460,-1,620.95,321.05,17.90,12.70,0.3223,-1,-1,-1
461,-1,816.59,0.09,84.22,54.94,0.9126,-1,-1,-1
461,-1,210.13,301.02,30.17,21.34,0.9019,-1,-1,-1
461,-1,910.72,422.84,39.72,18.99,0.8893,-1,-1,-1
461,-1,708.27,290.08,21.18,19.58,0.8449,-1,-1,-1
461,-1,618.58,320.61,17.55,12.98,0.5103,-1,-1,-1
462,-1,807.14,0.06,83.43,54.60,0.9135,-1,-1,-1
462,-1,207.34,301.52,30.69,21.03,0.8979,-1,-1,-1
462,-1,903.32,422.67,39.15,18.86,0.8880,-1,-1,-1
462,-1,705.87,289.65,21.30,19.82,0.8109,-1,-1,-1
462,-1,616.02,320.73,17.82,12.78,0.5463,-1,-1,-1
463,-1,798.17,0.10,82.52,54.20,0.9205,-1,-1,-1
463,-1,204.60,301.98,30.67,20.82,0.9093,-1,-1,-1
463,-1,895.85,422.19,39.04,18.90,0.8672,-1,-1,-1
463,-1,703.99,289.72,20.83,19.66,0.8650,-1,-1,-1
463,-1,613.12,320.64,18.04,12.78,0.4736,-1,-1,-1
464,-1,789.78,0.00,80.23,53.97,0.9223,-1,-1,-1
464,-1,202.00,301.98,30.46,20.97,0.9019,-1,-1,-1
464,-1,701.01,289.60,21.45,19.53,0.8672,-1,-1,-1
464,-1,888.56,421.73,38.95,19.24,0.8501,-1,-1,-1
464,-1,610.97,320.05,18.29,13.21,0.5255,-1,-1,-1
465,-1,780.75,0.09,80.22,54.39,0.9138,-1,-1,-1
465,-1,199.29,302.23,30.68,20.92,0.8960,-1,-1,-1
465,-1,699.13,289.67,21.16,19.49,0.8767,-1,-1,-1
465,-1,881.50,421.63,38.60,19.06,0.8278,-1,-1,-1
465,-1,608.44,320.55,17.50,12.86,0.4853,-1,-1,-1
466,-1,772.93,0.03,78.08,53.90,0.9177,-1,-1,-1
466,-1,196.41,302.32,31.26,20.91,0.9083,-1,-1,-1
466,-1,696.75,289.40,21.09,19.80,0.8566,-1,-1,-1
466,-1,874.18,421.49,38.53,19.37,0.8180,-1,-1,-1
466,-1,605.90,320.45,17.50,12.88,0.4597,-1,-1,-1
467,-1,763.79,0.08,77.85,54.00,0.9189,-1,-1,-1
467,-1,194.03,302.31,30.92,20.73,0.8980,-1,-1,-1
467,-1,866.90,421.53,38.04,19.33,0.8320,-1,-1,-1
467,-1,694.12,289.30,21.57,19.84,0.8008,-1,-1,-1
467,-1,603.40,320.37,18.05,12.90,0.3701,-1,-1,-1
468,-1,757.16,0.09,74.96,54.13,0.9136,-1,-1,-1
468,-1,191.57,302.31,31.07,20.66,0.9009,-1,-1,-1
468,-1,692.02,289.61,21.13,19.59,0.8726,-1,-1,-1
468,-1,859.73,421.67,37.78,19.45,0.8602,-1,-1,-1
468,-1,600.76,320.85,17.53,12.69,0.4352,-1,-1,-1
469,-1,748.86,0.08,73.63,54.25,0.9091,-1,-1,-1
469,-1,188.52,301.96,31.85,20.99,0.9082,-1,-1,-1
469,-1,852.53,422.10,37.48,19.40,0.8583,-1,-1,-1
469,-1,689.38,289.78,21.67,19.75,0.8498,-1,-1,-1
469,-1,598.48,320.93,17.35,12.57,0.2615,-1,-1,-1
470,-1,740.46,0.08,73.41,54.66,0.9221,-1,-1,-1
470,-1,186.27,301.64,31.52,20.97,0.9031,-1,-1,-1
470,-1,845.60,422.51,37.26,19.32,0.8692,-1,-1,-1
470,-1,687.82,289.87,21.09,19.78,0.8580,-1,-1,-1
470,-1,595.81,320.83,17.85,13.00,0.3459,-1,-1,-1
471,-1,733.04,0.06,71.39,54.88,0.9199,-1,-1,-1
471,-1,183.80,301.42,31.69,20.91,0.9011,-1,-1,-1
471,-1,685.18,289.74,21.26,19.96,0.8775,-1,-1,-1
471,-1,838.01,422.88,37.55,19.57,0.8745,-1,-1,-1
471,-1,593.35,320.85,17.90,13.09,0.2954,-1,-1,-1
472,-1,724.58,0.07,71.23,55.40,0.9233,-1,-1,-1
472,-1,181.35,300.99,31.65,21.24,0.9061,-1,-1,-1
472,-1,830.81,423.25,37.50,19.18,0.8833,-1,-1,-1
472,-1,683.37,290.15,21.21,19.71,0.8453,-1,-1,-1
472,-1,591.17,321.18,17.69,12.67,0.3610,-1,-1,-1
473,-1,717.31,0.05,69.31,55.53,0.9207,-1,-1,-1
473,-1,178.66,300.81,31.89,21.11,0.8969,-1,-1,-1
473,-1,823.54,423.57,37.13,19.41,0.8908,-1,-1,-1
473,-1,680.94,290.46,21.56,19.72,0.8376,-1,-1,-1
473,-1,588.95,321.20,17.43,12.68,0.3551,-1,-1,-1
474,-1,708.82,0.05,69.19,56.05,0.9107,-1,-1,-1
474,-1,176.22,300.46,32.03,21.08,0.8980,-1,-1,-1
474,-1,816.27,423.98,37.34,19.10,0.8847,-1,-1,-1
474,-1,678.94,290.81,21.46,19.55,0.8047,-1,-1,-1
474,-1,586.44,321.27,17.38,12.85,0.4898,-1,-1,-1
475,-1,702.74,0.11,66.03,56.28,0.9087,-1,-1,-1
475,-1,173.59,299.89,32.37,21.14,0.9049,-1,-1,-1
475,-1,809.42,424.37,36.45,19.11,0.8787,-1,-1,-1
475,-1,676.38,290.74,21.49,19.92,0.7733,-1,-1,-1
475,-1,583.94,321.45,17.42,12.73,0.4536,-1,-1,-1
476,-1,171.14,299.53,32.61,20.99,0.9054,-1,-1,-1
476,-1,696.18,0.04,63.99,56.45,0.8896,-1,-1,-1
476,-1,802.08,424.69,36.23,19.12,0.8827,-1,-1,-1
476,-1,674.48,291.03,21.74,19.83,0.8635,-1,-1,-1
476,-1,581.69,321.43,17.49,12.82,0.5638,-1,-1,-1
477,-1,688.97,0.06,62.07,56.66,0.9036,-1,-1,-1
477,-1,168.54,299.24,32.59,21.04,0.8957,-1,-1,-1
477,-1,794.77,424.93,35.73,19.21,0.8834,-1,-1,-1
477,-1,672.44,290.95,21.42,20.14,0.8512,-1,-1,-1
477,-1,579.09,321.50,17.77,13.03,0.3684,-1,-1,-1
478,-1,166.11,298.88,32.95,21.16,0.9044,-1,-1,-1
478,-1,681.41,0.10,60.20,57.29,0.9013,-1,-1,-1
478,-1,787.44,425.13,35.64,19.63,0.8830,-1,-1,-1
478,-1,670.09,291.64,22.00,19.65,0.8106,-1,-1,-1
479,-1,163.39,306.82,32.32,21.27,0.9046,-1,-1,-1
479,-1,784.70,419.40,35.46,19.66,0.8832,-1,-1,-1
479,-1,668.56,0.00,59.38,53.77,0.8791,-1,-1,-1
479,-1,667.15,288.44,21.64,19.36,0.8772,-1,-1,-1
480,-1,662.48,0.00,58.89,52.63,0.9072,-1,-1,-1
480,-1,161.77,310.59,32.65,21.30,0.9002,-1,-1,-1
480,-1,783.42,416.65,35.38,20.47,0.8809,-1,-1,-1
480,-1,665.27,286.15,21.75,19.83,0.8717,-1,-1,-1
480,-1,573.05,319.56,17.25,13.06,0.5700,-1,-1,-1
