1,44781,601.00,281.00,14.00,7.00,1,7,0.3932,-1
1,27033,604.00,239.00,19.00,48.00,1,7,0.7147,-1
1,13315,638.00,295.00,23.00,22.00,1,1,0.9742,-1
1,64324,658.00,300.00,29.00,23.00,1,1,0.8366,-1
1,87014,955.00,230.00,11.00,9.00,1,7,0.0807,-1
1,64410,931.00,185.00,92.00,56.00,1,1,0.9997,-1
1,34364,860.00,210.00,98.00,67.00,1,1,0.4714,-1
1,23289,896.00,346.00,32.00,42.00,1,1,0.5537,-1
1,34569,889.00,67.00,87.00,39.00,1,1,0.4192,-1
1,51757,957.00,189.00,66.00,68.00,1,1,0.2349,-1
2,44781,602.00,279.00,14.00,8.00,1,7,0.3879,-1
2,27033,604.00,237.00,19.00,48.00,1,7,0.7132,-1
2,13315,638.00,293.00,23.00,22.00,1,1,0.9744,-1
2,64324,658.00,298.00,29.00,23.00,1,1,0.8371,-1
2,87014,952.00,224.00,15.00,13.00,1,7,0.1749,-1
2,64410,931.00,177.00,92.00,57.00,1,1,0.9997,-1
2,34364,860.00,203.00,99.00,68.00,1,1,0.4724,-1
2,23289,896.00,340.00,32.00,42.00,1,1,0.5547,-1
2,34569,889.00,62.00,86.00,38.00,1,1,0.3978,-1
2,51757,957.00,183.00,66.00,69.00,1,1,0.2683,-1
3,44781,603.00,281.00,13.00,8.00,1,7,0.3839,-1
3,27033,606.00,240.00,18.00,47.00,1,7,0.7087,-1
3,13315,638.00,297.00,23.00,21.00,1,1,0.9718,-1
3,64324,658.00,301.00,29.00,24.00,1,1,0.8376,-1
3,87014,951.00,234.00,16.00,12.00,1,7,0.1714,-1
3,64410,930.00,189.00,93.00,56.00,1,1,0.9998,-1
3,34364,859.00,213.00,98.00,66.00,1,1,0.4692,-1
3,23289,892.00,349.00,32.00,42.00,1,1,0.5591,-1
3,34569,891.00,71.00,87.00,39.00,1,1,0.4064,-1
3,51757,957.00,193.00,66.00,70.00,1,1,0.2559,-1
4,44781,601.00,282.00,14.00,8.00,1,7,0.3805,-1
4,27033,604.00,240.00,19.00,48.00,1,7,0.7071,-1
4,13315,637.00,297.00,23.00,22.00,1,1,0.9789,-1
4,64324,656.00,302.00,29.00,24.00,1,1,0.8395,-1
4,87014,945.00,237.00,18.00,12.00,1,7,0.2045,-1
4,64410,923.00,192.00,100.00,57.00,1,1,1.0000,-1
4,34364,853.00,216.00,97.00,66.00,1,1,0.4659,-1
4,23289,886.00,352.00,32.00,41.00,1,1,0.5698,-1
4,34569,887.00,74.00,86.00,40.00,1,1,0.4162,-1
4,51757,952.00,196.00,68.00,70.00,1,1,0.2448,-1
5,44781,597.00,281.00,13.00,7.00,1,7,0.3565,-1
5,27033,600.00,239.00,18.00,47.00,1,7,0.7055,-1
5,13315,633.00,295.00,23.00,22.00,1,1,0.9789,-1
5,64324,652.00,300.00,29.00,24.00,1,1,0.8447,-1
5,87014,936.00,231.00,19.00,12.00,1,7,0.2417,-1
5,64410,910.00,185.00,113.00,56.00,1,1,0.9998,-1
5,34364,842.00,209.00,96.00,67.00,1,1,0.4637,-1
5,23289,877.00,346.00,32.00,42.00,1,1,0.5873,-1
5,34569,900.00,68.00,61.00,40.00,1,1,0.4334,-1
5,51757,942.00,190.00,69.00,69.00,1,1,0.2466,-1
6,44781,593.00,279.00,13.00,5.00,1,7,0.3621,-1
6,27033,595.00,236.00,18.00,48.00,1,7,0.7046,-1
6,13315,628.00,293.00,23.00,22.00,1,1,0.9790,-1
6,64324,647.00,297.00,30.00,24.00,1,1,0.8476,-1
6,87014,927.00,224.00,18.00,11.00,1,7,0.1991,-1
6,64410,895.00,175.00,128.00,57.00,1,1,0.9998,-1
6,34364,830.00,201.00,94.00,68.00,1,1,0.4577,-1
6,23289,867.00,338.00,32.00,42.00,1,1,0.6047,-1
6,34569,881.00,60.00,84.00,41.00,1,1,0.4577,-1
6,51757,940.00,228.00,59.00,21.00,1,1,0.2518,-1
7,44781,591.00,279.00,13.00,6.00,1,7,0.3565,-1
7,27033,593.00,236.00,17.00,48.00,1,7,0.6955,-1
7,13315,625.00,293.00,23.00,22.00,1,1,0.9809,-1
7,64324,645.00,297.00,29.00,24.00,1,1,0.8517,-1
7,87014,925.00,226.00,14.00,9.00,1,7,0.1169,-1
7,64410,885.00,175.00,136.00,56.00,1,1,0.9998,-1
7,34364,822.00,201.00,93.00,67.00,1,1,0.4559,-1
7,23289,859.00,337.00,33.00,43.00,1,1,0.6175,-1
7,34569,871.00,60.00,86.00,41.00,1,1,0.4812,-1
7,51757,934.00,228.00,58.00,21.00,1,1,0.2518,-1
8,44781,589.00,279.00,13.00,5.00,1,7,0.3661,-1
8,27033,590.00,236.00,18.00,48.00,1,7,0.7019,-1
8,13315,623.00,293.00,22.00,21.00,1,1,0.9833,-1
8,64324,642.00,297.00,30.00,23.00,1,1,0.8543,-1
8,87014,922.00,228.00,11.00,7.00,1,7,0.0571,-1
8,64410,876.00,175.00,135.00,56.00,1,1,0.9998,-1
8,34364,814.00,201.00,92.00,67.00,1,1,0.4530,-1
8,23289,852.00,337.00,33.00,43.00,1,1,0.6288,-1
8,34569,861.00,60.00,89.00,41.00,1,1,0.4989,-1
8,51757,927.00,227.00,58.00,22.00,1,1,0.2516,-1
9,44781,587.00,279.00,13.00,5.00,1,7,0.3661,-1
9,27033,588.00,236.00,17.00,48.00,1,7,0.6900,-1
9,13315,620.00,293.00,23.00,21.00,1,1,0.9832,-1
9,64324,640.00,297.00,29.00,23.00,1,1,0.8581,-1
9,87014,920.00,229.00,5.00,5.00,1,7,0.0135,-1
9,64410,866.00,175.00,135.00,56.00,1,1,0.9998,-1
9,34364,806.00,201.00,91.00,66.00,1,1,0.4491,-1
9,23289,844.00,337.00,33.00,43.00,1,1,0.6425,-1
9,34569,851.00,59.00,92.00,41.00,1,1,0.5150,-1
9,51757,921.00,226.00,57.00,23.00,1,1,0.2539,-1
10,44781,585.00,279.00,13.00,5.00,1,7,0.3628,-1
10,27033,586.00,236.00,17.00,48.00,1,7,0.6971,-1
10,13315,618.00,293.00,22.00,21.00,1,1,0.9855,-1
10,64324,637.00,297.00,29.00,23.00,1,1,0.8597,-1
10,64410,857.00,175.00,134.00,56.00,1,1,1.0000,-1
10,34364,798.00,201.00,90.00,66.00,1,1,0.4465,-1
10,23289,836.00,336.00,34.00,44.00,1,1,0.6539,-1
10,34569,841.00,59.00,95.00,41.00,1,1,0.5274,-1
10,51757,915.00,224.00,55.00,25.00,1,1,0.2592,-1
11,44781,583.00,279.00,12.00,5.00,1,7,0.3540,-1
11,27033,583.00,236.00,18.00,48.00,1,7,0.6933,-1
11,13315,615.00,293.00,23.00,21.00,1,1,0.9904,-1
11,64324,635.00,297.00,29.00,23.00,1,1,0.8621,-1
11,64410,848.00,175.00,133.00,56.00,1,1,0.9998,-1
11,34364,790.00,201.00,89.00,66.00,1,1,0.4428,-1
11,23289,829.00,337.00,34.00,43.00,1,1,0.6632,-1
11,34569,832.00,60.00,97.00,40.00,1,1,0.5343,-1
11,51757,908.00,223.00,55.00,26.00,1,1,0.2638,-1
12,44781,581.00,279.00,12.00,5.00,1,7,0.3661,-1
12,27033,581.00,236.00,17.00,48.00,1,7,0.6840,-1
12,13315,613.00,293.00,22.00,22.00,1,1,0.9855,-1
12,64324,632.00,297.00,29.00,24.00,1,1,0.8626,-1
12,64410,839.00,175.00,132.00,56.00,1,1,0.9998,-1
12,34364,782.00,201.00,89.00,66.00,1,1,0.4396,-1
12,23289,821.00,336.00,34.00,44.00,1,1,0.6782,-1
12,34569,824.00,60.00,98.00,39.00,1,1,0.5282,-1
12,51757,902.00,222.00,55.00,27.00,1,1,0.2722,-1
13,44781,579.00,279.00,12.00,5.00,1,7,0.3805,-1
13,27033,579.00,237.00,17.00,47.00,1,7,0.6901,-1
13,13315,610.00,293.00,22.00,22.00,1,1,0.9951,-1
13,64324,630.00,297.00,29.00,24.00,1,1,0.8688,-1
13,64410,830.00,176.00,131.00,56.00,1,1,0.9998,-1
13,34364,775.00,201.00,87.00,66.00,1,1,0.4366,-1
13,23289,813.00,337.00,35.00,44.00,1,1,0.6885,-1
13,34569,818.00,60.00,98.00,40.00,1,1,0.5143,-1
13,51757,895.00,222.00,55.00,28.00,1,1,0.2784,-1
14,44781,577.00,279.00,12.00,5.00,1,7,0.3363,-1
14,27033,577.00,237.00,17.00,47.00,1,7,0.6860,-1
14,13315,608.00,293.00,22.00,22.00,1,1,0.9879,-1
14,64324,627.00,297.00,29.00,24.00,1,1,0.8669,-1
14,87014,941.00,219.00,2.00,3.00,1,7,0.0106,-1
14,64410,821.00,176.00,130.00,56.00,1,1,0.9996,-1
14,34364,767.00,202.00,86.00,65.00,1,1,0.4335,-1
14,23289,806.00,336.00,35.00,45.00,1,1,0.7049,-1
14,34569,811.00,60.00,98.00,43.00,1,1,0.5021,-1
14,51757,890.00,221.00,53.00,29.00,1,1,0.2881,-1
15,44781,575.00,279.00,12.00,5.00,1,7,0.3596,-1
15,27033,575.00,237.00,17.00,47.00,1,7,0.6823,-1
15,13315,605.00,293.00,22.00,22.00,1,1,0.9927,-1
15,64324,625.00,297.00,29.00,24.00,1,1,0.8754,-1
15,87014,934.00,217.00,6.00,11.00,1,7,0.0677,-1
15,64410,812.00,176.00,129.00,57.00,1,1,0.9998,-1
15,34364,759.00,202.00,86.00,65.00,1,1,0.4299,-1
15,23289,798.00,337.00,36.00,44.00,1,1,0.7125,-1
15,34569,806.00,61.00,97.00,43.00,1,1,0.4914,-1
15,51757,885.00,220.00,51.00,31.00,1,1,0.3000,-1
16,44781,573.00,279.00,12.00,5.00,1,7,0.3565,-1
16,27033,573.00,237.00,16.00,47.00,1,7,0.6861,-1
16,13315,603.00,293.00,22.00,22.00,1,1,0.9926,-1
16,64324,622.00,298.00,29.00,23.00,1,1,0.8739,-1
16,87014,927.00,214.00,11.00,18.00,1,7,0.1982,-1
16,64410,803.00,177.00,129.00,56.00,1,1,0.9998,-1
16,34364,752.00,203.00,84.00,64.00,1,1,0.4273,-1
16,23289,791.00,337.00,36.00,45.00,1,1,0.7273,-1
16,34569,800.00,61.00,96.00,44.00,1,1,0.4797,-1
16,51757,878.00,219.00,51.00,32.00,1,1,0.3134,-1
17,44781,571.00,279.00,12.00,5.00,1,7,0.3628,-1
17,27033,571.00,237.00,16.00,47.00,1,7,0.6715,-1
17,13315,600.00,293.00,23.00,22.00,1,1,0.9976,-1
17,64324,620.00,298.00,29.00,23.00,1,1,0.8784,-1
17,87014,920.00,214.00,16.00,21.00,1,7,0.3625,-1
17,64410,794.00,177.00,128.00,57.00,1,1,1.0000,-1
17,34364,744.00,203.00,84.00,64.00,1,1,0.4244,-1
17,23289,784.00,337.00,35.00,45.00,1,1,0.7361,-1
17,34569,794.00,62.00,96.00,44.00,1,1,0.4679,-1
17,51757,872.00,219.00,51.00,33.00,1,1,0.3270,-1
18,44781,569.00,279.00,12.00,5.00,1,7,0.3540,-1
18,27033,568.00,237.00,17.00,47.00,1,7,0.6759,-1
18,13315,598.00,293.00,22.00,22.00,1,1,0.9975,-1
18,64324,617.00,298.00,29.00,23.00,1,1,0.8832,-1
18,87014,912.00,214.00,21.00,22.00,1,1,0.5189,-1
18,64410,785.00,178.00,127.00,56.00,1,1,1.0000,-1
18,34364,736.00,204.00,84.00,63.00,1,1,0.4232,-1
18,23289,777.00,337.00,35.00,45.00,1,1,0.7479,-1
18,34569,788.00,62.00,95.00,45.00,1,1,0.4557,-1
18,51757,865.00,218.00,51.00,34.00,1,1,0.3427,-1
19,44781,567.00,279.00,12.00,5.00,1,7,0.3805,-1
19,27033,566.00,237.00,17.00,47.00,1,7,0.6681,-1
19,13315,595.00,294.00,23.00,21.00,1,1,0.9975,-1
19,64324,615.00,298.00,29.00,24.00,1,1,0.8855,-1
19,87014,905.00,215.00,26.00,23.00,1,1,0.6536,-1
19,64410,776.00,178.00,127.00,57.00,1,1,0.9998,-1
19,34364,729.00,204.00,82.00,63.00,1,1,0.4207,-1
19,23289,769.00,337.00,36.00,46.00,1,1,0.7594,-1
19,34569,782.00,63.00,95.00,44.00,1,1,0.4396,-1
19,51757,857.00,216.00,52.00,37.00,1,1,0.3603,-1
20,44781,565.00,279.00,12.00,6.00,1,7,0.3604,-1
20,27033,564.00,237.00,17.00,47.00,1,7,0.6628,-1
20,13315,593.00,294.00,22.00,22.00,1,1,0.9950,-1
20,64324,613.00,298.00,28.00,24.00,1,1,0.8885,-1
20,87014,900.00,215.00,29.00,24.00,1,1,0.7892,-1
20,64410,767.00,179.00,126.00,56.00,1,1,1.0000,-1
20,34364,721.00,204.00,82.00,62.00,1,1,0.4204,-1
20,23289,762.00,337.00,36.00,46.00,1,1,0.7685,-1
20,34569,776.00,63.00,94.00,45.00,1,1,0.4253,-1
20,51757,851.00,207.00,51.00,46.00,1,1,0.3833,-1
21,44781,563.00,280.00,13.00,5.00,1,7,0.3274,-1
21,27033,562.00,237.00,16.00,47.00,1,7,0.6657,-1
21,13315,591.00,294.00,22.00,22.00,1,1,0.9950,-1
21,64324,611.00,298.00,28.00,24.00,1,1,0.8864,-1
21,87014,894.00,216.00,32.00,23.00,1,1,0.8840,-1
21,64410,758.00,179.00,125.00,56.00,1,1,1.0000,-1
21,34364,714.00,205.00,80.00,60.00,1,1,0.4177,-1
21,23289,755.00,338.00,36.00,45.00,1,1,0.7724,-1
21,34569,770.00,65.00,94.00,43.00,1,1,0.4128,-1
21,51757,846.00,198.00,50.00,55.00,1,1,0.4178,-1
22,44781,561.00,280.00,12.00,4.00,1,7,0.3153,-1
22,27033,560.00,237.00,16.00,47.00,1,7,0.6691,-1
22,13315,588.00,294.00,22.00,22.00,1,1,1.0000,-1
22,64324,608.00,298.00,29.00,24.00,1,1,0.8893,-1
22,87014,889.00,216.00,33.00,23.00,1,1,0.8812,-1
22,64410,749.00,179.00,124.00,57.00,1,1,1.0000,-1
22,34364,706.00,205.00,80.00,61.00,1,1,0.4185,-1
22,23289,747.00,337.00,37.00,47.00,1,1,0.7804,-1
22,34569,764.00,66.00,93.00,43.00,1,1,0.3967,-1
22,51757,839.00,196.00,50.00,58.00,1,1,0.4562,-1
23,44781,559.00,280.00,12.00,4.00,1,7,0.3182,-1
23,27033,558.00,237.00,16.00,47.00,1,7,0.6584,-1
23,13315,586.00,294.00,22.00,22.00,1,1,0.9975,-1
23,64324,606.00,298.00,28.00,24.00,1,1,0.8925,-1
23,87014,885.00,217.00,33.00,23.00,1,1,0.7907,-1
23,64410,740.00,179.00,124.00,57.00,1,1,1.0000,-1
23,34364,698.00,205.00,79.00,61.00,1,1,0.4197,-1
23,23289,740.00,337.00,37.00,47.00,1,1,0.7867,-1
23,34569,758.00,65.00,92.00,44.00,1,1,0.3840,-1
23,51757,831.00,194.00,51.00,60.00,1,1,0.5007,-1
24,44781,557.00,280.00,11.00,4.00,1,7,0.3303,-1
24,27033,555.00,237.00,16.00,47.00,1,7,0.6492,-1
24,13315,583.00,294.00,22.00,22.00,1,1,1.0000,-1
24,64324,603.00,298.00,29.00,24.00,1,1,0.8973,-1
24,87014,882.00,218.00,30.00,22.00,1,1,0.6627,-1
24,64410,731.00,179.00,123.00,57.00,1,1,1.0000,-1
24,34364,690.00,205.00,78.00,61.00,1,1,0.4197,-1
24,23289,733.00,337.00,36.00,47.00,1,1,0.7953,-1
24,34569,751.00,65.00,92.00,44.00,1,1,0.3740,-1
24,51757,824.00,193.00,51.00,61.00,1,1,0.5425,-1
25,44781,555.00,280.00,11.00,4.00,1,7,0.2991,-1
25,27033,553.00,237.00,16.00,47.00,1,7,0.6599,-1
25,13315,581.00,294.00,22.00,22.00,1,1,1.0000,-1
25,64324,601.00,298.00,28.00,24.00,1,1,0.8990,-1
25,87014,879.00,220.00,37.00,20.00,1,1,0.5332,-1
25,64410,722.00,179.00,122.00,57.00,1,1,1.0000,-1
25,34364,683.00,206.00,77.00,61.00,1,1,0.4210,-1
25,23289,725.00,337.00,37.00,47.00,1,1,0.8039,-1
25,34569,745.00,64.00,91.00,45.00,1,1,0.3702,-1
25,51757,816.00,192.00,52.00,62.00,1,1,0.5873,-1
26,44781,553.00,280.00,10.00,4.00,1,7,0.2778,-1
26,27033,551.00,237.00,15.00,47.00,1,7,0.6464,-1
26,13315,578.00,294.00,22.00,22.00,1,1,1.0000,-1
26,64324,598.00,298.00,28.00,24.00,1,1,0.8998,-1
26,87014,877.00,219.00,36.00,21.00,1,1,0.5188,-1
26,64410,713.00,179.00,120.00,57.00,1,1,1.0000,-1
26,34364,709.00,205.00,42.00,61.00,1,1,0.4238,-1
26,23289,717.00,336.00,38.00,48.00,1,1,0.8100,-1
26,34569,738.00,64.00,91.00,45.00,1,1,0.3757,-1
26,51757,809.00,192.00,52.00,62.00,1,1,0.6330,-1
27,44781,551.00,280.00,9.00,4.00,1,7,0.2661,-1
27,27033,548.00,237.00,16.00,47.00,1,7,0.6438,-1
27,13315,575.00,294.00,22.00,22.00,1,1,1.0000,-1
27,64324,596.00,298.00,28.00,24.00,1,1,0.9086,-1
27,87014,874.00,217.00,37.00,22.00,1,1,0.5619,-1
27,64410,703.00,179.00,120.00,56.00,1,1,1.0000,-1
27,34364,700.00,206.00,42.00,61.00,1,1,0.4301,-1
27,23289,710.00,337.00,37.00,46.00,1,1,0.8187,-1
27,34569,732.00,64.00,90.00,45.00,1,1,0.3895,-1
27,51757,801.00,191.00,53.00,63.00,1,1,0.6762,-1
28,44781,549.00,280.00,9.00,4.00,1,7,0.2342,-1
28,27033,546.00,237.00,15.00,47.00,1,7,0.6432,-1
28,13315,573.00,294.00,22.00,22.00,1,1,1.0000,-1
28,64324,593.00,298.00,28.00,24.00,1,1,0.9094,-1
28,87014,871.00,216.00,37.00,23.00,1,1,0.6586,-1
28,64410,694.00,179.00,119.00,56.00,1,1,1.0000,-1
28,34364,691.00,206.00,42.00,61.00,1,1,0.4340,-1
28,23289,702.00,336.00,38.00,47.00,1,1,0.8259,-1
28,34569,753.00,63.00,62.00,45.00,1,1,0.4132,-1
28,51757,793.00,191.00,54.00,63.00,1,1,0.7173,-1
29,44781,547.00,280.00,8.00,4.00,1,7,0.2222,-1
29,27033,543.00,237.00,16.00,47.00,1,7,0.6386,-1
29,13315,570.00,294.00,22.00,22.00,1,1,1.0000,-1
29,64324,590.00,298.00,28.00,24.00,1,1,0.9024,-1
29,87014,869.00,216.00,36.00,23.00,1,1,0.7764,-1
29,64410,684.00,178.00,119.00,57.00,1,1,1.0000,-1
29,34364,682.00,206.00,42.00,61.00,1,1,0.4366,-1
29,23289,695.00,335.00,38.00,48.00,1,1,0.8352,-1
29,34569,745.00,63.00,63.00,45.00,1,1,0.4462,-1
29,51757,775.00,184.00,64.00,69.00,1,1,0.7572,-1
30,44781,545.00,280.00,7.00,4.00,1,7,0.1835,-1
30,27033,541.00,237.00,15.00,47.00,1,7,0.6349,-1
30,13315,567.00,294.00,22.00,21.00,1,1,1.0000,-1
30,64324,588.00,298.00,27.00,24.00,1,1,0.8007,-1
30,50353,566.00,313.00,0.00,0.00,1,7,0.0104,-1
30,87014,867.00,215.00,35.00,23.00,1,1,0.9488,-1
30,64410,675.00,178.00,117.00,57.00,1,1,1.0000,-1
30,34364,674.00,206.00,40.00,60.00,1,1,0.4424,-1
30,23289,687.00,336.00,38.00,47.00,1,1,0.8391,-1
30,34569,733.00,63.00,67.00,45.00,1,1,0.4799,-1
30,51757,778.00,190.00,54.00,63.00,1,1,0.7960,-1
31,44781,542.00,280.00,7.00,4.00,1,7,0.1545,-1
31,27033,538.00,237.00,16.00,47.00,1,7,0.6281,-1
31,13315,565.00,294.00,22.00,21.00,1,1,1.0000,-1
31,64324,585.00,298.00,24.00,24.00,1,1,0.6376,-1
31,50353,564.00,312.00,0.00,0.00,1,7,0.0105,-1
31,87014,863.00,215.00,36.00,23.00,1,1,1.0000,-1
31,64410,665.00,178.00,117.00,56.00,1,1,1.0000,-1
31,34364,665.00,207.00,40.00,59.00,1,1,0.4443,-1
31,23289,680.00,335.00,38.00,47.00,1,1,0.8454,-1
31,34569,721.00,62.00,72.00,45.00,1,1,0.5139,-1
31,51757,770.00,189.00,55.00,63.00,1,1,0.8319,-1
32,44781,540.00,280.00,3.00,4.00,1,7,0.1351,-1
32,27033,536.00,237.00,15.00,47.00,1,7,0.6208,-1
32,13315,562.00,293.00,22.00,22.00,1,1,1.0000,-1
32,64324,583.00,298.00,19.00,23.00,1,7,0.4478,-1
32,50353,561.00,313.00,0.00,0.00,1,7,0.0104,-1
32,87014,860.00,214.00,36.00,24.00,1,1,1.0000,-1
32,64410,655.00,178.00,116.00,56.00,1,1,1.0000,-1
32,34364,656.00,206.00,40.00,60.00,1,1,0.4508,-1
32,23289,672.00,334.00,39.00,48.00,1,1,0.8509,-1
32,34569,709.00,62.00,76.00,45.00,1,1,0.5484,-1
32,51757,762.00,189.00,55.00,63.00,1,1,0.8668,-1
33,44781,538.00,280.00,2.00,4.00,1,7,0.1071,-1
33,27033,533.00,238.00,15.00,46.00,1,7,0.5928,-1
33,13315,559.00,293.00,22.00,22.00,1,1,1.0000,-1
33,64324,580.00,299.00,15.00,22.00,1,7,0.2540,-1
33,87014,857.00,214.00,37.00,23.00,1,1,1.0000,-1
33,64410,646.00,177.00,115.00,57.00,1,1,0.9998,-1
33,34364,647.00,206.00,40.00,60.00,1,1,0.4523,-1
33,23289,665.00,334.00,38.00,48.00,1,1,0.8560,-1
33,34569,698.00,62.00,80.00,45.00,1,1,0.5777,-1
33,51757,752.00,188.00,58.00,64.00,1,1,0.8987,-1
34,44781,536.00,280.00,2.00,4.00,1,7,0.1101,-1
34,27033,531.00,241.00,15.00,42.00,1,7,0.5578,-1
34,13315,557.00,293.00,21.00,22.00,1,1,0.9591,-1
34,64324,577.00,306.00,9.00,12.00,1,7,0.0954,-1
34,87014,854.00,213.00,37.00,24.00,1,1,1.0000,-1
34,64410,636.00,177.00,114.00,56.00,1,1,1.0000,-1
34,34364,638.00,206.00,39.00,60.00,1,1,0.4525,-1
34,23289,657.00,334.00,39.00,48.00,1,1,0.8643,-1
34,34569,686.00,61.00,84.00,46.00,1,1,0.6044,-1
34,51757,743.00,188.00,60.00,63.00,1,1,0.9282,-1
35,44781,534.00,280.00,1.00,4.00,1,7,0.0833,-1
35,27033,528.00,241.00,12.00,42.00,1,7,0.5382,-1
35,13315,554.00,293.00,20.00,22.00,1,7,0.8026,-1
35,64324,574.00,311.00,3.00,4.00,1,7,0.0071,-1
35,87014,851.00,213.00,37.00,23.00,1,1,1.0000,-1
35,64410,626.00,177.00,114.00,56.00,1,1,1.0000,-1
35,34364,628.00,206.00,40.00,60.00,1,1,0.4628,-1
35,23289,649.00,334.00,40.00,48.00,1,1,0.8645,-1
35,34569,677.00,62.00,86.00,44.00,1,1,0.6206,-1
35,51757,734.00,187.00,61.00,64.00,1,1,0.9519,-1
36,44781,531.00,280.00,2.00,3.00,1,7,0.0734,-1
36,27033,526.00,243.00,12.00,38.00,1,7,0.4711,-1
36,13315,551.00,296.00,17.00,19.00,1,7,0.5866,-1
36,87014,849.00,213.00,36.00,23.00,1,1,1.0000,-1
36,64410,616.00,177.00,113.00,56.00,1,1,1.0000,-1
36,34364,619.00,206.00,40.00,60.00,1,1,0.4648,-1
36,23289,642.00,333.00,39.00,48.00,1,1,0.8713,-1
36,34569,670.00,63.00,86.00,43.00,1,1,0.6283,-1
36,51757,727.00,187.00,61.00,64.00,1,1,0.9670,-1
37,44781,529.00,280.00,1.00,3.00,1,7,0.0636,-1
37,27033,523.00,246.00,12.00,34.00,1,7,0.3540,-1
37,13315,549.00,296.00,13.00,19.00,1,7,0.3672,-1
37,87014,846.00,212.00,36.00,24.00,1,1,1.0000,-1
37,64410,607.00,177.00,112.00,56.00,1,1,1.0000,-1
37,34364,609.00,208.00,41.00,59.00,1,1,0.4698,-1
37,23289,634.00,333.00,40.00,48.00,1,1,0.8730,-1
37,34569,663.00,63.00,85.00,43.00,1,1,0.6386,-1
37,51757,720.00,187.00,61.00,63.00,1,1,0.9712,-1
38,44781,527.00,280.00,1.00,2.00,1,7,0.0357,-1
38,27033,521.00,252.00,10.00,28.00,1,7,0.2211,-1
38,13315,546.00,300.00,9.00,15.00,1,7,0.1632,-1
38,87014,843.00,212.00,36.00,23.00,1,1,1.0000,-1
38,64410,597.00,177.00,112.00,56.00,1,1,1.0000,-1
38,34364,600.00,208.00,41.00,58.00,1,1,0.4730,-1
38,23289,627.00,333.00,40.00,48.00,1,1,0.8810,-1
38,34569,665.00,63.00,76.00,43.00,1,1,0.6549,-1
38,51757,713.00,187.00,60.00,63.00,1,1,0.9734,-1
39,44781,525.00,280.00,0.00,1.00,1,7,0.0183,-1
39,27033,519.00,261.00,7.00,17.00,1,7,0.0971,-1
39,13315,543.00,306.00,4.00,7.00,1,7,0.0259,-1
39,87014,840.00,212.00,37.00,23.00,1,1,1.0000,-1
39,64410,588.00,177.00,111.00,56.00,1,1,1.0000,-1
39,34364,591.00,209.00,41.00,58.00,1,1,0.4788,-1
39,23289,619.00,333.00,41.00,48.00,1,1,0.8815,-1
39,34569,661.00,63.00,73.00,43.00,1,1,0.6770,-1
39,51757,706.00,186.00,60.00,64.00,1,1,0.9754,-1
40,27033,517.00,269.00,4.00,8.00,1,7,0.0115,-1
40,87014,838.00,212.00,36.00,23.00,1,1,1.0000,-1
40,64410,579.00,177.00,109.00,56.00,1,1,1.0000,-1
40,34364,582.00,209.00,41.00,58.00,1,1,0.4817,-1
40,23289,612.00,333.00,41.00,48.00,1,1,0.8877,-1
40,34569,653.00,62.00,74.00,44.00,1,1,0.7001,-1
40,51757,699.00,186.00,60.00,64.00,1,1,0.9783,-1
41,64324,579.00,302.00,3.00,6.00,1,7,0.0253,-1
41,87014,835.00,212.00,36.00,23.00,1,1,1.0000,-1
41,64410,569.00,177.00,109.00,56.00,1,1,1.0000,-1
41,34364,573.00,210.00,42.00,57.00,1,1,0.4880,-1
41,23289,604.00,333.00,41.00,48.00,1,1,0.8926,-1
41,34569,646.00,62.00,74.00,44.00,1,1,0.7232,-1
41,51757,692.00,186.00,60.00,64.00,1,1,0.9804,-1
42,64324,571.00,299.00,4.00,8.00,1,7,0.0465,-1
42,87014,832.00,212.00,37.00,23.00,1,1,1.0000,-1
42,64410,560.00,177.00,109.00,56.00,1,1,1.0000,-1
42,34364,564.00,210.00,42.00,58.00,1,1,0.4924,-1
42,23289,597.00,333.00,41.00,48.00,1,1,0.8927,-1
42,34569,639.00,62.00,74.00,44.00,1,1,0.7478,-1
42,51757,686.00,186.00,59.00,64.00,1,1,0.9822,-1
43,64324,563.00,297.00,6.00,11.00,1,7,0.0764,-1
43,87014,830.00,212.00,36.00,24.00,1,1,1.0000,-1
43,64410,551.00,177.00,108.00,56.00,1,1,1.0000,-1
43,34364,555.00,210.00,42.00,58.00,1,1,0.4954,-1
43,23289,589.00,333.00,42.00,49.00,1,1,0.8985,-1
43,34569,632.00,62.00,74.00,44.00,1,1,0.7719,-1
43,51757,679.00,186.00,59.00,65.00,1,1,0.9844,-1
44,64324,556.00,298.00,6.00,9.00,1,7,0.0780,-1
44,87014,828.00,213.00,36.00,23.00,1,1,1.0000,-1
44,64410,542.00,177.00,107.00,56.00,1,1,1.0000,-1
44,34364,546.00,211.00,43.00,57.00,1,1,0.5003,-1
44,23289,582.00,334.00,42.00,48.00,1,1,0.9000,-1
44,34569,625.00,62.00,75.00,44.00,1,1,0.7963,-1
44,51757,672.00,186.00,59.00,65.00,1,1,0.9866,-1
45,13315,548.00,297.00,2.00,8.00,1,7,0.0311,-1
45,64324,550.00,298.00,5.00,9.00,1,7,0.0587,-1
45,87014,825.00,213.00,36.00,23.00,1,1,1.0000,-1
45,64410,533.00,177.00,106.00,56.00,1,1,1.0000,-1
45,34364,538.00,211.00,42.00,57.00,1,1,0.5029,-1
45,23289,574.00,334.00,44.00,48.00,1,1,0.9078,-1
45,34569,618.00,62.00,75.00,44.00,1,1,0.8171,-1
45,51757,666.00,186.00,59.00,65.00,1,1,0.9877,-1
46,13315,540.00,294.00,6.00,14.00,1,7,0.1440,-1
46,64324,547.00,299.00,0.00,1.00,1,7,0.0037,-1
46,87014,823.00,213.00,36.00,24.00,1,1,1.0000,-1
46,64410,524.00,177.00,106.00,57.00,1,1,1.0000,-1
46,34364,529.00,212.00,43.00,57.00,1,1,0.5075,-1
46,23289,567.00,334.00,44.00,48.00,1,1,0.9116,-1
46,34569,612.00,62.00,75.00,45.00,1,1,0.8382,-1
46,51757,659.00,186.00,59.00,65.00,1,1,0.9842,-1
47,13315,533.00,293.00,7.00,15.00,1,7,0.2005,-1
47,64324,571.00,318.00,0.00,0.00,1,7,0.0018,-1
47,87014,820.00,214.00,37.00,23.00,1,1,1.0000,-1
47,64410,515.00,177.00,105.00,57.00,1,1,1.0000,-1
47,34364,520.00,212.00,44.00,57.00,1,1,0.5118,-1
47,23289,560.00,334.00,44.00,48.00,1,1,0.9108,-1
47,34569,605.00,62.00,75.00,45.00,1,1,0.8588,-1
47,51757,653.00,186.00,58.00,66.00,1,1,0.9768,-1
48,13315,526.00,293.00,9.00,15.00,1,7,0.2161,-1
48,64324,563.00,308.00,7.00,13.00,1,7,0.1013,-1
48,87014,818.00,214.00,36.00,23.00,1,1,1.0000,-1
48,64410,507.00,177.00,104.00,57.00,1,1,1.0000,-1
48,34364,512.00,213.00,43.00,56.00,1,1,0.5157,-1
48,23289,552.00,334.00,45.00,48.00,1,1,0.9137,-1
48,34569,598.00,62.00,75.00,45.00,1,1,0.8788,-1
48,51757,646.00,186.00,58.00,66.00,1,1,0.9697,-1
49,44781,520.00,288.00,0.00,0.00,1,7,0.0093,-1
49,13315,520.00,293.00,8.00,15.00,1,7,0.1474,-1
49,64324,556.00,304.00,11.00,17.00,1,7,0.2514,-1
49,87014,815.00,215.00,37.00,23.00,1,1,1.0000,-1
49,64410,498.00,178.00,103.00,56.00,1,1,1.0000,-1
49,34364,503.00,213.00,44.00,56.00,1,1,0.5197,-1
49,23289,545.00,334.00,45.00,48.00,1,1,0.9170,-1
49,34569,591.00,62.00,76.00,45.00,1,1,0.8983,-1
49,51757,640.00,186.00,58.00,66.00,1,1,0.9589,-1
50,44781,507.00,279.00,11.00,9.00,1,7,0.0187,-1
50,27033,505.00,269.00,2.00,9.00,1,7,0.0232,-1
50,13315,517.00,296.00,3.00,6.00,1,7,0.0206,-1
50,64324,549.00,302.00,16.00,19.00,1,7,0.4212,-1
50,87014,813.00,215.00,36.00,23.00,1,1,1.0000,-1
50,64410,489.00,178.00,102.00,56.00,1,1,1.0000,-1
50,34364,495.00,214.00,44.00,56.00,1,1,0.5238,-1
50,23289,538.00,334.00,45.00,48.00,1,1,0.9218,-1
50,34569,585.00,62.00,75.00,45.00,1,1,0.9185,-1
50,51757,633.00,186.00,58.00,66.00,1,1,0.9447,-1
51,44781,502.00,279.00,14.00,9.00,1,7,0.1682,-1
51,27033,499.00,267.00,6.00,17.00,1,7,0.1162,-1
51,64324,542.00,300.00,20.00,21.00,1,7,0.5978,-1
51,87014,811.00,215.00,36.00,24.00,1,1,1.0000,-1
51,64410,480.00,178.00,102.00,56.00,1,1,1.0000,-1
51,34364,486.00,214.00,45.00,56.00,1,1,0.5275,-1
51,23289,530.00,334.00,46.00,48.00,1,1,0.9218,-1
51,34569,578.00,62.00,76.00,45.00,1,1,0.9370,-1
51,51757,627.00,186.00,57.00,67.00,1,1,0.9289,-1
52,44781,500.00,279.00,3.00,6.00,1,7,0.1308,-1
52,27033,491.00,265.00,11.00,20.00,1,7,0.1394,-1
52,64324,536.00,298.00,24.00,24.00,1,1,0.7681,-1
52,87014,808.00,216.00,37.00,23.00,1,1,1.0000,-1
52,64410,471.00,178.00,101.00,56.00,1,1,1.0000,-1
52,34364,478.00,214.00,44.00,56.00,1,1,0.5319,-1
52,23289,523.00,334.00,46.00,48.00,1,1,0.9265,-1
52,34569,571.00,62.00,76.00,46.00,1,1,0.9549,-1
52,51757,620.00,186.00,58.00,67.00,1,1,0.9077,-1
53,44781,498.00,279.00,2.00,6.00,1,7,0.1111,-1
53,27033,489.00,263.00,11.00,22.00,1,7,0.1638,-1
53,64324,530.00,298.00,27.00,24.00,1,1,0.9162,-1
53,87014,806.00,216.00,36.00,23.00,1,1,1.0000,-1
53,64410,462.00,178.00,100.00,56.00,1,1,1.0000,-1
53,34364,469.00,215.00,45.00,55.00,1,1,0.5353,-1
53,23289,515.00,334.00,47.00,48.00,1,1,0.9283,-1
53,34569,564.00,62.00,76.00,46.00,1,1,0.9676,-1
53,51757,613.00,186.00,58.00,67.00,1,1,0.8898,-1
54,44781,496.00,279.00,2.00,5.00,1,7,0.0935,-1
54,27033,486.00,256.00,12.00,28.00,1,7,0.1810,-1
54,13315,521.00,299.00,7.00,16.00,1,7,0.1344,-1
54,64324,527.00,298.00,28.00,24.00,1,1,0.9570,-1
54,87014,803.00,216.00,37.00,23.00,1,1,1.0000,-1
54,64410,453.00,178.00,99.00,56.00,1,1,1.0000,-1
54,34364,460.00,216.00,46.00,54.00,1,1,0.5370,-1
54,23289,508.00,334.00,48.00,48.00,1,1,0.9325,-1
54,34569,558.00,62.00,76.00,46.00,1,1,0.9847,-1
54,51757,607.00,185.00,57.00,68.00,1,1,0.8724,-1
55,27033,484.00,239.00,12.00,42.00,1,7,0.2399,-1
55,13315,514.00,297.00,11.00,18.00,1,7,0.3648,-1
55,64324,525.00,298.00,27.00,24.00,1,1,0.9609,-1
55,87014,801.00,216.00,36.00,23.00,1,1,1.0000,-1
55,64410,443.00,177.00,99.00,57.00,1,1,1.0000,-1
55,34364,451.00,216.00,46.00,54.00,1,1,0.5419,-1
55,23289,500.00,334.00,49.00,48.00,1,1,0.9344,-1
55,34569,552.00,62.00,75.00,46.00,1,1,0.9933,-1
55,51757,599.00,185.00,58.00,68.00,1,1,0.8570,-1
56,27033,481.00,237.00,13.00,39.00,1,7,0.3085,-1
56,13315,507.00,294.00,16.00,21.00,1,7,0.6359,-1
56,64324,522.00,298.00,28.00,24.00,1,1,0.9623,-1
56,87014,798.00,216.00,36.00,23.00,1,1,1.0000,-1
56,64410,434.00,177.00,98.00,57.00,1,1,1.0000,-1
56,34364,443.00,216.00,46.00,54.00,1,1,0.5467,-1
56,23289,493.00,334.00,49.00,48.00,1,1,0.9376,-1
56,34569,545.00,62.00,75.00,45.00,1,1,0.9948,-1
56,51757,592.00,185.00,58.00,68.00,1,1,0.8436,-1
57,27033,479.00,237.00,12.00,33.00,1,7,0.2328,-1
57,13315,500.00,293.00,20.00,22.00,1,7,0.8842,-1
57,64324,519.00,298.00,28.00,23.00,1,1,0.9624,-1
57,87014,795.00,216.00,37.00,23.00,1,1,1.0000,-1
57,64410,425.00,177.00,97.00,57.00,1,1,1.0000,-1
57,34364,434.00,217.00,46.00,53.00,1,1,0.5503,-1
57,23289,485.00,334.00,50.00,48.00,1,1,0.9410,-1
57,34569,539.00,62.00,74.00,46.00,1,1,0.9940,-1
57,51757,585.00,184.00,58.00,69.00,1,1,0.8299,-1
58,44781,501.00,288.00,0.00,0.00,1,7,0.0096,-1
58,27033,477.00,237.00,12.00,21.00,1,7,0.1873,-1
58,13315,496.00,293.00,22.00,22.00,1,1,1.0000,-1
58,64324,517.00,298.00,28.00,24.00,1,1,0.9659,-1
58,87014,792.00,216.00,37.00,23.00,1,1,1.0000,-1
58,64410,415.00,177.00,97.00,57.00,1,1,1.0000,-1
58,34364,425.00,217.00,46.00,54.00,1,1,0.5542,-1
58,23289,477.00,334.00,51.00,48.00,1,1,0.9421,-1
58,34569,532.00,62.00,73.00,45.00,1,1,0.9936,-1
58,51757,578.00,184.00,58.00,68.00,1,1,0.8166,-1
59,44781,497.00,286.00,2.00,2.00,1,7,0.0566,-1
59,27033,474.00,241.00,7.00,16.00,1,7,0.0670,-1
59,13315,493.00,293.00,22.00,22.00,1,1,1.0000,-1
59,64324,514.00,298.00,28.00,23.00,1,1,0.9639,-1
59,87014,790.00,215.00,36.00,24.00,1,1,1.0000,-1
59,64410,406.00,177.00,96.00,57.00,1,1,1.0000,-1
59,34364,416.00,217.00,46.00,54.00,1,1,0.5575,-1
59,23289,470.00,334.00,51.00,48.00,1,1,0.9452,-1
59,34569,525.00,62.00,73.00,45.00,1,1,0.9944,-1
59,51757,570.00,184.00,59.00,68.00,1,1,0.8031,-1
60,44781,495.00,284.00,2.00,4.00,1,7,0.0748,-1
60,13315,491.00,293.00,21.00,22.00,1,1,1.0000,-1
60,64324,512.00,298.00,27.00,23.00,1,1,0.9695,-1
60,87014,787.00,215.00,36.00,23.00,1,1,1.0000,-1
60,64410,396.00,177.00,95.00,57.00,1,1,1.0000,-1
60,34364,407.00,218.00,47.00,53.00,1,1,0.5588,-1
60,23289,462.00,334.00,51.00,48.00,1,1,0.9479,-1
60,34569,518.00,62.00,72.00,45.00,1,1,0.9927,-1
60,51757,563.00,183.00,59.00,69.00,1,1,0.7917,-1
61,44781,492.00,285.00,3.00,4.00,1,7,0.0952,-1
61,13315,488.00,293.00,22.00,22.00,1,1,1.0000,-1
61,64324,509.00,298.00,28.00,23.00,1,1,0.9715,-1
61,87014,784.00,215.00,36.00,23.00,1,1,1.0000,-1
61,64410,386.00,177.00,95.00,57.00,1,1,1.0000,-1
61,34364,398.00,219.00,47.00,52.00,1,1,0.5626,-1
61,23289,454.00,334.00,52.00,48.00,1,1,0.9497,-1
61,34569,512.00,62.00,71.00,45.00,1,1,0.9931,-1
61,51757,556.00,183.00,59.00,69.00,1,1,0.7784,-1
62,44781,490.00,284.00,3.00,5.00,1,7,0.1058,-1
62,27033,474.00,268.00,4.00,16.00,1,7,0.0658,-1
62,13315,485.00,293.00,22.00,22.00,1,1,1.0000,-1
62,64324,506.00,298.00,28.00,23.00,1,1,0.9637,-1
62,87014,781.00,214.00,37.00,24.00,1,1,1.0000,-1
62,64410,377.00,177.00,94.00,57.00,1,1,1.0000,-1
62,34364,389.00,220.00,47.00,51.00,1,1,0.5656,-1
62,23289,446.00,334.00,53.00,48.00,1,1,0.9519,-1
62,34569,505.00,62.00,71.00,45.00,1,1,0.9914,-1
62,51757,549.00,183.00,58.00,69.00,1,1,0.7662,-1
63,44781,487.00,284.00,3.00,5.00,1,7,0.1154,-1
63,27033,468.00,258.00,8.00,26.00,1,7,0.1731,-1
63,13315,483.00,293.00,21.00,22.00,1,1,1.0000,-1
63,64324,503.00,298.00,28.00,23.00,1,1,0.9731,-1
63,87014,778.00,214.00,37.00,23.00,1,1,1.0000,-1
63,64410,367.00,177.00,93.00,57.00,1,1,1.0000,-1
63,34364,380.00,220.00,47.00,51.00,1,1,0.5671,-1
63,23289,439.00,334.00,53.00,48.00,1,1,0.9529,-1
63,34569,498.00,62.00,70.00,45.00,1,1,0.9918,-1
63,51757,541.00,183.00,59.00,69.00,1,1,0.7571,-1
64,44781,485.00,283.00,3.00,6.00,1,7,0.1415,-1
64,27033,463.00,248.00,10.00,34.00,1,7,0.2956,-1
64,13315,480.00,293.00,21.00,22.00,1,1,1.0000,-1
64,64324,501.00,298.00,28.00,23.00,1,1,0.9771,-1
64,87014,775.00,214.00,37.00,23.00,1,1,1.0000,-1
64,64410,358.00,178.00,92.00,56.00,1,1,1.0000,-1
64,34364,371.00,221.00,47.00,50.00,1,1,0.5695,-1
64,23289,431.00,334.00,54.00,48.00,1,1,0.9565,-1
64,34569,491.00,62.00,69.00,45.00,1,1,0.9905,-1
64,51757,534.00,183.00,59.00,69.00,1,1,0.7455,-1
65,44781,482.00,283.00,4.00,6.00,1,7,0.1524,-1
65,27033,459.00,239.00,12.00,44.00,1,7,0.4051,-1
65,13315,477.00,293.00,22.00,22.00,1,1,1.0000,-1
65,64324,498.00,298.00,28.00,23.00,1,1,0.9710,-1
65,87014,772.00,213.00,37.00,24.00,1,1,1.0000,-1
65,64410,348.00,178.00,91.00,56.00,1,1,1.0000,-1
65,34364,362.00,221.00,47.00,50.00,1,1,0.5703,-1
65,23289,423.00,334.00,55.00,48.00,1,1,0.9585,-1
65,34569,484.00,62.00,69.00,45.00,1,1,0.9900,-1
65,51757,527.00,183.00,59.00,69.00,1,1,0.7381,-1
66,44781,480.00,283.00,3.00,6.00,1,7,0.1700,-1
66,27033,457.00,241.00,11.00,40.00,1,7,0.4714,-1
66,13315,474.00,293.00,22.00,22.00,1,1,1.0000,-1
66,64324,495.00,298.00,28.00,23.00,1,1,0.9787,-1
66,87014,770.00,213.00,36.00,23.00,1,1,1.0000,-1
66,64410,338.00,178.00,91.00,56.00,1,1,1.0000,-1
66,34364,353.00,222.00,47.00,49.00,1,1,0.5725,-1
66,23289,415.00,334.00,56.00,48.00,1,1,0.9600,-1
66,34569,477.00,62.00,68.00,45.00,1,1,0.9904,-1
66,51757,520.00,183.00,58.00,68.00,1,1,0.7298,-1
67,44781,477.00,283.00,4.00,6.00,1,7,0.1905,-1
67,27033,454.00,237.00,12.00,45.00,1,7,0.4778,-1
67,13315,472.00,293.00,21.00,22.00,1,1,1.0000,-1
67,64324,493.00,298.00,28.00,23.00,1,1,0.9788,-1
67,87014,767.00,213.00,36.00,23.00,1,1,1.0000,-1
67,64410,328.00,178.00,90.00,56.00,1,1,1.0000,-1
67,34364,344.00,222.00,48.00,49.00,1,1,0.5739,-1
67,23289,407.00,334.00,57.00,48.00,1,1,0.9611,-1
67,34569,470.00,62.00,68.00,45.00,1,1,0.9899,-1
67,51757,513.00,183.00,58.00,68.00,1,1,0.7263,-1
68,44781,475.00,282.00,4.00,7.00,1,7,0.2286,-1
68,27033,452.00,242.00,11.00,38.00,1,7,0.4737,-1
68,13315,469.00,293.00,22.00,22.00,1,1,1.0000,-1
68,64324,490.00,298.00,28.00,23.00,1,1,0.9767,-1
68,87014,764.00,213.00,36.00,23.00,1,1,1.0000,-1
68,64410,319.00,178.00,89.00,56.00,1,1,1.0000,-1
68,34364,335.00,223.00,48.00,49.00,1,1,0.5736,-1
68,23289,400.00,334.00,57.00,48.00,1,1,0.9655,-1
68,34569,463.00,62.00,68.00,45.00,1,1,0.9886,-1
68,51757,506.00,183.00,58.00,68.00,1,1,0.7166,-1
69,44781,472.00,282.00,4.00,7.00,1,7,0.2330,-1
69,27033,449.00,238.00,12.00,43.00,1,7,0.4702,-1
69,13315,466.00,294.00,22.00,21.00,1,1,1.0000,-1
69,64324,487.00,298.00,28.00,23.00,1,1,0.9787,-1
69,87014,761.00,212.00,37.00,24.00,1,1,1.0000,-1
69,64410,309.00,178.00,89.00,56.00,1,1,1.0000,-1
69,34364,327.00,224.00,47.00,48.00,1,1,0.5765,-1
69,23289,392.00,334.00,58.00,48.00,1,1,0.9670,-1
69,34569,457.00,62.00,66.00,45.00,1,1,0.9873,-1
69,51757,499.00,183.00,58.00,68.00,1,1,0.7117,-1
70,44781,470.00,282.00,4.00,7.00,1,7,0.2718,-1
70,27033,447.00,242.00,11.00,38.00,1,7,0.4645,-1
70,13315,464.00,294.00,22.00,21.00,1,1,1.0000,-1
70,64324,485.00,298.00,28.00,23.00,1,1,0.9786,-1
70,87014,759.00,212.00,36.00,24.00,1,1,1.0000,-1
70,64410,300.00,178.00,88.00,57.00,1,1,1.0000,-1
70,34364,318.00,224.00,48.00,48.00,1,1,0.5785,-1
70,23289,384.00,335.00,59.00,47.00,1,1,0.9673,-1
70,34569,450.00,62.00,66.00,45.00,1,1,0.9872,-1
70,51757,492.00,183.00,58.00,68.00,1,1,0.7129,-1
71,44781,468.00,282.00,4.00,7.00,1,7,0.2843,-1
71,27033,445.00,242.00,11.00,38.00,1,7,0.4664,-1
71,13315,461.00,294.00,22.00,21.00,1,1,1.0000,-1
71,64324,482.00,298.00,28.00,23.00,1,1,0.9805,-1
71,87014,756.00,212.00,36.00,24.00,1,1,1.0000,-1
71,64410,291.00,178.00,87.00,57.00,1,1,1.0000,-1
71,34364,309.00,226.00,48.00,46.00,1,1,0.5782,-1
71,23289,377.00,334.00,59.00,49.00,1,1,0.9704,-1
71,34569,444.00,62.00,65.00,45.00,1,1,0.9854,-1
71,51757,485.00,183.00,58.00,68.00,1,1,0.7085,-1
72,44781,465.00,282.00,5.00,7.00,1,7,0.2900,-1
72,27033,442.00,242.00,12.00,37.00,1,7,0.4651,-1
72,13315,459.00,294.00,22.00,21.00,1,1,1.0000,-1
72,64324,480.00,298.00,28.00,23.00,1,1,0.9843,-1
72,87014,753.00,213.00,37.00,23.00,1,1,1.0000,-1
72,64410,282.00,178.00,86.00,57.00,1,1,1.0000,-1
72,34364,301.00,226.00,48.00,46.00,1,1,0.5792,-1
72,23289,369.00,335.00,60.00,48.00,1,1,0.9723,-1
72,34569,437.00,62.00,65.00,45.00,1,1,0.9849,-1
72,51757,478.00,183.00,58.00,68.00,1,1,0.7019,-1
73,44781,463.00,281.00,5.00,8.00,1,7,0.3400,-1
73,27033,440.00,242.00,11.00,37.00,1,7,0.4588,-1
73,13315,456.00,294.00,22.00,21.00,1,1,1.0000,-1
73,64324,477.00,298.00,28.00,23.00,1,1,0.9824,-1
73,87014,751.00,213.00,36.00,23.00,1,1,1.0000,-1
73,64410,272.00,178.00,86.00,57.00,1,1,1.0000,-1
73,34364,293.00,227.00,48.00,45.00,1,1,0.5794,-1
73,23289,362.00,335.00,60.00,48.00,1,1,0.9732,-1
73,34569,431.00,62.00,65.00,45.00,1,1,0.9835,-1
73,51757,471.00,183.00,58.00,69.00,1,1,0.7005,-1
74,44781,461.00,281.00,5.00,8.00,1,7,0.3627,-1
74,27033,438.00,242.00,11.00,37.00,1,7,0.4616,-1
74,13315,454.00,294.00,22.00,21.00,1,1,1.0000,-1
74,64324,475.00,298.00,28.00,23.00,1,1,0.9823,-1
74,87014,748.00,213.00,37.00,23.00,1,1,1.0000,-1
74,64410,263.00,178.00,85.00,57.00,1,1,1.0000,-1
74,34364,284.00,227.00,49.00,45.00,1,1,0.5817,-1
74,23289,354.00,334.00,62.00,49.00,1,1,0.9762,-1
74,34569,425.00,62.00,64.00,45.00,1,1,0.9843,-1
74,51757,465.00,183.00,58.00,69.00,1,1,0.6996,-1
75,44781,458.00,281.00,6.00,8.00,1,7,0.3689,-1
75,27033,436.00,242.00,11.00,36.00,1,7,0.4484,-1
75,13315,451.00,294.00,22.00,21.00,1,1,1.0000,-1
75,64324,472.00,298.00,28.00,23.00,1,1,0.9863,-1
75,87014,746.00,213.00,36.00,23.00,1,1,1.0000,-1
75,64410,254.00,178.00,85.00,56.00,1,1,1.0000,-1
75,34364,276.00,227.00,48.00,44.00,1,1,0.5836,-1
75,23289,347.00,334.00,62.00,48.00,1,1,0.9764,-1
75,34569,419.00,62.00,64.00,45.00,1,1,0.9807,-1
75,51757,458.00,183.00,58.00,69.00,1,1,0.7026,-1
76,44781,456.00,281.00,6.00,8.00,1,7,0.3922,-1
76,27033,433.00,242.00,11.00,36.00,1,7,0.4413,-1
76,13315,449.00,293.00,22.00,22.00,1,1,1.0000,-1
76,64324,470.00,298.00,28.00,23.00,1,1,0.9841,-1
76,87014,743.00,213.00,37.00,24.00,1,1,1.0000,-1
76,64410,245.00,178.00,84.00,56.00,1,1,1.0000,-1
76,34364,268.00,227.00,49.00,44.00,1,1,0.5823,-1
76,23289,339.00,335.00,63.00,47.00,1,1,0.9788,-1
76,34569,413.00,62.00,63.00,45.00,1,1,0.9798,-1
76,51757,452.00,183.00,57.00,69.00,1,1,0.7046,-1
77,44781,454.00,280.00,7.00,9.00,1,7,0.4381,-1
77,27033,431.00,242.00,11.00,35.00,1,7,0.4379,-1
77,13315,446.00,293.00,22.00,22.00,1,1,1.0000,-1
77,64324,468.00,298.00,27.00,23.00,1,1,0.9920,-1
77,87014,741.00,214.00,37.00,23.00,1,1,1.0000,-1
77,64410,236.00,178.00,83.00,56.00,1,1,1.0000,-1
77,34364,260.00,228.00,49.00,43.00,1,1,0.5844,-1
77,23289,332.00,334.00,63.00,48.00,1,1,0.9802,-1
77,34569,407.00,62.00,62.00,45.00,1,1,0.9766,-1
77,51757,445.00,183.00,58.00,69.00,1,1,0.7037,-1
78,44781,452.00,280.00,7.00,9.00,1,7,0.4615,-1
78,27033,429.00,241.00,11.00,36.00,1,7,0.4397,-1
78,13315,444.00,293.00,22.00,22.00,1,1,1.0000,-1
78,64324,465.00,298.00,28.00,23.00,1,1,0.9862,-1
78,87014,738.00,214.00,37.00,23.00,1,1,1.0000,-1
78,64410,228.00,178.00,82.00,56.00,1,1,1.0000,-1
78,34364,252.00,228.00,49.00,43.00,1,1,0.5870,-1
78,23289,325.00,334.00,63.00,48.00,1,1,0.9814,-1
78,34569,401.00,62.00,62.00,45.00,1,1,0.9769,-1
78,51757,439.00,183.00,57.00,69.00,1,1,0.7074,-1
79,44781,450.00,280.00,7.00,9.00,1,7,0.5050,-1
79,27033,427.00,241.00,11.00,36.00,1,7,0.4340,-1
79,13315,441.00,293.00,23.00,22.00,1,1,1.0000,-1
79,64324,463.00,298.00,28.00,23.00,1,1,0.9860,-1
79,87014,736.00,214.00,37.00,24.00,1,1,1.0000,-1
79,64410,219.00,177.00,81.00,57.00,1,1,1.0000,-1
79,34364,244.00,228.00,49.00,43.00,1,1,0.5850,-1
79,23289,318.00,334.00,63.00,48.00,1,1,0.9837,-1
79,34569,395.00,62.00,62.00,45.00,1,1,0.9745,-1
79,51757,432.00,183.00,57.00,69.00,1,1,0.7135,-1
80,44781,448.00,280.00,7.00,9.00,1,7,0.5049,-1
80,27033,425.00,241.00,11.00,36.00,1,7,0.4322,-1
80,13315,439.00,293.00,22.00,22.00,1,1,1.0000,-1
80,64324,461.00,298.00,27.00,23.00,1,1,0.9920,-1
80,87014,734.00,215.00,36.00,23.00,1,1,1.0000,-1
80,64410,210.00,177.00,81.00,56.00,1,1,1.0000,-1
80,34364,236.00,228.00,49.00,42.00,1,1,0.5867,-1
80,23289,310.00,334.00,65.00,48.00,1,1,0.9854,-1
80,34569,389.00,62.00,61.00,45.00,1,1,0.9726,-1
80,51757,426.00,183.00,57.00,69.00,1,1,0.7318,-1
81,44781,445.00,280.00,8.00,9.00,1,7,0.5300,-1
81,27033,423.00,241.00,10.00,36.00,1,7,0.4153,-1
81,13315,436.00,293.00,23.00,22.00,1,1,1.0000,-1
81,64324,458.00,298.00,28.00,23.00,1,1,0.9880,-1
81,50353,462.00,318.00,0.00,0.00,1,7,0.0109,-1
81,87014,731.00,215.00,37.00,23.00,1,1,1.0000,-1
81,64410,201.00,177.00,80.00,56.00,1,1,1.0000,-1
81,34364,227.00,226.00,50.00,44.00,1,1,0.5872,-1
81,23289,303.00,334.00,65.00,48.00,1,1,0.9856,-1
81,34569,383.00,62.00,61.00,45.00,1,1,0.9716,-1
81,51757,419.00,183.00,57.00,69.00,1,1,0.7523,-1
82,44781,443.00,279.00,8.00,10.00,1,7,0.5686,-1
82,27033,421.00,242.00,20.00,35.00,1,7,0.4142,-1
82,13315,434.00,293.00,22.00,22.00,1,1,1.0000,-1
82,64324,456.00,298.00,27.00,23.00,1,1,0.9919,-1
82,50353,460.00,318.00,0.00,0.00,1,7,0.0106,-1
82,87014,729.00,215.00,37.00,23.00,1,1,1.0000,-1
82,64410,192.00,176.00,79.00,57.00,1,1,1.0000,-1
82,34364,219.00,225.00,50.00,45.00,1,1,0.5881,-1
82,23289,296.00,332.00,65.00,50.00,1,1,0.9862,-1
82,34569,377.00,61.00,60.00,46.00,1,1,0.9678,-1
82,51757,413.00,183.00,56.00,69.00,1,1,0.7760,-1
83,44781,441.00,279.00,8.00,10.00,1,7,0.6019,-1
83,27033,418.00,241.00,21.00,36.00,1,1,0.4118,-1
83,13315,431.00,293.00,23.00,22.00,1,1,1.0000,-1
83,64324,454.00,298.00,27.00,23.00,1,1,0.9899,-1
83,50353,457.00,318.00,1.00,2.00,1,7,0.0220,-1
83,87014,726.00,215.00,37.00,24.00,1,1,1.0000,-1
83,64410,183.00,176.00,79.00,57.00,1,1,1.0000,-1
83,34364,211.00,223.00,50.00,47.00,1,1,0.5923,-1
83,23289,288.00,332.00,66.00,49.00,1,1,0.9890,-1
83,34569,370.00,61.00,61.00,45.00,1,1,0.9668,-1
83,51757,406.00,183.00,57.00,69.00,1,1,0.8043,-1
84,44781,439.00,279.00,8.00,10.00,1,7,0.6275,-1
84,27033,416.00,242.00,21.00,35.00,1,1,0.3955,-1
84,13315,429.00,293.00,23.00,22.00,1,1,1.0000,-1
84,64324,451.00,298.00,27.00,23.00,1,1,0.9919,-1
84,50353,455.00,319.00,0.00,1.00,1,7,0.0220,-1
84,87014,724.00,215.00,37.00,24.00,1,1,1.0000,-1
84,64410,174.00,176.00,78.00,56.00,1,1,1.0000,-1
84,34364,202.00,222.00,51.00,47.00,1,1,0.5946,-1
84,23289,281.00,332.00,67.00,49.00,1,1,0.9901,-1
84,34569,364.00,61.00,60.00,45.00,1,1,0.9635,-1
84,51757,409.00,190.00,47.00,62.00,1,1,0.8254,-1
85,44781,437.00,279.00,8.00,10.00,1,7,0.6275,-1
85,27033,414.00,245.00,21.00,31.00,1,1,0.3588,-1
85,13315,426.00,293.00,23.00,22.00,1,1,1.0000,-1
85,64324,449.00,298.00,27.00,23.00,1,1,0.9919,-1
85,50353,453.00,317.00,1.00,3.00,1,7,0.0330,-1
85,87014,721.00,216.00,37.00,23.00,1,1,1.0000,-1
85,64410,165.00,176.00,78.00,56.00,1,1,1.0000,-1
85,34364,194.00,222.00,51.00,47.00,1,1,0.5973,-1
85,23289,273.00,331.00,68.00,50.00,1,1,0.9907,-1
85,34569,357.00,61.00,60.00,45.00,1,1,0.9614,-1
85,51757,401.00,190.00,48.00,61.00,1,1,0.8526,-1
86,44781,434.00,279.00,9.00,10.00,1,7,0.6700,-1
86,27033,412.00,247.00,20.00,29.00,1,7,0.3267,-1
86,13315,424.00,293.00,23.00,22.00,1,1,1.0000,-1
86,64324,446.00,297.00,27.00,24.00,1,1,0.9919,-1
86,50353,451.00,318.00,0.00,1.00,1,7,0.0211,-1
86,87014,718.00,216.00,37.00,23.00,1,1,1.0000,-1
86,64410,155.00,176.00,78.00,56.00,1,1,1.0000,-1
86,34364,185.00,220.00,52.00,49.00,1,1,0.6012,-1
86,23289,266.00,332.00,68.00,49.00,1,1,0.9928,-1
86,34569,351.00,61.00,59.00,45.00,1,1,0.9586,-1
86,51757,393.00,189.00,49.00,62.00,1,1,0.8745,-1
87,44781,432.00,279.00,8.00,10.00,1,7,0.7000,-1
87,27033,409.00,249.00,21.00,26.00,1,1,0.3000,-1
87,13315,421.00,293.00,23.00,22.00,1,1,1.0000,-1
87,64324,444.00,297.00,27.00,24.00,1,1,0.9939,-1
87,50353,448.00,318.00,1.00,2.00,1,7,0.0312,-1
87,87014,716.00,215.00,37.00,24.00,1,1,1.0000,-1
87,64410,145.00,176.00,78.00,56.00,1,1,1.0000,-1
87,34364,176.00,219.00,53.00,50.00,1,1,0.6070,-1
87,23289,258.00,331.00,69.00,50.00,1,1,0.9939,-1
87,34569,344.00,61.00,59.00,45.00,1,1,0.9561,-1
87,51757,385.00,188.00,50.00,63.00,1,1,0.8956,-1
88,44781,429.00,279.00,9.00,10.00,1,7,0.6863,-1
88,27033,407.00,251.00,21.00,24.00,1,1,0.2869,-1
88,13315,418.00,293.00,24.00,22.00,1,1,1.0000,-1
88,64324,441.00,297.00,27.00,24.00,1,1,0.9919,-1
88,50353,446.00,318.00,1.00,2.00,1,7,0.0326,-1
88,87014,713.00,215.00,37.00,24.00,1,1,1.0000,-1
88,64410,136.00,176.00,77.00,56.00,1,1,1.0000,-1
88,34364,168.00,214.00,52.00,55.00,1,1,0.6136,-1
88,23289,251.00,331.00,69.00,50.00,1,1,0.9945,-1
88,34569,337.00,61.00,59.00,45.00,1,1,0.9518,-1
88,51757,377.00,188.00,51.00,63.00,1,1,0.9153,-1
89,44781,427.00,279.00,9.00,10.00,1,7,0.7525,-1
89,27033,405.00,247.00,20.00,28.00,1,7,0.2817,-1
89,13315,416.00,293.00,23.00,22.00,1,1,1.0000,-1
89,64324,439.00,298.00,27.00,23.00,1,1,0.9938,-1
89,50353,444.00,317.00,1.00,3.00,1,7,0.0556,-1
89,87014,710.00,215.00,37.00,23.00,1,1,1.0000,-1
89,64410,126.00,176.00,77.00,56.00,1,1,1.0000,-1
89,34364,159.00,213.00,53.00,56.00,1,1,0.6212,-1
89,23289,243.00,331.00,70.00,50.00,1,1,0.9955,-1
89,34569,331.00,61.00,58.00,45.00,1,1,0.9496,-1
89,51757,368.00,187.00,53.00,64.00,1,1,0.9371,-1
90,44781,424.00,279.00,10.00,10.00,1,7,0.7500,-1
90,27033,402.00,246.00,21.00,29.00,1,1,0.2743,-1
90,13315,413.00,293.00,23.00,22.00,1,1,1.0000,-1
90,64324,436.00,298.00,27.00,23.00,1,1,0.9939,-1
90,50353,441.00,318.00,1.00,2.00,1,7,0.0417,-1
90,87014,707.00,215.00,37.00,23.00,1,1,1.0000,-1
90,64410,116.00,176.00,78.00,57.00,1,1,1.0000,-1
90,34364,150.00,213.00,54.00,57.00,1,1,0.6276,-1
90,23289,235.00,331.00,71.00,50.00,1,1,0.9960,-1
90,34569,324.00,61.00,57.00,46.00,1,1,0.9474,-1
90,51757,360.00,187.00,54.00,64.00,1,1,0.9552,-1
91,44781,422.00,279.00,9.00,10.00,1,7,0.7864,-1
91,27033,400.00,243.00,20.00,31.00,1,7,0.3080,-1
91,13315,410.00,293.00,24.00,22.00,1,1,1.0000,-1
91,64324,433.00,298.00,27.00,23.00,1,1,0.9939,-1
91,50353,439.00,318.00,1.00,2.00,1,7,0.0421,-1
91,87014,704.00,215.00,38.00,23.00,1,1,1.0000,-1
91,64410,106.00,176.00,78.00,57.00,1,1,1.0000,-1
91,34364,141.00,211.00,54.00,59.00,1,1,0.6360,-1
91,23289,227.00,331.00,72.00,51.00,1,1,0.9961,-1
91,34569,317.00,61.00,57.00,46.00,1,1,0.9426,-1
91,51757,352.00,187.00,55.00,65.00,1,1,0.9690,-1
92,44781,419.00,279.00,10.00,10.00,1,7,0.8100,-1
92,27033,397.00,242.00,21.00,32.00,1,1,0.3544,-1
92,13315,407.00,293.00,24.00,22.00,1,1,1.0000,-1
92,64324,431.00,298.00,27.00,23.00,1,1,0.9959,-1
92,50353,436.00,318.00,2.00,3.00,1,7,0.0549,-1
92,87014,701.00,214.00,38.00,24.00,1,1,1.0000,-1
92,64410,96.00,177.00,78.00,56.00,1,1,1.0000,-1
92,34364,132.00,210.00,55.00,60.00,1,1,0.6468,-1
92,23289,220.00,332.00,72.00,50.00,1,1,0.9971,-1
92,34569,309.00,62.00,57.00,45.00,1,1,0.9394,-1
92,51757,344.00,187.00,56.00,65.00,1,1,0.9812,-1
93,44781,417.00,279.00,10.00,10.00,1,7,0.8317,-1
93,27033,395.00,242.00,20.00,32.00,1,7,0.3596,-1
93,13315,405.00,293.00,23.00,22.00,1,1,1.0000,-1
93,64324,428.00,298.00,27.00,23.00,1,1,0.9959,-1
93,50353,434.00,318.00,2.00,3.00,1,7,0.0659,-1
93,87014,699.00,214.00,37.00,23.00,1,1,1.0000,-1
93,64410,85.00,177.00,79.00,57.00,1,1,1.0000,-1
93,34364,123.00,209.00,55.00,62.00,1,1,0.6533,-1
93,23289,212.00,332.00,73.00,50.00,1,1,0.9966,-1
93,34569,302.00,62.00,57.00,45.00,1,1,0.9356,-1
93,51757,337.00,186.00,56.00,66.00,1,1,0.9912,-1
94,44781,414.00,279.00,11.00,10.00,1,7,0.8447,-1
94,27033,392.00,242.00,21.00,31.00,1,1,0.3539,-1
94,13315,402.00,293.00,23.00,22.00,1,1,1.0000,-1
94,64324,425.00,298.00,27.00,23.00,1,1,0.9979,-1
94,50353,432.00,318.00,1.00,2.00,1,7,0.0538,-1
94,87014,696.00,214.00,37.00,23.00,1,1,1.0000,-1
94,64410,75.00,178.00,79.00,56.00,1,1,1.0000,-1
94,34364,114.00,209.00,56.00,62.00,1,1,0.6642,-1
94,23289,205.00,332.00,73.00,50.00,1,1,0.9967,-1
94,34569,295.00,62.00,56.00,45.00,1,1,0.9325,-1
94,51757,330.00,185.00,56.00,67.00,1,1,0.9954,-1
95,44781,412.00,279.00,10.00,10.00,1,7,0.8788,-1
95,27033,390.00,242.00,20.00,31.00,1,7,0.3459,-1
95,13315,399.00,294.00,24.00,21.00,1,1,1.0000,-1
95,64324,423.00,298.00,27.00,23.00,1,1,0.9959,-1
95,50353,429.00,318.00,2.00,3.00,1,7,0.0549,-1
95,87014,693.00,214.00,37.00,23.00,1,1,1.0000,-1
95,64410,65.00,178.00,79.00,56.00,1,1,1.0000,-1
95,34364,105.00,208.00,56.00,64.00,1,1,0.6733,-1
95,23289,197.00,333.00,74.00,50.00,1,1,0.9972,-1
95,34569,288.00,62.00,56.00,45.00,1,1,0.9264,-1
95,51757,322.00,185.00,56.00,67.00,1,1,0.9975,-1
96,44781,409.00,280.00,11.00,9.00,1,7,0.8776,-1
96,27033,387.00,242.00,21.00,39.00,1,1,0.3408,-1
96,13315,396.00,294.00,24.00,22.00,1,1,1.0000,-1
96,64324,420.00,298.00,27.00,23.00,1,1,0.9959,-1
96,50353,427.00,319.00,1.00,2.00,1,7,0.0444,-1
96,87014,690.00,213.00,37.00,24.00,1,1,1.0000,-1
96,64410,55.00,179.00,79.00,56.00,1,1,1.0000,-1
96,34364,96.00,208.00,57.00,64.00,1,1,0.6839,-1
96,23289,189.00,333.00,75.00,50.00,1,1,0.9981,-1
96,34569,281.00,62.00,55.00,46.00,1,1,0.9233,-1
96,51757,315.00,184.00,56.00,68.00,1,1,0.9992,-1
97,44781,407.00,280.00,11.00,9.00,1,7,0.8990,-1
97,27033,384.00,242.00,21.00,40.00,1,1,0.3259,-1
97,13315,394.00,294.00,24.00,22.00,1,1,1.0000,-1
97,64324,418.00,298.00,26.00,24.00,1,1,0.9979,-1
97,50353,425.00,319.00,1.00,2.00,1,7,0.0538,-1
97,87014,687.00,213.00,38.00,23.00,1,1,1.0000,-1
97,64410,45.00,179.00,79.00,56.00,1,1,1.0000,-1
97,34364,87.00,208.00,58.00,64.00,1,1,0.6935,-1
97,23289,182.00,333.00,76.00,50.00,1,1,0.9972,-1
97,34569,274.00,63.00,55.00,45.00,1,1,0.9204,-1
97,51757,308.00,184.00,56.00,68.00,1,1,1.0000,-1
98,44781,404.00,280.00,11.00,9.00,1,7,0.9091,-1
98,27033,382.00,243.00,21.00,41.00,1,1,0.3301,-1
98,13315,391.00,294.00,24.00,22.00,1,1,1.0000,-1
98,64324,415.00,298.00,27.00,24.00,1,1,0.9939,-1
98,50353,422.00,319.00,2.00,3.00,1,7,0.0745,-1
98,87014,684.00,213.00,38.00,23.00,1,1,1.0000,-1
98,64410,35.00,180.00,79.00,56.00,1,1,1.0000,-1
98,34364,79.00,209.00,58.00,64.00,1,1,0.7009,-1
98,23289,174.00,334.00,76.00,49.00,1,1,0.9972,-1
98,34569,267.00,63.00,55.00,45.00,1,1,0.9156,-1
98,51757,301.00,184.00,56.00,68.00,1,1,1.0000,-1
99,44781,402.00,280.00,11.00,10.00,1,7,0.9300,-1
99,27033,380.00,242.00,20.00,43.00,1,7,0.3133,-1
99,13315,388.00,294.00,24.00,22.00,1,1,1.0000,-1
99,64324,412.00,298.00,27.00,24.00,1,1,1.0000,-1
99,50353,420.00,319.00,1.00,3.00,1,7,0.0638,-1
99,87014,681.00,213.00,38.00,23.00,1,1,1.0000,-1
99,64410,25.00,180.00,80.00,56.00,1,1,1.0000,-1
99,34364,70.00,209.00,58.00,64.00,1,1,0.7129,-1
99,23289,166.00,334.00,78.00,50.00,1,1,0.9972,-1
99,34569,260.00,63.00,55.00,45.00,1,1,0.9124,-1
99,51757,293.00,184.00,57.00,69.00,1,1,1.0000,-1
100,44781,400.00,280.00,11.00,10.00,1,7,0.9400,-1
100,27033,377.00,243.00,21.00,43.00,1,1,0.3060,-1
100,13315,386.00,294.00,24.00,22.00,1,1,1.0000,-1
100,64324,410.00,298.00,26.00,24.00,1,1,0.9959,-1
100,50353,417.00,319.00,2.00,3.00,1,7,0.0745,-1
100,87014,679.00,213.00,37.00,23.00,1,1,1.0000,-1
100,64410,15.00,180.00,80.00,56.00,1,1,1.0000,-1
100,34364,61.00,209.00,59.00,64.00,1,1,0.7226,-1
100,23289,159.00,334.00,78.00,50.00,1,1,0.9982,-1
100,34569,253.00,63.00,55.00,45.00,1,1,0.9065,-1
100,51757,286.00,184.00,57.00,69.00,1,1,1.0000,-1
101,44781,397.00,280.00,12.00,10.00,1,7,0.9604,-1
101,27033,375.00,242.00,21.00,44.00,1,1,0.2929,-1
101,13315,383.00,294.00,24.00,22.00,1,1,1.0000,-1
101,64324,407.00,298.00,27.00,24.00,1,1,1.0000,-1
101,50353,415.00,319.00,2.00,3.00,1,7,0.0729,-1
101,87014,676.00,213.00,37.00,23.00,1,1,1.0000,-1
101,64410,5.00,180.00,80.00,56.00,1,1,1.0000,-1
101,34364,52.00,209.00,60.00,64.00,1,1,0.7322,-1
101,23289,151.00,334.00,79.00,50.00,1,1,0.9977,-1
101,34569,247.00,63.00,54.00,45.00,1,1,0.8991,-1
101,51757,280.00,185.00,56.00,68.00,1,1,1.0000,-1
102,44781,395.00,280.00,12.00,10.00,1,7,0.9706,-1
102,27033,373.00,242.00,20.00,43.00,1,7,0.2841,-1
102,13315,380.00,294.00,25.00,22.00,1,1,1.0000,-1
102,64324,405.00,298.00,26.00,24.00,1,1,0.9959,-1
102,50353,413.00,320.00,2.00,2.00,1,7,0.0638,-1
102,87014,673.00,213.00,38.00,23.00,1,1,1.0000,-1
102,64410,0.00,180.00,76.00,56.00,1,1,1.0000,-1
102,34364,44.00,209.00,60.00,64.00,1,1,0.7412,-1
102,23289,144.00,334.00,80.00,50.00,1,1,0.9973,-1
102,34569,240.00,63.00,54.00,45.00,1,1,0.8933,-1
102,51757,273.00,184.00,56.00,69.00,1,1,1.0000,-1
103,44781,393.00,280.00,12.00,10.00,1,7,0.9703,-1
103,27033,370.00,243.00,21.00,41.00,1,1,0.2744,-1
103,13315,378.00,294.00,24.00,22.00,1,1,1.0000,-1
103,64324,402.00,298.00,27.00,24.00,1,1,1.0000,-1
103,50353,411.00,320.00,2.00,2.00,1,7,0.0632,-1
103,87014,671.00,213.00,37.00,23.00,1,1,1.0000,-1
103,64410,0.00,180.00,66.00,56.00,1,1,1.0000,-1
103,34364,35.00,208.00,61.00,65.00,1,1,0.7505,-1
103,23289,136.00,334.00,81.00,50.00,1,1,0.9973,-1
103,34569,233.00,63.00,54.00,45.00,1,1,0.8831,-1
103,51757,266.00,184.00,57.00,69.00,1,1,1.0000,-1
104,44781,391.00,280.00,12.00,10.00,1,7,0.9505,-1
104,27033,368.00,242.00,21.00,44.00,1,1,0.2670,-1
104,13315,375.00,294.00,25.00,22.00,1,1,1.0000,-1
104,64324,400.00,298.00,26.00,24.00,1,1,0.9958,-1
104,50353,408.00,319.00,2.00,3.00,1,7,0.0745,-1
104,87014,668.00,213.00,38.00,23.00,1,1,1.0000,-1
104,64410,0.00,180.00,57.00,56.00,1,1,1.0000,-1
104,34364,27.00,207.00,61.00,66.00,1,1,0.7591,-1
104,23289,129.00,334.00,81.00,50.00,1,1,0.9982,-1
104,34569,227.00,63.00,53.00,45.00,1,1,0.8728,-1
104,51757,259.00,184.00,57.00,69.00,1,1,1.0000,-1
105,44781,389.00,280.00,11.00,9.00,1,7,0.9375,-1
105,27033,366.00,242.00,21.00,44.00,1,1,0.2569,-1
105,13315,373.00,294.00,24.00,22.00,1,1,1.0000,-1
105,64324,398.00,298.00,26.00,24.00,1,1,1.0000,-1
105,50353,406.00,320.00,2.00,2.00,1,7,0.0745,-1
105,87014,666.00,213.00,38.00,24.00,1,1,1.0000,-1
105,64410,0.00,180.00,48.00,56.00,1,1,1.0000,-1
105,34364,19.00,207.00,62.00,66.00,1,1,0.7663,-1
105,23289,122.00,334.00,82.00,49.00,1,1,0.9978,-1
105,34569,220.00,63.00,54.00,45.00,1,1,0.8607,-1
105,51757,253.00,184.00,56.00,69.00,1,1,1.0000,-1
106,44781,387.00,280.00,11.00,9.00,1,7,0.9278,-1
106,27033,364.00,242.00,21.00,43.00,1,1,0.2507,-1
106,13315,370.00,294.00,25.00,22.00,1,1,1.0000,-1
106,64324,395.00,298.00,26.00,24.00,1,1,0.9979,-1
106,50353,404.00,320.00,2.00,1.00,1,7,0.0435,-1
106,87014,663.00,214.00,38.00,23.00,1,1,1.0000,-1
106,64410,0.00,182.00,38.00,53.00,1,1,1.0000,-1
106,34364,10.00,206.00,63.00,66.00,1,1,0.7775,-1
106,23289,114.00,333.00,83.00,50.00,1,1,0.9974,-1
106,34569,214.00,63.00,53.00,45.00,1,1,0.8483,-1
106,51757,246.00,184.00,57.00,68.00,1,1,1.0000,-1
107,44781,385.00,279.00,11.00,10.00,1,7,0.9271,-1
107,27033,362.00,241.00,21.00,44.00,1,1,0.2462,-1
107,13315,368.00,294.00,24.00,21.00,1,1,1.0000,-1
107,64324,393.00,298.00,26.00,24.00,1,1,1.0000,-1
107,50353,402.00,320.00,1.00,1.00,1,7,0.0435,-1
107,87014,661.00,214.00,38.00,23.00,1,1,1.0000,-1
107,64410,0.00,185.00,29.00,50.00,1,1,1.0000,-1
107,34364,2.00,205.00,63.00,67.00,1,1,0.7881,-1
107,23289,107.00,333.00,84.00,50.00,1,1,0.9978,-1
107,34569,208.00,62.00,53.00,45.00,1,1,0.8311,-1
107,51757,239.00,184.00,57.00,68.00,1,1,1.0000,-1
108,44781,383.00,279.00,11.00,10.00,1,7,0.8911,-1
108,27033,360.00,241.00,21.00,43.00,1,1,0.2375,-1
108,13315,365.00,293.00,25.00,22.00,1,1,1.0000,-1
108,64324,391.00,298.00,26.00,23.00,1,1,1.0000,-1
108,50353,400.00,320.00,1.00,1.00,1,7,0.0435,-1
108,87014,658.00,214.00,38.00,23.00,1,1,1.0000,-1
108,64410,0.00,189.00,20.00,44.00,1,7,1.0000,-1
108,34364,0.00,204.00,57.00,67.00,1,1,0.8441,-1
108,23289,100.00,333.00,84.00,49.00,1,1,0.9974,-1
108,34569,202.00,62.00,52.00,44.00,1,1,0.8158,-1
108,51757,233.00,183.00,57.00,69.00,1,1,1.0000,-1
109,44781,381.00,279.00,11.00,10.00,1,7,0.8713,-1
109,27033,357.00,241.00,21.00,43.00,1,1,0.2254,-1
109,13315,363.00,293.00,25.00,22.00,1,1,1.0000,-1
109,64324,388.00,298.00,26.00,23.00,1,1,1.0000,-1
109,50353,398.00,319.00,1.00,2.00,1,7,0.0543,-1
109,87014,656.00,214.00,38.00,23.00,1,1,1.0000,-1
109,64410,0.00,196.00,11.00,33.00,1,7,1.0000,-1
109,34364,0.00,203.00,50.00,68.00,1,1,0.9119,-1
109,23289,93.00,332.00,85.00,50.00,1,1,0.9975,-1
109,34569,196.00,62.00,52.00,44.00,1,1,0.7979,-1
109,51757,226.00,183.00,57.00,69.00,1,1,1.0000,-1
110,44781,379.00,279.00,11.00,10.00,1,7,0.8384,-1
110,27033,355.00,241.00,21.00,43.00,1,1,0.2231,-1
110,13315,360.00,293.00,25.00,22.00,1,1,1.0000,-1
110,64324,386.00,298.00,26.00,23.00,1,1,1.0000,-1
110,50353,395.00,320.00,2.00,1.00,1,7,0.0532,-1
110,87014,653.00,214.00,39.00,24.00,1,1,1.0000,-1
110,64410,0.00,208.00,2.00,14.00,1,7,1.0000,-1
110,34364,0.00,203.00,42.00,67.00,1,1,0.9932,-1
110,23289,85.00,332.00,86.00,50.00,1,1,0.9979,-1
110,34569,189.00,61.00,52.00,44.00,1,1,0.7784,-1
110,51757,220.00,183.00,56.00,68.00,1,1,1.0000,-1
111,44781,377.00,279.00,11.00,10.00,1,7,0.8265,-1
111,27033,353.00,239.00,21.00,46.00,1,1,0.2270,-1
111,13315,358.00,293.00,25.00,22.00,1,1,1.0000,-1
111,64324,384.00,297.00,25.00,24.00,1,1,1.0000,-1
111,50353,393.00,320.00,2.00,1.00,1,7,0.0426,-1
111,87014,651.00,215.00,38.00,23.00,1,1,1.0000,-1
111,34364,0.00,205.00,34.00,64.00,1,1,1.0000,-1
111,23289,78.00,331.00,87.00,50.00,1,1,0.9983,-1
111,34569,183.00,61.00,52.00,43.00,1,1,0.7610,-1
111,51757,213.00,182.00,57.00,69.00,1,1,1.0000,-1
112,44781,376.00,279.00,10.00,9.00,1,7,0.7938,-1
112,27033,351.00,239.00,21.00,46.00,1,1,0.2257,-1
112,13315,355.00,293.00,26.00,22.00,1,1,1.0000,-1
112,64324,381.00,297.00,26.00,24.00,1,1,0.9979,-1
112,50353,391.00,320.00,2.00,1.00,1,7,0.0515,-1
112,87014,648.00,215.00,39.00,23.00,1,1,1.0000,-1
112,34364,0.00,207.00,27.00,62.00,1,1,1.0000,-1
112,23289,71.00,331.00,87.00,50.00,1,1,0.9979,-1
112,34569,177.00,61.00,51.00,42.00,1,1,0.7391,-1
112,51757,206.00,182.00,57.00,69.00,1,1,1.0000,-1
113,44781,374.00,279.00,9.00,9.00,1,7,0.7789,-1
113,27033,349.00,239.00,21.00,45.00,1,1,0.2233,-1
113,13315,353.00,293.00,25.00,22.00,1,1,1.0000,-1
113,64324,379.00,297.00,25.00,24.00,1,1,1.0000,-1
113,50353,389.00,320.00,1.00,1.00,1,7,0.0312,-1
113,87014,646.00,215.00,39.00,23.00,1,1,1.0000,-1
113,34364,0.00,213.00,19.00,55.00,1,7,1.0000,-1
113,23289,63.00,330.00,88.00,50.00,1,1,0.9984,-1
113,34569,171.00,60.00,51.00,42.00,1,1,0.7164,-1
113,51757,199.00,182.00,58.00,69.00,1,1,1.0000,-1
114,44781,372.00,279.00,9.00,9.00,1,7,0.7579,-1
114,27033,347.00,238.00,21.00,45.00,1,1,0.2225,-1
114,13315,350.00,293.00,26.00,21.00,1,1,1.0000,-1
114,64324,376.00,297.00,26.00,24.00,1,1,1.0000,-1
114,50353,387.00,320.00,0.00,1.00,1,7,0.0211,-1
114,87014,643.00,215.00,39.00,23.00,1,1,1.0000,-1
114,34364,0.00,223.00,11.00,43.00,1,7,1.0000,-1
114,23289,56.00,330.00,89.00,50.00,1,1,0.9976,-1
114,34569,164.00,60.00,50.00,42.00,1,1,0.6951,-1
114,51757,193.00,182.00,57.00,68.00,1,1,0.9996,-1
115,44781,370.00,278.00,9.00,10.00,1,7,0.7396,-1
115,27033,344.00,239.00,21.00,44.00,1,1,0.2135,-1
115,13315,348.00,293.00,25.00,21.00,1,1,1.0000,-1
115,64324,374.00,297.00,26.00,24.00,1,1,1.0000,-1
115,50353,385.00,320.00,0.00,1.00,1,7,0.0208,-1
115,87014,641.00,215.00,39.00,23.00,1,1,1.0000,-1
115,34364,0.00,232.00,3.00,24.00,1,7,1.0000,-1
115,23289,49.00,330.00,89.00,50.00,1,1,0.9984,-1
115,34569,157.00,60.00,50.00,41.00,1,1,0.6709,-1
115,51757,186.00,181.00,57.00,69.00,1,1,1.0000,-1
116,44781,368.00,278.00,8.00,10.00,1,7,0.6907,-1
116,27033,342.00,239.00,21.00,45.00,1,1,0.2387,-1
116,13315,345.00,292.00,26.00,22.00,1,1,1.0000,-1
116,64324,371.00,297.00,26.00,24.00,1,1,1.0000,-1
116,50353,383.00,320.00,0.00,0.00,1,7,0.0106,-1
116,87014,638.00,215.00,39.00,23.00,1,1,1.0000,-1
116,23289,41.00,330.00,91.00,50.00,1,1,0.9976,-1
116,34569,151.00,60.00,48.00,41.00,1,1,0.6482,-1
116,51757,179.00,181.00,57.00,69.00,1,1,1.0000,-1
117,44781,366.00,278.00,8.00,10.00,1,7,0.6701,-1
117,27033,340.00,238.00,21.00,46.00,1,1,0.2493,-1
117,13315,342.00,292.00,26.00,22.00,1,1,1.0000,-1
117,64324,369.00,297.00,25.00,24.00,1,1,1.0000,-1
117,50353,380.00,320.00,0.00,0.00,1,7,0.0106,-1
117,87014,636.00,215.00,38.00,23.00,1,1,1.0000,-1
117,23289,34.00,329.00,91.00,51.00,1,1,0.9976,-1
117,34569,144.00,60.00,48.00,40.00,1,1,0.6234,-1
117,51757,172.00,181.00,58.00,69.00,1,1,1.0000,-1
118,44781,363.00,278.00,8.00,9.00,1,7,0.6186,-1
118,27033,337.00,239.00,22.00,44.00,1,1,0.2335,-1
118,13315,340.00,292.00,26.00,22.00,1,1,1.0000,-1
118,64324,366.00,297.00,26.00,24.00,1,1,1.0000,-1
118,50353,378.00,320.00,0.00,1.00,1,7,0.0217,-1
118,87014,633.00,215.00,39.00,23.00,1,1,1.0000,-1
118,23289,26.00,330.00,92.00,50.00,1,1,0.9972,-1
118,34569,137.00,60.00,47.00,40.00,1,1,0.5986,-1
118,51757,165.00,181.00,58.00,69.00,1,1,1.0000,-1
119,44781,361.00,278.00,8.00,9.00,1,7,0.6042,-1
119,27033,335.00,238.00,21.00,46.00,1,1,0.2561,-1
119,13315,337.00,293.00,26.00,21.00,1,1,1.0000,-1
119,64324,364.00,297.00,25.00,24.00,1,1,1.0000,-1
119,50353,376.00,321.00,0.00,0.00,1,7,0.0104,-1
119,87014,630.00,215.00,39.00,23.00,1,1,1.0000,-1
119,23289,19.00,330.00,93.00,50.00,1,1,0.9980,-1
119,34569,130.00,60.00,46.00,45.00,1,1,0.5746,-1
119,51757,157.00,181.00,59.00,69.00,1,1,1.0000,-1
120,44781,359.00,279.00,8.00,8.00,1,7,0.5567,-1
120,27033,333.00,237.00,21.00,47.00,1,1,0.2726,-1
120,13315,334.00,293.00,26.00,22.00,1,1,1.0000,-1
120,64324,361.00,297.00,26.00,24.00,1,1,1.0000,-1
120,50353,374.00,321.00,0.00,0.00,1,7,0.0105,-1
120,87014,627.00,215.00,39.00,23.00,1,1,1.0000,-1
120,23289,11.00,330.00,93.00,50.00,1,1,0.9977,-1
120,34569,123.00,60.00,46.00,46.00,1,1,0.5521,-1
120,51757,150.00,182.00,59.00,69.00,1,1,1.0000,-1
121,44781,357.00,279.00,7.00,8.00,1,7,0.5204,-1
121,27033,330.00,238.00,21.00,47.00,1,1,0.2923,-1
121,13315,332.00,293.00,26.00,22.00,1,1,1.0000,-1
121,64324,359.00,297.00,25.00,24.00,1,1,1.0000,-1
121,50353,371.00,321.00,0.00,0.00,1,7,0.0106,-1
121,87014,624.00,215.00,39.00,23.00,1,1,1.0000,-1
121,23289,3.00,331.00,95.00,50.00,1,1,0.9981,-1
121,34569,116.00,61.00,44.00,45.00,1,1,0.5291,-1
121,51757,143.00,182.00,58.00,69.00,1,1,1.0000,-1
122,44781,355.00,279.00,7.00,8.00,1,7,0.5052,-1
122,27033,328.00,238.00,21.00,46.00,1,1,0.3052,-1
122,13315,329.00,293.00,26.00,22.00,1,1,0.9979,-1
122,64324,356.00,297.00,25.00,24.00,1,1,1.0000,-1
122,87014,621.00,214.00,40.00,24.00,1,1,1.0000,-1
122,23289,0.00,331.00,91.00,50.00,1,1,0.9988,-1
122,34569,109.00,61.00,43.00,45.00,1,1,0.5064,-1
122,51757,136.00,182.00,58.00,69.00,1,1,1.0000,-1
123,44781,352.00,279.00,7.00,8.00,1,7,0.4639,-1
123,27033,325.00,238.00,21.00,46.00,1,1,0.3210,-1
123,13315,326.00,293.00,26.00,22.00,1,1,1.0000,-1
123,64324,353.00,298.00,26.00,23.00,1,1,1.0000,-1
123,87014,619.00,214.00,39.00,23.00,1,1,1.0000,-1
123,23289,0.00,334.00,84.00,48.00,1,1,1.0000,-1
123,34569,102.00,61.00,42.00,45.00,1,1,0.4831,-1
123,51757,128.00,183.00,59.00,68.00,1,1,1.0000,-1
124,44781,350.00,279.00,6.00,8.00,1,7,0.4356,-1
124,27033,326.00,238.00,18.00,47.00,1,7,0.3356,-1
124,13315,323.00,293.00,27.00,22.00,1,1,0.9979,-1
124,64324,351.00,298.00,25.00,23.00,1,1,1.0000,-1
124,87014,616.00,214.00,39.00,23.00,1,1,1.0000,-1
124,23289,0.00,336.00,77.00,46.00,1,1,1.0000,-1
124,34569,94.00,62.00,42.00,45.00,1,1,0.4650,-1
124,51757,121.00,183.00,59.00,69.00,1,1,1.0000,-1
125,44781,348.00,279.00,6.00,8.00,1,7,0.3958,-1
125,27033,323.00,238.00,18.00,46.00,1,7,0.3441,-1
125,13315,321.00,294.00,26.00,21.00,1,1,1.0000,-1
125,64324,348.00,298.00,25.00,23.00,1,1,1.0000,-1
125,87014,613.00,214.00,39.00,23.00,1,1,1.0000,-1
125,23289,0.00,344.00,70.00,39.00,1,1,1.0000,-1
125,34569,87.00,62.00,40.00,45.00,1,1,0.4431,-1
125,51757,113.00,184.00,60.00,68.00,1,1,1.0000,-1
126,44781,346.00,280.00,5.00,7.00,1,7,0.3723,-1
126,27033,321.00,238.00,18.00,47.00,1,7,0.3672,-1
126,13315,318.00,294.00,27.00,22.00,1,1,0.9979,-1
126,64324,345.00,298.00,26.00,24.00,1,1,1.0000,-1
126,87014,610.00,214.00,39.00,23.00,1,1,1.0000,-1
126,23289,0.00,345.00,64.00,38.00,1,1,1.0000,-1
126,34569,80.00,63.00,40.00,44.00,1,1,0.4210,-1
126,51757,106.00,184.00,60.00,69.00,1,1,1.0000,-1
127,44781,343.00,280.00,6.00,7.00,1,7,0.3163,-1
127,27033,318.00,239.00,18.00,44.00,1,7,0.3699,-1
127,13315,315.00,294.00,27.00,22.00,1,1,1.0000,-1
127,64324,343.00,298.00,25.00,24.00,1,1,1.0000,-1
127,87014,607.00,214.00,39.00,23.00,1,1,1.0000,-1
127,23289,0.00,346.00,57.00,38.00,1,1,1.0000,-1
127,34569,73.00,63.00,41.00,44.00,1,1,0.4021,-1
127,51757,99.00,185.00,59.00,68.00,1,1,0.9996,-1
128,44781,341.00,280.00,5.00,7.00,1,7,0.3131,-1
128,27033,315.00,238.00,19.00,48.00,1,7,0.3989,-1
128,13315,312.00,294.00,27.00,22.00,1,1,1.0000,-1
128,64324,340.00,298.00,25.00,24.00,1,1,1.0000,-1
128,87014,604.00,214.00,39.00,23.00,1,1,0.9986,-1
128,23289,0.00,349.00,50.00,35.00,1,1,1.0000,-1
128,34569,66.00,64.00,41.00,43.00,1,1,0.3828,-1
128,51757,91.00,185.00,60.00,68.00,1,1,1.0000,-1
129,44781,339.00,280.00,4.00,7.00,1,7,0.2673,-1
129,27033,312.00,238.00,19.00,44.00,1,7,0.3984,-1
129,13315,310.00,294.00,27.00,22.00,1,1,1.0000,-1
129,64324,337.00,299.00,26.00,23.00,1,1,1.0000,-1
129,87014,601.00,213.00,40.00,24.00,1,1,1.0000,-1
129,23289,0.00,353.00,43.00,32.00,1,1,1.0000,-1
129,34569,58.00,64.00,42.00,43.00,1,1,0.3652,-1
129,51757,84.00,185.00,60.00,69.00,1,1,1.0000,-1
130,44781,337.00,280.00,4.00,6.00,1,7,0.2525,-1
130,27033,310.00,238.00,19.00,48.00,1,7,0.4196,-1
130,13315,307.00,294.00,27.00,22.00,1,1,1.0000,-1
130,64324,335.00,299.00,25.00,23.00,1,1,1.0000,-1
130,87014,598.00,213.00,40.00,24.00,1,1,1.0000,-1
130,23289,0.00,355.00,36.00,29.00,1,1,1.0000,-1
130,34569,52.00,64.00,42.00,42.00,1,1,0.3464,-1
130,51757,77.00,185.00,60.00,69.00,1,1,1.0000,-1
131,44781,335.00,280.00,3.00,6.00,1,7,0.2062,-1
131,27033,307.00,238.00,20.00,46.00,1,7,0.4324,-1
131,13315,304.00,295.00,27.00,21.00,1,1,1.0000,-1
131,64324,332.00,299.00,25.00,23.00,1,1,1.0000,-1
131,87014,596.00,213.00,40.00,24.00,1,1,1.0000,-1
131,23289,0.00,356.00,30.00,27.00,1,1,1.0000,-1
131,34569,45.00,64.00,43.00,42.00,1,1,0.3299,-1
131,51757,70.00,186.00,60.00,68.00,1,1,1.0000,-1
132,44781,333.00,280.00,3.00,6.00,1,7,0.1875,-1
132,27033,304.00,238.00,20.00,44.00,1,7,0.4337,-1
132,13315,302.00,295.00,27.00,21.00,1,1,0.9980,-1
132,64324,330.00,299.00,25.00,23.00,1,1,1.0000,-1
132,87014,593.00,213.00,40.00,24.00,1,1,1.0000,-1
132,23289,0.00,356.00,23.00,26.00,1,1,1.0000,-1
132,34569,38.00,64.00,44.00,41.00,1,1,0.3134,-1
132,51757,63.00,186.00,60.00,68.00,1,1,1.0000,-1
133,44781,331.00,280.00,2.00,5.00,1,7,0.1354,-1
133,27033,302.00,238.00,20.00,47.00,1,7,0.4532,-1
133,13315,299.00,294.00,27.00,22.00,1,1,1.0000,-1
133,64324,327.00,299.00,25.00,23.00,1,1,1.0000,-1
133,87014,590.00,213.00,40.00,24.00,1,1,1.0000,-1
133,23289,0.00,356.00,16.00,25.00,1,7,1.0000,-1
133,34569,32.00,64.00,44.00,41.00,1,1,0.2976,-1
133,51757,56.00,186.00,61.00,68.00,1,1,1.0000,-1
134,44781,329.00,280.00,2.00,5.00,1,7,0.1134,-1
134,27033,299.00,238.00,21.00,47.00,1,1,0.4673,-1
134,13315,297.00,294.00,27.00,22.00,1,1,0.9980,-1
134,64324,325.00,299.00,25.00,23.00,1,1,1.0000,-1
134,50353,346.00,321.00,0.00,0.00,1,7,0.0104,-1
134,87014,588.00,214.00,40.00,23.00,1,1,1.0000,-1
134,23289,0.00,360.00,10.00,16.00,1,7,1.0000,-1
134,34569,25.00,64.00,45.00,40.00,1,1,0.2834,-1
134,51757,49.00,185.00,61.00,69.00,1,1,1.0000,-1
135,44781,327.00,280.00,2.00,5.00,1,7,0.0938,-1
135,27033,297.00,238.00,21.00,43.00,1,1,0.4652,-1
135,13315,294.00,294.00,28.00,22.00,1,1,1.0000,-1
135,64324,322.00,299.00,25.00,23.00,1,1,1.0000,-1
135,50353,342.00,321.00,1.00,1.00,1,7,0.0204,-1
135,87014,585.00,214.00,40.00,23.00,1,1,1.0000,-1
135,23289,0.00,362.00,3.00,7.00,1,7,1.0000,-1
135,34569,19.00,64.00,45.00,39.00,1,1,0.2700,-1
135,51757,42.00,185.00,61.00,68.00,1,1,1.0000,-1
136,44781,325.00,280.00,1.00,5.00,1,7,0.0816,-1
136,27033,294.00,238.00,22.00,43.00,1,1,0.4667,-1
136,13315,292.00,294.00,27.00,22.00,1,1,1.0000,-1
136,64324,320.00,298.00,25.00,24.00,1,1,1.0000,-1
136,50353,339.00,320.00,3.00,2.00,1,7,0.0404,-1
136,87014,583.00,214.00,40.00,23.00,1,1,1.0000,-1
136,34569,13.00,63.00,59.00,39.00,1,1,0.2554,-1
136,51757,35.00,185.00,62.00,68.00,1,1,1.0000,-1
137,44781,323.00,280.00,1.00,4.00,1,7,0.0638,-1
137,27033,292.00,237.00,22.00,44.00,1,1,0.4748,-1
137,13315,289.00,294.00,28.00,22.00,1,1,1.0000,-1
137,64324,318.00,298.00,25.00,24.00,1,1,1.0000,-1
137,50353,336.00,320.00,4.00,2.00,1,7,0.0707,-1
137,87014,580.00,214.00,40.00,23.00,1,1,1.0000,-1
137,34569,6.00,63.00,60.00,38.00,1,1,0.2414,-1
137,51757,29.00,184.00,61.00,69.00,1,1,1.0000,-1
138,44781,321.00,281.00,0.00,2.00,1,7,0.0316,-1
138,27033,290.00,237.00,22.00,46.00,1,1,0.4894,-1
138,13315,287.00,294.00,27.00,22.00,1,1,0.9980,-1
138,64324,315.00,298.00,25.00,23.00,1,1,1.0000,-1
138,50353,335.00,320.00,2.00,1.00,1,7,0.0312,-1
138,87014,578.00,214.00,40.00,23.00,1,1,1.0000,-1
138,34569,0.00,62.00,60.00,38.00,1,1,0.2215,-1
138,51757,22.00,184.00,62.00,68.00,1,1,1.0000,-1
139,44781,319.00,281.00,0.00,0.00,1,7,0.0102,-1
139,27033,288.00,237.00,21.00,44.00,1,1,0.4821,-1
139,13315,284.00,293.00,28.00,22.00,1,1,1.0000,-1
139,64324,313.00,298.00,25.00,23.00,1,1,1.0000,-1
139,50353,333.00,319.00,3.00,2.00,1,7,0.0515,-1
139,87014,576.00,214.00,40.00,23.00,1,1,1.0000,-1
139,34569,0.00,62.00,54.00,37.00,1,7,0.1807,-1
139,51757,15.00,183.00,62.00,69.00,1,1,1.0000,-1
140,27033,286.00,237.00,21.00,42.00,1,1,0.4769,-1
140,13315,282.00,293.00,28.00,22.00,1,1,1.0000,-1
140,64324,310.00,298.00,25.00,23.00,1,1,1.0000,-1
140,50353,330.00,318.00,4.00,3.00,1,7,0.0909,-1
140,87014,573.00,214.00,41.00,23.00,1,1,1.0000,-1
140,34569,0.00,61.00,48.00,37.00,1,7,0.1329,-1
140,51757,8.00,183.00,63.00,68.00,1,1,1.0000,-1
141,44781,324.00,286.00,0.00,0.00,1,7,0.0104,-1
141,27033,284.00,236.00,21.00,43.00,1,1,0.4723,-1
141,13315,279.00,293.00,28.00,22.00,1,1,0.9981,-1
141,64324,308.00,297.00,25.00,24.00,1,1,1.0000,-1
141,50353,328.00,317.00,4.00,4.00,1,7,0.1010,-1
141,87014,571.00,214.00,40.00,24.00,1,1,1.0000,-1
141,34569,0.00,61.00,42.00,42.00,1,7,0.0974,-1
141,51757,2.00,182.00,62.00,69.00,1,1,1.0000,-1
142,44781,320.00,284.00,3.00,4.00,1,7,0.0316,-1
142,27033,281.00,236.00,22.00,43.00,1,1,0.4749,-1
142,13315,277.00,293.00,28.00,22.00,1,1,1.0000,-1
142,64324,306.00,297.00,25.00,24.00,1,1,1.0000,-1
142,50353,326.00,317.00,4.00,4.00,1,7,0.1122,-1
142,87014,568.00,214.00,41.00,24.00,1,1,1.0000,-1
142,34569,0.00,66.00,35.00,37.00,1,7,0.0878,-1
142,51757,0.00,181.00,57.00,69.00,1,1,1.0000,-1
143,44781,318.00,282.00,4.00,6.00,1,7,0.0619,-1
143,27033,279.00,236.00,22.00,43.00,1,1,0.4842,-1
143,13315,274.00,292.00,29.00,22.00,1,1,1.0000,-1
143,64324,303.00,297.00,25.00,23.00,1,1,1.0000,-1
143,50353,323.00,316.00,5.00,4.00,1,7,0.1237,-1
143,87014,566.00,214.00,40.00,24.00,1,1,1.0000,-1
143,34569,0.00,65.00,28.00,37.00,1,7,0.0679,-1
143,51757,0.00,184.00,51.00,66.00,1,1,1.0000,-1
144,44781,316.00,282.00,4.00,6.00,1,7,0.0722,-1
144,27033,277.00,236.00,22.00,43.00,1,1,0.4855,-1
144,13315,272.00,292.00,28.00,22.00,1,1,0.9981,-1
144,64324,301.00,297.00,25.00,23.00,1,1,1.0000,-1
144,50353,320.00,315.00,6.00,5.00,1,7,0.1616,-1
144,87014,563.00,215.00,41.00,23.00,1,1,1.0000,-1
144,34569,0.00,64.00,19.00,38.00,1,7,0.0234,-1
144,51757,0.00,186.00,44.00,63.00,1,1,1.0000,-1
145,44781,314.00,282.00,4.00,5.00,1,7,0.0842,-1
145,27033,275.00,236.00,22.00,42.00,1,1,0.4797,-1
145,13315,269.00,292.00,29.00,22.00,1,1,1.0000,-1
145,64324,298.00,297.00,25.00,23.00,1,1,1.0000,-1
145,50353,318.00,314.00,6.00,6.00,1,7,0.1980,-1
145,87014,561.00,215.00,40.00,23.00,1,1,1.0000,-1
145,34569,11.00,102.00,0.00,0.00,1,7,0.0021,-1
145,51757,0.00,188.00,37.00,61.00,1,1,1.0000,-1
146,44781,311.00,282.00,4.00,5.00,1,7,0.0928,-1
146,27033,273.00,236.00,21.00,42.00,1,1,0.4763,-1
146,13315,267.00,292.00,28.00,22.00,1,1,0.9963,-1
146,64324,296.00,297.00,25.00,23.00,1,1,1.0000,-1
146,50353,316.00,313.00,6.00,7.00,1,7,0.2041,-1
146,87014,558.00,215.00,40.00,23.00,1,1,1.0000,-1
146,51757,0.00,191.00,31.00,58.00,1,1,1.0000,-1
147,44781,309.00,281.00,4.00,6.00,1,7,0.1224,-1
147,27033,270.00,236.00,22.00,43.00,1,1,0.4824,-1
147,13315,264.00,292.00,29.00,22.00,1,1,1.0000,-1
147,64324,293.00,297.00,25.00,23.00,1,1,1.0000,-1
147,50353,314.00,313.00,5.00,7.00,1,7,0.2323,-1
147,87014,555.00,215.00,41.00,23.00,1,1,1.0000,-1
147,52059,1019.00,304.00,4.00,18.00,1,7,0.5833,-1
147,51757,0.00,195.00,24.00,54.00,1,1,1.0000,-1
148,44781,306.00,281.00,5.00,6.00,1,7,0.1414,-1
148,27033,268.00,236.00,22.00,41.00,1,1,0.4849,-1
148,13315,261.00,292.00,29.00,22.00,1,1,0.9963,-1
148,64324,291.00,297.00,25.00,23.00,1,1,1.0000,-1
148,50353,311.00,313.00,6.00,7.00,1,7,0.2653,-1
148,87014,553.00,215.00,40.00,23.00,1,1,1.0000,-1
148,52059,1012.00,304.00,11.00,19.00,1,7,1.0000,-1
148,51757,0.00,201.00,17.00,48.00,1,7,1.0000,-1
149,44781,304.00,281.00,5.00,7.00,1,7,0.1633,-1
149,27033,265.00,236.00,22.00,42.00,1,1,0.4770,-1
149,13315,259.00,292.00,29.00,22.00,1,1,1.0000,-1
149,64324,288.00,297.00,25.00,23.00,1,1,1.0000,-1
149,50353,309.00,313.00,6.00,7.00,1,7,0.2871,-1
149,87014,550.00,214.00,41.00,24.00,1,1,1.0000,-1
149,52059,1009.00,303.00,14.00,21.00,1,7,1.0000,-1
149,51757,0.00,208.00,10.00,41.00,1,7,1.0000,-1
150,44781,301.00,281.00,6.00,6.00,1,7,0.1895,-1
150,27033,263.00,236.00,22.00,41.00,1,1,0.4824,-1
150,13315,256.00,292.00,29.00,22.00,1,1,0.9963,-1
150,64324,286.00,297.00,24.00,23.00,1,1,1.0000,-1
150,50353,307.00,313.00,6.00,7.00,1,7,0.3000,-1
150,87014,547.00,214.00,41.00,24.00,1,1,1.0000,-1
150,52059,1007.00,303.00,16.00,21.00,1,7,1.0000,-1
150,51757,0.00,220.00,3.00,25.00,1,7,1.0000,-1
151,44781,299.00,281.00,6.00,7.00,1,7,0.2165,-1
151,27033,260.00,236.00,23.00,42.00,1,1,0.4804,-1
151,13315,253.00,292.00,29.00,22.00,1,1,0.9963,-1
151,64324,283.00,297.00,25.00,24.00,1,1,1.0000,-1
151,50353,304.00,313.00,6.00,7.00,1,7,0.3131,-1
151,87014,544.00,214.00,41.00,24.00,1,1,1.0000,-1
151,52059,1004.00,302.00,19.00,21.00,1,7,1.0000,-1
152,44781,296.00,281.00,6.00,7.00,1,7,0.2553,-1
152,27033,258.00,236.00,22.00,41.00,1,1,0.4870,-1
152,13315,250.00,293.00,30.00,22.00,1,1,0.9982,-1
152,64324,281.00,297.00,24.00,24.00,1,1,1.0000,-1
152,50353,302.00,314.00,6.00,7.00,1,7,0.3333,-1
152,87014,541.00,214.00,42.00,23.00,1,1,1.0000,-1
152,52059,1001.00,302.00,22.00,21.00,1,1,1.0000,-1
153,44781,294.00,281.00,6.00,7.00,1,7,0.2708,-1
153,27033,256.00,237.00,22.00,42.00,1,1,0.4791,-1
153,13315,248.00,293.00,29.00,22.00,1,1,0.9964,-1
153,64324,278.00,297.00,24.00,24.00,1,1,1.0000,-1
153,50353,299.00,314.00,7.00,7.00,1,7,0.3600,-1
153,87014,538.00,214.00,42.00,23.00,1,1,1.0000,-1
153,52059,999.00,301.00,24.00,21.00,1,1,1.0000,-1
154,44781,291.00,281.00,7.00,7.00,1,7,0.2887,-1
154,27033,253.00,237.00,22.00,41.00,1,1,0.4832,-1
154,13315,245.00,293.00,30.00,22.00,1,1,0.9928,-1
154,64324,275.00,298.00,25.00,23.00,1,1,1.0000,-1
154,50353,297.00,314.00,7.00,7.00,1,7,0.3700,-1
154,87014,536.00,214.00,41.00,23.00,1,1,1.0000,-1
154,52059,996.00,301.00,27.00,20.00,1,1,1.0000,-1
155,44781,289.00,281.00,6.00,8.00,1,7,0.3125,-1
155,27033,250.00,237.00,23.00,42.00,1,1,0.4864,-1
155,13315,242.00,294.00,30.00,21.00,1,1,0.9982,-1
155,64324,273.00,298.00,24.00,23.00,1,1,1.0000,-1
155,50353,294.00,314.00,7.00,7.00,1,7,0.3861,-1
155,87014,533.00,214.00,41.00,23.00,1,1,1.0000,-1
155,52059,994.00,300.00,28.00,21.00,1,1,1.0000,-1
156,44781,287.00,281.00,6.00,8.00,1,7,0.3404,-1
156,27033,248.00,237.00,22.00,41.00,1,1,0.4781,-1
156,13315,239.00,294.00,30.00,22.00,1,1,0.9946,-1
156,64324,270.00,298.00,24.00,24.00,1,1,1.0000,-1
156,50353,292.00,314.00,7.00,8.00,1,7,0.4118,-1
156,87014,530.00,214.00,41.00,23.00,1,1,1.0000,-1
156,52059,991.00,299.00,29.00,21.00,1,1,1.0000,-1
157,44781,284.00,281.00,7.00,8.00,1,7,0.3402,-1
157,27033,245.00,238.00,23.00,42.00,1,1,0.4857,-1
157,13315,236.00,294.00,31.00,22.00,1,1,0.9928,-1
157,64324,267.00,299.00,25.00,23.00,1,1,1.0000,-1
157,50353,290.00,314.00,7.00,8.00,1,7,0.4095,-1
157,87014,527.00,214.00,41.00,23.00,1,1,1.0000,-1
157,52059,988.00,299.00,29.00,21.00,1,1,1.0000,-1
158,44781,282.00,281.00,7.00,8.00,1,7,0.3636,-1
158,27033,243.00,238.00,22.00,41.00,1,1,0.4820,-1
158,13315,234.00,294.00,30.00,22.00,1,1,0.9964,-1
158,64324,265.00,299.00,24.00,23.00,1,1,1.0000,-1
158,50353,287.00,315.00,8.00,7.00,1,7,0.4356,-1
158,87014,524.00,214.00,41.00,23.00,1,1,1.0000,-1
158,52059,986.00,298.00,28.00,21.00,1,1,1.0000,-1
159,44781,279.00,281.00,7.00,8.00,1,7,0.3895,-1
159,27033,240.00,238.00,23.00,42.00,1,1,0.4883,-1
159,13315,231.00,295.00,30.00,22.00,1,1,0.9947,-1
159,64324,262.00,299.00,24.00,23.00,1,1,1.0000,-1
159,50353,285.00,315.00,7.00,7.00,1,7,0.4400,-1
159,87014,521.00,214.00,41.00,23.00,1,1,1.0000,-1
159,52059,983.00,298.00,29.00,21.00,1,1,1.0000,-1
160,44781,277.00,281.00,7.00,8.00,1,7,0.4409,-1
160,27033,238.00,238.00,22.00,41.00,1,1,0.4814,-1
160,13315,228.00,295.00,31.00,22.00,1,1,0.9965,-1
160,64324,259.00,299.00,25.00,24.00,1,1,1.0000,-1
160,50353,283.00,315.00,7.00,7.00,1,7,0.4257,-1
160,87014,518.00,214.00,42.00,23.00,1,1,1.0000,-1
160,52059,980.00,298.00,29.00,20.00,1,1,1.0000,-1
161,44781,274.00,281.00,8.00,8.00,1,7,0.4516,-1
161,27033,236.00,238.00,22.00,42.00,1,1,0.4783,-1
161,13315,226.00,295.00,30.00,22.00,1,1,0.9930,-1
161,64324,257.00,299.00,24.00,24.00,1,1,1.0000,-1
161,50353,280.00,315.00,8.00,8.00,1,7,0.4563,-1
161,87014,516.00,214.00,41.00,23.00,1,1,1.0000,-1
161,52059,978.00,298.00,28.00,20.00,1,1,1.0000,-1
162,44781,272.00,281.00,8.00,8.00,1,7,0.4681,-1
162,27033,233.00,238.00,23.00,41.00,1,1,0.4936,-1
162,13315,223.00,295.00,31.00,22.00,1,1,0.9930,-1
162,64324,254.00,299.00,25.00,24.00,1,1,1.0000,-1
162,50353,278.00,315.00,8.00,8.00,1,7,0.4563,-1
162,87014,513.00,214.00,41.00,23.00,1,1,1.0000,-1
162,52059,975.00,298.00,29.00,20.00,1,1,1.0000,-1
162,55868,1017.00,0.00,6.00,8.00,1,7,1.0000,-1
163,44781,270.00,281.00,8.00,8.00,1,7,0.4894,-1
163,27033,231.00,238.00,23.00,41.00,1,1,0.4784,-1
163,13315,220.00,295.00,31.00,22.00,1,1,0.9914,-1
163,64324,252.00,299.00,24.00,24.00,1,1,1.0000,-1
163,50353,276.00,315.00,8.00,8.00,1,7,0.4660,-1
163,87014,510.00,214.00,42.00,23.00,1,1,1.0000,-1
163,52059,973.00,298.00,28.00,20.00,1,1,1.0000,-1
163,55868,1006.00,0.00,17.00,31.00,1,7,1.0000,-1
164,44781,268.00,281.00,8.00,8.00,1,7,0.5054,-1
164,27033,229.00,238.00,22.00,41.00,1,1,0.4841,-1
164,13315,218.00,295.00,31.00,22.00,1,1,0.9913,-1
164,64324,249.00,299.00,25.00,24.00,1,1,1.0000,-1
164,50353,274.00,315.00,7.00,7.00,1,7,0.4608,-1
164,87014,508.00,214.00,41.00,23.00,1,1,1.0000,-1
164,52059,970.00,298.00,29.00,21.00,1,1,1.0000,-1
164,55868,995.00,0.00,28.00,43.00,1,1,1.0000,-1
165,44781,265.00,281.00,9.00,8.00,1,7,0.5258,-1
165,27033,227.00,238.00,22.00,41.00,1,1,0.4866,-1
165,13315,215.00,295.00,31.00,22.00,1,1,0.9931,-1
165,64324,247.00,299.00,24.00,23.00,1,1,1.0000,-1
165,50353,272.00,315.00,7.00,7.00,1,7,0.4608,-1
165,87014,505.00,214.00,42.00,23.00,1,1,1.0000,-1
165,52059,968.00,298.00,28.00,21.00,1,1,1.0000,-1
165,55868,984.00,0.00,39.00,51.00,1,1,1.0000,-1
166,44781,263.00,280.00,9.00,9.00,1,7,0.5532,-1
166,27033,224.00,238.00,23.00,40.00,1,1,0.4848,-1
166,13315,213.00,294.00,31.00,22.00,1,1,0.9931,-1
166,64324,245.00,299.00,24.00,23.00,1,1,1.0000,-1
166,50353,270.00,314.00,7.00,8.00,1,7,0.4667,-1
166,87014,503.00,214.00,41.00,23.00,1,1,1.0000,-1
166,52059,966.00,299.00,28.00,20.00,1,1,1.0000,-1
166,55868,973.00,0.00,50.00,57.00,1,1,1.0000,-1
167,44781,261.00,280.00,8.00,8.00,1,7,0.5474,-1
167,27033,222.00,238.00,23.00,40.00,1,1,0.4855,-1
167,13315,210.00,294.00,31.00,22.00,1,1,0.9881,-1
167,64324,242.00,299.00,24.00,23.00,1,1,1.0000,-1
167,50353,267.00,314.00,8.00,8.00,1,7,0.4762,-1
167,87014,500.00,214.00,42.00,23.00,1,1,1.0000,-1
167,52059,963.00,299.00,28.00,21.00,1,1,1.0000,-1
167,55868,963.00,0.00,60.00,62.00,1,1,1.0000,-1
168,44781,259.00,280.00,9.00,8.00,1,7,0.5745,-1
168,27033,220.00,237.00,23.00,41.00,1,1,0.4779,-1
168,13315,208.00,294.00,31.00,22.00,1,1,0.9915,-1
168,64324,240.00,298.00,24.00,24.00,1,1,1.0000,-1
168,50353,265.00,314.00,8.00,8.00,1,7,0.4953,-1
168,87014,498.00,214.00,42.00,23.00,1,1,1.0000,-1
168,52059,961.00,300.00,28.00,20.00,1,1,1.0000,-1
168,55868,952.00,0.00,71.00,66.00,1,1,1.0000,-1
169,44781,257.00,279.00,9.00,9.00,1,7,0.5851,-1
169,27033,218.00,237.00,23.00,41.00,1,1,0.4805,-1
169,13315,205.00,294.00,32.00,21.00,1,1,0.9897,-1
169,64324,237.00,298.00,25.00,24.00,1,1,1.0000,-1
169,50353,263.00,313.00,8.00,8.00,1,7,0.4762,-1
169,87014,495.00,214.00,42.00,23.00,1,1,1.0000,-1
169,52059,959.00,300.00,27.00,21.00,1,1,1.0000,-1
169,55868,942.00,0.00,81.00,69.00,1,1,1.0000,-1
170,44781,255.00,279.00,8.00,8.00,1,7,0.5833,-1
170,27033,216.00,237.00,23.00,40.00,1,1,0.4759,-1
170,13315,203.00,293.00,31.00,22.00,1,1,0.9883,-1
170,64324,235.00,298.00,24.00,23.00,1,1,1.0000,-1
170,50353,261.00,313.00,8.00,8.00,1,7,0.4953,-1
170,87014,493.00,214.00,42.00,23.00,1,1,1.0000,-1
170,52059,956.00,301.00,28.00,21.00,1,1,1.0000,-1
170,55868,931.00,0.00,92.00,72.00,1,1,1.0000,-1
171,44781,253.00,279.00,9.00,8.00,1,7,0.5914,-1
171,27033,214.00,236.00,23.00,41.00,1,1,0.4805,-1
171,13315,200.00,293.00,32.00,22.00,1,1,0.9916,-1
171,64324,233.00,297.00,24.00,24.00,1,1,1.0000,-1
171,50353,259.00,313.00,8.00,8.00,1,7,0.5000,-1
171,87014,490.00,214.00,43.00,23.00,1,1,1.0000,-1
171,52059,954.00,301.00,27.00,21.00,1,1,1.0000,-1
171,55868,921.00,0.00,102.00,75.00,1,1,1.0000,-1
172,44781,251.00,278.00,9.00,9.00,1,7,0.6196,-1
172,27033,211.00,236.00,23.00,40.00,1,1,0.4759,-1
172,13315,198.00,292.00,32.00,22.00,1,1,0.9883,-1
172,64324,230.00,297.00,24.00,23.00,1,1,1.0000,-1
172,50353,257.00,312.00,8.00,8.00,1,7,0.5047,-1
172,87014,488.00,214.00,42.00,23.00,1,1,1.0000,-1
172,52059,951.00,302.00,28.00,21.00,1,1,1.0000,-1
172,55868,910.00,0.00,113.00,76.00,1,1,1.0000,-1
173,44781,249.00,278.00,9.00,8.00,1,7,0.6146,-1
173,27033,209.00,236.00,23.00,40.00,1,1,0.4792,-1
173,13315,195.00,292.00,32.00,22.00,1,1,0.9884,-1
173,64324,228.00,297.00,24.00,23.00,1,1,1.0000,-1
173,50353,255.00,312.00,8.00,8.00,1,7,0.5143,-1
173,87014,486.00,214.00,42.00,23.00,1,1,1.0000,-1
173,52059,949.00,302.00,27.00,21.00,1,1,1.0000,-1
173,55868,899.00,0.00,124.00,77.00,1,1,1.0000,-1
174,44781,247.00,278.00,9.00,8.00,1,7,0.5876,-1
174,27033,207.00,236.00,23.00,40.00,1,1,0.4781,-1
174,13315,193.00,292.00,32.00,22.00,1,1,0.9852,-1
174,64324,225.00,296.00,25.00,24.00,1,1,1.0000,-1
174,50353,253.00,312.00,8.00,8.00,1,7,0.5234,-1
174,87014,483.00,214.00,43.00,23.00,1,1,1.0000,-1
174,52059,947.00,303.00,27.00,20.00,1,1,1.0000,-1
174,55868,889.00,0.00,134.00,77.00,1,1,1.0000,-1
175,44781,245.00,278.00,12.00,9.00,1,7,0.5851,-1
175,27033,205.00,235.00,23.00,41.00,1,1,0.4769,-1
175,13315,190.00,292.00,32.00,22.00,1,1,0.9868,-1
175,64324,223.00,296.00,24.00,24.00,1,1,1.0000,-1
175,50353,251.00,312.00,8.00,8.00,1,7,0.5185,-1
175,87014,480.00,214.00,43.00,23.00,1,1,1.0000,-1
175,52059,944.00,303.00,27.00,21.00,1,1,1.0000,-1
175,55868,878.00,0.00,145.00,77.00,1,1,1.0000,-1
176,44781,243.00,278.00,9.00,8.00,1,7,0.5806,-1
176,27033,203.00,235.00,23.00,41.00,1,1,0.4743,-1
176,13315,188.00,292.00,32.00,22.00,1,1,0.9835,-1
176,64324,220.00,296.00,25.00,24.00,1,1,1.0000,-1
176,50353,248.00,312.00,9.00,8.00,1,7,0.5278,-1
176,87014,478.00,214.00,43.00,23.00,1,1,1.0000,-1
176,52059,942.00,303.00,27.00,21.00,1,1,1.0000,-1
176,55868,868.00,0.00,155.00,77.00,1,1,1.0000,-1
177,44781,241.00,278.00,9.00,8.00,1,7,0.5824,-1
177,27033,200.00,235.00,23.00,41.00,1,1,0.4775,-1
177,13315,185.00,292.00,33.00,21.00,1,1,0.9869,-1
177,64324,218.00,296.00,24.00,24.00,1,1,1.0000,-1
177,50353,246.00,312.00,9.00,8.00,1,7,0.5091,-1
177,87014,475.00,214.00,43.00,23.00,1,1,1.0000,-1
177,52059,939.00,303.00,27.00,21.00,1,1,1.0000,-1
177,55868,857.00,0.00,166.00,77.00,1,1,1.0000,-1
178,44781,239.00,278.00,8.00,8.00,1,7,0.5652,-1
178,27033,198.00,235.00,23.00,41.00,1,1,0.4739,-1
178,13315,182.00,292.00,33.00,21.00,1,1,0.9836,-1
178,64324,215.00,296.00,25.00,24.00,1,1,1.0000,-1
178,50353,244.00,311.00,9.00,9.00,1,7,0.5405,-1
178,87014,473.00,214.00,42.00,23.00,1,1,1.0000,-1
178,52059,937.00,303.00,26.00,21.00,1,1,1.0000,-1
178,55868,846.00,0.00,177.00,77.00,1,1,1.0000,-1
179,44781,237.00,278.00,8.00,8.00,1,7,0.5426,-1
179,27033,195.00,235.00,24.00,41.00,1,1,0.4750,-1
179,13315,180.00,292.00,33.00,22.00,1,1,0.9870,-1
179,64324,213.00,296.00,24.00,24.00,1,1,1.0000,-1
179,50353,242.00,312.00,8.00,8.00,1,7,0.5229,-1
179,87014,470.00,214.00,43.00,23.00,1,1,1.0000,-1
179,52059,934.00,303.00,27.00,21.00,1,1,1.0000,-1
179,55868,835.00,0.00,188.00,77.00,1,1,1.0000,-1
180,44781,235.00,278.00,8.00,8.00,1,7,0.5521,-1
180,27033,193.00,235.00,23.00,41.00,1,1,0.4753,-1
180,13315,177.00,292.00,33.00,22.00,1,1,0.9823,-1
180,64324,210.00,296.00,24.00,24.00,1,1,1.0000,-1
180,50353,239.00,312.00,9.00,8.00,1,7,0.5273,-1
180,87014,467.00,214.00,43.00,23.00,1,1,1.0000,-1
180,52059,932.00,303.00,26.00,20.00,1,1,1.0000,-1
180,55868,824.00,0.00,199.00,77.00,1,1,1.0000,-1
181,44781,233.00,278.00,11.00,9.00,1,7,0.5532,-1
181,27033,191.00,236.00,23.00,40.00,1,1,0.4671,-1
181,13315,174.00,292.00,33.00,22.00,1,1,0.9872,-1
181,64324,207.00,297.00,25.00,23.00,1,1,1.0000,-1
181,50353,237.00,312.00,9.00,8.00,1,7,0.5273,-1
181,87014,464.00,214.00,43.00,23.00,1,1,1.0000,-1
181,52059,929.00,302.00,26.00,21.00,1,1,1.0000,-1
181,55868,813.00,0.00,202.00,76.00,1,1,1.0000,-1
182,44781,230.00,278.00,12.00,9.00,1,7,0.5455,-1
182,27033,188.00,236.00,24.00,40.00,1,1,0.4723,-1
182,13315,172.00,292.00,33.00,22.00,1,1,0.9841,-1
182,64324,205.00,297.00,24.00,23.00,1,1,1.0000,-1
182,50353,235.00,312.00,8.00,8.00,1,7,0.5185,-1
182,87014,461.00,214.00,43.00,23.00,1,1,1.0000,-1
182,52059,926.00,302.00,26.00,21.00,1,1,1.0000,-1
182,55868,802.00,0.00,199.00,76.00,1,1,1.0000,-1
183,44781,228.00,279.00,8.00,7.00,1,7,0.5385,-1
183,27033,186.00,236.00,23.00,41.00,1,1,0.4696,-1
183,13315,169.00,293.00,33.00,22.00,1,1,0.9809,-1
183,64324,202.00,297.00,25.00,24.00,1,1,1.0000,-1
183,50353,233.00,313.00,8.00,8.00,1,7,0.5364,-1
183,87014,458.00,214.00,44.00,23.00,1,1,1.0000,-1
183,52059,924.00,301.00,26.00,21.00,1,1,1.0000,-1
183,55868,791.00,0.00,196.00,75.00,1,1,1.0000,-1
184,44781,226.00,279.00,11.00,9.00,1,7,0.5474,-1
184,27033,183.00,237.00,24.00,40.00,1,1,0.4687,-1
184,13315,166.00,293.00,33.00,22.00,1,1,0.9827,-1
184,64324,199.00,298.00,25.00,23.00,1,1,1.0000,-1
184,50353,230.00,313.00,9.00,8.00,1,7,0.5487,-1
184,87014,455.00,214.00,44.00,23.00,1,1,1.0000,-1
184,52059,921.00,301.00,26.00,21.00,1,1,1.0000,-1
184,55868,780.00,0.00,192.00,75.00,1,1,1.0000,-1
185,44781,224.00,279.00,11.00,9.00,1,7,0.5417,-1
185,27033,180.00,237.00,24.00,40.00,1,1,0.4667,-1
185,13315,163.00,294.00,34.00,21.00,1,1,0.9842,-1
185,64324,197.00,298.00,24.00,23.00,1,1,1.0000,-1
185,50353,228.00,313.00,9.00,8.00,1,7,0.5545,-1
185,87014,453.00,214.00,43.00,23.00,1,1,1.0000,-1
185,52059,918.00,300.00,26.00,21.00,1,1,1.0000,-1
185,55868,769.00,0.00,189.00,74.00,1,1,1.0000,-1
186,44781,221.00,280.00,12.00,8.00,1,7,0.5213,-1
186,27033,178.00,237.00,24.00,41.00,1,1,0.4684,-1
186,13315,160.00,294.00,34.00,22.00,1,1,0.9812,-1
186,64324,194.00,298.00,25.00,24.00,1,1,1.0000,-1
186,50353,226.00,314.00,9.00,8.00,1,7,0.5446,-1
186,87014,450.00,214.00,43.00,23.00,1,1,1.0000,-1
186,52059,916.00,300.00,26.00,20.00,1,1,1.0000,-1
186,55868,758.00,0.00,185.00,74.00,1,1,1.0000,-1
187,44781,219.00,280.00,12.00,9.00,1,7,0.5312,-1
187,27033,175.00,238.00,24.00,40.00,1,1,0.4650,-1
187,13315,158.00,294.00,34.00,22.00,1,1,0.9798,-1
187,64324,191.00,299.00,25.00,23.00,1,1,1.0000,-1
187,50353,223.00,314.00,9.00,8.00,1,7,0.5495,-1
187,87014,447.00,214.00,43.00,23.00,1,1,1.0000,-1
187,52059,913.00,299.00,26.00,21.00,1,1,1.0000,-1
187,55868,747.00,0.00,182.00,73.00,1,1,1.0000,-1
188,44781,217.00,280.00,11.00,9.00,1,7,0.5213,-1
188,27033,173.00,238.00,24.00,41.00,1,1,0.4670,-1
188,13315,155.00,295.00,34.00,22.00,1,1,0.9814,-1
188,64324,189.00,299.00,24.00,23.00,1,1,1.0000,-1
188,50353,221.00,314.00,9.00,8.00,1,7,0.5664,-1
188,87014,444.00,214.00,43.00,23.00,1,1,1.0000,-1
188,52059,910.00,299.00,26.00,21.00,1,1,1.0000,-1
188,55868,735.00,0.00,180.00,73.00,1,1,1.0000,-1
189,44781,215.00,281.00,11.00,9.00,1,7,0.5213,-1
189,27033,170.00,238.00,24.00,41.00,1,1,0.4616,-1
189,13315,152.00,295.00,34.00,22.00,1,1,0.9739,-1
189,64324,186.00,299.00,25.00,24.00,1,1,1.0000,-1
189,50353,219.00,314.00,9.00,9.00,1,7,0.5727,-1
189,87014,441.00,214.00,43.00,23.00,1,1,0.9987,-1
189,52059,908.00,299.00,25.00,20.00,1,1,1.0000,-1
189,55868,724.00,0.00,176.00,73.00,1,1,1.0000,-1
190,44781,213.00,281.00,11.00,9.00,1,7,0.5104,-1
190,27033,168.00,239.00,24.00,40.00,1,1,0.4662,-1
190,13315,149.00,295.00,35.00,22.00,1,1,0.9801,-1
190,64324,183.00,299.00,25.00,24.00,1,1,1.0000,-1
190,50353,216.00,314.00,9.00,9.00,1,7,0.5714,-1
190,87014,438.00,214.00,44.00,24.00,1,1,1.0000,-1
190,52059,905.00,298.00,26.00,21.00,1,1,1.0000,-1
190,55868,713.00,0.00,173.00,73.00,1,1,1.0000,-1
191,44781,211.00,281.00,11.00,9.00,1,7,0.5155,-1
191,27033,166.00,239.00,24.00,40.00,1,1,0.4610,-1
191,13315,147.00,295.00,34.00,22.00,1,1,0.9771,-1
191,64324,181.00,300.00,24.00,23.00,1,1,1.0000,-1
191,50353,214.00,314.00,9.00,9.00,1,7,0.5702,-1
191,87014,435.00,214.00,44.00,24.00,1,1,1.0000,-1
191,52059,903.00,298.00,25.00,21.00,1,1,1.0000,-1
191,55868,702.00,0.00,170.00,73.00,1,1,1.0000,-1
191,91290,865.00,0.00,2.00,2.00,1,7,0.0049,-1
192,44781,209.00,281.00,11.00,9.00,1,7,0.5104,-1
192,27033,163.00,239.00,24.00,40.00,1,1,0.4650,-1
192,13315,144.00,295.00,35.00,22.00,1,1,0.9802,-1
192,64324,178.00,300.00,25.00,23.00,1,1,1.0000,-1
192,50353,212.00,314.00,9.00,9.00,1,7,0.5614,-1
192,87014,433.00,214.00,43.00,24.00,1,1,0.9987,-1
192,52059,900.00,298.00,25.00,21.00,1,1,1.0000,-1
192,55868,691.00,0.00,168.00,73.00,1,1,1.0000,-1
192,91290,851.00,0.00,8.00,9.00,1,7,0.0331,-1
193,44781,206.00,281.00,12.00,10.00,1,7,0.5204,-1
193,27033,161.00,239.00,24.00,40.00,1,1,0.4631,-1
193,13315,141.00,295.00,35.00,22.00,1,1,0.9756,-1
193,64324,176.00,300.00,24.00,23.00,1,1,1.0000,-1
193,50353,210.00,314.00,9.00,9.00,1,7,0.5726,-1
193,87014,430.00,214.00,44.00,24.00,1,1,1.0000,-1
193,52059,897.00,298.00,26.00,21.00,1,1,1.0000,-1
193,55868,680.00,0.00,165.00,73.00,1,1,1.0000,-1
193,91290,838.00,0.00,13.00,16.00,1,7,0.0855,-1
194,44781,204.00,281.00,12.00,9.00,1,7,0.4898,-1
194,27033,159.00,239.00,24.00,40.00,1,1,0.4557,-1
194,13315,139.00,295.00,35.00,22.00,1,1,0.9789,-1
194,64324,173.00,300.00,25.00,23.00,1,1,1.0000,-1
194,50353,207.00,314.00,10.00,9.00,1,7,0.5897,-1
194,87014,427.00,214.00,44.00,24.00,1,1,1.0000,-1
194,52059,895.00,298.00,25.00,21.00,1,1,1.0000,-1
194,55868,670.00,0.00,162.00,73.00,1,1,1.0000,-1
194,91290,825.00,0.00,18.00,23.00,1,7,0.1676,-1
195,44781,202.00,281.00,12.00,9.00,1,7,0.5054,-1
195,27033,156.00,239.00,25.00,40.00,1,1,0.4551,-1
195,13315,136.00,295.00,35.00,22.00,1,1,0.9731,-1
195,64324,171.00,299.00,25.00,24.00,1,1,1.0000,-1
195,50353,205.00,314.00,10.00,9.00,1,7,0.5798,-1
195,87014,425.00,214.00,44.00,24.00,1,1,1.0000,-1
195,52059,893.00,298.00,25.00,21.00,1,1,1.0000,-1
195,55868,659.00,0.00,159.00,73.00,1,1,1.0000,-1
195,91290,812.00,0.00,23.00,26.00,1,1,0.2660,-1
196,44781,200.00,281.00,12.00,9.00,1,7,0.5000,-1
196,27033,154.00,238.00,24.00,41.00,1,1,0.4581,-1
196,13315,134.00,295.00,35.00,22.00,1,1,0.9760,-1
196,64324,168.00,299.00,25.00,24.00,1,1,1.0000,-1
196,50353,203.00,314.00,10.00,8.00,1,7,0.5789,-1
196,87014,422.00,214.00,44.00,24.00,1,1,1.0000,-1
196,52059,890.00,299.00,25.00,20.00,1,1,1.0000,-1
196,55868,648.00,0.00,157.00,73.00,1,1,1.0000,-1
196,91290,799.00,0.00,28.00,27.00,1,1,0.3689,-1
197,44781,198.00,280.00,12.00,10.00,1,7,0.5000,-1
197,27033,152.00,238.00,24.00,40.00,1,1,0.4584,-1
197,13315,131.00,295.00,35.00,21.00,1,1,0.9731,-1
197,64324,166.00,299.00,25.00,23.00,1,1,1.0000,-1
197,50353,201.00,314.00,10.00,8.00,1,7,0.5913,-1
197,87014,420.00,214.00,44.00,24.00,1,1,1.0000,-1
197,52059,888.00,299.00,25.00,21.00,1,1,1.0000,-1
197,55868,638.00,0.00,154.00,74.00,1,1,1.0000,-1
197,91290,786.00,0.00,34.00,28.00,1,1,0.4729,-1
198,44781,197.00,280.00,11.00,10.00,1,7,0.5258,-1
198,27033,150.00,238.00,24.00,40.00,1,1,0.4582,-1
198,13315,129.00,294.00,35.00,22.00,1,1,0.9778,-1
198,64324,164.00,299.00,24.00,23.00,1,1,1.0000,-1
198,50353,199.00,313.00,9.00,9.00,1,7,0.5877,-1
198,87014,417.00,214.00,44.00,23.00,1,1,0.9987,-1
198,52059,885.00,300.00,25.00,20.00,1,1,1.0000,-1
198,55868,628.00,0.00,151.00,74.00,1,1,1.0000,-1
198,91290,773.00,0.00,39.00,28.00,1,1,0.5675,-1
199,44781,195.00,280.00,11.00,9.00,1,7,0.4894,-1
199,27033,148.00,237.00,24.00,40.00,1,1,0.4574,-1
199,13315,126.00,294.00,36.00,22.00,1,1,0.9735,-1
199,64324,161.00,298.00,25.00,24.00,1,1,1.0000,-1
199,50353,197.00,313.00,9.00,9.00,1,7,0.5862,-1
199,87014,415.00,214.00,41.00,23.00,1,1,0.9614,-1
199,52059,883.00,300.00,25.00,21.00,1,1,1.0000,-1
199,55868,617.00,0.00,149.00,74.00,1,1,1.0000,-1
199,91290,760.00,0.00,45.00,28.00,1,1,0.6580,-1
200,44781,193.00,279.00,11.00,10.00,1,7,0.4896,-1
200,27033,145.00,237.00,25.00,40.00,1,1,0.4532,-1
200,13315,124.00,293.00,35.00,22.00,1,1,0.9735,-1
200,64324,159.00,298.00,24.00,23.00,1,1,1.0000,-1
200,50353,195.00,312.00,9.00,9.00,1,7,0.6000,-1
200,87014,413.00,214.00,37.00,23.00,1,1,0.8771,-1
200,52059,881.00,301.00,24.00,20.00,1,1,1.0000,-1
200,55868,607.00,0.00,146.00,74.00,1,1,1.0000,-1
200,91290,748.00,0.00,50.00,29.00,1,1,0.7436,-1
201,44781,191.00,279.00,11.00,9.00,1,7,0.4947,-1
201,27033,143.00,236.00,25.00,41.00,1,1,0.4614,-1
201,13315,121.00,293.00,36.00,22.00,1,1,0.9695,-1
201,64324,156.00,297.00,25.00,24.00,1,1,1.0000,-1
201,50353,192.00,312.00,10.00,9.00,1,7,0.6087,-1
201,87014,410.00,214.00,34.00,23.00,1,1,0.7708,-1
201,52059,878.00,301.00,25.00,21.00,1,1,1.0000,-1
201,55868,597.00,0.00,143.00,75.00,1,1,1.0000,-1
201,91290,735.00,0.00,55.00,29.00,1,1,0.8223,-1
202,44781,189.00,278.00,11.00,10.00,1,7,0.4948,-1
202,27033,141.00,236.00,25.00,40.00,1,1,0.4523,-1
202,13315,119.00,292.00,35.00,22.00,1,1,0.9708,-1
202,64324,154.00,297.00,25.00,23.00,1,1,1.0000,-1
202,50353,191.00,311.00,9.00,9.00,1,7,0.6000,-1
202,87014,408.00,214.00,30.00,23.00,1,1,0.6449,-1
202,52059,876.00,302.00,24.00,20.00,1,1,1.0000,-1
202,55868,586.00,0.00,141.00,75.00,1,1,1.0000,-1
202,91290,722.00,0.00,61.00,29.00,1,1,0.8944,-1
203,44781,187.00,278.00,11.00,10.00,1,7,0.4742,-1
203,27033,139.00,236.00,25.00,39.00,1,1,0.4525,-1
203,13315,116.00,292.00,36.00,22.00,1,1,0.9711,-1
203,64324,152.00,297.00,24.00,23.00,1,1,1.0000,-1
203,50353,188.00,311.00,10.00,9.00,1,7,0.6068,-1
203,87014,405.00,215.00,26.00,22.00,1,1,0.5185,-1
203,52059,874.00,302.00,24.00,21.00,1,1,1.0000,-1
203,55868,576.00,0.00,138.00,75.00,1,1,1.0000,-1
203,91290,710.00,0.00,65.00,30.00,1,1,0.9543,-1
204,44781,185.00,278.00,11.00,10.00,1,7,0.4842,-1
204,27033,137.00,235.00,25.00,40.00,1,1,0.4484,-1
204,13315,114.00,292.00,36.00,22.00,1,1,0.9696,-1
204,64324,149.00,296.00,25.00,24.00,1,1,1.0000,-1
204,50353,186.00,311.00,10.00,9.00,1,7,0.6186,-1
204,87014,403.00,216.00,21.00,21.00,1,1,0.3924,-1
204,52059,871.00,302.00,24.00,21.00,1,1,1.0000,-1
204,55868,566.00,0.00,135.00,75.00,1,1,1.0000,-1
204,91290,697.00,0.00,70.00,30.00,1,1,0.9951,-1
205,44781,183.00,278.00,11.00,9.00,1,7,0.4731,-1
205,27033,135.00,235.00,24.00,40.00,1,1,0.4525,-1
205,13315,111.00,291.00,36.00,22.00,1,1,0.9697,-1
205,64324,147.00,296.00,25.00,23.00,1,1,1.0000,-1
205,50353,184.00,311.00,10.00,9.00,1,7,0.6261,-1
205,87014,400.00,218.00,17.00,19.00,1,7,0.2640,-1
205,52059,869.00,303.00,24.00,20.00,1,1,1.0000,-1
205,55868,555.00,0.00,133.00,75.00,1,1,1.0000,-1
205,91290,687.00,0.00,73.00,30.00,1,1,1.0000,-1
206,44781,181.00,277.00,11.00,10.00,1,7,0.4894,-1
206,27033,132.00,235.00,25.00,40.00,1,1,0.4491,-1
206,13315,109.00,291.00,36.00,22.00,1,1,0.9671,-1
206,64324,144.00,296.00,25.00,23.00,1,1,1.0000,-1
206,50353,182.00,311.00,10.00,8.00,1,7,0.6261,-1
206,87014,398.00,219.00,11.00,17.00,1,7,0.1483,-1
206,52059,866.00,303.00,24.00,20.00,1,1,1.0000,-1
206,55868,545.00,0.00,129.00,75.00,1,1,1.0000,-1
206,91290,679.00,0.00,73.00,30.00,1,1,1.0000,-1
207,44781,179.00,277.00,11.00,10.00,1,7,0.5052,-1
207,27033,130.00,235.00,25.00,39.00,1,1,0.4509,-1
207,13315,106.00,291.00,36.00,22.00,1,1,0.9702,-1
207,64324,142.00,296.00,25.00,23.00,1,1,1.0000,-1
207,50353,180.00,310.00,10.00,9.00,1,7,0.6102,-1
207,87014,395.00,224.00,6.00,10.00,1,7,0.0560,-1
207,52059,864.00,303.00,24.00,20.00,1,1,1.0000,-1
207,55868,534.00,0.00,127.00,75.00,1,1,1.0000,-1
207,91290,671.00,0.00,73.00,30.00,1,1,1.0000,-1
208,44781,177.00,277.00,11.00,10.00,1,7,0.4792,-1
208,27033,128.00,235.00,25.00,40.00,1,1,0.4468,-1
208,13315,103.00,291.00,37.00,22.00,1,1,0.9661,-1
208,64324,139.00,296.00,25.00,23.00,1,1,1.0000,-1
208,50353,177.00,310.00,11.00,9.00,1,7,0.6348,-1
208,87014,392.00,229.00,2.00,3.00,1,7,0.0076,-1
208,52059,861.00,303.00,24.00,20.00,1,1,1.0000,-1
208,55868,524.00,0.00,124.00,75.00,1,1,1.0000,-1
208,91290,663.00,0.00,72.00,30.00,1,1,1.0000,-1
209,44781,175.00,277.00,11.00,10.00,1,7,0.4896,-1
209,27033,125.00,235.00,25.00,39.00,1,1,0.4494,-1
209,13315,101.00,291.00,36.00,22.00,1,1,0.9675,-1
209,64324,137.00,296.00,25.00,23.00,1,1,1.0000,-1
209,50353,175.00,310.00,11.00,9.00,1,7,0.6325,-1
209,52059,859.00,303.00,23.00,20.00,1,1,1.0000,-1
209,55868,512.00,0.00,122.00,75.00,1,1,1.0000,-1
209,91290,655.00,0.00,72.00,30.00,1,1,1.0000,-1
210,44781,173.00,278.00,11.00,9.00,1,7,0.4737,-1
210,27033,123.00,235.00,25.00,40.00,1,1,0.4507,-1
210,13315,98.00,291.00,37.00,22.00,1,1,0.9663,-1
210,64324,134.00,296.00,25.00,23.00,1,1,1.0000,-1
210,50353,173.00,311.00,10.00,8.00,1,7,0.6348,-1
210,52059,856.00,302.00,24.00,21.00,1,1,1.0000,-1
210,55868,500.00,0.00,121.00,75.00,1,1,1.0000,-1
210,91290,647.00,0.00,71.00,30.00,1,1,1.0000,-1
211,44781,170.00,278.00,12.00,10.00,1,7,0.4842,-1
211,27033,120.00,235.00,26.00,40.00,1,1,0.4471,-1
211,13315,95.00,292.00,37.00,22.00,1,1,0.9635,-1
211,64324,131.00,296.00,25.00,24.00,1,1,1.0000,-1
211,50353,171.00,311.00,10.00,9.00,1,7,0.6341,-1
211,52059,853.00,302.00,24.00,21.00,1,1,1.0000,-1
211,55868,488.00,0.00,120.00,75.00,1,1,1.0000,-1
211,91290,639.00,0.00,71.00,30.00,1,1,1.0000,-1
212,44781,168.00,278.00,11.00,10.00,1,7,0.4731,-1
212,27033,118.00,236.00,25.00,39.00,1,1,0.4439,-1
212,13315,92.00,292.00,37.00,22.00,1,1,0.9610,-1
212,64324,129.00,297.00,25.00,23.00,1,1,1.0000,-1
212,50353,168.00,311.00,11.00,9.00,1,7,0.6364,-1
212,52059,851.00,302.00,23.00,21.00,1,1,1.0000,-1
212,55868,476.00,0.00,119.00,75.00,1,1,1.0000,-1
212,91290,630.00,0.00,71.00,29.00,1,1,1.0000,-1
213,44781,166.00,278.00,11.00,10.00,1,7,0.5000,-1
213,27033,115.00,236.00,26.00,39.00,1,1,0.4452,-1
213,13315,90.00,292.00,37.00,22.00,1,1,0.9640,-1
213,64324,126.00,297.00,25.00,23.00,1,1,1.0000,-1
213,50353,166.00,311.00,11.00,9.00,1,7,0.6441,-1
213,87014,422.00,220.00,1.00,1.00,1,7,0.0025,-1
213,52059,848.00,301.00,24.00,21.00,1,1,1.0000,-1
213,55868,464.00,0.00,117.00,75.00,1,1,1.0000,-1
213,91290,622.00,0.00,70.00,29.00,1,1,1.0000,-1
214,44781,164.00,279.00,11.00,10.00,1,7,0.4632,-1
214,27033,113.00,236.00,25.00,40.00,1,1,0.4413,-1
214,13315,87.00,293.00,37.00,22.00,1,1,0.9600,-1
214,64324,123.00,297.00,26.00,24.00,1,1,1.0000,-1
214,50353,164.00,312.00,10.00,9.00,1,7,0.6341,-1
214,87014,411.00,215.00,9.00,13.00,1,7,0.0751,-1
214,52059,846.00,301.00,23.00,21.00,1,1,1.0000,-1
214,55868,451.00,0.00,117.00,75.00,1,1,1.0000,-1
214,91290,613.00,0.00,70.00,29.00,1,1,1.0000,-1
215,44781,162.00,279.00,11.00,10.00,1,7,0.4792,-1
215,27033,110.00,237.00,26.00,39.00,1,1,0.4466,-1
215,13315,84.00,293.00,37.00,22.00,1,1,0.9643,-1
215,64324,121.00,298.00,25.00,23.00,1,1,1.0000,-1
215,50353,161.00,312.00,11.00,9.00,1,7,0.6471,-1
215,87014,402.00,214.00,16.00,18.00,1,7,0.1992,-1
215,52059,843.00,301.00,23.00,20.00,1,1,1.0000,-1
215,55868,439.00,0.00,116.00,74.00,1,1,1.0000,-1
215,91290,605.00,0.00,69.00,29.00,1,1,1.0000,-1
216,44781,159.00,280.00,12.00,9.00,1,7,0.4615,-1
216,27033,108.00,237.00,25.00,40.00,1,1,0.4497,-1
216,13315,81.00,294.00,38.00,22.00,1,1,0.9591,-1
216,64324,118.00,298.00,25.00,24.00,1,1,1.0000,-1
216,50353,159.00,312.00,11.00,10.00,1,7,0.6667,-1
216,87014,393.00,214.00,22.00,21.00,1,1,0.3546,-1
216,52059,840.00,300.00,23.00,21.00,1,1,1.0000,-1
216,55868,427.00,0.00,114.00,74.00,1,1,1.0000,-1
216,91290,596.00,0.00,69.00,28.00,1,1,1.0000,-1
217,44781,157.00,280.00,11.00,10.00,1,7,0.4792,-1
217,27033,105.00,238.00,26.00,39.00,1,1,0.4432,-1
217,13315,78.00,294.00,38.00,22.00,1,1,0.9592,-1
217,64324,115.00,299.00,26.00,23.00,1,1,1.0000,-1
217,50353,157.00,313.00,11.00,9.00,1,7,0.6475,-1
217,87014,385.00,214.00,27.00,22.00,1,1,0.5112,-1
217,52059,838.00,300.00,23.00,20.00,1,1,1.0000,-1
217,55868,414.00,0.00,114.00,74.00,1,1,1.0000,-1
217,91290,587.00,0.00,69.00,28.00,1,1,1.0000,-1
218,44781,155.00,280.00,11.00,10.00,1,7,0.4742,-1
218,27033,103.00,238.00,25.00,40.00,1,1,0.4502,-1
218,13315,76.00,295.00,38.00,22.00,1,1,0.9606,-1
218,64324,113.00,299.00,25.00,24.00,1,1,1.0000,-1
218,50353,154.00,313.00,11.00,9.00,1,7,0.6583,-1
218,87014,376.00,214.00,33.00,23.00,1,1,0.6675,-1
218,52059,835.00,299.00,23.00,21.00,1,1,1.0000,-1
218,55868,402.00,0.00,113.00,74.00,1,1,1.0000,-1
218,91290,578.00,0.00,69.00,28.00,1,1,1.0000,-1
219,44781,153.00,281.00,11.00,10.00,1,7,0.4681,-1
219,27033,100.00,239.00,26.00,39.00,1,1,0.4405,-1
219,13315,73.00,295.00,38.00,22.00,1,1,0.9584,-1
219,64324,110.00,299.00,25.00,24.00,1,1,1.0000,-1
219,50353,152.00,313.00,11.00,10.00,1,7,0.6640,-1
219,87014,368.00,215.00,34.00,23.00,1,1,0.7438,-1
219,52059,832.00,299.00,23.00,21.00,1,1,1.0000,-1
219,55868,389.00,0.00,112.00,74.00,1,1,1.0000,-1
219,91290,570.00,0.00,69.00,28.00,1,1,1.0000,-1
220,44781,151.00,281.00,11.00,10.00,1,7,0.4583,-1
220,27033,98.00,239.00,25.00,40.00,1,1,0.4444,-1
220,13315,70.00,296.00,38.00,21.00,1,1,0.9582,-1
220,64324,107.00,300.00,26.00,23.00,1,1,1.0000,-1
220,50353,150.00,314.00,11.00,9.00,1,7,0.6585,-1
220,87014,362.00,215.00,33.00,23.00,1,1,0.7330,-1
220,52059,830.00,299.00,22.00,20.00,1,1,1.0000,-1
220,55868,377.00,0.00,111.00,75.00,1,1,1.0000,-1
220,91290,561.00,0.00,69.00,28.00,1,1,1.0000,-1
221,44781,148.00,281.00,12.00,10.00,1,7,0.4796,-1
221,27033,95.00,239.00,26.00,40.00,1,1,0.4394,-1
221,13315,67.00,296.00,39.00,22.00,1,1,0.9556,-1
221,64324,105.00,300.00,25.00,23.00,1,1,1.0000,-1
221,50353,147.00,314.00,12.00,9.00,1,7,0.6667,-1
221,87014,356.00,215.00,31.00,23.00,1,1,0.6452,-1
221,52059,827.00,299.00,23.00,20.00,1,1,1.0000,-1
221,55868,364.00,0.00,111.00,75.00,1,1,1.0000,-1
221,91290,553.00,0.00,69.00,28.00,1,1,1.0000,-1
222,44781,146.00,281.00,11.00,10.00,1,7,0.4526,-1
222,27033,93.00,239.00,26.00,41.00,1,1,0.4474,-1
222,13315,65.00,296.00,38.00,22.00,1,1,0.9574,-1
222,64324,102.00,300.00,26.00,24.00,1,1,1.0000,-1
222,50353,145.00,314.00,11.00,9.00,1,7,0.6667,-1
222,87014,352.00,215.00,27.00,23.00,1,1,0.4914,-1
222,52059,825.00,299.00,22.00,20.00,1,1,1.0000,-1
222,55868,352.00,0.00,111.00,75.00,1,1,1.0000,-1
222,91290,544.00,0.00,69.00,28.00,1,1,1.0000,-1
223,44781,144.00,281.00,11.00,10.00,1,7,0.4583,-1
223,27033,91.00,239.00,25.00,40.00,1,1,0.4418,-1
223,13315,62.00,296.00,39.00,22.00,1,1,0.9565,-1
223,64324,100.00,300.00,25.00,24.00,1,1,1.0000,-1
223,50353,143.00,314.00,11.00,9.00,1,7,0.6667,-1
223,87014,350.00,215.00,21.00,23.00,1,1,0.3300,-1
223,52059,822.00,299.00,23.00,20.00,1,1,1.0000,-1
223,55868,340.00,0.00,110.00,75.00,1,1,1.0000,-1
223,91290,536.00,0.00,69.00,28.00,1,1,1.0000,-1
224,44781,142.00,281.00,11.00,10.00,1,7,0.4796,-1
224,27033,88.00,239.00,26.00,40.00,1,1,0.4358,-1
224,13315,59.00,296.00,39.00,22.00,1,1,0.9550,-1
224,64324,97.00,300.00,26.00,24.00,1,1,1.0000,-1
224,50353,141.00,314.00,11.00,9.00,1,7,0.6829,-1
224,87014,347.00,217.00,15.00,19.00,1,7,0.1870,-1
224,52059,820.00,299.00,22.00,20.00,1,1,1.0000,-1
224,55868,328.00,0.00,109.00,75.00,1,1,1.0000,-1
224,91290,528.00,0.00,69.00,28.00,1,1,1.0000,-1
225,44781,140.00,281.00,11.00,10.00,1,7,0.4796,-1
225,27033,86.00,239.00,26.00,40.00,1,1,0.4434,-1
225,13315,57.00,296.00,39.00,22.00,1,1,0.9564,-1
225,64324,95.00,300.00,25.00,23.00,1,1,1.0000,-1
225,50353,139.00,314.00,11.00,9.00,1,7,0.6855,-1
225,87014,344.00,219.00,9.00,15.00,1,7,0.0676,-1
225,52059,817.00,299.00,22.00,20.00,1,1,1.0000,-1
225,55868,316.00,0.00,109.00,75.00,1,1,1.0000,-1
225,91290,520.00,0.00,69.00,28.00,1,1,1.0000,-1
226,44781,138.00,281.00,11.00,10.00,1,7,0.4583,-1
226,27033,84.00,239.00,26.00,40.00,1,1,0.4413,-1
226,13315,54.00,295.00,39.00,22.00,1,1,0.9557,-1
226,64324,92.00,300.00,26.00,23.00,1,1,1.0000,-1
226,50353,136.00,313.00,12.00,10.00,1,7,0.6694,-1
226,87014,384.00,221.00,4.00,7.00,1,7,0.0232,-1
226,52059,815.00,299.00,22.00,21.00,1,1,1.0000,-1
226,55868,304.00,0.00,109.00,75.00,1,1,1.0000,-1
226,91290,512.00,0.00,70.00,28.00,1,1,1.0000,-1
227,44781,136.00,281.00,11.00,9.00,1,7,0.4565,-1
227,27033,82.00,238.00,26.00,41.00,1,1,0.4369,-1
227,13315,52.00,295.00,39.00,22.00,1,1,0.9530,-1
227,64324,90.00,299.00,26.00,24.00,1,1,1.0000,-1
227,50353,134.00,313.00,12.00,10.00,1,7,0.6825,-1
227,87014,376.00,218.00,9.00,15.00,1,7,0.1032,-1
227,52059,812.00,299.00,22.00,21.00,1,1,1.0000,-1
227,55868,293.00,0.00,108.00,75.00,1,1,1.0000,-1
227,91290,504.00,0.00,70.00,28.00,1,1,1.0000,-1
228,44781,134.00,280.00,11.00,10.00,1,7,0.4526,-1
228,27033,80.00,238.00,26.00,40.00,1,1,0.4389,-1
228,13315,49.00,295.00,39.00,21.00,1,1,0.9505,-1
228,64324,87.00,299.00,26.00,23.00,1,1,1.0000,-1
228,50353,132.00,313.00,12.00,9.00,1,7,0.6825,-1
228,87014,368.00,216.00,15.00,19.00,1,7,0.2277,-1
228,52059,810.00,300.00,22.00,20.00,1,1,1.0000,-1
228,55868,281.00,0.00,108.00,75.00,1,1,1.0000,-1
228,91290,497.00,0.00,69.00,28.00,1,1,1.0000,-1
229,44781,132.00,280.00,12.00,10.00,1,7,0.4845,-1
229,27033,77.00,238.00,27.00,40.00,1,1,0.4334,-1
229,13315,47.00,294.00,39.00,22.00,1,1,0.9508,-1
229,64324,85.00,298.00,26.00,24.00,1,1,1.0000,-1
229,50353,130.00,312.00,12.00,10.00,1,7,0.6905,-1
229,87014,360.00,215.00,21.00,21.00,1,1,0.3637,-1
229,52059,807.00,300.00,22.00,21.00,1,1,1.0000,-1
229,55868,270.00,0.00,107.00,75.00,1,1,1.0000,-1
229,91290,489.00,0.00,70.00,29.00,1,1,1.0000,-1
230,44781,130.00,279.00,12.00,10.00,1,7,0.4742,-1
230,27033,75.00,237.00,26.00,40.00,1,1,0.4404,-1
230,13315,44.00,293.00,40.00,22.00,1,1,0.9548,-1
230,64324,82.00,298.00,27.00,23.00,1,1,1.0000,-1
230,50353,128.00,312.00,12.00,9.00,1,7,0.6905,-1
230,87014,352.00,214.00,26.00,23.00,1,1,0.5092,-1
230,52059,805.00,300.00,22.00,21.00,1,1,1.0000,-1
230,55868,258.00,0.00,107.00,75.00,1,1,1.0000,-1
230,91290,481.00,0.00,71.00,29.00,1,1,1.0000,-1
231,44781,129.00,279.00,11.00,10.00,1,7,0.4688,-1
231,27033,73.00,237.00,26.00,40.00,1,1,0.4336,-1
231,13315,42.00,293.00,39.00,22.00,1,1,0.9489,-1
231,64324,80.00,297.00,26.00,24.00,1,1,1.0000,-1
231,50353,126.00,311.00,12.00,10.00,1,7,0.6870,-1
231,87014,344.00,214.00,32.00,23.00,1,1,0.6622,-1
231,52059,803.00,301.00,21.00,20.00,1,1,1.0000,-1
231,55868,247.00,0.00,107.00,74.00,1,1,1.0000,-1
231,91290,474.00,0.00,70.00,29.00,1,1,1.0000,-1
232,44781,127.00,278.00,11.00,10.00,1,7,0.4694,-1
232,27033,71.00,236.00,26.00,40.00,1,1,0.4397,-1
232,13315,39.00,292.00,40.00,22.00,1,1,0.9504,-1
232,64324,78.00,297.00,26.00,23.00,1,1,1.0000,-1
232,50353,124.00,311.00,12.00,9.00,1,7,0.6992,-1
232,87014,337.00,214.00,36.00,23.00,1,1,0.8034,-1
232,52059,800.00,301.00,22.00,21.00,1,1,1.0000,-1
232,55868,235.00,0.00,107.00,74.00,1,1,1.0000,-1
232,91290,466.00,0.00,71.00,29.00,1,1,1.0000,-1
233,44781,125.00,278.00,11.00,10.00,1,7,0.4694,-1
233,27033,69.00,236.00,26.00,40.00,1,1,0.4416,-1
233,13315,36.00,292.00,41.00,22.00,1,1,0.9482,-1
233,64324,75.00,296.00,26.00,24.00,1,1,1.0000,-1
233,50353,122.00,310.00,12.00,10.00,1,7,0.6929,-1
233,87014,330.00,214.00,41.00,23.00,1,1,0.9170,-1
233,52059,798.00,302.00,22.00,20.00,1,1,1.0000,-1
233,55868,223.00,0.00,107.00,74.00,1,1,1.0000,-1
233,91290,459.00,0.00,70.00,29.00,1,1,1.0000,-1
234,44781,123.00,278.00,11.00,9.00,1,7,0.4737,-1
234,27033,67.00,235.00,26.00,40.00,1,1,0.4368,-1
234,13315,34.00,291.00,40.00,22.00,1,1,0.9466,-1
234,64324,73.00,296.00,26.00,24.00,1,1,1.0000,-1
234,50353,120.00,310.00,12.00,10.00,1,7,0.7109,-1
234,87014,323.00,213.00,46.00,24.00,1,1,0.9964,-1
234,52059,796.00,302.00,21.00,20.00,1,1,1.0000,-1
234,55868,212.00,0.00,107.00,74.00,1,1,1.0000,-1
234,91290,451.00,0.00,71.00,29.00,1,1,1.0000,-1
235,44781,121.00,277.00,11.00,10.00,1,7,0.4490,-1
235,27033,64.00,235.00,27.00,40.00,1,1,0.4403,-1
235,13315,31.00,291.00,41.00,22.00,1,1,0.9484,-1
235,64324,70.00,296.00,27.00,23.00,1,1,1.0000,-1
235,50353,118.00,310.00,11.00,9.00,1,7,0.6960,-1
235,87014,320.00,213.00,46.00,23.00,1,1,0.9988,-1
235,52059,793.00,302.00,22.00,21.00,1,1,1.0000,-1
235,55868,199.00,0.00,108.00,73.00,1,1,1.0000,-1
235,91290,443.00,0.00,71.00,29.00,1,1,1.0000,-1
236,44781,119.00,277.00,11.00,10.00,1,7,0.4646,-1
236,27033,62.00,235.00,27.00,40.00,1,1,0.4279,-1
236,13315,29.00,291.00,40.00,22.00,1,1,0.9447,-1
236,64324,68.00,295.00,26.00,24.00,1,1,1.0000,-1
236,50353,115.00,310.00,12.00,9.00,1,7,0.6929,-1
236,87014,317.00,213.00,47.00,23.00,1,1,1.0000,-1
236,52059,791.00,302.00,21.00,21.00,1,1,1.0000,-1
236,55868,187.00,0.00,108.00,73.00,1,1,1.0000,-1
236,91290,436.00,0.00,71.00,29.00,1,1,1.0000,-1
237,44781,117.00,277.00,11.00,10.00,1,7,0.4900,-1
237,27033,60.00,234.00,26.00,40.00,1,1,0.4372,-1
237,13315,26.00,291.00,41.00,22.00,1,1,0.9461,-1
237,64324,66.00,295.00,26.00,24.00,1,1,1.0000,-1
237,50353,113.00,309.00,12.00,10.00,1,7,0.6953,-1
237,87014,315.00,213.00,46.00,23.00,1,1,0.9988,-1
237,52059,788.00,302.00,22.00,21.00,1,1,1.0000,-1
237,55868,175.00,0.00,108.00,73.00,1,1,1.0000,-1
237,91290,428.00,0.00,71.00,29.00,1,1,1.0000,-1
238,44781,115.00,277.00,11.00,10.00,1,7,0.4639,-1
238,27033,58.00,234.00,26.00,40.00,1,1,0.4345,-1
238,13315,24.00,291.00,40.00,21.00,1,1,0.9446,-1
238,64324,63.00,295.00,26.00,24.00,1,1,1.0000,-1
238,50353,111.00,309.00,12.00,10.00,1,7,0.7054,-1
238,87014,312.00,213.00,47.00,23.00,1,1,1.0000,-1
238,52059,786.00,302.00,21.00,21.00,1,1,1.0000,-1
238,55868,162.00,0.00,109.00,73.00,1,1,1.0000,-1
238,91290,420.00,0.00,71.00,29.00,1,1,1.0000,-1
239,44781,113.00,277.00,11.00,10.00,1,7,0.4592,-1
239,27033,55.00,234.00,27.00,40.00,1,1,0.4309,-1
239,13315,21.00,291.00,41.00,22.00,1,1,0.9419,-1
239,64324,60.00,295.00,27.00,24.00,1,1,1.0000,-1
239,50353,109.00,309.00,12.00,10.00,1,7,0.7068,-1
239,87014,309.00,213.00,47.00,23.00,1,1,1.0000,-1
239,52059,783.00,302.00,21.00,21.00,1,1,1.0000,-1
239,55868,150.00,0.00,109.00,73.00,1,1,1.0000,-1
239,91290,411.00,0.00,72.00,29.00,1,1,1.0000,-1
240,44781,111.00,277.00,11.00,10.00,1,7,0.4444,-1
240,27033,53.00,234.00,27.00,40.00,1,1,0.4365,-1
240,13315,18.00,291.00,41.00,22.00,1,1,0.9421,-1
240,64324,58.00,295.00,26.00,24.00,1,1,1.0000,-1
240,50353,106.00,309.00,13.00,10.00,1,7,0.7099,-1
240,87014,306.00,213.00,48.00,23.00,1,1,1.0000,-1
240,52059,781.00,302.00,21.00,21.00,1,1,1.0000,-1
240,55868,137.00,0.00,110.00,73.00,1,1,1.0000,-1
240,91290,403.00,0.00,72.00,29.00,1,1,1.0000,-1
241,44781,108.00,277.00,12.00,10.00,1,7,0.4796,-1
241,27033,50.00,235.00,27.00,39.00,1,1,0.4335,-1
241,13315,15.00,291.00,42.00,22.00,1,1,0.9447,-1
241,64324,55.00,296.00,27.00,23.00,1,1,1.0000,-1
241,50353,104.00,310.00,12.00,9.00,1,7,0.7109,-1
241,87014,304.00,213.00,47.00,23.00,1,1,1.0000,-1
241,52059,778.00,302.00,21.00,21.00,1,1,1.0000,-1
241,55868,124.00,0.00,110.00,73.00,1,1,1.0000,-1
241,91290,394.00,0.00,73.00,29.00,1,1,1.0000,-1
242,44781,106.00,278.00,11.00,9.00,1,7,0.4362,-1
242,27033,48.00,235.00,27.00,39.00,1,1,0.4357,-1
242,13315,13.00,291.00,41.00,22.00,1,1,0.9457,-1
242,64324,53.00,296.00,26.00,23.00,1,1,1.0000,-1
242,50353,102.00,310.00,12.00,10.00,1,7,0.7273,-1
242,87014,301.00,213.00,47.00,24.00,1,1,1.0000,-1
242,52059,775.00,302.00,21.00,20.00,1,1,1.0000,-1
242,55868,111.00,0.00,111.00,73.00,1,1,1.0000,-1
242,91290,386.00,0.00,73.00,29.00,1,1,1.0000,-1
243,44781,104.00,278.00,11.00,10.00,1,7,0.4600,-1
243,27033,45.00,236.00,27.00,39.00,1,1,0.4212,-1
243,13315,10.00,292.00,41.00,22.00,1,1,0.9404,-1
243,64324,50.00,296.00,26.00,24.00,1,1,1.0000,-1
243,50353,100.00,310.00,12.00,10.00,1,7,0.7273,-1
243,87014,298.00,214.00,47.00,23.00,1,1,1.0000,-1
243,52059,773.00,301.00,21.00,21.00,1,1,1.0000,-1
243,55868,98.00,0.00,112.00,74.00,1,1,1.0000,-1
243,91290,377.00,0.00,73.00,28.00,1,1,1.0000,-1
244,44781,102.00,279.00,9.00,9.00,1,7,0.2396,-1
244,27033,43.00,236.00,27.00,39.00,1,1,0.4256,-1
244,13315,7.00,292.00,42.00,22.00,1,1,0.9377,-1
244,64324,47.00,297.00,27.00,24.00,1,1,1.0000,-1
244,50353,97.00,311.00,13.00,9.00,1,7,0.7218,-1
244,87014,295.00,214.00,47.00,23.00,1,1,1.0000,-1
244,52059,770.00,301.00,21.00,21.00,1,1,1.0000,-1
244,55868,84.00,0.00,114.00,74.00,1,1,1.0000,-1
244,91290,368.00,0.00,74.00,29.00,1,1,1.0000,-1
245,27033,40.00,237.00,27.00,39.00,1,1,0.4237,-1
245,13315,4.00,293.00,42.00,22.00,1,1,0.9411,-1
245,64324,45.00,298.00,26.00,23.00,1,1,1.0000,-1
245,50353,95.00,311.00,12.00,10.00,1,7,0.7015,-1
245,87014,292.00,214.00,47.00,23.00,1,1,1.0000,-1
245,52059,768.00,301.00,20.00,20.00,1,7,1.0000,-1
245,55868,71.00,0.00,114.00,74.00,1,1,1.0000,-1
245,91290,359.00,0.00,74.00,29.00,1,1,1.0000,-1
246,27033,38.00,237.00,27.00,39.00,1,1,0.4189,-1
246,13315,1.00,294.00,42.00,22.00,1,1,0.9384,-1
246,64324,42.00,298.00,27.00,24.00,1,1,1.0000,-1
246,50353,93.00,312.00,12.00,9.00,1,7,0.7252,-1
246,87014,289.00,214.00,48.00,23.00,1,1,1.0000,-1
246,52059,765.00,300.00,20.00,21.00,1,7,1.0000,-1
246,55868,57.00,0.00,116.00,75.00,1,1,1.0000,-1
246,91290,350.00,0.00,75.00,29.00,1,1,1.0000,-1
247,27033,35.00,238.00,27.00,39.00,1,1,0.4185,-1
247,13315,0.00,294.00,41.00,22.00,1,1,0.9373,-1
247,64324,39.00,299.00,27.00,23.00,1,1,1.0000,-1
247,50353,90.00,312.00,13.00,10.00,1,7,0.7111,-1
247,87014,286.00,214.00,48.00,24.00,1,1,1.0000,-1
247,52059,762.00,300.00,21.00,21.00,1,1,1.0000,-1
247,55868,44.00,0.00,117.00,75.00,1,1,1.0000,-1
247,91290,341.00,0.00,76.00,29.00,1,1,1.0000,-1
248,27033,33.00,238.00,26.00,39.00,1,1,0.3289,-1
248,13315,0.00,295.00,38.00,22.00,1,1,0.9362,-1
248,64324,36.00,299.00,28.00,24.00,1,1,1.0000,-1
248,50353,88.00,312.00,13.00,10.00,1,7,0.7273,-1
248,87014,283.00,215.00,48.00,23.00,1,1,1.0000,-1
248,52059,760.00,300.00,20.00,20.00,1,7,1.0000,-1
248,55868,30.00,0.00,118.00,76.00,1,1,1.0000,-1
248,91290,332.00,0.00,76.00,29.00,1,1,1.0000,-1
249,27033,30.00,245.00,23.00,32.00,1,7,0.1477,-1
249,13315,0.00,295.00,36.00,22.00,1,1,0.9318,-1
249,64324,34.00,300.00,27.00,23.00,1,1,1.0000,-1
249,50353,86.00,314.00,9.00,9.00,1,7,0.3955,-1
249,87014,280.00,215.00,48.00,23.00,1,1,1.0000,-1
249,52059,757.00,299.00,20.00,21.00,1,7,1.0000,-1
249,55868,17.00,0.00,119.00,76.00,1,1,1.0000,-1
249,91290,323.00,0.00,77.00,29.00,1,1,1.0000,-1
250,27033,28.00,259.00,18.00,19.00,1,7,0.0402,-1
250,13315,0.00,296.00,33.00,22.00,1,1,0.9247,-1
250,64324,31.00,300.00,27.00,24.00,1,1,1.0000,-1
250,50353,83.00,318.00,2.00,2.00,1,7,0.0301,-1
250,87014,278.00,215.00,47.00,23.00,1,1,1.0000,-1
250,52059,754.00,299.00,20.00,21.00,1,7,1.0000,-1
250,55868,3.00,0.00,121.00,76.00,1,1,1.0000,-1
250,91290,314.00,0.00,77.00,29.00,1,1,1.0000,-1
251,27033,25.00,261.00,6.00,15.00,1,7,0.0382,-1
251,13315,0.00,296.00,30.00,22.00,1,1,0.9177,-1
251,64324,29.00,300.00,27.00,24.00,1,1,1.0000,-1
251,87014,275.00,215.00,48.00,23.00,1,1,1.0000,-1
251,52059,752.00,299.00,20.00,21.00,1,7,1.0000,-1
251,55868,0.00,0.00,112.00,77.00,1,1,1.0000,-1
251,91290,306.00,0.00,77.00,29.00,1,1,1.0000,-1
252,13315,0.00,296.00,28.00,22.00,1,1,0.9118,-1
252,64324,26.00,301.00,27.00,23.00,1,1,1.0000,-1
252,87014,272.00,215.00,48.00,24.00,1,1,1.0000,-1
252,52059,749.00,299.00,20.00,21.00,1,7,1.0000,-1
252,55868,0.00,0.00,100.00,77.00,1,1,1.0000,-1
252,91290,297.00,0.00,78.00,29.00,1,1,1.0000,-1
253,13315,0.00,296.00,25.00,22.00,1,1,0.8973,-1
253,64324,23.00,301.00,28.00,23.00,1,1,1.0000,-1
253,87014,269.00,215.00,48.00,24.00,1,1,1.0000,-1
253,52059,747.00,299.00,20.00,21.00,1,7,1.0000,-1
253,55868,0.00,0.00,89.00,77.00,1,1,1.0000,-1
253,91290,289.00,0.00,78.00,29.00,1,1,1.0000,-1
254,13315,0.00,296.00,23.00,22.00,1,1,0.8878,-1
254,64324,21.00,301.00,27.00,23.00,1,1,0.9575,-1
254,87014,267.00,215.00,48.00,24.00,1,1,1.0000,-1
254,52059,744.00,299.00,20.00,21.00,1,7,1.0000,-1
254,55868,0.00,0.00,78.00,77.00,1,1,1.0000,-1
254,91290,280.00,0.00,79.00,30.00,1,1,1.0000,-1
255,13315,0.00,296.00,20.00,22.00,1,7,0.8674,-1
255,64324,18.00,301.00,25.00,23.00,1,1,0.7697,-1
255,87014,264.00,215.00,48.00,24.00,1,1,1.0000,-1
255,52059,742.00,299.00,19.00,21.00,1,7,1.0000,-1
255,55868,0.00,0.00,66.00,77.00,1,1,1.0000,-1
255,91290,272.00,0.00,80.00,29.00,1,1,1.0000,-1
256,13315,0.00,296.00,18.00,22.00,1,7,0.8452,-1
256,64324,16.00,303.00,20.00,21.00,1,7,0.5407,-1
256,87014,262.00,215.00,48.00,23.00,1,1,1.0000,-1
256,52059,739.00,299.00,20.00,21.00,1,7,1.0000,-1
256,55868,0.00,0.00,55.00,77.00,1,1,1.0000,-1
256,91290,265.00,0.00,79.00,29.00,1,1,1.0000,-1
257,13315,0.00,296.00,15.00,21.00,1,7,0.8125,-1
257,64324,13.00,304.00,15.00,19.00,1,7,0.3089,-1
257,87014,259.00,215.00,48.00,23.00,1,1,1.0000,-1
257,52059,737.00,300.00,19.00,20.00,1,7,1.0000,-1
257,55868,0.00,0.00,44.00,76.00,1,1,1.0000,-1
257,91290,257.00,0.00,80.00,29.00,1,1,1.0000,-1
258,13315,0.00,297.00,11.00,20.00,1,7,0.5958,-1
258,64324,11.00,307.00,8.00,14.00,1,7,0.1092,-1
258,87014,257.00,215.00,47.00,23.00,1,1,1.0000,-1
258,52059,734.00,300.00,20.00,20.00,1,7,1.0000,-1
258,55868,0.00,0.00,34.00,75.00,1,1,1.0000,-1
258,91290,250.00,0.00,79.00,29.00,1,1,1.0000,-1
259,13315,0.00,304.00,8.00,12.00,1,7,0.3193,-1
259,87014,254.00,215.00,48.00,23.00,1,1,1.0000,-1
259,52059,732.00,300.00,19.00,21.00,1,7,1.0000,-1
259,55868,0.00,0.00,23.00,71.00,1,1,1.0000,-1
259,91290,242.00,0.00,80.00,29.00,1,1,1.0000,-1
260,13315,0.00,312.00,1.00,2.00,1,7,0.0212,-1
260,87014,252.00,214.00,48.00,23.00,1,1,1.0000,-1
260,52059,730.00,300.00,19.00,21.00,1,7,1.0000,-1
260,55868,0.00,3.00,12.00,57.00,1,7,1.0000,-1
260,91290,235.00,0.00,80.00,29.00,1,1,1.0000,-1
261,87014,249.00,214.00,49.00,23.00,1,1,1.0000,-1
261,52059,727.00,301.00,20.00,20.00,1,7,1.0000,-1
261,55868,0.00,27.00,1.00,14.00,1,7,1.0000,-1
261,91290,228.00,0.00,79.00,29.00,1,1,1.0000,-1
262,87014,247.00,214.00,48.00,23.00,1,1,1.0000,-1
262,52059,725.00,301.00,19.00,21.00,1,7,1.0000,-1
262,91290,220.00,0.00,80.00,28.00,1,1,1.0000,-1
263,87014,244.00,213.00,49.00,24.00,1,1,1.0000,-1
263,52059,722.00,301.00,20.00,21.00,1,7,1.0000,-1
263,91290,213.00,0.00,80.00,28.00,1,1,1.0000,-1
264,87014,242.00,213.00,49.00,23.00,1,1,1.0000,-1
264,52059,720.00,301.00,19.00,21.00,1,7,1.0000,-1
264,91290,206.00,0.00,80.00,28.00,1,1,1.0000,-1
265,87014,239.00,213.00,49.00,23.00,1,1,1.0000,-1
265,52059,717.00,302.00,20.00,20.00,1,7,1.0000,-1
265,91290,198.00,0.00,80.00,28.00,1,1,1.0000,-1
266,44781,64.00,279.00,4.00,7.00,1,7,0.3265,-1
266,87014,237.00,213.00,49.00,23.00,1,1,1.0000,-1
266,52059,715.00,302.00,19.00,20.00,1,7,1.0000,-1
266,91290,191.00,0.00,80.00,27.00,1,1,1.0000,-1
267,44781,59.00,278.00,7.00,8.00,1,7,0.4639,-1
267,87014,234.00,213.00,49.00,23.00,1,1,1.0000,-1
267,52059,712.00,302.00,20.00,20.00,1,7,1.0000,-1
267,91290,183.00,0.00,80.00,27.00,1,1,1.0000,-1
268,44781,53.00,277.00,11.00,9.00,1,7,0.5000,-1
268,50353,54.00,309.00,4.00,9.00,1,7,0.1844,-1
268,87014,232.00,213.00,48.00,23.00,1,1,1.0000,-1
268,52059,710.00,302.00,19.00,21.00,1,7,1.0000,-1
268,91290,175.00,0.00,80.00,27.00,1,1,1.0000,-1
269,44781,50.00,277.00,12.00,9.00,1,7,0.5258,-1
269,50353,47.00,308.00,9.00,11.00,1,7,0.5816,-1
269,87014,229.00,213.00,49.00,23.00,1,1,1.0000,-1
269,52059,707.00,302.00,20.00,20.00,1,7,1.0000,-1
269,91290,166.00,0.00,81.00,27.00,1,1,1.0000,-1
270,44781,48.00,277.00,12.00,9.00,1,7,0.5200,-1
270,50353,40.00,308.00,14.00,11.00,1,7,0.7692,-1
270,87014,226.00,213.00,49.00,23.00,1,1,1.0000,-1
270,52059,705.00,302.00,19.00,20.00,1,7,1.0000,-1
270,91290,158.00,0.00,81.00,27.00,1,1,1.0000,-1
271,44781,46.00,277.00,12.00,10.00,1,7,0.5200,-1
271,50353,38.00,309.00,14.00,10.00,1,7,0.7655,-1
271,87014,224.00,213.00,48.00,23.00,1,1,1.0000,-1
271,52059,702.00,302.00,19.00,20.00,1,7,1.0000,-1
271,91290,149.00,0.00,82.00,27.00,1,1,1.0000,-1
272,44781,44.00,278.00,11.00,9.00,1,7,0.5100,-1
272,50353,36.00,309.00,13.00,10.00,1,7,0.7770,-1
272,87014,221.00,213.00,49.00,23.00,1,1,1.0000,-1
272,52059,700.00,301.00,19.00,21.00,1,7,1.0000,-1
272,91290,140.00,0.00,83.00,27.00,1,1,1.0000,-1
273,44781,42.00,279.00,11.00,8.00,1,7,0.5053,-1
273,50353,33.00,309.00,15.00,11.00,1,7,0.7847,-1
273,87014,218.00,213.00,49.00,23.00,1,1,1.0000,-1
273,52059,697.00,301.00,19.00,21.00,1,7,1.0000,-1
273,91290,130.00,0.00,85.00,28.00,1,1,1.0000,-1
274,44781,40.00,279.00,11.00,9.00,1,7,0.5152,-1
274,50353,31.00,310.00,14.00,10.00,1,7,0.7832,-1
274,87014,215.00,213.00,49.00,24.00,1,1,1.0000,-1
274,52059,694.00,301.00,19.00,21.00,1,7,1.0000,-1
274,91290,120.00,0.00,86.00,28.00,1,1,1.0000,-1
275,44781,41.00,280.00,8.00,8.00,1,7,0.5100,-1
275,50353,29.00,310.00,14.00,11.00,1,7,0.7823,-1
275,87014,212.00,214.00,49.00,23.00,1,1,1.0000,-1
275,52059,692.00,301.00,19.00,20.00,1,7,1.0000,-1
275,91290,110.00,0.00,88.00,28.00,1,1,1.0000,-1
276,44781,35.00,280.00,12.00,9.00,1,7,0.5294,-1
276,50353,27.00,311.00,13.00,10.00,1,7,0.7786,-1
276,87014,209.00,214.00,49.00,23.00,1,1,0.9989,-1
276,52059,689.00,301.00,19.00,20.00,1,7,1.0000,-1
276,91290,101.00,0.00,88.00,29.00,1,1,1.0000,-1
277,44781,33.00,281.00,11.00,9.00,1,7,0.5354,-1
277,50353,24.00,311.00,14.00,11.00,1,7,0.7785,-1
277,87014,206.00,214.00,49.00,24.00,1,1,0.9989,-1
277,52059,686.00,300.00,19.00,21.00,1,7,1.0000,-1
277,91290,91.00,0.00,90.00,29.00,1,1,1.0000,-1
278,44781,34.00,282.00,8.00,8.00,1,7,0.5354,-1
278,50353,22.00,312.00,14.00,10.00,1,7,0.7862,-1
278,87014,203.00,215.00,49.00,23.00,1,1,1.0000,-1
278,52059,683.00,300.00,19.00,21.00,1,7,1.0000,-1
278,91290,81.00,0.00,91.00,30.00,1,1,1.0000,-1
279,44781,32.00,282.00,8.00,9.00,1,7,0.5385,-1
279,50353,19.00,313.00,15.00,10.00,1,7,0.7785,-1
279,87014,200.00,215.00,50.00,23.00,1,1,1.0000,-1
279,52059,681.00,300.00,19.00,21.00,1,7,1.0000,-1
279,91290,72.00,0.00,92.00,30.00,1,1,1.0000,-1
280,44781,29.00,283.00,9.00,8.00,1,7,0.5392,-1
280,50353,17.00,313.00,14.00,10.00,1,7,0.7847,-1
280,87014,197.00,215.00,50.00,24.00,1,1,1.0000,-1
280,52059,678.00,300.00,19.00,20.00,1,7,1.0000,-1
280,91290,62.00,0.00,94.00,30.00,1,1,1.0000,-1
281,44781,27.00,283.00,9.00,8.00,1,7,0.5612,-1
281,50353,15.00,313.00,14.00,11.00,1,7,0.7919,-1
281,87014,195.00,216.00,49.00,23.00,1,1,0.9989,-1
281,52059,675.00,300.00,19.00,20.00,1,7,1.0000,-1
281,91290,53.00,0.00,95.00,30.00,1,1,1.0000,-1
282,44781,25.00,283.00,8.00,9.00,1,7,0.5631,-1
282,50353,12.00,314.00,15.00,10.00,1,7,0.8014,-1
282,87014,192.00,216.00,49.00,23.00,1,1,1.0000,-1
282,52059,673.00,300.00,19.00,20.00,1,7,1.0000,-1
282,91290,44.00,0.00,95.00,31.00,1,1,1.0000,-1
283,44781,23.00,283.00,8.00,9.00,1,7,0.5588,-1
283,50353,10.00,314.00,15.00,10.00,1,7,0.8041,-1
283,87014,189.00,216.00,50.00,23.00,1,1,1.0000,-1
283,52059,670.00,299.00,19.00,21.00,1,7,1.0000,-1
283,91290,35.00,0.00,97.00,31.00,1,1,1.0000,-1
284,44781,21.00,283.00,8.00,9.00,1,7,0.5728,-1
284,50353,8.00,314.00,15.00,10.00,1,7,0.8027,-1
284,87014,186.00,216.00,50.00,23.00,1,1,1.0000,-1
284,52059,668.00,300.00,19.00,20.00,1,7,1.0000,-1
284,91290,27.00,0.00,97.00,31.00,1,1,1.0000,-1
285,44781,19.00,283.00,8.00,9.00,1,7,0.5842,-1
285,50353,6.00,314.00,14.00,10.00,1,7,0.7877,-1
285,87014,184.00,216.00,50.00,23.00,1,1,1.0000,-1
285,52059,665.00,300.00,19.00,20.00,1,7,1.0000,-1
285,91290,19.00,0.00,97.00,31.00,1,1,1.0000,-1
286,44781,16.00,283.00,9.00,8.00,1,7,0.5859,-1
286,50353,4.00,313.00,15.00,11.00,1,7,0.8026,-1
286,87014,181.00,216.00,50.00,23.00,1,1,1.0000,-1
286,52059,663.00,300.00,19.00,20.00,1,7,1.0000,-1
286,91290,11.00,0.00,97.00,31.00,1,1,1.0000,-1
287,44781,15.00,282.00,8.00,9.00,1,7,0.5700,-1
287,50353,2.00,313.00,14.00,10.00,1,7,0.8041,-1
287,87014,179.00,215.00,50.00,24.00,1,1,1.0000,-1
287,52059,660.00,300.00,19.00,20.00,1,7,1.0000,-1
287,91290,3.00,0.00,98.00,30.00,1,1,1.0000,-1
288,44781,12.00,282.00,9.00,9.00,1,7,0.5980,-1
288,50353,0.00,313.00,14.00,10.00,1,7,0.8369,-1
288,87014,176.00,215.00,50.00,23.00,1,1,0.9989,-1
288,52059,658.00,300.00,19.00,21.00,1,7,1.0000,-1
288,91290,0.00,0.00,94.00,30.00,1,1,1.0000,-1
289,44781,11.00,281.00,8.00,9.00,1,7,0.6040,-1
289,50353,0.00,312.00,12.00,10.00,1,7,0.8871,-1
289,87014,174.00,215.00,50.00,23.00,1,1,1.0000,-1
289,52059,655.00,300.00,19.00,21.00,1,7,1.0000,-1
289,91290,0.00,0.00,86.00,30.00,1,1,1.0000,-1
290,44781,8.00,281.00,10.00,9.00,1,7,0.5941,-1
290,50353,0.00,311.00,10.00,11.00,1,7,0.9423,-1
290,87014,171.00,215.00,50.00,23.00,1,1,0.9989,-1
290,52059,653.00,300.00,19.00,21.00,1,7,1.0000,-1
290,91290,0.00,0.00,79.00,29.00,1,1,1.0000,-1
290,52916,1021.00,262.00,2.00,9.00,1,7,1.0000,-1
291,44781,7.00,280.00,9.00,9.00,1,7,0.5922,-1
291,50353,0.00,311.00,8.00,10.00,1,7,0.9878,-1
291,87014,169.00,214.00,50.00,23.00,1,1,1.0000,-1
291,52059,651.00,301.00,18.00,20.00,1,7,1.0000,-1
291,91290,0.00,0.00,72.00,29.00,1,1,1.0000,-1
291,52916,1014.00,260.00,9.00,17.00,1,7,1.0000,-1
292,44781,5.00,280.00,9.00,8.00,1,7,0.6162,-1
292,50353,0.00,310.00,6.00,11.00,1,7,1.0000,-1
292,87014,166.00,214.00,51.00,23.00,1,1,1.0000,-1
292,52059,648.00,301.00,19.00,20.00,1,7,1.0000,-1
292,91290,0.00,0.00,64.00,28.00,1,1,1.0000,-1
292,52916,1007.00,261.00,16.00,18.00,1,7,1.0000,-1
293,44781,2.00,279.00,10.00,9.00,1,7,0.6117,-1
293,50353,0.00,311.00,4.00,9.00,1,7,1.0000,-1
293,87014,164.00,213.00,50.00,24.00,1,1,0.9989,-1
293,52059,646.00,301.00,18.00,21.00,1,7,1.0000,-1
293,91290,0.00,0.00,57.00,28.00,1,1,1.0000,-1
293,52916,1000.00,261.00,23.00,18.00,1,1,1.0000,-1
294,44781,1.00,278.00,9.00,9.00,1,7,0.7143,-1
294,50353,0.00,312.00,2.00,7.00,1,7,1.0000,-1
294,87014,161.00,213.00,51.00,23.00,1,1,1.0000,-1
294,52059,643.00,301.00,19.00,21.00,1,7,1.0000,-1
294,91290,0.00,0.00,50.00,27.00,1,1,1.0000,-1
294,52916,993.00,262.00,26.00,18.00,1,1,1.0000,-1
295,44781,0.00,278.00,8.00,9.00,1,7,0.7949,-1
295,50353,0.00,314.00,0.00,3.00,1,7,1.0000,-1
295,87014,159.00,213.00,51.00,23.00,1,1,1.0000,-1
295,52059,641.00,301.00,19.00,21.00,1,7,1.0000,-1
295,91290,0.00,0.00,42.00,27.00,1,1,1.0000,-1
295,52916,986.00,262.00,26.00,18.00,1,1,1.0000,-1
296,44781,0.00,277.00,6.00,9.00,1,7,0.9107,-1
296,87014,156.00,212.00,51.00,24.00,1,1,1.0000,-1
296,52059,638.00,301.00,19.00,21.00,1,7,1.0000,-1
296,91290,0.00,0.00,35.00,26.00,1,1,1.0000,-1
296,52916,979.00,263.00,26.00,18.00,1,1,1.0000,-1
297,44781,0.00,277.00,4.00,9.00,1,7,0.9167,-1
297,87014,154.00,212.00,51.00,23.00,1,1,1.0000,-1
297,52059,636.00,301.00,19.00,21.00,1,7,1.0000,-1
297,91290,0.00,0.00,27.00,26.00,1,1,1.0000,-1
297,52916,972.00,263.00,26.00,18.00,1,1,1.0000,-1
298,44781,0.00,279.00,2.00,5.00,1,7,0.8235,-1
298,87014,151.00,212.00,51.00,23.00,1,1,0.9989,-1
298,52059,633.00,301.00,19.00,21.00,1,7,1.0000,-1
298,91290,0.00,0.00,20.00,26.00,1,7,1.0000,-1
298,52916,965.00,263.00,25.00,18.00,1,1,1.0000,-1
299,44781,0.00,281.00,0.00,2.00,1,7,0.7500,-1
299,87014,148.00,212.00,52.00,23.00,1,1,1.0000,-1
299,52059,631.00,301.00,18.00,21.00,1,7,1.0000,-1
299,91290,0.00,0.00,12.00,26.00,1,7,1.0000,-1
299,52916,957.00,263.00,26.00,18.00,1,1,1.0000,-1
300,87014,146.00,212.00,51.00,23.00,1,1,1.0000,-1
300,52059,628.00,301.00,19.00,21.00,1,7,1.0000,-1
300,91290,0.00,6.00,4.00,18.00,1,7,1.0000,-1
300,52916,950.00,263.00,26.00,18.00,1,1,1.0000,-1
301,87014,143.00,212.00,51.00,23.00,1,1,0.9989,-1
301,52059,626.00,301.00,18.00,21.00,1,7,1.0000,-1
301,52916,943.00,263.00,25.00,18.00,1,1,1.0000,-1
302,87014,140.00,212.00,51.00,24.00,1,1,1.0000,-1
302,52059,623.00,301.00,19.00,21.00,1,7,1.0000,-1
302,52916,935.00,262.00,26.00,18.00,1,1,1.0000,-1
303,87014,137.00,213.00,52.00,23.00,1,1,1.0000,-1
303,52059,620.00,301.00,19.00,21.00,1,7,1.0000,-1
303,52916,928.00,262.00,25.00,18.00,1,1,1.0000,-1
304,87014,134.00,213.00,52.00,23.00,1,1,1.0000,-1
304,52059,618.00,301.00,18.00,21.00,1,7,1.0000,-1
304,52916,920.00,261.00,26.00,19.00,1,1,1.0000,-1
305,87014,132.00,214.00,51.00,23.00,1,1,1.0000,-1
305,52059,615.00,301.00,19.00,20.00,1,7,1.0000,-1
305,52916,913.00,261.00,25.00,18.00,1,1,1.0000,-1
306,87014,129.00,214.00,51.00,23.00,1,1,1.0000,-1
306,52059,612.00,301.00,19.00,20.00,1,7,1.0000,-1
306,52916,905.00,260.00,26.00,18.00,1,1,1.0000,-1
307,87014,126.00,214.00,51.00,24.00,1,1,0.9989,-1
307,52059,610.00,300.00,18.00,21.00,1,7,1.0000,-1
307,52916,897.00,260.00,26.00,18.00,1,1,1.0000,-1
308,87014,123.00,215.00,51.00,23.00,1,1,1.0000,-1
308,52059,607.00,300.00,19.00,21.00,1,7,1.0000,-1
308,46369,1011.00,323.00,6.00,7.00,1,7,0.0765,-1
308,52916,890.00,259.00,26.00,18.00,1,1,1.0000,-1
309,87014,120.00,215.00,52.00,23.00,1,1,1.0000,-1
309,52059,604.00,300.00,19.00,21.00,1,7,1.0000,-1
309,46369,1001.00,320.00,14.00,12.00,1,7,0.4670,-1
309,52916,882.00,259.00,26.00,18.00,1,1,1.0000,-1
310,87014,117.00,216.00,52.00,23.00,1,1,1.0000,-1
310,52059,602.00,300.00,18.00,21.00,1,7,1.0000,-1
310,46369,993.00,319.00,19.00,13.00,1,7,0.8641,-1
310,52916,875.00,258.00,26.00,19.00,1,1,1.0000,-1
311,87014,114.00,216.00,52.00,23.00,1,1,1.0000,-1
311,52059,599.00,300.00,19.00,21.00,1,7,1.0000,-1
311,46369,990.00,319.00,20.00,12.00,1,7,1.0000,-1
311,52916,867.00,258.00,26.00,18.00,1,1,1.0000,-1
312,87014,111.00,216.00,52.00,23.00,1,1,1.0000,-1
312,52059,596.00,300.00,19.00,21.00,1,7,1.0000,-1
312,46369,988.00,318.00,19.00,13.00,1,7,1.0000,-1
312,52916,860.00,258.00,26.00,18.00,1,1,1.0000,-1
313,87014,109.00,216.00,52.00,24.00,1,1,1.0000,-1
313,52059,594.00,300.00,18.00,21.00,1,7,1.0000,-1
313,46369,985.00,318.00,20.00,13.00,1,7,1.0000,-1
313,52916,852.00,258.00,27.00,18.00,1,1,1.0000,-1
314,87014,106.00,216.00,52.00,24.00,1,1,1.0000,-1
314,52059,591.00,300.00,19.00,21.00,1,7,1.0000,-1
314,46369,983.00,318.00,19.00,13.00,1,7,1.0000,-1
314,52916,845.00,258.00,27.00,18.00,1,1,1.0000,-1
315,87014,103.00,216.00,52.00,24.00,1,1,0.9989,-1
315,52059,589.00,300.00,18.00,21.00,1,7,1.0000,-1
315,46369,980.00,318.00,20.00,13.00,1,7,1.0000,-1
315,52916,838.00,258.00,26.00,18.00,1,1,1.0000,-1
316,87014,101.00,216.00,52.00,23.00,1,1,1.0000,-1
316,52059,586.00,300.00,19.00,21.00,1,7,1.0000,-1
316,46369,978.00,319.00,19.00,12.00,1,7,1.0000,-1
316,52916,831.00,258.00,26.00,18.00,1,1,1.0000,-1
317,87014,98.00,216.00,52.00,23.00,1,1,1.0000,-1
317,52059,584.00,300.00,18.00,21.00,1,7,1.0000,-1
317,46369,975.00,319.00,20.00,13.00,1,7,1.0000,-1
317,52916,824.00,258.00,26.00,19.00,1,1,1.0000,-1
318,87014,96.00,216.00,52.00,23.00,1,1,1.0000,-1
318,52059,581.00,300.00,19.00,21.00,1,7,1.0000,-1
318,46369,973.00,319.00,20.00,13.00,1,7,1.0000,-1
318,52916,817.00,259.00,26.00,18.00,1,1,1.0000,-1
319,87014,93.00,215.00,53.00,23.00,1,1,1.0000,-1
319,52059,579.00,300.00,18.00,21.00,1,7,1.0000,-1
319,46369,970.00,320.00,20.00,13.00,1,7,1.0000,-1
319,52916,809.00,259.00,27.00,18.00,1,1,1.0000,-1
320,87014,91.00,215.00,52.00,23.00,1,1,1.0000,-1
320,52059,576.00,300.00,19.00,21.00,1,7,1.0000,-1
320,46369,968.00,320.00,20.00,13.00,1,7,1.0000,-1
320,52916,802.00,259.00,27.00,19.00,1,1,1.0000,-1
321,87014,88.00,214.00,53.00,24.00,1,1,1.0000,-1
321,52059,574.00,301.00,19.00,20.00,1,7,1.0000,-1
321,46369,966.00,321.00,19.00,13.00,1,7,1.0000,-1
321,52916,795.00,260.00,27.00,18.00,1,1,1.0000,-1
322,87014,86.00,214.00,53.00,23.00,1,1,1.0000,-1
322,52059,571.00,301.00,19.00,20.00,1,7,1.0000,-1
322,46369,963.00,321.00,20.00,13.00,1,7,1.0000,-1
322,52916,788.00,260.00,27.00,19.00,1,1,1.0000,-1
323,87014,83.00,213.00,53.00,24.00,1,1,1.0000,-1
323,52059,569.00,301.00,19.00,20.00,1,7,1.0000,-1
323,46369,961.00,322.00,20.00,13.00,1,7,1.0000,-1
323,52916,781.00,261.00,27.00,18.00,1,1,1.0000,-1
324,87014,81.00,213.00,53.00,23.00,1,1,1.0000,-1
324,52059,567.00,301.00,18.00,20.00,1,7,1.0000,-1
324,46369,959.00,323.00,19.00,12.00,1,7,1.0000,-1
324,52916,774.00,261.00,26.00,18.00,1,1,0.9947,-1
325,87014,78.00,213.00,53.00,23.00,1,1,1.0000,-1
325,52059,564.00,301.00,19.00,20.00,1,7,1.0000,-1
325,58809,1023.00,309.00,0.00,2.00,1,7,0.0714,-1
325,46369,956.00,323.00,20.00,13.00,1,7,1.0000,-1
325,52916,767.00,261.00,26.00,18.00,1,1,0.9893,-1
326,87014,76.00,212.00,53.00,23.00,1,1,1.0000,-1
326,52059,562.00,301.00,19.00,21.00,1,7,1.0000,-1
326,58809,1020.00,308.00,3.00,4.00,1,7,0.1818,-1
326,46369,954.00,324.00,19.00,12.00,1,7,0.9944,-1
326,52916,760.00,261.00,25.00,19.00,1,1,0.9842,-1
327,87014,73.00,212.00,53.00,23.00,1,1,0.9990,-1
327,52059,559.00,301.00,19.00,21.00,1,7,1.0000,-1
327,58809,1018.00,306.00,5.00,6.00,1,7,0.2500,-1
327,46369,951.00,324.00,20.00,12.00,1,7,1.0000,-1
327,52916,753.00,262.00,25.00,18.00,1,1,0.9784,-1
328,87014,71.00,212.00,53.00,23.00,1,1,1.0000,-1
328,52059,557.00,301.00,19.00,21.00,1,7,1.0000,-1
328,58809,1016.00,305.00,7.00,8.00,1,7,0.3067,-1
328,46369,949.00,324.00,20.00,13.00,1,7,1.0000,-1
328,52916,746.00,262.00,24.00,18.00,1,1,0.9703,-1
329,87014,68.00,212.00,53.00,23.00,1,1,1.0000,-1
329,52059,554.00,301.00,19.00,21.00,1,7,1.0000,-1
329,58809,1013.00,303.00,10.00,11.00,1,7,0.3636,-1
329,46369,947.00,324.00,19.00,13.00,1,7,1.0000,-1
329,52916,738.00,262.00,25.00,18.00,1,1,0.9516,-1
330,87014,66.00,212.00,53.00,23.00,1,1,1.0000,-1
330,52059,551.00,301.00,19.00,21.00,1,7,1.0000,-1
330,58809,1011.00,301.00,12.00,12.00,1,7,0.4111,-1
330,46369,944.00,324.00,20.00,13.00,1,7,1.0000,-1
330,52916,731.00,262.00,24.00,18.00,1,1,0.9332,-1
331,87014,63.00,212.00,53.00,23.00,1,1,1.0000,-1
331,52059,549.00,301.00,19.00,20.00,1,7,1.0000,-1
331,58809,1009.00,299.00,14.00,14.00,1,7,0.4548,-1
331,46369,942.00,324.00,19.00,12.00,1,7,1.0000,-1
331,52916,724.00,261.00,23.00,19.00,1,1,0.9194,-1
332,87014,60.00,212.00,53.00,23.00,1,1,0.9990,-1
332,52059,546.00,301.00,19.00,20.00,1,7,1.0000,-1
332,58809,1007.00,297.00,16.00,16.00,1,7,0.5000,-1
332,46369,939.00,323.00,20.00,13.00,1,7,1.0000,-1
332,52916,716.00,261.00,23.00,18.00,1,1,0.8984,-1
333,87014,57.00,212.00,53.00,23.00,1,1,0.9990,-1
333,52059,544.00,301.00,19.00,20.00,1,7,1.0000,-1
333,58809,1004.00,295.00,19.00,18.00,1,7,0.5503,-1
333,46369,937.00,323.00,19.00,13.00,1,7,1.0000,-1
333,52916,709.00,261.00,22.00,18.00,1,1,0.8800,-1
334,87014,54.00,213.00,54.00,23.00,1,1,1.0000,-1
334,52059,541.00,301.00,19.00,20.00,1,7,1.0000,-1
334,58809,1002.00,294.00,21.00,18.00,1,1,0.5678,-1
334,46369,934.00,323.00,19.00,12.00,1,7,1.0000,-1
334,52916,701.00,261.00,22.00,18.00,1,1,0.8587,-1
335,87014,51.00,213.00,54.00,23.00,1,1,0.9990,-1
335,52059,538.00,301.00,19.00,20.00,1,7,1.0000,-1
335,58809,999.00,294.00,21.00,17.00,1,1,0.5657,-1
335,46369,931.00,322.00,20.00,13.00,1,7,1.0000,-1
335,52916,693.00,261.00,22.00,18.00,1,1,0.8373,-1
336,87014,48.00,214.00,54.00,23.00,1,1,1.0000,-1
336,52059,535.00,301.00,20.00,20.00,1,7,1.0000,-1
336,58809,997.00,293.00,21.00,18.00,1,1,0.5736,-1
336,46369,929.00,322.00,19.00,12.00,1,7,1.0000,-1
336,52916,686.00,260.00,20.00,18.00,1,7,0.8095,-1
337,87014,45.00,214.00,54.00,23.00,1,1,0.9990,-1
337,52059,533.00,301.00,19.00,20.00,1,7,1.0000,-1
337,58809,995.00,293.00,20.00,17.00,1,7,0.5696,-1
337,46369,926.00,321.00,20.00,13.00,1,7,1.0000,-1
337,52916,678.00,260.00,20.00,18.00,1,7,0.7916,-1
338,87014,43.00,215.00,53.00,23.00,1,1,1.0000,-1
338,52059,530.00,300.00,19.00,21.00,1,7,1.0000,-1
338,58809,992.00,292.00,21.00,18.00,1,1,0.5823,-1
338,46369,924.00,320.00,19.00,13.00,1,7,1.0000,-1
338,52916,670.00,260.00,20.00,18.00,1,7,0.7680,-1
339,87014,40.00,215.00,53.00,24.00,1,1,0.9990,-1
339,52059,527.00,300.00,19.00,21.00,1,7,1.0000,-1
339,58809,990.00,291.00,21.00,18.00,1,1,0.5816,-1
339,46369,921.00,320.00,19.00,13.00,1,7,1.0000,-1
339,52916,663.00,260.00,19.00,18.00,1,7,0.7406,-1
340,87014,37.00,216.00,53.00,23.00,1,1,1.0000,-1
340,52059,525.00,300.00,19.00,21.00,1,7,1.0000,-1
340,58809,987.00,291.00,21.00,18.00,1,1,0.5808,-1
340,46369,918.00,319.00,20.00,13.00,1,7,1.0000,-1
340,52916,655.00,259.00,19.00,18.00,1,7,0.7135,-1
341,87014,34.00,216.00,54.00,23.00,1,1,1.0000,-1
341,52059,522.00,300.00,19.00,21.00,1,7,1.0000,-1
341,58809,985.00,290.00,21.00,18.00,1,1,0.5897,-1
341,46369,916.00,319.00,19.00,13.00,1,7,1.0000,-1
341,52916,648.00,259.00,17.00,18.00,1,7,0.6852,-1
342,87014,31.00,216.00,54.00,24.00,1,1,0.9990,-1
342,52059,519.00,300.00,20.00,21.00,1,7,1.0000,-1
342,58809,982.00,290.00,21.00,18.00,1,1,0.5884,-1
342,46369,913.00,319.00,19.00,13.00,1,7,1.0000,-1
342,52916,640.00,259.00,17.00,18.00,1,7,0.6580,-1
343,87014,28.00,217.00,54.00,23.00,1,1,1.0000,-1
343,52059,517.00,300.00,19.00,21.00,1,7,1.0000,-1
343,58809,980.00,289.00,21.00,19.00,1,1,0.5964,-1
343,46369,911.00,319.00,19.00,13.00,1,7,1.0000,-1
343,52916,633.00,259.00,16.00,18.00,1,7,0.6335,-1
344,87014,25.00,217.00,55.00,23.00,1,1,0.9990,-1
344,52059,514.00,300.00,19.00,21.00,1,7,1.0000,-1
344,58809,978.00,290.00,20.00,17.00,1,7,0.5902,-1
344,46369,908.00,319.00,19.00,12.00,1,7,1.0000,-1
344,52916,625.00,259.00,16.00,18.00,1,7,0.6089,-1
345,87014,23.00,217.00,54.00,23.00,1,1,1.0000,-1
345,52059,511.00,300.00,20.00,21.00,1,7,1.0000,-1
345,58809,976.00,290.00,20.00,17.00,1,7,0.5897,-1
345,46369,906.00,319.00,19.00,13.00,1,7,1.0000,-1
345,52916,618.00,259.00,15.00,18.00,1,7,0.5855,-1
346,87014,20.00,217.00,54.00,23.00,1,1,0.9990,-1
346,52059,509.00,300.00,19.00,21.00,1,7,1.0000,-1
346,58809,973.00,289.00,21.00,19.00,1,1,0.6005,-1
346,46369,903.00,319.00,19.00,13.00,1,7,1.0000,-1
346,52916,611.00,259.00,14.00,18.00,1,7,0.5497,-1
347,87014,18.00,216.00,54.00,24.00,1,1,0.9990,-1
347,52059,506.00,300.00,20.00,21.00,1,7,1.0000,-1
347,58809,971.00,290.00,21.00,18.00,1,1,0.6026,-1
347,46369,901.00,319.00,19.00,13.00,1,7,1.0000,-1
347,52916,603.00,259.00,15.00,18.00,1,7,0.5314,-1
348,87014,15.00,216.00,55.00,23.00,1,1,1.0000,-1
348,52059,504.00,301.00,19.00,20.00,1,7,1.0000,-1
348,58809,968.00,290.00,21.00,18.00,1,1,0.6016,-1
348,46369,899.00,319.00,19.00,13.00,1,7,1.0000,-1
348,52916,596.00,260.00,14.00,17.00,1,7,0.5052,-1
349,87014,13.00,216.00,54.00,23.00,1,1,1.0000,-1
349,52059,501.00,300.00,20.00,21.00,1,7,1.0000,-1
349,58809,967.00,291.00,20.00,18.00,1,7,0.6072,-1
349,46369,896.00,320.00,19.00,13.00,1,7,1.0000,-1
349,52916,589.00,260.00,13.00,17.00,1,7,0.4751,-1
350,87014,10.00,215.00,55.00,23.00,1,1,1.0000,-1
350,52059,499.00,301.00,20.00,20.00,1,7,1.0000,-1
350,58809,964.00,291.00,21.00,18.00,1,1,0.6082,-1
350,46369,894.00,320.00,19.00,13.00,1,7,1.0000,-1
350,52916,582.00,260.00,13.00,17.00,1,7,0.4368,-1
351,87014,8.00,215.00,54.00,23.00,1,1,1.0000,-1
351,52059,497.00,301.00,19.00,20.00,1,7,1.0000,-1
351,58809,962.00,291.00,21.00,19.00,1,1,0.6134,-1
351,46369,891.00,321.00,19.00,13.00,1,7,1.0000,-1
351,52916,575.00,260.00,12.00,16.00,1,7,0.4175,-1
352,87014,5.00,214.00,55.00,23.00,1,1,1.0000,-1
352,52059,494.00,301.00,20.00,20.00,1,7,1.0000,-1
352,58809,960.00,292.00,21.00,18.00,1,1,0.6124,-1
352,46369,889.00,321.00,19.00,13.00,1,7,1.0000,-1
352,52916,568.00,260.00,11.00,16.00,1,7,0.3840,-1
353,87014,3.00,213.00,54.00,24.00,1,1,0.9990,-1
353,52059,492.00,301.00,19.00,20.00,1,7,1.0000,-1
353,58809,958.00,293.00,21.00,18.00,1,1,0.6188,-1
353,46369,887.00,322.00,19.00,13.00,1,7,1.0000,-1
353,52916,561.00,260.00,11.00,16.00,1,7,0.3634,-1
354,87014,0.00,213.00,55.00,23.00,1,1,0.9990,-1
354,52059,489.00,301.00,20.00,20.00,1,7,1.0000,-1
354,58809,955.00,293.00,21.00,19.00,1,1,0.6208,-1
354,46369,884.00,322.00,19.00,13.00,1,7,1.0000,-1
354,52916,554.00,260.00,10.00,16.00,1,7,0.3230,-1
355,87014,0.00,212.00,53.00,24.00,1,1,1.0000,-1
355,52059,487.00,301.00,20.00,20.00,1,7,1.0000,-1
355,58809,954.00,294.00,20.00,18.00,1,7,0.6201,-1
355,46369,882.00,323.00,19.00,12.00,1,7,1.0000,-1
355,52916,547.00,260.00,9.00,15.00,1,7,0.2891,-1
356,87014,0.00,212.00,50.00,23.00,1,1,0.9990,-1
356,52059,484.00,301.00,20.00,20.00,1,7,1.0000,-1
356,58809,951.00,294.00,21.00,18.00,1,1,0.6276,-1
356,46369,879.00,323.00,20.00,13.00,1,7,1.0000,-1
356,52916,539.00,260.00,9.00,15.00,1,7,0.2532,-1
357,87014,0.00,212.00,48.00,23.00,1,1,1.0000,-1
357,52059,482.00,301.00,20.00,20.00,1,7,1.0000,-1
357,58809,949.00,295.00,21.00,18.00,1,1,0.6230,-1
357,46369,877.00,323.00,19.00,13.00,1,7,1.0000,-1
357,52916,532.00,260.00,8.00,14.00,1,7,0.2185,-1
358,87014,0.00,211.00,45.00,23.00,1,1,0.9989,-1
358,52059,479.00,301.00,20.00,20.00,1,7,1.0000,-1
358,58809,947.00,295.00,21.00,18.00,1,1,0.6302,-1
358,46369,875.00,323.00,19.00,13.00,1,7,1.0000,-1
358,52916,525.00,260.00,7.00,14.00,1,7,0.1809,-1
359,87014,0.00,211.00,43.00,23.00,1,1,0.9988,-1
359,52059,477.00,300.00,20.00,21.00,1,7,0.9652,-1
359,58809,945.00,295.00,20.00,18.00,1,7,0.6393,-1
359,46369,872.00,324.00,19.00,12.00,1,7,1.0000,-1
359,52916,518.00,261.00,6.00,12.00,1,7,0.1458,-1
360,87014,0.00,211.00,40.00,23.00,1,1,0.9988,-1
360,52059,474.00,301.00,19.00,20.00,1,7,0.8242,-1
360,58809,942.00,295.00,21.00,18.00,1,1,0.6404,-1
360,46369,870.00,323.00,19.00,13.00,1,7,1.0000,-1
360,52916,510.00,261.00,5.00,12.00,1,7,0.1131,-1
361,87014,0.00,211.00,37.00,23.00,1,1,0.9987,-1
361,52059,472.00,303.00,16.00,18.00,1,7,0.6185,-1
361,58809,940.00,295.00,21.00,18.00,1,1,0.6404,-1
361,46369,867.00,323.00,19.00,13.00,1,7,1.0000,-1
361,52916,503.00,261.00,4.00,11.00,1,7,0.0972,-1
362,87014,0.00,211.00,35.00,24.00,1,1,1.0000,-1
362,52059,469.00,305.00,14.00,16.00,1,7,0.4150,-1
362,58809,937.00,294.00,21.00,19.00,1,1,0.6508,-1
362,46369,865.00,323.00,19.00,13.00,1,7,1.0000,-1
362,52916,495.00,262.00,4.00,8.00,1,7,0.0711,-1
363,87014,0.00,212.00,32.00,23.00,1,1,1.0000,-1
363,52059,466.00,308.00,10.00,13.00,1,7,0.2126,-1
363,58809,935.00,294.00,21.00,18.00,1,1,0.6430,-1
363,46369,862.00,323.00,19.00,13.00,1,7,1.0000,-1
363,52916,488.00,262.00,2.00,7.00,1,7,0.0403,-1
364,87014,0.00,212.00,29.00,23.00,1,1,0.9982,-1
364,52059,464.00,314.00,5.00,7.00,1,7,0.0462,-1
364,58809,932.00,293.00,21.00,19.00,1,1,0.6457,-1
364,46369,860.00,323.00,18.00,12.00,1,7,1.0000,-1
364,52916,480.00,262.00,2.00,6.00,1,7,0.0304,-1
365,87014,0.00,213.00,27.00,22.00,1,1,1.0000,-1
365,58809,930.00,293.00,21.00,18.00,1,1,0.6491,-1
365,46369,857.00,322.00,19.00,13.00,1,7,1.0000,-1
365,52916,473.00,263.00,0.00,2.00,1,7,0.0076,-1
366,87014,0.00,214.00,23.00,21.00,1,1,0.9976,-1
366,58809,928.00,292.00,20.00,19.00,1,7,0.6533,-1
366,46369,854.00,322.00,19.00,12.00,1,7,1.0000,-1
366,52916,465.00,263.00,0.00,2.00,1,7,0.0075,-1
367,87014,0.00,214.00,21.00,22.00,1,1,1.0000,-1
367,58809,925.00,292.00,21.00,18.00,1,1,0.6526,-1
367,46369,852.00,321.00,19.00,13.00,1,7,1.0000,-1
368,87014,0.00,215.00,18.00,21.00,1,7,1.0000,-1
368,58809,923.00,291.00,20.00,19.00,1,7,0.6524,-1
368,46369,849.00,321.00,19.00,13.00,1,7,1.0000,-1
369,87014,0.00,216.00,15.00,20.00,1,7,0.9958,-1
369,58809,920.00,291.00,21.00,18.00,1,1,0.6553,-1
369,46369,847.00,321.00,18.00,12.00,1,7,0.9940,-1
370,87014,0.00,217.00,12.00,19.00,1,7,1.0000,-1
370,58809,918.00,290.00,21.00,19.00,1,1,0.6631,-1
370,46369,844.00,320.00,19.00,13.00,1,7,1.0000,-1
371,87014,0.00,219.00,9.00,16.00,1,7,0.9920,-1
371,58809,916.00,290.00,20.00,19.00,1,7,0.6640,-1
371,46369,841.00,320.00,19.00,12.00,1,7,1.0000,-1
372,87014,0.00,220.00,7.00,14.00,1,7,0.9875,-1
372,58809,913.00,289.00,21.00,19.00,1,1,0.6676,-1
372,46369,839.00,319.00,19.00,13.00,1,7,1.0000,-1
373,87014,0.00,222.00,4.00,10.00,1,7,1.0000,-1
373,58809,911.00,289.00,20.00,19.00,1,7,0.6712,-1
373,46369,836.00,319.00,19.00,13.00,1,7,1.0000,-1
374,87014,0.00,223.00,1.00,7.00,1,7,0.9286,-1
374,58809,909.00,289.00,20.00,19.00,1,7,0.6738,-1
374,46369,834.00,319.00,19.00,13.00,1,7,1.0000,-1
375,58809,906.00,289.00,21.00,19.00,1,1,0.6765,-1
375,46369,831.00,319.00,19.00,13.00,1,7,1.0000,-1
376,58809,904.00,289.00,20.00,19.00,1,7,0.6838,-1
376,46369,829.00,319.00,19.00,13.00,1,7,1.0000,-1
377,58809,902.00,289.00,20.00,19.00,1,7,0.6829,-1
377,46369,826.00,319.00,19.00,13.00,1,7,1.0000,-1
378,58809,899.00,290.00,21.00,18.00,1,1,0.6818,-1
378,46369,824.00,319.00,19.00,13.00,1,7,1.0000,-1
379,58809,897.00,290.00,21.00,19.00,1,1,0.6873,-1
379,46369,822.00,320.00,18.00,13.00,1,7,1.0000,-1
379,52916,402.00,277.00,0.00,0.00,1,7,0.0025,-1
380,58809,895.00,290.00,20.00,19.00,1,7,0.6819,-1
380,46369,819.00,320.00,19.00,13.00,1,7,1.0000,-1
380,52916,394.00,276.00,1.00,1.00,1,7,0.0073,-1
381,52059,432.00,305.00,8.00,15.00,1,7,0.1467,-1
381,58809,893.00,291.00,20.00,19.00,1,7,0.6957,-1
381,46369,817.00,321.00,18.00,12.00,1,7,1.0000,-1
381,52916,386.00,275.00,2.00,2.00,1,7,0.0147,-1
382,52059,424.00,301.00,14.00,20.00,1,7,0.4220,-1
382,58809,891.00,291.00,20.00,19.00,1,7,0.6929,-1
382,46369,814.00,321.00,19.00,13.00,1,7,1.0000,-1
382,52916,377.00,271.00,4.00,6.00,1,7,0.0290,-1
383,52059,417.00,300.00,19.00,21.00,1,7,0.7162,-1
383,58809,889.00,292.00,20.00,19.00,1,7,0.7000,-1
383,46369,812.00,321.00,19.00,13.00,1,7,1.0000,-1
383,52916,369.00,270.00,5.00,7.00,1,7,0.0505,-1
384,52059,411.00,300.00,22.00,21.00,1,1,0.9549,-1
384,58809,886.00,292.00,21.00,19.00,1,1,0.7019,-1
384,46369,810.00,322.00,18.00,13.00,1,7,1.0000,-1
384,52916,361.00,268.00,6.00,9.00,1,7,0.0676,-1
385,52059,409.00,300.00,22.00,21.00,1,1,1.0000,-1
385,58809,884.00,293.00,21.00,19.00,1,1,0.6957,-1
385,46369,807.00,322.00,19.00,13.00,1,7,1.0000,-1
385,52916,353.00,267.00,7.00,10.00,1,7,0.0867,-1
386,52059,406.00,300.00,22.00,21.00,1,1,1.0000,-1
386,58809,882.00,293.00,20.00,19.00,1,7,0.7077,-1
386,46369,805.00,322.00,19.00,13.00,1,7,1.0000,-1
386,52916,345.00,266.00,8.00,11.00,1,7,0.1106,-1
387,52059,404.00,300.00,22.00,21.00,1,1,1.0000,-1
387,58809,880.00,293.00,20.00,19.00,1,7,0.7030,-1
387,46369,803.00,323.00,18.00,12.00,1,7,1.0000,-1
387,52916,337.00,265.00,8.00,12.00,1,7,0.1295,-1
388,52059,401.00,300.00,23.00,21.00,1,1,1.0000,-1
388,58809,878.00,294.00,20.00,19.00,1,7,0.7084,-1
388,46369,800.00,323.00,19.00,13.00,1,7,1.0000,-1
388,52916,329.00,265.00,9.00,12.00,1,7,0.1568,-1
389,52059,399.00,300.00,22.00,21.00,1,1,1.0000,-1
389,58809,876.00,294.00,20.00,19.00,1,7,0.7131,-1
389,46369,798.00,323.00,18.00,13.00,1,7,1.0000,-1
389,52916,321.00,264.00,10.00,13.00,1,7,0.1853,-1
390,52059,396.00,300.00,23.00,21.00,1,1,1.0000,-1
390,58809,873.00,294.00,20.00,19.00,1,7,0.7178,-1
390,46369,795.00,323.00,19.00,13.00,1,7,1.0000,-1
390,52916,313.00,264.00,11.00,13.00,1,7,0.2071,-1
391,52059,394.00,300.00,22.00,21.00,1,1,1.0000,-1
391,58809,871.00,294.00,20.00,19.00,1,7,0.7166,-1
391,46369,793.00,323.00,18.00,13.00,1,7,1.0000,-1
391,52916,305.00,263.00,11.00,14.00,1,7,0.2199,-1
392,52059,391.00,300.00,22.00,21.00,1,1,1.0000,-1
392,58809,868.00,294.00,21.00,18.00,1,1,0.7182,-1
392,46369,790.00,323.00,19.00,13.00,1,7,1.0000,-1
392,52916,296.00,262.00,13.00,15.00,1,7,0.2447,-1
393,52059,388.00,300.00,23.00,21.00,1,1,1.0000,-1
393,58809,866.00,293.00,20.00,19.00,1,7,0.7120,-1
393,46369,788.00,323.00,18.00,12.00,1,7,1.0000,-1
393,52916,288.00,262.00,13.00,15.00,1,7,0.2665,-1
394,52059,386.00,300.00,22.00,21.00,1,1,1.0000,-1
394,58809,864.00,293.00,20.00,19.00,1,7,0.7182,-1
394,46369,785.00,322.00,19.00,13.00,1,7,1.0000,-1
394,52916,280.00,262.00,14.00,15.00,1,7,0.2904,-1
395,52059,383.00,300.00,23.00,21.00,1,1,1.0000,-1
395,58809,861.00,293.00,21.00,18.00,1,1,0.7205,-1
395,46369,782.00,322.00,19.00,13.00,1,7,1.0000,-1
395,52916,272.00,262.00,14.00,16.00,1,7,0.3115,-1
396,52059,380.00,300.00,23.00,21.00,1,1,1.0000,-1
396,58809,859.00,292.00,20.00,19.00,1,7,0.7310,-1
396,46369,780.00,322.00,18.00,13.00,1,7,1.0000,-1
396,52916,264.00,262.00,15.00,16.00,1,7,0.3302,-1
397,52059,377.00,300.00,23.00,21.00,1,1,1.0000,-1
397,58809,856.00,292.00,21.00,19.00,1,1,0.7342,-1
397,46369,777.00,321.00,19.00,13.00,1,7,1.0000,-1
397,52916,255.00,262.00,16.00,16.00,1,7,0.3619,-1
398,52059,375.00,301.00,23.00,20.00,1,1,1.0000,-1
398,58809,854.00,291.00,20.00,19.00,1,7,0.7335,-1
398,46369,775.00,321.00,18.00,13.00,1,7,1.0000,-1
398,52916,247.00,262.00,17.00,16.00,1,7,0.3834,-1
399,52059,372.00,301.00,23.00,20.00,1,1,1.0000,-1
399,58809,851.00,291.00,21.00,19.00,1,1,0.7363,-1
399,46369,772.00,321.00,18.00,12.00,1,7,1.0000,-1
399,52916,239.00,262.00,17.00,17.00,1,7,0.4093,-1
400,52059,369.00,301.00,23.00,21.00,1,1,1.0000,-1
400,58809,849.00,290.00,20.00,19.00,1,7,0.7363,-1
400,46369,769.00,320.00,19.00,13.00,1,7,1.0000,-1
400,52916,230.00,262.00,18.00,17.00,1,7,0.4328,-1
401,52059,367.00,301.00,23.00,21.00,1,1,1.0000,-1
401,58809,847.00,290.00,20.00,19.00,1,7,0.7425,-1
401,46369,767.00,320.00,18.00,13.00,1,7,1.0000,-1
401,52916,222.00,262.00,19.00,17.00,1,7,0.4523,-1
402,52059,364.00,301.00,23.00,21.00,1,1,1.0000,-1
402,58809,844.00,290.00,21.00,19.00,1,1,0.7486,-1
402,46369,764.00,320.00,19.00,13.00,1,7,1.0000,-1
402,52916,214.00,262.00,19.00,18.00,1,7,0.4783,-1
403,52059,361.00,301.00,23.00,21.00,1,1,1.0000,-1
403,58809,842.00,289.00,20.00,19.00,1,7,0.7473,-1
403,46369,762.00,320.00,18.00,13.00,1,7,1.0000,-1
403,52916,206.00,262.00,20.00,18.00,1,7,0.5023,-1
404,52059,359.00,301.00,23.00,21.00,1,1,1.0000,-1
404,58809,840.00,289.00,20.00,19.00,1,7,0.7514,-1
404,46369,759.00,319.00,19.00,13.00,1,7,1.0000,-1
404,52916,198.00,262.00,20.00,18.00,1,7,0.5194,-1
405,52059,356.00,301.00,23.00,21.00,1,1,1.0000,-1
405,58809,837.00,289.00,21.00,19.00,1,1,0.7473,-1
405,46369,757.00,320.00,18.00,12.00,1,7,1.0000,-1
405,52916,190.00,262.00,20.00,18.00,1,7,0.5371,-1
406,52059,353.00,301.00,24.00,21.00,1,1,1.0000,-1
406,58809,835.00,289.00,20.00,19.00,1,7,0.7520,-1
406,46369,754.00,319.00,19.00,13.00,1,7,1.0000,-1
406,52916,182.00,262.00,20.00,18.00,1,7,0.5503,-1
407,52059,351.00,301.00,23.00,21.00,1,1,1.0000,-1
407,58809,833.00,289.00,20.00,19.00,1,7,0.7576,-1
407,46369,752.00,320.00,18.00,13.00,1,7,1.0000,-1
407,52916,174.00,262.00,21.00,18.00,1,1,0.5615,-1
408,52059,348.00,301.00,24.00,21.00,1,1,1.0000,-1
408,58809,830.00,290.00,21.00,19.00,1,1,0.7603,-1
408,46369,749.00,320.00,19.00,13.00,1,7,1.0000,-1
408,52916,166.00,262.00,21.00,18.00,1,1,0.5727,-1
409,52059,346.00,301.00,23.00,21.00,1,1,1.0000,-1
409,58809,828.00,290.00,21.00,19.00,1,1,0.7562,-1
409,46369,747.00,320.00,18.00,13.00,1,7,1.0000,-1
409,52916,158.00,262.00,22.00,18.00,1,1,0.5743,-1
410,52059,343.00,301.00,24.00,21.00,1,1,1.0000,-1
410,58809,826.00,290.00,20.00,19.00,1,7,0.7603,-1
410,46369,745.00,320.00,18.00,13.00,1,7,1.0000,-1
410,52916,151.00,261.00,21.00,18.00,1,1,0.5705,-1
411,52059,341.00,301.00,24.00,21.00,1,1,1.0000,-1
411,58809,824.00,291.00,20.00,19.00,1,7,0.7623,-1
411,46369,742.00,320.00,19.00,13.00,1,7,1.0000,-1
411,52916,143.00,261.00,21.00,18.00,1,1,0.5822,-1
412,52059,338.00,301.00,24.00,20.00,1,1,1.0000,-1
412,58809,822.00,291.00,20.00,19.00,1,7,0.7658,-1
412,46369,740.00,321.00,18.00,13.00,1,7,1.0000,-1
412,52916,135.00,260.00,22.00,19.00,1,1,0.5768,-1
413,52059,336.00,300.00,24.00,21.00,1,1,1.0000,-1
413,58809,819.00,291.00,21.00,19.00,1,1,0.7680,-1
413,46369,737.00,321.00,19.00,13.00,1,7,1.0000,-1
413,52916,128.00,260.00,21.00,18.00,1,1,0.5811,-1
414,52059,333.00,300.00,25.00,21.00,1,1,1.0000,-1
414,58809,817.00,292.00,21.00,19.00,1,1,0.7707,-1
414,46369,735.00,322.00,18.00,12.00,1,7,1.0000,-1
414,52916,120.00,260.00,22.00,18.00,1,1,0.5714,-1
415,52059,331.00,300.00,24.00,21.00,1,1,1.0000,-1
415,58809,815.00,292.00,21.00,19.00,1,1,0.7732,-1
415,46369,733.00,322.00,18.00,13.00,1,7,1.0000,-1
415,52916,113.00,259.00,21.00,18.00,1,1,0.5705,-1
416,52059,328.00,300.00,25.00,21.00,1,1,1.0000,-1
416,58809,813.00,293.00,21.00,19.00,1,1,0.7711,-1
416,46369,730.00,322.00,19.00,13.00,1,7,1.0000,-1
416,52916,105.00,259.00,21.00,17.00,1,1,0.5637,-1
417,52059,326.00,300.00,24.00,20.00,1,1,1.0000,-1
417,58809,811.00,293.00,20.00,19.00,1,7,0.7720,-1
417,46369,728.00,323.00,18.00,12.00,1,7,1.0000,-1
417,52916,97.00,258.00,21.00,18.00,1,1,0.5579,-1
418,52059,323.00,300.00,25.00,20.00,1,1,1.0000,-1
418,58809,809.00,293.00,20.00,19.00,1,7,0.7762,-1
418,46369,726.00,322.00,18.00,13.00,1,7,1.0000,-1
418,52916,89.00,258.00,22.00,18.00,1,1,0.5522,-1
419,52059,321.00,300.00,25.00,20.00,1,1,1.0000,-1
419,58809,806.00,293.00,21.00,19.00,1,1,0.7830,-1
419,46369,723.00,323.00,18.00,12.00,1,7,1.0000,-1
419,52916,82.00,258.00,21.00,17.00,1,1,0.5418,-1
420,52059,318.00,300.00,25.00,20.00,1,1,1.0000,-1
420,58809,804.00,293.00,21.00,19.00,1,1,0.7814,-1
420,46369,721.00,323.00,18.00,12.00,1,7,1.0000,-1
420,52916,74.00,258.00,21.00,17.00,1,1,0.5299,-1
421,52059,315.00,300.00,26.00,20.00,1,1,1.0000,-1
421,58809,802.00,293.00,20.00,19.00,1,7,0.7836,-1
421,46369,718.00,323.00,18.00,12.00,1,7,1.0000,-1
421,52916,66.00,258.00,21.00,17.00,1,1,0.5191,-1
422,52059,313.00,300.00,25.00,20.00,1,1,1.0000,-1
422,58809,799.00,293.00,21.00,19.00,1,1,0.7830,-1
422,46369,716.00,323.00,18.00,12.00,1,7,1.0000,-1
422,52916,58.00,258.00,21.00,16.00,1,1,0.5032,-1
423,52059,310.00,300.00,26.00,20.00,1,1,1.0000,-1
423,58809,797.00,293.00,21.00,19.00,1,1,0.7890,-1
423,46369,713.00,323.00,18.00,12.00,1,7,0.9938,-1
423,52916,50.00,258.00,20.00,16.00,1,7,0.4885,-1
424,52059,307.00,300.00,26.00,20.00,1,1,1.0000,-1
424,58809,795.00,293.00,20.00,19.00,1,7,0.7890,-1
424,46369,710.00,322.00,19.00,13.00,1,7,1.0000,-1
424,52916,43.00,258.00,19.00,16.00,1,7,0.4759,-1
425,52059,305.00,300.00,25.00,21.00,1,1,1.0000,-1
425,58809,792.00,292.00,21.00,19.00,1,1,0.7885,-1
425,46369,708.00,322.00,18.00,13.00,1,7,1.0000,-1
425,52916,34.00,258.00,20.00,17.00,1,7,0.4632,-1
426,52059,302.00,300.00,26.00,21.00,1,1,1.0000,-1
426,58809,790.00,292.00,21.00,19.00,1,1,0.7912,-1
426,46369,705.00,322.00,19.00,12.00,1,7,1.0000,-1
426,52916,26.00,259.00,19.00,15.00,1,7,0.4433,-1
427,52059,299.00,300.00,26.00,21.00,1,1,1.0000,-1
427,58809,787.00,292.00,21.00,19.00,1,1,0.7934,-1
427,46369,703.00,322.00,18.00,12.00,1,7,1.0000,-1
427,52916,18.00,259.00,19.00,16.00,1,7,0.4283,-1
428,52059,296.00,301.00,26.00,20.00,1,1,1.0000,-1
428,58809,785.00,291.00,21.00,19.00,1,1,0.8011,-1
428,46369,700.00,321.00,18.00,13.00,1,7,1.0000,-1
428,52916,10.00,260.00,18.00,15.00,1,7,0.4119,-1
429,52059,294.00,301.00,26.00,20.00,1,1,1.0000,-1
429,58809,782.00,291.00,21.00,19.00,1,1,0.8038,-1
429,46369,697.00,321.00,19.00,13.00,1,7,1.0000,-1
429,52916,2.00,261.00,18.00,14.00,1,7,0.3909,-1
430,52059,291.00,301.00,26.00,21.00,1,1,1.0000,-1
430,58809,780.00,290.00,21.00,20.00,1,1,0.7978,-1
430,46369,695.00,321.00,18.00,12.00,1,7,1.0000,-1
430,52916,0.00,261.00,11.00,15.00,1,7,0.3170,-1
431,52059,288.00,301.00,27.00,21.00,1,1,1.0000,-1
431,58809,777.00,290.00,21.00,19.00,1,1,0.8065,-1
431,46369,692.00,320.00,19.00,13.00,1,7,1.0000,-1
431,52916,0.00,262.00,3.00,7.00,1,7,0.0562,-1
432,52059,286.00,301.00,26.00,21.00,1,1,1.0000,-1
432,58809,775.00,290.00,21.00,19.00,1,1,0.8011,-1
432,46369,690.00,320.00,18.00,13.00,1,7,1.0000,-1
433,52059,283.00,302.00,26.00,20.00,1,1,1.0000,-1
433,58809,773.00,290.00,20.00,19.00,1,7,0.8072,-1
433,46369,687.00,320.00,18.00,13.00,1,7,1.0000,-1
434,52059,280.00,302.00,27.00,20.00,1,1,1.0000,-1
434,58809,770.00,289.00,21.00,20.00,1,1,0.8104,-1
434,46369,685.00,320.00,18.00,13.00,1,7,1.0000,-1
435,52059,278.00,302.00,26.00,21.00,1,1,1.0000,-1
435,58809,768.00,289.00,21.00,20.00,1,1,0.8065,-1
435,46369,682.00,320.00,18.00,13.00,1,7,1.0000,-1
436,52059,275.00,302.00,27.00,21.00,1,1,1.0000,-1
436,58809,766.00,290.00,21.00,19.00,1,1,0.8110,-1
436,46369,680.00,320.00,18.00,13.00,1,7,1.0000,-1
436,51000,1022.00,29.00,1.00,4.00,1,7,1.0000,-1
437,52059,272.00,302.00,27.00,21.00,1,1,1.0000,-1
437,58809,763.00,289.00,21.00,20.00,1,1,0.8132,-1
437,46369,677.00,320.00,18.00,13.00,1,7,1.0000,-1
437,51000,1014.00,11.00,9.00,29.00,1,7,1.0000,-1
438,52059,270.00,302.00,27.00,20.00,1,1,1.0000,-1
438,58809,761.00,290.00,21.00,19.00,1,1,0.8147,-1
438,46369,675.00,320.00,18.00,13.00,1,7,1.0000,-1
438,51000,1006.00,11.00,17.00,37.00,1,7,1.0000,-1
439,52059,267.00,302.00,27.00,20.00,1,1,1.0000,-1
439,58809,759.00,290.00,21.00,19.00,1,1,0.8142,-1
439,46369,672.00,321.00,18.00,12.00,1,7,0.9937,-1
439,51000,998.00,11.00,25.00,41.00,1,1,1.0000,-1
440,52059,265.00,301.00,27.00,21.00,1,1,1.0000,-1
440,58809,757.00,290.00,21.00,19.00,1,1,0.8260,-1
440,46369,670.00,321.00,18.00,12.00,1,7,1.0000,-1
440,51000,990.00,12.00,33.00,42.00,1,1,1.0000,-1
441,52059,262.00,301.00,28.00,21.00,1,1,1.0000,-1
441,58809,754.00,290.00,22.00,20.00,1,1,0.8224,-1
441,46369,668.00,321.00,18.00,13.00,1,7,1.0000,-1
441,51000,983.00,12.00,40.00,43.00,1,1,1.0000,-1
442,52059,260.00,301.00,27.00,21.00,1,1,1.0000,-1
442,58809,752.00,291.00,21.00,19.00,1,1,0.8242,-1
442,46369,665.00,321.00,18.00,13.00,1,7,1.0000,-1
442,51000,975.00,11.00,48.00,44.00,1,1,1.0000,-1
443,52059,257.00,301.00,28.00,20.00,1,1,1.0000,-1
443,58809,750.00,291.00,21.00,19.00,1,1,0.8274,-1
443,46369,663.00,321.00,18.00,13.00,1,7,1.0000,-1
443,51000,967.00,3.00,56.00,53.00,1,1,1.0000,-1
444,52059,255.00,300.00,28.00,21.00,1,1,1.0000,-1
444,58809,748.00,291.00,21.00,20.00,1,1,0.8329,-1
444,46369,660.00,321.00,19.00,13.00,1,7,1.0000,-1
444,51000,960.00,0.00,63.00,57.00,1,1,1.0000,-1
445,52059,252.00,300.00,28.00,21.00,1,1,1.0000,-1
445,58809,746.00,292.00,21.00,19.00,1,1,0.8251,-1
445,46369,658.00,322.00,18.00,12.00,1,7,1.0000,-1
445,51000,952.00,0.00,71.00,57.00,1,1,1.0000,-1
446,52059,250.00,300.00,28.00,20.00,1,1,1.0000,-1
446,58809,744.00,292.00,21.00,19.00,1,1,0.8306,-1
446,46369,656.00,322.00,18.00,13.00,1,7,1.0000,-1
446,45176,1019.00,432.00,4.00,13.00,1,7,1.0000,-1
446,51000,944.00,0.00,79.00,58.00,1,1,1.0000,-1
447,52059,247.00,300.00,29.00,20.00,1,1,1.0000,-1
447,58809,741.00,292.00,22.00,19.00,1,1,0.8269,-1
447,46369,653.00,322.00,18.00,13.00,1,7,1.0000,-1
447,45176,1012.00,428.00,11.00,17.00,1,7,1.0000,-1
447,51000,937.00,0.00,86.00,58.00,1,1,1.0000,-1
448,52059,245.00,299.00,28.00,21.00,1,1,1.0000,-1
448,58809,739.00,292.00,22.00,20.00,1,1,0.8374,-1
448,46369,651.00,322.00,18.00,13.00,1,7,1.0000,-1
448,45176,1005.00,427.00,18.00,19.00,1,7,1.0000,-1
448,51000,929.00,0.00,94.00,58.00,1,1,1.0000,-1
449,52059,242.00,299.00,29.00,21.00,1,1,1.0000,-1
449,58809,737.00,292.00,21.00,20.00,1,1,0.8392,-1
449,46369,648.00,322.00,19.00,13.00,1,7,1.0000,-1
449,45176,998.00,427.00,25.00,19.00,1,1,1.0000,-1
449,51000,921.00,0.00,99.00,59.00,1,1,1.0000,-1
450,52059,240.00,299.00,28.00,21.00,1,1,1.0000,-1
450,58809,735.00,292.00,21.00,20.00,1,1,0.8324,-1
450,46369,646.00,322.00,18.00,13.00,1,7,1.0000,-1
450,45176,991.00,427.00,32.00,19.00,1,1,1.0000,-1
450,51000,912.00,0.00,98.00,59.00,1,1,1.0000,-1
451,52059,237.00,299.00,29.00,21.00,1,1,1.0000,-1
451,58809,732.00,292.00,22.00,20.00,1,1,0.8374,-1
451,46369,643.00,322.00,19.00,13.00,1,7,1.0000,-1
451,45176,983.00,427.00,40.00,19.00,1,1,1.0000,-1
451,51000,904.00,0.00,97.00,59.00,1,1,1.0000,-1
452,52059,234.00,299.00,29.00,21.00,1,1,1.0000,-1
452,58809,730.00,292.00,21.00,20.00,1,1,0.8447,-1
452,46369,641.00,322.00,18.00,13.00,1,7,1.0000,-1
452,45176,976.00,427.00,43.00,19.00,1,1,0.9981,-1
452,51000,896.00,0.00,95.00,59.00,1,1,1.0000,-1
453,52059,232.00,299.00,29.00,21.00,1,1,1.0000,-1
453,58809,728.00,292.00,21.00,20.00,1,1,0.8415,-1
453,46369,638.00,322.00,19.00,13.00,1,7,1.0000,-1
453,45176,969.00,427.00,42.00,19.00,1,1,0.9981,-1
453,51000,888.00,0.00,93.00,58.00,1,1,1.0000,-1
454,52059,229.00,299.00,29.00,21.00,1,1,1.0000,-1
454,58809,725.00,292.00,22.00,19.00,1,1,0.8388,-1
454,46369,636.00,322.00,18.00,13.00,1,7,1.0000,-1
454,45176,961.00,426.00,42.00,19.00,1,1,1.0000,-1
454,51000,879.00,0.00,92.00,58.00,1,1,1.0000,-1
455,52059,226.00,300.00,30.00,20.00,1,1,1.0000,-1
455,58809,723.00,292.00,21.00,19.00,1,1,0.8459,-1
455,46369,633.00,322.00,18.00,12.00,1,7,1.0000,-1
455,45176,954.00,426.00,42.00,19.00,1,1,0.9981,-1
455,51000,870.00,0.00,91.00,58.00,1,1,1.0000,-1
456,52059,224.00,300.00,29.00,20.00,1,1,1.0000,-1
456,58809,720.00,292.00,22.00,19.00,1,1,0.8459,-1
456,46369,631.00,322.00,18.00,12.00,1,7,1.0000,-1
456,45176,947.00,425.00,41.00,19.00,1,1,0.9981,-1
456,51000,862.00,0.00,89.00,57.00,1,1,1.0000,-1
457,52059,221.00,300.00,29.00,21.00,1,1,1.0000,-1
457,58809,718.00,291.00,21.00,20.00,1,1,0.8478,-1
457,46369,628.00,322.00,18.00,12.00,1,7,1.0000,-1
457,45176,940.00,425.00,40.00,19.00,1,1,0.9980,-1
457,51000,853.00,0.00,88.00,57.00,1,1,1.0000,-1
458,52059,218.00,300.00,30.00,21.00,1,1,1.0000,-1
458,58809,716.00,291.00,21.00,19.00,1,1,0.8521,-1
458,46369,626.00,321.00,18.00,13.00,1,7,1.0000,-1
458,45176,932.00,424.00,41.00,19.00,1,1,0.9961,-1
458,51000,844.00,0.00,86.00,56.00,1,1,1.0000,-1
459,52059,215.00,301.00,30.00,20.00,1,1,1.0000,-1
459,58809,713.00,291.00,21.00,19.00,1,1,0.8505,-1
459,46369,623.00,321.00,18.00,13.00,1,7,1.0000,-1
459,45176,925.00,424.00,40.00,19.00,1,1,1.0000,-1
459,51000,835.00,0.00,85.00,56.00,1,1,1.0000,-1
460,52059,213.00,301.00,29.00,21.00,1,1,1.0000,-1
460,58809,711.00,290.00,21.00,20.00,1,1,0.8533,-1
460,46369,620.00,321.00,18.00,13.00,1,7,1.0000,-1
460,45176,918.00,423.00,39.00,19.00,1,1,0.9980,-1
460,51000,826.00,0.00,84.00,55.00,1,1,1.0000,-1
461,52059,210.00,301.00,30.00,21.00,1,1,1.0000,-1
461,58809,708.00,290.00,22.00,20.00,1,1,0.8518,-1
461,46369,618.00,321.00,18.00,13.00,1,7,1.0000,-1
461,45176,910.00,422.00,40.00,20.00,1,1,0.9980,-1
461,51000,817.00,0.00,82.00,55.00,1,1,1.0000,-1
462,52059,207.00,302.00,30.00,20.00,1,1,0.9980,-1
462,58809,706.00,290.00,21.00,19.00,1,1,0.8614,-1
462,46369,615.00,321.00,18.00,12.00,1,7,1.0000,-1
462,45176,903.00,422.00,39.00,19.00,1,1,0.9980,-1
462,51000,809.00,0.00,80.00,55.00,1,1,1.0000,-1
463,52059,204.00,302.00,31.00,21.00,1,1,1.0000,-1
463,58809,703.00,290.00,22.00,19.00,1,1,0.8541,-1
463,46369,613.00,321.00,17.00,12.00,1,7,0.9936,-1
463,45176,896.00,422.00,39.00,19.00,1,1,0.9979,-1
463,51000,800.00,0.00,79.00,54.00,1,1,1.0000,-1
464,52059,202.00,302.00,30.00,21.00,1,1,1.0000,-1
464,58809,701.00,290.00,21.00,19.00,1,1,0.8591,-1
464,46369,610.00,321.00,18.00,12.00,1,7,1.0000,-1
464,45176,888.00,422.00,39.00,19.00,1,1,1.0000,-1
464,51000,792.00,0.00,77.00,54.00,1,1,1.0000,-1
465,52059,199.00,302.00,30.00,21.00,1,1,1.0000,-1
465,58809,699.00,289.00,21.00,20.00,1,1,0.8583,-1
465,46369,608.00,321.00,17.00,12.00,1,7,0.9936,-1
465,45176,881.00,421.00,38.00,20.00,1,1,0.9958,-1
465,51000,783.00,0.00,76.00,54.00,1,1,1.0000,-1
466,52059,196.00,302.00,31.00,21.00,1,1,1.0000,-1
466,58809,696.00,289.00,22.00,20.00,1,1,0.8606,-1
466,46369,605.00,321.00,18.00,12.00,1,7,1.0000,-1
466,45176,874.00,421.00,38.00,20.00,1,1,1.0000,-1
466,51000,775.00,0.00,75.00,54.00,1,1,1.0000,-1
467,52059,194.00,302.00,31.00,21.00,1,1,1.0000,-1
467,58809,694.00,289.00,22.00,20.00,1,1,0.8699,-1
467,46369,603.00,321.00,17.00,12.00,1,7,0.9936,-1
467,45176,867.00,422.00,37.00,19.00,1,1,0.9958,-1
467,51000,767.00,0.00,73.00,54.00,1,1,1.0000,-1
468,52059,191.00,302.00,31.00,21.00,1,1,1.0000,-1
468,58809,692.00,289.00,21.00,20.00,1,1,0.8703,-1
468,46369,600.00,321.00,18.00,12.00,1,7,1.0000,-1
468,45176,860.00,422.00,37.00,19.00,1,1,0.9979,-1
468,51000,758.00,0.00,73.00,54.00,1,1,1.0000,-1
469,52059,189.00,302.00,31.00,21.00,1,1,1.0000,-1
469,58809,689.00,290.00,22.00,19.00,1,1,0.8636,-1
469,46369,598.00,321.00,17.00,12.00,1,7,0.9935,-1
469,45176,852.00,422.00,37.00,19.00,1,1,0.9979,-1
469,51000,750.00,0.00,72.00,55.00,1,1,1.0000,-1
470,52059,186.00,302.00,31.00,20.00,1,1,0.9981,-1
470,58809,687.00,290.00,22.00,20.00,1,1,0.8683,-1
470,46369,595.00,321.00,18.00,13.00,1,7,1.0000,-1
470,45176,845.00,422.00,37.00,20.00,1,1,1.0000,-1
470,51000,743.00,0.00,70.00,55.00,1,1,1.0000,-1
471,52059,184.00,301.00,31.00,21.00,1,1,1.0000,-1
471,58809,685.00,290.00,22.00,20.00,1,1,0.8690,-1
471,46369,593.00,321.00,18.00,13.00,1,7,1.0000,-1
471,45176,838.00,423.00,36.00,19.00,1,1,0.9978,-1
471,51000,735.00,0.00,69.00,55.00,1,1,1.0000,-1
472,52059,181.00,301.00,32.00,21.00,1,1,1.0000,-1
472,58809,683.00,290.00,22.00,20.00,1,1,0.8733,-1
472,46369,591.00,321.00,17.00,13.00,1,7,1.0000,-1
472,45176,831.00,423.00,36.00,19.00,1,1,0.9978,-1
472,51000,727.00,0.00,68.00,56.00,1,1,1.0000,-1
473,52059,179.00,301.00,31.00,20.00,1,1,0.9981,-1
473,58809,681.00,290.00,21.00,20.00,1,1,0.8683,-1
473,46369,588.00,321.00,18.00,13.00,1,7,1.0000,-1
473,45176,824.00,424.00,36.00,19.00,1,1,0.9978,-1
473,51000,720.00,0.00,66.00,56.00,1,1,1.0000,-1
474,52059,176.00,300.00,32.00,21.00,1,1,1.0000,-1
474,58809,678.00,291.00,23.00,19.00,1,1,0.8667,-1
474,46369,586.00,321.00,18.00,13.00,1,7,1.0000,-1
474,45176,816.00,424.00,36.00,19.00,1,1,0.9978,-1
474,51000,712.00,0.00,65.00,56.00,1,1,1.0000,-1
475,52059,174.00,300.00,31.00,21.00,1,1,1.0000,-1
475,58809,676.00,291.00,22.00,20.00,1,1,0.8697,-1
475,46369,583.00,322.00,18.00,12.00,1,7,1.0000,-1
475,45176,809.00,425.00,36.00,19.00,1,1,1.0000,-1
475,51000,704.00,0.00,64.00,56.00,1,1,1.0000,-1
476,52059,171.00,300.00,32.00,20.00,1,1,0.9981,-1
476,58809,674.00,291.00,22.00,20.00,1,1,0.8753,-1
476,46369,581.00,322.00,18.00,12.00,1,7,1.0000,-1
476,45176,802.00,425.00,35.00,19.00,1,1,0.9977,-1
476,51000,696.00,0.00,63.00,57.00,1,1,1.0000,-1
477,52059,169.00,299.00,32.00,21.00,1,1,1.0000,-1
477,58809,672.00,291.00,22.00,20.00,1,1,0.8773,-1
477,46369,579.00,322.00,17.00,12.00,1,7,0.9936,-1
477,45176,795.00,425.00,35.00,19.00,1,1,1.0000,-1
477,51000,689.00,0.00,61.00,57.00,1,1,1.0000,-1
478,52059,166.00,299.00,32.00,21.00,1,1,1.0000,-1
478,58809,670.00,291.00,22.00,20.00,1,1,0.8747,-1
478,46369,576.00,322.00,18.00,12.00,1,7,1.0000,-1
478,45176,787.00,425.00,35.00,20.00,1,1,0.9955,-1
478,51000,681.00,0.00,60.00,57.00,1,1,1.0000,-1
479,52059,163.00,307.00,32.00,21.00,1,1,0.9981,-1
479,58809,667.00,288.00,22.00,20.00,1,1,0.8670,-1
479,46369,574.00,320.00,17.00,13.00,1,7,1.0000,-1
479,45176,784.00,420.00,35.00,19.00,1,1,0.9954,-1
479,51000,668.00,0.00,59.00,54.00,1,1,1.0000,-1
480,52059,162.00,311.00,32.00,21.00,1,1,0.9981,-1
480,58809,665.00,286.00,22.00,20.00,1,1,0.8883,-1
480,46369,573.00,319.00,17.00,14.00,1,7,1.0000,-1
480,45176,783.00,417.00,35.00,19.00,1,1,0.9954,-1
480,51000,662.00,0.00,59.00,52.00,1,1,1.0000,-1
