1,-1,717.76,367.99,306.24,124.30,0.9563,-1,-1,-1
1,-1,16.01,307.62,68.23,33.21,0.9305,-1,-1,-1
1,-1,429.11,261.13,20.76,20.84,0.8851,-1,-1,-1
1,-1,259.01,280.94,19.00,22.05,0.8645,-1,-1,-1
1,-1,759.90,330.75,17.94,17.34,0.8635,-1,-1,-1
1,-1,858.78,0.00,127.47,63.54,0.8443,-1,-1,-1
1,-1,749.75,0.00,120.19,69.58,0.7737,-1,-1,-1
1,-1,465.60,270.57,20.63,19.27,0.7735,-1,-1,-1
2,-1,717.62,353.75,306.38,123.10,0.9419,-1,-1,-1
2,-1,16.01,305.45,68.32,33.11,0.9246,-1,-1,-1
2,-1,428.98,258.94,20.74,20.87,0.8786,-1,-1,-1
2,-1,759.99,329.49,18.05,17.32,0.8755,-1,-1,-1
2,-1,259.50,279.67,18.46,22.51,0.8648,-1,-1,-1
2,-1,465.37,268.34,20.13,19.60,0.8098,-1,-1,-1
2,-1,852.70,0.00,134.18,58.32,0.6433,-1,-1,-1
2,-1,751.18,0.02,118.31,59.64,0.5216,-1,-1,-1
2,-1,851.82,0.00,135.35,58.66,0.4572,-1,-1,-1
2,-1,794.80,320.37,16.23,12.97,0.3157,-1,-1,-1
3,-1,709.47,361.18,314.53,124.46,0.9372,-1,-1,-1
3,-1,14.95,300.06,69.00,33.16,0.9281,-1,-1,-1
3,-1,429.44,258.60,20.30,20.53,0.8754,-1,-1,-1
3,-1,759.42,332.71,18.52,17.51,0.8729,-1,-1,-1
3,-1,859.74,0.01,128.53,64.12,0.8601,-1,-1,-1
3,-1,260.15,276.82,18.28,21.69,0.8223,-1,-1,-1
3,-1,465.76,268.34,19.46,19.50,0.7873,-1,-1,-1
3,-1,745.61,0.00,116.52,61.87,0.7390,-1,-1,-1
4,-1,696.96,360.04,327.04,124.11,0.9337,-1,-1,-1
4,-1,12.84,301.13,68.62,33.00,0.9284,-1,-1,-1
4,-1,427.12,258.56,20.32,20.86,0.8720,-1,-1,-1
4,-1,758.05,332.22,18.01,17.26,0.8680,-1,-1,-1
4,-1,258.16,277.57,18.83,22.97,0.8608,-1,-1,-1
4,-1,848.50,0.00,131.82,63.47,0.7994,-1,-1,-1
4,-1,734.44,0.01,111.99,61.57,0.6238,-1,-1,-1
5,-1,680.77,352.37,326.45,124.29,0.9423,-1,-1,-1
5,-1,8.53,306.78,69.26,33.09,0.9267,-1,-1,-1
5,-1,422.65,259.04,20.49,20.97,0.8792,-1,-1,-1
5,-1,755.81,328.58,18.05,17.44,0.8778,-1,-1,-1
5,-1,255.48,280.32,18.59,22.09,0.8630,-1,-1,-1
5,-1,460.10,268.17,20.07,19.83,0.6015,-1,-1,-1
5,-1,830.51,0.00,119.09,54.75,0.5907,-1,-1,-1
5,-1,706.19,0.00,115.09,58.14,0.4912,-1,-1,-1
5,-1,830.37,0.00,121.60,54.67,0.4469,-1,-1,-1
6,-1,666.15,352.50,323.46,124.12,0.9356,-1,-1,-1
6,-1,5.79,307.21,69.69,33.01,0.9235,-1,-1,-1
6,-1,420.34,259.16,20.28,20.86,0.8775,-1,-1,-1
6,-1,754.53,328.39,17.99,17.55,0.8716,-1,-1,-1
6,-1,254.00,280.58,18.64,21.53,0.8624,-1,-1,-1
6,-1,458.01,268.67,18.94,19.45,0.7262,-1,-1,-1
6,-1,690.70,0.00,115.57,56.42,0.6586,-1,-1,-1
6,-1,822.26,0.00,133.25,54.34,0.5936,-1,-1,-1
6,-1,821.96,0.00,133.46,54.32,0.4898,-1,-1,-1
7,-1,653.09,352.02,318.85,124.90,0.9432,-1,-1,-1
7,-1,3.22,307.44,69.64,33.10,0.9312,-1,-1,-1
7,-1,753.60,328.29,17.67,17.33,0.8783,-1,-1,-1
7,-1,417.50,259.41,20.42,20.61,0.8639,-1,-1,-1
7,-1,252.57,280.73,18.70,21.85,0.8560,-1,-1,-1
7,-1,816.12,0.00,120.97,54.22,0.6260,-1,-1,-1
7,-1,455.87,268.52,18.33,19.69,0.5633,-1,-1,-1
7,-1,674.36,0.00,116.70,57.91,0.5099,-1,-1,-1
7,-1,815.85,0.00,118.91,54.17,0.4898,-1,-1,-1
8,-1,638.56,351.70,314.50,124.26,0.9361,-1,-1,-1
8,-1,1.12,307.67,69.27,33.18,0.9313,-1,-1,-1
8,-1,751.71,328.16,18.35,17.34,0.8820,-1,-1,-1
8,-1,415.45,259.40,20.56,20.80,0.8800,-1,-1,-1
8,-1,251.17,280.82,18.93,22.11,0.8644,-1,-1,-1
8,-1,806.22,0.00,136.60,54.17,0.6466,-1,-1,-1
8,-1,453.63,267.81,20.89,20.59,0.5403,-1,-1,-1
8,-1,667.92,0.00,105.07,56.18,0.4872,-1,-1,-1
8,-1,805.87,0.00,136.76,54.19,0.4842,-1,-1,-1
8,-1,668.36,0.00,106.49,56.51,0.3894,-1,-1,-1
9,-1,625.11,352.02,311.67,123.31,0.9439,-1,-1,-1
9,-1,0.00,307.74,68.25,33.43,0.9303,-1,-1,-1
9,-1,413.06,259.52,20.65,20.68,0.8791,-1,-1,-1
9,-1,750.11,328.14,18.38,17.35,0.8754,-1,-1,-1
9,-1,249.50,281.16,19.40,22.43,0.8583,-1,-1,-1
9,-1,451.30,268.00,19.60,20.46,0.6729,-1,-1,-1
9,-1,648.63,0.01,115.59,56.20,0.5752,-1,-1,-1
9,-1,799.70,0.00,133.28,53.94,0.5231,-1,-1,-1
9,-1,800.68,0.00,132.34,53.94,0.4183,-1,-1,-1
9,-1,773.51,288.39,19.94,13.92,0.3843,-1,-1,-1
10,-1,611.71,352.03,307.59,123.47,0.9362,-1,-1,-1
10,-1,0.00,308.07,65.84,33.20,0.9216,-1,-1,-1
10,-1,749.27,327.72,17.84,17.54,0.8813,-1,-1,-1
10,-1,411.30,259.45,20.16,20.67,0.8742,-1,-1,-1
10,-1,248.70,281.14,18.77,21.92,0.8664,-1,-1,-1
10,-1,448.98,268.60,19.71,19.99,0.7269,-1,-1,-1
10,-1,638.84,0.00,110.17,54.63,0.7097,-1,-1,-1
10,-1,789.67,0.00,137.21,53.98,0.5768,-1,-1,-1
11,-1,598.34,352.52,303.50,122.52,0.9432,-1,-1,-1
11,-1,0.00,308.28,63.31,33.05,0.9277,-1,-1,-1
11,-1,747.75,327.78,18.06,17.72,0.8762,-1,-1,-1
11,-1,408.78,259.51,20.49,20.60,0.8730,-1,-1,-1
11,-1,247.37,281.13,18.55,21.42,0.8688,-1,-1,-1
11,-1,624.26,0.00,109.21,57.33,0.7429,-1,-1,-1
11,-1,787.23,0.00,131.87,53.93,0.6842,-1,-1,-1
11,-1,446.92,268.75,19.65,19.81,0.6710,-1,-1,-1
12,-1,584.90,352.08,299.16,123.39,0.9399,-1,-1,-1
12,-1,0.00,308.10,61.27,33.25,0.9272,-1,-1,-1
12,-1,406.65,259.45,20.18,20.79,0.8785,-1,-1,-1
12,-1,746.32,327.92,17.98,17.58,0.8783,-1,-1,-1
12,-1,246.07,281.28,18.60,22.07,0.8602,-1,-1,-1
12,-1,608.93,0.05,109.59,56.70,0.6916,-1,-1,-1
12,-1,444.92,268.83,20.53,19.74,0.6588,-1,-1,-1
12,-1,773.53,0.00,137.76,54.07,0.5351,-1,-1,-1
12,-1,773.59,0.00,137.33,54.03,0.4794,-1,-1,-1
12,-1,768.65,288.43,20.76,13.72,0.4505,-1,-1,-1
13,-1,570.79,352.23,296.08,123.46,0.9424,-1,-1,-1
13,-1,0.02,308.01,58.87,33.34,0.9233,-1,-1,-1
13,-1,745.51,327.75,17.69,17.60,0.8834,-1,-1,-1
13,-1,404.37,259.47,20.42,20.69,0.8795,-1,-1,-1
13,-1,244.86,281.20,18.68,22.09,0.8605,-1,-1,-1
13,-1,593.83,0.00,108.13,55.24,0.7216,-1,-1,-1
13,-1,769.83,0.00,138.03,54.14,0.5301,-1,-1,-1
13,-1,769.18,0.01,139.06,54.15,0.3909,-1,-1,-1
14,-1,557.35,351.44,291.31,124.87,0.9437,-1,-1,-1
14,-1,0.28,307.95,56.45,33.35,0.9161,-1,-1,-1
14,-1,744.09,327.95,17.98,17.33,0.8771,-1,-1,-1
14,-1,402.18,259.53,19.99,20.72,0.8701,-1,-1,-1
14,-1,243.49,281.07,18.89,21.93,0.8684,-1,-1,-1
14,-1,761.00,0.00,133.47,54.14,0.8248,-1,-1,-1
14,-1,580.18,0.10,110.58,57.76,0.5674,-1,-1,-1
15,-1,544.57,352.33,287.45,123.80,0.9393,-1,-1,-1
15,-1,0.17,307.69,54.03,33.30,0.9177,-1,-1,-1
15,-1,400.18,259.24,19.84,21.10,0.8800,-1,-1,-1
15,-1,742.14,328.11,18.32,17.29,0.8733,-1,-1,-1
15,-1,241.99,281.05,19.23,22.69,0.8624,-1,-1,-1
15,-1,758.63,0.00,130.82,54.67,0.8480,-1,-1,-1
15,-1,568.11,0.00,108.18,55.67,0.6564,-1,-1,-1
16,-1,530.51,352.16,284.19,124.26,0.9460,-1,-1,-1
16,-1,0.04,307.49,52.08,33.37,0.9188,-1,-1,-1
16,-1,398.16,259.35,19.96,20.98,0.8782,-1,-1,-1
16,-1,741.33,328.25,17.82,17.34,0.8773,-1,-1,-1
16,-1,241.00,280.75,18.95,22.41,0.8730,-1,-1,-1
16,-1,752.14,0.00,128.93,54.56,0.7954,-1,-1,-1
16,-1,551.59,0.00,110.80,57.39,0.6801,-1,-1,-1
17,-1,517.84,352.38,280.07,124.37,0.9324,-1,-1,-1
17,-1,0.08,307.16,50.12,33.31,0.9212,-1,-1,-1
17,-1,739.98,328.41,18.04,17.50,0.8798,-1,-1,-1
17,-1,396.14,259.32,19.84,20.89,0.8747,-1,-1,-1
17,-1,240.00,280.51,18.48,22.35,0.8691,-1,-1,-1
17,-1,541.06,0.00,105.94,57.17,0.6925,-1,-1,-1
17,-1,741.22,0.01,127.51,54.62,0.5901,-1,-1,-1
17,-1,739.89,0.00,129.22,54.66,0.4097,-1,-1,-1
18,-1,504.29,352.79,276.22,124.33,0.9437,-1,-1,-1
18,-1,0.04,306.80,48.11,33.53,0.9191,-1,-1,-1
18,-1,738.85,328.55,17.85,17.77,0.8768,-1,-1,-1
18,-1,238.76,280.27,18.81,22.00,0.8725,-1,-1,-1
18,-1,737.68,0.03,128.75,54.82,0.7242,-1,-1,-1
18,-1,525.89,0.01,109.20,56.56,0.4629,-1,-1,-1
18,-1,738.31,0.02,128.12,54.82,0.4411,-1,-1,-1
18,-1,527.68,0.00,106.62,56.34,0.3645,-1,-1,-1
19,-1,490.71,353.17,272.86,124.20,0.9359,-1,-1,-1
19,-1,0.01,306.35,45.41,33.18,0.9171,-1,-1,-1
19,-1,737.74,328.90,17.87,17.63,0.8772,-1,-1,-1
19,-1,237.81,280.26,18.28,21.93,0.8612,-1,-1,-1
19,-1,730.02,0.00,129.91,55.66,0.8466,-1,-1,-1
19,-1,516.70,0.00,101.56,58.02,0.8048,-1,-1,-1
20,-1,477.83,353.14,269.48,124.27,0.9421,-1,-1,-1
20,-1,0.00,305.88,43.81,33.01,0.9105,-1,-1,-1
20,-1,736.55,329.23,17.65,17.32,0.8626,-1,-1,-1
20,-1,236.34,279.89,18.65,22.20,0.8595,-1,-1,-1
20,-1,725.29,0.01,128.30,55.76,0.7823,-1,-1,-1
20,-1,498.19,0.00,106.51,57.07,0.7321,-1,-1,-1
21,-1,465.01,353.30,264.87,124.32,0.9437,-1,-1,-1
21,-1,0.01,305.42,41.07,33.05,0.8940,-1,-1,-1
21,-1,718.22,0.00,128.71,56.14,0.8712,-1,-1,-1
21,-1,235.27,279.68,18.75,22.62,0.8644,-1,-1,-1
21,-1,735.28,329.45,17.56,17.27,0.8513,-1,-1,-1
21,-1,486.96,0.00,110.19,59.24,0.5507,-1,-1,-1
21,-1,484.59,0.00,113.14,59.17,0.3940,-1,-1,-1
22,-1,451.60,353.57,261.38,124.55,0.9389,-1,-1,-1
22,-1,0.01,304.98,39.24,32.68,0.8875,-1,-1,-1
22,-1,233.85,279.33,19.09,22.52,0.8648,-1,-1,-1
22,-1,712.54,0.00,128.22,56.18,0.8469,-1,-1,-1
22,-1,734.26,329.51,17.59,17.57,0.8251,-1,-1,-1
22,-1,470.61,0.00,116.38,58.82,0.6110,-1,-1,-1
23,-1,438.27,353.52,257.53,124.43,0.9447,-1,-1,-1
23,-1,232.97,279.04,18.78,22.11,0.8755,-1,-1,-1
23,-1,732.88,329.72,17.44,17.49,0.8319,-1,-1,-1
23,-1,706.01,0.00,127.43,56.64,0.8113,-1,-1,-1
23,-1,0.02,304.45,36.67,32.62,0.7647,-1,-1,-1
23,-1,464.17,0.00,108.80,59.59,0.7608,-1,-1,-1
24,-1,425.37,353.72,254.11,124.17,0.9470,-1,-1,-1
24,-1,0.01,303.99,34.47,32.20,0.8944,-1,-1,-1
24,-1,231.96,278.78,18.34,21.37,0.8733,-1,-1,-1
24,-1,731.29,329.83,17.81,17.72,0.8367,-1,-1,-1
24,-1,697.80,0.00,128.60,56.84,0.8349,-1,-1,-1
24,-1,448.30,0.00,112.93,60.00,0.7026,-1,-1,-1
25,-1,411.56,353.36,250.65,124.53,0.9634,-1,-1,-1
25,-1,230.62,278.67,18.70,21.71,0.8698,-1,-1,-1
25,-1,0.03,303.59,32.59,31.95,0.8590,-1,-1,-1
25,-1,730.36,330.06,17.73,17.82,0.8137,-1,-1,-1
25,-1,691.24,0.00,127.92,57.36,0.6875,-1,-1,-1
25,-1,432.67,0.01,118.91,58.97,0.6155,-1,-1,-1
25,-1,689.54,0.01,129.70,57.37,0.4625,-1,-1,-1
26,-1,397.25,354.41,247.58,123.46,0.9660,-1,-1,-1
26,-1,229.71,278.64,18.51,21.98,0.8594,-1,-1,-1
26,-1,685.25,0.00,127.19,57.51,0.8435,-1,-1,-1
26,-1,0.04,303.33,30.20,31.95,0.7993,-1,-1,-1
26,-1,729.18,330.28,17.45,17.52,0.7090,-1,-1,-1
26,-1,415.04,0.00,123.97,57.64,0.6831,-1,-1,-1
27,-1,383.64,354.09,244.78,123.71,0.9679,-1,-1,-1
27,-1,228.25,278.51,18.53,22.13,0.8712,-1,-1,-1
27,-1,727.82,330.42,17.42,17.35,0.8031,-1,-1,-1
27,-1,675.69,0.00,129.39,57.74,0.6292,-1,-1,-1
27,-1,404.54,0.00,120.32,58.07,0.5949,-1,-1,-1
27,-1,0.00,303.34,28.23,30.78,0.5822,-1,-1,-1
27,-1,0.02,303.31,28.23,30.62,0.4472,-1,-1,-1
27,-1,674.95,0.00,130.00,57.91,0.4383,-1,-1,-1
28,-1,370.27,354.19,240.62,123.48,0.9674,-1,-1,-1
28,-1,227.08,278.09,18.72,23.12,0.8703,-1,-1,-1
28,-1,726.29,330.44,17.54,17.57,0.8213,-1,-1,-1
28,-1,671.87,0.00,129.99,57.78,0.7823,-1,-1,-1
28,-1,0.00,303.32,25.97,30.44,0.7762,-1,-1,-1
28,-1,385.89,0.00,126.91,58.87,0.4837,-1,-1,-1
28,-1,385.70,0.00,127.14,58.80,0.3410,-1,-1,-1
29,-1,357.14,354.03,236.82,123.71,0.9679,-1,-1,-1
29,-1,225.52,277.88,18.99,22.70,0.8737,-1,-1,-1
29,-1,725.32,330.41,17.24,17.71,0.8400,-1,-1,-1
29,-1,663.36,0.00,135.21,57.84,0.7749,-1,-1,-1
29,-1,0.00,303.16,24.33,31.63,0.7502,-1,-1,-1
29,-1,367.16,0.00,135.96,57.33,0.4709,-1,-1,-1
29,-1,369.34,0.00,132.56,57.46,0.3608,-1,-1,-1
30,-1,344.36,353.69,232.63,124.03,0.9648,-1,-1,-1
30,-1,224.39,277.97,19.02,22.24,0.8630,-1,-1,-1
30,-1,723.85,330.58,17.18,17.60,0.8293,-1,-1,-1
30,-1,658.69,0.00,126.81,57.75,0.8117,-1,-1,-1
30,-1,0.00,302.77,21.56,31.18,0.5418,-1,-1,-1
30,-1,0.00,302.80,21.49,31.56,0.4312,-1,-1,-1
30,-1,346.32,0.00,142.53,57.80,0.4171,-1,-1,-1
30,-1,349.39,0.00,138.03,57.79,0.3875,-1,-1,-1
31,-1,331.30,353.61,228.47,123.94,0.9636,-1,-1,-1
31,-1,650.16,0.00,127.14,57.74,0.8797,-1,-1,-1
31,-1,223.21,278.06,17.69,22.35,0.8505,-1,-1,-1
31,-1,722.51,330.45,17.45,17.85,0.8453,-1,-1,-1
31,-1,0.00,303.75,19.15,29.38,0.6579,-1,-1,-1
31,-1,336.67,0.08,139.84,56.94,0.5422,-1,-1,-1
31,-1,406.86,268.38,22.25,19.21,0.5141,-1,-1,-1
32,-1,317.43,353.46,225.24,123.85,0.9591,-1,-1,-1
32,-1,641.55,0.00,127.00,57.54,0.8346,-1,-1,-1
32,-1,721.15,330.25,17.66,18.03,0.8335,-1,-1,-1
32,-1,0.00,304.66,17.15,28.40,0.5649,-1,-1,-1
32,-1,330.17,0.08,124.10,58.30,0.5000,-1,-1,-1
32,-1,404.26,268.42,23.91,18.88,0.4057,-1,-1,-1
32,-1,324.24,0.05,132.17,57.84,0.3672,-1,-1,-1
33,-1,303.52,353.57,221.76,123.67,0.9575,-1,-1,-1
33,-1,636.11,0.00,125.76,57.10,0.8916,-1,-1,-1
33,-1,719.96,330.42,17.29,17.67,0.8396,-1,-1,-1
33,-1,306.77,0.00,136.92,57.73,0.6330,-1,-1,-1
33,-1,0.00,305.10,14.61,27.49,0.5247,-1,-1,-1
33,-1,402.40,268.68,18.99,18.24,0.3693,-1,-1,-1
34,-1,290.54,352.91,217.60,124.25,0.9535,-1,-1,-1
34,-1,627.36,0.00,126.42,57.16,0.8866,-1,-1,-1
34,-1,361.62,258.40,18.23,20.65,0.8718,-1,-1,-1
34,-1,718.29,330.49,17.54,17.53,0.8253,-1,-1,-1
34,-1,314.63,0.00,113.43,57.33,0.7005,-1,-1,-1
34,-1,0.00,306.29,11.95,22.03,0.6880,-1,-1,-1
35,-1,276.86,353.07,214.69,124.12,0.9569,-1,-1,-1
35,-1,357.87,258.61,19.45,20.47,0.8738,-1,-1,-1
35,-1,619.30,0.00,127.34,57.04,0.8506,-1,-1,-1
35,-1,717.14,330.06,17.29,17.70,0.8326,-1,-1,-1
35,-1,293.03,0.00,121.23,56.24,0.7033,-1,-1,-1
35,-1,398.08,268.34,20.88,18.66,0.4805,-1,-1,-1
35,-1,0.00,308.45,9.96,20.78,0.4601,-1,-1,-1
36,-1,262.74,353.13,210.55,124.06,0.9543,-1,-1,-1
36,-1,355.53,258.58,19.15,20.65,0.8738,-1,-1,-1
36,-1,715.52,329.90,17.54,17.65,0.8358,-1,-1,-1
36,-1,612.95,0.00,125.34,56.58,0.8340,-1,-1,-1
36,-1,273.51,0.03,127.70,57.82,0.6341,-1,-1,-1
36,-1,0.00,310.00,7.43,20.14,0.3707,-1,-1,-1
37,-1,249.44,353.11,206.85,124.03,0.9535,-1,-1,-1
37,-1,353.09,258.74,19.51,20.66,0.8836,-1,-1,-1
37,-1,714.21,329.68,17.66,17.86,0.8339,-1,-1,-1
37,-1,601.02,0.00,129.11,56.87,0.7861,-1,-1,-1
37,-1,252.69,0.09,135.96,56.65,0.5054,-1,-1,-1
37,-1,262.81,0.01,125.14,57.10,0.4798,-1,-1,-1
38,-1,237.59,352.91,201.19,124.45,0.9495,-1,-1,-1
38,-1,350.81,258.91,19.28,20.67,0.8772,-1,-1,-1
38,-1,596.12,0.00,125.97,56.78,0.8670,-1,-1,-1
38,-1,712.96,329.53,17.42,17.77,0.7715,-1,-1,-1
38,-1,241.04,0.05,133.57,58.21,0.6418,-1,-1,-1
38,-1,391.86,267.03,21.90,20.77,0.4195,-1,-1,-1
39,-1,223.00,353.53,199.15,123.50,0.9500,-1,-1,-1
39,-1,348.55,258.96,19.32,20.65,0.8721,-1,-1,-1
39,-1,587.55,0.00,126.67,56.73,0.8539,-1,-1,-1
39,-1,711.47,329.50,17.36,17.54,0.8074,-1,-1,-1
39,-1,229.01,0.00,132.11,60.04,0.5855,-1,-1,-1
39,-1,236.15,0.00,124.62,59.48,0.4268,-1,-1,-1
40,-1,209.28,353.96,194.80,123.21,0.9495,-1,-1,-1
40,-1,345.99,259.16,19.23,20.73,0.8761,-1,-1,-1
40,-1,580.14,0.00,126.24,56.51,0.8499,-1,-1,-1
40,-1,710.33,329.39,17.36,17.34,0.8185,-1,-1,-1
40,-1,214.16,0.00,132.59,57.80,0.5648,-1,-1,-1
40,-1,217.78,0.00,128.55,58.24,0.4019,-1,-1,-1
40,-1,387.16,268.49,20.56,19.59,0.2942,-1,-1,-1
41,-1,195.55,353.57,191.11,124.00,0.9504,-1,-1,-1
41,-1,343.68,259.39,19.14,20.53,0.8771,-1,-1,-1
41,-1,573.53,0.00,124.52,56.31,0.8600,-1,-1,-1
41,-1,708.99,328.97,17.11,17.59,0.7859,-1,-1,-1
41,-1,384.91,267.58,21.94,20.62,0.6177,-1,-1,-1
41,-1,201.36,0.00,131.94,58.25,0.5412,-1,-1,-1
41,-1,198.07,0.00,135.12,57.87,0.4571,-1,-1,-1
42,-1,181.65,354.27,187.71,123.31,0.9510,-1,-1,-1
42,-1,341.26,259.85,19.49,20.30,0.8783,-1,-1,-1
42,-1,564.99,0.00,125.44,55.89,0.8702,-1,-1,-1
42,-1,707.16,328.90,17.39,17.40,0.8583,-1,-1,-1
42,-1,187.24,0.00,132.14,56.75,0.5882,-1,-1,-1
42,-1,381.42,268.54,23.32,19.70,0.4731,-1,-1,-1
42,-1,182.72,0.00,135.77,56.39,0.4440,-1,-1,-1
43,-1,167.12,354.65,185.59,123.29,0.9535,-1,-1,-1
43,-1,339.19,259.72,18.75,20.68,0.8847,-1,-1,-1
43,-1,552.74,0.00,129.80,55.91,0.8684,-1,-1,-1
43,-1,705.77,328.72,17.54,17.68,0.8642,-1,-1,-1
43,-1,161.70,0.00,143.16,60.97,0.6906,-1,-1,-1
44,-1,153.94,354.86,183.04,123.37,0.9563,-1,-1,-1
44,-1,336.89,259.67,19.14,20.92,0.8838,-1,-1,-1
44,-1,549.13,0.00,125.76,55.60,0.8559,-1,-1,-1
44,-1,704.71,328.54,17.30,17.67,0.8517,-1,-1,-1
44,-1,146.23,0.00,146.36,58.37,0.6701,-1,-1,-1
45,-1,140.07,354.95,180.80,123.39,0.9554,-1,-1,-1
45,-1,334.47,260.00,19.09,20.77,0.8790,-1,-1,-1
45,-1,702.92,328.58,17.35,17.34,0.8518,-1,-1,-1
45,-1,537.82,0.00,129.58,55.46,0.8034,-1,-1,-1
45,-1,132.72,0.00,147.05,58.86,0.7207,-1,-1,-1
46,-1,124.89,355.10,180.51,123.56,0.9546,-1,-1,-1
46,-1,332.17,259.91,18.99,20.74,0.8792,-1,-1,-1
46,-1,702.04,328.44,17.19,17.45,0.8572,-1,-1,-1
46,-1,531.00,0.00,128.85,55.32,0.8188,-1,-1,-1
46,-1,122.08,0.00,143.04,59.09,0.7736,-1,-1,-1
46,-1,205.17,281.10,16.28,21.33,0.6294,-1,-1,-1
46,-1,723.28,288.81,18.47,13.88,0.2855,-1,-1,-1
47,-1,110.51,355.16,179.36,123.84,0.9539,-1,-1,-1
47,-1,329.77,260.15,18.98,20.70,0.8814,-1,-1,-1
47,-1,200.52,281.33,19.45,22.20,0.8617,-1,-1,-1
47,-1,700.46,328.19,17.25,17.60,0.8551,-1,-1,-1
47,-1,523.34,0.00,128.70,55.27,0.8378,-1,-1,-1
47,-1,101.36,0.00,150.13,59.05,0.7623,-1,-1,-1
47,-1,371.53,268.58,19.46,20.17,0.4438,-1,-1,-1
48,-1,95.43,355.60,178.88,123.56,0.9534,-1,-1,-1
48,-1,327.73,260.02,18.81,20.82,0.8808,-1,-1,-1
48,-1,199.75,281.55,18.83,21.12,0.8728,-1,-1,-1
48,-1,698.94,328.27,17.21,17.42,0.8626,-1,-1,-1
48,-1,513.56,0.01,131.76,55.42,0.8588,-1,-1,-1
48,-1,86.73,0.01,151.43,60.25,0.7723,-1,-1,-1
49,-1,80.00,355.63,179.01,123.72,0.9539,-1,-1,-1
49,-1,325.38,260.37,19.04,20.57,0.8777,-1,-1,-1
49,-1,198.12,281.64,19.16,22.01,0.8604,-1,-1,-1
49,-1,697.87,328.34,17.38,17.40,0.8452,-1,-1,-1
49,-1,503.72,0.00,134.19,55.43,0.8238,-1,-1,-1
49,-1,73.44,0.01,152.60,60.68,0.7055,-1,-1,-1
50,-1,64.74,355.85,178.96,123.60,0.9551,-1,-1,-1
50,-1,323.32,260.04,18.79,20.80,0.8771,-1,-1,-1
50,-1,499.13,0.00,131.50,55.50,0.8756,-1,-1,-1
50,-1,696.53,328.22,17.40,17.63,0.8458,-1,-1,-1
50,-1,197.38,281.58,18.52,22.41,0.8320,-1,-1,-1
50,-1,61.72,0.00,152.79,59.11,0.7630,-1,-1,-1
51,-1,49.15,355.80,178.73,123.74,0.9553,-1,-1,-1
51,-1,320.96,260.20,19.14,20.71,0.8870,-1,-1,-1
51,-1,493.47,0.00,130.05,55.47,0.8708,-1,-1,-1
51,-1,195.60,281.51,19.23,22.16,0.8673,-1,-1,-1
51,-1,694.67,328.38,17.39,17.42,0.8446,-1,-1,-1
51,-1,36.75,0.00,166.40,59.81,0.7406,-1,-1,-1
52,-1,33.46,355.57,179.43,123.99,0.9552,-1,-1,-1
52,-1,319.03,260.19,18.97,20.67,0.8826,-1,-1,-1
52,-1,483.78,0.00,133.04,55.53,0.8666,-1,-1,-1
52,-1,194.77,281.56,18.92,22.94,0.8615,-1,-1,-1
52,-1,693.62,328.35,17.28,17.34,0.8520,-1,-1,-1
52,-1,27.03,0.00,164.25,59.98,0.7056,-1,-1,-1
53,-1,17.72,355.52,179.83,123.97,0.9552,-1,-1,-1
53,-1,316.90,260.01,18.93,20.81,0.8798,-1,-1,-1
53,-1,193.33,281.34,19.18,22.48,0.8637,-1,-1,-1
53,-1,480.09,0.02,130.11,55.24,0.8584,-1,-1,-1
53,-1,692.73,328.34,17.01,17.57,0.8087,-1,-1,-1
53,-1,16.91,0.00,162.74,62.12,0.7395,-1,-1,-1
54,-1,2.48,355.11,179.90,124.18,0.9551,-1,-1,-1
54,-1,314.65,259.99,18.97,20.69,0.8737,-1,-1,-1
54,-1,191.98,281.04,19.26,22.47,0.8683,-1,-1,-1
54,-1,471.44,0.00,132.41,55.45,0.8641,-1,-1,-1
54,-1,690.86,328.70,17.31,17.23,0.8444,-1,-1,-1
54,-1,3.67,0.00,165.44,62.02,0.7775,-1,-1,-1
55,-1,0.18,354.70,167.29,124.40,0.9560,-1,-1,-1
55,-1,465.51,0.00,131.11,55.67,0.8820,-1,-1,-1
55,-1,312.78,259.63,18.96,20.96,0.8768,-1,-1,-1
55,-1,191.44,280.84,18.85,23.01,0.8568,-1,-1,-1
55,-1,689.99,328.81,17.28,17.46,0.8266,-1,-1,-1
55,-1,0.00,0.00,157.91,61.11,0.7248,-1,-1,-1
55,-1,355.04,268.95,19.25,19.93,0.3563,-1,-1,-1
56,-1,0.08,354.58,152.69,123.76,0.9534,-1,-1,-1
56,-1,310.36,259.78,19.01,20.52,0.8712,-1,-1,-1
56,-1,454.80,0.00,135.15,55.98,0.8678,-1,-1,-1
56,-1,190.05,280.60,18.57,22.67,0.8366,-1,-1,-1
56,-1,689.24,328.81,16.91,17.69,0.7633,-1,-1,-1
56,-1,0.00,0.03,146.31,62.34,0.6948,-1,-1,-1
56,-1,0.00,0.00,146.64,62.14,0.3877,-1,-1,-1
57,-1,0.00,354.29,138.03,123.48,0.9536,-1,-1,-1
57,-1,449.19,0.00,134.91,56.06,0.8720,-1,-1,-1
57,-1,308.35,259.35,19.00,20.85,0.8707,-1,-1,-1
57,-1,188.71,279.95,18.71,22.59,0.8351,-1,-1,-1
57,-1,687.59,329.26,16.99,17.38,0.8271,-1,-1,-1
57,-1,0.00,0.03,135.47,61.50,0.7748,-1,-1,-1
58,-1,0.14,353.78,123.20,123.86,0.9493,-1,-1,-1
58,-1,305.60,259.81,19.63,20.22,0.8618,-1,-1,-1
58,-1,439.66,0.00,138.41,55.81,0.8580,-1,-1,-1
58,-1,187.57,279.62,18.79,23.00,0.8427,-1,-1,-1
58,-1,686.55,329.36,16.91,17.29,0.7561,-1,-1,-1
58,-1,0.00,0.06,125.05,61.97,0.6554,-1,-1,-1
59,-1,0.00,352.78,108.68,124.43,0.9465,-1,-1,-1
59,-1,436.32,0.00,135.22,56.27,0.8732,-1,-1,-1
59,-1,303.85,259.35,19.56,20.41,0.8726,-1,-1,-1
59,-1,186.08,279.38,19.51,22.90,0.8556,-1,-1,-1
59,-1,0.00,0.00,113.90,61.25,0.7158,-1,-1,-1
59,-1,685.48,329.41,17.12,17.80,0.5364,-1,-1,-1
59,-1,0.00,0.07,113.09,61.00,0.4126,-1,-1,-1
60,-1,0.03,350.32,93.98,132.23,0.9044,-1,-1,-1
60,-1,302.23,259.58,19.05,20.02,0.8712,-1,-1,-1
60,-1,184.99,279.00,19.11,21.74,0.8566,-1,-1,-1
60,-1,425.91,0.00,139.73,55.73,0.8563,-1,-1,-1
60,-1,0.13,0.00,102.80,59.78,0.7760,-1,-1,-1
60,-1,683.65,329.70,17.51,17.53,0.5225,-1,-1,-1
61,-1,0.07,346.05,78.72,126.04,0.9039,-1,-1,-1
61,-1,300.16,258.74,18.92,20.57,0.8708,-1,-1,-1
61,-1,421.40,0.00,137.37,55.69,0.8707,-1,-1,-1
61,-1,183.86,278.82,19.01,21.49,0.8429,-1,-1,-1
61,-1,0.00,0.00,92.06,62.70,0.8142,-1,-1,-1
61,-1,682.54,329.82,17.22,17.37,0.6502,-1,-1,-1
62,-1,0.00,358.89,64.44,115.93,0.8883,-1,-1,-1
62,-1,413.53,0.00,138.41,55.96,0.8659,-1,-1,-1
62,-1,298.16,258.20,18.98,20.91,0.8326,-1,-1,-1
62,-1,183.04,278.56,18.44,21.91,0.8161,-1,-1,-1
62,-1,0.13,0.00,80.62,59.45,0.8027,-1,-1,-1
62,-1,681.37,329.85,17.22,17.61,0.4903,-1,-1,-1
63,-1,0.08,359.79,49.40,108.84,0.8617,-1,-1,-1
63,-1,295.65,256.05,19.12,22.84,0.8546,-1,-1,-1
63,-1,405.66,0.00,140.31,55.95,0.8438,-1,-1,-1
63,-1,0.00,0.00,70.65,61.33,0.8206,-1,-1,-1
63,-1,182.13,278.49,18.37,22.78,0.8076,-1,-1,-1
63,-1,680.02,329.86,17.04,17.61,0.5578,-1,-1,-1
63,-1,339.18,269.11,19.15,18.40,0.3738,-1,-1,-1
64,-1,399.39,0.00,139.27,55.79,0.8594,-1,-1,-1
64,-1,293.86,255.90,19.27,22.71,0.8533,-1,-1,-1
64,-1,180.70,278.07,18.45,22.47,0.8281,-1,-1,-1
64,-1,0.00,0.00,58.32,60.70,0.7754,-1,-1,-1
64,-1,0.03,355.75,34.61,104.85,0.7319,-1,-1,-1
64,-1,678.77,330.20,17.07,17.59,0.6135,-1,-1,-1
64,-1,336.90,268.70,20.10,18.44,0.3518,-1,-1,-1
65,-1,291.66,256.85,19.13,21.63,0.8802,-1,-1,-1
65,-1,389.56,0.00,143.35,55.80,0.8564,-1,-1,-1
65,-1,179.33,277.85,18.77,23.04,0.8475,-1,-1,-1
65,-1,0.00,382.80,19.83,53.11,0.7737,-1,-1,-1
65,-1,0.00,0.00,47.36,58.84,0.7368,-1,-1,-1
65,-1,334.46,268.64,20.13,18.65,0.5433,-1,-1,-1
65,-1,677.85,330.42,16.43,17.33,0.5299,-1,-1,-1
66,-1,385.90,0.00,139.84,56.41,0.8680,-1,-1,-1
66,-1,289.79,256.68,19.23,21.81,0.8669,-1,-1,-1
66,-1,178.35,277.86,18.51,23.18,0.8507,-1,-1,-1
66,-1,0.01,0.00,37.05,58.64,0.5610,-1,-1,-1
66,-1,676.63,330.39,16.44,17.51,0.4122,-1,-1,-1
66,-1,333.14,268.81,18.71,18.26,0.2949,-1,-1,-1
66,-1,0.00,390.09,4.97,33.82,0.2674,-1,-1,-1
67,-1,287.83,257.40,18.54,20.97,0.8711,-1,-1,-1
67,-1,382.55,0.00,136.02,56.23,0.8571,-1,-1,-1
67,-1,176.63,277.72,18.84,22.78,0.8326,-1,-1,-1
67,-1,674.78,330.61,17.11,17.43,0.7930,-1,-1,-1
67,-1,0.22,0.00,24.11,58.97,0.5549,-1,-1,-1
67,-1,330.97,268.90,19.41,18.12,0.3545,-1,-1,-1
68,-1,368.50,0.00,143.50,56.11,0.8659,-1,-1,-1
68,-1,285.31,257.65,19.05,20.67,0.8627,-1,-1,-1
68,-1,175.60,277.74,18.71,22.02,0.8182,-1,-1,-1
68,-1,673.61,330.41,17.11,17.31,0.6761,-1,-1,-1
68,-1,0.00,7.61,12.85,51.42,0.3064,-1,-1,-1
69,-1,368.92,0.00,147.42,57.91,0.8813,-1,-1,-1
69,-1,296.02,262.24,18.15,20.69,0.8741,-1,-1,-1
69,-1,188.61,283.91,18.62,21.50,0.8402,-1,-1,-1
69,-1,684.41,327.21,16.86,17.65,0.6978,-1,-1,-1
69,-1,0.02,0.00,26.10,77.13,0.4828,-1,-1,-1
69,-1,704.28,287.34,18.11,13.99,0.2779,-1,-1,-1
70,-1,315.69,264.22,17.58,20.35,0.8764,-1,-1,-1
70,-1,381.97,0.00,151.21,59.39,0.8539,-1,-1,-1
70,-1,0.00,0.13,58.70,86.35,0.8415,-1,-1,-1
70,-1,211.12,286.70,17.94,22.10,0.8310,-1,-1,-1
70,-1,703.39,326.18,17.17,17.56,0.8043,-1,-1,-1
70,-1,0.00,369.64,32.30,79.60,0.7314,-1,-1,-1
71,-1,0.04,357.77,72.40,107.46,0.9328,-1,-1,-1
71,-1,0.11,0.31,99.14,88.47,0.9111,-1,-1,-1
71,-1,337.22,262.37,17.58,20.97,0.8714,-1,-1,-1
71,-1,410.80,0.00,148.01,60.42,0.8702,-1,-1,-1
71,-1,235.21,284.32,17.47,21.61,0.8187,-1,-1,-1
71,-1,723.96,327.77,17.84,18.07,0.8032,-1,-1,-1
72,-1,0.13,353.72,91.45,111.08,0.9436,-1,-1,-1
72,-1,0.22,0.04,117.46,89.94,0.9181,-1,-1,-1
72,-1,425.02,0.00,146.61,60.39,0.8804,-1,-1,-1
72,-1,347.62,262.00,17.35,20.80,0.8760,-1,-1,-1
72,-1,734.01,329.17,17.90,17.83,0.8656,-1,-1,-1
72,-1,246.32,283.51,16.83,20.82,0.7700,-1,-1,-1
73,-1,0.00,354.95,104.53,109.16,0.9539,-1,-1,-1
73,-1,0.19,0.06,130.90,91.35,0.9194,-1,-1,-1
73,-1,432.71,0.00,147.98,59.43,0.8679,-1,-1,-1
73,-1,356.56,262.82,17.22,20.55,0.8626,-1,-1,-1
73,-1,743.82,328.82,18.22,18.11,0.8333,-1,-1,-1
73,-1,256.03,284.42,17.12,21.45,0.7231,-1,-1,-1
73,-1,766.48,287.32,19.32,14.67,0.5085,-1,-1,-1
74,-1,0.14,355.21,120.22,107.07,0.9528,-1,-1,-1
74,-1,0.00,0.06,146.67,94.37,0.9048,-1,-1,-1
74,-1,446.12,0.00,145.02,57.91,0.8831,-1,-1,-1
74,-1,366.52,263.28,17.49,20.24,0.8799,-1,-1,-1
74,-1,755.00,327.90,18.31,18.45,0.8742,-1,-1,-1
74,-1,267.35,285.02,16.61,21.00,0.7391,-1,-1,-1
75,-1,0.04,356.04,136.66,105.42,0.9556,-1,-1,-1
75,-1,0.00,0.06,161.01,98.57,0.9218,-1,-1,-1
75,-1,764.94,327.79,18.74,18.46,0.8859,-1,-1,-1
75,-1,453.36,0.00,147.63,58.29,0.8786,-1,-1,-1
75,-1,375.87,263.60,17.03,20.53,0.8591,-1,-1,-1
75,-1,415.13,273.51,18.31,17.66,0.4551,-1,-1,-1
75,-1,277.11,286.10,16.58,20.95,0.4329,-1,-1,-1
76,-1,7.00,356.48,142.17,104.30,0.9589,-1,-1,-1
76,-1,0.28,0.06,170.62,101.80,0.9304,-1,-1,-1
76,-1,462.81,0.00,145.67,59.14,0.8830,-1,-1,-1
76,-1,771.29,327.39,19.11,18.70,0.8797,-1,-1,-1
76,-1,381.97,263.61,17.05,20.75,0.8738,-1,-1,-1
76,-1,283.47,286.41,16.48,21.02,0.7113,-1,-1,-1
76,-1,795.01,285.59,20.25,15.03,0.5294,-1,-1,-1
77,-1,20.70,356.76,139.64,103.81,0.9521,-1,-1,-1
77,-1,0.20,0.01,180.89,101.36,0.8932,-1,-1,-1
77,-1,778.05,327.24,18.15,18.61,0.8811,-1,-1,-1
77,-1,465.84,0.00,149.58,58.96,0.8742,-1,-1,-1
77,-1,387.56,263.71,16.81,21.12,0.8117,-1,-1,-1
77,-1,289.34,286.78,16.43,21.39,0.6175,-1,-1,-1
78,-1,30.70,356.81,138.18,103.17,0.9548,-1,-1,-1
78,-1,0.00,0.00,188.73,101.92,0.9091,-1,-1,-1
78,-1,472.95,0.00,148.72,57.82,0.8804,-1,-1,-1
78,-1,783.38,327.02,19.19,18.75,0.8788,-1,-1,-1
78,-1,392.59,264.57,16.92,20.31,0.8560,-1,-1,-1
78,-1,431.31,274.08,18.27,17.71,0.3368,-1,-1,-1
78,-1,294.99,287.21,16.18,21.04,0.2796,-1,-1,-1
79,-1,38.73,357.12,137.20,102.72,0.9552,-1,-1,-1
79,-1,0.00,0.00,196.08,104.05,0.9081,-1,-1,-1
79,-1,480.96,0.00,146.74,57.07,0.8905,-1,-1,-1
79,-1,790.61,326.70,19.30,18.78,0.8847,-1,-1,-1
79,-1,398.29,264.40,16.88,20.68,0.8575,-1,-1,-1
79,-1,301.18,287.45,16.08,20.37,0.6065,-1,-1,-1
80,-1,48.97,357.97,133.81,101.66,0.9585,-1,-1,-1
80,-1,0.00,0.00,202.86,107.85,0.9111,-1,-1,-1
80,-1,797.41,326.35,19.06,19.22,0.8914,-1,-1,-1
80,-1,482.65,0.00,150.01,56.88,0.8808,-1,-1,-1
80,-1,403.60,265.18,16.64,20.21,0.8596,-1,-1,-1
80,-1,306.85,288.24,16.00,19.76,0.5478,-1,-1,-1
81,-1,65.47,358.58,131.63,100.36,0.9577,-1,-1,-1
81,-1,0.00,0.00,214.95,108.84,0.8961,-1,-1,-1
81,-1,806.06,325.93,19.88,19.30,0.8862,-1,-1,-1
81,-1,495.95,0.00,145.79,56.62,0.8854,-1,-1,-1
81,-1,411.43,265.34,16.70,20.36,0.8706,-1,-1,-1
81,-1,315.23,288.82,15.83,20.10,0.3704,-1,-1,-1
82,-1,75.59,358.75,129.92,99.83,0.9575,-1,-1,-1
82,-1,813.47,325.54,19.54,19.48,0.8827,-1,-1,-1
82,-1,499.47,0.00,149.02,55.72,0.8820,-1,-1,-1
82,-1,10.03,0.02,213.09,109.88,0.8784,-1,-1,-1
82,-1,416.57,265.68,16.83,20.08,0.8449,-1,-1,-1
82,-1,320.78,289.27,15.93,19.72,0.3372,-1,-1,-1
83,-1,86.68,358.91,127.94,99.39,0.9615,-1,-1,-1
83,-1,12.33,0.00,219.57,111.66,0.8985,-1,-1,-1
83,-1,821.97,325.16,20.06,19.34,0.8843,-1,-1,-1
83,-1,507.84,0.00,147.94,55.17,0.8671,-1,-1,-1
83,-1,423.73,265.43,16.83,20.69,0.8453,-1,-1,-1
84,-1,101.77,359.35,126.35,98.40,0.9607,-1,-1,-1
84,-1,28.27,0.00,215.85,114.24,0.9012,-1,-1,-1
84,-1,831.63,324.75,20.06,19.26,0.8924,-1,-1,-1
84,-1,515.10,0.00,149.95,54.79,0.8795,-1,-1,-1
84,-1,430.85,266.15,17.04,20.32,0.8472,-1,-1,-1
85,-1,113.65,359.74,123.96,97.89,0.9577,-1,-1,-1
85,-1,28.63,0.00,224.30,115.28,0.8922,-1,-1,-1
85,-1,839.99,324.18,20.70,19.14,0.8864,-1,-1,-1
85,-1,524.55,0.01,148.21,53.85,0.8638,-1,-1,-1
85,-1,437.68,265.79,16.53,20.83,0.8216,-1,-1,-1
86,-1,126.97,360.27,121.96,96.86,0.9609,-1,-1,-1
86,-1,42.46,0.00,220.88,117.15,0.8915,-1,-1,-1
86,-1,848.27,323.60,20.89,19.60,0.8776,-1,-1,-1
86,-1,530.05,0.00,151.29,53.38,0.8727,-1,-1,-1
86,-1,443.90,265.97,17.16,20.89,0.8669,-1,-1,-1
86,-1,349.74,291.03,15.56,19.55,0.3517,-1,-1,-1
86,-1,482.48,275.92,17.77,16.91,0.2648,-1,-1,-1
87,-1,138.25,360.14,120.50,96.68,0.9600,-1,-1,-1
87,-1,854.60,323.00,21.34,20.05,0.8833,-1,-1,-1
87,-1,45.31,0.00,227.75,117.59,0.8782,-1,-1,-1
87,-1,538.60,0.05,149.68,52.64,0.8651,-1,-1,-1
87,-1,449.26,266.69,16.64,20.27,0.8235,-1,-1,-1
87,-1,354.55,291.32,15.78,19.48,0.5068,-1,-1,-1
87,-1,881.08,278.26,21.76,15.21,0.3678,-1,-1,-1
87,-1,907.59,312.32,16.46,15.47,0.3160,-1,-1,-1
87,-1,881.04,278.20,21.83,15.21,0.2849,-1,-1,-1
88,-1,148.62,360.58,119.93,95.91,0.9577,-1,-1,-1
88,-1,58.93,0.00,221.34,120.35,0.8900,-1,-1,-1
88,-1,861.62,322.62,21.36,20.17,0.8758,-1,-1,-1
88,-1,544.15,0.00,151.01,52.21,0.8682,-1,-1,-1
88,-1,454.36,266.23,16.56,20.93,0.8318,-1,-1,-1
88,-1,888.14,277.77,22.44,15.17,0.5036,-1,-1,-1
88,-1,915.30,311.58,16.61,15.22,0.2846,-1,-1,-1
88,-1,359.82,291.51,15.54,20.05,0.2611,-1,-1,-1
89,-1,158.02,360.71,119.13,95.72,0.9623,-1,-1,-1
89,-1,64.20,0.00,223.27,121.32,0.8959,-1,-1,-1
89,-1,867.10,322.37,21.75,20.01,0.8792,-1,-1,-1
89,-1,552.26,0.00,149.48,52.04,0.8704,-1,-1,-1
89,-1,459.07,266.46,16.69,20.98,0.8064,-1,-1,-1
89,-1,921.76,311.09,16.28,14.69,0.2516,-1,-1,-1
90,-1,168.83,361.02,117.11,95.04,0.9570,-1,-1,-1
90,-1,79.40,0.00,216.65,122.36,0.9063,-1,-1,-1
90,-1,561.21,0.01,147.80,51.50,0.8733,-1,-1,-1
90,-1,874.54,321.81,21.86,20.37,0.8721,-1,-1,-1
90,-1,464.24,267.35,16.67,20.11,0.8195,-1,-1,-1
90,-1,929.24,310.72,16.41,14.95,0.3637,-1,-1,-1
90,-1,901.21,277.24,23.54,14.51,0.2838,-1,-1,-1
91,-1,179.29,361.12,115.78,94.65,0.9581,-1,-1,-1
91,-1,84.64,0.00,219.10,123.39,0.9011,-1,-1,-1
91,-1,567.34,0.00,148.40,50.74,0.8826,-1,-1,-1
91,-1,881.13,321.53,22.41,20.42,0.8699,-1,-1,-1
91,-1,469.10,268.48,16.43,18.86,0.8421,-1,-1,-1
91,-1,937.22,310.10,15.91,14.74,0.3852,-1,-1,-1
91,-1,374.77,292.64,15.11,19.39,0.3187,-1,-1,-1
91,-1,507.01,276.02,18.01,17.16,0.2529,-1,-1,-1
92,-1,189.33,361.15,115.25,94.18,0.9577,-1,-1,-1
92,-1,96.12,0.00,215.91,123.61,0.9117,-1,-1,-1
92,-1,573.24,0.06,149.34,50.08,0.8747,-1,-1,-1
92,-1,888.19,321.05,22.43,20.35,0.8722,-1,-1,-1
92,-1,474.29,268.48,16.26,19.09,0.8605,-1,-1,-1
93,-1,199.62,361.37,113.68,93.75,0.9577,-1,-1,-1
93,-1,112.10,0.00,208.11,124.71,0.9011,-1,-1,-1
93,-1,580.86,0.02,149.29,49.63,0.8816,-1,-1,-1
93,-1,895.10,320.39,22.94,20.63,0.8740,-1,-1,-1
93,-1,479.50,268.52,16.64,19.18,0.7297,-1,-1,-1
93,-1,953.02,308.70,16.02,15.68,0.4620,-1,-1,-1
94,-1,209.76,361.63,113.12,93.09,0.9571,-1,-1,-1
94,-1,128.28,0.00,199.93,125.40,0.9307,-1,-1,-1
94,-1,902.27,319.86,23.22,20.69,0.8798,-1,-1,-1
94,-1,585.89,0.09,151.08,48.92,0.8663,-1,-1,-1
94,-1,484.69,268.85,16.32,18.80,0.8540,-1,-1,-1
94,-1,522.27,276.10,17.83,17.08,0.5315,-1,-1,-1
94,-1,960.49,307.82,16.58,16.26,0.4932,-1,-1,-1
95,-1,219.60,362.14,111.63,92.52,0.9548,-1,-1,-1
95,-1,133.12,0.01,203.17,126.95,0.9007,-1,-1,-1
95,-1,909.47,319.29,23.23,20.70,0.8930,-1,-1,-1
95,-1,591.95,0.02,152.56,48.33,0.8780,-1,-1,-1
95,-1,489.57,268.81,16.46,19.00,0.8650,-1,-1,-1
95,-1,968.13,307.28,17.19,15.63,0.7197,-1,-1,-1
96,-1,229.36,362.26,111.17,91.88,0.9560,-1,-1,-1
96,-1,141.05,0.09,202.90,128.86,0.9008,-1,-1,-1
96,-1,917.12,318.81,23.51,20.81,0.8958,-1,-1,-1
96,-1,599.34,0.02,152.17,47.95,0.8696,-1,-1,-1
96,-1,494.70,268.49,16.55,19.60,0.8678,-1,-1,-1
96,-1,976.16,306.67,17.70,16.03,0.6000,-1,-1,-1
96,-1,532.27,275.33,17.79,17.96,0.3145,-1,-1,-1
96,-1,936.66,345.18,16.78,12.48,0.2505,-1,-1,-1
97,-1,238.91,362.32,110.28,91.52,0.9546,-1,-1,-1
97,-1,155.36,0.00,196.93,130.54,0.9054,-1,-1,-1
97,-1,924.47,318.14,23.98,20.98,0.8970,-1,-1,-1
97,-1,499.79,268.82,16.59,19.21,0.8774,-1,-1,-1
97,-1,604.58,0.03,154.52,46.73,0.8610,-1,-1,-1
97,-1,984.11,305.83,18.18,16.47,0.6796,-1,-1,-1
97,-1,537.71,276.02,18.49,17.32,0.3709,-1,-1,-1
97,-1,953.70,271.03,25.64,15.28,0.2963,-1,-1,-1
97,-1,953.67,270.95,25.51,15.32,0.2866,-1,-1,-1
97,-1,873.38,280.25,17.34,20.07,0.2505,-1,-1,-1
98,-1,248.59,362.50,109.34,91.06,0.9570,-1,-1,-1
98,-1,159.52,0.07,200.01,130.26,0.9113,-1,-1,-1
98,-1,932.35,317.58,24.03,21.21,0.9011,-1,-1,-1
98,-1,504.75,269.00,16.78,18.97,0.8515,-1,-1,-1
98,-1,610.20,0.03,156.19,45.74,0.8509,-1,-1,-1
98,-1,992.72,304.91,17.60,16.55,0.5909,-1,-1,-1
98,-1,961.88,270.77,26.04,14.64,0.4774,-1,-1,-1
99,-1,258.32,362.59,108.64,90.70,0.9527,-1,-1,-1
99,-1,169.21,0.00,198.70,130.98,0.9230,-1,-1,-1
99,-1,940.30,317.05,24.36,21.41,0.8974,-1,-1,-1
99,-1,510.07,268.66,16.48,19.26,0.8705,-1,-1,-1
99,-1,620.77,0.01,153.43,44.47,0.8694,-1,-1,-1
99,-1,1001.66,304.11,17.43,16.03,0.4877,-1,-1,-1
99,-1,970.04,270.57,26.49,13.97,0.4133,-1,-1,-1
99,-1,547.65,275.34,18.42,17.91,0.3976,-1,-1,-1
99,-1,415.12,294.01,15.27,18.61,0.2604,-1,-1,-1
99,-1,126.76,0.02,46.93,5.72,0.2552,-1,-1,-1
100,-1,267.62,362.86,107.74,90.26,0.9540,-1,-1,-1
100,-1,181.08,0.00,194.16,131.63,0.9325,-1,-1,-1
100,-1,948.25,316.32,24.51,21.56,0.8993,-1,-1,-1
100,-1,515.44,268.63,16.54,19.48,0.8708,-1,-1,-1
100,-1,626.59,0.00,155.12,43.84,0.8544,-1,-1,-1
100,-1,968.65,343.38,17.25,12.87,0.4247,-1,-1,-1
100,-1,139.08,0.02,48.76,8.72,0.2958,-1,-1,-1
100,-1,978.12,269.58,27.16,14.07,0.2739,-1,-1,-1
101,-1,276.65,363.11,107.48,89.79,0.9522,-1,-1,-1
101,-1,190.51,0.00,192.78,133.33,0.9301,-1,-1,-1
101,-1,955.72,315.74,25.08,21.64,0.9007,-1,-1,-1
101,-1,633.33,0.00,155.69,42.94,0.8665,-1,-1,-1
101,-1,519.85,269.04,16.96,18.86,0.8620,-1,-1,-1
101,-1,986.03,269.09,27.69,13.71,0.4345,-1,-1,-1
101,-1,976.74,343.10,17.23,12.62,0.2799,-1,-1,-1
101,-1,143.42,0.00,56.91,10.97,0.2710,-1,-1,-1
101,-1,424.78,294.60,15.06,18.53,0.2596,-1,-1,-1
102,-1,285.87,362.95,106.62,89.50,0.9521,-1,-1,-1
102,-1,199.16,0.00,191.75,132.65,0.9234,-1,-1,-1
102,-1,963.69,314.95,25.54,22.01,0.8942,-1,-1,-1
102,-1,640.11,0.00,156.84,41.62,0.8725,-1,-1,-1
102,-1,525.04,268.67,16.74,19.14,0.8669,-1,-1,-1
102,-1,149.11,0.00,56.98,12.99,0.5063,-1,-1,-1
102,-1,149.70,0.00,56.81,13.02,0.3592,-1,-1,-1
102,-1,994.18,264.12,29.55,17.20,0.3461,-1,-1,-1
102,-1,985.27,342.62,16.92,12.88,0.3400,-1,-1,-1
103,-1,294.68,363.31,106.06,88.82,0.9537,-1,-1,-1
103,-1,207.80,0.00,190.66,134.54,0.9327,-1,-1,-1
103,-1,971.80,314.31,25.84,22.04,0.8898,-1,-1,-1
103,-1,645.62,0.00,159.31,40.35,0.8718,-1,-1,-1
103,-1,530.07,268.59,17.10,19.37,0.8640,-1,-1,-1
103,-1,164.87,0.01,48.84,15.45,0.6675,-1,-1,-1
103,-1,992.89,342.07,18.21,12.49,0.6588,-1,-1,-1
103,-1,1003.05,262.68,20.95,18.26,0.6322,-1,-1,-1
103,-1,916.39,277.67,17.83,18.88,0.4705,-1,-1,-1
103,-1,241.12,328.91,17.27,23.47,0.3919,-1,-1,-1
104,-1,303.95,363.24,105.21,88.86,0.9519,-1,-1,-1
104,-1,980.17,313.73,26.38,22.03,0.8847,-1,-1,-1
104,-1,535.79,268.88,16.43,19.03,0.8615,-1,-1,-1
104,-1,217.92,0.04,188.09,134.71,0.8591,-1,-1,-1
104,-1,655.41,0.03,157.94,39.47,0.8522,-1,-1,-1
104,-1,176.25,0.00,46.70,18.05,0.7903,-1,-1,-1
104,-1,247.50,328.65,19.82,23.84,0.5752,-1,-1,-1
104,-1,1001.31,341.36,19.43,12.74,0.4368,-1,-1,-1
104,-1,1011.58,263.03,12.42,16.56,0.3729,-1,-1,-1
105,-1,312.38,363.27,104.99,88.37,0.9541,-1,-1,-1
105,-1,225.46,0.00,187.53,134.24,0.9270,-1,-1,-1
105,-1,988.37,313.14,26.94,22.06,0.8821,-1,-1,-1
105,-1,540.41,268.81,16.70,18.70,0.8538,-1,-1,-1
105,-1,661.53,0.00,159.31,38.30,0.8491,-1,-1,-1
105,-1,187.15,0.00,44.84,19.70,0.8334,-1,-1,-1
105,-1,253.66,328.31,22.04,24.09,0.5959,-1,-1,-1
105,-1,1009.54,341.15,14.46,12.63,0.4600,-1,-1,-1
105,-1,931.07,274.82,18.51,20.69,0.2912,-1,-1,-1
106,-1,321.40,363.14,104.39,88.43,0.9517,-1,-1,-1
106,-1,237.91,0.00,182.76,137.05,0.9217,-1,-1,-1
106,-1,996.68,312.33,26.75,22.26,0.8852,-1,-1,-1
106,-1,259.67,328.34,24.34,24.21,0.8605,-1,-1,-1
106,-1,198.01,0.00,44.01,21.60,0.8605,-1,-1,-1
106,-1,545.60,268.47,16.63,19.07,0.8519,-1,-1,-1
106,-1,674.39,0.01,155.47,37.23,0.8308,-1,-1,-1
106,-1,938.73,273.19,18.95,21.98,0.3744,-1,-1,-1
107,-1,329.86,363.27,104.50,88.07,0.9536,-1,-1,-1
107,-1,247.92,0.00,179.62,137.52,0.9178,-1,-1,-1
107,-1,265.82,328.12,26.57,24.62,0.8897,-1,-1,-1
107,-1,208.50,0.00,43.12,23.90,0.8838,-1,-1,-1
107,-1,550.98,268.33,16.78,19.26,0.8617,-1,-1,-1
107,-1,1005.34,311.94,18.66,22.43,0.8607,-1,-1,-1
107,-1,678.07,0.00,159.78,35.74,0.8460,-1,-1,-1
108,-1,338.43,363.49,103.83,87.80,0.9509,-1,-1,-1
108,-1,258.69,0.00,176.74,138.26,0.9196,-1,-1,-1
108,-1,271.72,328.76,28.47,24.17,0.8994,-1,-1,-1
108,-1,217.92,0.00,44.12,25.74,0.8894,-1,-1,-1
108,-1,556.40,268.42,16.46,18.99,0.8549,-1,-1,-1
108,-1,688.27,0.01,158.93,34.69,0.8453,-1,-1,-1
108,-1,1013.86,311.55,10.14,22.55,0.5024,-1,-1,-1
109,-1,345.81,363.46,103.48,87.19,0.9529,-1,-1,-1
109,-1,268.81,0.00,172.80,138.20,0.9332,-1,-1,-1
109,-1,276.71,328.95,30.58,24.06,0.9048,-1,-1,-1
109,-1,226.76,0.00,43.11,27.27,0.8956,-1,-1,-1
109,-1,692.33,0.00,161.46,33.36,0.8271,-1,-1,-1
109,-1,560.66,268.22,16.53,19.03,0.7239,-1,-1,-1
110,-1,354.23,363.32,103.20,87.08,0.9515,-1,-1,-1
110,-1,272.47,0.00,176.58,137.98,0.9127,-1,-1,-1
110,-1,282.87,329.03,32.46,24.04,0.9014,-1,-1,-1
110,-1,236.68,0.04,41.96,28.69,0.8953,-1,-1,-1
110,-1,701.80,0.00,163.61,31.99,0.7989,-1,-1,-1
110,-1,565.90,267.42,16.23,19.57,0.7476,-1,-1,-1
111,-1,362.51,363.44,103.56,86.55,0.9520,-1,-1,-1
111,-1,282.20,0.00,174.03,139.88,0.9137,-1,-1,-1
111,-1,288.72,329.36,34.29,23.80,0.9070,-1,-1,-1
111,-1,246.41,0.00,41.40,30.83,0.8923,-1,-1,-1
111,-1,570.85,267.79,16.76,19.16,0.8726,-1,-1,-1
111,-1,704.68,0.00,177.50,30.51,0.7437,-1,-1,-1
112,-1,371.06,363.33,102.82,86.37,0.9515,-1,-1,-1
112,-1,294.29,329.47,36.89,23.80,0.9109,-1,-1,-1
112,-1,256.36,0.04,40.81,32.20,0.8986,-1,-1,-1
112,-1,288.51,0.00,175.60,140.65,0.8961,-1,-1,-1
112,-1,576.29,267.88,16.75,18.93,0.8437,-1,-1,-1
112,-1,713.58,0.00,185.14,28.67,0.6693,-1,-1,-1
112,-1,985.61,267.71,20.84,21.83,0.6643,-1,-1,-1
113,-1,378.97,363.35,103.26,86.11,0.9528,-1,-1,-1
113,-1,296.67,0.01,174.54,140.92,0.9316,-1,-1,-1
113,-1,300.12,329.44,38.43,23.68,0.9087,-1,-1,-1
113,-1,264.84,0.08,41.49,33.56,0.8964,-1,-1,-1
113,-1,581.18,266.89,16.79,19.75,0.8052,-1,-1,-1
113,-1,714.73,0.00,200.60,27.36,0.6582,-1,-1,-1
113,-1,994.06,267.34,20.46,21.91,0.4069,-1,-1,-1
114,-1,386.93,363.17,102.94,86.25,0.9521,-1,-1,-1
114,-1,306.12,0.01,172.42,139.69,0.9254,-1,-1,-1
114,-1,274.42,0.03,40.64,35.03,0.9088,-1,-1,-1
114,-1,305.66,329.68,40.80,23.53,0.9067,-1,-1,-1
114,-1,586.08,267.20,16.73,19.08,0.8469,-1,-1,-1
114,-1,1002.14,265.01,21.61,23.48,0.7046,-1,-1,-1
114,-1,721.07,0.00,197.82,25.69,0.7003,-1,-1,-1
115,-1,395.09,363.27,103.06,85.85,0.9520,-1,-1,-1
115,-1,310.91,0.00,175.13,137.88,0.9254,-1,-1,-1
115,-1,283.96,0.01,40.07,36.58,0.9086,-1,-1,-1
115,-1,311.32,329.61,41.62,23.81,0.9078,-1,-1,-1
115,-1,590.98,267.10,17.05,19.07,0.8441,-1,-1,-1
115,-1,724.82,0.00,209.48,24.52,0.6888,-1,-1,-1
115,-1,1010.54,264.31,13.46,22.41,0.3070,-1,-1,-1
115,-1,729.07,0.00,212.68,24.72,0.2553,-1,-1,-1
116,-1,402.97,363.12,102.81,85.75,0.9520,-1,-1,-1
116,-1,321.70,0.00,170.61,138.88,0.9174,-1,-1,-1
116,-1,292.82,0.35,40.50,37.57,0.9133,-1,-1,-1
116,-1,316.74,329.77,40.98,23.49,0.9118,-1,-1,-1
116,-1,596.17,266.75,17.05,19.20,0.8637,-1,-1,-1
116,-1,736.03,0.00,210.11,22.69,0.6518,-1,-1,-1
117,-1,411.18,363.11,102.70,85.39,0.9521,-1,-1,-1
117,-1,330.70,0.00,169.50,141.61,0.9233,-1,-1,-1
117,-1,301.92,0.94,40.58,38.16,0.9134,-1,-1,-1
117,-1,322.12,329.86,40.76,23.41,0.9082,-1,-1,-1
117,-1,601.27,266.77,16.99,18.97,0.8573,-1,-1,-1
117,-1,741.87,0.00,204.80,21.02,0.6234,-1,-1,-1
117,-1,747.56,0.00,204.51,21.24,0.3901,-1,-1,-1
118,-1,418.91,362.92,102.37,85.56,0.9532,-1,-1,-1
118,-1,339.75,0.00,167.59,141.39,0.9290,-1,-1,-1
118,-1,310.82,1.95,40.36,38.32,0.9124,-1,-1,-1
118,-1,327.50,329.78,40.61,23.47,0.9062,-1,-1,-1
118,-1,606.28,266.38,17.28,19.26,0.8338,-1,-1,-1
118,-1,748.61,0.00,199.78,19.69,0.6038,-1,-1,-1
118,-1,753.24,0.00,196.95,19.45,0.4439,-1,-1,-1
119,-1,427.23,362.89,102.69,85.30,0.9527,-1,-1,-1
119,-1,350.00,0.00,164.57,139.58,0.9210,-1,-1,-1
119,-1,333.35,329.97,40.20,23.19,0.9111,-1,-1,-1
119,-1,320.18,3.42,40.09,38.10,0.9108,-1,-1,-1
119,-1,611.85,265.99,17.26,19.32,0.8530,-1,-1,-1
119,-1,772.81,0.00,183.79,17.71,0.6535,-1,-1,-1
120,-1,434.92,362.84,103.29,85.37,0.9525,-1,-1,-1
120,-1,356.96,0.00,165.15,138.46,0.9322,-1,-1,-1
120,-1,328.67,3.71,39.91,37.95,0.9118,-1,-1,-1
120,-1,339.88,329.97,39.92,23.14,0.9097,-1,-1,-1
120,-1,617.89,265.90,17.35,19.15,0.8750,-1,-1,-1
120,-1,0.00,301.37,13.47,20.71,0.7769,-1,-1,-1
120,-1,656.72,269.76,19.47,19.08,0.4732,-1,-1,-1
120,-1,783.11,0.00,181.18,14.94,0.3575,-1,-1,-1
120,-1,779.87,0.00,184.82,14.75,0.2581,-1,-1,-1
121,-1,441.46,362.88,103.30,85.41,0.9539,-1,-1,-1
121,-1,364.37,0.00,164.55,137.99,0.9083,-1,-1,-1
121,-1,345.91,329.94,39.43,23.16,0.9050,-1,-1,-1
121,-1,335.51,3.95,39.55,38.00,0.9024,-1,-1,-1
121,-1,0.00,299.78,23.71,22.66,0.8810,-1,-1,-1
121,-1,623.99,265.42,17.14,19.39,0.8687,-1,-1,-1
121,-1,803.12,0.00,156.79,11.39,0.4444,-1,-1,-1
121,-1,663.12,269.20,18.83,19.39,0.3486,-1,-1,-1
122,-1,449.12,362.72,103.05,85.43,0.9545,-1,-1,-1
122,-1,371.45,0.00,164.55,138.47,0.9313,-1,-1,-1
122,-1,343.46,4.43,39.69,38.00,0.9122,-1,-1,-1
122,-1,352.29,330.09,39.40,23.08,0.9050,-1,-1,-1
122,-1,0.02,299.37,34.46,23.33,0.9036,-1,-1,-1
122,-1,630.09,264.71,17.75,19.80,0.8744,-1,-1,-1
123,-1,455.31,362.57,104.15,85.65,0.9511,-1,-1,-1
123,-1,378.62,0.00,163.81,138.45,0.9230,-1,-1,-1
123,-1,350.62,5.14,39.57,37.52,0.9118,-1,-1,-1
123,-1,358.04,330.07,39.64,23.08,0.9109,-1,-1,-1
123,-1,0.00,299.54,43.47,23.46,0.9064,-1,-1,-1
123,-1,636.14,264.30,17.17,19.94,0.8730,-1,-1,-1
123,-1,675.57,268.39,17.69,19.73,0.3737,-1,-1,-1
124,-1,464.78,362.34,103.46,85.74,0.9548,-1,-1,-1
124,-1,388.26,0.00,162.78,136.18,0.9432,-1,-1,-1
124,-1,364.64,330.08,39.05,22.70,0.9091,-1,-1,-1
124,-1,360.35,6.58,39.67,37.05,0.9082,-1,-1,-1
124,-1,8.91,300.08,45.73,23.20,0.9049,-1,-1,-1
124,-1,642.49,264.14,17.66,19.82,0.8833,-1,-1,-1
124,-1,0.00,216.94,31.09,38.63,0.4112,-1,-1,-1
125,-1,472.52,362.22,103.71,85.71,0.9540,-1,-1,-1
125,-1,397.30,0.00,161.27,134.71,0.9227,-1,-1,-1
125,-1,20.73,300.73,44.56,23.04,0.9147,-1,-1,-1
125,-1,368.69,6.54,39.74,37.59,0.9094,-1,-1,-1
125,-1,371.81,330.00,37.92,22.99,0.9045,-1,-1,-1
125,-1,649.40,263.54,17.62,19.90,0.8898,-1,-1,-1
125,-1,689.11,267.21,20.17,19.77,0.3377,-1,-1,-1
126,-1,481.75,361.97,104.47,85.79,0.9535,-1,-1,-1
126,-1,407.39,0.00,160.67,136.41,0.9390,-1,-1,-1
126,-1,33.70,301.69,43.62,22.59,0.9124,-1,-1,-1
126,-1,379.05,8.13,39.58,36.91,0.9072,-1,-1,-1
126,-1,379.38,330.14,37.91,22.92,0.9038,-1,-1,-1
126,-1,656.90,263.23,17.79,20.01,0.8863,-1,-1,-1
126,-1,0.03,237.49,19.58,29.72,0.5017,-1,-1,-1
127,-1,489.09,362.01,105.33,85.63,0.9570,-1,-1,-1
127,-1,415.56,0.00,159.24,134.27,0.9189,-1,-1,-1
127,-1,42.44,301.98,42.77,22.70,0.9150,-1,-1,-1
127,-1,386.84,8.92,39.58,36.79,0.9074,-1,-1,-1
127,-1,384.15,330.11,38.07,22.90,0.9055,-1,-1,-1
127,-1,662.22,263.18,17.81,19.73,0.8772,-1,-1,-1
127,-1,0.01,239.21,28.03,29.19,0.8290,-1,-1,-1
127,-1,702.78,265.72,19.91,20.48,0.3347,-1,-1,-1
128,-1,497.33,361.85,104.97,85.73,0.9541,-1,-1,-1
128,-1,423.11,0.00,159.55,133.63,0.9342,-1,-1,-1
128,-1,389.57,330.09,38.36,22.75,0.9075,-1,-1,-1
128,-1,51.86,302.57,42.10,22.31,0.9071,-1,-1,-1
128,-1,395.85,9.99,39.16,37.01,0.9028,-1,-1,-1
128,-1,668.16,262.66,17.79,19.93,0.8803,-1,-1,-1
128,-1,0.05,240.07,37.49,28.93,0.6655,-1,-1,-1
128,-1,708.69,265.59,20.45,20.40,0.5975,-1,-1,-1
129,-1,505.20,361.70,105.76,85.48,0.9542,-1,-1,-1
129,-1,61.33,302.85,41.22,22.36,0.9056,-1,-1,-1
129,-1,404.45,10.53,39.15,36.80,0.9050,-1,-1,-1
129,-1,432.65,0.00,157.76,134.35,0.9031,-1,-1,-1
129,-1,395.38,330.05,37.53,22.80,0.9022,-1,-1,-1
129,-1,673.78,262.36,18.12,19.87,0.8790,-1,-1,-1
129,-1,0.07,240.95,47.93,28.66,0.7627,-1,-1,-1
129,-1,714.59,264.96,20.07,20.65,0.3913,-1,-1,-1
130,-1,513.15,361.50,105.55,85.62,0.9541,-1,-1,-1
130,-1,439.39,0.00,158.55,139.85,0.9204,-1,-1,-1
130,-1,70.03,303.39,40.82,22.03,0.9086,-1,-1,-1
130,-1,412.72,11.10,38.86,36.84,0.9078,-1,-1,-1
130,-1,400.26,330.10,37.60,22.68,0.9032,-1,-1,-1
130,-1,679.16,262.08,18.49,19.94,0.8792,-1,-1,-1
130,-1,4.71,241.91,53.28,28.54,0.8465,-1,-1,-1
130,-1,720.22,264.62,21.01,20.53,0.4352,-1,-1,-1
131,-1,519.65,361.45,107.42,85.55,0.9575,-1,-1,-1
131,-1,448.06,0.00,156.57,138.15,0.9355,-1,-1,-1
131,-1,405.57,330.05,38.06,22.61,0.9082,-1,-1,-1
131,-1,78.23,303.56,40.35,21.97,0.9044,-1,-1,-1
131,-1,420.19,11.25,39.24,37.34,0.8992,-1,-1,-1
131,-1,13.45,242.42,53.19,28.43,0.8793,-1,-1,-1
131,-1,684.95,261.80,18.58,19.96,0.8740,-1,-1,-1
132,-1,529.75,361.46,106.40,85.80,0.9531,-1,-1,-1
132,-1,456.84,0.00,157.77,132.53,0.9384,-1,-1,-1
132,-1,429.76,11.03,39.82,37.36,0.9161,-1,-1,-1
132,-1,413.49,330.01,37.46,22.56,0.9056,-1,-1,-1
132,-1,90.78,304.13,39.22,21.78,0.9032,-1,-1,-1
132,-1,27.21,243.66,51.66,28.53,0.8914,-1,-1,-1
132,-1,693.23,261.06,18.89,20.11,0.8735,-1,-1,-1
133,-1,539.76,361.58,108.34,85.73,0.9553,-1,-1,-1
133,-1,468.75,0.00,157.09,134.27,0.9409,-1,-1,-1
133,-1,441.33,11.20,39.04,37.27,0.9107,-1,-1,-1
133,-1,422.62,330.07,37.74,22.52,0.9069,-1,-1,-1
133,-1,104.95,304.97,38.47,21.30,0.8993,-1,-1,-1
133,-1,43.53,245.75,50.03,27.60,0.8646,-1,-1,-1
133,-1,703.80,259.98,18.78,20.74,0.8617,-1,-1,-1
133,-1,745.88,263.04,21.70,20.50,0.2923,-1,-1,-1
134,-1,550.12,361.51,109.82,86.16,0.9528,-1,-1,-1
134,-1,452.03,11.67,39.04,37.35,0.9069,-1,-1,-1
134,-1,431.77,330.38,37.20,22.58,0.9033,-1,-1,-1
134,-1,118.52,306.04,37.18,20.99,0.9020,-1,-1,-1
134,-1,480.35,0.00,155.89,132.31,0.9018,-1,-1,-1
134,-1,59.20,247.29,49.10,27.87,0.8953,-1,-1,-1
134,-1,713.59,259.26,19.22,20.82,0.8685,-1,-1,-1
135,-1,561.81,361.52,109.74,86.11,0.9525,-1,-1,-1
135,-1,463.56,12.03,39.07,37.72,0.9091,-1,-1,-1
135,-1,440.13,330.21,37.17,22.43,0.9031,-1,-1,-1
135,-1,131.56,306.19,36.55,20.83,0.8994,-1,-1,-1
135,-1,73.28,248.41,47.15,27.23,0.8773,-1,-1,-1
135,-1,723.48,258.53,19.02,20.99,0.8713,-1,-1,-1
135,-1,491.37,0.00,156.48,132.30,0.8496,-1,-1,-1
136,-1,569.44,361.60,112.32,86.09,0.9654,-1,-1,-1
136,-1,501.41,0.00,156.05,132.75,0.9459,-1,-1,-1
136,-1,473.75,12.94,38.78,37.35,0.9077,-1,-1,-1
136,-1,447.92,330.19,37.05,22.38,0.9041,-1,-1,-1
136,-1,143.37,306.86,35.42,20.51,0.8937,-1,-1,-1
136,-1,732.30,258.08,19.49,20.97,0.8703,-1,-1,-1
136,-1,85.61,249.43,48.16,27.26,0.8363,-1,-1,-1
136,-1,776.31,259.74,20.80,21.98,0.2947,-1,-1,-1
137,-1,580.52,361.67,111.29,86.41,0.9521,-1,-1,-1
137,-1,154.87,307.47,34.29,20.42,0.9107,-1,-1,-1
137,-1,483.10,13.89,38.97,36.99,0.9068,-1,-1,-1
137,-1,455.56,330.43,36.82,22.45,0.9031,-1,-1,-1
137,-1,510.71,0.00,156.77,131.95,0.8924,-1,-1,-1
137,-1,97.29,250.69,45.97,26.91,0.8691,-1,-1,-1
137,-1,740.88,257.57,19.83,21.04,0.8687,-1,-1,-1
137,-1,510.92,0.00,156.70,131.15,0.4614,-1,-1,-1
137,-1,784.75,259.55,22.13,21.48,0.4295,-1,-1,-1
138,-1,589.16,361.37,114.40,86.74,0.9559,-1,-1,-1
138,-1,521.07,0.00,157.39,129.52,0.9236,-1,-1,-1
138,-1,494.31,13.90,38.64,36.81,0.9154,-1,-1,-1
138,-1,463.79,330.24,36.74,22.33,0.9051,-1,-1,-1
138,-1,166.70,307.83,33.92,20.17,0.8970,-1,-1,-1
138,-1,750.56,256.53,20.14,21.35,0.8705,-1,-1,-1
138,-1,110.45,251.36,46.87,27.00,0.8610,-1,-1,-1
139,-1,599.93,361.57,114.12,86.74,0.9562,-1,-1,-1
139,-1,503.74,13.87,38.78,37.04,0.9068,-1,-1,-1
139,-1,532.05,0.00,156.33,129.61,0.9048,-1,-1,-1
139,-1,471.67,330.30,36.84,22.42,0.9045,-1,-1,-1
139,-1,177.15,308.57,33.87,19.83,0.8947,-1,-1,-1
139,-1,122.54,253.20,44.37,26.29,0.8886,-1,-1,-1
139,-1,759.91,255.91,20.59,21.47,0.8861,-1,-1,-1
139,-1,532.18,0.00,156.04,128.94,0.4810,-1,-1,-1
139,-1,805.48,258.01,24.42,22.09,0.4081,-1,-1,-1
140,-1,610.25,361.46,116.50,87.45,0.9536,-1,-1,-1
140,-1,543.14,0.00,157.38,129.32,0.9327,-1,-1,-1
140,-1,515.44,14.29,39.11,37.34,0.9069,-1,-1,-1
140,-1,480.51,330.36,36.70,22.40,0.9001,-1,-1,-1
140,-1,190.40,309.03,32.46,19.92,0.8856,-1,-1,-1
140,-1,770.98,255.09,20.85,21.80,0.8798,-1,-1,-1
140,-1,135.98,253.79,44.50,26.57,0.8586,-1,-1,-1
140,-1,816.35,256.71,24.11,22.41,0.2511,-1,-1,-1
141,-1,616.26,362.12,117.75,87.32,0.9516,-1,-1,-1
141,-1,550.19,0.04,157.51,129.18,0.9380,-1,-1,-1
141,-1,522.03,14.64,38.87,37.41,0.9104,-1,-1,-1
141,-1,485.76,330.76,36.55,22.49,0.9039,-1,-1,-1
141,-1,197.28,309.88,32.63,19.60,0.8901,-1,-1,-1
141,-1,144.19,254.95,45.24,26.38,0.8787,-1,-1,-1
141,-1,777.39,255.35,20.83,21.38,0.8738,-1,-1,-1
142,-1,625.95,361.68,119.34,88.05,0.9532,-1,-1,-1
142,-1,558.84,0.00,159.08,127.02,0.9367,-1,-1,-1
142,-1,531.16,13.44,39.10,37.93,0.9067,-1,-1,-1
142,-1,493.90,330.45,36.72,22.35,0.9031,-1,-1,-1
142,-1,156.25,256.24,42.28,25.58,0.8917,-1,-1,-1
142,-1,787.93,254.10,21.43,21.56,0.8906,-1,-1,-1
142,-1,208.21,310.16,31.97,19.32,0.8845,-1,-1,-1
142,-1,835.65,255.38,25.47,22.23,0.6570,-1,-1,-1
143,-1,635.61,361.62,121.77,88.32,0.9568,-1,-1,-1
143,-1,568.61,0.00,160.76,125.56,0.9472,-1,-1,-1
143,-1,541.58,11.87,39.40,38.46,0.9058,-1,-1,-1
143,-1,502.37,330.29,37.18,22.42,0.9034,-1,-1,-1
143,-1,219.59,310.45,31.02,19.12,0.8998,-1,-1,-1
143,-1,799.05,252.98,21.60,21.95,0.8870,-1,-1,-1
143,-1,168.34,256.76,42.38,25.59,0.7212,-1,-1,-1
143,-1,847.62,254.44,24.89,22.71,0.2573,-1,-1,-1
144,-1,646.20,361.44,123.64,88.92,0.9529,-1,-1,-1
144,-1,580.76,0.00,160.42,123.89,0.9408,-1,-1,-1
144,-1,551.96,11.41,39.22,38.91,0.9035,-1,-1,-1
144,-1,511.42,330.40,36.50,22.36,0.9027,-1,-1,-1
144,-1,180.45,257.90,40.18,25.53,0.8901,-1,-1,-1
144,-1,230.73,311.00,30.85,18.87,0.8879,-1,-1,-1
144,-1,810.19,251.76,22.15,22.08,0.8704,-1,-1,-1
144,-1,859.31,252.99,26.16,22.86,0.3385,-1,-1,-1
144,-1,859.33,253.00,26.17,22.82,0.3128,-1,-1,-1
145,-1,656.48,361.39,123.77,89.61,0.9511,-1,-1,-1
145,-1,589.49,0.00,162.31,122.82,0.9294,-1,-1,-1
145,-1,519.28,330.37,36.75,22.44,0.9029,-1,-1,-1
145,-1,561.46,11.20,39.76,38.44,0.9018,-1,-1,-1
145,-1,191.31,258.70,39.38,25.34,0.8943,-1,-1,-1
145,-1,820.27,250.59,22.51,22.74,0.8875,-1,-1,-1
145,-1,241.01,311.39,30.08,18.79,0.8833,-1,-1,-1
145,-1,870.73,252.04,26.40,23.11,0.4499,-1,-1,-1
146,-1,664.75,361.57,125.93,89.70,0.9579,-1,-1,-1
146,-1,597.77,0.00,163.73,123.91,0.9527,-1,-1,-1
146,-1,570.22,10.97,40.09,39.22,0.9058,-1,-1,-1
146,-1,525.99,330.25,36.80,22.46,0.9030,-1,-1,-1
146,-1,830.03,249.87,22.93,22.85,0.8835,-1,-1,-1
146,-1,250.04,311.64,29.48,18.78,0.8819,-1,-1,-1
146,-1,201.39,259.03,38.34,25.55,0.8765,-1,-1,-1
146,-1,881.04,251.98,28.69,21.76,0.5740,-1,-1,-1
147,-1,673.02,361.70,126.76,90.14,0.9515,-1,-1,-1
147,-1,605.07,0.00,164.31,123.30,0.9283,-1,-1,-1
147,-1,577.78,11.51,39.98,39.02,0.9082,-1,-1,-1
147,-1,532.65,330.47,36.46,22.59,0.9039,-1,-1,-1
147,-1,258.22,312.48,28.99,18.39,0.8837,-1,-1,-1
147,-1,838.47,249.30,23.19,22.80,0.8766,-1,-1,-1
147,-1,209.44,260.61,38.16,24.75,0.8586,-1,-1,-1
147,-1,890.28,250.87,27.27,22.46,0.5236,-1,-1,-1
148,-1,679.28,361.62,129.16,90.49,0.9569,-1,-1,-1
148,-1,612.89,0.00,165.24,119.12,0.9447,-1,-1,-1
148,-1,585.14,11.24,40.24,38.56,0.9022,-1,-1,-1
148,-1,538.73,330.48,36.65,22.42,0.9021,-1,-1,-1
148,-1,265.55,312.60,29.16,18.16,0.8849,-1,-1,-1
148,-1,846.89,248.47,23.25,23.11,0.8779,-1,-1,-1
148,-1,217.62,260.94,34.21,24.57,0.8296,-1,-1,-1
148,-1,899.62,249.62,28.60,23.40,0.6863,-1,-1,-1
149,-1,691.17,361.73,129.97,90.88,0.9534,-1,-1,-1
149,-1,595.57,11.33,40.90,38.06,0.9106,-1,-1,-1
149,-1,547.59,330.51,36.63,22.49,0.9025,-1,-1,-1
149,-1,276.18,312.94,28.55,18.20,0.8921,-1,-1,-1
149,-1,858.83,247.17,23.78,23.46,0.8858,-1,-1,-1
149,-1,622.21,0.00,167.91,118.06,0.8784,-1,-1,-1
149,-1,229.15,261.97,38.59,24.49,0.8646,-1,-1,-1
149,-1,622.85,0.00,166.92,117.82,0.6797,-1,-1,-1
149,-1,912.12,248.68,29.90,23.15,0.6759,-1,-1,-1
150,-1,699.67,361.72,131.69,91.46,0.9537,-1,-1,-1
150,-1,604.04,10.82,40.71,38.12,0.9152,-1,-1,-1
150,-1,630.27,0.00,169.65,117.34,0.9151,-1,-1,-1
150,-1,554.26,330.56,37.21,22.49,0.9017,-1,-1,-1
150,-1,284.73,313.48,28.49,18.01,0.8896,-1,-1,-1
150,-1,868.81,246.62,24.50,23.29,0.8851,-1,-1,-1
150,-1,238.44,262.56,37.75,24.69,0.8597,-1,-1,-1
150,-1,923.25,247.81,32.71,23.40,0.7882,-1,-1,-1
151,-1,703.65,361.84,131.73,91.50,0.9536,-1,-1,-1
151,-1,634.74,0.00,168.95,117.08,0.9184,-1,-1,-1
151,-1,606.92,10.72,41.27,38.43,0.9160,-1,-1,-1
151,-1,557.70,330.57,37.02,22.61,0.9029,-1,-1,-1
151,-1,288.55,313.62,28.53,17.92,0.8932,-1,-1,-1
151,-1,873.65,246.23,24.72,23.31,0.8836,-1,-1,-1
151,-1,242.68,262.87,36.61,24.59,0.8704,-1,-1,-1
151,-1,928.30,247.12,31.06,23.64,0.8045,-1,-1,-1
152,-1,708.44,361.82,134.11,91.71,0.9543,-1,-1,-1
152,-1,612.67,10.26,41.31,38.53,0.9174,-1,-1,-1
152,-1,640.34,0.00,170.56,115.49,0.9103,-1,-1,-1
152,-1,563.91,330.53,36.87,22.70,0.9027,-1,-1,-1
152,-1,295.39,313.86,28.14,18.02,0.8939,-1,-1,-1
152,-1,881.94,245.21,25.07,23.82,0.8811,-1,-1,-1
152,-1,250.01,263.36,36.47,24.68,0.8770,-1,-1,-1
152,-1,937.84,245.03,31.09,24.94,0.7693,-1,-1,-1
153,-1,717.66,362.06,136.36,92.04,0.9566,-1,-1,-1
153,-1,650.46,0.00,171.64,114.69,0.9328,-1,-1,-1
153,-1,622.45,10.06,41.10,38.61,0.9182,-1,-1,-1
153,-1,572.22,330.53,36.78,22.69,0.9030,-1,-1,-1
153,-1,894.06,243.97,25.83,24.04,0.8915,-1,-1,-1
153,-1,305.50,314.49,27.43,17.65,0.8880,-1,-1,-1
153,-1,260.02,264.39,36.59,24.28,0.8629,-1,-1,-1
153,-1,951.46,244.51,30.02,24.53,0.4684,-1,-1,-1
153,-1,951.39,244.55,30.08,24.52,0.4640,-1,-1,-1
154,-1,721.96,362.05,136.92,92.55,0.9551,-1,-1,-1
154,-1,655.00,0.00,172.68,114.91,0.9180,-1,-1,-1
154,-1,626.44,9.73,41.46,38.88,0.9130,-1,-1,-1
154,-1,576.83,330.64,37.16,22.85,0.9041,-1,-1,-1
154,-1,310.71,314.68,27.29,17.76,0.8918,-1,-1,-1
154,-1,900.98,243.20,26.04,24.53,0.8857,-1,-1,-1
154,-1,265.99,264.91,36.45,24.03,0.8782,-1,-1,-1
154,-1,959.12,243.40,30.98,25.17,0.6985,-1,-1,-1
155,-1,728.81,362.21,137.73,92.99,0.9568,-1,-1,-1
155,-1,661.30,0.00,173.08,114.79,0.9115,-1,-1,-1
155,-1,582.99,330.65,37.61,22.75,0.9064,-1,-1,-1
155,-1,631.69,9.62,41.73,38.94,0.9029,-1,-1,-1
155,-1,317.83,315.08,26.57,17.74,0.8856,-1,-1,-1
155,-1,910.26,242.01,26.00,24.91,0.8794,-1,-1,-1
155,-1,273.03,265.08,36.59,24.32,0.8771,-1,-1,-1
155,-1,968.83,242.67,34.79,25.09,0.5522,-1,-1,-1
155,-1,968.82,242.60,35.60,25.20,0.5401,-1,-1,-1
156,-1,733.72,361.99,139.75,93.38,0.9658,-1,-1,-1
156,-1,663.10,0.00,178.21,112.35,0.9367,-1,-1,-1
156,-1,636.71,8.34,41.84,39.41,0.9082,-1,-1,-1
156,-1,588.72,330.51,36.83,22.82,0.9038,-1,-1,-1
156,-1,323.72,315.25,27.10,17.82,0.8887,-1,-1,-1
156,-1,918.59,240.92,26.82,24.98,0.8807,-1,-1,-1
156,-1,279.56,265.72,36.20,24.09,0.8408,-1,-1,-1
156,-1,978.24,241.54,34.23,24.62,0.6257,-1,-1,-1
157,-1,740.95,361.99,139.91,93.92,0.9550,-1,-1,-1
157,-1,671.15,0.00,176.83,110.93,0.9190,-1,-1,-1
157,-1,642.32,8.02,42.29,39.55,0.9111,-1,-1,-1
157,-1,594.58,330.58,38.01,22.92,0.9012,-1,-1,-1
157,-1,330.84,315.44,26.37,17.75,0.8948,-1,-1,-1
157,-1,927.96,239.96,27.51,25.20,0.8868,-1,-1,-1
157,-1,287.02,266.24,36.04,24.20,0.8389,-1,-1,-1
157,-1,988.70,240.17,35.21,25.11,0.5718,-1,-1,-1
158,-1,744.47,362.59,141.61,94.25,0.9584,-1,-1,-1
158,-1,646.09,7.94,42.08,40.06,0.9099,-1,-1,-1
158,-1,599.22,330.74,38.21,22.88,0.9062,-1,-1,-1
158,-1,335.50,315.62,26.57,17.70,0.8871,-1,-1,-1
158,-1,292.18,266.93,34.79,24.09,0.8709,-1,-1,-1
158,-1,935.17,239.24,27.90,25.61,0.8709,-1,-1,-1
158,-1,682.80,0.14,169.90,110.04,0.8333,-1,-1,-1
158,-1,686.99,0.00,166.35,110.18,0.6913,-1,-1,-1
159,-1,750.20,362.55,141.93,94.63,0.9591,-1,-1,-1
159,-1,650.62,7.44,41.93,39.84,0.9084,-1,-1,-1
159,-1,604.73,330.61,37.89,22.96,0.9048,-1,-1,-1
159,-1,341.66,315.93,25.85,17.68,0.8891,-1,-1,-1
159,-1,943.40,238.62,28.46,25.34,0.8810,-1,-1,-1
159,-1,677.67,0.00,181.83,109.89,0.8735,-1,-1,-1
159,-1,298.97,267.19,34.64,23.93,0.8547,-1,-1,-1
159,-1,677.45,0.02,180.43,109.35,0.6217,-1,-1,-1
160,-1,743.22,365.81,140.02,95.02,0.9555,-1,-1,-1
160,-1,645.54,10.00,41.61,39.75,0.9123,-1,-1,-1
160,-1,603.83,331.60,38.11,22.92,0.9077,-1,-1,-1
160,-1,675.22,0.00,179.34,112.30,0.9002,-1,-1,-1
160,-1,340.28,315.31,26.48,17.82,0.8844,-1,-1,-1
160,-1,942.88,241.78,28.13,25.59,0.8824,-1,-1,-1
160,-1,297.76,266.21,34.69,23.97,0.8688,-1,-1,-1
160,-1,1004.63,241.83,19.37,26.33,0.5950,-1,-1,-1
161,-1,733.04,363.03,135.65,94.48,0.9588,-1,-1,-1
161,-1,660.05,0.00,180.32,109.48,0.9242,-1,-1,-1
161,-1,630.95,7.40,40.90,39.86,0.9077,-1,-1,-1
161,-1,601.58,330.82,38.55,22.93,0.9041,-1,-1,-1
161,-1,336.84,316.32,26.61,17.39,0.8907,-1,-1,-1
161,-1,939.33,238.70,27.78,25.71,0.8803,-1,-1,-1
161,-1,294.70,267.76,33.38,23.68,0.8773,-1,-1,-1
161,-1,794.94,284.49,16.07,19.79,0.3655,-1,-1,-1
162,-1,721.87,360.66,132.86,94.85,0.9586,-1,-1,-1
162,-1,646.67,0.00,181.03,107.93,0.9132,-1,-1,-1
162,-1,618.55,5.79,40.87,39.74,0.9104,-1,-1,-1
162,-1,600.01,329.58,37.77,23.05,0.9040,-1,-1,-1
162,-1,333.98,315.56,26.46,17.60,0.8905,-1,-1,-1
162,-1,936.37,236.76,27.99,25.68,0.8897,-1,-1,-1
162,-1,291.54,267.10,34.31,23.80,0.8752,-1,-1,-1
162,-1,790.49,283.40,18.89,19.43,0.8627,-1,-1,-1
162,-1,998.97,236.34,24.61,25.78,0.3188,-1,-1,-1
163,-1,711.43,360.50,129.99,94.71,0.9668,-1,-1,-1
163,-1,607.56,5.66,39.34,39.57,0.9118,-1,-1,-1
163,-1,598.07,329.44,38.49,22.99,0.9089,-1,-1,-1
163,-1,331.16,315.51,27.06,17.67,0.8993,-1,-1,-1
163,-1,933.93,236.22,27.63,25.50,0.8918,-1,-1,-1
163,-1,635.03,0.00,182.23,106.88,0.8915,-1,-1,-1
163,-1,789.71,282.99,18.42,19.99,0.8487,-1,-1,-1
163,-1,288.87,267.04,35.24,23.82,0.7863,-1,-1,-1
163,-1,995.65,235.71,26.98,25.90,0.4599,-1,-1,-1
164,-1,699.92,360.32,127.92,94.65,0.9590,-1,-1,-1
164,-1,623.72,0.00,182.86,106.76,0.9160,-1,-1,-1
164,-1,595.63,4.98,39.14,39.53,0.9110,-1,-1,-1
164,-1,596.41,329.34,38.51,22.90,0.9047,-1,-1,-1
164,-1,931.16,235.82,27.43,25.47,0.8945,-1,-1,-1
164,-1,327.93,315.49,27.45,17.54,0.8904,-1,-1,-1
164,-1,286.35,267.28,33.25,23.66,0.8798,-1,-1,-1
164,-1,788.91,282.91,18.07,20.01,0.8219,-1,-1,-1
164,-1,993.59,235.81,27.52,25.58,0.6372,-1,-1,-1
165,-1,689.43,359.86,125.04,94.84,0.9569,-1,-1,-1
165,-1,584.14,4.91,38.45,39.56,0.9120,-1,-1,-1
165,-1,611.64,0.00,183.93,106.72,0.9058,-1,-1,-1
165,-1,595.15,329.02,37.99,23.12,0.9020,-1,-1,-1
165,-1,325.69,315.54,26.71,17.67,0.8904,-1,-1,-1
165,-1,928.41,235.27,27.75,25.71,0.8860,-1,-1,-1
165,-1,283.39,267.04,34.73,23.96,0.8675,-1,-1,-1
165,-1,787.32,282.41,18.54,21.91,0.8492,-1,-1,-1
165,-1,991.08,235.60,21.26,25.28,0.3268,-1,-1,-1
166,-1,678.21,359.42,122.37,94.82,0.9581,-1,-1,-1
166,-1,572.11,4.63,37.80,39.42,0.9146,-1,-1,-1
166,-1,597.74,0.00,186.80,105.81,0.9095,-1,-1,-1
166,-1,593.17,328.88,38.87,23.11,0.9022,-1,-1,-1
166,-1,322.71,315.52,27.80,17.70,0.8957,-1,-1,-1
166,-1,925.94,234.88,27.31,25.63,0.8852,-1,-1,-1
166,-1,281.08,267.20,35.00,23.84,0.8741,-1,-1,-1
166,-1,785.79,282.00,18.71,20.91,0.8564,-1,-1,-1
166,-1,987.44,236.53,22.60,23.93,0.7169,-1,-1,-1
167,-1,666.95,358.96,120.84,94.96,0.9610,-1,-1,-1
167,-1,560.47,4.76,36.79,39.47,0.9119,-1,-1,-1
167,-1,591.44,328.73,34.71,23.13,0.9019,-1,-1,-1
167,-1,319.77,315.84,27.98,17.60,0.8966,-1,-1,-1
167,-1,278.51,267.80,32.77,23.65,0.8820,-1,-1,-1
167,-1,587.67,0.00,186.98,105.65,0.8803,-1,-1,-1
167,-1,923.16,234.36,26.94,25.78,0.8759,-1,-1,-1
167,-1,784.77,281.76,18.25,20.25,0.8331,-1,-1,-1
167,-1,985.16,235.24,22.66,24.79,0.7416,-1,-1,-1
168,-1,656.09,358.98,118.18,94.74,0.9600,-1,-1,-1
168,-1,548.27,4.75,36.52,39.05,0.9113,-1,-1,-1
168,-1,577.31,0.00,186.19,107.05,0.9008,-1,-1,-1
168,-1,317.40,316.00,27.42,17.66,0.8958,-1,-1,-1
168,-1,589.58,328.48,27.97,23.28,0.8882,-1,-1,-1
168,-1,276.33,267.68,32.99,23.94,0.8782,-1,-1,-1
168,-1,920.35,233.88,27.32,25.85,0.8639,-1,-1,-1
168,-1,783.86,281.69,17.74,19.79,0.7581,-1,-1,-1
169,-1,644.76,358.75,116.07,94.96,0.9591,-1,-1,-1
169,-1,536.49,4.81,36.05,39.29,0.9175,-1,-1,-1
169,-1,562.11,0.00,191.06,105.58,0.8994,-1,-1,-1
169,-1,314.64,316.38,28.01,17.39,0.8942,-1,-1,-1
169,-1,917.86,233.79,26.46,25.71,0.8804,-1,-1,-1
169,-1,587.86,328.41,21.34,23.49,0.8766,-1,-1,-1
169,-1,273.52,268.24,33.77,23.60,0.8559,-1,-1,-1
169,-1,782.44,281.40,17.71,20.60,0.7312,-1,-1,-1
169,-1,979.20,233.97,32.85,25.00,0.6701,-1,-1,-1
170,-1,633.65,358.76,114.25,94.95,0.9581,-1,-1,-1
170,-1,549.29,0.00,193.72,105.64,0.9253,-1,-1,-1
170,-1,524.59,4.89,36.08,39.28,0.9118,-1,-1,-1
170,-1,311.90,316.62,27.82,17.33,0.8920,-1,-1,-1
170,-1,914.81,233.67,26.85,25.52,0.8888,-1,-1,-1
170,-1,270.63,268.88,32.33,23.21,0.8646,-1,-1,-1
170,-1,976.21,233.80,33.33,24.93,0.6786,-1,-1,-1
170,-1,780.80,281.22,17.97,20.49,0.5955,-1,-1,-1
171,-1,621.90,358.72,112.67,95.06,0.9581,-1,-1,-1
171,-1,512.73,5.16,35.46,39.17,0.9148,-1,-1,-1
171,-1,533.82,0.00,198.15,105.64,0.9129,-1,-1,-1
171,-1,308.98,316.64,28.20,17.60,0.8918,-1,-1,-1
171,-1,912.12,233.72,26.81,25.17,0.8809,-1,-1,-1
171,-1,268.38,268.94,32.49,23.50,0.8534,-1,-1,-1
171,-1,779.36,281.16,18.26,19.79,0.8290,-1,-1,-1
171,-1,974.16,233.84,32.40,24.53,0.3227,-1,-1,-1
172,-1,610.69,358.90,110.72,95.02,0.9587,-1,-1,-1
172,-1,520.16,0.00,202.76,106.17,0.9298,-1,-1,-1
172,-1,500.84,4.46,35.10,40.11,0.9137,-1,-1,-1
172,-1,306.53,317.19,28.21,17.28,0.8874,-1,-1,-1
172,-1,909.57,233.65,26.37,25.23,0.8704,-1,-1,-1
172,-1,265.33,269.28,34.64,23.38,0.8242,-1,-1,-1
172,-1,778.36,281.40,18.01,19.82,0.8074,-1,-1,-1
172,-1,971.30,233.47,32.71,25.16,0.6026,-1,-1,-1
173,-1,599.41,359.29,109.12,94.42,0.9587,-1,-1,-1
173,-1,512.76,0.00,199.09,105.91,0.9313,-1,-1,-1
173,-1,489.56,5.35,34.12,39.56,0.9131,-1,-1,-1
173,-1,906.85,233.69,26.48,25.24,0.8914,-1,-1,-1
173,-1,303.90,317.50,28.18,17.28,0.8875,-1,-1,-1
173,-1,263.24,269.36,33.12,23.69,0.8267,-1,-1,-1
173,-1,777.24,281.33,17.34,19.49,0.7691,-1,-1,-1
173,-1,967.87,233.79,33.55,24.80,0.5935,-1,-1,-1
173,-1,967.91,233.67,33.22,24.98,0.4948,-1,-1,-1
174,-1,588.09,359.51,107.39,94.73,0.9588,-1,-1,-1
174,-1,501.35,0.00,200.24,106.05,0.9303,-1,-1,-1
174,-1,477.61,5.90,33.93,39.40,0.9121,-1,-1,-1
174,-1,300.83,317.68,29.02,17.38,0.8905,-1,-1,-1
174,-1,903.98,233.48,26.58,25.55,0.8564,-1,-1,-1
174,-1,260.90,269.93,32.11,23.44,0.8534,-1,-1,-1
174,-1,775.86,281.37,17.54,19.89,0.7115,-1,-1,-1
174,-1,965.55,233.81,32.36,24.67,0.5548,-1,-1,-1
175,-1,576.81,359.79,105.59,94.97,0.9599,-1,-1,-1
175,-1,491.82,0.00,200.12,106.34,0.9338,-1,-1,-1
175,-1,466.57,6.63,33.06,39.12,0.9103,-1,-1,-1
175,-1,298.70,317.98,28.48,17.33,0.8899,-1,-1,-1
175,-1,901.64,233.66,26.09,25.62,0.8614,-1,-1,-1
175,-1,258.78,270.58,33.39,22.91,0.8100,-1,-1,-1
175,-1,962.94,234.33,31.97,24.42,0.7399,-1,-1,-1
175,-1,774.94,281.53,17.04,20.83,0.6189,-1,-1,-1
176,-1,564.97,360.25,104.67,94.96,0.9572,-1,-1,-1
176,-1,477.58,0.00,203.47,107.14,0.9293,-1,-1,-1
176,-1,455.08,6.29,32.72,40.11,0.9118,-1,-1,-1
176,-1,296.26,318.38,28.70,16.99,0.8794,-1,-1,-1
176,-1,256.07,271.33,31.49,22.32,0.8410,-1,-1,-1
176,-1,898.87,231.21,26.42,28.38,0.8206,-1,-1,-1
176,-1,959.44,234.91,33.12,24.36,0.5177,-1,-1,-1
176,-1,773.49,281.54,17.28,21.13,0.4903,-1,-1,-1
177,-1,553.46,360.75,103.31,94.54,0.9583,-1,-1,-1
177,-1,463.55,0.00,207.82,108.51,0.9257,-1,-1,-1
177,-1,443.71,7.49,32.51,39.36,0.9111,-1,-1,-1
177,-1,293.42,318.56,29.04,17.05,0.8844,-1,-1,-1
177,-1,895.87,233.63,26.48,26.29,0.8587,-1,-1,-1
177,-1,253.95,271.27,31.59,22.71,0.8518,-1,-1,-1
177,-1,771.74,281.87,18.18,22.20,0.7845,-1,-1,-1
177,-1,956.88,234.71,32.88,24.59,0.6491,-1,-1,-1
178,-1,542.08,360.80,101.95,94.77,0.9558,-1,-1,-1
178,-1,453.95,0.00,207.90,109.06,0.9312,-1,-1,-1
178,-1,431.83,8.22,33.25,39.34,0.9031,-1,-1,-1
178,-1,290.85,318.68,29.04,17.25,0.8872,-1,-1,-1
178,-1,893.78,233.85,25.87,26.15,0.8486,-1,-1,-1
178,-1,770.41,282.19,18.14,21.57,0.8260,-1,-1,-1
178,-1,251.51,271.90,32.53,22.27,0.7885,-1,-1,-1
178,-1,954.34,235.11,32.47,24.51,0.5996,-1,-1,-1
179,-1,530.35,361.04,100.59,92.96,0.9496,-1,-1,-1
179,-1,445.26,0.00,206.04,109.18,0.9389,-1,-1,-1
179,-1,420.05,8.64,32.66,39.11,0.9080,-1,-1,-1
179,-1,288.28,318.97,28.98,17.31,0.8813,-1,-1,-1
179,-1,890.87,233.91,26.33,26.38,0.8676,-1,-1,-1
179,-1,248.60,272.59,30.85,21.96,0.8515,-1,-1,-1
179,-1,769.46,282.47,17.48,21.31,0.8019,-1,-1,-1
179,-1,951.69,235.61,31.95,23.94,0.4008,-1,-1,-1
180,-1,519.12,361.28,99.31,94.97,0.9544,-1,-1,-1
180,-1,431.95,0.00,209.79,110.13,0.9348,-1,-1,-1
180,-1,408.59,9.12,32.20,39.05,0.9039,-1,-1,-1
180,-1,285.83,319.46,29.04,17.10,0.8861,-1,-1,-1
180,-1,247.22,272.76,30.99,22.19,0.8419,-1,-1,-1
180,-1,888.52,231.40,26.18,28.99,0.8382,-1,-1,-1
180,-1,768.15,282.66,17.77,21.21,0.7117,-1,-1,-1
180,-1,948.62,236.21,32.23,23.58,0.2667,-1,-1,-1
181,-1,507.25,362.06,98.34,94.80,0.9557,-1,-1,-1
181,-1,419.16,0.00,212.02,109.39,0.9337,-1,-1,-1
181,-1,397.03,9.40,32.67,39.30,0.9043,-1,-1,-1
181,-1,282.72,319.41,29.47,17.38,0.8867,-1,-1,-1
181,-1,885.99,234.53,25.80,26.12,0.8436,-1,-1,-1
181,-1,245.02,273.45,30.64,21.70,0.7833,-1,-1,-1
181,-1,767.19,282.66,17.08,20.50,0.7662,-1,-1,-1
181,-1,946.27,235.72,32.12,24.35,0.6161,-1,-1,-1
182,-1,496.15,362.22,96.72,95.11,0.9515,-1,-1,-1
182,-1,408.59,0.00,213.37,110.62,0.9373,-1,-1,-1
182,-1,385.70,10.13,32.50,39.03,0.9052,-1,-1,-1
182,-1,883.09,235.27,25.87,25.58,0.8971,-1,-1,-1
182,-1,280.92,319.40,28.89,17.55,0.8792,-1,-1,-1
182,-1,241.52,273.55,29.60,21.71,0.8510,-1,-1,-1
182,-1,765.93,282.90,17.34,20.75,0.8069,-1,-1,-1
182,-1,943.62,236.14,31.68,24.18,0.5579,-1,-1,-1
183,-1,483.76,362.58,97.09,94.63,0.9555,-1,-1,-1
183,-1,396.67,0.00,214.90,110.76,0.9394,-1,-1,-1
183,-1,374.45,10.59,32.09,38.61,0.9092,-1,-1,-1
183,-1,278.46,319.62,28.71,17.38,0.8855,-1,-1,-1
183,-1,880.53,235.75,25.82,25.38,0.8737,-1,-1,-1
183,-1,239.54,273.44,30.34,21.88,0.8451,-1,-1,-1
183,-1,764.23,283.02,17.90,20.52,0.8105,-1,-1,-1
183,-1,581.85,330.74,21.30,22.50,0.7390,-1,-1,-1
183,-1,940.53,236.42,32.29,24.49,0.5844,-1,-1,-1
184,-1,472.75,362.84,96.12,94.96,0.9567,-1,-1,-1
184,-1,386.29,0.00,215.44,110.34,0.9422,-1,-1,-1
184,-1,363.42,10.49,31.51,39.09,0.9052,-1,-1,-1
184,-1,275.71,319.50,29.11,17.48,0.8924,-1,-1,-1
184,-1,878.17,235.98,25.60,25.41,0.8487,-1,-1,-1
184,-1,573.07,331.08,28.40,23.02,0.8363,-1,-1,-1
184,-1,763.20,283.15,17.47,20.70,0.8010,-1,-1,-1
184,-1,938.35,237.13,32.11,23.92,0.6883,-1,-1,-1
184,-1,237.44,273.56,33.02,21.58,0.6650,-1,-1,-1
185,-1,461.16,362.91,95.78,94.54,0.9491,-1,-1,-1
185,-1,372.61,0.00,219.21,110.78,0.9374,-1,-1,-1
185,-1,352.19,10.51,31.41,39.22,0.9053,-1,-1,-1
185,-1,564.65,331.18,35.44,23.12,0.9039,-1,-1,-1
185,-1,875.81,236.46,25.14,25.15,0.9006,-1,-1,-1
185,-1,273.29,319.40,29.35,17.53,0.8812,-1,-1,-1
185,-1,233.92,273.39,30.26,21.73,0.7956,-1,-1,-1
185,-1,762.10,283.29,17.47,21.46,0.7745,-1,-1,-1
185,-1,936.34,237.50,30.81,23.79,0.6575,-1,-1,-1
186,-1,448.69,362.65,96.18,95.05,0.9516,-1,-1,-1
186,-1,358.39,0.00,224.21,111.24,0.9427,-1,-1,-1
186,-1,559.54,331.28,39.29,22.90,0.9119,-1,-1,-1
186,-1,340.98,10.46,31.69,39.25,0.9068,-1,-1,-1
186,-1,271.18,319.44,28.63,17.27,0.8860,-1,-1,-1
186,-1,873.26,236.65,25.28,25.19,0.8813,-1,-1,-1
186,-1,232.44,273.58,30.14,21.32,0.7970,-1,-1,-1
186,-1,760.95,283.28,17.42,21.23,0.7836,-1,-1,-1
186,-1,933.50,237.93,30.88,23.50,0.4513,-1,-1,-1
186,-1,933.46,237.93,30.90,23.49,0.2995,-1,-1,-1
187,-1,436.39,362.78,96.66,94.83,0.9525,-1,-1,-1
187,-1,349.93,0.00,223.25,110.79,0.9329,-1,-1,-1
187,-1,558.01,331.29,38.96,22.97,0.9109,-1,-1,-1
187,-1,329.68,10.35,32.25,39.22,0.9028,-1,-1,-1
187,-1,268.55,319.22,28.88,17.32,0.8897,-1,-1,-1
187,-1,870.88,236.78,25.08,25.55,0.8665,-1,-1,-1
187,-1,230.14,273.71,36.38,20.91,0.7811,-1,-1,-1
187,-1,759.88,283.48,16.94,20.87,0.6128,-1,-1,-1
187,-1,931.30,238.32,30.95,23.41,0.3029,-1,-1,-1
187,-1,931.32,238.35,30.98,23.41,0.2840,-1,-1,-1
188,-1,424.12,362.62,96.98,94.93,0.9501,-1,-1,-1
188,-1,339.71,0.00,224.75,111.33,0.9440,-1,-1,-1
188,-1,556.19,331.27,39.34,23.09,0.9080,-1,-1,-1
188,-1,318.20,9.86,33.02,39.30,0.8968,-1,-1,-1
188,-1,868.74,237.14,24.62,25.32,0.8832,-1,-1,-1
188,-1,266.06,318.85,29.19,17.42,0.8775,-1,-1,-1
188,-1,928.85,238.53,30.71,23.55,0.7611,-1,-1,-1
188,-1,227.71,272.62,37.61,21.57,0.6525,-1,-1,-1
188,-1,758.82,283.90,16.93,20.29,0.6471,-1,-1,-1
189,-1,411.13,362.92,98.21,94.82,0.9507,-1,-1,-1
189,-1,327.84,0.00,226.37,111.49,0.9373,-1,-1,-1
189,-1,554.48,331.27,39.12,23.10,0.9109,-1,-1,-1
189,-1,307.66,9.33,32.01,39.95,0.8988,-1,-1,-1
189,-1,263.78,318.62,28.98,17.26,0.8817,-1,-1,-1
189,-1,866.13,237.22,25.11,25.60,0.8631,-1,-1,-1
189,-1,758.07,284.22,16.92,19.89,0.5948,-1,-1,-1
189,-1,224.37,272.40,36.08,21.49,0.5673,-1,-1,-1
189,-1,926.64,239.43,30.71,22.86,0.4558,-1,-1,-1
190,-1,398.63,362.44,99.42,95.09,0.9466,-1,-1,-1
190,-1,312.69,0.00,231.81,110.71,0.9322,-1,-1,-1
190,-1,552.88,331.18,39.28,23.06,0.9087,-1,-1,-1
190,-1,296.64,9.04,32.35,39.37,0.9030,-1,-1,-1
190,-1,261.31,318.49,29.13,16.99,0.8853,-1,-1,-1
190,-1,863.64,237.95,25.07,25.05,0.8780,-1,-1,-1
190,-1,222.26,272.27,40.59,21.06,0.8106,-1,-1,-1
190,-1,923.60,239.85,30.94,22.92,0.6928,-1,-1,-1
190,-1,756.60,284.12,17.20,20.02,0.6749,-1,-1,-1
191,-1,386.57,362.05,99.63,94.71,0.9641,-1,-1,-1
191,-1,309.23,0.00,226.42,110.62,0.9400,-1,-1,-1
191,-1,551.34,331.11,39.48,22.99,0.9096,-1,-1,-1
191,-1,285.04,8.66,32.97,39.45,0.9065,-1,-1,-1
191,-1,258.40,317.78,29.28,17.42,0.8858,-1,-1,-1
191,-1,861.52,237.99,24.69,25.13,0.8755,-1,-1,-1
191,-1,219.63,271.37,38.87,21.54,0.7454,-1,-1,-1
191,-1,755.24,284.17,17.34,20.90,0.7054,-1,-1,-1
191,-1,921.65,239.88,30.58,23.15,0.6863,-1,-1,-1
192,-1,374.18,361.73,100.78,95.30,0.9519,-1,-1,-1
192,-1,300.40,0.00,225.54,109.69,0.9434,-1,-1,-1
192,-1,549.77,331.12,39.48,22.88,0.9087,-1,-1,-1
192,-1,274.01,8.21,33.21,39.57,0.9054,-1,-1,-1
192,-1,859.27,238.35,24.71,25.05,0.8907,-1,-1,-1
192,-1,256.01,317.44,29.54,17.35,0.8817,-1,-1,-1
192,-1,754.35,284.39,17.02,20.79,0.7256,-1,-1,-1
192,-1,216.36,271.67,39.75,21.18,0.7223,-1,-1,-1
192,-1,919.01,240.31,30.46,22.78,0.7034,-1,-1,-1
193,-1,361.28,361.42,102.52,94.88,0.9543,-1,-1,-1
193,-1,293.79,0.00,223.58,109.69,0.9439,-1,-1,-1
193,-1,262.60,7.43,33.66,39.90,0.9171,-1,-1,-1
193,-1,548.33,330.95,39.63,22.93,0.9057,-1,-1,-1
193,-1,253.70,317.15,29.20,17.21,0.8909,-1,-1,-1
193,-1,856.66,237.94,24.96,25.62,0.8609,-1,-1,-1
193,-1,214.21,271.34,42.21,20.80,0.7348,-1,-1,-1
193,-1,753.25,284.37,17.01,20.67,0.6856,-1,-1,-1
193,-1,916.06,240.31,30.46,22.85,0.6185,-1,-1,-1
194,-1,348.86,361.07,103.75,95.14,0.9594,-1,-1,-1
194,-1,275.11,0.00,231.28,109.39,0.9280,-1,-1,-1
194,-1,251.50,6.67,34.35,39.62,0.9092,-1,-1,-1
194,-1,546.19,330.77,39.71,22.92,0.9031,-1,-1,-1
194,-1,250.97,316.32,29.38,17.59,0.8932,-1,-1,-1
194,-1,854.29,238.16,24.60,25.42,0.8272,-1,-1,-1
194,-1,212.16,270.46,41.14,21.34,0.8195,-1,-1,-1
194,-1,752.28,284.20,16.73,21.41,0.6445,-1,-1,-1
194,-1,913.85,240.63,31.37,22.61,0.3289,-1,-1,-1
195,-1,336.05,360.72,105.51,94.83,0.9575,-1,-1,-1
195,-1,257.68,0.00,239.80,108.63,0.9385,-1,-1,-1
195,-1,239.74,5.96,35.18,39.41,0.9097,-1,-1,-1
195,-1,544.98,330.61,39.53,22.94,0.9015,-1,-1,-1
195,-1,248.76,315.99,29.58,17.54,0.8927,-1,-1,-1
195,-1,851.88,238.39,25.30,25.16,0.7913,-1,-1,-1
195,-1,209.65,270.33,40.15,21.03,0.7782,-1,-1,-1
195,-1,751.18,284.44,16.60,19.79,0.7251,-1,-1,-1
196,-1,323.95,360.22,106.36,95.01,0.9584,-1,-1,-1
196,-1,259.37,0.00,228.37,108.77,0.9469,-1,-1,-1
196,-1,227.82,5.39,35.53,39.76,0.9104,-1,-1,-1
196,-1,543.08,330.49,39.88,22.87,0.9081,-1,-1,-1
196,-1,246.59,315.61,29.22,17.53,0.8978,-1,-1,-1
196,-1,849.60,238.24,23.82,25.16,0.8462,-1,-1,-1
196,-1,207.36,270.15,41.61,20.75,0.7981,-1,-1,-1
196,-1,750.42,284.25,16.42,19.57,0.7810,-1,-1,-1
196,-1,908.76,240.38,29.87,23.20,0.6798,-1,-1,-1
197,-1,311.02,359.85,107.86,95.28,0.9614,-1,-1,-1
197,-1,246.05,0.00,231.91,107.56,0.9446,-1,-1,-1
197,-1,541.48,330.22,39.72,22.90,0.9183,-1,-1,-1
197,-1,216.01,4.96,35.76,39.63,0.9116,-1,-1,-1
197,-1,243.75,315.31,29.41,17.74,0.8962,-1,-1,-1
197,-1,204.48,269.97,41.65,20.73,0.8021,-1,-1,-1
197,-1,847.04,238.02,23.39,25.48,0.7623,-1,-1,-1
197,-1,906.30,240.56,30.50,22.51,0.6432,-1,-1,-1
197,-1,749.07,283.58,16.54,20.63,0.5790,-1,-1,-1
198,-1,298.00,359.80,109.72,95.13,0.9643,-1,-1,-1
198,-1,228.98,0.00,240.13,107.69,0.9499,-1,-1,-1
198,-1,203.52,5.03,36.76,39.31,0.9138,-1,-1,-1
198,-1,539.81,329.91,39.81,22.99,0.9052,-1,-1,-1
198,-1,241.09,315.31,29.86,17.67,0.8862,-1,-1,-1
198,-1,844.43,238.23,24.21,24.29,0.8731,-1,-1,-1
198,-1,201.94,270.03,41.24,20.44,0.8418,-1,-1,-1
198,-1,747.51,283.41,16.65,20.75,0.5778,-1,-1,-1
198,-1,903.78,240.38,30.29,22.39,0.5059,-1,-1,-1
199,-1,284.89,359.35,111.43,95.06,0.9640,-1,-1,-1
199,-1,218.94,0.00,238.79,107.88,0.9321,-1,-1,-1
199,-1,191.05,4.55,37.34,39.70,0.9178,-1,-1,-1
199,-1,537.98,329.73,39.69,22.85,0.9013,-1,-1,-1
199,-1,238.67,315.36,29.35,17.31,0.8975,-1,-1,-1
199,-1,841.73,237.25,23.40,25.03,0.8732,-1,-1,-1
199,-1,199.35,270.10,41.49,20.16,0.7298,-1,-1,-1
199,-1,746.25,283.22,16.34,21.11,0.3759,-1,-1,-1
200,-1,271.47,359.38,113.48,94.74,0.9599,-1,-1,-1
200,-1,208.82,0.00,239.34,107.60,0.9531,-1,-1,-1
200,-1,178.62,4.63,38.15,39.29,0.9129,-1,-1,-1
200,-1,536.26,329.44,40.02,23.01,0.9016,-1,-1,-1
200,-1,235.95,315.31,29.23,17.55,0.8971,-1,-1,-1
200,-1,839.06,232.49,23.81,29.39,0.7977,-1,-1,-1
200,-1,196.78,269.83,41.69,20.63,0.7870,-1,-1,-1
200,-1,196.46,269.30,42.74,21.11,0.4989,-1,-1,-1
200,-1,745.01,282.95,16.56,21.15,0.4557,-1,-1,-1
200,-1,898.34,238.71,28.49,23.02,0.4154,-1,-1,-1
201,-1,258.54,359.25,115.57,94.03,0.9594,-1,-1,-1
201,-1,195.38,0.00,243.05,107.37,0.9508,-1,-1,-1
201,-1,166.04,4.27,39.07,39.77,0.9141,-1,-1,-1
201,-1,534.73,329.21,39.76,23.04,0.9078,-1,-1,-1
201,-1,233.28,315.39,29.67,17.52,0.8915,-1,-1,-1
201,-1,836.60,236.14,23.72,25.31,0.8597,-1,-1,-1
201,-1,194.83,270.36,40.61,20.25,0.8272,-1,-1,-1
201,-1,896.18,238.62,29.32,22.74,0.3128,-1,-1,-1
202,-1,245.49,358.64,117.69,95.16,0.9579,-1,-1,-1
202,-1,186.70,0.00,240.20,107.71,0.9434,-1,-1,-1
202,-1,153.85,4.40,39.87,39.88,0.9109,-1,-1,-1
202,-1,532.89,329.07,39.82,23.07,0.9066,-1,-1,-1
202,-1,230.84,315.46,29.23,17.38,0.8999,-1,-1,-1
202,-1,833.78,236.25,23.56,24.81,0.8594,-1,-1,-1
202,-1,191.63,270.35,41.65,20.17,0.8348,-1,-1,-1
202,-1,893.14,238.01,28.55,23.01,0.3169,-1,-1,-1
203,-1,232.08,359.39,120.30,95.05,0.9620,-1,-1,-1
203,-1,169.91,0.00,247.37,107.59,0.9438,-1,-1,-1
203,-1,140.59,4.59,40.47,39.41,0.9167,-1,-1,-1
203,-1,531.60,328.93,39.39,23.16,0.9054,-1,-1,-1
203,-1,227.55,315.44,30.19,17.63,0.9019,-1,-1,-1
203,-1,831.11,233.87,23.61,26.92,0.8454,-1,-1,-1
203,-1,189.16,270.40,41.79,20.48,0.8036,-1,-1,-1
203,-1,890.24,237.88,28.73,23.01,0.5380,-1,-1,-1
203,-1,188.89,270.18,42.45,20.60,0.5061,-1,-1,-1
203,-1,741.27,281.95,16.36,21.65,0.3599,-1,-1,-1
204,-1,218.47,359.71,122.89,94.58,0.9635,-1,-1,-1
204,-1,161.93,0.00,245.58,107.51,0.9591,-1,-1,-1
204,-1,128.44,4.83,40.88,39.44,0.9126,-1,-1,-1
204,-1,529.72,328.85,39.67,23.17,0.9021,-1,-1,-1
204,-1,225.20,315.78,29.84,17.50,0.9002,-1,-1,-1
204,-1,828.40,235.07,22.52,25.30,0.8733,-1,-1,-1
204,-1,186.72,270.69,41.40,20.48,0.8229,-1,-1,-1
205,-1,204.72,359.85,125.86,94.44,0.9616,-1,-1,-1
205,-1,145.03,0.00,251.57,107.30,0.9420,-1,-1,-1
205,-1,115.59,5.30,42.00,39.13,0.9168,-1,-1,-1
205,-1,527.99,328.88,39.69,23.10,0.9019,-1,-1,-1
205,-1,222.87,316.09,29.69,17.40,0.8960,-1,-1,-1
205,-1,825.76,234.54,23.11,25.47,0.8396,-1,-1,-1
205,-1,184.65,271.59,41.59,19.60,0.8129,-1,-1,-1
205,-1,738.34,281.67,16.15,19.84,0.3560,-1,-1,-1
206,-1,192.21,359.96,127.51,94.34,0.9572,-1,-1,-1
206,-1,103.31,5.28,42.97,39.41,0.9147,-1,-1,-1
206,-1,525.98,328.87,40.04,23.06,0.9086,-1,-1,-1
206,-1,219.76,316.20,30.05,17.65,0.8934,-1,-1,-1
206,-1,128.69,0.00,258.70,108.07,0.8872,-1,-1,-1
206,-1,823.00,234.47,23.31,25.46,0.8740,-1,-1,-1
206,-1,181.94,272.31,41.99,19.46,0.8140,-1,-1,-1
206,-1,736.99,281.46,16.27,20.67,0.2980,-1,-1,-1
207,-1,178.70,360.53,130.06,94.43,0.9591,-1,-1,-1
207,-1,115.99,0.00,260.61,107.78,0.9182,-1,-1,-1
207,-1,91.21,5.81,42.49,39.33,0.9173,-1,-1,-1
207,-1,524.23,328.83,39.83,23.21,0.9063,-1,-1,-1
207,-1,217.03,316.77,30.12,17.27,0.8890,-1,-1,-1
207,-1,820.11,234.33,23.20,25.30,0.8760,-1,-1,-1
207,-1,178.99,272.79,41.26,19.33,0.7920,-1,-1,-1
207,-1,735.94,281.40,16.07,21.52,0.2716,-1,-1,-1
208,-1,165.83,361.02,132.23,94.91,0.9605,-1,-1,-1
208,-1,106.43,0.00,260.55,108.35,0.9223,-1,-1,-1
208,-1,78.74,6.29,43.51,39.41,0.9182,-1,-1,-1
208,-1,522.52,328.94,40.02,23.21,0.9033,-1,-1,-1
208,-1,215.02,317.16,29.52,17.26,0.8864,-1,-1,-1
208,-1,176.63,273.53,42.42,18.90,0.8453,-1,-1,-1
208,-1,817.53,233.31,23.03,26.24,0.8343,-1,-1,-1
208,-1,734.61,281.19,15.89,20.80,0.2694,-1,-1,-1
209,-1,151.96,361.13,135.55,95.35,0.9595,-1,-1,-1
209,-1,66.67,6.94,44.10,39.28,0.9125,-1,-1,-1
209,-1,520.87,329.08,39.92,23.06,0.9007,-1,-1,-1
209,-1,212.42,317.45,29.80,17.23,0.8883,-1,-1,-1
209,-1,90.74,0.07,265.46,109.23,0.8817,-1,-1,-1
209,-1,174.10,273.91,41.37,18.92,0.8695,-1,-1,-1
209,-1,814.81,234.03,22.75,25.53,0.8664,-1,-1,-1
210,-1,138.53,361.74,137.88,94.84,0.9593,-1,-1,-1
210,-1,54.20,7.43,45.94,39.51,0.9223,-1,-1,-1
210,-1,519.41,329.21,39.67,23.00,0.9046,-1,-1,-1
210,-1,74.97,0.02,272.02,109.82,0.8943,-1,-1,-1
210,-1,209.36,317.79,29.85,17.18,0.8812,-1,-1,-1
210,-1,812.10,233.97,22.47,25.59,0.8690,-1,-1,-1
210,-1,172.00,273.37,43.30,19.57,0.8241,-1,-1,-1
211,-1,125.50,361.71,140.59,95.18,0.9663,-1,-1,-1
211,-1,41.97,8.00,46.25,39.54,0.9185,-1,-1,-1
211,-1,517.53,329.46,40.26,23.00,0.9100,-1,-1,-1
211,-1,65.94,0.07,270.22,109.44,0.8983,-1,-1,-1
211,-1,169.12,273.21,41.87,20.13,0.8708,-1,-1,-1
211,-1,207.40,318.02,24.45,17.37,0.8690,-1,-1,-1
211,-1,809.39,233.68,22.89,25.88,0.8533,-1,-1,-1
212,-1,112.28,362.11,143.10,95.18,0.9577,-1,-1,-1
212,-1,29.66,8.48,47.04,39.59,0.9214,-1,-1,-1
212,-1,515.72,329.75,40.41,22.92,0.9041,-1,-1,-1
212,-1,54.23,0.03,272.15,110.66,0.9010,-1,-1,-1
212,-1,806.75,234.15,22.65,25.62,0.8804,-1,-1,-1
212,-1,204.85,318.44,18.18,16.24,0.8334,-1,-1,-1
212,-1,166.75,274.99,38.52,18.65,0.4585,-1,-1,-1
213,-1,98.70,362.54,146.63,94.77,0.9597,-1,-1,-1
213,-1,18.53,9.05,47.45,39.48,0.9109,-1,-1,-1
213,-1,40.23,0.00,276.53,110.46,0.9100,-1,-1,-1
213,-1,514.02,329.89,40.39,23.05,0.9020,-1,-1,-1
213,-1,804.02,233.99,22.74,26.01,0.8693,-1,-1,-1
213,-1,164.94,275.95,32.31,17.92,0.4035,-1,-1,-1
214,-1,85.33,362.67,149.20,94.68,0.9595,-1,-1,-1
214,-1,6.93,9.32,47.79,39.35,0.9150,-1,-1,-1
214,-1,28.56,0.02,279.30,111.13,0.9119,-1,-1,-1
214,-1,512.52,330.07,40.01,23.26,0.9024,-1,-1,-1
214,-1,801.00,233.39,23.00,26.85,0.8456,-1,-1,-1
214,-1,161.99,275.84,27.92,18.16,0.7113,-1,-1,-1
215,-1,71.69,363.23,152.40,94.37,0.9590,-1,-1,-1
215,-1,0.07,9.81,44.07,39.31,0.9176,-1,-1,-1
215,-1,510.40,330.41,40.94,23.14,0.9074,-1,-1,-1
215,-1,13.31,0.03,282.88,110.94,0.9027,-1,-1,-1
215,-1,798.90,233.98,22.45,26.61,0.8762,-1,-1,-1
216,-1,58.46,364.08,155.43,94.37,0.9608,-1,-1,-1
216,-1,1.77,0.00,285.48,111.70,0.9139,-1,-1,-1
216,-1,508.86,330.73,40.72,23.00,0.9089,-1,-1,-1
216,-1,796.18,234.52,22.43,26.16,0.8842,-1,-1,-1
216,-1,0.03,7.85,33.48,41.85,0.8619,-1,-1,-1
217,-1,45.14,364.10,158.03,94.21,0.9563,-1,-1,-1
217,-1,0.00,0.00,277.41,112.70,0.9219,-1,-1,-1
217,-1,506.90,330.75,40.91,23.23,0.9029,-1,-1,-1
217,-1,793.46,235.28,22.42,25.61,0.8598,-1,-1,-1
217,-1,0.02,8.96,22.22,41.37,0.7461,-1,-1,-1
218,-1,31.58,364.74,161.54,94.29,0.9563,-1,-1,-1
218,-1,0.00,0.00,267.89,112.64,0.9173,-1,-1,-1
218,-1,505.49,330.91,40.59,23.21,0.9047,-1,-1,-1
218,-1,790.68,235.00,22.70,26.07,0.8774,-1,-1,-1
218,-1,0.00,7.19,11.11,46.93,0.5040,-1,-1,-1
218,-1,721.72,282.54,15.72,20.58,0.2575,-1,-1,-1
219,-1,18.37,365.08,164.31,94.46,0.9586,-1,-1,-1
219,-1,0.00,0.15,259.40,112.69,0.9333,-1,-1,-1
219,-1,504.05,330.98,40.59,23.30,0.9074,-1,-1,-1
219,-1,788.47,235.05,22.12,26.14,0.8583,-1,-1,-1
220,-1,5.36,364.82,166.87,94.66,0.9564,-1,-1,-1
220,-1,502.22,331.17,40.73,23.14,0.9138,-1,-1,-1
220,-1,0.00,0.05,248.76,114.44,0.9113,-1,-1,-1
220,-1,785.69,233.63,22.58,27.84,0.8329,-1,-1,-1
221,-1,0.19,365.00,162.22,94.70,0.9540,-1,-1,-1
221,-1,0.00,0.01,239.19,113.24,0.9489,-1,-1,-1
221,-1,500.52,331.40,40.82,23.12,0.9143,-1,-1,-1
221,-1,783.34,232.83,22.34,28.90,0.8472,-1,-1,-1
222,-1,0.00,0.00,230.18,114.14,0.9602,-1,-1,-1
222,-1,0.04,365.17,151.69,94.46,0.9559,-1,-1,-1
222,-1,499.08,331.42,40.84,23.19,0.9112,-1,-1,-1
222,-1,780.83,232.71,23.16,29.31,0.8798,-1,-1,-1
223,-1,0.14,364.89,141.85,94.40,0.9541,-1,-1,-1
223,-1,0.00,0.00,219.35,114.20,0.9541,-1,-1,-1
223,-1,497.48,331.38,40.87,23.28,0.9119,-1,-1,-1
223,-1,778.06,236.91,22.42,25.22,0.8104,-1,-1,-1
224,-1,0.00,364.62,131.49,94.07,0.9559,-1,-1,-1
224,-1,0.00,0.00,210.28,113.20,0.9434,-1,-1,-1
224,-1,495.87,331.46,41.19,23.11,0.9132,-1,-1,-1
224,-1,775.36,237.21,22.34,25.33,0.8750,-1,-1,-1
225,-1,0.00,363.87,121.81,94.39,0.9540,-1,-1,-1
225,-1,0.08,0.00,200.43,113.72,0.9454,-1,-1,-1
225,-1,494.15,331.40,40.85,23.00,0.9125,-1,-1,-1
225,-1,773.31,237.05,22.37,25.56,0.8331,-1,-1,-1
226,-1,0.18,372.51,137.25,93.06,0.9524,-1,-1,-1
226,-1,0.00,0.00,209.11,122.86,0.9517,-1,-1,-1
226,-1,504.24,331.06,40.34,23.44,0.9091,-1,-1,-1
226,-1,784.02,231.43,22.16,25.67,0.8815,-1,-1,-1
227,-1,0.00,0.06,233.13,130.08,0.9627,-1,-1,-1
227,-1,0.00,373.96,165.04,90.54,0.9576,-1,-1,-1
227,-1,521.03,330.58,40.67,23.41,0.9023,-1,-1,-1
227,-1,805.04,226.88,23.73,26.91,0.8706,-1,-1,-1
228,-1,37.35,367.70,157.44,86.93,0.9569,-1,-1,-1
228,-1,8.26,0.17,256.12,129.58,0.9276,-1,-1,-1
228,-1,539.33,330.57,41.42,23.32,0.9035,-1,-1,-1
228,-1,0.00,46.58,32.47,35.68,0.8607,-1,-1,-1
228,-1,830.81,228.02,24.15,27.30,0.8279,-1,-1,-1
229,-1,28.86,0.00,250.32,128.23,0.9584,-1,-1,-1
229,-1,54.79,363.81,153.12,85.91,0.9564,-1,-1,-1
229,-1,4.98,47.21,46.58,33.38,0.9124,-1,-1,-1
229,-1,548.11,330.42,41.29,23.17,0.9071,-1,-1,-1
229,-1,843.29,226.43,25.00,29.61,0.8567,-1,-1,-1
230,-1,63.75,363.75,151.16,85.46,0.9567,-1,-1,-1
230,-1,36.32,0.07,248.86,128.61,0.9528,-1,-1,-1
230,-1,14.82,49.59,45.47,32.93,0.9118,-1,-1,-1
230,-1,553.42,330.13,41.58,23.42,0.9038,-1,-1,-1
230,-1,851.50,227.73,25.05,27.12,0.8760,-1,-1,-1
230,-1,783.98,278.53,16.63,21.61,0.4062,-1,-1,-1
231,-1,48.69,0.03,243.53,130.41,0.9636,-1,-1,-1
231,-1,72.92,364.20,149.13,84.92,0.9565,-1,-1,-1
231,-1,24.71,52.98,44.91,32.63,0.9207,-1,-1,-1
231,-1,559.37,330.17,41.43,23.50,0.9049,-1,-1,-1
231,-1,859.22,226.24,25.66,27.69,0.8917,-1,-1,-1
231,-1,0.00,0.00,145.20,39.31,0.4743,-1,-1,-1
232,-1,65.13,0.06,237.92,132.85,0.9618,-1,-1,-1
232,-1,88.57,364.38,145.31,84.03,0.9575,-1,-1,-1
232,-1,41.61,57.26,44.19,32.31,0.9097,-1,-1,-1
232,-1,567.47,330.38,41.54,23.38,0.9058,-1,-1,-1
232,-1,870.74,225.62,26.08,27.55,0.8915,-1,-1,-1
232,-1,0.00,0.00,159.42,44.39,0.4471,-1,-1,-1
232,-1,800.87,277.54,17.08,21.83,0.3575,-1,-1,-1
233,-1,79.03,0.37,232.95,134.34,0.9665,-1,-1,-1
233,-1,102.31,364.58,141.95,83.20,0.9577,-1,-1,-1
233,-1,55.83,61.47,41.84,32.00,0.9112,-1,-1,-1
233,-1,574.94,330.04,41.58,23.55,0.9066,-1,-1,-1
233,-1,881.43,223.77,26.60,28.14,0.8847,-1,-1,-1
233,-1,0.00,0.00,187.80,48.69,0.6640,-1,-1,-1
233,-1,810.34,276.79,17.41,21.48,0.5200,-1,-1,-1
234,-1,92.67,2.47,228.36,134.13,0.9619,-1,-1,-1
234,-1,114.70,364.70,139.71,82.53,0.9540,-1,-1,-1
234,-1,581.93,329.98,42.17,23.57,0.9116,-1,-1,-1
234,-1,68.84,65.34,41.12,30.98,0.9102,-1,-1,-1
234,-1,891.91,222.31,26.84,28.36,0.8801,-1,-1,-1
234,-1,819.67,275.46,17.88,22.11,0.7749,-1,-1,-1
234,-1,0.00,0.00,217.56,52.71,0.7003,-1,-1,-1
235,-1,99.59,6.81,227.70,131.11,0.9653,-1,-1,-1
235,-1,122.37,365.11,137.66,82.06,0.9559,-1,-1,-1
235,-1,77.78,68.12,41.04,30.81,0.9213,-1,-1,-1
235,-1,586.89,330.60,42.30,23.46,0.9061,-1,-1,-1
235,-1,899.12,222.78,26.94,28.18,0.8863,-1,-1,-1
235,-1,0.34,0.28,228.74,54.61,0.7278,-1,-1,-1
235,-1,826.05,276.28,17.86,21.98,0.6796,-1,-1,-1
236,-1,126.65,364.89,136.91,81.90,0.9624,-1,-1,-1
236,-1,105.00,8.68,224.46,129.96,0.9587,-1,-1,-1
236,-1,82.88,69.55,40.00,30.84,0.9088,-1,-1,-1
236,-1,590.36,330.58,42.22,23.53,0.9066,-1,-1,-1
236,-1,903.96,221.91,27.88,28.34,0.8564,-1,-1,-1
236,-1,0.91,0.57,235.77,56.18,0.7918,-1,-1,-1
236,-1,830.88,275.62,17.70,22.51,0.6930,-1,-1,-1
237,-1,109.49,9.44,223.24,129.80,0.9599,-1,-1,-1
237,-1,131.82,364.97,135.76,81.31,0.9540,-1,-1,-1
237,-1,87.80,71.47,39.83,30.32,0.9084,-1,-1,-1
237,-1,594.23,329.83,42.13,23.65,0.9061,-1,-1,-1
237,-1,909.62,219.80,28.04,28.91,0.8605,-1,-1,-1
237,-1,0.38,0.15,230.90,58.71,0.8174,-1,-1,-1
237,-1,835.98,274.42,18.02,22.15,0.7785,-1,-1,-1
238,-1,137.25,364.63,134.77,80.84,0.9606,-1,-1,-1
238,-1,114.12,9.94,221.80,129.26,0.9571,-1,-1,-1
238,-1,598.56,328.10,42.32,23.86,0.9084,-1,-1,-1
238,-1,92.58,72.39,39.61,30.35,0.9039,-1,-1,-1
238,-1,916.18,216.36,28.34,28.94,0.8956,-1,-1,-1
238,-1,0.94,0.01,232.39,60.22,0.8439,-1,-1,-1
238,-1,841.71,271.67,18.04,22.16,0.8272,-1,-1,-1
239,-1,144.21,364.78,133.51,80.22,0.9546,-1,-1,-1
239,-1,122.14,12.70,219.74,127.88,0.9530,-1,-1,-1
239,-1,604.01,327.88,42.33,23.90,0.9109,-1,-1,-1
239,-1,100.22,75.14,38.89,29.67,0.9084,-1,-1,-1
239,-1,1.60,0.01,236.86,62.11,0.8855,-1,-1,-1
239,-1,924.08,214.84,28.67,29.41,0.8836,-1,-1,-1
239,-1,848.88,270.80,17.89,21.73,0.7540,-1,-1,-1
240,-1,152.26,364.61,131.45,79.81,0.9559,-1,-1,-1
240,-1,129.14,15.85,217.59,125.93,0.9503,-1,-1,-1
240,-1,108.70,77.79,39.46,29.19,0.9084,-1,-1,-1
240,-1,609.70,327.54,42.77,24.06,0.9082,-1,-1,-1
240,-1,932.30,213.97,29.56,28.67,0.8924,-1,-1,-1
240,-1,13.38,0.00,228.82,65.02,0.8819,-1,-1,-1
240,-1,856.42,269.66,18.42,22.37,0.8265,-1,-1,-1
241,-1,169.64,364.56,128.34,79.17,0.9667,-1,-1,-1
241,-1,146.88,19.92,212.82,124.45,0.9466,-1,-1,-1
241,-1,35.28,0.02,223.95,70.49,0.9312,-1,-1,-1
241,-1,620.45,327.73,43.28,24.02,0.9112,-1,-1,-1
241,-1,127.45,82.76,36.83,28.90,0.9089,-1,-1,-1
241,-1,949.93,211.05,30.19,30.17,0.8643,-1,-1,-1
241,-1,871.53,268.58,18.76,23.53,0.8313,-1,-1,-1
242,-1,161.65,25.76,208.16,122.24,0.9543,-1,-1,-1
242,-1,180.65,366.38,126.23,77.98,0.9531,-1,-1,-1
242,-1,51.72,0.00,219.66,75.52,0.9334,-1,-1,-1
242,-1,627.94,330.06,43.23,23.99,0.9129,-1,-1,-1
242,-1,141.27,87.32,36.13,28.47,0.9003,-1,-1,-1
242,-1,961.24,213.90,30.75,29.94,0.8808,-1,-1,-1
242,-1,881.64,271.38,19.46,22.65,0.8613,-1,-1,-1
243,-1,184.87,366.92,125.51,77.69,0.9570,-1,-1,-1
243,-1,167.51,27.91,206.26,121.48,0.9530,-1,-1,-1
243,-1,58.39,0.00,216.78,77.50,0.9192,-1,-1,-1
243,-1,631.65,331.06,43.29,24.10,0.9108,-1,-1,-1
243,-1,146.78,89.74,36.42,27.76,0.9039,-1,-1,-1
243,-1,967.16,214.53,30.77,30.70,0.8883,-1,-1,-1
243,-1,886.81,272.59,19.43,23.28,0.8415,-1,-1,-1
244,-1,189.70,366.46,124.61,77.35,0.9527,-1,-1,-1
244,-1,171.78,28.89,204.38,120.42,0.9510,-1,-1,-1
244,-1,63.75,0.00,212.40,78.59,0.9207,-1,-1,-1
244,-1,636.25,329.84,43.34,24.10,0.9106,-1,-1,-1
244,-1,151.21,90.88,35.34,27.47,0.8979,-1,-1,-1
244,-1,974.27,210.70,31.68,31.26,0.8401,-1,-1,-1
244,-1,893.99,270.38,19.25,22.85,0.8342,-1,-1,-1
245,-1,194.94,365.28,124.43,76.90,0.9536,-1,-1,-1
245,-1,175.89,28.88,203.40,120.14,0.9524,-1,-1,-1
245,-1,68.30,0.00,209.56,79.34,0.9283,-1,-1,-1
245,-1,155.51,91.47,35.63,27.77,0.9148,-1,-1,-1
245,-1,641.35,327.33,43.47,24.42,0.9089,-1,-1,-1
245,-1,983.64,206.08,31.56,31.13,0.8709,-1,-1,-1
245,-1,901.32,266.49,19.61,22.62,0.8442,-1,-1,-1
246,-1,208.08,364.72,121.71,76.23,0.9562,-1,-1,-1
246,-1,187.96,30.84,201.26,118.43,0.9516,-1,-1,-1
246,-1,82.91,0.06,203.65,82.08,0.9323,-1,-1,-1
246,-1,650.79,325.69,44.34,24.21,0.9065,-1,-1,-1
246,-1,168.34,93.97,34.11,27.01,0.8989,-1,-1,-1
246,-1,999.28,200.97,24.72,31.33,0.8812,-1,-1,-1
246,-1,915.02,262.29,20.50,23.96,0.8647,-1,-1,-1
247,-1,222.93,365.42,118.98,75.61,0.9569,-1,-1,-1
247,-1,203.51,35.24,197.44,117.12,0.9511,-1,-1,-1
247,-1,101.81,0.00,200.52,86.98,0.9375,-1,-1,-1
247,-1,661.05,326.61,44.56,24.58,0.9135,-1,-1,-1
247,-1,184.51,98.52,33.16,26.47,0.9008,-1,-1,-1
247,-1,930.02,262.95,20.76,23.83,0.8729,-1,-1,-1
247,-1,1016.40,197.62,7.60,36.21,0.3896,-1,-1,-1
248,-1,212.51,41.12,194.67,114.72,0.9533,-1,-1,-1
248,-1,228.76,367.96,117.80,74.45,0.9513,-1,-1,-1
248,-1,112.90,0.00,198.65,91.43,0.9415,-1,-1,-1
248,-1,665.86,330.50,45.40,24.41,0.9118,-1,-1,-1
248,-1,193.88,102.65,32.57,25.95,0.8998,-1,-1,-1
248,-1,937.07,267.78,21.52,23.78,0.8712,-1,-1,-1
249,-1,210.58,39.68,194.99,115.22,0.9535,-1,-1,-1
249,-1,226.96,366.82,118.56,74.93,0.9530,-1,-1,-1
249,-1,110.95,0.13,196.25,90.26,0.9461,-1,-1,-1
249,-1,666.46,328.96,45.14,24.35,0.9124,-1,-1,-1
249,-1,191.71,101.50,32.41,26.36,0.8974,-1,-1,-1
249,-1,938.59,265.56,21.14,24.44,0.8298,-1,-1,-1
250,-1,233.66,365.12,117.84,74.73,0.9597,-1,-1,-1
250,-1,213.35,38.09,194.75,114.79,0.9544,-1,-1,-1
250,-1,113.89,0.03,196.57,90.15,0.9457,-1,-1,-1
250,-1,673.11,323.61,45.46,24.94,0.9140,-1,-1,-1
250,-1,195.15,101.43,32.64,26.10,0.9024,-1,-1,-1
250,-1,948.30,257.21,21.67,24.07,0.8569,-1,-1,-1
251,-1,253.04,365.13,114.54,73.65,0.9557,-1,-1,-1
251,-1,232.41,42.26,191.73,112.82,0.9551,-1,-1,-1
251,-1,137.94,0.00,189.95,94.43,0.9476,-1,-1,-1
251,-1,687.32,324.01,46.04,25.06,0.9117,-1,-1,-1
251,-1,215.95,105.36,32.36,25.43,0.8918,-1,-1,-1
251,-1,969.45,256.31,22.51,24.33,0.8049,-1,-1,-1
252,-1,264.26,366.54,113.17,73.25,0.9553,-1,-1,-1
252,-1,153.61,0.00,185.05,98.86,0.9517,-1,-1,-1
252,-1,246.95,46.78,188.44,111.74,0.9509,-1,-1,-1
252,-1,695.90,326.70,46.44,25.11,0.9066,-1,-1,-1
252,-1,229.19,109.42,31.13,25.34,0.9012,-1,-1,-1
252,-1,982.93,258.75,23.63,24.96,0.8540,-1,-1,-1
253,-1,270.69,368.85,112.00,72.64,0.9560,-1,-1,-1
253,-1,256.19,51.32,184.44,110.80,0.9490,-1,-1,-1
253,-1,164.45,0.01,193.03,103.17,0.9487,-1,-1,-1
253,-1,701.11,330.32,46.98,25.15,0.9160,-1,-1,-1
253,-1,237.85,113.38,30.65,25.15,0.9080,-1,-1,-1
253,-1,991.19,263.36,23.55,25.19,0.8606,-1,-1,-1
254,-1,162.11,0.00,184.37,99.10,0.9577,-1,-1,-1
254,-1,272.49,365.26,111.86,72.78,0.9532,-1,-1,-1
254,-1,254.90,46.71,185.39,110.65,0.9492,-1,-1,-1
254,-1,704.93,323.63,47.02,25.44,0.9120,-1,-1,-1
254,-1,236.49,110.08,30.82,25.00,0.8958,-1,-1,-1
254,-1,997.76,253.25,23.49,25.26,0.8546,-1,-1,-1
255,-1,284.12,364.66,109.92,72.40,0.9540,-1,-1,-1
255,-1,174.77,0.00,179.14,101.68,0.9502,-1,-1,-1
255,-1,263.58,47.36,185.45,110.19,0.9495,-1,-1,-1
255,-1,714.33,321.95,47.95,25.86,0.9117,-1,-1,-1
255,-1,247.79,111.68,29.99,24.76,0.8913,-1,-1,-1
255,-1,1012.97,250.09,11.03,26.07,0.6934,-1,-1,-1
256,-1,186.99,0.03,184.86,104.88,0.9536,-1,-1,-1
256,-1,275.94,51.32,182.72,108.96,0.9508,-1,-1,-1
256,-1,293.13,365.69,109.51,72.04,0.9499,-1,-1,-1
256,-1,722.56,323.60,48.43,25.73,0.9214,-1,-1,-1
256,-1,258.40,115.03,30.14,24.28,0.8930,-1,-1,-1
257,-1,298.90,367.83,108.22,71.27,0.9529,-1,-1,-1
257,-1,283.65,55.75,180.35,107.67,0.9507,-1,-1,-1
257,-1,195.87,0.00,183.17,108.78,0.9498,-1,-1,-1
257,-1,727.77,326.87,48.58,25.57,0.9067,-1,-1,-1
257,-1,266.14,117.97,29.07,24.53,0.8888,-1,-1,-1
258,-1,288.94,58.69,180.48,106.80,0.9541,-1,-1,-1
258,-1,202.73,0.00,179.12,111.19,0.9536,-1,-1,-1
258,-1,303.18,368.97,107.63,71.15,0.9533,-1,-1,-1
258,-1,732.47,329.04,49.06,25.58,0.9122,-1,-1,-1
258,-1,271.92,120.69,29.14,24.15,0.8889,-1,-1,-1
259,-1,207.24,0.00,177.86,111.64,0.9538,-1,-1,-1
259,-1,293.17,58.73,178.28,106.50,0.9525,-1,-1,-1
259,-1,307.19,368.51,108.02,70.66,0.9496,-1,-1,-1
259,-1,737.52,327.39,49.95,25.88,0.9158,-1,-1,-1
259,-1,275.99,121.10,28.90,24.06,0.8895,-1,-1,-1
260,-1,210.62,0.00,177.87,111.78,0.9524,-1,-1,-1
260,-1,311.65,367.00,107.07,70.86,0.9519,-1,-1,-1
260,-1,295.52,58.17,179.48,105.76,0.9514,-1,-1,-1
260,-1,743.51,324.99,49.95,26.07,0.9097,-1,-1,-1
260,-1,279.70,121.05,28.91,23.74,0.8972,-1,-1,-1
261,-1,214.34,0.00,176.35,110.88,0.9543,-1,-1,-1
261,-1,316.30,364.94,106.53,70.97,0.9523,-1,-1,-1
261,-1,299.17,56.34,178.81,105.76,0.9508,-1,-1,-1
261,-1,749.75,321.06,50.16,26.17,0.9125,-1,-1,-1
261,-1,283.16,119.91,28.98,23.77,0.8919,-1,-1,-1
262,-1,230.08,0.00,172.94,112.89,0.9537,-1,-1,-1
262,-1,312.44,58.21,177.35,104.65,0.9510,-1,-1,-1
262,-1,330.71,364.80,104.68,70.20,0.9505,-1,-1,-1
262,-1,763.01,319.77,51.35,26.59,0.9145,-1,-1,-1
262,-1,297.43,121.98,27.88,23.40,0.8878,-1,-1,-1
262,-1,0.01,311.47,22.07,20.28,0.8579,-1,-1,-1
263,-1,241.94,0.00,170.43,116.24,0.9570,-1,-1,-1
263,-1,324.09,61.20,174.74,104.07,0.9531,-1,-1,-1
263,-1,339.56,366.21,103.65,70.00,0.9477,-1,-1,-1
263,-1,772.06,321.96,51.95,26.73,0.9170,-1,-1,-1
263,-1,307.71,125.03,27.66,23.27,0.9077,-1,-1,-1
263,-1,7.47,311.91,28.28,20.44,0.5632,-1,-1,-1
264,-1,250.04,0.00,169.49,120.23,0.9601,-1,-1,-1
264,-1,330.47,65.80,173.57,103.29,0.9554,-1,-1,-1
264,-1,344.39,368.57,103.60,69.54,0.9511,-1,-1,-1
264,-1,777.34,326.05,52.28,26.40,0.9124,-1,-1,-1
264,-1,314.82,128.72,27.04,23.05,0.8808,-1,-1,-1
264,-1,23.51,312.36,20.65,19.76,0.7022,-1,-1,-1
265,-1,249.19,0.00,169.06,119.61,0.9591,-1,-1,-1
265,-1,328.19,64.85,174.97,103.35,0.9585,-1,-1,-1
265,-1,343.88,367.94,103.92,69.49,0.9503,-1,-1,-1
265,-1,779.01,324.54,52.47,26.63,0.9132,-1,-1,-1
265,-1,314.32,128.33,27.20,23.02,0.8874,-1,-1,-1
265,-1,24.68,312.37,21.87,20.00,0.5935,-1,-1,-1
266,-1,250.56,0.00,168.43,116.66,0.9564,-1,-1,-1
266,-1,331.53,61.20,173.68,103.19,0.9511,-1,-1,-1
266,-1,347.46,364.87,103.90,69.59,0.9509,-1,-1,-1
266,-1,784.78,318.77,53.04,26.99,0.9166,-1,-1,-1
266,-1,315.67,125.54,27.93,22.96,0.8935,-1,-1,-1
266,-1,24.91,313.88,29.01,19.36,0.5896,-1,-1,-1
267,-1,263.68,0.00,165.81,120.58,0.9603,-1,-1,-1
267,-1,342.26,64.93,174.27,102.38,0.9569,-1,-1,-1
267,-1,358.28,366.45,102.84,69.31,0.9480,-1,-1,-1
267,-1,795.48,321.21,53.85,27.21,0.9185,-1,-1,-1
267,-1,327.77,128.97,27.04,22.70,0.8859,-1,-1,-1
267,-1,47.70,314.40,20.28,18.88,0.5906,-1,-1,-1
267,-1,39.45,314.32,28.60,19.15,0.3774,-1,-1,-1
268,-1,268.77,0.03,165.63,124.23,0.9568,-1,-1,-1
268,-1,346.08,68.12,172.30,102.24,0.9546,-1,-1,-1
268,-1,360.11,368.71,102.68,68.81,0.9503,-1,-1,-1
268,-1,797.89,324.74,54.70,27.22,0.9176,-1,-1,-1
268,-1,331.44,131.65,26.54,22.88,0.8905,-1,-1,-1
268,-1,53.01,314.79,19.66,18.70,0.5966,-1,-1,-1
269,-1,270.48,0.07,164.80,120.66,0.9576,-1,-1,-1
269,-1,364.54,364.96,102.72,69.05,0.9527,-1,-1,-1
269,-1,348.31,64.32,172.01,101.61,0.9514,-1,-1,-1
269,-1,805.15,318.22,55.05,27.56,0.9148,-1,-1,-1
269,-1,333.86,129.03,26.77,22.68,0.8884,-1,-1,-1
269,-1,60.89,315.04,20.21,19.15,0.4916,-1,-1,-1
270,-1,361.34,66.17,172.34,101.28,0.9583,-1,-1,-1
270,-1,285.60,0.03,162.45,123.81,0.9543,-1,-1,-1
270,-1,377.84,365.47,101.33,68.56,0.9489,-1,-1,-1
270,-1,819.43,318.25,56.23,27.85,0.9189,-1,-1,-1
270,-1,347.58,131.16,26.09,22.31,0.8751,-1,-1,-1
270,-1,77.76,315.81,20.72,19.32,0.5067,-1,-1,-1
271,-1,295.14,0.03,160.79,126.24,0.9549,-1,-1,-1
271,-1,371.32,69.42,169.31,100.94,0.9544,-1,-1,-1
271,-1,384.72,367.46,100.97,68.33,0.9511,-1,-1,-1
271,-1,827.52,320.92,57.08,28.02,0.9204,-1,-1,-1
271,-1,356.16,134.17,26.45,22.02,0.8852,-1,-1,-1
271,-1,89.97,316.86,18.99,18.57,0.4783,-1,-1,-1
272,-1,370.30,68.22,170.00,100.90,0.9569,-1,-1,-1
272,-1,294.49,0.05,161.82,125.66,0.9540,-1,-1,-1
272,-1,384.48,366.52,101.11,68.37,0.9508,-1,-1,-1
272,-1,829.60,319.36,57.65,28.14,0.9170,-1,-1,-1
272,-1,355.73,133.30,26.14,22.27,0.8959,-1,-1,-1
272,-1,92.53,317.11,18.75,18.50,0.5366,-1,-1,-1
273,-1,379.69,68.22,169.88,100.09,0.9608,-1,-1,-1
273,-1,303.99,0.05,160.64,126.21,0.9528,-1,-1,-1
273,-1,394.47,365.44,100.25,68.39,0.9486,-1,-1,-1
273,-1,840.61,317.30,58.44,28.23,0.9159,-1,-1,-1
273,-1,364.60,133.41,26.53,22.27,0.8856,-1,-1,-1
273,-1,105.96,317.63,17.49,18.17,0.5898,-1,-1,-1
274,-1,387.90,71.47,169.39,99.37,0.9550,-1,-1,-1
274,-1,314.45,0.06,158.63,129.08,0.9543,-1,-1,-1
274,-1,402.40,367.29,99.44,67.76,0.9494,-1,-1,-1
274,-1,849.77,319.29,59.33,28.85,0.9208,-1,-1,-1
274,-1,374.10,136.49,25.73,21.79,0.8808,-1,-1,-1
274,-1,114.27,318.49,19.72,18.36,0.6099,-1,-1,-1
275,-1,394.06,72.67,168.99,98.75,0.9569,-1,-1,-1
275,-1,320.54,0.19,157.58,129.65,0.9552,-1,-1,-1
275,-1,408.16,367.55,99.21,67.65,0.9468,-1,-1,-1
275,-1,857.47,319.31,60.22,29.02,0.9199,-1,-1,-1
275,-1,379.97,136.91,25.51,22.44,0.8892,-1,-1,-1
275,-1,122.71,318.95,19.79,18.23,0.5627,-1,-1,-1
276,-1,399.15,70.89,168.18,98.81,0.9579,-1,-1,-1
276,-1,326.81,0.03,156.54,129.23,0.9556,-1,-1,-1
276,-1,414.39,365.82,99.09,67.81,0.9478,-1,-1,-1
276,-1,865.49,316.26,61.73,29.28,0.9171,-1,-1,-1
276,-1,385.79,136.49,25.21,21.75,0.8752,-1,-1,-1
276,-1,131.31,319.01,19.43,18.07,0.6021,-1,-1,-1
277,-1,412.81,72.06,168.32,98.32,0.9567,-1,-1,-1
277,-1,340.33,0.33,155.82,130.61,0.9555,-1,-1,-1
277,-1,427.60,366.05,98.52,67.53,0.9470,-1,-1,-1
277,-1,881.45,315.49,63.50,29.62,0.9256,-1,-1,-1
277,-1,398.63,137.76,25.41,21.92,0.8871,-1,-1,-1
277,-1,148.06,319.67,18.81,17.71,0.4371,-1,-1,-1
278,-1,422.62,73.96,167.36,97.68,0.9547,-1,-1,-1
278,-1,350.55,2.03,154.49,130.62,0.9537,-1,-1,-1
278,-1,436.31,366.96,97.72,67.09,0.9477,-1,-1,-1
278,-1,892.92,316.15,64.49,30.14,0.9269,-1,-1,-1
278,-1,407.85,139.73,25.16,21.45,0.8795,-1,-1,-1
278,-1,160.12,320.00,17.40,18.04,0.5051,-1,-1,-1
279,-1,425.61,74.00,167.49,97.48,0.9559,-1,-1,-1
279,-1,354.73,2.32,154.92,130.68,0.9534,-1,-1,-1
279,-1,440.51,366.77,97.48,67.05,0.9462,-1,-1,-1
279,-1,899.95,315.46,64.99,30.25,0.9343,-1,-1,-1
279,-1,412.08,139.78,24.96,21.38,0.8904,-1,-1,-1
279,-1,161.26,320.69,22.90,18.46,0.4504,-1,-1,-1
280,-1,360.95,2.56,152.51,131.02,0.9621,-1,-1,-1
280,-1,432.41,74.03,166.12,97.41,0.9543,-1,-1,-1
280,-1,446.38,366.56,97.69,67.14,0.9445,-1,-1,-1
280,-1,908.27,314.70,66.50,30.39,0.9288,-1,-1,-1
280,-1,418.10,140.25,24.57,21.33,0.8865,-1,-1,-1
280,-1,170.95,321.43,20.95,17.49,0.3171,-1,-1,-1
281,-1,371.73,3.54,152.81,131.63,0.9558,-1,-1,-1
281,-1,442.79,74.75,166.31,96.97,0.9535,-1,-1,-1
281,-1,457.14,366.90,96.88,66.75,0.9467,-1,-1,-1
281,-1,921.81,313.70,68.46,30.78,0.9264,-1,-1,-1
281,-1,428.41,141.25,24.61,21.71,0.8967,-1,-1,-1
281,-1,183.23,322.34,20.43,17.13,0.4873,-1,-1,-1
282,-1,381.96,5.24,151.40,130.86,0.9567,-1,-1,-1
282,-1,451.99,75.48,166.17,96.60,0.9547,-1,-1,-1
282,-1,466.79,367.10,96.71,66.58,0.9457,-1,-1,-1
282,-1,933.08,312.89,69.90,31.24,0.9255,-1,-1,-1
282,-1,437.94,142.29,24.29,21.27,0.8692,-1,-1,-1
282,-1,192.32,322.85,20.82,17.81,0.5836,-1,-1,-1
283,-1,389.55,5.88,151.09,131.10,0.9606,-1,-1,-1
283,-1,458.20,76.02,167.93,96.54,0.9534,-1,-1,-1
283,-1,474.74,367.45,95.76,66.40,0.9451,-1,-1,-1
283,-1,941.21,312.46,70.82,31.40,0.9250,-1,-1,-1
283,-1,444.89,142.75,24.10,21.53,0.8755,-1,-1,-1
283,-1,200.90,323.33,19.00,17.25,0.5071,-1,-1,-1
283,-1,570.49,0.00,49.72,21.93,0.3685,-1,-1,-1
284,-1,397.29,6.84,150.46,130.96,0.9568,-1,-1,-1
284,-1,465.43,76.46,167.88,96.29,0.9538,-1,-1,-1
284,-1,481.98,367.56,95.56,66.45,0.9444,-1,-1,-1
284,-1,949.28,311.99,72.33,31.83,0.9211,-1,-1,-1
284,-1,451.51,143.83,24.39,20.61,0.7652,-1,-1,-1
284,-1,209.17,323.80,16.72,17.05,0.3461,-1,-1,-1
284,-1,575.50,0.00,55.58,22.30,0.3118,-1,-1,-1
285,-1,404.25,7.33,150.00,131.05,0.9577,-1,-1,-1
285,-1,472.00,76.83,168.48,96.07,0.9518,-1,-1,-1
285,-1,489.39,367.80,95.68,66.31,0.9465,-1,-1,-1
285,-1,957.86,311.40,66.14,31.96,0.9191,-1,-1,-1
285,-1,458.99,144.32,24.14,20.57,0.8553,-1,-1,-1
285,-1,582.63,0.00,56.16,22.03,0.2552,-1,-1,-1
286,-1,412.63,7.71,148.97,131.47,0.9570,-1,-1,-1
286,-1,480.03,77.25,167.62,95.99,0.9530,-1,-1,-1
286,-1,496.82,367.85,95.35,66.51,0.9460,-1,-1,-1
286,-1,966.17,310.63,57.83,32.40,0.9162,-1,-1,-1
286,-1,465.81,144.87,23.97,20.39,0.8438,-1,-1,-1
286,-1,591.67,0.00,58.57,22.23,0.2707,-1,-1,-1
287,-1,419.82,5.51,149.59,132.18,0.9578,-1,-1,-1
287,-1,487.52,74.97,168.76,96.30,0.9568,-1,-1,-1
287,-1,504.35,366.53,95.14,66.62,0.9480,-1,-1,-1
287,-1,976.71,310.10,47.20,32.76,0.9138,-1,-1,-1
287,-1,473.76,142.92,24.08,20.96,0.8562,-1,-1,-1
288,-1,427.51,4.40,150.24,132.31,0.9563,-1,-1,-1
288,-1,495.57,74.26,168.41,96.12,0.9543,-1,-1,-1
288,-1,511.42,365.88,95.10,66.83,0.9463,-1,-1,-1
288,-1,987.34,310.56,36.66,32.07,0.8984,-1,-1,-1
288,-1,480.64,142.34,24.27,21.10,0.8620,-1,-1,-1
288,-1,233.56,322.74,20.02,17.24,0.3497,-1,-1,-1
289,-1,500.67,73.95,170.55,96.23,0.9565,-1,-1,-1
289,-1,433.90,4.01,149.99,132.46,0.9557,-1,-1,-1
289,-1,517.98,366.08,95.26,66.77,0.9484,-1,-1,-1
289,-1,486.91,142.44,24.29,20.69,0.8719,-1,-1,-1
289,-1,997.14,310.88,26.86,31.38,0.8641,-1,-1,-1
289,-1,241.04,323.08,19.63,17.20,0.3539,-1,-1,-1
290,-1,440.04,4.63,149.54,132.88,0.9604,-1,-1,-1
290,-1,506.42,74.12,171.69,96.44,0.9586,-1,-1,-1
290,-1,524.33,366.80,95.39,67.05,0.9427,-1,-1,-1
290,-1,493.31,143.18,23.51,21.02,0.8519,-1,-1,-1
290,-1,1007.64,312.26,16.36,28.34,0.7723,-1,-1,-1
290,-1,248.80,324.16,19.14,16.49,0.2539,-1,-1,-1
291,-1,445.59,5.71,148.81,133.34,0.9537,-1,-1,-1
291,-1,512.54,74.78,171.20,96.32,0.9530,-1,-1,-1
291,-1,530.48,367.84,95.71,66.69,0.9461,-1,-1,-1
291,-1,498.72,144.50,23.37,20.65,0.5426,-1,-1,-1
292,-1,452.50,7.05,148.31,134.12,0.9562,-1,-1,-1
292,-1,519.62,76.00,171.14,95.72,0.9553,-1,-1,-1
292,-1,537.90,368.70,95.70,66.78,0.9480,-1,-1,-1
292,-1,505.56,145.88,23.55,20.98,0.8455,-1,-1,-1
292,-1,263.84,327.95,17.98,16.76,0.2807,-1,-1,-1
292,-1,633.67,0.00,55.92,17.80,0.2548,-1,-1,-1
293,-1,461.98,7.37,148.70,134.50,0.9546,-1,-1,-1
293,-1,528.38,75.86,172.74,96.03,0.9516,-1,-1,-1
293,-1,547.64,368.75,95.63,66.87,0.9467,-1,-1,-1
293,-1,514.71,146.28,23.73,21.10,0.8634,-1,-1,-1
293,-1,643.36,0.07,52.56,18.01,0.2531,-1,-1,-1
294,-1,534.87,74.62,174.14,96.02,0.9577,-1,-1,-1
294,-1,468.88,5.77,148.99,134.95,0.9564,-1,-1,-1
294,-1,554.15,368.21,95.95,66.86,0.9475,-1,-1,-1
294,-1,521.43,145.25,23.60,20.72,0.8475,-1,-1,-1
295,-1,475.43,5.10,148.70,135.60,0.9544,-1,-1,-1
295,-1,541.45,74.15,174.70,96.30,0.9522,-1,-1,-1
295,-1,560.37,368.12,96.46,67.18,0.9471,-1,-1,-1
295,-1,527.94,145.13,23.68,20.95,0.8129,-1,-1,-1
296,-1,547.59,74.06,174.53,96.44,0.9564,-1,-1,-1
296,-1,480.89,5.40,148.94,136.28,0.9542,-1,-1,-1
296,-1,566.45,368.60,97.26,67.49,0.9496,-1,-1,-1
296,-1,533.58,145.60,23.03,21.00,0.7226,-1,-1,-1
297,-1,490.64,5.54,149.41,136.97,0.9553,-1,-1,-1
297,-1,556.12,74.24,176.67,96.28,0.9518,-1,-1,-1
297,-1,576.50,368.82,97.12,67.52,0.9474,-1,-1,-1
297,-1,542.52,146.28,23.15,20.99,0.8650,-1,-1,-1
298,-1,563.59,73.22,177.97,96.54,0.9611,-1,-1,-1
298,-1,498.09,5.02,149.08,137.54,0.9532,-1,-1,-1
298,-1,584.12,368.78,97.54,67.64,0.9483,-1,-1,-1
298,-1,549.94,145.69,23.50,21.12,0.8547,-1,-1,-1
299,-1,570.59,71.62,178.70,96.82,0.9583,-1,-1,-1
299,-1,505.18,3.18,150.24,137.88,0.9559,-1,-1,-1
299,-1,590.95,368.41,97.89,67.85,0.9474,-1,-1,-1
299,-1,555.98,144.99,24.16,20.91,0.7018,-1,-1,-1
300,-1,577.63,70.98,179.90,96.96,0.9593,-1,-1,-1
300,-1,511.23,2.60,150.25,138.37,0.9523,-1,-1,-1
300,-1,597.21,368.48,99.22,67.91,0.9494,-1,-1,-1
300,-1,563.13,144.65,23.32,21.16,0.7603,-1,-1,-1
301,-1,583.96,71.17,180.90,97.11,0.9577,-1,-1,-1
301,-1,518.02,2.87,150.28,139.13,0.9548,-1,-1,-1
301,-1,605.35,368.80,98.78,68.30,0.9478,-1,-1,-1
301,-1,570.03,145.24,23.38,21.20,0.7157,-1,-1,-1
302,-1,593.50,70.67,181.11,96.93,0.9578,-1,-1,-1
302,-1,527.36,2.48,150.51,139.82,0.9508,-1,-1,-1
302,-1,614.64,368.86,99.19,68.35,0.9500,-1,-1,-1
302,-1,579.04,145.14,23.02,21.31,0.7242,-1,-1,-1
303,-1,534.93,0.34,152.04,140.24,0.9564,-1,-1,-1
303,-1,601.35,67.71,183.34,98.10,0.9534,-1,-1,-1
303,-1,621.83,368.20,100.09,68.50,0.9487,-1,-1,-1
303,-1,586.06,143.88,24.33,20.82,0.8051,-1,-1,-1
304,-1,541.43,0.09,152.63,138.78,0.9538,-1,-1,-1
304,-1,608.20,66.65,184.10,98.22,0.9515,-1,-1,-1
304,-1,628.72,368.13,100.66,68.59,0.9497,-1,-1,-1
304,-1,592.80,142.94,24.55,20.97,0.8608,-1,-1,-1
305,-1,547.13,0.07,153.50,138.66,0.9560,-1,-1,-1
305,-1,612.69,66.01,187.40,98.32,0.9510,-1,-1,-1
305,-1,635.45,368.25,100.85,69.01,0.9477,-1,-1,-1
305,-1,598.47,142.88,24.75,21.10,0.8514,-1,-1,-1
306,-1,555.67,0.24,153.78,140.50,0.9530,-1,-1,-1
306,-1,622.69,65.87,185.97,98.51,0.9508,-1,-1,-1
306,-1,644.49,368.74,101.84,69.11,0.9489,-1,-1,-1
306,-1,607.13,143.49,24.77,21.12,0.8524,-1,-1,-1
307,-1,653.34,368.66,102.14,69.59,0.9587,-1,-1,-1
307,-1,564.15,0.00,154.17,140.70,0.9541,-1,-1,-1
307,-1,630.78,64.84,190.43,99.36,0.9488,-1,-1,-1
307,-1,615.58,143.26,24.59,21.06,0.8783,-1,-1,-1
308,-1,571.49,0.00,154.62,139.59,0.9509,-1,-1,-1
308,-1,660.95,368.70,102.86,69.37,0.9480,-1,-1,-1
308,-1,638.80,63.95,191.69,99.79,0.9454,-1,-1,-1
308,-1,622.66,142.97,24.96,20.95,0.8746,-1,-1,-1
309,-1,669.14,368.34,103.46,70.16,0.9556,-1,-1,-1
309,-1,578.57,0.00,157.47,138.96,0.9525,-1,-1,-1
309,-1,644.57,63.34,194.13,99.77,0.9508,-1,-1,-1
309,-1,630.50,142.59,23.72,21.22,0.8675,-1,-1,-1
309,-1,0.00,308.42,10.51,31.48,0.7602,-1,-1,-1
310,-1,652.94,62.52,194.35,100.07,0.9514,-1,-1,-1
310,-1,586.37,0.00,158.65,138.97,0.9502,-1,-1,-1
310,-1,676.79,368.57,104.09,69.69,0.9474,-1,-1,-1
310,-1,637.74,142.35,23.56,21.07,0.8702,-1,-1,-1
310,-1,0.00,309.78,20.54,32.44,0.8410,-1,-1,-1
311,-1,685.08,368.51,104.60,69.84,0.9519,-1,-1,-1
311,-1,659.93,61.35,196.60,100.57,0.9495,-1,-1,-1
311,-1,592.59,0.00,161.74,138.17,0.9493,-1,-1,-1
311,-1,645.66,141.79,23.41,21.29,0.8804,-1,-1,-1
311,-1,10.05,310.24,20.15,32.04,0.7711,-1,-1,-1
312,-1,600.87,0.00,163.06,138.17,0.9498,-1,-1,-1
312,-1,668.21,60.55,198.12,101.07,0.9474,-1,-1,-1
312,-1,692.93,368.44,105.40,70.11,0.9470,-1,-1,-1
312,-1,652.85,141.48,23.88,21.09,0.8839,-1,-1,-1
312,-1,20.62,310.55,19.59,32.00,0.5795,-1,-1,-1
313,-1,701.35,367.97,106.85,70.62,0.9531,-1,-1,-1
313,-1,681.69,54.90,201.86,102.77,0.9528,-1,-1,-1
313,-1,612.12,0.10,160.81,132.44,0.9433,-1,-1,-1
313,-1,664.55,136.91,24.99,21.89,0.8590,-1,-1,-1
313,-1,32.76,300.79,19.24,31.74,0.6681,-1,-1,-1
314,-1,695.38,370.04,107.21,70.76,0.9519,-1,-1,-1
314,-1,677.06,56.89,202.18,102.70,0.9459,-1,-1,-1
314,-1,608.69,0.04,163.80,134.16,0.9404,-1,-1,-1
314,-1,660.97,138.23,24.64,21.63,0.8539,-1,-1,-1
314,-1,32.35,297.94,19.26,31.63,0.5409,-1,-1,-1
315,-1,684.76,365.57,107.84,71.34,0.9524,-1,-1,-1
315,-1,664.49,52.08,199.79,103.60,0.9509,-1,-1,-1
315,-1,596.54,0.02,157.11,131.40,0.9487,-1,-1,-1
315,-1,649.29,135.24,24.61,21.43,0.8763,-1,-1,-1
315,-1,27.92,302.70,19.49,31.39,0.3321,-1,-1,-1
316,-1,653.66,55.31,199.07,101.87,0.9547,-1,-1,-1
316,-1,673.95,367.11,107.94,70.95,0.9486,-1,-1,-1
316,-1,585.53,0.13,160.16,133.20,0.9459,-1,-1,-1
316,-1,638.17,137.45,25.45,21.59,0.8782,-1,-1,-1
316,-1,24.44,307.77,19.52,31.72,0.4798,-1,-1,-1
317,-1,645.45,55.31,196.75,101.86,0.9543,-1,-1,-1
317,-1,664.68,367.07,107.71,71.22,0.9533,-1,-1,-1
317,-1,576.27,0.00,154.40,133.20,0.9480,-1,-1,-1
317,-1,630.06,137.56,25.80,21.81,0.8708,-1,-1,-1
317,-1,20.78,308.06,20.17,31.64,0.6708,-1,-1,-1
318,-1,638.60,54.90,194.44,101.98,0.9613,-1,-1,-1
318,-1,568.54,0.12,155.18,132.86,0.9514,-1,-1,-1
318,-1,655.93,366.79,107.86,70.89,0.9508,-1,-1,-1
318,-1,623.51,137.21,25.04,21.78,0.8767,-1,-1,-1
318,-1,17.23,307.15,20.72,31.70,0.6623,-1,-1,-1
319,-1,631.00,54.13,193.31,102.12,0.9552,-1,-1,-1
319,-1,646.74,366.44,108.73,70.96,0.9525,-1,-1,-1
319,-1,560.22,0.00,156.93,132.57,0.9454,-1,-1,-1
319,-1,615.90,136.62,25.48,21.72,0.8768,-1,-1,-1
319,-1,13.97,306.20,20.82,31.54,0.7416,-1,-1,-1
320,-1,623.36,53.28,192.38,102.77,0.9601,-1,-1,-1
320,-1,637.11,366.00,109.36,71.04,0.9530,-1,-1,-1
320,-1,553.20,0.19,157.69,132.06,0.9458,-1,-1,-1
320,-1,608.74,136.00,25.18,21.66,0.8725,-1,-1,-1
320,-1,10.51,305.59,21.33,31.21,0.8532,-1,-1,-1
321,-1,615.89,52.72,190.97,102.88,0.9562,-1,-1,-1
321,-1,627.75,365.61,110.78,71.11,0.9486,-1,-1,-1
321,-1,544.90,0.00,155.28,131.39,0.9458,-1,-1,-1
321,-1,601.78,135.39,25.36,21.99,0.8760,-1,-1,-1
321,-1,7.55,304.37,21.11,31.66,0.7905,-1,-1,-1
322,-1,607.92,51.81,189.66,103.37,0.9519,-1,-1,-1
322,-1,618.42,364.85,111.32,71.43,0.9511,-1,-1,-1
322,-1,536.41,0.08,157.13,130.92,0.9484,-1,-1,-1
322,-1,593.71,134.87,25.93,21.83,0.8854,-1,-1,-1
322,-1,4.08,304.37,21.54,31.51,0.8659,-1,-1,-1
323,-1,598.94,51.14,189.79,103.47,0.9562,-1,-1,-1
323,-1,608.45,364.58,112.68,71.55,0.9510,-1,-1,-1
323,-1,527.52,0.00,157.34,130.42,0.9472,-1,-1,-1
323,-1,585.41,134.09,26.18,22.05,0.8943,-1,-1,-1
323,-1,0.08,304.04,22.29,31.95,0.8800,-1,-1,-1
324,-1,590.88,50.64,187.70,102.98,0.9618,-1,-1,-1
324,-1,598.97,364.07,113.51,71.66,0.9513,-1,-1,-1
324,-1,518.60,0.03,157.20,130.05,0.9496,-1,-1,-1
324,-1,577.31,133.67,26.57,22.03,0.8975,-1,-1,-1
324,-1,0.00,304.28,19.20,31.78,0.8602,-1,-1,-1
325,-1,510.13,0.00,155.78,129.59,0.9553,-1,-1,-1
325,-1,582.47,50.13,186.77,103.72,0.9546,-1,-1,-1
325,-1,589.26,363.93,114.58,70.97,0.9512,-1,-1,-1
325,-1,569.53,133.35,26.39,21.83,0.8984,-1,-1,-1
325,-1,0.00,304.45,16.04,31.76,0.8204,-1,-1,-1
326,-1,573.71,49.70,185.87,103.27,0.9557,-1,-1,-1
326,-1,579.52,363.61,115.48,71.10,0.9498,-1,-1,-1
326,-1,501.19,0.01,156.24,129.68,0.9471,-1,-1,-1
326,-1,561.32,133.29,26.62,21.43,0.9019,-1,-1,-1
326,-1,774.82,317.86,18.36,15.43,0.8425,-1,-1,-1
326,-1,0.00,304.50,12.96,33.53,0.8056,-1,-1,-1
327,-1,564.60,49.38,185.71,103.02,0.9582,-1,-1,-1
327,-1,570.03,363.55,116.34,70.78,0.9531,-1,-1,-1
327,-1,492.79,0.04,156.74,129.39,0.9432,-1,-1,-1
327,-1,553.16,133.10,26.98,21.47,0.9077,-1,-1,-1
327,-1,765.36,317.62,25.58,15.39,0.8864,-1,-1,-1
327,-1,0.00,301.69,9.63,33.23,0.7301,-1,-1,-1
328,-1,555.65,49.18,184.67,103.05,0.9605,-1,-1,-1
328,-1,560.27,362.98,117.39,71.21,0.9512,-1,-1,-1
328,-1,483.69,0.00,158.36,129.56,0.9440,-1,-1,-1
328,-1,545.14,133.03,27.49,21.47,0.9040,-1,-1,-1
328,-1,760.99,317.47,27.06,15.23,0.8906,-1,-1,-1
328,-1,0.00,299.47,6.27,36.31,0.5419,-1,-1,-1
329,-1,547.84,49.13,182.56,103.80,0.9560,-1,-1,-1
329,-1,550.26,363.21,119.34,71.14,0.9501,-1,-1,-1
329,-1,475.30,0.02,157.65,129.31,0.9431,-1,-1,-1
329,-1,537.04,132.91,27.64,21.66,0.9067,-1,-1,-1
329,-1,758.27,317.34,27.59,15.35,0.8962,-1,-1,-1
330,-1,466.58,0.00,154.66,129.10,0.9561,-1,-1,-1
330,-1,538.34,49.15,182.36,104.06,0.9543,-1,-1,-1
330,-1,540.64,363.51,120.94,70.95,0.9534,-1,-1,-1
330,-1,529.17,133.12,27.85,21.47,0.9028,-1,-1,-1
330,-1,755.85,317.16,27.37,15.54,0.8934,-1,-1,-1
331,-1,531.54,49.60,179.74,103.03,0.9580,-1,-1,-1
331,-1,458.29,0.02,156.56,129.66,0.9457,-1,-1,-1
331,-1,530.36,363.62,122.64,71.09,0.9457,-1,-1,-1
331,-1,521.27,133.39,27.90,21.46,0.9072,-1,-1,-1
331,-1,753.21,317.33,27.26,15.37,0.8929,-1,-1,-1
332,-1,521.02,363.84,124.41,70.95,0.9560,-1,-1,-1
332,-1,523.21,49.81,178.56,103.42,0.9550,-1,-1,-1
332,-1,449.67,0.00,156.50,130.05,0.9474,-1,-1,-1
332,-1,513.45,133.82,28.13,21.40,0.8947,-1,-1,-1
332,-1,750.49,317.48,27.64,15.44,0.8914,-1,-1,-1
332,-1,725.35,277.58,31.95,20.23,0.3131,-1,-1,-1
333,-1,514.66,50.33,177.61,103.26,0.9547,-1,-1,-1
333,-1,511.12,364.19,125.87,71.35,0.9494,-1,-1,-1
333,-1,441.22,0.02,156.66,130.35,0.9487,-1,-1,-1
333,-1,505.56,134.25,28.55,21.45,0.8907,-1,-1,-1
333,-1,748.49,317.59,27.24,15.48,0.8858,-1,-1,-1
334,-1,505.90,50.97,176.77,103.27,0.9556,-1,-1,-1
334,-1,501.29,364.32,128.16,71.59,0.9529,-1,-1,-1
334,-1,432.47,0.00,152.02,130.67,0.9461,-1,-1,-1
334,-1,497.76,134.63,28.60,21.58,0.8898,-1,-1,-1
334,-1,745.90,317.87,27.33,15.50,0.8819,-1,-1,-1
335,-1,498.00,51.50,174.24,103.32,0.9543,-1,-1,-1
335,-1,491.58,365.06,129.08,71.32,0.9519,-1,-1,-1
335,-1,424.26,0.06,151.54,131.48,0.9516,-1,-1,-1
335,-1,489.95,135.21,28.80,21.43,0.8860,-1,-1,-1
335,-1,743.60,318.41,27.14,15.42,0.8812,-1,-1,-1
335,-1,715.81,279.71,32.56,19.59,0.2900,-1,-1,-1
336,-1,491.12,52.28,172.14,103.23,0.9575,-1,-1,-1
336,-1,481.73,365.58,131.30,71.07,0.9494,-1,-1,-1
336,-1,415.68,0.00,155.50,131.89,0.9468,-1,-1,-1
336,-1,482.27,135.81,28.69,21.42,0.8866,-1,-1,-1
336,-1,741.23,318.61,26.74,15.63,0.8786,-1,-1,-1
337,-1,483.40,53.21,170.99,102.87,0.9522,-1,-1,-1
337,-1,472.54,365.83,131.98,71.43,0.9520,-1,-1,-1
337,-1,408.22,0.05,155.44,132.80,0.9469,-1,-1,-1
337,-1,474.96,136.19,29.42,21.44,0.8894,-1,-1,-1
337,-1,738.69,319.21,27.21,15.57,0.8824,-1,-1,-1
338,-1,475.42,53.97,169.87,102.56,0.9569,-1,-1,-1
338,-1,463.14,366.47,133.15,71.28,0.9494,-1,-1,-1
338,-1,399.13,0.00,157.68,132.93,0.9483,-1,-1,-1
338,-1,736.35,319.67,26.82,15.65,0.8823,-1,-1,-1
338,-1,467.04,136.95,30.22,21.31,0.8822,-1,-1,-1
339,-1,467.82,54.78,167.69,102.43,0.9564,-1,-1,-1
339,-1,452.95,366.72,135.13,71.31,0.9517,-1,-1,-1
339,-1,391.31,0.05,157.51,133.49,0.9515,-1,-1,-1
339,-1,733.77,320.40,27.20,15.36,0.8839,-1,-1,-1
339,-1,459.45,137.36,30.49,21.54,0.8750,-1,-1,-1
340,-1,459.31,55.24,166.49,102.81,0.9571,-1,-1,-1
340,-1,443.82,367.28,135.89,71.41,0.9514,-1,-1,-1
340,-1,384.06,0.00,159.12,133.54,0.9488,-1,-1,-1
340,-1,731.55,320.71,26.84,15.48,0.8864,-1,-1,-1
340,-1,451.93,138.11,30.42,21.46,0.8763,-1,-1,-1
341,-1,451.16,56.11,164.37,102.69,0.9557,-1,-1,-1
341,-1,434.00,368.22,137.33,70.78,0.9528,-1,-1,-1
341,-1,372.68,0.00,161.11,134.81,0.9487,-1,-1,-1
341,-1,729.24,321.18,26.51,15.34,0.8881,-1,-1,-1
341,-1,443.57,139.08,30.58,21.16,0.8842,-1,-1,-1
342,-1,442.53,57.12,162.91,102.47,0.9555,-1,-1,-1
342,-1,424.16,368.69,139.21,70.97,0.9524,-1,-1,-1
342,-1,365.78,0.00,159.69,135.42,0.9509,-1,-1,-1
342,-1,435.42,139.57,31.18,21.17,0.9008,-1,-1,-1
342,-1,726.32,321.36,26.88,15.53,0.8857,-1,-1,-1
343,-1,432.81,57.59,163.00,102.29,0.9542,-1,-1,-1
343,-1,414.42,368.94,140.38,70.97,0.9521,-1,-1,-1
343,-1,354.42,0.00,161.03,136.04,0.9469,-1,-1,-1
343,-1,427.34,140.18,31.80,21.11,0.8984,-1,-1,-1
343,-1,723.88,321.51,26.85,15.26,0.8852,-1,-1,-1
344,-1,424.82,58.22,160.20,102.24,0.9569,-1,-1,-1
344,-1,344.72,0.09,161.74,136.37,0.9560,-1,-1,-1
344,-1,404.47,369.49,141.99,70.85,0.9542,-1,-1,-1
344,-1,419.39,140.60,32.37,21.27,0.8938,-1,-1,-1
344,-1,721.60,321.52,26.24,15.55,0.8923,-1,-1,-1
345,-1,418.05,58.41,157.13,102.20,0.9542,-1,-1,-1
345,-1,394.46,370.02,144.19,70.65,0.9541,-1,-1,-1
345,-1,340.66,0.00,158.09,136.86,0.9524,-1,-1,-1
345,-1,411.69,140.94,32.46,21.32,0.8931,-1,-1,-1
345,-1,718.67,321.83,26.94,15.51,0.8873,-1,-1,-1
346,-1,408.29,58.61,157.43,102.31,0.9578,-1,-1,-1
346,-1,332.29,0.04,157.50,137.02,0.9547,-1,-1,-1
346,-1,384.47,370.13,145.37,71.03,0.9526,-1,-1,-1
346,-1,403.61,141.28,33.18,21.27,0.8875,-1,-1,-1
346,-1,716.53,321.70,26.53,15.64,0.8847,-1,-1,-1
347,-1,400.39,58.75,154.83,102.30,0.9549,-1,-1,-1
347,-1,374.59,370.01,147.21,72.36,0.9542,-1,-1,-1
347,-1,323.45,0.00,158.72,137.46,0.9524,-1,-1,-1
347,-1,713.87,321.81,26.70,15.67,0.8921,-1,-1,-1
347,-1,395.49,141.24,33.71,21.12,0.8811,-1,-1,-1
348,-1,315.54,0.00,158.08,137.29,0.9547,-1,-1,-1
348,-1,391.38,58.82,154.14,102.22,0.9542,-1,-1,-1
348,-1,364.85,370.14,148.41,72.39,0.9509,-1,-1,-1
348,-1,711.58,322.00,26.62,15.56,0.8893,-1,-1,-1
348,-1,387.49,141.23,33.91,21.13,0.8801,-1,-1,-1
349,-1,385.48,58.68,150.16,102.28,0.9565,-1,-1,-1
349,-1,355.86,369.85,149.30,72.20,0.9525,-1,-1,-1
349,-1,307.25,0.00,159.26,137.22,0.9517,-1,-1,-1
349,-1,709.31,321.98,26.47,15.46,0.8840,-1,-1,-1
349,-1,380.11,141.14,33.58,21.31,0.8823,-1,-1,-1
350,-1,299.05,0.00,158.80,137.00,0.9557,-1,-1,-1
350,-1,376.70,58.30,149.21,102.46,0.9541,-1,-1,-1
350,-1,345.58,370.16,150.73,71.38,0.9535,-1,-1,-1
350,-1,706.68,321.75,26.65,15.70,0.8921,-1,-1,-1
350,-1,372.09,141.05,34.38,21.19,0.8834,-1,-1,-1
351,-1,369.40,58.14,147.69,102.18,0.9555,-1,-1,-1
351,-1,335.88,369.90,152.70,70.63,0.9537,-1,-1,-1
351,-1,290.94,0.00,161.24,136.50,0.9502,-1,-1,-1
351,-1,704.66,321.77,26.26,15.48,0.8883,-1,-1,-1
351,-1,364.38,140.41,35.02,21.41,0.8882,-1,-1,-1
352,-1,282.61,0.00,158.97,136.02,0.9557,-1,-1,-1
352,-1,326.37,369.38,153.76,70.94,0.9552,-1,-1,-1
352,-1,361.20,57.66,146.22,102.34,0.9551,-1,-1,-1
352,-1,357.17,139.20,34.96,22.07,0.8840,-1,-1,-1
352,-1,702.39,321.57,26.18,15.61,0.8838,-1,-1,-1
353,-1,353.44,57.08,144.58,102.38,0.9568,-1,-1,-1
353,-1,316.68,369.06,155.37,70.78,0.9537,-1,-1,-1
353,-1,274.19,0.00,160.50,135.14,0.9493,-1,-1,-1
353,-1,349.08,139.23,35.63,21.32,0.8975,-1,-1,-1
353,-1,700.13,321.49,26.04,15.48,0.8881,-1,-1,-1
354,-1,345.85,56.21,142.29,102.27,0.9619,-1,-1,-1
354,-1,306.98,368.67,156.72,70.68,0.9506,-1,-1,-1
354,-1,265.74,0.00,160.70,134.14,0.9493,-1,-1,-1
354,-1,697.80,321.41,26.10,15.21,0.8896,-1,-1,-1
354,-1,341.34,137.68,35.25,22.29,0.8740,-1,-1,-1
355,-1,338.16,55.26,140.77,102.40,0.9554,-1,-1,-1
355,-1,297.30,367.60,158.34,70.83,0.9541,-1,-1,-1
355,-1,257.51,0.00,162.16,133.61,0.9427,-1,-1,-1
355,-1,695.78,321.06,25.96,15.41,0.8848,-1,-1,-1
355,-1,334.01,137.90,36.13,21.33,0.8751,-1,-1,-1
356,-1,329.80,54.14,139.73,102.77,0.9596,-1,-1,-1
356,-1,288.02,367.05,159.43,70.57,0.9508,-1,-1,-1
356,-1,248.88,0.06,160.44,133.01,0.9457,-1,-1,-1
356,-1,326.17,137.03,37.22,21.46,0.8809,-1,-1,-1
356,-1,693.25,320.66,26.16,15.57,0.8769,-1,-1,-1
357,-1,322.01,53.19,138.76,103.05,0.9553,-1,-1,-1
357,-1,278.11,366.16,161.27,70.66,0.9515,-1,-1,-1
357,-1,241.10,0.00,158.57,132.07,0.9453,-1,-1,-1
357,-1,691.33,320.65,25.73,15.21,0.8895,-1,-1,-1
357,-1,318.72,136.32,36.85,21.52,0.8877,-1,-1,-1
358,-1,313.47,52.33,137.71,103.12,0.9576,-1,-1,-1
358,-1,232.60,0.00,158.17,131.00,0.9489,-1,-1,-1
358,-1,268.75,365.48,163.04,70.79,0.9489,-1,-1,-1
358,-1,689.12,320.34,25.40,15.31,0.8833,-1,-1,-1
358,-1,311.05,135.57,36.84,21.37,0.8825,-1,-1,-1
359,-1,305.09,51.37,136.51,103.48,0.9570,-1,-1,-1
359,-1,259.29,364.99,164.22,70.88,0.9502,-1,-1,-1
359,-1,223.95,0.03,158.47,130.58,0.9443,-1,-1,-1
359,-1,303.45,134.97,37.20,21.30,0.8854,-1,-1,-1
359,-1,686.56,319.90,25.61,15.56,0.8774,-1,-1,-1
360,-1,296.25,50.99,134.59,103.19,0.9545,-1,-1,-1
360,-1,248.64,364.63,166.43,70.94,0.9501,-1,-1,-1
360,-1,214.57,0.00,160.06,130.23,0.9452,-1,-1,-1
360,-1,683.70,319.30,26.31,15.47,0.8845,-1,-1,-1
360,-1,294.92,134.81,37.68,21.07,0.8735,-1,-1,-1
361,-1,287.69,50.42,133.10,103.35,0.9555,-1,-1,-1
361,-1,239.39,364.68,167.30,70.43,0.9485,-1,-1,-1
361,-1,205.09,0.00,155.82,129.79,0.9448,-1,-1,-1
361,-1,681.79,318.87,25.30,15.55,0.8835,-1,-1,-1
361,-1,286.64,134.27,38.13,21.29,0.8732,-1,-1,-1
362,-1,278.46,50.21,132.11,103.19,0.9598,-1,-1,-1
362,-1,229.30,364.45,169.03,70.65,0.9507,-1,-1,-1
362,-1,195.58,0.00,159.59,129.43,0.9440,-1,-1,-1
362,-1,278.22,133.94,38.62,21.34,0.8772,-1,-1,-1
362,-1,679.59,318.36,24.98,15.70,0.8726,-1,-1,-1
363,-1,269.33,50.11,130.96,103.34,0.9568,-1,-1,-1
363,-1,186.79,0.00,157.16,129.38,0.9519,-1,-1,-1
363,-1,220.07,364.22,170.21,70.89,0.9506,-1,-1,-1
363,-1,677.13,318.07,25.32,15.40,0.8795,-1,-1,-1
363,-1,270.11,134.50,38.89,20.76,0.8597,-1,-1,-1
364,-1,260.49,49.78,129.34,103.71,0.9586,-1,-1,-1
364,-1,209.26,364.23,172.31,70.98,0.9505,-1,-1,-1
364,-1,177.49,0.06,158.55,129.81,0.9493,-1,-1,-1
364,-1,674.24,317.83,25.49,15.40,0.8874,-1,-1,-1
364,-1,260.66,131.14,40.40,23.95,0.4411,-1,-1,-1
365,-1,251.05,49.86,128.75,103.56,0.9582,-1,-1,-1
365,-1,168.80,0.00,158.64,129.40,0.9519,-1,-1,-1
365,-1,199.54,364.48,174.09,70.67,0.9509,-1,-1,-1
365,-1,671.87,317.71,25.06,15.43,0.8812,-1,-1,-1
365,-1,253.39,134.10,39.35,21.02,0.8718,-1,-1,-1
366,-1,241.87,49.86,127.67,103.61,0.9532,-1,-1,-1
366,-1,159.63,0.00,155.42,129.39,0.9503,-1,-1,-1
366,-1,189.88,364.62,174.88,70.49,0.9503,-1,-1,-1
366,-1,669.64,317.61,25.26,15.38,0.8801,-1,-1,-1
366,-1,245.43,134.18,39.26,21.10,0.8651,-1,-1,-1
367,-1,233.42,50.23,126.39,103.42,0.9597,-1,-1,-1
367,-1,150.00,0.00,155.20,129.73,0.9499,-1,-1,-1
367,-1,180.27,364.75,176.82,70.40,0.9498,-1,-1,-1
367,-1,666.98,317.54,25.18,15.27,0.8874,-1,-1,-1
367,-1,237.06,134.69,40.78,20.86,0.8289,-1,-1,-1
368,-1,224.44,50.59,124.97,103.57,0.9532,-1,-1,-1
368,-1,141.72,0.00,153.38,129.79,0.9496,-1,-1,-1
368,-1,170.09,364.90,178.87,70.76,0.9493,-1,-1,-1
368,-1,664.95,317.73,24.84,15.17,0.8807,-1,-1,-1
368,-1,229.22,135.03,41.67,20.81,0.8160,-1,-1,-1
369,-1,215.66,50.78,123.98,103.71,0.9584,-1,-1,-1
369,-1,132.45,0.00,153.46,130.13,0.9497,-1,-1,-1
369,-1,160.55,365.27,179.44,71.05,0.9489,-1,-1,-1
369,-1,662.57,317.58,24.69,15.44,0.8802,-1,-1,-1
369,-1,221.06,135.37,41.71,20.85,0.7568,-1,-1,-1
370,-1,206.64,51.34,122.76,103.33,0.9567,-1,-1,-1
370,-1,124.08,0.00,154.46,130.78,0.9511,-1,-1,-1
370,-1,150.36,365.49,181.35,71.05,0.9507,-1,-1,-1
370,-1,659.75,317.72,25.01,15.47,0.8908,-1,-1,-1
370,-1,213.34,135.95,41.01,20.81,0.6471,-1,-1,-1
371,-1,198.19,51.80,121.60,103.13,0.9537,-1,-1,-1
371,-1,140.98,365.75,182.72,71.47,0.9519,-1,-1,-1
371,-1,115.19,0.00,154.97,131.45,0.9470,-1,-1,-1
371,-1,657.48,318.17,24.74,15.21,0.8784,-1,-1,-1
371,-1,205.07,136.53,42.29,20.62,0.5837,-1,-1,-1
372,-1,189.54,52.72,120.19,102.83,0.9565,-1,-1,-1
372,-1,106.80,0.00,155.48,131.93,0.9529,-1,-1,-1
372,-1,130.98,366.06,184.55,71.49,0.9501,-1,-1,-1
372,-1,655.06,318.42,24.68,15.30,0.8741,-1,-1,-1
372,-1,197.43,136.94,41.97,20.50,0.2606,-1,-1,-1
373,-1,121.43,366.99,185.71,70.58,0.9559,-1,-1,-1
373,-1,181.32,53.27,118.69,103.31,0.9530,-1,-1,-1
373,-1,98.66,0.00,155.38,132.60,0.9496,-1,-1,-1
373,-1,652.69,318.77,24.53,15.43,0.8822,-1,-1,-1
374,-1,172.41,54.01,117.96,102.95,0.9537,-1,-1,-1
374,-1,90.62,0.00,155.01,132.67,0.9512,-1,-1,-1
374,-1,111.69,367.09,187.62,70.83,0.9497,-1,-1,-1
374,-1,650.41,319.36,24.16,15.30,0.8794,-1,-1,-1
374,-1,181.95,138.72,42.67,19.67,0.5667,-1,-1,-1
375,-1,101.95,367.07,189.02,71.23,0.9569,-1,-1,-1
375,-1,164.63,54.73,116.34,102.76,0.9565,-1,-1,-1
375,-1,81.94,0.00,156.06,133.18,0.9495,-1,-1,-1
375,-1,647.82,319.69,24.44,15.48,0.8751,-1,-1,-1
376,-1,155.87,55.30,115.66,102.92,0.9558,-1,-1,-1
376,-1,73.65,0.00,155.82,133.63,0.9528,-1,-1,-1
376,-1,92.75,367.63,190.05,71.13,0.9506,-1,-1,-1
376,-1,645.42,320.22,24.65,15.23,0.8777,-1,-1,-1
377,-1,148.34,55.87,113.69,103.08,0.9569,-1,-1,-1
377,-1,83.13,368.47,191.48,70.56,0.9551,-1,-1,-1
377,-1,65.45,0.00,156.12,134.15,0.9508,-1,-1,-1
377,-1,643.27,320.76,24.35,15.29,0.8939,-1,-1,-1
377,-1,159.72,140.51,42.93,19.35,0.6065,-1,-1,-1
378,-1,138.79,56.56,113.99,103.07,0.9565,-1,-1,-1
378,-1,73.18,368.95,193.23,70.67,0.9560,-1,-1,-1
378,-1,56.60,0.00,156.95,134.50,0.9451,-1,-1,-1
378,-1,641.10,321.25,23.74,15.22,0.8800,-1,-1,-1
378,-1,151.90,141.35,42.39,19.22,0.4794,-1,-1,-1
379,-1,140.76,63.28,111.98,101.80,0.9544,-1,-1,-1
379,-1,79.23,373.21,191.38,70.97,0.9504,-1,-1,-1
379,-1,59.75,0.00,154.05,142.16,0.9479,-1,-1,-1
379,-1,644.97,319.63,24.61,15.28,0.8835,-1,-1,-1
379,-1,154.78,147.75,42.18,18.52,0.6578,-1,-1,-1
380,-1,160.05,68.98,109.00,100.34,0.9563,-1,-1,-1
380,-1,101.62,374.10,185.10,70.08,0.9509,-1,-1,-1
380,-1,81.32,2.22,149.75,145.61,0.9405,-1,-1,-1
380,-1,658.35,318.77,24.85,15.21,0.8863,-1,-1,-1
380,-1,172.71,152.01,41.57,18.69,0.3777,-1,-1,-1
381,-1,191.64,71.27,105.21,97.83,0.9594,-1,-1,-1
381,-1,132.87,370.24,177.73,67.49,0.9504,-1,-1,-1
381,-1,116.90,5.58,143.04,142.24,0.9495,-1,-1,-1
381,-1,678.03,319.68,25.28,15.53,0.8758,-1,-1,-1
382,-1,201.70,70.91,104.49,97.53,0.9620,-1,-1,-1
382,-1,143.32,368.92,175.05,67.35,0.9483,-1,-1,-1
382,-1,127.85,5.58,140.87,142.08,0.9463,-1,-1,-1
382,-1,685.60,319.29,25.63,15.42,0.8771,-1,-1,-1
382,-1,212.79,152.53,38.43,17.50,0.6693,-1,-1,-1
383,-1,208.81,73.39,103.49,96.73,0.9571,-1,-1,-1
383,-1,135.62,8.45,139.06,141.60,0.9526,-1,-1,-1
383,-1,151.18,370.11,173.70,67.16,0.9503,-1,-1,-1
383,-1,690.55,319.22,25.60,15.64,0.8889,-1,-1,-1
383,-1,219.04,154.18,39.34,18.06,0.7412,-1,-1,-1
384,-1,216.61,74.80,103.58,96.37,0.9547,-1,-1,-1
384,-1,144.59,10.16,137.75,141.29,0.9538,-1,-1,-1
384,-1,160.47,370.22,171.71,66.66,0.9490,-1,-1,-1
384,-1,696.29,319.06,25.69,15.65,0.8764,-1,-1,-1
384,-1,227.05,156.52,39.12,16.51,0.5684,-1,-1,-1
385,-1,154.13,11.57,136.29,141.56,0.9601,-1,-1,-1
385,-1,225.70,75.90,102.44,95.96,0.9524,-1,-1,-1
385,-1,170.08,370.13,170.31,66.74,0.9478,-1,-1,-1
385,-1,701.85,318.77,25.99,15.70,0.8749,-1,-1,-1
386,-1,163.24,13.60,135.14,141.00,0.9521,-1,-1,-1
386,-1,233.87,77.61,102.57,94.90,0.9520,-1,-1,-1
386,-1,179.72,370.38,167.95,65.87,0.9477,-1,-1,-1
386,-1,708.37,318.37,25.65,15.77,0.8840,-1,-1,-1
386,-1,244.04,157.40,37.14,17.36,0.3667,-1,-1,-1
387,-1,242.79,78.91,101.81,94.56,0.9538,-1,-1,-1
387,-1,172.57,15.47,134.24,140.39,0.9491,-1,-1,-1
387,-1,189.56,370.26,166.13,65.60,0.9461,-1,-1,-1
387,-1,714.30,318.09,25.90,15.66,0.8879,-1,-1,-1
388,-1,250.61,80.16,101.96,93.95,0.9513,-1,-1,-1
388,-1,181.40,17.00,133.69,139.92,0.9507,-1,-1,-1
388,-1,198.24,370.30,164.93,65.26,0.9478,-1,-1,-1
388,-1,720.04,317.77,26.28,15.94,0.8835,-1,-1,-1
388,-1,0.00,316.74,9.85,32.71,0.7183,-1,-1,-1
388,-1,258.71,159.11,39.16,17.56,0.4907,-1,-1,-1
389,-1,259.10,81.20,101.50,94.02,0.9533,-1,-1,-1
389,-1,190.49,18.32,132.59,139.57,0.9487,-1,-1,-1
389,-1,207.33,370.23,163.37,64.71,0.9442,-1,-1,-1
389,-1,0.00,319.80,19.13,28.31,0.8880,-1,-1,-1
389,-1,726.16,317.51,26.63,15.79,0.8824,-1,-1,-1
390,-1,199.29,19.60,130.55,138.97,0.9554,-1,-1,-1
390,-1,266.44,82.20,101.96,93.65,0.9480,-1,-1,-1
390,-1,216.58,370.32,160.91,63.98,0.9477,-1,-1,-1
390,-1,1.20,320.36,26.67,27.86,0.8902,-1,-1,-1
390,-1,731.78,316.95,27.32,16.08,0.8879,-1,-1,-1
391,-1,275.81,83.15,100.74,93.72,0.9532,-1,-1,-1
391,-1,208.53,20.93,129.35,138.72,0.9481,-1,-1,-1
391,-1,225.93,370.28,159.15,63.86,0.9440,-1,-1,-1
391,-1,738.01,316.74,27.25,16.02,0.8926,-1,-1,-1
391,-1,11.18,320.75,26.31,27.77,0.8816,-1,-1,-1
392,-1,217.73,22.40,127.68,138.56,0.9564,-1,-1,-1
392,-1,284.12,84.17,100.33,93.00,0.9526,-1,-1,-1
392,-1,234.50,370.35,158.03,63.44,0.9468,-1,-1,-1
392,-1,744.45,316.28,27.45,16.16,0.8998,-1,-1,-1
392,-1,21.23,321.38,25.40,27.32,0.8804,-1,-1,-1
392,-1,291.53,163.02,35.78,16.80,0.5433,-1,-1,-1
393,-1,290.76,83.05,100.62,92.97,0.9545,-1,-1,-1
393,-1,224.72,21.06,127.64,138.72,0.9476,-1,-1,-1
393,-1,241.49,368.86,157.14,63.72,0.9457,-1,-1,-1
393,-1,751.22,315.55,27.72,15.98,0.9043,-1,-1,-1
393,-1,30.67,320.11,25.03,27.35,0.8698,-1,-1,-1
393,-1,299.30,162.46,34.99,16.26,0.6321,-1,-1,-1
394,-1,231.93,22.55,125.79,138.40,0.9554,-1,-1,-1
394,-1,297.49,84.08,99.96,92.46,0.9531,-1,-1,-1
394,-1,248.94,369.19,156.41,63.55,0.9492,-1,-1,-1
394,-1,757.43,315.31,28.41,16.02,0.8972,-1,-1,-1
394,-1,39.95,320.61,24.28,27.25,0.8712,-1,-1,-1
394,-1,305.97,162.55,34.23,16.97,0.3073,-1,-1,-1
395,-1,256.28,369.03,155.38,63.71,0.9486,-1,-1,-1
395,-1,239.49,23.92,125.42,138.19,0.9482,-1,-1,-1
395,-1,304.21,85.06,99.87,92.36,0.9478,-1,-1,-1
395,-1,764.39,314.94,28.14,16.30,0.8931,-1,-1,-1
395,-1,49.58,321.65,24.01,26.89,0.8828,-1,-1,-1
395,-1,311.87,163.83,35.17,16.60,0.7072,-1,-1,-1
396,-1,311.18,86.14,99.73,91.51,0.9552,-1,-1,-1
396,-1,246.93,24.86,124.75,137.79,0.9523,-1,-1,-1
396,-1,264.13,369.36,153.99,63.33,0.9479,-1,-1,-1
396,-1,771.04,314.53,28.59,16.31,0.8895,-1,-1,-1
396,-1,58.85,322.20,23.75,26.81,0.8786,-1,-1,-1
396,-1,318.60,164.63,35.70,16.51,0.6255,-1,-1,-1
397,-1,320.48,87.76,98.76,90.78,0.9537,-1,-1,-1
397,-1,273.71,369.63,152.12,63.16,0.9500,-1,-1,-1
397,-1,256.21,26.82,123.52,137.21,0.9485,-1,-1,-1
397,-1,778.09,314.05,29.82,16.47,0.8863,-1,-1,-1
397,-1,69.60,323.16,23.23,26.45,0.8678,-1,-1,-1
397,-1,328.02,165.49,34.18,16.60,0.7798,-1,-1,-1
398,-1,328.16,88.60,99.12,90.45,0.9575,-1,-1,-1
398,-1,264.77,27.19,122.53,137.98,0.9517,-1,-1,-1
398,-1,282.05,369.37,151.43,63.08,0.9476,-1,-1,-1
398,-1,785.24,313.59,29.30,16.67,0.8833,-1,-1,-1
398,-1,78.40,323.45,22.75,26.16,0.8689,-1,-1,-1
398,-1,333.35,165.65,35.97,16.89,0.3440,-1,-1,-1
399,-1,336.00,86.91,98.78,90.78,0.9547,-1,-1,-1
399,-1,290.02,367.81,150.86,62.90,0.9473,-1,-1,-1
399,-1,272.91,26.20,121.84,137.21,0.9472,-1,-1,-1
399,-1,793.39,312.73,29.51,16.79,0.8794,-1,-1,-1
399,-1,87.67,321.65,22.19,26.28,0.8720,-1,-1,-1
399,-1,341.57,165.27,35.59,16.34,0.4443,-1,-1,-1
400,-1,342.60,87.61,98.84,90.30,0.9567,-1,-1,-1
400,-1,279.91,26.79,122.08,137.87,0.9513,-1,-1,-1
400,-1,297.13,367.91,149.71,62.80,0.9486,-1,-1,-1
400,-1,800.72,312.33,30.11,16.97,0.8788,-1,-1,-1
400,-1,96.56,322.32,22.01,25.92,0.8683,-1,-1,-1
400,-1,349.82,164.95,34.15,16.95,0.5881,-1,-1,-1
401,-1,349.74,88.30,98.49,90.22,0.9532,-1,-1,-1
401,-1,286.86,27.27,121.27,137.95,0.9524,-1,-1,-1
401,-1,304.58,368.38,149.08,62.27,0.9464,-1,-1,-1
401,-1,808.32,311.94,30.41,17.04,0.8830,-1,-1,-1
401,-1,105.70,322.73,21.20,25.92,0.8792,-1,-1,-1
401,-1,355.98,165.87,34.28,16.58,0.6327,-1,-1,-1
402,-1,356.62,89.91,98.28,89.79,0.9559,-1,-1,-1
402,-1,294.39,29.50,120.03,138.59,0.9490,-1,-1,-1
402,-1,312.03,369.33,148.04,62.00,0.9487,-1,-1,-1
402,-1,815.15,311.78,30.91,16.99,0.8836,-1,-1,-1
402,-1,114.24,324.18,21.02,25.79,0.8627,-1,-1,-1
402,-1,362.54,167.40,33.46,16.26,0.7258,-1,-1,-1
403,-1,364.66,90.40,98.34,89.49,0.9552,-1,-1,-1
403,-1,303.01,30.35,118.69,138.45,0.9513,-1,-1,-1
403,-1,320.46,369.24,147.70,61.66,0.9452,-1,-1,-1
403,-1,822.32,311.47,31.75,16.78,0.8818,-1,-1,-1
403,-1,122.53,324.25,20.92,25.66,0.8628,-1,-1,-1
403,-1,370.25,167.86,33.28,16.18,0.6233,-1,-1,-1
404,-1,370.83,89.19,98.46,89.42,0.9553,-1,-1,-1
404,-1,309.02,28.45,119.99,138.95,0.9506,-1,-1,-1
404,-1,326.67,367.61,146.92,62.01,0.9494,-1,-1,-1
404,-1,829.26,310.69,32.00,16.97,0.8861,-1,-1,-1
404,-1,130.04,323.33,20.62,25.36,0.8680,-1,-1,-1
404,-1,377.22,166.47,32.94,16.68,0.6764,-1,-1,-1
405,-1,377.05,90.50,98.63,89.50,0.9565,-1,-1,-1
405,-1,316.26,30.77,118.50,138.75,0.9481,-1,-1,-1
405,-1,333.98,368.80,145.59,61.60,0.9453,-1,-1,-1
405,-1,835.69,310.49,31.98,17.08,0.8919,-1,-1,-1
405,-1,137.41,324.58,20.38,25.36,0.8637,-1,-1,-1
405,-1,382.43,167.63,33.35,17.28,0.6915,-1,-1,-1
406,-1,323.75,31.02,118.36,139.20,0.9508,-1,-1,-1
406,-1,384.76,90.98,98.61,89.24,0.9503,-1,-1,-1
406,-1,341.37,368.48,145.20,61.53,0.9471,-1,-1,-1
406,-1,843.03,309.99,32.21,17.35,0.8910,-1,-1,-1
406,-1,145.14,324.86,20.23,25.18,0.8538,-1,-1,-1
406,-1,389.19,168.01,33.31,17.34,0.6584,-1,-1,-1
407,-1,392.18,91.16,98.62,89.47,0.9563,-1,-1,-1
407,-1,331.85,31.00,117.73,139.54,0.9478,-1,-1,-1
407,-1,349.39,368.59,144.28,61.13,0.9456,-1,-1,-1
407,-1,849.83,309.62,33.04,17.36,0.8911,-1,-1,-1
407,-1,152.62,325.13,19.90,24.85,0.8493,-1,-1,-1
407,-1,396.80,168.53,32.69,17.06,0.3092,-1,-1,-1
408,-1,399.02,91.42,99.04,89.23,0.9502,-1,-1,-1
408,-1,339.14,31.96,117.34,139.13,0.9497,-1,-1,-1
408,-1,357.01,368.37,144.74,61.20,0.9457,-1,-1,-1
408,-1,857.33,309.30,32.85,17.34,0.8913,-1,-1,-1
408,-1,159.93,325.38,19.63,24.54,0.8424,-1,-1,-1
409,-1,406.68,91.85,99.08,89.11,0.9563,-1,-1,-1
409,-1,346.70,32.59,117.19,138.87,0.9481,-1,-1,-1
409,-1,364.71,368.54,143.82,60.83,0.9462,-1,-1,-1
409,-1,864.59,308.74,33.70,17.61,0.8925,-1,-1,-1
409,-1,167.46,325.32,19.37,24.64,0.8290,-1,-1,-1
409,-1,410.74,168.79,32.68,16.43,0.4963,-1,-1,-1
410,-1,413.09,91.51,99.63,89.28,0.9516,-1,-1,-1
410,-1,353.93,32.62,115.61,138.73,0.9488,-1,-1,-1
410,-1,372.06,368.13,142.79,60.73,0.9448,-1,-1,-1
410,-1,871.86,308.22,33.66,17.78,0.8892,-1,-1,-1
410,-1,174.44,325.11,18.76,24.42,0.7919,-1,-1,-1
410,-1,417.75,168.87,32.71,16.40,0.7262,-1,-1,-1
411,-1,419.94,90.96,99.39,88.78,0.9560,-1,-1,-1
411,-1,359.40,32.56,117.92,138.65,0.9497,-1,-1,-1
411,-1,377.50,367.70,143.02,61.26,0.9480,-1,-1,-1
411,-1,879.64,307.72,34.61,17.92,0.9028,-1,-1,-1
411,-1,181.31,325.01,18.96,24.09,0.7894,-1,-1,-1
412,-1,425.56,91.87,100.43,88.74,0.9544,-1,-1,-1
412,-1,366.51,33.88,116.57,138.57,0.9468,-1,-1,-1
412,-1,384.99,368.15,142.24,60.66,0.9434,-1,-1,-1
412,-1,887.51,307.44,34.72,17.78,0.9008,-1,-1,-1
412,-1,188.30,325.41,18.72,24.27,0.7153,-1,-1,-1
412,-1,430.25,169.09,32.35,16.77,0.4473,-1,-1,-1
413,-1,433.20,91.33,100.46,89.01,0.9526,-1,-1,-1
413,-1,392.25,367.61,141.98,61.26,0.9489,-1,-1,-1
413,-1,373.54,33.29,115.42,139.08,0.9482,-1,-1,-1
413,-1,895.61,306.95,35.90,17.92,0.8945,-1,-1,-1
413,-1,195.92,325.19,18.49,24.39,0.6464,-1,-1,-1
413,-1,437.19,169.14,32.07,16.30,0.4872,-1,-1,-1
414,-1,439.18,90.94,100.38,89.17,0.9542,-1,-1,-1
414,-1,379.90,32.84,116.24,139.35,0.9445,-1,-1,-1
414,-1,397.66,367.57,142.80,61.52,0.9445,-1,-1,-1
414,-1,904.92,306.27,36.16,18.39,0.9064,-1,-1,-1
414,-1,442.72,168.72,32.52,16.11,0.6969,-1,-1,-1
414,-1,203.31,325.08,18.28,24.54,0.6574,-1,-1,-1
415,-1,447.77,91.18,100.61,89.01,0.9519,-1,-1,-1
415,-1,407.13,367.68,142.06,61.17,0.9475,-1,-1,-1
415,-1,388.49,33.49,115.93,139.62,0.9452,-1,-1,-1
415,-1,915.33,305.62,37.32,18.43,0.9045,-1,-1,-1
415,-1,212.77,325.80,18.05,24.01,0.5090,-1,-1,-1
415,-1,451.40,168.89,31.99,16.69,0.3199,-1,-1,-1
416,-1,455.81,91.04,100.55,88.86,0.9548,-1,-1,-1
416,-1,415.26,367.42,141.35,61.31,0.9434,-1,-1,-1
416,-1,396.55,33.20,116.12,139.72,0.9426,-1,-1,-1
416,-1,925.83,304.98,37.49,18.68,0.8977,-1,-1,-1
416,-1,459.00,168.63,32.19,16.35,0.4961,-1,-1,-1
416,-1,221.06,325.94,17.94,23.77,0.2524,-1,-1,-1
417,-1,461.52,91.02,101.65,88.91,0.9515,-1,-1,-1
417,-1,403.05,33.38,113.48,140.33,0.9464,-1,-1,-1
417,-1,421.00,367.23,141.60,61.44,0.9444,-1,-1,-1
417,-1,934.37,304.40,38.61,18.87,0.9000,-1,-1,-1
417,-1,465.62,169.44,31.90,15.85,0.6251,-1,-1,-1
418,-1,470.82,91.22,101.36,88.94,0.9562,-1,-1,-1
418,-1,412.17,33.53,114.05,140.74,0.9438,-1,-1,-1
418,-1,430.39,367.39,141.18,61.46,0.9437,-1,-1,-1
418,-1,945.94,303.91,39.62,18.91,0.8984,-1,-1,-1
418,-1,474.53,169.49,31.98,16.13,0.4340,-1,-1,-1
419,-1,475.85,91.11,102.06,88.73,0.9615,-1,-1,-1
419,-1,417.88,34.18,115.14,140.15,0.9463,-1,-1,-1
419,-1,436.10,367.10,140.78,61.54,0.9442,-1,-1,-1
419,-1,953.22,303.40,39.46,19.18,0.9137,-1,-1,-1
419,-1,479.07,169.46,32.07,16.30,0.6802,-1,-1,-1
419,-1,242.33,326.57,17.68,23.31,0.3208,-1,-1,-1
420,-1,480.88,90.72,102.53,89.06,0.9555,-1,-1,-1
420,-1,440.25,367.21,141.44,61.40,0.9477,-1,-1,-1
420,-1,422.00,33.03,114.24,141.65,0.9470,-1,-1,-1
420,-1,959.39,303.26,40.29,19.11,0.9147,-1,-1,-1
420,-1,483.38,169.48,32.03,15.85,0.4160,-1,-1,-1
421,-1,486.29,90.38,102.58,89.49,0.9551,-1,-1,-1
421,-1,446.56,367.07,140.94,61.36,0.9447,-1,-1,-1
421,-1,427.92,32.93,113.56,141.65,0.9443,-1,-1,-1
421,-1,968.54,302.33,40.40,19.41,0.9105,-1,-1,-1
421,-1,490.06,169.39,32.06,16.06,0.6984,-1,-1,-1
422,-1,492.39,91.03,102.47,88.87,0.9537,-1,-1,-1
422,-1,433.96,33.63,114.95,141.51,0.9467,-1,-1,-1
422,-1,452.20,367.29,140.76,61.52,0.9435,-1,-1,-1
422,-1,976.67,302.46,41.90,19.50,0.9110,-1,-1,-1
422,-1,495.06,168.51,31.97,17.88,0.6352,-1,-1,-1
423,-1,497.06,90.28,102.86,89.33,0.9549,-1,-1,-1
423,-1,456.75,367.04,140.89,61.57,0.9477,-1,-1,-1
423,-1,438.32,33.44,114.36,141.82,0.9472,-1,-1,-1
423,-1,984.40,301.45,39.60,19.36,0.8967,-1,-1,-1
423,-1,499.49,169.65,31.95,15.84,0.6173,-1,-1,-1
424,-1,505.96,90.99,103.36,89.21,0.9550,-1,-1,-1
424,-1,448.00,34.19,115.31,141.94,0.9456,-1,-1,-1
424,-1,465.98,367.67,140.64,61.07,0.9441,-1,-1,-1
424,-1,999.04,301.45,24.95,19.03,0.8598,-1,-1,-1
424,-1,509.36,169.90,30.90,16.73,0.7553,-1,-1,-1
425,-1,512.43,90.11,103.51,89.50,0.9550,-1,-1,-1
425,-1,453.89,33.62,114.92,142.33,0.9479,-1,-1,-1
425,-1,472.40,367.36,140.90,61.39,0.9473,-1,-1,-1
425,-1,515.25,169.22,31.79,16.72,0.6743,-1,-1,-1
425,-1,1010.78,299.96,13.22,18.69,0.4712,-1,-1,-1
426,-1,517.79,89.92,102.88,89.58,0.9558,-1,-1,-1
426,-1,458.97,33.54,113.91,142.74,0.9449,-1,-1,-1
426,-1,477.10,367.46,140.85,61.20,0.9449,-1,-1,-1
426,-1,520.34,169.84,30.95,16.27,0.8059,-1,-1,-1
427,-1,522.60,89.56,103.96,89.88,0.9561,-1,-1,-1
427,-1,464.93,33.22,114.83,143.08,0.9452,-1,-1,-1
427,-1,483.35,366.97,140.95,61.58,0.9440,-1,-1,-1
427,-1,525.99,170.05,31.47,16.16,0.8363,-1,-1,-1
428,-1,532.90,90.18,103.84,89.84,0.9544,-1,-1,-1
428,-1,492.61,367.90,141.04,60.87,0.9471,-1,-1,-1
428,-1,474.58,34.03,114.42,143.52,0.9447,-1,-1,-1
428,-1,535.57,170.46,31.44,16.62,0.7466,-1,-1,-1
429,-1,537.18,90.14,104.50,90.01,0.9553,-1,-1,-1
429,-1,479.25,34.46,114.85,143.11,0.9445,-1,-1,-1
429,-1,497.06,368.12,140.89,60.80,0.9440,-1,-1,-1
429,-1,539.99,170.64,30.86,16.60,0.6160,-1,-1,-1
430,-1,541.40,89.16,104.91,90.28,0.9559,-1,-1,-1
430,-1,483.45,33.61,113.85,143.74,0.9462,-1,-1,-1
430,-1,501.29,367.79,141.82,60.85,0.9451,-1,-1,-1
430,-1,544.43,170.20,31.16,16.30,0.8099,-1,-1,-1
431,-1,545.15,89.06,104.53,90.16,0.9546,-1,-1,-1
431,-1,504.78,367.81,141.88,60.70,0.9517,-1,-1,-1
431,-1,486.84,33.34,114.91,144.21,0.9479,-1,-1,-1
431,-1,547.56,169.49,31.43,16.90,0.5957,-1,-1,-1
432,-1,549.51,88.54,104.36,90.63,0.9554,-1,-1,-1
432,-1,491.00,33.45,113.67,144.21,0.9540,-1,-1,-1
432,-1,508.61,367.90,142.43,60.77,0.9455,-1,-1,-1
432,-1,552.08,169.99,31.25,16.37,0.7623,-1,-1,-1
433,-1,555.77,88.42,104.99,90.49,0.9582,-1,-1,-1
433,-1,515.64,367.66,142.26,61.00,0.9449,-1,-1,-1
433,-1,498.31,32.94,114.77,144.96,0.9442,-1,-1,-1
433,-1,558.93,169.89,31.41,16.51,0.7563,-1,-1,-1
434,-1,559.59,88.06,105.21,91.12,0.9559,-1,-1,-1
434,-1,519.55,367.98,142.74,60.80,0.9494,-1,-1,-1
434,-1,501.89,32.63,114.79,145.50,0.9465,-1,-1,-1
434,-1,562.90,169.98,31.51,16.27,0.7161,-1,-1,-1
435,-1,564.42,88.06,104.51,91.23,0.9537,-1,-1,-1
435,-1,523.81,368.04,143.00,60.96,0.9468,-1,-1,-1
435,-1,506.43,32.56,114.18,146.20,0.9434,-1,-1,-1
435,-1,566.67,170.21,31.69,16.77,0.7017,-1,-1,-1
436,-1,568.34,87.61,104.93,91.37,0.9569,-1,-1,-1
436,-1,528.27,368.24,142.60,60.83,0.9442,-1,-1,-1
436,-1,510.83,32.34,115.50,146.27,0.9429,-1,-1,-1
436,-1,570.89,170.81,31.63,15.83,0.6374,-1,-1,-1
437,-1,575.46,87.39,105.62,91.59,0.9559,-1,-1,-1
437,-1,534.88,368.37,143.68,60.77,0.9491,-1,-1,-1
437,-1,517.52,32.49,115.77,146.33,0.9475,-1,-1,-1
437,-1,578.29,169.43,32.38,17.26,0.5509,-1,-1,-1
438,-1,579.64,87.35,105.29,91.63,0.9543,-1,-1,-1
438,-1,539.01,368.42,144.27,60.86,0.9470,-1,-1,-1
438,-1,521.93,31.97,115.49,147.31,0.9439,-1,-1,-1
438,-1,583.03,170.63,30.97,15.94,0.8547,-1,-1,-1
439,-1,583.93,87.05,105.31,91.68,0.9579,-1,-1,-1
439,-1,543.34,368.54,144.09,60.76,0.9440,-1,-1,-1
439,-1,526.13,32.13,115.90,147.15,0.9418,-1,-1,-1
439,-1,586.86,170.86,31.74,15.58,0.7918,-1,-1,-1
440,-1,588.05,86.61,105.57,91.78,0.9590,-1,-1,-1
440,-1,530.71,31.69,114.36,148.24,0.9476,-1,-1,-1
440,-1,547.28,368.57,145.02,60.88,0.9449,-1,-1,-1
440,-1,590.87,168.97,31.87,17.72,0.6533,-1,-1,-1
441,-1,592.26,86.57,105.93,92.13,0.9559,-1,-1,-1
441,-1,551.31,368.76,145.23,60.87,0.9474,-1,-1,-1
441,-1,534.52,32.50,115.78,147.36,0.9462,-1,-1,-1
441,-1,595.29,170.78,31.78,15.70,0.5646,-1,-1,-1
442,-1,597.17,85.83,105.93,92.74,0.9547,-1,-1,-1
442,-1,555.81,369.11,145.76,60.74,0.9451,-1,-1,-1
442,-1,539.27,32.04,115.24,147.73,0.9420,-1,-1,-1
442,-1,600.29,169.95,31.74,16.70,0.5691,-1,-1,-1
443,-1,601.48,85.52,106.27,92.82,0.9593,-1,-1,-1
443,-1,560.47,368.96,146.03,61.10,0.9441,-1,-1,-1
443,-1,544.07,30.84,115.94,149.17,0.9429,-1,-1,-1
443,-1,604.51,169.65,32.81,16.76,0.6801,-1,-1,-1
444,-1,607.29,85.12,106.46,93.31,0.9558,-1,-1,-1
444,-1,565.80,369.23,146.80,60.93,0.9476,-1,-1,-1
444,-1,549.17,31.06,116.56,148.97,0.9459,-1,-1,-1
444,-1,611.01,170.59,32.13,15.56,0.7068,-1,-1,-1
445,-1,617.85,85.04,108.30,93.21,0.9583,-1,-1,-1
445,-1,577.10,369.67,148.05,61.76,0.9440,-1,-1,-1
445,-1,560.85,30.06,116.40,150.61,0.9438,-1,-1,-1
446,-1,625.08,85.66,107.78,93.47,0.9530,-1,-1,-1
446,-1,566.68,31.21,117.56,150.41,0.9449,-1,-1,-1
446,-1,582.84,370.50,148.44,61.75,0.9449,-1,-1,-1
446,-1,628.56,171.12,33.27,16.27,0.5302,-1,-1,-1
447,-1,629.03,83.16,107.85,94.00,0.9538,-1,-1,-1
447,-1,586.89,369.35,149.05,61.65,0.9463,-1,-1,-1
447,-1,570.65,29.79,118.41,150.71,0.9428,-1,-1,-1
447,-1,632.23,169.24,32.82,16.60,0.4322,-1,-1,-1
448,-1,640.03,83.29,109.36,93.86,0.9523,-1,-1,-1
448,-1,581.13,29.79,120.13,151.25,0.9463,-1,-1,-1
448,-1,597.92,370.30,149.93,62.16,0.9450,-1,-1,-1
448,-1,642.95,169.29,32.94,16.94,0.3744,-1,-1,-1
449,-1,646.22,82.94,109.71,94.46,0.9574,-1,-1,-1
449,-1,603.79,370.75,150.84,62.00,0.9465,-1,-1,-1
449,-1,587.30,30.09,119.71,151.19,0.9417,-1,-1,-1
449,-1,649.59,169.75,32.64,16.44,0.6065,-1,-1,-1
450,-1,649.23,80.99,110.22,94.67,0.9551,-1,-1,-1
450,-1,607.07,369.58,151.88,62.69,0.9448,-1,-1,-1
450,-1,590.45,26.62,119.33,153.53,0.9426,-1,-1,-1
450,-1,653.08,168.54,34.10,16.69,0.5792,-1,-1,-1
451,-1,656.43,79.37,111.03,95.67,0.9511,-1,-1,-1
451,-1,613.72,369.36,153.21,62.79,0.9455,-1,-1,-1
451,-1,596.87,25.15,121.07,154.93,0.9433,-1,-1,-1
451,-1,659.96,167.92,34.69,16.53,0.6977,-1,-1,-1
452,-1,665.88,79.92,112.49,95.98,0.9539,-1,-1,-1
452,-1,623.86,370.89,153.54,62.53,0.9459,-1,-1,-1
452,-1,606.75,26.84,121.69,154.22,0.9450,-1,-1,-1
452,-1,670.05,168.97,33.75,16.37,0.7316,-1,-1,-1
453,-1,671.53,79.01,112.82,96.04,0.9508,-1,-1,-1
453,-1,628.81,370.60,154.86,62.79,0.9450,-1,-1,-1
453,-1,611.67,25.10,122.39,155.85,0.9434,-1,-1,-1
453,-1,675.09,168.21,35.20,16.64,0.6642,-1,-1,-1
453,-1,762.36,329.20,15.10,17.52,0.2528,-1,-1,-1
454,-1,675.14,77.54,113.33,96.63,0.9544,-1,-1,-1
454,-1,631.90,370.39,156.75,62.86,0.9474,-1,-1,-1
454,-1,615.44,24.98,122.32,155.02,0.9412,-1,-1,-1
454,-1,679.02,167.33,34.90,16.49,0.7616,-1,-1,-1
455,-1,679.37,76.28,113.49,96.98,0.9571,-1,-1,-1
455,-1,636.18,370.12,156.12,62.88,0.9471,-1,-1,-1
455,-1,619.29,23.24,122.24,156.66,0.9441,-1,-1,-1
455,-1,682.67,166.28,35.62,17.11,0.7174,-1,-1,-1
455,-1,772.72,327.96,15.05,17.83,0.2722,-1,-1,-1
456,-1,683.26,75.30,114.59,97.21,0.9558,-1,-1,-1
456,-1,640.17,370.05,157.62,63.32,0.9525,-1,-1,-1
456,-1,623.42,22.40,123.02,157.19,0.9440,-1,-1,-1
456,-1,686.94,166.37,37.24,16.35,0.7214,-1,-1,-1
456,-1,778.78,327.64,15.47,18.06,0.3272,-1,-1,-1
457,-1,688.79,74.63,114.32,97.63,0.9540,-1,-1,-1
457,-1,645.38,370.14,158.62,63.36,0.9458,-1,-1,-1
457,-1,627.96,20.97,124.55,158.64,0.9413,-1,-1,-1
457,-1,692.59,165.89,34.60,16.29,0.6460,-1,-1,-1
457,-1,784.87,327.74,15.85,17.73,0.2932,-1,-1,-1
458,-1,693.41,73.39,114.75,98.10,0.9608,-1,-1,-1
458,-1,649.61,370.05,158.63,63.29,0.9492,-1,-1,-1
458,-1,632.66,19.52,124.51,159.09,0.9425,-1,-1,-1
458,-1,697.12,165.45,36.18,16.18,0.6840,-1,-1,-1
458,-1,791.23,327.64,15.46,17.60,0.4491,-1,-1,-1
459,-1,697.42,72.26,115.50,98.05,0.9587,-1,-1,-1
459,-1,654.64,369.92,159.81,63.63,0.9425,-1,-1,-1
459,-1,636.85,18.59,125.06,159.69,0.9418,-1,-1,-1
459,-1,702.14,164.49,35.32,16.33,0.7641,-1,-1,-1
459,-1,797.37,326.91,15.47,17.83,0.3266,-1,-1,-1
460,-1,702.05,70.98,116.31,98.82,0.9593,-1,-1,-1
460,-1,658.39,369.94,161.82,63.68,0.9456,-1,-1,-1
460,-1,641.94,17.77,124.33,160.12,0.9444,-1,-1,-1
460,-1,803.95,326.76,15.38,17.89,0.5417,-1,-1,-1
460,-1,706.42,163.35,35.32,17.21,0.4606,-1,-1,-1
461,-1,707.20,69.83,116.64,99.59,0.9611,-1,-1,-1
461,-1,662.67,369.92,162.13,64.01,0.9488,-1,-1,-1
461,-1,645.76,16.24,126.15,161.33,0.9370,-1,-1,-1
461,-1,810.28,326.34,15.88,18.34,0.6333,-1,-1,-1
461,-1,711.17,162.07,35.63,17.86,0.3974,-1,-1,-1
462,-1,712.14,68.24,117.22,101.18,0.9600,-1,-1,-1
462,-1,667.87,369.77,163.01,64.28,0.9445,-1,-1,-1
462,-1,650.81,15.33,126.84,161.98,0.9422,-1,-1,-1
462,-1,816.76,326.21,16.09,18.09,0.6935,-1,-1,-1
462,-1,716.09,162.24,35.60,17.26,0.6775,-1,-1,-1
463,-1,717.19,66.97,118.23,102.08,0.9565,-1,-1,-1
463,-1,672.79,369.71,165.05,64.42,0.9464,-1,-1,-1
463,-1,655.63,14.39,126.77,162.70,0.9400,-1,-1,-1
463,-1,824.34,325.71,15.60,18.24,0.6059,-1,-1,-1
464,-1,724.18,65.72,118.86,101.01,0.9693,-1,-1,-1
464,-1,678.70,369.65,166.69,64.84,0.9466,-1,-1,-1
464,-1,662.01,11.98,127.53,164.29,0.9434,-1,-1,-1
464,-1,832.46,325.23,15.65,18.35,0.5961,-1,-1,-1
464,-1,728.42,161.31,37.32,16.55,0.5145,-1,-1,-1
465,-1,729.94,64.19,120.35,101.74,0.9586,-1,-1,-1
465,-1,685.81,369.52,167.48,65.15,0.9455,-1,-1,-1
465,-1,667.91,10.94,129.44,164.81,0.9429,-1,-1,-1
465,-1,840.54,325.09,15.98,18.17,0.6886,-1,-1,-1
465,-1,735.10,160.12,36.30,16.90,0.3884,-1,-1,-1
466,-1,736.91,62.18,121.87,103.28,0.9537,-1,-1,-1
466,-1,692.39,369.35,169.40,65.55,0.9469,-1,-1,-1
466,-1,675.22,7.85,129.44,167.08,0.9448,-1,-1,-1
466,-1,849.70,324.10,15.78,18.65,0.5792,-1,-1,-1
466,-1,741.36,158.83,37.68,17.15,0.2707,-1,-1,-1
467,-1,747.54,59.57,123.00,104.04,0.9591,-1,-1,-1
467,-1,702.35,369.26,171.54,66.20,0.9479,-1,-1,-1
467,-1,684.19,6.36,131.39,167.88,0.9445,-1,-1,-1
467,-1,752.24,158.46,37.89,16.26,0.7878,-1,-1,-1
467,-1,861.58,323.45,16.12,18.97,0.6411,-1,-1,-1
468,-1,761.02,57.19,125.93,104.95,0.9614,-1,-1,-1
468,-1,714.96,369.12,175.76,66.47,0.9511,-1,-1,-1
468,-1,696.85,2.76,133.84,170.63,0.9444,-1,-1,-1
468,-1,876.10,322.66,16.90,19.34,0.8522,-1,-1,-1
468,-1,765.24,156.41,38.55,16.74,0.7671,-1,-1,-1
469,-1,771.63,54.64,128.11,106.05,0.9571,-1,-1,-1
469,-1,725.44,369.09,177.58,67.06,0.9475,-1,-1,-1
469,-1,706.88,1.13,135.79,171.73,0.9354,-1,-1,-1
469,-1,886.89,321.94,18.03,19.61,0.8655,-1,-1,-1
469,-1,776.10,154.82,38.08,17.13,0.6065,-1,-1,-1
470,-1,778.92,52.76,131.17,107.22,0.9579,-1,-1,-1
470,-1,733.62,368.96,178.48,67.07,0.9499,-1,-1,-1
470,-1,713.81,0.34,137.46,172.17,0.9458,-1,-1,-1
470,-1,894.24,321.58,18.33,19.47,0.8643,-1,-1,-1
470,-1,783.97,153.78,38.90,17.54,0.7013,-1,-1,-1
471,-1,787.35,50.87,132.33,108.13,0.9578,-1,-1,-1
471,-1,740.99,368.56,181.10,67.24,0.9472,-1,-1,-1
471,-1,720.87,0.10,138.63,171.99,0.9341,-1,-1,-1
471,-1,901.44,321.34,18.70,19.30,0.8819,-1,-1,-1
471,-1,792.05,153.15,39.04,17.13,0.6874,-1,-1,-1
472,-1,795.07,49.29,134.95,108.66,0.9577,-1,-1,-1
472,-1,749.00,368.15,183.10,67.89,0.9497,-1,-1,-1
472,-1,728.37,0.40,140.70,170.81,0.9475,-1,-1,-1
472,-1,908.99,320.51,18.63,19.53,0.8743,-1,-1,-1
472,-1,800.52,151.65,39.08,17.99,0.6171,-1,-1,-1
473,-1,802.79,47.68,136.58,108.76,0.9559,-1,-1,-1
473,-1,756.59,368.00,185.09,68.28,0.9528,-1,-1,-1
473,-1,734.59,0.05,142.64,171.03,0.9337,-1,-1,-1
473,-1,916.47,320.10,18.19,19.71,0.8756,-1,-1,-1
473,-1,807.76,151.21,38.95,17.32,0.7299,-1,-1,-1
474,-1,811.12,46.31,138.68,108.57,0.9681,-1,-1,-1
474,-1,764.48,367.44,187.37,68.92,0.9490,-1,-1,-1
474,-1,743.04,0.39,143.11,169.66,0.9448,-1,-1,-1
474,-1,924.09,319.86,18.81,19.61,0.8837,-1,-1,-1
474,-1,816.12,149.86,39.97,17.80,0.8009,-1,-1,-1
475,-1,820.49,42.84,141.03,110.59,0.9603,-1,-1,-1
475,-1,772.64,367.40,190.22,69.16,0.9509,-1,-1,-1
475,-1,750.48,0.14,145.49,168.97,0.9339,-1,-1,-1
475,-1,932.85,318.91,19.19,19.91,0.8812,-1,-1,-1
475,-1,824.26,147.82,40.96,18.05,0.6888,-1,-1,-1
476,-1,820.65,46.80,140.53,109.62,0.9582,-1,-1,-1
476,-1,769.20,371.40,191.06,69.30,0.9527,-1,-1,-1
476,-1,750.43,0.19,147.05,171.20,0.9321,-1,-1,-1
476,-1,934.35,322.89,19.15,19.85,0.8670,-1,-1,-1
476,-1,824.91,151.21,40.32,17.92,0.7201,-1,-1,-1
477,-1,810.07,44.37,138.64,110.00,0.9596,-1,-1,-1
477,-1,761.06,369.69,189.17,68.95,0.9559,-1,-1,-1
477,-1,742.72,0.45,144.27,169.22,0.9426,-1,-1,-1
477,-1,931.92,320.73,18.81,20.15,0.8833,-1,-1,-1
477,-1,815.98,149.10,39.94,18.00,0.8295,-1,-1,-1
478,-1,799.25,43.09,133.74,109.51,0.9609,-1,-1,-1
478,-1,751.13,367.26,187.79,69.76,0.9488,-1,-1,-1
478,-1,731.89,0.38,141.62,168.74,0.9430,-1,-1,-1
478,-1,804.78,148.89,40.48,16.91,0.8393,-1,-1,-1
478,-1,928.82,318.61,16.20,20.35,0.5140,-1,-1,-1
479,-1,789.54,43.97,130.40,109.41,0.9624,-1,-1,-1
479,-1,742.10,368.04,186.63,69.16,0.9515,-1,-1,-1
479,-1,723.62,0.00,138.83,170.03,0.9338,-1,-1,-1
479,-1,795.91,149.22,41.02,17.29,0.7958,-1,-1,-1
480,-1,780.98,44.10,128.08,109.00,0.9565,-1,-1,-1
480,-1,733.97,368.18,185.25,69.08,0.9507,-1,-1,-1
480,-1,716.00,0.38,136.97,169.55,0.9444,-1,-1,-1
480,-1,788.63,149.38,40.97,17.12,0.8231,-1,-1,-1
481,-1,772.85,44.19,125.28,108.96,0.9611,-1,-1,-1
481,-1,725.34,368.54,184.33,69.15,0.9591,-1,-1,-1
481,-1,708.67,0.00,135.92,170.25,0.9346,-1,-1,-1
481,-1,781.62,149.56,39.61,17.12,0.7996,-1,-1,-1
482,-1,764.75,44.48,121.92,108.73,0.9573,-1,-1,-1
482,-1,717.34,368.52,182.70,68.99,0.9512,-1,-1,-1
482,-1,701.57,0.04,133.14,170.01,0.9327,-1,-1,-1
482,-1,773.79,149.79,39.85,16.83,0.7117,-1,-1,-1
483,-1,756.73,44.30,119.04,109.16,0.9583,-1,-1,-1
483,-1,708.62,368.41,182.48,69.11,0.9488,-1,-1,-1
483,-1,693.87,0.00,134.15,170.12,0.9372,-1,-1,-1
483,-1,764.10,148.84,42.30,17.95,0.6526,-1,-1,-1
484,-1,748.56,44.40,116.35,108.90,0.9561,-1,-1,-1
484,-1,700.42,368.05,181.01,69.37,0.9519,-1,-1,-1
484,-1,687.08,0.03,130.99,169.81,0.9287,-1,-1,-1
484,-1,758.97,149.48,39.63,17.20,0.7524,-1,-1,-1
485,-1,740.77,43.78,114.07,109.60,0.9575,-1,-1,-1
485,-1,692.48,367.92,180.25,69.42,0.9488,-1,-1,-1
485,-1,680.00,0.00,129.53,169.67,0.9355,-1,-1,-1
485,-1,751.74,149.23,39.46,17.36,0.7901,-1,-1,-1
486,-1,732.58,43.63,111.44,109.69,0.9581,-1,-1,-1
486,-1,684.15,367.91,179.17,69.25,0.9506,-1,-1,-1
486,-1,673.02,0.00,129.14,169.19,0.9296,-1,-1,-1
486,-1,744.65,149.23,39.24,17.13,0.7330,-1,-1,-1
487,-1,725.25,43.60,108.41,109.23,0.9569,-1,-1,-1
487,-1,675.97,367.58,178.33,69.47,0.9494,-1,-1,-1
487,-1,666.24,0.00,128.18,169.56,0.9249,-1,-1,-1
487,-1,737.61,148.82,39.52,17.46,0.7248,-1,-1,-1
488,-1,717.22,43.39,106.39,109.20,0.9571,-1,-1,-1
488,-1,668.15,367.41,177.02,69.62,0.9505,-1,-1,-1
488,-1,659.13,0.12,126.88,169.51,0.9043,-1,-1,-1
489,-1,709.94,42.95,104.09,109.11,0.9546,-1,-1,-1
489,-1,660.07,367.05,175.64,69.59,0.9498,-1,-1,-1
489,-1,652.60,0.00,125.51,168.44,0.9094,-1,-1,-1
489,-1,723.54,147.73,38.57,17.75,0.7283,-1,-1,-1
490,-1,652.48,366.67,174.84,69.32,0.9558,-1,-1,-1
490,-1,702.34,42.10,101.86,109.25,0.9539,-1,-1,-1
490,-1,645.43,0.22,124.48,167.40,0.8969,-1,-1,-1
490,-1,716.48,147.89,43.53,17.14,0.7561,-1,-1,-1
491,-1,643.44,366.40,174.48,69.45,0.9491,-1,-1,-1
491,-1,694.41,40.61,99.57,111.17,0.9489,-1,-1,-1
491,-1,638.48,0.04,123.20,167.42,0.8970,-1,-1,-1
491,-1,709.64,146.38,41.12,18.02,0.7947,-1,-1,-1
492,-1,635.33,366.23,173.79,69.20,0.9486,-1,-1,-1
492,-1,686.88,38.70,97.56,111.53,0.9437,-1,-1,-1
492,-1,630.97,0.46,124.00,166.89,0.8899,-1,-1,-1
492,-1,702.70,146.94,41.40,17.05,0.7771,-1,-1,-1
493,-1,627.21,365.97,172.34,69.06,0.9492,-1,-1,-1
493,-1,679.33,39.33,94.72,110.64,0.9468,-1,-1,-1
493,-1,624.51,0.05,121.08,167.58,0.8907,-1,-1,-1
493,-1,696.09,146.50,40.92,17.10,0.3133,-1,-1,-1
494,-1,619.00,365.17,171.72,69.22,0.9488,-1,-1,-1
494,-1,670.96,39.38,92.22,109.67,0.9483,-1,-1,-1
494,-1,617.19,0.36,121.69,164.59,0.8964,-1,-1,-1
494,-1,688.85,145.18,40.38,17.96,0.5027,-1,-1,-1
495,-1,610.45,364.55,170.87,69.35,0.9487,-1,-1,-1
495,-1,662.78,39.16,90.21,109.50,0.9457,-1,-1,-1
495,-1,609.15,0.28,125.54,163.22,0.8118,-1,-1,-1
495,-1,680.72,144.98,41.92,17.49,0.6633,-1,-1,-1
495,-1,899.47,317.44,15.72,19.90,0.3689,-1,-1,-1
496,-1,602.30,364.56,169.60,69.03,0.9483,-1,-1,-1
496,-1,654.45,38.54,87.81,110.02,0.9419,-1,-1,-1
496,-1,601.63,0.45,116.15,163.94,0.8227,-1,-1,-1
496,-1,673.23,144.44,41.12,17.59,0.7793,-1,-1,-1
496,-1,897.67,316.69,15.66,20.10,0.5180,-1,-1,-1
497,-1,594.10,364.18,167.46,68.95,0.9495,-1,-1,-1
497,-1,645.89,37.91,85.76,109.37,0.9397,-1,-1,-1
497,-1,593.96,0.62,110.95,163.71,0.8194,-1,-1,-1
497,-1,665.34,144.04,41.34,17.62,0.7868,-1,-1,-1
497,-1,895.94,316.44,15.44,19.99,0.3810,-1,-1,-1
498,-1,585.52,363.85,166.70,69.10,0.9489,-1,-1,-1
498,-1,636.54,37.89,83.64,109.22,0.9334,-1,-1,-1
498,-1,586.13,0.44,109.76,162.78,0.7829,-1,-1,-1
498,-1,657.64,144.10,41.23,17.15,0.7084,-1,-1,-1
498,-1,893.86,316.13,15.39,19.66,0.3268,-1,-1,-1
499,-1,576.59,363.88,165.69,69.07,0.9547,-1,-1,-1
499,-1,628.87,38.84,80.40,108.19,0.9382,-1,-1,-1
499,-1,578.61,1.60,103.91,162.30,0.8329,-1,-1,-1
499,-1,649.74,144.28,41.27,16.71,0.6492,-1,-1,-1
500,-1,568.23,363.44,163.71,69.23,0.9510,-1,-1,-1
500,-1,619.59,39.44,78.86,106.79,0.9340,-1,-1,-1
500,-1,570.58,1.72,98.20,162.28,0.6294,-1,-1,-1
500,-1,639.45,143.48,43.43,17.51,0.3273,-1,-1,-1
500,-1,890.29,315.36,15.36,19.97,0.2609,-1,-1,-1
501,-1,559.65,363.63,162.45,69.42,0.9476,-1,-1,-1
501,-1,611.07,39.88,75.72,106.62,0.9338,-1,-1,-1
501,-1,562.28,2.28,95.28,161.28,0.7379,-1,-1,-1
501,-1,633.76,143.44,41.65,17.51,0.5003,-1,-1,-1
502,-1,551.58,363.61,160.35,69.51,0.9511,-1,-1,-1
502,-1,602.04,40.57,74.81,106.12,0.9162,-1,-1,-1
502,-1,555.10,4.67,95.20,157.93,0.7081,-1,-1,-1
503,-1,542.91,363.79,159.72,69.42,0.9455,-1,-1,-1
503,-1,593.97,41.56,71.14,104.64,0.9122,-1,-1,-1
503,-1,547.84,6.24,91.14,157.83,0.7636,-1,-1,-1
504,-1,534.37,364.37,157.96,68.98,0.9491,-1,-1,-1
504,-1,586.01,42.61,68.64,103.79,0.9225,-1,-1,-1
504,-1,540.32,7.63,87.20,156.40,0.8033,-1,-1,-1
504,-1,524.50,330.26,17.17,22.19,0.4087,-1,-1,-1
504,-1,611.33,140.74,43.18,20.61,0.3440,-1,-1,-1
505,-1,526.13,365.05,155.73,68.61,0.9467,-1,-1,-1
505,-1,578.31,43.36,65.86,103.06,0.7909,-1,-1,-1
505,-1,532.20,10.84,87.32,153.84,0.7289,-1,-1,-1
505,-1,522.66,331.25,16.95,21.28,0.2981,-1,-1,-1
506,-1,517.67,364.95,154.57,68.98,0.9470,-1,-1,-1
506,-1,525.13,13.68,82.70,151.72,0.7275,-1,-1,-1
506,-1,568.74,44.61,65.14,106.89,0.7064,-1,-1,-1
506,-1,520.71,331.92,17.11,21.01,0.4105,-1,-1,-1
507,-1,509.77,365.59,152.38,68.76,0.9485,-1,-1,-1
507,-1,562.04,45.83,61.28,106.94,0.6698,-1,-1,-1
507,-1,517.36,15.65,78.99,149.84,0.6524,-1,-1,-1
507,-1,518.91,332.45,16.77,21.10,0.6177,-1,-1,-1
508,-1,500.82,366.21,151.36,68.67,0.9468,-1,-1,-1
508,-1,551.92,47.14,61.55,115.31,0.7371,-1,-1,-1
508,-1,516.60,333.03,17.00,20.65,0.6858,-1,-1,-1
508,-1,509.72,17.29,91.14,148.52,0.3897,-1,-1,-1
509,-1,493.88,366.74,148.55,68.88,0.9485,-1,-1,-1
509,-1,514.90,333.49,16.81,20.66,0.5784,-1,-1,-1
509,-1,549.84,87.09,53.13,77.29,0.4860,-1,-1,-1
509,-1,546.09,53.71,56.80,110.17,0.3083,-1,-1,-1
510,-1,485.01,366.98,147.70,69.37,0.9543,-1,-1,-1
510,-1,512.64,333.23,17.28,21.27,0.7495,-1,-1,-1
510,-1,543.25,89.44,49.26,72.08,0.7098,-1,-1,-1
510,-1,565.32,148.48,27.86,16.29,0.6772,-1,-1,-1
511,-1,476.70,367.37,145.94,69.40,0.9477,-1,-1,-1
511,-1,510.70,333.59,17.08,21.88,0.7277,-1,-1,-1
511,-1,533.53,91.88,49.06,73.75,0.5404,-1,-1,-1
512,-1,468.42,368.38,144.30,68.77,0.9481,-1,-1,-1
512,-1,525.89,92.31,46.23,74.66,0.7545,-1,-1,-1
512,-1,508.78,333.94,17.14,21.87,0.3525,-1,-1,-1
513,-1,459.38,368.71,143.34,68.70,0.9505,-1,-1,-1
513,-1,516.64,93.93,39.80,56.99,0.7105,-1,-1,-1
513,-1,506.60,334.43,17.19,21.63,0.6839,-1,-1,-1
514,-1,450.90,369.45,141.53,68.38,0.9492,-1,-1,-1
514,-1,507.82,96.26,37.17,55.44,0.6466,-1,-1,-1
514,-1,504.66,334.84,17.23,21.50,0.6234,-1,-1,-1
515,-1,442.10,369.59,140.43,68.86,0.9505,-1,-1,-1
515,-1,502.60,335.25,17.24,21.52,0.7737,-1,-1,-1
516,-1,433.94,369.91,138.60,69.26,0.9502,-1,-1,-1
516,-1,500.67,335.42,17.38,21.61,0.8178,-1,-1,-1
517,-1,425.38,370.09,137.04,69.55,0.9517,-1,-1,-1
517,-1,498.36,335.37,17.70,21.88,0.8431,-1,-1,-1
518,-1,417.09,370.28,135.71,69.53,0.9518,-1,-1,-1
518,-1,496.38,335.91,17.62,21.29,0.8405,-1,-1,-1
519,-1,408.77,370.40,133.82,69.59,0.9497,-1,-1,-1
519,-1,494.27,335.39,17.71,22.03,0.8540,-1,-1,-1
520,-1,401.19,370.01,131.61,69.69,0.9484,-1,-1,-1
520,-1,492.45,335.46,17.64,22.14,0.8576,-1,-1,-1
521,-1,392.52,370.06,130.34,69.40,0.9513,-1,-1,-1
521,-1,490.17,335.23,17.90,21.85,0.8642,-1,-1,-1
522,-1,384.26,370.00,128.72,69.01,0.9479,-1,-1,-1
522,-1,488.32,335.26,17.83,21.49,0.8549,-1,-1,-1
523,-1,375.41,369.48,127.91,69.37,0.9519,-1,-1,-1
523,-1,485.95,334.79,17.06,21.98,0.7962,-1,-1,-1
524,-1,367.73,369.07,125.83,69.26,0.9452,-1,-1,-1
524,-1,388.89,47.23,111.76,122.95,0.3152,-1,-1,-1
525,-1,360.03,368.69,124.03,69.38,0.9488,-1,-1,-1
526,-1,351.46,368.52,122.21,69.30,0.9462,-1,-1,-1
527,-1,342.86,367.71,121.34,69.30,0.9458,-1,-1,-1
528,-1,334.44,367.09,119.68,69.45,0.9473,-1,-1,-1
528,-1,817.26,285.58,18.75,33.75,0.4062,-1,-1,-1
529,-1,325.82,366.51,118.95,69.42,0.9443,-1,-1,-1
530,-1,318.12,365.56,117.08,69.30,0.9470,-1,-1,-1
531,-1,309.26,365.37,116.00,68.96,0.9463,-1,-1,-1
532,-1,300.74,365.38,114.74,68.61,0.9461,-1,-1,-1
533,-1,291.85,364.77,113.90,68.92,0.9466,-1,-1,-1
534,-1,283.05,364.47,112.39,69.16,0.9491,-1,-1,-1
534,-1,399.41,137.72,29.40,23.35,0.4219,-1,-1,-1
535,-1,274.32,364.73,111.29,68.71,0.9430,-1,-1,-1
535,-1,387.78,137.55,32.77,23.91,0.7803,-1,-1,-1
536,-1,265.51,364.47,110.03,69.04,0.9502,-1,-1,-1
536,-1,377.63,137.48,35.58,23.94,0.8878,-1,-1,-1
537,-1,256.69,364.08,109.08,69.37,0.9458,-1,-1,-1
537,-1,368.68,137.27,36.17,24.17,0.8884,-1,-1,-1
537,-1,320.08,37.76,75.72,109.02,0.5397,-1,-1,-1
538,-1,247.89,364.29,107.73,69.21,0.9467,-1,-1,-1
538,-1,358.28,137.57,36.33,23.87,0.8876,-1,-1,-1
538,-1,456.77,330.27,18.98,22.11,0.8729,-1,-1,-1
538,-1,307.51,37.73,80.01,109.25,0.7709,-1,-1,-1
539,-1,238.85,364.38,106.59,69.19,0.9507,-1,-1,-1
539,-1,350.99,137.61,33.66,24.01,0.8854,-1,-1,-1
539,-1,454.38,330.47,19.27,21.84,0.8636,-1,-1,-1
539,-1,298.13,37.84,81.42,110.15,0.8404,-1,-1,-1
540,-1,230.11,364.76,105.53,69.08,0.9448,-1,-1,-1
540,-1,452.29,330.67,19.60,21.76,0.8649,-1,-1,-1
540,-1,286.62,38.82,83.69,109.14,0.8306,-1,-1,-1
540,-1,342.34,137.87,32.74,23.97,0.7842,-1,-1,-1
541,-1,221.43,364.82,104.46,69.44,0.9500,-1,-1,-1
541,-1,274.15,39.28,88.81,109.06,0.9143,-1,-1,-1
541,-1,450.26,330.80,19.57,21.95,0.8641,-1,-1,-1
541,-1,334.84,138.22,29.64,23.96,0.4685,-1,-1,-1
542,-1,234.56,369.49,101.37,68.66,0.9445,-1,-1,-1
542,-1,460.64,332.29,19.58,21.24,0.8805,-1,-1,-1
542,-1,342.05,143.15,28.57,24.27,0.8470,-1,-1,-1
542,-1,279.86,47.03,89.03,107.17,0.7884,-1,-1,-1
543,-1,257.92,370.25,99.16,67.75,0.9475,-1,-1,-1
543,-1,477.83,331.92,19.59,21.45,0.8722,-1,-1,-1
543,-1,302.03,51.58,84.71,106.22,0.8662,-1,-1,-1
544,-1,283.61,367.19,97.89,66.64,0.9422,-1,-1,-1
544,-1,496.39,331.24,19.37,21.57,0.8751,-1,-1,-1
544,-1,332.48,52.83,79.99,104.90,0.7929,-1,-1,-1
544,-1,332.23,53.40,79.82,104.37,0.4127,-1,-1,-1
545,-1,299.26,368.53,97.23,65.58,0.9406,-1,-1,-1
545,-1,507.69,334.32,19.01,21.50,0.8727,-1,-1,-1
545,-1,352.62,56.95,78.88,103.33,0.8008,-1,-1,-1
545,-1,404.47,149.47,30.83,23.52,0.7577,-1,-1,-1
546,-1,309.42,367.57,96.84,65.66,0.9465,-1,-1,-1
546,-1,515.65,333.58,18.88,21.61,0.8721,-1,-1,-1
546,-1,362.23,56.94,73.54,102.33,0.8628,-1,-1,-1
546,-1,413.67,148.85,30.92,23.72,0.6616,-1,-1,-1
547,-1,315.80,366.88,96.39,65.75,0.9434,-1,-1,-1
547,-1,520.31,333.02,19.31,21.35,0.8786,-1,-1,-1
547,-1,367.58,56.96,74.44,101.32,0.8450,-1,-1,-1
547,-1,414.90,148.16,35.30,23.91,0.4468,-1,-1,-1
548,-1,321.91,367.04,95.90,65.39,0.9444,-1,-1,-1
548,-1,374.80,57.88,76.19,101.37,0.8864,-1,-1,-1
548,-1,525.98,333.27,19.13,20.84,0.8703,-1,-1,-1
548,-1,424.19,148.06,31.96,23.75,0.3500,-1,-1,-1
549,-1,325.27,366.59,95.50,65.54,0.9441,-1,-1,-1
549,-1,529.10,332.61,19.16,21.15,0.8793,-1,-1,-1
549,-1,376.04,56.73,73.79,102.09,0.8722,-1,-1,-1
550,-1,329.82,365.75,94.93,65.30,0.9453,-1,-1,-1
550,-1,379.44,54.29,76.50,103.64,0.8671,-1,-1,-1
550,-1,533.33,331.02,19.37,21.79,0.8576,-1,-1,-1
551,-1,338.65,365.84,94.35,64.94,0.9407,-1,-1,-1
551,-1,540.58,331.12,19.53,21.66,0.8649,-1,-1,-1
551,-1,388.13,56.65,70.66,102.07,0.7779,-1,-1,-1
551,-1,439.83,146.51,30.46,24.34,0.7562,-1,-1,-1
552,-1,351.46,365.86,94.04,64.78,0.9446,-1,-1,-1
552,-1,551.30,331.40,18.96,21.65,0.8649,-1,-1,-1
552,-1,401.32,59.74,75.01,100.76,0.8262,-1,-1,-1
553,-1,358.84,367.11,93.68,64.64,0.9445,-1,-1,-1
553,-1,557.95,333.10,19.10,21.13,0.8691,-1,-1,-1
553,-1,410.72,62.75,73.42,99.54,0.7489,-1,-1,-1
554,-1,362.55,367.38,93.05,64.25,0.9451,-1,-1,-1
554,-1,561.73,333.03,19.24,21.20,0.8739,-1,-1,-1
554,-1,413.76,63.91,71.58,97.85,0.7280,-1,-1,-1
554,-1,460.84,149.99,32.41,24.18,0.5082,-1,-1,-1
555,-1,371.30,366.40,92.45,63.76,0.9395,-1,-1,-1
555,-1,569.66,331.33,19.40,21.61,0.8712,-1,-1,-1
555,-1,419.71,60.81,75.56,100.38,0.5631,-1,-1,-1
555,-1,421.49,62.92,73.55,98.45,0.5246,-1,-1,-1
555,-1,470.21,148.04,29.83,24.99,0.2831,-1,-1,-1
556,-1,381.78,367.21,91.60,63.52,0.9416,-1,-1,-1
556,-1,578.42,332.25,19.49,21.54,0.8672,-1,-1,-1
556,-1,432.13,65.39,72.73,97.36,0.8216,-1,-1,-1
556,-1,479.31,150.26,31.78,24.17,0.4550,-1,-1,-1
557,-1,386.41,366.90,91.33,63.48,0.9415,-1,-1,-1
557,-1,583.59,331.83,19.36,21.70,0.8743,-1,-1,-1
557,-1,435.36,65.75,74.18,96.73,0.8387,-1,-1,-1
557,-1,484.85,150.09,29.72,24.49,0.7861,-1,-1,-1
558,-1,390.82,366.60,91.23,63.57,0.9413,-1,-1,-1
558,-1,588.49,331.61,19.63,21.68,0.8724,-1,-1,-1
558,-1,440.70,65.99,73.87,97.08,0.8223,-1,-1,-1
558,-1,488.14,149.85,31.28,24.62,0.3097,-1,-1,-1
559,-1,398.87,366.74,90.46,63.28,0.9413,-1,-1,-1
559,-1,596.16,331.54,19.68,21.84,0.8704,-1,-1,-1
559,-1,447.17,66.46,76.91,96.58,0.8216,-1,-1,-1
560,-1,410.60,367.12,90.57,62.96,0.9424,-1,-1,-1
560,-1,606.21,331.24,19.80,22.02,0.8682,-1,-1,-1
560,-1,460.18,68.42,71.80,95.49,0.8400,-1,-1,-1
561,-1,421.58,367.15,90.39,62.94,0.9398,-1,-1,-1
561,-1,615.74,331.44,19.66,21.71,0.8763,-1,-1,-1
561,-1,470.82,69.28,72.23,95.97,0.8053,-1,-1,-1
561,-1,517.34,150.78,30.41,24.99,0.5268,-1,-1,-1
562,-1,430.37,367.32,90.32,62.71,0.9406,-1,-1,-1
562,-1,622.24,331.19,19.99,22.09,0.8684,-1,-1,-1
562,-1,524.90,151.48,32.74,24.50,0.8324,-1,-1,-1
562,-1,479.98,69.89,72.26,94.83,0.6126,-1,-1,-1
563,-1,437.13,367.60,90.79,62.53,0.9398,-1,-1,-1
563,-1,627.86,331.25,19.60,22.02,0.8717,-1,-1,-1
563,-1,531.64,151.59,32.79,24.45,0.8665,-1,-1,-1
563,-1,487.40,70.27,69.83,94.39,0.6875,-1,-1,-1
564,-1,444.20,367.91,90.91,62.35,0.9426,-1,-1,-1
564,-1,632.82,331.17,20.00,22.02,0.8746,-1,-1,-1
564,-1,538.51,151.73,33.24,24.81,0.8525,-1,-1,-1
564,-1,492.83,31.68,70.12,133.12,0.6684,-1,-1,-1
564,-1,494.97,70.50,67.78,94.44,0.6638,-1,-1,-1
565,-1,451.26,367.85,91.37,62.42,0.9404,-1,-1,-1
565,-1,638.68,331.15,19.59,22.12,0.8739,-1,-1,-1
565,-1,543.94,151.97,35.27,24.75,0.8559,-1,-1,-1
565,-1,501.70,71.48,69.56,93.71,0.6315,-1,-1,-1
565,-1,499.56,33.48,71.62,131.63,0.5135,-1,-1,-1
566,-1,458.43,368.14,91.65,62.22,0.9433,-1,-1,-1
566,-1,645.55,331.19,18.45,22.13,0.8629,-1,-1,-1
566,-1,551.72,151.78,34.61,25.04,0.2761,-1,-1,-1
567,-1,465.44,368.24,91.94,62.18,0.9430,-1,-1,-1
567,-1,558.35,151.98,35.59,25.05,0.8178,-1,-1,-1
567,-1,653.09,331.24,16.35,22.32,0.8174,-1,-1,-1
567,-1,511.30,2.22,81.26,163.24,0.3015,-1,-1,-1
568,-1,472.56,368.73,92.37,61.77,0.9429,-1,-1,-1
568,-1,0.00,349.55,10.84,19.33,0.7320,-1,-1,-1
568,-1,7.12,277.95,18.65,17.16,0.7274,-1,-1,-1
568,-1,565.79,152.14,34.42,24.95,0.7224,-1,-1,-1
569,-1,479.73,368.86,92.49,61.83,0.9402,-1,-1,-1
569,-1,0.02,350.12,19.94,19.56,0.8631,-1,-1,-1
569,-1,572.77,152.20,35.01,24.86,0.7529,-1,-1,-1
569,-1,16.13,279.49,18.46,16.60,0.5676,-1,-1,-1
570,-1,486.27,369.20,93.20,61.54,0.9409,-1,-1,-1
570,-1,3.35,350.39,23.48,19.92,0.8525,-1,-1,-1
570,-1,25.16,280.58,17.14,16.29,0.7070,-1,-1,-1
571,-1,493.77,369.06,93.31,61.75,0.9390,-1,-1,-1
571,-1,586.45,152.22,35.72,25.03,0.7924,-1,-1,-1
571,-1,13.01,351.10,22.86,19.29,0.7834,-1,-1,-1
571,-1,34.01,281.63,17.14,16.44,0.3198,-1,-1,-1
572,-1,500.68,369.56,93.99,61.50,0.9402,-1,-1,-1
572,-1,22.07,351.55,23.66,19.11,0.7915,-1,-1,-1
572,-1,593.92,152.18,34.66,24.85,0.5226,-1,-1,-1
572,-1,549.26,1.11,73.65,164.57,0.3389,-1,-1,-1
572,-1,555.89,71.81,66.80,93.04,0.2999,-1,-1,-1
573,-1,507.37,370.18,94.56,61.01,0.9393,-1,-1,-1
573,-1,30.99,352.05,23.11,18.87,0.8181,-1,-1,-1
573,-1,601.54,151.82,34.28,25.08,0.6898,-1,-1,-1
573,-1,554.70,0.69,73.76,159.57,0.4239,-1,-1,-1
574,-1,514.51,370.24,95.20,61.01,0.9399,-1,-1,-1
574,-1,39.95,352.34,22.74,18.96,0.8365,-1,-1,-1
574,-1,571.20,73.01,63.31,85.89,0.3048,-1,-1,-1
575,-1,521.72,370.09,95.77,61.32,0.9414,-1,-1,-1
575,-1,48.82,352.62,22.00,19.03,0.8270,-1,-1,-1
575,-1,616.16,151.78,33.65,24.88,0.6941,-1,-1,-1
576,-1,528.71,369.76,96.49,61.66,0.9420,-1,-1,-1
576,-1,57.63,353.30,21.41,18.41,0.8357,-1,-1,-1
576,-1,624.37,151.46,32.59,25.14,0.7647,-1,-1,-1
576,-1,581.54,2.25,66.36,151.77,0.4438,-1,-1,-1
576,-1,586.91,72.75,60.73,81.20,0.3324,-1,-1,-1
576,-1,582.24,68.66,65.49,85.16,0.3319,-1,-1,-1
577,-1,534.56,369.99,97.85,61.37,0.9432,-1,-1,-1
577,-1,631.41,150.57,32.37,24.63,0.8620,-1,-1,-1
577,-1,65.66,352.47,21.06,18.38,0.8217,-1,-1,-1
577,-1,584.37,0.50,71.65,151.48,0.3406,-1,-1,-1
578,-1,541.91,368.68,97.79,61.85,0.9426,-1,-1,-1
578,-1,75.27,351.13,20.38,18.13,0.8328,-1,-1,-1
578,-1,640.09,149.19,31.70,24.08,0.4413,-1,-1,-1
578,-1,599.42,3.37,64.21,148.05,0.2917,-1,-1,-1
578,-1,600.07,56.33,63.43,94.84,0.2738,-1,-1,-1
579,-1,548.39,368.59,98.31,62.06,0.9440,-1,-1,-1
579,-1,84.26,350.74,21.14,18.30,0.8521,-1,-1,-1
579,-1,646.68,147.92,32.68,23.97,0.4992,-1,-1,-1
579,-1,602.53,9.02,68.14,141.70,0.3362,-1,-1,-1
580,-1,554.79,368.77,99.26,62.36,0.9416,-1,-1,-1
580,-1,93.11,351.64,21.06,18.15,0.8568,-1,-1,-1
580,-1,616.71,68.54,60.00,81.92,0.5792,-1,-1,-1
580,-1,653.96,147.55,31.96,24.90,0.3959,-1,-1,-1
580,-1,603.85,0.00,73.24,151.39,0.2766,-1,-1,-1
581,-1,560.85,369.85,99.81,62.06,0.9447,-1,-1,-1
581,-1,660.69,147.62,31.10,24.36,0.8725,-1,-1,-1
581,-1,101.68,353.67,20.00,17.68,0.8193,-1,-1,-1
581,-1,615.62,28.84,67.55,120.99,0.3765,-1,-1,-1
582,-1,569.05,370.39,100.12,62.18,0.9423,-1,-1,-1
582,-1,668.67,147.68,31.20,24.62,0.8647,-1,-1,-1
582,-1,112.76,355.16,19.99,17.72,0.8217,-1,-1,-1
582,-1,623.70,3.57,68.12,146.68,0.5092,-1,-1,-1
582,-1,629.11,68.43,62.56,82.04,0.4000,-1,-1,-1
583,-1,578.67,369.75,101.39,62.97,0.9432,-1,-1,-1
583,-1,124.60,355.36,19.40,17.52,0.8495,-1,-1,-1
583,-1,627.68,0.00,74.42,148.61,0.4166,-1,-1,-1
583,-1,628.80,1.31,73.08,147.08,0.2511,-1,-1,-1
584,-1,586.59,369.59,102.34,63.22,0.9418,-1,-1,-1
584,-1,133.25,355.54,18.84,17.43,0.8313,-1,-1,-1
584,-1,651.15,68.41,59.23,78.37,0.4377,-1,-1,-1
585,-1,593.79,368.90,103.51,63.34,0.9427,-1,-1,-1
585,-1,142.27,353.12,17.76,17.47,0.8193,-1,-1,-1
585,-1,651.67,23.02,68.23,121.29,0.2539,-1,-1,-1
586,-1,601.19,367.97,103.78,64.31,0.9441,-1,-1,-1
586,-1,150.74,352.22,18.01,16.94,0.8164,-1,-1,-1
586,-1,666.09,62.23,62.61,79.85,0.4577,-1,-1,-1
587,-1,607.87,368.40,105.03,63.75,0.9460,-1,-1,-1
587,-1,158.83,352.33,17.84,16.95,0.8329,-1,-1,-1
587,-1,666.91,15.63,69.64,127.55,0.2750,-1,-1,-1
588,-1,613.94,368.69,106.09,64.00,0.9430,-1,-1,-1
588,-1,166.57,353.46,16.95,16.91,0.7912,-1,-1,-1
588,-1,659.77,1.20,83.52,143.09,0.2969,-1,-1,-1
588,-1,675.55,36.51,67.64,107.34,0.2679,-1,-1,-1
589,-1,620.49,369.27,106.28,64.27,0.9474,-1,-1,-1
589,-1,174.30,355.39,17.38,17.25,0.8226,-1,-1,-1
590,-1,630.11,369.26,108.37,64.67,0.9440,-1,-1,-1
590,-1,185.87,356.30,17.41,16.14,0.7818,-1,-1,-1
591,-1,638.80,369.41,108.85,64.93,0.9438,-1,-1,-1
591,-1,195.12,356.75,16.86,16.04,0.7307,-1,-1,-1
592,-1,646.35,369.34,110.34,65.13,0.9457,-1,-1,-1
592,-1,202.08,356.95,17.06,16.09,0.7506,-1,-1,-1
593,-1,653.90,369.44,111.73,65.21,0.9425,-1,-1,-1
593,-1,208.98,356.67,16.75,15.96,0.6885,-1,-1,-1
594,-1,660.92,369.49,113.14,65.78,0.9448,-1,-1,-1
594,-1,215.23,356.50,16.45,16.40,0.6761,-1,-1,-1
595,-1,668.47,369.62,114.09,66.34,0.9435,-1,-1,-1
595,-1,221.44,356.62,17.00,16.24,0.7567,-1,-1,-1
596,-1,674.13,368.88,115.73,67.33,0.9437,-1,-1,-1
596,-1,227.29,355.61,16.24,16.52,0.6574,-1,-1,-1
597,-1,681.39,368.46,116.86,67.41,0.9496,-1,-1,-1
597,-1,233.23,354.72,16.51,16.19,0.5947,-1,-1,-1
598,-1,688.68,368.07,118.35,68.01,0.9443,-1,-1,-1
598,-1,240.53,354.53,15.46,15.88,0.3477,-1,-1,-1
599,-1,695.95,368.48,119.19,67.88,0.9443,-1,-1,-1
599,-1,247.31,355.71,15.87,16.06,0.3938,-1,-1,-1
600,-1,701.77,368.84,120.55,68.25,0.9466,-1,-1,-1
600,-1,253.03,356.34,16.54,15.69,0.6968,-1,-1,-1
601,-1,711.83,369.10,122.68,67.74,0.9449,-1,-1,-1
601,-1,262.18,356.63,15.93,15.41,0.4998,-1,-1,-1
602,-1,719.62,369.05,123.63,68.15,0.9432,-1,-1,-1
602,-1,808.26,44.49,57.86,77.87,0.5247,-1,-1,-1
602,-1,268.09,356.63,16.26,15.49,0.3343,-1,-1,-1
603,-1,726.34,368.01,126.55,68.80,0.9468,-1,-1,-1
603,-1,817.77,41.02,58.10,80.37,0.4498,-1,-1,-1
604,-1,733.51,368.54,127.80,68.91,0.9436,-1,-1,-1
604,-1,827.06,38.88,57.53,83.90,0.3693,-1,-1,-1
605,-1,741.42,368.29,130.04,69.59,0.9512,-1,-1,-1
605,-1,287.55,356.37,15.73,15.76,0.4613,-1,-1,-1
606,-1,750.12,368.41,131.85,69.64,0.9460,-1,-1,-1
606,-1,845.55,35.81,59.76,85.24,0.3509,-1,-1,-1
606,-1,294.35,356.47,15.45,15.17,0.3412,-1,-1,-1
607,-1,757.74,368.27,133.79,70.00,0.9494,-1,-1,-1
607,-1,855.92,34.58,58.97,70.47,0.5591,-1,-1,-1
607,-1,124.83,81.33,25.19,21.25,0.5337,-1,-1,-1
608,-1,766.71,368.58,135.97,70.07,0.9549,-1,-1,-1
608,-1,3.96,284.87,37.88,13.80,0.6917,-1,-1,-1
609,-1,773.84,367.93,138.64,70.73,0.9502,-1,-1,-1
609,-1,12.60,285.66,37.11,13.91,0.6151,-1,-1,-1
609,-1,141.01,85.51,25.13,20.77,0.3450,-1,-1,-1
609,-1,0.00,185.27,12.82,28.17,0.2741,-1,-1,-1
610,-1,783.14,367.77,140.72,71.14,0.9511,-1,-1,-1
610,-1,0.00,190.79,24.32,25.44,0.6511,-1,-1,-1
610,-1,23.78,286.70,36.91,13.59,0.3531,-1,-1,-1
610,-1,887.61,26.06,59.78,75.65,0.3086,-1,-1,-1
610,-1,150.23,87.05,23.50,20.31,0.2955,-1,-1,-1
611,-1,797.15,367.47,144.84,71.97,0.9533,-1,-1,-1
611,-1,0.01,183.02,40.78,35.70,0.7583,-1,-1,-1
612,-1,810.37,366.99,148.92,72.38,0.9535,-1,-1,-1
612,-1,55.69,289.03,35.38,13.26,0.2846,-1,-1,-1
613,-1,820.03,367.96,151.89,73.42,0.9540,-1,-1,-1
613,-1,66.18,289.79,33.47,13.73,0.2712,-1,-1,-1
614,-1,832.48,367.10,155.78,74.59,0.9537,-1,-1,-1
614,-1,0.00,311.37,15.57,14.21,0.4455,-1,-1,-1
614,-1,949.96,9.29,63.78,78.17,0.2640,-1,-1,-1
615,-1,845.34,365.80,160.45,74.81,0.9532,-1,-1,-1
616,-1,853.06,366.15,162.84,74.95,0.9583,-1,-1,-1
616,-1,213.61,100.03,22.72,20.04,0.3464,-1,-1,-1
616,-1,99.94,292.06,31.20,13.16,0.2709,-1,-1,-1
617,-1,862.47,365.70,161.53,75.46,0.9536,-1,-1,-1
617,-1,221.33,100.58,55.44,48.27,0.7186,-1,-1,-1
618,-1,874.17,368.15,149.83,76.75,0.9504,-1,-1,-1
619,-1,881.76,369.11,142.18,76.82,0.9492,-1,-1,-1
620,-1,885.74,366.18,138.16,77.89,0.9527,-1,-1,-1
621,-1,898.10,365.84,125.81,78.61,0.9482,-1,-1,-1
622,-1,909.40,370.12,114.60,79.10,0.9409,-1,-1,-1
623,-1,916.08,369.97,107.92,78.86,0.9344,-1,-1,-1
623,-1,267.51,111.16,51.23,45.42,0.2986,-1,-1,-1
624,-1,921.96,367.08,102.04,80.82,0.9483,-1,-1,-1
625,-1,928.43,364.50,95.57,78.86,0.9395,-1,-1,-1
626,-1,936.57,364.14,87.43,78.13,0.9336,-1,-1,-1
626,-1,282.60,112.22,50.96,44.49,0.2793,-1,-1,-1
626,-1,968.82,1.66,55.18,124.34,0.2674,-1,-1,-1
627,-1,943.89,364.86,80.11,76.68,0.9303,-1,-1,-1
627,-1,975.92,5.24,48.08,118.76,0.3984,-1,-1,-1
628,-1,958.27,364.68,65.73,77.40,0.9065,-1,-1,-1
628,-1,990.18,3.56,33.82,119.88,0.3758,-1,-1,-1
628,-1,299.32,114.62,19.98,18.89,0.3441,-1,-1,-1
629,-1,973.93,367.96,50.07,77.04,0.8739,-1,-1,-1
629,-1,1007.18,0.09,16.82,112.49,0.4327,-1,-1,-1
630,-1,976.30,373.09,47.70,70.29,0.8605,-1,-1,-1
631,-1,969.76,373.67,54.24,78.97,0.9004,-1,-1,-1
631,-1,1007.22,0.00,16.78,112.67,0.3131,-1,-1,-1
632,-1,959.25,371.33,64.75,77.63,0.9023,-1,-1,-1
633,-1,949.85,366.62,74.15,80.51,0.9304,-1,-1,-1
634,-1,940.00,365.45,84.00,80.92,0.9335,-1,-1,-1
635,-1,930.29,359.17,93.71,89.66,0.9244,-1,-1,-1
636,-1,921.28,362.61,102.72,87.82,0.9407,-1,-1,-1
637,-1,911.88,364.36,112.11,87.11,0.9395,-1,-1,-1
637,-1,158.18,212.90,62.36,30.30,0.4865,-1,-1,-1
638,-1,901.90,363.73,122.08,86.81,0.9523,-1,-1,-1
638,-1,155.33,212.47,61.96,30.94,0.7495,-1,-1,-1
639,-1,892.42,364.41,131.43,85.65,0.9505,-1,-1,-1
639,-1,151.82,213.17,63.07,30.32,0.6376,-1,-1,-1
640,-1,882.59,364.28,141.41,85.43,0.9504,-1,-1,-1
640,-1,149.39,212.79,63.07,30.95,0.8539,-1,-1,-1
641,-1,873.21,363.91,150.79,85.75,0.9544,-1,-1,-1
641,-1,145.52,214.54,64.08,29.85,0.8453,-1,-1,-1
642,-1,863.45,363.47,160.55,86.03,0.9612,-1,-1,-1
642,-1,142.39,214.22,64.65,31.04,0.6975,-1,-1,-1
643,-1,853.34,362.68,159.05,86.66,0.9565,-1,-1,-1
643,-1,140.45,215.07,63.27,30.51,0.4877,-1,-1,-1
644,-1,844.14,362.41,154.42,86.49,0.9563,-1,-1,-1
645,-1,833.83,362.46,150.97,85.94,0.9574,-1,-1,-1
645,-1,991.03,37.65,32.97,46.72,0.6305,-1,-1,-1
645,-1,132.01,216.05,66.59,30.29,0.2533,-1,-1,-1
646,-1,824.18,362.18,146.53,85.96,0.9578,-1,-1,-1
646,-1,975.33,34.28,48.67,50.30,0.6262,-1,-1,-1
646,-1,127.48,215.68,67.86,30.71,0.3429,-1,-1,-1
646,-1,914.35,0.00,109.25,70.58,0.2945,-1,-1,-1
647,-1,814.36,362.17,142.92,85.65,0.9547,-1,-1,-1
647,-1,906.50,0.00,113.51,71.50,0.5076,-1,-1,-1
647,-1,965.28,38.03,58.72,45.75,0.3088,-1,-1,-1
648,-1,804.51,361.78,138.93,85.67,0.9559,-1,-1,-1
648,-1,957.23,35.38,52.83,48.11,0.7808,-1,-1,-1
648,-1,887.41,0.04,120.80,71.86,0.4542,-1,-1,-1
649,-1,794.72,361.63,135.33,85.62,0.9568,-1,-1,-1
649,-1,945.27,36.56,49.30,46.81,0.7730,-1,-1,-1
649,-1,879.24,0.00,116.77,72.44,0.4368,-1,-1,-1
650,-1,785.33,361.22,131.38,85.94,0.9559,-1,-1,-1
650,-1,936.90,38.29,42.41,45.31,0.7052,-1,-1,-1
650,-1,870.37,0.00,120.61,71.84,0.6490,-1,-1,-1
651,-1,775.75,360.76,127.66,86.67,0.9622,-1,-1,-1
651,-1,856.71,0.00,122.46,71.97,0.7108,-1,-1,-1
651,-1,926.93,39.85,36.79,43.09,0.2534,-1,-1,-1
652,-1,766.07,360.63,123.68,86.42,0.9595,-1,-1,-1
652,-1,843.88,0.00,119.88,72.19,0.6271,-1,-1,-1
653,-1,756.72,360.71,120.04,85.76,0.9567,-1,-1,-1
653,-1,828.96,0.00,123.40,72.17,0.6854,-1,-1,-1
653,-1,114.02,212.91,61.81,32.11,0.2584,-1,-1,-1
654,-1,747.03,360.49,117.05,86.28,0.9569,-1,-1,-1
654,-1,98.49,212.62,75.28,31.68,0.6272,-1,-1,-1
654,-1,815.51,0.00,121.33,73.90,0.3214,-1,-1,-1
654,-1,815.38,0.01,121.13,73.57,0.3083,-1,-1,-1
655,-1,737.68,360.16,112.30,86.29,0.9545,-1,-1,-1
655,-1,101.01,211.68,68.28,32.07,0.6882,-1,-1,-1
655,-1,801.93,0.00,121.82,74.67,0.5177,-1,-1,-1
655,-1,801.82,0.00,121.74,74.56,0.4478,-1,-1,-1
656,-1,728.34,360.31,108.77,86.30,0.9566,-1,-1,-1
656,-1,107.38,211.80,59.83,31.15,0.7235,-1,-1,-1
656,-1,789.64,0.00,118.49,74.15,0.5654,-1,-1,-1
656,-1,789.25,0.00,118.89,74.18,0.3351,-1,-1,-1
657,-1,718.51,360.17,103.89,86.18,0.9559,-1,-1,-1
657,-1,775.65,0.00,116.68,74.20,0.7183,-1,-1,-1
657,-1,104.47,211.13,61.28,31.26,0.5524,-1,-1,-1
657,-1,775.71,0.00,116.87,74.17,0.3970,-1,-1,-1
658,-1,708.96,359.91,98.48,86.48,0.9545,-1,-1,-1
658,-1,764.20,0.00,112.91,73.53,0.5561,-1,-1,-1
658,-1,763.60,0.00,113.91,73.64,0.4542,-1,-1,-1
659,-1,699.24,360.21,93.05,86.78,0.9529,-1,-1,-1
659,-1,750.38,0.00,114.40,73.25,0.5253,-1,-1,-1
660,-1,689.65,360.04,86.90,86.20,0.9512,-1,-1,-1
660,-1,733.62,0.00,116.75,81.04,0.2720,-1,-1,-1
661,-1,679.76,359.15,81.68,86.93,0.9519,-1,-1,-1
661,-1,710.89,0.00,128.74,76.05,0.4857,-1,-1,-1
662,-1,670.01,359.96,76.14,85.88,0.9429,-1,-1,-1
662,-1,87.36,209.38,63.71,32.01,0.5423,-1,-1,-1
663,-1,660.23,359.90,70.72,85.38,0.9417,-1,-1,-1
664,-1,649.74,360.22,65.41,85.20,0.9400,-1,-1,-1
665,-1,640.26,360.11,59.49,86.14,0.9385,-1,-1,-1
666,-1,630.11,361.14,54.14,84.96,0.9368,-1,-1,-1
667,-1,620.17,364.05,49.02,81.46,0.9240,-1,-1,-1
667,-1,69.73,209.91,66.49,31.88,0.5908,-1,-1,-1
668,-1,610.32,364.87,43.09,80.98,0.9164,-1,-1,-1
668,-1,66.21,209.82,67.04,32.07,0.6168,-1,-1,-1
669,-1,600.21,365.43,38.09,79.40,0.9211,-1,-1,-1
670,-1,590.90,365.85,32.65,77.43,0.9059,-1,-1,-1
671,-1,580.68,367.79,26.90,73.09,0.8895,-1,-1,-1
671,-1,56.39,210.26,67.58,32.15,0.2746,-1,-1,-1
672,-1,570.49,368.93,21.87,70.52,0.8537,-1,-1,-1
672,-1,52.75,210.01,68.02,32.72,0.6774,-1,-1,-1
673,-1,49.09,210.84,69.71,32.01,0.7565,-1,-1,-1
673,-1,560.25,372.14,16.99,61.35,0.6845,-1,-1,-1
674,-1,46.43,210.80,69.75,32.41,0.4410,-1,-1,-1
675,-1,43.66,210.55,68.66,32.67,0.6875,-1,-1,-1
676,-1,39.93,210.47,70.28,33.14,0.7652,-1,-1,-1
676,-1,396.72,357.82,15.03,14.31,0.4761,-1,-1,-1
677,-1,38.56,210.21,68.17,33.68,0.6345,-1,-1,-1
677,-1,395.70,358.15,14.61,14.08,0.2935,-1,-1,-1
678,-1,35.14,210.40,68.67,33.50,0.5854,-1,-1,-1
679,-1,31.80,210.98,68.05,33.69,0.6082,-1,-1,-1
679,-1,393.42,358.56,14.15,13.79,0.2991,-1,-1,-1
680,-1,391.89,358.80,14.47,14.09,0.4166,-1,-1,-1
680,-1,29.08,211.29,68.01,33.99,0.3878,-1,-1,-1
681,-1,25.65,212.10,67.66,33.56,0.5582,-1,-1,-1
682,-1,389.16,359.13,14.65,13.42,0.5071,-1,-1,-1
682,-1,23.37,211.88,66.70,34.43,0.3528,-1,-1,-1
683,-1,387.95,359.19,14.87,14.18,0.6524,-1,-1,-1
683,-1,178.73,122.97,41.08,39.55,0.3207,-1,-1,-1
684,-1,175.41,123.92,41.83,38.38,0.2773,-1,-1,-1
686,-1,10.85,212.89,65.47,34.19,0.2660,-1,-1,-1
687,-1,166.03,123.25,43.38,36.61,0.5230,-1,-1,-1
688,-1,492.69,0.00,67.36,81.78,0.6531,-1,-1,-1
689,-1,158.56,121.20,44.90,39.35,0.7206,-1,-1,-1
690,-1,157.46,122.34,42.95,37.16,0.6800,-1,-1,-1
691,-1,154.38,118.45,45.03,39.70,0.4632,-1,-1,-1
692,-1,152.02,118.29,44.25,40.03,0.4955,-1,-1,-1
694,-1,145.33,118.06,46.18,38.77,0.2920,-1,-1,-1
695,-1,143.11,116.34,45.73,40.48,0.8389,-1,-1,-1
696,-1,140.97,115.21,42.64,41.17,0.4098,-1,-1,-1
697,-1,152.63,125.80,25.77,20.58,0.4465,-1,-1,-1
698,-1,176.45,131.64,40.10,37.94,0.4198,-1,-1,-1
699,-1,203.93,130.47,41.18,36.60,0.5939,-1,-1,-1
700,-1,216.19,130.00,39.90,38.44,0.7220,-1,-1,-1
701,-1,221.02,131.41,39.44,37.93,0.7039,-1,-1,-1
702,-1,225.77,132.03,39.37,38.36,0.8708,-1,-1,-1
703,-1,232.86,132.28,38.99,38.12,0.8660,-1,-1,-1
703,-1,986.40,251.24,16.98,13.40,0.3257,-1,-1,-1
704,-1,243.91,135.55,38.37,37.09,0.8265,-1,-1,-1
704,-1,1000.36,249.41,17.92,14.41,0.4912,-1,-1,-1
705,-1,250.74,138.19,39.07,34.88,0.8240,-1,-1,-1
706,-1,258.45,137.58,37.74,37.71,0.8374,-1,-1,-1
707,-1,269.22,139.81,36.60,35.91,0.7848,-1,-1,-1
708,-1,278.03,141.74,36.43,35.38,0.5899,-1,-1,-1
709,-1,286.10,144.42,36.45,33.66,0.8398,-1,-1,-1
710,-1,293.29,145.47,35.98,33.65,0.8112,-1,-1,-1
711,-1,297.43,146.28,35.64,33.56,0.5653,-1,-1,-1
712,-1,302.03,144.65,35.66,35.07,0.8500,-1,-1,-1
713,-1,307.08,145.25,35.49,35.05,0.7831,-1,-1,-1
714,-1,319.02,147.01,34.67,35.11,0.8809,-1,-1,-1
714,-1,68.33,0.00,105.20,20.27,0.3434,-1,-1,-1
714,-1,69.47,0.00,103.51,20.30,0.2790,-1,-1,-1
715,-1,326.38,149.54,33.84,34.65,0.5619,-1,-1,-1
715,-1,75.31,0.00,112.75,24.95,0.5008,-1,-1,-1
715,-1,77.41,0.00,109.72,24.88,0.4072,-1,-1,-1
716,-1,332.28,148.85,33.89,35.51,0.8116,-1,-1,-1
716,-1,76.68,0.00,119.56,26.70,0.5108,-1,-1,-1
716,-1,82.33,0.00,113.68,26.27,0.3412,-1,-1,-1
717,-1,343.44,153.81,33.41,32.37,0.8491,-1,-1,-1
717,-1,102.39,0.00,111.53,32.44,0.7145,-1,-1,-1
718,-1,349.74,154.03,33.04,33.31,0.6948,-1,-1,-1
718,-1,111.36,0.00,110.50,34.95,0.6862,-1,-1,-1
719,-1,353.16,154.92,33.62,33.11,0.8635,-1,-1,-1
719,-1,112.62,0.00,111.05,36.48,0.7611,-1,-1,-1
720,-1,358.51,154.13,33.31,32.14,0.8321,-1,-1,-1
720,-1,118.78,0.00,115.36,37.94,0.7486,-1,-1,-1
721,-1,367.59,154.24,34.08,34.36,0.8887,-1,-1,-1
721,-1,130.60,0.00,114.14,42.29,0.7984,-1,-1,-1
721,-1,586.51,0.00,91.95,87.90,0.3275,-1,-1,-1
722,-1,137.12,0.00,115.34,45.51,0.8064,-1,-1,-1
722,-1,373.21,156.60,32.53,32.96,0.7544,-1,-1,-1
722,-1,0.00,329.26,5.62,18.22,0.3077,-1,-1,-1
723,-1,377.56,157.17,32.21,33.15,0.8113,-1,-1,-1
723,-1,144.19,0.00,112.73,47.08,0.8039,-1,-1,-1
723,-1,0.00,378.24,7.02,14.91,0.2762,-1,-1,-1
724,-1,145.87,0.00,116.89,48.86,0.8564,-1,-1,-1
724,-1,382.07,157.31,32.82,32.80,0.4452,-1,-1,-1
725,-1,159.52,0.01,109.68,50.13,0.8289,-1,-1,-1
725,-1,387.72,157.32,32.15,31.54,0.6510,-1,-1,-1
726,-1,173.46,0.00,110.80,54.42,0.7869,-1,-1,-1
726,-1,398.20,158.21,32.36,32.92,0.6095,-1,-1,-1
727,-1,182.62,0.06,104.47,57.23,0.8228,-1,-1,-1
728,-1,187.13,0.02,104.23,58.18,0.8927,-1,-1,-1
728,-1,407.19,160.33,32.00,31.30,0.6154,-1,-1,-1
729,-1,194.99,0.00,103.92,60.27,0.8659,-1,-1,-1
729,-1,413.48,159.30,31.96,32.83,0.4501,-1,-1,-1
730,-1,200.97,0.00,102.04,61.77,0.7408,-1,-1,-1
730,-1,418.32,161.15,31.35,31.69,0.6376,-1,-1,-1
731,-1,207.87,0.00,101.46,63.87,0.9011,-1,-1,-1
731,-1,422.83,162.75,32.09,29.10,0.6976,-1,-1,-1
732,-1,215.86,0.00,101.20,65.80,0.8819,-1,-1,-1
732,-1,430.11,162.08,31.43,30.18,0.5107,-1,-1,-1
733,-1,222.34,0.00,100.74,68.23,0.5809,-1,-1,-1
733,-1,222.09,0.00,99.48,68.28,0.5421,-1,-1,-1
733,-1,434.57,162.74,31.37,31.59,0.4092,-1,-1,-1
734,-1,227.95,0.00,99.64,69.57,0.8529,-1,-1,-1
734,-1,438.87,161.79,32.37,31.21,0.4261,-1,-1,-1
735,-1,234.25,0.00,97.99,71.71,0.6918,-1,-1,-1
736,-1,449.33,163.43,31.50,31.11,0.7841,-1,-1,-1
736,-1,240.03,0.00,95.67,72.94,0.6294,-1,-1,-1
736,-1,240.05,0.00,95.67,72.96,0.4257,-1,-1,-1
737,-1,245.93,0.00,95.27,74.72,0.9134,-1,-1,-1
737,-1,454.57,163.83,31.02,28.96,0.6413,-1,-1,-1
738,-1,251.83,0.00,93.99,76.60,0.8722,-1,-1,-1
738,-1,459.34,164.47,31.10,30.03,0.3013,-1,-1,-1
739,-1,257.78,0.00,92.77,77.75,0.8853,-1,-1,-1
739,-1,464.25,164.22,31.20,29.75,0.8068,-1,-1,-1
740,-1,263.85,0.02,91.27,79.67,0.6147,-1,-1,-1
740,-1,263.76,0.00,91.64,79.68,0.6039,-1,-1,-1
741,-1,273.82,0.14,90.78,81.31,0.7823,-1,-1,-1
741,-1,477.67,165.93,31.07,26.86,0.3493,-1,-1,-1
742,-1,482.49,164.03,30.65,32.52,0.8132,-1,-1,-1
742,-1,279.47,0.00,90.70,82.62,0.8003,-1,-1,-1
742,-1,674.97,0.00,109.47,94.37,0.3072,-1,-1,-1
743,-1,288.87,0.00,90.33,85.02,0.9142,-1,-1,-1
743,-1,490.71,164.06,30.41,32.47,0.8021,-1,-1,-1
744,-1,295.75,0.00,88.63,86.68,0.8275,-1,-1,-1
744,-1,496.01,165.28,31.06,30.54,0.4580,-1,-1,-1
745,-1,307.86,0.00,88.11,88.73,0.8525,-1,-1,-1
745,-1,505.98,164.70,30.47,32.18,0.6333,-1,-1,-1
746,-1,319.41,0.00,86.39,90.27,0.8613,-1,-1,-1
746,-1,515.16,165.17,30.70,31.39,0.4312,-1,-1,-1
747,-1,328.01,0.03,86.74,92.31,0.9216,-1,-1,-1
747,-1,521.62,165.41,29.87,31.45,0.7900,-1,-1,-1
748,-1,335.23,0.00,86.20,92.69,0.8867,-1,-1,-1
748,-1,735.88,0.00,105.33,84.02,0.3099,-1,-1,-1
748,-1,526.31,166.32,30.98,30.30,0.2659,-1,-1,-1
749,-1,342.18,0.00,85.21,94.08,0.9201,-1,-1,-1
749,-1,531.57,165.67,30.73,30.15,0.6579,-1,-1,-1
750,-1,349.08,0.00,84.76,94.89,0.8762,-1,-1,-1
750,-1,536.95,165.74,29.91,31.06,0.7278,-1,-1,-1
751,-1,356.33,0.00,84.59,95.90,0.9359,-1,-1,-1
752,-1,363.25,0.00,83.53,96.62,0.8814,-1,-1,-1
752,-1,547.62,166.73,30.76,28.82,0.6114,-1,-1,-1
753,-1,370.16,0.00,83.75,97.55,0.9323,-1,-1,-1
753,-1,552.95,164.41,30.33,31.76,0.8095,-1,-1,-1
753,-1,784.21,0.00,107.42,75.33,0.3002,-1,-1,-1
754,-1,377.47,0.00,84.14,98.21,0.9257,-1,-1,-1
754,-1,792.35,0.00,107.09,72.48,0.2673,-1,-1,-1
755,-1,384.22,0.00,82.70,98.56,0.9117,-1,-1,-1
755,-1,803.02,0.04,111.52,70.85,0.4670,-1,-1,-1
755,-1,563.81,165.59,30.76,30.05,0.2874,-1,-1,-1
756,-1,390.92,0.00,82.43,99.38,0.9201,-1,-1,-1
756,-1,568.32,165.43,31.01,30.46,0.7438,-1,-1,-1
756,-1,814.69,0.09,99.65,69.12,0.3279,-1,-1,-1
757,-1,397.86,0.00,82.58,100.28,0.9117,-1,-1,-1
757,-1,823.33,0.07,104.44,68.61,0.2525,-1,-1,-1
758,-1,404.51,0.05,82.21,100.75,0.9390,-1,-1,-1
758,-1,578.64,166.15,31.56,29.40,0.5833,-1,-1,-1
758,-1,834.74,0.04,102.28,67.71,0.3789,-1,-1,-1
759,-1,411.74,0.00,81.97,101.15,0.8439,-1,-1,-1
759,-1,583.78,162.83,31.84,32.35,0.7584,-1,-1,-1
759,-1,845.04,0.00,103.40,65.16,0.3503,-1,-1,-1
760,-1,418.31,0.03,82.00,102.03,0.9417,-1,-1,-1
760,-1,590.08,163.23,31.36,31.08,0.2891,-1,-1,-1
760,-1,854.04,0.00,111.71,64.16,0.2671,-1,-1,-1
761,-1,425.09,0.00,81.87,102.37,0.9278,-1,-1,-1
761,-1,595.65,163.28,30.66,31.84,0.5298,-1,-1,-1
762,-1,431.53,0.00,82.63,102.70,0.9235,-1,-1,-1
762,-1,600.44,161.89,31.74,33.14,0.6284,-1,-1,-1
762,-1,876.63,0.00,106.61,60.26,0.2812,-1,-1,-1
763,-1,437.78,0.00,82.48,103.43,0.9354,-1,-1,-1
763,-1,606.34,161.96,32.09,32.32,0.6101,-1,-1,-1
764,-1,444.95,0.04,82.65,103.63,0.9312,-1,-1,-1
764,-1,894.18,0.00,115.28,57.00,0.3123,-1,-1,-1
765,-1,451.82,0.00,82.11,104.07,0.9428,-1,-1,-1
765,-1,616.34,161.48,32.45,31.37,0.6918,-1,-1,-1
765,-1,903.53,0.00,105.70,55.02,0.2927,-1,-1,-1
766,-1,458.60,0.00,81.75,103.86,0.9223,-1,-1,-1
766,-1,622.95,163.62,31.69,28.59,0.4545,-1,-1,-1
766,-1,918.67,0.00,102.24,54.86,0.2660,-1,-1,-1
767,-1,464.77,0.01,83.07,103.94,0.9363,-1,-1,-1
767,-1,928.77,0.00,94.41,52.53,0.2553,-1,-1,-1
768,-1,471.49,0.00,82.21,104.66,0.9251,-1,-1,-1
769,-1,478.06,0.00,82.80,104.71,0.9052,-1,-1,-1
769,-1,708.20,0.00,312.01,768.00,0.2937,-1,-1,-1
770,-1,484.85,0.00,83.15,104.68,0.9327,-1,-1,-1
770,-1,644.62,160.20,32.58,30.04,0.3829,-1,-1,-1
770,-1,776.62,0.00,246.90,768.00,0.2855,-1,-1,-1
771,-1,491.64,0.00,83.36,104.46,0.9192,-1,-1,-1
771,-1,806.55,0.00,217.45,768.00,0.2826,-1,-1,-1
772,-1,497.97,0.00,83.62,104.67,0.9394,-1,-1,-1
772,-1,758.16,0.00,265.84,768.00,0.5017,-1,-1,-1
773,-1,505.07,0.00,82.80,104.78,0.9165,-1,-1,-1
773,-1,829.62,0.00,194.38,768.00,0.5793,-1,-1,-1
774,-1,511.59,0.00,83.65,104.26,0.9295,-1,-1,-1
774,-1,839.56,0.00,184.44,768.00,0.3313,-1,-1,-1
775,-1,517.66,0.00,83.93,104.14,0.9420,-1,-1,-1
775,-1,676.20,156.50,29.90,30.28,0.3857,-1,-1,-1
776,-1,524.22,0.00,84.89,104.21,0.9209,-1,-1,-1
777,-1,531.72,0.00,84.52,104.07,0.9432,-1,-1,-1
778,-1,538.65,0.01,84.89,104.35,0.9304,-1,-1,-1
778,-1,0.00,303.67,10.05,14.14,0.5532,-1,-1,-1
779,-1,545.00,0.00,85.37,103.70,0.9439,-1,-1,-1
779,-1,0.03,304.38,18.80,16.10,0.7566,-1,-1,-1
779,-1,0.00,265.56,11.95,14.12,0.5869,-1,-1,-1
780,-1,551.77,0.02,86.18,103.48,0.9454,-1,-1,-1
780,-1,9.68,304.77,18.37,16.20,0.8398,-1,-1,-1
780,-1,0.00,263.55,21.30,16.82,0.8241,-1,-1,-1
781,-1,558.64,0.01,86.43,103.62,0.9417,-1,-1,-1
781,-1,19.30,305.23,18.15,15.90,0.8443,-1,-1,-1
781,-1,5.77,264.47,24.22,16.82,0.8364,-1,-1,-1
782,-1,565.30,0.06,87.47,102.08,0.9404,-1,-1,-1
782,-1,27.68,304.44,17.72,15.67,0.8541,-1,-1,-1
782,-1,14.58,264.14,23.78,16.55,0.8416,-1,-1,-1
782,-1,0.00,309.28,12.31,25.18,0.7899,-1,-1,-1
783,-1,572.50,0.06,88.36,100.18,0.9402,-1,-1,-1
783,-1,0.00,307.37,22.03,24.90,0.9019,-1,-1,-1
783,-1,24.75,262.13,23.73,17.06,0.8167,-1,-1,-1
783,-1,37.25,303.17,17.57,14.95,0.7238,-1,-1,-1
783,-1,0.00,339.80,19.96,13.07,0.3979,-1,-1,-1
784,-1,578.19,0.06,88.27,99.82,0.9372,-1,-1,-1
784,-1,0.00,308.29,30.77,24.52,0.8995,-1,-1,-1
784,-1,33.56,263.28,23.47,16.97,0.8548,-1,-1,-1
784,-1,45.66,303.61,17.54,15.07,0.6584,-1,-1,-1
785,-1,583.71,0.00,89.36,99.58,0.9267,-1,-1,-1
785,-1,7.34,310.01,33.00,24.42,0.8931,-1,-1,-1
785,-1,42.71,265.24,23.49,16.67,0.8618,-1,-1,-1
785,-1,55.84,305.34,17.18,15.51,0.6577,-1,-1,-1
785,-1,738.18,146.42,32.49,30.92,0.2651,-1,-1,-1
786,-1,590.72,0.05,89.20,100.17,0.9389,-1,-1,-1
786,-1,18.36,311.32,32.75,24.34,0.8943,-1,-1,-1
786,-1,53.66,267.67,22.37,16.11,0.8651,-1,-1,-1
786,-1,65.51,307.18,16.83,14.52,0.4960,-1,-1,-1
786,-1,28.83,342.73,19.84,12.88,0.3266,-1,-1,-1
787,-1,598.01,0.05,89.62,99.34,0.9250,-1,-1,-1
787,-1,28.37,311.79,32.13,23.99,0.8981,-1,-1,-1
787,-1,62.43,268.53,22.69,15.77,0.8529,-1,-1,-1
787,-1,74.89,307.45,16.32,14.75,0.5620,-1,-1,-1
787,-1,38.32,343.06,19.58,12.52,0.4396,-1,-1,-1
788,-1,603.66,0.02,89.78,99.20,0.9344,-1,-1,-1
788,-1,35.48,311.96,31.67,23.71,0.8989,-1,-1,-1
788,-1,69.71,268.59,21.61,15.93,0.8713,-1,-1,-1
788,-1,81.10,307.56,16.86,14.62,0.3380,-1,-1,-1
788,-1,45.00,342.87,19.93,12.58,0.2583,-1,-1,-1
789,-1,611.22,0.02,92.37,96.83,0.9313,-1,-1,-1
789,-1,44.85,310.39,31.09,23.71,0.8939,-1,-1,-1
789,-1,78.10,267.43,21.71,15.53,0.8673,-1,-1,-1
789,-1,89.35,305.93,16.83,14.92,0.3675,-1,-1,-1
790,-1,52.88,311.08,30.97,23.61,0.8934,-1,-1,-1
790,-1,616.25,0.00,91.64,96.49,0.8934,-1,-1,-1
790,-1,85.78,268.65,21.01,15.24,0.8690,-1,-1,-1
790,-1,97.05,306.65,16.24,14.98,0.3265,-1,-1,-1
791,-1,620.94,0.00,91.64,96.68,0.9260,-1,-1,-1
791,-1,60.03,312.54,30.61,23.29,0.8974,-1,-1,-1
791,-1,92.54,269.56,21.26,16.02,0.8541,-1,-1,-1
791,-1,69.37,342.53,18.41,12.74,0.5354,-1,-1,-1
791,-1,104.12,308.00,15.58,14.06,0.3432,-1,-1,-1
792,-1,628.44,0.06,92.13,95.83,0.9220,-1,-1,-1
792,-1,70.40,312.74,29.85,23.24,0.8805,-1,-1,-1
792,-1,102.65,270.52,20.62,15.49,0.8507,-1,-1,-1
792,-1,79.46,342.92,18.25,12.19,0.3089,-1,-1,-1
793,-1,634.94,0.00,94.22,97.16,0.9224,-1,-1,-1
793,-1,77.04,308.00,29.23,23.29,0.9049,-1,-1,-1
793,-1,109.73,266.33,19.77,15.54,0.8469,-1,-1,-1
794,-1,630.25,0.03,93.84,97.85,0.9331,-1,-1,-1
794,-1,77.00,307.73,29.17,23.25,0.9050,-1,-1,-1
794,-1,109.63,266.43,19.89,15.30,0.8343,-1,-1,-1
795,-1,618.71,0.02,89.69,94.68,0.9292,-1,-1,-1
795,-1,74.11,312.53,29.61,22.96,0.8838,-1,-1,-1
795,-1,105.96,270.15,20.89,15.88,0.8132,-1,-1,-1
796,-1,612.04,0.05,89.20,94.45,0.9194,-1,-1,-1
796,-1,72.46,312.59,29.31,22.89,0.8842,-1,-1,-1
796,-1,104.00,270.92,20.84,15.15,0.7796,-1,-1,-1
797,-1,605.53,0.00,88.83,94.40,0.9287,-1,-1,-1
797,-1,70.73,312.57,29.32,22.94,0.8808,-1,-1,-1
797,-1,102.15,270.52,21.31,15.48,0.8412,-1,-1,-1
798,-1,599.39,0.08,87.89,94.83,0.9209,-1,-1,-1
798,-1,69.14,312.74,29.63,22.89,0.8852,-1,-1,-1
798,-1,101.16,270.19,20.50,15.89,0.8311,-1,-1,-1
799,-1,592.85,0.00,86.93,95.03,0.9094,-1,-1,-1
799,-1,67.49,312.93,29.57,22.67,0.8949,-1,-1,-1
799,-1,97.67,270.64,22.90,15.44,0.8131,-1,-1,-1
799,-1,770.63,137.38,38.30,34.01,0.6594,-1,-1,-1
800,-1,586.77,0.01,86.67,95.65,0.9077,-1,-1,-1
800,-1,65.82,312.87,29.41,22.95,0.8901,-1,-1,-1
800,-1,97.47,270.68,21.25,15.63,0.7871,-1,-1,-1
800,-1,767.35,137.35,39.12,34.83,0.4896,-1,-1,-1
801,-1,580.42,0.00,85.20,95.76,0.9208,-1,-1,-1
801,-1,64.04,313.26,29.37,22.80,0.8867,-1,-1,-1
801,-1,95.96,271.64,21.37,14.85,0.7904,-1,-1,-1
801,-1,764.91,137.84,39.13,34.34,0.5228,-1,-1,-1
802,-1,62.28,313.34,29.49,22.94,0.8842,-1,-1,-1
802,-1,94.75,271.30,20.69,15.36,0.8289,-1,-1,-1
802,-1,761.92,137.67,39.13,34.70,0.7217,-1,-1,-1
802,-1,573.95,0.00,85.41,96.27,0.6431,-1,-1,-1
802,-1,573.90,0.01,85.55,96.17,0.6246,-1,-1,-1
802,-1,71.59,343.18,18.73,12.05,0.2708,-1,-1,-1
803,-1,567.68,0.03,85.75,96.35,0.9146,-1,-1,-1
803,-1,60.75,313.68,29.10,22.59,0.8870,-1,-1,-1
803,-1,92.20,271.13,21.35,15.79,0.8440,-1,-1,-1
803,-1,759.71,137.54,39.24,35.50,0.7669,-1,-1,-1
804,-1,561.14,0.00,84.00,96.63,0.9144,-1,-1,-1
804,-1,58.80,313.77,29.68,22.71,0.8914,-1,-1,-1
804,-1,90.16,271.67,22.67,15.34,0.8157,-1,-1,-1
804,-1,757.26,137.91,37.99,36.09,0.7756,-1,-1,-1
805,-1,555.04,0.02,85.36,96.79,0.9368,-1,-1,-1
805,-1,57.43,314.05,29.00,22.72,0.8902,-1,-1,-1
805,-1,89.45,272.59,21.29,14.66,0.8031,-1,-1,-1
805,-1,753.92,137.85,38.64,35.76,0.5900,-1,-1,-1
806,-1,548.13,0.00,83.86,97.19,0.9152,-1,-1,-1
806,-1,55.89,314.21,28.81,22.68,0.8875,-1,-1,-1
806,-1,87.55,272.15,21.74,15.49,0.8007,-1,-1,-1
806,-1,751.23,139.95,39.12,35.51,0.6799,-1,-1,-1
807,-1,53.98,314.47,29.38,22.80,0.8907,-1,-1,-1
807,-1,541.79,0.00,82.61,97.31,0.8765,-1,-1,-1
807,-1,86.44,272.27,21.30,15.41,0.8374,-1,-1,-1
807,-1,748.92,138.96,38.21,35.93,0.5902,-1,-1,-1
808,-1,535.32,0.00,81.93,97.54,0.9243,-1,-1,-1
808,-1,52.54,314.72,28.99,22.69,0.8932,-1,-1,-1
808,-1,84.13,272.39,21.08,15.74,0.8421,-1,-1,-1
808,-1,746.56,143.32,21.84,18.56,0.3945,-1,-1,-1
809,-1,50.46,314.78,29.41,22.84,0.8986,-1,-1,-1
809,-1,529.18,0.00,80.51,97.62,0.8903,-1,-1,-1
809,-1,82.28,272.97,22.40,15.33,0.8091,-1,-1,-1
809,-1,742.85,0.00,281.15,768.00,0.2555,-1,-1,-1
810,-1,522.52,0.00,80.20,98.10,0.9157,-1,-1,-1
810,-1,49.05,314.84,29.00,22.94,0.8918,-1,-1,-1
810,-1,81.42,273.01,20.81,15.27,0.7918,-1,-1,-1
811,-1,515.97,0.00,79.53,97.91,0.9145,-1,-1,-1
811,-1,47.15,314.88,29.30,23.14,0.8994,-1,-1,-1
811,-1,80.06,273.17,20.56,15.35,0.8178,-1,-1,-1
811,-1,57.46,344.79,18.51,12.32,0.3430,-1,-1,-1
812,-1,509.58,0.00,79.63,98.30,0.9174,-1,-1,-1
812,-1,45.14,315.03,29.74,23.00,0.8929,-1,-1,-1
812,-1,77.32,273.48,22.05,15.02,0.8385,-1,-1,-1
812,-1,55.95,345.00,18.09,11.97,0.2977,-1,-1,-1
812,-1,91.88,310.46,15.83,14.39,0.2897,-1,-1,-1
813,-1,502.50,0.00,78.22,98.08,0.9236,-1,-1,-1
813,-1,43.72,315.53,29.37,22.96,0.9006,-1,-1,-1
813,-1,75.87,273.95,21.31,15.06,0.8479,-1,-1,-1
813,-1,1015.20,348.11,8.80,20.26,0.4259,-1,-1,-1
814,-1,41.73,316.38,29.60,22.57,0.8940,-1,-1,-1
814,-1,495.46,0.00,78.59,98.44,0.8422,-1,-1,-1
814,-1,75.08,275.51,21.02,14.14,0.7270,-1,-1,-1
814,-1,495.26,0.10,78.59,98.53,0.5855,-1,-1,-1
814,-1,1013.63,348.38,10.37,18.62,0.4930,-1,-1,-1
814,-1,88.47,311.38,16.01,14.02,0.2524,-1,-1,-1
815,-1,488.67,0.00,76.44,98.38,0.9225,-1,-1,-1
815,-1,40.03,316.80,29.20,22.65,0.8983,-1,-1,-1
815,-1,72.29,275.71,22.36,14.24,0.7744,-1,-1,-1
815,-1,1011.94,347.47,12.06,17.78,0.6798,-1,-1,-1
815,-1,915.52,360.30,60.55,103.86,0.3243,-1,-1,-1
816,-1,38.21,317.28,29.49,22.69,0.9074,-1,-1,-1
816,-1,1010.62,347.08,13.38,20.85,0.7362,-1,-1,-1
816,-1,481.73,0.00,76.99,98.03,0.6858,-1,-1,-1
816,-1,70.78,276.46,21.50,14.02,0.6764,-1,-1,-1
816,-1,481.60,0.03,76.82,98.09,0.6052,-1,-1,-1
817,-1,36.56,317.40,29.09,22.81,0.9026,-1,-1,-1
817,-1,474.52,0.00,77.82,98.57,0.8447,-1,-1,-1
817,-1,68.85,276.65,22.50,13.88,0.7835,-1,-1,-1
817,-1,1008.71,346.59,15.29,19.39,0.7510,-1,-1,-1
817,-1,875.99,356.31,72.02,110.88,0.4691,-1,-1,-1
817,-1,474.38,0.12,77.72,98.49,0.4429,-1,-1,-1
817,-1,83.73,312.24,16.24,14.52,0.3454,-1,-1,-1
818,-1,34.93,317.72,29.32,22.61,0.8981,-1,-1,-1
818,-1,467.47,0.00,76.71,98.25,0.8133,-1,-1,-1
818,-1,1006.62,346.36,17.38,18.31,0.8064,-1,-1,-1
818,-1,67.53,277.02,21.62,13.63,0.7159,-1,-1,-1
818,-1,855.96,354.99,77.83,112.89,0.6039,-1,-1,-1
818,-1,467.55,0.16,76.38,98.27,0.5044,-1,-1,-1
819,-1,32.94,317.87,29.46,22.57,0.8965,-1,-1,-1
819,-1,1004.94,346.25,19.06,17.92,0.8557,-1,-1,-1
819,-1,837.26,354.76,82.70,112.85,0.8497,-1,-1,-1
819,-1,460.35,0.00,76.17,98.15,0.7622,-1,-1,-1
819,-1,65.88,276.76,22.20,13.96,0.7520,-1,-1,-1
819,-1,460.36,0.13,76.10,98.07,0.7436,-1,-1,-1
819,-1,80.70,312.56,16.34,13.77,0.3073,-1,-1,-1
820,-1,817.95,354.26,88.14,113.13,0.9205,-1,-1,-1
820,-1,31.39,317.81,29.13,22.53,0.9092,-1,-1,-1
820,-1,1003.96,345.96,20.04,18.47,0.8661,-1,-1,-1
820,-1,452.94,0.18,76.05,97.92,0.7610,-1,-1,-1
820,-1,63.17,275.71,22.92,14.91,0.7545,-1,-1,-1
820,-1,453.14,0.00,76.04,97.81,0.7345,-1,-1,-1
821,-1,799.72,354.28,92.36,112.72,0.9404,-1,-1,-1
821,-1,29.42,317.72,29.47,22.66,0.9047,-1,-1,-1
821,-1,1002.41,345.72,21.41,18.37,0.8618,-1,-1,-1
821,-1,447.05,0.16,73.85,97.39,0.7632,-1,-1,-1
821,-1,61.97,276.71,22.28,13.91,0.7304,-1,-1,-1
821,-1,447.39,0.01,73.63,97.43,0.5528,-1,-1,-1
821,-1,77.67,312.41,15.80,13.41,0.2811,-1,-1,-1
822,-1,781.82,354.14,96.55,112.71,0.9473,-1,-1,-1
822,-1,27.87,317.47,29.34,22.63,0.8981,-1,-1,-1
822,-1,440.47,0.13,71.34,97.29,0.8539,-1,-1,-1
822,-1,1000.72,345.51,22.57,18.32,0.8431,-1,-1,-1
822,-1,60.18,275.78,22.26,14.75,0.7510,-1,-1,-1
822,-1,76.00,312.25,16.15,13.43,0.3478,-1,-1,-1
823,-1,762.83,353.80,102.22,112.91,0.9519,-1,-1,-1
823,-1,25.98,317.17,29.70,22.66,0.8999,-1,-1,-1
823,-1,433.87,0.18,69.04,97.12,0.8841,-1,-1,-1
823,-1,998.97,345.38,24.94,19.20,0.8618,-1,-1,-1
823,-1,58.61,276.42,22.96,13.79,0.5347,-1,-1,-1
823,-1,37.43,346.94,19.08,11.96,0.2790,-1,-1,-1
824,-1,744.76,353.66,106.46,113.35,0.9540,-1,-1,-1
824,-1,24.51,316.65,29.23,22.75,0.8931,-1,-1,-1
824,-1,997.33,345.33,26.63,19.29,0.8721,-1,-1,-1
824,-1,427.51,0.27,63.39,96.80,0.7649,-1,-1,-1
824,-1,56.64,275.18,22.93,14.55,0.7027,-1,-1,-1
824,-1,73.05,311.76,16.02,13.71,0.3150,-1,-1,-1
825,-1,726.83,353.62,110.71,113.25,0.9575,-1,-1,-1
825,-1,22.52,316.28,29.49,22.68,0.9101,-1,-1,-1
825,-1,996.14,345.33,27.44,19.32,0.8760,-1,-1,-1
825,-1,55.05,274.00,22.47,15.42,0.7651,-1,-1,-1
825,-1,71.73,311.19,15.83,14.33,0.2741,-1,-1,-1
826,-1,708.83,353.53,114.92,113.02,0.9561,-1,-1,-1
826,-1,21.07,315.59,29.84,22.93,0.9021,-1,-1,-1
826,-1,994.87,345.29,26.79,19.39,0.8611,-1,-1,-1
826,-1,53.08,273.46,22.74,15.50,0.8490,-1,-1,-1
826,-1,32.76,345.25,19.11,12.50,0.4051,-1,-1,-1
826,-1,70.41,310.69,15.81,14.25,0.3678,-1,-1,-1
827,-1,691.06,353.42,119.79,113.02,0.9574,-1,-1,-1
827,-1,19.42,314.92,29.50,22.97,0.8948,-1,-1,-1
827,-1,992.79,345.54,27.28,19.34,0.8585,-1,-1,-1
827,-1,52.01,272.66,22.58,15.85,0.8349,-1,-1,-1
827,-1,68.46,310.27,16.77,14.03,0.7065,-1,-1,-1
828,-1,673.34,353.48,124.24,112.89,0.9556,-1,-1,-1
828,-1,17.76,314.62,29.42,22.74,0.8936,-1,-1,-1
828,-1,991.18,345.88,27.00,18.98,0.8722,-1,-1,-1
828,-1,50.44,272.57,22.38,15.66,0.8057,-1,-1,-1
828,-1,67.51,309.80,15.75,13.67,0.3284,-1,-1,-1
829,-1,655.35,353.56,129.27,112.57,0.9557,-1,-1,-1
829,-1,16.12,313.95,29.32,22.85,0.8857,-1,-1,-1
829,-1,989.70,346.07,26.88,19.32,0.8689,-1,-1,-1
829,-1,49.40,272.92,22.29,14.42,0.7440,-1,-1,-1
830,-1,638.47,353.88,132.51,111.98,0.9580,-1,-1,-1
830,-1,14.39,313.51,29.74,22.55,0.8904,-1,-1,-1
830,-1,988.31,346.35,27.16,19.28,0.8766,-1,-1,-1
830,-1,47.93,271.51,21.69,15.16,0.8100,-1,-1,-1
830,-1,694.15,139.82,38.38,34.09,0.3160,-1,-1,-1
831,-1,621.41,353.75,136.01,112.44,0.9616,-1,-1,-1
831,-1,12.68,312.82,30.09,22.78,0.8907,-1,-1,-1
831,-1,987.02,346.57,26.85,19.49,0.8724,-1,-1,-1
831,-1,46.23,270.67,22.51,15.69,0.7757,-1,-1,-1
832,-1,602.54,353.87,141.62,112.59,0.9664,-1,-1,-1
832,-1,11.02,312.75,29.46,22.70,0.8889,-1,-1,-1
832,-1,984.90,346.48,27.37,19.64,0.8666,-1,-1,-1
832,-1,44.41,270.18,22.83,15.90,0.8305,-1,-1,-1
832,-1,61.37,308.03,16.15,13.50,0.3211,-1,-1,-1
833,-1,584.90,354.09,145.31,112.39,0.9631,-1,-1,-1
833,-1,9.50,312.77,29.63,22.68,0.8851,-1,-1,-1
833,-1,983.41,346.45,27.05,19.57,0.8687,-1,-1,-1
833,-1,42.91,270.38,22.46,15.69,0.7843,-1,-1,-1
833,-1,59.84,308.04,16.33,14.08,0.4756,-1,-1,-1
834,-1,566.65,354.00,149.68,112.28,0.9652,-1,-1,-1
834,-1,7.65,312.75,29.75,22.62,0.8808,-1,-1,-1
834,-1,981.86,346.48,26.79,19.60,0.8618,-1,-1,-1
834,-1,41.28,271.29,22.63,14.69,0.7500,-1,-1,-1
834,-1,58.46,308.23,16.31,13.83,0.5350,-1,-1,-1
835,-1,548.57,353.86,154.49,112.67,0.9639,-1,-1,-1
835,-1,6.25,312.73,29.76,22.83,0.8872,-1,-1,-1
835,-1,980.40,346.48,26.57,19.48,0.8699,-1,-1,-1
835,-1,39.40,270.95,22.94,15.13,0.8201,-1,-1,-1
835,-1,56.88,308.09,16.68,13.88,0.5148,-1,-1,-1
836,-1,530.25,353.86,159.54,112.72,0.9656,-1,-1,-1
836,-1,4.36,312.83,29.67,22.83,0.8847,-1,-1,-1
836,-1,979.07,346.55,26.63,19.66,0.8696,-1,-1,-1
836,-1,37.57,270.33,23.34,15.87,0.8259,-1,-1,-1
836,-1,55.79,308.09,15.73,13.88,0.4615,-1,-1,-1
837,-1,512.69,354.26,164.27,112.35,0.9650,-1,-1,-1
837,-1,2.66,312.96,29.39,22.85,0.8897,-1,-1,-1
837,-1,977.04,346.54,27.32,19.76,0.8692,-1,-1,-1
837,-1,36.07,270.97,23.05,15.30,0.8175,-1,-1,-1
838,-1,494.93,354.86,167.94,112.24,0.9653,-1,-1,-1
838,-1,0.53,313.22,30.10,22.53,0.8984,-1,-1,-1
838,-1,975.57,346.71,26.95,19.67,0.8637,-1,-1,-1
838,-1,34.62,271.53,22.92,14.77,0.7510,-1,-1,-1
838,-1,52.53,308.41,16.52,13.63,0.6676,-1,-1,-1
839,-1,476.95,355.03,172.40,112.84,0.9663,-1,-1,-1
839,-1,0.06,313.43,28.68,22.66,0.8918,-1,-1,-1
839,-1,973.83,347.05,27.21,19.64,0.8654,-1,-1,-1
839,-1,33.21,273.00,23.02,13.40,0.5963,-1,-1,-1
839,-1,51.37,308.61,16.09,14.09,0.5317,-1,-1,-1
840,-1,458.22,355.49,177.90,112.77,0.9623,-1,-1,-1
840,-1,0.00,313.50,27.57,22.91,0.8942,-1,-1,-1
840,-1,972.31,347.12,27.05,19.51,0.8703,-1,-1,-1
840,-1,31.41,271.59,23.13,14.99,0.7874,-1,-1,-1
840,-1,49.63,308.69,16.51,13.55,0.3564,-1,-1,-1
840,-1,11.71,343.26,18.08,12.00,0.2952,-1,-1,-1
841,-1,440.01,355.94,182.56,112.07,0.9623,-1,-1,-1
841,-1,0.02,313.74,25.82,22.70,0.8798,-1,-1,-1
841,-1,970.77,347.35,26.34,19.80,0.8718,-1,-1,-1
841,-1,29.68,270.82,23.10,16.12,0.8309,-1,-1,-1
841,-1,48.08,309.07,16.68,13.85,0.3823,-1,-1,-1
842,-1,422.29,355.73,187.52,112.42,0.9592,-1,-1,-1
842,-1,0.00,313.75,23.56,22.88,0.8823,-1,-1,-1
842,-1,969.03,347.44,27.05,19.97,0.8597,-1,-1,-1
842,-1,28.21,272.60,22.87,14.51,0.6111,-1,-1,-1
842,-1,7.98,343.65,19.22,12.31,0.2860,-1,-1,-1
843,-1,403.74,355.97,193.08,112.51,0.9545,-1,-1,-1
843,-1,0.00,313.99,22.22,22.83,0.8871,-1,-1,-1
843,-1,967.07,347.65,27.91,19.76,0.8596,-1,-1,-1
843,-1,26.57,272.67,22.75,14.84,0.7404,-1,-1,-1
843,-1,44.87,309.37,16.71,14.19,0.3738,-1,-1,-1
843,-1,6.13,343.99,18.96,12.05,0.2688,-1,-1,-1
844,-1,385.30,356.51,198.32,112.49,0.9594,-1,-1,-1
844,-1,0.00,314.18,20.69,22.92,0.8850,-1,-1,-1
844,-1,965.51,347.82,27.12,19.77,0.8666,-1,-1,-1
844,-1,43.82,309.66,16.53,13.70,0.7045,-1,-1,-1
844,-1,24.96,273.12,23.54,14.63,0.6485,-1,-1,-1
845,-1,366.68,356.63,204.08,112.26,0.9613,-1,-1,-1
845,-1,0.00,314.12,19.27,23.13,0.8881,-1,-1,-1
845,-1,964.09,348.07,26.91,19.49,0.8701,-1,-1,-1
845,-1,23.42,272.43,22.74,15.28,0.7504,-1,-1,-1
845,-1,42.42,309.67,16.46,14.54,0.3707,-1,-1,-1
846,-1,348.33,357.02,209.81,112.04,0.9520,-1,-1,-1
846,-1,0.00,314.08,17.40,23.26,0.8694,-1,-1,-1
846,-1,962.68,348.20,26.33,20.15,0.8691,-1,-1,-1
846,-1,21.56,273.47,22.50,14.56,0.7204,-1,-1,-1
846,-1,40.37,310.01,16.94,13.89,0.6884,-1,-1,-1
846,-1,1.60,344.30,19.07,12.40,0.3875,-1,-1,-1
847,-1,331.86,357.16,213.57,112.03,0.9517,-1,-1,-1
847,-1,960.65,348.52,27.30,19.56,0.8622,-1,-1,-1
847,-1,0.00,314.36,15.61,23.11,0.8593,-1,-1,-1
847,-1,39.41,310.18,16.64,14.12,0.6837,-1,-1,-1
847,-1,19.73,273.92,23.28,14.19,0.6657,-1,-1,-1
848,-1,314.39,357.21,219.02,111.92,0.9528,-1,-1,-1
848,-1,959.02,348.85,27.13,19.35,0.8621,-1,-1,-1
848,-1,0.00,315.30,13.84,22.67,0.8491,-1,-1,-1
848,-1,18.07,273.63,23.45,14.84,0.7339,-1,-1,-1
848,-1,37.45,310.30,16.53,13.86,0.6621,-1,-1,-1
849,-1,297.89,357.04,222.87,112.26,0.9600,-1,-1,-1
849,-1,957.30,348.86,26.96,19.45,0.8530,-1,-1,-1
849,-1,0.00,315.47,12.17,22.97,0.8214,-1,-1,-1
849,-1,35.90,310.37,16.99,13.88,0.6030,-1,-1,-1
849,-1,0.00,344.79,16.10,12.12,0.4316,-1,-1,-1
849,-1,16.89,274.31,23.65,14.21,0.3450,-1,-1,-1
849,-1,17.67,274.73,22.85,13.74,0.3354,-1,-1,-1
850,-1,280.35,357.30,228.56,112.26,0.9632,-1,-1,-1
850,-1,955.52,348.80,27.09,19.69,0.8672,-1,-1,-1
850,-1,0.00,316.31,10.88,22.39,0.8045,-1,-1,-1
850,-1,34.88,310.83,16.90,13.95,0.4486,-1,-1,-1
850,-1,15.24,274.33,22.51,14.56,0.4138,-1,-1,-1
850,-1,34.71,310.79,17.04,13.95,0.4002,-1,-1,-1
850,-1,15.52,274.47,22.27,14.24,0.3995,-1,-1,-1
850,-1,0.00,345.19,13.95,12.39,0.3725,-1,-1,-1
851,-1,263.24,357.40,232.52,112.36,0.9654,-1,-1,-1
851,-1,954.18,348.37,26.45,19.79,0.8815,-1,-1,-1
851,-1,0.00,317.77,9.05,20.65,0.7419,-1,-1,-1
851,-1,14.57,276.19,21.35,13.35,0.6457,-1,-1,-1
851,-1,0.00,345.86,12.16,11.98,0.4157,-1,-1,-1
852,-1,246.00,357.75,237.60,112.15,0.9666,-1,-1,-1
852,-1,952.29,348.01,27.15,19.67,0.8607,-1,-1,-1
852,-1,0.00,318.82,7.26,20.19,0.4916,-1,-1,-1
852,-1,0.00,346.04,10.97,13.28,0.3362,-1,-1,-1
853,-1,229.01,357.77,242.01,112.26,0.9660,-1,-1,-1
853,-1,950.60,347.60,27.22,19.63,0.8676,-1,-1,-1
854,-1,211.28,357.80,246.52,112.31,0.9664,-1,-1,-1
854,-1,948.75,347.10,27.42,19.33,0.8680,-1,-1,-1
854,-1,251.53,17.53,56.47,80.97,0.5429,-1,-1,-1
854,-1,276.87,0.00,92.62,19.88,0.3432,-1,-1,-1
855,-1,194.05,357.89,251.60,112.35,0.9669,-1,-1,-1
855,-1,238.96,16.79,62.41,82.26,0.8931,-1,-1,-1
855,-1,947.71,346.70,26.35,19.58,0.8669,-1,-1,-1
855,-1,258.56,0.00,95.90,19.99,0.3204,-1,-1,-1
856,-1,177.23,357.68,254.56,112.64,0.9620,-1,-1,-1
856,-1,224.91,16.50,70.83,82.61,0.9165,-1,-1,-1
856,-1,945.39,346.45,27.19,19.54,0.8633,-1,-1,-1
856,-1,240.07,0.00,98.41,19.50,0.3445,-1,-1,-1
857,-1,160.08,357.78,261.35,112.44,0.9339,-1,-1,-1
857,-1,212.42,14.25,77.26,84.68,0.8931,-1,-1,-1
857,-1,943.94,346.25,27.07,19.33,0.8675,-1,-1,-1
857,-1,222.21,0.00,102.43,19.82,0.4072,-1,-1,-1
857,-1,217.81,0.00,161.36,19.64,0.3191,-1,-1,-1
858,-1,142.88,358.13,266.08,111.42,0.9379,-1,-1,-1
858,-1,198.09,10.71,82.65,88.22,0.9087,-1,-1,-1
858,-1,942.35,346.05,26.54,19.40,0.8693,-1,-1,-1
858,-1,195.86,0.00,136.38,20.28,0.3246,-1,-1,-1
859,-1,153.44,363.53,264.03,110.56,0.9660,-1,-1,-1
859,-1,205.26,19.13,81.52,87.45,0.9098,-1,-1,-1
859,-1,959.27,337.92,28.05,19.44,0.8549,-1,-1,-1
859,-1,206.33,0.00,168.60,31.88,0.5474,-1,-1,-1
860,-1,184.33,364.61,253.04,108.76,0.9557,-1,-1,-1
860,-1,987.94,334.43,29.10,19.87,0.8742,-1,-1,-1
860,-1,229.15,27.46,77.31,83.73,0.8701,-1,-1,-1
860,-1,232.72,0.00,144.85,40.61,0.6201,-1,-1,-1
860,-1,650.90,133.16,37.92,34.79,0.5390,-1,-1,-1
861,-1,217.16,361.10,241.05,107.57,0.9593,-1,-1,-1
861,-1,262.98,30.85,71.57,80.94,0.8252,-1,-1,-1
861,-1,271.26,0.00,128.01,41.17,0.6676,-1,-1,-1
862,-1,233.40,358.19,239.86,107.39,0.9623,-1,-1,-1
862,-1,280.23,31.56,69.97,78.81,0.6955,-1,-1,-1
862,-1,291.57,0.00,125.44,38.91,0.6134,-1,-1,-1
862,-1,318.90,268.89,16.16,12.57,0.2908,-1,-1,-1
863,-1,242.57,357.70,237.82,106.72,0.9645,-1,-1,-1
863,-1,289.00,32.26,67.08,77.81,0.7981,-1,-1,-1
863,-1,300.80,0.00,116.87,38.37,0.6669,-1,-1,-1
864,-1,250.08,357.45,237.21,106.82,0.9635,-1,-1,-1
864,-1,296.83,31.64,66.32,79.36,0.8405,-1,-1,-1
864,-1,698.85,129.69,38.90,35.15,0.7287,-1,-1,-1
864,-1,308.08,0.00,116.75,39.40,0.5899,-1,-1,-1
865,-1,258.14,358.02,235.31,106.58,0.9615,-1,-1,-1
865,-1,304.02,33.89,66.54,78.35,0.8762,-1,-1,-1
865,-1,316.65,0.00,114.08,40.58,0.6805,-1,-1,-1
865,-1,704.63,129.17,40.09,35.60,0.3778,-1,-1,-1
866,-1,266.40,358.71,235.76,106.68,0.9619,-1,-1,-1
866,-1,310.95,36.91,64.58,77.12,0.8730,-1,-1,-1
866,-1,324.36,0.00,119.33,42.54,0.6701,-1,-1,-1
867,-1,280.33,359.31,231.38,106.16,0.9607,-1,-1,-1
867,-1,322.68,39.72,62.08,76.28,0.8804,-1,-1,-1
867,-1,335.34,0.33,120.71,44.64,0.7068,-1,-1,-1
868,-1,290.67,359.33,229.01,105.69,0.9635,-1,-1,-1
868,-1,346.26,0.05,105.51,46.69,0.6691,-1,-1,-1
868,-1,331.49,40.90,58.32,75.81,0.5982,-1,-1,-1
869,-1,298.89,357.62,228.82,105.60,0.9620,-1,-1,-1
869,-1,340.28,38.93,57.59,75.59,0.8135,-1,-1,-1
869,-1,355.85,0.27,105.31,43.22,0.6688,-1,-1,-1
869,-1,732.71,124.83,42.00,35.82,0.4760,-1,-1,-1
870,-1,306.25,357.21,228.10,105.88,0.9633,-1,-1,-1
870,-1,347.40,39.56,56.54,74.88,0.8418,-1,-1,-1
870,-1,364.50,0.00,103.14,43.25,0.6930,-1,-1,-1
870,-1,739.87,124.69,42.10,35.62,0.2569,-1,-1,-1
871,-1,314.07,357.95,227.40,105.86,0.9596,-1,-1,-1
871,-1,354.25,40.52,54.87,75.55,0.8182,-1,-1,-1
871,-1,370.33,0.23,106.93,44.53,0.6446,-1,-1,-1
872,-1,322.22,358.27,226.18,105.88,0.9642,-1,-1,-1
872,-1,751.90,121.54,43.01,37.52,0.7091,-1,-1,-1
872,-1,361.05,41.69,55.17,75.21,0.6653,-1,-1,-1
872,-1,378.57,0.00,110.22,46.57,0.6480,-1,-1,-1
873,-1,329.91,359.14,224.67,105.33,0.9610,-1,-1,-1
873,-1,386.01,0.00,106.31,48.19,0.5956,-1,-1,-1
873,-1,368.26,43.63,53.26,74.47,0.5826,-1,-1,-1
873,-1,758.03,121.07,44.21,37.45,0.5173,-1,-1,-1
874,-1,341.67,359.18,223.49,105.29,0.9609,-1,-1,-1
874,-1,378.21,45.68,51.46,73.63,0.5599,-1,-1,-1
874,-1,397.30,0.06,107.39,49.55,0.5005,-1,-1,-1
875,-1,349.31,359.20,224.08,105.05,0.9602,-1,-1,-1
875,-1,406.51,0.00,104.48,50.42,0.4895,-1,-1,-1
875,-1,387.43,46.61,49.68,72.95,0.3835,-1,-1,-1
875,-1,774.38,118.46,45.15,36.69,0.3566,-1,-1,-1
876,-1,362.17,359.34,220.37,104.90,0.9572,-1,-1,-1
876,-1,782.04,117.20,45.70,37.67,0.7109,-1,-1,-1
876,-1,419.23,0.13,103.59,50.99,0.5638,-1,-1,-1
877,-1,372.37,359.18,218.47,105.03,0.9593,-1,-1,-1
877,-1,193.31,328.58,16.26,18.75,0.7875,-1,-1,-1
877,-1,788.40,116.64,46.35,36.45,0.7099,-1,-1,-1
878,-1,381.31,359.19,217.78,104.94,0.9558,-1,-1,-1
878,-1,795.36,114.63,46.60,37.40,0.8664,-1,-1,-1
878,-1,199.90,328.54,19.81,18.44,0.8464,-1,-1,-1
878,-1,437.56,0.00,107.03,53.97,0.4037,-1,-1,-1
878,-1,416.88,273.97,15.21,12.14,0.3625,-1,-1,-1
879,-1,392.87,359.33,215.00,104.49,0.9525,-1,-1,-1
879,-1,206.25,328.54,19.86,18.41,0.8813,-1,-1,-1
879,-1,802.44,113.67,46.90,37.60,0.7953,-1,-1,-1
879,-1,449.12,0.00,111.85,54.66,0.3906,-1,-1,-1
880,-1,402.48,359.48,213.83,104.31,0.9572,-1,-1,-1
880,-1,212.79,328.88,19.63,18.28,0.8830,-1,-1,-1
880,-1,808.81,113.06,47.82,37.38,0.6610,-1,-1,-1
880,-1,0.00,126.32,15.07,30.81,0.3174,-1,-1,-1
880,-1,427.10,274.00,15.68,12.19,0.2925,-1,-1,-1
881,-1,410.95,359.42,213.79,104.20,0.9538,-1,-1,-1
881,-1,219.04,328.68,19.36,18.60,0.8673,-1,-1,-1
881,-1,815.34,111.67,48.41,37.70,0.7565,-1,-1,-1
881,-1,432.02,274.06,15.65,12.29,0.6835,-1,-1,-1
881,-1,468.71,0.00,102.26,55.17,0.2655,-1,-1,-1
882,-1,421.49,359.34,212.01,104.24,0.9612,-1,-1,-1
882,-1,225.70,329.02,18.70,18.29,0.8670,-1,-1,-1
882,-1,821.98,110.07,48.53,38.66,0.8592,-1,-1,-1
882,-1,437.51,274.28,15.53,12.07,0.2997,-1,-1,-1
882,-1,480.96,0.00,100.15,55.11,0.2906,-1,-1,-1
883,-1,428.56,359.10,212.24,104.15,0.9565,-1,-1,-1
883,-1,828.44,108.62,49.52,37.62,0.8784,-1,-1,-1
883,-1,231.37,329.00,19.10,18.03,0.8756,-1,-1,-1
884,-1,436.33,359.28,212.06,104.45,0.9599,-1,-1,-1
884,-1,836.86,106.39,51.21,38.45,0.8807,-1,-1,-1
884,-1,239.47,329.33,18.68,17.99,0.8674,-1,-1,-1
884,-1,449.06,274.66,15.40,11.91,0.5594,-1,-1,-1
884,-1,496.01,0.00,97.06,54.34,0.2875,-1,-1,-1
885,-1,446.16,359.52,213.49,104.27,0.9537,-1,-1,-1
885,-1,249.22,329.71,18.26,18.03,0.8711,-1,-1,-1
885,-1,847.82,104.60,51.80,39.34,0.7884,-1,-1,-1
885,-1,456.89,274.66,15.53,12.05,0.5648,-1,-1,-1
886,-1,454.62,359.52,212.05,104.31,0.9600,-1,-1,-1
886,-1,855.88,102.26,52.52,39.54,0.8770,-1,-1,-1
886,-1,256.00,329.88,18.52,17.72,0.8601,-1,-1,-1
887,-1,458.15,359.81,212.71,104.47,0.9545,-1,-1,-1
887,-1,260.62,329.99,18.01,17.84,0.8629,-1,-1,-1
887,-1,861.19,101.82,53.33,39.68,0.8520,-1,-1,-1
887,-1,466.58,274.79,15.66,12.29,0.5639,-1,-1,-1
888,-1,460.77,359.34,212.74,104.42,0.9523,-1,-1,-1
888,-1,265.09,329.95,17.81,17.83,0.8637,-1,-1,-1
888,-1,866.51,99.56,52.74,39.44,0.8102,-1,-1,-1
889,-1,463.35,359.28,213.92,104.59,0.9548,-1,-1,-1
889,-1,871.20,98.89,53.53,39.81,0.8882,-1,-1,-1
889,-1,268.96,330.02,17.77,17.65,0.8623,-1,-1,-1
889,-1,473.19,274.63,15.90,12.10,0.5890,-1,-1,-1
890,-1,470.11,359.30,213.22,104.43,0.9602,-1,-1,-1
890,-1,274.84,330.10,17.66,17.73,0.8627,-1,-1,-1
890,-1,878.44,96.46,54.73,40.46,0.5965,-1,-1,-1
891,-1,478.17,359.34,214.10,104.57,0.9538,-1,-1,-1
891,-1,283.20,330.68,17.40,17.51,0.8646,-1,-1,-1
891,-1,888.28,94.11,55.93,40.08,0.8088,-1,-1,-1
892,-1,485.40,358.84,214.05,104.95,0.9608,-1,-1,-1
892,-1,290.36,330.56,17.09,17.42,0.8401,-1,-1,-1
892,-1,897.33,91.34,56.38,40.28,0.8139,-1,-1,-1
892,-1,491.20,274.51,15.61,11.80,0.3597,-1,-1,-1
893,-1,495.03,360.78,214.79,104.81,0.9554,-1,-1,-1
893,-1,299.03,331.25,17.32,17.31,0.8437,-1,-1,-1
893,-1,908.30,91.21,59.06,40.93,0.7635,-1,-1,-1
893,-1,499.12,275.62,15.55,12.22,0.5685,-1,-1,-1
894,-1,501.60,360.49,215.12,105.24,0.9621,-1,-1,-1
894,-1,917.19,89.17,59.57,40.67,0.9044,-1,-1,-1
894,-1,305.40,331.33,17.31,17.11,0.8213,-1,-1,-1
894,-1,504.43,275.54,16.11,12.19,0.5984,-1,-1,-1
895,-1,508.21,358.97,214.93,105.42,0.9561,-1,-1,-1
895,-1,925.93,84.84,60.63,41.79,0.8689,-1,-1,-1
895,-1,311.54,331.05,17.28,17.21,0.8456,-1,-1,-1
896,-1,516.66,358.50,215.81,105.39,0.9606,-1,-1,-1
896,-1,319.92,331.14,17.01,17.19,0.8379,-1,-1,-1
896,-1,938.43,80.73,61.10,42.70,0.7715,-1,-1,-1
896,-1,517.37,274.44,15.94,12.10,0.4911,-1,-1,-1
897,-1,519.75,359.41,216.74,105.75,0.9544,-1,-1,-1
897,-1,324.77,331.51,16.72,17.13,0.8452,-1,-1,-1
897,-1,944.83,80.44,62.30,42.19,0.8281,-1,-1,-1
897,-1,521.82,275.02,15.36,12.10,0.5955,-1,-1,-1
898,-1,523.38,360.35,217.71,105.31,0.9550,-1,-1,-1
898,-1,952.36,78.67,63.37,42.86,0.7996,-1,-1,-1
898,-1,330.20,331.70,16.85,17.15,0.7510,-1,-1,-1
898,-1,0.00,299.69,13.26,35.35,0.4952,-1,-1,-1
899,-1,525.69,359.91,218.54,105.56,0.9576,-1,-1,-1
899,-1,335.11,331.89,17.08,17.09,0.8535,-1,-1,-1
899,-1,0.01,298.53,21.70,36.97,0.8377,-1,-1,-1
899,-1,960.28,76.75,62.65,42.33,0.6521,-1,-1,-1
899,-1,531.45,275.19,15.26,12.07,0.4369,-1,-1,-1
900,-1,529.96,358.29,218.86,105.80,0.9619,-1,-1,-1
900,-1,1.39,299.46,29.35,36.42,0.8824,-1,-1,-1
900,-1,340.66,331.40,16.54,16.94,0.8355,-1,-1,-1
900,-1,968.82,71.77,55.13,43.03,0.7301,-1,-1,-1
900,-1,535.93,274.25,15.38,12.12,0.5273,-1,-1,-1
901,-1,540.58,358.68,220.52,105.73,0.9614,-1,-1,-1
901,-1,21.61,300.67,26.43,35.94,0.8803,-1,-1,-1
901,-1,351.64,331.78,16.83,16.78,0.8515,-1,-1,-1
901,-1,546.07,274.50,16.18,11.96,0.6367,-1,-1,-1
901,-1,986.25,67.50,37.22,44.66,0.2742,-1,-1,-1
902,-1,548.37,361.22,220.84,106.13,0.9661,-1,-1,-1
902,-1,33.59,301.76,26.49,34.97,0.8675,-1,-1,-1
902,-1,358.65,333.29,16.95,16.52,0.8042,-1,-1,-1
902,-1,997.27,69.78,26.73,41.92,0.7404,-1,-1,-1
902,-1,553.05,275.94,15.27,12.61,0.5325,-1,-1,-1
902,-1,610.44,0.04,97.10,55.61,0.2609,-1,-1,-1
903,-1,555.99,357.45,223.10,106.32,0.9650,-1,-1,-1
903,-1,46.07,302.91,25.76,34.26,0.8666,-1,-1,-1
903,-1,366.68,331.85,16.27,16.54,0.7502,-1,-1,-1
903,-1,0.00,215.88,28.42,29.38,0.5785,-1,-1,-1
903,-1,560.11,273.44,15.25,12.16,0.2710,-1,-1,-1
904,-1,568.71,357.89,223.20,106.52,0.9586,-1,-1,-1
904,-1,6.61,218.75,37.16,28.53,0.8898,-1,-1,-1
904,-1,61.41,303.61,25.17,33.90,0.8786,-1,-1,-1
904,-1,376.35,332.23,16.33,16.26,0.8068,-1,-1,-1
904,-1,568.98,273.07,15.48,12.71,0.6376,-1,-1,-1
905,-1,577.74,357.89,225.34,106.92,0.9647,-1,-1,-1
905,-1,20.56,220.46,35.40,28.61,0.8820,-1,-1,-1
905,-1,74.19,304.40,24.51,33.41,0.8726,-1,-1,-1
905,-1,384.20,332.52,16.40,16.26,0.8180,-1,-1,-1
905,-1,576.62,273.25,15.61,12.56,0.3561,-1,-1,-1
906,-1,584.13,358.77,226.22,107.38,0.9634,-1,-1,-1
906,-1,31.93,222.40,35.61,27.77,0.8904,-1,-1,-1
906,-1,84.30,304.78,24.01,33.40,0.8742,-1,-1,-1
906,-1,390.23,332.95,16.56,16.46,0.7661,-1,-1,-1
907,-1,588.54,359.86,228.75,107.68,0.9676,-1,-1,-1
907,-1,41.64,223.65,35.11,27.76,0.8947,-1,-1,-1
907,-1,92.77,305.57,24.52,33.56,0.8349,-1,-1,-1
907,-1,395.92,333.73,16.21,16.36,0.7213,-1,-1,-1
907,-1,0.00,198.65,15.31,28.92,0.3423,-1,-1,-1
907,-1,588.58,274.70,16.11,11.90,0.2886,-1,-1,-1
908,-1,593.67,360.63,229.45,107.81,0.9702,-1,-1,-1
908,-1,100.23,305.99,23.73,32.74,0.8778,-1,-1,-1
908,-1,49.82,224.23,34.69,28.18,0.8735,-1,-1,-1
908,-1,0.00,201.45,24.43,30.67,0.8593,-1,-1,-1
908,-1,400.90,333.93,15.73,16.17,0.6388,-1,-1,-1
908,-1,593.26,274.93,16.53,12.27,0.6085,-1,-1,-1
909,-1,596.79,360.68,229.46,108.04,0.9680,-1,-1,-1
909,-1,0.02,202.82,30.82,29.50,0.8980,-1,-1,-1
909,-1,56.65,225.73,33.74,27.29,0.8961,-1,-1,-1
909,-1,106.12,306.66,23.20,32.24,0.8575,-1,-1,-1
909,-1,404.95,334.01,15.79,16.25,0.7430,-1,-1,-1
910,-1,599.54,358.18,231.52,108.59,0.9673,-1,-1,-1
910,-1,0.02,204.37,38.61,29.07,0.9200,-1,-1,-1
910,-1,64.18,227.01,32.58,26.59,0.8866,-1,-1,-1
910,-1,113.94,307.34,22.35,31.85,0.8524,-1,-1,-1
910,-1,409.91,333.35,15.54,15.95,0.5203,-1,-1,-1
911,-1,603.91,355.86,235.27,108.74,0.9671,-1,-1,-1
911,-1,7.34,206.05,41.20,28.96,0.9113,-1,-1,-1
911,-1,73.50,227.97,32.89,26.66,0.9026,-1,-1,-1
911,-1,122.98,307.12,22.48,32.04,0.8605,-1,-1,-1
911,-1,416.09,332.25,16.12,16.13,0.7374,-1,-1,-1
912,-1,608.77,356.88,235.20,108.66,0.9667,-1,-1,-1
912,-1,17.41,207.68,40.74,28.54,0.9136,-1,-1,-1
912,-1,82.44,228.93,33.06,26.69,0.8833,-1,-1,-1
912,-1,131.11,307.96,21.98,31.97,0.8635,-1,-1,-1
912,-1,421.51,332.78,15.62,15.87,0.7084,-1,-1,-1
913,-1,613.10,356.90,236.03,108.83,0.9652,-1,-1,-1
913,-1,26.37,208.96,39.79,28.26,0.9144,-1,-1,-1
913,-1,90.54,230.29,31.90,26.35,0.8935,-1,-1,-1
913,-1,138.48,308.40,21.70,31.76,0.8575,-1,-1,-1
913,-1,426.25,332.61,15.39,16.07,0.5643,-1,-1,-1
914,-1,616.59,355.46,238.65,109.60,0.9673,-1,-1,-1
914,-1,34.97,210.53,39.21,27.89,0.9137,-1,-1,-1
914,-1,98.68,231.00,30.67,26.33,0.8698,-1,-1,-1
914,-1,145.67,308.92,21.71,31.75,0.8603,-1,-1,-1
914,-1,431.47,332.03,16.15,16.45,0.7042,-1,-1,-1
915,-1,621.16,355.09,241.86,109.90,0.9631,-1,-1,-1
915,-1,47.32,212.18,38.28,27.82,0.9146,-1,-1,-1
915,-1,109.22,232.35,31.01,26.15,0.8849,-1,-1,-1
915,-1,156.24,309.03,20.72,31.43,0.8679,-1,-1,-1
915,-1,438.39,332.23,15.61,16.04,0.6199,-1,-1,-1
916,-1,634.92,356.06,243.47,110.13,0.9662,-1,-1,-1
916,-1,65.85,214.91,36.83,27.45,0.9102,-1,-1,-1
916,-1,125.89,234.54,30.34,25.87,0.8761,-1,-1,-1
916,-1,170.88,310.14,20.75,30.87,0.8654,-1,-1,-1
916,-1,449.30,332.94,15.56,15.80,0.5128,-1,-1,-1
916,-1,641.55,270.58,16.40,12.12,0.3330,-1,-1,-1
917,-1,640.31,358.78,246.78,110.95,0.9649,-1,-1,-1
917,-1,75.82,216.39,36.15,27.27,0.9100,-1,-1,-1
917,-1,134.74,236.04,29.61,25.50,0.8748,-1,-1,-1
917,-1,178.43,311.08,20.04,30.04,0.8595,-1,-1,-1
917,-1,454.52,334.20,15.40,15.89,0.4106,-1,-1,-1
917,-1,647.62,271.99,16.14,12.52,0.4068,-1,-1,-1
918,-1,645.00,354.81,245.81,111.09,0.9695,-1,-1,-1
918,-1,81.73,217.13,35.86,27.02,0.9040,-1,-1,-1
918,-1,140.37,235.91,28.24,25.62,0.8865,-1,-1,-1
918,-1,183.93,310.69,20.56,30.76,0.8666,-1,-1,-1
918,-1,651.72,269.52,16.39,12.10,0.3394,-1,-1,-1
918,-1,458.46,332.20,15.78,16.13,0.3037,-1,-1,-1
919,-1,654.30,358.08,250.02,111.57,0.9667,-1,-1,-1
919,-1,96.18,219.52,35.07,26.47,0.9165,-1,-1,-1
919,-1,152.83,237.98,29.04,24.98,0.8661,-1,-1,-1
919,-1,195.55,311.66,19.47,30.28,0.8625,-1,-1,-1
919,-1,467.13,334.25,15.47,15.82,0.5342,-1,-1,-1
920,-1,664.97,355.98,252.98,112.33,0.9476,-1,-1,-1
920,-1,106.49,220.41,34.43,26.55,0.9047,-1,-1,-1
920,-1,204.04,311.62,19.97,30.32,0.8833,-1,-1,-1
920,-1,162.65,238.81,28.29,24.96,0.8709,-1,-1,-1
920,-1,473.91,333.18,15.44,15.78,0.4731,-1,-1,-1
921,-1,677.33,355.03,257.39,113.12,0.9276,-1,-1,-1
921,-1,122.78,222.75,33.82,26.18,0.9016,-1,-1,-1
921,-1,177.29,240.35,27.68,24.86,0.8664,-1,-1,-1
921,-1,218.31,312.61,18.85,29.66,0.8151,-1,-1,-1
921,-1,484.20,333.32,15.72,15.66,0.5958,-1,-1,-1
922,-1,684.56,356.99,260.96,113.61,0.9686,-1,-1,-1
922,-1,134.18,224.16,33.14,26.15,0.8982,-1,-1,-1
922,-1,187.39,241.95,27.35,24.32,0.8460,-1,-1,-1
922,-1,227.03,313.30,18.80,29.81,0.8398,-1,-1,-1
922,-1,491.38,334.10,15.56,15.73,0.3731,-1,-1,-1
923,-1,692.88,354.25,264.46,114.81,0.9402,-1,-1,-1
923,-1,143.04,225.27,32.72,25.88,0.8939,-1,-1,-1
923,-1,195.66,242.70,27.09,23.94,0.8434,-1,-1,-1
923,-1,234.92,313.39,18.71,29.38,0.8326,-1,-1,-1
923,-1,497.69,333.10,15.48,15.78,0.4475,-1,-1,-1
924,-1,706.14,352.62,268.70,115.59,0.9356,-1,-1,-1
924,-1,156.70,226.47,32.25,25.83,0.8944,-1,-1,-1
924,-1,208.35,243.65,25.11,23.83,0.8791,-1,-1,-1
924,-1,246.31,313.39,18.65,29.42,0.8489,-1,-1,-1
924,-1,704.21,265.65,17.83,12.82,0.3012,-1,-1,-1
924,-1,506.69,332.34,15.56,15.86,0.2915,-1,-1,-1
925,-1,715.90,355.16,272.41,116.46,0.9376,-1,-1,-1
925,-1,168.85,228.40,31.51,25.58,0.9053,-1,-1,-1
925,-1,219.32,244.48,25.57,24.67,0.8800,-1,-1,-1
925,-1,256.54,315.55,18.14,28.31,0.7995,-1,-1,-1
925,-1,514.84,333.80,15.61,15.65,0.4791,-1,-1,-1
926,-1,723.24,354.50,277.25,117.20,0.9378,-1,-1,-1
926,-1,177.70,229.56,30.45,25.25,0.8990,-1,-1,-1
926,-1,227.36,245.76,25.24,23.83,0.8662,-1,-1,-1
926,-1,264.45,315.91,17.75,27.98,0.7626,-1,-1,-1
926,-1,720.48,266.38,18.23,12.73,0.5934,-1,-1,-1
926,-1,521.42,333.73,15.37,15.58,0.3864,-1,-1,-1
927,-1,728.63,352.51,280.95,117.80,0.9396,-1,-1,-1
927,-1,184.48,230.25,30.41,25.12,0.9006,-1,-1,-1
927,-1,233.58,246.07,25.53,23.80,0.8574,-1,-1,-1
927,-1,270.69,315.43,17.67,27.79,0.8205,-1,-1,-1
927,-1,526.46,332.38,15.41,15.73,0.3581,-1,-1,-1
927,-1,726.73,264.49,17.72,12.89,0.3340,-1,-1,-1
928,-1,732.32,351.75,283.92,118.32,0.9428,-1,-1,-1
928,-1,190.46,230.95,30.51,24.99,0.8982,-1,-1,-1
928,-1,239.64,246.77,24.76,23.42,0.8745,-1,-1,-1
928,-1,276.66,315.38,17.49,28.33,0.8119,-1,-1,-1
928,-1,531.10,332.07,15.69,16.13,0.4114,-1,-1,-1
929,-1,740.71,351.67,282.32,119.01,0.9394,-1,-1,-1
929,-1,200.70,232.26,29.35,24.85,0.8935,-1,-1,-1
929,-1,248.87,247.43,23.67,23.46,0.8675,-1,-1,-1
929,-1,284.76,315.67,17.76,28.48,0.8025,-1,-1,-1
929,-1,538.30,332.05,15.36,16.09,0.5578,-1,-1,-1
930,-1,749.95,352.78,274.05,119.93,0.9398,-1,-1,-1
930,-1,211.63,233.79,29.10,24.59,0.8871,-1,-1,-1
930,-1,294.01,316.55,17.61,28.26,0.8264,-1,-1,-1
930,-1,258.91,248.37,24.19,23.95,0.8133,-1,-1,-1
930,-1,546.12,332.78,15.34,15.93,0.5111,-1,-1,-1
931,-1,761.88,351.26,262.12,121.26,0.9435,-1,-1,-1
931,-1,222.27,234.66,28.99,24.51,0.8829,-1,-1,-1
931,-1,268.77,249.64,23.82,23.09,0.8701,-1,-1,-1
931,-1,303.66,316.60,17.23,27.42,0.7828,-1,-1,-1
931,-1,554.65,331.84,15.59,16.35,0.4300,-1,-1,-1
932,-1,773.42,350.80,250.21,122.90,0.9453,-1,-1,-1
932,-1,233.64,235.73,28.40,24.36,0.8945,-1,-1,-1
932,-1,279.54,250.94,23.20,22.42,0.8426,-1,-1,-1
932,-1,562.93,332.21,16.27,16.03,0.6521,-1,-1,-1
932,-1,313.60,317.08,16.98,27.35,0.4992,-1,-1,-1
933,-1,779.52,350.80,244.39,123.55,0.9604,-1,-1,-1
933,-1,242.18,236.70,27.60,24.22,0.8918,-1,-1,-1
933,-1,287.50,251.53,23.36,22.32,0.8559,-1,-1,-1
933,-1,321.28,317.88,16.91,26.73,0.6437,-1,-1,-1
933,-1,570.04,332.03,15.41,16.16,0.6110,-1,-1,-1
933,-1,0.00,247.84,5.04,25.52,0.3270,-1,-1,-1
934,-1,786.22,350.25,237.54,124.27,0.9653,-1,-1,-1
934,-1,248.35,237.38,27.58,24.03,0.8920,-1,-1,-1
934,-1,293.07,251.67,23.43,22.57,0.8624,-1,-1,-1
934,-1,326.71,317.15,17.02,27.99,0.8067,-1,-1,-1
934,-1,0.00,246.21,14.40,28.69,0.7816,-1,-1,-1
934,-1,575.07,331.77,15.88,16.27,0.7254,-1,-1,-1
935,-1,800.95,350.00,223.05,125.62,0.9658,-1,-1,-1
935,-1,261.38,239.11,26.93,23.69,0.8874,-1,-1,-1
935,-1,3.12,248.23,30.07,28.54,0.8830,-1,-1,-1
935,-1,305.27,252.42,22.55,22.79,0.8639,-1,-1,-1
935,-1,338.25,318.32,16.63,26.91,0.5417,-1,-1,-1
935,-1,585.80,331.63,15.36,16.55,0.4496,-1,-1,-1
935,-1,797.03,258.02,21.44,13.43,0.2625,-1,-1,-1
936,-1,814.58,349.62,209.36,126.71,0.9513,-1,-1,-1
936,-1,273.08,240.04,26.73,23.81,0.8869,-1,-1,-1
936,-1,20.88,250.51,28.74,29.06,0.8731,-1,-1,-1
936,-1,316.16,252.33,22.52,23.73,0.8672,-1,-1,-1
936,-1,348.53,318.85,16.84,26.56,0.7194,-1,-1,-1
936,-1,595.00,331.95,16.37,16.06,0.6113,-1,-1,-1
936,-1,995.01,334.17,15.12,14.77,0.3657,-1,-1,-1
937,-1,828.00,349.13,196.00,128.19,0.9494,-1,-1,-1
937,-1,281.97,241.00,26.54,23.70,0.8855,-1,-1,-1
937,-1,33.90,252.48,28.35,27.11,0.8841,-1,-1,-1
937,-1,324.71,254.42,22.93,22.49,0.8623,-1,-1,-1
937,-1,356.50,319.11,16.44,26.44,0.7313,-1,-1,-1
937,-1,602.73,331.52,16.18,16.51,0.6420,-1,-1,-1
938,-1,838.78,348.32,185.22,128.52,0.9248,-1,-1,-1
938,-1,42.30,253.79,27.97,27.38,0.8829,-1,-1,-1
938,-1,288.22,241.59,26.31,23.70,0.8765,-1,-1,-1
938,-1,330.65,254.79,22.29,22.48,0.8609,-1,-1,-1
938,-1,607.67,331.69,16.10,16.20,0.7800,-1,-1,-1
938,-1,1016.23,333.20,7.77,17.04,0.4102,-1,-1,-1
938,-1,361.96,319.39,15.68,26.18,0.3979,-1,-1,-1
939,-1,850.24,347.91,173.76,129.80,0.9094,-1,-1,-1
939,-1,52.11,253.73,27.43,27.12,0.8815,-1,-1,-1
939,-1,294.95,241.67,25.62,23.19,0.8780,-1,-1,-1
939,-1,336.56,254.64,22.76,22.23,0.8440,-1,-1,-1
939,-1,613.54,331.12,15.95,16.28,0.7849,-1,-1,-1
939,-1,368.07,318.21,16.19,27.27,0.7077,-1,-1,-1
939,-1,850.54,348.15,173.46,129.96,0.5849,-1,-1,-1
940,-1,61.58,254.50,27.17,27.66,0.8786,-1,-1,-1
940,-1,301.72,241.96,25.33,23.19,0.8749,-1,-1,-1
940,-1,343.37,254.72,22.06,22.39,0.8454,-1,-1,-1
940,-1,860.02,347.52,163.98,131.32,0.8049,-1,-1,-1
940,-1,619.54,330.93,16.33,16.41,0.7468,-1,-1,-1
940,-1,374.09,318.64,16.27,26.64,0.7288,-1,-1,-1
940,-1,859.88,348.13,164.12,131.11,0.6323,-1,-1,-1
941,-1,307.60,243.63,25.40,23.41,0.8955,-1,-1,-1
941,-1,868.09,347.41,155.91,133.48,0.8921,-1,-1,-1
941,-1,70.46,257.51,26.34,27.75,0.8705,-1,-1,-1
941,-1,349.08,256.29,21.60,22.20,0.8517,-1,-1,-1
941,-1,625.12,331.22,16.04,16.71,0.7562,-1,-1,-1
941,-1,379.62,319.41,16.52,26.78,0.6824,-1,-1,-1
941,-1,868.31,347.49,155.69,133.56,0.5596,-1,-1,-1
942,-1,315.80,244.59,25.21,23.21,0.8949,-1,-1,-1
942,-1,81.71,258.91,26.24,26.72,0.8772,-1,-1,-1
942,-1,356.47,256.41,22.17,22.56,0.8509,-1,-1,-1
942,-1,882.13,349.72,141.87,129.98,0.8165,-1,-1,-1
942,-1,632.49,331.26,16.30,16.42,0.8063,-1,-1,-1
942,-1,881.87,349.62,142.13,131.52,0.6413,-1,-1,-1
942,-1,387.24,320.13,15.93,26.30,0.3447,-1,-1,-1
943,-1,321.60,245.05,25.19,23.17,0.8882,-1,-1,-1
943,-1,89.94,260.01,25.89,27.10,0.8743,-1,-1,-1
943,-1,362.64,257.18,21.70,22.29,0.8577,-1,-1,-1
943,-1,891.85,348.54,132.13,129.33,0.8309,-1,-1,-1
943,-1,637.53,331.12,16.07,16.50,0.7683,-1,-1,-1
943,-1,391.82,320.28,16.49,26.51,0.7277,-1,-1,-1
943,-1,892.29,349.01,131.71,128.98,0.6224,-1,-1,-1
944,-1,322.17,243.08,25.35,23.47,0.8786,-1,-1,-1
944,-1,89.90,257.92,25.97,26.92,0.8775,-1,-1,-1
944,-1,362.82,255.32,21.73,22.66,0.8573,-1,-1,-1
944,-1,637.82,330.68,16.10,16.43,0.7752,-1,-1,-1
944,-1,893.81,347.40,130.19,130.46,0.7552,-1,-1,-1
944,-1,392.07,318.74,16.26,26.86,0.6484,-1,-1,-1
944,-1,894.31,348.19,129.69,129.77,0.6348,-1,-1,-1
945,-1,322.23,243.14,25.26,23.59,0.8775,-1,-1,-1
945,-1,89.92,258.07,25.95,26.79,0.8770,-1,-1,-1
945,-1,363.07,255.62,21.46,22.48,0.8549,-1,-1,-1
945,-1,637.76,330.69,16.12,16.52,0.8275,-1,-1,-1
945,-1,893.74,346.82,130.26,130.35,0.7867,-1,-1,-1
945,-1,392.16,318.84,16.18,26.85,0.6948,-1,-1,-1
945,-1,894.25,347.72,129.75,129.77,0.5225,-1,-1,-1
946,-1,321.99,244.53,25.10,23.29,0.8885,-1,-1,-1
946,-1,90.23,259.32,25.65,26.38,0.8785,-1,-1,-1
946,-1,362.53,256.76,21.91,22.16,0.8569,-1,-1,-1
946,-1,893.57,347.96,130.43,130.48,0.7572,-1,-1,-1
946,-1,637.74,330.97,15.90,16.55,0.7441,-1,-1,-1
946,-1,392.03,319.61,16.39,26.79,0.6791,-1,-1,-1
946,-1,893.08,347.20,130.92,131.30,0.6713,-1,-1,-1
947,-1,321.75,245.16,25.07,22.98,0.8875,-1,-1,-1
947,-1,90.08,259.92,25.72,26.76,0.8735,-1,-1,-1
947,-1,362.58,257.18,21.87,22.24,0.8610,-1,-1,-1
947,-1,637.61,331.13,15.98,16.53,0.7939,-1,-1,-1
947,-1,892.70,347.38,131.30,131.59,0.7206,-1,-1,-1
947,-1,893.13,348.06,130.87,130.63,0.6978,-1,-1,-1
947,-1,391.98,320.11,16.42,26.53,0.6633,-1,-1,-1
948,-1,321.68,244.95,25.30,23.30,0.8894,-1,-1,-1
948,-1,90.09,259.88,25.77,26.84,0.8738,-1,-1,-1
948,-1,362.73,257.28,21.71,22.12,0.8594,-1,-1,-1
948,-1,637.59,331.13,16.03,16.52,0.8291,-1,-1,-1
948,-1,892.67,346.92,131.33,132.29,0.7858,-1,-1,-1
948,-1,391.99,320.11,16.33,26.65,0.6911,-1,-1,-1
948,-1,893.10,347.69,130.90,131.11,0.5803,-1,-1,-1
949,-1,321.69,244.96,25.23,23.28,0.8886,-1,-1,-1
949,-1,90.04,259.88,25.83,27.03,0.8741,-1,-1,-1
949,-1,362.63,257.42,21.89,21.98,0.8588,-1,-1,-1
949,-1,637.68,331.08,15.89,16.56,0.8244,-1,-1,-1
949,-1,892.61,347.62,131.39,131.26,0.7784,-1,-1,-1
949,-1,392.05,320.06,16.17,26.70,0.7038,-1,-1,-1
949,-1,893.03,348.26,130.97,130.31,0.6109,-1,-1,-1
950,-1,321.70,245.03,25.21,23.23,0.8891,-1,-1,-1
950,-1,90.03,259.87,25.86,27.01,0.8724,-1,-1,-1
950,-1,362.45,257.41,22.08,22.06,0.8607,-1,-1,-1
950,-1,892.51,347.79,131.49,131.20,0.8483,-1,-1,-1
950,-1,637.69,331.08,15.94,16.56,0.8231,-1,-1,-1
950,-1,392.12,320.10,16.29,26.70,0.7012,-1,-1,-1
950,-1,892.89,348.41,131.11,130.20,0.4550,-1,-1,-1
