1,-1,948.64,142.71,64.49,29.70,0.9220,-1,-1,-1
1,-1,981.04,351.60,42.75,27.64,0.9092,-1,-1,-1
1,-1,98.91,301.70,41.27,17.44,0.8783,-1,-1,-1
1,-1,647.54,367.57,32.63,18.80,0.8740,-1,-1,-1
1,-1,644.42,304.51,22.92,35.69,0.8632,-1,-1,-1
1,-1,699.48,289.17,19.93,23.05,0.8623,-1,-1,-1
1,-1,329.02,270.83,24.78,23.68,0.8585,-1,-1,-1
1,-1,334.09,265.49,39.74,25.37,0.8530,-1,-1,-1
1,-1,307.43,338.46,21.57,14.00,0.8290,-1,-1,-1
1,-1,806.92,365.30,23.97,13.22,0.6081,-1,-1,-1
1,-1,635.05,330.03,21.52,14.75,0.5664,-1,-1,-1
2,-1,948.66,137.33,64.54,29.54,0.9229,-1,-1,-1
2,-1,981.65,346.51,42.35,27.64,0.9082,-1,-1,-1
2,-1,99.54,300.68,40.08,17.23,0.8884,-1,-1,-1
2,-1,699.70,286.96,20.01,23.10,0.8828,-1,-1,-1
2,-1,647.37,365.63,32.80,19.08,0.8776,-1,-1,-1
2,-1,644.27,303.25,23.21,34.72,0.8670,-1,-1,-1
2,-1,329.36,269.01,24.21,23.71,0.8635,-1,-1,-1
2,-1,806.45,364.31,24.42,13.17,0.8473,-1,-1,-1
2,-1,308.27,336.48,20.79,13.74,0.8409,-1,-1,-1
2,-1,634.59,328.30,22.77,15.54,0.6729,-1,-1,-1
2,-1,332.48,263.76,40.75,25.03,0.6115,-1,-1,-1
2,-1,333.17,263.58,37.36,18.76,0.5454,-1,-1,-1
2,-1,388.71,302.98,18.49,14.29,0.2663,-1,-1,-1
3,-1,950.24,149.57,64.40,29.70,0.9216,-1,-1,-1
3,-1,977.93,359.06,46.00,27.65,0.9122,-1,-1,-1
3,-1,100.09,292.27,41.37,17.34,0.8964,-1,-1,-1
3,-1,645.80,369.57,33.77,19.30,0.8883,-1,-1,-1
3,-1,700.41,291.94,19.34,23.16,0.8806,-1,-1,-1
3,-1,644.46,306.38,22.91,35.74,0.8642,-1,-1,-1
3,-1,330.20,265.48,24.34,24.10,0.8532,-1,-1,-1
3,-1,307.16,332.79,21.41,13.91,0.8481,-1,-1,-1
3,-1,333.53,260.76,40.32,25.27,0.8081,-1,-1,-1
3,-1,635.44,331.64,21.10,15.33,0.7486,-1,-1,-1
3,-1,805.81,371.43,25.07,12.89,0.7306,-1,-1,-1
4,-1,946.32,154.41,63.34,29.38,0.9205,-1,-1,-1
4,-1,971.45,363.82,52.51,28.21,0.9130,-1,-1,-1
4,-1,644.52,371.27,33.16,19.26,0.8929,-1,-1,-1
4,-1,98.72,288.84,42.24,17.39,0.8816,-1,-1,-1
4,-1,698.97,294.45,19.47,22.56,0.8699,-1,-1,-1
4,-1,643.23,307.82,22.51,35.96,0.8565,-1,-1,-1
4,-1,328.82,264.43,24.18,23.79,0.8541,-1,-1,-1
4,-1,306.11,331.35,20.62,13.79,0.8229,-1,-1,-1
4,-1,804.61,374.47,24.64,12.93,0.7606,-1,-1,-1
4,-1,333.98,258.63,38.55,26.60,0.7582,-1,-1,-1
4,-1,634.99,332.42,22.57,16.36,0.6066,-1,-1,-1
4,-1,571.66,333.06,15.94,23.13,0.3792,-1,-1,-1
4,-1,333.70,258.79,31.22,16.91,0.3359,-1,-1,-1
5,-1,936.00,150.05,62.94,28.83,0.9204,-1,-1,-1
5,-1,964.12,359.17,59.88,28.26,0.9184,-1,-1,-1
5,-1,96.39,291.76,41.42,17.57,0.8972,-1,-1,-1
5,-1,641.84,369.94,32.72,19.33,0.8913,-1,-1,-1
5,-1,324.63,265.46,24.36,23.76,0.8812,-1,-1,-1
5,-1,695.41,292.16,19.06,22.94,0.8799,-1,-1,-1
5,-1,640.09,307.05,22.33,34.87,0.8509,-1,-1,-1
5,-1,302.69,332.71,20.36,13.88,0.8300,-1,-1,-1
5,-1,329.78,259.99,39.35,25.83,0.7905,-1,-1,-1
5,-1,632.16,331.97,21.88,15.18,0.7774,-1,-1,-1
5,-1,802.95,371.78,25.42,12.85,0.6893,-1,-1,-1
5,-1,569.50,331.68,16.11,24.09,0.5958,-1,-1,-1
6,-1,954.45,344.26,69.55,29.03,0.9315,-1,-1,-1
6,-1,919.84,136.55,62.11,29.19,0.9230,-1,-1,-1
6,-1,689.44,286.64,19.13,22.83,0.8893,-1,-1,-1
6,-1,93.71,301.78,39.94,17.10,0.8821,-1,-1,-1
6,-1,638.65,365.49,32.02,18.91,0.8806,-1,-1,-1
6,-1,317.74,269.30,24.70,23.63,0.8556,-1,-1,-1
6,-1,635.65,303.70,21.89,34.33,0.8549,-1,-1,-1
6,-1,322.06,264.18,40.37,24.74,0.8228,-1,-1,-1
6,-1,297.55,337.19,21.32,13.66,0.8217,-1,-1,-1
6,-1,800.21,363.49,25.22,13.18,0.8198,-1,-1,-1
6,-1,628.37,328.59,25.35,14.79,0.5661,-1,-1,-1
6,-1,566.08,329.48,16.72,24.04,0.4355,-1,-1,-1
7,-1,945.15,342.59,70.87,29.12,0.9272,-1,-1,-1
7,-1,910.94,134.57,60.61,30.04,0.9197,-1,-1,-1
7,-1,636.16,365.19,31.90,18.77,0.8917,-1,-1,-1
7,-1,90.95,302.71,40.84,17.50,0.8831,-1,-1,-1
7,-1,686.29,285.93,18.85,22.87,0.8637,-1,-1,-1
7,-1,799.00,362.47,24.40,13.27,0.8558,-1,-1,-1
7,-1,318.33,264.23,41.02,25.14,0.8543,-1,-1,-1
7,-1,314.52,269.71,24.65,23.83,0.8523,-1,-1,-1
7,-1,632.56,302.83,22.48,34.98,0.8476,-1,-1,-1
7,-1,294.90,337.74,19.91,13.73,0.8427,-1,-1,-1
7,-1,626.83,328.48,25.55,14.51,0.6798,-1,-1,-1
8,-1,938.41,342.71,69.11,28.87,0.9294,-1,-1,-1
8,-1,902.32,134.44,61.43,30.14,0.9228,-1,-1,-1
8,-1,683.43,286.10,19.18,22.82,0.8797,-1,-1,-1
8,-1,633.60,364.94,31.76,18.91,0.8789,-1,-1,-1
8,-1,89.59,303.03,40.17,17.44,0.8765,-1,-1,-1
8,-1,630.33,302.60,21.99,34.80,0.8580,-1,-1,-1
8,-1,292.08,337.83,20.41,13.52,0.8493,-1,-1,-1
8,-1,315.44,263.71,41.13,25.90,0.8430,-1,-1,-1
8,-1,797.94,362.45,23.96,13.20,0.8398,-1,-1,-1
8,-1,310.83,269.91,25.48,23.64,0.8313,-1,-1,-1
8,-1,624.60,328.97,25.92,13.83,0.6750,-1,-1,-1
8,-1,563.03,330.24,16.27,23.05,0.3797,-1,-1,-1
9,-1,931.40,342.62,68.44,28.94,0.9296,-1,-1,-1
9,-1,895.09,134.46,59.93,29.97,0.9174,-1,-1,-1
9,-1,87.84,302.74,40.36,17.91,0.8845,-1,-1,-1
9,-1,630.89,365.01,31.78,18.72,0.8732,-1,-1,-1
9,-1,680.69,285.96,18.79,22.85,0.8702,-1,-1,-1
9,-1,796.39,362.43,23.81,13.18,0.8646,-1,-1,-1
9,-1,627.88,303.07,21.75,34.81,0.8533,-1,-1,-1
9,-1,312.54,264.13,41.45,25.43,0.8240,-1,-1,-1
9,-1,288.99,337.86,20.63,13.72,0.8210,-1,-1,-1
9,-1,308.13,270.03,25.21,23.51,0.6644,-1,-1,-1
9,-1,622.44,328.93,24.66,13.92,0.6371,-1,-1,-1
9,-1,1010.26,434.06,13.74,82.79,0.4375,-1,-1,-1
9,-1,308.24,269.74,25.07,23.94,0.3865,-1,-1,-1
9,-1,309.31,267.55,33.47,23.26,0.3059,-1,-1,-1
9,-1,377.68,303.81,19.85,13.87,0.2760,-1,-1,-1
10,-1,923.46,342.84,67.62,28.84,0.9300,-1,-1,-1
10,-1,887.64,134.74,59.05,29.91,0.9184,-1,-1,-1
10,-1,628.57,365.15,31.59,18.74,0.8946,-1,-1,-1
10,-1,86.04,302.96,40.79,17.61,0.8874,-1,-1,-1
10,-1,677.93,285.83,18.84,22.99,0.8702,-1,-1,-1
10,-1,286.58,337.77,19.96,13.97,0.8602,-1,-1,-1
10,-1,625.77,302.92,21.70,34.77,0.8574,-1,-1,-1
10,-1,794.82,362.43,24.00,13.22,0.8572,-1,-1,-1
10,-1,311.09,263.91,40.42,25.61,0.8485,-1,-1,-1
10,-1,305.27,269.72,25.50,23.96,0.8044,-1,-1,-1
10,-1,1000.22,433.30,23.78,96.89,0.7792,-1,-1,-1
10,-1,621.35,329.75,25.18,13.26,0.6492,-1,-1,-1
10,-1,560.15,329.69,15.97,23.39,0.3499,-1,-1,-1
11,-1,916.71,342.97,66.39,29.07,0.9311,-1,-1,-1
11,-1,880.50,134.98,57.65,29.83,0.9169,-1,-1,-1
11,-1,84.93,302.75,40.11,17.55,0.8779,-1,-1,-1
11,-1,626.11,365.06,31.37,18.93,0.8775,-1,-1,-1
11,-1,674.91,286.17,19.38,22.78,0.8743,-1,-1,-1
11,-1,622.77,303.03,21.64,34.48,0.8631,-1,-1,-1
11,-1,283.22,337.82,20.98,13.51,0.8483,-1,-1,-1
11,-1,302.39,269.86,25.39,23.55,0.8457,-1,-1,-1
11,-1,793.42,362.58,23.44,13.21,0.8316,-1,-1,-1
11,-1,307.30,263.66,41.33,25.79,0.8279,-1,-1,-1
11,-1,990.91,423.25,33.09,120.08,0.8120,-1,-1,-1
11,-1,619.36,329.77,25.01,13.18,0.6522,-1,-1,-1
12,-1,909.66,343.45,65.56,28.96,0.9240,-1,-1,-1
12,-1,873.28,135.01,57.27,30.22,0.9122,-1,-1,-1
12,-1,980.75,423.12,43.25,118.74,0.8801,-1,-1,-1
12,-1,83.32,302.31,40.67,17.63,0.8780,-1,-1,-1
12,-1,672.51,286.50,19.41,22.77,0.8731,-1,-1,-1
12,-1,623.59,365.21,31.31,18.71,0.8695,-1,-1,-1
12,-1,792.34,362.77,23.66,13.33,0.8518,-1,-1,-1
12,-1,620.33,303.68,21.93,34.09,0.8509,-1,-1,-1
12,-1,280.84,337.68,20.68,13.72,0.8388,-1,-1,-1
12,-1,304.34,263.18,41.84,26.21,0.8207,-1,-1,-1
12,-1,299.72,269.56,25.23,23.96,0.6996,-1,-1,-1
12,-1,617.38,329.13,24.89,13.92,0.5982,-1,-1,-1
12,-1,299.33,269.92,26.12,23.46,0.2507,-1,-1,-1
13,-1,902.35,343.71,64.63,29.03,0.9221,-1,-1,-1
13,-1,866.00,135.52,57.02,30.13,0.9141,-1,-1,-1
13,-1,620.97,365.41,31.82,18.85,0.8897,-1,-1,-1
13,-1,971.41,425.58,52.59,123.00,0.8821,-1,-1,-1
13,-1,82.26,301.83,39.78,17.82,0.8758,-1,-1,-1
13,-1,669.99,286.33,18.96,23.06,0.8695,-1,-1,-1
13,-1,618.33,304.16,21.72,33.54,0.8451,-1,-1,-1
13,-1,302.00,263.20,41.77,25.87,0.8430,-1,-1,-1
13,-1,790.50,363.09,24.79,13.22,0.8326,-1,-1,-1
13,-1,278.78,337.37,20.04,13.89,0.8322,-1,-1,-1
13,-1,297.36,269.53,25.16,23.74,0.8108,-1,-1,-1
13,-1,976.42,0.00,47.58,35.19,0.5356,-1,-1,-1
13,-1,555.76,329.73,16.16,23.59,0.4071,-1,-1,-1
13,-1,615.83,330.10,24.90,13.10,0.3994,-1,-1,-1
13,-1,615.40,329.67,25.59,13.72,0.3460,-1,-1,-1
14,-1,894.28,344.08,64.50,29.04,0.9201,-1,-1,-1
14,-1,858.99,136.37,55.60,29.74,0.9100,-1,-1,-1
14,-1,961.60,426.04,62.40,127.60,0.8961,-1,-1,-1
14,-1,80.24,301.37,40.13,17.76,0.8915,-1,-1,-1
14,-1,667.22,286.86,18.87,22.75,0.8786,-1,-1,-1
14,-1,618.49,365.61,31.46,18.77,0.8754,-1,-1,-1
14,-1,615.55,304.42,21.97,32.84,0.8612,-1,-1,-1
14,-1,294.53,269.31,25.01,23.56,0.8504,-1,-1,-1
14,-1,300.68,262.95,40.40,26.17,0.8338,-1,-1,-1
14,-1,276.48,337.28,19.74,13.55,0.8142,-1,-1,-1
14,-1,788.63,363.47,25.21,13.08,0.7792,-1,-1,-1
14,-1,614.84,330.41,23.55,12.97,0.4925,-1,-1,-1
14,-1,965.84,0.00,58.16,43.16,0.4058,-1,-1,-1
15,-1,951.60,426.84,72.40,122.39,0.9349,-1,-1,-1
15,-1,851.91,137.20,54.41,29.47,0.9205,-1,-1,-1
15,-1,888.19,344.79,63.15,28.85,0.9170,-1,-1,-1
15,-1,78.65,300.93,40.23,17.64,0.8924,-1,-1,-1
15,-1,664.64,286.95,18.66,22.82,0.8733,-1,-1,-1
15,-1,616.87,365.71,30.43,18.95,0.8598,-1,-1,-1
15,-1,291.05,268.76,25.72,24.07,0.8460,-1,-1,-1
15,-1,613.47,303.79,22.01,34.01,0.8424,-1,-1,-1
15,-1,787.68,363.83,24.08,13.24,0.8402,-1,-1,-1
15,-1,297.11,263.29,41.27,25.73,0.8390,-1,-1,-1
15,-1,273.34,336.91,20.56,13.70,0.8104,-1,-1,-1
15,-1,959.20,0.00,64.80,46.11,0.7256,-1,-1,-1
15,-1,552.51,329.59,16.19,23.76,0.5034,-1,-1,-1
15,-1,612.88,330.39,24.43,13.14,0.4732,-1,-1,-1
16,-1,942.43,427.70,81.57,125.86,0.9366,-1,-1,-1
16,-1,845.27,137.21,53.56,29.87,0.9184,-1,-1,-1
16,-1,880.30,345.58,62.54,28.47,0.9125,-1,-1,-1
16,-1,77.28,300.15,40.67,17.79,0.8871,-1,-1,-1
16,-1,614.41,365.82,30.50,19.04,0.8784,-1,-1,-1
16,-1,288.89,268.74,25.41,23.78,0.8644,-1,-1,-1
16,-1,662.28,286.95,18.45,23.18,0.8631,-1,-1,-1
16,-1,295.16,262.44,41.54,26.19,0.8469,-1,-1,-1
16,-1,611.59,304.13,21.17,33.15,0.8409,-1,-1,-1
16,-1,270.78,336.73,20.19,13.79,0.8295,-1,-1,-1
16,-1,785.98,364.29,24.42,13.07,0.8193,-1,-1,-1
16,-1,947.45,0.00,76.45,48.81,0.7255,-1,-1,-1
16,-1,551.14,329.99,16.34,23.20,0.6623,-1,-1,-1
16,-1,611.46,330.01,24.97,13.64,0.5376,-1,-1,-1
16,-1,367.99,302.88,21.14,14.05,0.3990,-1,-1,-1
17,-1,932.46,428.30,91.54,124.56,0.9466,-1,-1,-1
17,-1,873.38,345.82,61.31,28.82,0.9208,-1,-1,-1
17,-1,838.18,137.78,52.91,29.62,0.9187,-1,-1,-1
17,-1,75.76,299.91,40.48,17.49,0.8937,-1,-1,-1
17,-1,286.39,268.66,25.13,23.85,0.8636,-1,-1,-1
17,-1,611.89,365.89,30.58,18.95,0.8628,-1,-1,-1
17,-1,659.17,287.44,18.76,22.94,0.8612,-1,-1,-1
17,-1,293.83,262.93,40.20,25.38,0.8608,-1,-1,-1
17,-1,267.52,336.24,20.82,13.79,0.8523,-1,-1,-1
17,-1,609.18,303.61,21.74,34.41,0.8342,-1,-1,-1
17,-1,784.14,364.61,24.49,13.15,0.8191,-1,-1,-1
17,-1,939.64,0.00,84.36,48.10,0.7568,-1,-1,-1
17,-1,610.26,329.97,22.86,13.99,0.4105,-1,-1,-1
18,-1,922.74,428.87,101.26,127.86,0.9464,-1,-1,-1
18,-1,866.13,346.27,60.45,28.80,0.9211,-1,-1,-1
18,-1,830.45,138.42,52.74,29.43,0.9191,-1,-1,-1
18,-1,74.28,299.66,40.14,17.15,0.8996,-1,-1,-1
18,-1,656.97,287.28,18.54,23.26,0.8697,-1,-1,-1
18,-1,609.75,366.17,29.93,19.36,0.8685,-1,-1,-1
18,-1,264.87,335.93,20.96,13.73,0.8542,-1,-1,-1
18,-1,930.67,0.08,93.33,48.61,0.8474,-1,-1,-1
18,-1,606.76,303.69,21.58,34.99,0.8258,-1,-1,-1
18,-1,288.83,262.95,42.83,25.39,0.8245,-1,-1,-1
18,-1,782.99,365.08,23.78,13.14,0.8053,-1,-1,-1
18,-1,283.57,268.18,25.39,23.72,0.7671,-1,-1,-1
18,-1,608.85,331.55,22.86,12.58,0.2504,-1,-1,-1
19,-1,913.10,429.33,110.90,124.62,0.9470,-1,-1,-1
19,-1,824.00,138.50,50.96,29.84,0.9204,-1,-1,-1
19,-1,859.20,347.00,59.77,28.60,0.9184,-1,-1,-1
19,-1,72.30,299.21,40.42,17.12,0.8968,-1,-1,-1
19,-1,281.37,268.11,24.91,23.53,0.8687,-1,-1,-1
19,-1,923.43,0.06,100.52,47.87,0.8644,-1,-1,-1
19,-1,654.43,287.56,18.83,23.11,0.8449,-1,-1,-1
19,-1,286.77,262.57,42.76,25.50,0.8419,-1,-1,-1
19,-1,607.33,366.29,30.21,19.04,0.8374,-1,-1,-1
19,-1,262.37,335.60,20.82,13.70,0.8372,-1,-1,-1
19,-1,781.35,365.34,25.23,13.15,0.8288,-1,-1,-1
19,-1,604.73,304.24,21.42,34.21,0.8206,-1,-1,-1
19,-1,1001.83,273.66,22.17,57.55,0.3597,-1,-1,-1
19,-1,1001.97,273.42,22.03,58.23,0.3276,-1,-1,-1
20,-1,901.13,430.02,122.87,123.25,0.9524,-1,-1,-1
20,-1,852.37,347.38,58.22,28.82,0.9242,-1,-1,-1
20,-1,816.95,139.14,50.11,29.37,0.9171,-1,-1,-1
20,-1,70.72,298.70,40.68,17.08,0.8964,-1,-1,-1
20,-1,284.34,263.19,42.51,24.57,0.8814,-1,-1,-1
20,-1,910.59,0.09,113.41,47.93,0.8787,-1,-1,-1
20,-1,605.21,366.48,29.63,18.95,0.8652,-1,-1,-1
20,-1,259.11,335.32,21.66,13.77,0.8592,-1,-1,-1
20,-1,651.37,287.68,19.33,23.33,0.8409,-1,-1,-1
20,-1,780.36,365.72,23.84,13.07,0.8378,-1,-1,-1
20,-1,602.97,304.97,21.29,36.90,0.7650,-1,-1,-1
20,-1,990.44,363.88,33.56,40.68,0.6089,-1,-1,-1
20,-1,278.49,267.78,24.82,23.94,0.5944,-1,-1,-1
20,-1,278.16,267.77,25.10,23.96,0.4740,-1,-1,-1
20,-1,993.23,271.10,30.77,64.12,0.3976,-1,-1,-1
20,-1,993.38,270.97,30.62,63.54,0.3489,-1,-1,-1
21,-1,890.31,430.29,126.38,123.58,0.9561,-1,-1,-1
21,-1,809.18,139.55,50.09,29.19,0.9236,-1,-1,-1
21,-1,845.27,347.80,57.32,28.50,0.9219,-1,-1,-1
21,-1,69.69,298.43,40.50,17.11,0.8968,-1,-1,-1
21,-1,900.64,0.03,123.36,48.37,0.8862,-1,-1,-1
21,-1,257.30,335.34,20.26,13.99,0.8609,-1,-1,-1
21,-1,602.87,366.76,29.11,18.91,0.8577,-1,-1,-1
21,-1,282.00,263.12,41.50,24.61,0.8356,-1,-1,-1
21,-1,778.82,365.75,24.08,13.27,0.8348,-1,-1,-1
21,-1,648.73,287.87,18.57,23.14,0.7988,-1,-1,-1
21,-1,274.26,267.49,26.20,23.73,0.6193,-1,-1,-1
21,-1,981.02,360.39,42.98,47.86,0.6179,-1,-1,-1
21,-1,599.87,304.55,22.37,36.98,0.5500,-1,-1,-1
21,-1,275.25,267.43,25.63,23.78,0.4527,-1,-1,-1
21,-1,984.80,267.51,39.20,66.07,0.4514,-1,-1,-1
21,-1,543.97,330.34,16.09,23.20,0.4191,-1,-1,-1
21,-1,984.70,266.85,39.30,66.54,0.3923,-1,-1,-1
22,-1,881.90,430.87,124.10,123.39,0.9554,-1,-1,-1
22,-1,802.09,139.85,49.06,28.95,0.9276,-1,-1,-1
22,-1,835.61,347.81,58.99,28.68,0.9165,-1,-1,-1
22,-1,67.44,298.30,40.66,17.14,0.8931,-1,-1,-1
22,-1,885.32,0.05,138.68,48.50,0.8731,-1,-1,-1
22,-1,279.85,262.83,41.12,24.65,0.8717,-1,-1,-1
22,-1,254.78,334.92,19.98,14.22,0.8583,-1,-1,-1
22,-1,777.13,365.82,23.85,13.33,0.8246,-1,-1,-1
22,-1,597.81,304.79,22.59,38.32,0.7526,-1,-1,-1
22,-1,600.58,367.25,29.10,17.95,0.7234,-1,-1,-1
22,-1,646.54,287.89,18.50,23.16,0.7152,-1,-1,-1
22,-1,272.56,267.28,25.40,23.95,0.6862,-1,-1,-1
22,-1,999.52,234.84,24.48,21.63,0.6632,-1,-1,-1
22,-1,975.57,265.87,48.43,67.69,0.4576,-1,-1,-1
22,-1,975.61,266.50,48.37,65.67,0.4541,-1,-1,-1
22,-1,600.37,366.96,29.08,11.92,0.2888,-1,-1,-1
22,-1,972.29,352.80,51.71,105.40,0.2867,-1,-1,-1
22,-1,272.75,267.58,24.89,23.43,0.2701,-1,-1,-1
23,-1,871.30,430.44,122.86,123.88,0.9534,-1,-1,-1
23,-1,794.82,139.71,48.29,28.97,0.9259,-1,-1,-1
23,-1,830.64,347.71,55.61,28.97,0.9148,-1,-1,-1
23,-1,66.10,298.26,40.18,17.10,0.8973,-1,-1,-1
23,-1,277.23,262.96,41.51,24.47,0.8876,-1,-1,-1
23,-1,879.47,0.05,144.53,48.63,0.8854,-1,-1,-1
23,-1,251.16,335.08,21.21,14.24,0.8655,-1,-1,-1
23,-1,990.14,235.56,33.86,21.10,0.8654,-1,-1,-1
23,-1,598.26,366.98,28.77,18.39,0.8546,-1,-1,-1
23,-1,595.40,305.66,23.35,38.30,0.8406,-1,-1,-1
23,-1,966.92,267.15,57.08,63.61,0.8239,-1,-1,-1
23,-1,643.14,287.85,19.41,22.95,0.8102,-1,-1,-1
23,-1,776.15,365.90,23.27,13.23,0.7688,-1,-1,-1
23,-1,963.61,348.68,60.39,96.40,0.6430,-1,-1,-1
23,-1,270.29,267.38,24.54,24.41,0.4989,-1,-1,-1
23,-1,270.12,267.36,24.48,24.40,0.4524,-1,-1,-1
24,-1,862.66,430.52,120.30,124.09,0.9576,-1,-1,-1
24,-1,787.47,139.36,47.03,29.27,0.9240,-1,-1,-1
24,-1,822.99,347.54,55.06,29.11,0.9173,-1,-1,-1
24,-1,876.70,0.00,144.36,48.51,0.9118,-1,-1,-1
24,-1,63.42,298.29,41.12,17.03,0.8977,-1,-1,-1
24,-1,248.88,335.15,20.57,14.04,0.8707,-1,-1,-1
24,-1,958.53,266.70,65.47,63.49,0.8703,-1,-1,-1
24,-1,980.53,235.05,38.40,22.08,0.8457,-1,-1,-1
24,-1,273.46,262.97,42.35,24.47,0.8447,-1,-1,-1
24,-1,267.23,267.06,24.86,24.05,0.8182,-1,-1,-1
24,-1,592.97,305.37,24.74,39.09,0.8105,-1,-1,-1
24,-1,640.08,287.72,19.52,23.32,0.8102,-1,-1,-1
24,-1,596.10,367.80,27.98,17.58,0.7899,-1,-1,-1
24,-1,954.71,345.89,69.29,96.79,0.7822,-1,-1,-1
24,-1,774.22,366.02,24.17,12.93,0.7421,-1,-1,-1
24,-1,539.07,330.36,16.35,23.49,0.3520,-1,-1,-1
25,-1,852.47,430.16,118.93,123.71,0.9562,-1,-1,-1
25,-1,779.69,139.09,46.29,29.42,0.9210,-1,-1,-1
25,-1,814.77,347.18,55.04,28.91,0.9150,-1,-1,-1
25,-1,949.80,267.16,74.20,63.49,0.9011,-1,-1,-1
25,-1,62.52,298.36,40.61,17.03,0.8959,-1,-1,-1
25,-1,864.40,0.05,144.10,48.17,0.8850,-1,-1,-1
25,-1,970.53,234.50,39.27,21.92,0.8759,-1,-1,-1
25,-1,271.02,263.04,42.44,24.48,0.8743,-1,-1,-1
25,-1,637.05,288.08,19.45,22.92,0.8582,-1,-1,-1
25,-1,246.57,335.00,20.18,14.08,0.8500,-1,-1,-1
25,-1,945.42,351.01,78.58,95.82,0.8151,-1,-1,-1
25,-1,590.15,304.72,22.34,37.99,0.8100,-1,-1,-1
25,-1,772.77,365.85,24.29,13.10,0.7478,-1,-1,-1
25,-1,592.47,368.30,29.19,16.92,0.6868,-1,-1,-1
25,-1,264.42,267.42,24.95,24.27,0.5844,-1,-1,-1
25,-1,264.82,267.29,24.52,24.39,0.3951,-1,-1,-1
26,-1,842.45,429.88,117.39,123.38,0.9568,-1,-1,-1
26,-1,808.88,346.84,52.37,28.96,0.9194,-1,-1,-1
26,-1,772.09,138.63,45.30,29.50,0.9194,-1,-1,-1
26,-1,940.82,266.90,83.18,63.88,0.8959,-1,-1,-1
26,-1,61.02,298.63,40.86,17.21,0.8929,-1,-1,-1
26,-1,268.73,262.96,41.59,24.73,0.8782,-1,-1,-1
26,-1,960.60,233.78,41.95,22.54,0.8728,-1,-1,-1
26,-1,854.53,0.01,141.71,47.78,0.8608,-1,-1,-1
26,-1,243.35,335.36,20.77,13.88,0.8448,-1,-1,-1
26,-1,937.26,341.87,86.74,105.76,0.8442,-1,-1,-1
26,-1,588.06,304.93,23.33,38.69,0.8213,-1,-1,-1
26,-1,261.81,267.68,24.56,24.15,0.8072,-1,-1,-1
26,-1,590.00,368.21,29.16,17.12,0.7732,-1,-1,-1
26,-1,771.93,365.54,23.41,13.28,0.7658,-1,-1,-1
26,-1,634.00,287.51,19.38,23.38,0.7581,-1,-1,-1
27,-1,832.56,429.64,116.71,122.82,0.9555,-1,-1,-1
27,-1,932.15,266.10,91.85,64.34,0.9374,-1,-1,-1
27,-1,764.77,138.21,43.71,29.65,0.9169,-1,-1,-1
27,-1,801.05,346.75,51.87,28.62,0.9163,-1,-1,-1
27,-1,58.91,298.98,40.58,17.43,0.8997,-1,-1,-1
27,-1,845.66,0.04,138.48,47.22,0.8768,-1,-1,-1
27,-1,927.94,344.39,96.06,102.15,0.8760,-1,-1,-1
27,-1,265.42,263.25,41.96,24.63,0.8599,-1,-1,-1
27,-1,631.82,287.25,19.45,23.46,0.8541,-1,-1,-1
27,-1,240.87,335.40,20.22,14.00,0.8539,-1,-1,-1
27,-1,258.48,268.07,24.32,23.67,0.8480,-1,-1,-1
27,-1,951.49,233.72,41.12,21.84,0.8335,-1,-1,-1
27,-1,586.15,304.87,22.32,38.96,0.8321,-1,-1,-1
27,-1,587.26,368.39,28.97,16.76,0.7756,-1,-1,-1
27,-1,769.99,365.47,23.90,13.04,0.5815,-1,-1,-1
28,-1,821.51,428.63,115.89,123.64,0.9579,-1,-1,-1
28,-1,923.09,265.67,100.91,64.19,0.9466,-1,-1,-1
28,-1,756.91,137.67,42.47,29.81,0.9214,-1,-1,-1
28,-1,793.90,346.44,50.55,28.51,0.9125,-1,-1,-1
28,-1,56.62,299.50,40.98,17.20,0.9062,-1,-1,-1
28,-1,918.55,342.91,105.45,104.68,0.9035,-1,-1,-1
28,-1,262.98,263.51,41.93,24.63,0.8818,-1,-1,-1
28,-1,942.08,233.14,41.64,22.15,0.8709,-1,-1,-1
28,-1,832.74,0.00,139.11,46.70,0.8692,-1,-1,-1
28,-1,628.81,287.50,19.11,23.02,0.8502,-1,-1,-1
28,-1,238.11,335.72,19.74,13.89,0.8330,-1,-1,-1
28,-1,582.92,305.36,23.01,38.55,0.8104,-1,-1,-1
28,-1,768.24,365.16,23.58,13.01,0.8010,-1,-1,-1
28,-1,255.04,268.54,25.41,23.43,0.7947,-1,-1,-1
28,-1,585.61,367.52,27.97,17.78,0.7640,-1,-1,-1
29,-1,811.51,428.33,114.39,123.08,0.9577,-1,-1,-1
29,-1,913.27,265.15,110.73,64.10,0.9460,-1,-1,-1
29,-1,786.61,345.54,49.77,28.74,0.9196,-1,-1,-1
29,-1,748.10,137.38,43.15,29.73,0.9182,-1,-1,-1
29,-1,909.34,342.06,114.66,108.94,0.9076,-1,-1,-1
29,-1,55.24,300.01,40.95,17.36,0.8991,-1,-1,-1
29,-1,260.21,263.45,41.34,24.59,0.8727,-1,-1,-1
29,-1,932.16,233.01,44.23,21.33,0.8697,-1,-1,-1
29,-1,824.04,0.00,134.06,46.02,0.8657,-1,-1,-1
29,-1,625.83,287.10,19.03,23.15,0.8406,-1,-1,-1
29,-1,252.36,268.67,25.11,23.35,0.8338,-1,-1,-1
29,-1,234.93,336.25,20.12,13.69,0.8081,-1,-1,-1
29,-1,580.76,305.83,22.48,36.88,0.7879,-1,-1,-1
29,-1,766.80,364.71,21.04,13.00,0.7508,-1,-1,-1
29,-1,583.90,367.10,27.14,17.79,0.5989,-1,-1,-1
29,-1,256.06,264.91,37.65,25.09,0.3551,-1,-1,-1
30,-1,800.90,427.94,114.03,123.46,0.9564,-1,-1,-1
30,-1,904.83,264.32,119.16,64.61,0.9544,-1,-1,-1
30,-1,900.19,341.02,123.81,106.88,0.9237,-1,-1,-1
30,-1,778.37,345.16,48.77,29.00,0.9163,-1,-1,-1
30,-1,741.04,136.99,41.22,29.83,0.9131,-1,-1,-1
30,-1,53.40,300.41,41.43,17.44,0.8970,-1,-1,-1
30,-1,249.88,268.92,24.09,23.22,0.8760,-1,-1,-1
30,-1,256.34,263.82,42.03,24.19,0.8756,-1,-1,-1
30,-1,816.66,0.06,129.05,45.59,0.8681,-1,-1,-1
30,-1,922.19,232.00,42.13,21.82,0.8658,-1,-1,-1
30,-1,232.04,336.48,20.42,13.97,0.8480,-1,-1,-1
30,-1,581.28,367.28,27.08,17.79,0.8315,-1,-1,-1
30,-1,622.99,286.85,18.33,23.27,0.8162,-1,-1,-1
30,-1,577.96,305.35,20.90,33.75,0.7152,-1,-1,-1
30,-1,765.45,365.02,19.12,12.41,0.5531,-1,-1,-1
31,-1,790.51,427.37,113.50,123.55,0.9588,-1,-1,-1
31,-1,895.79,263.77,128.21,64.29,0.9564,-1,-1,-1
31,-1,890.20,339.80,133.80,107.16,0.9397,-1,-1,-1
31,-1,771.00,344.99,47.81,28.75,0.9180,-1,-1,-1
31,-1,731.55,136.32,42.03,30.05,0.9102,-1,-1,-1
31,-1,912.67,230.83,42.57,22.40,0.8901,-1,-1,-1
31,-1,51.46,301.46,41.12,17.12,0.8884,-1,-1,-1
31,-1,254.28,264.34,41.60,24.01,0.8780,-1,-1,-1
31,-1,229.73,336.72,19.56,14.29,0.8559,-1,-1,-1
31,-1,804.86,0.00,128.31,45.18,0.8515,-1,-1,-1
31,-1,246.41,269.39,24.07,23.72,0.8408,-1,-1,-1
31,-1,619.96,286.67,18.60,23.30,0.8304,-1,-1,-1
31,-1,578.52,367.33,27.19,17.49,0.7608,-1,-1,-1
31,-1,575.19,304.22,22.21,37.56,0.5788,-1,-1,-1
32,-1,779.95,426.98,113.96,123.86,0.9584,-1,-1,-1
32,-1,886.60,263.28,137.40,63.83,0.9525,-1,-1,-1
32,-1,880.94,339.20,143.06,110.26,0.9309,-1,-1,-1
32,-1,764.37,344.58,46.08,28.76,0.9160,-1,-1,-1
32,-1,724.96,136.42,39.86,29.44,0.9117,-1,-1,-1
32,-1,903.05,230.18,44.62,22.57,0.8956,-1,-1,-1
32,-1,49.62,302.03,41.02,17.25,0.8841,-1,-1,-1
32,-1,798.64,0.00,122.31,44.55,0.8767,-1,-1,-1
32,-1,617.23,286.60,18.20,23.18,0.8676,-1,-1,-1
32,-1,250.42,264.61,42.39,23.92,0.8640,-1,-1,-1
32,-1,226.40,336.95,20.26,14.16,0.8412,-1,-1,-1
32,-1,243.16,269.63,24.82,24.00,0.7803,-1,-1,-1
32,-1,572.81,304.46,21.63,36.17,0.7388,-1,-1,-1
32,-1,576.22,366.65,27.25,17.93,0.7067,-1,-1,-1
33,-1,769.34,426.47,112.16,124.08,0.9541,-1,-1,-1
33,-1,877.00,262.98,147.00,63.57,0.9496,-1,-1,-1
33,-1,872.87,338.69,151.13,110.01,0.9319,-1,-1,-1
33,-1,756.03,344.17,45.99,28.71,0.9140,-1,-1,-1
33,-1,716.92,136.22,38.98,29.53,0.9074,-1,-1,-1
33,-1,893.39,229.67,45.41,22.68,0.8911,-1,-1,-1
33,-1,47.51,302.37,41.69,17.54,0.8871,-1,-1,-1
33,-1,248.83,264.74,41.02,24.42,0.8778,-1,-1,-1
33,-1,788.09,0.03,120.70,44.43,0.8724,-1,-1,-1
33,-1,614.11,286.73,18.99,23.03,0.8518,-1,-1,-1
33,-1,223.93,337.52,19.66,13.80,0.8460,-1,-1,-1
33,-1,240.53,269.99,25.02,23.97,0.7773,-1,-1,-1
33,-1,573.36,366.52,27.31,18.05,0.7241,-1,-1,-1
33,-1,570.43,303.96,21.94,36.82,0.6679,-1,-1,-1
34,-1,758.69,425.73,111.93,124.22,0.9562,-1,-1,-1
34,-1,867.94,262.83,150.18,63.08,0.9554,-1,-1,-1
34,-1,863.35,338.32,160.65,111.70,0.9253,-1,-1,-1
34,-1,708.61,135.91,38.63,29.55,0.9109,-1,-1,-1
34,-1,748.72,343.78,44.50,28.97,0.9058,-1,-1,-1
34,-1,884.55,226.81,45.42,25.15,0.8974,-1,-1,-1
34,-1,46.06,302.96,41.65,17.36,0.8901,-1,-1,-1
34,-1,611.23,286.60,18.84,22.93,0.8818,-1,-1,-1
34,-1,245.96,265.15,41.49,24.37,0.8786,-1,-1,-1
34,-1,570.80,366.17,27.25,18.32,0.8551,-1,-1,-1
34,-1,237.31,270.08,24.34,23.46,0.8502,-1,-1,-1
34,-1,779.79,0.01,116.39,44.21,0.8287,-1,-1,-1
34,-1,221.74,337.99,19.30,13.48,0.8259,-1,-1,-1
34,-1,567.43,304.38,21.49,34.12,0.7328,-1,-1,-1
35,-1,748.51,425.61,110.45,123.12,0.9589,-1,-1,-1
35,-1,858.97,262.34,151.77,63.46,0.9475,-1,-1,-1
35,-1,853.46,337.64,170.54,113.39,0.9363,-1,-1,-1
35,-1,701.37,135.75,37.29,29.64,0.9113,-1,-1,-1
35,-1,44.67,303.11,41.30,17.51,0.8918,-1,-1,-1
35,-1,742.18,343.76,42.80,29.72,0.8889,-1,-1,-1
35,-1,242.62,265.33,41.28,24.42,0.8833,-1,-1,-1
35,-1,874.74,226.66,47.35,25.39,0.8749,-1,-1,-1
35,-1,234.34,270.29,24.47,23.93,0.8532,-1,-1,-1
35,-1,568.36,365.99,27.34,18.45,0.8498,-1,-1,-1
35,-1,608.64,286.34,18.82,23.06,0.8421,-1,-1,-1
35,-1,218.10,337.78,20.02,14.14,0.8397,-1,-1,-1
35,-1,771.76,0.05,113.84,43.84,0.8305,-1,-1,-1
35,-1,565.34,305.11,20.35,33.37,0.8089,-1,-1,-1
36,-1,737.87,425.65,110.74,122.81,0.9557,-1,-1,-1
36,-1,850.34,262.09,149.12,63.63,0.9476,-1,-1,-1
36,-1,845.64,337.26,178.36,113.78,0.9427,-1,-1,-1
36,-1,693.63,135.87,36.66,29.47,0.9106,-1,-1,-1
36,-1,734.87,343.73,42.14,29.14,0.9057,-1,-1,-1
36,-1,42.83,303.21,40.64,17.59,0.8898,-1,-1,-1
36,-1,240.93,265.14,40.04,24.73,0.8835,-1,-1,-1
36,-1,865.46,225.80,49.48,26.01,0.8720,-1,-1,-1
36,-1,766.43,0.00,106.27,43.81,0.8694,-1,-1,-1
36,-1,605.55,286.56,18.92,23.23,0.8631,-1,-1,-1
36,-1,231.44,270.44,24.86,24.07,0.8494,-1,-1,-1
36,-1,215.24,338.02,19.82,13.59,0.8284,-1,-1,-1
36,-1,565.62,366.28,27.04,18.13,0.8168,-1,-1,-1
36,-1,563.26,306.32,19.09,31.18,0.7990,-1,-1,-1
36,-1,520.17,329.43,16.45,24.04,0.2529,-1,-1,-1
37,-1,727.41,425.49,111.31,122.88,0.9580,-1,-1,-1
37,-1,841.56,262.17,148.31,63.38,0.9497,-1,-1,-1
37,-1,835.50,337.94,188.50,114.18,0.9388,-1,-1,-1
37,-1,686.07,136.02,36.07,29.50,0.9103,-1,-1,-1
37,-1,727.55,343.79,40.41,29.06,0.9078,-1,-1,-1
37,-1,41.06,303.37,40.72,17.40,0.8882,-1,-1,-1
37,-1,238.09,265.36,40.65,24.61,0.8788,-1,-1,-1
37,-1,563.18,365.51,27.12,18.98,0.8765,-1,-1,-1
37,-1,754.89,0.07,105.36,44.30,0.8719,-1,-1,-1
37,-1,857.09,229.25,46.64,22.98,0.8719,-1,-1,-1
37,-1,602.30,286.54,19.11,22.93,0.8607,-1,-1,-1
37,-1,228.60,270.50,24.61,23.55,0.8277,-1,-1,-1
37,-1,213.11,338.33,19.48,13.36,0.8186,-1,-1,-1
37,-1,560.25,305.61,19.93,32.19,0.7934,-1,-1,-1
37,-1,518.78,329.56,16.54,23.82,0.2729,-1,-1,-1
38,-1,716.96,425.50,110.58,122.89,0.9576,-1,-1,-1
38,-1,832.71,262.11,148.11,63.54,0.9497,-1,-1,-1
38,-1,826.96,338.18,196.86,113.85,0.9420,-1,-1,-1
38,-1,719.45,343.99,40.36,28.74,0.9117,-1,-1,-1
38,-1,678.98,136.10,34.71,29.44,0.9076,-1,-1,-1
38,-1,39.42,303.23,41.27,17.50,0.8952,-1,-1,-1
38,-1,234.63,265.17,41.28,24.72,0.8893,-1,-1,-1
38,-1,847.75,229.11,46.60,23.15,0.8776,-1,-1,-1
38,-1,599.76,286.43,19.55,23.20,0.8665,-1,-1,-1
38,-1,747.00,0.05,101.39,44.29,0.8629,-1,-1,-1
38,-1,561.08,365.47,26.61,18.94,0.8320,-1,-1,-1
38,-1,209.73,338.00,20.10,13.97,0.8288,-1,-1,-1
38,-1,558.33,305.72,19.15,31.90,0.8285,-1,-1,-1
38,-1,225.76,270.45,24.64,23.39,0.7424,-1,-1,-1
38,-1,978.65,297.81,18.32,30.65,0.3585,-1,-1,-1
39,-1,706.45,426.05,111.36,122.74,0.9547,-1,-1,-1
39,-1,823.90,262.56,147.11,63.58,0.9502,-1,-1,-1
39,-1,817.49,337.84,206.51,114.59,0.9395,-1,-1,-1
39,-1,712.30,344.07,39.49,28.88,0.9115,-1,-1,-1
39,-1,671.24,136.27,34.43,29.44,0.9062,-1,-1,-1
39,-1,232.30,264.83,41.22,24.74,0.8948,-1,-1,-1
39,-1,37.96,303.12,41.09,17.49,0.8945,-1,-1,-1
39,-1,558.79,365.83,26.24,18.83,0.8713,-1,-1,-1
39,-1,838.21,227.32,47.93,24.74,0.8627,-1,-1,-1
39,-1,207.19,337.82,19.96,13.74,0.8195,-1,-1,-1
39,-1,737.15,0.00,101.76,44.38,0.8170,-1,-1,-1
39,-1,555.75,306.17,19.49,31.48,0.8022,-1,-1,-1
39,-1,596.92,285.85,19.52,23.75,0.7868,-1,-1,-1
39,-1,222.91,270.34,25.01,24.50,0.6803,-1,-1,-1
39,-1,223.23,270.43,24.72,24.51,0.4814,-1,-1,-1
39,-1,976.58,298.02,18.95,26.17,0.4726,-1,-1,-1
40,-1,695.74,425.96,111.72,122.42,0.9572,-1,-1,-1
40,-1,815.29,262.79,146.47,63.67,0.9491,-1,-1,-1
40,-1,809.85,338.58,214.02,114.24,0.9399,-1,-1,-1
40,-1,705.93,344.23,37.88,28.89,0.9100,-1,-1,-1
40,-1,663.99,136.46,34.08,29.36,0.9042,-1,-1,-1
40,-1,220.34,270.15,24.61,23.19,0.8938,-1,-1,-1
40,-1,36.43,302.78,41.76,17.38,0.8887,-1,-1,-1
40,-1,230.26,264.87,40.83,24.82,0.8878,-1,-1,-1
40,-1,555.86,365.53,26.93,19.16,0.8736,-1,-1,-1
40,-1,729.15,0.07,97.01,44.40,0.8723,-1,-1,-1
40,-1,593.98,286.41,19.38,23.23,0.8518,-1,-1,-1
40,-1,829.08,230.30,49.15,22.06,0.8454,-1,-1,-1
40,-1,204.94,337.81,19.74,13.55,0.8306,-1,-1,-1
40,-1,553.35,307.14,19.61,30.54,0.7865,-1,-1,-1
40,-1,974.99,299.09,19.40,21.46,0.4754,-1,-1,-1
41,-1,806.35,263.51,146.24,63.38,0.9597,-1,-1,-1
41,-1,685.54,426.63,112.36,121.09,0.9575,-1,-1,-1
41,-1,799.69,339.76,224.31,113.75,0.9544,-1,-1,-1
41,-1,698.56,344.44,36.89,28.98,0.9117,-1,-1,-1
41,-1,656.90,136.84,33.15,29.29,0.9018,-1,-1,-1
41,-1,227.38,264.45,40.91,24.88,0.8880,-1,-1,-1
41,-1,553.59,365.92,26.48,18.75,0.8856,-1,-1,-1
41,-1,34.91,302.15,41.59,17.56,0.8846,-1,-1,-1
41,-1,820.14,231.09,49.02,21.37,0.8726,-1,-1,-1
41,-1,217.67,270.17,24.59,22.81,0.8671,-1,-1,-1
41,-1,591.27,286.26,20.02,23.38,0.8654,-1,-1,-1
41,-1,721.17,0.02,93.64,44.80,0.8575,-1,-1,-1
41,-1,201.94,337.51,19.81,13.77,0.8245,-1,-1,-1
41,-1,551.17,306.48,20.27,31.09,0.6933,-1,-1,-1
41,-1,973.96,298.38,19.24,33.08,0.4681,-1,-1,-1
41,-1,512.48,329.57,16.31,23.75,0.3938,-1,-1,-1
41,-1,973.80,298.52,18.82,26.80,0.3679,-1,-1,-1
41,-1,1011.48,323.21,12.52,24.45,0.3151,-1,-1,-1
42,-1,791.10,340.07,232.90,113.65,0.9595,-1,-1,-1
42,-1,797.99,263.80,145.80,63.87,0.9540,-1,-1,-1
42,-1,675.11,426.80,112.00,120.50,0.9492,-1,-1,-1
42,-1,691.61,344.96,35.79,28.58,0.9112,-1,-1,-1
42,-1,649.65,136.97,32.57,29.47,0.8976,-1,-1,-1
42,-1,811.57,230.67,49.62,22.45,0.8920,-1,-1,-1
42,-1,33.48,301.82,41.26,17.31,0.8911,-1,-1,-1
42,-1,224.97,263.80,41.07,25.33,0.8910,-1,-1,-1
42,-1,551.37,366.17,26.19,18.56,0.8737,-1,-1,-1
42,-1,589.05,286.96,19.12,22.87,0.8601,-1,-1,-1
42,-1,199.36,337.09,19.66,13.89,0.8492,-1,-1,-1
42,-1,708.02,0.10,96.00,45.14,0.8071,-1,-1,-1
42,-1,973.47,299.01,20.27,31.65,0.7231,-1,-1,-1
42,-1,214.64,269.80,25.10,23.54,0.7046,-1,-1,-1
42,-1,548.90,307.04,18.82,31.02,0.5472,-1,-1,-1
42,-1,511.13,329.75,16.65,23.54,0.3875,-1,-1,-1
43,-1,781.09,340.36,242.91,113.60,0.9592,-1,-1,-1
43,-1,664.77,427.01,112.64,122.96,0.9572,-1,-1,-1
43,-1,789.04,264.44,147.12,63.78,0.9520,-1,-1,-1
43,-1,684.27,345.26,35.03,28.45,0.9146,-1,-1,-1
43,-1,642.45,137.17,32.14,29.43,0.9014,-1,-1,-1
43,-1,31.50,301.03,41.49,17.39,0.8973,-1,-1,-1
43,-1,803.13,231.14,50.37,22.57,0.8909,-1,-1,-1
43,-1,222.37,263.65,40.74,25.17,0.8827,-1,-1,-1
43,-1,548.71,365.76,26.21,18.99,0.8792,-1,-1,-1
43,-1,211.88,269.35,25.02,23.36,0.8756,-1,-1,-1
43,-1,992.90,344.24,31.10,20.95,0.8688,-1,-1,-1
43,-1,586.91,287.06,18.50,22.95,0.8618,-1,-1,-1
43,-1,197.08,337.00,19.37,13.64,0.8404,-1,-1,-1
43,-1,699.95,0.10,92.97,45.50,0.8402,-1,-1,-1
43,-1,1005.83,325.50,18.17,25.06,0.7949,-1,-1,-1
43,-1,971.23,300.27,20.03,25.73,0.4150,-1,-1,-1
43,-1,546.72,306.93,18.01,31.13,0.4030,-1,-1,-1
44,-1,772.98,340.40,250.52,114.48,0.9694,-1,-1,-1
44,-1,653.84,427.55,113.64,123.18,0.9617,-1,-1,-1
44,-1,780.77,264.74,145.58,63.99,0.9536,-1,-1,-1
44,-1,676.66,345.55,34.66,28.81,0.9144,-1,-1,-1
44,-1,635.32,137.54,31.08,29.25,0.9010,-1,-1,-1
44,-1,29.94,300.30,41.86,17.41,0.8982,-1,-1,-1
44,-1,794.78,230.03,51.86,24.03,0.8882,-1,-1,-1
44,-1,220.65,263.18,40.30,25.03,0.8836,-1,-1,-1
44,-1,546.56,365.85,26.21,19.02,0.8821,-1,-1,-1
44,-1,987.12,345.23,36.60,21.09,0.8743,-1,-1,-1
44,-1,583.13,287.35,20.27,22.54,0.8589,-1,-1,-1
44,-1,194.01,336.31,19.66,13.95,0.8423,-1,-1,-1
44,-1,1002.68,326.55,21.32,25.25,0.8341,-1,-1,-1
44,-1,690.70,0.08,91.07,45.76,0.8308,-1,-1,-1
44,-1,209.52,269.05,24.53,23.20,0.8145,-1,-1,-1
44,-1,544.08,306.05,18.74,32.18,0.7057,-1,-1,-1
44,-1,970.14,300.58,19.29,28.69,0.6835,-1,-1,-1
45,-1,763.45,341.10,260.34,114.49,0.9745,-1,-1,-1
45,-1,772.06,265.29,144.44,64.00,0.9548,-1,-1,-1
45,-1,643.44,427.52,113.82,123.24,0.9548,-1,-1,-1
45,-1,669.60,345.69,33.34,28.76,0.9179,-1,-1,-1
45,-1,28.86,299.82,41.38,17.38,0.9034,-1,-1,-1
45,-1,628.22,137.70,30.55,29.21,0.9000,-1,-1,-1
45,-1,217.47,263.07,40.72,25.20,0.8938,-1,-1,-1
45,-1,206.77,268.68,24.52,23.43,0.8920,-1,-1,-1
45,-1,786.84,230.68,50.79,23.96,0.8913,-1,-1,-1
45,-1,983.05,345.58,40.22,21.33,0.8756,-1,-1,-1
45,-1,544.01,365.73,26.01,19.07,0.8751,-1,-1,-1
45,-1,684.41,0.02,86.48,46.08,0.8643,-1,-1,-1
45,-1,580.86,287.81,20.20,22.42,0.8589,-1,-1,-1
45,-1,1001.07,327.16,22.93,25.27,0.8387,-1,-1,-1
45,-1,191.32,335.72,20.09,13.70,0.8378,-1,-1,-1
45,-1,968.40,301.78,19.01,26.20,0.6101,-1,-1,-1
45,-1,541.85,306.72,18.74,31.82,0.4360,-1,-1,-1
46,-1,632.69,427.91,114.41,122.78,0.9571,-1,-1,-1
46,-1,763.86,265.69,143.74,63.95,0.9525,-1,-1,-1
46,-1,756.04,341.40,267.27,114.57,0.9460,-1,-1,-1
46,-1,662.40,345.89,32.43,28.99,0.9038,-1,-1,-1
46,-1,27.17,299.26,41.10,17.29,0.9012,-1,-1,-1
46,-1,621.17,137.66,30.22,29.41,0.8977,-1,-1,-1
46,-1,778.99,231.79,46.65,22.97,0.8935,-1,-1,-1
46,-1,215.00,263.07,40.55,24.84,0.8858,-1,-1,-1
46,-1,204.12,268.22,24.50,23.38,0.8741,-1,-1,-1
46,-1,980.65,346.20,40.66,21.05,0.8729,-1,-1,-1
46,-1,540.45,366.18,27.03,18.59,0.8672,-1,-1,-1
46,-1,998.22,327.67,25.78,23.67,0.8592,-1,-1,-1
46,-1,578.68,287.25,19.14,23.11,0.8566,-1,-1,-1
46,-1,188.09,335.73,20.52,13.46,0.8428,-1,-1,-1
46,-1,674.11,0.08,86.44,46.22,0.8402,-1,-1,-1
46,-1,966.99,302.28,18.21,23.29,0.5298,-1,-1,-1
46,-1,539.39,308.01,18.09,30.25,0.4566,-1,-1,-1
47,-1,746.93,341.26,262.55,114.98,0.9726,-1,-1,-1
47,-1,621.93,428.02,114.79,123.47,0.9559,-1,-1,-1
47,-1,753.86,266.15,144.70,64.15,0.9522,-1,-1,-1
47,-1,655.49,346.07,31.05,29.02,0.9021,-1,-1,-1
47,-1,614.14,137.91,29.32,29.25,0.8931,-1,-1,-1
47,-1,25.64,298.79,41.36,17.26,0.8930,-1,-1,-1
47,-1,212.66,262.28,40.42,25.08,0.8871,-1,-1,-1
47,-1,770.76,231.24,41.43,23.54,0.8869,-1,-1,-1
47,-1,977.99,347.00,40.86,20.78,0.8760,-1,-1,-1
47,-1,537.35,365.95,27.77,18.94,0.8730,-1,-1,-1
47,-1,995.43,328.44,28.57,23.01,0.8684,-1,-1,-1
47,-1,576.37,287.50,19.26,22.91,0.8674,-1,-1,-1
47,-1,186.15,335.17,19.96,13.95,0.8646,-1,-1,-1
47,-1,201.46,267.90,24.51,23.44,0.8645,-1,-1,-1
47,-1,665.46,0.09,83.19,46.50,0.8328,-1,-1,-1
47,-1,536.94,308.28,18.42,30.15,0.6185,-1,-1,-1
47,-1,965.17,303.06,17.38,22.36,0.5560,-1,-1,-1
47,-1,504.09,330.24,16.44,23.22,0.3863,-1,-1,-1
48,-1,736.80,341.06,260.03,115.56,0.9729,-1,-1,-1
48,-1,611.30,428.01,116.05,123.27,0.9559,-1,-1,-1
48,-1,746.80,266.28,142.12,64.29,0.9497,-1,-1,-1
48,-1,24.09,298.32,41.16,17.39,0.8996,-1,-1,-1
48,-1,647.89,346.33,30.27,28.70,0.8987,-1,-1,-1
48,-1,209.56,262.21,40.91,25.02,0.8886,-1,-1,-1
48,-1,605.34,137.80,29.92,29.53,0.8874,-1,-1,-1
48,-1,762.91,232.01,46.86,23.30,0.8805,-1,-1,-1
48,-1,975.85,347.25,40.62,21.31,0.8773,-1,-1,-1
48,-1,535.35,366.08,27.35,18.64,0.8751,-1,-1,-1
48,-1,993.28,328.75,30.57,22.83,0.8623,-1,-1,-1
48,-1,573.51,287.74,19.32,22.88,0.8558,-1,-1,-1
48,-1,183.61,334.77,19.54,13.95,0.8471,-1,-1,-1
48,-1,657.05,0.05,80.94,47.06,0.8406,-1,-1,-1
48,-1,198.48,267.29,24.95,23.99,0.7929,-1,-1,-1
48,-1,581.82,280.03,25.41,19.51,0.3659,-1,-1,-1
48,-1,535.12,308.59,19.51,29.58,0.3035,-1,-1,-1
48,-1,1011.00,307.92,13.00,27.20,0.2565,-1,-1,-1
49,-1,728.83,341.64,254.74,115.16,0.9549,-1,-1,-1
49,-1,600.59,428.13,116.23,123.19,0.9530,-1,-1,-1
49,-1,737.44,266.28,142.71,64.14,0.9498,-1,-1,-1
49,-1,640.32,346.43,29.53,28.63,0.9055,-1,-1,-1
49,-1,22.33,297.94,41.70,17.41,0.9022,-1,-1,-1
49,-1,599.28,138.14,28.12,29.21,0.8929,-1,-1,-1
49,-1,207.60,261.82,40.19,25.10,0.8872,-1,-1,-1
49,-1,973.21,347.38,40.67,21.36,0.8765,-1,-1,-1
49,-1,533.33,365.97,26.73,18.96,0.8740,-1,-1,-1
49,-1,570.94,287.58,19.20,22.85,0.8674,-1,-1,-1
49,-1,990.23,329.10,31.43,23.13,0.8569,-1,-1,-1
49,-1,181.46,334.71,18.78,13.76,0.8325,-1,-1,-1
49,-1,646.42,0.12,80.39,47.79,0.8144,-1,-1,-1
49,-1,195.71,267.07,24.74,23.89,0.6146,-1,-1,-1
49,-1,754.83,231.98,45.81,23.42,0.5626,-1,-1,-1
49,-1,1010.61,307.66,13.39,28.12,0.5610,-1,-1,-1
49,-1,754.71,232.14,31.35,23.36,0.5046,-1,-1,-1
49,-1,195.80,267.08,24.54,23.78,0.4590,-1,-1,-1
50,-1,718.78,341.99,251.28,114.97,0.9677,-1,-1,-1
50,-1,590.02,428.12,116.38,122.64,0.9594,-1,-1,-1
50,-1,728.77,266.47,141.90,64.02,0.9507,-1,-1,-1
50,-1,21.24,297.89,40.99,17.32,0.8957,-1,-1,-1
50,-1,633.27,346.95,28.47,28.03,0.8933,-1,-1,-1
50,-1,592.01,138.17,27.28,29.18,0.8918,-1,-1,-1
50,-1,531.80,365.76,25.68,19.21,0.8863,-1,-1,-1
50,-1,206.01,261.60,39.28,25.02,0.8844,-1,-1,-1
50,-1,746.47,225.95,48.21,29.55,0.8819,-1,-1,-1
50,-1,987.55,329.27,32.68,23.02,0.8743,-1,-1,-1
50,-1,970.65,347.20,40.14,21.67,0.8712,-1,-1,-1
50,-1,568.05,287.45,19.25,23.15,0.8680,-1,-1,-1
50,-1,178.28,334.77,19.74,13.89,0.8384,-1,-1,-1
50,-1,638.02,0.12,77.47,47.87,0.8281,-1,-1,-1
50,-1,193.27,267.16,24.43,23.54,0.7445,-1,-1,-1
50,-1,499.57,329.95,17.28,23.24,0.5098,-1,-1,-1
50,-1,1009.48,307.62,14.52,28.72,0.4847,-1,-1,-1
50,-1,530.46,307.35,17.48,31.18,0.2594,-1,-1,-1
51,-1,710.46,341.92,247.43,114.85,0.9728,-1,-1,-1
51,-1,579.19,428.32,117.28,122.97,0.9604,-1,-1,-1
51,-1,720.36,266.18,141.29,64.23,0.9555,-1,-1,-1
51,-1,19.12,297.81,40.82,17.41,0.8942,-1,-1,-1
51,-1,202.10,261.79,40.41,25.00,0.8937,-1,-1,-1
51,-1,584.53,138.19,26.57,29.07,0.8919,-1,-1,-1
51,-1,625.86,346.71,27.48,28.46,0.8850,-1,-1,-1
51,-1,529.77,365.95,25.00,19.00,0.8764,-1,-1,-1
51,-1,738.30,223.48,46.78,32.17,0.8653,-1,-1,-1
51,-1,984.97,329.27,32.60,23.08,0.8620,-1,-1,-1
51,-1,175.68,334.29,19.37,14.32,0.8572,-1,-1,-1
51,-1,564.93,288.02,19.97,22.43,0.8501,-1,-1,-1
51,-1,967.33,346.86,40.68,22.06,0.8469,-1,-1,-1
51,-1,628.47,0.14,75.08,47.16,0.8221,-1,-1,-1
51,-1,190.22,267.05,24.72,23.84,0.7485,-1,-1,-1
51,-1,1008.94,308.78,15.06,25.22,0.5316,-1,-1,-1
52,-1,701.11,342.19,242.57,114.83,0.9673,-1,-1,-1
52,-1,711.58,265.89,140.92,64.60,0.9521,-1,-1,-1
52,-1,568.29,428.31,118.43,122.04,0.9507,-1,-1,-1
52,-1,17.45,297.96,41.25,17.42,0.8928,-1,-1,-1
52,-1,576.90,138.29,26.03,28.92,0.8901,-1,-1,-1
52,-1,199.44,261.74,40.37,25.19,0.8897,-1,-1,-1
52,-1,618.46,346.58,26.48,28.41,0.8892,-1,-1,-1
52,-1,729.98,231.90,46.54,23.54,0.8881,-1,-1,-1
52,-1,982.48,328.83,32.74,23.33,0.8641,-1,-1,-1
52,-1,527.37,365.86,24.64,18.95,0.8562,-1,-1,-1
52,-1,562.25,287.52,20.10,23.05,0.8471,-1,-1,-1
52,-1,964.41,346.44,40.80,22.29,0.8468,-1,-1,-1
52,-1,172.93,334.53,19.21,13.98,0.8427,-1,-1,-1
52,-1,187.38,267.03,24.56,23.64,0.8134,-1,-1,-1
52,-1,620.42,0.00,71.29,46.46,0.7608,-1,-1,-1
52,-1,496.47,329.47,16.16,23.92,0.2934,-1,-1,-1
53,-1,693.44,342.32,236.86,114.47,0.9653,-1,-1,-1
53,-1,557.54,427.99,118.70,121.88,0.9588,-1,-1,-1
53,-1,702.85,265.75,140.49,65.11,0.9486,-1,-1,-1
53,-1,15.60,298.18,41.21,17.46,0.9048,-1,-1,-1
53,-1,568.77,138.19,25.81,28.84,0.8886,-1,-1,-1
53,-1,197.98,262.01,39.21,24.84,0.8885,-1,-1,-1
53,-1,725.80,232.27,43.14,22.92,0.8816,-1,-1,-1
53,-1,524.84,365.61,25.00,19.45,0.8754,-1,-1,-1
53,-1,611.59,346.85,25.08,27.88,0.8750,-1,-1,-1
53,-1,979.48,328.75,32.89,23.15,0.8743,-1,-1,-1
53,-1,559.58,287.43,19.95,23.30,0.8586,-1,-1,-1
53,-1,170.00,334.64,19.81,13.95,0.8447,-1,-1,-1
53,-1,962.83,347.13,39.48,21.42,0.8430,-1,-1,-1
53,-1,609.37,0.03,70.70,46.43,0.8375,-1,-1,-1
53,-1,184.54,267.21,24.64,23.66,0.6730,-1,-1,-1
54,-1,684.08,342.11,233.67,114.08,0.9676,-1,-1,-1
54,-1,693.97,265.51,139.27,64.36,0.9548,-1,-1,-1
54,-1,546.58,427.99,119.80,123.01,0.9491,-1,-1,-1
54,-1,14.12,298.48,41.12,17.38,0.9019,-1,-1,-1
54,-1,192.89,262.53,41.35,24.70,0.8961,-1,-1,-1
54,-1,560.62,137.91,25.43,29.02,0.8839,-1,-1,-1
54,-1,603.49,348.05,24.41,26.47,0.8792,-1,-1,-1
54,-1,976.82,328.42,33.06,23.08,0.8683,-1,-1,-1
54,-1,959.72,347.12,40.56,20.90,0.8572,-1,-1,-1
54,-1,715.33,232.41,42.99,22.34,0.8563,-1,-1,-1
54,-1,522.58,365.56,24.06,19.45,0.8559,-1,-1,-1
54,-1,556.36,287.55,19.99,22.96,0.8529,-1,-1,-1
54,-1,599.70,0.01,68.61,46.58,0.8433,-1,-1,-1
54,-1,167.08,334.76,19.48,13.60,0.8259,-1,-1,-1
54,-1,181.29,267.78,24.81,23.25,0.6501,-1,-1,-1
54,-1,181.42,267.64,24.71,23.54,0.5054,-1,-1,-1
55,-1,674.26,341.87,231.21,113.97,0.9695,-1,-1,-1
55,-1,684.42,265.98,139.31,63.57,0.9539,-1,-1,-1
55,-1,535.23,427.91,120.86,122.94,0.9528,-1,-1,-1
55,-1,12.53,298.92,41.01,17.53,0.9033,-1,-1,-1
55,-1,190.12,262.47,41.33,24.66,0.8968,-1,-1,-1
55,-1,552.94,137.87,24.49,28.91,0.8802,-1,-1,-1
55,-1,596.00,347.32,23.53,27.00,0.8800,-1,-1,-1
55,-1,973.85,327.68,33.18,23.40,0.8754,-1,-1,-1
55,-1,956.93,346.64,40.51,20.98,0.8712,-1,-1,-1
55,-1,519.58,365.49,24.33,19.53,0.8669,-1,-1,-1
55,-1,553.29,287.39,20.04,22.60,0.8584,-1,-1,-1
55,-1,704.47,223.77,46.48,30.97,0.8564,-1,-1,-1
55,-1,178.34,267.92,24.44,23.60,0.8517,-1,-1,-1
55,-1,591.06,0.01,64.96,46.38,0.8192,-1,-1,-1
55,-1,164.16,335.15,19.39,13.31,0.8075,-1,-1,-1
55,-1,593.01,0.02,62.05,46.16,0.4940,-1,-1,-1
55,-1,1002.58,308.04,15.53,24.78,0.3891,-1,-1,-1
56,-1,665.51,341.26,225.69,113.89,0.9621,-1,-1,-1
56,-1,524.39,427.67,122.40,123.02,0.9596,-1,-1,-1
56,-1,676.04,265.04,138.59,63.88,0.9534,-1,-1,-1
56,-1,10.64,299.54,40.83,17.44,0.9061,-1,-1,-1
56,-1,187.44,262.82,41.27,24.90,0.8918,-1,-1,-1
56,-1,971.00,327.31,31.91,23.35,0.8808,-1,-1,-1
56,-1,544.93,137.73,24.00,28.90,0.8806,-1,-1,-1
56,-1,588.50,346.97,22.77,27.37,0.8786,-1,-1,-1
56,-1,954.11,345.72,40.67,21.06,0.8739,-1,-1,-1
56,-1,695.54,228.86,45.15,25.66,0.8718,-1,-1,-1
56,-1,175.33,268.29,24.89,23.25,0.8698,-1,-1,-1
56,-1,517.19,365.59,24.51,19.41,0.8661,-1,-1,-1
56,-1,161.56,335.81,19.35,13.34,0.8443,-1,-1,-1
56,-1,550.78,287.94,19.89,22.49,0.8334,-1,-1,-1
56,-1,580.87,0.01,63.01,46.00,0.8195,-1,-1,-1
56,-1,956.47,341.93,40.89,17.21,0.5975,-1,-1,-1
56,-1,1001.08,307.21,16.12,24.20,0.3219,-1,-1,-1
57,-1,655.67,341.10,222.03,113.14,0.9630,-1,-1,-1
57,-1,667.36,264.71,137.50,64.20,0.9535,-1,-1,-1
57,-1,512.76,427.30,124.29,123.01,0.9511,-1,-1,-1
57,-1,8.85,299.90,40.82,17.84,0.9014,-1,-1,-1
57,-1,172.16,268.91,25.00,23.32,0.9011,-1,-1,-1
57,-1,687.23,228.93,45.45,25.06,0.8955,-1,-1,-1
57,-1,184.43,263.66,41.30,24.50,0.8912,-1,-1,-1
57,-1,950.96,345.16,40.97,21.13,0.8761,-1,-1,-1
57,-1,514.88,365.37,24.01,19.53,0.8738,-1,-1,-1
57,-1,536.91,137.67,22.89,28.85,0.8720,-1,-1,-1
57,-1,968.36,326.67,30.58,23.45,0.8719,-1,-1,-1
57,-1,581.37,347.61,21.19,26.52,0.8703,-1,-1,-1
57,-1,546.84,287.65,20.66,22.19,0.8544,-1,-1,-1
57,-1,158.11,335.82,20.14,14.08,0.8417,-1,-1,-1
57,-1,570.78,0.00,60.18,45.70,0.7101,-1,-1,-1
57,-1,571.36,0.18,59.15,45.32,0.4816,-1,-1,-1
57,-1,999.52,306.52,15.93,25.82,0.4060,-1,-1,-1
57,-1,768.10,330.21,16.01,11.54,0.2791,-1,-1,-1
57,-1,488.70,330.89,15.94,22.57,0.2504,-1,-1,-1
58,-1,647.69,340.73,216.50,113.53,0.9577,-1,-1,-1
58,-1,501.94,427.15,124.94,122.58,0.9544,-1,-1,-1
58,-1,657.97,264.53,137.67,63.90,0.9528,-1,-1,-1
58,-1,6.60,300.79,41.21,17.41,0.8947,-1,-1,-1
58,-1,181.93,263.15,41.12,25.32,0.8943,-1,-1,-1
58,-1,678.64,227.19,44.85,26.59,0.8899,-1,-1,-1
58,-1,948.53,344.84,40.86,20.98,0.8803,-1,-1,-1
58,-1,965.39,325.86,31.28,22.98,0.8799,-1,-1,-1
58,-1,528.53,137.63,22.82,28.82,0.8790,-1,-1,-1
58,-1,169.44,269.12,24.34,23.34,0.8719,-1,-1,-1
58,-1,512.21,365.44,24.17,19.52,0.8691,-1,-1,-1
58,-1,573.90,347.87,20.04,25.95,0.8672,-1,-1,-1
58,-1,544.52,286.96,20.09,23.19,0.8644,-1,-1,-1
58,-1,156.26,336.63,18.84,13.63,0.7992,-1,-1,-1
58,-1,997.65,306.09,15.94,24.77,0.4259,-1,-1,-1
58,-1,561.39,0.00,57.71,45.99,0.2559,-1,-1,-1
59,-1,638.36,340.53,212.17,113.67,0.9580,-1,-1,-1
59,-1,491.03,426.71,126.78,123.11,0.9569,-1,-1,-1
59,-1,649.96,264.06,135.39,64.01,0.9533,-1,-1,-1
59,-1,178.51,264.19,41.50,24.87,0.8957,-1,-1,-1
59,-1,669.72,227.12,45.30,26.23,0.8922,-1,-1,-1
59,-1,5.07,301.76,41.43,17.11,0.8896,-1,-1,-1
59,-1,509.85,365.11,24.05,19.77,0.8798,-1,-1,-1
59,-1,961.70,325.59,33.26,23.04,0.8773,-1,-1,-1
59,-1,945.31,344.24,42.83,20.94,0.8771,-1,-1,-1
59,-1,520.36,137.41,22.21,29.05,0.8734,-1,-1,-1
59,-1,166.04,269.62,24.67,23.39,0.8625,-1,-1,-1
59,-1,566.03,346.69,19.56,27.15,0.8436,-1,-1,-1
59,-1,541.74,287.48,19.69,22.55,0.8405,-1,-1,-1
59,-1,153.16,336.97,19.18,13.51,0.7631,-1,-1,-1
59,-1,996.12,305.67,15.81,24.14,0.3213,-1,-1,-1
59,-1,550.20,0.00,56.91,47.83,0.2587,-1,-1,-1
60,-1,641.46,263.89,134.01,63.88,0.9543,-1,-1,-1
60,-1,628.48,339.85,209.19,114.17,0.9540,-1,-1,-1
60,-1,479.98,426.66,127.73,122.52,0.9523,-1,-1,-1
60,-1,175.42,264.40,41.72,25.05,0.8944,-1,-1,-1
60,-1,507.43,365.25,23.62,19.51,0.8866,-1,-1,-1
60,-1,3.55,302.18,40.89,17.34,0.8855,-1,-1,-1
60,-1,958.16,324.95,34.13,23.27,0.8797,-1,-1,-1
60,-1,661.48,227.54,44.59,25.84,0.8776,-1,-1,-1
60,-1,538.71,287.59,20.41,22.27,0.8543,-1,-1,-1
60,-1,943.11,343.28,40.85,20.96,0.8486,-1,-1,-1
60,-1,512.15,137.74,21.54,28.55,0.8443,-1,-1,-1
60,-1,150.12,337.64,19.58,13.35,0.8021,-1,-1,-1
60,-1,162.83,269.88,25.28,23.44,0.5052,-1,-1,-1
60,-1,163.07,269.93,24.99,23.37,0.4953,-1,-1,-1
60,-1,559.09,347.83,18.35,26.06,0.4206,-1,-1,-1
61,-1,619.78,339.63,204.42,113.81,0.9544,-1,-1,-1
61,-1,468.63,426.52,129.62,123.04,0.9540,-1,-1,-1
61,-1,631.66,263.69,134.49,64.08,0.9523,-1,-1,-1
61,-1,172.65,265.12,41.65,24.46,0.8931,-1,-1,-1
61,-1,954.81,324.33,34.39,23.37,0.8922,-1,-1,-1
61,-1,652.47,228.25,43.32,25.26,0.8886,-1,-1,-1
61,-1,504.72,365.19,23.93,19.72,0.8864,-1,-1,-1
61,-1,1.78,302.60,41.29,17.49,0.8840,-1,-1,-1
61,-1,535.93,287.22,19.68,22.68,0.8757,-1,-1,-1
61,-1,940.24,342.81,40.01,21.10,0.8653,-1,-1,-1
61,-1,504.43,139.19,20.81,27.26,0.8566,-1,-1,-1
61,-1,147.37,337.89,18.89,13.04,0.6798,-1,-1,-1
61,-1,160.20,270.44,24.84,23.69,0.5770,-1,-1,-1
61,-1,160.28,270.33,24.70,23.58,0.5703,-1,-1,-1
61,-1,993.00,304.04,15.54,24.89,0.4654,-1,-1,-1
61,-1,762.07,328.18,15.24,12.10,0.2947,-1,-1,-1
62,-1,457.13,426.78,131.76,122.16,0.9562,-1,-1,-1
62,-1,623.08,263.71,133.39,63.80,0.9527,-1,-1,-1
62,-1,609.79,338.11,200.90,115.00,0.9475,-1,-1,-1
62,-1,169.37,265.44,41.90,24.57,0.8964,-1,-1,-1
62,-1,643.60,228.13,44.07,25.30,0.8941,-1,-1,-1
62,-1,0.07,303.17,41.01,17.46,0.8941,-1,-1,-1
62,-1,502.56,365.03,23.43,19.83,0.8810,-1,-1,-1
62,-1,953.43,323.75,32.10,23.61,0.8653,-1,-1,-1
62,-1,937.26,342.02,40.84,21.53,0.8573,-1,-1,-1
62,-1,157.06,270.65,24.82,22.96,0.8240,-1,-1,-1
62,-1,144.50,337.94,19.39,13.65,0.7697,-1,-1,-1
62,-1,496.29,138.69,20.19,27.77,0.7559,-1,-1,-1
62,-1,990.82,303.78,16.12,25.16,0.6505,-1,-1,-1
62,-1,480.42,332.21,16.31,21.41,0.3564,-1,-1,-1
62,-1,543.17,347.70,17.17,25.95,0.2830,-1,-1,-1
63,-1,446.39,426.98,132.71,122.46,0.9551,-1,-1,-1
63,-1,614.62,263.58,131.96,64.40,0.9550,-1,-1,-1
63,-1,600.69,339.28,197.16,113.86,0.9529,-1,-1,-1
63,-1,0.00,303.55,39.58,17.14,0.8998,-1,-1,-1
63,-1,167.02,265.42,41.68,24.94,0.8961,-1,-1,-1
63,-1,635.62,225.68,45.71,27.42,0.8913,-1,-1,-1
63,-1,500.01,365.16,23.21,19.71,0.8867,-1,-1,-1
63,-1,154.06,270.88,24.72,23.30,0.8789,-1,-1,-1
63,-1,950.68,323.30,32.21,24.25,0.8753,-1,-1,-1
63,-1,933.99,341.88,40.72,21.37,0.8607,-1,-1,-1
63,-1,142.11,338.47,19.81,13.87,0.8294,-1,-1,-1
63,-1,488.50,139.69,19.58,26.66,0.7641,-1,-1,-1
63,-1,989.37,304.87,16.07,23.17,0.7053,-1,-1,-1
64,-1,591.63,339.73,192.31,113.40,0.9534,-1,-1,-1
64,-1,435.43,427.21,134.51,122.06,0.9531,-1,-1,-1
64,-1,606.10,263.51,131.46,64.18,0.9518,-1,-1,-1
64,-1,0.00,303.64,38.03,17.17,0.8985,-1,-1,-1
64,-1,163.48,265.66,42.53,24.62,0.8925,-1,-1,-1
64,-1,627.34,226.09,43.22,26.50,0.8765,-1,-1,-1
64,-1,497.71,365.22,23.09,19.76,0.8738,-1,-1,-1
64,-1,947.75,323.48,32.42,23.46,0.8690,-1,-1,-1
64,-1,931.62,341.77,41.55,21.38,0.8564,-1,-1,-1
64,-1,151.11,271.27,25.47,23.69,0.8403,-1,-1,-1
64,-1,139.07,338.89,19.77,13.11,0.7983,-1,-1,-1
64,-1,987.88,303.43,15.82,24.77,0.4349,-1,-1,-1
64,-1,752.49,326.75,19.22,12.77,0.2940,-1,-1,-1
64,-1,477.15,332.00,16.32,21.62,0.2892,-1,-1,-1
65,-1,424.77,426.81,135.75,121.80,0.9551,-1,-1,-1
65,-1,582.77,339.53,188.14,113.74,0.9538,-1,-1,-1
65,-1,597.31,263.57,130.86,63.97,0.9537,-1,-1,-1
65,-1,160.91,265.82,42.22,24.42,0.8949,-1,-1,-1
65,-1,0.04,303.74,35.71,17.14,0.8940,-1,-1,-1
65,-1,618.74,227.93,43.60,25.13,0.8872,-1,-1,-1
65,-1,495.20,365.19,22.79,19.80,0.8776,-1,-1,-1
65,-1,943.99,323.32,33.46,23.49,0.8614,-1,-1,-1
65,-1,135.93,338.62,20.03,13.54,0.8441,-1,-1,-1
65,-1,928.61,341.51,41.16,21.85,0.8068,-1,-1,-1
65,-1,148.16,271.08,25.33,23.68,0.6460,-1,-1,-1
65,-1,986.35,303.80,15.78,25.04,0.4525,-1,-1,-1
65,-1,148.12,271.29,25.34,23.64,0.3754,-1,-1,-1
65,-1,476.09,331.37,16.50,21.94,0.3419,-1,-1,-1
65,-1,752.74,327.23,18.03,12.55,0.2524,-1,-1,-1
66,-1,413.50,427.41,137.68,122.27,0.9576,-1,-1,-1
66,-1,574.31,339.66,183.85,113.94,0.9548,-1,-1,-1
66,-1,587.11,263.67,132.10,63.94,0.9514,-1,-1,-1
66,-1,158.54,265.59,41.90,24.77,0.8948,-1,-1,-1
66,-1,0.01,303.64,34.38,17.04,0.8906,-1,-1,-1
66,-1,610.70,227.46,42.74,25.73,0.8897,-1,-1,-1
66,-1,492.70,364.90,22.76,19.84,0.8789,-1,-1,-1
66,-1,941.13,323.43,33.43,24.08,0.8773,-1,-1,-1
66,-1,145.49,271.14,24.99,23.35,0.8526,-1,-1,-1
66,-1,926.05,340.56,40.88,22.92,0.8453,-1,-1,-1
66,-1,133.47,338.57,20.03,13.23,0.8264,-1,-1,-1
66,-1,985.37,303.10,15.51,25.67,0.6457,-1,-1,-1
67,-1,564.93,339.84,179.69,114.05,0.9621,-1,-1,-1
67,-1,579.18,263.64,130.62,64.20,0.9557,-1,-1,-1
67,-1,402.13,427.45,139.53,122.21,0.9537,-1,-1,-1
67,-1,0.00,303.40,32.62,17.14,0.8947,-1,-1,-1
67,-1,155.40,265.56,42.61,24.48,0.8939,-1,-1,-1
67,-1,602.63,226.29,42.45,27.03,0.8856,-1,-1,-1
67,-1,490.39,365.81,22.82,19.11,0.8677,-1,-1,-1
67,-1,938.09,323.83,33.00,23.25,0.8619,-1,-1,-1
67,-1,923.33,342.64,41.60,21.01,0.8557,-1,-1,-1
67,-1,130.79,338.43,19.66,13.24,0.7669,-1,-1,-1
67,-1,142.74,270.83,25.62,23.61,0.7322,-1,-1,-1
67,-1,472.69,329.78,16.89,23.36,0.6371,-1,-1,-1
67,-1,142.57,270.87,25.66,23.73,0.5141,-1,-1,-1
67,-1,983.39,303.38,15.58,25.97,0.4689,-1,-1,-1
68,-1,391.04,427.52,141.97,121.90,0.9558,-1,-1,-1
68,-1,556.59,339.91,174.97,113.56,0.9553,-1,-1,-1
68,-1,571.74,263.29,129.28,64.73,0.9529,-1,-1,-1
68,-1,152.94,265.21,42.45,24.78,0.8972,-1,-1,-1
68,-1,0.00,302.78,31.25,17.24,0.8962,-1,-1,-1
68,-1,594.78,224.67,42.34,28.60,0.8819,-1,-1,-1
68,-1,487.83,366.35,22.54,18.55,0.8745,-1,-1,-1
68,-1,935.90,324.22,34.99,23.10,0.8533,-1,-1,-1
68,-1,920.59,342.37,41.09,22.06,0.8329,-1,-1,-1
68,-1,139.77,270.64,25.53,23.79,0.8174,-1,-1,-1
68,-1,128.09,338.01,19.36,13.65,0.8081,-1,-1,-1
68,-1,981.97,304.97,15.63,24.60,0.6098,-1,-1,-1
68,-1,710.91,363.53,19.78,11.91,0.3593,-1,-1,-1
69,-1,379.87,427.55,142.90,123.00,0.9669,-1,-1,-1
69,-1,563.58,263.31,128.39,64.89,0.9529,-1,-1,-1
69,-1,547.69,339.97,171.60,113.59,0.9525,-1,-1,-1
69,-1,150.93,264.79,41.83,24.95,0.8955,-1,-1,-1
69,-1,0.00,302.43,29.84,17.00,0.8855,-1,-1,-1
69,-1,586.44,228.64,42.46,24.89,0.8749,-1,-1,-1
69,-1,137.22,270.08,25.33,23.61,0.8735,-1,-1,-1
69,-1,934.01,324.47,32.23,23.20,0.8639,-1,-1,-1
69,-1,125.75,337.54,19.63,13.80,0.8539,-1,-1,-1
69,-1,707.28,363.53,22.17,13.16,0.8281,-1,-1,-1
69,-1,917.92,346.55,41.13,18.05,0.7553,-1,-1,-1
69,-1,485.59,366.66,17.52,18.08,0.5288,-1,-1,-1
69,-1,981.34,305.51,14.90,24.22,0.4147,-1,-1,-1
69,-1,745.23,328.32,19.22,12.16,0.3609,-1,-1,-1
70,-1,538.52,339.93,168.05,113.63,0.9543,-1,-1,-1
70,-1,368.17,427.35,145.43,122.07,0.9539,-1,-1,-1
70,-1,553.83,263.86,128.81,64.57,0.9529,-1,-1,-1
70,-1,930.31,325.59,34.21,23.00,0.8931,-1,-1,-1
70,-1,134.62,269.83,24.87,23.50,0.8910,-1,-1,-1
70,-1,148.12,264.57,42.44,24.63,0.8909,-1,-1,-1
70,-1,0.03,301.98,27.44,16.76,0.8816,-1,-1,-1
70,-1,578.56,229.23,42.49,24.58,0.8813,-1,-1,-1
70,-1,706.12,363.85,21.73,13.18,0.8495,-1,-1,-1
70,-1,122.82,337.19,19.53,13.41,0.8038,-1,-1,-1
70,-1,915.76,344.26,40.31,21.13,0.7942,-1,-1,-1
70,-1,979.06,306.20,15.79,23.48,0.4614,-1,-1,-1
70,-1,744.73,328.64,18.04,12.14,0.3025,-1,-1,-1
71,-1,357.54,427.42,146.84,122.46,0.9559,-1,-1,-1
71,-1,545.54,263.98,128.09,64.81,0.9521,-1,-1,-1
71,-1,529.28,336.26,164.30,117.92,0.9511,-1,-1,-1
71,-1,145.44,264.13,42.42,24.73,0.8986,-1,-1,-1
71,-1,131.59,269.49,25.49,23.50,0.8882,-1,-1,-1
71,-1,570.55,230.03,41.79,23.82,0.8846,-1,-1,-1
71,-1,912.85,342.20,41.79,23.71,0.8839,-1,-1,-1
71,-1,929.67,325.97,32.23,23.54,0.8781,-1,-1,-1
71,-1,0.04,300.85,26.28,17.33,0.8763,-1,-1,-1
71,-1,704.27,364.08,23.12,13.14,0.8450,-1,-1,-1
71,-1,120.30,336.59,19.41,13.49,0.8073,-1,-1,-1
71,-1,978.01,306.15,15.77,23.94,0.4212,-1,-1,-1
72,-1,537.56,264.63,127.23,64.20,0.9544,-1,-1,-1
72,-1,345.62,427.36,149.17,122.08,0.9544,-1,-1,-1
72,-1,520.66,334.24,160.21,120.28,0.9528,-1,-1,-1
72,-1,143.29,263.49,42.18,24.82,0.8968,-1,-1,-1
72,-1,0.08,300.26,24.39,17.40,0.8850,-1,-1,-1
72,-1,563.00,229.11,41.88,24.96,0.8840,-1,-1,-1
72,-1,925.48,326.44,34.02,23.55,0.8775,-1,-1,-1
72,-1,910.18,342.97,41.26,23.32,0.8757,-1,-1,-1
72,-1,129.31,268.99,25.60,23.70,0.8619,-1,-1,-1
72,-1,117.50,336.14,19.33,13.78,0.8393,-1,-1,-1
72,-1,702.76,364.56,22.57,12.96,0.8163,-1,-1,-1
72,-1,976.86,306.58,15.42,24.06,0.4998,-1,-1,-1
72,-1,920.78,328.63,35.82,26.65,0.3717,-1,-1,-1
73,-1,334.38,427.58,150.66,121.27,0.9562,-1,-1,-1
73,-1,512.27,332.75,155.58,121.83,0.9542,-1,-1,-1
73,-1,528.19,264.65,127.50,64.31,0.9504,-1,-1,-1
73,-1,140.44,263.07,42.59,24.69,0.8936,-1,-1,-1
73,-1,554.58,228.80,41.78,25.35,0.8825,-1,-1,-1
73,-1,126.48,268.37,25.78,23.37,0.8784,-1,-1,-1
73,-1,0.06,299.56,23.39,17.14,0.8770,-1,-1,-1
73,-1,922.77,326.92,34.20,24.16,0.8767,-1,-1,-1
73,-1,701.10,364.73,22.50,13.16,0.8537,-1,-1,-1
73,-1,114.33,335.54,20.26,13.80,0.8391,-1,-1,-1
73,-1,907.94,344.87,40.63,21.78,0.8260,-1,-1,-1
73,-1,528.93,329.00,17.72,15.05,0.3577,-1,-1,-1
73,-1,975.12,309.78,15.34,22.32,0.3146,-1,-1,-1
74,-1,322.51,427.58,153.36,121.32,0.9550,-1,-1,-1
74,-1,520.49,264.50,126.13,64.54,0.9538,-1,-1,-1
74,-1,504.12,334.58,151.25,119.99,0.9514,-1,-1,-1
74,-1,138.18,262.62,42.12,24.92,0.9002,-1,-1,-1
74,-1,123.48,267.92,25.58,23.43,0.8968,-1,-1,-1
74,-1,905.37,344.35,41.04,22.76,0.8830,-1,-1,-1
74,-1,921.32,327.40,33.08,23.73,0.8727,-1,-1,-1
74,-1,0.06,299.00,21.93,17.22,0.8657,-1,-1,-1
74,-1,546.86,228.42,40.91,25.74,0.8583,-1,-1,-1
74,-1,700.20,365.13,21.99,13.02,0.7920,-1,-1,-1
74,-1,111.90,335.26,19.65,13.08,0.7583,-1,-1,-1
74,-1,525.32,328.93,19.97,15.11,0.4838,-1,-1,-1
74,-1,738.31,329.82,18.62,11.93,0.4004,-1,-1,-1
74,-1,973.97,308.69,15.60,23.59,0.3422,-1,-1,-1
75,-1,311.46,427.72,155.53,121.48,0.9549,-1,-1,-1
75,-1,512.67,264.45,125.04,64.60,0.9522,-1,-1,-1
75,-1,495.45,338.88,147.62,115.78,0.9491,-1,-1,-1
75,-1,135.89,262.44,42.03,24.79,0.8987,-1,-1,-1
75,-1,538.56,229.78,40.83,24.61,0.8761,-1,-1,-1
75,-1,918.07,327.81,33.22,23.56,0.8726,-1,-1,-1
75,-1,902.24,344.66,42.43,22.84,0.8678,-1,-1,-1
75,-1,121.28,267.32,24.93,23.43,0.8603,-1,-1,-1
75,-1,0.06,298.51,20.01,16.93,0.8573,-1,-1,-1
75,-1,109.46,334.77,19.37,13.34,0.7940,-1,-1,-1
75,-1,522.56,328.61,21.55,15.38,0.7792,-1,-1,-1
75,-1,698.66,365.43,22.07,12.85,0.6970,-1,-1,-1
76,-1,485.51,341.05,145.03,113.47,0.9589,-1,-1,-1
76,-1,299.23,428.08,158.20,120.92,0.9570,-1,-1,-1
76,-1,504.39,264.86,124.40,64.23,0.9548,-1,-1,-1
76,-1,133.23,262.16,42.02,24.56,0.8966,-1,-1,-1
76,-1,530.58,229.81,40.74,24.48,0.8737,-1,-1,-1
76,-1,915.37,328.19,33.05,23.37,0.8690,-1,-1,-1
76,-1,900.03,345.76,42.51,22.17,0.8612,-1,-1,-1
76,-1,0.00,298.46,18.67,16.81,0.8429,-1,-1,-1
76,-1,106.74,334.39,19.54,13.62,0.7995,-1,-1,-1
76,-1,118.26,267.14,27.45,24.35,0.7486,-1,-1,-1
76,-1,697.01,365.48,21.77,12.93,0.6799,-1,-1,-1
76,-1,519.68,328.47,22.22,14.46,0.4916,-1,-1,-1
76,-1,970.67,308.65,15.42,24.82,0.2771,-1,-1,-1
77,-1,475.30,341.06,142.77,113.69,0.9575,-1,-1,-1
77,-1,286.95,427.55,161.43,121.25,0.9561,-1,-1,-1
77,-1,496.09,264.99,123.37,64.20,0.9527,-1,-1,-1
77,-1,130.51,261.69,42.26,24.87,0.9047,-1,-1,-1
77,-1,913.70,328.49,32.48,23.30,0.8652,-1,-1,-1
77,-1,522.54,229.92,43.04,24.45,0.8566,-1,-1,-1
77,-1,115.30,266.99,25.67,23.76,0.8539,-1,-1,-1
77,-1,897.71,346.66,41.26,21.52,0.8408,-1,-1,-1
77,-1,0.00,298.47,16.91,16.82,0.8282,-1,-1,-1
77,-1,104.54,333.97,18.80,13.68,0.8139,-1,-1,-1
77,-1,695.87,365.50,22.16,12.92,0.6473,-1,-1,-1
77,-1,517.89,328.42,21.87,13.31,0.5516,-1,-1,-1
77,-1,969.54,308.74,15.61,24.50,0.4085,-1,-1,-1
78,-1,465.47,340.55,140.80,114.29,0.9550,-1,-1,-1
78,-1,275.36,427.52,163.59,121.39,0.9542,-1,-1,-1
78,-1,487.96,265.00,122.25,64.27,0.9520,-1,-1,-1
78,-1,127.97,261.45,42.17,24.97,0.8957,-1,-1,-1
78,-1,514.43,229.99,39.98,24.25,0.8720,-1,-1,-1
78,-1,909.79,328.62,33.89,23.42,0.8699,-1,-1,-1
78,-1,894.66,345.87,41.33,22.37,0.8607,-1,-1,-1
78,-1,112.73,266.86,25.57,23.60,0.8493,-1,-1,-1
78,-1,101.82,333.94,18.99,13.87,0.8457,-1,-1,-1
78,-1,0.00,298.38,15.52,16.70,0.8222,-1,-1,-1
78,-1,694.26,365.63,21.95,12.89,0.7680,-1,-1,-1
78,-1,517.01,328.44,22.37,13.47,0.6676,-1,-1,-1
78,-1,967.36,309.63,15.97,23.48,0.3481,-1,-1,-1
79,-1,263.29,427.39,166.27,121.50,0.9563,-1,-1,-1
79,-1,454.73,341.03,139.72,113.95,0.9561,-1,-1,-1
79,-1,478.25,264.71,122.52,64.21,0.9533,-1,-1,-1
79,-1,125.05,261.76,42.04,24.79,0.8989,-1,-1,-1
79,-1,506.04,228.93,40.00,25.56,0.8735,-1,-1,-1
79,-1,907.49,328.66,33.55,23.53,0.8727,-1,-1,-1
79,-1,891.81,347.02,41.22,21.35,0.8695,-1,-1,-1
79,-1,109.70,266.78,27.23,23.90,0.8647,-1,-1,-1
79,-1,514.51,328.76,22.42,13.68,0.8321,-1,-1,-1
79,-1,98.48,334.06,19.62,13.43,0.8227,-1,-1,-1
79,-1,0.00,298.17,13.55,17.00,0.7773,-1,-1,-1
79,-1,692.83,365.65,21.55,12.84,0.6067,-1,-1,-1
79,-1,730.48,330.33,18.66,11.84,0.3436,-1,-1,-1
80,-1,445.06,340.52,137.07,113.90,0.9574,-1,-1,-1
80,-1,251.97,427.15,168.01,121.22,0.9571,-1,-1,-1
80,-1,469.26,264.65,122.54,64.27,0.9463,-1,-1,-1
80,-1,122.44,261.46,42.03,25.07,0.9020,-1,-1,-1
80,-1,106.74,266.84,26.57,24.01,0.8838,-1,-1,-1
80,-1,497.90,229.03,40.01,24.72,0.8767,-1,-1,-1
80,-1,905.20,328.34,32.98,24.09,0.8682,-1,-1,-1
80,-1,889.45,347.27,41.02,21.02,0.8600,-1,-1,-1
80,-1,512.25,328.29,23.89,15.73,0.8415,-1,-1,-1
80,-1,96.13,334.21,19.00,13.08,0.7593,-1,-1,-1
80,-1,0.00,299.00,11.38,15.47,0.7519,-1,-1,-1
80,-1,691.52,365.64,21.89,12.77,0.6602,-1,-1,-1
80,-1,729.70,330.41,17.62,12.52,0.3784,-1,-1,-1
81,-1,434.02,340.46,136.13,114.07,0.9570,-1,-1,-1
81,-1,239.19,427.14,170.91,121.37,0.9561,-1,-1,-1
81,-1,461.55,264.15,120.63,64.72,0.9497,-1,-1,-1
81,-1,119.86,262.06,42.02,24.71,0.8937,-1,-1,-1
81,-1,902.03,328.07,33.66,23.76,0.8739,-1,-1,-1
81,-1,886.28,346.99,41.48,21.04,0.8681,-1,-1,-1
81,-1,488.86,228.54,40.20,25.88,0.8643,-1,-1,-1
81,-1,103.70,266.91,26.11,23.78,0.8578,-1,-1,-1
81,-1,509.83,328.15,24.53,16.29,0.8300,-1,-1,-1
81,-1,93.65,334.42,18.88,13.38,0.8077,-1,-1,-1
81,-1,0.00,299.17,10.17,15.12,0.6290,-1,-1,-1
81,-1,690.10,365.79,20.72,12.49,0.5157,-1,-1,-1
82,-1,228.29,427.25,172.30,121.62,0.9572,-1,-1,-1
82,-1,423.15,340.40,135.11,113.85,0.9551,-1,-1,-1
82,-1,451.61,264.83,121.96,64.00,0.9458,-1,-1,-1
82,-1,116.78,262.34,42.11,24.77,0.8975,-1,-1,-1
82,-1,507.72,328.90,25.08,14.83,0.8828,-1,-1,-1
82,-1,899.25,327.96,33.34,24.09,0.8813,-1,-1,-1
82,-1,883.80,347.05,41.91,20.70,0.8707,-1,-1,-1
82,-1,480.55,226.55,40.20,28.01,0.8601,-1,-1,-1
82,-1,90.35,334.66,19.80,13.59,0.8274,-1,-1,-1
82,-1,100.86,267.55,25.30,23.77,0.5836,-1,-1,-1
82,-1,688.30,365.28,21.37,12.95,0.5486,-1,-1,-1
82,-1,100.92,267.53,25.11,23.83,0.4945,-1,-1,-1
82,-1,0.00,299.11,8.10,15.11,0.4751,-1,-1,-1
82,-1,727.17,329.78,17.75,12.63,0.3752,-1,-1,-1
83,-1,216.29,427.51,175.48,121.34,0.9596,-1,-1,-1
83,-1,413.19,340.80,133.26,113.23,0.9551,-1,-1,-1
83,-1,443.06,264.67,120.44,63.96,0.9493,-1,-1,-1
83,-1,113.86,262.70,42.25,24.62,0.8952,-1,-1,-1
83,-1,880.86,346.36,43.21,20.96,0.8825,-1,-1,-1
83,-1,896.36,327.45,33.17,23.78,0.8714,-1,-1,-1
83,-1,472.04,227.92,39.63,27.31,0.8647,-1,-1,-1
83,-1,505.24,328.90,25.66,15.01,0.8627,-1,-1,-1
83,-1,87.15,335.07,19.49,13.49,0.8129,-1,-1,-1
83,-1,97.95,268.06,25.53,23.50,0.7011,-1,-1,-1
83,-1,686.60,364.91,21.53,13.12,0.6801,-1,-1,-1
84,-1,402.17,340.88,132.36,112.88,0.9590,-1,-1,-1
84,-1,204.41,427.59,177.54,121.80,0.9581,-1,-1,-1
84,-1,434.46,264.60,119.54,64.14,0.9464,-1,-1,-1
84,-1,111.12,263.14,42.26,24.94,0.8963,-1,-1,-1
84,-1,893.09,327.13,34.09,23.36,0.8785,-1,-1,-1
84,-1,878.27,345.65,42.82,21.11,0.8784,-1,-1,-1
84,-1,502.83,328.57,26.33,15.32,0.8647,-1,-1,-1
84,-1,94.76,268.42,25.92,23.49,0.8646,-1,-1,-1
84,-1,462.48,225.89,40.30,28.23,0.8600,-1,-1,-1
84,-1,84.67,335.76,19.61,13.63,0.8386,-1,-1,-1
84,-1,684.85,365.07,21.87,12.67,0.5301,-1,-1,-1
84,-1,723.47,329.59,17.67,11.90,0.2881,-1,-1,-1
85,-1,390.59,340.55,132.23,113.26,0.9570,-1,-1,-1
85,-1,192.17,427.69,180.26,121.35,0.9565,-1,-1,-1
85,-1,426.08,264.45,118.06,64.21,0.9514,-1,-1,-1
85,-1,107.83,263.77,42.32,24.47,0.8968,-1,-1,-1
85,-1,500.75,328.32,27.96,15.46,0.8792,-1,-1,-1
85,-1,91.50,269.04,25.35,23.45,0.8780,-1,-1,-1
85,-1,889.95,326.56,33.67,23.84,0.8774,-1,-1,-1
85,-1,875.46,345.37,43.46,20.72,0.8646,-1,-1,-1
85,-1,454.61,228.21,39.37,25.93,0.8601,-1,-1,-1
85,-1,81.80,336.32,19.92,13.08,0.7763,-1,-1,-1
85,-1,683.94,365.01,20.37,12.47,0.4235,-1,-1,-1
85,-1,956.12,305.81,16.00,24.90,0.3795,-1,-1,-1
85,-1,501.84,360.81,20.85,11.24,0.2861,-1,-1,-1
85,-1,883.53,330.34,38.76,21.87,0.2599,-1,-1,-1
85,-1,721.92,329.76,17.45,11.55,0.2585,-1,-1,-1
86,-1,180.37,427.81,182.58,121.64,0.9581,-1,-1,-1
86,-1,380.62,340.48,130.28,113.25,0.9536,-1,-1,-1
86,-1,415.27,264.53,118.54,64.09,0.9498,-1,-1,-1
86,-1,105.10,264.15,42.18,24.89,0.8969,-1,-1,-1
86,-1,88.74,269.41,24.89,23.88,0.8776,-1,-1,-1
86,-1,886.94,325.86,34.90,23.80,0.8765,-1,-1,-1
86,-1,445.70,229.81,39.72,23.88,0.8742,-1,-1,-1
86,-1,498.64,328.30,28.11,15.49,0.8739,-1,-1,-1
86,-1,872.41,344.82,41.64,20.63,0.8672,-1,-1,-1
86,-1,78.90,336.82,19.71,12.96,0.7689,-1,-1,-1
86,-1,682.59,364.30,20.57,13.02,0.7208,-1,-1,-1
87,-1,168.53,428.13,184.98,120.98,0.9562,-1,-1,-1
87,-1,369.16,339.92,129.77,114.07,0.9523,-1,-1,-1
87,-1,407.50,264.35,117.86,64.44,0.9516,-1,-1,-1
87,-1,101.51,264.55,43.01,24.83,0.8976,-1,-1,-1
87,-1,85.38,269.83,25.08,24.24,0.8858,-1,-1,-1
87,-1,884.60,325.20,34.46,23.98,0.8837,-1,-1,-1
87,-1,869.47,344.18,41.33,20.77,0.8796,-1,-1,-1
87,-1,496.92,328.57,28.20,15.26,0.8755,-1,-1,-1
87,-1,436.90,229.61,40.75,24.19,0.8740,-1,-1,-1
87,-1,76.35,337.65,18.99,12.96,0.7696,-1,-1,-1
87,-1,680.48,364.18,21.38,12.86,0.5741,-1,-1,-1
87,-1,953.76,313.05,15.53,17.15,0.3052,-1,-1,-1
87,-1,717.93,328.89,17.91,12.12,0.2695,-1,-1,-1
88,-1,358.40,340.03,129.12,114.04,0.9565,-1,-1,-1
88,-1,157.05,428.50,187.29,121.91,0.9563,-1,-1,-1
88,-1,399.11,264.41,116.12,64.51,0.9494,-1,-1,-1
88,-1,99.21,265.17,42.46,24.53,0.8988,-1,-1,-1
88,-1,866.92,343.96,41.87,20.56,0.8853,-1,-1,-1
88,-1,881.58,324.89,33.99,23.44,0.8802,-1,-1,-1
88,-1,428.53,230.08,39.07,24.34,0.8654,-1,-1,-1
88,-1,494.65,328.66,28.39,15.12,0.8637,-1,-1,-1
88,-1,82.41,270.34,25.13,24.14,0.8617,-1,-1,-1
88,-1,73.34,338.08,18.98,12.95,0.7156,-1,-1,-1
88,-1,679.03,364.12,20.98,12.76,0.5779,-1,-1,-1
89,-1,347.84,339.85,127.65,114.36,0.9525,-1,-1,-1
89,-1,144.87,428.62,190.29,121.04,0.9524,-1,-1,-1
89,-1,390.54,264.91,115.19,64.06,0.9506,-1,-1,-1
89,-1,96.20,265.77,42.43,24.44,0.8957,-1,-1,-1
89,-1,864.40,343.57,40.53,20.62,0.8923,-1,-1,-1
89,-1,493.05,328.71,28.32,15.10,0.8761,-1,-1,-1
89,-1,879.16,324.12,32.77,23.43,0.8724,-1,-1,-1
89,-1,419.45,230.02,39.06,24.09,0.8707,-1,-1,-1
89,-1,79.25,271.04,25.82,24.27,0.8517,-1,-1,-1
89,-1,70.51,338.67,19.51,12.74,0.6782,-1,-1,-1
89,-1,677.83,363.66,20.50,12.95,0.5627,-1,-1,-1
89,-1,714.72,328.35,17.85,12.49,0.3567,-1,-1,-1
89,-1,0.00,296.84,7.70,15.35,0.3186,-1,-1,-1
89,-1,65.67,313.38,18.78,15.40,0.3070,-1,-1,-1
89,-1,898.27,298.09,17.67,22.10,0.2566,-1,-1,-1
90,-1,133.24,428.68,192.24,121.98,0.9580,-1,-1,-1
90,-1,336.89,339.83,126.06,114.46,0.9501,-1,-1,-1
90,-1,381.82,265.01,115.36,63.90,0.9475,-1,-1,-1
90,-1,93.04,266.33,42.89,24.13,0.8929,-1,-1,-1
90,-1,861.53,343.22,40.73,20.66,0.8893,-1,-1,-1
90,-1,876.48,323.66,32.75,23.54,0.8833,-1,-1,-1
90,-1,411.11,228.30,39.68,25.86,0.8719,-1,-1,-1
90,-1,491.70,328.81,28.09,14.95,0.8703,-1,-1,-1
90,-1,76.23,271.19,25.78,24.02,0.7915,-1,-1,-1
90,-1,676.03,363.59,21.03,12.90,0.7147,-1,-1,-1
90,-1,67.53,339.05,19.70,12.62,0.6902,-1,-1,-1
90,-1,76.09,271.01,26.16,24.51,0.4400,-1,-1,-1
90,-1,712.70,327.61,17.94,12.39,0.2955,-1,-1,-1
90,-1,948.20,310.09,15.38,19.49,0.2895,-1,-1,-1
90,-1,896.39,297.95,18.30,21.01,0.2679,-1,-1,-1
91,-1,121.17,428.91,195.49,122.62,0.9551,-1,-1,-1
91,-1,325.86,338.21,125.49,116.41,0.9520,-1,-1,-1
91,-1,371.43,265.13,116.07,63.76,0.9463,-1,-1,-1
91,-1,858.69,343.11,41.88,20.51,0.8894,-1,-1,-1
91,-1,90.77,266.40,42.30,24.33,0.8882,-1,-1,-1
91,-1,73.47,271.71,25.45,23.66,0.8707,-1,-1,-1
91,-1,489.85,328.98,28.30,14.72,0.8685,-1,-1,-1
91,-1,402.60,229.47,37.86,24.50,0.8653,-1,-1,-1
91,-1,873.59,323.26,32.37,23.65,0.8424,-1,-1,-1
91,-1,674.86,363.10,20.85,13.29,0.7768,-1,-1,-1
91,-1,64.62,339.27,19.21,12.66,0.6018,-1,-1,-1
91,-1,947.00,303.36,15.35,26.09,0.3179,-1,-1,-1
91,-1,894.68,298.77,18.54,20.99,0.2823,-1,-1,-1
91,-1,60.93,313.64,20.29,18.31,0.2619,-1,-1,-1
92,-1,109.42,429.00,197.99,122.46,0.9521,-1,-1,-1
92,-1,315.85,337.45,123.74,117.14,0.9506,-1,-1,-1
92,-1,363.98,264.96,113.95,63.89,0.9491,-1,-1,-1
92,-1,856.10,342.97,40.61,20.54,0.8925,-1,-1,-1
92,-1,88.74,266.34,41.58,24.65,0.8867,-1,-1,-1
92,-1,489.21,328.78,27.34,14.95,0.8704,-1,-1,-1
92,-1,870.56,323.70,33.17,23.62,0.8662,-1,-1,-1
92,-1,394.24,230.40,38.96,23.83,0.8514,-1,-1,-1
92,-1,70.54,271.83,25.66,24.07,0.8074,-1,-1,-1
92,-1,672.83,363.09,21.52,13.33,0.7523,-1,-1,-1
92,-1,61.79,339.18,19.57,12.80,0.7466,-1,-1,-1
92,-1,944.16,301.86,16.55,27.90,0.4398,-1,-1,-1
92,-1,710.21,327.66,17.36,12.23,0.4294,-1,-1,-1
92,-1,430.43,366.13,17.81,19.37,0.2633,-1,-1,-1
93,-1,304.94,341.34,123.77,113.30,0.9508,-1,-1,-1
93,-1,96.93,428.88,200.91,121.58,0.9502,-1,-1,-1
93,-1,353.23,265.41,115.41,63.58,0.9476,-1,-1,-1
93,-1,85.17,266.51,42.45,24.41,0.8977,-1,-1,-1
93,-1,853.37,342.92,41.51,20.45,0.8894,-1,-1,-1
93,-1,868.13,323.61,32.52,23.34,0.8768,-1,-1,-1
93,-1,486.64,328.89,28.55,14.77,0.8530,-1,-1,-1
93,-1,67.15,271.58,25.79,23.83,0.8490,-1,-1,-1
93,-1,385.97,230.98,38.12,23.51,0.8367,-1,-1,-1
93,-1,427.26,365.90,18.43,19.39,0.8139,-1,-1,-1
93,-1,671.87,363.20,20.65,13.13,0.7398,-1,-1,-1
93,-1,58.89,339.34,19.65,12.50,0.7099,-1,-1,-1
93,-1,707.73,327.40,17.97,12.63,0.4312,-1,-1,-1
93,-1,943.29,303.90,15.71,25.67,0.4216,-1,-1,-1
93,-1,890.89,298.15,18.05,21.15,0.3076,-1,-1,-1
94,-1,85.66,428.99,203.67,123.05,0.9528,-1,-1,-1
94,-1,293.95,341.49,123.19,113.21,0.9513,-1,-1,-1
94,-1,345.52,265.12,114.23,64.06,0.9493,-1,-1,-1
94,-1,82.94,266.03,42.10,24.88,0.8930,-1,-1,-1
94,-1,850.58,343.07,40.70,20.44,0.8774,-1,-1,-1
94,-1,485.89,328.79,27.47,15.03,0.8770,-1,-1,-1
94,-1,865.14,323.76,33.34,23.02,0.8689,-1,-1,-1
94,-1,424.19,365.79,18.81,19.83,0.8672,-1,-1,-1
94,-1,377.84,231.10,38.74,23.00,0.8621,-1,-1,-1
94,-1,56.37,338.75,19.59,13.11,0.7842,-1,-1,-1
94,-1,64.82,271.21,25.38,24.31,0.6416,-1,-1,-1
94,-1,670.77,363.54,20.28,12.90,0.6308,-1,-1,-1
94,-1,707.29,327.48,16.88,12.84,0.4629,-1,-1,-1
94,-1,889.18,299.40,18.84,20.04,0.3636,-1,-1,-1
94,-1,523.18,285.50,18.88,13.92,0.3252,-1,-1,-1
95,-1,73.20,428.93,206.91,123.01,0.9565,-1,-1,-1
95,-1,283.98,340.91,121.92,114.10,0.9537,-1,-1,-1
95,-1,335.98,265.20,114.18,63.97,0.9504,-1,-1,-1
95,-1,79.86,265.98,42.59,24.60,0.8953,-1,-1,-1
95,-1,484.01,328.76,28.87,15.14,0.8801,-1,-1,-1
95,-1,862.21,324.16,33.98,23.27,0.8748,-1,-1,-1
95,-1,848.25,343.30,40.17,20.70,0.8671,-1,-1,-1
95,-1,422.05,365.83,18.47,19.82,0.8616,-1,-1,-1
95,-1,369.89,230.62,35.45,24.03,0.8114,-1,-1,-1
95,-1,668.94,363.80,20.53,12.73,0.7336,-1,-1,-1
95,-1,442.46,287.87,20.12,22.72,0.7232,-1,-1,-1
95,-1,54.17,339.14,19.46,12.79,0.6630,-1,-1,-1
95,-1,62.08,271.15,25.76,24.13,0.6448,-1,-1,-1
95,-1,888.13,299.00,18.61,20.82,0.5212,-1,-1,-1
95,-1,61.93,271.30,25.75,24.12,0.5201,-1,-1,-1
95,-1,705.02,327.77,17.58,13.36,0.3313,-1,-1,-1
96,-1,327.13,265.15,113.82,63.98,0.9525,-1,-1,-1
96,-1,61.65,428.65,209.58,123.19,0.9524,-1,-1,-1
96,-1,273.04,340.99,121.57,113.78,0.9514,-1,-1,-1
96,-1,76.88,265.77,42.86,24.31,0.8986,-1,-1,-1
96,-1,859.85,324.45,33.54,23.12,0.8812,-1,-1,-1
96,-1,59.03,270.82,25.76,23.83,0.8734,-1,-1,-1
96,-1,438.43,287.59,20.85,22.84,0.8732,-1,-1,-1
96,-1,482.57,328.89,28.27,14.97,0.8674,-1,-1,-1
96,-1,419.96,365.68,18.04,19.45,0.8633,-1,-1,-1
96,-1,361.66,229.90,38.34,24.24,0.8610,-1,-1,-1
96,-1,845.53,343.61,40.84,20.65,0.8596,-1,-1,-1
96,-1,667.29,363.74,20.39,12.99,0.7299,-1,-1,-1
96,-1,51.24,338.23,19.42,12.88,0.6646,-1,-1,-1
97,-1,49.59,428.71,212.92,122.97,0.9550,-1,-1,-1
97,-1,262.76,341.15,120.47,113.55,0.9506,-1,-1,-1
97,-1,320.18,264.77,111.98,64.41,0.9502,-1,-1,-1
97,-1,75.15,264.98,41.91,24.50,0.8963,-1,-1,-1
97,-1,857.05,325.01,34.03,23.49,0.8727,-1,-1,-1
97,-1,417.38,365.62,17.98,19.30,0.8678,-1,-1,-1
97,-1,481.57,328.79,27.98,15.12,0.8626,-1,-1,-1
97,-1,434.60,287.28,22.47,22.74,0.8590,-1,-1,-1
97,-1,353.72,228.70,38.45,25.71,0.8459,-1,-1,-1
97,-1,56.79,270.55,25.06,23.54,0.7662,-1,-1,-1
97,-1,842.77,343.61,41.27,21.25,0.7546,-1,-1,-1
97,-1,665.84,363.78,20.84,13.04,0.5564,-1,-1,-1
97,-1,48.90,337.73,18.59,13.19,0.4681,-1,-1,-1
97,-1,425.73,307.26,19.00,27.90,0.3945,-1,-1,-1
97,-1,938.19,305.88,15.23,24.76,0.2905,-1,-1,-1
98,-1,38.07,428.23,215.58,122.82,0.9615,-1,-1,-1
98,-1,252.63,341.25,119.58,113.43,0.9536,-1,-1,-1
98,-1,312.04,264.91,111.40,64.11,0.9519,-1,-1,-1
98,-1,72.74,264.38,41.63,24.95,0.8943,-1,-1,-1
98,-1,53.79,269.86,24.99,23.38,0.8892,-1,-1,-1
98,-1,479.13,328.74,28.87,15.02,0.8857,-1,-1,-1
98,-1,854.50,324.86,33.72,23.86,0.8720,-1,-1,-1
98,-1,431.69,287.09,22.20,22.81,0.8707,-1,-1,-1
98,-1,415.04,365.77,17.90,19.43,0.8612,-1,-1,-1
98,-1,345.45,229.16,38.59,25.06,0.8488,-1,-1,-1
98,-1,840.11,341.31,41.17,23.89,0.8155,-1,-1,-1
98,-1,46.22,337.10,18.86,13.24,0.6165,-1,-1,-1
98,-1,664.24,364.04,20.68,13.10,0.5279,-1,-1,-1
98,-1,421.48,304.88,20.39,31.97,0.4693,-1,-1,-1
98,-1,701.01,328.55,17.35,12.87,0.3529,-1,-1,-1
98,-1,883.18,299.52,18.03,21.72,0.2677,-1,-1,-1
99,-1,25.98,427.92,218.39,122.51,0.9585,-1,-1,-1
99,-1,238.66,340.97,122.28,113.24,0.9552,-1,-1,-1
99,-1,304.62,264.59,109.72,64.19,0.9498,-1,-1,-1
99,-1,69.22,263.88,42.82,24.68,0.8997,-1,-1,-1
99,-1,852.22,325.63,33.30,23.81,0.8829,-1,-1,-1
99,-1,478.35,328.78,27.64,14.97,0.8794,-1,-1,-1
99,-1,50.70,269.28,26.00,23.57,0.8758,-1,-1,-1
99,-1,429.16,287.37,22.60,22.62,0.8674,-1,-1,-1
99,-1,412.24,365.78,18.11,19.36,0.8605,-1,-1,-1
99,-1,337.62,230.03,38.60,24.35,0.8376,-1,-1,-1
99,-1,837.43,342.87,41.80,22.77,0.8285,-1,-1,-1
99,-1,43.41,336.54,19.10,13.10,0.6760,-1,-1,-1
99,-1,419.06,303.84,20.42,32.21,0.5295,-1,-1,-1
99,-1,223.31,0.07,30.66,35.51,0.5181,-1,-1,-1
99,-1,662.54,364.39,21.06,12.98,0.5169,-1,-1,-1
99,-1,882.03,299.97,18.08,21.14,0.3759,-1,-1,-1
99,-1,417.50,303.92,21.59,31.62,0.3672,-1,-1,-1
99,-1,881.99,299.99,18.37,21.17,0.2943,-1,-1,-1
99,-1,935.12,307.75,15.15,24.34,0.2728,-1,-1,-1
100,-1,14.07,427.55,220.80,122.47,0.9605,-1,-1,-1
100,-1,229.32,340.73,120.30,113.32,0.9522,-1,-1,-1
100,-1,295.55,264.66,110.12,63.85,0.9509,-1,-1,-1
100,-1,67.09,262.95,42.29,25.11,0.9039,-1,-1,-1
100,-1,48.58,268.81,25.52,23.45,0.8860,-1,-1,-1
100,-1,476.57,328.75,28.62,15.04,0.8829,-1,-1,-1
100,-1,849.02,326.51,34.28,23.51,0.8808,-1,-1,-1
100,-1,426.91,287.03,22.42,22.84,0.8605,-1,-1,-1
100,-1,409.89,365.49,17.81,19.64,0.8283,-1,-1,-1
100,-1,835.80,348.66,40.22,17.66,0.8125,-1,-1,-1
100,-1,40.64,336.00,19.31,13.22,0.6903,-1,-1,-1
100,-1,330.09,228.98,36.54,25.36,0.5648,-1,-1,-1
100,-1,212.78,0.00,32.97,34.45,0.5219,-1,-1,-1
100,-1,661.24,364.79,20.76,12.85,0.5077,-1,-1,-1
100,-1,933.94,310.62,15.18,21.42,0.3903,-1,-1,-1
100,-1,698.12,329.03,16.74,12.35,0.3658,-1,-1,-1
100,-1,414.64,304.23,21.54,24.34,0.3380,-1,-1,-1
100,-1,329.91,213.53,38.38,40.88,0.3373,-1,-1,-1
100,-1,880.58,300.07,18.53,21.23,0.2766,-1,-1,-1
101,-1,2.66,426.96,223.62,122.47,0.9644,-1,-1,-1
101,-1,217.57,340.28,121.47,113.67,0.9540,-1,-1,-1
101,-1,287.36,264.30,109.69,64.16,0.9494,-1,-1,-1
101,-1,64.63,262.36,42.28,25.28,0.9001,-1,-1,-1
101,-1,45.72,268.10,25.45,23.47,0.8844,-1,-1,-1
101,-1,846.46,326.75,33.90,23.79,0.8800,-1,-1,-1
101,-1,474.87,328.68,28.60,15.13,0.8770,-1,-1,-1
101,-1,832.46,345.50,41.14,21.14,0.8767,-1,-1,-1
101,-1,424.27,286.98,21.81,22.61,0.8575,-1,-1,-1
101,-1,37.76,335.25,19.55,13.25,0.8108,-1,-1,-1
101,-1,407.62,365.50,17.58,19.73,0.7966,-1,-1,-1
101,-1,322.18,229.36,37.80,25.15,0.7374,-1,-1,-1
101,-1,413.58,303.95,20.26,22.75,0.6505,-1,-1,-1
101,-1,696.58,329.21,17.33,12.64,0.5303,-1,-1,-1
101,-1,660.37,365.08,19.75,12.80,0.5099,-1,-1,-1
101,-1,200.60,0.00,36.53,35.28,0.4287,-1,-1,-1
101,-1,932.04,310.21,15.14,22.40,0.3563,-1,-1,-1
101,-1,879.34,300.69,18.76,21.83,0.2636,-1,-1,-1
102,-1,0.21,426.40,216.13,122.91,0.9565,-1,-1,-1
102,-1,206.60,340.09,122.03,113.55,0.9561,-1,-1,-1
102,-1,277.60,264.12,109.45,64.12,0.9497,-1,-1,-1
102,-1,42.87,267.65,25.93,23.36,0.8957,-1,-1,-1
102,-1,62.05,262.31,42.64,24.83,0.8944,-1,-1,-1
102,-1,829.90,345.94,40.85,21.06,0.8817,-1,-1,-1
102,-1,843.97,327.07,33.88,23.87,0.8817,-1,-1,-1
102,-1,421.55,287.15,21.97,22.65,0.8717,-1,-1,-1
102,-1,473.65,328.67,28.15,14.92,0.8664,-1,-1,-1
102,-1,313.81,228.82,37.45,24.61,0.8463,-1,-1,-1
102,-1,405.40,365.10,17.61,19.63,0.7458,-1,-1,-1
102,-1,658.30,364.95,20.81,13.20,0.6805,-1,-1,-1
102,-1,695.11,329.03,17.29,13.00,0.5479,-1,-1,-1
102,-1,190.60,0.00,38.00,37.01,0.5147,-1,-1,-1
102,-1,35.01,334.83,19.72,13.05,0.4923,-1,-1,-1
102,-1,877.80,302.77,18.79,20.55,0.3505,-1,-1,-1
102,-1,931.09,311.07,14.96,22.52,0.2761,-1,-1,-1
103,-1,194.94,339.93,121.82,113.47,0.9550,-1,-1,-1
103,-1,0.28,426.00,207.88,122.45,0.9542,-1,-1,-1
103,-1,269.77,263.89,108.02,64.04,0.9500,-1,-1,-1
103,-1,60.31,261.38,41.48,25.17,0.8976,-1,-1,-1
103,-1,827.14,346.52,41.33,20.70,0.8858,-1,-1,-1
103,-1,471.45,328.63,28.89,15.01,0.8765,-1,-1,-1
103,-1,841.64,327.35,33.44,24.14,0.8761,-1,-1,-1
103,-1,305.83,228.69,37.96,24.52,0.8715,-1,-1,-1
103,-1,40.44,267.12,25.63,23.51,0.8605,-1,-1,-1
103,-1,418.65,286.44,23.30,23.07,0.8493,-1,-1,-1
103,-1,32.65,334.53,19.39,13.19,0.7524,-1,-1,-1
103,-1,402.97,365.08,17.30,19.02,0.7399,-1,-1,-1
103,-1,179.06,0.00,40.08,35.60,0.6490,-1,-1,-1
103,-1,657.08,365.05,20.13,13.10,0.5962,-1,-1,-1
103,-1,693.98,329.60,16.69,13.10,0.5352,-1,-1,-1
103,-1,929.36,308.17,15.16,25.50,0.2645,-1,-1,-1
104,-1,0.00,425.85,199.64,122.16,0.9572,-1,-1,-1
104,-1,183.71,339.63,121.95,113.39,0.9564,-1,-1,-1
104,-1,260.30,263.58,108.74,64.28,0.9478,-1,-1,-1
104,-1,56.71,261.35,42.81,24.99,0.9029,-1,-1,-1
104,-1,470.38,328.53,28.30,15.02,0.8842,-1,-1,-1
104,-1,824.45,346.47,41.22,21.03,0.8761,-1,-1,-1
104,-1,838.82,327.62,34.02,23.70,0.8733,-1,-1,-1
104,-1,37.40,266.52,26.40,23.98,0.8722,-1,-1,-1
104,-1,297.65,228.26,37.89,24.76,0.8687,-1,-1,-1
104,-1,415.81,286.62,23.08,23.04,0.8650,-1,-1,-1
104,-1,30.03,334.16,19.26,13.10,0.7986,-1,-1,-1
104,-1,400.34,364.67,16.94,19.52,0.7675,-1,-1,-1
104,-1,167.93,0.00,42.23,36.77,0.6757,-1,-1,-1
104,-1,655.90,365.30,19.74,12.97,0.6237,-1,-1,-1
104,-1,692.09,329.38,17.18,12.87,0.5588,-1,-1,-1
104,-1,927.80,313.77,15.42,19.71,0.3762,-1,-1,-1
104,-1,874.74,303.23,17.91,20.93,0.2834,-1,-1,-1
104,-1,406.47,303.56,19.90,23.04,0.2584,-1,-1,-1
105,-1,172.56,339.23,122.85,113.63,0.9589,-1,-1,-1
105,-1,0.00,425.56,190.58,122.35,0.9568,-1,-1,-1
105,-1,251.34,263.60,108.96,64.21,0.9480,-1,-1,-1
105,-1,54.59,261.22,42.46,24.83,0.8992,-1,-1,-1
105,-1,34.55,266.35,26.01,24.00,0.8919,-1,-1,-1
105,-1,821.64,346.54,41.59,20.98,0.8877,-1,-1,-1
105,-1,289.94,228.22,37.60,24.70,0.8814,-1,-1,-1
105,-1,469.33,328.50,28.28,15.19,0.8811,-1,-1,-1
105,-1,836.12,327.72,34.12,23.83,0.8808,-1,-1,-1
105,-1,412.38,286.52,23.58,23.43,0.8712,-1,-1,-1
105,-1,27.12,334.09,19.91,12.91,0.8102,-1,-1,-1
105,-1,398.12,364.18,16.96,19.85,0.7510,-1,-1,-1
105,-1,654.22,365.39,20.03,12.99,0.5814,-1,-1,-1
105,-1,156.93,0.00,44.62,37.17,0.5654,-1,-1,-1
105,-1,690.54,329.64,17.12,12.94,0.5388,-1,-1,-1
105,-1,872.72,302.29,18.60,23.06,0.4358,-1,-1,-1
106,-1,0.00,425.47,181.92,122.52,0.9574,-1,-1,-1
106,-1,160.44,339.20,124.30,113.55,0.9547,-1,-1,-1
106,-1,240.67,263.44,110.36,64.30,0.9473,-1,-1,-1
106,-1,52.11,261.02,42.13,24.88,0.9037,-1,-1,-1
106,-1,818.98,347.07,41.55,20.77,0.8822,-1,-1,-1
106,-1,31.68,266.30,26.47,23.75,0.8728,-1,-1,-1
106,-1,281.75,228.08,37.64,24.78,0.8716,-1,-1,-1
106,-1,467.46,328.59,28.22,15.16,0.8711,-1,-1,-1
106,-1,833.21,328.07,34.07,23.57,0.8709,-1,-1,-1
106,-1,409.75,286.54,23.66,23.25,0.8393,-1,-1,-1
106,-1,24.65,333.68,19.71,13.33,0.8181,-1,-1,-1
106,-1,395.54,364.52,17.26,19.23,0.7894,-1,-1,-1
106,-1,924.74,310.78,15.40,23.14,0.6240,-1,-1,-1
106,-1,689.06,329.49,17.33,12.47,0.6003,-1,-1,-1
106,-1,652.93,365.66,19.70,12.81,0.5856,-1,-1,-1
106,-1,145.01,0.00,47.93,37.57,0.4508,-1,-1,-1
107,-1,148.94,339.12,124.94,113.74,0.9567,-1,-1,-1
107,-1,232.27,263.59,109.62,63.90,0.9496,-1,-1,-1
107,-1,0.02,425.51,173.58,124.28,0.9495,-1,-1,-1
107,-1,49.78,261.09,41.85,25.01,0.9030,-1,-1,-1
107,-1,273.23,228.08,38.05,24.43,0.8868,-1,-1,-1
107,-1,816.52,346.78,41.37,21.25,0.8831,-1,-1,-1
107,-1,29.11,266.23,26.02,23.99,0.8769,-1,-1,-1
107,-1,830.48,327.86,33.92,23.68,0.8666,-1,-1,-1
107,-1,465.98,328.44,27.94,15.36,0.8665,-1,-1,-1
107,-1,407.31,286.49,23.90,23.36,0.8586,-1,-1,-1
107,-1,22.31,333.64,18.92,13.45,0.8184,-1,-1,-1
107,-1,134.43,0.02,48.29,37.38,0.7506,-1,-1,-1
107,-1,392.51,364.78,17.30,19.38,0.7440,-1,-1,-1
107,-1,651.29,365.56,20.46,12.87,0.5306,-1,-1,-1
107,-1,687.89,329.92,16.94,12.43,0.3339,-1,-1,-1
107,-1,923.36,309.69,14.92,25.07,0.2578,-1,-1,-1
108,-1,137.37,339.18,125.92,113.63,0.9591,-1,-1,-1
108,-1,224.54,263.32,108.18,64.15,0.9492,-1,-1,-1
108,-1,0.03,425.59,164.17,130.38,0.9386,-1,-1,-1
108,-1,45.36,261.69,43.29,24.35,0.8982,-1,-1,-1
108,-1,813.67,346.61,41.49,21.06,0.8937,-1,-1,-1
108,-1,25.97,266.52,26.18,23.91,0.8905,-1,-1,-1
108,-1,827.85,327.74,33.84,23.55,0.8846,-1,-1,-1
108,-1,265.22,228.39,37.01,24.49,0.8774,-1,-1,-1
108,-1,463.82,328.47,28.89,15.31,0.8745,-1,-1,-1
108,-1,404.78,286.26,22.99,23.69,0.8700,-1,-1,-1
108,-1,123.31,0.00,50.90,37.99,0.8075,-1,-1,-1
108,-1,390.24,364.97,17.02,19.57,0.7914,-1,-1,-1
108,-1,19.06,334.07,19.76,12.83,0.7460,-1,-1,-1
108,-1,649.62,365.34,20.43,12.96,0.6506,-1,-1,-1
108,-1,686.61,329.44,16.38,13.53,0.4034,-1,-1,-1
108,-1,922.27,313.47,15.24,21.56,0.3070,-1,-1,-1
109,-1,125.85,339.40,126.92,113.52,0.9554,-1,-1,-1
109,-1,214.32,263.40,108.64,64.32,0.9511,-1,-1,-1
109,-1,0.08,425.70,154.42,127.91,0.9375,-1,-1,-1
109,-1,42.52,261.55,43.44,24.84,0.8973,-1,-1,-1
109,-1,811.05,346.66,41.47,20.62,0.8902,-1,-1,-1
109,-1,22.96,266.80,26.41,23.97,0.8836,-1,-1,-1
109,-1,462.67,328.41,28.23,15.19,0.8781,-1,-1,-1
109,-1,824.97,327.61,33.54,23.66,0.8774,-1,-1,-1
109,-1,256.59,228.19,37.05,24.59,0.8757,-1,-1,-1
109,-1,401.85,286.57,23.48,23.17,0.8602,-1,-1,-1
109,-1,110.69,0.09,53.56,38.09,0.8139,-1,-1,-1
109,-1,16.39,334.10,19.26,13.25,0.7577,-1,-1,-1
109,-1,388.06,365.19,16.96,19.37,0.7183,-1,-1,-1
109,-1,648.14,365.16,20.39,13.07,0.7022,-1,-1,-1
109,-1,684.57,328.92,16.74,13.22,0.6896,-1,-1,-1
109,-1,920.13,313.41,15.47,19.76,0.4097,-1,-1,-1
110,-1,113.59,339.59,128.23,114.54,0.9525,-1,-1,-1
110,-1,205.49,263.65,108.47,64.05,0.9520,-1,-1,-1
110,-1,0.00,426.06,144.07,118.75,0.9285,-1,-1,-1
110,-1,40.52,261.49,42.81,25.38,0.8963,-1,-1,-1
110,-1,19.86,267.20,26.18,23.61,0.8932,-1,-1,-1
110,-1,808.34,345.97,41.14,21.14,0.8892,-1,-1,-1
110,-1,822.04,327.48,34.14,23.21,0.8819,-1,-1,-1
110,-1,461.25,328.50,28.24,15.19,0.8806,-1,-1,-1
110,-1,248.20,228.84,37.33,24.10,0.8764,-1,-1,-1
110,-1,399.16,286.99,23.11,22.64,0.8626,-1,-1,-1
110,-1,96.77,0.00,58.09,38.12,0.7951,-1,-1,-1
110,-1,646.54,364.93,20.49,13.29,0.7254,-1,-1,-1
110,-1,13.48,334.23,19.11,13.46,0.7212,-1,-1,-1
110,-1,385.74,365.20,16.18,19.70,0.5344,-1,-1,-1
110,-1,918.76,313.41,15.66,19.47,0.4099,-1,-1,-1
110,-1,683.10,329.06,16.58,14.73,0.2654,-1,-1,-1
111,-1,101.95,339.80,129.87,113.83,0.9565,-1,-1,-1
111,-1,197.15,263.89,107.31,64.19,0.9489,-1,-1,-1
111,-1,0.00,426.47,133.11,114.05,0.9347,-1,-1,-1
111,-1,37.01,262.70,43.20,24.38,0.8974,-1,-1,-1
111,-1,805.43,345.55,40.96,21.28,0.8919,-1,-1,-1
111,-1,819.56,326.85,33.40,23.64,0.8874,-1,-1,-1
111,-1,17.09,267.77,25.73,23.36,0.8826,-1,-1,-1
111,-1,239.18,229.03,36.93,23.98,0.8817,-1,-1,-1
111,-1,458.98,328.64,28.79,15.15,0.8764,-1,-1,-1
111,-1,396.14,287.31,23.48,22.59,0.8700,-1,-1,-1
111,-1,82.53,0.02,62.23,38.83,0.8599,-1,-1,-1
111,-1,10.17,334.84,20.23,13.40,0.6996,-1,-1,-1
111,-1,382.79,365.47,16.65,19.81,0.6904,-1,-1,-1
111,-1,645.01,365.16,20.19,12.89,0.5663,-1,-1,-1
111,-1,681.15,329.04,16.88,12.85,0.4938,-1,-1,-1
111,-1,916.84,312.93,15.39,19.43,0.2840,-1,-1,-1
111,-1,223.51,366.36,34.79,38.57,0.2668,-1,-1,-1
112,-1,90.08,340.20,131.16,113.72,0.9552,-1,-1,-1
112,-1,188.33,264.29,106.31,64.18,0.9502,-1,-1,-1
112,-1,0.00,427.15,122.91,115.45,0.9266,-1,-1,-1
112,-1,33.61,262.65,43.66,25.09,0.9035,-1,-1,-1
112,-1,802.75,345.41,41.54,20.93,0.8905,-1,-1,-1
112,-1,14.01,268.51,25.81,23.24,0.8901,-1,-1,-1
112,-1,816.78,326.17,33.77,23.75,0.8866,-1,-1,-1
112,-1,69.02,0.00,65.85,39.57,0.8852,-1,-1,-1
112,-1,230.17,229.13,36.99,24.14,0.8784,-1,-1,-1
112,-1,457.35,328.78,28.62,15.00,0.8686,-1,-1,-1
112,-1,393.26,287.08,23.60,22.89,0.8601,-1,-1,-1
112,-1,7.16,335.41,20.00,13.36,0.7175,-1,-1,-1
112,-1,643.64,364.64,20.10,13.08,0.6786,-1,-1,-1
112,-1,679.97,328.96,16.26,14.16,0.3866,-1,-1,-1
112,-1,380.27,365.51,16.97,19.92,0.3405,-1,-1,-1
113,-1,78.41,340.58,132.23,114.74,0.9520,-1,-1,-1
113,-1,179.30,264.57,106.19,64.22,0.9492,-1,-1,-1
113,-1,0.00,427.64,113.87,115.47,0.9125,-1,-1,-1
113,-1,10.60,269.22,26.36,23.34,0.9036,-1,-1,-1
113,-1,31.23,263.58,43.14,24.74,0.8968,-1,-1,-1
113,-1,800.33,345.05,40.97,20.94,0.8888,-1,-1,-1
113,-1,454.79,328.67,29.70,15.02,0.8865,-1,-1,-1
113,-1,813.30,326.21,34.33,23.36,0.8851,-1,-1,-1
113,-1,221.68,229.57,36.81,24.24,0.8698,-1,-1,-1
113,-1,389.99,287.46,23.78,22.70,0.8645,-1,-1,-1
113,-1,53.28,0.00,71.53,40.23,0.8536,-1,-1,-1
113,-1,4.56,336.03,19.75,13.53,0.7240,-1,-1,-1
113,-1,642.23,364.19,19.84,13.25,0.6426,-1,-1,-1
113,-1,677.86,328.52,16.61,13.07,0.5129,-1,-1,-1
113,-1,202.20,365.15,38.84,41.60,0.4338,-1,-1,-1
113,-1,377.81,365.69,16.00,18.84,0.3170,-1,-1,-1
114,-1,65.78,340.76,134.23,114.49,0.9554,-1,-1,-1
114,-1,168.65,264.89,107.54,64.05,0.9508,-1,-1,-1
114,-1,0.00,427.99,104.28,112.65,0.9084,-1,-1,-1
114,-1,811.02,325.52,33.63,23.57,0.8979,-1,-1,-1
114,-1,28.64,264.42,42.99,24.24,0.8905,-1,-1,-1
114,-1,797.38,344.59,41.01,21.05,0.8876,-1,-1,-1
114,-1,453.90,328.74,28.95,14.95,0.8831,-1,-1,-1
114,-1,7.66,269.69,26.51,23.35,0.8827,-1,-1,-1
114,-1,386.64,287.50,24.15,22.56,0.8749,-1,-1,-1
114,-1,212.83,230.25,37.26,24.11,0.8709,-1,-1,-1
114,-1,41.80,0.00,73.30,41.30,0.8598,-1,-1,-1
114,-1,640.77,364.03,19.79,13.24,0.6995,-1,-1,-1
114,-1,2.04,337.13,19.68,13.37,0.6881,-1,-1,-1
114,-1,191.01,365.99,41.82,40.81,0.6586,-1,-1,-1
114,-1,676.29,328.63,16.74,13.43,0.3716,-1,-1,-1
114,-1,375.13,365.64,16.30,19.27,0.3518,-1,-1,-1
115,-1,53.94,340.97,135.76,114.74,0.9498,-1,-1,-1
115,-1,159.36,265.28,106.71,63.83,0.9485,-1,-1,-1
115,-1,794.81,344.32,40.81,20.84,0.8984,-1,-1,-1
115,-1,25.63,264.93,42.77,24.68,0.8906,-1,-1,-1
115,-1,808.35,325.33,33.87,23.43,0.8905,-1,-1,-1
115,-1,0.00,428.62,95.21,109.66,0.8866,-1,-1,-1
115,-1,4.46,270.31,26.16,23.43,0.8839,-1,-1,-1
115,-1,452.03,328.77,29.43,15.18,0.8835,-1,-1,-1
115,-1,384.36,287.63,23.68,22.52,0.8620,-1,-1,-1
115,-1,28.73,0.00,77.60,42.69,0.8489,-1,-1,-1
115,-1,180.70,365.58,44.11,42.33,0.7906,-1,-1,-1
115,-1,204.40,231.05,36.72,23.67,0.7807,-1,-1,-1
115,-1,639.17,364.31,19.67,12.94,0.7197,-1,-1,-1
115,-1,0.10,337.63,18.72,13.05,0.5907,-1,-1,-1
116,-1,41.04,341.46,138.15,115.47,0.9531,-1,-1,-1
116,-1,150.00,265.83,107.31,63.73,0.9529,-1,-1,-1
116,-1,22.93,265.62,42.82,24.24,0.8932,-1,-1,-1
116,-1,791.84,343.84,40.92,20.98,0.8897,-1,-1,-1
116,-1,805.06,324.95,33.92,23.27,0.8887,-1,-1,-1
116,-1,1.32,270.90,26.53,23.53,0.8714,-1,-1,-1
116,-1,450.64,328.84,28.87,15.09,0.8711,-1,-1,-1
116,-1,195.43,231.31,37.06,24.18,0.8675,-1,-1,-1
116,-1,380.67,287.70,24.48,22.57,0.8636,-1,-1,-1
116,-1,0.03,429.09,85.92,110.30,0.8516,-1,-1,-1
116,-1,14.86,0.00,80.92,44.35,0.8486,-1,-1,-1
116,-1,637.46,363.70,20.10,13.30,0.7670,-1,-1,-1
116,-1,170.75,365.88,45.84,41.55,0.7127,-1,-1,-1
116,-1,0.00,338.20,15.72,13.00,0.5256,-1,-1,-1
116,-1,376.91,304.17,18.97,27.01,0.4555,-1,-1,-1
116,-1,672.82,327.36,16.89,13.65,0.4456,-1,-1,-1
117,-1,29.22,341.96,139.17,114.43,0.9611,-1,-1,-1
117,-1,141.62,266.02,105.75,63.64,0.9495,-1,-1,-1
117,-1,789.02,343.65,41.42,20.54,0.8990,-1,-1,-1
117,-1,802.45,324.13,34.00,23.61,0.8934,-1,-1,-1
117,-1,19.65,266.30,42.98,24.07,0.8906,-1,-1,-1
117,-1,377.76,287.83,25.02,22.53,0.8693,-1,-1,-1
117,-1,1.90,0.04,83.78,44.09,0.8688,-1,-1,-1
117,-1,448.92,328.87,28.87,15.18,0.8648,-1,-1,-1
117,-1,186.84,230.66,37.37,23.97,0.8643,-1,-1,-1
117,-1,159.64,366.48,48.05,40.98,0.8060,-1,-1,-1
117,-1,0.00,271.73,24.97,23.23,0.7390,-1,-1,-1
117,-1,635.86,363.57,20.07,13.28,0.7245,-1,-1,-1
117,-1,0.01,429.39,77.34,106.07,0.4840,-1,-1,-1
117,-1,373.93,304.78,19.17,24.83,0.4699,-1,-1,-1
117,-1,671.70,327.64,16.20,14.03,0.4348,-1,-1,-1
117,-1,376.01,293.77,21.85,19.06,0.3996,-1,-1,-1
117,-1,0.00,429.36,77.32,109.37,0.3796,-1,-1,-1
117,-1,367.74,365.99,16.18,19.49,0.3220,-1,-1,-1
117,-1,0.00,338.39,12.96,13.18,0.2589,-1,-1,-1
118,-1,16.20,341.77,142.56,114.69,0.9598,-1,-1,-1
118,-1,133.63,266.25,104.52,63.55,0.9498,-1,-1,-1
118,-1,786.75,343.46,40.57,20.58,0.8922,-1,-1,-1
118,-1,149.42,366.51,50.54,41.58,0.8893,-1,-1,-1
118,-1,16.92,266.85,43.07,23.82,0.8836,-1,-1,-1
118,-1,799.98,323.79,33.40,24.02,0.8834,-1,-1,-1
118,-1,0.03,0.11,76.73,45.38,0.8784,-1,-1,-1
118,-1,446.75,328.88,29.48,15.16,0.8763,-1,-1,-1
118,-1,178.38,231.25,37.19,24.44,0.8732,-1,-1,-1
118,-1,374.73,287.76,25.07,22.52,0.8670,-1,-1,-1
118,-1,0.00,271.94,22.26,23.25,0.8444,-1,-1,-1
118,-1,634.28,363.18,19.99,13.46,0.6761,-1,-1,-1
118,-1,0.07,429.78,67.70,103.34,0.6210,-1,-1,-1
118,-1,670.34,327.42,15.99,13.10,0.3087,-1,-1,-1
119,-1,4.16,342.18,144.70,114.74,0.9628,-1,-1,-1
119,-1,124.14,266.41,104.68,63.66,0.9475,-1,-1,-1
119,-1,783.91,343.24,40.30,20.68,0.9051,-1,-1,-1
119,-1,14.08,267.05,38.52,24.18,0.8904,-1,-1,-1
119,-1,796.59,324.17,34.14,23.41,0.8901,-1,-1,-1
119,-1,445.34,328.84,28.55,15.22,0.8770,-1,-1,-1
119,-1,0.00,272.26,18.97,23.04,0.8754,-1,-1,-1
119,-1,170.39,230.83,36.45,24.46,0.8734,-1,-1,-1
119,-1,371.43,287.84,25.44,22.78,0.8618,-1,-1,-1
119,-1,0.00,0.00,67.00,47.45,0.8489,-1,-1,-1
119,-1,139.18,366.53,52.57,42.02,0.8369,-1,-1,-1
119,-1,632.83,363.33,19.98,13.23,0.6968,-1,-1,-1
119,-1,0.14,428.60,58.55,112.10,0.4280,-1,-1,-1
119,-1,0.00,340.04,8.07,15.42,0.3531,-1,-1,-1
119,-1,668.36,327.43,16.35,14.18,0.3471,-1,-1,-1
119,-1,0.00,428.46,58.25,114.12,0.3070,-1,-1,-1
120,-1,0.08,342.48,137.96,114.73,0.9613,-1,-1,-1
120,-1,114.18,266.61,105.54,63.77,0.9495,-1,-1,-1
120,-1,0.00,0.00,57.38,48.40,0.9140,-1,-1,-1
120,-1,780.87,343.30,41.60,20.44,0.9003,-1,-1,-1
120,-1,127.38,366.17,56.31,42.78,0.8934,-1,-1,-1
120,-1,794.36,323.84,33.57,23.44,0.8859,-1,-1,-1
120,-1,443.42,329.21,29.43,14.80,0.8825,-1,-1,-1
120,-1,11.32,267.11,32.08,23.38,0.8734,-1,-1,-1
120,-1,161.96,230.81,37.55,25.07,0.8672,-1,-1,-1
120,-1,369.01,288.04,25.02,22.80,0.8605,-1,-1,-1
120,-1,0.00,272.21,16.25,23.04,0.8359,-1,-1,-1
120,-1,631.28,363.44,20.23,13.11,0.6261,-1,-1,-1
120,-1,902.50,309.24,15.58,19.84,0.5692,-1,-1,-1
120,-1,666.86,327.12,15.88,13.39,0.4202,-1,-1,-1
120,-1,0.00,431.25,49.60,98.89,0.2988,-1,-1,-1
120,-1,0.00,430.98,50.02,99.56,0.2594,-1,-1,-1
121,-1,0.06,342.26,127.95,114.71,0.9590,-1,-1,-1
121,-1,104.78,266.54,106.25,64.09,0.9527,-1,-1,-1
121,-1,118.16,365.92,57.10,42.71,0.9051,-1,-1,-1
121,-1,778.44,343.42,40.73,20.44,0.8947,-1,-1,-1
121,-1,791.85,323.84,33.37,23.86,0.8805,-1,-1,-1
121,-1,0.00,0.00,48.55,44.50,0.8788,-1,-1,-1
121,-1,366.63,287.94,24.61,22.60,0.8742,-1,-1,-1
121,-1,153.78,232.08,37.72,23.69,0.8712,-1,-1,-1
121,-1,442.17,329.06,28.91,14.90,0.8685,-1,-1,-1
121,-1,630.33,363.38,19.49,13.21,0.7164,-1,-1,-1
121,-1,9.04,267.10,23.26,20.50,0.6539,-1,-1,-1
121,-1,0.00,272.07,13.64,23.31,0.6375,-1,-1,-1
121,-1,16.38,319.20,17.99,14.62,0.3951,-1,-1,-1
121,-1,665.31,327.08,16.20,13.89,0.2968,-1,-1,-1
122,-1,0.16,342.33,117.93,114.99,0.9570,-1,-1,-1
122,-1,96.54,266.50,105.11,63.67,0.9491,-1,-1,-1
122,-1,775.67,343.47,40.96,20.60,0.9121,-1,-1,-1
122,-1,108.38,365.79,58.95,43.64,0.9087,-1,-1,-1
122,-1,788.80,324.32,33.84,23.37,0.8873,-1,-1,-1
122,-1,363.83,287.91,25.34,22.58,0.8734,-1,-1,-1
122,-1,440.67,328.97,28.60,15.13,0.8723,-1,-1,-1
122,-1,145.36,232.05,36.84,23.30,0.8616,-1,-1,-1
122,-1,0.00,0.05,38.61,46.52,0.8400,-1,-1,-1
122,-1,628.75,363.41,19.31,13.23,0.7288,-1,-1,-1
122,-1,0.00,273.24,10.91,21.63,0.4398,-1,-1,-1
122,-1,0.03,445.82,30.36,59.78,0.3965,-1,-1,-1
122,-1,733.05,291.94,16.74,13.92,0.3096,-1,-1,-1
122,-1,664.03,327.34,15.76,14.20,0.2569,-1,-1,-1
123,-1,87.56,266.35,105.20,63.81,0.9521,-1,-1,-1
123,-1,0.00,342.12,108.30,115.53,0.9493,-1,-1,-1
123,-1,98.38,365.56,61.02,43.24,0.9205,-1,-1,-1
123,-1,772.99,343.72,41.29,20.60,0.8941,-1,-1,-1
123,-1,786.19,323.67,33.78,24.09,0.8892,-1,-1,-1
123,-1,438.73,328.94,29.60,14.93,0.8845,-1,-1,-1
123,-1,361.21,287.93,24.75,22.60,0.8680,-1,-1,-1
123,-1,137.42,231.44,37.05,23.63,0.8655,-1,-1,-1
123,-1,0.06,0.00,30.50,51.61,0.6512,-1,-1,-1
123,-1,627.13,363.37,19.49,13.46,0.6207,-1,-1,-1
123,-1,387.96,375.66,16.33,21.45,0.4219,-1,-1,-1
124,-1,79.72,266.11,103.76,63.75,0.9519,-1,-1,-1
124,-1,0.00,341.77,98.88,115.05,0.9441,-1,-1,-1
124,-1,88.84,365.53,62.47,43.07,0.9236,-1,-1,-1
124,-1,770.46,344.05,40.98,20.69,0.8989,-1,-1,-1
124,-1,783.77,323.87,33.28,24.59,0.8877,-1,-1,-1
124,-1,437.59,328.88,28.76,15.04,0.8826,-1,-1,-1
124,-1,358.61,287.76,24.68,22.59,0.8723,-1,-1,-1
124,-1,129.05,231.55,37.26,23.31,0.8571,-1,-1,-1
124,-1,625.66,363.67,19.60,13.16,0.7922,-1,-1,-1
124,-1,385.80,375.26,16.62,21.86,0.6772,-1,-1,-1
124,-1,0.00,0.18,21.57,34.62,0.3861,-1,-1,-1
124,-1,660.91,327.32,16.01,14.36,0.3629,-1,-1,-1
125,-1,70.89,265.68,104.24,63.90,0.9536,-1,-1,-1
125,-1,0.06,341.43,88.98,114.52,0.9435,-1,-1,-1
125,-1,79.47,365.16,63.79,43.29,0.9287,-1,-1,-1
125,-1,780.72,324.95,33.99,23.71,0.8934,-1,-1,-1
125,-1,767.73,344.37,40.98,20.85,0.8906,-1,-1,-1
125,-1,436.20,328.90,29.08,15.03,0.8845,-1,-1,-1
125,-1,355.81,287.72,25.13,22.40,0.8693,-1,-1,-1
125,-1,121.65,229.94,36.63,24.84,0.8519,-1,-1,-1
125,-1,624.04,363.92,19.80,13.22,0.8019,-1,-1,-1
125,-1,383.26,374.98,16.56,21.84,0.5998,-1,-1,-1
125,-1,354.20,304.79,17.99,29.52,0.3803,-1,-1,-1
125,-1,840.04,299.62,17.47,22.65,0.2641,-1,-1,-1
126,-1,62.73,265.25,103.78,64.15,0.9543,-1,-1,-1
126,-1,0.08,340.39,79.39,115.64,0.9350,-1,-1,-1
126,-1,70.34,364.27,65.02,44.07,0.9255,-1,-1,-1
126,-1,764.92,344.56,41.44,21.08,0.8968,-1,-1,-1
126,-1,778.55,324.98,33.40,24.19,0.8954,-1,-1,-1
126,-1,434.62,328.85,29.12,14.97,0.8770,-1,-1,-1
126,-1,353.38,287.44,24.94,22.64,0.8627,-1,-1,-1
126,-1,113.54,229.20,36.67,25.46,0.8351,-1,-1,-1
126,-1,622.68,364.03,19.40,13.26,0.7401,-1,-1,-1
126,-1,380.33,374.96,17.07,21.62,0.5972,-1,-1,-1
126,-1,657.73,327.84,16.39,14.03,0.3826,-1,-1,-1
127,-1,53.69,264.69,104.37,63.98,0.9519,-1,-1,-1
127,-1,61.89,363.82,65.21,43.75,0.9291,-1,-1,-1
127,-1,0.05,340.00,70.27,118.35,0.9092,-1,-1,-1
127,-1,762.25,344.94,41.43,21.08,0.8989,-1,-1,-1
127,-1,775.96,324.53,33.71,25.19,0.8909,-1,-1,-1
127,-1,350.66,287.39,25.41,22.41,0.8745,-1,-1,-1
127,-1,432.97,328.79,29.32,15.07,0.8683,-1,-1,-1
127,-1,105.48,229.46,36.78,26.29,0.8403,-1,-1,-1
127,-1,621.44,364.48,18.85,13.00,0.7081,-1,-1,-1
127,-1,377.97,374.86,17.20,21.71,0.7040,-1,-1,-1
127,-1,348.66,303.91,18.43,28.25,0.3397,-1,-1,-1
128,-1,45.51,263.86,104.00,64.33,0.9546,-1,-1,-1
128,-1,52.51,363.15,66.67,44.43,0.9253,-1,-1,-1
128,-1,0.03,340.70,60.05,106.94,0.9189,-1,-1,-1
128,-1,760.22,345.28,41.07,21.00,0.8928,-1,-1,-1
128,-1,773.15,326.00,33.77,24.12,0.8792,-1,-1,-1
128,-1,431.31,328.53,29.96,15.22,0.8761,-1,-1,-1
128,-1,347.88,287.12,25.51,22.47,0.8508,-1,-1,-1
128,-1,97.40,229.76,36.84,24.28,0.8347,-1,-1,-1
128,-1,620.33,364.35,19.08,13.34,0.7895,-1,-1,-1
128,-1,0.00,136.68,22.42,29.11,0.6976,-1,-1,-1
128,-1,375.60,374.89,17.02,21.44,0.6442,-1,-1,-1
129,-1,37.05,263.47,103.71,64.21,0.9543,-1,-1,-1
129,-1,43.06,362.71,68.27,43.73,0.9243,-1,-1,-1
129,-1,770.65,325.83,33.19,24.49,0.8913,-1,-1,-1
129,-1,0.04,340.64,50.66,103.52,0.8906,-1,-1,-1
129,-1,757.45,345.52,41.00,21.13,0.8895,-1,-1,-1
129,-1,430.19,328.55,29.04,15.05,0.8868,-1,-1,-1
129,-1,345.29,286.78,25.70,22.77,0.8690,-1,-1,-1
129,-1,89.72,228.96,37.00,23.49,0.8640,-1,-1,-1
129,-1,372.96,374.50,17.39,21.81,0.7564,-1,-1,-1
129,-1,618.81,364.46,18.92,13.34,0.7557,-1,-1,-1
129,-1,0.00,140.49,14.65,23.62,0.6543,-1,-1,-1
130,-1,29.04,263.15,103.47,64.03,0.9520,-1,-1,-1
130,-1,33.17,362.01,69.82,43.82,0.9275,-1,-1,-1
130,-1,754.87,345.97,40.99,20.82,0.8920,-1,-1,-1
130,-1,428.53,328.52,29.59,15.08,0.8856,-1,-1,-1
130,-1,342.44,286.78,26.15,22.38,0.8787,-1,-1,-1
130,-1,767.66,326.13,33.66,24.69,0.8734,-1,-1,-1
130,-1,81.77,228.58,36.99,23.52,0.8590,-1,-1,-1
130,-1,0.09,336.48,41.45,107.65,0.8530,-1,-1,-1
130,-1,370.03,374.50,18.04,21.47,0.8168,-1,-1,-1
130,-1,617.12,364.69,19.05,13.10,0.7023,-1,-1,-1
130,-1,714.37,293.64,15.42,13.98,0.2915,-1,-1,-1
131,-1,21.10,262.49,102.67,64.18,0.9502,-1,-1,-1
131,-1,23.79,361.59,70.98,43.60,0.9293,-1,-1,-1
131,-1,752.45,346.25,40.79,20.90,0.8867,-1,-1,-1
131,-1,426.80,328.48,29.88,15.12,0.8820,-1,-1,-1
131,-1,765.15,326.52,33.94,24.27,0.8773,-1,-1,-1
131,-1,73.94,227.42,36.76,24.38,0.8705,-1,-1,-1
131,-1,339.62,286.56,25.89,22.69,0.8606,-1,-1,-1
131,-1,367.96,374.42,17.72,21.54,0.7709,-1,-1,-1
131,-1,0.00,340.10,31.80,100.26,0.6802,-1,-1,-1
131,-1,615.66,364.80,18.98,12.99,0.6769,-1,-1,-1
131,-1,339.90,303.61,17.68,26.11,0.3373,-1,-1,-1
131,-1,374.07,330.21,17.34,22.46,0.2793,-1,-1,-1
132,-1,11.58,262.16,103.31,64.22,0.9482,-1,-1,-1
132,-1,14.41,361.27,72.73,43.52,0.9295,-1,-1,-1
132,-1,749.79,346.46,40.55,20.84,0.8889,-1,-1,-1
132,-1,763.01,326.36,32.56,24.77,0.8827,-1,-1,-1
132,-1,424.98,328.24,30.08,15.25,0.8734,-1,-1,-1
132,-1,66.06,225.67,37.49,25.77,0.8701,-1,-1,-1
132,-1,337.34,286.50,25.59,22.97,0.8624,-1,-1,-1
132,-1,365.34,374.05,17.91,21.82,0.8490,-1,-1,-1
132,-1,613.88,365.16,19.46,12.77,0.6105,-1,-1,-1
132,-1,755.87,339.31,37.74,18.81,0.4494,-1,-1,-1
132,-1,0.00,342.81,21.91,57.72,0.2864,-1,-1,-1
133,-1,3.35,262.05,102.75,64.11,0.9496,-1,-1,-1
133,-1,3.13,361.08,75.88,43.47,0.9269,-1,-1,-1
133,-1,746.83,346.46,41.02,20.85,0.8933,-1,-1,-1
133,-1,57.68,227.39,36.87,24.01,0.8785,-1,-1,-1
133,-1,423.52,328.01,29.99,15.43,0.8764,-1,-1,-1
133,-1,333.75,286.33,26.56,22.85,0.8741,-1,-1,-1
133,-1,759.94,326.25,33.29,24.94,0.8697,-1,-1,-1
133,-1,362.48,374.18,18.33,21.52,0.8626,-1,-1,-1
133,-1,612.64,365.11,19.18,13.05,0.6589,-1,-1,-1
133,-1,371.63,329.68,16.74,21.82,0.4912,-1,-1,-1
134,-1,0.00,261.97,97.92,64.09,0.9533,-1,-1,-1
134,-1,0.00,360.93,70.76,43.23,0.9285,-1,-1,-1
134,-1,744.21,346.54,40.83,20.87,0.8864,-1,-1,-1
134,-1,422.37,328.24,29.31,15.08,0.8860,-1,-1,-1
134,-1,757.11,326.97,33.93,24.13,0.8816,-1,-1,-1
134,-1,49.82,227.46,35.20,24.21,0.8742,-1,-1,-1
134,-1,330.83,286.37,26.30,22.69,0.8603,-1,-1,-1
134,-1,360.29,374.02,18.21,21.75,0.8344,-1,-1,-1
134,-1,611.08,364.80,19.60,13.22,0.6104,-1,-1,-1
134,-1,369.85,329.52,16.79,21.75,0.5831,-1,-1,-1
135,-1,0.00,261.93,88.57,63.98,0.9476,-1,-1,-1
135,-1,0.00,361.01,62.54,43.41,0.9202,-1,-1,-1
135,-1,741.11,346.49,41.53,20.84,0.8920,-1,-1,-1
135,-1,420.22,328.32,30.08,15.10,0.8900,-1,-1,-1
135,-1,754.78,326.74,32.71,24.43,0.8842,-1,-1,-1
135,-1,41.01,227.58,36.74,23.67,0.8723,-1,-1,-1
135,-1,328.11,286.40,26.69,22.44,0.8719,-1,-1,-1
135,-1,357.62,373.95,18.42,21.86,0.8699,-1,-1,-1
135,-1,368.10,330.29,17.10,21.27,0.6422,-1,-1,-1
135,-1,609.65,364.83,18.74,13.08,0.4913,-1,-1,-1
135,-1,749.06,334.49,36.55,20.59,0.4221,-1,-1,-1
136,-1,0.07,262.06,79.74,63.84,0.9458,-1,-1,-1
136,-1,0.00,360.73,54.42,43.83,0.9170,-1,-1,-1
136,-1,738.96,346.35,40.98,20.90,0.8933,-1,-1,-1
136,-1,418.80,328.32,30.36,15.18,0.8836,-1,-1,-1
136,-1,354.73,374.22,19.18,21.43,0.8833,-1,-1,-1
136,-1,751.46,326.59,33.73,24.39,0.8730,-1,-1,-1
136,-1,324.99,286.34,27.59,22.39,0.8669,-1,-1,-1
136,-1,32.31,227.20,37.65,24.21,0.8630,-1,-1,-1
136,-1,608.01,364.88,19.41,12.93,0.7207,-1,-1,-1
136,-1,366.39,330.54,17.46,22.19,0.5323,-1,-1,-1
137,-1,0.07,262.17,70.64,63.97,0.9420,-1,-1,-1
137,-1,0.00,363.37,46.12,41.10,0.9213,-1,-1,-1
137,-1,736.18,346.19,40.97,21.01,0.8883,-1,-1,-1
137,-1,748.71,326.56,34.09,24.28,0.8808,-1,-1,-1
137,-1,352.03,374.38,19.27,21.38,0.8806,-1,-1,-1
137,-1,416.86,328.25,30.07,15.34,0.8778,-1,-1,-1
137,-1,322.09,286.37,27.17,22.76,0.8592,-1,-1,-1
137,-1,23.84,228.51,36.64,22.97,0.8561,-1,-1,-1
137,-1,606.17,364.98,19.44,12.81,0.6178,-1,-1,-1
137,-1,0.00,344.75,12.32,20.27,0.4388,-1,-1,-1
137,-1,1016.63,288.90,7.37,17.25,0.2634,-1,-1,-1
138,-1,0.04,262.83,61.84,63.89,0.9339,-1,-1,-1
138,-1,0.00,364.68,38.09,40.37,0.9088,-1,-1,-1
138,-1,733.48,345.72,41.20,21.08,0.8953,-1,-1,-1
138,-1,746.23,325.74,33.21,24.86,0.8855,-1,-1,-1
138,-1,349.65,374.45,19.32,21.47,0.8827,-1,-1,-1
138,-1,415.27,328.29,30.02,15.33,0.8767,-1,-1,-1
138,-1,319.08,286.69,27.15,22.22,0.8711,-1,-1,-1
138,-1,15.44,229.08,36.92,22.75,0.8232,-1,-1,-1
138,-1,604.69,364.99,19.25,12.91,0.6097,-1,-1,-1
138,-1,1013.68,287.46,10.32,18.06,0.6006,-1,-1,-1
138,-1,693.99,294.39,17.78,13.19,0.2843,-1,-1,-1
139,-1,0.02,258.69,53.11,68.63,0.9036,-1,-1,-1
139,-1,730.44,345.54,41.04,21.04,0.8958,-1,-1,-1
139,-1,346.80,374.44,19.57,21.59,0.8910,-1,-1,-1
139,-1,413.89,328.53,29.52,15.05,0.8869,-1,-1,-1
139,-1,743.15,325.60,33.78,24.72,0.8845,-1,-1,-1
139,-1,0.04,364.26,29.46,43.03,0.8796,-1,-1,-1
139,-1,316.60,286.79,27.12,22.23,0.8776,-1,-1,-1
139,-1,6.66,229.26,37.07,23.54,0.8506,-1,-1,-1
139,-1,1010.85,286.64,13.15,18.46,0.8088,-1,-1,-1
139,-1,603.33,364.66,19.21,13.03,0.6226,-1,-1,-1
139,-1,734.77,341.14,39.38,16.79,0.5616,-1,-1,-1
139,-1,1012.68,138.32,11.32,89.90,0.2851,-1,-1,-1
140,-1,344.09,374.54,19.92,21.74,0.8959,-1,-1,-1
140,-1,740.49,325.11,33.75,24.76,0.8933,-1,-1,-1
140,-1,0.04,266.07,43.84,62.35,0.8898,-1,-1,-1
140,-1,727.26,345.28,41.49,20.95,0.8896,-1,-1,-1
140,-1,411.51,328.46,30.71,15.26,0.8854,-1,-1,-1
140,-1,0.06,230.44,34.55,23.02,0.8717,-1,-1,-1
140,-1,313.55,287.12,27.21,22.31,0.8641,-1,-1,-1
140,-1,1007.89,286.45,16.11,18.10,0.8330,-1,-1,-1
140,-1,0.00,363.15,21.43,42.81,0.7906,-1,-1,-1
140,-1,0.03,265.88,43.63,62.44,0.6708,-1,-1,-1
140,-1,602.43,364.58,18.08,12.94,0.5994,-1,-1,-1
140,-1,360.10,330.04,16.90,22.84,0.4747,-1,-1,-1
140,-1,1003.65,110.67,20.35,122.87,0.4285,-1,-1,-1
141,-1,737.76,324.23,33.36,25.55,0.8949,-1,-1,-1
141,-1,341.68,374.66,19.96,21.85,0.8898,-1,-1,-1
141,-1,724.77,345.09,41.37,20.83,0.8888,-1,-1,-1
141,-1,410.30,328.75,30.43,15.08,0.8876,-1,-1,-1
141,-1,0.00,267.66,34.32,61.41,0.8737,-1,-1,-1
141,-1,310.53,287.37,27.25,22.23,0.8553,-1,-1,-1
141,-1,1005.43,286.21,18.57,17.95,0.8436,-1,-1,-1
141,-1,0.03,231.12,26.25,22.77,0.8367,-1,-1,-1
141,-1,994.95,117.93,29.05,112.17,0.7098,-1,-1,-1
141,-1,0.00,368.71,13.34,33.52,0.6885,-1,-1,-1
141,-1,600.53,364.32,19.00,12.95,0.5810,-1,-1,-1
142,-1,722.10,344.82,41.27,20.76,0.8962,-1,-1,-1
142,-1,734.29,324.35,33.89,24.90,0.8923,-1,-1,-1
142,-1,338.90,374.81,19.84,21.94,0.8871,-1,-1,-1
142,-1,408.09,328.65,30.54,15.33,0.8756,-1,-1,-1
142,-1,307.81,287.52,26.72,22.35,0.8689,-1,-1,-1
142,-1,1002.62,285.39,21.38,18.74,0.8554,-1,-1,-1
142,-1,0.00,274.37,27.17,54.87,0.8424,-1,-1,-1
142,-1,986.26,124.30,37.74,131.81,0.8363,-1,-1,-1
142,-1,0.00,231.98,17.82,22.26,0.7951,-1,-1,-1
142,-1,598.71,364.24,18.78,13.08,0.3454,-1,-1,-1
143,-1,731.61,323.86,33.96,24.94,0.8953,-1,-1,-1
143,-1,336.21,375.30,20.71,21.59,0.8877,-1,-1,-1
143,-1,719.44,344.46,41.27,20.83,0.8861,-1,-1,-1
143,-1,406.98,328.80,30.11,15.34,0.8814,-1,-1,-1
143,-1,304.02,287.75,27.97,22.42,0.8759,-1,-1,-1
143,-1,1000.25,284.36,23.75,18.77,0.8630,-1,-1,-1
143,-1,978.01,124.02,45.99,132.10,0.8311,-1,-1,-1
143,-1,0.00,276.01,16.17,49.16,0.7143,-1,-1,-1
143,-1,1001.14,173.54,22.86,51.77,0.4835,-1,-1,-1
143,-1,597.13,364.43,18.52,12.82,0.2635,-1,-1,-1
144,-1,716.45,344.27,41.29,20.72,0.9097,-1,-1,-1
144,-1,405.48,328.76,29.72,15.35,0.8869,-1,-1,-1
144,-1,729.26,323.60,33.26,24.72,0.8864,-1,-1,-1
144,-1,333.71,375.44,20.77,21.70,0.8852,-1,-1,-1
144,-1,997.03,284.07,26.97,18.32,0.8818,-1,-1,-1
144,-1,301.41,287.69,28.04,22.58,0.8684,-1,-1,-1
144,-1,969.51,123.33,54.49,134.74,0.8409,-1,-1,-1
144,-1,596.02,363.65,18.40,13.46,0.5761,-1,-1,-1
144,-1,992.70,175.26,31.28,46.67,0.5084,-1,-1,-1
145,-1,713.70,344.05,41.00,20.64,0.8946,-1,-1,-1
145,-1,726.30,323.38,33.27,24.97,0.8895,-1,-1,-1
145,-1,403.42,329.15,30.49,15.05,0.8888,-1,-1,-1
145,-1,330.89,375.60,21.12,21.65,0.8835,-1,-1,-1
145,-1,994.88,283.56,28.71,18.68,0.8810,-1,-1,-1
145,-1,960.74,122.87,63.26,132.13,0.8676,-1,-1,-1
145,-1,298.31,288.15,27.83,22.29,0.8546,-1,-1,-1
145,-1,983.94,174.89,40.06,46.29,0.8396,-1,-1,-1
145,-1,594.71,363.70,18.05,13.34,0.5958,-1,-1,-1
146,-1,711.01,343.84,41.35,20.71,0.8881,-1,-1,-1
146,-1,723.51,322.35,33.61,25.64,0.8852,-1,-1,-1
146,-1,401.74,329.12,30.46,15.10,0.8824,-1,-1,-1
146,-1,328.57,375.83,21.08,21.59,0.8763,-1,-1,-1
146,-1,295.14,288.26,28.84,22.41,0.8749,-1,-1,-1
146,-1,974.65,176.87,49.21,43.44,0.8747,-1,-1,-1
146,-1,991.77,283.32,30.46,18.38,0.8663,-1,-1,-1
146,-1,952.58,122.66,71.42,136.16,0.8169,-1,-1,-1
146,-1,592.88,363.86,18.71,13.08,0.5647,-1,-1,-1
146,-1,1001.54,85.06,22.46,38.67,0.3426,-1,-1,-1
146,-1,806.07,299.04,18.33,20.78,0.2955,-1,-1,-1
147,-1,708.50,343.77,40.89,20.77,0.9013,-1,-1,-1
147,-1,966.20,171.25,57.75,48.37,0.8969,-1,-1,-1
147,-1,326.07,375.50,20.95,21.99,0.8851,-1,-1,-1
147,-1,720.81,323.43,33.27,24.54,0.8821,-1,-1,-1
147,-1,989.18,282.85,30.93,18.77,0.8785,-1,-1,-1
147,-1,399.84,329.12,30.64,15.10,0.8772,-1,-1,-1
147,-1,292.99,288.33,28.23,22.26,0.8720,-1,-1,-1
147,-1,943.58,122.33,80.42,140.51,0.8015,-1,-1,-1
147,-1,591.10,363.81,18.40,13.14,0.6636,-1,-1,-1
147,-1,994.09,74.53,29.91,52.86,0.3802,-1,-1,-1
148,-1,698.14,340.02,40.67,20.70,0.8939,-1,-1,-1
148,-1,281.13,292.60,29.13,22.40,0.8937,-1,-1,-1
148,-1,316.41,379.59,22.03,22.01,0.8915,-1,-1,-1
148,-1,391.28,331.53,30.38,14.91,0.8885,-1,-1,-1
148,-1,973.56,275.03,30.30,18.21,0.8818,-1,-1,-1
148,-1,709.54,320.10,34.24,23.93,0.8623,-1,-1,-1
148,-1,1008.73,351.29,15.27,20.03,0.8244,-1,-1,-1
148,-1,583.24,362.06,18.48,13.35,0.7932,-1,-1,-1
148,-1,946.38,158.54,77.62,54.42,0.7816,-1,-1,-1
148,-1,1006.51,371.36,17.49,13.30,0.7778,-1,-1,-1
148,-1,923.14,116.67,100.78,127.68,0.6774,-1,-1,-1
148,-1,971.62,74.38,52.38,62.78,0.3046,-1,-1,-1
149,-1,374.24,333.46,30.89,14.74,0.9037,-1,-1,-1
149,-1,915.39,158.46,108.28,52.60,0.9001,-1,-1,-1
149,-1,680.14,338.44,40.14,20.22,0.8917,-1,-1,-1
149,-1,691.21,318.39,33.09,23.84,0.8825,-1,-1,-1
149,-1,260.71,295.72,29.89,22.41,0.8824,-1,-1,-1
149,-1,946.67,271.19,28.23,18.03,0.8760,-1,-1,-1
149,-1,298.40,383.37,22.26,22.12,0.8753,-1,-1,-1
149,-1,992.83,256.01,31.17,36.62,0.8652,-1,-1,-1
149,-1,980.60,345.22,25.06,19.93,0.8587,-1,-1,-1
149,-1,978.65,364.24,25.32,13.68,0.7306,-1,-1,-1
149,-1,939.75,50.35,83.05,80.05,0.6833,-1,-1,-1
149,-1,893.25,116.44,128.52,127.29,0.6732,-1,-1,-1
149,-1,568.02,361.75,17.50,13.54,0.5168,-1,-1,-1
150,-1,957.71,260.96,46.45,35.37,0.9172,-1,-1,-1
150,-1,883.78,165.36,104.18,50.39,0.9079,-1,-1,-1
150,-1,658.68,339.52,38.96,20.01,0.8847,-1,-1,-1
150,-1,274.76,384.37,23.21,22.35,0.8821,-1,-1,-1
150,-1,235.54,295.04,30.95,23.07,0.8809,-1,-1,-1
150,-1,353.47,333.78,31.01,15.20,0.8800,-1,-1,-1
150,-1,915.49,274.79,26.67,17.31,0.8725,-1,-1,-1
150,-1,669.06,320.31,33.06,22.82,0.8653,-1,-1,-1
150,-1,947.89,346.88,21.61,19.32,0.8619,-1,-1,-1
150,-1,907.38,62.48,79.11,75.96,0.8188,-1,-1,-1
150,-1,547.97,362.43,17.73,13.54,0.7517,-1,-1,-1
150,-1,862.89,123.85,124.50,128.19,0.6981,-1,-1,-1
150,-1,946.07,366.24,21.93,12.72,0.6680,-1,-1,-1
151,-1,927.63,271.73,43.98,33.40,0.9144,-1,-1,-1
151,-1,250.83,381.06,23.60,22.56,0.8971,-1,-1,-1
151,-1,211.45,288.95,32.50,24.26,0.8938,-1,-1,-1
151,-1,638.17,342.99,39.10,19.79,0.8927,-1,-1,-1
151,-1,332.50,331.25,31.48,15.51,0.8908,-1,-1,-1
151,-1,887.68,283.84,24.92,17.72,0.8731,-1,-1,-1
151,-1,859.55,177.71,99.03,48.26,0.8718,-1,-1,-1
151,-1,649.48,322.67,31.48,23.82,0.8607,-1,-1,-1
151,-1,917.04,355.27,21.04,18.54,0.8575,-1,-1,-1
151,-1,999.92,140.32,24.08,63.25,0.7962,-1,-1,-1
151,-1,882.77,78.19,75.24,73.08,0.7961,-1,-1,-1
151,-1,528.25,363.90,18.18,13.12,0.7602,-1,-1,-1
151,-1,839.39,135.93,119.01,116.04,0.7206,-1,-1,-1
151,-1,913.89,373.63,22.51,12.51,0.6281,-1,-1,-1
152,-1,909.74,281.67,42.72,32.75,0.9158,-1,-1,-1
152,-1,196.08,281.60,33.12,24.50,0.8983,-1,-1,-1
152,-1,981.89,153.15,39.46,63.19,0.8972,-1,-1,-1
152,-1,625.57,345.64,37.81,20.04,0.8893,-1,-1,-1
152,-1,845.63,188.17,96.40,46.41,0.8881,-1,-1,-1
152,-1,234.70,375.59,23.99,23.06,0.8868,-1,-1,-1
152,-1,318.96,327.31,32.22,15.95,0.8826,-1,-1,-1
152,-1,636.75,326.83,30.87,23.51,0.8808,-1,-1,-1
152,-1,897.77,363.86,20.91,17.97,0.8593,-1,-1,-1
152,-1,870.39,293.04,24.14,17.42,0.8592,-1,-1,-1
152,-1,868.85,92.00,74.62,70.43,0.8357,-1,-1,-1
152,-1,1000.50,311.16,20.43,16.89,0.7941,-1,-1,-1
152,-1,826.65,145.18,115.28,118.24,0.7923,-1,-1,-1
152,-1,515.74,363.99,17.97,13.36,0.6893,-1,-1,-1
152,-1,893.79,381.16,22.48,12.80,0.4996,-1,-1,-1
152,-1,263.90,328.24,17.40,24.86,0.3356,-1,-1,-1
152,-1,869.13,111.82,58.36,50.79,0.3176,-1,-1,-1
153,-1,969.16,156.60,37.73,62.92,0.9185,-1,-1,-1
153,-1,898.50,283.88,42.06,32.23,0.9152,-1,-1,-1
153,-1,835.07,191.95,94.51,45.30,0.9046,-1,-1,-1
153,-1,187.26,281.43,33.82,24.26,0.8917,-1,-1,-1
153,-1,618.71,346.41,37.77,19.80,0.8858,-1,-1,-1
153,-1,226.43,375.66,24.27,23.17,0.8829,-1,-1,-1
153,-1,311.00,327.26,33.13,16.24,0.8770,-1,-1,-1
153,-1,629.85,326.23,30.16,24.80,0.8744,-1,-1,-1
153,-1,861.17,294.40,23.17,17.21,0.8691,-1,-1,-1
153,-1,887.85,364.66,19.72,17.97,0.8605,-1,-1,-1
153,-1,986.95,312.71,21.30,16.92,0.8354,-1,-1,-1
153,-1,859.00,96.88,72.41,69.72,0.7884,-1,-1,-1
153,-1,989.25,110.45,34.75,89.59,0.7258,-1,-1,-1
153,-1,508.89,364.89,18.59,12.75,0.6711,-1,-1,-1
153,-1,816.81,148.69,113.50,114.26,0.6325,-1,-1,-1
153,-1,858.84,115.61,56.55,50.69,0.5952,-1,-1,-1
153,-1,255.99,328.36,17.56,25.01,0.5463,-1,-1,-1
153,-1,886.54,382.14,18.71,12.60,0.5094,-1,-1,-1
153,-1,995.92,28.97,28.08,95.53,0.2883,-1,-1,-1
154,-1,956.53,159.87,36.75,61.45,0.9170,-1,-1,-1
154,-1,886.52,285.08,41.92,32.20,0.8983,-1,-1,-1
154,-1,177.57,280.52,34.71,24.79,0.8909,-1,-1,-1
154,-1,611.27,346.61,37.76,19.70,0.8846,-1,-1,-1
154,-1,217.35,375.66,24.87,23.38,0.8819,-1,-1,-1
154,-1,974.63,117.47,49.37,78.09,0.8811,-1,-1,-1
154,-1,973.96,313.15,21.06,16.97,0.8810,-1,-1,-1
154,-1,302.83,327.16,33.48,16.26,0.8795,-1,-1,-1
154,-1,850.71,295.43,23.27,17.00,0.8781,-1,-1,-1
154,-1,824.47,193.62,93.62,44.98,0.8712,-1,-1,-1
154,-1,622.41,326.45,29.79,24.48,0.8633,-1,-1,-1
154,-1,877.05,365.07,19.06,17.65,0.8588,-1,-1,-1
154,-1,848.57,100.01,70.29,67.82,0.8062,-1,-1,-1
154,-1,982.83,49.41,41.17,77.80,0.7721,-1,-1,-1
154,-1,807.49,151.30,109.96,110.53,0.7211,-1,-1,-1
154,-1,247.28,327.82,17.87,25.16,0.6515,-1,-1,-1
154,-1,501.94,365.25,17.99,12.43,0.5114,-1,-1,-1
154,-1,848.85,118.57,55.22,49.23,0.2670,-1,-1,-1
155,-1,879.35,285.07,40.58,31.61,0.9105,-1,-1,-1
155,-1,947.66,161.00,35.98,60.88,0.9074,-1,-1,-1
155,-1,169.67,279.70,34.85,25.14,0.8957,-1,-1,-1
155,-1,966.71,119.24,57.29,81.50,0.8898,-1,-1,-1
155,-1,296.13,326.78,33.87,16.06,0.8854,-1,-1,-1
155,-1,605.25,346.23,37.43,19.68,0.8797,-1,-1,-1
155,-1,209.63,375.52,25.06,23.55,0.8789,-1,-1,-1
155,-1,842.68,295.44,23.19,16.76,0.8776,-1,-1,-1
155,-1,616.59,326.02,30.65,24.48,0.8639,-1,-1,-1
155,-1,841.08,100.89,70.05,67.66,0.8616,-1,-1,-1
155,-1,817.99,194.28,91.66,44.46,0.8595,-1,-1,-1
155,-1,964.99,313.49,20.04,16.54,0.8531,-1,-1,-1
155,-1,868.65,364.62,19.37,17.58,0.8460,-1,-1,-1
155,-1,973.83,51.64,50.17,77.12,0.8333,-1,-1,-1
155,-1,240.17,327.49,17.60,25.12,0.7416,-1,-1,-1
155,-1,800.17,151.95,109.64,118.18,0.6557,-1,-1,-1
155,-1,496.26,364.73,17.79,12.61,0.6170,-1,-1,-1
155,-1,610.98,338.41,33.84,17.25,0.5200,-1,-1,-1
155,-1,866.18,381.34,19.76,12.71,0.2618,-1,-1,-1
156,-1,939.49,162.13,35.63,61.47,0.9068,-1,-1,-1
156,-1,872.65,285.87,39.74,31.28,0.9056,-1,-1,-1
156,-1,957.92,121.49,65.85,77.70,0.9053,-1,-1,-1
156,-1,161.87,279.16,35.11,25.08,0.8927,-1,-1,-1
156,-1,202.39,375.37,25.56,23.82,0.8890,-1,-1,-1
156,-1,835.80,296.13,22.40,16.58,0.8857,-1,-1,-1
156,-1,290.64,326.60,32.86,16.20,0.8851,-1,-1,-1
156,-1,599.76,346.38,37.19,19.57,0.8832,-1,-1,-1
156,-1,611.14,327.24,29.89,23.56,0.8728,-1,-1,-1
156,-1,860.89,364.82,19.70,17.68,0.8587,-1,-1,-1
156,-1,965.90,54.47,58.10,80.32,0.8487,-1,-1,-1
156,-1,811.05,196.32,91.12,43.48,0.8402,-1,-1,-1
156,-1,233.26,327.12,17.84,25.41,0.8270,-1,-1,-1
156,-1,956.76,314.15,19.02,16.43,0.7718,-1,-1,-1
156,-1,491.23,364.50,17.36,13.04,0.7389,-1,-1,-1
156,-1,794.26,153.18,107.54,117.84,0.6443,-1,-1,-1
156,-1,834.83,102.73,68.89,67.34,0.6304,-1,-1,-1
156,-1,834.33,121.21,54.36,48.87,0.5512,-1,-1,-1
156,-1,606.75,333.76,32.72,18.45,0.4884,-1,-1,-1
156,-1,293.89,360.96,26.79,11.47,0.2656,-1,-1,-1
157,-1,865.31,287.84,39.31,30.36,0.9138,-1,-1,-1
157,-1,949.84,125.68,64.12,80.82,0.9100,-1,-1,-1
157,-1,931.49,166.34,35.07,59.42,0.9034,-1,-1,-1
157,-1,155.00,278.59,35.43,25.53,0.8979,-1,-1,-1
157,-1,284.19,326.57,34.01,16.20,0.8875,-1,-1,-1
157,-1,195.98,375.58,25.60,23.73,0.8864,-1,-1,-1
157,-1,828.78,297.66,22.39,16.40,0.8847,-1,-1,-1
157,-1,594.65,347.08,36.92,19.71,0.8795,-1,-1,-1
157,-1,605.62,327.80,29.85,23.74,0.8712,-1,-1,-1
157,-1,805.03,198.51,88.81,43.65,0.8642,-1,-1,-1
157,-1,947.75,316.09,19.16,15.85,0.8424,-1,-1,-1
157,-1,854.24,366.03,18.53,17.37,0.8292,-1,-1,-1
157,-1,787.73,155.38,106.29,120.27,0.7999,-1,-1,-1
157,-1,227.18,327.24,18.05,25.24,0.7716,-1,-1,-1
157,-1,827.39,123.78,53.52,49.49,0.7500,-1,-1,-1
157,-1,956.96,59.03,67.04,94.50,0.7489,-1,-1,-1
157,-1,827.36,107.29,69.08,65.84,0.5947,-1,-1,-1
157,-1,485.71,365.23,18.15,12.63,0.5218,-1,-1,-1
157,-1,852.84,383.39,18.54,11.52,0.3402,-1,-1,-1
158,-1,795.60,199.86,87.84,42.93,0.9334,-1,-1,-1
158,-1,937.60,128.40,62.81,76.61,0.9083,-1,-1,-1
158,-1,854.84,288.53,38.50,30.31,0.9075,-1,-1,-1
158,-1,919.74,168.74,34.36,58.83,0.9063,-1,-1,-1
158,-1,145.27,277.70,36.26,25.36,0.8981,-1,-1,-1
158,-1,186.95,375.32,25.78,24.14,0.8924,-1,-1,-1
158,-1,276.57,326.23,33.96,16.33,0.8880,-1,-1,-1
158,-1,587.49,347.24,37.21,19.45,0.8853,-1,-1,-1
158,-1,820.25,298.30,21.63,16.48,0.8747,-1,-1,-1
158,-1,942.95,62.50,81.05,92.05,0.8681,-1,-1,-1
158,-1,598.82,327.63,29.62,23.75,0.8650,-1,-1,-1
158,-1,844.36,366.03,18.24,17.17,0.8262,-1,-1,-1
158,-1,218.96,326.81,17.86,25.39,0.8018,-1,-1,-1
158,-1,936.03,316.20,19.45,16.50,0.7795,-1,-1,-1
158,-1,778.72,156.66,103.23,112.96,0.7173,-1,-1,-1
158,-1,818.18,126.17,52.12,48.89,0.6694,-1,-1,-1
158,-1,0.00,356.88,14.90,22.88,0.6328,-1,-1,-1
158,-1,479.03,365.07,17.99,12.61,0.4820,-1,-1,-1
158,-1,818.03,108.77,66.57,66.17,0.3701,-1,-1,-1
159,-1,787.54,200.53,84.41,42.47,0.9432,-1,-1,-1
159,-1,926.58,130.14,61.61,76.46,0.9173,-1,-1,-1
159,-1,933.66,65.26,90.30,90.67,0.9139,-1,-1,-1
159,-1,844.86,288.62,38.17,30.38,0.9090,-1,-1,-1
159,-1,909.05,169.16,33.50,58.89,0.9031,-1,-1,-1
159,-1,134.46,276.70,36.91,25.63,0.8979,-1,-1,-1
159,-1,268.08,325.59,34.28,16.40,0.8920,-1,-1,-1
159,-1,176.79,375.00,26.35,24.35,0.8845,-1,-1,-1
159,-1,580.18,346.76,36.97,19.53,0.8819,-1,-1,-1
159,-1,810.59,298.45,21.70,15.95,0.8620,-1,-1,-1
159,-1,591.21,327.38,30.00,23.57,0.8600,-1,-1,-1
159,-1,209.17,325.78,18.34,26.06,0.8415,-1,-1,-1
159,-1,925.13,316.77,18.78,15.82,0.8381,-1,-1,-1
159,-1,834.81,365.31,17.97,16.95,0.8236,-1,-1,-1
159,-1,769.93,157.55,102.25,120.81,0.7594,-1,-1,-1
159,-1,808.93,110.39,66.22,64.99,0.6629,-1,-1,-1
159,-1,471.92,364.75,17.95,12.62,0.5307,-1,-1,-1
159,-1,809.22,127.21,51.30,48.29,0.4596,-1,-1,-1
159,-1,271.05,360.36,28.01,11.95,0.3104,-1,-1,-1
160,-1,778.20,203.32,84.07,41.66,0.9374,-1,-1,-1
160,-1,923.16,69.90,100.84,89.71,0.9256,-1,-1,-1
160,-1,835.28,290.42,37.66,30.22,0.9070,-1,-1,-1
160,-1,898.48,172.72,32.71,58.24,0.9039,-1,-1,-1
160,-1,915.81,133.59,60.20,79.50,0.8992,-1,-1,-1
160,-1,125.04,275.82,37.08,25.84,0.8985,-1,-1,-1
160,-1,259.89,325.23,34.76,16.77,0.8910,-1,-1,-1
160,-1,168.00,374.86,26.36,24.49,0.8856,-1,-1,-1
160,-1,573.55,347.60,36.75,19.40,0.8830,-1,-1,-1
160,-1,801.69,299.89,21.45,15.94,0.8553,-1,-1,-1
160,-1,584.98,328.21,29.63,23.62,0.8532,-1,-1,-1
160,-1,200.54,325.51,18.42,26.01,0.8522,-1,-1,-1
160,-1,825.82,366.44,17.47,16.95,0.8356,-1,-1,-1
160,-1,799.69,114.15,65.64,63.94,0.8246,-1,-1,-1
160,-1,914.16,317.99,18.73,16.00,0.8124,-1,-1,-1
160,-1,762.13,160.37,99.14,119.21,0.7775,-1,-1,-1
160,-1,985.68,289.86,30.60,20.92,0.7243,-1,-1,-1
160,-1,465.25,364.90,18.15,12.96,0.6762,-1,-1,-1
160,-1,1013.90,325.10,10.10,23.82,0.5764,-1,-1,-1
160,-1,263.02,360.40,28.32,11.95,0.2614,-1,-1,-1
161,-1,910.50,73.53,113.33,89.09,0.9433,-1,-1,-1
161,-1,768.35,204.47,83.76,41.95,0.9340,-1,-1,-1
161,-1,903.61,136.62,59.03,72.92,0.9095,-1,-1,-1
161,-1,825.22,291.07,36.75,30.83,0.9036,-1,-1,-1
161,-1,886.77,174.63,32.34,57.69,0.9016,-1,-1,-1
161,-1,114.17,274.66,37.81,26.44,0.8993,-1,-1,-1
161,-1,251.20,324.87,35.41,16.74,0.8993,-1,-1,-1
161,-1,158.07,374.79,26.83,24.61,0.8847,-1,-1,-1
161,-1,566.03,347.56,37.05,19.32,0.8805,-1,-1,-1
161,-1,790.15,116.06,63.68,63.74,0.8783,-1,-1,-1
161,-1,1001.06,325.85,22.94,23.57,0.8766,-1,-1,-1
161,-1,792.60,300.24,21.09,16.00,0.8579,-1,-1,-1
161,-1,190.75,325.12,19.40,26.19,0.8558,-1,-1,-1
161,-1,577.72,328.34,29.55,23.17,0.8511,-1,-1,-1
161,-1,902.08,318.25,19.67,16.13,0.8366,-1,-1,-1
161,-1,1006.30,191.55,17.70,26.85,0.7791,-1,-1,-1
161,-1,458.45,364.77,17.64,13.02,0.7549,-1,-1,-1
161,-1,752.70,161.08,97.90,118.91,0.7541,-1,-1,-1
161,-1,816.14,366.63,16.48,16.83,0.7289,-1,-1,-1
161,-1,973.43,290.58,30.68,20.82,0.6630,-1,-1,-1
161,-1,254.56,360.00,28.65,12.29,0.5874,-1,-1,-1
162,-1,900.97,75.46,112.20,88.45,0.9510,-1,-1,-1
162,-1,761.06,205.10,83.24,41.33,0.9337,-1,-1,-1
162,-1,816.98,291.48,36.08,30.40,0.9104,-1,-1,-1
162,-1,877.89,176.45,31.21,56.66,0.9068,-1,-1,-1
162,-1,894.49,138.00,58.15,72.27,0.9068,-1,-1,-1
162,-1,995.51,192.70,28.49,26.91,0.9013,-1,-1,-1
162,-1,243.56,324.51,35.74,16.73,0.9010,-1,-1,-1
162,-1,104.22,273.49,38.39,26.52,0.9003,-1,-1,-1
162,-1,989.96,325.90,27.96,23.55,0.8900,-1,-1,-1
162,-1,148.43,374.56,27.85,24.81,0.8828,-1,-1,-1
162,-1,782.66,117.32,63.28,63.40,0.8816,-1,-1,-1
162,-1,560.32,347.41,36.06,19.14,0.8808,-1,-1,-1
162,-1,182.39,324.38,19.45,26.58,0.8624,-1,-1,-1
162,-1,571.28,328.33,29.11,23.24,0.8604,-1,-1,-1
162,-1,784.80,300.52,20.89,15.68,0.8550,-1,-1,-1
162,-1,745.51,162.25,97.39,115.46,0.8350,-1,-1,-1
162,-1,893.36,318.73,18.79,15.71,0.8289,-1,-1,-1
162,-1,962.51,291.84,31.26,19.99,0.8241,-1,-1,-1
162,-1,246.74,359.70,29.01,12.56,0.6338,-1,-1,-1
162,-1,451.91,364.65,18.27,12.93,0.6320,-1,-1,-1
162,-1,807.88,366.49,16.54,16.53,0.6193,-1,-1,-1
163,-1,862.90,80.42,138.45,87.81,0.9380,-1,-1,-1
163,-1,753.46,208.00,80.64,41.09,0.9346,-1,-1,-1
163,-1,983.59,196.92,40.41,26.43,0.9101,-1,-1,-1
163,-1,808.40,293.73,35.76,29.35,0.9072,-1,-1,-1
163,-1,94.90,272.74,39.48,26.80,0.9048,-1,-1,-1
163,-1,885.16,143.00,57.02,73.22,0.9042,-1,-1,-1
163,-1,868.52,178.82,31.27,56.85,0.9028,-1,-1,-1
163,-1,236.20,324.52,35.83,16.86,0.9021,-1,-1,-1
163,-1,140.00,374.75,27.90,24.91,0.8841,-1,-1,-1
163,-1,553.94,348.14,36.11,19.53,0.8751,-1,-1,-1
163,-1,564.89,328.76,28.89,23.95,0.8655,-1,-1,-1
163,-1,174.29,324.33,19.54,26.74,0.8619,-1,-1,-1
163,-1,777.27,302.31,20.48,16.07,0.8550,-1,-1,-1
163,-1,883.51,320.80,19.02,15.93,0.8348,-1,-1,-1
163,-1,979.11,327.78,27.74,23.60,0.7809,-1,-1,-1
163,-1,737.99,165.03,96.20,115.82,0.7405,-1,-1,-1
163,-1,775.16,121.18,62.76,62.08,0.7152,-1,-1,-1
163,-1,952.46,293.77,30.53,20.40,0.6886,-1,-1,-1
163,-1,800.13,367.88,15.83,16.75,0.6856,-1,-1,-1
163,-1,239.02,359.94,29.39,12.41,0.6458,-1,-1,-1
163,-1,445.23,365.59,18.40,12.84,0.4881,-1,-1,-1
164,-1,883.30,81.33,106.75,87.14,0.9372,-1,-1,-1
164,-1,746.66,207.82,79.69,40.39,0.9319,-1,-1,-1
164,-1,227.46,323.67,36.72,16.97,0.9207,-1,-1,-1
164,-1,972.31,197.08,49.34,26.37,0.9184,-1,-1,-1
164,-1,83.80,271.36,40.20,26.98,0.9108,-1,-1,-1
164,-1,800.24,292.89,35.48,29.13,0.9065,-1,-1,-1
164,-1,875.53,143.17,56.61,71.54,0.8969,-1,-1,-1
164,-1,129.86,374.17,28.24,25.25,0.8946,-1,-1,-1
164,-1,859.83,178.83,30.49,56.59,0.8857,-1,-1,-1
164,-1,546.89,347.34,36.59,19.45,0.8750,-1,-1,-1
164,-1,164.75,322.97,20.11,27.45,0.8669,-1,-1,-1
164,-1,558.53,328.27,28.69,23.54,0.8559,-1,-1,-1
164,-1,769.07,301.77,20.68,15.76,0.8542,-1,-1,-1
164,-1,730.86,164.83,93.31,114.61,0.8526,-1,-1,-1
164,-1,967.99,327.11,27.36,23.32,0.8359,-1,-1,-1
164,-1,767.45,121.18,61.53,62.20,0.7964,-1,-1,-1
164,-1,874.42,320.06,18.10,15.59,0.7447,-1,-1,-1
164,-1,791.85,366.93,15.93,16.22,0.6632,-1,-1,-1
164,-1,230.66,359.44,29.45,12.53,0.6160,-1,-1,-1
164,-1,438.71,364.63,18.26,12.75,0.6110,-1,-1,-1
164,-1,942.19,292.91,28.78,20.72,0.5499,-1,-1,-1
164,-1,942.37,292.92,28.77,20.71,0.3659,-1,-1,-1
165,-1,871.55,83.62,109.25,86.73,0.9376,-1,-1,-1
165,-1,739.66,208.78,79.53,40.11,0.9277,-1,-1,-1
165,-1,963.46,198.78,47.52,26.55,0.9157,-1,-1,-1
165,-1,220.06,323.28,37.01,17.06,0.9148,-1,-1,-1
165,-1,74.28,270.14,40.99,27.37,0.9105,-1,-1,-1
165,-1,793.87,293.66,34.71,28.80,0.9034,-1,-1,-1
165,-1,868.98,145.26,55.25,70.25,0.9010,-1,-1,-1
165,-1,120.83,373.95,29.20,25.47,0.8942,-1,-1,-1
165,-1,852.51,181.12,30.33,55.39,0.8924,-1,-1,-1
165,-1,541.31,347.59,36.25,19.34,0.8836,-1,-1,-1
165,-1,156.50,322.73,20.41,27.14,0.8663,-1,-1,-1
165,-1,552.99,328.12,28.72,23.68,0.8501,-1,-1,-1
165,-1,762.25,302.34,19.97,15.65,0.8473,-1,-1,-1
165,-1,958.03,328.11,26.37,22.94,0.8403,-1,-1,-1
165,-1,724.70,165.97,94.42,114.37,0.8195,-1,-1,-1
165,-1,866.72,320.60,17.21,15.44,0.7928,-1,-1,-1
165,-1,432.60,364.54,18.87,12.85,0.7398,-1,-1,-1
165,-1,760.78,122.91,60.86,60.76,0.7263,-1,-1,-1
165,-1,932.25,294.27,30.60,20.09,0.6784,-1,-1,-1
165,-1,784.47,366.76,16.05,16.50,0.6087,-1,-1,-1
165,-1,223.28,359.32,29.95,12.38,0.5365,-1,-1,-1
165,-1,760.84,138.07,46.44,45.96,0.3284,-1,-1,-1
166,-1,866.95,87.63,103.71,86.05,0.9453,-1,-1,-1
166,-1,733.31,211.02,79.49,39.55,0.9420,-1,-1,-1
166,-1,954.07,202.25,46.69,25.86,0.9134,-1,-1,-1
166,-1,65.09,268.69,41.43,27.92,0.9089,-1,-1,-1
166,-1,844.65,183.84,30.10,55.04,0.9089,-1,-1,-1
166,-1,786.48,295.02,34.40,29.05,0.9045,-1,-1,-1
166,-1,860.01,148.02,54.56,69.13,0.9024,-1,-1,-1
166,-1,213.04,322.94,36.91,17.14,0.9023,-1,-1,-1
166,-1,112.30,373.82,29.12,25.50,0.8944,-1,-1,-1
166,-1,535.87,348.01,35.80,19.30,0.8801,-1,-1,-1
166,-1,755.11,303.50,20.13,15.68,0.8701,-1,-1,-1
166,-1,148.43,321.35,20.78,28.21,0.8653,-1,-1,-1
166,-1,546.99,328.97,29.06,23.37,0.8586,-1,-1,-1
166,-1,754.05,126.06,59.96,60.85,0.8273,-1,-1,-1
166,-1,718.66,168.58,94.15,108.43,0.7507,-1,-1,-1
166,-1,948.54,328.96,26.00,23.48,0.7438,-1,-1,-1
166,-1,216.17,359.12,30.11,12.46,0.7147,-1,-1,-1
166,-1,858.65,322.41,17.02,15.00,0.6954,-1,-1,-1
166,-1,427.27,364.91,18.17,12.94,0.6675,-1,-1,-1
166,-1,923.06,296.18,30.12,19.79,0.4716,-1,-1,-1
166,-1,777.81,368.37,15.56,16.61,0.4418,-1,-1,-1
166,-1,923.21,296.14,30.41,19.76,0.3332,-1,-1,-1
167,-1,853.94,91.76,101.92,85.51,0.9441,-1,-1,-1
167,-1,723.24,213.41,77.29,39.18,0.9227,-1,-1,-1
167,-1,939.74,205.54,44.96,25.64,0.9118,-1,-1,-1
167,-1,52.27,267.79,42.53,28.20,0.9077,-1,-1,-1
167,-1,848.80,151.90,51.90,70.70,0.9056,-1,-1,-1
167,-1,202.86,322.62,38.06,17.37,0.9040,-1,-1,-1
167,-1,774.83,296.79,34.35,29.72,0.8964,-1,-1,-1
167,-1,100.17,373.84,30.08,25.50,0.8917,-1,-1,-1
167,-1,527.69,348.35,35.98,19.68,0.8820,-1,-1,-1
167,-1,137.11,321.34,20.89,27.84,0.8638,-1,-1,-1
167,-1,745.55,304.70,19.98,15.52,0.8500,-1,-1,-1
167,-1,539.02,329.44,29.05,23.73,0.8485,-1,-1,-1
167,-1,935.71,330.98,25.03,22.72,0.8374,-1,-1,-1
167,-1,832.22,186.45,29.42,55.17,0.8283,-1,-1,-1
167,-1,708.30,169.98,92.33,114.24,0.8081,-1,-1,-1
167,-1,846.36,323.66,17.59,14.99,0.7558,-1,-1,-1
167,-1,743.56,129.39,59.11,60.05,0.7505,-1,-1,-1
167,-1,205.82,359.12,30.67,12.68,0.7383,-1,-1,-1
167,-1,911.00,297.68,29.83,19.82,0.7224,-1,-1,-1
167,-1,419.34,365.17,18.45,13.04,0.6614,-1,-1,-1
167,-1,767.42,369.02,15.42,16.83,0.4611,-1,-1,-1
168,-1,713.98,213.62,76.90,39.00,0.9258,-1,-1,-1
168,-1,837.87,152.84,51.97,68.74,0.9135,-1,-1,-1
168,-1,40.18,266.23,43.01,28.61,0.9113,-1,-1,-1
168,-1,927.37,206.59,44.54,25.51,0.9094,-1,-1,-1
168,-1,766.43,296.69,33.07,28.60,0.9024,-1,-1,-1
168,-1,193.84,321.95,38.09,17.60,0.8995,-1,-1,-1
168,-1,89.40,373.69,30.35,25.68,0.8976,-1,-1,-1
168,-1,821.44,93.37,122.70,84.54,0.8947,-1,-1,-1
168,-1,822.00,187.14,29.41,54.17,0.8882,-1,-1,-1
168,-1,700.44,171.09,89.25,111.00,0.8878,-1,-1,-1
168,-1,126.97,320.83,21.24,27.70,0.8764,-1,-1,-1
168,-1,520.74,348.08,35.65,19.24,0.8759,-1,-1,-1
168,-1,734.92,129.73,58.55,60.78,0.8698,-1,-1,-1
168,-1,531.61,328.95,29.23,23.44,0.8575,-1,-1,-1
168,-1,925.06,331.14,24.54,22.29,0.8553,-1,-1,-1
168,-1,737.62,304.71,19.56,15.47,0.8492,-1,-1,-1
168,-1,836.53,323.44,17.99,15.06,0.7987,-1,-1,-1
168,-1,900.63,298.37,28.88,18.97,0.7453,-1,-1,-1
168,-1,412.52,364.64,18.47,13.12,0.6798,-1,-1,-1
168,-1,197.34,358.77,30.57,12.50,0.6015,-1,-1,-1
169,-1,706.40,213.93,75.12,38.78,0.9316,-1,-1,-1
169,-1,833.90,95.46,98.38,84.05,0.9291,-1,-1,-1
169,-1,26.54,264.60,44.49,28.90,0.9137,-1,-1,-1
169,-1,916.10,207.84,43.51,25.33,0.9061,-1,-1,-1
169,-1,828.09,153.82,50.90,68.16,0.9051,-1,-1,-1
169,-1,757.10,296.84,32.66,28.08,0.9027,-1,-1,-1
169,-1,77.31,373.26,30.65,26.04,0.8990,-1,-1,-1
169,-1,183.03,321.10,39.31,17.82,0.8907,-1,-1,-1
169,-1,513.36,347.66,35.58,19.37,0.8785,-1,-1,-1
169,-1,115.78,319.97,21.58,27.98,0.8765,-1,-1,-1
169,-1,726.13,131.00,58.05,59.62,0.8749,-1,-1,-1
169,-1,812.39,188.03,28.68,54.61,0.8674,-1,-1,-1
169,-1,728.83,304.84,19.30,15.12,0.8584,-1,-1,-1
169,-1,524.45,328.84,28.66,23.19,0.8547,-1,-1,-1
169,-1,913.26,330.62,24.18,22.47,0.8498,-1,-1,-1
169,-1,691.74,171.34,90.07,111.46,0.8336,-1,-1,-1
169,-1,825.78,323.46,18.54,15.15,0.8230,-1,-1,-1
169,-1,889.95,298.66,26.14,19.10,0.7993,-1,-1,-1
169,-1,187.02,358.33,31.52,12.64,0.5839,-1,-1,-1
169,-1,404.47,364.22,18.80,13.22,0.5789,-1,-1,-1
169,-1,29.18,362.15,17.92,23.50,0.4811,-1,-1,-1
169,-1,480.08,297.04,22.48,12.76,0.2810,-1,-1,-1
170,-1,699.13,215.15,74.58,38.19,0.9286,-1,-1,-1
170,-1,14.10,262.95,45.01,29.39,0.9162,-1,-1,-1
170,-1,906.26,209.83,42.17,24.73,0.9107,-1,-1,-1
170,-1,805.09,97.61,116.52,83.96,0.9104,-1,-1,-1
170,-1,749.28,297.50,32.48,28.20,0.9014,-1,-1,-1
170,-1,65.02,372.84,32.03,26.55,0.8991,-1,-1,-1
170,-1,173.62,320.50,39.74,17.92,0.8955,-1,-1,-1
170,-1,817.54,155.98,52.03,69.55,0.8872,-1,-1,-1
170,-1,684.93,173.32,87.74,107.94,0.8821,-1,-1,-1
170,-1,506.53,347.60,35.68,19.53,0.8750,-1,-1,-1
170,-1,104.60,319.63,22.28,28.08,0.8705,-1,-1,-1
170,-1,721.01,305.42,18.96,15.05,0.8602,-1,-1,-1
170,-1,517.77,329.22,28.29,23.01,0.8571,-1,-1,-1
170,-1,804.37,189.50,27.74,53.93,0.8425,-1,-1,-1
170,-1,719.10,132.67,56.44,56.96,0.8246,-1,-1,-1
170,-1,902.74,332.16,23.71,21.53,0.8218,-1,-1,-1
170,-1,817.59,323.99,17.61,14.90,0.8124,-1,-1,-1
170,-1,879.25,299.09,27.98,19.61,0.7789,-1,-1,-1
170,-1,177.56,357.99,31.91,12.62,0.6902,-1,-1,-1
170,-1,396.95,364.56,18.87,12.88,0.5166,-1,-1,-1
170,-1,16.77,361.77,18.03,23.53,0.3788,-1,-1,-1
171,-1,819.45,99.45,94.59,83.37,0.9293,-1,-1,-1
171,-1,692.84,215.79,74.00,38.24,0.9284,-1,-1,-1
171,-1,3.55,261.69,46.36,29.65,0.9179,-1,-1,-1
171,-1,898.77,211.07,41.37,25.00,0.9147,-1,-1,-1
171,-1,56.05,372.55,32.19,26.70,0.9020,-1,-1,-1
171,-1,743.27,297.74,32.58,27.63,0.8980,-1,-1,-1
171,-1,165.47,320.00,40.59,17.89,0.8892,-1,-1,-1
171,-1,798.08,191.04,27.74,52.96,0.8862,-1,-1,-1
171,-1,500.96,347.77,35.62,19.41,0.8778,-1,-1,-1
171,-1,713.29,133.60,56.15,58.86,0.8754,-1,-1,-1
171,-1,95.82,319.46,22.65,27.74,0.8731,-1,-1,-1
171,-1,679.32,173.10,87.32,111.59,0.8712,-1,-1,-1
171,-1,714.91,305.25,18.97,15.57,0.8681,-1,-1,-1
171,-1,811.93,157.48,51.06,68.30,0.8628,-1,-1,-1
171,-1,512.56,328.45,28.38,23.75,0.8530,-1,-1,-1
171,-1,871.65,299.89,27.21,19.36,0.7488,-1,-1,-1
171,-1,894.51,332.92,23.47,21.13,0.7364,-1,-1,-1
171,-1,169.85,357.71,32.18,12.77,0.7184,-1,-1,-1
171,-1,391.32,364.26,18.86,13.03,0.6356,-1,-1,-1
171,-1,811.20,324.28,16.79,15.07,0.5897,-1,-1,-1
171,-1,6.15,362.03,18.56,22.88,0.4403,-1,-1,-1
171,-1,735.62,368.65,14.83,15.63,0.2823,-1,-1,-1
172,-1,812.49,101.18,94.05,83.20,0.9329,-1,-1,-1
172,-1,688.57,216.70,72.32,38.10,0.9219,-1,-1,-1
172,-1,0.00,260.06,40.35,30.33,0.9181,-1,-1,-1
172,-1,891.72,212.52,40.77,24.88,0.9148,-1,-1,-1
172,-1,47.02,372.32,32.65,26.86,0.9085,-1,-1,-1
172,-1,737.70,298.60,32.40,28.38,0.9008,-1,-1,-1
172,-1,805.84,158.68,50.62,66.13,0.9001,-1,-1,-1
172,-1,792.27,192.63,27.42,52.39,0.8959,-1,-1,-1
172,-1,158.37,319.40,40.48,18.20,0.8886,-1,-1,-1
172,-1,496.28,347.91,35.40,19.17,0.8806,-1,-1,-1
172,-1,674.03,173.98,84.73,113.52,0.8781,-1,-1,-1
172,-1,709.11,306.26,18.49,14.84,0.8753,-1,-1,-1
172,-1,87.36,317.87,22.90,29.13,0.8713,-1,-1,-1
172,-1,507.29,328.83,28.83,23.48,0.8569,-1,-1,-1
172,-1,707.85,134.87,56.32,58.89,0.8338,-1,-1,-1
172,-1,886.64,332.98,23.12,21.59,0.7749,-1,-1,-1
172,-1,162.57,357.32,32.17,13.00,0.7605,-1,-1,-1
172,-1,385.87,364.21,18.56,13.19,0.7036,-1,-1,-1
172,-1,0.00,360.96,14.68,23.61,0.5246,-1,-1,-1
172,-1,864.21,300.56,25.59,19.48,0.4939,-1,-1,-1
172,-1,804.95,324.72,16.16,15.13,0.4511,-1,-1,-1
173,-1,807.48,103.03,91.46,82.42,0.9341,-1,-1,-1
173,-1,682.92,217.24,72.58,37.68,0.9240,-1,-1,-1
173,-1,37.07,372.00,33.08,27.08,0.9099,-1,-1,-1
173,-1,884.21,213.76,40.37,24.78,0.9069,-1,-1,-1
173,-1,732.27,298.86,31.79,27.67,0.9053,-1,-1,-1
173,-1,0.05,258.94,30.53,30.00,0.9052,-1,-1,-1
173,-1,669.21,175.22,85.83,110.95,0.8975,-1,-1,-1
173,-1,150.41,318.67,40.84,18.43,0.8860,-1,-1,-1
173,-1,490.39,347.67,35.78,19.46,0.8703,-1,-1,-1
173,-1,786.12,193.59,26.59,52.18,0.8693,-1,-1,-1
173,-1,78.06,317.10,23.44,29.27,0.8678,-1,-1,-1
173,-1,702.85,306.71,18.68,14.65,0.8651,-1,-1,-1
173,-1,501.96,328.65,28.22,23.62,0.8610,-1,-1,-1
173,-1,800.43,160.04,48.77,66.98,0.8414,-1,-1,-1
173,-1,702.35,136.00,55.54,57.68,0.7710,-1,-1,-1
173,-1,154.31,356.93,32.77,13.08,0.7056,-1,-1,-1
173,-1,380.00,363.92,18.85,13.36,0.6318,-1,-1,-1
173,-1,878.61,333.44,22.57,21.34,0.6017,-1,-1,-1
173,-1,856.49,301.44,25.74,18.93,0.5635,-1,-1,-1
173,-1,999.32,200.28,24.68,43.68,0.5165,-1,-1,-1
173,-1,797.96,325.41,15.73,14.59,0.2552,-1,-1,-1
174,-1,800.81,104.62,90.70,82.50,0.9278,-1,-1,-1
174,-1,677.11,217.70,73.41,37.91,0.9224,-1,-1,-1
174,-1,27.30,371.70,34.00,27.44,0.9148,-1,-1,-1
174,-1,877.10,214.95,39.87,24.54,0.9102,-1,-1,-1
174,-1,727.26,299.21,31.07,27.14,0.8981,-1,-1,-1
174,-1,664.16,175.55,85.52,112.02,0.8931,-1,-1,-1
174,-1,143.20,318.15,41.08,18.48,0.8901,-1,-1,-1
174,-1,793.95,160.98,48.86,67.58,0.8870,-1,-1,-1
174,-1,69.32,316.32,23.52,29.61,0.8783,-1,-1,-1
174,-1,485.34,347.74,35.76,19.47,0.8729,-1,-1,-1
174,-1,697.14,306.91,17.91,14.57,0.8680,-1,-1,-1
174,-1,0.07,260.26,21.09,27.85,0.8653,-1,-1,-1
174,-1,496.59,329.26,28.60,23.14,0.8566,-1,-1,-1
174,-1,780.22,194.54,26.50,51.92,0.8495,-1,-1,-1
174,-1,990.01,202.34,33.99,46.14,0.8491,-1,-1,-1
174,-1,870.91,333.85,22.33,21.28,0.8467,-1,-1,-1
174,-1,696.78,137.47,54.59,56.98,0.8463,-1,-1,-1
174,-1,374.35,363.89,18.90,13.36,0.7042,-1,-1,-1
174,-1,146.75,356.62,33.14,13.06,0.6428,-1,-1,-1
174,-1,849.17,300.82,26.17,20.36,0.5267,-1,-1,-1
174,-1,717.16,368.83,15.70,15.66,0.5089,-1,-1,-1
175,-1,671.59,219.85,71.18,37.28,0.9243,-1,-1,-1
175,-1,17.54,371.25,34.32,27.85,0.9102,-1,-1,-1
175,-1,793.48,107.69,89.89,82.44,0.9098,-1,-1,-1
175,-1,869.45,217.94,39.01,24.33,0.9039,-1,-1,-1
175,-1,980.77,207.94,43.23,46.24,0.8954,-1,-1,-1
175,-1,721.40,301.05,30.25,26.65,0.8914,-1,-1,-1
175,-1,657.83,176.80,83.66,111.92,0.8910,-1,-1,-1
175,-1,135.25,317.72,41.81,18.58,0.8910,-1,-1,-1
175,-1,60.12,316.37,24.32,29.07,0.8886,-1,-1,-1
175,-1,479.90,348.28,35.73,19.68,0.8839,-1,-1,-1
175,-1,691.32,139.93,54.67,56.64,0.8764,-1,-1,-1
175,-1,773.68,195.95,26.22,52.44,0.8664,-1,-1,-1
175,-1,787.44,164.10,48.06,66.95,0.8663,-1,-1,-1
175,-1,691.06,308.37,18.44,14.59,0.8594,-1,-1,-1
175,-1,491.34,329.36,28.82,23.82,0.8516,-1,-1,-1
175,-1,862.89,335.81,22.11,20.95,0.8390,-1,-1,-1
175,-1,138.67,356.35,33.49,13.11,0.7613,-1,-1,-1
175,-1,711.04,369.96,15.77,15.98,0.6664,-1,-1,-1
175,-1,368.39,364.52,19.18,12.84,0.6113,-1,-1,-1
175,-1,0.00,260.68,11.20,25.73,0.4820,-1,-1,-1
175,-1,841.29,303.97,25.31,18.83,0.4796,-1,-1,-1
176,-1,784.36,109.55,88.18,81.65,0.9417,-1,-1,-1
176,-1,663.06,220.16,71.00,37.41,0.9255,-1,-1,-1
176,-1,968.33,210.06,55.67,43.75,0.9229,-1,-1,-1
176,-1,858.90,219.12,37.95,24.03,0.9070,-1,-1,-1
176,-1,4.54,370.85,35.29,27.99,0.9019,-1,-1,-1
176,-1,712.03,300.92,30.57,27.60,0.8996,-1,-1,-1
176,-1,778.24,165.64,46.92,63.08,0.8981,-1,-1,-1
176,-1,649.31,177.76,84.93,108.61,0.8972,-1,-1,-1
176,-1,124.28,316.83,42.47,19.11,0.8901,-1,-1,-1
176,-1,472.51,348.11,35.38,19.29,0.8795,-1,-1,-1
176,-1,763.98,197.31,25.80,52.43,0.8703,-1,-1,-1
176,-1,47.85,314.69,25.02,29.93,0.8695,-1,-1,-1
176,-1,683.09,308.47,18.43,14.51,0.8682,-1,-1,-1
176,-1,484.12,329.66,28.52,22.91,0.8572,-1,-1,-1
176,-1,852.97,335.85,21.80,20.79,0.8238,-1,-1,-1
176,-1,683.11,140.52,53.08,57.16,0.8080,-1,-1,-1
176,-1,128.17,355.82,34.78,13.18,0.6751,-1,-1,-1
176,-1,360.69,364.22,19.31,13.06,0.6078,-1,-1,-1
176,-1,702.86,369.97,15.12,15.92,0.4805,-1,-1,-1
176,-1,831.69,304.15,24.70,18.91,0.3050,-1,-1,-1
176,-1,832.02,303.93,24.75,19.07,0.2749,-1,-1,-1
177,-1,656.88,220.28,70.62,36.95,0.9219,-1,-1,-1
177,-1,957.62,209.67,61.39,45.28,0.9122,-1,-1,-1
177,-1,850.58,219.36,37.01,24.05,0.9102,-1,-1,-1
177,-1,0.03,370.79,28.42,27.97,0.9016,-1,-1,-1
177,-1,770.49,166.25,46.44,62.45,0.8963,-1,-1,-1
177,-1,643.52,177.18,82.10,111.19,0.8956,-1,-1,-1
177,-1,114.17,316.06,43.36,19.16,0.8949,-1,-1,-1
177,-1,705.23,301.02,30.08,26.40,0.8927,-1,-1,-1
177,-1,36.76,313.35,25.05,30.78,0.8807,-1,-1,-1
177,-1,772.79,110.20,90.99,81.15,0.8776,-1,-1,-1
177,-1,466.42,347.55,35.72,19.53,0.8736,-1,-1,-1
177,-1,756.67,197.62,25.84,52.19,0.8725,-1,-1,-1
177,-1,676.06,140.43,53.78,57.10,0.8715,-1,-1,-1
177,-1,477.76,328.72,28.42,23.53,0.8597,-1,-1,-1
177,-1,844.31,335.64,21.22,20.41,0.8438,-1,-1,-1
177,-1,118.45,355.43,34.87,13.24,0.8048,-1,-1,-1
177,-1,676.16,308.15,17.79,14.52,0.7919,-1,-1,-1
177,-1,354.25,363.50,18.87,13.51,0.6660,-1,-1,-1
177,-1,695.74,369.59,15.27,15.89,0.3528,-1,-1,-1
177,-1,823.28,305.34,24.96,17.46,0.3081,-1,-1,-1
178,-1,651.13,221.69,70.32,36.85,0.9267,-1,-1,-1
178,-1,949.34,213.48,60.59,43.66,0.9185,-1,-1,-1
178,-1,843.58,221.39,36.34,24.15,0.9074,-1,-1,-1
178,-1,106.43,315.68,44.14,19.18,0.8992,-1,-1,-1
178,-1,698.89,301.81,30.53,27.00,0.8934,-1,-1,-1
178,-1,27.54,312.99,25.26,30.44,0.8932,-1,-1,-1
178,-1,637.81,178.95,83.06,107.00,0.8811,-1,-1,-1
178,-1,460.89,348.01,36.36,19.41,0.8747,-1,-1,-1
178,-1,750.55,200.08,25.69,50.04,0.8634,-1,-1,-1
178,-1,0.00,371.72,18.91,26.48,0.8618,-1,-1,-1
178,-1,837.08,336.99,21.37,20.24,0.8565,-1,-1,-1
178,-1,670.76,308.93,17.85,14.68,0.8563,-1,-1,-1
178,-1,748.87,112.79,107.62,80.58,0.8554,-1,-1,-1
178,-1,472.45,328.82,28.39,23.93,0.8545,-1,-1,-1
178,-1,762.18,168.35,47.86,65.76,0.8375,-1,-1,-1
178,-1,110.38,355.20,35.47,13.35,0.8202,-1,-1,-1
178,-1,670.23,142.92,53.27,55.55,0.6013,-1,-1,-1
178,-1,348.36,363.95,19.47,13.22,0.5462,-1,-1,-1
178,-1,816.31,306.59,23.45,17.29,0.4930,-1,-1,-1
179,-1,643.24,222.07,70.22,36.68,0.9240,-1,-1,-1
179,-1,937.68,215.15,59.21,43.19,0.9106,-1,-1,-1
179,-1,96.06,314.80,44.45,19.33,0.9014,-1,-1,-1
179,-1,832.91,222.41,36.41,24.04,0.8975,-1,-1,-1
179,-1,745.40,114.23,101.09,80.47,0.8963,-1,-1,-1
179,-1,690.15,301.97,30.57,26.91,0.8944,-1,-1,-1
179,-1,629.80,179.30,83.28,108.04,0.8838,-1,-1,-1
179,-1,15.10,311.58,26.03,31.40,0.8776,-1,-1,-1
179,-1,454.46,347.82,35.70,19.56,0.8758,-1,-1,-1
179,-1,663.33,308.86,17.67,14.70,0.8639,-1,-1,-1
179,-1,99.85,354.83,35.77,13.48,0.8574,-1,-1,-1
179,-1,465.55,329.04,28.91,23.55,0.8531,-1,-1,-1
179,-1,754.39,169.15,46.22,66.87,0.8522,-1,-1,-1
179,-1,741.90,200.45,25.20,51.02,0.8436,-1,-1,-1
179,-1,662.03,143.20,53.29,56.67,0.8211,-1,-1,-1
179,-1,827.86,337.10,20.61,20.01,0.8120,-1,-1,-1
179,-1,999.31,232.54,24.69,35.89,0.7532,-1,-1,-1
179,-1,0.00,374.10,6.17,21.66,0.5875,-1,-1,-1
179,-1,340.87,363.74,19.58,13.26,0.4886,-1,-1,-1
179,-1,807.40,306.90,23.38,16.99,0.4556,-1,-1,-1
180,-1,729.15,115.52,107.78,80.05,0.9262,-1,-1,-1
180,-1,926.16,216.73,57.29,42.27,0.9232,-1,-1,-1
180,-1,635.75,222.37,69.38,36.28,0.9230,-1,-1,-1
180,-1,823.84,223.38,35.31,23.69,0.8994,-1,-1,-1
180,-1,84.00,314.10,45.38,19.36,0.8979,-1,-1,-1
180,-1,622.91,179.73,81.51,110.49,0.8932,-1,-1,-1
180,-1,682.73,301.83,30.00,26.59,0.8927,-1,-1,-1
180,-1,1.26,311.20,26.86,31.02,0.8915,-1,-1,-1
180,-1,446.69,347.67,36.22,19.39,0.8820,-1,-1,-1
180,-1,88.03,354.36,36.63,13.65,0.8534,-1,-1,-1
180,-1,655.54,308.77,17.58,14.75,0.8527,-1,-1,-1
180,-1,458.43,328.40,28.62,23.89,0.8493,-1,-1,-1
180,-1,987.14,234.56,36.75,34.67,0.8449,-1,-1,-1
180,-1,746.09,169.48,46.26,66.90,0.8441,-1,-1,-1
180,-1,733.69,200.58,25.07,51.17,0.8437,-1,-1,-1
180,-1,818.07,337.64,20.58,19.44,0.7173,-1,-1,-1
180,-1,332.85,363.20,19.63,13.41,0.7009,-1,-1,-1
180,-1,655.12,143.91,51.25,55.46,0.6428,-1,-1,-1
180,-1,798.37,305.84,22.67,18.22,0.3747,-1,-1,-1
181,-1,630.53,222.80,69.40,36.00,0.9293,-1,-1,-1
181,-1,617.32,179.99,82.18,110.21,0.9151,-1,-1,-1
181,-1,917.85,217.36,56.91,43.10,0.9138,-1,-1,-1
181,-1,722.93,116.45,106.81,80.11,0.9123,-1,-1,-1
181,-1,74.71,313.08,46.37,20.05,0.8996,-1,-1,-1
181,-1,816.70,224.59,35.27,23.17,0.8988,-1,-1,-1
181,-1,976.58,235.45,39.14,34.67,0.8962,-1,-1,-1
181,-1,678.23,302.22,28.95,27.17,0.8928,-1,-1,-1
181,-1,740.61,171.37,45.01,63.44,0.8788,-1,-1,-1
181,-1,441.07,347.36,35.83,19.56,0.8779,-1,-1,-1
181,-1,78.99,353.89,37.07,13.92,0.8652,-1,-1,-1
181,-1,452.46,328.75,28.59,23.28,0.8582,-1,-1,-1
181,-1,0.00,311.39,17.96,29.95,0.8544,-1,-1,-1
181,-1,649.39,145.34,52.84,54.11,0.8448,-1,-1,-1
181,-1,810.98,337.49,20.25,19.72,0.8406,-1,-1,-1
181,-1,649.59,309.28,17.39,14.26,0.8289,-1,-1,-1
181,-1,727.96,201.75,24.79,50.16,0.7809,-1,-1,-1
181,-1,326.49,363.05,19.85,13.47,0.7003,-1,-1,-1
181,-1,791.25,306.54,22.20,17.92,0.5224,-1,-1,-1
181,-1,668.10,369.63,15.21,15.67,0.4079,-1,-1,-1
182,-1,625.61,223.35,68.67,35.74,0.9322,-1,-1,-1
182,-1,909.75,219.10,56.38,42.81,0.9122,-1,-1,-1
182,-1,810.87,225.28,35.29,23.52,0.9047,-1,-1,-1
182,-1,65.18,312.42,47.57,19.92,0.9030,-1,-1,-1
182,-1,612.75,180.48,79.71,108.80,0.8974,-1,-1,-1
182,-1,673.19,302.58,29.00,25.88,0.8884,-1,-1,-1
182,-1,968.09,237.26,38.10,34.16,0.8877,-1,-1,-1
182,-1,734.84,171.95,44.87,63.37,0.8826,-1,-1,-1
182,-1,436.10,347.33,36.17,19.43,0.8791,-1,-1,-1
182,-1,70.19,353.64,37.62,13.90,0.8729,-1,-1,-1
182,-1,734.66,118.00,88.82,79.55,0.8697,-1,-1,-1
182,-1,447.06,327.93,28.91,23.90,0.8621,-1,-1,-1
182,-1,643.84,309.12,17.66,14.58,0.8545,-1,-1,-1
182,-1,803.88,337.50,20.03,19.94,0.8400,-1,-1,-1
182,-1,644.48,145.89,51.54,53.82,0.8106,-1,-1,-1
182,-1,1007.26,244.23,16.74,14.89,0.7988,-1,-1,-1
182,-1,1011.16,341.47,12.84,15.83,0.7889,-1,-1,-1
182,-1,722.41,202.03,24.41,50.46,0.7564,-1,-1,-1
182,-1,320.34,362.98,19.97,13.51,0.7384,-1,-1,-1
182,-1,662.89,369.78,15.48,15.28,0.6360,-1,-1,-1
182,-1,784.12,307.33,23.00,17.47,0.5789,-1,-1,-1
182,-1,0.00,310.53,7.62,25.88,0.4673,-1,-1,-1
183,-1,619.70,224.48,67.62,35.58,0.9304,-1,-1,-1
183,-1,607.10,181.85,79.57,106.95,0.9179,-1,-1,-1
183,-1,900.90,221.23,54.37,41.90,0.9137,-1,-1,-1
183,-1,712.67,119.83,103.42,79.60,0.9076,-1,-1,-1
183,-1,803.51,226.84,33.74,23.38,0.9005,-1,-1,-1
183,-1,55.78,311.60,47.84,20.28,0.8925,-1,-1,-1
183,-1,666.83,303.25,28.70,25.29,0.8866,-1,-1,-1
183,-1,430.24,347.45,36.16,19.55,0.8824,-1,-1,-1
183,-1,1000.59,341.85,23.41,16.13,0.8751,-1,-1,-1
183,-1,715.89,203.00,23.95,50.81,0.8655,-1,-1,-1
183,-1,729.13,173.55,43.38,63.02,0.8607,-1,-1,-1
183,-1,60.75,353.15,38.15,13.96,0.8581,-1,-1,-1
183,-1,441.79,327.64,28.93,24.47,0.8513,-1,-1,-1
183,-1,637.53,309.81,17.41,14.26,0.8356,-1,-1,-1
183,-1,796.61,338.00,19.59,20.10,0.8213,-1,-1,-1
183,-1,638.33,147.38,51.98,53.90,0.8212,-1,-1,-1
183,-1,958.21,239.40,37.05,34.26,0.8202,-1,-1,-1
183,-1,314.25,362.74,20.06,13.57,0.7770,-1,-1,-1
183,-1,996.13,246.90,20.85,13.77,0.5960,-1,-1,-1
183,-1,777.12,307.54,22.39,17.86,0.4911,-1,-1,-1
183,-1,1001.41,252.03,22.59,18.16,0.4333,-1,-1,-1
183,-1,656.59,370.30,15.20,15.45,0.3093,-1,-1,-1
184,-1,609.67,225.42,67.84,34.95,0.9387,-1,-1,-1
184,-1,702.11,121.90,101.19,78.46,0.9338,-1,-1,-1
184,-1,888.35,222.33,53.71,42.97,0.9109,-1,-1,-1
184,-1,791.29,228.34,33.38,22.89,0.9019,-1,-1,-1
184,-1,42.91,310.58,47.77,20.55,0.8986,-1,-1,-1
184,-1,628.67,148.11,51.20,54.77,0.8958,-1,-1,-1
184,-1,655.74,303.73,28.98,26.21,0.8944,-1,-1,-1
184,-1,597.11,182.63,78.51,105.76,0.8936,-1,-1,-1
184,-1,718.18,175.16,42.54,62.57,0.8855,-1,-1,-1
184,-1,421.76,347.24,36.10,19.61,0.8813,-1,-1,-1
184,-1,985.64,342.57,24.99,15.65,0.8811,-1,-1,-1
184,-1,47.14,352.85,39.47,14.11,0.8779,-1,-1,-1
184,-1,432.99,327.86,29.08,24.11,0.8554,-1,-1,-1
184,-1,944.17,241.33,36.01,32.81,0.8213,-1,-1,-1
184,-1,1008.35,282.11,15.65,25.09,0.8140,-1,-1,-1
184,-1,629.13,310.00,16.96,14.17,0.7958,-1,-1,-1
184,-1,982.22,248.46,19.27,14.13,0.7854,-1,-1,-1
184,-1,304.63,362.78,20.63,13.53,0.7182,-1,-1,-1
184,-1,704.90,205.06,24.13,49.54,0.6954,-1,-1,-1
184,-1,786.17,338.81,19.38,19.26,0.6191,-1,-1,-1
184,-1,766.94,308.73,22.80,16.95,0.4947,-1,-1,-1
184,-1,704.80,205.28,24.03,48.92,0.4296,-1,-1,-1
184,-1,387.74,295.10,24.10,12.57,0.2818,-1,-1,-1
185,-1,599.03,225.50,67.22,35.05,0.9321,-1,-1,-1
185,-1,689.14,123.20,101.45,78.24,0.9271,-1,-1,-1
185,-1,873.80,224.32,52.48,41.92,0.9131,-1,-1,-1
185,-1,778.83,229.33,32.77,22.71,0.9047,-1,-1,-1
185,-1,586.75,182.84,77.26,104.95,0.9039,-1,-1,-1
185,-1,928.90,242.92,34.81,32.48,0.8930,-1,-1,-1
185,-1,24.72,309.27,49.90,21.03,0.8930,-1,-1,-1
185,-1,644.71,303.72,28.69,26.49,0.8898,-1,-1,-1
185,-1,29.68,351.90,40.30,14.64,0.8867,-1,-1,-1
185,-1,411.11,346.77,36.82,19.82,0.8857,-1,-1,-1
185,-1,706.24,176.11,42.39,61.18,0.8719,-1,-1,-1
185,-1,968.69,342.58,24.16,15.78,0.8709,-1,-1,-1
185,-1,422.84,327.41,28.97,24.18,0.8670,-1,-1,-1
185,-1,774.22,339.33,18.99,18.69,0.8536,-1,-1,-1
185,-1,617.63,149.20,51.70,53.91,0.8512,-1,-1,-1
185,-1,618.69,309.57,17.12,14.83,0.8314,-1,-1,-1
185,-1,1007.34,280.69,16.66,26.98,0.8157,-1,-1,-1
185,-1,990.74,286.33,21.69,22.09,0.7776,-1,-1,-1
185,-1,293.49,362.34,20.50,13.83,0.7130,-1,-1,-1
185,-1,693.54,205.65,23.48,49.20,0.6899,-1,-1,-1
185,-1,965.90,250.33,18.08,13.72,0.6220,-1,-1,-1
185,-1,693.51,205.73,23.33,48.79,0.5467,-1,-1,-1
185,-1,420.48,330.94,29.57,27.01,0.3927,-1,-1,-1
185,-1,755.35,308.25,22.99,17.93,0.3880,-1,-1,-1
186,-1,682.58,124.52,97.08,78.05,0.9234,-1,-1,-1
186,-1,589.39,225.72,67.30,34.82,0.9218,-1,-1,-1
186,-1,767.88,230.25,31.97,22.83,0.9008,-1,-1,-1
186,-1,577.77,182.69,76.70,105.46,0.8979,-1,-1,-1
186,-1,860.78,225.13,51.09,42.06,0.8975,-1,-1,-1
186,-1,6.78,307.97,52.55,21.28,0.8961,-1,-1,-1
186,-1,695.78,177.31,41.89,59.31,0.8957,-1,-1,-1
186,-1,635.06,303.66,28.68,25.89,0.8914,-1,-1,-1
186,-1,12.84,351.40,41.49,14.69,0.8881,-1,-1,-1
186,-1,914.08,244.54,34.80,32.36,0.8852,-1,-1,-1
186,-1,401.73,346.60,36.80,19.82,0.8818,-1,-1,-1
186,-1,412.94,327.91,29.37,23.89,0.8719,-1,-1,-1
186,-1,953.26,343.27,23.79,15.34,0.8706,-1,-1,-1
186,-1,608.92,149.51,49.80,54.25,0.8560,-1,-1,-1
186,-1,763.10,339.47,18.51,18.57,0.8530,-1,-1,-1
186,-1,683.08,205.30,23.96,49.47,0.8255,-1,-1,-1
186,-1,609.43,310.29,17.05,14.12,0.8058,-1,-1,-1
186,-1,282.80,362.05,20.74,13.73,0.7292,-1,-1,-1
186,-1,990.88,284.24,29.67,23.74,0.7242,-1,-1,-1
186,-1,974.67,287.94,21.52,21.45,0.7218,-1,-1,-1
186,-1,949.51,252.11,19.49,13.46,0.6841,-1,-1,-1
186,-1,744.65,309.41,21.52,17.38,0.2942,-1,-1,-1
186,-1,744.65,309.38,21.50,17.47,0.2933,-1,-1,-1
187,-1,673.37,125.55,98.38,77.70,0.9375,-1,-1,-1
187,-1,583.53,226.05,66.63,34.63,0.9339,-1,-1,-1
187,-1,571.12,183.13,76.40,106.03,0.9066,-1,-1,-1
187,-1,0.00,307.17,48.35,21.35,0.9016,-1,-1,-1
187,-1,760.00,231.00,31.89,22.80,0.8939,-1,-1,-1
187,-1,852.06,225.85,50.72,42.84,0.8877,-1,-1,-1
187,-1,0.00,351.11,42.98,14.63,0.8870,-1,-1,-1
187,-1,394.85,346.46,37.04,19.86,0.8855,-1,-1,-1
187,-1,629.09,303.92,27.78,26.01,0.8850,-1,-1,-1
187,-1,942.68,343.66,23.47,15.33,0.8785,-1,-1,-1
187,-1,688.59,177.87,42.27,59.50,0.8783,-1,-1,-1
187,-1,979.77,283.79,28.49,25.07,0.8721,-1,-1,-1
187,-1,904.20,246.29,34.16,31.04,0.8696,-1,-1,-1
187,-1,406.55,326.45,28.98,24.96,0.8687,-1,-1,-1
187,-1,602.25,149.92,50.24,53.82,0.8678,-1,-1,-1
187,-1,963.79,289.22,20.43,20.93,0.8410,-1,-1,-1
187,-1,602.60,309.83,17.05,14.78,0.8161,-1,-1,-1
187,-1,755.21,339.97,18.40,18.19,0.8141,-1,-1,-1
187,-1,676.78,206.47,23.04,49.60,0.6644,-1,-1,-1
187,-1,274.98,361.98,20.92,13.64,0.6035,-1,-1,-1
187,-1,937.61,253.36,20.49,13.16,0.5601,-1,-1,-1
187,-1,943.29,262.36,26.24,13.29,0.2904,-1,-1,-1
187,-1,965.18,198.65,32.94,52.56,0.2831,-1,-1,-1
187,-1,737.09,309.82,21.27,17.03,0.2500,-1,-1,-1
188,-1,576.49,226.28,66.98,34.59,0.9348,-1,-1,-1
188,-1,564.57,183.38,76.62,106.23,0.9203,-1,-1,-1
188,-1,666.49,126.25,97.35,78.13,0.9158,-1,-1,-1
188,-1,842.95,228.35,49.27,40.95,0.9073,-1,-1,-1
188,-1,0.05,306.15,36.86,21.84,0.8997,-1,-1,-1
188,-1,751.95,232.01,31.47,22.40,0.8939,-1,-1,-1
188,-1,388.01,346.08,37.12,20.13,0.8848,-1,-1,-1
188,-1,931.98,343.92,22.74,15.19,0.8844,-1,-1,-1
188,-1,621.80,304.21,28.13,25.57,0.8840,-1,-1,-1
188,-1,399.62,326.29,29.48,24.83,0.8664,-1,-1,-1
188,-1,0.17,350.57,30.48,14.76,0.8655,-1,-1,-1
188,-1,595.49,150.43,50.56,53.18,0.8650,-1,-1,-1
188,-1,682.00,178.70,41.35,58.90,0.8633,-1,-1,-1
188,-1,968.08,285.01,27.85,24.39,0.8461,-1,-1,-1
188,-1,894.64,247.45,33.01,30.74,0.8330,-1,-1,-1
188,-1,747.30,340.07,18.14,18.16,0.8199,-1,-1,-1
188,-1,669.27,207.10,22.98,49.04,0.7960,-1,-1,-1
188,-1,596.09,310.15,16.89,14.32,0.7853,-1,-1,-1
188,-1,952.89,290.07,19.90,21.05,0.7777,-1,-1,-1
188,-1,927.18,254.46,19.42,13.12,0.6883,-1,-1,-1
188,-1,267.09,361.89,20.25,13.56,0.5956,-1,-1,-1
188,-1,729.07,310.87,21.02,16.31,0.4409,-1,-1,-1
188,-1,669.20,206.74,22.86,49.17,0.3498,-1,-1,-1
189,-1,656.15,128.01,95.40,77.69,0.9321,-1,-1,-1
189,-1,566.48,226.93,65.65,34.42,0.9218,-1,-1,-1
189,-1,829.61,230.28,48.70,40.54,0.9019,-1,-1,-1
189,-1,670.21,180.30,41.23,60.89,0.8981,-1,-1,-1
189,-1,740.12,233.12,31.06,22.17,0.8973,-1,-1,-1
189,-1,554.14,183.65,75.41,104.51,0.8905,-1,-1,-1
189,-1,611.33,304.42,27.84,25.48,0.8862,-1,-1,-1
189,-1,377.55,345.83,37.59,20.25,0.8853,-1,-1,-1
189,-1,916.59,344.32,22.31,15.01,0.8829,-1,-1,-1
189,-1,389.52,326.24,29.74,24.88,0.8748,-1,-1,-1
189,-1,1004.81,265.76,19.19,51.02,0.8708,-1,-1,-1
189,-1,880.28,248.96,32.59,30.81,0.8663,-1,-1,-1
189,-1,0.00,307.46,19.26,19.37,0.8569,-1,-1,-1
189,-1,736.04,340.46,18.01,18.00,0.8482,-1,-1,-1
189,-1,584.85,151.96,49.65,53.39,0.8433,-1,-1,-1
189,-1,586.03,310.25,16.76,14.44,0.8235,-1,-1,-1
189,-1,658.44,208.62,23.04,48.58,0.8069,-1,-1,-1
189,-1,936.99,291.32,19.91,20.68,0.7762,-1,-1,-1
189,-1,0.00,350.21,13.81,14.70,0.6818,-1,-1,-1
189,-1,912.46,256.02,18.87,12.77,0.6742,-1,-1,-1
189,-1,952.28,286.72,28.14,23.78,0.6444,-1,-1,-1
189,-1,255.96,362.38,18.17,13.08,0.2990,-1,-1,-1
189,-1,916.64,260.68,24.87,17.48,0.2584,-1,-1,-1
190,-1,554.33,227.61,65.89,33.99,0.9281,-1,-1,-1
190,-1,984.71,267.94,37.31,49.17,0.9099,-1,-1,-1
190,-1,644.04,129.63,93.78,77.38,0.9091,-1,-1,-1
190,-1,814.62,230.85,47.18,41.69,0.9058,-1,-1,-1
190,-1,543.01,183.56,75.97,106.42,0.8908,-1,-1,-1
190,-1,726.77,234.44,30.39,22.16,0.8901,-1,-1,-1
190,-1,573.04,153.35,49.55,52.61,0.8887,-1,-1,-1
190,-1,366.31,345.65,37.72,20.25,0.8837,-1,-1,-1
190,-1,599.58,304.67,27.12,25.41,0.8816,-1,-1,-1
190,-1,899.57,344.61,21.62,14.86,0.8802,-1,-1,-1
190,-1,377.81,325.50,30.17,25.47,0.8663,-1,-1,-1
190,-1,933.34,288.45,35.00,23.15,0.8592,-1,-1,-1
190,-1,658.06,181.24,40.02,61.70,0.8582,-1,-1,-1
190,-1,1000.04,188.15,23.96,26.10,0.8433,-1,-1,-1
190,-1,864.34,250.44,31.34,29.89,0.8196,-1,-1,-1
190,-1,723.34,340.65,17.63,17.77,0.8089,-1,-1,-1
190,-1,919.40,293.23,18.99,19.56,0.7236,-1,-1,-1
190,-1,574.79,310.10,16.75,14.68,0.6967,-1,-1,-1
190,-1,896.34,257.55,16.27,12.68,0.5997,-1,-1,-1
190,-1,645.94,208.93,22.54,49.68,0.5552,-1,-1,-1
190,-1,646.09,209.36,22.49,48.79,0.5454,-1,-1,-1
190,-1,242.21,361.53,20.34,13.81,0.2927,-1,-1,-1
190,-1,242.18,361.50,20.03,13.77,0.2902,-1,-1,-1
190,-1,920.89,204.21,32.72,53.07,0.2765,-1,-1,-1
191,-1,651.84,131.56,72.93,76.53,0.9275,-1,-1,-1
191,-1,542.99,228.07,64.90,33.69,0.9196,-1,-1,-1
191,-1,966.65,269.78,38.95,48.42,0.9182,-1,-1,-1
191,-1,801.46,232.95,45.03,40.62,0.9008,-1,-1,-1
191,-1,531.89,184.45,75.15,103.54,0.8976,-1,-1,-1
191,-1,713.43,235.60,29.93,22.03,0.8927,-1,-1,-1
191,-1,355.22,345.65,37.66,20.23,0.8893,-1,-1,-1
191,-1,645.55,182.62,40.47,61.85,0.8857,-1,-1,-1
191,-1,588.06,304.94,26.84,24.77,0.8854,-1,-1,-1
191,-1,366.64,326.08,30.23,24.66,0.8780,-1,-1,-1
191,-1,883.86,344.99,20.77,14.68,0.8764,-1,-1,-1
191,-1,849.76,252.61,30.04,29.38,0.8651,-1,-1,-1
191,-1,562.14,153.59,47.53,52.39,0.8617,-1,-1,-1
191,-1,981.31,191.93,31.48,24.18,0.8552,-1,-1,-1
191,-1,711.53,340.64,17.44,17.94,0.7646,-1,-1,-1
191,-1,916.63,290.37,30.77,22.06,0.7628,-1,-1,-1
191,-1,564.49,310.40,16.75,14.26,0.7481,-1,-1,-1
191,-1,903.36,293.85,18.39,19.49,0.6520,-1,-1,-1
191,-1,878.85,259.32,18.58,12.99,0.5995,-1,-1,-1
191,-1,633.92,210.59,22.34,47.71,0.5442,-1,-1,-1
191,-1,634.08,210.90,22.30,47.36,0.4747,-1,-1,-1
191,-1,228.83,361.94,20.51,13.50,0.4096,-1,-1,-1
191,-1,1000.66,343.92,22.83,13.52,0.3156,-1,-1,-1
191,-1,270.83,322.99,15.83,17.41,0.2558,-1,-1,-1
192,-1,638.72,132.62,73.36,76.73,0.9375,-1,-1,-1
192,-1,519.65,184.55,76.03,105.61,0.9237,-1,-1,-1
192,-1,532.46,228.38,65.57,33.86,0.9190,-1,-1,-1
192,-1,948.65,271.47,37.94,47.49,0.9091,-1,-1,-1
192,-1,700.96,236.74,29.54,21.57,0.8997,-1,-1,-1
192,-1,550.31,154.88,49.13,50.93,0.8891,-1,-1,-1
192,-1,787.63,232.96,45.00,41.23,0.8888,-1,-1,-1
192,-1,355.27,325.37,30.73,25.45,0.8871,-1,-1,-1
192,-1,343.02,345.46,38.61,20.29,0.8847,-1,-1,-1
192,-1,576.81,305.21,26.79,24.60,0.8824,-1,-1,-1
192,-1,868.34,345.41,20.17,14.38,0.8750,-1,-1,-1
192,-1,835.34,254.21,29.14,28.40,0.8693,-1,-1,-1
192,-1,633.44,183.76,39.93,59.49,0.8667,-1,-1,-1
192,-1,963.72,194.80,29.43,23.41,0.8573,-1,-1,-1
192,-1,553.55,311.22,16.59,13.57,0.7150,-1,-1,-1
192,-1,899.78,291.33,28.50,21.95,0.7071,-1,-1,-1
192,-1,888.37,209.08,29.52,52.74,0.6893,-1,-1,-1
192,-1,699.71,340.85,17.26,17.73,0.6719,-1,-1,-1
192,-1,864.03,260.35,18.63,13.44,0.6324,-1,-1,-1
192,-1,887.62,294.77,19.24,19.32,0.6178,-1,-1,-1
192,-1,621.71,210.58,22.23,48.40,0.6087,-1,-1,-1
192,-1,632.07,330.48,15.89,13.53,0.4544,-1,-1,-1
192,-1,981.97,343.63,30.18,13.98,0.3585,-1,-1,-1
192,-1,621.60,210.58,22.34,48.06,0.3439,-1,-1,-1
192,-1,215.87,361.35,21.33,13.90,0.2857,-1,-1,-1
192,-1,682.53,311.93,20.45,16.14,0.2813,-1,-1,-1
193,-1,523.43,228.21,64.41,33.65,0.9275,-1,-1,-1
193,-1,935.97,272.62,36.74,47.21,0.9173,-1,-1,-1
193,-1,629.50,133.24,73.11,76.47,0.9172,-1,-1,-1
193,-1,511.26,184.65,75.49,106.61,0.9074,-1,-1,-1
193,-1,777.59,234.99,44.88,40.62,0.8984,-1,-1,-1
193,-1,691.77,237.02,28.99,21.77,0.8942,-1,-1,-1
193,-1,346.63,324.68,31.06,25.47,0.8932,-1,-1,-1
193,-1,334.56,344.69,38.52,20.70,0.8878,-1,-1,-1
193,-1,542.14,154.88,49.18,50.95,0.8839,-1,-1,-1
193,-1,568.37,305.06,26.03,24.68,0.8766,-1,-1,-1
193,-1,857.11,345.66,20.02,14.13,0.8721,-1,-1,-1
193,-1,949.57,196.99,29.74,24.09,0.8714,-1,-1,-1
193,-1,624.51,184.28,39.85,60.65,0.8492,-1,-1,-1
193,-1,824.92,254.39,28.43,29.51,0.8356,-1,-1,-1
193,-1,1008.00,275.64,16.00,24.17,0.8176,-1,-1,-1
193,-1,888.18,293.04,26.74,20.82,0.7252,-1,-1,-1
193,-1,623.30,330.21,16.37,13.52,0.7091,-1,-1,-1
193,-1,613.30,210.54,21.78,49.05,0.7049,-1,-1,-1
193,-1,545.66,310.57,16.59,13.91,0.6912,-1,-1,-1
193,-1,968.87,344.22,28.84,13.48,0.5609,-1,-1,-1
193,-1,248.85,322.11,16.04,15.55,0.5249,-1,-1,-1
193,-1,613.33,209.73,21.39,49.72,0.5139,-1,-1,-1
193,-1,690.89,340.89,16.83,17.60,0.4961,-1,-1,-1
193,-1,876.30,295.34,17.56,19.45,0.4793,-1,-1,-1
193,-1,853.06,262.33,17.05,12.19,0.4475,-1,-1,-1
193,-1,205.38,361.07,20.39,13.62,0.3755,-1,-1,-1
193,-1,205.38,360.73,21.66,13.92,0.3320,-1,-1,-1
193,-1,674.18,311.82,20.21,16.30,0.3154,-1,-1,-1
194,-1,619.54,134.73,72.52,76.06,0.9329,-1,-1,-1
194,-1,501.07,184.94,75.67,104.96,0.9186,-1,-1,-1
194,-1,512.73,228.67,64.91,33.60,0.9184,-1,-1,-1
194,-1,920.58,273.52,36.17,46.95,0.9091,-1,-1,-1
194,-1,990.74,274.66,33.26,27.11,0.8980,-1,-1,-1
194,-1,766.13,235.95,43.92,39.47,0.8937,-1,-1,-1
194,-1,680.74,237.91,28.98,21.58,0.8903,-1,-1,-1
194,-1,324.50,344.95,38.67,20.71,0.8900,-1,-1,-1
194,-1,531.71,155.80,48.99,50.86,0.8855,-1,-1,-1
194,-1,336.79,325.04,30.73,25.38,0.8779,-1,-1,-1
194,-1,558.01,305.30,26.20,24.74,0.8761,-1,-1,-1
194,-1,844.23,346.05,19.40,13.95,0.8732,-1,-1,-1
194,-1,614.51,184.98,39.36,61.61,0.8596,-1,-1,-1
194,-1,935.27,199.49,27.83,22.90,0.8575,-1,-1,-1
194,-1,812.17,256.14,28.56,28.16,0.7914,-1,-1,-1
194,-1,536.86,310.59,16.31,14.43,0.7627,-1,-1,-1
194,-1,613.04,330.71,16.99,13.46,0.7607,-1,-1,-1
194,-1,874.50,293.26,26.30,21.61,0.7161,-1,-1,-1
194,-1,237.62,321.82,16.19,15.36,0.5993,-1,-1,-1
194,-1,681.05,340.81,16.80,17.84,0.5898,-1,-1,-1
194,-1,602.65,211.58,21.80,47.73,0.5748,-1,-1,-1
194,-1,602.58,211.57,22.08,47.81,0.5277,-1,-1,-1
194,-1,863.10,297.05,17.49,18.38,0.5221,-1,-1,-1
194,-1,953.30,344.57,28.54,13.39,0.4059,-1,-1,-1
194,-1,840.70,263.02,15.82,12.41,0.4000,-1,-1,-1
194,-1,193.39,361.00,20.94,14.19,0.3314,-1,-1,-1
194,-1,863.72,212.68,29.62,51.54,0.3008,-1,-1,-1
195,-1,607.00,135.37,72.64,76.35,0.9229,-1,-1,-1
195,-1,972.17,275.65,51.83,27.25,0.9181,-1,-1,-1
195,-1,904.45,275.47,35.62,45.68,0.9125,-1,-1,-1
195,-1,502.13,228.87,64.85,33.52,0.9119,-1,-1,-1
195,-1,489.44,184.92,75.49,104.54,0.9115,-1,-1,-1
195,-1,753.69,238.44,42.75,37.99,0.8969,-1,-1,-1
195,-1,668.95,238.75,28.34,21.54,0.8918,-1,-1,-1
195,-1,312.27,344.71,39.77,20.87,0.8895,-1,-1,-1
195,-1,325.16,324.32,31.54,25.86,0.8869,-1,-1,-1
195,-1,546.93,305.43,26.26,24.59,0.8771,-1,-1,-1
195,-1,521.29,155.78,49.96,52.56,0.8758,-1,-1,-1
195,-1,798.65,257.39,27.47,28.13,0.8675,-1,-1,-1
195,-1,830.16,346.52,18.80,13.70,0.8621,-1,-1,-1
195,-1,591.26,211.55,21.68,46.94,0.8564,-1,-1,-1
195,-1,918.62,202.02,27.06,22.24,0.8450,-1,-1,-1
195,-1,601.80,330.58,17.30,13.52,0.8320,-1,-1,-1
195,-1,602.84,185.55,38.85,59.98,0.8235,-1,-1,-1
195,-1,859.31,294.07,24.45,21.42,0.7895,-1,-1,-1
195,-1,669.85,341.39,16.75,17.35,0.6755,-1,-1,-1
195,-1,526.11,311.07,16.34,13.55,0.6640,-1,-1,-1
195,-1,848.87,297.40,16.76,19.16,0.4205,-1,-1,-1
195,-1,179.96,361.41,19.18,13.78,0.4141,-1,-1,-1
195,-1,224.57,321.49,16.49,15.15,0.4115,-1,-1,-1
196,-1,596.84,136.07,71.87,76.33,0.9297,-1,-1,-1
196,-1,491.58,228.98,64.54,33.45,0.9225,-1,-1,-1
196,-1,955.88,276.97,62.76,27.02,0.9147,-1,-1,-1
196,-1,889.84,276.70,34.40,44.92,0.9119,-1,-1,-1
196,-1,479.16,184.81,75.45,103.57,0.9071,-1,-1,-1
196,-1,314.41,324.06,31.52,26.13,0.8937,-1,-1,-1
196,-1,741.72,238.12,42.29,39.87,0.8885,-1,-1,-1
196,-1,301.26,344.42,40.39,21.16,0.8876,-1,-1,-1
196,-1,657.23,239.10,28.41,21.67,0.8851,-1,-1,-1
196,-1,510.66,155.93,49.35,52.75,0.8765,-1,-1,-1
196,-1,817.13,346.63,18.72,13.53,0.8756,-1,-1,-1
196,-1,535.36,305.52,27.04,25.23,0.8749,-1,-1,-1
196,-1,903.55,204.39,26.60,21.57,0.8592,-1,-1,-1
196,-1,591.32,330.75,17.87,13.57,0.8497,-1,-1,-1
196,-1,787.22,258.37,26.02,28.49,0.8447,-1,-1,-1
196,-1,580.56,211.65,21.91,49.25,0.8233,-1,-1,-1
196,-1,589.59,186.95,41.16,61.70,0.8060,-1,-1,-1
196,-1,846.79,294.95,23.02,21.24,0.7735,-1,-1,-1
196,-1,516.63,310.17,16.65,14.75,0.7375,-1,-1,-1
196,-1,212.40,320.85,16.64,15.16,0.7262,-1,-1,-1
196,-1,999.31,298.52,16.27,19.01,0.6820,-1,-1,-1
196,-1,836.61,216.53,27.15,49.36,0.5400,-1,-1,-1
196,-1,166.12,360.19,25.01,14.90,0.4898,-1,-1,-1
196,-1,921.43,345.65,26.07,12.69,0.3231,-1,-1,-1
196,-1,835.06,297.63,17.17,19.16,0.3223,-1,-1,-1
196,-1,659.49,341.48,16.33,17.34,0.3214,-1,-1,-1
197,-1,586.75,136.79,71.44,76.18,0.9321,-1,-1,-1
197,-1,480.91,228.87,64.97,33.36,0.9200,-1,-1,-1
197,-1,469.25,184.61,74.79,105.33,0.9182,-1,-1,-1
197,-1,940.64,278.46,61.62,26.55,0.9142,-1,-1,-1
197,-1,876.65,277.52,33.18,44.78,0.9054,-1,-1,-1
197,-1,290.94,344.36,40.48,21.08,0.8965,-1,-1,-1
197,-1,730.94,238.17,41.39,40.01,0.8956,-1,-1,-1
197,-1,303.35,323.62,32.30,26.38,0.8869,-1,-1,-1
197,-1,647.44,239.81,27.73,21.44,0.8861,-1,-1,-1
197,-1,500.96,156.44,47.81,51.31,0.8796,-1,-1,-1
197,-1,525.92,305.42,26.40,25.42,0.8700,-1,-1,-1
197,-1,581.48,330.78,18.26,13.55,0.8636,-1,-1,-1
197,-1,805.28,346.88,18.17,13.47,0.8601,-1,-1,-1
197,-1,888.89,206.34,26.69,21.30,0.8556,-1,-1,-1
197,-1,582.55,187.13,38.42,59.88,0.8479,-1,-1,-1
197,-1,776.81,259.44,24.53,26.26,0.7985,-1,-1,-1
197,-1,507.46,310.07,16.53,15.13,0.7906,-1,-1,-1
197,-1,200.68,320.50,16.83,14.94,0.7242,-1,-1,-1
197,-1,834.32,295.56,22.19,20.93,0.7044,-1,-1,-1
197,-1,153.36,360.39,24.50,14.45,0.6816,-1,-1,-1
197,-1,649.79,341.30,16.64,17.45,0.6289,-1,-1,-1
197,-1,570.56,212.44,22.13,47.97,0.6109,-1,-1,-1
197,-1,570.49,212.29,22.41,48.30,0.6098,-1,-1,-1
197,-1,983.71,299.71,15.19,18.94,0.5807,-1,-1,-1
197,-1,907.19,346.05,25.97,12.51,0.4123,-1,-1,-1
197,-1,823.43,297.75,21.47,19.86,0.3723,-1,-1,-1
197,-1,801.25,266.12,21.31,12.51,0.2734,-1,-1,-1
198,-1,577.83,137.18,71.56,76.19,0.9323,-1,-1,-1
198,-1,472.26,228.79,64.16,33.33,0.9199,-1,-1,-1
198,-1,460.57,184.26,74.19,104.89,0.9192,-1,-1,-1
198,-1,928.37,279.52,59.79,25.93,0.9135,-1,-1,-1
198,-1,721.95,239.77,40.55,38.76,0.8994,-1,-1,-1
198,-1,280.97,344.09,41.87,21.30,0.8936,-1,-1,-1
198,-1,294.12,322.70,32.78,26.94,0.8856,-1,-1,-1
198,-1,638.44,240.33,27.45,21.21,0.8849,-1,-1,-1
198,-1,492.51,156.24,47.06,51.97,0.8827,-1,-1,-1
198,-1,516.59,305.40,27.24,25.26,0.8807,-1,-1,-1
198,-1,864.79,278.40,32.04,44.29,0.8753,-1,-1,-1
198,-1,572.81,330.88,18.56,13.45,0.8730,-1,-1,-1
198,-1,794.97,347.11,17.94,13.30,0.8628,-1,-1,-1
198,-1,878.14,207.81,25.20,22.12,0.8581,-1,-1,-1
198,-1,823.13,296.36,22.72,20.65,0.8215,-1,-1,-1
198,-1,572.92,187.19,39.02,64.48,0.7862,-1,-1,-1
198,-1,499.28,310.20,16.78,14.99,0.7801,-1,-1,-1
198,-1,766.57,260.12,24.62,27.33,0.7550,-1,-1,-1
198,-1,561.50,212.59,21.55,47.08,0.6777,-1,-1,-1
198,-1,189.65,319.63,17.18,16.82,0.6691,-1,-1,-1
198,-1,641.30,341.19,16.59,17.61,0.5319,-1,-1,-1
198,-1,141.80,359.96,24.95,15.09,0.4936,-1,-1,-1
198,-1,813.13,298.05,16.36,19.52,0.2536,-1,-1,-1
199,-1,569.48,137.42,71.32,76.42,0.9307,-1,-1,-1
199,-1,464.11,228.65,64.26,33.49,0.9186,-1,-1,-1
199,-1,916.36,280.79,58.81,25.34,0.9153,-1,-1,-1
199,-1,452.59,183.88,73.79,105.75,0.9018,-1,-1,-1
199,-1,854.81,279.39,31.36,43.66,0.8959,-1,-1,-1
199,-1,272.32,344.02,41.94,21.38,0.8935,-1,-1,-1
199,-1,713.54,241.21,40.18,37.60,0.8923,-1,-1,-1
199,-1,285.04,322.69,33.56,26.88,0.8863,-1,-1,-1
199,-1,629.98,240.73,27.51,21.28,0.8859,-1,-1,-1
199,-1,508.84,305.42,26.95,25.04,0.8815,-1,-1,-1
199,-1,484.24,156.31,47.86,51.14,0.8643,-1,-1,-1
199,-1,785.66,347.18,17.76,13.27,0.8557,-1,-1,-1
199,-1,867.30,209.40,24.87,21.49,0.8555,-1,-1,-1
199,-1,564.79,187.34,38.97,59.20,0.8536,-1,-1,-1
199,-1,756.62,260.81,25.65,27.75,0.8445,-1,-1,-1
199,-1,564.99,331.05,18.82,13.44,0.8348,-1,-1,-1
199,-1,492.12,310.50,16.38,14.64,0.7529,-1,-1,-1
199,-1,179.76,319.40,16.91,17.03,0.7462,-1,-1,-1
199,-1,812.62,296.05,23.78,21.37,0.7420,-1,-1,-1
199,-1,553.65,212.63,21.46,47.45,0.6617,-1,-1,-1
199,-1,130.83,360.28,23.65,14.84,0.5846,-1,-1,-1
199,-1,633.59,341.29,16.64,17.62,0.5626,-1,-1,-1
199,-1,957.07,301.33,14.94,18.26,0.4813,-1,-1,-1
199,-1,553.59,212.42,21.24,47.57,0.3953,-1,-1,-1
199,-1,884.30,346.10,24.62,12.65,0.3872,-1,-1,-1
199,-1,805.76,225.25,23.34,42.25,0.2739,-1,-1,-1
200,-1,440.82,183.21,74.54,105.27,0.9191,-1,-1,-1
200,-1,452.83,228.57,64.61,33.30,0.9181,-1,-1,-1
200,-1,899.87,282.01,57.46,25.15,0.9134,-1,-1,-1
200,-1,259.33,343.66,42.61,21.71,0.9062,-1,-1,-1
200,-1,558.16,138.05,70.91,76.38,0.9030,-1,-1,-1
200,-1,840.26,280.34,30.87,43.35,0.9017,-1,-1,-1
200,-1,618.86,241.19,26.54,21.29,0.8931,-1,-1,-1
200,-1,498.41,305.49,25.93,24.47,0.8892,-1,-1,-1
200,-1,473.57,156.31,47.17,51.93,0.8886,-1,-1,-1
200,-1,272.80,322.13,33.24,27.17,0.8786,-1,-1,-1
200,-1,700.24,238.07,40.84,42.35,0.8597,-1,-1,-1
200,-1,744.37,262.32,24.89,26.25,0.8572,-1,-1,-1
200,-1,852.00,211.53,24.19,21.18,0.8549,-1,-1,-1
200,-1,553.52,331.19,19.69,13.22,0.8535,-1,-1,-1
200,-1,553.76,187.56,38.43,58.59,0.8490,-1,-1,-1
200,-1,772.60,347.48,17.57,13.08,0.8328,-1,-1,-1
200,-1,165.10,320.34,17.86,14.35,0.7797,-1,-1,-1
200,-1,481.61,310.39,16.09,14.19,0.7244,-1,-1,-1
200,-1,542.25,213.15,21.64,45.89,0.7148,-1,-1,-1
200,-1,799.57,298.10,22.37,19.70,0.6865,-1,-1,-1
200,-1,115.15,359.74,26.22,15.41,0.5558,-1,-1,-1
200,-1,869.31,346.24,23.50,12.69,0.3690,-1,-1,-1
200,-1,622.83,341.41,16.60,17.45,0.3647,-1,-1,-1
201,-1,444.06,227.60,65.78,33.12,0.9278,-1,-1,-1
201,-1,888.78,282.69,55.71,24.84,0.9147,-1,-1,-1
201,-1,548.76,136.94,72.12,76.65,0.9059,-1,-1,-1
201,-1,829.75,280.89,30.49,42.72,0.9040,-1,-1,-1
201,-1,249.52,342.38,42.82,21.71,0.8992,-1,-1,-1
201,-1,432.85,182.02,75.04,106.10,0.8910,-1,-1,-1
201,-1,490.09,304.46,25.87,24.49,0.8902,-1,-1,-1
201,-1,610.55,240.76,26.37,21.24,0.8889,-1,-1,-1
201,-1,465.23,155.53,47.11,51.31,0.8769,-1,-1,-1
201,-1,263.28,321.48,33.86,26.59,0.8720,-1,-1,-1
201,-1,692.04,240.79,40.30,40.48,0.8718,-1,-1,-1
201,-1,841.39,212.44,24.35,20.88,0.8620,-1,-1,-1
201,-1,102.88,358.09,27.77,15.51,0.8616,-1,-1,-1
201,-1,735.06,262.36,24.74,26.35,0.8551,-1,-1,-1
201,-1,545.42,330.54,20.01,13.11,0.8505,-1,-1,-1
201,-1,545.76,187.10,38.17,58.42,0.8431,-1,-1,-1
201,-1,763.17,347.17,17.00,13.15,0.8344,-1,-1,-1
201,-1,534.19,211.06,21.56,48.41,0.8311,-1,-1,-1
201,-1,154.28,318.30,18.02,15.34,0.7743,-1,-1,-1
201,-1,790.00,297.66,24.44,20.40,0.7458,-1,-1,-1
201,-1,473.93,309.11,15.69,14.73,0.7360,-1,-1,-1
201,-1,614.99,341.38,16.40,16.77,0.3774,-1,-1,-1
201,-1,927.59,302.94,14.47,17.27,0.3376,-1,-1,-1
201,-1,858.56,345.90,24.00,12.71,0.2876,-1,-1,-1
201,-1,782.83,228.22,22.49,41.88,0.2675,-1,-1,-1
202,-1,541.09,138.20,71.14,76.26,0.9335,-1,-1,-1
202,-1,435.62,228.03,65.53,33.13,0.9236,-1,-1,-1
202,-1,877.28,283.35,55.00,24.59,0.9196,-1,-1,-1
202,-1,423.46,181.92,75.29,106.10,0.9031,-1,-1,-1
202,-1,240.18,343.10,43.64,21.74,0.8993,-1,-1,-1
202,-1,819.49,281.58,30.15,42.56,0.8928,-1,-1,-1
202,-1,481.37,305.06,26.45,24.47,0.8863,-1,-1,-1
202,-1,601.19,241.63,27.02,20.97,0.8849,-1,-1,-1
202,-1,456.23,155.47,50.73,52.69,0.8832,-1,-1,-1
202,-1,536.85,187.71,38.37,58.73,0.8824,-1,-1,-1
202,-1,253.60,322.11,34.46,26.61,0.8769,-1,-1,-1
202,-1,684.38,242.83,38.86,37.61,0.8742,-1,-1,-1
202,-1,537.21,330.93,20.57,13.09,0.8553,-1,-1,-1
202,-1,831.74,213.44,23.48,21.15,0.8531,-1,-1,-1
202,-1,753.89,347.23,17.25,13.11,0.8327,-1,-1,-1
202,-1,525.59,211.69,21.51,48.82,0.8251,-1,-1,-1
202,-1,143.47,318.55,18.63,14.69,0.7941,-1,-1,-1
202,-1,726.16,262.58,24.03,26.58,0.7822,-1,-1,-1
202,-1,780.77,298.72,20.87,19.83,0.7500,-1,-1,-1
202,-1,771.50,225.25,23.33,45.63,0.5208,-1,-1,-1
202,-1,915.45,303.35,14.90,17.71,0.4422,-1,-1,-1
202,-1,91.46,358.98,28.07,15.77,0.4182,-1,-1,-1
202,-1,607.41,341.14,16.20,17.48,0.4045,-1,-1,-1
202,-1,91.47,359.06,27.91,15.71,0.3869,-1,-1,-1
202,-1,771.41,298.76,19.74,19.94,0.3404,-1,-1,-1
202,-1,466.05,309.37,15.10,14.76,0.2993,-1,-1,-1
203,-1,424.80,227.71,65.90,33.32,0.9294,-1,-1,-1
203,-1,531.34,138.23,70.73,76.39,0.9235,-1,-1,-1
203,-1,864.33,284.51,54.08,24.34,0.9084,-1,-1,-1
203,-1,228.76,343.12,44.64,21.98,0.9031,-1,-1,-1
203,-1,807.53,282.20,29.53,42.58,0.8990,-1,-1,-1
203,-1,413.35,181.94,76.15,104.54,0.8935,-1,-1,-1
203,-1,446.26,155.52,49.08,52.23,0.8926,-1,-1,-1
203,-1,242.72,321.97,34.73,26.95,0.8865,-1,-1,-1
203,-1,470.53,305.15,26.99,25.17,0.8847,-1,-1,-1
203,-1,591.46,242.27,26.69,20.52,0.8818,-1,-1,-1
203,-1,673.71,242.96,39.73,39.00,0.8713,-1,-1,-1
203,-1,527.54,331.14,20.92,13.08,0.8491,-1,-1,-1
203,-1,819.05,215.07,23.30,20.82,0.8473,-1,-1,-1
203,-1,525.30,188.17,40.00,60.01,0.8470,-1,-1,-1
203,-1,743.11,347.76,16.97,13.01,0.8144,-1,-1,-1
203,-1,716.25,263.51,23.33,26.43,0.8073,-1,-1,-1
203,-1,130.20,318.55,18.94,14.64,0.8024,-1,-1,-1
203,-1,769.12,298.88,26.02,20.02,0.8016,-1,-1,-1
203,-1,515.38,213.00,21.81,47.67,0.7587,-1,-1,-1
203,-1,761.05,225.62,22.67,45.55,0.7492,-1,-1,-1
203,-1,76.57,359.68,27.02,15.60,0.6095,-1,-1,-1
203,-1,598.04,341.60,16.39,17.22,0.4274,-1,-1,-1
203,-1,836.08,346.28,23.14,12.88,0.3978,-1,-1,-1
203,-1,515.43,212.79,21.37,47.60,0.3110,-1,-1,-1
204,-1,519.76,137.70,71.79,76.32,0.9291,-1,-1,-1
204,-1,413.86,226.80,65.62,33.42,0.9248,-1,-1,-1
204,-1,849.70,285.42,52.52,24.12,0.9116,-1,-1,-1
204,-1,402.09,180.05,75.87,106.60,0.9103,-1,-1,-1
204,-1,214.93,341.59,45.62,22.24,0.9092,-1,-1,-1
204,-1,794.24,283.20,28.56,41.81,0.8983,-1,-1,-1
204,-1,580.67,241.65,26.05,21.18,0.8852,-1,-1,-1
204,-1,459.12,304.27,27.51,25.20,0.8833,-1,-1,-1
204,-1,228.88,319.85,35.84,27.70,0.8806,-1,-1,-1
204,-1,434.55,154.70,48.78,52.11,0.8731,-1,-1,-1
204,-1,516.45,330.67,21.65,13.08,0.8653,-1,-1,-1
204,-1,659.18,239.19,41.95,42.08,0.8535,-1,-1,-1
204,-1,805.69,216.79,22.77,20.17,0.8520,-1,-1,-1
204,-1,114.41,316.34,19.18,15.68,0.8327,-1,-1,-1
204,-1,704.01,264.07,24.43,25.66,0.8149,-1,-1,-1
204,-1,730.91,347.49,16.76,12.98,0.7865,-1,-1,-1
204,-1,510.83,187.34,43.49,65.59,0.7571,-1,-1,-1
204,-1,756.84,299.05,24.11,20.33,0.7552,-1,-1,-1
204,-1,59.08,357.90,29.96,15.85,0.7042,-1,-1,-1
204,-1,504.03,211.06,21.87,48.36,0.5912,-1,-1,-1
204,-1,170.86,282.99,18.43,12.78,0.3672,-1,-1,-1
204,-1,748.89,228.96,22.09,42.78,0.2877,-1,-1,-1
205,-1,508.81,138.14,71.47,76.72,0.9345,-1,-1,-1
205,-1,402.34,226.80,65.19,33.53,0.9333,-1,-1,-1
205,-1,201.73,341.98,46.67,22.56,0.9116,-1,-1,-1
205,-1,835.38,286.83,51.83,23.48,0.9056,-1,-1,-1
205,-1,781.33,284.09,28.48,41.48,0.8952,-1,-1,-1
205,-1,447.85,304.61,27.75,25.69,0.8936,-1,-1,-1
205,-1,569.60,242.37,26.11,20.86,0.8805,-1,-1,-1
205,-1,505.21,187.74,37.80,59.46,0.8781,-1,-1,-1
205,-1,389.69,179.43,76.72,105.75,0.8751,-1,-1,-1
205,-1,215.75,319.99,36.70,27.76,0.8740,-1,-1,-1
205,-1,423.46,154.40,49.08,52.62,0.8689,-1,-1,-1
205,-1,651.40,243.54,39.02,38.67,0.8606,-1,-1,-1
205,-1,505.51,331.12,22.62,13.01,0.8549,-1,-1,-1
205,-1,791.70,218.25,23.67,20.32,0.8366,-1,-1,-1
205,-1,493.16,211.67,22.00,48.00,0.8323,-1,-1,-1
205,-1,98.84,316.39,19.50,14.84,0.8291,-1,-1,-1
205,-1,692.34,265.02,23.79,25.81,0.8177,-1,-1,-1
205,-1,719.15,348.06,16.53,12.82,0.7274,-1,-1,-1
205,-1,744.78,299.94,20.00,19.88,0.6670,-1,-1,-1
205,-1,41.94,358.60,30.27,15.93,0.6472,-1,-1,-1
205,-1,736.34,229.23,21.94,43.35,0.6451,-1,-1,-1
205,-1,736.67,299.90,21.89,20.10,0.3326,-1,-1,-1
205,-1,41.73,358.35,30.88,15.97,0.3085,-1,-1,-1
205,-1,156.68,282.79,17.91,12.23,0.2830,-1,-1,-1
206,-1,392.37,226.72,65.22,33.70,0.9387,-1,-1,-1
206,-1,499.18,138.24,71.76,77.05,0.9164,-1,-1,-1
206,-1,189.78,342.44,47.35,22.51,0.9084,-1,-1,-1
206,-1,824.48,287.41,50.07,23.30,0.9051,-1,-1,-1
206,-1,438.15,304.77,27.87,25.41,0.8891,-1,-1,-1
206,-1,770.73,284.74,27.23,41.34,0.8889,-1,-1,-1
206,-1,204.34,320.19,37.30,28.25,0.8862,-1,-1,-1
206,-1,413.89,154.69,49.14,52.05,0.8858,-1,-1,-1
206,-1,560.39,242.73,25.74,20.81,0.8771,-1,-1,-1
206,-1,379.80,179.77,77.68,101.16,0.8739,-1,-1,-1
206,-1,494.78,188.14,39.17,59.43,0.8667,-1,-1,-1
206,-1,496.41,331.19,23.07,13.08,0.8616,-1,-1,-1
206,-1,781.42,219.74,21.78,19.44,0.8498,-1,-1,-1
206,-1,642.08,243.39,38.19,39.17,0.8410,-1,-1,-1
206,-1,682.96,265.93,22.78,24.88,0.8409,-1,-1,-1
206,-1,734.43,300.63,19.07,19.56,0.8043,-1,-1,-1
206,-1,483.66,213.08,21.77,47.28,0.7895,-1,-1,-1
206,-1,85.13,316.89,20.14,16.45,0.7729,-1,-1,-1
206,-1,709.31,348.00,16.53,12.81,0.7123,-1,-1,-1
206,-1,724.97,231.09,22.63,42.87,0.4946,-1,-1,-1
206,-1,27.26,359.40,27.64,16.12,0.4077,-1,-1,-1
206,-1,27.15,359.19,30.07,16.32,0.3003,-1,-1,-1
207,-1,489.47,138.17,71.46,77.03,0.9306,-1,-1,-1
207,-1,382.36,226.23,65.44,33.77,0.9248,-1,-1,-1
207,-1,178.13,341.82,47.62,23.02,0.9139,-1,-1,-1
207,-1,812.98,288.05,48.95,23.08,0.9020,-1,-1,-1
207,-1,759.77,285.29,27.42,40.70,0.8916,-1,-1,-1
207,-1,428.19,304.44,27.98,25.55,0.8846,-1,-1,-1
207,-1,485.16,187.98,39.36,57.33,0.8827,-1,-1,-1
207,-1,192.82,319.04,37.58,28.92,0.8807,-1,-1,-1
207,-1,550.45,242.62,25.76,20.98,0.8759,-1,-1,-1
207,-1,403.78,153.83,49.16,52.61,0.8756,-1,-1,-1
207,-1,369.63,178.36,77.78,106.14,0.8745,-1,-1,-1
207,-1,486.97,331.23,23.78,13.06,0.8654,-1,-1,-1
207,-1,769.99,220.70,22.16,19.64,0.8487,-1,-1,-1
207,-1,70.56,316.30,21.01,14.97,0.8351,-1,-1,-1
207,-1,625.52,239.80,45.52,42.97,0.8197,-1,-1,-1
207,-1,724.28,301.74,19.05,18.43,0.7726,-1,-1,-1
207,-1,672.99,266.46,23.00,24.83,0.7509,-1,-1,-1
207,-1,699.51,347.95,16.06,12.83,0.6829,-1,-1,-1
207,-1,473.77,212.33,21.81,47.69,0.6567,-1,-1,-1
207,-1,10.70,359.16,28.18,16.34,0.5283,-1,-1,-1
207,-1,715.93,230.24,21.49,43.74,0.5175,-1,-1,-1
207,-1,473.82,212.22,21.85,47.84,0.4829,-1,-1,-1
207,-1,10.57,359.27,29.16,16.17,0.3254,-1,-1,-1
208,-1,478.46,137.79,72.19,77.61,0.9347,-1,-1,-1
208,-1,371.63,225.67,66.92,34.07,0.9321,-1,-1,-1
208,-1,164.07,341.74,48.99,23.11,0.9077,-1,-1,-1
208,-1,800.67,289.06,47.96,22.88,0.9006,-1,-1,-1
208,-1,748.35,285.81,26.45,40.68,0.8978,-1,-1,-1
208,-1,417.58,304.37,28.12,25.90,0.8920,-1,-1,-1
208,-1,540.30,242.76,25.38,20.92,0.8883,-1,-1,-1
208,-1,179.20,319.75,39.02,28.11,0.8830,-1,-1,-1
208,-1,393.13,152.78,49.76,53.89,0.8666,-1,-1,-1
208,-1,358.18,177.10,78.80,104.09,0.8634,-1,-1,-1
208,-1,476.71,331.23,24.62,13.14,0.8628,-1,-1,-1
208,-1,758.83,222.00,21.07,20.21,0.8422,-1,-1,-1
208,-1,53.97,315.33,22.15,15.10,0.8387,-1,-1,-1
208,-1,622.33,244.31,37.83,38.93,0.8376,-1,-1,-1
208,-1,474.71,187.67,39.13,61.58,0.8169,-1,-1,-1
208,-1,712.58,300.66,24.97,20.13,0.7533,-1,-1,-1
208,-1,662.96,266.79,22.13,25.26,0.7460,-1,-1,-1
208,-1,463.38,211.79,21.76,47.78,0.6914,-1,-1,-1
208,-1,705.51,233.69,20.69,41.16,0.5685,-1,-1,-1
208,-1,0.00,360.19,18.45,15.42,0.3620,-1,-1,-1
208,-1,688.71,348.44,15.67,12.51,0.3606,-1,-1,-1
208,-1,0.00,358.48,26.06,16.85,0.2862,-1,-1,-1
208,-1,550.40,341.68,15.92,17.36,0.2737,-1,-1,-1
209,-1,359.88,223.90,68.84,33.79,0.9297,-1,-1,-1
209,-1,468.50,136.09,72.35,78.28,0.9219,-1,-1,-1
209,-1,788.52,289.48,46.73,22.67,0.9053,-1,-1,-1
209,-1,149.94,339.86,49.98,23.62,0.8993,-1,-1,-1
209,-1,406.59,303.15,28.56,25.64,0.8978,-1,-1,-1
209,-1,381.96,151.71,49.87,53.79,0.8923,-1,-1,-1
209,-1,736.69,286.19,25.99,40.30,0.8837,-1,-1,-1
209,-1,346.28,175.29,81.15,105.03,0.8834,-1,-1,-1
209,-1,165.30,317.50,39.60,28.75,0.8806,-1,-1,-1
209,-1,530.02,241.98,25.76,21.20,0.8783,-1,-1,-1
209,-1,452.87,211.29,22.06,47.55,0.8766,-1,-1,-1
209,-1,612.51,245.28,37.58,37.43,0.8687,-1,-1,-1
209,-1,466.30,330.51,25.13,13.03,0.8532,-1,-1,-1
209,-1,746.78,222.80,21.27,20.09,0.8485,-1,-1,-1
209,-1,37.10,313.06,22.28,15.22,0.8428,-1,-1,-1
209,-1,465.01,186.60,38.60,58.06,0.8404,-1,-1,-1
209,-1,702.03,302.56,18.30,18.05,0.7394,-1,-1,-1
209,-1,677.76,348.06,15.86,12.22,0.6279,-1,-1,-1
209,-1,692.46,232.18,22.57,42.83,0.4976,-1,-1,-1
209,-1,653.90,266.93,20.19,24.97,0.4270,-1,-1,-1
209,-1,657.58,267.05,16.67,21.41,0.3158,-1,-1,-1
210,-1,350.41,223.72,69.24,34.16,0.9338,-1,-1,-1
210,-1,459.24,136.13,72.57,78.57,0.9303,-1,-1,-1
210,-1,137.94,340.45,50.61,23.62,0.9098,-1,-1,-1
210,-1,777.58,290.32,46.53,22.26,0.9006,-1,-1,-1
210,-1,397.36,303.39,28.41,26.06,0.8911,-1,-1,-1
210,-1,372.58,151.30,50.03,53.20,0.8885,-1,-1,-1
210,-1,727.26,286.77,25.65,40.07,0.8864,-1,-1,-1
210,-1,153.30,317.28,40.56,29.21,0.8825,-1,-1,-1
210,-1,520.65,242.38,26.29,20.84,0.8814,-1,-1,-1
210,-1,336.86,175.42,80.35,112.06,0.8791,-1,-1,-1
210,-1,455.43,186.65,39.27,57.89,0.8647,-1,-1,-1
210,-1,457.21,330.91,25.95,12.94,0.8523,-1,-1,-1
210,-1,22.52,311.76,22.75,16.53,0.8480,-1,-1,-1
210,-1,736.81,223.64,20.95,19.28,0.8343,-1,-1,-1
210,-1,643.28,267.87,21.81,24.76,0.7960,-1,-1,-1
210,-1,682.89,232.23,22.48,42.99,0.7797,-1,-1,-1
210,-1,598.35,241.52,42.37,41.68,0.7599,-1,-1,-1
210,-1,692.97,302.44,23.93,18.15,0.7247,-1,-1,-1
210,-1,443.34,211.02,22.52,47.32,0.7209,-1,-1,-1
210,-1,443.42,210.37,22.05,47.75,0.3661,-1,-1,-1
210,-1,668.85,348.30,15.56,12.34,0.2857,-1,-1,-1
211,-1,340.52,223.77,67.86,34.18,0.9219,-1,-1,-1
211,-1,125.29,340.83,52.32,23.99,0.9088,-1,-1,-1
211,-1,767.95,291.01,45.20,22.17,0.9037,-1,-1,-1
211,-1,450.05,135.98,73.21,79.15,0.8996,-1,-1,-1
211,-1,326.57,174.52,81.18,108.95,0.8941,-1,-1,-1
211,-1,387.84,303.56,28.59,25.35,0.8913,-1,-1,-1
211,-1,717.91,287.54,24.94,39.69,0.8896,-1,-1,-1
211,-1,141.59,318.13,41.28,28.86,0.8880,-1,-1,-1
211,-1,362.93,151.56,50.67,52.44,0.8781,-1,-1,-1
211,-1,512.21,242.63,25.45,20.94,0.8780,-1,-1,-1
211,-1,595.99,246.78,35.89,37.33,0.8559,-1,-1,-1
211,-1,448.85,331.16,26.49,13.13,0.8503,-1,-1,-1
211,-1,7.88,312.76,23.73,15.72,0.8483,-1,-1,-1
211,-1,727.87,225.06,19.60,19.55,0.8343,-1,-1,-1
211,-1,443.32,187.25,42.59,60.92,0.8209,-1,-1,-1
211,-1,634.52,268.51,22.27,24.31,0.8025,-1,-1,-1
211,-1,434.24,211.25,22.60,47.73,0.7898,-1,-1,-1
211,-1,683.92,302.90,23.35,18.32,0.7413,-1,-1,-1
211,-1,660.00,348.47,15.77,12.59,0.4182,-1,-1,-1
211,-1,675.80,234.41,20.23,41.83,0.2920,-1,-1,-1
212,-1,441.17,136.30,73.28,78.70,0.9268,-1,-1,-1
212,-1,330.25,223.53,69.10,34.18,0.9203,-1,-1,-1
212,-1,758.55,291.63,45.35,22.03,0.9082,-1,-1,-1
212,-1,114.17,340.73,53.19,24.19,0.9054,-1,-1,-1
212,-1,317.50,174.39,81.19,113.61,0.8927,-1,-1,-1
212,-1,379.05,303.56,28.72,25.38,0.8910,-1,-1,-1
212,-1,709.05,288.18,25.23,39.36,0.8903,-1,-1,-1
212,-1,130.24,317.36,41.85,29.87,0.8902,-1,-1,-1
212,-1,503.85,242.78,25.76,21.17,0.8785,-1,-1,-1
212,-1,440.51,331.17,27.46,13.17,0.8693,-1,-1,-1
212,-1,587.70,245.09,36.58,38.92,0.8405,-1,-1,-1
212,-1,353.72,150.22,51.11,54.07,0.8348,-1,-1,-1
212,-1,626.51,268.74,22.23,24.45,0.8266,-1,-1,-1
212,-1,0.07,310.83,18.33,17.67,0.8205,-1,-1,-1
212,-1,718.88,225.76,19.96,19.11,0.8166,-1,-1,-1
212,-1,435.05,187.19,42.78,59.06,0.8124,-1,-1,-1
212,-1,675.55,302.60,23.72,19.03,0.7319,-1,-1,-1
212,-1,425.49,210.92,22.54,47.94,0.6473,-1,-1,-1
212,-1,425.37,210.62,22.56,48.16,0.6100,-1,-1,-1
212,-1,1015.45,304.84,8.55,18.22,0.5872,-1,-1,-1
212,-1,652.08,348.75,15.46,12.42,0.3211,-1,-1,-1
212,-1,59.04,277.86,24.08,11.71,0.2818,-1,-1,-1
212,-1,517.06,341.67,15.70,17.44,0.2709,-1,-1,-1
213,-1,427.69,134.05,74.01,80.04,0.9361,-1,-1,-1
213,-1,315.42,221.33,70.90,34.53,0.9197,-1,-1,-1
213,-1,94.36,338.83,55.27,24.83,0.9050,-1,-1,-1
213,-1,302.33,171.39,83.48,113.96,0.9048,-1,-1,-1
213,-1,743.90,292.07,44.45,21.79,0.9003,-1,-1,-1
213,-1,339.11,147.98,52.37,53.99,0.8924,-1,-1,-1
213,-1,364.43,302.35,29.19,25.54,0.8895,-1,-1,-1
213,-1,111.23,314.45,43.30,31.27,0.8876,-1,-1,-1
213,-1,490.57,242.17,26.02,20.84,0.8852,-1,-1,-1
213,-1,423.46,184.80,40.24,57.65,0.8834,-1,-1,-1
213,-1,695.14,288.40,24.39,39.09,0.8811,-1,-1,-1
213,-1,411.40,208.57,22.92,48.76,0.8661,-1,-1,-1
213,-1,574.35,245.21,36.66,39.07,0.8496,-1,-1,-1
213,-1,993.70,305.11,23.06,18.71,0.8490,-1,-1,-1
213,-1,704.48,226.41,19.54,19.00,0.8423,-1,-1,-1
213,-1,428.21,330.51,26.99,13.14,0.8293,-1,-1,-1
213,-1,662.45,303.01,17.40,18.46,0.7691,-1,-1,-1
213,-1,615.02,268.50,20.81,25.41,0.7116,-1,-1,-1
213,-1,40.12,273.47,22.01,12.85,0.4560,-1,-1,-1
213,-1,651.27,234.48,22.70,42.35,0.4332,-1,-1,-1
214,-1,302.50,220.19,70.90,35.21,0.9236,-1,-1,-1
214,-1,415.96,133.42,74.83,80.15,0.9192,-1,-1,-1
214,-1,77.62,338.41,56.65,25.13,0.9059,-1,-1,-1
214,-1,732.21,292.89,43.22,21.46,0.9050,-1,-1,-1
214,-1,352.43,302.11,29.44,25.25,0.9020,-1,-1,-1
214,-1,288.44,170.12,85.10,113.04,0.8922,-1,-1,-1
214,-1,683.81,288.69,24.04,39.00,0.8916,-1,-1,-1
214,-1,94.91,313.41,44.76,31.72,0.8858,-1,-1,-1
214,-1,479.65,241.77,25.35,21.09,0.8773,-1,-1,-1
214,-1,411.60,184.29,40.92,60.47,0.8724,-1,-1,-1
214,-1,327.04,147.03,51.94,54.54,0.8717,-1,-1,-1
214,-1,399.46,208.71,23.06,48.01,0.8537,-1,-1,-1
214,-1,417.31,330.27,27.46,13.19,0.8533,-1,-1,-1
214,-1,693.01,227.70,19.58,18.74,0.8412,-1,-1,-1
214,-1,565.11,243.12,35.87,41.14,0.8364,-1,-1,-1
214,-1,602.94,268.86,21.86,23.96,0.7310,-1,-1,-1
214,-1,976.35,306.11,22.74,18.13,0.7283,-1,-1,-1
214,-1,650.75,302.38,23.99,19.51,0.6410,-1,-1,-1
214,-1,413.96,316.49,15.53,14.21,0.5417,-1,-1,-1
214,-1,23.18,271.69,21.70,13.46,0.5220,-1,-1,-1
214,-1,494.91,341.36,16.05,17.09,0.2649,-1,-1,-1
215,-1,405.14,133.98,74.59,80.19,0.9264,-1,-1,-1
215,-1,290.33,220.50,71.81,35.20,0.9218,-1,-1,-1
215,-1,62.16,339.51,57.78,25.22,0.9131,-1,-1,-1
215,-1,340.39,302.62,30.05,25.69,0.8976,-1,-1,-1
215,-1,720.53,293.66,43.88,21.35,0.8921,-1,-1,-1
215,-1,79.73,314.23,45.72,32.22,0.8867,-1,-1,-1
215,-1,275.87,169.28,86.66,113.12,0.8860,-1,-1,-1
215,-1,314.72,147.04,52.11,50.79,0.8827,-1,-1,-1
215,-1,469.47,242.23,25.14,21.18,0.8822,-1,-1,-1
215,-1,673.08,289.56,24.28,38.95,0.8808,-1,-1,-1
215,-1,400.44,185.11,41.10,56.84,0.8612,-1,-1,-1
215,-1,388.78,208.49,23.15,48.87,0.8569,-1,-1,-1
215,-1,555.19,248.65,35.59,35.61,0.8534,-1,-1,-1
215,-1,408.17,331.01,27.29,13.19,0.8523,-1,-1,-1
215,-1,682.17,228.71,19.65,18.41,0.8429,-1,-1,-1
215,-1,593.23,269.66,21.34,23.58,0.8005,-1,-1,-1
215,-1,1000.63,251.08,23.08,19.57,0.7782,-1,-1,-1
215,-1,960.33,306.75,23.99,18.40,0.7490,-1,-1,-1
215,-1,633.46,238.74,19.24,39.67,0.6813,-1,-1,-1
215,-1,640.98,303.41,20.93,18.72,0.5408,-1,-1,-1
215,-1,6.66,271.51,21.04,13.20,0.5326,-1,-1,-1
216,-1,393.56,132.21,75.04,81.08,0.9472,-1,-1,-1
216,-1,277.01,218.50,73.74,35.31,0.9256,-1,-1,-1
216,-1,43.07,337.51,60.29,25.97,0.9101,-1,-1,-1
216,-1,327.93,301.25,30.65,26.11,0.9019,-1,-1,-1
216,-1,62.13,312.31,47.10,32.63,0.8999,-1,-1,-1
216,-1,709.16,294.12,42.61,21.02,0.8975,-1,-1,-1
216,-1,662.07,289.62,24.09,38.79,0.8869,-1,-1,-1
216,-1,458.40,241.37,25.62,21.49,0.8822,-1,-1,-1
216,-1,388.92,183.19,41.65,60.89,0.8765,-1,-1,-1
216,-1,263.00,165.85,87.67,115.64,0.8672,-1,-1,-1
216,-1,398.07,330.11,26.17,13.40,0.8578,-1,-1,-1
216,-1,302.35,145.13,53.32,47.78,0.8441,-1,-1,-1
216,-1,671.03,229.26,19.50,19.23,0.8398,-1,-1,-1
216,-1,997.63,322.27,24.01,16.25,0.8315,-1,-1,-1
216,-1,583.02,269.82,21.37,24.41,0.8103,-1,-1,-1
216,-1,544.77,246.96,35.56,38.06,0.7997,-1,-1,-1
216,-1,943.81,308.50,21.11,17.45,0.7634,-1,-1,-1
216,-1,982.93,253.30,26.55,20.16,0.7265,-1,-1,-1
216,-1,630.64,303.59,16.36,18.39,0.7229,-1,-1,-1
216,-1,621.98,238.13,20.04,40.07,0.7147,-1,-1,-1
216,-1,376.87,207.19,24.04,48.71,0.6840,-1,-1,-1
216,-1,376.73,207.06,24.00,48.84,0.4561,-1,-1,-1
216,-1,393.28,316.17,15.65,14.34,0.4057,-1,-1,-1
216,-1,977.87,290.37,16.15,14.93,0.3689,-1,-1,-1
216,-1,0.00,267.68,8.52,15.69,0.2761,-1,-1,-1
217,-1,265.50,217.60,76.00,35.69,0.9262,-1,-1,-1
217,-1,383.69,131.53,76.59,81.44,0.9252,-1,-1,-1
217,-1,29.06,337.51,60.98,26.22,0.9123,-1,-1,-1
217,-1,317.56,301.27,31.21,26.34,0.9035,-1,-1,-1
217,-1,700.07,294.71,42.06,20.92,0.8992,-1,-1,-1
217,-1,47.69,312.70,49.00,31.88,0.8976,-1,-1,-1
217,-1,252.09,165.14,88.36,118.43,0.8925,-1,-1,-1
217,-1,291.87,144.31,53.78,53.05,0.8841,-1,-1,-1
217,-1,653.02,290.03,23.78,38.84,0.8801,-1,-1,-1
217,-1,448.81,241.28,26.21,21.62,0.8799,-1,-1,-1
217,-1,378.95,182.86,42.53,60.54,0.8752,-1,-1,-1
217,-1,366.88,206.04,23.92,49.79,0.8565,-1,-1,-1
217,-1,388.64,330.18,27.38,13.37,0.8530,-1,-1,-1
217,-1,532.44,243.20,39.56,41.81,0.8286,-1,-1,-1
217,-1,662.49,229.96,18.71,18.15,0.8283,-1,-1,-1
217,-1,982.68,322.49,23.48,16.73,0.8125,-1,-1,-1
217,-1,930.62,307.49,22.29,18.90,0.7946,-1,-1,-1
217,-1,574.90,270.42,20.61,24.31,0.7942,-1,-1,-1
217,-1,614.26,240.75,19.00,37.95,0.7824,-1,-1,-1
217,-1,621.59,303.80,17.39,19.05,0.6675,-1,-1,-1
217,-1,248.68,288.09,20.82,15.27,0.4323,-1,-1,-1
217,-1,384.47,316.33,15.89,14.43,0.3760,-1,-1,-1
217,-1,969.00,254.81,24.35,19.57,0.2827,-1,-1,-1
217,-1,168.29,299.76,17.83,21.03,0.2593,-1,-1,-1
218,-1,374.12,131.41,77.85,81.79,0.9447,-1,-1,-1
218,-1,255.00,217.26,76.58,35.86,0.9222,-1,-1,-1
218,-1,13.82,337.89,63.09,26.63,0.9097,-1,-1,-1
218,-1,307.55,301.48,31.43,26.67,0.9022,-1,-1,-1
218,-1,689.87,295.25,41.97,20.93,0.9001,-1,-1,-1
218,-1,32.93,313.22,49.90,32.40,0.8983,-1,-1,-1
218,-1,644.11,290.44,23.16,38.76,0.8969,-1,-1,-1
218,-1,439.86,241.27,26.24,21.85,0.8823,-1,-1,-1
218,-1,240.58,163.82,90.56,119.27,0.8723,-1,-1,-1
218,-1,281.27,143.46,54.37,52.35,0.8585,-1,-1,-1
218,-1,369.86,182.69,42.61,59.51,0.8513,-1,-1,-1
218,-1,525.24,246.91,37.80,38.37,0.8445,-1,-1,-1
218,-1,379.88,330.62,27.17,13.32,0.8387,-1,-1,-1
218,-1,653.63,230.75,18.19,19.19,0.8195,-1,-1,-1
218,-1,968.66,324.29,22.61,15.21,0.7988,-1,-1,-1
218,-1,1012.79,323.66,11.21,24.56,0.7908,-1,-1,-1
218,-1,567.18,271.09,19.78,23.36,0.7522,-1,-1,-1
218,-1,917.83,309.49,20.20,17.75,0.7384,-1,-1,-1
218,-1,603.15,239.78,20.73,39.00,0.7218,-1,-1,-1
218,-1,613.15,303.58,17.36,19.71,0.6353,-1,-1,-1
218,-1,357.42,205.76,23.78,50.81,0.5133,-1,-1,-1
218,-1,357.39,205.98,23.83,50.03,0.5041,-1,-1,-1
218,-1,239.18,288.73,16.67,14.64,0.3680,-1,-1,-1
218,-1,376.03,316.53,16.00,14.79,0.3081,-1,-1,-1
219,-1,242.73,216.05,76.72,36.35,0.9315,-1,-1,-1
219,-1,363.56,129.70,78.45,82.91,0.9156,-1,-1,-1
219,-1,0.00,337.34,61.86,26.95,0.9123,-1,-1,-1
219,-1,296.51,300.87,31.28,27.20,0.9056,-1,-1,-1
219,-1,16.43,311.79,51.16,33.31,0.9020,-1,-1,-1
219,-1,680.29,295.81,41.32,20.83,0.8955,-1,-1,-1
219,-1,996.70,324.39,24.56,24.02,0.8931,-1,-1,-1
219,-1,634.48,291.11,23.54,38.26,0.8928,-1,-1,-1
219,-1,359.25,181.88,42.31,59.44,0.8855,-1,-1,-1
219,-1,430.01,241.15,26.12,21.86,0.8776,-1,-1,-1
219,-1,269.58,142.11,55.67,54.77,0.8638,-1,-1,-1
219,-1,517.75,248.14,36.41,37.35,0.8633,-1,-1,-1
219,-1,370.47,330.39,27.33,13.49,0.8453,-1,-1,-1
219,-1,643.44,231.30,18.77,19.37,0.8378,-1,-1,-1
219,-1,953.85,323.95,21.88,16.12,0.8113,-1,-1,-1
219,-1,346.19,205.19,24.97,50.39,0.7855,-1,-1,-1
219,-1,903.97,310.87,18.32,16.87,0.7761,-1,-1,-1
219,-1,227.62,162.02,91.60,116.18,0.7667,-1,-1,-1
219,-1,365.12,316.45,17.28,14.94,0.7236,-1,-1,-1
219,-1,557.22,270.80,20.45,24.31,0.6669,-1,-1,-1
219,-1,940.08,257.92,21.04,18.81,0.6508,-1,-1,-1
219,-1,594.14,241.67,19.82,36.90,0.5012,-1,-1,-1
219,-1,228.57,288.23,20.37,14.84,0.4934,-1,-1,-1
219,-1,602.69,303.75,23.07,19.13,0.3781,-1,-1,-1
220,-1,232.36,215.31,78.73,36.41,0.9290,-1,-1,-1
220,-1,355.05,128.74,78.57,83.39,0.9210,-1,-1,-1
220,-1,0.00,337.26,48.99,27.01,0.9103,-1,-1,-1
220,-1,287.22,300.52,31.75,27.18,0.9090,-1,-1,-1
220,-1,259.69,140.90,56.52,55.47,0.9050,-1,-1,-1
220,-1,626.83,291.42,23.24,38.00,0.8972,-1,-1,-1
220,-1,2.83,310.75,52.66,34.06,0.8963,-1,-1,-1
220,-1,672.24,296.03,41.09,20.72,0.8961,-1,-1,-1
220,-1,983.98,324.87,24.27,23.73,0.8866,-1,-1,-1
220,-1,421.78,240.91,26.34,21.90,0.8813,-1,-1,-1
220,-1,363.25,330.19,26.90,13.73,0.8576,-1,-1,-1
220,-1,216.80,160.88,91.55,113.77,0.8451,-1,-1,-1
220,-1,509.23,247.14,37.57,38.25,0.8446,-1,-1,-1
220,-1,350.27,180.73,42.80,62.25,0.8429,-1,-1,-1
220,-1,635.15,231.68,18.70,18.91,0.8316,-1,-1,-1
220,-1,337.74,204.77,24.56,50.14,0.8264,-1,-1,-1
220,-1,941.71,324.50,22.03,15.77,0.8093,-1,-1,-1
220,-1,893.27,310.18,18.78,17.83,0.7241,-1,-1,-1
220,-1,357.15,316.22,17.64,14.89,0.7194,-1,-1,-1
220,-1,585.74,239.35,20.49,38.75,0.6125,-1,-1,-1
220,-1,595.48,304.53,16.76,18.83,0.6038,-1,-1,-1
220,-1,553.92,270.92,16.50,19.03,0.3232,-1,-1,-1
220,-1,1017.73,229.10,6.27,31.42,0.2771,-1,-1,-1
221,-1,217.70,213.72,80.57,36.78,0.9351,-1,-1,-1
221,-1,342.16,127.78,78.84,83.71,0.9314,-1,-1,-1
221,-1,273.25,299.99,32.72,27.49,0.9048,-1,-1,-1
221,-1,660.64,296.74,40.60,20.59,0.8971,-1,-1,-1
221,-1,246.38,138.85,57.21,55.54,0.8921,-1,-1,-1
221,-1,615.70,291.87,23.12,37.99,0.8869,-1,-1,-1
221,-1,410.37,240.37,26.31,22.09,0.8843,-1,-1,-1
221,-1,0.06,312.21,36.70,32.15,0.8822,-1,-1,-1
221,-1,966.61,325.93,23.03,23.39,0.8808,-1,-1,-1
221,-1,338.14,180.10,43.59,62.84,0.8788,-1,-1,-1
221,-1,351.56,329.66,27.28,14.14,0.8686,-1,-1,-1
221,-1,498.27,248.04,37.50,36.89,0.8590,-1,-1,-1
221,-1,998.88,221.29,25.12,40.91,0.8489,-1,-1,-1
221,-1,624.59,232.70,18.06,18.06,0.8404,-1,-1,-1
221,-1,925.39,325.13,20.91,15.92,0.8297,-1,-1,-1
221,-1,538.82,271.25,20.50,23.97,0.7942,-1,-1,-1
221,-1,877.91,310.95,20.44,17.71,0.7891,-1,-1,-1
221,-1,0.00,339.56,30.13,24.47,0.7887,-1,-1,-1
221,-1,201.70,158.45,93.65,114.71,0.7748,-1,-1,-1
221,-1,582.68,303.71,25.82,19.76,0.6765,-1,-1,-1
221,-1,324.92,203.56,24.85,50.77,0.6156,-1,-1,-1
221,-1,324.91,203.33,24.91,50.73,0.4666,-1,-1,-1
221,-1,346.40,315.89,16.76,15.41,0.4394,-1,-1,-1
221,-1,343.38,352.44,16.04,13.75,0.4085,-1,-1,-1
221,-1,576.98,242.71,18.40,35.70,0.3295,-1,-1,-1
221,-1,204.78,286.89,18.21,14.98,0.2767,-1,-1,-1
222,-1,202.60,211.69,81.98,37.25,0.9379,-1,-1,-1
222,-1,329.72,125.67,81.16,84.45,0.9378,-1,-1,-1
222,-1,259.71,298.90,32.84,27.76,0.9080,-1,-1,-1
222,-1,231.57,136.23,58.19,56.84,0.8991,-1,-1,-1
222,-1,649.57,297.15,40.02,20.53,0.8986,-1,-1,-1
222,-1,604.79,292.01,22.38,37.79,0.8922,-1,-1,-1
222,-1,948.58,326.88,22.43,22.98,0.8907,-1,-1,-1
222,-1,980.12,223.40,41.79,39.42,0.8904,-1,-1,-1
222,-1,398.76,239.43,26.19,22.10,0.8880,-1,-1,-1
222,-1,311.96,202.97,25.47,49.98,0.8809,-1,-1,-1
222,-1,489.08,246.92,36.03,38.41,0.8731,-1,-1,-1
222,-1,324.64,178.40,44.56,62.99,0.8604,-1,-1,-1
222,-1,339.43,329.40,28.42,13.86,0.8536,-1,-1,-1
222,-1,909.21,325.68,20.22,16.02,0.8289,-1,-1,-1
222,-1,614.16,233.34,17.54,17.44,0.7903,-1,-1,-1
222,-1,0.00,315.28,17.24,27.55,0.7852,-1,-1,-1
222,-1,528.61,271.31,20.22,23.51,0.7603,-1,-1,-1
222,-1,566.65,241.71,18.27,36.85,0.7298,-1,-1,-1
222,-1,330.42,351.90,17.47,13.74,0.7290,-1,-1,-1
222,-1,186.36,155.26,97.47,115.76,0.6932,-1,-1,-1
222,-1,862.62,312.63,20.39,16.95,0.6650,-1,-1,-1
222,-1,335.63,315.73,16.38,14.76,0.4316,-1,-1,-1
222,-1,574.03,304.35,17.65,19.08,0.3688,-1,-1,-1
222,-1,0.00,342.36,10.75,18.45,0.2915,-1,-1,-1
222,-1,0.00,342.48,10.44,18.35,0.2900,-1,-1,-1
223,-1,186.92,210.64,83.33,37.71,0.9419,-1,-1,-1
223,-1,316.97,124.55,81.25,85.11,0.9316,-1,-1,-1
223,-1,245.21,298.74,34.11,27.36,0.9058,-1,-1,-1
223,-1,217.43,134.87,59.77,56.74,0.9053,-1,-1,-1
223,-1,298.36,200.95,26.24,51.41,0.8962,-1,-1,-1
223,-1,638.50,297.70,39.20,20.40,0.8950,-1,-1,-1
223,-1,962.07,226.14,38.83,38.61,0.8943,-1,-1,-1
223,-1,931.81,327.66,21.86,22.48,0.8860,-1,-1,-1
223,-1,386.70,239.38,26.65,22.29,0.8804,-1,-1,-1
223,-1,327.99,329.41,28.39,14.29,0.8769,-1,-1,-1
223,-1,593.47,292.80,22.32,37.43,0.8669,-1,-1,-1
223,-1,478.14,248.95,36.42,36.38,0.8640,-1,-1,-1
223,-1,312.05,177.91,44.86,63.46,0.8541,-1,-1,-1
223,-1,602.44,233.85,17.57,17.30,0.8202,-1,-1,-1
223,-1,317.99,352.24,17.88,13.80,0.8130,-1,-1,-1
223,-1,170.76,153.65,98.11,105.56,0.7845,-1,-1,-1
223,-1,893.34,327.14,19.55,15.21,0.7704,-1,-1,-1
223,-1,323.14,315.77,16.86,14.65,0.7426,-1,-1,-1
223,-1,848.15,312.84,20.19,17.42,0.6947,-1,-1,-1
223,-1,553.35,242.22,19.84,35.94,0.6697,-1,-1,-1
223,-1,520.77,271.45,17.58,21.02,0.4483,-1,-1,-1
223,-1,562.38,305.06,22.86,18.66,0.3966,-1,-1,-1
223,-1,410.32,341.88,16.09,17.52,0.3639,-1,-1,-1
223,-1,176.42,284.93,16.78,14.49,0.2876,-1,-1,-1
223,-1,394.54,314.34,19.05,15.16,0.2708,-1,-1,-1
223,-1,561.25,306.91,18.56,17.12,0.2524,-1,-1,-1
224,-1,307.00,123.10,82.76,86.03,0.9387,-1,-1,-1
224,-1,175.41,208.75,84.60,38.34,0.9375,-1,-1,-1
224,-1,630.05,297.85,38.75,20.27,0.9141,-1,-1,-1
224,-1,234.43,297.86,34.58,27.91,0.9085,-1,-1,-1
224,-1,948.93,228.01,38.39,37.50,0.8962,-1,-1,-1
224,-1,377.16,238.76,27.38,22.07,0.8867,-1,-1,-1
224,-1,469.59,247.81,37.27,37.42,0.8800,-1,-1,-1
224,-1,919.74,328.03,21.39,22.37,0.8793,-1,-1,-1
224,-1,206.32,132.24,60.44,57.57,0.8763,-1,-1,-1
224,-1,319.36,328.99,28.74,14.23,0.8705,-1,-1,-1
224,-1,585.54,292.81,21.65,37.23,0.8633,-1,-1,-1
224,-1,308.31,351.73,18.96,13.79,0.8594,-1,-1,-1
224,-1,288.52,199.89,26.56,51.59,0.8500,-1,-1,-1
224,-1,301.74,176.53,46.19,64.13,0.8405,-1,-1,-1
224,-1,594.26,233.88,17.73,17.44,0.8222,-1,-1,-1
224,-1,158.93,151.66,100.06,115.03,0.7983,-1,-1,-1
224,-1,837.71,313.57,21.83,16.65,0.7928,-1,-1,-1
224,-1,881.73,327.49,19.70,15.05,0.7308,-1,-1,-1
224,-1,544.83,241.45,20.52,36.76,0.6781,-1,-1,-1
224,-1,164.05,284.00,18.88,15.21,0.5517,-1,-1,-1
224,-1,553.74,304.91,24.23,18.75,0.5457,-1,-1,-1
224,-1,314.82,314.93,16.71,14.63,0.5059,-1,-1,-1
224,-1,514.07,271.30,16.22,18.37,0.3213,-1,-1,-1
224,-1,402.34,341.40,16.36,17.65,0.2603,-1,-1,-1
225,-1,298.02,122.56,82.95,86.49,0.9379,-1,-1,-1
225,-1,165.19,208.12,86.62,38.12,0.9250,-1,-1,-1
225,-1,224.52,297.91,35.40,28.10,0.9101,-1,-1,-1
225,-1,196.22,131.85,61.49,57.54,0.9081,-1,-1,-1
225,-1,623.30,298.16,38.87,20.27,0.8935,-1,-1,-1
225,-1,937.91,229.44,37.55,37.71,0.8821,-1,-1,-1
225,-1,369.23,238.60,27.21,22.35,0.8820,-1,-1,-1
225,-1,909.49,328.62,20.97,22.28,0.8818,-1,-1,-1
225,-1,578.55,292.98,22.53,37.84,0.8802,-1,-1,-1
225,-1,311.78,329.16,28.89,14.30,0.8686,-1,-1,-1
225,-1,299.82,351.91,19.79,13.77,0.8680,-1,-1,-1
225,-1,462.97,247.26,36.24,38.01,0.8671,-1,-1,-1
225,-1,293.14,176.19,46.29,65.33,0.8572,-1,-1,-1
225,-1,279.57,200.11,26.65,50.89,0.8418,-1,-1,-1
225,-1,148.55,149.76,101.86,97.39,0.8185,-1,-1,-1
225,-1,586.89,234.40,18.58,18.32,0.8035,-1,-1,-1
225,-1,503.49,271.75,19.58,23.14,0.7767,-1,-1,-1
225,-1,872.32,328.05,19.10,15.12,0.6990,-1,-1,-1
225,-1,307.03,315.24,16.94,14.64,0.6331,-1,-1,-1
225,-1,828.76,314.95,17.96,16.12,0.6205,-1,-1,-1
225,-1,547.82,305.19,22.22,18.99,0.4679,-1,-1,-1
225,-1,395.55,341.98,16.36,17.41,0.4284,-1,-1,-1
225,-1,537.42,240.88,21.05,38.66,0.4239,-1,-1,-1
225,-1,379.22,315.18,19.33,13.80,0.3115,-1,-1,-1
226,-1,289.77,121.37,82.73,87.16,0.9385,-1,-1,-1
226,-1,187.29,130.80,61.90,56.97,0.9137,-1,-1,-1
226,-1,216.18,297.40,35.59,27.88,0.9072,-1,-1,-1
226,-1,572.32,293.38,22.68,37.47,0.8953,-1,-1,-1
226,-1,617.07,298.34,38.30,20.36,0.8945,-1,-1,-1
226,-1,362.49,238.43,26.39,22.32,0.8899,-1,-1,-1
226,-1,928.38,230.57,37.05,37.82,0.8897,-1,-1,-1
226,-1,271.45,199.65,27.15,50.48,0.8867,-1,-1,-1
226,-1,155.81,207.63,87.69,38.19,0.8848,-1,-1,-1
226,-1,457.82,248.90,35.57,36.50,0.8837,-1,-1,-1
226,-1,900.83,328.94,20.83,22.30,0.8782,-1,-1,-1
226,-1,292.56,351.72,20.52,13.88,0.8725,-1,-1,-1
226,-1,305.06,329.15,29.48,14.22,0.8519,-1,-1,-1
226,-1,285.35,175.43,46.84,64.33,0.8467,-1,-1,-1
226,-1,580.91,234.98,19.34,17.48,0.8130,-1,-1,-1
226,-1,137.94,148.59,103.76,95.98,0.7927,-1,-1,-1
226,-1,300.94,315.31,16.67,14.38,0.7165,-1,-1,-1
226,-1,864.13,328.80,18.70,14.48,0.7130,-1,-1,-1
226,-1,496.56,271.11,20.93,24.16,0.7077,-1,-1,-1
226,-1,389.29,341.99,17.02,17.49,0.6929,-1,-1,-1
226,-1,821.07,314.75,19.17,16.57,0.6033,-1,-1,-1
226,-1,533.19,241.24,20.06,38.19,0.5694,-1,-1,-1
226,-1,541.96,305.96,18.29,18.26,0.4004,-1,-1,-1
227,-1,280.26,119.87,83.93,88.01,0.9395,-1,-1,-1
227,-1,205.68,296.87,35.99,27.99,0.9090,-1,-1,-1
227,-1,609.43,298.79,38.73,20.02,0.8963,-1,-1,-1
227,-1,354.04,237.71,26.77,22.66,0.8957,-1,-1,-1
227,-1,564.90,293.45,22.80,37.29,0.8891,-1,-1,-1
227,-1,917.76,232.07,36.09,38.51,0.8852,-1,-1,-1
227,-1,143.97,205.85,89.85,39.15,0.8843,-1,-1,-1
227,-1,176.88,128.43,62.70,58.70,0.8796,-1,-1,-1
227,-1,891.07,329.72,19.86,22.01,0.8770,-1,-1,-1
227,-1,261.81,198.17,27.26,51.68,0.8767,-1,-1,-1
227,-1,276.15,174.27,46.97,65.49,0.8710,-1,-1,-1
227,-1,283.99,351.58,21.12,13.85,0.8626,-1,-1,-1
227,-1,451.05,248.28,35.19,36.50,0.8616,-1,-1,-1
227,-1,297.30,328.94,29.41,14.19,0.8574,-1,-1,-1
227,-1,1007.32,339.87,16.68,21.30,0.8195,-1,-1,-1
227,-1,574.05,235.36,18.15,17.12,0.8019,-1,-1,-1
227,-1,490.30,271.56,19.83,23.23,0.7761,-1,-1,-1
227,-1,125.80,146.09,107.37,97.13,0.7604,-1,-1,-1
227,-1,292.80,314.47,16.91,14.87,0.7565,-1,-1,-1
227,-1,855.04,329.46,17.84,14.33,0.7257,-1,-1,-1
227,-1,526.09,241.61,20.10,38.30,0.7040,-1,-1,-1
227,-1,382.32,341.89,16.84,17.49,0.7006,-1,-1,-1
227,-1,812.15,315.12,18.36,16.40,0.6633,-1,-1,-1
227,-1,1001.20,277.96,21.63,11.53,0.5417,-1,-1,-1
227,-1,533.81,306.52,19.34,17.70,0.4421,-1,-1,-1
227,-1,533.67,305.42,26.05,18.70,0.2631,-1,-1,-1
228,-1,270.35,118.27,84.47,88.70,0.9366,-1,-1,-1
228,-1,164.96,127.02,64.37,58.86,0.9204,-1,-1,-1
228,-1,194.33,296.16,36.87,28.03,0.9091,-1,-1,-1
228,-1,344.77,237.36,27.19,22.62,0.9023,-1,-1,-1
228,-1,994.15,339.94,29.85,21.27,0.8992,-1,-1,-1
228,-1,602.14,299.09,37.97,19.83,0.8972,-1,-1,-1
228,-1,557.54,293.57,22.24,37.32,0.8889,-1,-1,-1
228,-1,251.29,197.59,27.74,51.42,0.8881,-1,-1,-1
228,-1,880.12,330.23,19.80,21.71,0.8880,-1,-1,-1
228,-1,131.06,204.27,91.06,39.51,0.8861,-1,-1,-1
228,-1,265.94,172.96,47.39,65.88,0.8825,-1,-1,-1
228,-1,906.63,233.80,35.24,37.35,0.8688,-1,-1,-1
228,-1,275.50,351.55,21.42,14.12,0.8585,-1,-1,-1
228,-1,288.80,328.81,29.57,14.17,0.8544,-1,-1,-1
228,-1,442.07,249.12,36.85,35.79,0.8298,-1,-1,-1
228,-1,483.07,271.64,19.71,23.62,0.8132,-1,-1,-1
228,-1,113.32,143.34,108.99,96.47,0.8062,-1,-1,-1
228,-1,844.76,330.26,17.82,13.68,0.7888,-1,-1,-1
228,-1,802.83,314.99,18.38,17.04,0.7861,-1,-1,-1
228,-1,566.63,235.57,17.68,16.66,0.7704,-1,-1,-1
228,-1,989.52,279.10,20.70,11.79,0.7632,-1,-1,-1
228,-1,374.33,341.62,17.10,17.79,0.7311,-1,-1,-1
228,-1,284.15,314.28,16.93,14.82,0.7035,-1,-1,-1
228,-1,517.04,241.09,21.14,40.41,0.5086,-1,-1,-1
228,-1,526.94,305.45,18.09,18.75,0.4728,-1,-1,-1
229,-1,259.42,116.57,87.60,89.46,0.9406,-1,-1,-1
229,-1,152.24,124.82,65.07,60.13,0.9112,-1,-1,-1
229,-1,181.68,295.67,37.75,28.59,0.9107,-1,-1,-1
229,-1,980.13,340.57,38.97,20.85,0.9069,-1,-1,-1
229,-1,335.16,236.77,27.56,22.69,0.9006,-1,-1,-1
229,-1,592.77,299.52,39.15,19.63,0.8945,-1,-1,-1
229,-1,239.72,196.26,28.48,52.08,0.8909,-1,-1,-1
229,-1,117.46,202.69,92.73,39.68,0.8870,-1,-1,-1
229,-1,549.23,293.65,22.43,37.31,0.8844,-1,-1,-1
229,-1,894.70,235.32,34.13,36.79,0.8794,-1,-1,-1
229,-1,433.89,248.43,36.65,36.49,0.8766,-1,-1,-1
229,-1,868.85,330.60,19.81,21.50,0.8730,-1,-1,-1
229,-1,254.81,171.84,48.44,65.68,0.8653,-1,-1,-1
229,-1,279.03,328.78,30.19,14.05,0.8603,-1,-1,-1
229,-1,265.49,351.44,22.75,13.96,0.8517,-1,-1,-1
229,-1,475.03,271.78,19.44,23.26,0.8136,-1,-1,-1
229,-1,833.87,330.17,17.71,14.21,0.7818,-1,-1,-1
229,-1,366.16,341.84,17.23,17.52,0.7764,-1,-1,-1
229,-1,558.49,235.75,17.46,17.44,0.7744,-1,-1,-1
229,-1,99.24,141.24,111.45,102.96,0.7443,-1,-1,-1
229,-1,792.71,315.50,20.38,16.74,0.7344,-1,-1,-1
229,-1,274.68,313.80,17.23,15.36,0.7308,-1,-1,-1
229,-1,509.18,241.58,21.00,38.69,0.6555,-1,-1,-1
229,-1,974.80,280.44,21.14,11.66,0.5110,-1,-1,-1
229,-1,518.48,305.27,23.60,19.19,0.4557,-1,-1,-1
229,-1,116.76,280.41,19.79,15.92,0.3614,-1,-1,-1
229,-1,11.47,289.60,17.75,23.42,0.2982,-1,-1,-1
230,-1,241.32,113.80,88.48,90.61,0.9408,-1,-1,-1
230,-1,131.63,121.05,67.39,60.19,0.9186,-1,-1,-1
230,-1,161.72,294.39,38.65,28.94,0.9043,-1,-1,-1
230,-1,958.14,341.40,37.39,20.28,0.9021,-1,-1,-1
230,-1,421.27,247.48,36.20,37.70,0.8996,-1,-1,-1
230,-1,580.15,299.74,37.86,19.69,0.8991,-1,-1,-1
230,-1,319.17,235.39,28.51,23.25,0.8976,-1,-1,-1
230,-1,221.64,193.66,29.31,52.99,0.8887,-1,-1,-1
230,-1,535.96,293.79,22.56,37.46,0.8874,-1,-1,-1
230,-1,95.70,199.22,94.17,40.60,0.8808,-1,-1,-1
230,-1,850.77,331.45,18.61,21.17,0.8772,-1,-1,-1
230,-1,263.12,328.14,31.27,14.33,0.8566,-1,-1,-1
230,-1,249.33,350.94,23.06,14.31,0.8533,-1,-1,-1
230,-1,235.34,169.08,52.00,67.59,0.8470,-1,-1,-1
230,-1,875.60,237.61,32.73,34.43,0.8423,-1,-1,-1
230,-1,544.55,235.90,18.18,16.95,0.8202,-1,-1,-1
230,-1,76.01,136.70,114.98,109.50,0.8201,-1,-1,-1
230,-1,352.07,341.53,17.05,17.84,0.7501,-1,-1,-1
230,-1,258.71,313.17,17.75,15.28,0.7498,-1,-1,-1
230,-1,776.31,316.46,17.67,16.71,0.6199,-1,-1,-1
230,-1,496.37,242.76,20.43,36.57,0.6150,-1,-1,-1
230,-1,63.78,305.36,17.65,23.65,0.5888,-1,-1,-1
230,-1,816.50,330.59,17.27,14.32,0.5162,-1,-1,-1
230,-1,952.34,282.56,20.46,11.07,0.5136,-1,-1,-1
230,-1,95.32,278.37,19.54,16.24,0.4543,-1,-1,-1
230,-1,504.81,305.69,18.90,18.72,0.3703,-1,-1,-1
230,-1,460.81,271.71,20.38,24.16,0.2799,-1,-1,-1
231,-1,228.12,111.10,92.72,91.82,0.9459,-1,-1,-1
231,-1,79.07,196.81,97.66,41.27,0.9192,-1,-1,-1
231,-1,115.32,117.63,69.10,60.89,0.9111,-1,-1,-1
231,-1,146.24,293.14,40.38,29.70,0.9040,-1,-1,-1
231,-1,941.52,342.04,36.21,20.04,0.9005,-1,-1,-1
231,-1,207.92,191.19,29.81,54.64,0.8991,-1,-1,-1
231,-1,307.24,234.21,28.05,23.25,0.8949,-1,-1,-1
231,-1,569.11,299.90,38.36,19.73,0.8931,-1,-1,-1
231,-1,998.28,192.96,25.72,37.80,0.8877,-1,-1,-1
231,-1,525.98,293.88,21.99,37.54,0.8859,-1,-1,-1
231,-1,836.89,332.09,18.20,21.10,0.8788,-1,-1,-1
231,-1,222.60,167.14,51.79,66.88,0.8748,-1,-1,-1
231,-1,237.07,350.65,22.96,14.48,0.8736,-1,-1,-1
231,-1,250.57,327.62,31.82,14.66,0.8645,-1,-1,-1
231,-1,861.37,239.64,32.00,35.26,0.8383,-1,-1,-1
231,-1,409.79,247.68,37.74,36.82,0.8348,-1,-1,-1
231,-1,245.91,312.82,18.46,15.30,0.8342,-1,-1,-1
231,-1,450.83,271.54,20.17,23.73,0.8283,-1,-1,-1
231,-1,534.57,236.07,17.52,17.24,0.7916,-1,-1,-1
231,-1,58.45,133.51,118.23,108.48,0.7719,-1,-1,-1
231,-1,341.13,341.61,17.36,17.52,0.7530,-1,-1,-1
231,-1,764.68,316.75,18.37,16.77,0.7225,-1,-1,-1
231,-1,803.53,330.80,16.74,14.47,0.5857,-1,-1,-1
231,-1,485.03,240.98,21.47,39.08,0.5392,-1,-1,-1
231,-1,937.13,283.83,18.45,11.39,0.4776,-1,-1,-1
231,-1,46.77,304.85,17.50,24.20,0.4469,-1,-1,-1
231,-1,79.90,276.72,25.14,17.46,0.3703,-1,-1,-1
231,-1,495.49,305.46,22.66,19.13,0.3379,-1,-1,-1
231,-1,495.21,306.41,17.20,18.00,0.3014,-1,-1,-1
232,-1,219.12,108.70,93.10,93.00,0.9451,-1,-1,-1
232,-1,984.81,195.33,39.19,37.78,0.9192,-1,-1,-1
232,-1,66.51,194.64,100.37,42.00,0.9173,-1,-1,-1
232,-1,104.34,115.17,70.03,61.37,0.9076,-1,-1,-1
232,-1,136.45,292.28,40.14,30.23,0.9069,-1,-1,-1
232,-1,198.16,189.93,30.70,54.20,0.9036,-1,-1,-1
232,-1,929.82,342.52,36.01,19.67,0.8957,-1,-1,-1
232,-1,213.57,165.15,52.33,67.56,0.8938,-1,-1,-1
232,-1,562.21,300.11,38.12,19.64,0.8917,-1,-1,-1
232,-1,298.78,233.44,28.47,23.17,0.8908,-1,-1,-1
232,-1,827.52,332.71,17.72,20.60,0.8851,-1,-1,-1
232,-1,518.83,293.42,22.11,38.18,0.8761,-1,-1,-1
232,-1,242.84,327.57,30.88,14.38,0.8688,-1,-1,-1
232,-1,227.30,350.33,24.12,14.71,0.8655,-1,-1,-1
232,-1,404.62,247.39,35.61,36.95,0.8626,-1,-1,-1
232,-1,236.96,312.08,18.48,15.60,0.8487,-1,-1,-1
232,-1,851.15,240.55,31.87,35.38,0.8461,-1,-1,-1
232,-1,443.49,271.50,20.75,23.38,0.8174,-1,-1,-1
232,-1,333.36,341.30,17.42,17.76,0.8088,-1,-1,-1
232,-1,527.68,236.01,17.19,19.67,0.7587,-1,-1,-1
232,-1,794.70,330.77,16.54,14.84,0.7571,-1,-1,-1
232,-1,45.49,129.84,121.64,128.30,0.7544,-1,-1,-1
232,-1,479.34,241.66,20.34,38.03,0.7428,-1,-1,-1
232,-1,756.13,316.83,19.62,17.06,0.5967,-1,-1,-1
232,-1,487.50,305.00,24.76,19.49,0.4720,-1,-1,-1
232,-1,67.11,276.06,22.30,16.11,0.4702,-1,-1,-1
232,-1,34.02,308.73,17.02,19.17,0.4310,-1,-1,-1
232,-1,925.47,284.66,18.71,11.10,0.3630,-1,-1,-1
233,-1,212.21,107.36,93.60,93.59,0.9463,-1,-1,-1
233,-1,56.49,192.73,102.39,42.71,0.9312,-1,-1,-1
233,-1,975.35,197.10,47.33,37.30,0.9263,-1,-1,-1
233,-1,128.28,291.64,40.55,30.76,0.9129,-1,-1,-1
233,-1,95.67,112.92,71.41,62.37,0.9066,-1,-1,-1
233,-1,921.26,342.73,35.25,19.70,0.9045,-1,-1,-1
233,-1,207.04,164.04,52.84,68.58,0.8983,-1,-1,-1
233,-1,557.17,300.11,37.38,19.66,0.8946,-1,-1,-1
233,-1,293.02,232.64,28.71,23.41,0.8900,-1,-1,-1
233,-1,819.51,333.13,18.27,20.31,0.8869,-1,-1,-1
233,-1,397.58,247.09,37.36,37.28,0.8846,-1,-1,-1
233,-1,191.27,189.47,30.48,53.51,0.8823,-1,-1,-1
233,-1,513.23,293.87,22.54,37.46,0.8816,-1,-1,-1
233,-1,220.02,350.12,24.39,14.65,0.8737,-1,-1,-1
233,-1,235.31,327.26,31.56,14.46,0.8649,-1,-1,-1
233,-1,843.76,241.89,30.93,34.65,0.8543,-1,-1,-1
233,-1,229.96,312.05,18.55,15.45,0.8252,-1,-1,-1
233,-1,522.04,236.30,17.62,16.16,0.8183,-1,-1,-1
233,-1,23.74,308.86,18.00,17.93,0.7982,-1,-1,-1
233,-1,438.45,271.49,19.98,22.92,0.7972,-1,-1,-1
233,-1,36.47,127.33,122.60,112.76,0.7649,-1,-1,-1
233,-1,326.81,341.01,17.53,18.03,0.7020,-1,-1,-1
233,-1,58.31,274.13,20.30,17.36,0.6950,-1,-1,-1
233,-1,472.21,242.15,21.96,37.82,0.5964,-1,-1,-1
233,-1,787.40,331.07,16.41,14.62,0.5872,-1,-1,-1
233,-1,482.66,305.64,18.95,18.67,0.4602,-1,-1,-1
233,-1,310.06,311.93,21.22,15.50,0.2785,-1,-1,-1
233,-1,916.76,285.63,18.93,10.91,0.2680,-1,-1,-1
234,-1,205.32,105.71,92.94,94.29,0.9492,-1,-1,-1
234,-1,49.31,191.29,103.07,42.27,0.9253,-1,-1,-1
234,-1,967.10,198.66,46.02,37.10,0.9240,-1,-1,-1
234,-1,121.05,290.87,40.85,30.86,0.9097,-1,-1,-1
234,-1,87.65,111.21,72.27,61.94,0.9087,-1,-1,-1
234,-1,913.30,343.11,34.33,19.55,0.9001,-1,-1,-1
234,-1,508.03,293.75,22.50,37.61,0.8958,-1,-1,-1
234,-1,552.07,300.26,37.13,19.71,0.8904,-1,-1,-1
234,-1,287.09,232.08,29.24,23.33,0.8862,-1,-1,-1
234,-1,392.28,247.12,36.93,37.23,0.8841,-1,-1,-1
234,-1,812.90,333.40,17.67,20.25,0.8828,-1,-1,-1
234,-1,184.50,187.74,31.01,54.37,0.8826,-1,-1,-1
234,-1,836.54,242.78,30.86,34.26,0.8816,-1,-1,-1
234,-1,200.15,163.01,53.70,68.17,0.8803,-1,-1,-1
234,-1,228.13,326.97,32.68,14.50,0.8756,-1,-1,-1
234,-1,213.40,350.30,24.39,14.54,0.8575,-1,-1,-1
234,-1,223.53,311.49,18.43,15.63,0.8504,-1,-1,-1
234,-1,516.03,236.14,19.02,16.71,0.8266,-1,-1,-1
234,-1,26.89,125.04,124.06,111.79,0.7929,-1,-1,-1
234,-1,320.94,340.80,17.55,18.10,0.7620,-1,-1,-1
234,-1,469.81,242.03,19.59,37.24,0.7359,-1,-1,-1
234,-1,780.90,331.86,16.41,14.24,0.7160,-1,-1,-1
234,-1,49.24,274.70,24.86,16.59,0.6995,-1,-1,-1
234,-1,14.16,305.14,18.04,22.24,0.6272,-1,-1,-1
234,-1,432.95,271.08,20.86,22.72,0.5865,-1,-1,-1
234,-1,742.58,318.14,18.03,16.16,0.5551,-1,-1,-1
234,-1,477.76,305.23,16.94,19.11,0.5210,-1,-1,-1
234,-1,303.83,312.98,20.25,14.48,0.4337,-1,-1,-1
235,-1,198.87,103.65,93.97,95.42,0.9578,-1,-1,-1
235,-1,958.03,200.37,45.40,36.85,0.9216,-1,-1,-1
235,-1,112.66,290.06,42.06,30.94,0.9166,-1,-1,-1
235,-1,38.79,190.00,106.62,42.51,0.9151,-1,-1,-1
235,-1,79.20,108.60,73.30,62.50,0.9063,-1,-1,-1
235,-1,193.04,161.32,54.17,69.14,0.9000,-1,-1,-1
235,-1,905.15,343.62,33.90,19.45,0.8987,-1,-1,-1
235,-1,280.96,231.39,29.55,23.88,0.8910,-1,-1,-1
235,-1,545.18,300.36,38.71,19.68,0.8882,-1,-1,-1
235,-1,177.50,185.95,31.14,55.24,0.8876,-1,-1,-1
235,-1,387.79,246.41,35.74,37.25,0.8869,-1,-1,-1
235,-1,805.85,333.78,17.64,20.06,0.8831,-1,-1,-1
235,-1,503.02,293.59,22.28,38.26,0.8796,-1,-1,-1
235,-1,221.40,326.50,32.39,14.82,0.8694,-1,-1,-1
235,-1,829.54,244.03,30.44,34.29,0.8627,-1,-1,-1
235,-1,206.11,350.18,24.83,14.50,0.8510,-1,-1,-1
235,-1,216.28,311.03,19.03,15.54,0.8455,-1,-1,-1
235,-1,16.96,122.76,128.09,110.93,0.8315,-1,-1,-1
235,-1,426.64,270.97,21.45,23.81,0.8293,-1,-1,-1
235,-1,511.68,236.05,17.27,17.73,0.7994,-1,-1,-1
235,-1,314.83,340.90,17.63,17.78,0.7673,-1,-1,-1
235,-1,464.02,242.50,19.97,36.65,0.7244,-1,-1,-1
235,-1,3.60,302.89,18.90,22.90,0.6873,-1,-1,-1
235,-1,39.72,272.65,19.68,17.54,0.6467,-1,-1,-1
235,-1,471.23,304.85,24.37,19.64,0.5688,-1,-1,-1
235,-1,774.48,331.94,16.61,14.36,0.4435,-1,-1,-1
235,-1,297.46,312.31,20.96,14.95,0.3871,-1,-1,-1
235,-1,736.37,318.58,17.13,15.85,0.2659,-1,-1,-1
236,-1,192.06,101.93,96.65,96.26,0.9491,-1,-1,-1
236,-1,948.64,201.89,45.40,36.43,0.9191,-1,-1,-1
236,-1,105.08,289.37,42.50,30.74,0.9187,-1,-1,-1
236,-1,70.97,106.95,74.37,62.83,0.9117,-1,-1,-1
236,-1,31.27,187.86,105.29,43.64,0.9091,-1,-1,-1
236,-1,897.54,343.96,33.28,19.30,0.8978,-1,-1,-1
236,-1,170.59,185.66,31.61,54.64,0.8974,-1,-1,-1
236,-1,275.49,230.63,29.40,23.97,0.8927,-1,-1,-1
236,-1,541.44,300.38,37.50,19.72,0.8916,-1,-1,-1
236,-1,822.75,244.74,30.20,34.76,0.8902,-1,-1,-1
236,-1,186.95,160.26,54.03,68.75,0.8888,-1,-1,-1
236,-1,497.85,293.90,22.31,37.71,0.8770,-1,-1,-1
236,-1,799.27,333.94,17.44,19.89,0.8702,-1,-1,-1
236,-1,380.81,247.05,37.75,36.70,0.8677,-1,-1,-1
236,-1,214.89,326.05,32.73,14.99,0.8617,-1,-1,-1
236,-1,199.25,349.85,24.79,14.40,0.8458,-1,-1,-1
236,-1,506.49,236.26,17.63,16.07,0.8428,-1,-1,-1
236,-1,421.88,271.21,20.90,23.51,0.8354,-1,-1,-1
236,-1,209.20,310.68,19.37,15.89,0.8353,-1,-1,-1
236,-1,7.93,119.82,129.00,113.33,0.8262,-1,-1,-1
236,-1,308.95,340.92,17.97,17.71,0.8052,-1,-1,-1
236,-1,456.47,240.51,22.10,39.35,0.6838,-1,-1,-1
236,-1,29.71,272.15,21.06,17.37,0.6583,-1,-1,-1
236,-1,767.82,332.27,16.78,14.23,0.6044,-1,-1,-1
236,-1,730.72,318.79,16.08,15.99,0.5434,-1,-1,-1
236,-1,467.61,305.06,21.75,19.26,0.4855,-1,-1,-1
236,-1,0.00,305.25,12.02,21.23,0.3989,-1,-1,-1
236,-1,6.35,117.27,133.89,156.28,0.3588,-1,-1,-1
237,-1,185.24,100.04,97.42,97.11,0.9439,-1,-1,-1
237,-1,940.37,203.43,44.67,36.40,0.9302,-1,-1,-1
237,-1,61.63,104.22,76.63,63.73,0.9217,-1,-1,-1
237,-1,97.03,288.43,43.01,31.22,0.9174,-1,-1,-1
237,-1,20.99,186.19,109.32,43.89,0.9149,-1,-1,-1
237,-1,163.54,182.93,32.02,55.96,0.9008,-1,-1,-1
237,-1,179.98,158.37,54.69,70.60,0.8976,-1,-1,-1
237,-1,889.64,344.37,32.97,19.14,0.8974,-1,-1,-1
237,-1,269.08,229.84,30.66,24.32,0.8963,-1,-1,-1
237,-1,536.37,300.59,36.88,19.53,0.8953,-1,-1,-1
237,-1,492.64,293.90,22.19,37.38,0.8853,-1,-1,-1
237,-1,792.30,334.33,17.64,19.85,0.8803,-1,-1,-1
237,-1,375.79,246.63,36.70,37.04,0.8683,-1,-1,-1
237,-1,208.08,325.45,32.91,15.19,0.8646,-1,-1,-1
237,-1,191.84,349.68,25.54,14.35,0.8407,-1,-1,-1
237,-1,815.60,245.96,29.99,33.85,0.8310,-1,-1,-1
237,-1,202.31,310.15,19.51,15.94,0.8239,-1,-1,-1
237,-1,416.45,270.66,21.11,22.93,0.8067,-1,-1,-1
237,-1,501.07,236.36,18.59,16.94,0.7990,-1,-1,-1
237,-1,0.00,117.76,129.69,114.53,0.7915,-1,-1,-1
237,-1,302.61,340.43,17.84,18.11,0.7837,-1,-1,-1
237,-1,453.68,241.44,19.96,38.05,0.7527,-1,-1,-1
237,-1,20.43,271.17,21.03,16.39,0.6949,-1,-1,-1
237,-1,462.15,305.02,17.83,19.20,0.5141,-1,-1,-1
237,-1,761.77,331.55,16.83,15.06,0.4967,-1,-1,-1
237,-1,724.51,318.59,17.14,16.52,0.2963,-1,-1,-1
237,-1,885.46,288.83,17.83,10.83,0.2919,-1,-1,-1
237,-1,224.05,301.59,17.03,14.56,0.2741,-1,-1,-1
238,-1,178.39,98.65,97.83,97.66,0.9449,-1,-1,-1
238,-1,931.51,205.27,44.34,36.09,0.9220,-1,-1,-1
238,-1,88.71,287.76,43.85,31.10,0.9191,-1,-1,-1
238,-1,10.83,183.64,111.31,45.10,0.9171,-1,-1,-1
238,-1,172.10,157.10,56.24,70.34,0.9111,-1,-1,-1
238,-1,263.32,229.08,30.45,24.27,0.9050,-1,-1,-1
238,-1,156.30,182.71,32.65,55.28,0.9026,-1,-1,-1
238,-1,53.03,102.20,77.27,63.67,0.9018,-1,-1,-1
238,-1,881.93,344.69,32.34,19.21,0.8973,-1,-1,-1
238,-1,530.18,300.85,37.74,19.38,0.8903,-1,-1,-1
238,-1,487.39,293.90,22.41,38.04,0.8836,-1,-1,-1
238,-1,808.47,246.72,29.90,33.54,0.8799,-1,-1,-1
238,-1,200.77,325.26,33.17,15.36,0.8700,-1,-1,-1
238,-1,369.59,245.41,37.63,37.88,0.8668,-1,-1,-1
238,-1,785.33,334.86,17.28,19.66,0.8619,-1,-1,-1
238,-1,195.30,309.56,19.38,16.03,0.8467,-1,-1,-1
238,-1,296.59,340.38,17.95,18.12,0.8460,-1,-1,-1
238,-1,184.61,349.31,25.37,14.62,0.8437,-1,-1,-1
238,-1,410.33,270.60,22.16,22.44,0.8423,-1,-1,-1
238,-1,496.16,236.31,17.32,16.94,0.7818,-1,-1,-1
238,-1,447.85,242.65,20.50,36.21,0.7762,-1,-1,-1
238,-1,0.00,114.89,122.15,116.76,0.7119,-1,-1,-1
238,-1,8.25,270.11,22.92,15.88,0.6880,-1,-1,-1
238,-1,278.48,309.89,21.42,16.46,0.5441,-1,-1,-1
238,-1,216.79,301.26,17.46,14.46,0.4349,-1,-1,-1
238,-1,455.64,305.19,22.02,19.05,0.4186,-1,-1,-1
238,-1,754.83,332.90,16.86,14.38,0.3345,-1,-1,-1
238,-1,877.75,289.58,17.68,10.92,0.2906,-1,-1,-1
238,-1,718.04,319.35,16.62,16.03,0.2609,-1,-1,-1
239,-1,171.68,96.42,98.30,97.86,0.9484,-1,-1,-1
239,-1,1.07,181.54,113.40,45.35,0.9308,-1,-1,-1
239,-1,923.64,206.63,42.92,35.84,0.9228,-1,-1,-1
239,-1,79.70,286.86,44.97,31.45,0.9223,-1,-1,-1
239,-1,166.58,155.75,55.64,69.74,0.9187,-1,-1,-1
239,-1,43.72,99.13,79.10,64.81,0.9108,-1,-1,-1
239,-1,148.92,180.90,32.76,55.92,0.9065,-1,-1,-1
239,-1,256.99,228.47,30.78,24.24,0.9059,-1,-1,-1
239,-1,874.05,344.83,32.07,19.16,0.8987,-1,-1,-1
239,-1,525.45,300.70,37.77,19.56,0.8923,-1,-1,-1
239,-1,482.21,293.91,22.40,37.69,0.8828,-1,-1,-1
239,-1,365.27,244.98,36.62,38.18,0.8751,-1,-1,-1
239,-1,193.76,324.79,33.17,15.59,0.8745,-1,-1,-1
239,-1,778.73,334.84,17.04,19.90,0.8715,-1,-1,-1
239,-1,187.84,309.18,20.03,16.19,0.8610,-1,-1,-1
239,-1,177.67,348.98,25.36,14.85,0.8602,-1,-1,-1
239,-1,490.26,236.17,18.68,16.49,0.8436,-1,-1,-1
239,-1,405.49,270.43,21.14,23.47,0.8420,-1,-1,-1
239,-1,802.37,247.25,29.14,32.20,0.8039,-1,-1,-1
239,-1,290.14,340.13,18.07,18.02,0.7915,-1,-1,-1
239,-1,0.00,109.29,113.63,114.89,0.7305,-1,-1,-1
239,-1,442.02,242.17,21.22,37.31,0.7257,-1,-1,-1
239,-1,272.22,311.67,21.08,14.25,0.7070,-1,-1,-1
239,-1,0.38,269.48,20.51,16.49,0.5904,-1,-1,-1
239,-1,748.50,333.23,15.72,14.12,0.5418,-1,-1,-1
239,-1,451.57,305.03,18.05,19.19,0.4808,-1,-1,-1
239,-1,712.14,319.96,17.77,15.55,0.4076,-1,-1,-1
240,-1,163.90,94.45,100.59,98.88,0.9406,-1,-1,-1
240,-1,141.37,178.23,33.22,57.98,0.9206,-1,-1,-1
240,-1,915.86,208.18,41.93,35.49,0.9186,-1,-1,-1
240,-1,71.17,285.91,45.70,31.50,0.9173,-1,-1,-1
240,-1,0.00,179.76,107.07,45.41,0.9144,-1,-1,-1
240,-1,250.76,227.44,30.83,24.45,0.9068,-1,-1,-1
240,-1,35.08,96.85,79.66,65.14,0.9051,-1,-1,-1
240,-1,158.73,153.82,56.46,70.92,0.9022,-1,-1,-1
240,-1,866.65,345.54,31.41,18.60,0.9010,-1,-1,-1
240,-1,520.74,300.87,36.55,19.49,0.8989,-1,-1,-1
240,-1,476.73,293.54,22.27,37.59,0.8925,-1,-1,-1
240,-1,186.24,324.57,33.89,15.23,0.8768,-1,-1,-1
240,-1,772.22,335.41,16.98,19.80,0.8740,-1,-1,-1
240,-1,283.67,340.20,18.30,17.74,0.8629,-1,-1,-1
240,-1,180.32,308.79,19.94,15.98,0.8610,-1,-1,-1
240,-1,357.97,242.82,38.60,40.37,0.8491,-1,-1,-1
240,-1,170.16,348.83,25.51,15.00,0.8486,-1,-1,-1
240,-1,795.62,248.12,28.89,31.45,0.8472,-1,-1,-1
240,-1,399.93,269.62,21.37,24.20,0.8248,-1,-1,-1
240,-1,485.83,236.28,18.16,16.71,0.7953,-1,-1,-1
240,-1,438.22,242.44,19.40,37.00,0.7705,-1,-1,-1
240,-1,265.60,311.00,21.49,14.54,0.6574,-1,-1,-1
240,-1,742.47,332.89,16.46,14.51,0.5618,-1,-1,-1
240,-1,706.38,320.13,17.14,15.76,0.4690,-1,-1,-1
240,-1,446.38,305.32,17.02,18.74,0.4680,-1,-1,-1
240,-1,0.00,267.30,19.46,18.40,0.4025,-1,-1,-1
240,-1,1002.02,376.72,21.98,11.04,0.3767,-1,-1,-1
240,-1,0.00,104.11,106.83,122.12,0.3022,-1,-1,-1
241,-1,157.60,93.14,101.04,99.82,0.9444,-1,-1,-1
241,-1,907.53,210.68,41.55,35.29,0.9212,-1,-1,-1
241,-1,63.08,285.31,46.43,31.92,0.9181,-1,-1,-1
241,-1,0.21,178.09,98.74,46.34,0.9144,-1,-1,-1
241,-1,151.90,153.11,57.08,71.66,0.9066,-1,-1,-1
241,-1,244.93,226.88,31.29,25.00,0.9058,-1,-1,-1
241,-1,134.86,178.50,33.26,56.50,0.9029,-1,-1,-1
241,-1,859.23,346.90,30.98,18.43,0.9017,-1,-1,-1
241,-1,27.15,94.90,80.46,65.75,0.8944,-1,-1,-1
241,-1,516.26,301.39,36.20,19.64,0.8916,-1,-1,-1
241,-1,472.09,294.11,22.40,37.75,0.8825,-1,-1,-1
241,-1,179.05,324.12,34.59,15.58,0.8815,-1,-1,-1
241,-1,353.12,244.96,38.03,37.90,0.8777,-1,-1,-1
241,-1,173.72,308.53,20.32,16.01,0.8722,-1,-1,-1
241,-1,394.28,270.40,22.24,23.07,0.8610,-1,-1,-1
241,-1,162.95,348.61,25.74,14.84,0.8574,-1,-1,-1
241,-1,480.62,236.66,18.02,16.08,0.8266,-1,-1,-1
241,-1,277.91,339.97,18.17,18.29,0.8239,-1,-1,-1
241,-1,788.71,250.23,29.14,32.75,0.8212,-1,-1,-1
241,-1,766.01,336.59,16.40,19.56,0.7756,-1,-1,-1
241,-1,431.91,242.79,20.58,36.12,0.7086,-1,-1,-1
241,-1,259.25,308.20,22.24,17.26,0.6293,-1,-1,-1
241,-1,735.69,333.96,16.64,14.37,0.5122,-1,-1,-1
241,-1,439.66,304.81,20.56,19.74,0.4401,-1,-1,-1
241,-1,700.50,320.19,19.52,16.32,0.3211,-1,-1,-1
241,-1,855.43,292.40,17.05,11.00,0.3060,-1,-1,-1
242,-1,146.90,91.73,103.43,100.49,0.9474,-1,-1,-1
242,-1,50.43,284.45,47.39,32.01,0.9198,-1,-1,-1
242,-1,896.37,213.00,40.47,34.98,0.9179,-1,-1,-1
242,-1,0.19,176.39,87.03,46.58,0.9169,-1,-1,-1
242,-1,142.67,151.86,56.74,70.98,0.9139,-1,-1,-1
242,-1,235.46,226.14,31.77,25.02,0.9066,-1,-1,-1
242,-1,123.38,176.27,34.53,57.79,0.9062,-1,-1,-1
242,-1,848.91,347.94,30.31,18.19,0.8969,-1,-1,-1
242,-1,508.67,301.80,36.37,19.61,0.8882,-1,-1,-1
242,-1,169.55,323.67,34.93,15.81,0.8861,-1,-1,-1
242,-1,464.57,294.46,22.28,37.66,0.8847,-1,-1,-1
242,-1,344.77,244.56,38.45,38.63,0.8766,-1,-1,-1
242,-1,14.08,92.68,82.13,66.23,0.8748,-1,-1,-1
242,-1,779.59,251.86,28.23,31.66,0.8692,-1,-1,-1
242,-1,386.58,270.33,22.39,22.71,0.8588,-1,-1,-1
242,-1,163.78,308.13,20.37,15.92,0.8558,-1,-1,-1
242,-1,152.56,348.24,26.62,15.43,0.8554,-1,-1,-1
242,-1,269.40,340.01,18.38,18.12,0.8490,-1,-1,-1
242,-1,757.08,337.05,16.44,19.90,0.8235,-1,-1,-1
242,-1,473.09,237.10,18.14,15.78,0.8092,-1,-1,-1
242,-1,250.83,307.88,22.59,17.20,0.7552,-1,-1,-1
242,-1,424.45,241.71,20.86,37.52,0.6965,-1,-1,-1
242,-1,186.19,299.01,18.54,15.01,0.5307,-1,-1,-1
242,-1,432.42,305.59,23.35,19.00,0.4797,-1,-1,-1
242,-1,727.70,335.00,15.58,14.27,0.4381,-1,-1,-1
242,-1,692.29,320.64,19.74,16.80,0.2785,-1,-1,-1
243,-1,135.70,89.42,104.61,101.74,0.9503,-1,-1,-1
243,-1,885.84,213.43,40.19,34.54,0.9217,-1,-1,-1
243,-1,38.10,283.61,48.12,31.87,0.9213,-1,-1,-1
243,-1,0.15,176.45,75.40,44.70,0.9136,-1,-1,-1
243,-1,131.24,149.94,58.35,71.59,0.9107,-1,-1,-1
243,-1,111.88,175.12,34.72,57.83,0.8978,-1,-1,-1
243,-1,225.32,225.24,33.04,25.13,0.8964,-1,-1,-1
243,-1,839.51,347.29,30.02,17.98,0.8957,-1,-1,-1
243,-1,501.15,301.47,36.95,19.34,0.8901,-1,-1,-1
243,-1,159.92,323.19,35.67,16.07,0.8850,-1,-1,-1
243,-1,457.39,294.14,22.59,37.58,0.8810,-1,-1,-1
243,-1,0.34,90.38,83.47,65.74,0.8779,-1,-1,-1
243,-1,770.86,251.87,28.16,31.02,0.8767,-1,-1,-1
243,-1,143.20,348.05,26.74,15.12,0.8764,-1,-1,-1
243,-1,337.49,242.53,38.05,39.77,0.8707,-1,-1,-1
243,-1,153.88,307.19,21.70,16.32,0.8538,-1,-1,-1
243,-1,261.47,339.09,18.82,18.92,0.8450,-1,-1,-1
243,-1,466.21,236.70,17.83,15.87,0.8363,-1,-1,-1
243,-1,379.57,269.67,21.99,23.06,0.8171,-1,-1,-1
243,-1,416.82,241.26,21.72,37.38,0.7026,-1,-1,-1
243,-1,749.16,336.82,16.21,19.30,0.6586,-1,-1,-1
243,-1,242.83,306.76,21.74,17.99,0.5542,-1,-1,-1
243,-1,426.07,305.33,24.09,18.82,0.4596,-1,-1,-1
243,-1,719.56,334.48,16.18,13.99,0.3115,-1,-1,-1
243,-1,177.67,298.68,18.18,14.82,0.2873,-1,-1,-1
244,-1,118.34,84.26,108.70,104.44,0.9471,-1,-1,-1
244,-1,17.46,281.36,49.61,32.87,0.9237,-1,-1,-1
244,-1,0.02,172.89,55.71,44.21,0.9230,-1,-1,-1
244,-1,870.55,215.53,38.92,34.38,0.9181,-1,-1,-1
244,-1,113.35,146.43,60.71,72.80,0.9103,-1,-1,-1
244,-1,211.05,223.16,33.22,25.53,0.8999,-1,-1,-1
244,-1,824.99,347.70,29.57,17.64,0.8958,-1,-1,-1
244,-1,490.54,301.19,36.11,19.31,0.8934,-1,-1,-1
244,-1,324.87,241.40,40.28,40.05,0.8906,-1,-1,-1
244,-1,93.81,171.64,35.91,58.38,0.8899,-1,-1,-1
244,-1,144.74,322.40,36.38,16.11,0.8862,-1,-1,-1
244,-1,446.69,293.37,22.16,38.40,0.8858,-1,-1,-1
244,-1,127.05,347.24,27.51,15.77,0.8726,-1,-1,-1
244,-1,138.37,305.85,21.61,16.40,0.8635,-1,-1,-1
244,-1,992.01,366.76,31.99,18.22,0.8549,-1,-1,-1
244,-1,248.11,338.59,19.34,18.70,0.8528,-1,-1,-1
244,-1,758.37,252.89,27.12,30.35,0.8457,-1,-1,-1
244,-1,368.59,268.70,21.32,23.36,0.8339,-1,-1,-1
244,-1,455.23,235.90,18.05,17.97,0.8020,-1,-1,-1
244,-1,736.65,337.11,16.13,19.04,0.7978,-1,-1,-1
244,-1,415.12,304.92,17.38,18.97,0.6182,-1,-1,-1
244,-1,0.05,84.05,65.00,67.64,0.5592,-1,-1,-1
244,-1,229.07,308.88,23.71,14.84,0.5591,-1,-1,-1
244,-1,708.06,334.06,15.37,14.86,0.5227,-1,-1,-1
244,-1,405.44,242.51,21.90,35.41,0.4924,-1,-1,-1
244,-1,673.15,321.84,17.28,15.26,0.3241,-1,-1,-1
245,-1,103.81,80.66,108.16,105.80,0.9458,-1,-1,-1
245,-1,0.00,279.73,51.65,33.92,0.9216,-1,-1,-1
245,-1,78.67,169.07,36.72,59.14,0.9157,-1,-1,-1
245,-1,99.68,143.50,60.92,74.09,0.9136,-1,-1,-1
245,-1,858.09,217.44,38.04,34.12,0.9098,-1,-1,-1
245,-1,813.53,348.09,28.72,17.57,0.9005,-1,-1,-1
245,-1,198.99,221.53,33.37,25.47,0.8996,-1,-1,-1
245,-1,0.01,168.46,39.58,46.51,0.8944,-1,-1,-1
245,-1,481.18,301.25,36.94,19.35,0.8910,-1,-1,-1
245,-1,437.29,293.53,22.45,37.65,0.8851,-1,-1,-1
245,-1,315.48,240.36,39.67,40.86,0.8842,-1,-1,-1
245,-1,976.41,367.28,33.59,17.14,0.8749,-1,-1,-1
245,-1,124.77,305.04,21.87,16.54,0.8736,-1,-1,-1
245,-1,113.18,346.84,28.31,15.69,0.8732,-1,-1,-1
245,-1,130.68,321.37,37.71,16.34,0.8695,-1,-1,-1
245,-1,237.28,338.18,19.05,18.90,0.8385,-1,-1,-1
245,-1,359.37,268.29,21.36,24.13,0.8366,-1,-1,-1
245,-1,747.45,254.01,27.10,29.11,0.8305,-1,-1,-1
245,-1,446.88,235.82,17.01,16.54,0.7942,-1,-1,-1
245,-1,726.29,337.41,15.84,19.00,0.6667,-1,-1,-1
245,-1,0.00,79.47,49.20,69.41,0.6663,-1,-1,-1
245,-1,217.64,307.88,23.44,15.41,0.6506,-1,-1,-1
245,-1,396.75,239.78,21.42,39.20,0.6089,-1,-1,-1
245,-1,406.33,304.39,17.53,19.14,0.5957,-1,-1,-1
245,-1,663.37,322.18,18.56,15.15,0.3703,-1,-1,-1
245,-1,985.95,320.97,15.75,13.86,0.2827,-1,-1,-1
245,-1,383.99,349.51,15.02,12.05,0.2546,-1,-1,-1
246,-1,94.58,77.59,110.53,107.28,0.9451,-1,-1,-1
246,-1,88.45,140.51,64.00,74.75,0.9226,-1,-1,-1
246,-1,0.05,278.42,40.29,34.66,0.9214,-1,-1,-1
246,-1,849.95,218.94,37.24,33.60,0.9159,-1,-1,-1
246,-1,191.16,220.16,33.91,26.25,0.9042,-1,-1,-1
246,-1,68.93,166.62,37.63,59.93,0.9021,-1,-1,-1
246,-1,805.88,348.43,28.33,17.56,0.8977,-1,-1,-1
246,-1,476.28,301.19,36.12,19.28,0.8954,-1,-1,-1
246,-1,308.34,239.79,40.01,40.78,0.8857,-1,-1,-1
246,-1,431.30,293.26,22.77,38.29,0.8842,-1,-1,-1
246,-1,103.50,346.12,28.78,16.06,0.8840,-1,-1,-1
246,-1,121.58,320.76,38.22,16.44,0.8704,-1,-1,-1
246,-1,115.19,304.42,22.85,16.60,0.8703,-1,-1,-1
246,-1,966.34,367.93,31.83,17.10,0.8679,-1,-1,-1
246,-1,229.55,337.71,19.37,19.19,0.8542,-1,-1,-1
246,-1,0.00,168.14,28.92,44.92,0.8324,-1,-1,-1
246,-1,352.57,267.77,21.70,23.30,0.8212,-1,-1,-1
246,-1,740.45,254.67,26.82,30.28,0.8144,-1,-1,-1
246,-1,440.38,235.61,18.82,18.36,0.8049,-1,-1,-1
246,-1,399.35,303.89,25.07,19.38,0.6264,-1,-1,-1
246,-1,141.08,295.61,19.39,14.45,0.5860,-1,-1,-1
246,-1,390.44,241.62,20.99,36.07,0.5664,-1,-1,-1
246,-1,719.47,337.46,15.51,19.35,0.3669,-1,-1,-1
246,-1,209.71,306.69,23.37,16.23,0.3630,-1,-1,-1
246,-1,377.37,349.49,15.47,12.02,0.3084,-1,-1,-1
246,-1,657.01,322.29,17.11,15.18,0.2884,-1,-1,-1
246,-1,691.37,336.22,15.58,13.31,0.2686,-1,-1,-1
247,-1,86.27,75.22,113.53,108.27,0.9539,-1,-1,-1
247,-1,80.43,138.04,64.49,75.46,0.9192,-1,-1,-1
247,-1,0.09,277.09,31.58,33.75,0.9139,-1,-1,-1
247,-1,843.01,220.12,36.69,33.55,0.9136,-1,-1,-1
247,-1,183.90,218.82,34.64,26.57,0.9054,-1,-1,-1
247,-1,60.15,164.49,38.14,60.48,0.9041,-1,-1,-1
247,-1,798.97,348.77,28.08,17.43,0.9005,-1,-1,-1
247,-1,470.21,301.21,37.10,19.35,0.8891,-1,-1,-1
247,-1,95.34,345.69,29.05,16.30,0.8852,-1,-1,-1
247,-1,426.09,293.29,22.69,38.10,0.8789,-1,-1,-1
247,-1,957.12,368.15,31.71,16.60,0.8768,-1,-1,-1
247,-1,113.88,320.26,38.20,16.45,0.8704,-1,-1,-1
247,-1,107.02,303.65,23.22,16.75,0.8635,-1,-1,-1
247,-1,346.82,267.56,21.89,22.97,0.8375,-1,-1,-1
247,-1,222.54,337.91,20.29,18.77,0.8225,-1,-1,-1
247,-1,434.76,235.20,17.81,16.65,0.8155,-1,-1,-1
247,-1,300.28,236.35,42.29,43.45,0.8071,-1,-1,-1
247,-1,734.53,255.62,26.75,27.74,0.7699,-1,-1,-1
247,-1,384.98,240.07,21.43,38.00,0.7185,-1,-1,-1
247,-1,133.42,294.82,19.49,14.75,0.6983,-1,-1,-1
247,-1,0.00,167.11,19.72,45.65,0.6111,-1,-1,-1
247,-1,394.17,304.29,18.78,19.05,0.4404,-1,-1,-1
247,-1,651.74,321.85,18.17,15.94,0.4375,-1,-1,-1
247,-1,202.65,306.57,24.34,15.82,0.4168,-1,-1,-1
247,-1,371.84,349.41,15.59,12.23,0.3952,-1,-1,-1
247,-1,713.63,337.82,15.50,19.04,0.3220,-1,-1,-1
248,-1,79.69,73.89,113.26,108.91,0.9561,-1,-1,-1
248,-1,74.60,137.28,64.18,75.45,0.9234,-1,-1,-1
248,-1,53.34,163.02,38.32,60.71,0.9134,-1,-1,-1
248,-1,178.18,218.13,35.23,26.87,0.9106,-1,-1,-1
248,-1,836.75,222.27,36.17,33.32,0.9068,-1,-1,-1
248,-1,0.00,276.03,23.96,33.58,0.9030,-1,-1,-1
248,-1,793.05,350.00,27.93,17.55,0.8943,-1,-1,-1
248,-1,465.42,301.74,37.32,19.35,0.8939,-1,-1,-1
248,-1,421.17,293.65,22.83,37.91,0.8926,-1,-1,-1
248,-1,949.27,369.68,31.24,15.40,0.8819,-1,-1,-1
248,-1,297.51,240.30,40.30,39.72,0.8740,-1,-1,-1
248,-1,87.54,345.44,29.88,16.26,0.8709,-1,-1,-1
248,-1,106.10,319.77,39.68,16.72,0.8704,-1,-1,-1
248,-1,99.81,302.86,23.64,17.35,0.8587,-1,-1,-1
248,-1,431.16,235.70,17.05,16.75,0.7936,-1,-1,-1
248,-1,126.28,294.09,20.01,15.13,0.7775,-1,-1,-1
248,-1,216.63,337.59,20.05,19.11,0.7744,-1,-1,-1
248,-1,390.11,304.14,17.29,19.39,0.6561,-1,-1,-1
248,-1,344.03,267.99,19.90,22.80,0.6253,-1,-1,-1
248,-1,729.00,257.15,26.61,30.59,0.6223,-1,-1,-1
248,-1,380.78,240.11,21.29,38.39,0.6193,-1,-1,-1
248,-1,707.81,338.78,15.56,19.37,0.4747,-1,-1,-1
248,-1,367.15,349.68,15.39,12.03,0.4472,-1,-1,-1
248,-1,680.07,337.30,15.75,13.28,0.3882,-1,-1,-1
248,-1,0.00,154.74,12.67,54.26,0.3642,-1,-1,-1
248,-1,196.74,307.43,23.95,14.90,0.3408,-1,-1,-1
249,-1,68.60,71.50,115.66,110.12,0.9510,-1,-1,-1
249,-1,63.11,135.94,65.69,75.33,0.9246,-1,-1,-1
249,-1,827.11,224.38,35.61,33.08,0.9107,-1,-1,-1
249,-1,168.71,217.56,35.26,26.79,0.9051,-1,-1,-1
249,-1,784.26,350.75,27.56,17.49,0.9013,-1,-1,-1
249,-1,41.70,160.52,39.65,62.01,0.8995,-1,-1,-1
249,-1,76.50,344.90,31.26,16.69,0.8878,-1,-1,-1
249,-1,459.51,301.86,36.48,19.48,0.8876,-1,-1,-1
249,-1,414.44,293.51,22.56,38.52,0.8840,-1,-1,-1
249,-1,96.09,319.17,39.68,16.76,0.8700,-1,-1,-1
249,-1,938.71,370.56,30.49,15.96,0.8603,-1,-1,-1
249,-1,289.63,239.25,41.32,40.83,0.8560,-1,-1,-1
249,-1,89.68,301.90,23.38,17.69,0.8474,-1,-1,-1
249,-1,720.53,258.03,26.52,29.84,0.8359,-1,-1,-1
249,-1,423.60,235.75,18.11,17.01,0.8088,-1,-1,-1
249,-1,115.73,293.26,21.09,15.37,0.7889,-1,-1,-1
249,-1,335.15,267.31,21.63,23.83,0.7788,-1,-1,-1
249,-1,208.00,337.14,20.23,19.32,0.7431,-1,-1,-1
249,-1,0.00,275.13,11.61,36.15,0.7420,-1,-1,-1
249,-1,373.76,240.58,20.75,38.49,0.6984,-1,-1,-1
249,-1,382.88,304.60,17.15,19.14,0.6982,-1,-1,-1
249,-1,187.74,307.11,24.46,14.48,0.4571,-1,-1,-1
249,-1,638.88,323.98,16.69,15.43,0.4094,-1,-1,-1
249,-1,672.86,337.92,15.08,13.34,0.3399,-1,-1,-1
249,-1,359.95,349.54,15.40,12.24,0.3313,-1,-1,-1
249,-1,700.34,339.77,15.29,18.76,0.2584,-1,-1,-1
250,-1,57.00,68.59,118.05,111.51,0.9495,-1,-1,-1
250,-1,50.94,133.52,68.11,76.35,0.9229,-1,-1,-1
250,-1,818.88,224.95,35.11,33.00,0.9168,-1,-1,-1
250,-1,159.54,216.16,35.17,27.31,0.8955,-1,-1,-1
250,-1,776.35,350.58,26.83,17.29,0.8952,-1,-1,-1
250,-1,29.90,159.85,40.18,61.00,0.8939,-1,-1,-1
250,-1,452.88,301.73,36.55,19.37,0.8885,-1,-1,-1
250,-1,407.81,293.15,22.95,38.25,0.8873,-1,-1,-1
250,-1,283.28,238.10,40.25,41.70,0.8860,-1,-1,-1
250,-1,67.63,344.33,30.96,16.73,0.8858,-1,-1,-1
250,-1,86.67,318.54,40.58,16.87,0.8658,-1,-1,-1
250,-1,928.12,370.10,30.80,15.35,0.8571,-1,-1,-1
250,-1,79.79,301.36,24.31,17.46,0.8417,-1,-1,-1
250,-1,416.53,235.47,19.17,17.91,0.8174,-1,-1,-1
250,-1,327.99,266.89,21.93,23.56,0.8135,-1,-1,-1
250,-1,714.08,258.57,25.47,25.44,0.8076,-1,-1,-1
250,-1,200.19,336.72,20.73,19.24,0.7818,-1,-1,-1
250,-1,106.21,292.43,21.95,15.64,0.6913,-1,-1,-1
250,-1,365.49,239.85,22.43,37.16,0.6857,-1,-1,-1
250,-1,179.56,306.73,25.57,14.41,0.5690,-1,-1,-1
250,-1,693.46,339.48,15.51,18.88,0.4935,-1,-1,-1
250,-1,374.99,303.47,24.73,19.78,0.4668,-1,-1,-1
250,-1,352.81,349.51,15.73,12.02,0.4651,-1,-1,-1
250,-1,1011.07,61.51,12.93,34.65,0.4469,-1,-1,-1
250,-1,632.45,324.29,16.78,14.94,0.2872,-1,-1,-1
251,-1,38.13,63.69,121.61,113.33,0.9475,-1,-1,-1
251,-1,32.43,129.25,69.23,78.15,0.9196,-1,-1,-1
251,-1,805.84,225.49,34.55,33.03,0.9073,-1,-1,-1
251,-1,9.59,155.10,41.88,63.09,0.9057,-1,-1,-1
251,-1,143.88,213.80,36.24,27.87,0.9009,-1,-1,-1
251,-1,442.56,301.07,36.82,19.20,0.8934,-1,-1,-1
251,-1,764.11,350.43,26.46,17.09,0.8914,-1,-1,-1
251,-1,397.01,292.34,23.31,38.13,0.8908,-1,-1,-1
251,-1,50.72,343.53,31.66,16.76,0.8846,-1,-1,-1
251,-1,992.37,67.77,31.63,46.80,0.8846,-1,-1,-1
251,-1,271.11,237.29,40.91,40.87,0.8803,-1,-1,-1
251,-1,69.97,316.98,41.91,17.54,0.8802,-1,-1,-1
251,-1,186.82,336.19,20.96,19.24,0.8597,-1,-1,-1
251,-1,912.82,369.65,30.07,15.17,0.8587,-1,-1,-1
251,-1,316.10,265.94,22.68,24.02,0.8533,-1,-1,-1
251,-1,63.52,300.01,24.35,17.51,0.8525,-1,-1,-1
251,-1,407.28,234.08,17.86,17.04,0.7896,-1,-1,-1
251,-1,702.94,258.80,24.77,27.91,0.7302,-1,-1,-1
251,-1,91.19,291.07,21.44,15.58,0.7231,-1,-1,-1
251,-1,355.03,239.24,22.24,37.90,0.6473,-1,-1,-1
251,-1,365.61,302.55,25.11,19.84,0.6232,-1,-1,-1
251,-1,341.88,348.87,16.10,12.27,0.4881,-1,-1,-1
251,-1,682.64,339.02,15.30,18.63,0.3300,-1,-1,-1
251,-1,166.43,303.51,25.01,16.70,0.3152,-1,-1,-1
252,-1,17.66,58.15,125.07,115.64,0.9483,-1,-1,-1
252,-1,11.68,124.87,72.33,78.49,0.9276,-1,-1,-1
252,-1,127.59,211.51,36.92,28.05,0.9207,-1,-1,-1
252,-1,792.17,227.46,34.03,32.49,0.9154,-1,-1,-1
252,-1,431.97,300.92,37.08,19.40,0.8966,-1,-1,-1
252,-1,52.11,316.01,43.23,17.59,0.8921,-1,-1,-1
252,-1,751.21,350.71,26.62,16.89,0.8901,-1,-1,-1
252,-1,257.71,235.11,42.39,42.39,0.8783,-1,-1,-1
252,-1,386.03,292.40,23.18,37.84,0.8766,-1,-1,-1
252,-1,31.66,342.64,33.11,17.10,0.8666,-1,-1,-1
252,-1,972.63,73.24,45.56,46.35,0.8600,-1,-1,-1
252,-1,897.30,370.09,28.82,14.90,0.8584,-1,-1,-1
252,-1,45.41,298.46,25.42,17.28,0.8176,-1,-1,-1
252,-1,304.34,264.85,22.84,23.66,0.8168,-1,-1,-1
252,-1,690.55,259.71,25.39,28.89,0.8102,-1,-1,-1
252,-1,72.88,289.24,23.21,16.33,0.8099,-1,-1,-1
252,-1,395.61,233.08,18.84,17.26,0.7952,-1,-1,-1
252,-1,172.49,335.62,21.70,19.59,0.7894,-1,-1,-1
252,-1,0.00,145.03,32.33,69.85,0.5933,-1,-1,-1
252,-1,343.38,238.01,22.63,39.10,0.5754,-1,-1,-1
252,-1,0.00,145.66,32.24,69.41,0.5460,-1,-1,-1
252,-1,352.97,302.29,25.34,20.03,0.5176,-1,-1,-1
252,-1,330.09,348.66,16.24,12.40,0.5102,-1,-1,-1
252,-1,612.01,323.54,16.81,15.44,0.4703,-1,-1,-1
252,-1,150.70,300.49,25.45,18.87,0.4041,-1,-1,-1
252,-1,100.72,227.95,18.63,15.76,0.3250,-1,-1,-1
253,-1,2.63,52.83,128.83,118.47,0.9490,-1,-1,-1
253,-1,0.26,121.08,70.64,80.99,0.9194,-1,-1,-1
253,-1,115.55,209.03,38.25,28.42,0.9111,-1,-1,-1
253,-1,783.07,228.95,32.95,32.00,0.9103,-1,-1,-1
253,-1,248.35,235.06,43.08,41.93,0.8982,-1,-1,-1
253,-1,424.10,300.72,37.32,19.44,0.8948,-1,-1,-1
253,-1,377.95,291.87,23.48,38.28,0.8879,-1,-1,-1
253,-1,38.13,314.95,44.44,17.79,0.8846,-1,-1,-1
253,-1,742.27,351.08,25.97,16.82,0.8833,-1,-1,-1
253,-1,17.33,341.94,34.43,17.22,0.8765,-1,-1,-1
253,-1,886.11,370.51,28.09,14.19,0.8730,-1,-1,-1
253,-1,31.63,297.36,26.17,17.64,0.8658,-1,-1,-1
253,-1,161.57,335.26,21.86,19.31,0.8497,-1,-1,-1
253,-1,295.58,264.12,22.57,24.21,0.8468,-1,-1,-1
253,-1,387.62,232.91,18.74,16.93,0.8329,-1,-1,-1
253,-1,961.66,77.16,41.23,45.99,0.8145,-1,-1,-1
253,-1,682.36,260.47,25.02,26.01,0.7573,-1,-1,-1
253,-1,60.98,287.78,22.39,16.12,0.7267,-1,-1,-1
253,-1,139.29,300.52,25.75,17.96,0.7099,-1,-1,-1
253,-1,334.32,236.38,23.58,39.01,0.6969,-1,-1,-1
253,-1,0.04,145.14,17.81,68.11,0.6627,-1,-1,-1
253,-1,321.38,348.37,16.61,12.42,0.6221,-1,-1,-1
253,-1,344.83,301.68,20.69,20.12,0.4948,-1,-1,-1
253,-1,88.05,226.46,18.84,15.03,0.2822,-1,-1,-1
254,-1,0.27,49.82,119.79,119.89,0.9420,-1,-1,-1
254,-1,0.00,118.33,60.49,82.87,0.9208,-1,-1,-1
254,-1,774.00,231.31,32.46,31.81,0.9046,-1,-1,-1
254,-1,104.68,208.01,39.58,28.70,0.9024,-1,-1,-1
254,-1,239.96,234.70,43.62,41.59,0.8971,-1,-1,-1
254,-1,370.48,291.90,23.73,38.83,0.8962,-1,-1,-1
254,-1,416.29,301.17,37.87,19.47,0.8934,-1,-1,-1
254,-1,948.10,83.25,43.85,44.97,0.8932,-1,-1,-1
254,-1,733.91,352.48,25.53,16.74,0.8847,-1,-1,-1
254,-1,25.97,314.14,45.42,17.77,0.8838,-1,-1,-1
254,-1,4.94,341.25,34.39,17.60,0.8774,-1,-1,-1
254,-1,19.23,296.06,27.11,17.88,0.8672,-1,-1,-1
254,-1,876.17,371.95,26.63,14.73,0.8626,-1,-1,-1
254,-1,287.68,263.75,23.11,24.51,0.8377,-1,-1,-1
254,-1,151.96,334.27,22.34,19.99,0.8248,-1,-1,-1
254,-1,379.88,233.15,19.44,17.20,0.8216,-1,-1,-1
254,-1,129.55,302.79,26.41,15.11,0.8011,-1,-1,-1
254,-1,674.44,262.00,24.43,30.06,0.8010,-1,-1,-1
254,-1,48.97,287.08,23.48,16.08,0.7598,-1,-1,-1
254,-1,327.56,236.80,22.54,39.13,0.7058,-1,-1,-1
254,-1,313.49,348.42,16.74,12.53,0.5979,-1,-1,-1
254,-1,77.78,225.38,18.94,15.37,0.2889,-1,-1,-1
254,-1,596.73,325.14,16.78,14.83,0.2771,-1,-1,-1
254,-1,336.66,302.65,19.53,19.44,0.2614,-1,-1,-1
255,-1,0.00,39.84,108.78,121.99,0.9428,-1,-1,-1
255,-1,92.94,201.07,39.75,29.88,0.9102,-1,-1,-1
255,-1,766.37,236.32,31.86,31.87,0.9060,-1,-1,-1
255,-1,409.89,299.68,36.92,19.57,0.8979,-1,-1,-1
255,-1,13.23,305.98,46.38,18.42,0.8959,-1,-1,-1
255,-1,724.71,356.10,25.45,16.19,0.8931,-1,-1,-1
255,-1,363.08,289.37,23.25,39.34,0.8898,-1,-1,-1
255,-1,0.00,333.22,27.38,17.95,0.8839,-1,-1,-1
255,-1,232.91,228.21,42.36,43.79,0.8752,-1,-1,-1
255,-1,6.30,287.77,28.25,17.96,0.8747,-1,-1,-1
255,-1,936.88,94.02,41.20,44.77,0.8712,-1,-1,-1
255,-1,864.77,377.36,26.78,15.20,0.8617,-1,-1,-1
255,-1,141.97,328.42,22.51,19.89,0.8432,-1,-1,-1
255,-1,280.43,260.02,23.37,24.63,0.8379,-1,-1,-1
255,-1,0.00,90.52,48.15,100.42,0.8289,-1,-1,-1
255,-1,373.68,230.84,18.43,17.07,0.8222,-1,-1,-1
255,-1,38.59,278.74,23.12,16.08,0.7664,-1,-1,-1
255,-1,319.34,230.58,23.94,41.83,0.7277,-1,-1,-1
255,-1,994.38,280.39,29.62,54.24,0.6168,-1,-1,-1
255,-1,329.74,298.93,24.22,20.49,0.5979,-1,-1,-1
255,-1,119.63,293.69,28.00,17.63,0.5253,-1,-1,-1
255,-1,304.88,345.31,16.61,12.37,0.4233,-1,-1,-1
255,-1,64.57,217.61,20.09,15.75,0.3110,-1,-1,-1
255,-1,589.84,326.28,17.05,15.02,0.2977,-1,-1,-1
256,-1,0.02,32.37,101.06,125.89,0.9273,-1,-1,-1
256,-1,763.01,237.59,32.26,31.89,0.9057,-1,-1,-1
256,-1,85.93,198.14,38.60,29.46,0.9052,-1,-1,-1
256,-1,229.72,227.70,42.47,42.36,0.9041,-1,-1,-1
256,-1,407.28,298.71,36.82,19.60,0.8932,-1,-1,-1
256,-1,721.26,357.34,25.36,16.00,0.8896,-1,-1,-1
256,-1,359.65,288.31,23.32,39.09,0.8875,-1,-1,-1
256,-1,9.43,302.55,46.76,18.77,0.8774,-1,-1,-1
256,-1,139.19,325.98,22.51,19.82,0.8767,-1,-1,-1
256,-1,930.33,96.65,40.93,45.34,0.8750,-1,-1,-1
256,-1,0.00,330.02,23.25,17.57,0.8703,-1,-1,-1
256,-1,861.65,379.10,26.69,14.57,0.8656,-1,-1,-1
256,-1,2.18,284.28,28.47,18.46,0.8548,-1,-1,-1
256,-1,275.95,258.65,24.64,24.01,0.8436,-1,-1,-1
256,-1,0.01,92.52,40.56,97.15,0.8308,-1,-1,-1
256,-1,370.83,229.68,19.24,16.67,0.8239,-1,-1,-1
256,-1,985.75,285.35,38.25,53.56,0.8232,-1,-1,-1
256,-1,34.31,275.65,23.98,16.47,0.8229,-1,-1,-1
256,-1,116.78,293.30,26.14,15.21,0.7971,-1,-1,-1
256,-1,664.53,265.87,24.08,27.20,0.7065,-1,-1,-1
256,-1,316.62,230.97,24.21,39.65,0.6737,-1,-1,-1
256,-1,301.35,343.59,16.68,12.61,0.6515,-1,-1,-1
256,-1,327.00,297.44,17.95,20.54,0.6383,-1,-1,-1
256,-1,1017.69,328.81,6.31,40.57,0.4029,-1,-1,-1
257,-1,0.03,36.13,89.79,126.14,0.9221,-1,-1,-1
257,-1,74.76,201.64,39.45,29.17,0.9077,-1,-1,-1
257,-1,758.07,233.34,32.36,32.15,0.9031,-1,-1,-1
257,-1,403.13,298.93,37.15,19.57,0.9021,-1,-1,-1
257,-1,978.01,280.62,45.99,50.00,0.8941,-1,-1,-1
257,-1,224.55,228.33,42.34,43.21,0.8910,-1,-1,-1
257,-1,5.82,307.41,46.20,18.47,0.8909,-1,-1,-1
257,-1,354.92,289.01,23.52,39.00,0.8867,-1,-1,-1
257,-1,0.00,289.29,25.92,17.91,0.8858,-1,-1,-1
257,-1,918.18,90.11,43.17,45.20,0.8845,-1,-1,-1
257,-1,717.62,353.68,25.20,16.41,0.8830,-1,-1,-1
257,-1,0.00,334.76,19.44,17.99,0.8642,-1,-1,-1
257,-1,859.90,374.25,26.12,13.96,0.8403,-1,-1,-1
257,-1,136.60,329.32,22.89,20.10,0.8276,-1,-1,-1
257,-1,29.87,280.23,24.36,16.24,0.8226,-1,-1,-1
257,-1,365.71,230.39,18.54,17.13,0.8020,-1,-1,-1
257,-1,272.49,259.99,23.90,24.52,0.7966,-1,-1,-1
257,-1,311.30,233.98,24.41,38.05,0.7617,-1,-1,-1
257,-1,323.18,298.74,17.90,20.55,0.7339,-1,-1,-1
257,-1,47.43,218.16,19.87,16.48,0.6018,-1,-1,-1
257,-1,297.74,345.25,16.81,12.40,0.5779,-1,-1,-1
257,-1,0.01,108.63,27.41,77.45,0.5733,-1,-1,-1
257,-1,113.90,295.76,27.92,16.77,0.5296,-1,-1,-1
257,-1,1014.48,327.82,9.52,35.44,0.4228,-1,-1,-1
257,-1,659.96,263.04,23.89,27.67,0.3696,-1,-1,-1
258,-1,967.25,274.31,56.75,51.06,0.9186,-1,-1,-1
258,-1,219.89,235.39,42.33,41.89,0.9087,-1,-1,-1
258,-1,64.47,209.67,39.72,29.26,0.9055,-1,-1,-1
258,-1,752.17,232.57,32.83,31.69,0.8986,-1,-1,-1
258,-1,714.06,352.91,25.46,16.42,0.8954,-1,-1,-1
258,-1,0.06,45.83,79.02,125.27,0.8901,-1,-1,-1
258,-1,400.00,302.43,36.01,19.48,0.8897,-1,-1,-1
258,-1,350.76,293.56,24.25,38.66,0.8896,-1,-1,-1
258,-1,1.75,316.42,47.43,18.26,0.8821,-1,-1,-1
258,-1,905.45,87.67,43.09,45.05,0.8765,-1,-1,-1
258,-1,858.19,371.56,26.51,15.03,0.8676,-1,-1,-1
258,-1,134.04,336.21,23.15,20.52,0.8516,-1,-1,-1
258,-1,0.00,298.18,22.21,18.37,0.8450,-1,-1,-1
258,-1,0.00,344.39,16.77,17.45,0.8376,-1,-1,-1
258,-1,268.10,265.60,23.32,24.77,0.8278,-1,-1,-1
258,-1,359.82,234.54,20.19,18.28,0.8196,-1,-1,-1
258,-1,306.47,238.07,24.53,39.44,0.8128,-1,-1,-1
258,-1,318.99,303.76,17.57,20.24,0.8068,-1,-1,-1
258,-1,655.31,263.18,23.16,24.98,0.7937,-1,-1,-1
258,-1,0.00,123.37,16.03,62.03,0.7383,-1,-1,-1
258,-1,25.15,288.83,25.86,16.43,0.7375,-1,-1,-1
258,-1,294.08,350.30,16.83,12.53,0.6300,-1,-1,-1
258,-1,1010.16,323.96,13.84,35.46,0.5529,-1,-1,-1
258,-1,111.52,303.00,27.50,17.03,0.3881,-1,-1,-1
258,-1,36.80,226.67,21.05,16.29,0.3636,-1,-1,-1
258,-1,581.96,326.19,17.16,14.94,0.2632,-1,-1,-1
259,-1,960.44,273.00,63.56,52.08,0.9304,-1,-1,-1
259,-1,216.53,236.22,43.08,42.77,0.9079,-1,-1,-1
259,-1,56.45,210.81,40.67,28.82,0.9077,-1,-1,-1
259,-1,748.94,232.72,32.74,31.52,0.9058,-1,-1,-1
259,-1,0.10,55.72,71.10,116.36,0.8919,-1,-1,-1
259,-1,347.43,294.06,23.85,38.47,0.8906,-1,-1,-1
259,-1,397.28,303.20,36.28,19.44,0.8867,-1,-1,-1
259,-1,896.84,87.72,44.20,45.25,0.8866,-1,-1,-1
259,-1,711.07,353.07,26.02,16.42,0.8864,-1,-1,-1
259,-1,132.45,337.33,22.93,20.58,0.8855,-1,-1,-1
259,-1,0.44,317.34,45.02,18.57,0.8767,-1,-1,-1
259,-1,856.25,371.90,26.49,14.61,0.8637,-1,-1,-1
259,-1,0.03,299.68,19.21,17.45,0.8224,-1,-1,-1
259,-1,356.80,235.42,19.41,18.35,0.8181,-1,-1,-1
259,-1,315.94,303.79,18.36,21.07,0.8037,-1,-1,-1
259,-1,265.04,267.13,24.03,22.87,0.7871,-1,-1,-1
259,-1,0.00,346.15,14.60,16.42,0.7804,-1,-1,-1
259,-1,22.32,289.92,26.34,16.55,0.7682,-1,-1,-1
259,-1,303.37,235.31,25.30,43.12,0.7541,-1,-1,-1
259,-1,652.71,263.56,22.30,24.03,0.5577,-1,-1,-1
259,-1,291.33,350.95,16.80,12.88,0.4511,-1,-1,-1
259,-1,29.25,227.76,21.22,16.22,0.3946,-1,-1,-1
259,-1,0.00,131.94,7.25,45.65,0.3538,-1,-1,-1
259,-1,109.46,303.93,27.38,17.29,0.3284,-1,-1,-1
259,-1,109.54,304.11,26.91,17.01,0.2989,-1,-1,-1
260,-1,953.82,272.13,70.18,52.95,0.9272,-1,-1,-1
260,-1,48.64,211.53,40.88,28.75,0.9092,-1,-1,-1
260,-1,213.26,236.03,42.97,43.10,0.9075,-1,-1,-1
260,-1,745.77,232.74,33.26,31.48,0.9030,-1,-1,-1
260,-1,395.03,303.47,36.30,19.63,0.8969,-1,-1,-1
260,-1,708.34,353.01,25.83,16.53,0.8943,-1,-1,-1
260,-1,0.02,62.19,64.18,110.84,0.8908,-1,-1,-1
260,-1,0.03,318.22,43.38,18.22,0.8819,-1,-1,-1
260,-1,889.08,87.59,44.47,45.69,0.8717,-1,-1,-1
260,-1,344.17,294.53,24.40,37.88,0.8707,-1,-1,-1
260,-1,855.12,371.61,25.99,13.79,0.8650,-1,-1,-1
260,-1,130.94,337.74,22.43,20.47,0.8580,-1,-1,-1
260,-1,354.04,235.24,19.57,17.35,0.8355,-1,-1,-1
260,-1,0.03,300.07,16.59,17.11,0.8272,-1,-1,-1
260,-1,20.75,290.48,24.99,16.68,0.8254,-1,-1,-1
260,-1,299.80,237.20,25.53,42.41,0.7984,-1,-1,-1
260,-1,313.10,304.61,18.50,20.56,0.7253,-1,-1,-1
260,-1,0.00,346.65,11.75,16.14,0.7024,-1,-1,-1
260,-1,262.52,268.75,23.55,21.97,0.6301,-1,-1,-1
260,-1,107.64,305.25,27.11,16.39,0.5488,-1,-1,-1
260,-1,649.48,263.73,22.94,23.95,0.4112,-1,-1,-1
261,-1,946.03,272.18,77.97,52.63,0.9294,-1,-1,-1
261,-1,211.13,237.18,41.98,42.51,0.9133,-1,-1,-1
261,-1,41.56,212.19,40.57,28.65,0.9113,-1,-1,-1
261,-1,879.43,87.26,47.24,45.66,0.9092,-1,-1,-1
261,-1,742.39,232.48,33.56,31.79,0.9011,-1,-1,-1
261,-1,392.63,303.53,36.10,19.63,0.8943,-1,-1,-1
261,-1,705.81,353.02,25.84,16.27,0.8939,-1,-1,-1
261,-1,0.00,318.74,39.83,18.45,0.8821,-1,-1,-1
261,-1,341.68,294.99,24.07,38.01,0.8815,-1,-1,-1
261,-1,129.12,337.93,22.73,20.54,0.8590,-1,-1,-1
261,-1,852.36,371.04,26.81,14.57,0.8590,-1,-1,-1
261,-1,0.00,62.59,57.18,110.67,0.8493,-1,-1,-1
261,-1,297.34,236.82,25.31,43.27,0.8334,-1,-1,-1
261,-1,350.82,236.03,19.89,17.77,0.8287,-1,-1,-1
261,-1,17.99,290.51,25.74,17.09,0.8132,-1,-1,-1
261,-1,0.00,300.56,14.45,15.92,0.8130,-1,-1,-1
261,-1,258.71,267.52,24.77,22.65,0.8051,-1,-1,-1
261,-1,310.61,304.75,17.80,20.59,0.7881,-1,-1,-1
261,-1,285.61,351.41,16.89,12.67,0.6232,-1,-1,-1
261,-1,105.93,305.99,28.42,15.92,0.4870,-1,-1,-1
261,-1,647.15,263.45,22.38,25.02,0.4436,-1,-1,-1
261,-1,0.00,348.05,9.46,14.70,0.4191,-1,-1,-1
261,-1,11.17,228.45,25.55,16.90,0.3347,-1,-1,-1
262,-1,939.47,271.30,84.53,52.99,0.9309,-1,-1,-1
262,-1,33.84,212.27,40.84,28.67,0.9108,-1,-1,-1
262,-1,739.75,232.49,33.43,31.49,0.9068,-1,-1,-1
262,-1,208.60,237.34,41.68,41.68,0.9010,-1,-1,-1
262,-1,871.71,87.13,47.81,46.27,0.9007,-1,-1,-1
262,-1,389.50,303.57,37.00,19.52,0.8903,-1,-1,-1
262,-1,702.80,352.84,26.05,16.32,0.8887,-1,-1,-1
262,-1,0.00,318.92,37.89,18.22,0.8841,-1,-1,-1
262,-1,338.40,294.52,24.27,38.41,0.8761,-1,-1,-1
262,-1,851.56,370.86,26.01,14.66,0.8625,-1,-1,-1
262,-1,127.41,338.20,23.20,20.19,0.8557,-1,-1,-1
262,-1,0.00,69.40,48.97,104.59,0.8397,-1,-1,-1
262,-1,347.29,235.99,20.22,17.79,0.8355,-1,-1,-1
262,-1,294.64,238.34,25.35,41.20,0.8237,-1,-1,-1
262,-1,256.26,268.90,24.83,21.95,0.8210,-1,-1,-1
262,-1,15.64,290.50,26.02,17.37,0.8115,-1,-1,-1
262,-1,307.69,304.54,17.93,20.91,0.7677,-1,-1,-1
262,-1,0.00,300.43,11.73,15.27,0.7152,-1,-1,-1
262,-1,5.93,228.53,23.50,16.75,0.5904,-1,-1,-1
262,-1,104.56,305.55,27.61,16.43,0.5334,-1,-1,-1
262,-1,644.45,263.13,21.57,24.34,0.5215,-1,-1,-1
262,-1,282.71,351.48,17.16,12.89,0.5161,-1,-1,-1
263,-1,932.50,270.63,91.50,53.49,0.9321,-1,-1,-1
263,-1,205.00,238.16,43.10,40.49,0.9138,-1,-1,-1
263,-1,25.77,212.33,41.38,28.52,0.9125,-1,-1,-1
263,-1,865.86,86.65,47.15,46.42,0.9050,-1,-1,-1
263,-1,736.85,232.17,33.57,31.56,0.9047,-1,-1,-1
263,-1,387.51,303.50,36.21,19.29,0.8981,-1,-1,-1
263,-1,700.41,352.58,25.55,16.36,0.8943,-1,-1,-1
263,-1,0.00,318.65,35.34,18.42,0.8854,-1,-1,-1
263,-1,335.44,294.37,24.29,38.48,0.8810,-1,-1,-1
263,-1,849.76,370.59,26.06,14.57,0.8705,-1,-1,-1
263,-1,126.02,337.79,22.63,20.50,0.8583,-1,-1,-1
263,-1,292.04,238.43,25.07,41.22,0.8538,-1,-1,-1
263,-1,343.84,235.57,20.82,17.84,0.8255,-1,-1,-1
263,-1,0.11,73.74,41.52,100.06,0.8114,-1,-1,-1
263,-1,254.66,267.45,23.72,23.12,0.7649,-1,-1,-1
263,-1,641.87,262.79,21.69,24.06,0.6561,-1,-1,-1
263,-1,305.04,304.59,17.67,20.84,0.6369,-1,-1,-1
263,-1,13.60,290.28,25.89,17.01,0.5790,-1,-1,-1
263,-1,0.00,300.38,8.89,14.89,0.5227,-1,-1,-1
263,-1,103.05,305.60,26.92,16.31,0.5125,-1,-1,-1
263,-1,280.34,351.57,16.70,12.47,0.3463,-1,-1,-1
263,-1,574.25,326.08,18.43,15.08,0.3080,-1,-1,-1
263,-1,0.03,228.07,24.10,16.74,0.3052,-1,-1,-1
263,-1,344.96,327.71,20.79,12.02,0.2534,-1,-1,-1
264,-1,925.20,270.41,98.80,53.44,0.9389,-1,-1,-1
264,-1,857.65,86.26,48.89,46.69,0.9147,-1,-1,-1
264,-1,18.84,211.70,40.98,28.75,0.9118,-1,-1,-1
264,-1,201.71,237.18,42.98,40.66,0.9094,-1,-1,-1
264,-1,733.77,231.82,33.77,31.50,0.8989,-1,-1,-1
264,-1,332.68,294.18,24.23,38.30,0.8953,-1,-1,-1
264,-1,384.72,303.18,36.67,19.40,0.8919,-1,-1,-1
264,-1,697.93,352.32,25.74,16.13,0.8912,-1,-1,-1
264,-1,0.02,317.87,32.59,18.68,0.8858,-1,-1,-1
264,-1,124.31,337.70,22.67,20.28,0.8787,-1,-1,-1
264,-1,848.02,370.78,26.16,14.09,0.8643,-1,-1,-1
264,-1,289.33,238.05,25.23,41.31,0.8471,-1,-1,-1
264,-1,341.56,235.17,20.15,17.98,0.8244,-1,-1,-1
264,-1,10.16,290.11,26.18,16.98,0.7960,-1,-1,-1
264,-1,302.11,304.35,17.59,20.65,0.7744,-1,-1,-1
264,-1,0.00,79.38,33.76,93.65,0.7401,-1,-1,-1
264,-1,252.55,266.34,22.89,22.17,0.7215,-1,-1,-1
264,-1,101.48,304.96,28.05,16.77,0.5945,-1,-1,-1
264,-1,277.36,351.13,17.16,12.65,0.5805,-1,-1,-1
264,-1,639.76,262.70,20.91,24.44,0.2810,-1,-1,-1
265,-1,918.88,270.31,105.12,53.23,0.9365,-1,-1,-1
265,-1,851.74,85.85,47.99,46.52,0.9143,-1,-1,-1
265,-1,199.71,236.96,42.54,40.94,0.9109,-1,-1,-1
265,-1,11.57,210.63,40.29,29.19,0.9100,-1,-1,-1
265,-1,731.33,231.46,33.55,31.38,0.9052,-1,-1,-1
265,-1,695.07,351.95,26.27,16.18,0.8900,-1,-1,-1
265,-1,382.58,302.57,35.52,19.46,0.8889,-1,-1,-1
265,-1,329.79,293.88,24.16,37.94,0.8731,-1,-1,-1
265,-1,122.66,337.27,23.05,20.17,0.8703,-1,-1,-1
265,-1,0.04,317.28,29.53,18.69,0.8634,-1,-1,-1
265,-1,846.87,370.33,25.67,14.19,0.8503,-1,-1,-1
265,-1,286.54,237.91,25.79,40.91,0.8439,-1,-1,-1
265,-1,248.07,265.68,25.52,24.21,0.8367,-1,-1,-1
265,-1,339.04,233.88,20.66,18.44,0.8339,-1,-1,-1
265,-1,299.49,303.88,17.50,20.61,0.7391,-1,-1,-1
265,-1,7.91,289.28,25.82,17.41,0.6855,-1,-1,-1
265,-1,0.00,79.95,27.11,93.37,0.6742,-1,-1,-1
265,-1,636.97,262.20,20.45,25.86,0.5965,-1,-1,-1
265,-1,274.95,350.64,16.79,12.76,0.5891,-1,-1,-1
265,-1,342.04,325.89,19.79,12.07,0.4074,-1,-1,-1
266,-1,912.51,270.12,111.49,53.21,0.9388,-1,-1,-1
266,-1,846.97,85.49,46.50,46.89,0.9136,-1,-1,-1
266,-1,197.08,236.24,42.31,40.17,0.9127,-1,-1,-1
266,-1,4.40,209.85,41.09,29.05,0.9093,-1,-1,-1
266,-1,728.62,231.13,33.88,31.31,0.9059,-1,-1,-1
266,-1,379.74,301.89,36.23,19.55,0.9002,-1,-1,-1
266,-1,692.54,351.70,26.19,16.19,0.8922,-1,-1,-1
266,-1,0.01,316.98,27.11,18.27,0.8825,-1,-1,-1
266,-1,326.90,292.84,24.22,38.69,0.8802,-1,-1,-1
266,-1,120.84,336.67,23.36,20.03,0.8719,-1,-1,-1
266,-1,284.01,237.43,25.26,41.69,0.8634,-1,-1,-1
266,-1,845.14,369.69,25.67,14.55,0.8445,-1,-1,-1
266,-1,336.24,233.66,20.06,17.76,0.8298,-1,-1,-1
266,-1,246.49,265.07,24.63,23.41,0.8257,-1,-1,-1
266,-1,5.19,287.20,25.40,18.39,0.7221,-1,-1,-1
266,-1,296.71,303.30,17.33,20.32,0.6941,-1,-1,-1
266,-1,97.92,303.32,28.93,16.83,0.5462,-1,-1,-1
266,-1,272.13,349.84,16.75,12.54,0.5352,-1,-1,-1
266,-1,338.81,325.03,21.59,12.27,0.4900,-1,-1,-1
266,-1,0.00,87.25,19.78,84.70,0.4792,-1,-1,-1
266,-1,634.42,261.85,20.57,23.84,0.4594,-1,-1,-1
267,-1,905.31,270.15,117.19,52.92,0.9419,-1,-1,-1
267,-1,0.00,208.69,37.91,29.15,0.9145,-1,-1,-1
267,-1,838.16,84.86,49.00,47.12,0.9112,-1,-1,-1
267,-1,725.96,230.67,33.92,31.39,0.9051,-1,-1,-1
267,-1,194.19,236.02,42.08,39.93,0.9033,-1,-1,-1
267,-1,689.85,351.09,26.09,16.38,0.8961,-1,-1,-1
267,-1,377.93,301.24,35.78,19.59,0.8945,-1,-1,-1
267,-1,324.12,292.07,24.24,38.59,0.8925,-1,-1,-1
267,-1,0.00,316.12,25.10,17.85,0.8778,-1,-1,-1
267,-1,119.39,335.45,23.54,20.33,0.8762,-1,-1,-1
267,-1,843.77,369.40,25.50,14.42,0.8392,-1,-1,-1
267,-1,333.54,233.05,20.60,18.24,0.8194,-1,-1,-1
267,-1,243.00,264.11,24.96,23.77,0.7949,-1,-1,-1
267,-1,281.55,235.96,25.50,42.34,0.7804,-1,-1,-1
267,-1,293.88,302.86,17.49,19.67,0.7684,-1,-1,-1
267,-1,3.32,286.90,24.42,17.95,0.7421,-1,-1,-1
267,-1,268.94,349.29,17.35,12.56,0.5559,-1,-1,-1
267,-1,337.30,324.28,21.68,12.66,0.4989,-1,-1,-1
267,-1,96.52,300.55,27.72,18.70,0.4427,-1,-1,-1
267,-1,0.00,103.97,12.75,66.84,0.2816,-1,-1,-1
268,-1,899.02,269.90,114.11,52.98,0.9370,-1,-1,-1
268,-1,832.04,84.23,49.04,47.58,0.9086,-1,-1,-1
268,-1,723.94,230.20,33.31,31.62,0.9085,-1,-1,-1
268,-1,0.07,207.62,30.54,28.80,0.9054,-1,-1,-1
268,-1,191.17,234.33,43.09,40.90,0.8998,-1,-1,-1
268,-1,375.75,300.61,35.95,19.53,0.8965,-1,-1,-1
268,-1,687.14,350.77,26.42,16.34,0.8883,-1,-1,-1
268,-1,0.05,315.25,22.37,17.75,0.8782,-1,-1,-1
268,-1,117.49,334.79,23.57,20.11,0.8761,-1,-1,-1
268,-1,321.27,291.40,24.14,38.41,0.8761,-1,-1,-1
268,-1,278.59,235.11,26.32,41.45,0.8444,-1,-1,-1
268,-1,842.36,369.18,25.33,14.81,0.8393,-1,-1,-1
268,-1,330.65,232.46,20.50,17.84,0.8365,-1,-1,-1
268,-1,291.29,301.89,17.34,19.84,0.8017,-1,-1,-1
268,-1,1.44,286.32,25.31,17.31,0.7359,-1,-1,-1
268,-1,94.64,303.34,26.16,14.93,0.6918,-1,-1,-1
268,-1,245.65,262.89,20.78,21.42,0.6485,-1,-1,-1
268,-1,266.74,348.42,17.07,12.56,0.5275,-1,-1,-1
268,-1,629.73,260.64,19.96,23.74,0.4978,-1,-1,-1
268,-1,334.67,323.85,21.88,12.19,0.4890,-1,-1,-1
269,-1,891.94,269.62,113.38,52.89,0.9398,-1,-1,-1
269,-1,721.14,229.66,33.55,31.91,0.9114,-1,-1,-1
269,-1,824.85,83.88,49.65,47.73,0.9105,-1,-1,-1
269,-1,188.62,233.47,42.33,40.19,0.9079,-1,-1,-1
269,-1,373.22,299.99,35.94,19.69,0.8981,-1,-1,-1
269,-1,116.11,334.05,23.27,20.12,0.8948,-1,-1,-1
269,-1,0.00,207.75,23.21,27.90,0.8903,-1,-1,-1
269,-1,684.82,350.59,25.76,16.21,0.8867,-1,-1,-1
269,-1,318.56,290.34,23.70,39.27,0.8818,-1,-1,-1
269,-1,840.29,369.07,25.79,14.95,0.8671,-1,-1,-1
269,-1,0.00,314.80,19.76,17.39,0.8664,-1,-1,-1
269,-1,276.40,233.95,25.26,43.04,0.8517,-1,-1,-1
269,-1,327.46,232.00,21.27,18.85,0.8327,-1,-1,-1
269,-1,238.61,262.51,25.08,24.33,0.8280,-1,-1,-1
269,-1,0.00,284.84,23.95,18.32,0.8185,-1,-1,-1
269,-1,93.07,302.22,27.20,15.41,0.7883,-1,-1,-1
269,-1,288.78,300.97,17.24,20.40,0.6699,-1,-1,-1
269,-1,263.91,347.83,17.24,12.60,0.4889,-1,-1,-1
269,-1,627.34,260.45,19.81,24.32,0.3479,-1,-1,-1
269,-1,334.75,322.99,21.01,12.56,0.3453,-1,-1,-1
269,-1,1016.57,204.15,7.43,19.16,0.2506,-1,-1,-1
270,-1,885.57,267.94,111.38,53.10,0.9428,-1,-1,-1
270,-1,817.46,82.24,50.24,48.11,0.9125,-1,-1,-1
270,-1,717.93,228.71,33.88,31.81,0.9109,-1,-1,-1
270,-1,185.14,233.28,42.74,40.64,0.9052,-1,-1,-1
270,-1,370.88,299.51,36.02,19.81,0.8995,-1,-1,-1
270,-1,315.46,290.04,23.95,39.07,0.8989,-1,-1,-1
270,-1,681.84,349.60,26.44,16.25,0.8930,-1,-1,-1
270,-1,273.11,233.54,26.10,43.48,0.8640,-1,-1,-1
270,-1,114.44,333.88,23.33,20.22,0.8574,-1,-1,-1
270,-1,839.60,367.98,25.06,15.16,0.8565,-1,-1,-1
270,-1,324.54,231.70,20.48,17.70,0.8298,-1,-1,-1
270,-1,235.80,262.94,24.78,22.53,0.8282,-1,-1,-1
270,-1,0.00,210.17,16.00,25.38,0.8202,-1,-1,-1
270,-1,91.07,300.47,27.41,17.04,0.7422,-1,-1,-1
270,-1,0.00,315.33,16.99,16.94,0.7384,-1,-1,-1
270,-1,0.00,285.72,21.66,17.43,0.6911,-1,-1,-1
270,-1,285.92,302.49,16.77,18.45,0.5997,-1,-1,-1
270,-1,1003.89,187.88,20.11,74.59,0.5756,-1,-1,-1
270,-1,154.70,50.33,40.62,36.17,0.5179,-1,-1,-1
270,-1,332.15,322.47,21.61,12.67,0.5129,-1,-1,-1
270,-1,261.19,347.36,17.33,12.58,0.3693,-1,-1,-1
271,-1,878.89,267.65,109.50,52.66,0.9367,-1,-1,-1
271,-1,181.16,233.25,43.93,40.81,0.9172,-1,-1,-1
271,-1,714.92,228.01,33.90,31.79,0.9144,-1,-1,-1
271,-1,809.83,81.61,50.70,47.93,0.9050,-1,-1,-1
271,-1,367.88,299.12,36.25,19.81,0.8916,-1,-1,-1
271,-1,679.29,348.99,26.39,16.12,0.8910,-1,-1,-1
271,-1,311.97,289.95,24.20,38.79,0.8794,-1,-1,-1
271,-1,269.89,233.08,26.29,43.51,0.8648,-1,-1,-1
271,-1,112.69,333.50,23.42,20.55,0.8562,-1,-1,-1
271,-1,837.09,367.26,25.81,14.69,0.8520,-1,-1,-1
271,-1,233.04,262.42,25.02,22.69,0.8245,-1,-1,-1
271,-1,321.00,231.28,21.60,17.42,0.8224,-1,-1,-1
271,-1,994.15,185.87,29.85,73.65,0.7727,-1,-1,-1
271,-1,282.70,300.70,18.04,20.17,0.7298,-1,-1,-1
271,-1,89.39,299.72,27.48,17.90,0.6900,-1,-1,-1
271,-1,329.37,322.37,23.03,12.59,0.6600,-1,-1,-1
271,-1,257.98,347.21,17.51,12.64,0.6461,-1,-1,-1
271,-1,148.01,49.02,41.86,37.49,0.5355,-1,-1,-1
271,-1,0.01,285.60,18.49,18.45,0.5209,-1,-1,-1
272,-1,871.01,266.68,108.79,53.14,0.9450,-1,-1,-1
272,-1,712.32,227.29,33.52,31.90,0.9102,-1,-1,-1
272,-1,802.93,81.04,50.37,47.60,0.9006,-1,-1,-1
272,-1,176.67,232.46,45.09,41.48,0.8991,-1,-1,-1
272,-1,676.43,348.45,26.63,16.17,0.8937,-1,-1,-1
272,-1,365.24,298.71,36.53,19.95,0.8935,-1,-1,-1
272,-1,309.23,289.89,24.16,38.85,0.8827,-1,-1,-1
272,-1,984.80,174.65,39.20,85.03,0.8789,-1,-1,-1
272,-1,835.69,366.51,25.75,14.34,0.8506,-1,-1,-1
272,-1,266.91,233.36,26.24,44.27,0.8488,-1,-1,-1
272,-1,229.15,262.22,26.16,23.72,0.8149,-1,-1,-1
272,-1,317.77,231.37,22.53,17.89,0.8029,-1,-1,-1
272,-1,279.90,300.06,17.28,20.56,0.7911,-1,-1,-1
272,-1,110.96,333.87,23.80,20.17,0.7871,-1,-1,-1
272,-1,87.74,302.05,26.43,15.46,0.7573,-1,-1,-1
272,-1,327.31,321.70,24.13,13.17,0.7467,-1,-1,-1
272,-1,255.24,347.17,17.07,12.64,0.6189,-1,-1,-1
272,-1,619.07,258.37,18.94,24.47,0.5456,-1,-1,-1
272,-1,0.00,317.27,11.94,15.04,0.3593,-1,-1,-1
273,-1,864.74,266.04,106.67,53.20,0.9387,-1,-1,-1
273,-1,708.71,227.08,34.56,31.88,0.9105,-1,-1,-1
273,-1,673.92,348.08,26.83,16.29,0.9033,-1,-1,-1
273,-1,795.22,80.49,51.11,48.25,0.9007,-1,-1,-1
273,-1,362.72,298.39,35.81,19.98,0.8992,-1,-1,-1
273,-1,173.77,232.81,44.90,41.04,0.8992,-1,-1,-1
273,-1,306.29,289.67,24.22,38.84,0.8857,-1,-1,-1
273,-1,975.03,166.12,48.97,99.38,0.8705,-1,-1,-1
273,-1,109.24,333.45,23.59,20.51,0.8659,-1,-1,-1
273,-1,834.44,366.01,25.17,14.23,0.8656,-1,-1,-1
273,-1,264.37,234.39,25.85,41.94,0.8502,-1,-1,-1
273,-1,314.79,230.90,22.17,17.40,0.8359,-1,-1,-1
273,-1,86.10,301.78,26.36,15.79,0.7810,-1,-1,-1
273,-1,277.12,300.07,17.11,20.50,0.7579,-1,-1,-1
273,-1,227.32,262.40,25.31,21.77,0.7562,-1,-1,-1
273,-1,325.73,321.56,23.43,13.08,0.6812,-1,-1,-1
273,-1,252.57,347.23,17.38,12.45,0.5852,-1,-1,-1
274,-1,857.23,266.33,105.46,52.87,0.9430,-1,-1,-1
274,-1,172.13,233.40,44.03,40.38,0.9144,-1,-1,-1
274,-1,705.95,227.04,34.52,31.69,0.9126,-1,-1,-1
274,-1,787.86,80.27,51.99,48.15,0.9095,-1,-1,-1
274,-1,671.01,347.89,26.97,16.25,0.9079,-1,-1,-1
274,-1,965.45,160.68,58.55,108.19,0.8941,-1,-1,-1
274,-1,303.18,289.59,24.34,38.74,0.8918,-1,-1,-1
274,-1,360.60,298.34,35.60,20.00,0.8910,-1,-1,-1
274,-1,832.96,365.91,24.64,14.33,0.8685,-1,-1,-1
274,-1,107.60,333.83,23.60,20.10,0.8635,-1,-1,-1
274,-1,261.64,234.03,25.54,43.68,0.8543,-1,-1,-1
274,-1,311.07,231.07,22.11,17.06,0.8249,-1,-1,-1
274,-1,225.95,262.38,23.94,22.58,0.7678,-1,-1,-1
274,-1,274.30,300.25,17.83,20.15,0.7573,-1,-1,-1
274,-1,324.48,321.38,23.62,13.26,0.7460,-1,-1,-1
274,-1,84.50,298.77,26.53,18.68,0.7320,-1,-1,-1
274,-1,249.61,347.02,17.56,12.62,0.6117,-1,-1,-1
274,-1,613.22,258.12,18.85,23.49,0.4098,-1,-1,-1
275,-1,850.00,266.01,104.87,53.07,0.9391,-1,-1,-1
275,-1,954.89,158.07,69.11,108.40,0.9169,-1,-1,-1
275,-1,702.78,227.08,34.85,31.69,0.9071,-1,-1,-1
275,-1,780.22,80.37,52.55,48.84,0.9065,-1,-1,-1
275,-1,169.52,233.06,43.46,40.26,0.9016,-1,-1,-1
275,-1,300.14,289.58,24.46,38.81,0.8992,-1,-1,-1
275,-1,668.40,347.87,26.91,16.27,0.8985,-1,-1,-1
275,-1,358.17,298.44,35.92,19.74,0.8932,-1,-1,-1
275,-1,832.02,366.06,24.27,14.29,0.8718,-1,-1,-1
275,-1,106.03,333.71,23.66,20.22,0.8628,-1,-1,-1
275,-1,221.94,262.32,25.35,24.02,0.8309,-1,-1,-1
275,-1,308.35,230.68,23.75,17.76,0.8246,-1,-1,-1
275,-1,271.75,299.77,17.34,20.68,0.7683,-1,-1,-1
275,-1,262.11,234.32,23.06,42.81,0.7565,-1,-1,-1
275,-1,82.70,301.35,27.38,16.04,0.7460,-1,-1,-1
275,-1,322.62,321.72,23.96,12.89,0.6651,-1,-1,-1
275,-1,610.82,258.33,18.64,23.45,0.5283,-1,-1,-1
275,-1,247.02,347.06,17.34,12.52,0.5133,-1,-1,-1
276,-1,843.07,266.52,102.81,52.94,0.9468,-1,-1,-1
276,-1,945.23,158.73,78.77,107.96,0.9334,-1,-1,-1
276,-1,700.53,227.51,34.44,31.46,0.9092,-1,-1,-1
276,-1,165.20,232.80,45.47,41.22,0.9044,-1,-1,-1
276,-1,665.79,348.17,26.89,16.27,0.9028,-1,-1,-1
276,-1,355.65,298.45,35.62,19.85,0.8983,-1,-1,-1
276,-1,774.49,80.70,51.85,49.22,0.8960,-1,-1,-1
276,-1,297.44,289.71,24.16,38.72,0.8882,-1,-1,-1
276,-1,104.52,333.54,23.59,20.37,0.8616,-1,-1,-1
276,-1,829.66,366.21,25.01,14.37,0.8615,-1,-1,-1
276,-1,256.23,233.61,25.90,43.16,0.8512,-1,-1,-1
276,-1,307.03,231.11,21.70,17.62,0.8307,-1,-1,-1
276,-1,219.56,262.43,24.57,21.78,0.8134,-1,-1,-1
276,-1,81.61,299.96,27.00,17.38,0.7565,-1,-1,-1
276,-1,321.67,321.34,23.22,13.16,0.6910,-1,-1,-1
276,-1,269.13,300.35,17.23,20.24,0.6741,-1,-1,-1
276,-1,244.36,347.12,17.85,12.33,0.4965,-1,-1,-1
276,-1,802.02,316.78,23.10,12.78,0.2568,-1,-1,-1
277,-1,935.74,161.97,88.26,105.65,0.9461,-1,-1,-1
277,-1,836.37,267.37,100.98,52.24,0.9373,-1,-1,-1
277,-1,698.05,227.62,34.24,31.66,0.9136,-1,-1,-1
277,-1,765.64,81.19,53.82,49.63,0.9118,-1,-1,-1
277,-1,163.32,233.14,44.41,40.25,0.9082,-1,-1,-1
277,-1,663.26,348.52,26.59,16.40,0.8985,-1,-1,-1
277,-1,353.28,298.61,35.74,19.95,0.8970,-1,-1,-1
277,-1,294.61,289.75,24.46,38.79,0.8880,-1,-1,-1
277,-1,103.06,333.67,23.77,20.30,0.8688,-1,-1,-1
277,-1,253.68,233.46,26.21,45.36,0.8492,-1,-1,-1
277,-1,827.94,366.78,25.01,14.25,0.8428,-1,-1,-1
277,-1,303.90,230.86,20.10,17.50,0.8314,-1,-1,-1
277,-1,219.16,262.26,22.54,22.00,0.7403,-1,-1,-1
277,-1,266.28,300.85,18.00,19.83,0.7236,-1,-1,-1
277,-1,79.70,301.46,27.65,15.85,0.6525,-1,-1,-1
277,-1,241.56,347.13,17.81,12.45,0.5420,-1,-1,-1
277,-1,605.62,258.84,18.01,23.24,0.4386,-1,-1,-1
277,-1,319.97,322.06,23.73,12.66,0.4322,-1,-1,-1
278,-1,925.71,163.48,98.29,104.62,0.9490,-1,-1,-1
278,-1,829.59,268.21,99.20,51.98,0.9373,-1,-1,-1
278,-1,758.86,81.99,54.21,49.92,0.9126,-1,-1,-1
278,-1,696.08,228.31,33.52,31.60,0.9052,-1,-1,-1
278,-1,291.85,289.79,24.14,38.85,0.9021,-1,-1,-1
278,-1,160.89,232.96,44.45,40.61,0.8980,-1,-1,-1
278,-1,351.19,298.86,35.57,19.98,0.8894,-1,-1,-1
278,-1,660.78,349.15,26.55,16.03,0.8878,-1,-1,-1
278,-1,101.44,333.31,23.94,20.56,0.8734,-1,-1,-1
278,-1,826.86,367.31,24.62,14.72,0.8552,-1,-1,-1
278,-1,263.77,300.11,19.13,20.77,0.8204,-1,-1,-1
278,-1,301.49,231.46,21.17,17.94,0.8200,-1,-1,-1
278,-1,215.15,262.40,23.89,24.23,0.8132,-1,-1,-1
278,-1,250.84,233.67,26.18,44.99,0.7412,-1,-1,-1
278,-1,78.51,299.58,26.50,17.67,0.6919,-1,-1,-1
278,-1,239.05,347.23,17.76,12.58,0.6524,-1,-1,-1
278,-1,1002.79,0.00,21.21,28.06,0.4299,-1,-1,-1
278,-1,318.37,322.48,23.16,12.56,0.3439,-1,-1,-1
279,-1,915.14,164.69,108.86,104.61,0.9498,-1,-1,-1
279,-1,823.09,269.48,97.46,51.43,0.9362,-1,-1,-1
279,-1,752.45,82.94,53.88,49.83,0.9235,-1,-1,-1
279,-1,693.64,228.93,33.37,31.61,0.9125,-1,-1,-1
279,-1,348.59,299.32,35.67,19.86,0.8957,-1,-1,-1
279,-1,158.13,230.64,45.40,43.40,0.8940,-1,-1,-1
279,-1,657.99,349.83,27.15,16.09,0.8886,-1,-1,-1
279,-1,289.04,290.18,24.65,38.68,0.8867,-1,-1,-1
279,-1,99.90,333.56,23.89,20.34,0.8788,-1,-1,-1
279,-1,248.30,233.34,27.05,45.10,0.8607,-1,-1,-1
279,-1,824.74,368.26,25.35,14.95,0.8588,-1,-1,-1
279,-1,299.51,231.48,20.66,18.34,0.8364,-1,-1,-1
279,-1,214.38,262.77,22.43,22.29,0.7991,-1,-1,-1
279,-1,261.23,301.13,17.41,19.77,0.7650,-1,-1,-1
279,-1,77.03,301.88,27.20,15.40,0.7274,-1,-1,-1
279,-1,236.37,347.51,17.98,12.35,0.5303,-1,-1,-1
279,-1,993.64,0.09,30.35,29.88,0.5076,-1,-1,-1
280,-1,905.55,166.37,118.45,104.50,0.9572,-1,-1,-1
280,-1,816.31,270.39,95.99,52.05,0.9355,-1,-1,-1
280,-1,745.36,84.12,54.51,50.21,0.9205,-1,-1,-1
280,-1,691.03,229.89,33.32,31.38,0.9114,-1,-1,-1
280,-1,655.29,350.46,27.22,15.94,0.8927,-1,-1,-1
280,-1,346.56,299.72,35.86,19.82,0.8915,-1,-1,-1
280,-1,153.84,231.07,47.98,43.25,0.8892,-1,-1,-1
280,-1,286.22,290.08,24.73,39.08,0.8892,-1,-1,-1
280,-1,823.51,369.17,24.87,15.18,0.8725,-1,-1,-1
280,-1,246.24,233.98,26.35,45.45,0.8687,-1,-1,-1
280,-1,98.53,333.62,24.09,20.26,0.8665,-1,-1,-1
280,-1,296.31,231.70,20.92,17.19,0.8204,-1,-1,-1
280,-1,211.93,262.29,22.76,22.97,0.8092,-1,-1,-1
280,-1,258.56,301.48,18.12,19.65,0.7849,-1,-1,-1
280,-1,983.73,0.00,40.27,31.12,0.7839,-1,-1,-1
280,-1,75.55,302.20,26.66,15.00,0.6317,-1,-1,-1
280,-1,233.79,347.45,18.06,12.65,0.6239,-1,-1,-1
280,-1,598.08,260.52,17.69,22.85,0.3001,-1,-1,-1
281,-1,893.40,167.63,130.60,104.26,0.9561,-1,-1,-1
281,-1,809.44,271.70,94.72,52.72,0.9360,-1,-1,-1
281,-1,738.50,85.01,55.11,50.29,0.9217,-1,-1,-1
281,-1,283.71,290.48,24.48,39.00,0.9107,-1,-1,-1
281,-1,687.86,230.81,34.01,31.44,0.9024,-1,-1,-1
281,-1,652.62,351.33,27.00,16.22,0.8938,-1,-1,-1
281,-1,344.06,300.15,36.22,19.73,0.8925,-1,-1,-1
281,-1,150.71,228.44,47.67,45.86,0.8812,-1,-1,-1
281,-1,97.03,333.65,24.08,20.25,0.8701,-1,-1,-1
281,-1,244.11,233.90,25.99,45.68,0.8688,-1,-1,-1
281,-1,822.06,369.98,24.57,14.51,0.8493,-1,-1,-1
281,-1,207.34,262.85,24.62,24.14,0.8127,-1,-1,-1
281,-1,293.83,232.01,22.73,17.82,0.8033,-1,-1,-1
281,-1,974.45,0.00,49.55,32.38,0.7842,-1,-1,-1
281,-1,256.15,302.33,17.79,18.95,0.7523,-1,-1,-1
281,-1,74.21,302.27,25.99,14.96,0.7507,-1,-1,-1
281,-1,231.17,347.78,18.24,12.62,0.5639,-1,-1,-1
282,-1,885.72,169.19,135.70,103.76,0.9580,-1,-1,-1
282,-1,803.06,272.75,92.34,52.14,0.9338,-1,-1,-1
282,-1,732.31,86.49,54.55,50.15,0.9214,-1,-1,-1
282,-1,148.84,228.73,47.64,46.20,0.9149,-1,-1,-1
282,-1,685.46,231.57,33.59,31.44,0.9013,-1,-1,-1
282,-1,650.10,352.00,27.44,16.11,0.8926,-1,-1,-1
282,-1,341.64,300.65,36.00,19.26,0.8892,-1,-1,-1
282,-1,280.83,290.76,24.83,38.95,0.8855,-1,-1,-1
282,-1,964.91,0.00,59.09,34.17,0.8753,-1,-1,-1
282,-1,241.63,232.51,26.24,46.71,0.8677,-1,-1,-1
282,-1,95.38,333.62,24.08,20.30,0.8528,-1,-1,-1
282,-1,819.95,370.95,25.04,14.26,0.8494,-1,-1,-1
282,-1,291.51,232.28,20.94,16.70,0.8407,-1,-1,-1
282,-1,995.88,319.41,21.04,16.85,0.8122,-1,-1,-1
282,-1,209.42,263.07,20.12,22.77,0.7933,-1,-1,-1
282,-1,253.68,302.37,18.48,19.10,0.7857,-1,-1,-1
282,-1,72.37,302.06,26.94,14.99,0.7152,-1,-1,-1
282,-1,228.65,347.96,18.27,12.64,0.5883,-1,-1,-1
283,-1,875.95,169.73,133.58,103.71,0.9547,-1,-1,-1
283,-1,795.81,273.89,91.03,51.35,0.9344,-1,-1,-1
283,-1,725.19,87.10,55.06,50.68,0.9145,-1,-1,-1
283,-1,146.44,228.76,47.39,46.72,0.9083,-1,-1,-1
283,-1,682.65,232.28,33.78,31.06,0.9038,-1,-1,-1
283,-1,954.97,0.00,69.03,35.10,0.8956,-1,-1,-1
283,-1,647.28,352.51,27.31,16.02,0.8954,-1,-1,-1
283,-1,339.00,300.94,36.69,19.28,0.8928,-1,-1,-1
283,-1,277.88,291.46,24.82,38.47,0.8860,-1,-1,-1
283,-1,238.71,232.16,26.44,47.79,0.8839,-1,-1,-1
283,-1,93.68,333.97,24.86,20.23,0.8726,-1,-1,-1
283,-1,818.94,371.39,24.55,15.15,0.8684,-1,-1,-1
283,-1,994.16,320.18,20.03,16.87,0.8474,-1,-1,-1
283,-1,288.24,232.45,21.05,17.21,0.8235,-1,-1,-1
283,-1,203.10,263.36,23.91,23.50,0.8221,-1,-1,-1
283,-1,250.94,302.50,19.39,19.38,0.7532,-1,-1,-1
283,-1,71.49,302.32,26.09,15.09,0.7531,-1,-1,-1
283,-1,225.85,348.17,18.84,12.64,0.5677,-1,-1,-1
283,-1,965.90,287.75,29.06,58.64,0.2961,-1,-1,-1
284,-1,864.96,170.07,131.91,103.97,0.9538,-1,-1,-1
284,-1,787.59,273.73,90.24,51.10,0.9425,-1,-1,-1
284,-1,717.22,87.65,55.24,49.91,0.9143,-1,-1,-1
284,-1,274.85,292.51,25.41,38.43,0.9110,-1,-1,-1
284,-1,679.60,232.46,33.92,31.56,0.9018,-1,-1,-1
284,-1,336.87,301.57,35.73,19.71,0.8960,-1,-1,-1
284,-1,644.87,352.87,27.11,16.23,0.8932,-1,-1,-1
284,-1,92.03,335.64,24.79,19.73,0.8842,-1,-1,-1
284,-1,144.19,232.34,46.05,44.04,0.8814,-1,-1,-1
284,-1,816.91,371.56,24.66,15.00,0.8647,-1,-1,-1
284,-1,992.05,319.92,19.49,16.76,0.8613,-1,-1,-1
284,-1,235.79,232.67,26.06,48.92,0.8577,-1,-1,-1
284,-1,944.25,0.00,79.75,35.43,0.8459,-1,-1,-1
284,-1,202.33,264.73,22.00,22.09,0.8277,-1,-1,-1
284,-1,284.59,233.38,22.62,18.80,0.8143,-1,-1,-1
284,-1,69.95,302.55,26.00,16.35,0.7694,-1,-1,-1
284,-1,248.32,304.31,17.56,18.91,0.7662,-1,-1,-1
284,-1,223.18,349.29,18.51,12.43,0.5259,-1,-1,-1
284,-1,956.40,285.81,30.50,61.55,0.4484,-1,-1,-1
285,-1,854.23,170.43,130.22,103.68,0.9575,-1,-1,-1
285,-1,780.98,274.42,87.63,50.91,0.9331,-1,-1,-1
285,-1,709.64,87.96,55.58,48.56,0.9159,-1,-1,-1
285,-1,676.80,232.78,33.50,31.41,0.9044,-1,-1,-1
285,-1,141.25,231.48,46.51,45.70,0.8936,-1,-1,-1
285,-1,271.78,293.77,24.98,37.95,0.8905,-1,-1,-1
285,-1,334.84,302.44,35.00,19.46,0.8886,-1,-1,-1
285,-1,642.24,353.16,27.42,16.19,0.8874,-1,-1,-1
285,-1,815.87,371.70,23.74,15.22,0.8783,-1,-1,-1
285,-1,90.66,336.52,24.62,19.94,0.8734,-1,-1,-1
285,-1,232.42,234.56,26.98,47.10,0.8462,-1,-1,-1
285,-1,933.63,0.00,90.37,35.69,0.8435,-1,-1,-1
285,-1,990.07,319.79,19.14,17.00,0.8422,-1,-1,-1
285,-1,281.65,234.61,23.30,17.60,0.8225,-1,-1,-1
285,-1,199.53,265.86,22.41,21.72,0.8197,-1,-1,-1
285,-1,946.54,282.88,32.53,64.50,0.7807,-1,-1,-1
285,-1,67.79,301.67,28.20,18.05,0.7240,-1,-1,-1
285,-1,245.31,304.34,16.42,19.48,0.5537,-1,-1,-1
285,-1,220.25,350.42,18.42,12.29,0.5302,-1,-1,-1
285,-1,307.82,325.71,22.76,12.34,0.2649,-1,-1,-1
286,-1,843.51,170.22,128.35,104.11,0.9560,-1,-1,-1
286,-1,773.83,274.13,86.47,51.34,0.9324,-1,-1,-1
286,-1,701.29,88.39,56.43,50.52,0.9219,-1,-1,-1
286,-1,673.34,233.05,33.71,31.32,0.9126,-1,-1,-1
286,-1,268.86,294.28,25.07,38.18,0.8962,-1,-1,-1
286,-1,638.96,353.49,27.62,15.98,0.8958,-1,-1,-1
286,-1,331.87,303.04,35.76,19.50,0.8907,-1,-1,-1
286,-1,88.66,336.90,24.93,20.37,0.8731,-1,-1,-1
286,-1,138.64,235.14,46.22,42.73,0.8724,-1,-1,-1
286,-1,228.94,234.67,27.55,48.63,0.8653,-1,-1,-1
286,-1,813.79,371.72,24.12,15.09,0.8643,-1,-1,-1
286,-1,988.82,319.89,17.83,16.81,0.8386,-1,-1,-1
286,-1,936.73,282.99,34.06,64.74,0.8275,-1,-1,-1
286,-1,278.91,235.10,23.50,17.89,0.8216,-1,-1,-1
286,-1,922.80,0.00,96.88,35.69,0.8113,-1,-1,-1
286,-1,198.38,266.79,20.71,22.11,0.7873,-1,-1,-1
286,-1,66.55,302.81,27.23,17.89,0.7650,-1,-1,-1
286,-1,242.45,305.12,17.03,19.49,0.6334,-1,-1,-1
286,-1,217.43,350.96,18.48,12.64,0.5177,-1,-1,-1
287,-1,833.11,170.11,126.62,104.18,0.9516,-1,-1,-1
287,-1,766.47,274.66,84.88,50.88,0.9299,-1,-1,-1
287,-1,693.73,88.50,58.19,50.94,0.9262,-1,-1,-1
287,-1,670.28,232.85,33.89,31.58,0.8993,-1,-1,-1
287,-1,636.17,353.56,27.80,16.05,0.8984,-1,-1,-1
287,-1,135.50,234.55,45.62,43.91,0.8978,-1,-1,-1
287,-1,329.01,303.40,36.09,19.56,0.8953,-1,-1,-1
287,-1,265.91,294.70,25.07,38.20,0.8922,-1,-1,-1
287,-1,86.85,337.79,24.75,20.08,0.8739,-1,-1,-1
287,-1,927.43,281.38,36.01,66.30,0.8613,-1,-1,-1
287,-1,227.12,235.04,26.36,49.36,0.8612,-1,-1,-1
287,-1,811.97,371.53,24.50,15.12,0.8537,-1,-1,-1
287,-1,987.00,320.04,17.23,16.03,0.8430,-1,-1,-1
287,-1,275.61,235.63,22.68,17.67,0.8184,-1,-1,-1
287,-1,912.47,0.00,96.45,35.95,0.8007,-1,-1,-1
287,-1,239.82,305.16,17.81,20.05,0.7625,-1,-1,-1
287,-1,194.61,267.10,21.31,22.60,0.7149,-1,-1,-1
287,-1,64.93,302.97,27.15,18.35,0.5673,-1,-1,-1
287,-1,214.88,351.26,18.76,12.54,0.4247,-1,-1,-1
288,-1,822.97,170.20,124.46,103.91,0.9544,-1,-1,-1
288,-1,758.82,274.80,83.34,50.88,0.9343,-1,-1,-1
288,-1,686.55,88.46,56.93,51.45,0.9259,-1,-1,-1
288,-1,667.86,233.07,33.13,31.36,0.9109,-1,-1,-1
288,-1,132.09,234.12,46.31,45.38,0.9039,-1,-1,-1
288,-1,263.00,294.63,24.77,38.65,0.8953,-1,-1,-1
288,-1,327.18,303.96,35.43,19.42,0.8905,-1,-1,-1
288,-1,633.92,353.64,27.98,16.04,0.8887,-1,-1,-1
288,-1,85.34,337.89,24.81,20.42,0.8750,-1,-1,-1
288,-1,810.64,371.53,24.15,14.99,0.8650,-1,-1,-1
288,-1,226.56,235.40,25.13,48.57,0.8455,-1,-1,-1
288,-1,918.12,280.06,37.02,68.12,0.8324,-1,-1,-1
288,-1,272.29,236.28,22.94,16.42,0.8240,-1,-1,-1
288,-1,902.17,0.00,98.08,35.97,0.7950,-1,-1,-1
288,-1,236.84,306.28,18.59,19.17,0.6578,-1,-1,-1
288,-1,191.40,266.65,22.53,23.30,0.6507,-1,-1,-1
288,-1,211.79,351.73,18.78,12.71,0.6417,-1,-1,-1
288,-1,985.57,320.22,15.90,15.60,0.4904,-1,-1,-1
288,-1,63.37,305.90,25.08,15.88,0.3211,-1,-1,-1
288,-1,302.55,327.08,24.12,12.35,0.2520,-1,-1,-1
289,-1,811.62,170.04,123.89,104.17,0.9584,-1,-1,-1
289,-1,752.06,275.14,81.87,50.45,0.9284,-1,-1,-1
289,-1,679.10,88.53,57.49,51.26,0.9211,-1,-1,-1
289,-1,664.90,232.82,33.46,31.47,0.9068,-1,-1,-1
289,-1,259.49,294.74,25.53,38.74,0.9056,-1,-1,-1
289,-1,909.25,279.30,38.73,69.11,0.8983,-1,-1,-1
289,-1,630.97,353.69,27.72,15.83,0.8965,-1,-1,-1
289,-1,324.55,303.98,35.35,19.42,0.8952,-1,-1,-1
289,-1,83.71,338.34,24.91,20.28,0.8899,-1,-1,-1
289,-1,129.47,237.35,45.50,42.02,0.8867,-1,-1,-1
289,-1,223.24,235.08,25.08,49.29,0.8641,-1,-1,-1
289,-1,808.83,371.62,24.57,14.58,0.8599,-1,-1,-1
289,-1,892.15,0.00,86.70,35.51,0.8382,-1,-1,-1
289,-1,269.68,236.16,23.84,16.78,0.8223,-1,-1,-1
289,-1,233.86,306.51,18.06,18.97,0.7961,-1,-1,-1
289,-1,188.34,266.86,22.01,22.87,0.7914,-1,-1,-1
289,-1,209.17,351.79,18.76,13.12,0.7666,-1,-1,-1
289,-1,1002.46,95.97,21.54,89.71,0.4041,-1,-1,-1
289,-1,61.47,307.54,24.71,14.52,0.3661,-1,-1,-1
290,-1,802.15,169.86,121.10,103.69,0.9542,-1,-1,-1
290,-1,744.88,274.68,79.90,50.80,0.9334,-1,-1,-1
290,-1,672.50,88.38,57.78,51.25,0.9222,-1,-1,-1
290,-1,900.40,278.96,38.82,69.18,0.9132,-1,-1,-1
290,-1,126.60,235.19,46.06,44.40,0.9028,-1,-1,-1
290,-1,661.98,232.54,33.60,31.65,0.9021,-1,-1,-1
290,-1,627.98,353.22,28.16,16.28,0.8956,-1,-1,-1
290,-1,322.75,303.83,34.66,19.55,0.8913,-1,-1,-1
290,-1,256.59,294.97,25.61,38.39,0.8844,-1,-1,-1
290,-1,82.06,338.59,25.13,20.18,0.8728,-1,-1,-1
290,-1,221.68,235.85,23.53,48.93,0.8605,-1,-1,-1
290,-1,265.93,236.21,23.81,16.30,0.8420,-1,-1,-1
290,-1,807.65,371.12,18.77,15.34,0.8348,-1,-1,-1
290,-1,231.28,305.72,17.75,19.86,0.8154,-1,-1,-1
290,-1,882.13,0.00,90.95,35.34,0.8007,-1,-1,-1
290,-1,206.12,352.03,18.83,12.75,0.7378,-1,-1,-1
290,-1,186.27,266.30,21.49,23.63,0.3931,-1,-1,-1
290,-1,59.69,307.67,25.93,14.48,0.3718,-1,-1,-1
290,-1,992.07,93.97,31.93,86.17,0.3529,-1,-1,-1
291,-1,792.28,169.41,119.22,103.69,0.9539,-1,-1,-1
291,-1,665.57,87.74,57.99,51.91,0.9261,-1,-1,-1
291,-1,738.15,274.38,78.38,50.63,0.9254,-1,-1,-1
291,-1,123.67,235.63,46.27,44.46,0.9173,-1,-1,-1
291,-1,891.23,278.33,40.66,70.11,0.9114,-1,-1,-1
291,-1,659.32,232.68,33.44,31.17,0.9099,-1,-1,-1
291,-1,253.77,294.53,25.45,38.61,0.8932,-1,-1,-1
291,-1,320.83,303.68,34.19,19.61,0.8906,-1,-1,-1
291,-1,626.01,353.01,27.45,16.24,0.8873,-1,-1,-1
291,-1,80.36,338.17,24.82,20.28,0.8729,-1,-1,-1
291,-1,263.27,236.02,23.89,17.69,0.8310,-1,-1,-1
291,-1,872.31,0.00,89.86,35.10,0.8096,-1,-1,-1
291,-1,219.40,235.22,24.02,48.79,0.7942,-1,-1,-1
291,-1,203.51,351.74,19.26,12.64,0.7431,-1,-1,-1
291,-1,228.49,305.96,18.17,19.43,0.7401,-1,-1,-1
291,-1,981.59,92.36,42.41,90.17,0.7120,-1,-1,-1
291,-1,57.97,304.50,26.28,17.40,0.3959,-1,-1,-1
292,-1,781.48,169.26,118.22,103.80,0.9587,-1,-1,-1
292,-1,731.18,274.12,76.99,50.79,0.9325,-1,-1,-1
292,-1,658.35,87.26,58.28,52.16,0.9280,-1,-1,-1
292,-1,250.69,294.20,25.91,38.63,0.9069,-1,-1,-1
292,-1,656.75,232.19,33.37,31.29,0.9040,-1,-1,-1
292,-1,121.11,236.56,45.50,42.99,0.9035,-1,-1,-1
292,-1,622.88,352.69,27.78,16.29,0.8945,-1,-1,-1
292,-1,316.90,303.54,35.86,19.04,0.8878,-1,-1,-1
292,-1,78.81,337.66,24.78,20.45,0.8711,-1,-1,-1
292,-1,215.01,235.28,24.98,48.40,0.8623,-1,-1,-1
292,-1,882.50,276.57,42.77,72.58,0.8379,-1,-1,-1
292,-1,862.77,0.00,85.24,34.33,0.8234,-1,-1,-1
292,-1,261.32,235.55,23.88,17.56,0.8208,-1,-1,-1
292,-1,970.35,91.84,53.65,95.58,0.7752,-1,-1,-1
292,-1,225.51,305.80,17.51,19.33,0.7162,-1,-1,-1
292,-1,200.81,351.30,19.02,12.69,0.6225,-1,-1,-1
292,-1,882.61,276.60,42.80,70.52,0.3790,-1,-1,-1
293,-1,772.30,168.71,115.77,104.02,0.9546,-1,-1,-1
293,-1,873.39,275.40,43.90,73.45,0.9276,-1,-1,-1
293,-1,723.95,273.93,75.84,50.47,0.9227,-1,-1,-1
293,-1,651.68,86.79,58.66,52.25,0.9222,-1,-1,-1
293,-1,654.00,231.76,33.21,31.27,0.9013,-1,-1,-1
293,-1,118.16,233.55,45.73,45.33,0.8963,-1,-1,-1
293,-1,620.42,352.27,27.97,16.06,0.8926,-1,-1,-1
293,-1,247.63,293.95,26.13,38.13,0.8917,-1,-1,-1
293,-1,314.55,302.91,35.93,19.15,0.8880,-1,-1,-1
293,-1,76.83,337.37,25.34,20.11,0.8760,-1,-1,-1
293,-1,212.48,235.00,24.90,48.67,0.8666,-1,-1,-1
293,-1,256.20,234.60,26.03,18.73,0.8171,-1,-1,-1
293,-1,853.43,0.00,82.12,33.63,0.8005,-1,-1,-1
293,-1,222.90,304.90,17.85,19.90,0.7718,-1,-1,-1
293,-1,959.97,86.55,64.03,97.36,0.7602,-1,-1,-1
293,-1,197.77,350.74,19.39,12.68,0.6999,-1,-1,-1
293,-1,54.80,301.72,26.58,19.37,0.5691,-1,-1,-1
294,-1,762.35,168.25,114.31,103.93,0.9526,-1,-1,-1
294,-1,717.35,273.82,74.27,50.19,0.9317,-1,-1,-1
294,-1,644.66,85.99,59.37,52.83,0.9235,-1,-1,-1
294,-1,651.10,231.02,33.61,31.57,0.9094,-1,-1,-1
294,-1,244.81,292.84,26.21,38.46,0.9046,-1,-1,-1
294,-1,864.95,274.39,45.24,74.28,0.8954,-1,-1,-1
294,-1,312.65,302.17,35.28,19.40,0.8929,-1,-1,-1
294,-1,75.41,336.55,25.44,19.95,0.8870,-1,-1,-1
294,-1,617.55,351.84,28.26,16.06,0.8850,-1,-1,-1
294,-1,115.22,231.17,45.63,47.48,0.8836,-1,-1,-1
294,-1,949.78,88.40,74.22,97.15,0.8763,-1,-1,-1
294,-1,844.35,0.00,78.70,33.00,0.8708,-1,-1,-1
294,-1,208.82,234.06,26.39,47.34,0.8608,-1,-1,-1
294,-1,255.29,233.81,24.30,20.61,0.8161,-1,-1,-1
294,-1,220.14,304.42,17.19,19.27,0.7055,-1,-1,-1
294,-1,195.32,350.09,19.06,12.39,0.6385,-1,-1,-1
294,-1,53.18,302.12,27.62,17.95,0.6110,-1,-1,-1
295,-1,752.59,167.77,112.48,104.26,0.9533,-1,-1,-1
295,-1,939.14,87.06,84.86,96.79,0.9362,-1,-1,-1
295,-1,710.41,273.42,72.79,49.83,0.9359,-1,-1,-1
295,-1,637.83,85.29,60.26,52.90,0.9254,-1,-1,-1
295,-1,648.72,230.69,33.52,31.92,0.9067,-1,-1,-1
295,-1,241.84,292.42,26.12,38.23,0.9035,-1,-1,-1
295,-1,856.42,274.95,46.46,73.56,0.8989,-1,-1,-1
295,-1,614.99,351.54,28.35,15.86,0.8959,-1,-1,-1
295,-1,310.45,301.30,35.27,19.47,0.8882,-1,-1,-1
295,-1,74.06,335.48,24.86,20.07,0.8772,-1,-1,-1
295,-1,835.04,0.00,77.86,32.47,0.8758,-1,-1,-1
295,-1,207.19,232.91,25.24,49.13,0.8719,-1,-1,-1
295,-1,112.78,230.41,46.29,47.22,0.8638,-1,-1,-1
295,-1,251.61,233.34,24.47,17.89,0.8437,-1,-1,-1
295,-1,217.59,303.40,17.36,19.54,0.7864,-1,-1,-1
295,-1,192.51,349.26,19.38,12.43,0.6511,-1,-1,-1
295,-1,51.67,299.81,27.71,19.55,0.2778,-1,-1,-1
296,-1,742.92,167.17,110.96,104.20,0.9565,-1,-1,-1
296,-1,703.54,272.97,71.43,49.93,0.9394,-1,-1,-1
296,-1,929.02,87.12,94.98,98.00,0.9387,-1,-1,-1
296,-1,631.73,84.52,59.85,52.87,0.9294,-1,-1,-1
296,-1,646.23,230.12,33.42,31.99,0.9062,-1,-1,-1
296,-1,307.64,300.54,35.72,19.59,0.8958,-1,-1,-1
296,-1,109.94,229.99,44.48,46.00,0.8945,-1,-1,-1
296,-1,612.47,351.06,28.48,16.12,0.8941,-1,-1,-1
296,-1,847.94,271.53,47.49,76.45,0.8904,-1,-1,-1
296,-1,238.61,290.62,26.55,39.23,0.8875,-1,-1,-1
296,-1,72.23,334.32,25.24,20.15,0.8705,-1,-1,-1
296,-1,204.17,231.99,25.70,49.50,0.8672,-1,-1,-1
296,-1,825.39,0.00,79.28,32.09,0.8574,-1,-1,-1
296,-1,248.86,232.03,22.84,17.85,0.8321,-1,-1,-1
296,-1,214.78,302.91,17.31,18.62,0.7426,-1,-1,-1
296,-1,189.96,348.37,19.03,12.49,0.7062,-1,-1,-1
296,-1,50.13,301.03,25.36,16.94,0.6919,-1,-1,-1
297,-1,917.80,86.17,106.11,97.25,0.9585,-1,-1,-1
297,-1,731.98,166.26,110.12,104.68,0.9515,-1,-1,-1
297,-1,624.61,83.73,60.30,53.02,0.9330,-1,-1,-1
297,-1,696.93,272.84,69.49,49.54,0.9287,-1,-1,-1
297,-1,838.88,271.60,49.57,75.57,0.9274,-1,-1,-1
297,-1,643.16,229.52,33.59,32.29,0.9122,-1,-1,-1
297,-1,305.29,300.18,35.34,19.42,0.8905,-1,-1,-1
297,-1,236.12,290.36,26.04,38.79,0.8882,-1,-1,-1
297,-1,609.94,350.52,28.42,15.87,0.8822,-1,-1,-1
297,-1,70.66,333.83,25.30,20.48,0.8743,-1,-1,-1
297,-1,107.18,229.69,43.26,44.50,0.8647,-1,-1,-1
297,-1,201.25,232.25,25.76,48.48,0.8630,-1,-1,-1
297,-1,246.34,231.65,23.52,18.26,0.8359,-1,-1,-1
297,-1,816.01,0.00,76.58,31.02,0.8122,-1,-1,-1
297,-1,211.92,302.15,18.49,19.31,0.7814,-1,-1,-1
297,-1,187.16,347.81,19.30,12.67,0.6210,-1,-1,-1
297,-1,48.03,302.03,26.18,15.52,0.4984,-1,-1,-1
298,-1,906.54,84.97,117.45,96.94,0.9597,-1,-1,-1
298,-1,720.70,165.29,109.26,104.44,0.9508,-1,-1,-1
298,-1,617.39,83.01,60.72,52.63,0.9312,-1,-1,-1
298,-1,689.70,272.40,67.88,49.29,0.9242,-1,-1,-1
298,-1,829.96,268.38,50.71,77.84,0.9139,-1,-1,-1
298,-1,640.29,229.06,33.86,31.44,0.9068,-1,-1,-1
298,-1,303.29,299.59,34.03,19.63,0.9008,-1,-1,-1
298,-1,607.01,349.91,28.52,15.80,0.8927,-1,-1,-1
298,-1,232.92,290.33,26.35,38.75,0.8877,-1,-1,-1
298,-1,68.53,334.09,26.16,20.19,0.8791,-1,-1,-1
298,-1,198.62,231.38,26.26,48.81,0.8720,-1,-1,-1
298,-1,103.83,230.15,45.18,45.91,0.8662,-1,-1,-1
298,-1,242.51,231.53,24.93,17.83,0.8455,-1,-1,-1
298,-1,805.27,0.00,76.44,29.95,0.8122,-1,-1,-1
298,-1,209.17,301.91,18.11,19.41,0.7836,-1,-1,-1
298,-1,46.17,303.38,26.05,14.41,0.5244,-1,-1,-1
298,-1,184.24,347.64,19.45,12.66,0.4260,-1,-1,-1
299,-1,895.52,83.75,128.48,97.27,0.9544,-1,-1,-1
299,-1,709.59,164.68,108.50,104.10,0.9528,-1,-1,-1
299,-1,682.71,271.95,66.18,49.25,0.9360,-1,-1,-1
299,-1,609.88,82.41,61.26,52.51,0.9314,-1,-1,-1
299,-1,820.92,266.55,52.27,79.19,0.9299,-1,-1,-1
299,-1,637.03,228.35,34.07,31.76,0.9100,-1,-1,-1
299,-1,300.63,299.33,34.54,19.73,0.8977,-1,-1,-1
299,-1,604.77,349.46,28.22,15.75,0.8935,-1,-1,-1
299,-1,67.09,334.03,25.59,20.24,0.8892,-1,-1,-1
299,-1,229.77,289.98,26.29,38.91,0.8850,-1,-1,-1
299,-1,100.72,230.39,46.03,45.18,0.8795,-1,-1,-1
299,-1,193.96,231.19,27.61,49.33,0.8721,-1,-1,-1
299,-1,239.11,231.48,24.86,17.37,0.8384,-1,-1,-1
299,-1,795.09,0.09,77.46,28.63,0.7738,-1,-1,-1
299,-1,206.34,302.74,17.63,18.36,0.7550,-1,-1,-1
299,-1,181.40,347.41,19.30,12.89,0.6848,-1,-1,-1
299,-1,44.72,303.41,25.77,14.38,0.6721,-1,-1,-1
300,-1,884.20,82.93,139.80,97.16,0.9618,-1,-1,-1
300,-1,697.91,164.17,108.27,104.13,0.9544,-1,-1,-1
300,-1,602.31,81.67,61.93,53.21,0.9314,-1,-1,-1
300,-1,675.51,271.34,64.59,49.31,0.9312,-1,-1,-1
300,-1,812.09,266.94,53.48,78.21,0.9138,-1,-1,-1
300,-1,634.09,227.83,34.14,32.31,0.9130,-1,-1,-1
300,-1,298.18,299.29,34.39,19.51,0.8949,-1,-1,-1
300,-1,601.85,348.95,28.14,15.92,0.8893,-1,-1,-1
300,-1,226.72,289.93,26.65,38.62,0.8863,-1,-1,-1
300,-1,65.16,334.17,25.85,20.22,0.8760,-1,-1,-1
300,-1,191.42,231.44,27.26,49.66,0.8741,-1,-1,-1
300,-1,236.95,231.44,24.35,19.38,0.8090,-1,-1,-1
300,-1,784.74,0.05,74.48,28.07,0.7796,-1,-1,-1
300,-1,203.39,301.91,17.77,19.29,0.7723,-1,-1,-1
300,-1,42.68,302.85,25.90,14.82,0.7407,-1,-1,-1
300,-1,178.70,347.47,19.68,12.62,0.5553,-1,-1,-1
300,-1,98.11,231.64,44.87,43.08,0.5213,-1,-1,-1
300,-1,518.18,320.01,16.93,16.72,0.2964,-1,-1,-1
300,-1,107.26,238.80,37.35,37.01,0.2562,-1,-1,-1
300,-1,283.04,322.55,23.90,12.53,0.2555,-1,-1,-1
301,-1,872.93,82.49,151.07,97.30,0.9582,-1,-1,-1
301,-1,686.81,163.80,107.15,104.25,0.9514,-1,-1,-1
301,-1,668.55,271.20,63.02,49.13,0.9358,-1,-1,-1
301,-1,594.95,81.42,62.52,53.26,0.9332,-1,-1,-1
301,-1,803.28,266.63,54.35,78.21,0.9291,-1,-1,-1
301,-1,631.69,227.56,33.71,32.13,0.9086,-1,-1,-1
301,-1,599.22,348.74,27.97,16.04,0.8982,-1,-1,-1
301,-1,296.39,299.26,33.80,19.43,0.8867,-1,-1,-1
301,-1,223.91,289.77,26.86,38.75,0.8839,-1,-1,-1
301,-1,63.56,333.93,25.75,20.40,0.8761,-1,-1,-1
301,-1,189.11,230.80,27.63,50.30,0.8649,-1,-1,-1
301,-1,233.34,231.23,24.73,18.07,0.8280,-1,-1,-1
301,-1,94.84,232.85,45.23,40.86,0.8264,-1,-1,-1
301,-1,200.75,302.63,17.78,18.48,0.8023,-1,-1,-1
301,-1,774.56,0.08,77.13,27.67,0.7145,-1,-1,-1
301,-1,175.72,347.34,19.78,12.78,0.6092,-1,-1,-1
301,-1,41.36,301.55,24.52,15.90,0.5556,-1,-1,-1
302,-1,862.02,82.42,161.98,97.33,0.9573,-1,-1,-1
302,-1,675.72,163.73,106.72,104.46,0.9507,-1,-1,-1
302,-1,586.64,81.12,63.91,53.63,0.9352,-1,-1,-1
302,-1,661.39,271.22,61.69,48.93,0.9303,-1,-1,-1
302,-1,794.59,266.38,55.62,78.75,0.9167,-1,-1,-1
302,-1,628.73,227.45,33.96,32.03,0.9099,-1,-1,-1
302,-1,596.49,348.69,28.44,15.88,0.8925,-1,-1,-1
302,-1,292.11,299.05,35.64,19.64,0.8899,-1,-1,-1
302,-1,220.92,290.01,26.31,38.60,0.8857,-1,-1,-1
302,-1,62.07,334.10,25.30,20.13,0.8758,-1,-1,-1
302,-1,185.52,230.21,28.30,50.94,0.8715,-1,-1,-1
302,-1,91.82,234.11,46.44,40.47,0.8640,-1,-1,-1
302,-1,231.23,231.17,24.54,17.61,0.8271,-1,-1,-1
302,-1,197.74,301.79,18.38,19.14,0.8087,-1,-1,-1
302,-1,764.28,0.00,72.52,27.60,0.7858,-1,-1,-1
302,-1,173.11,347.37,19.36,12.68,0.7011,-1,-1,-1
302,-1,795.54,365.78,15.86,14.68,0.6999,-1,-1,-1
302,-1,39.46,301.39,25.33,16.41,0.6561,-1,-1,-1
302,-1,279.86,322.17,24.15,12.57,0.5000,-1,-1,-1
302,-1,152.76,264.20,21.46,18.08,0.3647,-1,-1,-1
303,-1,851.00,82.25,172.62,97.27,0.9609,-1,-1,-1
303,-1,664.27,163.99,106.48,104.50,0.9520,-1,-1,-1
303,-1,581.10,81.29,62.85,53.98,0.9360,-1,-1,-1
303,-1,654.85,271.46,59.71,48.80,0.9315,-1,-1,-1
303,-1,786.33,266.41,56.33,78.58,0.9284,-1,-1,-1
303,-1,625.70,227.37,34.22,32.51,0.9134,-1,-1,-1
303,-1,290.38,298.93,34.71,19.79,0.8947,-1,-1,-1
303,-1,593.73,348.74,28.64,15.88,0.8924,-1,-1,-1
303,-1,182.96,231.61,27.31,49.19,0.8905,-1,-1,-1
303,-1,217.86,290.23,26.76,38.11,0.8880,-1,-1,-1
303,-1,60.18,333.96,26.18,20.33,0.8813,-1,-1,-1
303,-1,787.37,366.09,22.37,14.42,0.8591,-1,-1,-1
303,-1,227.50,231.33,26.02,17.81,0.8280,-1,-1,-1
303,-1,98.34,240.09,37.00,34.50,0.8031,-1,-1,-1
303,-1,754.37,0.07,71.73,27.57,0.7884,-1,-1,-1
303,-1,194.81,301.83,18.10,19.24,0.7540,-1,-1,-1
303,-1,38.26,301.25,26.97,16.37,0.6603,-1,-1,-1
303,-1,170.23,347.44,19.90,12.46,0.5963,-1,-1,-1
303,-1,278.06,322.24,24.43,12.54,0.4031,-1,-1,-1
304,-1,839.59,83.14,177.95,97.13,0.9581,-1,-1,-1
304,-1,653.52,164.21,105.76,104.70,0.9530,-1,-1,-1
304,-1,574.03,81.87,63.55,53.62,0.9391,-1,-1,-1
304,-1,778.09,266.86,57.28,78.52,0.9289,-1,-1,-1
304,-1,647.73,271.98,58.11,48.44,0.9228,-1,-1,-1
304,-1,623.25,227.51,33.70,32.26,0.9066,-1,-1,-1
304,-1,591.14,348.82,28.46,16.13,0.9005,-1,-1,-1
304,-1,288.28,299.05,34.49,19.75,0.8916,-1,-1,-1
304,-1,59.08,333.69,25.79,20.63,0.8790,-1,-1,-1
304,-1,179.73,231.72,28.87,49.20,0.8777,-1,-1,-1
304,-1,215.26,290.10,26.95,38.51,0.8745,-1,-1,-1
304,-1,785.81,366.59,22.36,14.31,0.8547,-1,-1,-1
304,-1,225.33,231.26,24.71,16.95,0.8212,-1,-1,-1
304,-1,86.83,234.73,45.30,39.68,0.7951,-1,-1,-1
304,-1,192.69,301.56,18.68,19.42,0.7908,-1,-1,-1
304,-1,744.09,0.05,74.02,28.17,0.6981,-1,-1,-1
304,-1,167.73,347.32,19.82,12.71,0.5686,-1,-1,-1
304,-1,36.51,300.58,26.50,17.10,0.4034,-1,-1,-1
304,-1,276.92,322.49,24.13,12.47,0.3161,-1,-1,-1
305,-1,829.01,83.73,177.76,97.35,0.9562,-1,-1,-1
305,-1,642.45,164.96,105.71,104.32,0.9507,-1,-1,-1
305,-1,769.60,267.26,57.99,78.50,0.9347,-1,-1,-1
305,-1,568.32,82.27,62.31,53.30,0.9282,-1,-1,-1
305,-1,640.72,272.19,56.92,49.01,0.9242,-1,-1,-1
305,-1,286.19,299.11,34.48,20.05,0.8957,-1,-1,-1
305,-1,82.87,232.03,48.00,43.07,0.8943,-1,-1,-1
305,-1,212.63,290.21,26.06,38.60,0.8936,-1,-1,-1
305,-1,588.60,349.09,28.51,16.24,0.8910,-1,-1,-1
305,-1,177.28,231.44,28.36,49.12,0.8899,-1,-1,-1
305,-1,620.79,228.31,33.08,31.95,0.8869,-1,-1,-1
305,-1,57.05,333.81,26.02,20.41,0.8744,-1,-1,-1
305,-1,784.61,367.03,22.02,14.29,0.8538,-1,-1,-1
305,-1,222.49,231.48,24.50,17.23,0.8178,-1,-1,-1
305,-1,189.80,301.76,18.46,19.36,0.7865,-1,-1,-1
305,-1,734.29,0.00,73.51,29.21,0.7831,-1,-1,-1
305,-1,164.92,347.36,19.87,12.73,0.6198,-1,-1,-1
305,-1,35.12,301.08,26.14,16.34,0.4942,-1,-1,-1
305,-1,275.42,322.56,23.80,12.52,0.3604,-1,-1,-1
305,-1,144.55,264.66,21.07,16.79,0.3087,-1,-1,-1
305,-1,510.47,317.92,16.43,19.28,0.2771,-1,-1,-1
306,-1,818.25,85.67,176.69,96.07,0.9590,-1,-1,-1
306,-1,631.61,165.47,105.77,104.28,0.9523,-1,-1,-1
306,-1,761.28,267.43,59.24,79.01,0.9344,-1,-1,-1
306,-1,633.92,273.33,55.34,48.10,0.9278,-1,-1,-1
306,-1,561.13,82.24,63.40,52.88,0.9264,-1,-1,-1
306,-1,209.61,290.21,26.62,38.62,0.8979,-1,-1,-1
306,-1,284.13,299.16,34.41,20.01,0.8936,-1,-1,-1
306,-1,585.76,349.54,28.65,16.13,0.8813,-1,-1,-1
306,-1,174.08,231.51,29.03,49.20,0.8778,-1,-1,-1
306,-1,55.81,333.82,25.91,20.41,0.8699,-1,-1,-1
306,-1,81.66,229.44,45.86,45.39,0.8592,-1,-1,-1
306,-1,219.30,231.64,24.75,16.96,0.8472,-1,-1,-1
306,-1,782.82,367.54,22.45,15.04,0.8438,-1,-1,-1
306,-1,724.27,0.03,69.54,29.73,0.8076,-1,-1,-1
306,-1,186.99,301.80,18.56,19.31,0.7344,-1,-1,-1
306,-1,34.12,302.31,25.77,15.15,0.5449,-1,-1,-1
306,-1,162.68,347.41,19.73,12.68,0.5377,-1,-1,-1
306,-1,142.59,264.36,20.68,15.86,0.4052,-1,-1,-1
307,-1,807.21,86.50,176.40,96.82,0.9628,-1,-1,-1
307,-1,620.52,166.25,106.03,104.50,0.9537,-1,-1,-1
307,-1,752.65,268.95,59.68,77.96,0.9317,-1,-1,-1
307,-1,627.07,273.87,53.71,48.47,0.9308,-1,-1,-1
307,-1,554.57,82.86,63.22,53.80,0.9304,-1,-1,-1
307,-1,282.04,299.89,34.03,19.61,0.8939,-1,-1,-1
307,-1,583.19,350.16,29.18,16.07,0.8912,-1,-1,-1
307,-1,206.87,290.23,26.83,38.78,0.8871,-1,-1,-1
307,-1,171.76,231.15,29.00,49.84,0.8722,-1,-1,-1
307,-1,54.30,333.69,25.65,20.39,0.8711,-1,-1,-1
307,-1,79.48,233.19,45.68,40.54,0.8657,-1,-1,-1
307,-1,780.71,368.20,22.76,14.90,0.8416,-1,-1,-1
307,-1,216.21,231.77,26.77,17.09,0.8135,-1,-1,-1
307,-1,714.06,0.06,70.52,31.08,0.8088,-1,-1,-1
307,-1,184.72,302.08,19.64,19.09,0.7847,-1,-1,-1
307,-1,32.38,299.29,26.17,18.06,0.5309,-1,-1,-1
307,-1,159.67,347.39,19.92,12.79,0.4085,-1,-1,-1
307,-1,140.24,264.81,20.85,16.23,0.3016,-1,-1,-1
308,-1,796.86,87.33,175.07,96.89,0.9614,-1,-1,-1
308,-1,609.43,167.30,108.85,104.07,0.9548,-1,-1,-1
308,-1,547.79,83.70,63.13,53.87,0.9307,-1,-1,-1
308,-1,744.92,269.47,60.93,78.96,0.9274,-1,-1,-1
308,-1,620.20,274.97,52.24,48.43,0.9244,-1,-1,-1
308,-1,204.33,290.50,26.39,38.70,0.9007,-1,-1,-1
308,-1,280.22,300.08,32.89,19.53,0.8993,-1,-1,-1
308,-1,580.46,350.87,29.04,16.10,0.8935,-1,-1,-1
308,-1,76.97,234.87,46.47,39.49,0.8896,-1,-1,-1
308,-1,168.76,231.22,28.59,50.23,0.8822,-1,-1,-1
308,-1,52.52,333.64,26.39,20.35,0.8734,-1,-1,-1
308,-1,704.88,0.00,71.98,31.88,0.8365,-1,-1,-1
308,-1,779.07,369.20,22.88,14.85,0.8338,-1,-1,-1
308,-1,214.87,231.95,25.90,17.38,0.8230,-1,-1,-1
308,-1,182.07,302.10,18.77,19.32,0.7675,-1,-1,-1
308,-1,506.65,317.47,18.92,19.70,0.4676,-1,-1,-1
308,-1,157.11,347.49,19.83,12.63,0.4240,-1,-1,-1
308,-1,30.76,299.99,28.43,17.07,0.2985,-1,-1,-1
308,-1,974.83,298.69,29.81,15.82,0.2557,-1,-1,-1
309,-1,785.91,88.59,174.79,96.86,0.9610,-1,-1,-1
309,-1,598.67,168.10,108.15,103.84,0.9546,-1,-1,-1
309,-1,736.40,270.85,61.75,78.57,0.9311,-1,-1,-1
309,-1,613.17,275.93,51.07,48.39,0.9293,-1,-1,-1
309,-1,540.94,84.47,63.34,54.54,0.9293,-1,-1,-1
309,-1,201.52,290.83,26.86,38.43,0.9031,-1,-1,-1
309,-1,277.66,300.54,33.55,19.16,0.8939,-1,-1,-1
309,-1,166.49,231.61,28.95,49.87,0.8856,-1,-1,-1
309,-1,577.99,351.59,29.17,16.03,0.8804,-1,-1,-1
309,-1,51.19,333.36,26.48,20.59,0.8727,-1,-1,-1
309,-1,694.90,0.00,70.68,33.34,0.8395,-1,-1,-1
309,-1,778.09,370.18,21.83,14.90,0.8253,-1,-1,-1
309,-1,212.34,231.90,26.19,18.14,0.8002,-1,-1,-1
309,-1,74.50,234.30,45.12,39.67,0.7881,-1,-1,-1
309,-1,179.51,301.63,19.13,19.89,0.7795,-1,-1,-1
309,-1,154.04,347.57,20.57,12.74,0.5998,-1,-1,-1
309,-1,29.53,302.29,26.01,14.88,0.4569,-1,-1,-1
310,-1,775.11,89.68,174.51,97.08,0.9618,-1,-1,-1
310,-1,587.56,169.04,107.99,103.69,0.9514,-1,-1,-1
310,-1,727.72,271.90,63.11,78.57,0.9350,-1,-1,-1
310,-1,534.20,85.54,63.67,54.45,0.9339,-1,-1,-1
310,-1,607.01,276.73,48.61,48.26,0.9174,-1,-1,-1
310,-1,575.57,352.20,29.10,15.91,0.8947,-1,-1,-1
310,-1,275.82,300.69,33.23,19.26,0.8927,-1,-1,-1
310,-1,198.65,290.84,27.24,38.65,0.8843,-1,-1,-1
310,-1,164.64,231.13,28.30,50.89,0.8754,-1,-1,-1
310,-1,71.98,234.14,45.34,40.48,0.8656,-1,-1,-1
310,-1,49.49,333.40,26.75,20.54,0.8641,-1,-1,-1
310,-1,685.26,0.00,67.45,34.72,0.8622,-1,-1,-1
310,-1,210.21,232.38,25.61,17.39,0.8237,-1,-1,-1
310,-1,776.68,371.15,21.82,14.13,0.8235,-1,-1,-1
310,-1,177.12,302.40,19.91,19.16,0.7652,-1,-1,-1
310,-1,28.09,302.24,25.20,14.77,0.4097,-1,-1,-1
310,-1,267.91,323.72,23.92,12.41,0.3904,-1,-1,-1
310,-1,133.35,265.38,26.47,17.36,0.3075,-1,-1,-1
310,-1,150.87,347.83,21.36,12.64,0.3000,-1,-1,-1
311,-1,763.98,90.31,173.19,97.14,0.9586,-1,-1,-1
311,-1,576.12,169.46,107.81,104.03,0.9554,-1,-1,-1
311,-1,527.36,86.78,63.38,52.73,0.9353,-1,-1,-1
311,-1,719.18,270.79,64.56,79.65,0.9328,-1,-1,-1
311,-1,598.36,277.62,48.40,47.68,0.9174,-1,-1,-1
311,-1,195.94,291.60,26.75,38.47,0.9005,-1,-1,-1
311,-1,273.36,301.06,33.47,19.62,0.8949,-1,-1,-1
311,-1,572.79,352.69,28.95,15.92,0.8933,-1,-1,-1
311,-1,161.89,232.47,29.02,50.24,0.8823,-1,-1,-1
311,-1,675.05,0.00,67.36,35.51,0.8763,-1,-1,-1
311,-1,48.37,334.24,26.27,20.21,0.8480,-1,-1,-1
311,-1,69.98,231.36,44.47,44.73,0.8388,-1,-1,-1
311,-1,207.91,233.00,25.22,17.76,0.8274,-1,-1,-1
311,-1,775.10,371.45,22.16,14.63,0.8263,-1,-1,-1
311,-1,174.37,302.68,18.29,19.59,0.6731,-1,-1,-1
311,-1,26.46,300.98,26.30,16.61,0.5663,-1,-1,-1
311,-1,148.90,348.41,20.98,12.64,0.4690,-1,-1,-1
311,-1,130.88,265.69,28.14,20.61,0.2659,-1,-1,-1
312,-1,751.85,90.98,173.48,96.75,0.9564,-1,-1,-1
312,-1,564.36,170.34,110.72,103.59,0.9549,-1,-1,-1
312,-1,710.46,272.59,65.44,78.06,0.9373,-1,-1,-1
312,-1,519.72,87.84,62.87,52.65,0.9347,-1,-1,-1
312,-1,192.82,292.86,27.26,38.42,0.9055,-1,-1,-1
312,-1,591.62,278.16,46.43,47.55,0.9048,-1,-1,-1
312,-1,270.50,302.05,33.85,19.64,0.8878,-1,-1,-1
312,-1,159.23,233.54,28.90,49.52,0.8826,-1,-1,-1
312,-1,569.95,353.25,29.22,15.94,0.8804,-1,-1,-1
312,-1,67.28,236.72,44.33,40.88,0.8740,-1,-1,-1
312,-1,663.52,0.00,65.97,35.96,0.8727,-1,-1,-1
312,-1,46.99,335.77,25.79,20.14,0.8499,-1,-1,-1
312,-1,773.12,371.33,22.10,14.86,0.8426,-1,-1,-1
312,-1,204.47,234.23,25.90,18.20,0.8062,-1,-1,-1
312,-1,171.47,304.27,17.54,19.04,0.7512,-1,-1,-1
312,-1,264.62,325.21,24.09,12.33,0.3676,-1,-1,-1
312,-1,146.51,349.62,20.53,12.59,0.3182,-1,-1,-1
312,-1,24.78,300.35,25.87,18.77,0.3049,-1,-1,-1
313,-1,740.28,91.73,172.67,96.25,0.9576,-1,-1,-1
313,-1,552.38,170.53,110.89,103.91,0.9529,-1,-1,-1
313,-1,701.36,272.94,67.41,78.39,0.9350,-1,-1,-1
313,-1,511.91,88.80,62.85,52.59,0.9297,-1,-1,-1
313,-1,583.77,279.26,45.57,46.82,0.9167,-1,-1,-1
313,-1,189.39,294.21,27.80,37.70,0.8987,-1,-1,-1
313,-1,566.98,353.85,29.78,15.55,0.8973,-1,-1,-1
313,-1,268.52,302.65,33.32,19.70,0.8895,-1,-1,-1
313,-1,44.84,336.62,26.63,20.07,0.8754,-1,-1,-1
313,-1,156.00,234.23,29.20,50.43,0.8749,-1,-1,-1
313,-1,771.73,371.47,21.73,14.83,0.8432,-1,-1,-1
313,-1,652.43,0.00,64.66,36.63,0.8417,-1,-1,-1
313,-1,63.67,233.15,45.63,45.27,0.8298,-1,-1,-1
313,-1,200.63,235.14,26.63,17.87,0.8241,-1,-1,-1
313,-1,168.71,304.58,17.83,19.76,0.7492,-1,-1,-1
313,-1,143.42,350.63,20.32,13.20,0.5140,-1,-1,-1
313,-1,23.19,301.94,27.83,18.26,0.3426,-1,-1,-1
313,-1,262.46,326.04,24.95,12.16,0.3192,-1,-1,-1
314,-1,728.80,91.99,173.47,96.15,0.9601,-1,-1,-1
314,-1,540.14,171.22,111.65,103.36,0.9585,-1,-1,-1
314,-1,504.34,89.71,62.74,52.14,0.9321,-1,-1,-1
314,-1,692.31,273.27,67.94,79.24,0.9305,-1,-1,-1
314,-1,577.28,279.94,43.03,46.37,0.9148,-1,-1,-1
314,-1,186.58,294.46,27.50,38.21,0.9027,-1,-1,-1
314,-1,564.50,353.97,29.54,15.66,0.8893,-1,-1,-1
314,-1,265.49,303.51,33.85,19.47,0.8878,-1,-1,-1
314,-1,153.57,235.13,28.12,51.05,0.8870,-1,-1,-1
314,-1,43.57,337.03,26.28,20.74,0.8841,-1,-1,-1
314,-1,60.94,237.74,45.76,42.69,0.8798,-1,-1,-1
314,-1,642.01,0.00,59.45,37.14,0.8754,-1,-1,-1
314,-1,770.63,371.67,21.09,14.79,0.8590,-1,-1,-1
314,-1,198.57,235.85,25.74,18.31,0.8204,-1,-1,-1
314,-1,165.64,304.93,18.82,20.09,0.8018,-1,-1,-1
314,-1,140.75,351.21,20.47,12.97,0.4778,-1,-1,-1
314,-1,21.80,302.44,26.61,18.48,0.3919,-1,-1,-1
314,-1,122.84,269.84,28.92,19.18,0.3563,-1,-1,-1
314,-1,261.27,326.99,24.80,11.77,0.2894,-1,-1,-1
315,-1,717.12,92.13,171.67,96.31,0.9592,-1,-1,-1
315,-1,528.26,171.31,113.31,103.49,0.9570,-1,-1,-1
315,-1,684.03,273.15,68.35,78.59,0.9317,-1,-1,-1
315,-1,496.73,90.48,61.51,51.46,0.9221,-1,-1,-1
315,-1,630.84,0.02,56.25,37.02,0.9178,-1,-1,-1
315,-1,570.01,280.30,41.90,45.99,0.8981,-1,-1,-1
315,-1,183.69,295.13,27.47,38.26,0.8967,-1,-1,-1
315,-1,561.97,354.06,29.61,15.89,0.8878,-1,-1,-1
315,-1,263.10,304.02,33.67,19.46,0.8845,-1,-1,-1
315,-1,150.28,235.47,29.07,50.93,0.8809,-1,-1,-1
315,-1,60.64,240.37,42.30,39.70,0.8641,-1,-1,-1
315,-1,41.40,337.90,26.78,20.42,0.8640,-1,-1,-1
315,-1,768.61,371.69,21.54,14.39,0.8558,-1,-1,-1
315,-1,194.45,236.16,26.83,17.76,0.8336,-1,-1,-1
315,-1,163.07,306.19,18.36,19.39,0.7414,-1,-1,-1
315,-1,138.27,351.65,20.78,12.96,0.5206,-1,-1,-1
315,-1,259.61,327.37,24.07,11.88,0.3387,-1,-1,-1
316,-1,705.29,92.03,171.81,96.12,0.9574,-1,-1,-1
316,-1,516.58,171.56,114.14,103.45,0.9555,-1,-1,-1
316,-1,675.62,272.99,69.61,78.13,0.9373,-1,-1,-1
316,-1,619.84,0.02,54.54,37.33,0.9251,-1,-1,-1
316,-1,489.45,90.77,59.94,51.42,0.9194,-1,-1,-1
316,-1,562.35,280.95,40.89,45.99,0.9136,-1,-1,-1
316,-1,180.46,295.70,27.56,37.86,0.9000,-1,-1,-1
316,-1,260.68,304.41,33.29,19.26,0.8998,-1,-1,-1
316,-1,558.74,354.32,29.73,15.64,0.8995,-1,-1,-1
316,-1,55.66,241.34,45.04,39.80,0.8846,-1,-1,-1
316,-1,147.17,236.89,29.99,49.81,0.8819,-1,-1,-1
316,-1,39.72,338.31,26.14,20.60,0.8719,-1,-1,-1
316,-1,767.01,371.62,21.58,14.88,0.8443,-1,-1,-1
316,-1,190.39,236.55,27.99,17.94,0.8139,-1,-1,-1
316,-1,160.40,306.63,18.46,19.26,0.7386,-1,-1,-1
316,-1,135.55,352.04,20.27,12.86,0.4681,-1,-1,-1
316,-1,257.96,327.63,24.23,11.79,0.3022,-1,-1,-1
317,-1,694.26,91.92,170.73,96.05,0.9589,-1,-1,-1
317,-1,504.63,171.44,115.85,102.84,0.9527,-1,-1,-1
317,-1,667.04,272.88,70.97,78.02,0.9337,-1,-1,-1
317,-1,609.77,0.00,51.42,37.21,0.9127,-1,-1,-1
317,-1,482.55,91.90,58.31,50.32,0.9090,-1,-1,-1
317,-1,177.32,295.77,28.13,38.09,0.9045,-1,-1,-1
317,-1,257.88,304.27,33.37,19.52,0.8962,-1,-1,-1
317,-1,556.02,353.94,29.95,16.07,0.8927,-1,-1,-1
317,-1,144.56,236.70,29.05,50.21,0.8784,-1,-1,-1
317,-1,52.32,240.41,46.26,40.91,0.8718,-1,-1,-1
317,-1,38.19,338.17,25.63,20.98,0.8684,-1,-1,-1
317,-1,765.03,371.41,21.35,14.10,0.8405,-1,-1,-1
317,-1,187.30,236.85,27.53,17.21,0.8231,-1,-1,-1
317,-1,157.24,306.84,18.14,19.18,0.7463,-1,-1,-1
317,-1,554.52,281.71,40.33,45.41,0.7285,-1,-1,-1
317,-1,132.55,351.95,20.62,13.25,0.4929,-1,-1,-1
318,-1,492.83,171.59,116.50,102.89,0.9596,-1,-1,-1
318,-1,683.01,91.50,170.91,96.01,0.9590,-1,-1,-1
318,-1,658.64,272.92,71.84,77.83,0.9376,-1,-1,-1
318,-1,598.55,0.01,50.41,37.22,0.9195,-1,-1,-1
318,-1,474.74,91.42,57.40,50.80,0.9048,-1,-1,-1
318,-1,174.59,295.44,27.78,38.60,0.8964,-1,-1,-1
318,-1,256.17,304.31,32.45,19.30,0.8875,-1,-1,-1
318,-1,553.76,353.75,28.97,15.95,0.8859,-1,-1,-1
318,-1,141.91,235.50,30.14,51.19,0.8753,-1,-1,-1
318,-1,36.47,337.95,26.24,21.12,0.8731,-1,-1,-1
318,-1,50.07,240.53,44.54,39.64,0.8727,-1,-1,-1
318,-1,763.46,371.18,21.68,14.46,0.8430,-1,-1,-1
318,-1,184.69,236.69,27.48,17.29,0.8305,-1,-1,-1
318,-1,154.57,306.48,18.17,19.57,0.7881,-1,-1,-1
318,-1,254.49,327.70,24.88,11.89,0.6482,-1,-1,-1
318,-1,129.65,352.44,20.92,12.88,0.4686,-1,-1,-1
319,-1,671.97,91.16,170.34,96.24,0.9598,-1,-1,-1
319,-1,481.50,170.93,117.50,103.79,0.9562,-1,-1,-1
319,-1,650.27,272.56,72.89,77.90,0.9338,-1,-1,-1
319,-1,587.86,0.00,48.32,36.62,0.9180,-1,-1,-1
319,-1,171.62,295.05,27.74,38.57,0.9048,-1,-1,-1
319,-1,253.39,303.81,33.24,19.61,0.8930,-1,-1,-1
319,-1,551.05,353.56,27.06,15.71,0.8882,-1,-1,-1
319,-1,34.75,338.13,26.30,20.69,0.8829,-1,-1,-1
319,-1,139.06,235.96,30.15,50.34,0.8812,-1,-1,-1
319,-1,45.57,240.51,46.44,40.53,0.8467,-1,-1,-1
319,-1,181.73,236.76,27.72,17.77,0.8395,-1,-1,-1
319,-1,762.07,370.92,21.23,14.21,0.8320,-1,-1,-1
319,-1,467.52,90.53,63.40,51.14,0.7778,-1,-1,-1
319,-1,151.73,306.32,17.85,19.39,0.6221,-1,-1,-1
319,-1,252.93,327.47,24.65,11.78,0.5286,-1,-1,-1
319,-1,919.42,287.50,17.61,25.79,0.3787,-1,-1,-1
319,-1,540.45,281.71,36.75,44.87,0.2785,-1,-1,-1
319,-1,127.56,352.26,20.22,12.81,0.2707,-1,-1,-1
320,-1,661.10,90.55,170.14,96.55,0.9598,-1,-1,-1
320,-1,469.14,170.48,119.97,103.62,0.9543,-1,-1,-1
320,-1,642.28,272.23,73.84,77.74,0.9312,-1,-1,-1
320,-1,460.48,91.39,56.52,49.94,0.9138,-1,-1,-1
320,-1,577.44,0.00,47.02,35.95,0.9092,-1,-1,-1
320,-1,168.65,294.64,28.02,38.25,0.9078,-1,-1,-1
320,-1,250.72,303.30,33.40,19.76,0.8903,-1,-1,-1
320,-1,33.07,337.54,26.91,20.66,0.8707,-1,-1,-1
320,-1,136.87,234.81,28.30,50.75,0.8699,-1,-1,-1
320,-1,548.12,353.04,20.67,15.77,0.8625,-1,-1,-1
320,-1,178.84,236.45,27.81,17.27,0.8461,-1,-1,-1
320,-1,760.59,370.39,21.03,14.35,0.8381,-1,-1,-1
320,-1,148.77,306.13,18.10,19.21,0.7099,-1,-1,-1
320,-1,41.50,230.80,48.21,49.80,0.7038,-1,-1,-1
320,-1,251.11,327.11,24.36,11.81,0.3448,-1,-1,-1
320,-1,533.69,281.32,34.94,44.74,0.2809,-1,-1,-1
321,-1,650.31,89.76,169.85,96.80,0.9607,-1,-1,-1
321,-1,457.75,170.12,120.52,103.37,0.9589,-1,-1,-1
321,-1,633.76,271.90,75.38,77.92,0.9410,-1,-1,-1
321,-1,567.29,0.02,45.32,35.17,0.9083,-1,-1,-1
321,-1,165.41,294.07,28.53,38.25,0.8930,-1,-1,-1
321,-1,133.34,234.91,30.26,49.13,0.8888,-1,-1,-1
321,-1,39.71,238.03,46.74,40.63,0.8883,-1,-1,-1
321,-1,454.09,91.09,54.61,49.15,0.8848,-1,-1,-1
321,-1,248.17,303.12,33.63,19.36,0.8799,-1,-1,-1
321,-1,31.74,336.92,26.54,20.50,0.8738,-1,-1,-1
321,-1,176.29,235.42,26.67,16.74,0.8687,-1,-1,-1
321,-1,758.96,370.07,21.01,14.76,0.8530,-1,-1,-1
321,-1,146.25,304.97,19.45,19.61,0.7722,-1,-1,-1
321,-1,9.98,302.94,27.72,18.02,0.4166,-1,-1,-1
321,-1,249.55,326.39,24.98,11.85,0.3449,-1,-1,-1
322,-1,639.67,89.18,169.44,96.63,0.9643,-1,-1,-1
322,-1,446.51,169.31,121.69,103.53,0.9599,-1,-1,-1
322,-1,625.88,271.36,75.84,78.15,0.9358,-1,-1,-1
322,-1,162.50,293.07,28.32,38.43,0.9050,-1,-1,-1
322,-1,558.35,0.01,42.75,34.44,0.9039,-1,-1,-1
322,-1,130.64,234.04,30.59,50.20,0.8901,-1,-1,-1
322,-1,245.56,302.26,33.95,19.41,0.8873,-1,-1,-1
322,-1,36.34,231.55,47.38,46.07,0.8851,-1,-1,-1
322,-1,30.06,336.56,26.73,20.01,0.8780,-1,-1,-1
322,-1,757.27,369.59,21.17,15.03,0.8516,-1,-1,-1
322,-1,173.57,234.56,27.05,18.19,0.8338,-1,-1,-1
322,-1,447.17,90.37,53.10,48.94,0.7627,-1,-1,-1
322,-1,143.67,303.82,18.26,19.90,0.6163,-1,-1,-1
322,-1,220.39,303.81,25.67,19.66,0.5319,-1,-1,-1
322,-1,248.30,325.08,24.44,12.53,0.4842,-1,-1,-1
322,-1,8.37,301.28,26.90,18.58,0.3769,-1,-1,-1
323,-1,629.10,88.38,169.50,97.12,0.9636,-1,-1,-1
323,-1,433.91,168.11,124.18,104.01,0.9552,-1,-1,-1
323,-1,617.86,270.73,76.68,78.23,0.9404,-1,-1,-1
323,-1,159.88,292.43,28.43,38.43,0.9108,-1,-1,-1
323,-1,243.62,301.25,33.81,19.47,0.8940,-1,-1,-1
323,-1,128.15,233.51,30.50,48.98,0.8922,-1,-1,-1
323,-1,549.20,0.07,40.47,33.32,0.8849,-1,-1,-1
323,-1,34.05,236.26,47.61,39.98,0.8841,-1,-1,-1
323,-1,28.31,335.08,27.07,20.41,0.8828,-1,-1,-1
323,-1,755.70,369.31,21.22,14.96,0.8367,-1,-1,-1
323,-1,170.94,233.48,26.38,18.83,0.8213,-1,-1,-1
323,-1,440.06,90.84,70.32,47.80,0.8036,-1,-1,-1
323,-1,909.27,286.94,19.49,25.45,0.6442,-1,-1,-1
323,-1,218.25,302.81,26.02,19.89,0.6096,-1,-1,-1
323,-1,140.64,304.27,16.75,18.71,0.5859,-1,-1,-1
323,-1,246.35,324.60,25.46,12.21,0.2630,-1,-1,-1
324,-1,618.21,87.74,169.12,97.11,0.9644,-1,-1,-1
324,-1,422.23,166.94,126.44,105.24,0.9598,-1,-1,-1
324,-1,609.80,270.38,77.92,77.99,0.9331,-1,-1,-1
324,-1,432.50,89.26,72.82,48.78,0.9031,-1,-1,-1
324,-1,125.51,232.69,30.91,49.54,0.8953,-1,-1,-1
324,-1,156.94,291.26,28.40,38.43,0.8922,-1,-1,-1
324,-1,241.17,300.42,33.53,19.45,0.8853,-1,-1,-1
324,-1,26.96,334.25,26.21,20.08,0.8787,-1,-1,-1
324,-1,538.25,0.11,39.74,32.34,0.8655,-1,-1,-1
324,-1,754.70,369.19,20.71,15.01,0.8521,-1,-1,-1
324,-1,169.00,232.69,25.58,17.02,0.8157,-1,-1,-1
324,-1,216.52,301.83,26.36,19.94,0.8148,-1,-1,-1
324,-1,138.12,302.27,19.72,19.64,0.7824,-1,-1,-1
324,-1,31.55,234.52,46.91,40.86,0.7304,-1,-1,-1
324,-1,5.22,301.65,27.79,15.97,0.3863,-1,-1,-1
324,-1,244.60,323.89,25.67,12.01,0.2679,-1,-1,-1
325,-1,606.53,86.94,169.24,97.20,0.9629,-1,-1,-1
325,-1,409.92,166.90,128.62,104.79,0.9616,-1,-1,-1
325,-1,601.60,269.38,78.55,78.24,0.9289,-1,-1,-1
325,-1,153.86,290.77,28.32,38.88,0.8983,-1,-1,-1
325,-1,238.78,300.23,33.30,19.38,0.8894,-1,-1,-1
325,-1,122.58,231.63,30.55,51.01,0.8842,-1,-1,-1
325,-1,25.04,333.87,27.31,20.34,0.8794,-1,-1,-1
325,-1,425.92,86.56,72.16,50.98,0.8453,-1,-1,-1
325,-1,752.87,368.58,21.08,15.04,0.8444,-1,-1,-1
325,-1,164.07,232.75,27.85,18.44,0.7654,-1,-1,-1
325,-1,528.80,0.07,37.35,31.65,0.7282,-1,-1,-1
325,-1,214.44,301.77,25.47,20.01,0.7025,-1,-1,-1
325,-1,135.08,302.12,18.02,19.43,0.6662,-1,-1,-1
325,-1,58.21,251.10,16.81,22.21,0.4104,-1,-1,-1
325,-1,243.58,323.77,24.69,11.93,0.3461,-1,-1,-1
325,-1,3.82,301.48,27.55,16.13,0.2874,-1,-1,-1
326,-1,595.36,85.80,168.23,97.39,0.9627,-1,-1,-1
326,-1,397.18,166.28,130.45,104.62,0.9579,-1,-1,-1
326,-1,593.20,268.70,79.56,77.94,0.9314,-1,-1,-1
326,-1,236.07,299.76,33.37,19.69,0.8947,-1,-1,-1
326,-1,150.87,290.68,28.46,38.96,0.8937,-1,-1,-1
326,-1,119.59,231.73,29.92,50.70,0.8904,-1,-1,-1
326,-1,23.40,334.24,26.81,20.27,0.8817,-1,-1,-1
326,-1,417.80,84.13,72.57,52.62,0.8478,-1,-1,-1
326,-1,751.68,367.71,20.29,14.89,0.8411,-1,-1,-1
326,-1,161.31,232.36,26.71,18.13,0.8214,-1,-1,-1
326,-1,132.20,302.46,18.62,19.21,0.7587,-1,-1,-1
326,-1,928.74,314.86,16.53,17.49,0.7020,-1,-1,-1
326,-1,210.90,301.52,27.01,19.95,0.6438,-1,-1,-1
326,-1,518.68,0.11,34.94,31.14,0.5132,-1,-1,-1
326,-1,899.95,285.00,20.08,26.84,0.4730,-1,-1,-1
326,-1,241.95,323.18,24.78,12.20,0.3866,-1,-1,-1
326,-1,54.94,250.69,16.76,22.50,0.3624,-1,-1,-1
326,-1,107.14,348.18,21.73,12.61,0.3129,-1,-1,-1
326,-1,1.89,300.39,26.52,17.22,0.2857,-1,-1,-1
327,-1,583.40,85.30,168.65,97.00,0.9632,-1,-1,-1
327,-1,384.60,165.85,132.95,104.43,0.9585,-1,-1,-1
327,-1,584.79,268.24,80.23,78.30,0.9384,-1,-1,-1
327,-1,148.03,290.57,27.72,38.81,0.8978,-1,-1,-1
327,-1,233.46,299.80,33.21,19.52,0.8945,-1,-1,-1
327,-1,116.80,231.96,30.00,50.53,0.8872,-1,-1,-1
327,-1,21.57,334.09,27.51,20.37,0.8779,-1,-1,-1
327,-1,749.90,366.99,20.54,14.47,0.8303,-1,-1,-1
327,-1,159.97,231.97,24.94,17.83,0.8243,-1,-1,-1
327,-1,24.02,233.92,44.71,41.37,0.8213,-1,-1,-1
327,-1,926.24,314.21,17.64,17.15,0.7905,-1,-1,-1
327,-1,409.85,83.71,74.16,52.36,0.7452,-1,-1,-1
327,-1,209.37,301.14,25.86,20.21,0.6622,-1,-1,-1
327,-1,129.21,303.17,17.82,18.25,0.6381,-1,-1,-1
327,-1,897.09,283.98,18.24,25.46,0.5480,-1,-1,-1
327,-1,505.31,0.13,35.91,29.90,0.4843,-1,-1,-1
327,-1,103.92,347.84,22.59,12.81,0.3141,-1,-1,-1
328,-1,572.16,84.72,168.41,96.92,0.9617,-1,-1,-1
328,-1,371.56,165.65,135.49,104.45,0.9594,-1,-1,-1
328,-1,577.17,268.21,80.76,77.76,0.9381,-1,-1,-1
328,-1,144.57,290.38,28.52,38.99,0.9000,-1,-1,-1
328,-1,231.20,299.79,32.96,19.40,0.8956,-1,-1,-1
328,-1,113.90,231.52,30.34,50.31,0.8871,-1,-1,-1
328,-1,20.05,334.17,27.00,20.31,0.8744,-1,-1,-1
328,-1,402.12,83.30,74.59,52.45,0.8472,-1,-1,-1
328,-1,747.89,366.72,20.66,14.40,0.8369,-1,-1,-1
328,-1,923.61,313.93,19.14,16.91,0.8302,-1,-1,-1
328,-1,154.49,231.48,27.56,19.24,0.8058,-1,-1,-1
328,-1,126.35,301.20,17.76,20.23,0.7153,-1,-1,-1
328,-1,49.19,251.47,17.21,21.76,0.3921,-1,-1,-1
328,-1,21.53,233.38,44.10,42.14,0.3455,-1,-1,-1
328,-1,101.68,347.70,21.68,12.76,0.3351,-1,-1,-1
328,-1,494.20,0.11,34.52,29.56,0.3279,-1,-1,-1
328,-1,237.76,322.89,25.72,12.25,0.2652,-1,-1,-1
329,-1,561.04,84.38,167.50,97.23,0.9608,-1,-1,-1
329,-1,358.26,165.40,138.50,104.62,0.9584,-1,-1,-1
329,-1,568.73,267.91,81.31,77.66,0.9286,-1,-1,-1
329,-1,141.83,290.62,28.32,38.84,0.8970,-1,-1,-1
329,-1,228.91,299.63,32.88,19.52,0.8927,-1,-1,-1
329,-1,111.17,231.21,30.04,50.06,0.8913,-1,-1,-1
329,-1,395.50,82.20,75.21,53.43,0.8790,-1,-1,-1
329,-1,18.31,334.29,27.26,20.19,0.8692,-1,-1,-1
329,-1,921.11,313.70,19.54,16.40,0.8607,-1,-1,-1
329,-1,746.66,366.49,20.27,14.30,0.8490,-1,-1,-1
329,-1,152.77,231.56,26.35,18.10,0.8159,-1,-1,-1
329,-1,123.71,301.93,18.98,19.49,0.7934,-1,-1,-1
329,-1,17.43,233.62,45.18,40.44,0.4798,-1,-1,-1
329,-1,45.96,250.59,16.60,21.86,0.4331,-1,-1,-1
329,-1,98.92,347.76,21.66,12.80,0.3717,-1,-1,-1
329,-1,236.47,322.92,25.44,12.17,0.2815,-1,-1,-1
330,-1,345.73,165.35,141.74,104.43,0.9609,-1,-1,-1
330,-1,549.87,84.52,167.41,97.16,0.9607,-1,-1,-1
330,-1,560.77,267.61,82.56,78.11,0.9184,-1,-1,-1
330,-1,388.23,82.24,75.60,53.73,0.9046,-1,-1,-1
330,-1,138.64,290.75,28.59,38.51,0.9041,-1,-1,-1
330,-1,226.03,299.52,33.55,19.57,0.8924,-1,-1,-1
330,-1,108.65,231.60,29.90,50.35,0.8857,-1,-1,-1
330,-1,16.85,334.23,27.24,20.32,0.8765,-1,-1,-1
330,-1,919.62,313.30,20.43,17.10,0.8581,-1,-1,-1
330,-1,744.91,366.13,20.45,14.46,0.8495,-1,-1,-1
330,-1,151.33,231.48,24.56,18.37,0.8066,-1,-1,-1
330,-1,205.36,301.08,23.25,20.44,0.7922,-1,-1,-1
330,-1,120.76,302.21,17.46,19.25,0.5815,-1,-1,-1
330,-1,96.42,347.77,21.43,12.68,0.5140,-1,-1,-1
330,-1,888.81,283.61,18.43,24.37,0.4875,-1,-1,-1
330,-1,42.04,250.63,17.46,22.20,0.4615,-1,-1,-1
330,-1,234.87,322.98,24.98,12.05,0.3981,-1,-1,-1
330,-1,17.80,234.09,41.65,40.02,0.3853,-1,-1,-1
331,-1,538.58,84.51,167.11,97.13,0.9596,-1,-1,-1
331,-1,332.91,165.41,144.02,104.39,0.9577,-1,-1,-1
331,-1,552.51,268.02,83.28,78.03,0.9349,-1,-1,-1
331,-1,380.99,81.62,76.62,54.30,0.9055,-1,-1,-1
331,-1,136.01,290.54,28.54,38.76,0.9040,-1,-1,-1
331,-1,223.69,299.55,33.37,19.60,0.8952,-1,-1,-1
331,-1,106.39,231.19,30.08,50.39,0.8830,-1,-1,-1
331,-1,15.27,334.30,26.62,20.29,0.8773,-1,-1,-1
331,-1,562.39,232.57,20.19,26.95,0.8565,-1,-1,-1
331,-1,917.79,313.62,19.61,17.22,0.8430,-1,-1,-1
331,-1,743.56,366.38,20.02,14.72,0.8425,-1,-1,-1
331,-1,146.63,231.42,26.58,18.94,0.8270,-1,-1,-1
331,-1,118.00,301.22,17.70,20.16,0.7062,-1,-1,-1
331,-1,203.96,301.24,23.12,20.08,0.6423,-1,-1,-1
331,-1,38.99,250.74,18.63,21.96,0.4924,-1,-1,-1
331,-1,93.77,348.07,21.44,12.51,0.4319,-1,-1,-1
331,-1,233.64,322.76,24.68,12.18,0.3814,-1,-1,-1
331,-1,534.22,349.46,15.31,15.24,0.2688,-1,-1,-1
332,-1,527.70,84.96,166.69,97.41,0.9662,-1,-1,-1
332,-1,319.89,165.35,147.43,104.77,0.9569,-1,-1,-1
332,-1,544.64,268.51,83.96,77.48,0.9249,-1,-1,-1
332,-1,554.95,230.28,24.99,29.45,0.9058,-1,-1,-1
332,-1,221.30,299.63,33.56,19.55,0.9000,-1,-1,-1
332,-1,132.82,290.69,29.06,38.62,0.9000,-1,-1,-1
332,-1,374.06,81.56,77.55,54.45,0.8908,-1,-1,-1
332,-1,103.24,231.17,30.22,49.63,0.8906,-1,-1,-1
332,-1,13.43,334.26,27.24,20.24,0.8797,-1,-1,-1
332,-1,526.02,349.51,21.11,15.83,0.8778,-1,-1,-1
332,-1,915.44,314.21,20.11,16.77,0.8544,-1,-1,-1
332,-1,741.81,366.60,20.38,14.89,0.8375,-1,-1,-1
332,-1,143.19,231.32,27.18,17.92,0.8082,-1,-1,-1
332,-1,8.22,234.10,46.56,39.74,0.7886,-1,-1,-1
332,-1,115.47,302.28,18.16,19.15,0.7469,-1,-1,-1
332,-1,90.85,348.01,22.43,12.82,0.6251,-1,-1,-1
332,-1,202.57,301.29,21.85,20.32,0.5685,-1,-1,-1
332,-1,36.60,250.47,18.05,22.34,0.4117,-1,-1,-1
332,-1,232.34,322.80,25.29,12.25,0.3407,-1,-1,-1
333,-1,516.55,85.40,166.78,97.59,0.9681,-1,-1,-1
333,-1,308.00,165.68,149.40,104.59,0.9594,-1,-1,-1
333,-1,367.53,82.59,77.49,54.28,0.9225,-1,-1,-1
333,-1,537.65,268.85,83.12,77.22,0.9191,-1,-1,-1
333,-1,219.32,299.64,33.31,19.65,0.9048,-1,-1,-1
333,-1,129.89,290.68,29.23,38.56,0.9036,-1,-1,-1
333,-1,547.91,229.44,29.42,30.74,0.9000,-1,-1,-1
333,-1,100.82,231.70,30.68,50.21,0.8940,-1,-1,-1
333,-1,12.03,334.11,27.24,20.28,0.8784,-1,-1,-1
333,-1,517.12,349.81,27.25,15.62,0.8624,-1,-1,-1
333,-1,914.17,314.44,19.34,17.04,0.8532,-1,-1,-1
333,-1,740.15,366.90,20.60,14.94,0.8271,-1,-1,-1
333,-1,138.91,231.64,28.98,18.41,0.7766,-1,-1,-1
333,-1,112.82,301.96,17.41,19.31,0.5887,-1,-1,-1
333,-1,8.97,233.72,43.09,41.01,0.5447,-1,-1,-1
333,-1,880.40,284.39,17.09,24.37,0.5230,-1,-1,-1
333,-1,88.27,347.91,22.83,12.70,0.5058,-1,-1,-1
333,-1,518.23,337.67,15.64,19.04,0.4912,-1,-1,-1
333,-1,201.84,301.33,20.54,20.11,0.4392,-1,-1,-1
333,-1,230.24,322.90,25.75,12.31,0.3645,-1,-1,-1
334,-1,506.26,86.34,165.87,97.30,0.9653,-1,-1,-1
334,-1,294.90,166.61,153.16,104.66,0.9582,-1,-1,-1
334,-1,360.71,83.31,78.12,52.99,0.9366,-1,-1,-1
334,-1,530.05,269.42,84.41,77.63,0.9049,-1,-1,-1
334,-1,127.48,290.74,28.87,38.65,0.9045,-1,-1,-1
334,-1,542.15,229.05,32.34,31.86,0.9033,-1,-1,-1
334,-1,216.98,299.84,33.47,19.45,0.8962,-1,-1,-1
334,-1,98.54,231.64,30.80,50.40,0.8889,-1,-1,-1
334,-1,10.77,333.87,27.21,20.37,0.8722,-1,-1,-1
334,-1,511.45,350.44,30.76,15.62,0.8553,-1,-1,-1
334,-1,912.47,315.30,18.76,17.16,0.8496,-1,-1,-1
334,-1,738.87,367.66,20.00,15.23,0.8411,-1,-1,-1
334,-1,138.67,231.53,26.52,18.10,0.8113,-1,-1,-1
334,-1,6.55,234.25,43.62,40.63,0.7249,-1,-1,-1
334,-1,198.52,301.25,22.21,20.35,0.6904,-1,-1,-1
334,-1,110.13,301.06,17.27,20.34,0.5690,-1,-1,-1
334,-1,516.24,338.57,16.05,14.56,0.5606,-1,-1,-1
334,-1,228.98,322.99,25.85,12.33,0.5039,-1,-1,-1
334,-1,878.07,285.66,17.61,23.20,0.3128,-1,-1,-1
335,-1,494.94,87.26,166.27,96.94,0.9633,-1,-1,-1
335,-1,283.00,166.99,155.43,104.40,0.9602,-1,-1,-1
335,-1,521.89,269.75,84.15,77.94,0.9279,-1,-1,-1
335,-1,354.69,83.89,78.08,52.94,0.9177,-1,-1,-1
335,-1,536.05,229.42,36.08,32.10,0.9063,-1,-1,-1
335,-1,124.63,290.76,29.29,38.73,0.9041,-1,-1,-1
335,-1,214.50,299.93,33.51,19.47,0.8978,-1,-1,-1
335,-1,96.36,231.80,30.60,49.66,0.8931,-1,-1,-1
335,-1,8.97,333.64,28.27,20.55,0.8753,-1,-1,-1
335,-1,508.91,350.46,30.60,16.25,0.8719,-1,-1,-1
335,-1,736.95,368.48,20.46,15.33,0.8415,-1,-1,-1
335,-1,910.96,316.74,17.92,16.78,0.7949,-1,-1,-1
335,-1,136.96,231.68,25.81,18.12,0.7735,-1,-1,-1
335,-1,107.72,302.78,17.13,18.71,0.6946,-1,-1,-1
335,-1,197.23,301.90,21.79,19.82,0.6146,-1,-1,-1
335,-1,514.15,338.97,16.20,15.15,0.4602,-1,-1,-1
335,-1,28.49,249.64,19.14,23.00,0.3090,-1,-1,-1
335,-1,227.63,323.38,25.57,12.14,0.3032,-1,-1,-1
336,-1,484.35,88.13,165.51,97.10,0.9676,-1,-1,-1
336,-1,270.80,167.37,158.66,104.44,0.9603,-1,-1,-1
336,-1,514.28,270.49,85.24,77.79,0.9310,-1,-1,-1
336,-1,347.87,84.61,79.88,52.07,0.9252,-1,-1,-1
336,-1,121.66,291.08,29.69,38.33,0.9046,-1,-1,-1
336,-1,212.55,300.09,32.99,19.52,0.9041,-1,-1,-1
336,-1,93.87,232.29,30.50,49.63,0.8971,-1,-1,-1
336,-1,533.83,230.23,35.77,31.86,0.8968,-1,-1,-1
336,-1,7.33,333.50,28.32,20.36,0.8841,-1,-1,-1
336,-1,505.58,351.51,31.15,15.78,0.8652,-1,-1,-1
336,-1,735.76,369.28,19.92,15.37,0.8479,-1,-1,-1
336,-1,132.83,231.51,27.24,17.65,0.8071,-1,-1,-1
336,-1,0.79,233.87,44.11,39.53,0.7775,-1,-1,-1
336,-1,909.67,317.61,23.72,16.96,0.6111,-1,-1,-1
336,-1,105.26,302.23,16.92,19.11,0.5345,-1,-1,-1
336,-1,226.49,323.25,24.93,12.29,0.5101,-1,-1,-1
336,-1,195.14,301.99,21.99,19.77,0.5074,-1,-1,-1
336,-1,513.21,339.82,16.13,16.12,0.2899,-1,-1,-1
337,-1,473.16,88.82,165.73,97.13,0.9629,-1,-1,-1
337,-1,258.62,167.77,161.62,104.25,0.9603,-1,-1,-1
337,-1,505.80,271.39,87.01,77.37,0.9310,-1,-1,-1
337,-1,340.90,85.48,80.94,49.70,0.9216,-1,-1,-1
337,-1,119.44,290.94,29.30,38.63,0.9079,-1,-1,-1
337,-1,210.67,300.41,32.86,19.36,0.9050,-1,-1,-1
337,-1,91.69,232.23,30.75,49.41,0.8962,-1,-1,-1
337,-1,531.11,230.86,35.94,31.44,0.8936,-1,-1,-1
337,-1,5.87,333.43,27.92,20.46,0.8822,-1,-1,-1
337,-1,503.12,351.79,31.78,15.94,0.8752,-1,-1,-1
337,-1,734.53,370.23,19.32,14.47,0.8507,-1,-1,-1
337,-1,130.61,232.03,26.54,16.95,0.8256,-1,-1,-1
337,-1,0.00,233.95,42.55,39.66,0.6210,-1,-1,-1
337,-1,102.32,301.16,17.34,20.42,0.5851,-1,-1,-1
337,-1,193.99,302.04,21.36,20.01,0.5663,-1,-1,-1
337,-1,907.93,319.07,19.19,16.65,0.5339,-1,-1,-1
337,-1,224.60,323.45,26.00,12.30,0.3881,-1,-1,-1
337,-1,77.14,347.60,22.88,12.59,0.3792,-1,-1,-1
337,-1,512.24,340.31,15.46,14.59,0.3643,-1,-1,-1
338,-1,463.32,89.71,164.75,96.87,0.9631,-1,-1,-1
338,-1,246.15,168.06,164.81,104.10,0.9604,-1,-1,-1
338,-1,498.88,271.64,86.95,77.82,0.9380,-1,-1,-1
338,-1,335.32,86.03,79.46,49.71,0.9236,-1,-1,-1
338,-1,116.52,290.96,29.75,38.69,0.9052,-1,-1,-1
338,-1,208.24,300.49,32.74,19.43,0.8985,-1,-1,-1
338,-1,528.70,231.47,35.64,31.62,0.8980,-1,-1,-1
338,-1,89.48,231.83,30.64,50.70,0.8884,-1,-1,-1
338,-1,500.99,352.49,31.23,15.62,0.8871,-1,-1,-1
338,-1,4.66,333.54,27.86,20.29,0.8756,-1,-1,-1
338,-1,732.61,370.85,19.54,14.59,0.8368,-1,-1,-1
338,-1,127.93,231.87,27.05,16.48,0.8267,-1,-1,-1
338,-1,100.01,303.17,17.51,18.60,0.7520,-1,-1,-1
338,-1,199.84,219.99,17.65,19.00,0.6520,-1,-1,-1
338,-1,192.65,302.05,21.15,19.98,0.6344,-1,-1,-1
338,-1,74.35,347.75,22.65,12.26,0.3704,-1,-1,-1
338,-1,510.29,340.67,15.22,13.31,0.3576,-1,-1,-1
339,-1,452.54,90.37,163.60,97.18,0.9655,-1,-1,-1
339,-1,233.92,169.04,167.02,103.74,0.9615,-1,-1,-1
339,-1,490.21,272.13,88.46,77.97,0.9354,-1,-1,-1
339,-1,328.54,86.76,77.73,49.54,0.9295,-1,-1,-1
339,-1,113.47,291.91,29.78,38.46,0.9071,-1,-1,-1
339,-1,205.53,301.13,33.08,19.41,0.8961,-1,-1,-1
339,-1,86.91,232.71,30.44,49.94,0.8946,-1,-1,-1
339,-1,526.08,231.74,35.56,31.71,0.8904,-1,-1,-1
339,-1,498.76,353.03,30.46,15.83,0.8849,-1,-1,-1
339,-1,3.59,334.39,27.02,20.08,0.8793,-1,-1,-1
339,-1,731.31,371.03,19.60,14.85,0.8354,-1,-1,-1
339,-1,125.03,232.53,26.83,16.90,0.7788,-1,-1,-1
339,-1,189.99,303.26,21.72,19.51,0.6966,-1,-1,-1
339,-1,97.29,303.08,16.46,18.88,0.4465,-1,-1,-1
339,-1,509.67,340.30,14.70,13.29,0.3564,-1,-1,-1
339,-1,72.36,348.49,22.02,12.23,0.3469,-1,-1,-1
339,-1,221.73,324.44,25.62,12.20,0.3463,-1,-1,-1
339,-1,197.63,221.04,17.65,18.76,0.2815,-1,-1,-1
340,-1,440.81,91.77,163.25,96.25,0.9633,-1,-1,-1
340,-1,221.25,170.13,169.68,103.95,0.9608,-1,-1,-1
340,-1,481.96,272.58,89.09,77.96,0.9388,-1,-1,-1
340,-1,110.37,293.23,30.16,38.25,0.9138,-1,-1,-1
340,-1,522.69,232.87,35.94,31.30,0.8943,-1,-1,-1
340,-1,83.88,234.06,30.46,49.70,0.8917,-1,-1,-1
340,-1,203.34,302.02,32.92,19.73,0.8903,-1,-1,-1
340,-1,1.52,335.76,28.27,19.96,0.8743,-1,-1,-1
340,-1,495.36,353.88,31.26,15.60,0.8739,-1,-1,-1
340,-1,321.58,87.71,76.51,50.69,0.8343,-1,-1,-1
340,-1,729.88,371.60,19.97,13.98,0.8281,-1,-1,-1
340,-1,122.23,234.24,27.16,19.70,0.7702,-1,-1,-1
340,-1,189.13,304.00,20.79,19.90,0.5418,-1,-1,-1
340,-1,194.10,222.30,17.90,18.45,0.4384,-1,-1,-1
340,-1,94.18,304.31,16.31,19.22,0.4329,-1,-1,-1
340,-1,219.71,325.46,25.96,12.30,0.3901,-1,-1,-1
340,-1,70.64,349.52,20.89,12.35,0.3824,-1,-1,-1
341,-1,429.22,91.96,162.96,96.77,0.9583,-1,-1,-1
341,-1,206.44,171.09,175.53,103.74,0.9550,-1,-1,-1
341,-1,473.29,273.17,90.69,78.02,0.9361,-1,-1,-1
341,-1,333.22,88.37,55.87,50.90,0.9091,-1,-1,-1
341,-1,107.37,293.92,30.21,38.31,0.9039,-1,-1,-1
341,-1,201.14,303.04,32.59,19.59,0.8935,-1,-1,-1
341,-1,81.04,235.13,30.87,49.20,0.8914,-1,-1,-1
341,-1,492.27,354.37,31.52,15.51,0.8892,-1,-1,-1
341,-1,0.00,336.55,28.45,20.42,0.8856,-1,-1,-1
341,-1,519.79,233.07,35.94,31.48,0.8840,-1,-1,-1
341,-1,728.08,371.67,19.66,14.31,0.8441,-1,-1,-1
341,-1,119.61,234.71,26.09,20.31,0.8076,-1,-1,-1
341,-1,191.92,223.39,17.37,18.34,0.7513,-1,-1,-1
341,-1,91.27,307.30,16.06,17.59,0.6185,-1,-1,-1
341,-1,66.85,350.68,22.55,12.34,0.3467,-1,-1,-1
341,-1,218.11,326.45,25.71,12.02,0.3444,-1,-1,-1
342,-1,417.02,92.72,163.60,96.48,0.9616,-1,-1,-1
342,-1,193.16,171.99,178.46,103.90,0.9534,-1,-1,-1
342,-1,465.28,273.54,90.81,78.13,0.9396,-1,-1,-1
342,-1,324.20,89.39,54.87,51.56,0.9167,-1,-1,-1
342,-1,104.34,294.79,30.01,38.42,0.9091,-1,-1,-1
342,-1,78.07,235.77,31.30,49.68,0.8944,-1,-1,-1
342,-1,516.46,233.65,36.19,31.31,0.8933,-1,-1,-1
342,-1,198.12,303.75,32.99,19.44,0.8927,-1,-1,-1
342,-1,0.00,337.40,26.33,20.35,0.8841,-1,-1,-1
342,-1,489.94,354.83,30.97,15.41,0.8815,-1,-1,-1
342,-1,726.44,371.84,19.42,14.57,0.8482,-1,-1,-1
342,-1,116.24,235.50,26.99,18.45,0.8139,-1,-1,-1
342,-1,216.52,326.98,25.90,12.02,0.4738,-1,-1,-1
342,-1,10.03,257.25,18.42,21.45,0.4315,-1,-1,-1
342,-1,64.16,351.59,22.83,12.31,0.3385,-1,-1,-1
342,-1,190.03,222.95,16.70,18.84,0.3302,-1,-1,-1
342,-1,853.04,290.19,17.84,23.20,0.2586,-1,-1,-1
342,-1,88.37,307.82,15.51,17.61,0.2579,-1,-1,-1
343,-1,405.64,93.22,163.01,96.12,0.9626,-1,-1,-1
343,-1,180.76,172.82,180.70,103.46,0.9559,-1,-1,-1
343,-1,456.75,274.22,92.51,77.34,0.9336,-1,-1,-1
343,-1,315.52,89.93,52.00,52.10,0.9222,-1,-1,-1
343,-1,101.49,295.30,30.11,38.52,0.9043,-1,-1,-1
343,-1,195.55,304.16,32.88,19.42,0.8983,-1,-1,-1
343,-1,513.69,233.93,36.02,31.27,0.8922,-1,-1,-1
343,-1,75.13,236.59,31.35,48.65,0.8914,-1,-1,-1
343,-1,487.04,354.94,31.23,15.34,0.8793,-1,-1,-1
343,-1,0.00,338.19,24.44,20.16,0.8791,-1,-1,-1
343,-1,112.22,236.07,27.67,16.96,0.8473,-1,-1,-1
343,-1,724.91,371.53,19.24,14.45,0.8323,-1,-1,-1
343,-1,29.94,226.09,24.29,31.71,0.7292,-1,-1,-1
343,-1,214.66,327.37,26.62,12.04,0.3754,-1,-1,-1
343,-1,183.92,312.24,18.96,13.50,0.3537,-1,-1,-1
343,-1,59.03,352.57,24.91,12.37,0.3347,-1,-1,-1
343,-1,85.48,306.68,16.68,19.64,0.3140,-1,-1,-1
344,-1,394.58,93.37,161.72,96.53,0.9600,-1,-1,-1
344,-1,167.99,173.02,188.36,103.45,0.9527,-1,-1,-1
344,-1,448.66,274.26,92.71,77.91,0.9327,-1,-1,-1
344,-1,98.40,295.81,30.34,38.54,0.9073,-1,-1,-1
344,-1,72.42,236.92,30.74,49.55,0.9044,-1,-1,-1
344,-1,510.53,233.87,36.30,31.43,0.8964,-1,-1,-1
344,-1,193.52,304.58,32.88,19.34,0.8942,-1,-1,-1
344,-1,484.37,355.23,30.90,14.99,0.8887,-1,-1,-1
344,-1,306.64,90.32,49.60,51.70,0.8775,-1,-1,-1
344,-1,0.00,338.78,22.29,20.03,0.8692,-1,-1,-1
344,-1,723.32,371.33,19.07,15.46,0.8443,-1,-1,-1
344,-1,109.98,236.64,26.78,17.68,0.7754,-1,-1,-1
344,-1,56.54,352.79,23.82,12.33,0.3878,-1,-1,-1
344,-1,213.16,327.61,26.13,12.23,0.3609,-1,-1,-1
345,-1,382.88,93.41,162.04,96.51,0.9573,-1,-1,-1
345,-1,154.75,172.93,189.03,103.52,0.9514,-1,-1,-1
345,-1,439.99,274.54,94.50,77.32,0.9388,-1,-1,-1
345,-1,95.33,295.96,30.45,38.16,0.9074,-1,-1,-1
345,-1,507.81,233.77,36.07,31.48,0.8999,-1,-1,-1
345,-1,297.79,90.38,47.11,52.54,0.8966,-1,-1,-1
345,-1,69.66,237.12,31.45,49.90,0.8939,-1,-1,-1
345,-1,481.72,354.35,31.65,15.99,0.8743,-1,-1,-1
345,-1,190.90,304.72,32.66,19.30,0.8515,-1,-1,-1
345,-1,0.00,338.46,21.63,20.60,0.8413,-1,-1,-1
345,-1,106.85,236.99,27.35,17.34,0.8303,-1,-1,-1
345,-1,721.54,371.37,19.36,14.31,0.8238,-1,-1,-1
345,-1,54.59,352.95,23.64,12.55,0.4501,-1,-1,-1
345,-1,0.17,258.87,19.98,19.59,0.3448,-1,-1,-1
345,-1,333.37,0.00,47.10,39.12,0.2732,-1,-1,-1
346,-1,371.99,93.22,161.72,96.24,0.9636,-1,-1,-1
346,-1,142.37,172.78,193.86,103.41,0.9526,-1,-1,-1
346,-1,431.26,274.17,95.12,77.92,0.9387,-1,-1,-1
346,-1,92.06,295.82,30.65,38.18,0.8987,-1,-1,-1
346,-1,66.60,237.38,32.05,49.24,0.8948,-1,-1,-1
346,-1,504.80,233.88,36.40,31.21,0.8923,-1,-1,-1
346,-1,188.32,304.47,32.77,19.55,0.8783,-1,-1,-1
346,-1,290.26,90.10,43.96,52.72,0.8767,-1,-1,-1
346,-1,479.00,353.99,31.49,15.93,0.8665,-1,-1,-1
346,-1,719.94,371.04,18.89,14.65,0.8332,-1,-1,-1
346,-1,103.07,236.67,27.77,18.39,0.8199,-1,-1,-1
346,-1,0.00,338.32,20.25,20.94,0.6465,-1,-1,-1
346,-1,210.20,327.52,25.71,12.19,0.5129,-1,-1,-1
346,-1,53.05,353.09,22.23,12.40,0.5045,-1,-1,-1
346,-1,75.74,306.09,17.07,20.15,0.3588,-1,-1,-1
347,-1,360.38,92.83,161.53,96.27,0.9628,-1,-1,-1
347,-1,128.72,172.23,198.76,103.76,0.9494,-1,-1,-1
347,-1,422.89,273.83,96.69,78.19,0.9393,-1,-1,-1
347,-1,89.40,295.11,30.42,38.87,0.9059,-1,-1,-1
347,-1,502.02,233.21,36.66,31.51,0.8923,-1,-1,-1
347,-1,64.45,236.75,31.28,49.90,0.8881,-1,-1,-1
347,-1,185.87,304.13,32.89,19.32,0.8818,-1,-1,-1
347,-1,476.35,354.68,31.26,15.05,0.8799,-1,-1,-1
347,-1,100.78,236.14,27.03,17.53,0.8393,-1,-1,-1
347,-1,718.81,370.83,18.90,14.31,0.8051,-1,-1,-1
347,-1,0.00,338.20,18.36,20.82,0.7270,-1,-1,-1
347,-1,50.09,352.41,22.27,12.76,0.5956,-1,-1,-1
347,-1,281.20,89.55,81.77,52.25,0.5529,-1,-1,-1
347,-1,208.05,327.21,26.70,12.03,0.2993,-1,-1,-1
348,-1,349.02,92.17,161.79,96.34,0.9603,-1,-1,-1
348,-1,116.03,171.72,201.87,103.69,0.9466,-1,-1,-1
348,-1,415.21,273.11,97.22,77.92,0.9410,-1,-1,-1
348,-1,499.38,232.69,36.47,31.47,0.9005,-1,-1,-1
348,-1,86.27,294.77,30.76,38.58,0.9004,-1,-1,-1
348,-1,183.50,303.57,32.38,19.44,0.8856,-1,-1,-1
348,-1,60.73,236.52,31.73,49.66,0.8839,-1,-1,-1
348,-1,473.76,353.94,31.48,15.50,0.8757,-1,-1,-1
348,-1,716.76,370.41,18.85,15.09,0.8467,-1,-1,-1
348,-1,97.47,235.05,26.93,18.47,0.8203,-1,-1,-1
348,-1,0.00,337.78,16.92,20.26,0.7686,-1,-1,-1
348,-1,271.98,88.87,79.24,52.68,0.6584,-1,-1,-1
348,-1,47.63,351.86,22.73,12.76,0.5163,-1,-1,-1
348,-1,297.74,0.00,52.25,37.98,0.3823,-1,-1,-1
348,-1,206.56,326.84,26.62,12.08,0.3733,-1,-1,-1
348,-1,12.59,225.21,27.78,29.92,0.3685,-1,-1,-1
349,-1,338.11,91.18,161.03,96.60,0.9625,-1,-1,-1
349,-1,103.40,170.72,204.53,103.97,0.9506,-1,-1,-1
349,-1,407.16,272.89,97.84,77.96,0.9423,-1,-1,-1
349,-1,83.23,293.94,31.22,38.46,0.9077,-1,-1,-1
349,-1,496.63,232.08,36.64,31.54,0.8961,-1,-1,-1
349,-1,58.53,235.72,31.87,49.12,0.8944,-1,-1,-1
349,-1,181.20,302.94,32.28,19.32,0.8868,-1,-1,-1
349,-1,471.38,353.15,31.99,15.74,0.8802,-1,-1,-1
349,-1,714.87,369.91,19.17,15.45,0.8450,-1,-1,-1
349,-1,94.06,234.65,28.97,17.48,0.8228,-1,-1,-1
349,-1,0.00,337.04,14.88,19.73,0.7090,-1,-1,-1
349,-1,44.43,350.91,22.85,12.61,0.5503,-1,-1,-1
349,-1,263.77,88.37,75.65,52.81,0.4952,-1,-1,-1
349,-1,205.28,326.22,26.04,12.01,0.4921,-1,-1,-1
349,-1,891.60,320.47,17.02,14.16,0.3449,-1,-1,-1
349,-1,286.52,0.00,54.32,36.62,0.3424,-1,-1,-1
349,-1,492.12,342.25,15.51,14.55,0.2656,-1,-1,-1
350,-1,326.99,90.09,161.46,96.79,0.9675,-1,-1,-1
350,-1,91.38,169.92,207.13,103.86,0.9491,-1,-1,-1
350,-1,399.05,271.79,99.00,78.31,0.9417,-1,-1,-1
350,-1,80.29,293.25,31.28,38.55,0.9131,-1,-1,-1
350,-1,494.13,231.59,36.28,31.45,0.8952,-1,-1,-1
350,-1,56.20,233.88,30.91,50.44,0.8899,-1,-1,-1
350,-1,178.04,302.20,33.18,19.43,0.8855,-1,-1,-1
350,-1,468.85,352.36,31.58,15.98,0.8790,-1,-1,-1
350,-1,90.47,234.13,27.17,17.96,0.8422,-1,-1,-1
350,-1,713.80,369.60,18.80,15.30,0.8388,-1,-1,-1
350,-1,42.07,348.32,23.03,14.17,0.7297,-1,-1,-1
350,-1,889.09,319.73,17.84,14.87,0.6936,-1,-1,-1
350,-1,0.00,335.76,13.93,19.50,0.4998,-1,-1,-1
350,-1,0.00,335.71,13.94,19.58,0.3768,-1,-1,-1
350,-1,491.54,340.37,14.30,16.82,0.2693,-1,-1,-1
351,-1,316.33,89.11,162.25,96.83,0.9620,-1,-1,-1
351,-1,76.74,169.03,211.20,103.70,0.9485,-1,-1,-1
351,-1,390.53,271.15,100.26,78.49,0.9411,-1,-1,-1
351,-1,77.15,292.43,31.41,38.25,0.9138,-1,-1,-1
351,-1,491.41,230.85,36.48,31.56,0.8988,-1,-1,-1
351,-1,176.04,301.20,32.82,19.66,0.8851,-1,-1,-1
351,-1,52.90,232.09,31.13,51.54,0.8836,-1,-1,-1
351,-1,466.15,351.86,31.25,15.94,0.8663,-1,-1,-1
351,-1,712.18,369.20,19.00,15.26,0.8312,-1,-1,-1
351,-1,39.56,347.77,22.60,13.87,0.8221,-1,-1,-1
351,-1,887.45,319.68,18.12,14.56,0.7945,-1,-1,-1
351,-1,89.15,236.02,19.38,14.41,0.7118,-1,-1,-1
351,-1,0.00,334.09,12.70,19.47,0.7022,-1,-1,-1
351,-1,489.29,339.77,15.48,16.68,0.5027,-1,-1,-1
352,-1,305.22,88.24,161.36,97.03,0.9626,-1,-1,-1
352,-1,64.42,167.78,213.42,103.81,0.9498,-1,-1,-1
352,-1,383.00,269.84,101.09,78.61,0.9436,-1,-1,-1
352,-1,74.34,291.56,31.76,38.15,0.9090,-1,-1,-1
352,-1,488.60,230.21,36.55,31.71,0.8945,-1,-1,-1
352,-1,173.97,300.33,32.12,19.74,0.8944,-1,-1,-1
352,-1,50.40,231.48,31.14,51.24,0.8770,-1,-1,-1
352,-1,463.38,351.26,31.21,16.09,0.8649,-1,-1,-1
352,-1,710.70,369.00,19.06,14.94,0.8409,-1,-1,-1
352,-1,885.33,319.27,18.88,14.98,0.7864,-1,-1,-1
352,-1,486.95,339.32,16.24,17.53,0.7096,-1,-1,-1
352,-1,36.30,348.45,22.05,12.32,0.4628,-1,-1,-1
352,-1,0.00,334.15,10.09,17.61,0.3425,-1,-1,-1
353,-1,293.42,87.77,160.98,96.95,0.9675,-1,-1,-1
353,-1,51.79,167.04,214.67,104.48,0.9586,-1,-1,-1
353,-1,373.98,269.48,102.58,78.46,0.9446,-1,-1,-1
353,-1,71.30,291.17,31.63,38.50,0.9085,-1,-1,-1
353,-1,485.49,229.91,37.22,31.38,0.9015,-1,-1,-1
353,-1,171.16,300.28,32.60,19.47,0.8983,-1,-1,-1
353,-1,47.50,230.90,31.14,50.68,0.8908,-1,-1,-1
353,-1,460.79,350.51,31.61,15.92,0.8849,-1,-1,-1
353,-1,708.70,367.96,19.22,14.90,0.8171,-1,-1,-1
353,-1,882.53,318.06,19.96,15.20,0.7982,-1,-1,-1
353,-1,485.62,338.69,16.11,18.05,0.6622,-1,-1,-1
353,-1,33.25,348.20,23.26,12.62,0.5331,-1,-1,-1
353,-1,0.00,334.28,9.54,17.33,0.3983,-1,-1,-1
354,-1,281.68,87.01,160.54,97.32,0.9654,-1,-1,-1
354,-1,37.34,167.18,218.73,104.62,0.9621,-1,-1,-1
354,-1,365.33,269.14,104.20,78.49,0.9475,-1,-1,-1
354,-1,67.90,291.14,31.68,38.52,0.9125,-1,-1,-1
354,-1,482.08,229.28,37.57,31.51,0.9017,-1,-1,-1
354,-1,43.96,233.80,32.15,47.75,0.8969,-1,-1,-1
354,-1,168.17,300.18,32.84,19.60,0.8835,-1,-1,-1
354,-1,457.94,350.06,32.06,16.28,0.8773,-1,-1,-1
354,-1,880.51,316.58,20.61,15.39,0.8424,-1,-1,-1
354,-1,707.31,367.29,19.05,15.35,0.8148,-1,-1,-1
354,-1,483.66,338.50,15.91,17.71,0.6139,-1,-1,-1
354,-1,30.73,348.36,23.17,12.61,0.5087,-1,-1,-1
354,-1,0.00,333.65,7.01,17.82,0.4068,-1,-1,-1
354,-1,54.47,303.86,15.58,18.00,0.3503,-1,-1,-1
355,-1,269.90,86.59,160.82,97.42,0.9612,-1,-1,-1
355,-1,24.18,166.97,222.33,104.53,0.9601,-1,-1,-1
355,-1,356.62,269.13,105.62,78.22,0.9450,-1,-1,-1
355,-1,64.92,291.01,31.81,38.60,0.9081,-1,-1,-1
355,-1,479.10,228.89,37.61,31.56,0.9024,-1,-1,-1
355,-1,165.61,300.01,32.68,19.83,0.8912,-1,-1,-1
355,-1,40.88,237.13,31.43,45.13,0.8815,-1,-1,-1
355,-1,455.59,349.88,31.24,16.13,0.8713,-1,-1,-1
355,-1,879.16,315.89,20.09,15.23,0.8353,-1,-1,-1
355,-1,706.05,366.80,18.80,14.79,0.8313,-1,-1,-1
355,-1,481.93,338.04,16.16,18.04,0.6671,-1,-1,-1
355,-1,27.30,348.79,24.47,12.16,0.3098,-1,-1,-1
356,-1,258.87,86.51,159.77,97.24,0.9620,-1,-1,-1
356,-1,10.96,166.94,224.88,105.58,0.9611,-1,-1,-1
356,-1,348.65,269.14,106.40,77.98,0.9476,-1,-1,-1
356,-1,61.69,291.19,32.26,38.36,0.9078,-1,-1,-1
356,-1,475.59,229.36,38.30,30.83,0.9034,-1,-1,-1
356,-1,162.93,299.92,33.06,19.91,0.9010,-1,-1,-1
356,-1,452.68,349.85,32.11,15.81,0.8828,-1,-1,-1
356,-1,38.09,239.81,31.78,41.47,0.8771,-1,-1,-1
356,-1,878.16,315.15,19.64,15.34,0.8491,-1,-1,-1
356,-1,703.90,366.73,18.79,14.61,0.8275,-1,-1,-1
356,-1,480.16,337.94,16.21,17.71,0.5815,-1,-1,-1
356,-1,24.83,348.64,23.85,12.22,0.4161,-1,-1,-1
357,-1,0.00,167.05,225.82,104.30,0.9662,-1,-1,-1
357,-1,246.47,86.28,161.19,97.40,0.9644,-1,-1,-1
357,-1,340.16,268.48,107.41,78.42,0.9455,-1,-1,-1
357,-1,58.88,291.18,32.00,38.47,0.9088,-1,-1,-1
357,-1,473.38,228.85,37.73,31.05,0.9024,-1,-1,-1
357,-1,160.83,299.67,32.64,20.14,0.8933,-1,-1,-1
357,-1,450.36,349.69,30.87,15.82,0.8858,-1,-1,-1
357,-1,876.47,314.39,20.59,16.05,0.8536,-1,-1,-1
357,-1,701.80,366.36,19.30,15.00,0.8355,-1,-1,-1
357,-1,35.35,246.71,30.44,36.18,0.8137,-1,-1,-1
357,-1,478.48,337.65,16.25,18.40,0.7483,-1,-1,-1
357,-1,191.97,323.05,26.66,12.08,0.3369,-1,-1,-1
357,-1,22.43,348.62,24.43,12.34,0.3162,-1,-1,-1
358,-1,235.49,86.29,160.12,97.33,0.9624,-1,-1,-1
358,-1,0.00,167.15,214.96,104.18,0.9565,-1,-1,-1
358,-1,331.43,268.88,109.27,78.30,0.9505,-1,-1,-1
358,-1,55.85,290.94,32.23,38.62,0.9134,-1,-1,-1
358,-1,470.19,229.45,37.97,30.63,0.8938,-1,-1,-1
358,-1,158.69,299.72,32.25,20.15,0.8919,-1,-1,-1
358,-1,447.72,349.57,31.13,16.16,0.8816,-1,-1,-1
358,-1,874.83,314.65,20.12,15.84,0.8508,-1,-1,-1
358,-1,700.99,366.62,18.24,14.35,0.8236,-1,-1,-1
358,-1,32.59,251.86,28.86,30.22,0.7724,-1,-1,-1
358,-1,476.99,337.58,16.35,17.75,0.7427,-1,-1,-1
358,-1,18.83,348.65,25.98,12.17,0.4263,-1,-1,-1
358,-1,190.36,323.12,26.68,11.99,0.3591,-1,-1,-1
359,-1,224.62,86.19,160.21,97.57,0.9605,-1,-1,-1
359,-1,0.00,167.24,205.15,104.00,0.9524,-1,-1,-1
359,-1,323.55,268.86,111.16,78.37,0.9465,-1,-1,-1
359,-1,52.79,291.10,32.51,38.34,0.9100,-1,-1,-1
359,-1,156.33,299.64,32.44,20.71,0.9042,-1,-1,-1
359,-1,467.39,229.74,38.52,30.37,0.9016,-1,-1,-1
359,-1,444.59,349.73,32.15,15.86,0.8913,-1,-1,-1
359,-1,873.11,314.45,20.10,16.41,0.8457,-1,-1,-1
359,-1,698.96,366.70,18.86,14.45,0.8271,-1,-1,-1
359,-1,475.27,337.71,16.45,17.97,0.7934,-1,-1,-1
359,-1,30.49,256.69,27.20,25.65,0.7012,-1,-1,-1
359,-1,393.13,261.19,17.82,25.35,0.4355,-1,-1,-1
359,-1,188.82,323.13,26.85,12.03,0.3142,-1,-1,-1
359,-1,16.28,348.60,25.29,11.93,0.2658,-1,-1,-1
360,-1,213.78,86.47,160.24,97.47,0.9652,-1,-1,-1
360,-1,0.00,167.23,196.24,103.93,0.9542,-1,-1,-1
360,-1,314.83,269.00,113.95,78.31,0.9484,-1,-1,-1
360,-1,49.73,291.17,33.01,38.32,0.9089,-1,-1,-1
360,-1,465.40,229.67,37.49,30.61,0.8984,-1,-1,-1
360,-1,154.22,299.69,31.95,20.74,0.8980,-1,-1,-1
360,-1,442.51,349.77,31.47,16.15,0.8893,-1,-1,-1
360,-1,871.62,314.95,19.80,16.30,0.8655,-1,-1,-1
360,-1,697.41,366.77,19.18,14.63,0.8342,-1,-1,-1
360,-1,473.84,337.92,16.18,17.96,0.7906,-1,-1,-1
360,-1,28.22,258.23,26.74,24.63,0.6501,-1,-1,-1
360,-1,187.17,322.88,22.20,12.42,0.5787,-1,-1,-1
361,-1,202.95,86.88,159.35,97.26,0.9639,-1,-1,-1
361,-1,0.00,167.04,187.37,104.09,0.9551,-1,-1,-1
361,-1,306.77,269.57,114.56,78.21,0.9458,-1,-1,-1
361,-1,47.36,291.10,32.63,38.44,0.9155,-1,-1,-1
361,-1,462.65,229.81,38.02,30.93,0.9028,-1,-1,-1
361,-1,152.23,299.86,31.84,20.54,0.8973,-1,-1,-1
361,-1,439.68,350.14,32.33,16.10,0.8824,-1,-1,-1
361,-1,870.48,315.62,19.28,16.17,0.8555,-1,-1,-1
361,-1,695.59,367.24,19.00,15.23,0.8303,-1,-1,-1
361,-1,472.40,338.35,16.07,17.79,0.7752,-1,-1,-1
361,-1,0.13,263.06,24.18,24.64,0.7039,-1,-1,-1
362,-1,192.15,87.34,159.47,97.37,0.9610,-1,-1,-1
362,-1,0.00,166.72,177.51,103.97,0.9537,-1,-1,-1
362,-1,298.16,269.79,115.69,78.25,0.9486,-1,-1,-1
362,-1,44.39,290.95,33.09,38.52,0.9110,-1,-1,-1
362,-1,459.84,230.46,38.53,30.58,0.9043,-1,-1,-1
362,-1,149.86,299.91,31.97,20.45,0.9029,-1,-1,-1
362,-1,436.98,350.23,31.95,16.17,0.8864,-1,-1,-1
362,-1,868.37,316.55,20.42,16.03,0.8622,-1,-1,-1
362,-1,470.65,338.69,16.41,17.44,0.8267,-1,-1,-1
362,-1,694.41,367.96,18.60,15.10,0.8257,-1,-1,-1
362,-1,0.00,262.75,21.88,25.49,0.6137,-1,-1,-1
362,-1,8.72,348.34,25.30,11.90,0.4912,-1,-1,-1
363,-1,181.94,87.87,159.04,97.20,0.9690,-1,-1,-1
363,-1,0.06,167.26,167.78,103.77,0.9530,-1,-1,-1
363,-1,291.29,269.72,115.68,78.89,0.9486,-1,-1,-1
363,-1,147.55,300.10,32.16,20.60,0.9130,-1,-1,-1
363,-1,41.15,291.07,33.99,38.41,0.9111,-1,-1,-1
363,-1,457.75,230.68,37.37,31.01,0.9030,-1,-1,-1
363,-1,434.73,350.75,30.92,16.24,0.8871,-1,-1,-1
363,-1,866.76,317.23,20.37,16.63,0.8649,-1,-1,-1
363,-1,693.39,368.66,17.77,15.19,0.8486,-1,-1,-1
363,-1,469.17,338.99,16.44,17.78,0.8009,-1,-1,-1
363,-1,6.66,348.17,24.88,12.06,0.4734,-1,-1,-1
363,-1,383.00,262.07,18.86,29.74,0.3598,-1,-1,-1
364,-1,171.51,88.42,158.47,97.16,0.9649,-1,-1,-1
364,-1,0.14,166.75,158.54,104.41,0.9506,-1,-1,-1
364,-1,282.96,270.06,116.56,78.95,0.9491,-1,-1,-1
364,-1,39.26,290.90,32.91,38.53,0.9133,-1,-1,-1
364,-1,455.14,231.23,37.49,30.79,0.9035,-1,-1,-1
364,-1,145.53,300.24,28.37,20.60,0.8927,-1,-1,-1
364,-1,432.14,351.12,31.20,16.23,0.8807,-1,-1,-1
364,-1,865.46,317.56,19.93,17.32,0.8449,-1,-1,-1
364,-1,691.62,369.38,17.76,15.34,0.8194,-1,-1,-1
364,-1,467.78,339.37,16.15,18.43,0.7477,-1,-1,-1
364,-1,794.48,293.92,30.64,18.93,0.4261,-1,-1,-1
364,-1,379.70,263.39,18.44,26.75,0.3539,-1,-1,-1
364,-1,3.91,348.12,24.50,11.85,0.2716,-1,-1,-1
365,-1,158.80,88.90,160.90,96.97,0.9611,-1,-1,-1
365,-1,0.05,167.18,150.40,103.83,0.9515,-1,-1,-1
365,-1,275.21,270.77,117.82,78.62,0.9505,-1,-1,-1
365,-1,36.16,290.85,33.16,38.54,0.9083,-1,-1,-1
365,-1,452.62,231.38,37.61,31.45,0.9014,-1,-1,-1
365,-1,143.30,300.30,21.32,20.88,0.8902,-1,-1,-1
365,-1,429.38,351.79,31.69,16.03,0.8901,-1,-1,-1
365,-1,864.13,318.64,19.35,17.08,0.8569,-1,-1,-1
365,-1,689.67,370.13,18.59,14.87,0.8320,-1,-1,-1
365,-1,466.15,339.84,16.58,18.23,0.7201,-1,-1,-1
365,-1,377.88,263.72,18.44,27.17,0.6194,-1,-1,-1
365,-1,1.02,348.01,25.13,12.09,0.5166,-1,-1,-1
366,-1,147.29,89.11,161.62,97.18,0.9639,-1,-1,-1
366,-1,0.00,166.97,139.93,103.79,0.9535,-1,-1,-1
366,-1,266.91,270.73,119.43,78.94,0.9493,-1,-1,-1
366,-1,33.18,291.06,33.91,38.30,0.9109,-1,-1,-1
366,-1,449.73,231.84,38.12,31.18,0.8989,-1,-1,-1
366,-1,426.89,351.90,32.04,16.41,0.8872,-1,-1,-1
366,-1,862.64,319.59,19.88,16.98,0.8601,-1,-1,-1
366,-1,688.20,371.05,18.51,14.06,0.8108,-1,-1,-1
366,-1,464.97,340.64,16.28,17.77,0.5333,-1,-1,-1
366,-1,0.19,347.42,23.57,12.52,0.4164,-1,-1,-1
366,-1,377.80,263.40,16.53,27.48,0.2967,-1,-1,-1
367,-1,138.41,90.19,158.67,97.07,0.9634,-1,-1,-1
367,-1,0.16,169.19,130.10,103.45,0.9510,-1,-1,-1
367,-1,259.36,272.12,120.29,78.43,0.9479,-1,-1,-1
367,-1,30.44,292.36,33.63,38.13,0.9132,-1,-1,-1
367,-1,446.76,232.30,37.99,31.73,0.8927,-1,-1,-1
367,-1,424.16,352.77,31.69,16.34,0.8750,-1,-1,-1
367,-1,860.46,320.16,20.01,16.44,0.8367,-1,-1,-1
367,-1,686.62,371.36,18.64,13.92,0.8101,-1,-1,-1
367,-1,462.99,341.13,16.46,18.22,0.7057,-1,-1,-1
367,-1,369.22,264.74,21.04,28.03,0.3758,-1,-1,-1
368,-1,126.95,92.10,158.82,96.20,0.9565,-1,-1,-1
368,-1,0.15,171.36,119.89,103.14,0.9524,-1,-1,-1
368,-1,250.59,272.26,121.61,79.07,0.9507,-1,-1,-1
368,-1,27.54,293.61,33.39,37.97,0.9051,-1,-1,-1
368,-1,443.60,233.29,38.52,31.37,0.9041,-1,-1,-1
368,-1,421.23,353.69,31.97,16.06,0.8907,-1,-1,-1
368,-1,859.02,319.77,20.89,17.05,0.8411,-1,-1,-1
368,-1,685.18,371.43,18.08,14.26,0.8268,-1,-1,-1
368,-1,461.29,341.73,16.47,17.74,0.7240,-1,-1,-1
368,-1,0.00,350.11,17.40,12.94,0.4578,-1,-1,-1
368,-1,371.90,265.16,16.88,27.45,0.2710,-1,-1,-1
369,-1,116.05,93.15,157.56,96.27,0.9574,-1,-1,-1
369,-1,242.28,273.73,122.98,78.25,0.9460,-1,-1,-1
369,-1,0.06,173.21,109.57,101.39,0.9439,-1,-1,-1
369,-1,24.74,294.72,33.61,37.70,0.9159,-1,-1,-1
369,-1,441.04,234.02,37.94,31.42,0.9007,-1,-1,-1
369,-1,418.53,353.96,32.27,16.38,0.8873,-1,-1,-1
369,-1,683.49,371.71,18.20,14.35,0.8254,-1,-1,-1
369,-1,857.08,319.56,21.13,17.05,0.8109,-1,-1,-1
369,-1,459.33,342.40,16.58,17.95,0.8072,-1,-1,-1
369,-1,365.03,265.37,20.81,28.15,0.4682,-1,-1,-1
369,-1,0.00,351.58,15.07,13.04,0.3736,-1,-1,-1
369,-1,45.72,0.00,96.16,36.69,0.3062,-1,-1,-1
370,-1,104.21,93.79,158.12,96.29,0.9609,-1,-1,-1
370,-1,234.52,273.62,123.42,79.08,0.9520,-1,-1,-1
370,-1,0.03,176.68,99.38,98.75,0.9360,-1,-1,-1
370,-1,21.32,295.36,33.87,38.22,0.9136,-1,-1,-1
370,-1,438.33,234.01,37.60,32.07,0.9028,-1,-1,-1
370,-1,415.58,354.15,32.66,16.44,0.8851,-1,-1,-1
370,-1,855.64,319.25,19.58,17.37,0.8642,-1,-1,-1
370,-1,681.71,371.79,18.20,14.00,0.8284,-1,-1,-1
370,-1,457.90,342.67,16.53,17.60,0.7054,-1,-1,-1
370,-1,33.98,0.03,97.48,37.10,0.5106,-1,-1,-1
370,-1,366.21,266.37,16.38,27.88,0.2920,-1,-1,-1
370,-1,0.00,352.49,12.03,13.20,0.2761,-1,-1,-1
371,-1,92.17,94.62,157.77,96.18,0.9563,-1,-1,-1
371,-1,225.61,274.77,125.12,78.39,0.9465,-1,-1,-1
371,-1,0.05,179.40,89.73,96.78,0.9343,-1,-1,-1
371,-1,18.30,296.19,34.06,38.06,0.9085,-1,-1,-1
371,-1,434.88,234.97,38.85,31.30,0.9013,-1,-1,-1
371,-1,412.95,354.73,32.30,16.04,0.8861,-1,-1,-1
371,-1,854.13,319.15,20.01,17.24,0.8546,-1,-1,-1
371,-1,680.49,371.94,17.43,13.95,0.7942,-1,-1,-1
371,-1,456.03,343.31,16.72,17.09,0.7911,-1,-1,-1
371,-1,18.36,0.04,103.00,37.50,0.6244,-1,-1,-1
371,-1,365.47,266.75,15.00,28.01,0.3724,-1,-1,-1
372,-1,80.29,94.90,157.62,96.19,0.9546,-1,-1,-1
372,-1,217.57,274.40,126.53,78.88,0.9515,-1,-1,-1
372,-1,0.06,178.81,79.53,97.82,0.9226,-1,-1,-1
372,-1,15.61,296.24,33.93,38.29,0.9086,-1,-1,-1
372,-1,432.21,234.74,38.61,31.58,0.8988,-1,-1,-1
372,-1,410.52,354.69,32.28,16.09,0.8905,-1,-1,-1
372,-1,851.91,319.64,20.58,16.44,0.8651,-1,-1,-1
372,-1,678.80,371.86,17.77,14.25,0.8201,-1,-1,-1
372,-1,454.28,342.80,16.59,18.24,0.7994,-1,-1,-1
372,-1,4.56,0.01,106.77,39.45,0.5775,-1,-1,-1
373,-1,68.90,94.56,158.11,96.94,0.9540,-1,-1,-1
373,-1,208.35,274.55,128.47,78.72,0.9456,-1,-1,-1
373,-1,12.36,296.16,34.11,38.35,0.9048,-1,-1,-1
373,-1,429.13,233.98,39.16,32.46,0.8994,-1,-1,-1
373,-1,0.08,178.47,69.47,98.68,0.8945,-1,-1,-1
373,-1,407.70,354.62,32.67,16.10,0.8836,-1,-1,-1
373,-1,850.52,319.09,20.61,16.95,0.8585,-1,-1,-1
373,-1,676.77,371.68,18.26,14.49,0.8312,-1,-1,-1
373,-1,452.77,343.10,16.52,17.55,0.7610,-1,-1,-1
373,-1,1.72,0.00,99.21,39.45,0.6940,-1,-1,-1
374,-1,54.50,94.99,160.64,95.73,0.9540,-1,-1,-1
374,-1,200.21,274.68,129.64,78.39,0.9503,-1,-1,-1
374,-1,9.36,296.44,34.74,38.06,0.9055,-1,-1,-1
374,-1,426.09,233.95,39.38,32.08,0.9004,-1,-1,-1
374,-1,405.05,354.40,32.71,16.12,0.8883,-1,-1,-1
374,-1,0.00,181.82,59.36,96.27,0.8642,-1,-1,-1
374,-1,848.91,318.92,19.96,16.88,0.8573,-1,-1,-1
374,-1,450.99,342.67,16.61,18.13,0.8044,-1,-1,-1
374,-1,675.26,371.28,18.62,14.59,0.8036,-1,-1,-1
374,-1,0.00,0.00,91.38,39.47,0.6962,-1,-1,-1
374,-1,170.87,326.69,21.47,13.11,0.6754,-1,-1,-1
374,-1,356.07,266.65,16.01,30.52,0.2959,-1,-1,-1
375,-1,45.65,93.92,158.40,96.20,0.9529,-1,-1,-1
375,-1,192.86,273.98,129.67,78.65,0.9443,-1,-1,-1
375,-1,6.25,296.01,35.01,38.28,0.9117,-1,-1,-1
375,-1,423.26,233.33,38.30,32.08,0.8960,-1,-1,-1
375,-1,402.77,353.99,32.19,16.31,0.8906,-1,-1,-1
375,-1,847.58,318.26,19.55,17.18,0.8642,-1,-1,-1
375,-1,0.10,186.74,49.28,87.71,0.8470,-1,-1,-1
375,-1,673.52,370.83,18.26,14.31,0.8011,-1,-1,-1
375,-1,449.65,341.98,16.54,17.88,0.6964,-1,-1,-1
375,-1,163.87,327.20,27.47,12.32,0.5754,-1,-1,-1
375,-1,351.17,266.45,18.06,28.10,0.5483,-1,-1,-1
375,-1,0.00,0.03,81.58,38.14,0.4379,-1,-1,-1
376,-1,33.30,93.02,159.84,96.64,0.9553,-1,-1,-1
376,-1,184.04,273.52,131.52,78.51,0.9453,-1,-1,-1
376,-1,3.02,295.12,34.84,38.50,0.9113,-1,-1,-1
376,-1,420.59,232.46,38.27,31.81,0.9015,-1,-1,-1
376,-1,399.84,353.60,32.67,16.24,0.8890,-1,-1,-1
376,-1,845.88,318.18,19.88,17.05,0.8556,-1,-1,-1
376,-1,0.00,190.91,39.75,81.49,0.8417,-1,-1,-1
376,-1,672.37,370.80,17.63,14.42,0.8060,-1,-1,-1
376,-1,447.85,341.71,16.99,17.76,0.7949,-1,-1,-1
376,-1,348.55,265.57,17.67,32.03,0.3993,-1,-1,-1
376,-1,162.17,326.63,27.89,12.24,0.3851,-1,-1,-1
376,-1,0.00,0.00,72.08,37.45,0.3174,-1,-1,-1
377,-1,22.09,91.92,159.89,96.84,0.9612,-1,-1,-1
377,-1,175.81,272.49,132.74,78.91,0.9411,-1,-1,-1
377,-1,0.25,294.28,35.27,38.24,0.9192,-1,-1,-1
377,-1,417.53,231.80,38.82,31.94,0.8980,-1,-1,-1
377,-1,397.21,353.07,32.11,15.96,0.8923,-1,-1,-1
377,-1,844.23,318.18,20.22,16.55,0.8623,-1,-1,-1
377,-1,670.69,370.22,18.14,14.93,0.8279,-1,-1,-1
377,-1,0.00,188.95,29.85,81.60,0.7079,-1,-1,-1
377,-1,446.34,341.19,16.64,17.80,0.6926,-1,-1,-1
377,-1,348.11,265.35,15.71,29.12,0.2878,-1,-1,-1
377,-1,160.48,326.18,27.57,11.81,0.2644,-1,-1,-1
378,-1,9.82,90.49,160.69,96.62,0.9592,-1,-1,-1
378,-1,167.74,270.16,133.97,80.28,0.9385,-1,-1,-1
378,-1,0.00,292.90,32.48,38.79,0.9137,-1,-1,-1
378,-1,414.92,231.33,38.60,31.67,0.9010,-1,-1,-1
378,-1,394.74,352.43,32.50,16.00,0.8921,-1,-1,-1
378,-1,842.84,317.74,20.25,16.74,0.8559,-1,-1,-1
378,-1,668.83,369.51,18.00,14.70,0.8107,-1,-1,-1
378,-1,444.81,340.86,16.60,17.57,0.7497,-1,-1,-1
378,-1,345.10,264.18,16.95,28.66,0.3964,-1,-1,-1
379,-1,0.00,89.34,159.77,97.56,0.9578,-1,-1,-1
379,-1,160.49,269.87,134.25,79.57,0.9437,-1,-1,-1
379,-1,412.61,230.96,38.75,31.39,0.8995,-1,-1,-1
379,-1,0.00,292.07,29.67,38.06,0.8970,-1,-1,-1
379,-1,391.90,351.82,32.71,15.99,0.8838,-1,-1,-1
379,-1,841.69,317.57,19.65,16.71,0.8499,-1,-1,-1
379,-1,667.90,369.19,17.41,14.47,0.7918,-1,-1,-1
379,-1,442.97,339.83,16.70,18.10,0.7686,-1,-1,-1
379,-1,339.53,263.75,19.72,28.17,0.5850,-1,-1,-1
379,-1,157.29,324.07,27.49,12.56,0.3287,-1,-1,-1
379,-1,703.25,307.76,18.24,13.40,0.2531,-1,-1,-1
380,-1,0.06,88.60,149.06,97.30,0.9622,-1,-1,-1
380,-1,147.97,270.05,139.84,78.87,0.9436,-1,-1,-1
380,-1,409.55,230.57,38.71,31.62,0.8992,-1,-1,-1
380,-1,389.42,351.19,32.69,15.97,0.8898,-1,-1,-1
380,-1,0.01,290.76,24.43,38.63,0.8860,-1,-1,-1
380,-1,839.92,316.60,20.12,17.31,0.8617,-1,-1,-1
380,-1,666.28,368.92,17.33,14.15,0.8077,-1,-1,-1
380,-1,441.59,339.04,16.78,18.49,0.7753,-1,-1,-1
380,-1,337.31,262.64,19.13,31.17,0.4587,-1,-1,-1
381,-1,0.12,88.45,135.55,97.20,0.9637,-1,-1,-1
381,-1,141.08,267.03,139.55,81.74,0.9430,-1,-1,-1
381,-1,405.94,229.90,39.66,31.52,0.9054,-1,-1,-1
381,-1,386.66,350.76,32.67,16.09,0.8931,-1,-1,-1
381,-1,838.20,316.13,20.42,16.74,0.8524,-1,-1,-1
381,-1,663.90,367.98,17.77,15.15,0.8387,-1,-1,-1
381,-1,439.84,338.97,16.75,17.77,0.8157,-1,-1,-1
381,-1,0.00,291.96,15.35,38.29,0.5978,-1,-1,-1
381,-1,336.71,262.81,16.81,30.39,0.5175,-1,-1,-1
381,-1,0.00,291.83,15.30,38.16,0.5002,-1,-1,-1
381,-1,153.70,323.46,28.79,12.38,0.4290,-1,-1,-1
381,-1,62.74,85.23,73.29,43.91,0.3710,-1,-1,-1
382,-1,0.16,88.21,124.53,97.38,0.9609,-1,-1,-1
382,-1,134.03,268.44,139.41,79.73,0.9431,-1,-1,-1
382,-1,403.32,229.37,40.18,31.64,0.9025,-1,-1,-1
382,-1,383.91,350.47,32.63,16.01,0.8913,-1,-1,-1
382,-1,836.58,315.47,20.11,16.56,0.8592,-1,-1,-1
382,-1,438.04,338.26,16.81,17.97,0.8422,-1,-1,-1
382,-1,662.46,367.53,17.81,14.63,0.8172,-1,-1,-1
382,-1,151.92,323.25,27.86,12.43,0.4827,-1,-1,-1
382,-1,52.77,84.94,76.10,47.24,0.4055,-1,-1,-1
382,-1,332.56,262.38,17.82,29.06,0.3435,-1,-1,-1
382,-1,326.30,262.26,23.63,31.00,0.2826,-1,-1,-1
383,-1,0.08,87.69,112.30,98.00,0.9571,-1,-1,-1
383,-1,125.33,268.07,140.76,80.39,0.9443,-1,-1,-1
383,-1,399.85,229.23,40.15,31.59,0.8999,-1,-1,-1
383,-1,380.89,350.25,33.15,15.92,0.8885,-1,-1,-1
383,-1,835.01,314.66,20.22,16.78,0.8604,-1,-1,-1
383,-1,436.21,338.46,17.10,17.42,0.8544,-1,-1,-1
383,-1,660.78,367.28,17.53,14.38,0.8024,-1,-1,-1
383,-1,41.76,84.94,80.10,48.49,0.6623,-1,-1,-1
383,-1,330.22,262.37,17.61,32.40,0.4921,-1,-1,-1
383,-1,119.50,302.80,27.85,19.09,0.4901,-1,-1,-1
383,-1,150.31,323.41,25.24,12.20,0.3112,-1,-1,-1
384,-1,0.00,87.94,100.64,97.36,0.9547,-1,-1,-1
384,-1,116.59,268.76,142.29,79.81,0.9432,-1,-1,-1
384,-1,396.92,228.99,40.04,31.60,0.9075,-1,-1,-1
384,-1,378.55,349.90,32.97,16.19,0.8981,-1,-1,-1
384,-1,434.86,338.07,16.78,17.84,0.8549,-1,-1,-1
384,-1,833.42,313.51,20.12,17.62,0.8489,-1,-1,-1
384,-1,659.40,366.83,17.54,14.44,0.7969,-1,-1,-1
384,-1,33.50,84.73,82.40,50.53,0.7965,-1,-1,-1
384,-1,108.73,301.16,19.57,18.72,0.7703,-1,-1,-1
384,-1,328.20,261.89,17.08,30.37,0.6813,-1,-1,-1
384,-1,118.82,303.82,24.14,17.70,0.2608,-1,-1,-1
385,-1,0.09,86.70,89.15,98.68,0.9526,-1,-1,-1
385,-1,109.26,268.97,142.43,79.20,0.9404,-1,-1,-1
385,-1,394.36,228.70,40.28,31.82,0.8978,-1,-1,-1
385,-1,20.73,84.50,88.44,50.05,0.8893,-1,-1,-1
385,-1,375.97,349.90,32.47,16.21,0.8869,-1,-1,-1
385,-1,831.89,313.25,20.36,17.64,0.8644,-1,-1,-1
385,-1,433.15,337.91,17.04,17.80,0.8305,-1,-1,-1
385,-1,102.45,300.42,23.24,19.57,0.8114,-1,-1,-1
385,-1,658.10,366.65,17.13,14.49,0.8016,-1,-1,-1
385,-1,323.55,261.61,19.33,31.59,0.4203,-1,-1,-1
385,-1,315.59,261.36,27.08,32.28,0.2960,-1,-1,-1
386,-1,102.24,270.34,143.58,77.57,0.9446,-1,-1,-1
386,-1,0.00,88.11,77.15,97.22,0.9396,-1,-1,-1
386,-1,11.34,84.41,91.59,51.85,0.9090,-1,-1,-1
386,-1,390.96,229.05,40.64,31.49,0.9016,-1,-1,-1
386,-1,373.31,349.95,32.73,16.06,0.8883,-1,-1,-1
386,-1,96.56,300.28,26.68,19.60,0.8677,-1,-1,-1
386,-1,830.18,314.02,19.98,16.80,0.8573,-1,-1,-1
386,-1,431.41,338.09,17.26,17.58,0.8407,-1,-1,-1
386,-1,656.25,366.99,17.39,14.33,0.7996,-1,-1,-1
386,-1,322.20,261.90,17.82,32.06,0.7488,-1,-1,-1
386,-1,72.38,297.76,28.99,25.75,0.6412,-1,-1,-1
387,-1,94.37,270.06,143.81,78.45,0.9398,-1,-1,-1
387,-1,0.00,94.60,66.75,90.98,0.9316,-1,-1,-1
387,-1,5.01,84.63,91.11,51.49,0.9279,-1,-1,-1
387,-1,388.31,228.84,40.88,31.90,0.9186,-1,-1,-1
387,-1,370.61,349.99,33.03,16.15,0.8986,-1,-1,-1
387,-1,90.64,299.98,29.14,19.79,0.8640,-1,-1,-1
387,-1,828.44,314.82,20.15,16.57,0.8593,-1,-1,-1
387,-1,654.79,366.98,17.34,14.64,0.8110,-1,-1,-1
387,-1,429.87,337.99,16.84,17.83,0.7740,-1,-1,-1
387,-1,319.55,261.88,17.78,32.21,0.7265,-1,-1,-1
388,-1,87.78,270.75,144.15,77.65,0.9415,-1,-1,-1
388,-1,0.00,85.15,89.97,51.56,0.9255,-1,-1,-1
388,-1,0.00,95.95,55.88,89.82,0.9160,-1,-1,-1
388,-1,386.01,229.53,40.80,31.40,0.8996,-1,-1,-1
388,-1,86.88,300.22,29.59,19.41,0.8924,-1,-1,-1
388,-1,367.72,350.16,33.92,16.15,0.8894,-1,-1,-1
388,-1,827.16,314.52,20.24,16.97,0.8546,-1,-1,-1
388,-1,428.10,338.36,17.45,17.56,0.8532,-1,-1,-1
388,-1,316.79,261.70,18.16,30.71,0.7657,-1,-1,-1
388,-1,653.08,367.50,17.28,14.03,0.7493,-1,-1,-1
388,-1,55.56,282.01,32.82,41.10,0.2746,-1,-1,-1
389,-1,76.58,267.99,149.02,80.56,0.9357,-1,-1,-1
389,-1,0.00,84.98,83.73,52.26,0.9305,-1,-1,-1
389,-1,0.06,97.60,45.15,88.79,0.9172,-1,-1,-1
389,-1,382.88,229.75,40.91,31.38,0.9043,-1,-1,-1
389,-1,365.20,350.51,33.52,15.90,0.8897,-1,-1,-1
389,-1,83.98,300.87,27.46,18.79,0.8826,-1,-1,-1
389,-1,825.53,315.60,20.02,16.55,0.8649,-1,-1,-1
389,-1,426.71,338.74,17.09,17.65,0.8024,-1,-1,-1
389,-1,652.09,367.57,16.68,14.26,0.7743,-1,-1,-1
389,-1,314.30,262.26,18.10,32.13,0.7628,-1,-1,-1
390,-1,71.25,270.34,146.65,78.40,0.9424,-1,-1,-1
390,-1,0.00,85.30,78.97,52.39,0.9281,-1,-1,-1
390,-1,380.43,229.80,40.75,31.60,0.9074,-1,-1,-1
390,-1,362.84,350.84,33.59,16.00,0.8984,-1,-1,-1
390,-1,823.72,316.03,20.19,17.32,0.8563,-1,-1,-1
390,-1,0.06,102.47,34.49,85.79,0.8376,-1,-1,-1
390,-1,81.80,301.16,23.88,18.60,0.8273,-1,-1,-1
390,-1,650.52,368.20,16.51,14.52,0.8086,-1,-1,-1
390,-1,311.53,262.10,18.66,31.48,0.7814,-1,-1,-1
390,-1,425.10,338.78,17.01,18.29,0.7587,-1,-1,-1
390,-1,38.78,297.78,35.54,25.02,0.6139,-1,-1,-1
391,-1,61.80,268.06,150.27,80.92,0.9401,-1,-1,-1
391,-1,0.19,85.09,72.56,53.19,0.9367,-1,-1,-1
391,-1,378.73,230.94,40.17,31.11,0.9036,-1,-1,-1
391,-1,360.59,351.20,32.86,16.04,0.8902,-1,-1,-1
391,-1,822.57,316.63,20.33,17.48,0.8542,-1,-1,-1
391,-1,423.46,339.38,17.20,18.00,0.8312,-1,-1,-1
391,-1,648.54,368.99,17.24,14.99,0.8256,-1,-1,-1
391,-1,309.08,262.49,18.61,31.06,0.7651,-1,-1,-1
391,-1,0.05,99.93,25.01,83.23,0.7181,-1,-1,-1
391,-1,30.64,297.80,36.86,25.27,0.3441,-1,-1,-1
392,-1,0.01,85.82,67.40,52.09,0.9396,-1,-1,-1
392,-1,55.02,269.79,149.70,79.23,0.9370,-1,-1,-1
392,-1,375.89,231.47,40.57,30.97,0.8997,-1,-1,-1
392,-1,357.70,351.67,33.39,15.97,0.8920,-1,-1,-1
392,-1,820.68,317.86,20.26,17.34,0.8478,-1,-1,-1
392,-1,422.01,339.65,17.44,18.32,0.8323,-1,-1,-1
392,-1,647.27,369.75,16.91,14.75,0.7496,-1,-1,-1
392,-1,306.46,263.20,18.49,30.22,0.7128,-1,-1,-1
392,-1,0.00,121.05,14.10,59.63,0.5179,-1,-1,-1
392,-1,22.82,297.65,38.02,24.50,0.4156,-1,-1,-1
393,-1,47.01,270.57,151.26,78.41,0.9415,-1,-1,-1
393,-1,0.00,85.51,61.93,52.71,0.9216,-1,-1,-1
393,-1,373.15,231.75,40.90,30.97,0.9047,-1,-1,-1
393,-1,355.05,352.02,33.80,15.94,0.9016,-1,-1,-1
393,-1,819.21,319.55,20.15,16.62,0.8641,-1,-1,-1
393,-1,420.62,339.89,17.21,18.56,0.8506,-1,-1,-1
393,-1,303.70,263.41,18.49,28.15,0.8131,-1,-1,-1
393,-1,645.20,370.70,17.06,14.92,0.8072,-1,-1,-1
394,-1,39.27,270.31,152.29,78.89,0.9441,-1,-1,-1
394,-1,0.00,86.19,56.12,52.28,0.9297,-1,-1,-1
394,-1,370.93,231.88,40.53,31.37,0.9085,-1,-1,-1
394,-1,352.66,352.41,33.74,15.83,0.8910,-1,-1,-1
394,-1,818.03,319.39,20.18,17.16,0.8577,-1,-1,-1
394,-1,418.94,340.86,16.81,17.78,0.8365,-1,-1,-1
394,-1,301.44,264.52,18.50,27.83,0.8118,-1,-1,-1
394,-1,644.48,371.13,16.11,14.30,0.6019,-1,-1,-1
394,-1,392.51,311.29,19.06,15.82,0.5330,-1,-1,-1
394,-1,6.67,297.54,40.57,25.82,0.2775,-1,-1,-1
395,-1,31.24,272.71,153.13,77.89,0.9583,-1,-1,-1
395,-1,367.53,232.80,41.03,31.10,0.9039,-1,-1,-1
395,-1,349.86,353.16,33.92,15.97,0.8875,-1,-1,-1
395,-1,0.00,87.14,49.47,54.29,0.8712,-1,-1,-1
395,-1,816.00,319.78,19.82,17.04,0.8660,-1,-1,-1
395,-1,417.40,341.34,16.90,18.23,0.8349,-1,-1,-1
395,-1,298.66,265.24,18.27,28.13,0.8293,-1,-1,-1
395,-1,642.30,371.49,16.52,14.11,0.7034,-1,-1,-1
395,-1,0.03,280.93,40.93,44.61,0.5888,-1,-1,-1
395,-1,391.02,312.28,18.91,15.65,0.3028,-1,-1,-1
396,-1,21.96,272.61,155.48,79.03,0.9450,-1,-1,-1
396,-1,364.37,233.35,41.18,31.49,0.9082,-1,-1,-1
396,-1,347.09,353.82,34.03,16.09,0.9027,-1,-1,-1
396,-1,814.52,319.36,19.39,17.57,0.8669,-1,-1,-1
396,-1,415.68,341.80,17.41,18.00,0.8512,-1,-1,-1
396,-1,0.04,87.76,42.60,53.42,0.8402,-1,-1,-1
396,-1,295.21,265.61,18.39,29.23,0.7714,-1,-1,-1
396,-1,640.71,371.89,16.80,13.83,0.7669,-1,-1,-1
396,-1,389.29,312.76,19.06,15.63,0.5369,-1,-1,-1
396,-1,0.00,299.94,33.00,26.13,0.5293,-1,-1,-1
396,-1,0.00,279.71,33.99,46.65,0.3976,-1,-1,-1
397,-1,12.68,271.73,157.13,80.47,0.9514,-1,-1,-1
397,-1,361.72,234.21,40.98,31.08,0.9071,-1,-1,-1
397,-1,344.35,354.40,33.85,16.09,0.8949,-1,-1,-1
397,-1,413.90,342.24,17.47,18.17,0.8585,-1,-1,-1
397,-1,812.80,319.84,19.93,17.09,0.8359,-1,-1,-1
397,-1,639.01,372.07,17.01,14.38,0.8059,-1,-1,-1
397,-1,0.00,90.75,36.21,53.01,0.7897,-1,-1,-1
397,-1,0.02,278.62,28.29,46.97,0.6844,-1,-1,-1
397,-1,291.26,265.82,19.90,30.90,0.6401,-1,-1,-1
398,-1,6.69,274.91,156.07,78.52,0.9472,-1,-1,-1
398,-1,358.98,234.58,40.64,31.30,0.9014,-1,-1,-1
398,-1,341.55,354.81,34.41,15.95,0.8975,-1,-1,-1
398,-1,811.03,319.83,20.03,17.08,0.8552,-1,-1,-1
398,-1,412.06,342.72,17.23,18.11,0.8204,-1,-1,-1
398,-1,289.00,266.58,19.22,29.03,0.8072,-1,-1,-1
398,-1,637.25,371.93,16.57,15.09,0.7986,-1,-1,-1
398,-1,0.00,96.05,29.36,49.69,0.7340,-1,-1,-1
398,-1,0.15,278.73,19.24,46.84,0.5377,-1,-1,-1
398,-1,0.00,301.53,18.25,23.27,0.4982,-1,-1,-1
398,-1,386.41,313.59,18.89,15.22,0.3241,-1,-1,-1
399,-1,0.41,275.76,155.41,77.95,0.9473,-1,-1,-1
399,-1,355.95,234.82,41.03,31.26,0.9077,-1,-1,-1
399,-1,339.06,355.14,33.90,15.84,0.9044,-1,-1,-1
399,-1,809.25,319.56,20.04,17.02,0.8616,-1,-1,-1
399,-1,410.55,342.87,17.18,18.42,0.8380,-1,-1,-1
399,-1,286.62,266.69,18.44,29.14,0.8012,-1,-1,-1
399,-1,636.00,371.92,16.08,15.26,0.7564,-1,-1,-1
399,-1,0.00,98.62,22.85,48.22,0.6907,-1,-1,-1
399,-1,0.00,303.82,10.03,22.83,0.5671,-1,-1,-1
400,-1,0.00,288.77,128.94,77.34,0.9438,-1,-1,-1
400,-1,335.27,238.85,42.59,30.81,0.9031,-1,-1,-1
400,-1,321.47,359.86,34.60,16.51,0.9018,-1,-1,-1
400,-1,789.55,312.60,19.11,17.05,0.8689,-1,-1,-1
400,-1,394.64,345.80,17.41,18.19,0.8536,-1,-1,-1
400,-1,264.90,272.56,20.04,28.78,0.8390,-1,-1,-1
400,-1,1002.16,256.04,21.84,26.27,0.7992,-1,-1,-1
400,-1,620.45,369.24,16.38,14.06,0.7167,-1,-1,-1
401,-1,0.00,295.31,93.24,79.06,0.9321,-1,-1,-1
401,-1,297.59,363.59,35.01,16.62,0.9157,-1,-1,-1
401,-1,308.82,240.64,43.90,31.02,0.9108,-1,-1,-1
401,-1,964.95,250.51,58.76,27.87,0.8864,-1,-1,-1
401,-1,237.61,276.30,20.41,28.20,0.8699,-1,-1,-1
401,-1,372.40,348.38,17.80,19.00,0.8618,-1,-1,-1
401,-1,763.53,310.28,18.16,16.88,0.8535,-1,-1,-1
401,-1,599.27,368.46,16.30,14.84,0.7226,-1,-1,-1
401,-1,343.79,319.84,20.03,16.68,0.6349,-1,-1,-1
401,-1,1004.08,156.98,19.92,48.99,0.4673,-1,-1,-1
402,-1,968.08,165.66,55.92,44.69,0.9177,-1,-1,-1
402,-1,932.29,256.93,55.24,25.18,0.9144,-1,-1,-1
402,-1,284.68,239.53,45.66,31.98,0.9094,-1,-1,-1
402,-1,273.49,364.25,36.05,17.04,0.9071,-1,-1,-1
402,-1,0.15,296.51,56.90,79.10,0.8786,-1,-1,-1
402,-1,350.88,348.94,18.14,18.88,0.8637,-1,-1,-1
402,-1,211.29,275.06,21.36,30.03,0.8539,-1,-1,-1
402,-1,739.68,311.81,17.49,17.17,0.8451,-1,-1,-1
402,-1,579.16,369.02,15.68,14.04,0.7231,-1,-1,-1
402,-1,1011.42,344.94,12.58,13.50,0.4804,-1,-1,-1
403,-1,937.61,179.18,84.52,42.89,0.9276,-1,-1,-1
403,-1,262.98,234.31,46.98,32.97,0.9126,-1,-1,-1
403,-1,903.02,265.48,53.24,26.39,0.8997,-1,-1,-1
403,-1,248.98,360.89,38.04,17.30,0.8935,-1,-1,-1
403,-1,329.59,346.74,18.37,19.25,0.8567,-1,-1,-1
403,-1,996.78,225.63,25.34,22.26,0.8549,-1,-1,-1
403,-1,718.16,317.66,17.38,15.82,0.8419,-1,-1,-1
403,-1,186.25,268.59,22.20,30.81,0.8418,-1,-1,-1
403,-1,977.19,352.92,23.51,15.13,0.8391,-1,-1,-1
403,-1,559.14,370.95,15.86,14.57,0.7388,-1,-1,-1
403,-1,0.01,301.05,20.04,62.57,0.4142,-1,-1,-1
403,-1,13.53,335.98,20.21,12.81,0.4073,-1,-1,-1
404,-1,913.76,198.86,81.36,40.16,0.9292,-1,-1,-1
404,-1,244.72,223.38,46.94,34.80,0.9167,-1,-1,-1
404,-1,877.45,280.93,52.44,25.57,0.9086,-1,-1,-1
404,-1,225.73,352.56,39.09,17.03,0.8927,-1,-1,-1
404,-1,308.78,340.56,19.23,19.08,0.8740,-1,-1,-1
404,-1,968.67,246.03,23.42,19.95,0.8705,-1,-1,-1
404,-1,945.86,368.22,23.29,14.98,0.8501,-1,-1,-1
404,-1,163.15,255.01,22.89,31.98,0.8375,-1,-1,-1
404,-1,698.22,324.32,17.24,16.02,0.8353,-1,-1,-1
404,-1,280.78,309.70,20.36,16.08,0.4693,-1,-1,-1
404,-1,1000.86,156.78,23.14,34.81,0.3693,-1,-1,-1
404,-1,540.52,372.15,15.19,14.51,0.3044,-1,-1,-1
405,-1,904.05,201.08,80.03,39.38,0.9330,-1,-1,-1
405,-1,235.86,217.25,48.28,35.02,0.9147,-1,-1,-1
405,-1,216.14,346.89,39.74,17.02,0.9052,-1,-1,-1
405,-1,300.25,335.59,19.43,19.00,0.8761,-1,-1,-1
405,-1,867.97,283.54,50.73,23.81,0.8755,-1,-1,-1
405,-1,990.30,157.41,33.70,36.29,0.8745,-1,-1,-1
405,-1,957.24,248.10,23.03,19.68,0.8705,-1,-1,-1
405,-1,932.82,368.77,23.79,14.90,0.8639,-1,-1,-1
405,-1,153.94,247.77,22.42,32.04,0.8310,-1,-1,-1
405,-1,690.25,323.25,16.68,15.62,0.8268,-1,-1,-1
405,-1,1001.73,308.92,22.27,37.32,0.8169,-1,-1,-1
405,-1,533.07,369.54,15.08,14.44,0.6690,-1,-1,-1
406,-1,894.81,204.11,77.73,39.07,0.9320,-1,-1,-1
406,-1,230.90,222.27,47.09,35.29,0.9114,-1,-1,-1
406,-1,977.66,160.91,46.31,35.86,0.9070,-1,-1,-1
406,-1,991.78,308.37,32.22,38.07,0.9014,-1,-1,-1
406,-1,210.98,352.55,39.56,17.26,0.8996,-1,-1,-1
406,-1,860.36,284.92,49.01,23.84,0.8943,-1,-1,-1
406,-1,295.15,340.82,19.39,18.97,0.8795,-1,-1,-1
406,-1,947.78,250.02,22.26,19.33,0.8664,-1,-1,-1
406,-1,146.03,252.46,23.95,33.00,0.8620,-1,-1,-1
406,-1,925.64,369.57,22.22,14.41,0.8389,-1,-1,-1
406,-1,684.53,326.26,16.45,15.16,0.7752,-1,-1,-1
406,-1,265.66,309.37,22.14,16.19,0.7557,-1,-1,-1
406,-1,528.22,373.04,15.82,14.48,0.7117,-1,-1,-1
407,-1,890.27,203.78,77.70,38.87,0.9358,-1,-1,-1
407,-1,974.05,161.10,48.16,35.73,0.9195,-1,-1,-1
407,-1,986.26,307.96,37.64,38.56,0.9183,-1,-1,-1
407,-1,225.65,218.25,48.36,35.81,0.9143,-1,-1,-1
407,-1,205.36,349.28,40.15,17.25,0.9018,-1,-1,-1
407,-1,855.27,285.11,49.95,23.01,0.9008,-1,-1,-1
407,-1,141.25,248.58,22.67,32.86,0.8581,-1,-1,-1
407,-1,290.49,337.49,19.91,19.32,0.8574,-1,-1,-1
407,-1,942.37,250.10,22.43,19.43,0.8467,-1,-1,-1
407,-1,919.65,368.79,22.53,14.48,0.8333,-1,-1,-1
407,-1,680.32,324.97,16.64,15.17,0.7999,-1,-1,-1
407,-1,261.48,306.25,21.73,15.82,0.6205,-1,-1,-1
407,-1,524.66,371.01,15.05,13.91,0.6106,-1,-1,-1
408,-1,974.68,309.04,49.32,37.86,0.9279,-1,-1,-1
408,-1,881.50,205.55,76.19,38.00,0.9269,-1,-1,-1
408,-1,963.09,163.10,46.67,35.65,0.9195,-1,-1,-1
408,-1,217.42,214.38,48.81,36.41,0.9149,-1,-1,-1
408,-1,196.40,346.21,40.74,17.46,0.9079,-1,-1,-1
408,-1,846.04,285.52,48.79,22.99,0.8955,-1,-1,-1
408,-1,130.73,244.31,24.24,33.27,0.8746,-1,-1,-1
408,-1,931.91,251.20,22.40,19.27,0.8708,-1,-1,-1
408,-1,282.85,334.86,19.92,19.20,0.8642,-1,-1,-1
408,-1,908.70,368.89,22.68,14.44,0.8308,-1,-1,-1
408,-1,673.20,323.58,16.15,15.58,0.7546,-1,-1,-1
408,-1,517.59,369.34,15.39,14.65,0.6830,-1,-1,-1
408,-1,252.56,303.20,22.59,16.39,0.5252,-1,-1,-1
409,-1,954.97,310.61,67.16,36.83,0.9324,-1,-1,-1
409,-1,942.88,167.35,44.92,34.91,0.9233,-1,-1,-1
409,-1,864.43,208.68,73.74,37.29,0.9198,-1,-1,-1
409,-1,203.56,215.73,50.14,36.20,0.9154,-1,-1,-1
409,-1,183.42,348.43,41.49,17.61,0.9094,-1,-1,-1
409,-1,832.20,284.70,45.80,25.23,0.9012,-1,-1,-1
409,-1,270.91,336.75,20.32,19.34,0.8778,-1,-1,-1
409,-1,116.00,245.82,25.28,33.79,0.8639,-1,-1,-1
409,-1,915.24,253.48,20.10,18.55,0.8424,-1,-1,-1
409,-1,662.21,325.38,16.88,15.09,0.7915,-1,-1,-1
409,-1,893.98,369.31,19.39,13.87,0.7400,-1,-1,-1
409,-1,241.41,304.81,22.11,15.48,0.5286,-1,-1,-1
409,-1,508.05,370.72,15.03,13.98,0.4054,-1,-1,-1
410,-1,935.81,311.55,65.26,36.55,0.9295,-1,-1,-1
410,-1,848.00,211.45,70.63,36.79,0.9232,-1,-1,-1
410,-1,922.39,171.05,44.84,34.20,0.9185,-1,-1,-1
410,-1,189.87,215.86,51.15,36.62,0.9138,-1,-1,-1
410,-1,169.08,349.71,42.74,17.73,0.9034,-1,-1,-1
410,-1,817.82,286.47,44.10,24.59,0.9023,-1,-1,-1
410,-1,258.82,337.85,20.46,19.76,0.8553,-1,-1,-1
410,-1,100.46,246.46,24.96,33.34,0.8439,-1,-1,-1
410,-1,651.09,326.05,16.59,15.19,0.8157,-1,-1,-1
410,-1,898.51,255.51,18.33,18.22,0.6968,-1,-1,-1
410,-1,497.55,371.84,15.58,13.37,0.6693,-1,-1,-1
410,-1,228.94,305.61,22.35,16.01,0.5108,-1,-1,-1
410,-1,878.89,369.56,17.48,13.55,0.4887,-1,-1,-1
411,-1,917.53,312.92,62.51,35.89,0.9321,-1,-1,-1
411,-1,831.82,213.82,68.41,36.23,0.9230,-1,-1,-1
411,-1,904.76,174.76,42.45,33.31,0.9176,-1,-1,-1
411,-1,174.38,213.54,52.35,37.48,0.9150,-1,-1,-1
411,-1,153.07,348.91,43.83,18.12,0.9025,-1,-1,-1
411,-1,803.46,288.14,42.37,23.70,0.9011,-1,-1,-1
411,-1,244.76,337.21,21.26,20.02,0.8716,-1,-1,-1
411,-1,82.44,243.55,25.51,34.08,0.8673,-1,-1,-1
411,-1,639.03,326.69,16.86,14.72,0.7893,-1,-1,-1
411,-1,881.66,257.24,17.52,17.64,0.7399,-1,-1,-1
411,-1,213.99,304.72,23.63,15.74,0.4831,-1,-1,-1
411,-1,486.76,371.82,14.89,13.62,0.4687,-1,-1,-1
412,-1,899.76,314.04,60.56,35.30,0.9317,-1,-1,-1
412,-1,816.73,216.16,66.08,35.47,0.9219,-1,-1,-1
412,-1,159.11,210.78,53.28,38.21,0.9180,-1,-1,-1
412,-1,137.40,348.17,44.36,18.22,0.9090,-1,-1,-1
412,-1,789.39,288.75,41.05,23.65,0.9067,-1,-1,-1
412,-1,888.30,178.00,40.19,32.94,0.9050,-1,-1,-1
412,-1,63.42,240.14,27.59,36.09,0.8758,-1,-1,-1
412,-1,231.23,336.36,21.68,20.20,0.8732,-1,-1,-1
412,-1,627.70,326.53,16.23,14.97,0.7590,-1,-1,-1
412,-1,865.57,258.91,16.86,17.58,0.4932,-1,-1,-1
412,-1,475.68,371.38,14.99,13.77,0.3792,-1,-1,-1
412,-1,106.96,289.14,19.93,12.05,0.3038,-1,-1,-1
413,-1,882.92,315.44,58.50,34.54,0.9270,-1,-1,-1
413,-1,801.48,218.07,64.60,34.88,0.9236,-1,-1,-1
413,-1,143.78,207.86,54.46,39.31,0.9204,-1,-1,-1
413,-1,121.42,347.45,45.68,18.53,0.9187,-1,-1,-1
413,-1,870.55,180.77,40.09,32.25,0.9175,-1,-1,-1
413,-1,776.36,290.02,38.68,23.38,0.8927,-1,-1,-1
413,-1,217.87,335.83,21.75,19.82,0.8662,-1,-1,-1
413,-1,45.68,236.87,27.88,36.66,0.8574,-1,-1,-1
413,-1,1004.89,121.24,19.11,30.51,0.5907,-1,-1,-1
413,-1,617.13,327.03,15.77,14.46,0.5706,-1,-1,-1
413,-1,464.38,371.58,15.91,13.69,0.5308,-1,-1,-1
413,-1,184.01,302.47,25.79,16.74,0.4593,-1,-1,-1
414,-1,867.12,315.96,57.16,34.50,0.9298,-1,-1,-1
414,-1,787.86,220.00,63.20,34.12,0.9282,-1,-1,-1
414,-1,105.38,346.62,46.78,18.58,0.9166,-1,-1,-1
414,-1,855.13,183.37,38.79,31.78,0.9138,-1,-1,-1
414,-1,128.48,205.77,55.46,39.35,0.9129,-1,-1,-1
414,-1,763.32,290.74,38.20,23.11,0.8909,-1,-1,-1
414,-1,204.30,334.93,22.34,20.46,0.8830,-1,-1,-1
414,-1,27.76,235.00,28.68,36.89,0.8657,-1,-1,-1
414,-1,606.27,326.69,15.90,14.82,0.7115,-1,-1,-1
414,-1,177.37,301.18,19.11,15.83,0.4460,-1,-1,-1
414,-1,454.52,371.33,15.00,13.61,0.3851,-1,-1,-1
414,-1,73.21,285.63,19.89,12.22,0.2534,-1,-1,-1
415,-1,852.72,316.72,55.27,34.01,0.9278,-1,-1,-1
415,-1,774.25,221.55,62.56,33.85,0.9228,-1,-1,-1
415,-1,113.43,202.46,57.21,40.89,0.9188,-1,-1,-1
415,-1,89.37,345.73,48.64,18.93,0.9120,-1,-1,-1
415,-1,841.11,185.39,37.76,31.60,0.9100,-1,-1,-1
415,-1,752.34,291.86,36.13,22.26,0.8892,-1,-1,-1
415,-1,191.45,334.11,22.15,20.70,0.8784,-1,-1,-1
415,-1,9.48,232.55,29.66,36.87,0.8738,-1,-1,-1
415,-1,596.16,326.59,15.84,15.02,0.6308,-1,-1,-1
415,-1,444.61,371.06,15.27,13.57,0.3898,-1,-1,-1
415,-1,56.47,283.61,20.72,12.59,0.3746,-1,-1,-1
416,-1,838.65,317.32,54.54,33.42,0.9302,-1,-1,-1
416,-1,761.72,222.53,61.59,33.56,0.9213,-1,-1,-1
416,-1,98.20,200.59,58.45,40.85,0.9186,-1,-1,-1
416,-1,73.57,345.16,49.70,19.13,0.9143,-1,-1,-1
416,-1,829.54,187.15,35.16,31.40,0.9056,-1,-1,-1
416,-1,740.88,292.18,35.35,22.26,0.8858,-1,-1,-1
416,-1,178.28,333.52,22.84,20.54,0.8688,-1,-1,-1
416,-1,0.03,231.99,21.27,35.59,0.8233,-1,-1,-1
416,-1,586.70,326.61,15.76,14.66,0.6302,-1,-1,-1
416,-1,435.04,370.57,15.29,14.06,0.5551,-1,-1,-1
416,-1,39.37,282.22,21.98,12.84,0.4215,-1,-1,-1
417,-1,828.09,317.41,52.78,33.33,0.9266,-1,-1,-1
417,-1,751.99,223.60,60.75,32.85,0.9215,-1,-1,-1
417,-1,83.94,198.25,60.13,41.42,0.9198,-1,-1,-1
417,-1,817.47,188.46,35.69,30.83,0.9142,-1,-1,-1
417,-1,59.19,344.71,51.08,19.42,0.9096,-1,-1,-1
417,-1,730.67,292.22,35.23,22.35,0.8920,-1,-1,-1
417,-1,166.37,332.92,23.25,21.22,0.8822,-1,-1,-1
417,-1,425.72,370.54,16.12,14.10,0.7252,-1,-1,-1
417,-1,24.01,280.90,22.43,12.78,0.6854,-1,-1,-1
417,-1,578.34,326.75,15.33,14.57,0.3854,-1,-1,-1
417,-1,135.03,297.98,22.86,15.86,0.2623,-1,-1,-1
418,-1,745.46,224.00,60.03,32.73,0.9277,-1,-1,-1
418,-1,820.79,317.62,52.12,32.90,0.9277,-1,-1,-1
418,-1,74.00,196.57,61.16,42.10,0.9186,-1,-1,-1
418,-1,48.91,344.36,52.08,19.64,0.9100,-1,-1,-1
418,-1,811.01,189.10,34.72,30.64,0.9053,-1,-1,-1
418,-1,724.44,292.45,34.99,22.28,0.8865,-1,-1,-1
418,-1,158.05,332.63,23.75,21.28,0.8856,-1,-1,-1
418,-1,13.20,279.69,22.55,13.43,0.7428,-1,-1,-1
418,-1,571.69,326.29,16.09,14.63,0.6166,-1,-1,-1
418,-1,420.27,370.19,15.62,14.11,0.6041,-1,-1,-1
418,-1,132.58,297.29,16.96,16.02,0.3801,-1,-1,-1
418,-1,126.09,297.05,23.53,16.52,0.3563,-1,-1,-1
419,-1,738.72,225.25,59.22,32.64,0.9278,-1,-1,-1
419,-1,812.46,318.39,51.94,32.86,0.9254,-1,-1,-1
419,-1,64.08,194.67,62.60,42.90,0.9234,-1,-1,-1
419,-1,38.85,343.78,52.49,19.85,0.9101,-1,-1,-1
419,-1,803.11,191.01,34.30,30.30,0.9086,-1,-1,-1
419,-1,717.40,293.07,34.08,22.41,0.8869,-1,-1,-1
419,-1,149.32,332.25,24.48,21.34,0.8838,-1,-1,-1
419,-1,2.22,278.59,23.46,13.37,0.7368,-1,-1,-1
419,-1,413.37,370.49,16.15,14.49,0.6979,-1,-1,-1
419,-1,120.05,296.61,21.10,15.97,0.5617,-1,-1,-1
419,-1,566.35,326.64,15.41,14.74,0.4502,-1,-1,-1
420,-1,804.97,321.14,51.17,32.40,0.9375,-1,-1,-1
420,-1,55.33,193.73,63.42,43.37,0.9244,-1,-1,-1
420,-1,732.32,228.32,58.06,32.43,0.9220,-1,-1,-1
420,-1,28.62,343.96,53.85,19.96,0.9134,-1,-1,-1
420,-1,795.35,194.65,34.28,30.23,0.9039,-1,-1,-1
420,-1,141.12,332.41,24.75,21.56,0.8817,-1,-1,-1
420,-1,710.88,295.71,33.85,22.03,0.8751,-1,-1,-1
420,-1,408.01,371.84,15.88,13.64,0.6995,-1,-1,-1
420,-1,560.32,327.89,16.10,14.91,0.6199,-1,-1,-1
420,-1,111.51,296.61,21.32,16.06,0.5898,-1,-1,-1
420,-1,0.00,278.75,16.89,12.91,0.3877,-1,-1,-1
421,-1,726.95,226.77,57.30,32.10,0.9244,-1,-1,-1
421,-1,799.02,319.17,50.37,32.21,0.9234,-1,-1,-1
421,-1,46.31,191.54,64.38,43.90,0.9203,-1,-1,-1
421,-1,20.32,343.22,54.19,20.06,0.9119,-1,-1,-1
421,-1,789.21,193.06,33.66,30.04,0.9084,-1,-1,-1
421,-1,705.54,293.78,33.74,21.88,0.8832,-1,-1,-1
421,-1,134.01,331.40,24.92,21.68,0.8802,-1,-1,-1
421,-1,403.10,370.29,15.69,14.18,0.7029,-1,-1,-1
421,-1,105.23,295.46,20.15,15.99,0.5973,-1,-1,-1
421,-1,555.22,326.79,15.78,14.52,0.5709,-1,-1,-1
422,-1,32.49,189.69,66.08,44.53,0.9266,-1,-1,-1
422,-1,787.81,320.38,49.95,32.35,0.9256,-1,-1,-1
422,-1,716.83,228.91,57.27,31.83,0.9200,-1,-1,-1
422,-1,5.05,342.84,56.25,20.38,0.9092,-1,-1,-1
422,-1,779.31,195.40,32.36,30.32,0.9063,-1,-1,-1
422,-1,696.46,295.33,32.84,21.85,0.8803,-1,-1,-1
422,-1,121.95,330.94,25.83,22.04,0.8682,-1,-1,-1
422,-1,394.36,370.67,16.08,14.31,0.7299,-1,-1,-1
422,-1,547.32,327.35,15.77,14.72,0.6591,-1,-1,-1
422,-1,95.17,294.60,18.11,16.45,0.3485,-1,-1,-1
423,-1,16.77,186.73,68.04,45.15,0.9230,-1,-1,-1
423,-1,706.51,227.34,56.79,31.30,0.9227,-1,-1,-1
423,-1,777.25,318.40,48.67,31.94,0.9218,-1,-1,-1
423,-1,0.03,342.25,46.90,20.78,0.9118,-1,-1,-1
423,-1,768.21,194.25,32.12,29.28,0.9018,-1,-1,-1
423,-1,687.16,293.67,32.10,21.49,0.8777,-1,-1,-1
423,-1,109.56,330.22,25.76,22.34,0.8757,-1,-1,-1
423,-1,386.08,369.12,16.01,14.13,0.7158,-1,-1,-1
423,-1,82.40,293.25,17.38,16.30,0.7073,-1,-1,-1
423,-1,539.34,325.54,15.71,14.70,0.6072,-1,-1,-1
424,-1,0.90,182.88,69.07,47.12,0.9342,-1,-1,-1
424,-1,766.49,318.33,47.97,31.80,0.9270,-1,-1,-1
424,-1,696.76,227.69,56.20,31.25,0.9231,-1,-1,-1
424,-1,757.16,194.84,32.21,29.50,0.9029,-1,-1,-1
424,-1,0.00,341.69,31.17,20.81,0.8977,-1,-1,-1
424,-1,677.54,294.14,31.98,21.02,0.8800,-1,-1,-1
424,-1,95.70,329.77,26.44,22.24,0.8752,-1,-1,-1
424,-1,376.65,369.23,16.92,14.39,0.8220,-1,-1,-1
424,-1,67.84,292.39,18.28,16.91,0.6840,-1,-1,-1
424,-1,49.27,325.46,17.08,16.64,0.6257,-1,-1,-1
424,-1,530.70,325.83,15.53,14.37,0.5083,-1,-1,-1
425,-1,757.16,318.54,47.08,31.41,0.9262,-1,-1,-1
425,-1,688.02,228.12,55.07,31.38,0.9245,-1,-1,-1
425,-1,0.00,181.96,55.60,46.01,0.9089,-1,-1,-1
425,-1,748.84,196.01,30.49,29.19,0.9010,-1,-1,-1
425,-1,669.04,294.15,31.53,21.08,0.8825,-1,-1,-1
425,-1,82.54,329.07,26.99,22.78,0.8781,-1,-1,-1
425,-1,367.98,369.01,16.85,15.08,0.8254,-1,-1,-1
425,-1,0.00,341.35,16.02,19.51,0.8230,-1,-1,-1
425,-1,49.77,291.15,22.65,16.92,0.7463,-1,-1,-1
425,-1,34.70,324.97,17.49,16.54,0.7190,-1,-1,-1
425,-1,522.81,325.60,15.01,14.38,0.4880,-1,-1,-1
426,-1,750.39,318.59,47.25,31.38,0.9276,-1,-1,-1
426,-1,681.57,228.42,55.29,31.16,0.9203,-1,-1,-1
426,-1,0.00,181.90,45.32,44.69,0.9101,-1,-1,-1
426,-1,741.24,196.52,31.64,29.22,0.9045,-1,-1,-1
426,-1,661.92,294.10,32.31,21.28,0.8842,-1,-1,-1
426,-1,72.70,328.73,27.58,22.92,0.8714,-1,-1,-1
426,-1,23.90,324.10,17.89,17.24,0.8211,-1,-1,-1
426,-1,44.24,290.37,18.16,16.82,0.7610,-1,-1,-1
426,-1,362.43,368.99,15.74,14.05,0.7373,-1,-1,-1
426,-1,516.48,325.06,15.97,14.82,0.7077,-1,-1,-1
427,-1,742.10,322.28,46.18,31.12,0.9236,-1,-1,-1
427,-1,674.33,232.51,54.36,30.88,0.9204,-1,-1,-1
427,-1,733.40,201.00,30.48,28.88,0.9006,-1,-1,-1
427,-1,61.66,328.58,28.29,22.93,0.8785,-1,-1,-1
427,-1,655.16,297.82,31.38,20.37,0.8770,-1,-1,-1
427,-1,0.02,183.09,35.02,42.26,0.8547,-1,-1,-1
427,-1,12.04,323.91,17.72,16.88,0.7676,-1,-1,-1
427,-1,354.53,370.09,16.46,14.98,0.7506,-1,-1,-1
427,-1,32.07,289.33,19.25,17.19,0.6776,-1,-1,-1
427,-1,509.93,327.42,15.08,14.46,0.3237,-1,-1,-1
428,-1,668.84,231.49,54.33,30.48,0.9204,-1,-1,-1
428,-1,736.07,320.55,46.01,31.22,0.9195,-1,-1,-1
428,-1,727.72,199.79,30.25,28.80,0.9067,-1,-1,-1
428,-1,52.01,327.63,28.68,23.70,0.8811,-1,-1,-1
428,-1,650.23,296.03,30.76,21.02,0.8799,-1,-1,-1
428,-1,0.88,323.18,19.15,17.15,0.7953,-1,-1,-1
428,-1,348.65,369.38,16.68,14.67,0.7643,-1,-1,-1
428,-1,18.47,288.42,23.24,17.49,0.7141,-1,-1,-1
428,-1,504.15,326.63,15.92,14.17,0.7025,-1,-1,-1
428,-1,0.02,191.49,24.40,31.82,0.4729,-1,-1,-1
429,-1,728.22,320.97,45.64,30.78,0.9170,-1,-1,-1
429,-1,661.81,232.05,53.64,30.29,0.9141,-1,-1,-1
429,-1,719.50,200.90,30.15,28.48,0.9065,-1,-1,-1
429,-1,40.94,327.37,29.15,23.86,0.8794,-1,-1,-1
429,-1,642.96,296.60,30.64,20.61,0.8792,-1,-1,-1
429,-1,2.53,287.90,27.77,17.50,0.8677,-1,-1,-1
429,-1,342.06,369.35,16.46,15.82,0.8052,-1,-1,-1
429,-1,1003.41,248.08,20.59,13.18,0.7946,-1,-1,-1
429,-1,498.09,326.40,15.36,14.27,0.4797,-1,-1,-1
430,-1,721.70,319.08,44.85,30.73,0.9204,-1,-1,-1
430,-1,655.49,230.07,52.90,30.54,0.9193,-1,-1,-1
430,-1,712.24,199.01,30.44,28.64,0.9066,-1,-1,-1
430,-1,636.26,294.32,31.28,21.16,0.8821,-1,-1,-1
430,-1,29.58,326.77,30.01,23.94,0.8799,-1,-1,-1
430,-1,0.00,286.68,18.38,18.01,0.8660,-1,-1,-1
430,-1,992.71,246.08,31.29,13.42,0.8522,-1,-1,-1
430,-1,334.71,368.48,17.24,15.38,0.8402,-1,-1,-1
430,-1,491.62,324.28,15.94,15.03,0.7052,-1,-1,-1
430,-1,1013.12,227.31,10.88,19.24,0.4465,-1,-1,-1
431,-1,649.44,230.42,52.42,30.25,0.9230,-1,-1,-1
431,-1,715.70,319.22,44.12,30.60,0.9171,-1,-1,-1
431,-1,705.81,199.60,30.40,28.26,0.9038,-1,-1,-1
431,-1,18.29,326.22,30.88,24.23,0.8826,-1,-1,-1
431,-1,629.56,294.52,31.84,20.98,0.8814,-1,-1,-1
431,-1,982.30,247.09,36.89,13.31,0.8586,-1,-1,-1
431,-1,327.69,368.38,17.64,15.83,0.8353,-1,-1,-1
431,-1,485.63,324.20,15.60,14.84,0.6519,-1,-1,-1
432,-1,643.47,231.02,52.35,29.91,0.9219,-1,-1,-1
432,-1,709.57,319.37,44.35,30.60,0.9209,-1,-1,-1
432,-1,700.38,200.24,29.76,28.16,0.8998,-1,-1,-1
432,-1,7.46,325.91,31.26,24.44,0.8944,-1,-1,-1
432,-1,624.29,294.48,30.76,21.23,0.8804,-1,-1,-1
432,-1,321.38,368.31,17.52,15.16,0.8270,-1,-1,-1
432,-1,972.58,248.41,37.23,12.94,0.8233,-1,-1,-1
432,-1,479.72,324.63,15.84,14.62,0.6767,-1,-1,-1
432,-1,991.30,234.09,17.75,14.84,0.4099,-1,-1,-1
433,-1,703.63,319.45,44.02,30.41,0.9232,-1,-1,-1
433,-1,638.60,231.01,51.41,29.89,0.9172,-1,-1,-1
433,-1,694.37,200.55,30.00,28.20,0.9116,-1,-1,-1
433,-1,0.00,325.41,28.72,24.54,0.8963,-1,-1,-1
433,-1,617.72,294.69,32.83,20.86,0.8845,-1,-1,-1
433,-1,963.46,248.91,36.55,13.04,0.8539,-1,-1,-1
433,-1,315.26,368.22,17.36,15.14,0.8190,-1,-1,-1
433,-1,474.24,324.26,15.24,14.96,0.6091,-1,-1,-1
434,-1,698.13,319.45,43.49,30.24,0.9212,-1,-1,-1
434,-1,633.18,231.40,51.48,29.69,0.9210,-1,-1,-1
434,-1,688.16,200.94,30.23,28.02,0.9035,-1,-1,-1
434,-1,612.67,294.45,31.98,21.12,0.8802,-1,-1,-1
434,-1,954.05,250.25,35.18,12.95,0.8525,-1,-1,-1
434,-1,0.02,324.80,18.37,23.87,0.8372,-1,-1,-1
434,-1,308.24,368.10,18.00,15.45,0.8237,-1,-1,-1
434,-1,468.74,323.89,16.06,15.18,0.7502,-1,-1,-1
434,-1,1008.72,239.63,15.28,26.27,0.5185,-1,-1,-1
435,-1,627.47,231.90,50.96,29.56,0.9235,-1,-1,-1
435,-1,692.61,319.68,42.69,30.27,0.9166,-1,-1,-1
435,-1,682.96,201.51,29.52,28.07,0.8972,-1,-1,-1
435,-1,606.48,294.68,31.97,21.17,0.8911,-1,-1,-1
435,-1,998.83,238.95,25.17,28.38,0.8575,-1,-1,-1
435,-1,944.67,251.66,34.37,12.78,0.8566,-1,-1,-1
435,-1,301.50,368.20,18.34,15.44,0.8463,-1,-1,-1
435,-1,462.64,324.27,15.57,14.78,0.5677,-1,-1,-1
435,-1,0.00,324.76,7.37,21.03,0.4429,-1,-1,-1
436,-1,621.20,232.96,51.02,29.47,0.9169,-1,-1,-1
436,-1,685.44,320.14,42.81,30.39,0.9168,-1,-1,-1
436,-1,987.94,240.62,36.06,29.35,0.9021,-1,-1,-1
436,-1,676.60,202.85,29.19,27.99,0.8969,-1,-1,-1
436,-1,600.18,295.65,32.09,20.77,0.8831,-1,-1,-1
436,-1,934.35,253.62,34.49,12.65,0.8413,-1,-1,-1
436,-1,294.95,368.34,18.34,15.58,0.8331,-1,-1,-1
436,-1,456.64,324.56,15.81,14.66,0.6580,-1,-1,-1
437,-1,614.62,235.25,50.53,29.28,0.9204,-1,-1,-1
437,-1,678.36,323.00,42.30,29.57,0.9196,-1,-1,-1
437,-1,975.99,244.88,48.01,29.10,0.9195,-1,-1,-1
437,-1,669.88,205.91,28.67,27.70,0.8940,-1,-1,-1
437,-1,593.60,297.45,31.84,20.73,0.8738,-1,-1,-1
437,-1,286.95,369.04,18.51,15.83,0.8395,-1,-1,-1
437,-1,924.40,257.38,32.69,12.14,0.7107,-1,-1,-1
437,-1,450.07,325.81,15.69,14.43,0.5002,-1,-1,-1
438,-1,670.45,324.12,42.29,29.88,0.9228,-1,-1,-1
438,-1,964.18,248.31,59.82,28.73,0.9198,-1,-1,-1
438,-1,607.63,237.00,50.18,29.26,0.9149,-1,-1,-1
438,-1,662.87,207.69,28.01,27.76,0.8994,-1,-1,-1
438,-1,587.15,298.52,31.60,21.01,0.8785,-1,-1,-1
438,-1,279.18,369.58,18.61,15.77,0.8450,-1,-1,-1
438,-1,443.11,326.79,15.93,14.43,0.5931,-1,-1,-1
438,-1,913.14,260.48,32.55,12.17,0.5847,-1,-1,-1
438,-1,1007.29,286.67,16.71,17.20,0.5479,-1,-1,-1
439,-1,955.46,245.53,65.48,28.37,0.9273,-1,-1,-1
439,-1,664.40,321.88,42.62,29.58,0.9183,-1,-1,-1
439,-1,601.62,234.56,50.74,29.50,0.9165,-1,-1,-1
439,-1,656.49,205.30,28.72,27.63,0.9010,-1,-1,-1
439,-1,581.40,296.50,31.59,21.00,0.8776,-1,-1,-1
439,-1,998.09,284.41,22.16,16.34,0.8765,-1,-1,-1
439,-1,272.08,368.21,19.03,16.47,0.8462,-1,-1,-1
439,-1,905.30,257.31,32.02,12.38,0.7321,-1,-1,-1
439,-1,437.55,324.74,15.53,14.71,0.6112,-1,-1,-1
440,-1,944.31,245.19,65.00,28.38,0.9226,-1,-1,-1
440,-1,594.72,233.76,50.12,29.76,0.9188,-1,-1,-1
440,-1,657.12,321.12,42.04,29.45,0.9144,-1,-1,-1
440,-1,648.22,205.03,29.11,27.48,0.8976,-1,-1,-1
440,-1,574.41,295.92,31.49,20.69,0.8821,-1,-1,-1
440,-1,985.85,283.91,21.96,16.19,0.8738,-1,-1,-1
440,-1,264.39,368.03,19.26,15.72,0.8428,-1,-1,-1
440,-1,430.83,324.14,15.88,14.84,0.6382,-1,-1,-1
440,-1,894.56,257.18,32.38,12.02,0.5502,-1,-1,-1
441,-1,586.35,234.09,50.33,29.24,0.9177,-1,-1,-1
441,-1,931.67,246.58,62.16,28.26,0.9172,-1,-1,-1
441,-1,648.64,321.02,41.86,29.52,0.9130,-1,-1,-1
441,-1,640.37,205.31,28.50,27.48,0.9008,-1,-1,-1
441,-1,566.44,296.09,31.45,20.43,0.8832,-1,-1,-1
441,-1,254.51,368.13,19.57,16.07,0.8400,-1,-1,-1
441,-1,883.35,258.32,30.97,11.97,0.6426,-1,-1,-1
441,-1,422.87,323.85,15.48,14.68,0.5387,-1,-1,-1
441,-1,972.02,284.99,21.47,15.99,0.5297,-1,-1,-1
441,-1,972.08,285.04,21.30,15.88,0.4650,-1,-1,-1
442,-1,643.45,321.43,41.24,29.31,0.9173,-1,-1,-1
442,-1,581.20,234.52,49.17,29.14,0.9141,-1,-1,-1
442,-1,922.59,247.96,60.58,27.72,0.9108,-1,-1,-1
442,-1,634.95,205.76,27.95,27.66,0.8972,-1,-1,-1
442,-1,560.05,296.43,31.35,20.45,0.8803,-1,-1,-1
442,-1,247.49,367.97,19.30,16.28,0.8439,-1,-1,-1
442,-1,416.24,324.17,16.05,14.70,0.7759,-1,-1,-1
442,-1,962.15,285.87,20.85,16.00,0.7240,-1,-1,-1
442,-1,874.22,259.63,31.12,11.87,0.4776,-1,-1,-1
443,-1,576.05,234.80,49.54,28.99,0.9168,-1,-1,-1
443,-1,638.09,321.58,41.02,29.23,0.9141,-1,-1,-1
443,-1,913.66,249.01,60.39,27.87,0.9130,-1,-1,-1
443,-1,630.15,206.11,27.62,27.46,0.8913,-1,-1,-1
443,-1,554.65,296.96,32.13,20.11,0.8812,-1,-1,-1
443,-1,240.05,367.79,19.82,16.30,0.8525,-1,-1,-1
443,-1,410.58,323.68,15.65,15.05,0.7273,-1,-1,-1
443,-1,953.18,287.13,20.12,15.44,0.6685,-1,-1,-1
444,-1,905.21,250.28,58.69,27.52,0.9183,-1,-1,-1
444,-1,570.76,235.30,49.81,28.58,0.9171,-1,-1,-1
444,-1,631.90,321.84,41.61,29.04,0.9138,-1,-1,-1
444,-1,624.96,206.64,27.46,27.41,0.8982,-1,-1,-1
444,-1,944.16,287.88,19.79,15.62,0.8799,-1,-1,-1
444,-1,549.12,296.71,32.65,20.70,0.8797,-1,-1,-1
444,-1,233.51,368.01,19.73,15.74,0.8374,-1,-1,-1
444,-1,404.77,323.93,15.98,14.76,0.7872,-1,-1,-1
444,-1,858.66,261.50,29.81,11.63,0.3703,-1,-1,-1
445,-1,896.85,251.77,57.84,27.27,0.9233,-1,-1,-1
445,-1,627.71,322.38,40.20,28.78,0.9164,-1,-1,-1
445,-1,564.94,235.61,50.15,28.70,0.9147,-1,-1,-1
445,-1,621.09,207.42,25.73,27.25,0.8890,-1,-1,-1
445,-1,934.89,289.11,19.53,15.18,0.8783,-1,-1,-1
445,-1,543.15,297.09,32.69,20.59,0.8778,-1,-1,-1
445,-1,226.29,367.89,19.71,16.36,0.8377,-1,-1,-1
445,-1,398.68,324.12,16.38,14.46,0.7779,-1,-1,-1
445,-1,851.24,262.74,29.24,11.20,0.3845,-1,-1,-1
446,-1,621.88,322.29,40.78,28.94,0.9235,-1,-1,-1
446,-1,560.23,235.65,50.05,28.66,0.9204,-1,-1,-1
446,-1,888.91,252.92,57.48,26.97,0.9151,-1,-1,-1
446,-1,615.59,207.72,25.86,27.21,0.8876,-1,-1,-1
446,-1,538.33,297.20,33.04,20.46,0.8785,-1,-1,-1
446,-1,926.59,289.78,19.05,15.41,0.8580,-1,-1,-1
446,-1,218.80,368.12,20.09,16.27,0.8458,-1,-1,-1
446,-1,393.14,324.12,15.77,14.55,0.5309,-1,-1,-1
447,-1,616.51,323.33,40.94,28.56,0.9169,-1,-1,-1
447,-1,881.09,254.78,57.27,27.11,0.9164,-1,-1,-1
447,-1,555.48,236.71,50.02,28.16,0.9115,-1,-1,-1
447,-1,609.08,208.62,27.63,27.19,0.8961,-1,-1,-1
447,-1,532.45,297.57,33.50,20.56,0.8823,-1,-1,-1
447,-1,918.23,291.60,19.06,15.03,0.8778,-1,-1,-1
447,-1,211.40,367.98,20.87,16.95,0.8455,-1,-1,-1
447,-1,387.63,323.93,16.49,15.25,0.7882,-1,-1,-1
448,-1,872.52,259.36,55.28,26.62,0.9197,-1,-1,-1
448,-1,550.08,239.49,49.39,28.46,0.9182,-1,-1,-1
448,-1,611.14,325.59,39.36,28.84,0.9134,-1,-1,-1
448,-1,604.66,212.01,25.71,26.63,0.8912,-1,-1,-1
448,-1,527.10,299.51,32.82,20.58,0.8802,-1,-1,-1
448,-1,203.56,368.85,21.47,16.68,0.8514,-1,-1,-1
448,-1,908.48,295.73,19.02,14.78,0.8462,-1,-1,-1
448,-1,381.21,325.28,16.92,14.91,0.7546,-1,-1,-1
449,-1,605.89,323.82,39.47,28.93,0.9213,-1,-1,-1
449,-1,544.68,237.60,49.56,28.45,0.9144,-1,-1,-1
449,-1,864.84,257.62,54.32,26.50,0.9128,-1,-1,-1
449,-1,598.27,209.98,26.48,27.17,0.8942,-1,-1,-1
449,-1,521.35,298.42,33.35,20.37,0.8738,-1,-1,-1
449,-1,196.03,368.01,21.82,17.57,0.8503,-1,-1,-1
449,-1,900.42,293.80,18.72,14.90,0.8467,-1,-1,-1
449,-1,375.38,324.45,16.82,14.64,0.8010,-1,-1,-1
450,-1,599.91,323.56,39.19,28.56,0.9178,-1,-1,-1
450,-1,538.76,237.26,49.61,27.99,0.9146,-1,-1,-1
450,-1,856.69,257.43,54.17,26.41,0.9131,-1,-1,-1
450,-1,592.78,209.74,26.28,26.54,0.8911,-1,-1,-1
450,-1,515.43,297.78,33.70,20.37,0.8795,-1,-1,-1
450,-1,891.73,293.68,18.58,14.65,0.8724,-1,-1,-1
450,-1,188.37,367.95,21.53,17.10,0.8549,-1,-1,-1
450,-1,369.05,324.22,16.26,14.58,0.6550,-1,-1,-1
451,-1,849.40,258.69,52.82,26.38,0.9177,-1,-1,-1
451,-1,595.23,323.62,38.93,28.82,0.9174,-1,-1,-1
451,-1,533.84,237.52,49.63,28.35,0.9105,-1,-1,-1
451,-1,510.17,297.97,33.08,20.34,0.8835,-1,-1,-1
451,-1,588.75,209.91,25.09,26.97,0.8820,-1,-1,-1
451,-1,180.88,367.95,21.80,16.95,0.8482,-1,-1,-1
451,-1,883.83,294.59,18.06,14.71,0.8214,-1,-1,-1
451,-1,363.29,323.59,16.71,15.21,0.8207,-1,-1,-1
452,-1,589.98,323.70,39.08,28.90,0.9181,-1,-1,-1
452,-1,842.13,260.07,52.42,25.88,0.9168,-1,-1,-1
452,-1,528.67,237.63,49.94,28.29,0.9141,-1,-1,-1
452,-1,583.42,210.48,25.53,26.83,0.8922,-1,-1,-1
452,-1,504.57,298.27,34.52,20.27,0.8749,-1,-1,-1
452,-1,875.72,295.55,17.77,14.57,0.8680,-1,-1,-1
452,-1,173.01,367.86,22.04,17.15,0.8553,-1,-1,-1
452,-1,357.27,323.45,16.21,15.29,0.7934,-1,-1,-1
453,-1,584.14,324.19,39.37,28.69,0.9157,-1,-1,-1
453,-1,523.66,237.90,49.88,28.16,0.9137,-1,-1,-1
453,-1,834.72,260.92,51.86,26.24,0.9119,-1,-1,-1
453,-1,577.34,210.64,26.78,26.89,0.8941,-1,-1,-1
453,-1,499.07,298.38,34.62,20.50,0.8789,-1,-1,-1
453,-1,165.29,367.82,22.24,17.00,0.8590,-1,-1,-1
453,-1,868.00,296.62,17.46,14.30,0.8558,-1,-1,-1
453,-1,351.11,323.80,16.93,14.94,0.8079,-1,-1,-1
454,-1,579.53,325.43,38.99,28.34,0.9134,-1,-1,-1
454,-1,519.47,239.20,48.90,27.99,0.9132,-1,-1,-1
454,-1,827.43,263.20,51.40,25.79,0.9063,-1,-1,-1
454,-1,573.73,212.28,25.06,26.61,0.8910,-1,-1,-1
454,-1,493.68,299.08,34.30,20.53,0.8704,-1,-1,-1
454,-1,860.53,298.40,17.34,14.36,0.8700,-1,-1,-1
454,-1,157.58,367.89,22.80,17.08,0.8574,-1,-1,-1
454,-1,345.65,323.72,16.36,15.49,0.7435,-1,-1,-1
454,-1,121.66,379.06,28.52,11.48,0.3708,-1,-1,-1
454,-1,159.06,382.96,20.80,11.47,0.2602,-1,-1,-1
455,-1,510.68,239.60,49.04,28.07,0.9142,-1,-1,-1
455,-1,571.03,325.83,38.34,28.25,0.9110,-1,-1,-1
455,-1,817.39,264.33,49.77,25.60,0.9078,-1,-1,-1
455,-1,564.34,213.54,25.42,25.95,0.8837,-1,-1,-1
455,-1,486.01,298.94,33.90,20.79,0.8829,-1,-1,-1
455,-1,146.96,367.75,23.43,17.68,0.8525,-1,-1,-1
455,-1,337.56,323.50,16.30,15.44,0.7543,-1,-1,-1
455,-1,849.86,299.34,16.49,14.23,0.7261,-1,-1,-1
456,-1,501.98,239.38,49.33,27.81,0.9146,-1,-1,-1
456,-1,562.69,325.53,38.37,28.27,0.9132,-1,-1,-1
456,-1,807.15,264.66,49.33,25.42,0.9065,-1,-1,-1
456,-1,478.27,298.67,33.28,20.81,0.8839,-1,-1,-1
456,-1,555.68,213.04,25.66,26.21,0.8797,-1,-1,-1
456,-1,135.73,367.72,23.24,17.50,0.8554,-1,-1,-1
456,-1,839.13,299.64,16.46,13.92,0.7911,-1,-1,-1
456,-1,328.85,323.77,16.41,14.93,0.7330,-1,-1,-1
456,-1,97.95,379.11,29.45,11.44,0.5838,-1,-1,-1
456,-1,136.85,382.64,21.77,11.66,0.2988,-1,-1,-1
457,-1,494.45,239.49,49.26,27.84,0.9139,-1,-1,-1
457,-1,555.13,325.64,38.15,28.37,0.9109,-1,-1,-1
457,-1,797.54,265.96,48.64,25.34,0.9002,-1,-1,-1
457,-1,470.57,298.05,33.52,21.53,0.8860,-1,-1,-1
457,-1,548.03,213.38,25.60,26.07,0.8853,-1,-1,-1
457,-1,123.54,367.56,24.32,18.03,0.8644,-1,-1,-1
457,-1,319.89,323.79,16.99,14.71,0.7740,-1,-1,-1
457,-1,828.54,300.80,16.40,13.65,0.7387,-1,-1,-1
457,-1,85.96,378.86,29.64,11.78,0.5551,-1,-1,-1
457,-1,126.12,383.45,21.53,11.33,0.2853,-1,-1,-1
458,-1,486.63,239.50,49.03,27.78,0.9140,-1,-1,-1
458,-1,547.07,325.77,37.91,28.19,0.9130,-1,-1,-1
458,-1,786.87,266.90,47.87,24.99,0.9072,-1,-1,-1
458,-1,462.65,298.20,33.26,21.29,0.8860,-1,-1,-1
458,-1,540.03,213.68,25.41,25.97,0.8822,-1,-1,-1
458,-1,111.80,367.32,24.48,17.75,0.8580,-1,-1,-1
458,-1,310.96,323.24,16.87,14.78,0.8358,-1,-1,-1
458,-1,72.86,378.71,30.37,11.82,0.6476,-1,-1,-1
458,-1,817.72,301.31,16.23,14.00,0.5145,-1,-1,-1
458,-1,113.12,382.74,23.75,11.50,0.3110,-1,-1,-1
459,-1,536.73,325.95,38.31,28.23,0.9123,-1,-1,-1
459,-1,476.61,239.73,49.16,27.69,0.9120,-1,-1,-1
459,-1,775.46,268.32,47.23,24.59,0.9076,-1,-1,-1
459,-1,529.77,213.89,26.03,26.31,0.8899,-1,-1,-1
459,-1,453.58,298.65,33.21,20.82,0.8866,-1,-1,-1
459,-1,97.44,366.87,25.61,18.43,0.8541,-1,-1,-1
459,-1,300.56,322.79,17.17,15.11,0.8421,-1,-1,-1
459,-1,57.34,378.64,31.11,11.99,0.6800,-1,-1,-1
459,-1,805.72,302.30,15.64,13.67,0.4287,-1,-1,-1
459,-1,99.46,383.20,23.18,11.10,0.2792,-1,-1,-1
460,-1,471.20,240.51,48.53,27.80,0.9134,-1,-1,-1
460,-1,531.27,327.05,37.78,28.10,0.9085,-1,-1,-1
460,-1,768.58,269.20,46.19,24.54,0.9083,-1,-1,-1
460,-1,524.68,214.93,24.87,26.43,0.8878,-1,-1,-1
460,-1,447.74,300.01,33.32,20.33,0.8812,-1,-1,-1
460,-1,89.10,368.61,25.42,18.28,0.8535,-1,-1,-1
460,-1,294.40,324.06,17.62,14.91,0.8409,-1,-1,-1
460,-1,48.05,380.44,32.09,12.08,0.7646,-1,-1,-1
460,-1,798.42,303.36,15.35,13.20,0.3836,-1,-1,-1
460,-1,90.66,384.94,23.79,10.94,0.2887,-1,-1,-1
461,-1,460.70,240.19,48.81,27.87,0.9148,-1,-1,-1
461,-1,520.27,326.80,38.41,28.03,0.9075,-1,-1,-1
461,-1,756.14,270.43,46.25,24.16,0.9042,-1,-1,-1
461,-1,513.30,214.48,26.05,26.52,0.8876,-1,-1,-1
461,-1,437.44,298.88,33.31,21.12,0.8858,-1,-1,-1
461,-1,72.71,367.93,25.85,18.35,0.8596,-1,-1,-1
461,-1,282.81,323.01,17.22,15.08,0.8510,-1,-1,-1
461,-1,30.25,379.57,32.76,12.51,0.7471,-1,-1,-1
461,-1,74.10,384.35,24.09,11.39,0.3321,-1,-1,-1
462,-1,452.38,239.81,48.90,27.76,0.9144,-1,-1,-1
462,-1,512.36,326.35,38.16,28.18,0.9094,-1,-1,-1
462,-1,746.85,270.78,45.37,24.39,0.9038,-1,-1,-1
462,-1,505.07,214.35,26.18,26.33,0.8853,-1,-1,-1
462,-1,429.69,298.65,32.90,20.97,0.8842,-1,-1,-1
462,-1,273.59,321.39,18.12,16.08,0.8672,-1,-1,-1
462,-1,59.19,367.06,26.84,18.87,0.8602,-1,-1,-1
462,-1,16.49,379.09,33.51,12.64,0.8143,-1,-1,-1
462,-1,61.45,384.53,23.89,11.07,0.2985,-1,-1,-1
463,-1,442.04,238.54,48.82,27.74,0.9149,-1,-1,-1
463,-1,502.80,325.80,37.86,28.09,0.9124,-1,-1,-1
463,-1,736.56,271.39,43.95,24.11,0.8956,-1,-1,-1
463,-1,495.50,213.22,25.92,26.48,0.8829,-1,-1,-1
463,-1,420.06,297.84,32.62,20.54,0.8772,-1,-1,-1
463,-1,43.23,365.28,27.84,19.52,0.8703,-1,-1,-1
463,-1,0.19,377.71,33.88,12.69,0.8131,-1,-1,-1
463,-1,262.67,320.74,17.96,15.65,0.8023,-1,-1,-1
463,-1,45.79,382.63,24.67,11.81,0.4487,-1,-1,-1
463,-1,764.99,304.95,15.23,12.71,0.2516,-1,-1,-1
464,-1,491.58,326.03,37.82,28.42,0.9123,-1,-1,-1
464,-1,430.62,238.96,48.67,27.68,0.9101,-1,-1,-1
464,-1,723.55,272.55,44.30,23.86,0.9006,-1,-1,-1
464,-1,483.50,213.38,26.30,26.63,0.8979,-1,-1,-1
464,-1,409.65,298.08,32.03,20.67,0.8788,-1,-1,-1
464,-1,25.03,365.31,28.61,19.77,0.8680,-1,-1,-1
464,-1,249.89,320.47,18.84,15.54,0.8589,-1,-1,-1
464,-1,0.02,377.78,15.53,13.10,0.7703,-1,-1,-1
464,-1,27.15,383.48,26.42,10.69,0.4623,-1,-1,-1
465,-1,479.15,327.69,37.59,28.50,0.9257,-1,-1,-1
465,-1,417.77,240.71,48.83,27.68,0.9169,-1,-1,-1
465,-1,710.14,274.53,44.15,23.59,0.8994,-1,-1,-1
465,-1,470.58,215.23,26.28,26.97,0.8948,-1,-1,-1
465,-1,397.72,299.59,31.47,20.89,0.8871,-1,-1,-1
465,-1,5.02,368.32,29.04,19.65,0.8735,-1,-1,-1
465,-1,235.75,322.21,19.40,15.99,0.8603,-1,-1,-1
466,-1,468.59,327.56,37.33,28.78,0.9159,-1,-1,-1
466,-1,406.39,240.40,49.15,27.74,0.9142,-1,-1,-1
466,-1,698.85,275.43,42.53,23.46,0.8974,-1,-1,-1
466,-1,460.90,215.13,25.01,26.79,0.8945,-1,-1,-1
466,-1,387.10,299.71,30.79,20.58,0.8774,-1,-1,-1
466,-1,222.62,321.42,19.27,16.33,0.8622,-1,-1,-1
466,-1,0.00,368.62,15.02,19.86,0.6116,-1,-1,-1
467,-1,399.96,237.59,49.77,27.71,0.9208,-1,-1,-1
467,-1,461.72,326.03,37.93,28.40,0.9171,-1,-1,-1
467,-1,692.19,274.67,42.42,23.69,0.8985,-1,-1,-1
467,-1,453.38,212.95,26.39,26.51,0.8954,-1,-1,-1
467,-1,380.12,297.30,30.88,20.75,0.8759,-1,-1,-1
467,-1,214.86,318.73,19.22,15.92,0.8685,-1,-1,-1
468,-1,391.68,236.42,49.28,27.92,0.9169,-1,-1,-1
468,-1,453.35,325.02,37.85,28.68,0.9150,-1,-1,-1
468,-1,684.42,274.96,41.47,23.55,0.8949,-1,-1,-1
468,-1,445.23,211.58,26.47,26.96,0.8939,-1,-1,-1
468,-1,371.89,296.83,31.02,20.37,0.8756,-1,-1,-1
468,-1,204.58,317.02,19.70,16.25,0.8524,-1,-1,-1
469,-1,380.62,236.77,50.57,27.78,0.9117,-1,-1,-1
469,-1,443.32,325.75,37.86,28.38,0.9109,-1,-1,-1
469,-1,435.45,212.01,26.09,26.89,0.8985,-1,-1,-1
469,-1,673.56,275.84,40.87,23.21,0.8959,-1,-1,-1
469,-1,362.77,297.20,29.85,20.35,0.8769,-1,-1,-1
469,-1,193.00,317.14,19.58,16.60,0.8600,-1,-1,-1
470,-1,375.96,236.84,51.38,27.85,0.9154,-1,-1,-1
470,-1,438.69,325.86,38.05,28.46,0.9141,-1,-1,-1
470,-1,669.03,276.67,41.49,22.86,0.8970,-1,-1,-1
470,-1,431.08,212.78,25.84,26.33,0.8890,-1,-1,-1
470,-1,358.50,297.38,29.84,20.31,0.8674,-1,-1,-1
470,-1,187.46,317.52,20.44,16.11,0.8580,-1,-1,-1
471,-1,369.60,237.90,51.53,27.78,0.9135,-1,-1,-1
471,-1,432.47,326.76,38.76,28.47,0.9115,-1,-1,-1
471,-1,424.94,213.36,25.85,26.75,0.8932,-1,-1,-1
471,-1,663.96,277.56,40.22,22.55,0.8918,-1,-1,-1
471,-1,181.06,318.24,20.82,16.57,0.8657,-1,-1,-1
471,-1,353.16,298.02,29.39,20.38,0.8626,-1,-1,-1
472,-1,359.47,239.94,51.47,27.78,0.9173,-1,-1,-1
472,-1,423.40,328.81,38.29,28.61,0.9068,-1,-1,-1
472,-1,655.63,278.95,38.90,23.05,0.8956,-1,-1,-1
472,-1,414.98,215.17,25.71,27.09,0.8864,-1,-1,-1
472,-1,343.48,300.83,29.52,19.86,0.8649,-1,-1,-1
472,-1,169.75,320.99,21.07,16.65,0.8559,-1,-1,-1
473,-1,346.18,237.04,51.35,27.95,0.9125,-1,-1,-1
473,-1,410.60,326.96,38.52,28.73,0.9117,-1,-1,-1
473,-1,402.29,213.37,26.26,26.48,0.9025,-1,-1,-1
473,-1,643.00,278.72,38.91,23.21,0.8954,-1,-1,-1
473,-1,330.74,298.31,28.72,20.00,0.8709,-1,-1,-1
473,-1,153.50,317.86,21.48,16.47,0.8534,-1,-1,-1
474,-1,338.31,232.62,51.76,28.26,0.9177,-1,-1,-1
474,-1,402.98,323.50,38.78,28.84,0.9173,-1,-1,-1
474,-1,395.17,208.57,26.30,27.18,0.8932,-1,-1,-1
474,-1,636.03,277.13,38.89,22.87,0.8898,-1,-1,-1
474,-1,143.55,311.92,22.16,17.36,0.8640,-1,-1,-1
474,-1,323.54,294.66,27.67,19.75,0.8542,-1,-1,-1
475,-1,330.76,233.52,52.68,28.05,0.9159,-1,-1,-1
475,-1,396.02,324.37,38.79,28.95,0.9151,-1,-1,-1
475,-1,388.03,209.47,26.46,27.26,0.8982,-1,-1,-1
475,-1,629.35,278.19,39.17,22.97,0.8971,-1,-1,-1
475,-1,316.96,296.12,27.41,19.45,0.8700,-1,-1,-1
475,-1,135.75,312.92,22.26,17.54,0.8663,-1,-1,-1
475,-1,1013.42,226.04,10.58,23.02,0.5163,-1,-1,-1
476,-1,388.02,326.00,38.90,28.71,0.9167,-1,-1,-1
476,-1,321.81,234.89,53.41,28.25,0.9145,-1,-1,-1
476,-1,623.53,279.42,37.92,22.98,0.8938,-1,-1,-1
476,-1,379.65,211.17,26.62,26.50,0.8842,-1,-1,-1
476,-1,126.58,315.32,21.98,16.87,0.8730,-1,-1,-1
476,-1,1000.78,226.63,23.22,24.97,0.8640,-1,-1,-1
476,-1,309.25,297.82,27.25,19.20,0.8462,-1,-1,-1
477,-1,312.45,236.38,52.91,28.40,0.9168,-1,-1,-1
477,-1,379.38,327.67,38.50,29.19,0.9155,-1,-1,-1
477,-1,370.07,212.27,26.66,27.41,0.8988,-1,-1,-1
477,-1,614.89,280.84,38.55,22.68,0.8880,-1,-1,-1
477,-1,987.62,227.66,36.38,25.48,0.8802,-1,-1,-1
477,-1,115.74,317.21,22.86,17.55,0.8693,-1,-1,-1
477,-1,301.51,299.70,26.13,19.25,0.7755,-1,-1,-1
478,-1,295.38,235.74,53.89,28.29,0.9217,-1,-1,-1
478,-1,363.25,327.60,39.04,29.31,0.9179,-1,-1,-1
478,-1,353.92,211.10,26.92,27.88,0.8931,-1,-1,-1
478,-1,600.39,281.34,38.48,22.80,0.8922,-1,-1,-1
478,-1,963.77,231.01,36.86,24.62,0.8831,-1,-1,-1
478,-1,95.17,316.41,23.73,17.84,0.8575,-1,-1,-1
478,-1,285.90,299.84,25.09,18.67,0.7189,-1,-1,-1
478,-1,1009.46,205.01,14.54,14.64,0.5778,-1,-1,-1
479,-1,283.79,231.23,54.30,28.75,0.9189,-1,-1,-1
479,-1,352.26,324.31,39.53,29.43,0.9189,-1,-1,-1
479,-1,343.65,205.58,26.69,29.30,0.8855,-1,-1,-1
479,-1,592.50,280.18,36.89,22.99,0.8852,-1,-1,-1
479,-1,949.86,233.78,36.20,23.97,0.8759,-1,-1,-1
479,-1,80.41,311.50,24.36,17.88,0.8705,-1,-1,-1
479,-1,275.00,296.38,25.04,18.62,0.7977,-1,-1,-1
480,-1,347.52,323.12,40.26,29.34,0.9209,-1,-1,-1
480,-1,279.24,229.15,54.85,28.82,0.9176,-1,-1,-1
480,-1,588.29,279.17,38.10,22.95,0.8945,-1,-1,-1
480,-1,338.57,204.20,27.90,28.98,0.8897,-1,-1,-1
480,-1,944.80,234.75,35.95,23.26,0.8767,-1,-1,-1
480,-1,75.44,309.20,24.71,17.88,0.8743,-1,-1,-1
480,-1,271.32,295.04,23.49,18.01,0.7521,-1,-1,-1
481,-1,273.75,233.68,54.71,28.81,0.9201,-1,-1,-1
481,-1,342.79,327.17,39.81,29.20,0.9154,-1,-1,-1
481,-1,584.25,281.70,38.14,22.97,0.8894,-1,-1,-1
481,-1,333.84,208.55,26.95,28.81,0.8832,-1,-1,-1
481,-1,937.81,235.47,35.35,23.48,0.8777,-1,-1,-1
481,-1,70.48,315.01,25.00,17.45,0.8677,-1,-1,-1
481,-1,267.11,299.36,22.88,17.82,0.6692,-1,-1,-1
482,-1,265.04,233.80,55.57,28.90,0.9185,-1,-1,-1
482,-1,335.27,327.36,39.63,29.46,0.9126,-1,-1,-1
482,-1,578.17,282.71,36.36,22.45,0.8923,-1,-1,-1
482,-1,326.15,208.78,26.67,28.62,0.8885,-1,-1,-1
482,-1,928.90,236.94,34.78,24.40,0.8793,-1,-1,-1
482,-1,60.63,315.09,24.89,17.80,0.8644,-1,-1,-1
482,-1,259.42,299.95,22.14,17.37,0.6715,-1,-1,-1
483,-1,256.48,232.95,55.91,28.78,0.9195,-1,-1,-1
483,-1,326.99,327.16,40.41,29.50,0.9166,-1,-1,-1
483,-1,571.46,282.78,37.70,22.46,0.8897,-1,-1,-1
483,-1,318.20,208.23,26.82,28.59,0.8835,-1,-1,-1
483,-1,918.58,238.10,33.74,23.43,0.8792,-1,-1,-1
483,-1,50.49,314.37,25.37,17.99,0.8702,-1,-1,-1
483,-1,1009.33,299.48,14.67,37.30,0.7441,-1,-1,-1
483,-1,252.71,300.04,20.78,16.91,0.7138,-1,-1,-1
484,-1,246.78,232.24,56.18,29.00,0.9192,-1,-1,-1
484,-1,318.26,327.21,39.95,29.53,0.9158,-1,-1,-1
484,-1,564.25,283.01,37.58,22.40,0.8955,-1,-1,-1
484,-1,308.95,208.16,26.84,28.24,0.8911,-1,-1,-1
484,-1,996.98,298.49,27.02,39.26,0.8815,-1,-1,-1
484,-1,908.37,239.27,32.80,23.60,0.8707,-1,-1,-1
484,-1,38.53,313.74,26.07,18.41,0.8640,-1,-1,-1
484,-1,1014.73,354.13,9.27,22.48,0.3833,-1,-1,-1
484,-1,243.25,300.50,20.25,16.14,0.3520,-1,-1,-1
485,-1,233.04,230.98,58.02,29.31,0.9227,-1,-1,-1
485,-1,306.51,326.80,40.54,29.71,0.9202,-1,-1,-1
485,-1,554.17,283.11,37.35,22.59,0.8969,-1,-1,-1
485,-1,980.91,298.52,31.01,39.72,0.8921,-1,-1,-1
485,-1,296.83,207.32,27.14,28.05,0.8913,-1,-1,-1
485,-1,894.34,241.48,32.06,23.55,0.8792,-1,-1,-1
485,-1,22.19,312.19,27.28,19.09,0.8699,-1,-1,-1
485,-1,998.29,351.06,25.71,25.38,0.8682,-1,-1,-1
485,-1,1007.67,292.32,16.33,31.72,0.7821,-1,-1,-1
485,-1,232.19,300.65,18.77,15.37,0.3492,-1,-1,-1
486,-1,225.65,226.27,58.31,29.62,0.9274,-1,-1,-1
486,-1,299.22,323.36,41.31,29.98,0.9251,-1,-1,-1
486,-1,549.63,281.09,36.75,22.79,0.8954,-1,-1,-1
486,-1,288.61,202.76,29.01,28.33,0.8938,-1,-1,-1
486,-1,988.92,351.56,34.74,25.44,0.8913,-1,-1,-1
486,-1,972.41,299.91,30.33,38.19,0.8911,-1,-1,-1
486,-1,12.69,307.44,27.84,18.51,0.8775,-1,-1,-1
486,-1,887.32,241.56,32.51,22.93,0.8664,-1,-1,-1
486,-1,999.39,289.16,24.61,35.58,0.7511,-1,-1,-1
487,-1,217.11,223.52,58.95,29.39,0.9203,-1,-1,-1
487,-1,291.37,321.26,41.61,30.00,0.9180,-1,-1,-1
487,-1,989.79,294.49,34.13,30.83,0.9040,-1,-1,-1
487,-1,979.47,352.15,36.47,24.98,0.8979,-1,-1,-1
487,-1,280.89,199.99,29.22,28.56,0.8928,-1,-1,-1
487,-1,962.60,300.55,30.07,37.38,0.8868,-1,-1,-1
487,-1,545.05,280.35,35.56,22.67,0.8849,-1,-1,-1
487,-1,2.32,303.92,28.31,18.96,0.8692,-1,-1,-1
487,-1,879.31,242.12,32.39,23.93,0.8683,-1,-1,-1
488,-1,206.11,224.87,60.09,29.93,0.9222,-1,-1,-1
488,-1,281.15,323.14,42.33,30.26,0.9211,-1,-1,-1
488,-1,977.16,295.33,34.04,30.24,0.9064,-1,-1,-1
488,-1,270.63,201.52,29.20,28.28,0.8946,-1,-1,-1
488,-1,536.69,281.43,35.97,22.79,0.8894,-1,-1,-1
488,-1,951.31,301.57,28.73,36.94,0.8805,-1,-1,-1
488,-1,967.47,352.04,35.82,25.08,0.8784,-1,-1,-1
488,-1,869.46,244.00,31.25,22.38,0.8732,-1,-1,-1
488,-1,0.00,306.12,18.33,19.42,0.8645,-1,-1,-1
489,-1,268.39,325.05,42.47,30.70,0.9235,-1,-1,-1
489,-1,191.42,226.95,60.54,29.82,0.9223,-1,-1,-1
489,-1,960.37,295.57,32.85,30.23,0.9008,-1,-1,-1
489,-1,256.75,203.67,29.75,28.34,0.8958,-1,-1,-1
489,-1,526.93,283.29,36.15,22.59,0.8895,-1,-1,-1
489,-1,935.22,301.65,27.90,36.73,0.8808,-1,-1,-1
489,-1,951.39,351.95,34.57,24.60,0.8731,-1,-1,-1
489,-1,854.46,245.31,30.65,22.37,0.8728,-1,-1,-1
490,-1,248.56,323.23,44.22,30.82,0.9225,-1,-1,-1
490,-1,169.24,222.47,62.64,30.37,0.9211,-1,-1,-1
490,-1,936.56,298.59,31.68,29.12,0.8941,-1,-1,-1
490,-1,237.97,198.74,29.71,29.56,0.8928,-1,-1,-1
490,-1,512.54,282.56,34.04,22.87,0.8847,-1,-1,-1
490,-1,927.50,353.08,33.83,24.33,0.8773,-1,-1,-1
490,-1,912.42,304.67,26.84,35.38,0.8729,-1,-1,-1
490,-1,834.31,247.70,29.75,22.79,0.8654,-1,-1,-1
491,-1,158.79,217.55,63.80,30.72,0.9230,-1,-1,-1
491,-1,239.14,319.57,44.89,30.99,0.9219,-1,-1,-1
491,-1,926.69,298.93,30.75,29.39,0.9007,-1,-1,-1
491,-1,228.40,193.83,30.53,30.36,0.8885,-1,-1,-1
491,-1,917.51,353.56,32.92,23.82,0.8880,-1,-1,-1
491,-1,505.43,280.51,34.95,23.03,0.8851,-1,-1,-1
491,-1,826.28,247.90,29.47,22.31,0.8626,-1,-1,-1
491,-1,902.84,304.73,26.50,36.53,0.8607,-1,-1,-1
492,-1,230.11,320.62,44.51,31.49,0.9217,-1,-1,-1
492,-1,148.94,218.42,63.94,30.80,0.9212,-1,-1,-1
492,-1,218.00,194.42,31.95,30.60,0.8903,-1,-1,-1
492,-1,916.81,299.99,30.37,28.63,0.8899,-1,-1,-1
492,-1,499.06,281.46,35.02,22.95,0.8849,-1,-1,-1
492,-1,907.57,354.06,32.58,23.37,0.8836,-1,-1,-1
492,-1,817.34,249.14,28.92,21.45,0.8697,-1,-1,-1
492,-1,893.25,305.51,26.22,36.34,0.8642,-1,-1,-1
493,-1,133.58,219.06,65.54,30.92,0.9247,-1,-1,-1
493,-1,216.52,322.22,45.82,31.70,0.9247,-1,-1,-1
493,-1,205.01,195.09,31.58,30.39,0.9008,-1,-1,-1
493,-1,489.06,282.78,35.00,22.78,0.8980,-1,-1,-1
493,-1,903.12,301.09,29.08,27.83,0.8950,-1,-1,-1
493,-1,894.11,354.51,31.74,22.63,0.8808,-1,-1,-1
493,-1,879.84,305.84,25.14,35.90,0.8594,-1,-1,-1
493,-1,805.46,250.59,29.02,21.79,0.8560,-1,-1,-1
494,-1,113.87,214.65,68.15,31.44,0.9249,-1,-1,-1
494,-1,199.75,319.77,46.36,32.18,0.9230,-1,-1,-1
494,-1,187.94,190.55,32.27,31.08,0.8944,-1,-1,-1
494,-1,477.25,281.52,35.64,23.28,0.8941,-1,-1,-1
494,-1,877.19,354.94,30.29,22.47,0.8844,-1,-1,-1
494,-1,885.97,302.98,28.31,27.10,0.8805,-1,-1,-1
494,-1,790.71,252.00,28.17,21.57,0.8694,-1,-1,-1
494,-1,863.21,307.49,24.55,35.07,0.8560,-1,-1,-1
495,-1,103.29,212.36,68.44,31.89,0.9293,-1,-1,-1
495,-1,191.05,318.66,46.47,32.25,0.9264,-1,-1,-1
495,-1,178.31,188.12,32.71,32.04,0.9039,-1,-1,-1
495,-1,471.82,281.02,35.04,23.05,0.8910,-1,-1,-1
495,-1,868.26,355.08,30.35,22.36,0.8850,-1,-1,-1
495,-1,877.02,303.29,28.04,27.17,0.8783,-1,-1,-1
495,-1,783.01,252.23,29.96,22.31,0.8526,-1,-1,-1
495,-1,855.06,307.95,24.38,34.76,0.8508,-1,-1,-1
496,-1,90.80,212.28,69.55,32.03,0.9282,-1,-1,-1
496,-1,180.04,319.29,47.43,32.36,0.9255,-1,-1,-1
496,-1,166.52,187.95,33.93,32.58,0.9048,-1,-1,-1
496,-1,464.56,281.56,34.64,23.10,0.8924,-1,-1,-1
496,-1,866.45,303.49,27.92,27.13,0.8860,-1,-1,-1
496,-1,858.29,355.44,29.65,22.03,0.8797,-1,-1,-1
496,-1,844.92,308.52,24.27,34.96,0.8714,-1,-1,-1
496,-1,774.53,253.11,28.19,21.81,0.8637,-1,-1,-1
497,-1,76.73,209.97,72.89,32.13,0.9252,-1,-1,-1
497,-1,168.44,318.20,48.98,32.65,0.9235,-1,-1,-1
497,-1,154.75,185.43,35.01,32.95,0.9003,-1,-1,-1
497,-1,856.84,303.47,27.15,27.40,0.8937,-1,-1,-1
497,-1,457.58,281.09,34.57,23.22,0.8873,-1,-1,-1
497,-1,849.12,355.16,28.64,22.07,0.8744,-1,-1,-1
497,-1,835.59,308.86,23.27,34.17,0.8631,-1,-1,-1
497,-1,766.21,253.51,26.48,21.32,0.8481,-1,-1,-1
498,-1,68.13,209.06,72.91,32.55,0.9253,-1,-1,-1
498,-1,160.35,318.26,49.39,32.64,0.9234,-1,-1,-1
498,-1,146.31,185.06,35.50,32.55,0.9049,-1,-1,-1
498,-1,849.66,303.94,27.06,27.39,0.8911,-1,-1,-1
498,-1,451.64,281.17,35.11,23.34,0.8874,-1,-1,-1
498,-1,841.91,355.60,28.73,21.78,0.8828,-1,-1,-1
498,-1,828.80,309.55,23.22,34.40,0.8672,-1,-1,-1
498,-1,759.88,253.76,27.13,22.37,0.8513,-1,-1,-1
499,-1,150.32,317.55,49.27,33.08,0.9263,-1,-1,-1
499,-1,56.73,207.25,72.82,32.84,0.9260,-1,-1,-1
499,-1,135.87,182.66,35.74,33.60,0.9006,-1,-1,-1
499,-1,444.68,280.79,35.27,23.46,0.8931,-1,-1,-1
499,-1,840.70,304.05,26.46,27.36,0.8868,-1,-1,-1
499,-1,833.04,355.52,28.26,21.56,0.8748,-1,-1,-1
499,-1,820.28,309.56,22.46,33.81,0.8640,-1,-1,-1
499,-1,752.21,254.63,27.66,21.89,0.8439,-1,-1,-1
500,-1,132.89,316.25,50.89,33.88,0.9281,-1,-1,-1
500,-1,35.53,204.28,76.27,33.37,0.9227,-1,-1,-1
500,-1,117.23,179.86,37.64,33.28,0.9066,-1,-1,-1
500,-1,826.41,304.98,25.56,26.67,0.8898,-1,-1,-1
500,-1,434.09,280.55,34.84,23.41,0.8847,-1,-1,-1
500,-1,818.58,355.30,27.81,21.81,0.8794,-1,-1,-1
500,-1,806.29,310.20,21.77,33.13,0.8549,-1,-1,-1
500,-1,739.17,255.65,25.69,20.63,0.8485,-1,-1,-1
500,-1,155.55,260.56,16.61,16.81,0.2611,-1,-1,-1
501,-1,119.41,315.68,52.17,34.18,0.9308,-1,-1,-1
501,-1,19.03,201.72,78.89,33.76,0.9250,-1,-1,-1
501,-1,103.84,177.11,38.22,34.53,0.9036,-1,-1,-1
501,-1,425.24,280.12,35.31,23.55,0.8889,-1,-1,-1
501,-1,814.97,305.91,25.31,26.01,0.8835,-1,-1,-1
501,-1,807.84,355.29,27.01,21.55,0.8699,-1,-1,-1
501,-1,795.05,310.51,21.69,33.42,0.8585,-1,-1,-1
501,-1,729.44,256.29,26.60,21.25,0.8416,-1,-1,-1
501,-1,142.55,259.07,17.83,17.34,0.7304,-1,-1,-1
502,-1,110.46,315.14,53.13,34.39,0.9271,-1,-1,-1
502,-1,9.05,199.75,79.01,34.21,0.9253,-1,-1,-1
502,-1,94.34,175.39,39.19,34.95,0.9077,-1,-1,-1
502,-1,419.10,279.95,35.43,23.07,0.8869,-1,-1,-1
502,-1,807.50,305.52,24.78,26.32,0.8817,-1,-1,-1
502,-1,787.93,310.73,21.05,32.68,0.8587,-1,-1,-1
502,-1,800.40,354.77,26.88,21.76,0.8534,-1,-1,-1
502,-1,722.54,256.80,25.38,20.61,0.8452,-1,-1,-1
502,-1,133.66,257.99,16.94,17.00,0.7340,-1,-1,-1
503,-1,102.55,314.33,53.52,34.94,0.9322,-1,-1,-1
503,-1,0.54,197.90,78.92,34.72,0.9286,-1,-1,-1
503,-1,85.37,173.74,40.02,34.91,0.9105,-1,-1,-1
503,-1,413.95,279.35,34.95,23.75,0.8927,-1,-1,-1
503,-1,800.52,305.79,25.12,26.09,0.8850,-1,-1,-1
503,-1,793.67,354.52,26.26,21.72,0.8703,-1,-1,-1
503,-1,781.09,310.49,21.49,33.27,0.8540,-1,-1,-1
503,-1,716.81,256.15,24.59,20.87,0.8494,-1,-1,-1
503,-1,126.02,257.11,16.60,17.01,0.7997,-1,-1,-1
504,-1,93.33,313.80,54.44,35.13,0.9327,-1,-1,-1
504,-1,0.00,196.34,70.08,34.80,0.9290,-1,-1,-1
504,-1,78.13,171.67,38.78,35.45,0.9112,-1,-1,-1
504,-1,407.34,279.47,35.73,23.44,0.8985,-1,-1,-1
504,-1,792.90,306.94,24.72,25.67,0.8805,-1,-1,-1
504,-1,785.79,355.48,26.11,21.11,0.8782,-1,-1,-1
504,-1,709.80,257.52,25.12,20.78,0.8576,-1,-1,-1
504,-1,773.73,311.33,21.40,33.13,0.8511,-1,-1,-1
504,-1,117.16,256.22,16.34,17.07,0.7112,-1,-1,-1
505,-1,0.03,194.31,61.07,35.61,0.9319,-1,-1,-1
505,-1,83.97,313.53,55.46,35.33,0.9305,-1,-1,-1
505,-1,69.01,170.01,39.90,36.12,0.9061,-1,-1,-1
505,-1,401.58,279.95,35.64,23.68,0.8872,-1,-1,-1
505,-1,785.58,309.05,24.70,25.18,0.8839,-1,-1,-1
505,-1,778.59,356.57,25.72,21.13,0.8705,-1,-1,-1
505,-1,703.13,259.82,24.01,19.92,0.8592,-1,-1,-1
505,-1,766.79,313.21,20.68,33.07,0.8506,-1,-1,-1
505,-1,108.74,255.30,16.45,17.42,0.7763,-1,-1,-1
506,-1,73.19,312.51,57.00,36.01,0.9284,-1,-1,-1
506,-1,0.07,192.33,49.79,35.76,0.9249,-1,-1,-1
506,-1,57.46,167.98,40.37,36.35,0.9076,-1,-1,-1
506,-1,394.75,278.83,36.09,23.96,0.8893,-1,-1,-1
506,-1,778.17,307.41,23.83,26.23,0.8807,-1,-1,-1
506,-1,770.52,356.32,25.68,20.35,0.8775,-1,-1,-1
506,-1,696.41,259.11,23.56,21.18,0.8564,-1,-1,-1
506,-1,759.02,312.39,20.27,33.09,0.8434,-1,-1,-1
506,-1,98.49,253.97,17.19,17.80,0.7765,-1,-1,-1
507,-1,61.98,311.92,57.09,36.22,0.9317,-1,-1,-1
507,-1,0.00,190.14,37.50,36.16,0.9185,-1,-1,-1
507,-1,45.08,166.03,41.25,36.46,0.9126,-1,-1,-1
507,-1,387.56,278.81,35.87,23.92,0.8923,-1,-1,-1
507,-1,762.40,356.48,25.21,20.30,0.8832,-1,-1,-1
507,-1,769.77,307.94,23.51,25.91,0.8725,-1,-1,-1
507,-1,688.68,259.72,24.60,21.46,0.8557,-1,-1,-1
507,-1,750.72,313.04,20.46,33.07,0.8488,-1,-1,-1
507,-1,86.96,252.84,18.39,18.15,0.8278,-1,-1,-1
508,-1,51.58,311.24,58.91,36.35,0.9402,-1,-1,-1
508,-1,33.06,163.61,43.70,37.25,0.9099,-1,-1,-1
508,-1,381.08,277.44,36.99,23.96,0.9024,-1,-1,-1
508,-1,763.13,306.40,23.35,25.27,0.8826,-1,-1,-1
508,-1,0.00,186.93,26.82,38.68,0.8775,-1,-1,-1
508,-1,756.45,354.69,24.73,20.30,0.8738,-1,-1,-1
508,-1,682.69,257.29,24.38,21.50,0.8526,-1,-1,-1
508,-1,744.73,311.10,19.73,31.81,0.8343,-1,-1,-1
508,-1,77.59,251.63,18.46,18.24,0.7857,-1,-1,-1
509,-1,42.50,310.63,59.53,36.55,0.9285,-1,-1,-1
509,-1,22.87,161.74,44.85,36.99,0.9130,-1,-1,-1
509,-1,375.38,277.42,36.40,23.67,0.9006,-1,-1,-1
509,-1,756.82,306.33,23.02,25.27,0.8742,-1,-1,-1
509,-1,676.56,258.02,23.51,20.47,0.8611,-1,-1,-1
509,-1,750.51,354.37,24.28,20.29,0.8540,-1,-1,-1
509,-1,738.11,311.59,19.60,31.26,0.8424,-1,-1,-1
509,-1,68.71,250.27,18.27,18.71,0.6869,-1,-1,-1
509,-1,0.00,185.54,17.10,39.54,0.4263,-1,-1,-1
510,-1,32.30,309.58,61.39,37.43,0.9343,-1,-1,-1
510,-1,13.31,159.07,45.24,37.99,0.9145,-1,-1,-1
510,-1,369.42,276.85,37.12,23.96,0.9038,-1,-1,-1
510,-1,750.50,306.65,22.62,24.97,0.8705,-1,-1,-1
510,-1,743.76,354.40,24.37,20.16,0.8643,-1,-1,-1
510,-1,732.09,311.67,19.63,30.96,0.8629,-1,-1,-1
510,-1,670.96,258.50,24.00,19.75,0.8562,-1,-1,-1
510,-1,59.27,249.26,17.65,18.92,0.8400,-1,-1,-1
511,-1,26.60,306.47,61.47,37.26,0.9295,-1,-1,-1
511,-1,9.87,154.53,45.65,39.38,0.9064,-1,-1,-1
511,-1,367.23,278.32,36.40,24.40,0.9000,-1,-1,-1
511,-1,746.15,315.45,22.16,24.54,0.8724,-1,-1,-1
511,-1,667.52,265.29,24.12,20.57,0.8532,-1,-1,-1
511,-1,738.01,361.92,24.84,20.42,0.8475,-1,-1,-1
511,-1,54.52,244.86,19.56,18.94,0.8461,-1,-1,-1
511,-1,727.80,319.37,19.92,30.72,0.8428,-1,-1,-1
512,-1,21.54,300.19,61.09,37.36,0.9336,-1,-1,-1
512,-1,8.97,147.89,43.86,39.72,0.9100,-1,-1,-1
512,-1,366.28,276.54,36.71,24.53,0.9064,-1,-1,-1
512,-1,743.83,320.31,22.95,24.33,0.8771,-1,-1,-1
512,-1,667.32,269.14,24.03,20.56,0.8768,-1,-1,-1
512,-1,52.05,237.64,21.25,18.22,0.8620,-1,-1,-1
512,-1,736.21,367.13,23.96,19.78,0.8489,-1,-1,-1
512,-1,725.56,324.09,20.46,30.65,0.8379,-1,-1,-1
512,-1,45.71,356.29,20.79,14.86,0.7817,-1,-1,-1
513,-1,12.60,299.70,61.33,37.86,0.9316,-1,-1,-1
513,-1,362.95,276.44,36.69,24.45,0.9109,-1,-1,-1
513,-1,0.11,147.45,43.97,39.83,0.9023,-1,-1,-1
513,-1,740.43,319.61,23.04,25.55,0.8674,-1,-1,-1
513,-1,663.86,268.88,24.18,20.38,0.8542,-1,-1,-1
513,-1,722.76,324.61,20.25,29.18,0.8529,-1,-1,-1
513,-1,733.48,366.63,23.99,20.39,0.8518,-1,-1,-1
513,-1,45.57,237.62,24.44,17.83,0.8200,-1,-1,-1
513,-1,37.80,355.23,26.47,16.13,0.8125,-1,-1,-1
514,-1,0.47,306.25,61.67,37.66,0.9309,-1,-1,-1
514,-1,357.00,278.41,37.21,24.56,0.8995,-1,-1,-1
514,-1,26.91,363.15,33.06,15.69,0.8774,-1,-1,-1
514,-1,735.50,315.46,22.46,25.11,0.8750,-1,-1,-1
514,-1,0.00,151.41,29.49,42.46,0.8730,-1,-1,-1
514,-1,729.34,362.08,24.21,20.44,0.8697,-1,-1,-1
514,-1,38.92,244.63,26.65,17.97,0.8528,-1,-1,-1
514,-1,718.07,319.99,18.90,30.60,0.8369,-1,-1,-1
514,-1,658.24,265.56,23.78,19.92,0.8346,-1,-1,-1
515,-1,0.08,311.62,48.98,37.31,0.9248,-1,-1,-1
515,-1,351.66,277.51,37.47,24.27,0.9020,-1,-1,-1
515,-1,16.33,369.10,40.15,16.05,0.8932,-1,-1,-1
515,-1,730.92,307.66,22.28,24.66,0.8834,-1,-1,-1
515,-1,652.39,258.72,23.76,20.52,0.8643,-1,-1,-1
515,-1,726.19,354.36,23.56,20.84,0.8559,-1,-1,-1
515,-1,713.95,312.59,18.25,30.42,0.8524,-1,-1,-1
515,-1,31.71,250.02,26.91,17.65,0.8511,-1,-1,-1
515,-1,0.00,162.74,13.39,36.02,0.6477,-1,-1,-1
516,-1,0.00,311.26,40.14,37.56,0.9089,-1,-1,-1
516,-1,348.23,277.92,37.77,23.93,0.9015,-1,-1,-1
516,-1,8.14,369.22,46.03,15.99,0.8940,-1,-1,-1
516,-1,727.41,307.58,22.32,25.07,0.8723,-1,-1,-1
516,-1,722.66,354.42,24.06,21.18,0.8659,-1,-1,-1
516,-1,649.43,259.39,23.65,20.31,0.8430,-1,-1,-1
516,-1,710.90,312.13,18.11,31.56,0.8072,-1,-1,-1
516,-1,28.88,250.31,25.72,16.15,0.5991,-1,-1,-1
517,-1,345.09,277.87,37.80,24.30,0.9043,-1,-1,-1
517,-1,0.00,312.78,32.76,36.27,0.8989,-1,-1,-1
517,-1,3.83,369.27,47.41,15.97,0.8930,-1,-1,-1
517,-1,720.57,355.91,23.43,19.87,0.8666,-1,-1,-1
517,-1,646.95,259.96,23.04,19.77,0.8642,-1,-1,-1
517,-1,724.81,308.64,22.39,24.48,0.8566,-1,-1,-1
517,-1,708.46,312.32,18.19,32.17,0.8160,-1,-1,-1
517,-1,26.49,250.22,24.99,15.60,0.3195,-1,-1,-1
518,-1,1.99,369.15,46.46,15.90,0.8981,-1,-1,-1
518,-1,342.90,278.14,36.61,24.27,0.8946,-1,-1,-1
518,-1,0.05,312.57,24.07,36.50,0.8795,-1,-1,-1
518,-1,722.17,308.72,21.94,24.93,0.8764,-1,-1,-1
518,-1,643.26,260.35,24.50,19.41,0.8747,-1,-1,-1
518,-1,717.79,355.84,23.87,20.74,0.8718,-1,-1,-1
518,-1,705.77,313.11,17.75,31.03,0.8360,-1,-1,-1
519,-1,340.02,278.21,37.37,23.74,0.8998,-1,-1,-1
519,-1,0.38,368.95,46.57,15.82,0.8968,-1,-1,-1
519,-1,714.73,356.28,23.91,20.15,0.8761,-1,-1,-1
519,-1,719.09,309.65,22.23,24.56,0.8715,-1,-1,-1
519,-1,641.21,260.77,24.31,19.65,0.8542,-1,-1,-1
519,-1,702.98,313.73,17.32,32.38,0.8104,-1,-1,-1
519,-1,0.00,313.01,16.16,33.66,0.7701,-1,-1,-1
519,-1,1003.77,277.70,20.23,28.26,0.2700,-1,-1,-1
520,-1,337.49,278.55,36.68,24.19,0.9006,-1,-1,-1
520,-1,0.11,369.27,44.13,15.75,0.8900,-1,-1,-1
520,-1,712.55,356.60,23.43,20.21,0.8691,-1,-1,-1
520,-1,638.43,261.33,24.77,19.44,0.8574,-1,-1,-1
520,-1,716.12,309.68,22.41,24.62,0.8489,-1,-1,-1
520,-1,700.68,313.60,17.78,31.35,0.8394,-1,-1,-1
520,-1,0.00,318.04,7.63,27.73,0.3388,-1,-1,-1
521,-1,0.00,369.76,42.12,15.70,0.8937,-1,-1,-1
521,-1,334.95,278.93,36.11,23.99,0.8899,-1,-1,-1
521,-1,635.59,261.54,24.43,19.23,0.8763,-1,-1,-1
521,-1,713.34,310.23,21.99,23.75,0.8692,-1,-1,-1
521,-1,709.94,356.34,23.99,20.16,0.8623,-1,-1,-1
521,-1,697.98,314.22,16.76,30.35,0.7799,-1,-1,-1
521,-1,51.37,264.15,18.15,12.94,0.7476,-1,-1,-1
521,-1,1008.83,328.75,15.17,45.08,0.3800,-1,-1,-1
521,-1,1008.92,328.92,15.08,45.29,0.3758,-1,-1,-1
522,-1,0.00,369.94,39.54,15.79,0.8932,-1,-1,-1
522,-1,331.66,279.11,37.10,23.96,0.8918,-1,-1,-1
522,-1,706.70,356.54,23.88,20.01,0.8825,-1,-1,-1
522,-1,710.66,310.08,21.82,24.20,0.8629,-1,-1,-1
522,-1,632.74,261.84,24.62,18.93,0.8513,-1,-1,-1
522,-1,1000.79,321.46,23.21,53.45,0.8038,-1,-1,-1
522,-1,695.38,314.62,16.57,31.00,0.7816,-1,-1,-1
522,-1,48.85,263.74,18.49,13.54,0.7118,-1,-1,-1
523,-1,328.80,279.27,37.09,24.06,0.8969,-1,-1,-1
523,-1,0.00,370.06,37.46,15.52,0.8923,-1,-1,-1
523,-1,994.14,321.71,29.86,55.41,0.8722,-1,-1,-1
523,-1,704.66,356.89,23.33,20.07,0.8693,-1,-1,-1
523,-1,707.30,309.92,22.21,24.46,0.8678,-1,-1,-1
523,-1,629.42,261.43,25.31,19.32,0.8628,-1,-1,-1
523,-1,693.10,314.06,16.37,30.94,0.7235,-1,-1,-1
523,-1,46.40,264.00,18.37,13.32,0.7151,-1,-1,-1
524,-1,326.02,279.36,37.18,23.88,0.8951,-1,-1,-1
524,-1,0.02,370.04,34.75,15.68,0.8871,-1,-1,-1
524,-1,627.34,261.31,24.30,19.91,0.8796,-1,-1,-1
524,-1,704.73,310.09,22.03,24.20,0.8674,-1,-1,-1
524,-1,702.15,356.51,23.80,20.58,0.8601,-1,-1,-1
524,-1,986.51,323.28,37.49,55.00,0.8387,-1,-1,-1
524,-1,44.58,263.99,18.39,13.22,0.6711,-1,-1,-1
524,-1,690.08,314.84,16.13,29.95,0.6489,-1,-1,-1
525,-1,323.36,279.03,36.76,24.06,0.8991,-1,-1,-1
525,-1,0.05,369.92,32.94,15.37,0.8868,-1,-1,-1
525,-1,699.10,356.71,23.29,20.31,0.8821,-1,-1,-1
525,-1,980.43,325.07,43.57,53.07,0.8765,-1,-1,-1
525,-1,701.69,310.01,22.42,24.43,0.8702,-1,-1,-1
525,-1,624.31,261.68,25.19,19.56,0.8624,-1,-1,-1
525,-1,687.56,314.37,16.46,31.81,0.7774,-1,-1,-1
525,-1,32.43,261.87,27.53,15.01,0.7136,-1,-1,-1
526,-1,320.34,278.93,36.45,23.93,0.8959,-1,-1,-1
526,-1,0.05,369.50,30.31,15.63,0.8809,-1,-1,-1
526,-1,697.07,357.02,22.89,20.20,0.8696,-1,-1,-1
526,-1,698.82,310.39,21.80,24.14,0.8640,-1,-1,-1
526,-1,621.66,261.17,25.04,19.82,0.8554,-1,-1,-1
526,-1,685.08,314.44,16.77,31.30,0.7662,-1,-1,-1
526,-1,973.37,325.55,44.21,52.92,0.7138,-1,-1,-1
526,-1,29.16,259.33,29.14,17.08,0.6838,-1,-1,-1
527,-1,318.29,278.67,35.41,23.88,0.8958,-1,-1,-1
527,-1,0.04,368.77,28.37,15.77,0.8827,-1,-1,-1
527,-1,618.91,261.30,25.42,19.88,0.8769,-1,-1,-1
527,-1,695.48,310.40,22.42,24.15,0.8679,-1,-1,-1
527,-1,694.84,356.48,22.73,20.65,0.8627,-1,-1,-1
527,-1,682.37,314.81,15.74,30.49,0.5430,-1,-1,-1
527,-1,26.94,258.77,28.86,16.98,0.5165,-1,-1,-1
527,-1,965.23,325.27,58.77,53.51,0.4926,-1,-1,-1
528,-1,314.66,278.29,36.57,24.11,0.8960,-1,-1,-1
528,-1,691.48,356.24,23.21,20.71,0.8860,-1,-1,-1
528,-1,0.03,368.89,25.31,15.04,0.8760,-1,-1,-1
528,-1,615.63,261.37,25.13,19.52,0.8569,-1,-1,-1
528,-1,692.96,310.39,22.01,23.84,0.8491,-1,-1,-1
528,-1,679.71,314.20,16.27,30.94,0.7207,-1,-1,-1
528,-1,23.31,258.24,30.70,17.13,0.4561,-1,-1,-1
529,-1,312.18,277.97,36.82,24.11,0.8991,-1,-1,-1
529,-1,690.08,310.29,22.03,23.94,0.8715,-1,-1,-1
529,-1,689.24,356.33,23.04,20.42,0.8639,-1,-1,-1
529,-1,613.25,261.01,25.95,19.49,0.8610,-1,-1,-1
529,-1,0.07,367.83,22.92,15.50,0.8436,-1,-1,-1
529,-1,677.44,313.41,16.43,31.86,0.6247,-1,-1,-1
530,-1,309.58,277.56,35.44,23.85,0.9003,-1,-1,-1
530,-1,687.51,310.25,21.64,24.04,0.8731,-1,-1,-1
530,-1,610.54,260.95,25.58,19.35,0.8628,-1,-1,-1
530,-1,686.58,355.94,23.67,20.97,0.8602,-1,-1,-1
530,-1,0.08,367.18,20.71,15.77,0.7305,-1,-1,-1
530,-1,0.71,248.63,20.38,17.86,0.4570,-1,-1,-1
530,-1,674.22,313.35,16.49,32.02,0.4401,-1,-1,-1
531,-1,306.27,277.10,35.96,23.64,0.9071,-1,-1,-1
531,-1,683.67,356.07,23.58,20.61,0.8873,-1,-1,-1
531,-1,607.81,260.39,26.09,19.92,0.8583,-1,-1,-1
531,-1,684.12,310.44,21.96,23.18,0.8505,-1,-1,-1
531,-1,0.00,247.66,18.05,18.85,0.8024,-1,-1,-1
531,-1,671.79,314.03,15.77,30.94,0.5606,-1,-1,-1
531,-1,20.35,257.28,26.64,16.27,0.5562,-1,-1,-1
531,-1,0.01,366.86,18.80,15.49,0.5190,-1,-1,-1
531,-1,0.00,366.79,18.77,15.53,0.3276,-1,-1,-1
532,-1,303.89,276.61,35.35,23.81,0.9030,-1,-1,-1
532,-1,681.56,309.82,22.24,23.48,0.8731,-1,-1,-1
532,-1,605.74,260.35,25.46,19.67,0.8690,-1,-1,-1
532,-1,681.65,355.75,22.98,20.78,0.8645,-1,-1,-1
532,-1,15.03,255.59,29.17,17.30,0.7866,-1,-1,-1
532,-1,0.00,246.33,15.74,19.35,0.7138,-1,-1,-1
532,-1,0.03,366.44,16.27,15.49,0.6105,-1,-1,-1
532,-1,669.68,313.75,16.05,30.95,0.5756,-1,-1,-1
533,-1,301.80,276.39,34.50,23.49,0.8969,-1,-1,-1
533,-1,679.03,309.39,21.48,24.06,0.8739,-1,-1,-1
533,-1,679.07,356.14,23.38,20.29,0.8551,-1,-1,-1
533,-1,602.08,260.39,26.86,19.59,0.8417,-1,-1,-1
533,-1,11.53,254.57,30.95,17.60,0.8001,-1,-1,-1
533,-1,0.00,245.66,13.14,20.55,0.5554,-1,-1,-1
533,-1,666.26,313.08,16.50,31.57,0.3295,-1,-1,-1
533,-1,0.02,365.42,13.94,15.84,0.3058,-1,-1,-1
534,-1,298.16,276.47,35.04,23.42,0.9012,-1,-1,-1
534,-1,676.10,355.27,23.45,20.73,0.8855,-1,-1,-1
534,-1,675.39,309.67,21.90,23.28,0.8726,-1,-1,-1
534,-1,598.92,259.68,26.46,20.38,0.8557,-1,-1,-1
534,-1,11.50,255.53,28.21,16.91,0.7564,-1,-1,-1
534,-1,664.05,312.88,15.27,30.49,0.3260,-1,-1,-1
535,-1,295.56,276.41,35.08,23.56,0.8958,-1,-1,-1
535,-1,596.32,259.52,25.48,19.58,0.8680,-1,-1,-1
535,-1,672.66,308.88,21.54,23.29,0.8652,-1,-1,-1
535,-1,673.69,354.48,23.68,20.89,0.8544,-1,-1,-1
535,-1,8.43,256.54,28.29,16.55,0.5884,-1,-1,-1
535,-1,660.94,312.85,15.98,30.39,0.4947,-1,-1,-1
535,-1,1016.04,388.04,7.96,43.75,0.2989,-1,-1,-1
536,-1,292.05,276.42,35.37,23.73,0.9003,-1,-1,-1
536,-1,669.34,308.67,22.03,23.49,0.8665,-1,-1,-1
536,-1,671.18,354.36,23.46,20.77,0.8568,-1,-1,-1
536,-1,593.15,259.45,26.50,19.41,0.8522,-1,-1,-1
536,-1,4.35,257.07,30.05,16.51,0.6672,-1,-1,-1
536,-1,1007.49,374.84,16.51,58.45,0.6373,-1,-1,-1
536,-1,658.09,312.75,15.73,30.08,0.4051,-1,-1,-1
537,-1,289.09,276.41,35.57,24.11,0.9061,-1,-1,-1
537,-1,668.00,353.99,23.72,21.47,0.8795,-1,-1,-1
537,-1,666.19,308.49,21.51,23.31,0.8724,-1,-1,-1
537,-1,590.49,259.21,26.23,19.53,0.8484,-1,-1,-1
537,-1,999.18,375.04,24.82,60.90,0.7951,-1,-1,-1
537,-1,655.93,311.91,15.11,30.71,0.3517,-1,-1,-1
538,-1,286.75,276.66,34.94,24.07,0.9047,-1,-1,-1
538,-1,990.84,375.08,33.16,57.89,0.8873,-1,-1,-1
538,-1,663.19,308.40,21.74,23.05,0.8754,-1,-1,-1
538,-1,665.56,354.14,23.91,20.44,0.8660,-1,-1,-1
538,-1,587.92,258.99,26.57,19.54,0.8555,-1,-1,-1
538,-1,0.02,257.22,29.53,17.56,0.7034,-1,-1,-1
538,-1,699.55,287.30,19.85,19.52,0.6020,-1,-1,-1
539,-1,982.18,374.71,41.67,56.81,0.9110,-1,-1,-1
539,-1,282.75,277.27,35.79,23.92,0.9041,-1,-1,-1
539,-1,660.25,307.96,21.53,23.35,0.8657,-1,-1,-1
539,-1,662.96,353.92,23.65,20.79,0.8616,-1,-1,-1
539,-1,584.98,259.24,25.69,19.21,0.8440,-1,-1,-1
539,-1,0.00,257.24,26.45,18.04,0.5808,-1,-1,-1
539,-1,696.72,287.18,20.53,19.42,0.3223,-1,-1,-1
539,-1,985.25,225.72,35.89,17.96,0.3072,-1,-1,-1
539,-1,650.18,314.54,14.45,27.59,0.2972,-1,-1,-1
540,-1,973.68,374.38,50.23,56.94,0.9167,-1,-1,-1
540,-1,280.57,277.66,34.98,23.78,0.8996,-1,-1,-1
540,-1,660.12,353.90,23.59,21.13,0.8676,-1,-1,-1
540,-1,657.18,307.72,21.91,23.40,0.8668,-1,-1,-1
540,-1,581.70,259.26,26.10,19.14,0.8471,-1,-1,-1
540,-1,694.40,286.92,19.95,19.78,0.6945,-1,-1,-1
540,-1,0.00,257.66,24.17,18.10,0.4621,-1,-1,-1
541,-1,964.88,374.36,59.04,56.98,0.9299,-1,-1,-1
541,-1,278.18,277.84,34.85,23.87,0.9001,-1,-1,-1
541,-1,654.36,308.02,21.31,23.45,0.8696,-1,-1,-1
541,-1,579.02,259.17,25.24,19.55,0.8616,-1,-1,-1
541,-1,657.56,354.02,23.68,20.69,0.8517,-1,-1,-1
541,-1,692.01,286.81,20.13,20.16,0.8025,-1,-1,-1
541,-1,0.52,260.85,22.10,15.31,0.3488,-1,-1,-1
541,-1,1004.30,261.23,19.70,28.36,0.2536,-1,-1,-1
542,-1,956.11,374.53,67.89,56.99,0.9328,-1,-1,-1
542,-1,274.00,278.20,35.88,23.69,0.8979,-1,-1,-1
542,-1,651.18,308.55,21.25,23.30,0.8686,-1,-1,-1
542,-1,655.25,354.70,23.31,20.38,0.8551,-1,-1,-1
542,-1,575.93,259.56,26.02,19.43,0.8469,-1,-1,-1
542,-1,995.92,262.69,28.08,26.89,0.7993,-1,-1,-1
542,-1,0.15,262.98,19.30,13.61,0.6241,-1,-1,-1
542,-1,689.42,287.07,20.51,20.12,0.3472,-1,-1,-1
543,-1,947.36,374.78,76.64,58.00,0.9376,-1,-1,-1
543,-1,272.41,278.37,34.38,23.80,0.8923,-1,-1,-1
543,-1,988.53,262.73,35.47,27.10,0.8905,-1,-1,-1
543,-1,652.42,354.73,23.55,20.94,0.8759,-1,-1,-1
543,-1,648.32,308.40,21.33,23.53,0.8700,-1,-1,-1
543,-1,572.78,260.29,27.56,19.14,0.8508,-1,-1,-1
543,-1,686.96,287.38,20.62,20.02,0.7263,-1,-1,-1
543,-1,0.02,263.02,17.47,13.70,0.5331,-1,-1,-1
544,-1,939.18,375.26,84.82,58.35,0.9434,-1,-1,-1
544,-1,980.75,262.96,43.25,27.25,0.9045,-1,-1,-1
544,-1,269.75,278.48,34.57,23.51,0.8997,-1,-1,-1
544,-1,649.74,354.46,23.59,21.09,0.8668,-1,-1,-1
544,-1,645.05,308.49,21.64,23.69,0.8531,-1,-1,-1
544,-1,570.21,260.44,26.15,19.16,0.8482,-1,-1,-1
544,-1,0.00,262.85,15.22,14.25,0.6477,-1,-1,-1
545,-1,930.60,375.81,90.08,58.32,0.9448,-1,-1,-1
545,-1,974.32,263.43,49.68,27.63,0.9071,-1,-1,-1
545,-1,266.02,278.72,35.35,23.58,0.8947,-1,-1,-1
545,-1,643.03,309.40,20.37,23.34,0.8656,-1,-1,-1
545,-1,647.27,355.12,23.50,21.04,0.8606,-1,-1,-1
545,-1,567.63,261.12,26.98,18.75,0.8600,-1,-1,-1
545,-1,1004.43,109.60,19.57,47.37,0.7474,-1,-1,-1
545,-1,0.01,262.08,13.65,15.05,0.6023,-1,-1,-1
546,-1,922.73,376.61,89.84,58.16,0.9454,-1,-1,-1
546,-1,968.70,264.17,55.30,27.55,0.9060,-1,-1,-1
546,-1,264.08,278.81,34.16,23.68,0.8920,-1,-1,-1
546,-1,644.42,355.42,23.70,21.30,0.8812,-1,-1,-1
546,-1,639.71,309.94,21.23,23.25,0.8644,-1,-1,-1
546,-1,564.84,261.52,26.75,18.79,0.8596,-1,-1,-1
546,-1,994.03,110.53,29.97,49.22,0.7981,-1,-1,-1
546,-1,0.00,260.53,11.56,16.32,0.4344,-1,-1,-1
546,-1,307.89,300.91,23.56,16.63,0.3146,-1,-1,-1
547,-1,914.80,377.28,89.77,58.05,0.9433,-1,-1,-1
547,-1,963.45,265.06,60.55,27.58,0.9151,-1,-1,-1
547,-1,261.66,278.91,32.95,23.46,0.8937,-1,-1,-1
547,-1,987.71,111.26,36.29,48.05,0.8804,-1,-1,-1
547,-1,641.92,355.58,23.54,21.08,0.8659,-1,-1,-1
547,-1,636.62,309.89,21.37,24.31,0.8564,-1,-1,-1
547,-1,562.14,261.78,24.93,18.97,0.8506,-1,-1,-1
548,-1,906.36,377.50,93.70,57.95,0.9456,-1,-1,-1
548,-1,958.50,265.10,65.50,27.45,0.9183,-1,-1,-1
548,-1,977.53,111.36,46.47,47.30,0.9137,-1,-1,-1
548,-1,258.18,278.79,34.46,23.90,0.8904,-1,-1,-1
548,-1,559.72,261.72,27.41,18.97,0.8625,-1,-1,-1
548,-1,633.21,310.23,21.95,23.76,0.8600,-1,-1,-1
548,-1,639.45,355.96,23.18,21.02,0.8531,-1,-1,-1
548,-1,984.75,229.51,17.52,18.88,0.4935,-1,-1,-1
549,-1,897.68,377.50,91.07,58.18,0.9432,-1,-1,-1
549,-1,969.13,111.31,50.49,48.18,0.9205,-1,-1,-1
549,-1,956.18,265.20,67.82,27.48,0.9127,-1,-1,-1
549,-1,256.26,279.28,33.08,23.80,0.8920,-1,-1,-1
549,-1,636.60,356.46,23.39,20.81,0.8833,-1,-1,-1
549,-1,556.45,261.90,27.44,18.92,0.8639,-1,-1,-1
549,-1,630.86,310.76,21.95,23.60,0.8608,-1,-1,-1
549,-1,976.16,227.07,23.56,21.67,0.7942,-1,-1,-1
549,-1,1012.53,324.52,11.47,14.18,0.5265,-1,-1,-1
550,-1,888.98,377.86,92.29,57.73,0.9439,-1,-1,-1
550,-1,959.94,111.49,50.49,48.10,0.9210,-1,-1,-1
550,-1,954.74,265.18,68.50,27.39,0.9201,-1,-1,-1
550,-1,253.31,279.57,33.19,23.80,0.8955,-1,-1,-1
550,-1,627.50,311.14,21.89,23.34,0.8699,-1,-1,-1
550,-1,634.14,356.04,23.04,21.01,0.8653,-1,-1,-1
550,-1,553.55,262.22,25.40,18.92,0.8549,-1,-1,-1
550,-1,1009.51,324.25,14.49,13.56,0.7739,-1,-1,-1
550,-1,966.63,226.14,30.35,23.53,0.7280,-1,-1,-1
551,-1,880.68,377.90,92.05,57.82,0.9422,-1,-1,-1
551,-1,952.81,265.19,67.50,27.43,0.9187,-1,-1,-1
551,-1,951.33,111.44,49.65,48.86,0.9171,-1,-1,-1
551,-1,250.22,279.67,33.49,23.64,0.8883,-1,-1,-1
551,-1,624.53,310.36,22.39,24.02,0.8711,-1,-1,-1
551,-1,631.47,356.40,23.39,21.11,0.8679,-1,-1,-1
551,-1,550.93,262.11,27.17,19.23,0.8639,-1,-1,-1
551,-1,1007.15,324.13,16.85,14.03,0.8253,-1,-1,-1
551,-1,959.42,227.98,34.72,19.88,0.7574,-1,-1,-1
551,-1,929.36,283.08,20.49,12.96,0.2907,-1,-1,-1
552,-1,872.22,378.14,92.73,57.81,0.9438,-1,-1,-1
552,-1,942.55,112.01,49.47,48.35,0.9205,-1,-1,-1
552,-1,949.94,265.35,67.34,27.53,0.9147,-1,-1,-1
552,-1,247.79,279.46,33.06,23.73,0.8931,-1,-1,-1
552,-1,628.78,356.29,23.59,21.10,0.8852,-1,-1,-1
552,-1,622.28,311.08,22.57,23.54,0.8623,-1,-1,-1
552,-1,547.77,262.16,27.59,18.92,0.8555,-1,-1,-1
552,-1,1004.20,324.29,19.80,13.79,0.8417,-1,-1,-1
552,-1,952.32,228.68,38.05,19.49,0.8274,-1,-1,-1
553,-1,864.37,378.45,92.97,57.71,0.9480,-1,-1,-1
553,-1,947.19,265.47,67.21,27.44,0.9188,-1,-1,-1
553,-1,933.98,112.23,49.38,48.81,0.9162,-1,-1,-1
553,-1,244.87,279.22,33.27,23.94,0.8924,-1,-1,-1
553,-1,619.39,310.30,22.05,24.40,0.8718,-1,-1,-1
553,-1,626.22,356.05,23.05,21.08,0.8702,-1,-1,-1
553,-1,544.96,262.39,26.78,18.67,0.8597,-1,-1,-1
553,-1,946.10,228.60,42.22,21.87,0.8482,-1,-1,-1
553,-1,1001.61,324.47,22.39,14.04,0.8481,-1,-1,-1
553,-1,923.78,280.88,20.46,14.49,0.3656,-1,-1,-1
554,-1,855.95,378.63,93.74,57.50,0.9451,-1,-1,-1
554,-1,925.40,112.32,48.85,48.46,0.9195,-1,-1,-1
554,-1,944.93,265.65,66.59,27.39,0.9182,-1,-1,-1
554,-1,241.62,278.80,33.77,23.82,0.8908,-1,-1,-1
554,-1,998.94,324.67,23.01,13.97,0.8717,-1,-1,-1
554,-1,623.75,356.43,23.01,20.95,0.8716,-1,-1,-1
554,-1,615.25,311.02,22.97,23.40,0.8678,-1,-1,-1
554,-1,542.59,261.93,26.37,18.96,0.8568,-1,-1,-1
554,-1,944.60,229.14,41.41,20.23,0.8321,-1,-1,-1
554,-1,921.52,280.14,21.26,16.07,0.3370,-1,-1,-1
554,-1,921.56,279.66,21.27,16.70,0.2548,-1,-1,-1
555,-1,848.02,378.57,94.04,57.53,0.9435,-1,-1,-1
555,-1,916.37,112.27,48.88,48.79,0.9206,-1,-1,-1
555,-1,942.20,265.75,66.18,27.61,0.9127,-1,-1,-1
555,-1,239.71,278.42,33.15,23.86,0.8944,-1,-1,-1
555,-1,621.21,356.20,22.50,21.16,0.8936,-1,-1,-1
555,-1,539.80,262.00,29.47,18.91,0.8708,-1,-1,-1
555,-1,612.89,310.17,22.82,24.37,0.8637,-1,-1,-1
555,-1,995.98,324.91,23.27,13.73,0.8556,-1,-1,-1
555,-1,941.64,229.05,41.23,20.51,0.8256,-1,-1,-1
555,-1,918.64,280.17,20.75,15.79,0.4836,-1,-1,-1
556,-1,839.59,378.58,94.36,57.68,0.9461,-1,-1,-1
556,-1,907.84,112.17,48.67,48.91,0.9216,-1,-1,-1
556,-1,939.11,265.89,66.97,27.58,0.9191,-1,-1,-1
556,-1,236.90,278.21,33.17,23.91,0.8935,-1,-1,-1
556,-1,618.56,355.95,22.81,21.07,0.8740,-1,-1,-1
556,-1,610.87,309.93,22.04,24.40,0.8674,-1,-1,-1
556,-1,536.85,262.02,26.89,18.70,0.8639,-1,-1,-1
556,-1,993.85,324.90,22.78,13.96,0.8488,-1,-1,-1
556,-1,939.03,229.19,41.26,21.17,0.8393,-1,-1,-1
556,-1,916.69,279.80,20.50,16.75,0.4368,-1,-1,-1
557,-1,831.43,378.67,94.78,57.64,0.9440,-1,-1,-1
557,-1,899.18,112.04,48.62,49.43,0.9224,-1,-1,-1
557,-1,937.00,266.03,66.27,27.53,0.9174,-1,-1,-1
557,-1,233.78,277.71,33.65,23.66,0.8935,-1,-1,-1
557,-1,616.12,356.14,22.57,20.90,0.8790,-1,-1,-1
557,-1,991.00,325.00,23.06,14.03,0.8649,-1,-1,-1
557,-1,534.38,261.98,25.14,18.34,0.8648,-1,-1,-1
557,-1,607.28,310.64,22.60,23.65,0.8613,-1,-1,-1
557,-1,938.05,229.34,40.01,20.42,0.8359,-1,-1,-1
557,-1,1014.51,354.47,9.49,19.32,0.3471,-1,-1,-1
557,-1,914.44,281.08,20.49,14.97,0.2751,-1,-1,-1
558,-1,822.69,378.65,95.49,57.69,0.9469,-1,-1,-1
558,-1,891.19,112.52,47.97,48.30,0.9231,-1,-1,-1
558,-1,934.45,266.18,65.61,27.58,0.9173,-1,-1,-1
558,-1,231.71,277.36,32.70,23.83,0.8934,-1,-1,-1
558,-1,613.45,355.84,22.72,21.19,0.8795,-1,-1,-1
558,-1,531.48,261.60,26.77,18.76,0.8717,-1,-1,-1
558,-1,988.31,325.12,22.83,14.12,0.8674,-1,-1,-1
558,-1,604.72,309.45,22.46,24.65,0.8628,-1,-1,-1
558,-1,936.32,229.28,38.39,19.66,0.8249,-1,-1,-1
558,-1,912.52,281.92,20.54,14.71,0.5862,-1,-1,-1
558,-1,1011.36,352.42,12.64,22.88,0.4929,-1,-1,-1
558,-1,1013.76,318.08,10.24,18.46,0.4527,-1,-1,-1
559,-1,814.57,378.67,95.91,57.62,0.9441,-1,-1,-1
559,-1,882.56,112.10,47.77,49.19,0.9226,-1,-1,-1
559,-1,932.23,266.10,64.91,27.69,0.9215,-1,-1,-1
559,-1,229.23,276.87,32.10,23.48,0.8969,-1,-1,-1
559,-1,610.71,355.54,22.76,20.93,0.8707,-1,-1,-1
559,-1,985.63,325.30,22.79,14.24,0.8674,-1,-1,-1
559,-1,602.16,308.93,22.17,24.92,0.8661,-1,-1,-1
559,-1,528.41,261.80,26.96,18.23,0.8487,-1,-1,-1
559,-1,933.89,229.59,38.77,19.20,0.8441,-1,-1,-1
559,-1,1008.91,352.16,15.09,24.64,0.6349,-1,-1,-1
559,-1,1011.95,319.28,12.05,18.06,0.5383,-1,-1,-1
559,-1,909.98,280.71,20.00,15.88,0.5182,-1,-1,-1
560,-1,805.67,378.50,96.83,57.73,0.9456,-1,-1,-1
560,-1,873.85,111.99,47.70,48.87,0.9222,-1,-1,-1
560,-1,929.27,266.20,65.64,27.57,0.9167,-1,-1,-1
560,-1,226.00,276.26,33.20,23.81,0.9039,-1,-1,-1
560,-1,982.84,325.45,23.51,14.04,0.8783,-1,-1,-1
560,-1,599.07,308.45,22.69,25.37,0.8679,-1,-1,-1
560,-1,525.91,260.85,27.36,18.87,0.8668,-1,-1,-1
560,-1,932.28,229.50,38.11,20.65,0.8609,-1,-1,-1
560,-1,608.38,355.77,22.71,20.63,0.8590,-1,-1,-1
560,-1,1005.47,352.45,18.53,24.43,0.6862,-1,-1,-1
560,-1,1007.34,317.52,16.66,20.02,0.5468,-1,-1,-1
560,-1,907.29,280.99,20.96,15.07,0.5028,-1,-1,-1
561,-1,797.23,378.44,97.14,57.81,0.9438,-1,-1,-1
561,-1,865.42,111.37,47.09,49.71,0.9199,-1,-1,-1
561,-1,926.37,266.21,65.11,27.40,0.9162,-1,-1,-1
561,-1,223.78,275.94,32.07,23.97,0.8987,-1,-1,-1
561,-1,980.05,325.25,23.35,13.98,0.8723,-1,-1,-1
561,-1,595.69,308.81,22.80,24.79,0.8689,-1,-1,-1
561,-1,523.24,260.49,27.20,19.05,0.8682,-1,-1,-1
561,-1,605.74,355.20,23.31,21.14,0.8628,-1,-1,-1
561,-1,1005.64,317.15,18.36,19.93,0.8561,-1,-1,-1
561,-1,929.57,229.59,36.91,21.33,0.8124,-1,-1,-1
561,-1,1002.78,351.18,21.22,25.56,0.7195,-1,-1,-1
561,-1,905.36,280.04,20.58,16.56,0.4197,-1,-1,-1
562,-1,788.15,377.44,98.52,58.16,0.9453,-1,-1,-1
562,-1,855.97,110.59,47.29,49.03,0.9230,-1,-1,-1
562,-1,924.24,265.36,63.73,27.50,0.9166,-1,-1,-1
562,-1,220.04,275.88,33.26,24.10,0.9044,-1,-1,-1
562,-1,592.49,308.19,23.30,24.88,0.8707,-1,-1,-1
562,-1,602.85,354.53,23.09,21.54,0.8626,-1,-1,-1
562,-1,977.39,324.42,23.02,14.08,0.8625,-1,-1,-1
562,-1,520.14,260.35,25.92,18.44,0.8543,-1,-1,-1
562,-1,1002.80,316.32,21.20,20.15,0.8275,-1,-1,-1
562,-1,1000.29,349.71,23.71,26.79,0.8099,-1,-1,-1
562,-1,926.04,228.65,38.21,21.82,0.8001,-1,-1,-1
562,-1,903.18,277.61,19.21,17.61,0.2610,-1,-1,-1
563,-1,780.12,376.92,98.59,57.97,0.9444,-1,-1,-1
563,-1,846.86,110.27,46.46,48.32,0.9260,-1,-1,-1
563,-1,921.35,264.59,63.84,27.50,0.9185,-1,-1,-1
563,-1,217.44,276.15,32.84,23.99,0.9015,-1,-1,-1
563,-1,590.70,308.77,21.89,23.84,0.8728,-1,-1,-1
563,-1,974.69,323.64,22.82,14.00,0.8679,-1,-1,-1
563,-1,600.65,354.26,22.77,21.66,0.8651,-1,-1,-1
563,-1,517.29,260.23,26.33,18.39,0.8561,-1,-1,-1
563,-1,921.74,227.85,40.11,21.86,0.8463,-1,-1,-1
563,-1,1000.36,315.57,23.48,20.41,0.8053,-1,-1,-1
563,-1,997.44,348.36,26.56,27.95,0.5339,-1,-1,-1
563,-1,997.50,348.29,26.44,28.18,0.3651,-1,-1,-1
564,-1,771.36,376.58,99.54,57.84,0.9471,-1,-1,-1
564,-1,837.48,109.90,46.49,48.78,0.9306,-1,-1,-1
564,-1,917.94,263.79,65.76,27.60,0.9096,-1,-1,-1
564,-1,214.14,276.37,32.64,24.02,0.8994,-1,-1,-1
564,-1,971.23,322.78,23.70,14.13,0.8812,-1,-1,-1
564,-1,586.43,308.59,23.10,24.08,0.8758,-1,-1,-1
564,-1,597.95,353.74,23.00,22.02,0.8534,-1,-1,-1
564,-1,997.42,314.17,25.99,21.01,0.8518,-1,-1,-1
564,-1,513.82,260.12,28.31,18.59,0.8507,-1,-1,-1
564,-1,919.64,227.00,38.68,21.86,0.8296,-1,-1,-1
564,-1,994.47,347.72,29.53,28.43,0.8225,-1,-1,-1
565,-1,763.15,375.98,99.92,57.98,0.9469,-1,-1,-1
565,-1,828.17,109.24,46.04,48.72,0.9246,-1,-1,-1
565,-1,914.90,263.14,63.75,27.76,0.9110,-1,-1,-1
565,-1,210.78,276.71,32.95,24.01,0.8989,-1,-1,-1
565,-1,583.73,308.21,22.60,24.25,0.8731,-1,-1,-1
565,-1,992.41,346.84,31.59,27.81,0.8693,-1,-1,-1
565,-1,968.90,322.25,22.60,14.02,0.8606,-1,-1,-1
565,-1,511.37,259.72,26.79,18.95,0.8536,-1,-1,-1
565,-1,594.76,353.93,22.57,21.43,0.8462,-1,-1,-1
565,-1,994.50,312.76,25.33,20.76,0.8299,-1,-1,-1
565,-1,916.08,226.77,38.90,19.01,0.7978,-1,-1,-1
565,-1,894.97,277.19,18.94,14.78,0.4193,-1,-1,-1
566,-1,754.52,375.73,100.43,58.04,0.9490,-1,-1,-1
566,-1,818.80,108.94,45.98,48.68,0.9229,-1,-1,-1
566,-1,912.60,262.70,62.89,27.61,0.9133,-1,-1,-1
566,-1,208.41,277.10,32.61,23.99,0.8889,-1,-1,-1
566,-1,989.67,346.33,34.32,27.99,0.8866,-1,-1,-1
566,-1,581.35,308.26,22.46,23.82,0.8865,-1,-1,-1
566,-1,965.88,321.85,22.75,14.36,0.8837,-1,-1,-1
566,-1,507.98,259.93,26.89,18.61,0.8636,-1,-1,-1
566,-1,592.32,354.21,22.48,21.12,0.8545,-1,-1,-1
566,-1,912.68,226.19,39.46,19.90,0.8364,-1,-1,-1
566,-1,991.57,313.35,25.33,19.80,0.8330,-1,-1,-1
567,-1,745.86,375.50,101.02,58.12,0.9472,-1,-1,-1
567,-1,809.40,108.73,46.22,48.61,0.9234,-1,-1,-1
567,-1,909.15,262.52,62.60,27.50,0.9158,-1,-1,-1
567,-1,986.23,346.19,37.77,27.41,0.8959,-1,-1,-1
567,-1,205.17,277.55,32.86,24.18,0.8847,-1,-1,-1
567,-1,910.16,225.72,39.65,21.14,0.8668,-1,-1,-1
567,-1,962.76,321.32,23.26,14.21,0.8662,-1,-1,-1
567,-1,578.08,308.89,22.36,23.24,0.8644,-1,-1,-1
567,-1,589.81,353.79,22.47,21.42,0.8641,-1,-1,-1
567,-1,504.68,259.82,27.54,19.15,0.8584,-1,-1,-1
567,-1,986.10,312.96,27.84,20.15,0.8372,-1,-1,-1
568,-1,737.45,375.72,102.20,57.88,0.9488,-1,-1,-1
568,-1,800.21,108.66,45.45,48.58,0.9227,-1,-1,-1
568,-1,906.25,262.36,62.79,27.46,0.9125,-1,-1,-1
568,-1,982.91,345.87,41.05,28.06,0.9065,-1,-1,-1
568,-1,201.89,277.75,33.19,24.11,0.8917,-1,-1,-1
568,-1,906.56,225.61,39.77,21.13,0.8723,-1,-1,-1
568,-1,574.72,309.18,22.63,23.32,0.8671,-1,-1,-1
568,-1,502.04,260.19,27.89,18.91,0.8612,-1,-1,-1
568,-1,587.09,353.70,22.24,21.67,0.8609,-1,-1,-1
568,-1,960.20,320.97,22.65,14.21,0.8527,-1,-1,-1
568,-1,985.70,312.69,25.55,19.96,0.8346,-1,-1,-1
568,-1,887.55,276.54,18.58,15.46,0.2953,-1,-1,-1
569,-1,728.91,375.75,102.43,57.92,0.9467,-1,-1,-1
569,-1,790.90,108.87,45.52,48.94,0.9231,-1,-1,-1
569,-1,903.79,262.37,62.31,27.44,0.9131,-1,-1,-1
569,-1,980.96,345.85,43.03,28.17,0.9050,-1,-1,-1
569,-1,957.18,321.14,22.75,14.34,0.8930,-1,-1,-1
569,-1,199.47,278.05,32.83,24.08,0.8909,-1,-1,-1
569,-1,572.60,308.48,21.81,23.88,0.8790,-1,-1,-1
569,-1,499.44,260.07,28.20,19.06,0.8587,-1,-1,-1
569,-1,584.64,353.78,22.21,21.41,0.8561,-1,-1,-1
569,-1,983.60,312.94,24.95,19.94,0.8431,-1,-1,-1
569,-1,904.39,225.69,39.09,21.03,0.8295,-1,-1,-1
569,-1,235.84,311.41,15.20,12.46,0.3216,-1,-1,-1
570,-1,720.68,376.00,102.94,57.95,0.9486,-1,-1,-1
570,-1,782.10,109.22,45.42,48.43,0.9125,-1,-1,-1
570,-1,977.28,346.16,46.71,28.16,0.9124,-1,-1,-1
570,-1,901.00,262.60,61.57,27.53,0.9081,-1,-1,-1
570,-1,196.25,278.13,33.83,24.12,0.8895,-1,-1,-1
570,-1,568.69,308.54,22.57,24.47,0.8727,-1,-1,-1
570,-1,901.47,225.85,38.92,21.14,0.8719,-1,-1,-1
570,-1,954.70,321.18,22.53,14.47,0.8675,-1,-1,-1
570,-1,581.75,354.00,22.65,21.52,0.8665,-1,-1,-1
570,-1,980.02,312.79,25.42,20.46,0.8646,-1,-1,-1
570,-1,496.29,261.50,28.69,17.51,0.8496,-1,-1,-1
570,-1,232.92,311.73,15.40,12.43,0.3628,-1,-1,-1
571,-1,712.28,376.21,103.69,57.73,0.9473,-1,-1,-1
571,-1,773.25,109.63,44.66,48.49,0.9267,-1,-1,-1
571,-1,898.27,262.94,61.54,27.45,0.9117,-1,-1,-1
571,-1,975.03,346.63,48.97,27.35,0.9108,-1,-1,-1
571,-1,194.14,278.46,32.64,24.17,0.8902,-1,-1,-1
571,-1,565.27,308.98,23.09,23.89,0.8771,-1,-1,-1
571,-1,898.66,226.25,39.01,20.94,0.8649,-1,-1,-1
571,-1,493.33,261.36,30.40,17.77,0.8622,-1,-1,-1
571,-1,951.74,321.61,23.05,14.10,0.8584,-1,-1,-1
571,-1,977.54,313.39,24.93,19.97,0.8561,-1,-1,-1
571,-1,579.10,354.21,22.44,21.14,0.8488,-1,-1,-1
571,-1,230.31,311.88,15.76,12.44,0.5349,-1,-1,-1
571,-1,879.99,275.73,17.98,16.40,0.4414,-1,-1,-1
572,-1,704.29,376.61,103.60,57.72,0.9469,-1,-1,-1
572,-1,764.34,110.16,44.73,48.60,0.9256,-1,-1,-1
572,-1,895.34,263.40,60.61,27.61,0.9136,-1,-1,-1
572,-1,972.53,346.98,51.47,27.98,0.9117,-1,-1,-1
572,-1,949.16,322.16,22.55,14.06,0.8914,-1,-1,-1
572,-1,190.66,278.71,34.15,24.12,0.8898,-1,-1,-1
572,-1,562.95,309.75,22.65,23.68,0.8753,-1,-1,-1
572,-1,490.79,261.33,28.49,18.59,0.8648,-1,-1,-1
572,-1,975.01,313.59,24.78,20.60,0.8611,-1,-1,-1
572,-1,576.51,354.77,22.56,21.47,0.8501,-1,-1,-1
572,-1,895.20,226.81,39.39,21.02,0.7942,-1,-1,-1
572,-1,227.89,311.89,15.70,12.52,0.5786,-1,-1,-1
573,-1,695.77,377.07,104.07,57.56,0.9447,-1,-1,-1
573,-1,755.41,110.95,44.99,48.34,0.9213,-1,-1,-1
573,-1,892.77,264.22,60.38,27.43,0.9090,-1,-1,-1
573,-1,969.49,347.67,54.48,28.22,0.9082,-1,-1,-1
573,-1,188.31,278.74,32.51,24.27,0.8845,-1,-1,-1
573,-1,946.41,322.71,22.75,14.12,0.8722,-1,-1,-1
573,-1,559.97,309.69,22.37,24.02,0.8706,-1,-1,-1
573,-1,574.12,355.14,22.68,21.73,0.8692,-1,-1,-1
573,-1,970.90,314.06,26.10,20.71,0.8686,-1,-1,-1
573,-1,488.24,261.96,28.50,18.23,0.8557,-1,-1,-1
573,-1,892.71,227.59,38.53,21.41,0.8496,-1,-1,-1
573,-1,225.11,312.07,15.79,12.44,0.6182,-1,-1,-1
574,-1,687.82,377.59,105.09,57.79,0.9459,-1,-1,-1
574,-1,746.87,111.74,44.92,48.29,0.9187,-1,-1,-1
574,-1,890.62,264.81,61.06,27.48,0.9159,-1,-1,-1
574,-1,966.95,348.25,56.99,28.25,0.9073,-1,-1,-1
574,-1,185.40,279.04,33.16,23.64,0.8872,-1,-1,-1
574,-1,557.02,309.80,23.01,24.39,0.8771,-1,-1,-1
574,-1,571.22,355.32,22.92,21.46,0.8720,-1,-1,-1
574,-1,485.30,262.42,31.16,17.78,0.8616,-1,-1,-1
574,-1,943.73,323.54,23.19,13.77,0.8597,-1,-1,-1
574,-1,969.65,315.10,24.31,20.08,0.8488,-1,-1,-1
574,-1,890.25,228.07,39.07,22.56,0.8452,-1,-1,-1
574,-1,222.67,312.05,16.02,12.52,0.6828,-1,-1,-1
574,-1,873.11,280.60,18.34,15.08,0.2566,-1,-1,-1
575,-1,679.33,377.94,105.58,57.70,0.9444,-1,-1,-1
575,-1,738.10,112.20,44.64,47.76,0.9250,-1,-1,-1
575,-1,964.15,348.71,59.85,29.14,0.9166,-1,-1,-1
575,-1,940.92,324.12,22.94,13.91,0.9019,-1,-1,-1
575,-1,887.83,265.15,73.16,27.59,0.8889,-1,-1,-1
575,-1,183.51,278.84,32.97,23.96,0.8875,-1,-1,-1
575,-1,554.56,310.32,22.42,24.15,0.8703,-1,-1,-1
575,-1,569.04,355.45,22.44,21.57,0.8657,-1,-1,-1
575,-1,966.14,315.85,24.81,20.30,0.8641,-1,-1,-1
575,-1,482.45,261.75,29.21,18.56,0.8491,-1,-1,-1
575,-1,888.70,229.06,37.46,20.83,0.8184,-1,-1,-1
575,-1,219.94,312.00,16.17,12.42,0.5500,-1,-1,-1
576,-1,671.36,378.38,105.96,57.68,0.9455,-1,-1,-1
576,-1,728.86,112.50,44.61,47.74,0.9194,-1,-1,-1
576,-1,961.33,348.70,62.67,29.50,0.9135,-1,-1,-1
576,-1,885.44,265.23,58.75,27.59,0.9072,-1,-1,-1
576,-1,179.88,279.41,33.13,23.83,0.8808,-1,-1,-1
576,-1,938.20,323.94,22.54,14.21,0.8744,-1,-1,-1
576,-1,964.62,315.86,23.89,20.16,0.8605,-1,-1,-1
576,-1,479.80,262.49,31.16,18.42,0.8587,-1,-1,-1
576,-1,551.87,310.07,22.01,24.22,0.8586,-1,-1,-1
576,-1,566.62,355.33,22.58,22.12,0.8583,-1,-1,-1
576,-1,885.41,228.81,37.46,21.02,0.8257,-1,-1,-1
577,-1,662.74,378.58,107.14,57.57,0.9447,-1,-1,-1
577,-1,720.02,112.78,44.31,47.56,0.9215,-1,-1,-1
577,-1,958.77,348.78,65.23,29.62,0.9141,-1,-1,-1
577,-1,882.41,265.25,73.16,27.57,0.9100,-1,-1,-1
577,-1,935.44,324.01,23.12,14.07,0.8806,-1,-1,-1
577,-1,177.24,279.83,32.71,23.81,0.8797,-1,-1,-1
577,-1,476.90,262.06,31.43,19.03,0.8760,-1,-1,-1
577,-1,548.32,310.70,22.66,23.93,0.8672,-1,-1,-1
577,-1,563.64,355.62,22.51,21.64,0.8562,-1,-1,-1
577,-1,961.42,315.74,24.05,20.10,0.8525,-1,-1,-1
577,-1,882.96,228.82,36.97,21.90,0.8296,-1,-1,-1
578,-1,654.24,378.63,107.83,57.72,0.9458,-1,-1,-1
578,-1,955.49,348.71,68.51,29.78,0.9251,-1,-1,-1
578,-1,710.90,112.97,44.51,47.61,0.9220,-1,-1,-1
578,-1,932.51,324.18,23.07,14.02,0.8988,-1,-1,-1
578,-1,879.75,265.41,62.58,27.64,0.8980,-1,-1,-1
578,-1,175.01,280.02,32.43,23.91,0.8800,-1,-1,-1
578,-1,473.95,262.37,29.42,19.05,0.8665,-1,-1,-1
578,-1,545.37,310.25,23.91,24.59,0.8626,-1,-1,-1
578,-1,957.97,315.85,24.78,20.46,0.8583,-1,-1,-1
578,-1,561.18,355.86,22.48,21.52,0.8515,-1,-1,-1
578,-1,881.00,229.34,36.48,20.66,0.8087,-1,-1,-1
578,-1,862.98,277.80,18.27,18.00,0.4329,-1,-1,-1
578,-1,211.73,312.93,16.68,12.54,0.4039,-1,-1,-1
579,-1,645.32,378.76,109.41,57.73,0.9443,-1,-1,-1
579,-1,702.29,113.09,43.86,47.61,0.9196,-1,-1,-1
579,-1,952.64,348.92,71.36,29.70,0.9194,-1,-1,-1
579,-1,877.15,265.50,68.92,27.67,0.8994,-1,-1,-1
579,-1,471.43,262.04,28.51,19.34,0.8784,-1,-1,-1
579,-1,171.47,279.83,32.88,23.96,0.8776,-1,-1,-1
579,-1,929.83,324.26,22.59,14.23,0.8703,-1,-1,-1
579,-1,955.64,315.91,24.24,20.22,0.8661,-1,-1,-1
579,-1,542.81,311.37,23.35,23.27,0.8589,-1,-1,-1
579,-1,558.56,355.78,24.59,22.01,0.8260,-1,-1,-1
579,-1,877.64,229.22,35.76,19.87,0.8138,-1,-1,-1
579,-1,860.69,281.16,17.70,14.73,0.4779,-1,-1,-1
579,-1,209.40,312.66,16.19,12.74,0.4072,-1,-1,-1
580,-1,636.91,379.01,109.86,57.58,0.9465,-1,-1,-1
580,-1,693.31,113.14,43.69,47.91,0.9200,-1,-1,-1
580,-1,950.73,349.06,73.27,29.66,0.9140,-1,-1,-1
580,-1,874.44,265.59,61.93,27.73,0.8972,-1,-1,-1
580,-1,169.22,279.86,32.13,23.62,0.8824,-1,-1,-1
580,-1,927.07,324.39,23.03,14.06,0.8788,-1,-1,-1
580,-1,468.41,262.25,31.18,19.13,0.8787,-1,-1,-1
580,-1,540.07,310.90,22.18,24.04,0.8650,-1,-1,-1
580,-1,952.42,315.87,24.84,20.20,0.8578,-1,-1,-1
580,-1,555.86,356.00,20.27,21.61,0.8263,-1,-1,-1
580,-1,875.49,229.50,35.81,19.30,0.8042,-1,-1,-1
580,-1,206.79,312.84,16.11,12.49,0.6701,-1,-1,-1
580,-1,1016.18,289.15,7.82,14.54,0.5192,-1,-1,-1
581,-1,628.42,379.09,110.60,57.49,0.9429,-1,-1,-1
581,-1,684.51,113.36,43.79,47.67,0.9195,-1,-1,-1
581,-1,947.60,349.15,75.05,29.59,0.9143,-1,-1,-1
581,-1,871.54,265.74,70.42,27.73,0.9072,-1,-1,-1
581,-1,165.61,279.61,33.22,23.63,0.8880,-1,-1,-1
581,-1,923.65,324.53,23.51,13.94,0.8819,-1,-1,-1
581,-1,949.99,316.27,24.16,20.45,0.8759,-1,-1,-1
581,-1,465.66,262.07,29.92,19.42,0.8693,-1,-1,-1
581,-1,536.84,312.42,20.20,22.56,0.7771,-1,-1,-1
581,-1,873.77,229.57,35.27,18.85,0.7595,-1,-1,-1
581,-1,204.09,312.67,16.68,12.36,0.6668,-1,-1,-1
581,-1,1013.61,288.64,10.39,15.90,0.6624,-1,-1,-1
582,-1,620.23,378.88,111.14,57.75,0.9466,-1,-1,-1
582,-1,944.89,349.23,75.78,29.79,0.9230,-1,-1,-1
582,-1,675.60,113.34,43.86,47.93,0.9193,-1,-1,-1
582,-1,869.39,265.75,67.94,27.55,0.9069,-1,-1,-1
582,-1,162.38,278.97,33.64,23.80,0.8879,-1,-1,-1
582,-1,921.60,324.77,22.66,13.81,0.8769,-1,-1,-1
582,-1,947.82,316.33,23.38,20.17,0.8678,-1,-1,-1
582,-1,462.81,262.37,32.16,18.96,0.8646,-1,-1,-1
582,-1,871.24,229.71,35.14,20.71,0.8139,-1,-1,-1
582,-1,1010.89,288.27,13.11,16.72,0.7447,-1,-1,-1
582,-1,201.40,312.18,16.38,12.52,0.6411,-1,-1,-1
582,-1,852.70,280.31,18.19,16.30,0.3411,-1,-1,-1
582,-1,1016.73,241.11,7.27,25.39,0.3303,-1,-1,-1
583,-1,611.97,378.62,111.86,57.94,0.9433,-1,-1,-1
583,-1,666.97,113.17,43.82,47.87,0.9204,-1,-1,-1
583,-1,942.75,349.77,74.97,29.32,0.9131,-1,-1,-1
583,-1,866.85,265.80,67.80,27.62,0.8967,-1,-1,-1
583,-1,160.30,278.60,33.06,23.74,0.8870,-1,-1,-1
583,-1,918.96,324.72,22.70,13.98,0.8774,-1,-1,-1
583,-1,460.07,261.40,31.80,19.60,0.8606,-1,-1,-1
583,-1,944.53,316.37,24.46,20.18,0.8523,-1,-1,-1
583,-1,1008.60,287.43,15.40,18.10,0.7369,-1,-1,-1
583,-1,869.07,229.85,33.79,16.57,0.6927,-1,-1,-1
583,-1,198.80,311.80,16.34,12.51,0.6317,-1,-1,-1
583,-1,1013.92,240.66,10.08,32.42,0.5194,-1,-1,-1
584,-1,603.91,378.61,112.38,57.97,0.9469,-1,-1,-1
584,-1,658.56,112.85,43.19,48.10,0.9187,-1,-1,-1
584,-1,940.09,349.78,74.89,29.72,0.9161,-1,-1,-1
584,-1,863.92,265.92,68.99,27.69,0.9119,-1,-1,-1
584,-1,157.35,278.21,32.89,23.78,0.8885,-1,-1,-1
584,-1,915.48,324.82,23.49,14.17,0.8871,-1,-1,-1
584,-1,941.62,316.45,24.52,20.86,0.8719,-1,-1,-1
584,-1,457.11,261.28,28.98,19.34,0.8629,-1,-1,-1
584,-1,866.00,229.54,35.69,22.48,0.8117,-1,-1,-1
584,-1,1005.86,287.09,18.14,18.68,0.7806,-1,-1,-1
584,-1,196.32,311.36,16.79,12.42,0.6511,-1,-1,-1
584,-1,1010.54,236.52,13.46,34.19,0.5148,-1,-1,-1
584,-1,848.69,278.82,17.12,17.64,0.2877,-1,-1,-1
585,-1,595.21,378.52,113.71,57.80,0.9436,-1,-1,-1
585,-1,937.01,349.91,74.83,29.94,0.9207,-1,-1,-1
585,-1,649.79,112.61,43.16,48.55,0.9166,-1,-1,-1
585,-1,861.84,265.97,69.35,27.64,0.9100,-1,-1,-1
585,-1,154.12,277.70,33.43,23.72,0.8939,-1,-1,-1
585,-1,913.63,324.88,22.53,14.19,0.8740,-1,-1,-1
585,-1,454.92,260.99,27.42,19.49,0.8722,-1,-1,-1
585,-1,1003.32,287.07,20.68,19.23,0.8680,-1,-1,-1
585,-1,939.59,316.74,23.92,20.42,0.8670,-1,-1,-1
585,-1,862.23,229.61,35.17,18.82,0.7816,-1,-1,-1
585,-1,1008.18,238.85,15.82,28.91,0.7712,-1,-1,-1
585,-1,193.67,310.76,16.27,12.65,0.5814,-1,-1,-1
586,-1,586.77,378.38,114.00,57.74,0.9473,-1,-1,-1
586,-1,641.12,112.32,43.23,47.90,0.9217,-1,-1,-1
586,-1,859.13,266.00,69.28,27.60,0.9137,-1,-1,-1
586,-1,933.59,349.87,75.63,30.01,0.9114,-1,-1,-1
586,-1,151.67,277.09,33.27,23.68,0.8923,-1,-1,-1
586,-1,1001.02,286.82,22.98,19.99,0.8776,-1,-1,-1
586,-1,910.75,325.09,23.01,14.09,0.8774,-1,-1,-1
586,-1,936.43,316.96,24.38,19.74,0.8531,-1,-1,-1
586,-1,451.46,260.13,25.24,19.72,0.8396,-1,-1,-1
586,-1,1005.53,239.41,18.47,31.85,0.7802,-1,-1,-1
586,-1,860.83,229.89,34.80,19.44,0.6410,-1,-1,-1
586,-1,191.18,310.30,16.41,12.43,0.5763,-1,-1,-1
587,-1,578.39,377.90,114.82,58.09,0.9446,-1,-1,-1
587,-1,632.46,112.06,43.35,47.92,0.9232,-1,-1,-1
587,-1,932.02,349.96,74.09,29.98,0.9164,-1,-1,-1
587,-1,856.25,265.96,69.33,27.72,0.9097,-1,-1,-1
587,-1,149.12,276.40,33.09,23.80,0.8917,-1,-1,-1
587,-1,998.38,286.94,25.62,20.25,0.8887,-1,-1,-1
587,-1,907.66,325.08,23.34,14.17,0.8789,-1,-1,-1
587,-1,933.29,316.97,24.66,19.61,0.8721,-1,-1,-1
587,-1,858.07,229.50,35.25,19.74,0.8155,-1,-1,-1
587,-1,1002.69,238.98,21.31,32.90,0.7807,-1,-1,-1
587,-1,188.36,309.76,16.91,12.56,0.5537,-1,-1,-1
587,-1,448.74,261.31,21.67,18.06,0.4651,-1,-1,-1
588,-1,570.20,377.54,115.49,58.28,0.9490,-1,-1,-1
588,-1,929.19,350.11,73.79,29.89,0.9230,-1,-1,-1
588,-1,623.89,111.80,43.17,47.83,0.9228,-1,-1,-1
588,-1,854.12,265.98,68.42,27.61,0.9138,-1,-1,-1
588,-1,146.38,275.87,33.13,23.84,0.8957,-1,-1,-1
588,-1,996.29,286.94,27.71,20.34,0.8871,-1,-1,-1
588,-1,905.64,325.16,22.66,13.86,0.8835,-1,-1,-1
588,-1,932.21,316.91,22.87,19.65,0.8642,-1,-1,-1
588,-1,999.80,239.11,24.20,32.46,0.8498,-1,-1,-1
588,-1,855.22,229.93,34.20,18.71,0.7986,-1,-1,-1
588,-1,185.80,309.41,16.70,12.29,0.3745,-1,-1,-1
589,-1,561.73,377.48,115.99,58.11,0.9449,-1,-1,-1
589,-1,614.57,111.45,43.44,47.83,0.9210,-1,-1,-1
589,-1,926.48,349.86,73.62,29.91,0.9196,-1,-1,-1
589,-1,851.57,265.79,66.54,27.73,0.9100,-1,-1,-1
589,-1,143.96,275.84,32.22,23.77,0.8959,-1,-1,-1
589,-1,997.15,239.00,26.85,31.58,0.8872,-1,-1,-1
589,-1,993.71,286.74,30.29,20.32,0.8859,-1,-1,-1
589,-1,902.79,325.02,22.85,14.19,0.8779,-1,-1,-1
589,-1,929.30,316.71,23.40,19.55,0.8549,-1,-1,-1
589,-1,852.73,229.36,34.83,17.13,0.7889,-1,-1,-1
589,-1,183.11,309.15,16.78,12.39,0.5347,-1,-1,-1
590,-1,552.94,377.12,117.23,57.85,0.9494,-1,-1,-1
590,-1,923.71,348.93,73.56,29.73,0.9180,-1,-1,-1
590,-1,605.20,110.57,43.23,48.29,0.9168,-1,-1,-1
590,-1,848.19,265.14,67.61,27.13,0.9096,-1,-1,-1
590,-1,140.19,275.95,33.45,23.81,0.8994,-1,-1,-1
590,-1,899.82,323.99,22.76,13.86,0.8918,-1,-1,-1
590,-1,990.70,285.99,33.30,19.92,0.8844,-1,-1,-1
590,-1,993.82,237.98,30.18,32.31,0.8747,-1,-1,-1
590,-1,925.57,315.92,24.11,19.36,0.8670,-1,-1,-1
590,-1,851.57,228.06,32.95,18.91,0.7348,-1,-1,-1
590,-1,179.95,309.05,17.32,12.67,0.6640,-1,-1,-1
590,-1,584.56,270.33,25.04,24.62,0.3903,-1,-1,-1
591,-1,544.89,377.01,117.39,57.68,0.9456,-1,-1,-1
591,-1,920.12,347.94,74.30,30.05,0.9253,-1,-1,-1
591,-1,595.47,110.27,43.08,48.24,0.9200,-1,-1,-1
591,-1,845.61,264.32,68.91,27.62,0.9110,-1,-1,-1
591,-1,137.44,276.35,32.86,23.58,0.8945,-1,-1,-1
591,-1,988.27,284.95,35.73,20.18,0.8921,-1,-1,-1
591,-1,897.05,323.37,22.87,14.00,0.8686,-1,-1,-1
591,-1,923.22,314.91,23.06,19.85,0.8494,-1,-1,-1
591,-1,990.46,237.00,33.54,34.89,0.8401,-1,-1,-1
591,-1,846.09,227.19,35.33,19.25,0.8069,-1,-1,-1
591,-1,177.50,309.53,17.09,12.50,0.7130,-1,-1,-1
591,-1,990.45,237.03,33.55,35.30,0.4652,-1,-1,-1
592,-1,536.37,376.79,118.56,57.70,0.9495,-1,-1,-1
592,-1,918.55,347.43,72.69,29.62,0.9209,-1,-1,-1
592,-1,842.98,263.68,63.23,27.86,0.9109,-1,-1,-1
592,-1,986.88,236.28,37.12,36.08,0.9094,-1,-1,-1
592,-1,134.16,276.89,33.04,23.55,0.8970,-1,-1,-1
592,-1,985.32,284.16,38.68,20.12,0.8925,-1,-1,-1
592,-1,894.46,322.57,22.39,14.20,0.8827,-1,-1,-1
592,-1,586.28,110.11,42.58,47.96,0.8753,-1,-1,-1
592,-1,920.04,314.37,23.40,19.69,0.8620,-1,-1,-1
592,-1,844.31,226.73,34.65,20.58,0.8010,-1,-1,-1
592,-1,174.79,309.91,17.07,12.52,0.7542,-1,-1,-1
593,-1,528.59,376.71,118.45,57.62,0.9468,-1,-1,-1
593,-1,983.65,235.66,40.26,35.40,0.9173,-1,-1,-1
593,-1,575.89,109.83,43.93,48.02,0.9168,-1,-1,-1
593,-1,840.13,263.33,67.47,27.51,0.9143,-1,-1,-1
593,-1,915.24,346.85,73.49,29.81,0.9137,-1,-1,-1
593,-1,982.16,283.60,41.84,20.02,0.9047,-1,-1,-1
593,-1,130.57,277.42,33.62,23.77,0.8992,-1,-1,-1
593,-1,891.14,322.21,23.02,14.02,0.8864,-1,-1,-1
593,-1,916.69,313.78,24.28,19.67,0.8726,-1,-1,-1
593,-1,841.45,226.32,34.18,18.48,0.8001,-1,-1,-1
593,-1,171.79,310.31,17.56,12.65,0.7295,-1,-1,-1
594,-1,519.75,376.54,119.79,57.74,0.9521,-1,-1,-1
594,-1,566.84,110.16,42.90,47.68,0.9167,-1,-1,-1
594,-1,912.76,346.39,72.59,29.57,0.9164,-1,-1,-1
594,-1,837.21,263.08,66.41,27.42,0.9110,-1,-1,-1
594,-1,980.38,234.85,43.60,35.41,0.9108,-1,-1,-1
594,-1,979.38,282.97,44.62,20.37,0.9061,-1,-1,-1
594,-1,128.40,277.69,33.11,23.96,0.8900,-1,-1,-1
594,-1,888.44,321.90,22.71,14.23,0.8747,-1,-1,-1
594,-1,913.56,313.37,24.20,19.63,0.8602,-1,-1,-1
594,-1,837.74,226.49,35.30,18.24,0.7253,-1,-1,-1
594,-1,518.38,354.26,23.25,21.46,0.6430,-1,-1,-1
594,-1,168.81,310.89,17.43,12.41,0.6201,-1,-1,-1
594,-1,431.54,259.84,20.00,18.02,0.4310,-1,-1,-1
595,-1,511.76,376.58,119.57,57.96,0.9478,-1,-1,-1
595,-1,909.99,346.06,72.08,29.66,0.9254,-1,-1,-1
595,-1,977.11,234.64,46.75,34.90,0.9164,-1,-1,-1
595,-1,558.42,109.92,42.12,48.31,0.9155,-1,-1,-1
595,-1,834.60,262.72,67.22,27.56,0.9118,-1,-1,-1
595,-1,976.72,282.66,47.28,20.30,0.9089,-1,-1,-1
595,-1,885.55,321.73,22.33,14.16,0.8949,-1,-1,-1
595,-1,124.88,277.97,33.32,23.97,0.8901,-1,-1,-1
595,-1,910.95,313.05,23.85,19.93,0.8716,-1,-1,-1
595,-1,516.79,353.56,22.40,22.12,0.8405,-1,-1,-1
595,-1,835.24,225.84,34.57,20.30,0.7900,-1,-1,-1
595,-1,166.18,311.27,17.60,12.18,0.7414,-1,-1,-1
596,-1,502.83,376.72,120.65,57.81,0.9495,-1,-1,-1
596,-1,974.27,234.44,49.65,34.82,0.9181,-1,-1,-1
596,-1,907.14,346.00,72.07,29.33,0.9163,-1,-1,-1
596,-1,548.33,110.18,42.89,47.96,0.9106,-1,-1,-1
596,-1,831.70,262.80,66.87,27.34,0.9074,-1,-1,-1
596,-1,973.77,282.52,50.20,20.19,0.9069,-1,-1,-1
596,-1,121.82,278.42,34.13,23.83,0.8907,-1,-1,-1
596,-1,882.52,321.53,22.51,14.19,0.8794,-1,-1,-1
596,-1,907.94,312.86,24.05,20.10,0.8767,-1,-1,-1
596,-1,831.98,226.17,34.08,18.66,0.8319,-1,-1,-1
596,-1,514.08,353.47,22.66,22.30,0.7759,-1,-1,-1
596,-1,163.15,311.43,18.03,12.37,0.7455,-1,-1,-1
597,-1,494.84,377.09,120.89,57.80,0.9465,-1,-1,-1
597,-1,971.14,234.57,52.79,34.53,0.9203,-1,-1,-1
597,-1,904.42,346.00,72.16,29.37,0.9168,-1,-1,-1
597,-1,539.51,110.46,42.53,47.62,0.9151,-1,-1,-1
597,-1,970.75,282.46,52.17,20.31,0.9063,-1,-1,-1
597,-1,828.91,262.83,64.04,27.49,0.8975,-1,-1,-1
597,-1,119.82,278.89,32.74,23.78,0.8834,-1,-1,-1
597,-1,879.71,321.60,22.77,14.23,0.8694,-1,-1,-1
597,-1,905.50,313.16,23.53,19.74,0.8553,-1,-1,-1
597,-1,511.05,353.82,22.27,22.23,0.8130,-1,-1,-1
597,-1,829.61,226.00,33.75,18.15,0.7998,-1,-1,-1
597,-1,160.93,311.78,17.47,12.45,0.6994,-1,-1,-1
598,-1,486.35,377.27,121.64,57.61,0.9525,-1,-1,-1
598,-1,901.91,346.21,71.42,29.80,0.9251,-1,-1,-1
598,-1,967.22,234.72,56.78,34.72,0.9232,-1,-1,-1
598,-1,530.31,110.76,42.60,47.71,0.9166,-1,-1,-1
598,-1,968.59,282.73,51.35,20.42,0.9146,-1,-1,-1
598,-1,826.45,262.97,66.88,27.63,0.9084,-1,-1,-1
598,-1,877.19,321.80,22.67,14.08,0.8926,-1,-1,-1
598,-1,116.88,279.19,32.80,23.95,0.8845,-1,-1,-1
598,-1,902.79,313.23,23.31,19.76,0.8743,-1,-1,-1
598,-1,508.52,354.00,22.49,22.10,0.8633,-1,-1,-1
598,-1,826.98,226.18,33.92,19.96,0.8374,-1,-1,-1
598,-1,488.84,309.97,21.49,23.75,0.6741,-1,-1,-1
598,-1,1013.49,202.42,10.51,20.07,0.4625,-1,-1,-1
598,-1,158.06,312.15,17.91,12.23,0.3744,-1,-1,-1
599,-1,479.00,377.53,121.29,57.49,0.9460,-1,-1,-1
599,-1,964.76,235.12,58.84,34.88,0.9336,-1,-1,-1
599,-1,899.02,346.63,71.43,29.93,0.9217,-1,-1,-1
599,-1,965.66,283.12,51.89,20.23,0.9104,-1,-1,-1
599,-1,823.29,263.53,65.78,27.43,0.9050,-1,-1,-1
599,-1,113.75,279.25,33.67,24.02,0.8927,-1,-1,-1
599,-1,900.33,313.69,23.19,19.64,0.8775,-1,-1,-1
599,-1,874.35,322.21,22.26,14.04,0.8749,-1,-1,-1
599,-1,483.13,309.30,24.21,24.06,0.8741,-1,-1,-1
599,-1,521.43,111.39,42.39,47.77,0.8663,-1,-1,-1
599,-1,505.72,353.89,22.92,23.24,0.8106,-1,-1,-1
599,-1,823.87,226.92,33.29,16.88,0.7789,-1,-1,-1
599,-1,155.18,312.26,18.38,12.42,0.5934,-1,-1,-1
599,-1,1010.54,203.32,13.46,17.10,0.2940,-1,-1,-1
600,-1,469.47,377.88,122.96,57.34,0.9552,-1,-1,-1
600,-1,961.86,235.97,59.27,34.45,0.9247,-1,-1,-1
600,-1,896.54,347.33,70.58,29.43,0.9211,-1,-1,-1
600,-1,963.41,283.77,51.53,20.13,0.9196,-1,-1,-1
600,-1,513.19,111.76,41.67,47.54,0.9181,-1,-1,-1
600,-1,821.04,264.05,62.74,27.37,0.9047,-1,-1,-1
600,-1,111.01,279.31,33.46,23.90,0.8872,-1,-1,-1
600,-1,478.94,309.57,24.74,24.55,0.8798,-1,-1,-1
600,-1,871.53,322.86,22.90,13.97,0.8719,-1,-1,-1
600,-1,898.12,314.13,22.70,19.02,0.8566,-1,-1,-1
600,-1,821.07,227.58,33.72,16.99,0.7046,-1,-1,-1
600,-1,152.85,312.32,18.05,12.32,0.5768,-1,-1,-1
600,-1,488.58,351.67,38.14,26.19,0.3743,-1,-1,-1
600,-1,503.38,352.96,23.19,24.86,0.3292,-1,-1,-1
601,-1,461.62,377.97,123.20,57.77,0.9477,-1,-1,-1
601,-1,958.94,236.61,58.81,34.52,0.9291,-1,-1,-1
601,-1,894.35,347.89,70.28,29.51,0.9263,-1,-1,-1
601,-1,818.17,264.55,67.00,27.13,0.9134,-1,-1,-1
601,-1,960.73,284.18,51.73,20.50,0.9052,-1,-1,-1
601,-1,504.19,112.46,42.04,47.35,0.9030,-1,-1,-1
601,-1,868.95,323.20,22.63,13.98,0.8920,-1,-1,-1
601,-1,107.80,279.30,33.83,23.86,0.8882,-1,-1,-1
601,-1,500.64,354.33,23.02,23.14,0.8746,-1,-1,-1
601,-1,477.04,309.90,24.70,24.18,0.8654,-1,-1,-1
601,-1,895.16,314.70,22.80,19.38,0.8629,-1,-1,-1
601,-1,819.90,227.37,46.30,18.97,0.7034,-1,-1,-1
601,-1,150.12,312.28,18.48,12.49,0.3452,-1,-1,-1
602,-1,453.22,378.19,124.11,58.39,0.9581,-1,-1,-1
602,-1,956.28,237.47,58.79,34.34,0.9252,-1,-1,-1
602,-1,890.91,348.53,70.83,29.89,0.9248,-1,-1,-1
602,-1,496.50,112.49,41.07,48.56,0.9098,-1,-1,-1
602,-1,957.95,285.13,51.43,20.12,0.9078,-1,-1,-1
602,-1,815.72,265.20,66.24,27.07,0.9043,-1,-1,-1
602,-1,105.23,279.30,34.04,23.66,0.8915,-1,-1,-1
602,-1,866.58,323.84,22.14,14.12,0.8834,-1,-1,-1
602,-1,474.60,310.26,23.88,24.26,0.8759,-1,-1,-1
602,-1,893.13,315.62,21.59,19.25,0.8600,-1,-1,-1
602,-1,498.08,354.42,22.89,23.02,0.8322,-1,-1,-1
602,-1,815.13,228.63,33.76,17.63,0.7608,-1,-1,-1
602,-1,147.79,312.28,18.08,12.40,0.6155,-1,-1,-1
603,-1,445.04,378.18,124.75,58.77,0.9471,-1,-1,-1
603,-1,953.14,237.87,58.82,34.06,0.9257,-1,-1,-1
603,-1,887.75,348.86,71.12,29.86,0.9208,-1,-1,-1
603,-1,486.93,112.45,41.29,47.84,0.9065,-1,-1,-1
603,-1,813.16,265.12,66.42,27.55,0.9055,-1,-1,-1
603,-1,955.82,285.50,50.89,20.16,0.8990,-1,-1,-1
603,-1,102.86,279.01,33.21,23.95,0.8894,-1,-1,-1
603,-1,471.10,310.25,24.24,24.26,0.8823,-1,-1,-1
603,-1,863.58,324.25,22.73,14.24,0.8757,-1,-1,-1
603,-1,889.39,315.91,23.17,18.82,0.8564,-1,-1,-1
603,-1,495.52,355.12,22.05,22.48,0.8437,-1,-1,-1
603,-1,816.56,229.07,29.22,16.13,0.6901,-1,-1,-1
603,-1,145.16,312.14,18.33,12.38,0.6635,-1,-1,-1
604,-1,436.87,378.93,125.36,58.29,0.9465,-1,-1,-1
604,-1,950.21,237.94,58.30,33.86,0.9236,-1,-1,-1
604,-1,886.36,348.96,69.42,29.79,0.9207,-1,-1,-1
604,-1,478.22,113.39,40.61,47.48,0.9082,-1,-1,-1
604,-1,810.26,265.53,67.00,27.38,0.9072,-1,-1,-1
604,-1,952.79,285.41,50.71,20.24,0.9016,-1,-1,-1
604,-1,99.57,279.61,33.53,23.95,0.8897,-1,-1,-1
604,-1,860.67,324.27,22.67,14.27,0.8874,-1,-1,-1
604,-1,468.41,310.57,24.18,24.14,0.8825,-1,-1,-1
604,-1,492.95,355.22,22.33,23.23,0.8737,-1,-1,-1
604,-1,886.63,315.89,22.65,19.25,0.8701,-1,-1,-1
604,-1,142.66,312.80,18.06,12.50,0.7473,-1,-1,-1
604,-1,810.48,229.23,32.10,18.36,0.6682,-1,-1,-1
605,-1,428.31,379.70,125.34,57.73,0.9459,-1,-1,-1
605,-1,883.09,349.07,69.73,29.81,0.9264,-1,-1,-1
605,-1,946.79,238.06,58.73,34.03,0.9253,-1,-1,-1
605,-1,468.57,113.71,41.04,47.91,0.9104,-1,-1,-1
605,-1,807.23,265.56,66.71,27.61,0.9086,-1,-1,-1
605,-1,950.01,285.40,50.93,20.34,0.9017,-1,-1,-1
605,-1,97.08,279.95,33.49,24.01,0.8890,-1,-1,-1
605,-1,857.71,324.28,22.45,14.29,0.8831,-1,-1,-1
605,-1,465.40,310.45,24.48,24.43,0.8754,-1,-1,-1
605,-1,884.46,316.08,21.68,18.72,0.8675,-1,-1,-1
605,-1,490.16,355.15,22.53,23.37,0.8457,-1,-1,-1
605,-1,139.51,313.04,18.75,12.49,0.7947,-1,-1,-1
605,-1,806.67,229.71,33.46,17.39,0.6924,-1,-1,-1
606,-1,420.11,379.63,126.55,57.88,0.9454,-1,-1,-1
606,-1,943.24,238.10,58.64,34.01,0.9224,-1,-1,-1
606,-1,879.44,349.10,70.18,29.73,0.9209,-1,-1,-1
606,-1,804.74,265.46,66.13,27.71,0.9162,-1,-1,-1
606,-1,459.83,113.99,41.08,46.67,0.9099,-1,-1,-1
606,-1,947.20,285.54,51.11,20.20,0.9012,-1,-1,-1
606,-1,93.78,279.94,34.19,24.07,0.8871,-1,-1,-1
606,-1,855.32,324.54,22.36,14.23,0.8815,-1,-1,-1
606,-1,462.11,310.76,24.45,24.57,0.8763,-1,-1,-1
606,-1,880.78,316.07,22.66,19.04,0.8491,-1,-1,-1
606,-1,136.95,313.23,18.82,12.32,0.7963,-1,-1,-1
606,-1,487.66,355.39,22.66,23.72,0.7731,-1,-1,-1
606,-1,804.24,229.49,32.61,17.65,0.7345,-1,-1,-1
606,-1,59.28,280.65,23.88,11.57,0.3811,-1,-1,-1
607,-1,412.03,379.92,126.99,57.67,0.9471,-1,-1,-1
607,-1,878.13,349.36,68.36,29.49,0.9262,-1,-1,-1
607,-1,940.68,238.02,58.24,34.35,0.9232,-1,-1,-1
607,-1,450.64,114.05,41.11,47.15,0.9152,-1,-1,-1
607,-1,802.21,265.63,65.63,27.80,0.9096,-1,-1,-1
607,-1,944.75,285.67,50.96,20.21,0.9032,-1,-1,-1
607,-1,91.12,279.89,33.88,23.88,0.8891,-1,-1,-1
607,-1,458.98,311.36,24.52,23.86,0.8809,-1,-1,-1
607,-1,852.19,324.57,22.65,14.08,0.8751,-1,-1,-1
607,-1,878.26,315.95,22.49,19.48,0.8684,-1,-1,-1
607,-1,485.25,355.70,22.18,22.83,0.8650,-1,-1,-1
607,-1,802.16,229.63,32.27,18.34,0.8021,-1,-1,-1
607,-1,134.66,313.17,18.45,12.31,0.7258,-1,-1,-1
608,-1,403.96,379.92,127.71,57.54,0.9453,-1,-1,-1
608,-1,937.60,237.96,58.63,34.53,0.9252,-1,-1,-1
608,-1,875.58,349.42,68.38,29.61,0.9238,-1,-1,-1
608,-1,799.40,265.75,66.24,27.67,0.9134,-1,-1,-1
608,-1,441.77,113.52,40.77,47.77,0.9033,-1,-1,-1
608,-1,942.08,285.73,50.77,20.26,0.9014,-1,-1,-1
608,-1,849.71,324.65,22.44,14.25,0.8838,-1,-1,-1
608,-1,88.61,279.96,33.43,23.83,0.8831,-1,-1,-1
608,-1,455.83,311.84,25.12,23.30,0.8604,-1,-1,-1
608,-1,876.26,316.62,21.53,18.18,0.8585,-1,-1,-1
608,-1,482.44,355.58,22.51,22.52,0.8467,-1,-1,-1
608,-1,799.15,229.66,33.08,18.42,0.8136,-1,-1,-1
608,-1,131.53,313.00,18.99,12.40,0.5596,-1,-1,-1
609,-1,396.05,379.89,127.69,57.66,0.9455,-1,-1,-1
609,-1,934.70,238.03,58.44,34.50,0.9227,-1,-1,-1
609,-1,872.79,349.51,68.31,29.72,0.9171,-1,-1,-1
609,-1,796.83,265.90,65.59,27.46,0.9120,-1,-1,-1
609,-1,433.13,113.15,40.56,48.23,0.9073,-1,-1,-1
609,-1,939.69,285.97,50.18,20.20,0.9004,-1,-1,-1
609,-1,85.14,279.55,34.07,23.83,0.8893,-1,-1,-1
609,-1,452.70,311.11,25.67,23.86,0.8758,-1,-1,-1
609,-1,847.27,324.75,22.48,14.15,0.8754,-1,-1,-1
609,-1,872.31,316.38,22.46,19.04,0.8515,-1,-1,-1
609,-1,479.88,355.21,22.35,22.90,0.8271,-1,-1,-1
609,-1,796.42,229.83,32.99,17.94,0.8104,-1,-1,-1
609,-1,129.24,312.66,18.68,12.44,0.2906,-1,-1,-1
610,-1,388.12,379.49,128.16,57.71,0.9467,-1,-1,-1
610,-1,932.07,238.04,57.97,34.85,0.9227,-1,-1,-1
610,-1,870.32,349.59,67.57,29.83,0.9219,-1,-1,-1
610,-1,794.44,265.85,64.60,27.81,0.9103,-1,-1,-1
610,-1,937.30,285.97,49.73,20.40,0.9046,-1,-1,-1
610,-1,423.94,112.78,40.73,48.40,0.8966,-1,-1,-1
610,-1,82.68,279.19,33.88,23.72,0.8913,-1,-1,-1
610,-1,870.67,316.41,21.53,19.29,0.8820,-1,-1,-1
610,-1,844.32,324.81,22.55,14.31,0.8812,-1,-1,-1
610,-1,450.12,310.54,25.60,24.06,0.8769,-1,-1,-1
610,-1,477.44,355.02,22.29,23.21,0.8417,-1,-1,-1
610,-1,793.92,229.71,32.26,18.07,0.7514,-1,-1,-1
610,-1,126.72,312.20,18.50,12.62,0.6341,-1,-1,-1
611,-1,379.97,379.67,128.46,57.47,0.9452,-1,-1,-1
611,-1,867.51,349.68,67.68,30.11,0.9277,-1,-1,-1
611,-1,928.54,238.33,58.80,34.61,0.9229,-1,-1,-1
611,-1,791.62,265.99,65.02,27.59,0.9114,-1,-1,-1
611,-1,934.38,286.13,49.99,20.39,0.9007,-1,-1,-1
611,-1,415.50,113.38,40.59,47.66,0.8891,-1,-1,-1
611,-1,841.56,324.97,22.61,14.15,0.8890,-1,-1,-1
611,-1,80.34,278.77,33.46,23.78,0.8888,-1,-1,-1
611,-1,447.03,310.75,25.07,23.84,0.8691,-1,-1,-1
611,-1,867.77,316.85,21.62,18.07,0.8659,-1,-1,-1
611,-1,474.77,354.80,22.48,22.86,0.8606,-1,-1,-1
611,-1,791.98,229.72,31.98,17.66,0.7490,-1,-1,-1
611,-1,123.67,311.78,19.14,12.29,0.3760,-1,-1,-1
612,-1,372.04,379.23,128.56,57.59,0.9467,-1,-1,-1
612,-1,925.62,238.60,58.84,34.54,0.9213,-1,-1,-1
612,-1,864.83,349.80,67.44,29.76,0.9207,-1,-1,-1
612,-1,406.84,113.20,40.96,47.38,0.9134,-1,-1,-1
612,-1,789.25,265.98,64.60,27.61,0.9095,-1,-1,-1
612,-1,932.25,286.24,49.65,20.32,0.9020,-1,-1,-1
612,-1,77.13,278.20,34.09,23.65,0.8905,-1,-1,-1
612,-1,839.09,324.85,22.60,14.28,0.8903,-1,-1,-1
612,-1,444.10,309.87,26.00,24.58,0.8788,-1,-1,-1
612,-1,864.90,316.63,21.68,19.07,0.8496,-1,-1,-1
612,-1,472.21,354.56,22.57,22.93,0.8373,-1,-1,-1
612,-1,789.17,229.64,31.69,16.90,0.8081,-1,-1,-1
612,-1,121.43,311.23,19.24,12.35,0.4127,-1,-1,-1
613,-1,363.93,378.31,128.98,58.06,0.9455,-1,-1,-1
613,-1,923.02,238.60,58.56,34.75,0.9215,-1,-1,-1
613,-1,862.03,349.78,67.58,30.07,0.9199,-1,-1,-1
613,-1,786.98,265.79,64.33,27.67,0.9137,-1,-1,-1
613,-1,398.89,112.66,39.93,47.76,0.9074,-1,-1,-1
613,-1,929.78,286.29,49.48,20.43,0.9043,-1,-1,-1
613,-1,74.19,277.54,34.10,23.52,0.8931,-1,-1,-1
613,-1,441.03,309.79,26.58,24.43,0.8911,-1,-1,-1
613,-1,835.66,325.10,23.28,14.05,0.8814,-1,-1,-1
613,-1,862.60,316.43,21.39,19.96,0.8799,-1,-1,-1
613,-1,469.72,354.65,22.55,22.57,0.8743,-1,-1,-1
613,-1,786.35,229.24,30.99,17.60,0.8138,-1,-1,-1
613,-1,118.77,310.56,18.81,12.59,0.3097,-1,-1,-1
614,-1,355.72,377.86,129.73,58.01,0.9479,-1,-1,-1
614,-1,920.06,238.66,58.62,34.65,0.9260,-1,-1,-1
614,-1,859.22,349.80,67.36,30.14,0.9246,-1,-1,-1
614,-1,784.13,265.88,64.51,27.59,0.9113,-1,-1,-1
614,-1,390.49,112.15,39.60,47.43,0.9061,-1,-1,-1
614,-1,926.85,286.41,49.45,20.51,0.9026,-1,-1,-1
614,-1,71.12,276.81,33.97,23.67,0.9005,-1,-1,-1
614,-1,833.35,324.87,22.77,14.48,0.8869,-1,-1,-1
614,-1,438.33,308.99,25.99,25.03,0.8765,-1,-1,-1
614,-1,860.63,316.77,20.76,18.70,0.8643,-1,-1,-1
614,-1,467.08,354.19,22.26,23.04,0.8627,-1,-1,-1
614,-1,783.97,229.52,32.03,18.10,0.8301,-1,-1,-1
614,-1,115.88,310.00,19.53,12.38,0.5849,-1,-1,-1
614,-1,37.74,276.40,22.92,12.71,0.4010,-1,-1,-1
615,-1,347.78,377.41,130.05,58.03,0.9461,-1,-1,-1
615,-1,917.32,238.71,58.19,34.53,0.9233,-1,-1,-1
615,-1,856.61,349.86,67.00,30.34,0.9209,-1,-1,-1
615,-1,383.48,111.47,37.76,47.65,0.9052,-1,-1,-1
615,-1,924.88,286.57,48.81,20.43,0.9024,-1,-1,-1
615,-1,68.83,275.98,33.02,23.90,0.8934,-1,-1,-1
615,-1,434.99,309.06,26.77,24.68,0.8925,-1,-1,-1
615,-1,781.90,265.93,64.10,27.39,0.8918,-1,-1,-1
615,-1,830.85,324.80,22.53,14.26,0.8846,-1,-1,-1
615,-1,856.81,316.71,21.61,19.11,0.8435,-1,-1,-1
615,-1,781.63,229.40,32.20,18.10,0.8409,-1,-1,-1
615,-1,464.34,354.30,22.15,22.48,0.7906,-1,-1,-1
615,-1,113.33,309.36,19.69,12.46,0.5735,-1,-1,-1
615,-1,383.43,263.04,20.18,15.95,0.3264,-1,-1,-1
616,-1,339.66,377.24,130.48,57.65,0.9478,-1,-1,-1
616,-1,914.49,238.60,58.28,34.80,0.9240,-1,-1,-1
616,-1,854.49,349.75,66.33,30.35,0.9191,-1,-1,-1
616,-1,779.18,265.74,62.91,27.67,0.9102,-1,-1,-1
616,-1,922.19,286.58,48.91,20.42,0.9050,-1,-1,-1
616,-1,374.74,110.76,37.74,47.85,0.9040,-1,-1,-1
616,-1,65.41,275.66,34.49,24.03,0.8932,-1,-1,-1
616,-1,854.07,316.55,21.96,19.19,0.8819,-1,-1,-1
616,-1,827.62,324.88,23.04,14.20,0.8810,-1,-1,-1
616,-1,432.14,308.91,26.76,24.49,0.8804,-1,-1,-1
616,-1,461.95,353.65,21.47,22.42,0.8454,-1,-1,-1
616,-1,778.67,229.40,31.56,17.87,0.8074,-1,-1,-1
616,-1,377.28,262.92,24.05,15.95,0.7300,-1,-1,-1
616,-1,110.88,308.77,19.19,12.59,0.5262,-1,-1,-1
617,-1,331.31,377.06,131.28,57.62,0.9461,-1,-1,-1
617,-1,851.30,349.39,66.73,30.13,0.9290,-1,-1,-1
617,-1,911.47,238.27,58.05,34.58,0.9218,-1,-1,-1
617,-1,776.31,265.45,63.31,27.40,0.9052,-1,-1,-1
617,-1,365.90,110.09,37.04,47.97,0.9020,-1,-1,-1
617,-1,919.32,286.09,48.72,20.31,0.9009,-1,-1,-1
617,-1,62.43,275.69,34.23,23.83,0.8899,-1,-1,-1
617,-1,825.20,324.48,22.54,14.20,0.8864,-1,-1,-1
617,-1,429.65,308.28,26.63,24.48,0.8828,-1,-1,-1
617,-1,851.91,316.18,21.48,18.57,0.8652,-1,-1,-1
617,-1,459.47,353.66,21.37,22.16,0.8449,-1,-1,-1
617,-1,368.04,260.52,30.40,18.05,0.8346,-1,-1,-1
617,-1,776.35,228.65,31.92,18.62,0.6976,-1,-1,-1
617,-1,107.81,308.88,19.60,12.48,0.6423,-1,-1,-1
618,-1,323.05,377.03,131.37,57.67,0.9480,-1,-1,-1
618,-1,908.41,237.41,57.70,34.75,0.9259,-1,-1,-1
618,-1,848.30,348.56,66.92,30.18,0.9255,-1,-1,-1
618,-1,355.82,110.31,37.19,47.71,0.9067,-1,-1,-1
618,-1,773.81,265.03,62.71,27.15,0.9044,-1,-1,-1
618,-1,917.02,285.35,48.30,20.24,0.9030,-1,-1,-1
618,-1,59.82,275.65,33.56,24.07,0.8992,-1,-1,-1
618,-1,822.65,323.82,22.13,14.11,0.8863,-1,-1,-1
618,-1,426.16,309.18,26.46,23.69,0.8822,-1,-1,-1
618,-1,456.64,353.58,21.86,22.36,0.8518,-1,-1,-1
618,-1,848.81,315.58,21.50,19.00,0.8455,-1,-1,-1
618,-1,361.17,260.86,32.51,17.81,0.8439,-1,-1,-1
618,-1,773.06,228.44,31.02,17.28,0.7410,-1,-1,-1
618,-1,105.14,309.29,19.90,12.38,0.5336,-1,-1,-1
619,-1,314.53,376.89,132.12,57.70,0.9468,-1,-1,-1
619,-1,904.85,236.62,58.43,34.67,0.9265,-1,-1,-1
619,-1,846.09,348.00,65.70,30.11,0.9227,-1,-1,-1
619,-1,770.79,264.46,63.05,27.14,0.9123,-1,-1,-1
619,-1,913.88,284.42,48.40,20.71,0.9070,-1,-1,-1
619,-1,345.96,110.36,37.42,47.65,0.9012,-1,-1,-1
619,-1,56.97,276.16,33.26,24.06,0.8939,-1,-1,-1
619,-1,422.89,308.59,26.64,24.10,0.8849,-1,-1,-1
619,-1,819.27,323.19,22.65,14.00,0.8797,-1,-1,-1
619,-1,357.36,260.13,34.60,18.97,0.8713,-1,-1,-1
619,-1,454.19,353.28,21.66,22.44,0.8635,-1,-1,-1
619,-1,845.99,314.64,20.91,19.75,0.8515,-1,-1,-1
619,-1,102.50,309.57,19.54,12.66,0.6535,-1,-1,-1
619,-1,308.37,324.41,34.77,54.21,0.4092,-1,-1,-1
619,-1,770.13,227.97,31.82,17.20,0.2900,-1,-1,-1
620,-1,306.89,377.16,132.26,57.43,0.9476,-1,-1,-1
620,-1,901.85,236.13,57.79,34.61,0.9319,-1,-1,-1
620,-1,842.50,347.33,66.31,29.91,0.9254,-1,-1,-1
620,-1,767.76,263.88,63.00,27.47,0.9099,-1,-1,-1
620,-1,335.13,110.43,38.28,47.61,0.9077,-1,-1,-1
620,-1,910.86,283.89,48.81,20.43,0.9067,-1,-1,-1
620,-1,53.97,277.09,33.55,23.67,0.8941,-1,-1,-1
620,-1,419.91,308.28,26.98,24.86,0.8888,-1,-1,-1
620,-1,816.49,322.88,22.50,13.97,0.8697,-1,-1,-1
620,-1,451.71,353.12,21.21,22.71,0.8659,-1,-1,-1
620,-1,354.61,260.43,36.83,18.45,0.8643,-1,-1,-1
620,-1,842.75,314.19,21.22,19.33,0.8525,-1,-1,-1
620,-1,767.05,227.73,31.44,17.84,0.6901,-1,-1,-1
620,-1,299.36,325.64,36.23,53.14,0.4141,-1,-1,-1
621,-1,298.50,377.31,134.22,57.31,0.9474,-1,-1,-1
621,-1,897.86,235.72,58.34,34.63,0.9266,-1,-1,-1
621,-1,908.52,283.44,47.51,20.43,0.9170,-1,-1,-1
621,-1,840.06,346.96,66.15,30.06,0.9169,-1,-1,-1
621,-1,765.40,263.44,62.43,27.68,0.9102,-1,-1,-1
621,-1,323.87,110.28,39.70,47.95,0.9093,-1,-1,-1
621,-1,50.92,277.43,33.92,24.14,0.8932,-1,-1,-1
621,-1,813.97,322.27,22.50,14.10,0.8866,-1,-1,-1
621,-1,416.87,308.63,26.85,24.47,0.8809,-1,-1,-1
621,-1,839.96,313.82,21.51,19.37,0.8616,-1,-1,-1
621,-1,352.02,260.34,36.33,18.76,0.8478,-1,-1,-1
621,-1,448.80,353.23,21.75,22.72,0.8440,-1,-1,-1
621,-1,291.01,326.36,36.97,52.80,0.7008,-1,-1,-1
622,-1,289.95,377.42,133.75,57.31,0.9466,-1,-1,-1
622,-1,894.75,235.16,58.52,34.86,0.9313,-1,-1,-1
622,-1,837.71,346.56,65.17,29.96,0.9205,-1,-1,-1
622,-1,762.58,263.17,62.40,27.46,0.9099,-1,-1,-1
622,-1,313.99,111.29,40.05,47.24,0.9072,-1,-1,-1
622,-1,905.70,283.20,47.54,20.23,0.9059,-1,-1,-1
622,-1,47.86,277.82,33.84,24.39,0.8878,-1,-1,-1
622,-1,413.83,308.34,26.74,24.86,0.8856,-1,-1,-1
622,-1,810.55,321.87,23.21,14.25,0.8780,-1,-1,-1
622,-1,348.15,260.24,37.50,19.18,0.8693,-1,-1,-1
622,-1,836.43,313.59,21.78,19.47,0.8644,-1,-1,-1
622,-1,445.92,353.18,22.15,22.79,0.8516,-1,-1,-1
622,-1,282.31,326.72,38.87,52.67,0.3028,-1,-1,-1
623,-1,281.50,377.70,134.54,57.08,0.9482,-1,-1,-1
623,-1,891.72,234.95,58.06,34.98,0.9291,-1,-1,-1
623,-1,834.35,346.43,65.47,29.98,0.9197,-1,-1,-1
623,-1,305.20,111.76,38.89,47.29,0.9063,-1,-1,-1
623,-1,759.14,263.08,61.73,27.50,0.9027,-1,-1,-1
623,-1,902.45,282.71,47.93,20.65,0.9023,-1,-1,-1
623,-1,44.96,278.26,33.77,24.16,0.8952,-1,-1,-1
623,-1,410.58,308.49,27.16,25.08,0.8916,-1,-1,-1
623,-1,443.38,353.40,21.97,22.78,0.8644,-1,-1,-1
623,-1,807.72,322.00,23.18,14.02,0.8616,-1,-1,-1
623,-1,345.90,260.67,37.85,18.77,0.8616,-1,-1,-1
623,-1,834.19,313.45,21.00,19.26,0.8588,-1,-1,-1
623,-1,274.17,327.26,39.22,52.71,0.6526,-1,-1,-1
624,-1,273.42,377.90,134.69,57.34,0.9459,-1,-1,-1
624,-1,888.51,234.90,57.76,34.93,0.9294,-1,-1,-1
624,-1,831.56,346.37,65.69,29.92,0.9158,-1,-1,-1
624,-1,756.91,263.15,62.15,27.41,0.9140,-1,-1,-1
624,-1,900.05,282.63,47.34,20.65,0.9114,-1,-1,-1
624,-1,297.54,111.88,36.99,47.15,0.9053,-1,-1,-1
624,-1,407.51,308.64,27.39,24.93,0.8918,-1,-1,-1
624,-1,805.09,321.80,22.76,14.34,0.8895,-1,-1,-1
624,-1,42.07,278.70,33.93,24.45,0.8878,-1,-1,-1
624,-1,831.57,313.35,21.09,19.68,0.8661,-1,-1,-1
624,-1,342.65,261.35,37.71,18.42,0.8607,-1,-1,-1
624,-1,440.84,353.90,22.20,22.49,0.8547,-1,-1,-1
624,-1,265.69,327.35,41.39,52.63,0.7909,-1,-1,-1
625,-1,265.35,378.22,134.97,57.11,0.9582,-1,-1,-1
625,-1,885.20,235.12,58.22,34.89,0.9330,-1,-1,-1
625,-1,829.57,346.47,64.28,29.96,0.9228,-1,-1,-1
625,-1,286.67,112.23,38.88,47.47,0.9134,-1,-1,-1
625,-1,754.17,263.27,62.28,27.57,0.9123,-1,-1,-1
625,-1,897.47,282.79,47.24,20.58,0.9074,-1,-1,-1
625,-1,404.87,308.67,27.03,25.28,0.8851,-1,-1,-1
625,-1,38.96,279.10,33.54,24.07,0.8849,-1,-1,-1
625,-1,802.18,321.81,22.60,14.36,0.8734,-1,-1,-1
625,-1,339.84,261.55,38.17,18.74,0.8704,-1,-1,-1
625,-1,828.39,313.41,21.21,19.53,0.8683,-1,-1,-1
625,-1,257.58,326.99,41.26,53.15,0.8187,-1,-1,-1
625,-1,438.52,353.69,21.52,22.71,0.6543,-1,-1,-1
625,-1,438.23,360.32,21.49,16.16,0.3906,-1,-1,-1
626,-1,257.39,378.38,135.11,57.33,0.9459,-1,-1,-1
626,-1,881.80,235.36,58.31,34.89,0.9247,-1,-1,-1
626,-1,826.02,346.67,64.97,30.28,0.9157,-1,-1,-1
626,-1,750.95,263.66,61.81,27.51,0.9115,-1,-1,-1
626,-1,894.16,283.36,47.83,20.07,0.9107,-1,-1,-1
626,-1,278.13,112.73,37.68,47.23,0.9064,-1,-1,-1
626,-1,36.43,279.04,33.33,24.50,0.8850,-1,-1,-1
626,-1,401.40,308.88,27.27,25.51,0.8828,-1,-1,-1
626,-1,825.93,313.71,20.61,19.42,0.8639,-1,-1,-1
626,-1,799.38,322.28,23.05,14.06,0.8630,-1,-1,-1
626,-1,336.70,261.35,38.22,18.82,0.8578,-1,-1,-1
626,-1,435.60,354.22,21.58,22.86,0.8574,-1,-1,-1
626,-1,249.42,327.30,42.81,53.19,0.7205,-1,-1,-1
627,-1,249.21,378.71,135.77,57.46,0.9531,-1,-1,-1
627,-1,878.75,235.77,58.40,34.82,0.9306,-1,-1,-1
627,-1,824.10,347.35,64.24,29.80,0.9286,-1,-1,-1
627,-1,892.23,283.66,46.92,20.19,0.9139,-1,-1,-1
627,-1,748.53,264.03,61.33,27.46,0.9093,-1,-1,-1
627,-1,269.26,113.22,37.56,46.78,0.9060,-1,-1,-1
627,-1,796.75,322.68,22.75,14.06,0.8913,-1,-1,-1
627,-1,33.69,279.13,33.59,24.47,0.8850,-1,-1,-1
627,-1,398.42,309.33,27.88,25.15,0.8818,-1,-1,-1
627,-1,823.31,313.99,20.56,19.16,0.8713,-1,-1,-1
627,-1,334.29,262.07,36.34,18.68,0.8684,-1,-1,-1
627,-1,432.73,354.86,22.44,22.22,0.8273,-1,-1,-1
627,-1,241.28,326.87,43.31,53.99,0.5600,-1,-1,-1
628,-1,241.30,379.16,136.34,57.28,0.9449,-1,-1,-1
628,-1,876.00,236.35,57.90,34.88,0.9269,-1,-1,-1
628,-1,821.34,347.89,63.51,29.42,0.9259,-1,-1,-1
628,-1,259.86,113.27,38.02,47.52,0.9180,-1,-1,-1
628,-1,746.12,264.69,60.46,27.16,0.9060,-1,-1,-1
628,-1,889.28,284.10,46.88,20.29,0.9034,-1,-1,-1
628,-1,395.54,309.76,27.72,24.71,0.8844,-1,-1,-1
628,-1,30.33,279.23,34.30,24.37,0.8832,-1,-1,-1
628,-1,331.67,262.29,36.96,18.74,0.8753,-1,-1,-1
628,-1,793.66,323.29,22.77,13.85,0.8623,-1,-1,-1
628,-1,820.69,314.37,20.38,19.52,0.8495,-1,-1,-1
628,-1,430.41,354.35,21.82,22.89,0.8325,-1,-1,-1
628,-1,233.10,327.02,45.43,54.15,0.5496,-1,-1,-1
628,-1,77.93,312.70,21.04,12.43,0.2508,-1,-1,-1
629,-1,233.08,379.40,136.75,57.95,0.9496,-1,-1,-1
629,-1,818.12,348.37,64.30,29.73,0.9279,-1,-1,-1
629,-1,873.38,236.94,57.62,34.70,0.9253,-1,-1,-1
629,-1,742.86,265.18,61.46,27.04,0.9105,-1,-1,-1
629,-1,886.50,284.86,46.89,20.25,0.9072,-1,-1,-1
629,-1,251.05,113.62,37.46,47.09,0.9050,-1,-1,-1
629,-1,28.21,279.41,33.67,24.31,0.8859,-1,-1,-1
629,-1,392.38,310.02,27.51,24.77,0.8843,-1,-1,-1
629,-1,791.32,323.78,23.12,14.05,0.8830,-1,-1,-1
629,-1,328.61,262.22,38.75,18.82,0.8726,-1,-1,-1
629,-1,427.90,354.64,21.23,22.98,0.8631,-1,-1,-1
629,-1,816.42,315.31,21.73,19.39,0.8394,-1,-1,-1
629,-1,225.00,326.85,45.82,54.40,0.8206,-1,-1,-1
630,-1,225.20,379.14,136.97,58.50,0.9460,-1,-1,-1
630,-1,870.28,237.71,57.48,34.27,0.9240,-1,-1,-1
630,-1,815.81,348.92,63.71,30.02,0.9183,-1,-1,-1
630,-1,740.65,265.58,60.96,27.23,0.9150,-1,-1,-1
630,-1,884.51,285.52,46.42,20.21,0.9031,-1,-1,-1
630,-1,242.47,113.66,37.27,47.47,0.9029,-1,-1,-1
630,-1,788.48,324.33,22.81,14.08,0.8929,-1,-1,-1
630,-1,25.52,279.04,33.74,24.52,0.8859,-1,-1,-1
630,-1,390.06,310.24,27.49,24.40,0.8795,-1,-1,-1
630,-1,326.28,262.40,37.90,18.88,0.8770,-1,-1,-1
630,-1,815.66,315.87,20.03,18.93,0.8713,-1,-1,-1
630,-1,216.93,326.74,46.83,54.29,0.7190,-1,-1,-1
630,-1,425.39,362.30,21.51,15.35,0.6072,-1,-1,-1
630,-1,425.56,355.85,21.17,21.39,0.4943,-1,-1,-1
631,-1,217.16,379.52,137.78,58.78,0.9509,-1,-1,-1
631,-1,866.92,237.85,57.98,34.58,0.9273,-1,-1,-1
631,-1,813.22,349.26,62.84,29.70,0.9237,-1,-1,-1
631,-1,881.70,285.76,46.65,20.18,0.9067,-1,-1,-1
631,-1,233.68,114.16,36.51,47.01,0.9054,-1,-1,-1
631,-1,738.13,265.67,60.68,27.52,0.9018,-1,-1,-1
631,-1,22.40,279.31,33.69,24.25,0.8867,-1,-1,-1
631,-1,386.73,310.36,27.97,24.66,0.8849,-1,-1,-1
631,-1,785.41,324.39,23.05,14.08,0.8789,-1,-1,-1
631,-1,324.11,262.16,37.54,19.35,0.8703,-1,-1,-1
631,-1,812.98,316.19,19.98,18.94,0.8591,-1,-1,-1
631,-1,422.96,355.01,22.01,23.01,0.7922,-1,-1,-1
631,-1,208.83,327.08,47.30,54.32,0.6712,-1,-1,-1
631,-1,70.40,312.75,21.02,12.60,0.3837,-1,-1,-1
632,-1,208.93,380.07,138.31,58.48,0.9461,-1,-1,-1
632,-1,809.97,349.37,63.48,29.80,0.9221,-1,-1,-1
632,-1,863.66,238.05,58.10,34.40,0.9213,-1,-1,-1
632,-1,735.38,265.91,60.19,27.78,0.9095,-1,-1,-1
632,-1,225.43,114.56,35.34,47.10,0.9061,-1,-1,-1
632,-1,878.61,285.67,46.56,20.37,0.9028,-1,-1,-1
632,-1,19.60,279.57,33.86,24.59,0.8841,-1,-1,-1
632,-1,783.12,324.52,23.21,14.00,0.8832,-1,-1,-1
632,-1,383.84,310.62,28.05,24.67,0.8748,-1,-1,-1
632,-1,320.42,262.72,38.78,19.06,0.8716,-1,-1,-1
632,-1,809.14,316.04,20.54,19.90,0.8521,-1,-1,-1
632,-1,419.92,355.32,21.97,22.91,0.8433,-1,-1,-1
632,-1,200.31,327.25,49.29,54.47,0.8272,-1,-1,-1
632,-1,67.36,313.14,21.65,12.52,0.4182,-1,-1,-1
633,-1,200.50,380.46,139.28,58.51,0.9516,-1,-1,-1
633,-1,860.45,238.09,57.69,34.46,0.9219,-1,-1,-1
633,-1,807.32,349.47,63.22,29.73,0.9218,-1,-1,-1
633,-1,732.63,265.93,59.43,27.65,0.9080,-1,-1,-1
633,-1,876.36,285.81,46.12,20.20,0.9000,-1,-1,-1
633,-1,216.92,114.79,33.91,46.76,0.8974,-1,-1,-1
633,-1,806.61,316.25,20.34,19.24,0.8838,-1,-1,-1
633,-1,779.20,324.68,23.64,14.08,0.8807,-1,-1,-1
633,-1,17.20,279.25,33.76,25.15,0.8803,-1,-1,-1
633,-1,316.97,262.88,38.37,18.94,0.8771,-1,-1,-1
633,-1,381.11,310.68,27.64,24.83,0.8742,-1,-1,-1
633,-1,192.43,327.64,49.18,54.57,0.8625,-1,-1,-1
633,-1,417.60,356.05,22.08,22.19,0.7801,-1,-1,-1
634,-1,192.86,380.55,139.42,58.53,0.9472,-1,-1,-1
634,-1,857.47,238.25,58.06,34.49,0.9269,-1,-1,-1
634,-1,805.25,349.55,62.28,29.91,0.9223,-1,-1,-1
634,-1,729.70,266.02,59.00,27.75,0.9097,-1,-1,-1
634,-1,873.65,285.92,45.75,20.22,0.9051,-1,-1,-1
634,-1,209.01,114.94,32.56,46.60,0.9034,-1,-1,-1
634,-1,377.88,310.63,28.11,25.02,0.8818,-1,-1,-1
634,-1,14.68,279.68,33.15,24.99,0.8803,-1,-1,-1
634,-1,184.01,327.88,49.97,54.49,0.8769,-1,-1,-1
634,-1,777.12,324.87,23.15,13.97,0.8748,-1,-1,-1
634,-1,314.65,262.83,39.21,18.98,0.8697,-1,-1,-1
634,-1,414.99,355.50,22.19,22.97,0.8675,-1,-1,-1
634,-1,804.34,316.45,19.83,19.09,0.8594,-1,-1,-1
635,-1,184.63,380.62,140.00,58.48,0.9522,-1,-1,-1
635,-1,854.32,238.47,57.79,34.30,0.9224,-1,-1,-1
635,-1,801.82,349.64,63.10,29.86,0.9167,-1,-1,-1
635,-1,727.60,266.25,57.94,27.42,0.9117,-1,-1,-1
635,-1,870.69,285.82,46.02,20.45,0.9008,-1,-1,-1
635,-1,199.63,114.86,32.61,46.73,0.8965,-1,-1,-1
635,-1,311.73,262.98,40.28,18.65,0.8858,-1,-1,-1
635,-1,412.08,355.65,22.27,22.81,0.8828,-1,-1,-1
635,-1,774.79,324.82,22.98,14.21,0.8803,-1,-1,-1
635,-1,10.61,279.48,34.58,24.96,0.8796,-1,-1,-1
635,-1,375.30,310.72,28.33,24.80,0.8786,-1,-1,-1
635,-1,175.99,327.86,51.05,54.59,0.8558,-1,-1,-1
635,-1,800.96,316.18,20.53,19.89,0.8532,-1,-1,-1
636,-1,176.85,380.48,139.63,58.39,0.9466,-1,-1,-1
636,-1,851.08,238.60,58.09,34.13,0.9230,-1,-1,-1
636,-1,799.70,349.77,62.18,29.85,0.9214,-1,-1,-1
636,-1,724.40,266.04,59.05,27.56,0.9098,-1,-1,-1
636,-1,190.11,114.82,32.39,46.76,0.9020,-1,-1,-1
636,-1,868.31,286.02,45.76,20.37,0.8996,-1,-1,-1
636,-1,771.12,324.97,23.60,14.02,0.8813,-1,-1,-1
636,-1,798.72,316.34,19.75,19.64,0.8777,-1,-1,-1
636,-1,308.48,262.73,39.16,18.82,0.8771,-1,-1,-1
636,-1,8.31,279.56,33.73,24.64,0.8761,-1,-1,-1
636,-1,371.93,310.88,28.19,24.59,0.8747,-1,-1,-1
636,-1,167.55,327.26,52.64,55.02,0.8633,-1,-1,-1
636,-1,409.65,355.70,21.95,22.87,0.8470,-1,-1,-1
636,-1,56.84,313.10,22.03,12.51,0.3533,-1,-1,-1
637,-1,168.26,380.35,140.79,57.90,0.9504,-1,-1,-1
637,-1,848.27,238.66,57.93,34.18,0.9238,-1,-1,-1
637,-1,797.10,349.69,61.66,30.11,0.9227,-1,-1,-1
637,-1,722.14,266.25,57.84,27.39,0.9108,-1,-1,-1
637,-1,865.98,286.29,45.43,20.12,0.9057,-1,-1,-1
637,-1,181.29,114.31,31.64,46.78,0.8967,-1,-1,-1
637,-1,369.01,310.58,28.47,24.81,0.8836,-1,-1,-1
637,-1,305.42,262.70,40.67,18.70,0.8790,-1,-1,-1
637,-1,5.74,279.36,33.57,24.34,0.8786,-1,-1,-1
637,-1,769.02,324.93,23.21,14.13,0.8785,-1,-1,-1
637,-1,159.56,327.43,53.50,54.55,0.8679,-1,-1,-1
637,-1,407.24,355.33,21.73,22.99,0.8622,-1,-1,-1
637,-1,796.00,316.54,19.60,18.91,0.8606,-1,-1,-1
637,-1,54.33,312.81,22.26,12.53,0.4959,-1,-1,-1
638,-1,160.35,379.91,140.75,57.74,0.9446,-1,-1,-1
638,-1,844.96,238.68,58.26,34.23,0.9214,-1,-1,-1
638,-1,793.67,349.70,62.58,30.16,0.9183,-1,-1,-1
638,-1,151.38,326.56,54.49,54.72,0.9164,-1,-1,-1
638,-1,719.67,266.25,56.67,27.57,0.9137,-1,-1,-1
638,-1,863.21,286.25,45.53,20.27,0.8991,-1,-1,-1
638,-1,172.49,114.25,30.70,46.36,0.8986,-1,-1,-1
638,-1,365.69,309.95,29.46,25.36,0.8844,-1,-1,-1
638,-1,766.85,324.82,23.00,14.46,0.8842,-1,-1,-1
638,-1,303.18,262.03,40.72,19.15,0.8832,-1,-1,-1
638,-1,404.50,355.02,21.78,23.25,0.8819,-1,-1,-1
638,-1,2.59,278.60,34.25,24.79,0.8784,-1,-1,-1
638,-1,791.80,316.33,21.28,20.06,0.8562,-1,-1,-1
639,-1,151.55,379.42,142.06,57.79,0.9506,-1,-1,-1
639,-1,842.71,238.71,57.68,34.30,0.9252,-1,-1,-1
639,-1,791.67,349.88,61.73,29.77,0.9236,-1,-1,-1
639,-1,717.33,266.07,57.58,27.56,0.9040,-1,-1,-1
639,-1,162.76,113.64,31.30,47.00,0.9035,-1,-1,-1
639,-1,860.67,286.29,45.19,20.40,0.8977,-1,-1,-1
639,-1,363.16,309.83,28.96,25.09,0.8837,-1,-1,-1
639,-1,763.25,325.04,23.32,14.08,0.8811,-1,-1,-1
639,-1,300.37,261.92,39.50,19.05,0.8811,-1,-1,-1
639,-1,790.72,316.53,19.07,19.51,0.8761,-1,-1,-1
639,-1,0.68,277.67,33.57,25.00,0.8710,-1,-1,-1
639,-1,401.92,354.77,22.63,22.83,0.8554,-1,-1,-1
639,-1,143.17,325.83,55.08,55.09,0.7579,-1,-1,-1
640,-1,144.52,378.63,141.45,58.02,0.9448,-1,-1,-1
640,-1,789.28,349.78,61.05,30.00,0.9249,-1,-1,-1
640,-1,839.77,238.72,57.63,34.30,0.9226,-1,-1,-1
640,-1,714.51,266.04,56.72,27.45,0.9102,-1,-1,-1
640,-1,858.20,286.40,44.85,20.31,0.9041,-1,-1,-1
640,-1,154.61,113.06,30.15,46.54,0.8996,-1,-1,-1
640,-1,297.28,261.43,41.31,19.25,0.8957,-1,-1,-1
640,-1,359.84,309.78,29.35,24.76,0.8884,-1,-1,-1
640,-1,760.82,324.98,23.46,13.97,0.8846,-1,-1,-1
640,-1,0.02,276.62,31.09,24.98,0.8708,-1,-1,-1
640,-1,788.02,316.39,19.20,19.74,0.8626,-1,-1,-1
640,-1,399.22,354.31,21.71,23.05,0.8553,-1,-1,-1
640,-1,134.90,325.39,56.34,54.82,0.8209,-1,-1,-1
641,-1,136.22,377.76,142.09,58.04,0.9504,-1,-1,-1
641,-1,837.39,238.67,56.88,34.43,0.9226,-1,-1,-1
641,-1,786.02,349.75,61.59,29.93,0.9168,-1,-1,-1
641,-1,711.77,265.97,57.43,27.66,0.9110,-1,-1,-1
641,-1,144.95,112.07,30.23,46.76,0.9014,-1,-1,-1
641,-1,855.62,286.40,44.91,20.27,0.8989,-1,-1,-1
641,-1,357.12,309.20,29.27,24.96,0.8897,-1,-1,-1
641,-1,758.52,324.85,23.35,14.09,0.8824,-1,-1,-1
641,-1,294.75,261.09,41.44,18.97,0.8822,-1,-1,-1
641,-1,396.62,354.07,21.55,22.97,0.8698,-1,-1,-1
641,-1,784.78,316.14,20.33,20.36,0.8577,-1,-1,-1
641,-1,0.06,275.01,28.43,26.19,0.8418,-1,-1,-1
641,-1,126.70,324.65,57.91,54.87,0.7887,-1,-1,-1
642,-1,127.91,377.35,142.78,57.41,0.9458,-1,-1,-1
642,-1,834.32,238.59,57.45,34.63,0.9251,-1,-1,-1
642,-1,783.77,349.85,60.96,29.81,0.9219,-1,-1,-1
642,-1,118.45,323.92,58.99,55.14,0.9114,-1,-1,-1
642,-1,709.59,265.83,56.98,27.52,0.9090,-1,-1,-1
642,-1,135.38,111.58,30.50,46.42,0.9060,-1,-1,-1
642,-1,853.07,286.43,45.00,20.33,0.8994,-1,-1,-1
642,-1,354.05,308.92,29.94,24.91,0.8873,-1,-1,-1
642,-1,755.40,324.76,23.13,14.08,0.8774,-1,-1,-1
642,-1,291.81,260.64,41.73,18.85,0.8772,-1,-1,-1
642,-1,782.53,316.51,19.37,19.41,0.8728,-1,-1,-1
642,-1,0.00,272.93,25.49,27.16,0.8565,-1,-1,-1
642,-1,393.95,353.68,21.63,23.03,0.8362,-1,-1,-1
643,-1,119.95,376.98,142.99,57.54,0.9502,-1,-1,-1
643,-1,781.00,349.59,60.54,29.98,0.9220,-1,-1,-1
643,-1,830.96,238.66,57.56,34.46,0.9211,-1,-1,-1
643,-1,850.65,286.30,44.50,20.40,0.9062,-1,-1,-1
643,-1,126.56,110.58,29.83,46.33,0.9039,-1,-1,-1
643,-1,109.95,323.38,60.41,54.99,0.9018,-1,-1,-1
643,-1,706.72,265.73,56.03,27.83,0.8989,-1,-1,-1
643,-1,288.81,259.76,42.17,19.24,0.8909,-1,-1,-1
643,-1,351.13,308.87,29.54,24.54,0.8856,-1,-1,-1
643,-1,752.87,324.60,23.28,14.00,0.8755,-1,-1,-1
643,-1,391.43,353.48,21.64,23.07,0.8538,-1,-1,-1
643,-1,0.00,274.66,21.24,24.78,0.8528,-1,-1,-1
643,-1,780.16,316.42,19.22,19.36,0.8523,-1,-1,-1
644,-1,111.47,376.56,143.93,58.15,0.9461,-1,-1,-1
644,-1,828.60,238.55,57.24,34.71,0.9223,-1,-1,-1
644,-1,778.12,349.66,60.47,29.80,0.9164,-1,-1,-1
644,-1,704.78,265.45,56.08,27.67,0.9016,-1,-1,-1
644,-1,101.77,322.25,61.29,55.76,0.8992,-1,-1,-1
644,-1,848.50,286.35,43.93,20.38,0.8974,-1,-1,-1
644,-1,117.71,110.05,29.07,45.93,0.8947,-1,-1,-1
644,-1,348.26,308.43,29.08,24.29,0.8887,-1,-1,-1
644,-1,286.42,259.52,41.44,19.10,0.8887,-1,-1,-1
644,-1,750.17,324.66,23.52,13.90,0.8809,-1,-1,-1
644,-1,389.11,352.79,21.72,23.15,0.8697,-1,-1,-1
644,-1,776.08,315.88,21.15,20.64,0.8560,-1,-1,-1
644,-1,0.00,273.90,14.75,25.17,0.5344,-1,-1,-1
645,-1,102.29,376.78,145.28,58.20,0.9506,-1,-1,-1
645,-1,825.06,237.92,57.51,34.66,0.9260,-1,-1,-1
645,-1,775.67,349.08,59.61,29.93,0.9206,-1,-1,-1
645,-1,701.68,265.14,56.40,27.54,0.9033,-1,-1,-1
645,-1,108.73,110.09,28.30,45.61,0.8989,-1,-1,-1
645,-1,845.55,285.67,43.83,20.49,0.8980,-1,-1,-1
645,-1,345.06,307.95,30.27,24.88,0.8901,-1,-1,-1
645,-1,747.46,324.03,22.94,14.22,0.8823,-1,-1,-1
645,-1,283.34,259.07,41.43,19.81,0.8744,-1,-1,-1
645,-1,774.55,316.01,19.19,19.20,0.8677,-1,-1,-1
645,-1,386.19,353.07,22.09,22.96,0.8528,-1,-1,-1
645,-1,93.07,321.94,62.50,56.22,0.8386,-1,-1,-1
646,-1,94.55,376.79,145.27,58.34,0.9468,-1,-1,-1
646,-1,773.33,348.42,59.51,29.89,0.9285,-1,-1,-1
646,-1,822.13,237.17,57.34,34.63,0.9277,-1,-1,-1
646,-1,84.79,322.47,62.97,55.97,0.9207,-1,-1,-1
646,-1,98.67,110.25,28.16,45.99,0.9038,-1,-1,-1
646,-1,842.51,285.02,44.02,20.32,0.9037,-1,-1,-1
646,-1,698.36,264.54,56.90,27.41,0.9014,-1,-1,-1
646,-1,342.04,308.45,29.85,24.34,0.8964,-1,-1,-1
646,-1,280.60,259.56,40.49,19.28,0.8923,-1,-1,-1
646,-1,744.64,323.79,22.69,13.70,0.8719,-1,-1,-1
646,-1,383.82,353.35,22.22,22.37,0.8501,-1,-1,-1
646,-1,771.35,315.54,19.27,18.97,0.8456,-1,-1,-1
647,-1,85.96,377.14,146.11,58.07,0.9501,-1,-1,-1
647,-1,818.72,236.64,57.29,34.85,0.9301,-1,-1,-1
647,-1,76.14,323.01,64.88,55.94,0.9222,-1,-1,-1
647,-1,770.13,348.07,59.43,29.67,0.9208,-1,-1,-1
647,-1,839.74,284.38,44.06,20.58,0.9046,-1,-1,-1
647,-1,88.68,110.70,28.21,45.94,0.8985,-1,-1,-1
647,-1,695.79,264.14,55.84,27.58,0.8971,-1,-1,-1
647,-1,339.09,308.27,29.60,24.63,0.8897,-1,-1,-1
647,-1,277.32,259.53,42.54,19.42,0.8890,-1,-1,-1
647,-1,741.70,323.24,23.04,13.91,0.8807,-1,-1,-1
647,-1,381.03,353.30,22.17,22.57,0.8736,-1,-1,-1
647,-1,768.21,314.73,20.28,19.62,0.8489,-1,-1,-1
648,-1,77.04,377.46,147.25,58.17,0.9466,-1,-1,-1
648,-1,67.72,323.80,65.70,55.63,0.9453,-1,-1,-1
648,-1,814.86,236.05,57.87,34.91,0.9309,-1,-1,-1
648,-1,767.89,347.54,58.37,29.59,0.9295,-1,-1,-1
648,-1,837.21,283.98,43.60,20.30,0.9095,-1,-1,-1
648,-1,693.30,263.69,56.30,27.77,0.9049,-1,-1,-1
648,-1,78.64,111.13,28.35,45.69,0.8957,-1,-1,-1
648,-1,335.81,308.21,30.44,25.10,0.8839,-1,-1,-1
648,-1,273.25,259.88,43.60,19.37,0.8706,-1,-1,-1
648,-1,738.44,322.88,23.28,13.79,0.8695,-1,-1,-1
648,-1,378.39,353.37,22.36,22.68,0.8460,-1,-1,-1
648,-1,765.35,314.51,19.40,19.47,0.8445,-1,-1,-1
649,-1,68.55,377.80,147.88,58.17,0.9502,-1,-1,-1
649,-1,812.08,235.82,57.41,34.70,0.9350,-1,-1,-1
649,-1,764.55,347.24,58.79,29.63,0.9209,-1,-1,-1
649,-1,59.33,324.36,66.56,55.50,0.9172,-1,-1,-1
649,-1,834.00,283.60,43.73,20.28,0.9108,-1,-1,-1
649,-1,689.85,263.60,56.72,27.82,0.9098,-1,-1,-1
649,-1,68.65,111.79,28.74,47.48,0.8958,-1,-1,-1
649,-1,332.69,308.54,29.75,24.96,0.8885,-1,-1,-1
649,-1,270.80,260.37,42.72,18.90,0.8877,-1,-1,-1
649,-1,735.52,322.52,23.16,13.77,0.8606,-1,-1,-1
649,-1,375.59,353.33,22.55,22.62,0.8580,-1,-1,-1
649,-1,762.33,313.93,19.94,19.84,0.8556,-1,-1,-1
650,-1,60.24,378.48,148.26,57.65,0.9466,-1,-1,-1
650,-1,808.81,235.43,57.08,34.91,0.9320,-1,-1,-1
650,-1,51.02,324.59,67.21,56.18,0.9320,-1,-1,-1
650,-1,761.47,346.90,58.94,29.77,0.9120,-1,-1,-1
650,-1,686.83,263.53,56.46,27.89,0.9091,-1,-1,-1
650,-1,831.28,283.41,43.37,20.24,0.9084,-1,-1,-1
650,-1,58.99,112.47,28.23,45.02,0.8964,-1,-1,-1
650,-1,329.66,308.60,30.63,25.06,0.8873,-1,-1,-1
650,-1,732.94,322.39,23.19,13.74,0.8837,-1,-1,-1
650,-1,268.15,260.82,42.39,18.97,0.8734,-1,-1,-1
650,-1,372.82,353.49,22.75,22.81,0.8712,-1,-1,-1
650,-1,759.82,313.66,19.74,20.02,0.8539,-1,-1,-1
650,-1,737.50,259.94,21.59,20.06,0.3177,-1,-1,-1
651,-1,52.56,379.14,148.09,57.65,0.9492,-1,-1,-1
651,-1,805.34,235.31,57.43,35.00,0.9365,-1,-1,-1
651,-1,42.38,324.98,68.86,56.37,0.9295,-1,-1,-1
651,-1,759.47,346.89,58.09,29.81,0.9131,-1,-1,-1
651,-1,828.96,283.25,42.70,20.23,0.9044,-1,-1,-1
651,-1,264.63,261.28,42.94,18.97,0.8982,-1,-1,-1
651,-1,683.87,263.48,56.74,27.69,0.8970,-1,-1,-1
651,-1,50.48,112.84,27.00,45.06,0.8945,-1,-1,-1
651,-1,326.12,308.83,31.17,25.28,0.8892,-1,-1,-1
651,-1,729.83,322.45,23.57,13.75,0.8709,-1,-1,-1
651,-1,756.44,314.00,19.88,19.45,0.8547,-1,-1,-1
651,-1,370.31,353.91,22.00,22.60,0.8208,-1,-1,-1
652,-1,43.77,379.74,149.24,57.38,0.9465,-1,-1,-1
652,-1,34.09,324.98,69.93,56.68,0.9319,-1,-1,-1
652,-1,801.81,235.58,57.80,34.59,0.9285,-1,-1,-1
652,-1,756.36,346.99,58.13,29.80,0.9181,-1,-1,-1
652,-1,681.28,263.68,56.32,27.81,0.9101,-1,-1,-1
652,-1,825.82,283.35,43.37,20.17,0.9086,-1,-1,-1
652,-1,261.88,261.43,43.28,19.19,0.8987,-1,-1,-1
652,-1,323.44,309.19,30.11,25.16,0.8948,-1,-1,-1
652,-1,40.67,113.33,27.06,44.78,0.8872,-1,-1,-1
652,-1,727.17,322.34,23.14,13.98,0.8655,-1,-1,-1
652,-1,367.36,354.12,22.01,22.98,0.8552,-1,-1,-1
652,-1,753.69,313.77,20.14,20.13,0.8409,-1,-1,-1
652,-1,732.51,260.14,21.06,19.53,0.3553,-1,-1,-1
653,-1,35.60,379.98,149.99,57.41,0.9480,-1,-1,-1
653,-1,798.01,235.73,58.50,34.65,0.9329,-1,-1,-1
653,-1,753.28,347.10,57.88,29.83,0.9224,-1,-1,-1
653,-1,25.75,325.06,71.31,57.01,0.9093,-1,-1,-1
653,-1,823.11,283.50,42.97,20.19,0.9080,-1,-1,-1
653,-1,678.41,263.72,55.96,27.77,0.9066,-1,-1,-1
653,-1,724.39,322.64,23.29,13.90,0.8951,-1,-1,-1
653,-1,31.80,113.88,26.51,44.73,0.8903,-1,-1,-1
653,-1,320.18,309.87,30.39,24.64,0.8838,-1,-1,-1
653,-1,259.50,261.79,42.47,19.08,0.8827,-1,-1,-1
653,-1,364.84,354.13,22.45,23.09,0.8799,-1,-1,-1
653,-1,751.73,314.04,18.75,20.54,0.8424,-1,-1,-1
654,-1,27.22,380.31,151.14,57.30,0.9469,-1,-1,-1
654,-1,795.37,236.01,57.72,34.74,0.9314,-1,-1,-1
654,-1,17.95,325.29,71.85,56.91,0.9282,-1,-1,-1
654,-1,750.99,347.54,57.90,29.71,0.9266,-1,-1,-1
654,-1,820.64,283.78,42.51,20.24,0.9104,-1,-1,-1
654,-1,675.81,264.30,55.32,27.53,0.9081,-1,-1,-1
654,-1,256.32,262.06,43.82,19.07,0.8975,-1,-1,-1
654,-1,22.68,114.33,26.61,44.07,0.8920,-1,-1,-1
654,-1,317.48,309.58,30.84,25.01,0.8892,-1,-1,-1
654,-1,721.45,322.96,23.53,13.93,0.8755,-1,-1,-1
654,-1,362.59,354.36,21.91,23.40,0.8607,-1,-1,-1
654,-1,748.45,314.32,19.44,19.92,0.8505,-1,-1,-1
655,-1,19.23,380.40,151.67,57.25,0.9470,-1,-1,-1
655,-1,793.07,236.47,57.03,34.66,0.9242,-1,-1,-1
655,-1,748.02,347.93,57.73,29.83,0.9211,-1,-1,-1
655,-1,817.80,284.04,42.73,20.44,0.9077,-1,-1,-1
655,-1,673.61,264.75,54.25,27.16,0.8990,-1,-1,-1
655,-1,253.59,262.21,43.07,19.05,0.8986,-1,-1,-1
655,-1,315.02,310.04,29.84,24.57,0.8841,-1,-1,-1
655,-1,2.97,325.57,79.69,56.48,0.8759,-1,-1,-1
655,-1,718.73,323.34,23.89,13.67,0.8668,-1,-1,-1
655,-1,359.69,354.64,22.06,22.83,0.8499,-1,-1,-1
655,-1,14.22,114.54,25.82,43.73,0.8481,-1,-1,-1
655,-1,746.20,314.86,18.73,19.90,0.8405,-1,-1,-1
655,-1,724.29,260.79,20.95,20.35,0.3475,-1,-1,-1
656,-1,28.26,389.44,148.43,55.90,0.9471,-1,-1,-1
656,-1,797.04,229.94,58.69,34.21,0.9236,-1,-1,-1
656,-1,754.06,342.72,58.69,29.42,0.9188,-1,-1,-1
656,-1,823.63,277.14,43.00,20.71,0.9075,-1,-1,-1
656,-1,18.59,336.08,71.51,55.52,0.9034,-1,-1,-1
656,-1,677.30,260.87,55.25,27.48,0.8998,-1,-1,-1
656,-1,258.89,267.45,42.53,19.19,0.8901,-1,-1,-1
656,-1,18.03,128.22,25.42,42.29,0.8900,-1,-1,-1
656,-1,319.70,313.56,30.84,25.45,0.8835,-1,-1,-1
656,-1,723.73,319.01,24.42,13.90,0.8803,-1,-1,-1
656,-1,751.38,309.88,18.97,19.70,0.8691,-1,-1,-1
656,-1,365.75,357.95,22.37,22.46,0.8688,-1,-1,-1
657,-1,50.36,393.65,143.51,55.17,0.9467,-1,-1,-1
657,-1,40.02,342.10,69.04,54.79,0.9268,-1,-1,-1
657,-1,810.63,224.19,60.08,34.44,0.9225,-1,-1,-1
657,-1,767.73,339.04,60.73,29.66,0.9161,-1,-1,-1
657,-1,838.54,271.32,44.26,21.17,0.9082,-1,-1,-1
657,-1,689.56,257.39,56.17,27.97,0.9052,-1,-1,-1
657,-1,272.37,271.03,41.25,18.72,0.8905,-1,-1,-1
657,-1,332.50,316.02,30.22,25.32,0.8874,-1,-1,-1
657,-1,36.98,138.59,24.54,41.59,0.8785,-1,-1,-1
657,-1,737.03,315.41,24.13,14.37,0.8745,-1,-1,-1
657,-1,378.37,359.06,22.31,23.19,0.8663,-1,-1,-1
657,-1,765.64,305.98,18.79,20.36,0.8467,-1,-1,-1
658,-1,84.73,392.42,136.15,54.08,0.9488,-1,-1,-1
658,-1,836.23,220.13,63.23,35.06,0.9293,-1,-1,-1
658,-1,791.75,337.46,62.59,30.24,0.9152,-1,-1,-1
658,-1,865.49,268.08,46.30,21.68,0.9080,-1,-1,-1
658,-1,710.55,254.95,58.87,28.50,0.9064,-1,-1,-1
658,-1,74.73,342.75,64.87,53.33,0.8988,-1,-1,-1
658,-1,295.28,271.84,39.40,18.61,0.8854,-1,-1,-1
658,-1,354.15,315.67,29.40,24.90,0.8843,-1,-1,-1
658,-1,759.69,313.69,25.20,14.32,0.8750,-1,-1,-1
658,-1,399.09,358.36,21.46,22.89,0.8648,-1,-1,-1
658,-1,789.13,303.74,19.78,20.92,0.8639,-1,-1,-1
658,-1,71.94,145.18,23.82,39.83,0.8506,-1,-1,-1
659,-1,119.77,385.63,129.53,52.78,0.9480,-1,-1,-1
659,-1,867.18,221.53,65.88,35.85,0.9262,-1,-1,-1
659,-1,818.33,341.31,65.31,30.95,0.9253,-1,-1,-1
659,-1,896.65,270.90,48.95,22.33,0.9146,-1,-1,-1
659,-1,736.53,256.14,59.30,29.06,0.9026,-1,-1,-1
659,-1,110.89,336.04,61.27,51.39,0.8988,-1,-1,-1
659,-1,786.00,316.35,25.70,14.56,0.8980,-1,-1,-1
659,-1,420.28,356.88,20.92,22.26,0.8819,-1,-1,-1
659,-1,377.25,313.60,28.74,24.63,0.8801,-1,-1,-1
659,-1,320.23,269.80,39.18,18.13,0.8793,-1,-1,-1
659,-1,816.25,306.54,20.80,20.80,0.8530,-1,-1,-1
659,-1,111.83,144.41,22.24,38.33,0.8069,-1,-1,-1
660,-1,140.12,381.53,125.78,52.43,0.9422,-1,-1,-1
660,-1,886.79,227.64,67.60,36.68,0.9342,-1,-1,-1
660,-1,835.47,348.27,66.31,31.68,0.9271,-1,-1,-1
660,-1,133.03,331.76,58.34,51.12,0.9194,-1,-1,-1
660,-1,752.31,261.27,60.87,28.87,0.9100,-1,-1,-1
660,-1,916.26,278.26,50.69,22.49,0.9094,-1,-1,-1
660,-1,802.16,322.28,27.43,15.10,0.8875,-1,-1,-1
660,-1,391.30,313.74,28.92,24.31,0.8813,-1,-1,-1
660,-1,335.98,269.38,38.02,17.80,0.8715,-1,-1,-1
660,-1,137.97,143.30,21.03,38.44,0.8633,-1,-1,-1
660,-1,833.06,313.02,21.86,21.01,0.8562,-1,-1,-1
660,-1,433.79,357.11,20.14,22.21,0.8428,-1,-1,-1
660,-1,808.97,256.05,24.11,21.73,0.6640,-1,-1,-1
661,-1,144.16,380.64,126.06,52.32,0.9397,-1,-1,-1
661,-1,891.72,223.56,68.01,37.01,0.9214,-1,-1,-1
661,-1,921.07,274.22,50.83,22.84,0.9175,-1,-1,-1
661,-1,755.97,257.87,61.27,28.94,0.9174,-1,-1,-1
661,-1,839.15,344.78,67.63,31.88,0.9122,-1,-1,-1
661,-1,136.92,330.94,58.51,51.40,0.9041,-1,-1,-1
661,-1,338.64,267.90,38.89,18.08,0.8805,-1,-1,-1
661,-1,141.25,143.01,20.98,37.95,0.8787,-1,-1,-1
661,-1,394.44,312.14,28.52,24.33,0.8770,-1,-1,-1
661,-1,436.31,355.25,20.65,22.57,0.8765,-1,-1,-1
661,-1,806.37,319.33,26.73,14.79,0.8686,-1,-1,-1
661,-1,837.58,309.56,21.16,21.53,0.8686,-1,-1,-1
661,-1,812.63,252.48,24.19,21.58,0.3855,-1,-1,-1
662,-1,156.50,380.70,123.38,51.93,0.9420,-1,-1,-1
662,-1,902.81,222.29,70.09,37.11,0.9245,-1,-1,-1
662,-1,148.92,331.33,57.11,50.86,0.9217,-1,-1,-1
662,-1,849.55,344.75,69.00,32.38,0.9174,-1,-1,-1
662,-1,933.19,273.48,52.37,22.85,0.9088,-1,-1,-1
662,-1,765.44,257.27,61.43,29.43,0.9083,-1,-1,-1
662,-1,816.37,319.20,27.18,14.87,0.8876,-1,-1,-1
662,-1,346.96,268.08,39.18,18.25,0.8791,-1,-1,-1
662,-1,444.07,355.51,20.76,22.24,0.8761,-1,-1,-1
662,-1,847.59,308.93,22.50,21.44,0.8754,-1,-1,-1
662,-1,402.35,312.41,28.57,24.20,0.8719,-1,-1,-1
662,-1,152.85,144.85,20.90,37.21,0.8651,-1,-1,-1
663,-1,171.39,380.92,121.24,51.65,0.9439,-1,-1,-1
663,-1,918.78,221.84,72.04,37.46,0.9260,-1,-1,-1
663,-1,164.06,332.32,56.34,50.12,0.9240,-1,-1,-1
663,-1,864.12,345.71,70.52,33.03,0.9168,-1,-1,-1
663,-1,778.18,257.64,63.97,29.03,0.9163,-1,-1,-1
663,-1,949.64,273.39,53.49,23.31,0.9157,-1,-1,-1
663,-1,454.68,356.14,20.80,22.62,0.8856,-1,-1,-1
663,-1,358.57,269.49,38.69,17.85,0.8806,-1,-1,-1
663,-1,413.39,313.47,27.48,23.99,0.8740,-1,-1,-1
663,-1,829.61,319.84,28.13,15.06,0.8731,-1,-1,-1
663,-1,862.84,309.68,22.34,21.51,0.8694,-1,-1,-1
663,-1,168.92,147.95,20.53,37.51,0.8621,-1,-1,-1
663,-1,837.50,251.53,23.83,22.55,0.4021,-1,-1,-1
664,-1,186.35,380.72,119.40,51.39,0.9441,-1,-1,-1
664,-1,936.32,218.82,73.90,37.97,0.9367,-1,-1,-1
664,-1,179.75,332.81,54.80,49.61,0.9301,-1,-1,-1
664,-1,879.68,345.08,72.82,33.28,0.9171,-1,-1,-1
664,-1,967.92,271.49,55.72,23.60,0.9136,-1,-1,-1
664,-1,791.46,255.82,66.52,30.16,0.9083,-1,-1,-1
664,-1,424.28,313.49,28.26,24.10,0.8775,-1,-1,-1
664,-1,844.73,318.87,28.57,15.23,0.8767,-1,-1,-1
664,-1,369.69,270.11,38.19,17.65,0.8760,-1,-1,-1
664,-1,184.51,150.34,19.85,36.90,0.8749,-1,-1,-1
664,-1,877.69,308.46,23.54,22.13,0.8671,-1,-1,-1
664,-1,465.70,356.21,20.03,22.19,0.8581,-1,-1,-1
664,-1,853.32,250.10,23.70,21.93,0.2918,-1,-1,-1
665,-1,199.65,380.56,117.02,50.92,0.9426,-1,-1,-1
665,-1,951.20,215.35,72.70,38.91,0.9282,-1,-1,-1
665,-1,893.44,343.63,75.04,33.97,0.9193,-1,-1,-1
665,-1,193.03,333.02,53.02,49.19,0.9083,-1,-1,-1
665,-1,983.99,268.95,40.01,23.64,0.9052,-1,-1,-1
665,-1,803.03,253.93,66.74,29.78,0.8997,-1,-1,-1
665,-1,857.77,317.20,29.22,15.39,0.8901,-1,-1,-1
665,-1,433.96,313.15,27.52,24.25,0.8770,-1,-1,-1
665,-1,379.41,269.88,38.52,17.83,0.8759,-1,-1,-1
665,-1,196.81,152.15,20.03,36.02,0.8756,-1,-1,-1
665,-1,891.84,307.05,23.48,22.43,0.8705,-1,-1,-1
665,-1,474.85,355.77,20.21,22.18,0.8589,-1,-1,-1
665,-1,865.76,247.62,25.24,22.02,0.7631,-1,-1,-1
665,-1,0.00,287.53,12.42,11.82,0.4863,-1,-1,-1
666,-1,208.95,380.28,115.61,50.76,0.9406,-1,-1,-1
666,-1,963.79,212.31,60.21,39.03,0.9273,-1,-1,-1
666,-1,904.50,342.18,76.16,33.86,0.9238,-1,-1,-1
666,-1,812.85,251.81,67.45,30.50,0.9060,-1,-1,-1
666,-1,201.50,332.92,53.37,49.29,0.8980,-1,-1,-1
666,-1,867.29,315.45,30.45,15.96,0.8948,-1,-1,-1
666,-1,996.71,266.50,27.29,23.60,0.8837,-1,-1,-1
666,-1,440.78,312.58,27.99,23.97,0.8749,-1,-1,-1
666,-1,386.98,269.86,36.69,17.38,0.8742,-1,-1,-1
666,-1,206.13,152.87,19.44,36.59,0.8740,-1,-1,-1
666,-1,902.30,305.02,24.19,22.84,0.8663,-1,-1,-1
666,-1,481.71,355.01,20.15,22.28,0.8442,-1,-1,-1
666,-1,875.48,245.54,25.64,21.85,0.6620,-1,-1,-1
666,-1,0.11,286.44,24.09,14.00,0.5544,-1,-1,-1
667,-1,222.49,380.21,113.23,50.44,0.9383,-1,-1,-1
667,-1,919.02,341.87,78.09,34.05,0.9237,-1,-1,-1
667,-1,980.02,209.46,43.93,38.82,0.9148,-1,-1,-1
667,-1,213.99,333.36,52.43,48.62,0.9146,-1,-1,-1
667,-1,824.76,250.08,69.11,30.95,0.9130,-1,-1,-1
667,-1,881.34,314.54,30.74,16.09,0.8847,-1,-1,-1
667,-1,450.28,312.73,27.58,23.93,0.8762,-1,-1,-1
667,-1,396.72,269.82,37.58,17.63,0.8737,-1,-1,-1
667,-1,491.32,354.98,20.25,22.36,0.8679,-1,-1,-1
667,-1,916.69,303.76,25.12,22.93,0.8639,-1,-1,-1
667,-1,218.25,154.48,19.27,35.88,0.8620,-1,-1,-1
667,-1,889.89,243.19,26.29,22.85,0.8283,-1,-1,-1
667,-1,14.27,287.64,26.39,13.92,0.7900,-1,-1,-1
667,-1,0.00,372.79,20.87,12.58,0.6523,-1,-1,-1
667,-1,1014.04,270.68,9.96,16.39,0.6451,-1,-1,-1
667,-1,0.00,282.59,13.39,20.99,0.5644,-1,-1,-1
668,-1,235.04,380.12,112.33,50.07,0.9408,-1,-1,-1
668,-1,935.33,341.10,81.24,34.83,0.9264,-1,-1,-1
668,-1,227.84,333.76,51.21,48.19,0.9179,-1,-1,-1
668,-1,838.63,248.71,70.30,31.05,0.9159,-1,-1,-1
668,-1,896.94,313.68,31.15,16.13,0.8820,-1,-1,-1
668,-1,501.65,354.85,20.18,22.48,0.8766,-1,-1,-1
668,-1,460.88,312.55,27.55,23.95,0.8724,-1,-1,-1
668,-1,933.45,302.80,25.54,23.96,0.8700,-1,-1,-1
668,-1,407.83,270.04,36.93,17.55,0.8685,-1,-1,-1
668,-1,999.14,206.64,24.86,35.25,0.8603,-1,-1,-1
668,-1,232.30,156.45,18.80,35.56,0.8456,-1,-1,-1
668,-1,906.01,241.95,26.82,22.84,0.7882,-1,-1,-1
668,-1,13.32,284.37,17.99,20.13,0.7565,-1,-1,-1
668,-1,34.69,289.72,23.41,12.94,0.6414,-1,-1,-1
668,-1,5.23,373.29,33.84,11.87,0.3878,-1,-1,-1
669,-1,250.12,380.15,109.59,49.53,0.9429,-1,-1,-1
669,-1,952.52,340.47,71.48,35.52,0.9205,-1,-1,-1
669,-1,854.40,246.85,72.20,31.75,0.9123,-1,-1,-1
669,-1,242.34,333.96,50.00,47.71,0.8887,-1,-1,-1
669,-1,913.79,312.83,32.22,16.37,0.8852,-1,-1,-1
669,-1,419.04,270.43,36.53,17.55,0.8728,-1,-1,-1
669,-1,246.56,158.20,18.92,35.72,0.8720,-1,-1,-1
669,-1,471.84,312.99,27.18,23.50,0.8700,-1,-1,-1
669,-1,950.81,300.69,26.49,25.20,0.8507,-1,-1,-1
669,-1,512.32,355.01,20.60,21.99,0.8432,-1,-1,-1
669,-1,32.72,285.91,16.96,20.09,0.7091,-1,-1,-1
669,-1,923.31,239.41,27.26,23.75,0.6742,-1,-1,-1
669,-1,24.67,373.18,32.92,12.01,0.6215,-1,-1,-1
669,-1,52.86,291.53,22.84,12.20,0.5596,-1,-1,-1
670,-1,263.72,379.97,108.03,49.39,0.9396,-1,-1,-1
670,-1,970.86,339.81,53.14,34.75,0.9134,-1,-1,-1
670,-1,869.99,245.17,74.42,32.23,0.9095,-1,-1,-1
670,-1,930.83,311.79,33.53,16.64,0.8915,-1,-1,-1
670,-1,256.20,334.71,49.10,46.87,0.8832,-1,-1,-1
670,-1,969.26,300.19,27.76,24.41,0.8786,-1,-1,-1
670,-1,482.90,312.60,27.25,24.09,0.8749,-1,-1,-1
670,-1,429.52,270.78,37.90,17.43,0.8696,-1,-1,-1
670,-1,523.25,354.90,20.63,21.98,0.8676,-1,-1,-1
670,-1,260.44,160.21,18.45,34.87,0.8665,-1,-1,-1
670,-1,0.03,307.59,23.97,16.87,0.8637,-1,-1,-1
670,-1,939.69,237.63,29.49,23.78,0.8258,-1,-1,-1
670,-1,51.69,287.07,16.51,19.58,0.5399,-1,-1,-1
670,-1,928.66,331.60,16.99,14.21,0.5284,-1,-1,-1
671,-1,276.81,379.73,107.25,48.73,0.9336,-1,-1,-1
671,-1,885.90,242.98,77.60,32.59,0.9170,-1,-1,-1
671,-1,0.00,307.58,43.54,17.47,0.9086,-1,-1,-1
671,-1,274.33,161.56,18.47,34.71,0.8874,-1,-1,-1
671,-1,948.42,310.57,34.65,17.18,0.8830,-1,-1,-1
671,-1,990.35,339.17,33.65,36.25,0.8763,-1,-1,-1
671,-1,440.87,270.66,36.85,17.33,0.8719,-1,-1,-1
671,-1,269.93,334.92,48.21,46.42,0.8699,-1,-1,-1
671,-1,494.15,312.50,27.03,23.88,0.8699,-1,-1,-1
671,-1,534.16,354.52,20.65,22.48,0.8690,-1,-1,-1
671,-1,988.34,298.80,28.23,25.83,0.8620,-1,-1,-1
671,-1,69.80,288.39,16.25,19.07,0.5987,-1,-1,-1
671,-1,958.70,234.90,29.12,24.07,0.5299,-1,-1,-1
671,-1,946.89,330.77,16.79,14.43,0.3987,-1,-1,-1
671,-1,86.78,293.58,23.01,12.05,0.3746,-1,-1,-1
672,-1,292.51,379.84,105.07,48.33,0.9320,-1,-1,-1
672,-1,902.75,241.23,79.84,32.90,0.9191,-1,-1,-1
672,-1,285.42,335.29,47.18,46.01,0.8906,-1,-1,-1
672,-1,13.77,309.05,49.68,16.97,0.8885,-1,-1,-1
672,-1,967.97,309.42,36.23,17.45,0.8848,-1,-1,-1
672,-1,290.00,163.76,18.11,34.93,0.8846,-1,-1,-1
672,-1,505.94,312.52,27.33,23.98,0.8757,-1,-1,-1
672,-1,453.08,271.25,36.18,17.05,0.8733,-1,-1,-1
672,-1,546.20,354.78,20.18,22.16,0.8546,-1,-1,-1
672,-1,1008.92,296.83,15.08,25.64,0.7792,-1,-1,-1
672,-1,966.59,330.19,17.44,14.50,0.5347,-1,-1,-1
672,-1,983.08,232.31,25.91,23.14,0.4261,-1,-1,-1
672,-1,990.77,232.27,18.30,22.74,0.3774,-1,-1,-1
672,-1,1011.42,342.30,12.58,28.36,0.3663,-1,-1,-1
672,-1,967.01,330.09,16.92,14.61,0.3648,-1,-1,-1
672,-1,88.64,289.91,15.60,18.85,0.2606,-1,-1,-1
672,-1,1011.03,340.33,12.97,29.00,0.2550,-1,-1,-1
673,-1,305.05,380.11,103.64,47.89,0.9361,-1,-1,-1
673,-1,917.16,238.99,83.68,33.71,0.9183,-1,-1,-1
673,-1,297.94,335.61,45.53,45.49,0.9059,-1,-1,-1
673,-1,30.44,310.28,47.61,16.66,0.8891,-1,-1,-1
673,-1,983.82,308.27,36.44,17.51,0.8857,-1,-1,-1
673,-1,462.78,271.44,36.52,17.09,0.8740,-1,-1,-1
673,-1,302.32,165.49,17.97,34.18,0.8730,-1,-1,-1
673,-1,515.20,312.93,26.99,23.70,0.8725,-1,-1,-1
673,-1,555.51,354.77,20.95,22.23,0.8700,-1,-1,-1
673,-1,995.02,229.63,28.90,25.88,0.5983,-1,-1,-1
673,-1,982.29,329.65,17.74,14.29,0.5539,-1,-1,-1
673,-1,982.68,329.66,17.12,14.33,0.3711,-1,-1,-1
673,-1,103.18,291.10,15.51,17.99,0.2644,-1,-1,-1
674,-1,312.58,380.03,103.70,48.01,0.9372,-1,-1,-1
674,-1,927.11,237.62,84.80,34.25,0.9147,-1,-1,-1
674,-1,306.58,336.25,44.99,44.95,0.9124,-1,-1,-1
674,-1,41.56,310.92,47.26,16.54,0.8975,-1,-1,-1
674,-1,310.49,166.22,18.13,34.19,0.8835,-1,-1,-1
674,-1,995.25,307.30,28.75,17.92,0.8818,-1,-1,-1
674,-1,521.85,312.73,27.09,23.83,0.8749,-1,-1,-1
674,-1,469.09,271.39,37.03,17.17,0.8742,-1,-1,-1
674,-1,562.39,354.67,20.58,22.32,0.8596,-1,-1,-1
674,-1,993.30,329.77,18.32,13.95,0.5692,-1,-1,-1
675,-1,320.91,380.05,103.16,47.65,0.9367,-1,-1,-1
675,-1,937.52,236.44,84.17,34.31,0.9113,-1,-1,-1
675,-1,52.33,311.51,46.07,16.32,0.8977,-1,-1,-1
675,-1,314.76,336.12,44.67,45.08,0.8921,-1,-1,-1
675,-1,476.29,271.60,35.76,16.96,0.8784,-1,-1,-1
675,-1,319.29,167.17,18.03,33.88,0.8784,-1,-1,-1
675,-1,528.19,312.70,27.33,23.83,0.8704,-1,-1,-1
675,-1,568.65,354.74,20.50,22.33,0.8528,-1,-1,-1
675,-1,1006.63,308.50,17.37,16.61,0.8501,-1,-1,-1
675,-1,1004.33,328.12,19.41,15.00,0.7246,-1,-1,-1
675,-1,138.55,297.00,20.54,11.91,0.3003,-1,-1,-1
676,-1,328.74,379.89,103.03,47.83,0.9374,-1,-1,-1
676,-1,946.97,235.30,77.03,34.75,0.8987,-1,-1,-1
676,-1,62.12,312.20,45.74,16.07,0.8921,-1,-1,-1
676,-1,534.37,312.64,26.92,23.97,0.8760,-1,-1,-1
676,-1,322.98,336.51,44.44,44.79,0.8750,-1,-1,-1
676,-1,482.32,271.33,35.09,17.35,0.8639,-1,-1,-1
676,-1,327.54,168.15,18.02,33.56,0.8634,-1,-1,-1
676,-1,574.91,354.60,21.61,22.24,0.8503,-1,-1,-1
676,-1,1015.64,327.21,8.36,17.42,0.5236,-1,-1,-1
676,-1,147.93,297.23,19.47,12.14,0.2528,-1,-1,-1
677,-1,337.34,379.65,102.06,47.56,0.9378,-1,-1,-1
677,-1,957.66,233.96,66.34,34.79,0.9158,-1,-1,-1
677,-1,72.15,312.52,45.10,16.03,0.8915,-1,-1,-1
677,-1,488.99,271.42,35.63,17.14,0.8732,-1,-1,-1
677,-1,540.65,312.50,27.73,24.01,0.8719,-1,-1,-1
677,-1,581.36,354.01,20.52,22.83,0.8681,-1,-1,-1
677,-1,336.29,168.63,17.72,33.86,0.8651,-1,-1,-1
677,-1,331.06,336.29,43.79,44.93,0.8608,-1,-1,-1
678,-1,345.48,379.63,101.61,47.44,0.9380,-1,-1,-1
678,-1,968.05,232.67,55.04,34.87,0.9040,-1,-1,-1
678,-1,81.65,313.17,44.13,15.88,0.8970,-1,-1,-1
678,-1,339.26,336.75,43.31,44.47,0.8969,-1,-1,-1
678,-1,495.23,271.55,35.28,17.22,0.8762,-1,-1,-1
678,-1,547.29,312.56,27.63,23.84,0.8726,-1,-1,-1
678,-1,587.72,354.31,20.93,22.37,0.8698,-1,-1,-1
678,-1,344.26,169.62,17.85,33.97,0.8566,-1,-1,-1
679,-1,352.77,379.64,101.76,47.35,0.9387,-1,-1,-1
679,-1,978.19,231.45,45.66,35.44,0.9129,-1,-1,-1
679,-1,91.45,313.67,43.90,15.73,0.9026,-1,-1,-1
679,-1,347.37,336.85,42.67,44.32,0.8796,-1,-1,-1
679,-1,501.20,271.55,36.26,17.10,0.8776,-1,-1,-1
679,-1,553.83,312.24,27.62,24.19,0.8711,-1,-1,-1
679,-1,352.39,170.26,17.93,33.50,0.8646,-1,-1,-1
679,-1,594.04,354.43,21.04,22.25,0.8525,-1,-1,-1
680,-1,361.69,379.61,100.39,47.35,0.9379,-1,-1,-1
680,-1,100.93,314.02,42.78,15.55,0.9010,-1,-1,-1
680,-1,355.33,337.01,42.41,44.21,0.8926,-1,-1,-1
680,-1,989.04,229.88,34.96,34.41,0.8907,-1,-1,-1
680,-1,508.08,271.60,35.13,16.99,0.8797,-1,-1,-1
680,-1,560.65,312.43,27.02,23.94,0.8689,-1,-1,-1
680,-1,360.58,170.97,17.80,33.79,0.8674,-1,-1,-1
680,-1,600.32,354.50,21.45,22.28,0.8474,-1,-1,-1
681,-1,369.30,379.47,100.19,47.48,0.9392,-1,-1,-1
681,-1,110.23,314.44,41.78,15.49,0.9008,-1,-1,-1
681,-1,368.69,171.75,17.98,33.48,0.8791,-1,-1,-1
681,-1,363.29,337.20,42.13,43.75,0.8762,-1,-1,-1
681,-1,566.99,311.92,26.72,24.36,0.8732,-1,-1,-1
681,-1,513.72,271.45,35.21,17.09,0.8668,-1,-1,-1
681,-1,1000.49,228.93,23.51,34.32,0.8478,-1,-1,-1
681,-1,606.96,354.39,21.70,22.15,0.8430,-1,-1,-1
682,-1,377.61,379.16,99.51,47.32,0.9391,-1,-1,-1
682,-1,119.40,314.42,41.35,15.30,0.8985,-1,-1,-1
682,-1,371.12,337.07,42.29,43.64,0.8719,-1,-1,-1
682,-1,573.50,311.71,27.15,24.14,0.8715,-1,-1,-1
682,-1,520.60,271.36,35.81,16.96,0.8699,-1,-1,-1
682,-1,613.28,353.98,22.48,22.42,0.8648,-1,-1,-1
682,-1,376.99,172.01,17.86,33.41,0.8442,-1,-1,-1
682,-1,1011.63,234.38,12.37,24.75,0.6690,-1,-1,-1
683,-1,384.20,379.05,98.91,47.52,0.9391,-1,-1,-1
683,-1,377.62,336.88,41.74,43.27,0.9128,-1,-1,-1
683,-1,127.48,314.37,40.99,15.17,0.8978,-1,-1,-1
683,-1,579.15,312.17,26.69,23.52,0.8720,-1,-1,-1
683,-1,619.35,353.90,21.90,22.39,0.8683,-1,-1,-1
683,-1,525.87,271.14,35.71,16.87,0.8668,-1,-1,-1
683,-1,384.03,171.86,17.84,33.80,0.8637,-1,-1,-1
684,-1,391.78,378.22,98.78,47.65,0.9412,-1,-1,-1
684,-1,136.69,313.96,40.23,15.27,0.8929,-1,-1,-1
684,-1,392.01,171.89,17.57,33.49,0.8833,-1,-1,-1
684,-1,585.81,310.95,27.31,24.22,0.8788,-1,-1,-1
684,-1,532.18,270.28,34.77,17.13,0.8699,-1,-1,-1
684,-1,625.92,353.50,22.25,22.43,0.8395,-1,-1,-1
684,-1,385.24,336.53,41.73,42.93,0.7155,-1,-1,-1
685,-1,399.20,378.61,98.70,47.19,0.9420,-1,-1,-1
685,-1,145.81,314.91,39.64,14.94,0.8978,-1,-1,-1
685,-1,393.01,336.86,40.80,42.84,0.8870,-1,-1,-1
685,-1,399.25,172.44,17.92,33.47,0.8839,-1,-1,-1
685,-1,592.57,310.75,27.48,24.50,0.8772,-1,-1,-1
685,-1,538.56,270.12,35.93,17.24,0.8705,-1,-1,-1
685,-1,632.91,353.73,22.41,22.22,0.8527,-1,-1,-1
686,-1,407.87,379.19,97.98,47.35,0.9379,-1,-1,-1
686,-1,155.77,316.26,39.36,14.98,0.9127,-1,-1,-1
686,-1,407.58,173.79,17.87,33.64,0.8756,-1,-1,-1
686,-1,545.13,271.25,37.11,16.79,0.8721,-1,-1,-1
686,-1,599.46,312.52,27.22,23.14,0.8705,-1,-1,-1
686,-1,639.65,354.23,22.67,22.40,0.8494,-1,-1,-1
686,-1,401.67,337.38,40.05,43.24,0.8296,-1,-1,-1
686,-1,0.02,353.03,11.88,14.39,0.5193,-1,-1,-1
687,-1,414.96,379.35,98.08,46.94,0.9393,-1,-1,-1
687,-1,164.21,316.74,38.90,14.64,0.9167,-1,-1,-1
687,-1,409.26,337.28,39.77,43.28,0.9013,-1,-1,-1
687,-1,606.24,310.85,27.54,24.73,0.8715,-1,-1,-1
687,-1,552.11,270.91,36.84,17.09,0.8679,-1,-1,-1
687,-1,4.00,352.96,19.57,15.15,0.8650,-1,-1,-1
687,-1,646.65,353.85,22.67,22.86,0.8479,-1,-1,-1
687,-1,415.90,174.42,17.73,33.41,0.8410,-1,-1,-1
687,-1,0.00,290.57,14.09,12.57,0.5077,-1,-1,-1
688,-1,422.92,379.27,97.64,46.86,0.9388,-1,-1,-1
688,-1,172.66,317.15,38.22,14.46,0.9116,-1,-1,-1
688,-1,612.54,310.79,28.18,24.73,0.8800,-1,-1,-1
688,-1,558.44,270.75,37.18,17.23,0.8649,-1,-1,-1
688,-1,653.24,353.90,23.23,22.75,0.8628,-1,-1,-1
688,-1,423.26,174.82,18.08,32.94,0.8558,-1,-1,-1
688,-1,15.31,353.06,19.77,15.46,0.8550,-1,-1,-1
688,-1,417.05,337.32,39.61,43.23,0.7631,-1,-1,-1
688,-1,0.00,291.63,26.08,15.20,0.7500,-1,-1,-1
689,-1,428.85,378.40,98.10,46.97,0.9437,-1,-1,-1
689,-1,180.09,316.11,37.40,14.55,0.9102,-1,-1,-1
689,-1,422.99,336.93,39.87,42.85,0.8881,-1,-1,-1
689,-1,618.68,310.58,28.19,24.42,0.8843,-1,-1,-1
689,-1,430.83,174.08,17.21,33.21,0.8710,-1,-1,-1
689,-1,659.45,353.53,22.01,22.56,0.8688,-1,-1,-1
689,-1,564.17,270.24,36.65,16.91,0.8668,-1,-1,-1
689,-1,24.86,351.80,19.45,15.22,0.8642,-1,-1,-1
689,-1,7.30,290.64,27.27,15.36,0.8304,-1,-1,-1
689,-1,0.00,304.33,9.45,14.98,0.5612,-1,-1,-1
690,-1,435.87,378.01,97.89,46.91,0.9473,-1,-1,-1
690,-1,188.02,315.90,36.97,14.40,0.9099,-1,-1,-1
690,-1,625.08,309.46,28.87,25.19,0.8859,-1,-1,-1
690,-1,438.49,173.92,16.66,33.35,0.8700,-1,-1,-1
690,-1,571.21,269.46,35.79,17.37,0.8684,-1,-1,-1
690,-1,35.80,351.17,19.18,14.89,0.8659,-1,-1,-1
690,-1,665.84,353.04,23.01,22.92,0.8530,-1,-1,-1
690,-1,0.07,303.70,20.83,14.71,0.8432,-1,-1,-1
690,-1,18.13,290.50,27.71,14.92,0.8278,-1,-1,-1
690,-1,429.81,336.44,39.90,42.54,0.4764,-1,-1,-1
691,-1,444.06,377.29,97.93,46.76,0.9406,-1,-1,-1
691,-1,197.18,315.15,36.29,14.34,0.8991,-1,-1,-1
691,-1,632.59,309.16,29.06,25.10,0.8806,-1,-1,-1
691,-1,446.67,173.46,16.63,32.72,0.8778,-1,-1,-1
691,-1,578.63,268.77,36.62,17.30,0.8640,-1,-1,-1
691,-1,9.68,303.47,23.48,14.20,0.8615,-1,-1,-1
691,-1,437.58,335.56,39.62,42.66,0.8536,-1,-1,-1
691,-1,673.46,352.60,23.23,23.21,0.8504,-1,-1,-1
691,-1,48.11,350.44,18.71,14.38,0.8474,-1,-1,-1
691,-1,30.90,289.99,22.68,14.81,0.6729,-1,-1,-1
692,-1,450.54,379.10,98.92,46.97,0.9396,-1,-1,-1
692,-1,206.12,317.93,36.17,14.16,0.9055,-1,-1,-1
692,-1,639.75,310.48,29.05,24.63,0.8797,-1,-1,-1
692,-1,584.97,269.68,37.14,17.57,0.8733,-1,-1,-1
692,-1,22.86,307.22,22.16,13.93,0.8616,-1,-1,-1
692,-1,59.77,353.71,18.54,13.95,0.8536,-1,-1,-1
692,-1,680.87,353.69,23.75,22.89,0.8522,-1,-1,-1
692,-1,453.67,175.63,17.08,32.41,0.8476,-1,-1,-1
692,-1,445.51,337.40,39.12,42.54,0.8283,-1,-1,-1
692,-1,42.76,294.06,26.48,14.10,0.8043,-1,-1,-1
693,-1,460.60,379.28,97.47,46.51,0.9422,-1,-1,-1
693,-1,454.24,337.62,39.21,42.61,0.8902,-1,-1,-1
693,-1,648.25,309.80,29.24,25.32,0.8874,-1,-1,-1
693,-1,216.47,318.89,35.78,13.97,0.8816,-1,-1,-1
693,-1,37.48,308.63,20.86,13.67,0.8775,-1,-1,-1
693,-1,593.28,269.32,37.09,17.82,0.8651,-1,-1,-1
693,-1,463.14,176.24,16.98,32.24,0.8528,-1,-1,-1
693,-1,689.78,353.58,23.78,23.16,0.8506,-1,-1,-1
693,-1,73.18,354.35,18.45,14.15,0.8472,-1,-1,-1
693,-1,57.00,295.59,25.88,14.52,0.8299,-1,-1,-1
694,-1,470.22,379.28,97.36,46.06,0.9404,-1,-1,-1
694,-1,226.76,319.15,35.10,14.10,0.8895,-1,-1,-1
694,-1,657.49,309.84,28.77,24.96,0.8809,-1,-1,-1
694,-1,51.50,309.38,22.04,13.57,0.8717,-1,-1,-1
694,-1,699.08,353.65,23.78,23.02,0.8716,-1,-1,-1
694,-1,601.61,269.30,37.24,17.61,0.8667,-1,-1,-1
694,-1,472.10,176.61,17.72,32.44,0.8597,-1,-1,-1
694,-1,463.90,337.99,39.09,42.01,0.8286,-1,-1,-1
694,-1,71.44,296.27,25.16,14.28,0.8265,-1,-1,-1
694,-1,86.91,354.36,17.24,14.13,0.8128,-1,-1,-1
695,-1,477.26,379.46,97.58,46.11,0.9403,-1,-1,-1
695,-1,234.34,319.56,34.45,13.87,0.8882,-1,-1,-1
695,-1,664.00,309.50,29.67,25.46,0.8866,-1,-1,-1
695,-1,471.07,337.94,39.10,42.47,0.8862,-1,-1,-1
695,-1,62.74,309.84,20.61,13.35,0.8693,-1,-1,-1
695,-1,706.03,353.42,23.90,23.50,0.8678,-1,-1,-1
695,-1,608.52,269.11,37.14,17.88,0.8625,-1,-1,-1
695,-1,479.74,176.94,17.96,32.06,0.8543,-1,-1,-1
695,-1,96.85,354.89,18.11,14.12,0.8399,-1,-1,-1
695,-1,81.65,297.13,24.70,14.44,0.8294,-1,-1,-1
696,-1,484.95,379.35,97.83,45.94,0.9393,-1,-1,-1
696,-1,671.11,309.61,29.56,25.04,0.8842,-1,-1,-1
696,-1,241.96,319.60,34.44,13.75,0.8842,-1,-1,-1
696,-1,615.33,268.55,37.30,18.20,0.8760,-1,-1,-1
696,-1,713.08,353.37,24.64,23.49,0.8674,-1,-1,-1
696,-1,73.21,310.06,20.53,13.31,0.8651,-1,-1,-1
696,-1,487.55,176.97,18.05,32.02,0.8530,-1,-1,-1
696,-1,91.60,297.17,24.73,14.01,0.8325,-1,-1,-1
696,-1,478.56,337.79,38.71,42.23,0.8039,-1,-1,-1
696,-1,107.24,354.47,16.80,13.89,0.7902,-1,-1,-1
697,-1,492.37,379.28,97.56,46.09,0.9423,-1,-1,-1
697,-1,678.07,309.42,29.89,25.24,0.8899,-1,-1,-1
697,-1,249.12,319.91,34.38,13.78,0.8840,-1,-1,-1
697,-1,485.94,338.12,38.68,42.13,0.8829,-1,-1,-1
697,-1,621.33,268.91,36.64,17.68,0.8642,-1,-1,-1
697,-1,495.20,177.30,18.05,31.95,0.8635,-1,-1,-1
697,-1,83.18,310.81,19.91,13.26,0.8578,-1,-1,-1
697,-1,720.22,353.54,24.76,23.75,0.8563,-1,-1,-1
697,-1,116.68,355.07,17.17,13.72,0.8405,-1,-1,-1
697,-1,101.84,298.14,23.70,14.15,0.8130,-1,-1,-1
698,-1,499.55,379.55,98.10,45.98,0.9377,-1,-1,-1
698,-1,684.79,308.97,30.54,25.54,0.8920,-1,-1,-1
698,-1,256.82,320.29,33.37,13.67,0.8819,-1,-1,-1
698,-1,628.29,268.21,37.99,18.30,0.8723,-1,-1,-1
698,-1,502.94,177.62,17.99,31.90,0.8675,-1,-1,-1
698,-1,727.41,353.64,24.96,23.48,0.8649,-1,-1,-1
698,-1,493.70,338.64,38.00,41.55,0.8296,-1,-1,-1
698,-1,112.02,298.85,22.85,14.08,0.8037,-1,-1,-1
698,-1,93.50,311.54,19.94,12.95,0.8019,-1,-1,-1
698,-1,126.11,355.21,17.03,13.43,0.7594,-1,-1,-1
699,-1,506.70,379.59,98.37,46.07,0.9400,-1,-1,-1
699,-1,501.07,338.40,37.89,41.79,0.9002,-1,-1,-1
699,-1,691.86,309.25,29.84,25.24,0.8925,-1,-1,-1
699,-1,264.13,320.38,33.05,13.63,0.8844,-1,-1,-1
699,-1,634.60,268.30,38.31,17.89,0.8693,-1,-1,-1
699,-1,510.86,177.67,17.93,31.85,0.8662,-1,-1,-1
699,-1,735.09,353.36,24.76,23.52,0.8595,-1,-1,-1
699,-1,103.60,311.59,19.14,13.11,0.8439,-1,-1,-1
699,-1,121.47,299.31,22.89,14.07,0.8028,-1,-1,-1
699,-1,432.72,306.51,16.78,16.62,0.6772,-1,-1,-1
699,-1,135.78,355.05,16.02,13.21,0.6166,-1,-1,-1
700,-1,514.41,379.60,98.75,46.17,0.9389,-1,-1,-1
700,-1,508.64,338.49,37.70,41.89,0.9017,-1,-1,-1
700,-1,699.17,308.88,30.10,25.63,0.8938,-1,-1,-1
700,-1,271.70,320.93,32.94,13.42,0.8813,-1,-1,-1
700,-1,518.56,178.01,18.00,31.65,0.8711,-1,-1,-1
700,-1,641.02,267.83,39.36,18.24,0.8702,-1,-1,-1
700,-1,742.53,353.34,25.12,23.63,0.8637,-1,-1,-1
700,-1,131.19,300.30,23.33,13.60,0.7952,-1,-1,-1
700,-1,113.40,312.50,19.52,12.80,0.7744,-1,-1,-1
700,-1,145.31,355.18,16.56,13.90,0.7665,-1,-1,-1
700,-1,439.28,306.77,16.91,16.73,0.6703,-1,-1,-1
700,-1,0.00,369.91,9.57,13.13,0.3439,-1,-1,-1
701,-1,521.94,379.62,98.98,46.39,0.9389,-1,-1,-1
701,-1,706.34,308.78,30.30,25.62,0.8912,-1,-1,-1
701,-1,516.26,338.51,37.30,42.00,0.8853,-1,-1,-1
701,-1,278.46,321.10,33.29,13.45,0.8797,-1,-1,-1
701,-1,648.07,267.72,38.98,18.26,0.8758,-1,-1,-1
701,-1,525.95,178.10,18.11,31.78,0.8688,-1,-1,-1
701,-1,749.18,353.18,26.10,23.72,0.8652,-1,-1,-1
701,-1,123.47,313.02,18.56,12.53,0.8064,-1,-1,-1
701,-1,445.64,306.73,18.01,17.06,0.8038,-1,-1,-1
701,-1,0.00,370.18,19.70,13.29,0.7510,-1,-1,-1
701,-1,153.83,355.29,16.76,13.51,0.7335,-1,-1,-1
701,-1,139.65,300.58,22.66,13.50,0.6744,-1,-1,-1
702,-1,528.77,379.39,98.88,46.51,0.9383,-1,-1,-1
702,-1,523.10,338.31,37.42,41.74,0.8987,-1,-1,-1
702,-1,713.17,308.53,30.78,25.73,0.8852,-1,-1,-1
702,-1,285.14,320.88,32.78,13.43,0.8842,-1,-1,-1
702,-1,655.08,267.36,37.73,18.18,0.8823,-1,-1,-1
702,-1,533.14,177.60,18.21,31.86,0.8771,-1,-1,-1
702,-1,756.36,352.78,25.72,24.31,0.8643,-1,-1,-1
702,-1,132.41,312.83,18.04,12.58,0.8062,-1,-1,-1
702,-1,10.27,369.21,19.06,13.54,0.7915,-1,-1,-1
702,-1,149.21,300.69,21.89,13.96,0.7901,-1,-1,-1
702,-1,452.10,305.28,17.82,17.96,0.7848,-1,-1,-1
702,-1,162.77,355.06,16.77,12.86,0.7213,-1,-1,-1
702,-1,15.13,308.27,24.19,22.23,0.5235,-1,-1,-1
703,-1,535.39,379.53,99.39,46.89,0.9376,-1,-1,-1
703,-1,660.53,267.25,38.93,18.39,0.8883,-1,-1,-1
703,-1,291.69,321.44,32.75,13.26,0.8850,-1,-1,-1
703,-1,719.55,308.13,31.87,26.16,0.8798,-1,-1,-1
703,-1,763.20,352.93,26.12,24.32,0.8719,-1,-1,-1
703,-1,539.76,178.01,18.25,31.75,0.8677,-1,-1,-1
703,-1,529.93,338.72,36.82,41.32,0.8560,-1,-1,-1
703,-1,140.74,313.55,18.10,12.52,0.8252,-1,-1,-1
703,-1,19.86,369.88,18.98,13.88,0.8248,-1,-1,-1
703,-1,457.43,306.21,18.24,17.28,0.8089,-1,-1,-1
703,-1,156.98,301.47,20.73,13.66,0.6519,-1,-1,-1
703,-1,171.09,355.36,15.73,13.17,0.6456,-1,-1,-1
703,-1,26.93,311.13,22.10,21.85,0.5550,-1,-1,-1
703,-1,493.63,210.24,20.64,12.07,0.3171,-1,-1,-1
704,-1,542.87,379.55,99.66,46.96,0.9380,-1,-1,-1
704,-1,537.15,338.77,37.02,41.97,0.9110,-1,-1,-1
704,-1,727.11,307.80,31.47,26.37,0.8864,-1,-1,-1
704,-1,547.59,178.11,18.44,31.86,0.8831,-1,-1,-1
704,-1,298.49,321.79,32.40,13.46,0.8816,-1,-1,-1
704,-1,667.70,266.92,39.29,18.48,0.8803,-1,-1,-1
704,-1,770.98,352.89,26.52,24.42,0.8750,-1,-1,-1
704,-1,464.05,306.98,18.32,16.92,0.8363,-1,-1,-1
704,-1,30.83,370.23,18.94,13.75,0.7979,-1,-1,-1
704,-1,166.46,302.26,20.84,13.08,0.6921,-1,-1,-1
704,-1,150.02,314.42,18.60,12.49,0.6206,-1,-1,-1
704,-1,180.42,356.00,15.41,12.55,0.4174,-1,-1,-1
704,-1,500.15,210.35,20.58,12.25,0.3067,-1,-1,-1
705,-1,550.28,379.54,100.20,47.20,0.9360,-1,-1,-1
705,-1,734.67,307.75,31.86,26.37,0.8881,-1,-1,-1
705,-1,674.31,266.67,39.20,18.46,0.8819,-1,-1,-1
705,-1,544.92,338.76,36.69,42.24,0.8805,-1,-1,-1
705,-1,555.19,178.26,18.65,31.76,0.8794,-1,-1,-1
705,-1,778.71,352.81,26.76,24.60,0.8762,-1,-1,-1
705,-1,305.75,322.10,31.98,13.30,0.8716,-1,-1,-1
705,-1,470.20,307.56,18.47,16.72,0.8411,-1,-1,-1
705,-1,41.16,370.43,18.84,12.99,0.7619,-1,-1,-1
705,-1,159.23,314.91,18.13,12.54,0.6962,-1,-1,-1
705,-1,188.79,356.13,15.35,12.98,0.4959,-1,-1,-1
705,-1,175.68,302.90,18.65,12.67,0.3533,-1,-1,-1
705,-1,507.37,210.47,20.14,12.04,0.3229,-1,-1,-1
706,-1,557.21,379.58,101.02,47.22,0.9393,-1,-1,-1
706,-1,552.23,338.72,37.15,42.25,0.9060,-1,-1,-1
706,-1,742.22,307.76,31.94,26.09,0.8907,-1,-1,-1
706,-1,681.30,266.62,39.14,18.21,0.8829,-1,-1,-1
706,-1,563.16,178.08,18.71,31.88,0.8776,-1,-1,-1
706,-1,786.67,352.69,27.00,24.75,0.8774,-1,-1,-1
706,-1,312.98,322.43,31.23,13.00,0.8656,-1,-1,-1
706,-1,476.49,308.03,18.35,16.14,0.8357,-1,-1,-1
706,-1,51.69,370.58,18.15,13.06,0.7589,-1,-1,-1
706,-1,168.41,315.31,18.38,12.34,0.6680,-1,-1,-1
706,-1,197.58,356.28,15.08,12.94,0.2767,-1,-1,-1
707,-1,564.92,379.56,101.36,47.44,0.9351,-1,-1,-1
707,-1,749.76,307.14,32.15,26.57,0.8952,-1,-1,-1
707,-1,570.42,178.26,19.18,31.76,0.8789,-1,-1,-1
707,-1,688.64,265.94,38.73,18.76,0.8786,-1,-1,-1
707,-1,794.43,352.54,27.34,24.91,0.8764,-1,-1,-1
707,-1,319.90,322.74,31.15,13.15,0.8718,-1,-1,-1
707,-1,559.34,338.90,37.05,41.78,0.8694,-1,-1,-1
707,-1,482.73,307.44,18.99,17.11,0.8401,-1,-1,-1
707,-1,61.77,370.67,18.44,12.89,0.7364,-1,-1,-1
707,-1,193.37,303.77,20.42,12.92,0.5830,-1,-1,-1
707,-1,177.12,315.89,18.02,12.46,0.3508,-1,-1,-1
708,-1,572.53,379.65,101.65,47.55,0.9385,-1,-1,-1
708,-1,566.97,339.31,36.73,41.85,0.9052,-1,-1,-1
708,-1,695.75,266.17,40.57,18.27,0.8960,-1,-1,-1
708,-1,757.21,307.01,32.68,26.55,0.8909,-1,-1,-1
708,-1,326.45,323.00,31.37,13.14,0.8787,-1,-1,-1
708,-1,578.10,178.36,19.53,31.79,0.8761,-1,-1,-1
708,-1,802.57,352.48,27.63,25.07,0.8696,-1,-1,-1
708,-1,489.00,308.47,18.31,15.94,0.8366,-1,-1,-1
708,-1,71.74,370.89,17.92,12.99,0.7615,-1,-1,-1
708,-1,185.96,316.39,17.57,12.43,0.5387,-1,-1,-1
708,-1,201.83,304.20,19.57,13.37,0.4760,-1,-1,-1
708,-1,214.30,356.56,15.43,12.62,0.3551,-1,-1,-1
708,-1,80.54,317.29,18.78,16.77,0.2575,-1,-1,-1
709,-1,579.71,379.59,102.47,47.73,0.9332,-1,-1,-1
709,-1,333.17,323.19,31.00,13.03,0.8841,-1,-1,-1
709,-1,586.15,178.03,19.07,31.81,0.8815,-1,-1,-1
709,-1,702.77,265.46,38.50,18.68,0.8803,-1,-1,-1
709,-1,764.49,307.05,33.13,26.42,0.8791,-1,-1,-1
709,-1,810.41,352.35,28.03,25.12,0.8744,-1,-1,-1
709,-1,574.20,339.21,37.11,41.79,0.8697,-1,-1,-1
709,-1,495.46,307.60,18.76,17.04,0.7968,-1,-1,-1
709,-1,210.30,304.63,20.03,13.01,0.6650,-1,-1,-1
709,-1,81.73,370.98,17.29,12.13,0.5436,-1,-1,-1
709,-1,194.42,316.78,17.33,12.47,0.5388,-1,-1,-1
710,-1,587.06,379.60,102.92,48.02,0.9395,-1,-1,-1
710,-1,772.30,306.30,33.56,27.06,0.8967,-1,-1,-1
710,-1,709.76,264.88,39.72,18.88,0.8861,-1,-1,-1
710,-1,818.69,352.20,28.15,25.43,0.8757,-1,-1,-1
710,-1,593.49,177.84,19.70,31.93,0.8747,-1,-1,-1
710,-1,339.52,323.28,30.64,13.11,0.8685,-1,-1,-1
710,-1,501.40,308.28,18.44,16.31,0.8345,-1,-1,-1
710,-1,581.62,339.08,36.71,41.98,0.8316,-1,-1,-1
710,-1,217.96,305.34,20.35,13.01,0.6469,-1,-1,-1
710,-1,91.16,371.28,17.12,12.26,0.4460,-1,-1,-1
710,-1,202.87,317.30,18.17,12.39,0.3229,-1,-1,-1
711,-1,594.67,379.70,103.53,48.07,0.9343,-1,-1,-1
711,-1,780.06,305.65,33.71,27.53,0.9002,-1,-1,-1
711,-1,601.49,177.79,19.29,32.22,0.8823,-1,-1,-1
711,-1,716.57,264.65,40.74,18.82,0.8778,-1,-1,-1
711,-1,346.46,323.52,30.44,13.08,0.8762,-1,-1,-1
711,-1,826.81,352.28,28.44,25.53,0.8727,-1,-1,-1
711,-1,589.28,339.24,36.67,42.08,0.8628,-1,-1,-1
711,-1,507.44,306.95,18.52,17.99,0.8351,-1,-1,-1
711,-1,226.52,305.61,19.53,13.04,0.6308,-1,-1,-1
711,-1,100.57,371.13,16.70,12.37,0.4437,-1,-1,-1
711,-1,211.35,317.53,17.79,12.21,0.3185,-1,-1,-1
712,-1,602.12,379.83,104.08,48.20,0.9401,-1,-1,-1
712,-1,787.70,305.29,34.25,27.57,0.8956,-1,-1,-1
712,-1,608.92,177.51,19.87,32.28,0.8888,-1,-1,-1
712,-1,352.85,323.65,30.17,13.08,0.8797,-1,-1,-1
712,-1,724.22,264.08,40.79,19.05,0.8794,-1,-1,-1
712,-1,834.89,352.13,29.17,25.59,0.8755,-1,-1,-1
712,-1,513.43,308.10,18.61,16.65,0.8547,-1,-1,-1
712,-1,596.69,339.47,36.52,42.01,0.8262,-1,-1,-1
712,-1,234.15,306.12,19.02,13.17,0.6256,-1,-1,-1
712,-1,109.54,371.14,16.53,12.33,0.4169,-1,-1,-1
712,-1,219.25,317.94,18.13,11.95,0.2769,-1,-1,-1
713,-1,609.70,379.90,105.11,48.34,0.9334,-1,-1,-1
713,-1,795.91,304.58,34.79,28.04,0.8996,-1,-1,-1
713,-1,604.53,339.39,36.59,42.17,0.8875,-1,-1,-1
713,-1,359.69,323.93,29.39,13.18,0.8850,-1,-1,-1
713,-1,617.01,177.36,19.64,31.85,0.8831,-1,-1,-1
713,-1,843.58,351.95,29.48,25.86,0.8801,-1,-1,-1
713,-1,731.34,263.84,41.49,18.89,0.8770,-1,-1,-1
713,-1,520.22,308.17,18.23,16.88,0.8121,-1,-1,-1
713,-1,119.06,371.35,16.18,12.08,0.5054,-1,-1,-1
713,-1,242.49,306.60,19.13,12.64,0.4783,-1,-1,-1
713,-1,227.61,318.38,17.34,12.06,0.4551,-1,-1,-1
714,-1,617.01,380.15,105.88,48.16,0.9395,-1,-1,-1
714,-1,803.93,304.15,34.56,28.32,0.8943,-1,-1,-1
714,-1,624.62,177.18,20.08,31.57,0.8843,-1,-1,-1
714,-1,851.99,351.75,29.94,25.91,0.8813,-1,-1,-1
714,-1,738.02,263.40,42.41,18.77,0.8760,-1,-1,-1
714,-1,611.56,339.47,36.97,42.08,0.8732,-1,-1,-1
714,-1,365.91,324.16,30.03,13.00,0.8663,-1,-1,-1
714,-1,526.40,308.51,18.57,16.57,0.8382,-1,-1,-1
714,-1,249.90,306.71,18.23,13.58,0.5086,-1,-1,-1
714,-1,235.68,318.67,17.42,12.02,0.2581,-1,-1,-1
715,-1,624.26,380.19,106.56,48.12,0.9341,-1,-1,-1
715,-1,618.32,339.62,37.15,41.80,0.9093,-1,-1,-1
715,-1,744.49,263.32,43.33,18.50,0.8980,-1,-1,-1
715,-1,811.32,304.17,35.13,28.08,0.8970,-1,-1,-1
715,-1,631.37,176.73,20.58,31.96,0.8876,-1,-1,-1
715,-1,859.92,351.71,30.34,25.88,0.8824,-1,-1,-1
715,-1,371.75,324.33,29.26,13.04,0.8770,-1,-1,-1
715,-1,531.70,307.75,18.44,17.46,0.8411,-1,-1,-1
715,-1,257.60,306.53,17.27,13.86,0.5950,-1,-1,-1
715,-1,243.07,319.12,16.44,12.01,0.3495,-1,-1,-1
715,-1,135.71,371.64,16.00,11.89,0.3122,-1,-1,-1
716,-1,632.83,380.35,107.82,48.57,0.9397,-1,-1,-1
716,-1,627.13,339.69,37.14,42.01,0.9053,-1,-1,-1
716,-1,821.11,303.82,35.98,28.23,0.8967,-1,-1,-1
716,-1,640.50,175.99,20.89,32.24,0.8899,-1,-1,-1
716,-1,870.92,351.79,30.98,26.37,0.8835,-1,-1,-1
716,-1,754.26,262.36,42.46,19.10,0.8765,-1,-1,-1
716,-1,379.65,324.54,29.07,13.15,0.8708,-1,-1,-1
716,-1,539.18,308.03,18.75,17.18,0.8466,-1,-1,-1
716,-1,267.05,308.15,17.93,13.37,0.6225,-1,-1,-1
717,-1,643.92,380.47,108.74,48.95,0.9347,-1,-1,-1
717,-1,651.83,175.52,20.83,32.01,0.8964,-1,-1,-1
717,-1,766.19,262.01,43.83,18.73,0.8962,-1,-1,-1
717,-1,834.26,302.92,37.05,28.77,0.8940,-1,-1,-1
717,-1,884.97,351.33,32.16,26.65,0.8918,-1,-1,-1
717,-1,389.87,325.27,28.96,12.88,0.8780,-1,-1,-1
717,-1,638.37,339.16,37.31,42.68,0.8672,-1,-1,-1
717,-1,549.00,308.70,18.79,16.90,0.8388,-1,-1,-1
717,-1,278.75,308.87,17.18,12.63,0.6626,-1,-1,-1
717,-1,264.04,320.78,16.53,11.51,0.2783,-1,-1,-1
718,-1,652.61,380.53,110.90,49.06,0.9379,-1,-1,-1
718,-1,897.09,350.39,32.77,27.54,0.8962,-1,-1,-1
718,-1,845.43,302.07,37.88,29.15,0.8945,-1,-1,-1
718,-1,776.31,260.48,43.85,19.27,0.8941,-1,-1,-1
718,-1,661.11,173.99,21.20,32.84,0.8927,-1,-1,-1
718,-1,647.22,338.74,37.76,42.95,0.8837,-1,-1,-1
718,-1,398.01,325.48,29.12,12.92,0.8533,-1,-1,-1
718,-1,556.97,308.67,19.13,16.85,0.8429,-1,-1,-1
718,-1,288.08,309.35,16.67,12.61,0.3063,-1,-1,-1
719,-1,661.56,380.72,112.25,49.78,0.9390,-1,-1,-1
719,-1,856.45,301.31,38.95,29.54,0.9005,-1,-1,-1
719,-1,656.26,338.51,37.82,43.34,0.8996,-1,-1,-1
719,-1,909.13,350.43,33.79,27.67,0.8931,-1,-1,-1
719,-1,670.44,173.43,21.27,33.00,0.8920,-1,-1,-1
719,-1,785.79,259.60,45.61,19.54,0.8750,-1,-1,-1
719,-1,406.42,325.77,28.22,12.88,0.8517,-1,-1,-1
719,-1,565.02,308.57,19.12,17.02,0.8336,-1,-1,-1
719,-1,296.64,310.24,16.65,12.14,0.3084,-1,-1,-1
720,-1,671.96,380.05,112.93,50.13,0.9363,-1,-1,-1
720,-1,868.80,299.94,40.83,29.72,0.9073,-1,-1,-1
720,-1,666.09,338.04,38.05,43.53,0.9010,-1,-1,-1
720,-1,680.37,171.54,21.54,33.19,0.8965,-1,-1,-1
720,-1,922.89,349.31,34.38,27.79,0.8947,-1,-1,-1
720,-1,796.70,257.59,44.77,20.01,0.8770,-1,-1,-1
720,-1,415.11,325.68,28.57,12.82,0.8511,-1,-1,-1
720,-1,573.73,308.48,19.08,16.45,0.8489,-1,-1,-1
721,-1,680.52,379.60,114.87,50.08,0.9421,-1,-1,-1
721,-1,806.80,256.20,45.84,20.14,0.9066,-1,-1,-1
721,-1,935.18,348.56,34.89,27.60,0.9024,-1,-1,-1
721,-1,879.81,298.30,41.36,30.21,0.8987,-1,-1,-1
721,-1,689.01,169.98,21.95,33.20,0.8873,-1,-1,-1
721,-1,422.94,325.50,28.38,12.92,0.8740,-1,-1,-1
721,-1,674.94,337.63,38.36,43.65,0.8619,-1,-1,-1
721,-1,581.43,307.42,19.09,16.97,0.8505,-1,-1,-1
722,-1,693.56,379.93,117.22,50.84,0.9382,-1,-1,-1
722,-1,953.53,348.26,36.60,28.40,0.9066,-1,-1,-1
722,-1,821.74,255.09,45.96,20.31,0.9031,-1,-1,-1
722,-1,896.82,297.11,41.26,30.90,0.8998,-1,-1,-1
722,-1,702.38,169.18,22.55,33.49,0.8964,-1,-1,-1
722,-1,688.15,337.81,39.36,43.53,0.8759,-1,-1,-1
722,-1,592.91,307.73,18.97,16.82,0.8627,-1,-1,-1
722,-1,434.09,326.22,28.37,12.60,0.8135,-1,-1,-1
723,-1,704.40,381.35,118.36,51.17,0.9399,-1,-1,-1
723,-1,967.63,349.34,37.79,28.90,0.9133,-1,-1,-1
723,-1,697.83,339.32,40.41,43.19,0.8986,-1,-1,-1
723,-1,910.04,297.93,42.94,31.35,0.8981,-1,-1,-1
723,-1,832.58,255.19,49.00,20.90,0.8920,-1,-1,-1
723,-1,712.87,169.47,23.06,33.97,0.8860,-1,-1,-1
723,-1,442.79,327.11,28.46,12.58,0.8663,-1,-1,-1
723,-1,601.74,308.48,19.36,17.10,0.8428,-1,-1,-1
723,-1,0.00,340.51,5.69,17.16,0.2602,-1,-1,-1
724,-1,709.94,380.29,119.93,51.43,0.9395,-1,-1,-1
724,-1,918.48,295.73,42.95,31.56,0.9100,-1,-1,-1
724,-1,977.10,347.88,38.20,28.88,0.9072,-1,-1,-1
724,-1,718.74,167.11,23.03,34.00,0.8836,-1,-1,-1
724,-1,840.14,253.05,50.04,20.86,0.8805,-1,-1,-1
724,-1,607.20,307.56,19.02,16.98,0.8529,-1,-1,-1
724,-1,0.00,341.85,15.50,17.47,0.8424,-1,-1,-1
724,-1,448.55,326.74,27.73,12.59,0.8354,-1,-1,-1
724,-1,703.75,337.76,40.67,43.64,0.7646,-1,-1,-1
724,-1,343.91,312.04,15.62,11.70,0.2639,-1,-1,-1
725,-1,716.61,379.21,120.65,51.68,0.9436,-1,-1,-1
725,-1,927.05,293.73,43.27,31.90,0.9111,-1,-1,-1
725,-1,725.00,165.03,22.82,34.59,0.9006,-1,-1,-1
725,-1,986.47,345.92,37.35,29.21,0.8930,-1,-1,-1
725,-1,847.58,251.23,49.80,21.02,0.8886,-1,-1,-1
725,-1,3.04,342.83,21.87,17.55,0.8735,-1,-1,-1
725,-1,709.24,336.48,41.72,44.02,0.8716,-1,-1,-1
725,-1,453.64,326.35,28.19,12.54,0.8578,-1,-1,-1
725,-1,612.44,306.63,19.36,16.99,0.8448,-1,-1,-1
726,-1,729.34,381.09,123.53,52.15,0.9443,-1,-1,-1
726,-1,944.10,294.44,46.04,32.23,0.9049,-1,-1,-1
726,-1,723.02,338.47,40.92,43.86,0.9018,-1,-1,-1
726,-1,738.43,165.15,23.72,34.56,0.8952,-1,-1,-1
726,-1,862.62,251.29,51.17,21.47,0.8952,-1,-1,-1
726,-1,22.74,343.77,21.04,17.45,0.8813,-1,-1,-1
726,-1,464.57,327.53,28.43,12.66,0.8491,-1,-1,-1
726,-1,624.05,307.83,19.27,17.24,0.8438,-1,-1,-1
726,-1,1005.92,347.23,18.08,30.87,0.6518,-1,-1,-1
726,-1,0.05,264.84,28.70,24.42,0.4965,-1,-1,-1
726,-1,361.11,313.46,16.40,12.05,0.4475,-1,-1,-1
727,-1,739.63,379.14,125.14,52.84,0.9422,-1,-1,-1
727,-1,958.26,290.93,48.00,32.65,0.9131,-1,-1,-1
727,-1,748.83,161.60,23.66,34.24,0.9005,-1,-1,-1
727,-1,874.37,247.65,51.50,22.02,0.8870,-1,-1,-1
727,-1,37.91,344.48,20.63,16.86,0.8702,-1,-1,-1
727,-1,632.40,305.95,19.27,17.02,0.8553,-1,-1,-1
727,-1,472.98,326.68,27.85,12.48,0.8286,-1,-1,-1
727,-1,732.47,335.72,42.22,44.62,0.7082,-1,-1,-1
727,-1,3.44,265.60,39.16,25.10,0.6900,-1,-1,-1
727,-1,0.00,359.18,15.01,12.60,0.3059,-1,-1,-1
728,-1,753.12,378.60,127.83,53.36,0.9416,-1,-1,-1
728,-1,977.07,288.34,46.93,33.77,0.9239,-1,-1,-1
728,-1,762.00,159.17,24.70,34.49,0.8964,-1,-1,-1
728,-1,890.18,245.12,53.88,22.09,0.8958,-1,-1,-1
728,-1,745.93,334.91,42.71,45.04,0.8714,-1,-1,-1
728,-1,56.41,344.92,19.49,16.86,0.8680,-1,-1,-1
728,-1,644.11,305.21,19.21,17.42,0.8504,-1,-1,-1
728,-1,483.55,326.36,28.27,12.66,0.8435,-1,-1,-1
728,-1,23.11,267.90,38.49,24.78,0.7953,-1,-1,-1
728,-1,0.94,359.81,34.59,12.73,0.7341,-1,-1,-1
728,-1,381.50,312.95,16.17,12.46,0.3087,-1,-1,-1
729,-1,765.45,381.52,131.33,53.57,0.9430,-1,-1,-1
729,-1,758.70,337.50,43.16,45.04,0.9150,-1,-1,-1
729,-1,905.92,246.30,53.65,22.64,0.8917,-1,-1,-1
729,-1,994.90,290.23,29.10,34.15,0.8857,-1,-1,-1
729,-1,775.32,160.46,25.51,35.05,0.8847,-1,-1,-1
729,-1,73.64,345.82,19.16,16.30,0.8591,-1,-1,-1
729,-1,493.78,327.88,28.02,12.59,0.8494,-1,-1,-1
729,-1,655.11,307.10,19.66,17.41,0.8457,-1,-1,-1
729,-1,19.46,360.02,32.95,12.61,0.7712,-1,-1,-1
729,-1,42.21,269.53,36.34,24.48,0.3696,-1,-1,-1
730,-1,776.42,380.78,134.15,54.26,0.9441,-1,-1,-1
730,-1,786.59,158.01,25.25,34.38,0.8976,-1,-1,-1
730,-1,919.09,243.95,55.89,22.92,0.8961,-1,-1,-1
730,-1,770.02,336.61,43.28,45.48,0.8808,-1,-1,-1
730,-1,87.27,346.56,18.86,15.95,0.8672,-1,-1,-1
730,-1,663.96,306.44,19.89,17.17,0.8561,-1,-1,-1
730,-1,502.38,327.68,27.73,12.58,0.8555,-1,-1,-1
730,-1,56.43,271.23,35.57,24.11,0.7227,-1,-1,-1
730,-1,35.05,360.55,32.49,12.49,0.6883,-1,-1,-1
730,-1,1010.24,293.65,13.76,28.87,0.4792,-1,-1,-1
731,-1,785.94,380.12,136.24,54.72,0.9411,-1,-1,-1
731,-1,795.37,155.53,26.33,34.92,0.9022,-1,-1,-1
731,-1,930.05,241.90,56.90,22.96,0.9000,-1,-1,-1
731,-1,98.88,346.99,18.11,16.11,0.8669,-1,-1,-1
731,-1,509.60,327.48,27.90,12.61,0.8612,-1,-1,-1
731,-1,671.92,305.46,19.66,17.53,0.8569,-1,-1,-1
731,-1,67.96,272.63,35.36,23.79,0.8534,-1,-1,-1
731,-1,778.62,335.36,44.18,45.90,0.8373,-1,-1,-1
731,-1,47.43,361.16,31.27,12.23,0.6221,-1,-1,-1
731,-1,0.00,292.58,14.15,18.59,0.3471,-1,-1,-1
732,-1,798.58,377.51,139.14,55.47,0.9456,-1,-1,-1
732,-1,790.92,332.52,45.13,46.62,0.9017,-1,-1,-1
732,-1,945.53,236.60,57.98,23.96,0.8997,-1,-1,-1
732,-1,808.19,150.75,26.66,35.48,0.8903,-1,-1,-1
732,-1,682.58,303.35,19.97,17.75,0.8585,-1,-1,-1
732,-1,113.91,347.33,17.60,15.84,0.8576,-1,-1,-1
732,-1,0.01,338.13,20.96,31.58,0.8567,-1,-1,-1
732,-1,84.68,274.66,33.86,23.03,0.8180,-1,-1,-1
732,-1,519.10,326.05,27.59,12.58,0.8139,-1,-1,-1
732,-1,64.34,361.59,29.78,11.90,0.3783,-1,-1,-1
733,-1,811.90,380.35,143.26,56.12,0.9444,-1,-1,-1
733,-1,963.28,237.62,59.16,23.80,0.9138,-1,-1,-1
733,-1,0.07,335.68,39.76,34.01,0.9133,-1,-1,-1
733,-1,804.57,334.87,46.48,47.02,0.8979,-1,-1,-1
733,-1,822.81,151.35,27.37,35.86,0.8887,-1,-1,-1
733,-1,693.95,305.33,20.60,17.21,0.8588,-1,-1,-1
733,-1,529.64,327.49,28.00,12.79,0.8556,-1,-1,-1
733,-1,129.59,348.25,17.24,15.27,0.8452,-1,-1,-1
733,-1,101.82,276.31,32.56,22.61,0.8340,-1,-1,-1
733,-1,81.55,361.98,29.68,11.68,0.3861,-1,-1,-1
734,-1,822.89,380.82,146.15,56.43,0.9487,-1,-1,-1
734,-1,0.00,336.71,54.69,33.12,0.9134,-1,-1,-1
734,-1,977.11,235.97,46.89,24.74,0.9084,-1,-1,-1
734,-1,834.47,150.47,27.44,35.23,0.9012,-1,-1,-1
734,-1,537.74,327.82,28.16,12.72,0.8760,-1,-1,-1
734,-1,114.43,277.68,32.62,22.30,0.8622,-1,-1,-1
734,-1,0.00,289.03,20.30,28.66,0.8594,-1,-1,-1
734,-1,703.38,304.80,20.11,17.81,0.8555,-1,-1,-1
734,-1,141.73,348.90,17.32,14.92,0.8197,-1,-1,-1
734,-1,815.81,335.08,46.70,47.21,0.7276,-1,-1,-1
734,-1,94.50,362.30,29.29,11.83,0.2987,-1,-1,-1
735,-1,834.34,380.70,149.37,56.80,0.9467,-1,-1,-1
735,-1,5.55,337.30,62.74,32.88,0.9200,-1,-1,-1
735,-1,0.01,286.18,35.19,32.28,0.9003,-1,-1,-1
735,-1,845.44,147.79,28.26,36.15,0.8967,-1,-1,-1
735,-1,991.55,234.20,32.45,24.62,0.8837,-1,-1,-1
735,-1,546.12,327.67,28.06,12.80,0.8727,-1,-1,-1
735,-1,827.06,334.81,47.40,47.30,0.8678,-1,-1,-1
735,-1,712.41,304.02,20.92,18.21,0.8554,-1,-1,-1
735,-1,153.70,349.28,16.68,14.74,0.8172,-1,-1,-1
735,-1,126.35,278.66,31.99,22.09,0.7851,-1,-1,-1
735,-1,107.52,362.40,28.68,11.81,0.3017,-1,-1,-1
736,-1,841.82,379.18,150.79,57.63,0.9466,-1,-1,-1
736,-1,14.98,337.96,62.23,32.53,0.9191,-1,-1,-1
736,-1,0.12,287.25,44.18,32.11,0.9131,-1,-1,-1
736,-1,852.40,145.08,28.52,36.83,0.8974,-1,-1,-1
736,-1,133.69,279.06,31.95,22.36,0.8700,-1,-1,-1
736,-1,718.40,303.18,20.94,18.16,0.8668,-1,-1,-1
736,-1,550.97,327.02,28.34,12.52,0.8587,-1,-1,-1
736,-1,1000.69,230.05,23.31,25.81,0.8581,-1,-1,-1
736,-1,833.55,333.30,48.39,47.34,0.8443,-1,-1,-1
736,-1,161.09,349.42,16.75,14.87,0.8286,-1,-1,-1
736,-1,115.87,362.69,28.45,11.66,0.3347,-1,-1,-1
737,-1,850.73,376.32,154.28,57.94,0.9499,-1,-1,-1
737,-1,27.43,338.92,61.27,32.04,0.9226,-1,-1,-1
737,-1,0.00,290.39,56.20,29.98,0.9165,-1,-1,-1
737,-1,842.36,329.91,49.48,48.26,0.9052,-1,-1,-1
737,-1,861.15,139.48,28.95,36.64,0.9013,-1,-1,-1
737,-1,726.38,301.05,21.05,17.61,0.8715,-1,-1,-1
737,-1,143.84,280.70,30.84,21.22,0.8190,-1,-1,-1
737,-1,557.79,325.38,27.97,12.76,0.8180,-1,-1,-1
737,-1,170.65,349.63,16.15,14.94,0.7118,-1,-1,-1
737,-1,1012.73,226.54,11.27,23.65,0.5780,-1,-1,-1
737,-1,1008.14,0.00,15.86,65.01,0.3896,-1,-1,-1
738,-1,866.57,377.70,156.99,59.06,0.9469,-1,-1,-1
738,-1,47.00,339.41,58.41,31.54,0.9300,-1,-1,-1
738,-1,8.40,290.85,66.38,30.22,0.9200,-1,-1,-1
738,-1,877.09,138.74,29.82,37.17,0.8992,-1,-1,-1
738,-1,857.58,331.26,50.79,48.09,0.8897,-1,-1,-1
738,-1,738.58,301.59,21.31,17.86,0.8574,-1,-1,-1
738,-1,568.75,326.27,27.71,12.57,0.8328,-1,-1,-1
738,-1,0.00,208.14,26.32,41.35,0.8052,-1,-1,-1
738,-1,160.25,281.89,28.96,21.15,0.7296,-1,-1,-1
738,-1,185.27,349.91,16.09,14.50,0.7008,-1,-1,-1
739,-1,878.05,379.84,145.95,59.95,0.9453,-1,-1,-1
739,-1,61.48,339.82,57.31,31.24,0.9234,-1,-1,-1
739,-1,24.28,292.32,64.40,29.68,0.9216,-1,-1,-1
739,-1,869.24,332.28,51.99,49.12,0.9026,-1,-1,-1
739,-1,889.70,138.43,30.38,37.30,0.9013,-1,-1,-1
739,-1,0.03,209.38,41.08,42.39,0.8947,-1,-1,-1
739,-1,576.92,327.29,29.09,12.72,0.8762,-1,-1,-1
739,-1,748.39,302.09,21.88,18.57,0.8689,-1,-1,-1
739,-1,0.00,317.64,9.56,24.74,0.6369,-1,-1,-1
739,-1,196.35,350.59,15.60,14.83,0.4415,-1,-1,-1
739,-1,171.38,283.16,29.51,20.84,0.3401,-1,-1,-1
740,-1,888.38,379.63,135.62,60.25,0.9499,-1,-1,-1
740,-1,0.00,211.20,52.45,41.90,0.9217,-1,-1,-1
740,-1,36.54,293.51,63.23,29.25,0.9214,-1,-1,-1
740,-1,73.17,340.32,56.09,30.83,0.9197,-1,-1,-1
740,-1,900.54,135.83,30.45,38.80,0.8982,-1,-1,-1
740,-1,584.10,326.97,28.45,12.71,0.8739,-1,-1,-1
740,-1,181.76,283.66,28.25,20.86,0.8685,-1,-1,-1
740,-1,756.74,301.53,22.22,18.34,0.8650,-1,-1,-1
740,-1,879.54,331.85,52.67,49.33,0.8195,-1,-1,-1
740,-1,0.07,314.84,24.02,37.46,0.7249,-1,-1,-1
741,-1,899.05,375.40,124.95,60.66,0.9485,-1,-1,-1
741,-1,84.66,340.56,55.22,30.68,0.9180,-1,-1,-1
741,-1,49.07,294.18,61.85,29.05,0.9174,-1,-1,-1
741,-1,0.13,208.04,64.80,46.97,0.9064,-1,-1,-1
741,-1,910.79,129.24,31.56,37.87,0.9028,-1,-1,-1
741,-1,0.05,315.28,36.97,32.84,0.8815,-1,-1,-1
741,-1,890.16,327.53,53.34,49.88,0.8804,-1,-1,-1
741,-1,764.91,298.08,22.88,18.32,0.8573,-1,-1,-1
741,-1,591.16,324.37,29.05,13.02,0.8447,-1,-1,-1
741,-1,191.12,283.90,27.39,20.61,0.5540,-1,-1,-1
741,-1,183.99,321.95,16.58,14.40,0.5474,-1,-1,-1
741,-1,215.30,350.49,15.09,14.48,0.2679,-1,-1,-1
742,-1,911.99,376.06,112.01,61.06,0.9438,-1,-1,-1
742,-1,99.07,341.33,53.77,30.00,0.9235,-1,-1,-1
742,-1,64.47,295.62,60.11,28.48,0.9206,-1,-1,-1
742,-1,0.05,210.40,79.12,46.22,0.9195,-1,-1,-1
742,-1,0.09,316.37,51.82,32.94,0.9191,-1,-1,-1
742,-1,923.74,127.16,32.33,38.69,0.9060,-1,-1,-1
742,-1,775.48,297.15,23.04,19.35,0.8735,-1,-1,-1
742,-1,902.64,327.49,55.05,50.36,0.8637,-1,-1,-1
742,-1,599.96,324.53,28.97,13.02,0.8620,-1,-1,-1
742,-1,203.11,284.76,26.83,20.50,0.6642,-1,-1,-1
742,-1,194.57,322.71,17.03,14.05,0.4201,-1,-1,-1
743,-1,919.64,378.09,104.36,61.80,0.9473,-1,-1,-1
743,-1,0.00,317.08,62.29,32.12,0.9251,-1,-1,-1
743,-1,0.19,212.38,88.79,45.29,0.9224,-1,-1,-1
743,-1,73.24,296.51,59.61,27.99,0.9208,-1,-1,-1
743,-1,107.88,341.66,52.80,29.82,0.9198,-1,-1,-1
743,-1,931.66,127.73,32.97,39.36,0.9066,-1,-1,-1
743,-1,605.89,325.86,28.71,12.95,0.8650,-1,-1,-1
743,-1,782.57,299.41,22.97,18.59,0.8534,-1,-1,-1
743,-1,209.77,285.70,27.18,20.19,0.7266,-1,-1,-1
743,-1,910.15,329.20,55.98,50.78,0.6178,-1,-1,-1
744,-1,927.67,375.29,96.33,60.99,0.9423,-1,-1,-1
744,-1,8.57,213.61,87.88,45.13,0.9268,-1,-1,-1
744,-1,0.18,317.69,70.12,32.11,0.9235,-1,-1,-1
744,-1,115.83,341.96,52.40,29.45,0.9203,-1,-1,-1
744,-1,81.59,297.20,58.99,27.57,0.9186,-1,-1,-1
744,-1,938.83,121.97,33.92,39.38,0.9100,-1,-1,-1
744,-1,610.91,323.72,29.61,13.15,0.8820,-1,-1,-1
744,-1,917.84,325.73,56.72,51.07,0.8807,-1,-1,-1
744,-1,788.83,296.29,23.70,18.65,0.8605,-1,-1,-1
744,-1,216.46,285.98,27.32,19.88,0.7231,-1,-1,-1
745,-1,933.85,375.07,90.15,61.11,0.9391,-1,-1,-1
745,-1,17.38,215.00,86.56,44.84,0.9265,-1,-1,-1
745,-1,8.31,317.97,68.82,31.97,0.9251,-1,-1,-1
745,-1,89.35,297.55,58.23,27.51,0.9206,-1,-1,-1
745,-1,123.13,341.94,51.84,29.44,0.9181,-1,-1,-1
745,-1,946.02,120.82,33.91,40.33,0.9061,-1,-1,-1
745,-1,616.05,323.89,29.38,13.19,0.8865,-1,-1,-1
745,-1,795.24,296.49,23.38,18.52,0.8729,-1,-1,-1
745,-1,924.47,325.25,57.59,52.17,0.7015,-1,-1,-1
745,-1,222.25,285.86,27.78,20.44,0.3772,-1,-1,-1
746,-1,28.02,216.62,86.38,44.22,0.9288,-1,-1,-1
746,-1,943.64,374.78,80.36,61.35,0.9272,-1,-1,-1
746,-1,20.46,318.55,67.77,31.69,0.9242,-1,-1,-1
746,-1,99.19,298.52,56.93,26.91,0.9200,-1,-1,-1
746,-1,132.47,342.16,51.07,29.27,0.9176,-1,-1,-1
746,-1,955.44,118.47,34.68,40.02,0.9124,-1,-1,-1
746,-1,622.48,323.75,29.66,13.12,0.8812,-1,-1,-1
746,-1,803.13,295.90,23.60,18.82,0.8702,-1,-1,-1
746,-1,933.94,325.57,59.22,51.58,0.8514,-1,-1,-1
747,-1,38.54,218.23,84.52,43.63,0.9310,-1,-1,-1
747,-1,108.94,299.26,55.73,26.45,0.9204,-1,-1,-1
747,-1,952.58,375.49,71.42,59.85,0.9188,-1,-1,-1
747,-1,30.42,319.03,66.37,31.33,0.9176,-1,-1,-1
747,-1,140.99,342.43,50.74,28.94,0.9160,-1,-1,-1
747,-1,964.97,115.40,34.95,40.59,0.9145,-1,-1,-1
747,-1,628.57,323.32,29.67,13.14,0.8759,-1,-1,-1
747,-1,810.73,295.16,23.62,18.83,0.8662,-1,-1,-1
747,-1,943.08,324.44,60.50,52.39,0.8145,-1,-1,-1
747,-1,0.00,322.44,9.76,15.17,0.4721,-1,-1,-1
748,-1,49.24,219.72,82.22,42.95,0.9231,-1,-1,-1
748,-1,41.46,319.46,65.99,31.08,0.9226,-1,-1,-1
748,-1,149.58,342.63,49.78,28.75,0.9160,-1,-1,-1
748,-1,118.00,299.76,54.45,26.49,0.9121,-1,-1,-1
748,-1,961.76,375.49,62.24,57.62,0.9074,-1,-1,-1
748,-1,972.65,113.17,36.68,40.49,0.9053,-1,-1,-1
748,-1,634.59,323.26,30.06,13.05,0.8731,-1,-1,-1
748,-1,0.00,323.44,20.33,14.48,0.8709,-1,-1,-1
748,-1,818.21,294.41,24.07,19.31,0.8638,-1,-1,-1
748,-1,951.74,323.52,61.08,53.23,0.6785,-1,-1,-1
748,-1,0.00,213.55,10.01,21.34,0.6209,-1,-1,-1
749,-1,66.03,221.96,79.86,42.28,0.9397,-1,-1,-1
749,-1,57.45,320.47,63.89,30.60,0.9165,-1,-1,-1
749,-1,163.15,343.27,48.26,28.34,0.9152,-1,-1,-1
749,-1,132.07,300.48,54.16,26.56,0.9124,-1,-1,-1
749,-1,988.93,111.53,35.07,41.03,0.9004,-1,-1,-1
749,-1,644.39,323.75,30.07,13.31,0.8811,-1,-1,-1
749,-1,0.00,214.75,28.12,21.92,0.8746,-1,-1,-1
749,-1,830.52,294.36,24.63,19.76,0.8640,-1,-1,-1
749,-1,7.28,324.23,29.94,13.78,0.8437,-1,-1,-1
749,-1,977.18,378.94,46.82,56.85,0.8418,-1,-1,-1
749,-1,967.01,324.88,56.76,53.41,0.7917,-1,-1,-1
749,-1,257.48,288.84,25.77,19.20,0.6680,-1,-1,-1
749,-1,0.00,315.61,12.28,13.77,0.5897,-1,-1,-1
750,-1,73.58,223.11,79.14,41.72,0.9360,-1,-1,-1
750,-1,65.55,320.85,63.26,30.26,0.9169,-1,-1,-1
750,-1,169.78,343.25,48.52,28.16,0.9151,-1,-1,-1
750,-1,138.86,300.63,53.61,26.58,0.9095,-1,-1,-1
750,-1,16.02,324.58,29.86,13.93,0.8799,-1,-1,-1
750,-1,4.66,216.01,31.89,21.64,0.8772,-1,-1,-1
750,-1,649.30,323.49,30.53,13.20,0.8757,-1,-1,-1
750,-1,997.21,108.17,26.79,42.19,0.8700,-1,-1,-1
750,-1,836.77,293.63,24.82,19.94,0.8607,-1,-1,-1
750,-1,0.06,315.56,21.18,15.38,0.8546,-1,-1,-1
750,-1,974.91,323.62,49.05,54.41,0.8135,-1,-1,-1
750,-1,984.88,378.95,39.12,54.33,0.7919,-1,-1,-1
750,-1,263.04,288.80,26.15,19.48,0.4441,-1,-1,-1
750,-1,256.35,325.03,15.91,13.33,0.2979,-1,-1,-1
751,-1,82.70,224.26,78.21,41.26,0.9374,-1,-1,-1
751,-1,74.94,321.04,62.18,30.12,0.9201,-1,-1,-1
751,-1,177.97,343.26,47.67,28.00,0.9134,-1,-1,-1
751,-1,147.57,301.20,52.45,26.07,0.9064,-1,-1,-1
751,-1,26.62,324.97,29.07,13.93,0.8831,-1,-1,-1
751,-1,655.69,322.68,30.84,13.13,0.8744,-1,-1,-1
751,-1,14.43,217.53,31.97,21.44,0.8742,-1,-1,-1
751,-1,844.55,292.70,25.04,19.29,0.8666,-1,-1,-1
751,-1,3.20,317.07,27.79,14.98,0.8631,-1,-1,-1
751,-1,1007.50,104.42,16.50,41.13,0.7509,-1,-1,-1
751,-1,984.17,321.40,39.83,55.31,0.7198,-1,-1,-1
751,-1,993.80,377.55,30.20,52.54,0.4916,-1,-1,-1
751,-1,32.68,233.03,29.22,31.28,0.3134,-1,-1,-1
752,-1,102.16,226.66,73.58,40.31,0.9254,-1,-1,-1
752,-1,94.20,321.87,60.90,29.46,0.9252,-1,-1,-1
752,-1,193.94,343.72,46.26,27.65,0.9116,-1,-1,-1
752,-1,164.63,302.30,50.90,25.49,0.9049,-1,-1,-1
752,-1,667.77,322.66,31.33,13.29,0.8896,-1,-1,-1
752,-1,36.06,220.81,30.28,20.75,0.8810,-1,-1,-1
752,-1,860.61,291.57,26.28,19.94,0.8633,-1,-1,-1
752,-1,47.48,325.69,27.53,14.08,0.8621,-1,-1,-1
752,-1,24.25,318.09,26.95,14.53,0.8061,-1,-1,-1
752,-1,283.52,290.18,25.69,18.83,0.7947,-1,-1,-1
752,-1,1004.70,324.90,19.30,52.61,0.5040,-1,-1,-1
752,-1,95.11,312.89,27.07,15.16,0.2890,-1,-1,-1
753,-1,114.53,228.59,73.22,39.65,0.9274,-1,-1,-1
753,-1,107.07,322.71,58.59,28.90,0.9202,-1,-1,-1
753,-1,175.89,302.90,50.10,25.30,0.9127,-1,-1,-1
753,-1,204.32,343.99,45.84,27.35,0.9078,-1,-1,-1
753,-1,676.70,322.14,31.53,13.32,0.8920,-1,-1,-1
753,-1,871.61,290.60,26.68,19.91,0.8663,-1,-1,-1
753,-1,49.74,222.64,29.96,20.55,0.8644,-1,-1,-1
753,-1,0.00,322.69,15.52,26.52,0.8483,-1,-1,-1
753,-1,61.09,326.30,26.93,13.68,0.8329,-1,-1,-1
753,-1,38.34,319.23,26.14,14.65,0.7832,-1,-1,-1
753,-1,294.06,290.62,23.58,18.75,0.5569,-1,-1,-1
753,-1,3.29,282.35,20.51,12.58,0.5040,-1,-1,-1
753,-1,499.49,297.87,26.40,13.51,0.3064,-1,-1,-1
753,-1,910.80,314.30,19.52,11.51,0.2994,-1,-1,-1
754,-1,121.08,323.12,55.98,28.48,0.9195,-1,-1,-1
754,-1,127.87,229.68,72.45,39.54,0.9175,-1,-1,-1
754,-1,216.37,344.24,44.32,27.05,0.9084,-1,-1,-1
754,-1,188.25,303.48,48.85,25.04,0.9083,-1,-1,-1
754,-1,686.37,321.52,31.62,13.52,0.8826,-1,-1,-1
754,-1,64.95,224.63,29.16,20.18,0.8801,-1,-1,-1
754,-1,884.92,289.23,26.73,20.42,0.8692,-1,-1,-1
754,-1,11.02,323.59,20.87,26.09,0.8628,-1,-1,-1
754,-1,54.17,319.74,25.42,15.00,0.8074,-1,-1,-1
754,-1,75.60,326.95,26.64,13.28,0.8069,-1,-1,-1
754,-1,303.12,290.77,24.28,18.64,0.4854,-1,-1,-1
754,-1,924.60,313.26,20.13,11.57,0.4463,-1,-1,-1
754,-1,0.00,281.12,7.55,30.15,0.4265,-1,-1,-1
754,-1,10.76,283.88,27.77,12.51,0.3175,-1,-1,-1
754,-1,582.66,313.00,15.62,12.08,0.2885,-1,-1,-1
755,-1,146.90,231.89,70.46,38.94,0.9206,-1,-1,-1
755,-1,140.60,323.77,54.38,28.16,0.9151,-1,-1,-1
755,-1,232.43,344.63,43.80,26.78,0.9073,-1,-1,-1
755,-1,205.26,304.69,47.96,24.52,0.9064,-1,-1,-1
755,-1,699.96,320.95,32.16,13.49,0.8893,-1,-1,-1
755,-1,903.20,287.50,28.06,20.71,0.8781,-1,-1,-1
755,-1,86.68,227.22,27.97,20.18,0.8709,-1,-1,-1
755,-1,33.67,324.81,20.25,25.45,0.8374,-1,-1,-1
755,-1,6.42,282.33,23.16,33.02,0.8320,-1,-1,-1
755,-1,75.39,319.82,24.24,15.24,0.8225,-1,-1,-1
755,-1,95.55,327.74,26.51,13.37,0.7323,-1,-1,-1
755,-1,319.04,291.75,22.08,18.20,0.6806,-1,-1,-1
755,-1,944.55,311.84,20.81,11.91,0.5209,-1,-1,-1
756,-1,162.09,233.39,67.95,38.61,0.9192,-1,-1,-1
756,-1,155.19,324.47,52.92,27.79,0.9147,-1,-1,-1
756,-1,218.57,305.32,47.17,24.15,0.9066,-1,-1,-1
756,-1,245.17,344.77,43.46,26.57,0.9027,-1,-1,-1
756,-1,711.18,320.48,32.65,13.67,0.8841,-1,-1,-1
756,-1,918.26,286.25,28.74,20.92,0.8830,-1,-1,-1
756,-1,102.46,229.53,27.47,19.50,0.8739,-1,-1,-1
756,-1,24.72,284.52,22.25,31.58,0.8582,-1,-1,-1
756,-1,50.74,325.64,19.64,25.10,0.8507,-1,-1,-1
756,-1,91.18,321.37,24.14,14.47,0.8121,-1,-1,-1
756,-1,960.94,310.73,21.34,11.94,0.7132,-1,-1,-1
756,-1,111.04,328.42,25.16,13.26,0.5830,-1,-1,-1
757,-1,166.55,324.14,52.83,27.90,0.9215,-1,-1,-1
757,-1,172.96,234.39,67.76,37.47,0.9189,-1,-1,-1
757,-1,228.90,305.51,46.51,23.88,0.9082,-1,-1,-1
757,-1,255.39,344.59,42.73,26.31,0.9006,-1,-1,-1
757,-1,720.25,319.89,32.59,13.76,0.8884,-1,-1,-1
757,-1,930.91,285.37,29.57,20.93,0.8746,-1,-1,-1
757,-1,38.66,284.52,21.91,32.61,0.8604,-1,-1,-1
757,-1,114.81,230.28,26.43,19.28,0.8561,-1,-1,-1
757,-1,64.24,325.63,19.14,24.70,0.8090,-1,-1,-1
757,-1,974.26,309.94,22.57,12.07,0.7674,-1,-1,-1
757,-1,103.04,320.94,24.82,14.32,0.7666,-1,-1,-1
757,-1,123.02,328.32,24.68,13.01,0.7317,-1,-1,-1
757,-1,614.31,311.92,15.94,12.26,0.2662,-1,-1,-1
758,-1,176.98,324.57,51.47,27.76,0.9194,-1,-1,-1
758,-1,183.13,235.27,66.64,37.26,0.9179,-1,-1,-1
758,-1,264.38,344.64,41.89,26.24,0.9017,-1,-1,-1
758,-1,238.34,306.04,45.56,23.48,0.9005,-1,-1,-1
758,-1,728.36,319.53,33.38,13.87,0.8879,-1,-1,-1
758,-1,126.22,231.62,26.73,19.01,0.8815,-1,-1,-1
758,-1,942.49,284.31,30.48,21.40,0.8779,-1,-1,-1
758,-1,52.76,285.66,19.95,31.91,0.8480,-1,-1,-1
758,-1,76.00,325.77,18.92,24.67,0.8460,-1,-1,-1
758,-1,114.68,321.73,22.27,14.07,0.8011,-1,-1,-1
758,-1,133.85,328.65,24.42,12.86,0.7470,-1,-1,-1
758,-1,987.16,309.37,21.96,12.06,0.7018,-1,-1,-1
758,-1,0.00,281.58,16.47,25.32,0.3610,-1,-1,-1
759,-1,191.48,235.59,65.82,36.94,0.9175,-1,-1,-1
759,-1,185.11,324.52,50.87,27.63,0.9155,-1,-1,-1
759,-1,246.09,305.99,45.16,23.30,0.9032,-1,-1,-1
759,-1,271.58,344.50,41.99,25.97,0.8988,-1,-1,-1
759,-1,735.49,319.19,33.94,13.74,0.8881,-1,-1,-1
759,-1,135.05,232.12,26.04,18.93,0.8796,-1,-1,-1
759,-1,952.91,282.94,30.73,21.84,0.8687,-1,-1,-1
759,-1,61.06,285.06,21.01,32.29,0.8509,-1,-1,-1
759,-1,997.96,308.38,22.85,12.42,0.8156,-1,-1,-1
759,-1,124.33,320.83,21.02,14.66,0.8108,-1,-1,-1
759,-1,85.68,325.86,18.60,24.21,0.8108,-1,-1,-1
759,-1,142.30,328.60,24.32,12.74,0.7324,-1,-1,-1
759,-1,352.25,291.80,22.26,18.14,0.4676,-1,-1,-1
760,-1,202.16,237.35,64.25,37.18,0.9248,-1,-1,-1
760,-1,195.83,325.69,50.21,27.60,0.9159,-1,-1,-1
760,-1,280.70,345.51,41.71,25.99,0.9018,-1,-1,-1
760,-1,255.61,307.23,44.51,23.48,0.8996,-1,-1,-1
760,-1,743.91,319.10,34.10,13.89,0.8904,-1,-1,-1
760,-1,964.90,281.88,31.71,22.00,0.8715,-1,-1,-1
760,-1,147.27,234.94,24.36,18.06,0.8683,-1,-1,-1
760,-1,73.76,287.75,20.05,30.79,0.8347,-1,-1,-1
760,-1,97.78,327.45,17.88,23.90,0.8051,-1,-1,-1
760,-1,134.38,323.58,22.80,13.32,0.7646,-1,-1,-1
760,-1,153.41,330.16,23.18,12.73,0.6380,-1,-1,-1
760,-1,1010.83,307.33,13.17,12.62,0.5695,-1,-1,-1
760,-1,14.06,288.62,26.97,25.08,0.3020,-1,-1,-1
761,-1,212.04,237.97,62.60,36.73,0.9245,-1,-1,-1
761,-1,204.99,325.67,50.06,27.29,0.9154,-1,-1,-1
761,-1,264.17,306.93,43.91,23.59,0.9026,-1,-1,-1
761,-1,288.73,345.30,41.22,25.92,0.9011,-1,-1,-1
761,-1,752.09,318.83,34.51,13.82,0.8899,-1,-1,-1
761,-1,976.92,280.94,31.92,22.35,0.8730,-1,-1,-1
761,-1,156.98,235.48,24.22,17.93,0.8677,-1,-1,-1
761,-1,84.14,287.83,20.35,30.53,0.8554,-1,-1,-1
761,-1,108.08,327.49,17.52,23.78,0.8538,-1,-1,-1
761,-1,162.80,329.76,23.00,12.89,0.7104,-1,-1,-1
761,-1,142.74,323.35,23.51,13.35,0.7083,-1,-1,-1
761,-1,23.88,290.06,28.11,24.61,0.3443,-1,-1,-1
761,-1,367.28,293.26,22.48,17.39,0.2679,-1,-1,-1
762,-1,220.95,237.40,62.87,35.99,0.9194,-1,-1,-1
762,-1,214.05,324.47,49.22,26.96,0.9107,-1,-1,-1
762,-1,272.64,306.21,43.65,23.03,0.9022,-1,-1,-1
762,-1,297.19,344.12,40.57,25.75,0.9016,-1,-1,-1
762,-1,760.90,317.85,34.93,14.16,0.8955,-1,-1,-1
762,-1,990.04,280.04,32.94,22.17,0.8820,-1,-1,-1
762,-1,2.74,344.65,20.80,15.50,0.8575,-1,-1,-1
762,-1,167.03,234.51,23.95,18.27,0.8493,-1,-1,-1
762,-1,96.36,286.44,18.99,31.47,0.8342,-1,-1,-1
762,-1,119.15,326.05,17.21,23.51,0.8002,-1,-1,-1
762,-1,154.58,321.58,21.70,14.05,0.7229,-1,-1,-1
762,-1,172.61,328.61,23.02,12.58,0.5789,-1,-1,-1
762,-1,375.63,292.39,21.16,17.50,0.4481,-1,-1,-1
762,-1,41.00,287.50,23.24,26.29,0.2513,-1,-1,-1
763,-1,228.54,237.59,62.31,36.10,0.9221,-1,-1,-1
763,-1,222.59,324.46,48.40,26.95,0.9102,-1,-1,-1
763,-1,768.95,317.25,35.63,14.35,0.9001,-1,-1,-1
763,-1,280.31,306.19,43.15,23.06,0.8998,-1,-1,-1
763,-1,304.55,343.96,40.05,25.74,0.8997,-1,-1,-1
763,-1,175.58,235.47,23.97,17.87,0.8621,-1,-1,-1
763,-1,14.65,344.96,20.50,15.33,0.8615,-1,-1,-1
763,-1,1001.87,279.50,22.13,21.63,0.8519,-1,-1,-1
763,-1,105.68,285.83,19.39,31.76,0.8364,-1,-1,-1
763,-1,382.29,292.16,22.08,17.74,0.8276,-1,-1,-1
763,-1,163.58,321.48,20.68,13.93,0.7313,-1,-1,-1
763,-1,181.40,328.71,22.97,12.50,0.5683,-1,-1,-1
763,-1,128.90,326.49,16.89,23.27,0.4328,-1,-1,-1
763,-1,128.86,326.39,16.87,23.35,0.3534,-1,-1,-1
763,-1,1013.69,267.87,10.31,12.96,0.2659,-1,-1,-1
764,-1,238.64,241.20,61.79,35.17,0.9239,-1,-1,-1
764,-1,232.75,326.62,48.24,26.99,0.9147,-1,-1,-1
764,-1,313.88,345.96,39.88,25.52,0.9012,-1,-1,-1
764,-1,289.52,308.53,43.02,22.81,0.9010,-1,-1,-1
764,-1,778.66,317.26,36.00,14.33,0.8996,-1,-1,-1
764,-1,187.02,238.96,22.52,17.67,0.8743,-1,-1,-1
764,-1,117.31,289.93,19.63,30.63,0.8330,-1,-1,-1
764,-1,175.25,323.66,20.42,13.84,0.7752,-1,-1,-1
764,-1,29.47,348.20,19.08,14.68,0.7136,-1,-1,-1
764,-1,140.53,328.91,16.76,23.21,0.6455,-1,-1,-1
764,-1,192.44,331.19,22.26,12.50,0.4143,-1,-1,-1
764,-1,64.72,291.48,22.48,24.87,0.2696,-1,-1,-1
765,-1,325.53,346.00,38.91,25.31,0.9174,-1,-1,-1
765,-1,252.05,241.93,60.07,35.37,0.9161,-1,-1,-1
765,-1,245.83,327.06,47.16,26.76,0.9139,-1,-1,-1
765,-1,790.82,316.65,36.39,14.55,0.9083,-1,-1,-1
765,-1,301.54,309.08,41.84,22.52,0.9048,-1,-1,-1
765,-1,200.79,240.13,22.25,17.83,0.8540,-1,-1,-1
765,-1,132.55,292.11,19.22,29.20,0.8472,-1,-1,-1
765,-1,154.99,329.33,16.59,23.09,0.8256,-1,-1,-1
765,-1,46.62,348.56,18.74,14.61,0.8215,-1,-1,-1
765,-1,188.81,324.47,19.82,13.53,0.7208,-1,-1,-1
765,-1,400.28,293.21,22.34,18.69,0.7064,-1,-1,-1
765,-1,205.73,331.66,22.02,12.05,0.5352,-1,-1,-1
766,-1,260.65,243.17,61.18,34.75,0.9152,-1,-1,-1
766,-1,310.83,309.28,41.96,22.45,0.9106,-1,-1,-1
766,-1,255.28,327.31,46.71,26.64,0.9096,-1,-1,-1
766,-1,334.14,346.14,39.04,25.13,0.8991,-1,-1,-1
766,-1,800.97,316.06,36.62,14.83,0.8936,-1,-1,-1
766,-1,211.18,241.46,22.02,17.17,0.8619,-1,-1,-1
766,-1,59.37,348.52,18.80,14.75,0.8425,-1,-1,-1
766,-1,144.01,293.09,18.53,29.10,0.8245,-1,-1,-1
766,-1,165.63,329.99,16.28,22.66,0.7363,-1,-1,-1
766,-1,196.89,324.62,21.63,13.49,0.6578,-1,-1,-1
766,-1,90.22,294.85,25.52,24.04,0.5580,-1,-1,-1
766,-1,407.94,293.41,22.61,18.79,0.2516,-1,-1,-1
767,-1,269.88,243.50,58.48,34.97,0.9158,-1,-1,-1
767,-1,263.00,327.42,45.80,26.48,0.9135,-1,-1,-1
767,-1,341.36,346.17,38.48,25.07,0.9079,-1,-1,-1
767,-1,318.25,309.26,41.00,22.48,0.9059,-1,-1,-1
767,-1,808.29,315.68,37.44,14.84,0.8974,-1,-1,-1
767,-1,219.10,242.00,22.52,17.07,0.8579,-1,-1,-1
767,-1,69.57,348.61,18.04,14.68,0.8446,-1,-1,-1
767,-1,152.68,293.65,18.28,28.79,0.8293,-1,-1,-1
767,-1,414.57,294.75,21.96,17.19,0.7467,-1,-1,-1
767,-1,206.01,325.35,19.86,12.87,0.6539,-1,-1,-1
767,-1,173.94,330.36,16.09,22.27,0.5929,-1,-1,-1
767,-1,100.24,295.82,24.32,22.76,0.4291,-1,-1,-1
767,-1,223.52,332.11,20.93,12.08,0.2807,-1,-1,-1
768,-1,277.82,243.98,57.42,34.59,0.9201,-1,-1,-1
768,-1,270.67,327.55,45.81,26.27,0.9128,-1,-1,-1
768,-1,348.11,346.19,38.32,25.02,0.9024,-1,-1,-1
768,-1,325.52,309.44,41.51,22.31,0.9012,-1,-1,-1
768,-1,816.07,315.45,38.20,14.85,0.8977,-1,-1,-1
768,-1,227.19,242.61,22.28,16.89,0.8570,-1,-1,-1
768,-1,161.05,293.85,18.00,28.73,0.8294,-1,-1,-1
768,-1,420.74,294.27,22.36,17.73,0.7639,-1,-1,-1
768,-1,79.06,348.75,17.76,14.45,0.7329,-1,-1,-1
768,-1,182.32,330.57,15.73,21.99,0.5231,-1,-1,-1
768,-1,212.00,325.43,21.49,12.60,0.5103,-1,-1,-1
768,-1,231.13,332.09,21.10,12.11,0.2953,-1,-1,-1
769,-1,292.09,239.60,56.94,34.68,0.9185,-1,-1,-1
769,-1,282.95,322.52,45.06,26.30,0.9155,-1,-1,-1
769,-1,359.24,342.43,37.66,25.41,0.9013,-1,-1,-1
769,-1,337.65,306.04,40.83,21.97,0.8939,-1,-1,-1
769,-1,830.91,321.07,38.86,14.93,0.8935,-1,-1,-1
769,-1,0.00,269.07,21.64,29.60,0.8674,-1,-1,-1
769,-1,242.58,237.06,21.01,17.20,0.8561,-1,-1,-1
769,-1,0.02,198.98,21.02,28.32,0.8354,-1,-1,-1
769,-1,177.16,286.55,16.61,28.28,0.6952,-1,-1,-1
769,-1,227.31,318.86,18.92,12.91,0.6519,-1,-1,-1
769,-1,95.50,339.36,17.43,14.21,0.4664,-1,-1,-1
769,-1,244.17,325.99,20.76,11.66,0.4264,-1,-1,-1
769,-1,714.24,312.92,16.98,12.41,0.4129,-1,-1,-1
769,-1,0.24,329.68,29.79,11.82,0.2989,-1,-1,-1
769,-1,433.61,292.16,21.01,17.64,0.2502,-1,-1,-1
770,-1,294.23,236.90,56.92,34.95,0.9192,-1,-1,-1
770,-1,284.59,319.87,44.90,26.00,0.9083,-1,-1,-1
770,-1,360.58,340.47,37.25,25.57,0.9034,-1,-1,-1
770,-1,339.48,303.76,40.12,22.44,0.8977,-1,-1,-1
770,-1,833.93,327.67,38.69,15.02,0.8886,-1,-1,-1
770,-1,0.01,261.31,24.68,29.18,0.8837,-1,-1,-1
770,-1,245.62,233.68,20.94,16.90,0.8743,-1,-1,-1
770,-1,0.01,190.21,26.19,30.69,0.8617,-1,-1,-1
770,-1,180.65,282.59,16.94,26.30,0.7919,-1,-1,-1
770,-1,98.65,332.68,18.30,13.82,0.6980,-1,-1,-1
770,-1,436.35,292.15,21.29,17.34,0.6702,-1,-1,-1
770,-1,230.57,314.96,19.32,12.58,0.5642,-1,-1,-1
770,-1,255.80,247.43,22.24,24.08,0.4416,-1,-1,-1
770,-1,246.79,322.02,20.72,11.81,0.3359,-1,-1,-1
770,-1,884.64,385.76,28.80,11.29,0.2842,-1,-1,-1
770,-1,291.52,194.17,20.79,24.14,0.2839,-1,-1,-1
770,-1,716.27,317.60,16.88,12.52,0.2564,-1,-1,-1
771,-1,291.85,237.36,57.56,34.79,0.9173,-1,-1,-1
771,-1,282.48,320.14,45.09,26.01,0.9038,-1,-1,-1
771,-1,358.70,340.85,37.08,25.55,0.8962,-1,-1,-1
771,-1,337.48,304.24,40.21,22.17,0.8940,-1,-1,-1
771,-1,832.82,328.52,39.59,14.84,0.8891,-1,-1,-1
771,-1,0.03,261.84,23.44,28.76,0.8784,-1,-1,-1
771,-1,242.93,233.39,22.07,17.49,0.8681,-1,-1,-1
771,-1,0.03,190.45,25.14,30.21,0.8506,-1,-1,-1
771,-1,179.92,283.61,17.23,24.86,0.7815,-1,-1,-1
771,-1,434.99,292.26,21.74,17.57,0.7768,-1,-1,-1
771,-1,98.38,332.74,18.25,13.76,0.7429,-1,-1,-1
771,-1,230.52,314.84,18.93,12.82,0.6678,-1,-1,-1
771,-1,254.42,249.76,22.68,21.72,0.5939,-1,-1,-1
771,-1,246.32,321.97,20.47,12.09,0.4698,-1,-1,-1
771,-1,198.62,318.59,15.55,21.88,0.2564,-1,-1,-1
772,-1,286.61,240.54,57.39,34.41,0.9159,-1,-1,-1
772,-1,278.45,323.54,45.39,25.81,0.9093,-1,-1,-1
772,-1,355.22,343.13,37.52,25.34,0.9060,-1,-1,-1
772,-1,332.89,306.12,40.83,22.60,0.8976,-1,-1,-1
772,-1,830.41,323.07,39.22,15.01,0.8971,-1,-1,-1
772,-1,237.82,237.58,22.64,17.60,0.8709,-1,-1,-1
772,-1,0.00,271.10,19.40,27.69,0.8681,-1,-1,-1
772,-1,0.00,199.92,19.68,28.08,0.8287,-1,-1,-1
772,-1,176.31,286.60,17.39,28.69,0.7794,-1,-1,-1
772,-1,432.25,293.20,20.97,17.50,0.6597,-1,-1,-1
772,-1,228.15,319.29,19.22,13.37,0.6238,-1,-1,-1
772,-1,97.13,339.29,17.22,14.27,0.6189,-1,-1,-1
772,-1,710.23,314.83,17.33,12.40,0.5295,-1,-1,-1
772,-1,0.00,317.27,13.68,13.90,0.3423,-1,-1,-1
772,-1,127.73,288.22,23.49,23.59,0.2946,-1,-1,-1
773,-1,277.64,243.49,58.69,33.54,0.9148,-1,-1,-1
773,-1,327.22,307.96,40.92,22.70,0.9043,-1,-1,-1
773,-1,272.72,326.51,46.56,25.82,0.9039,-1,-1,-1
773,-1,350.71,344.53,38.06,24.81,0.8965,-1,-1,-1
773,-1,826.81,311.74,38.84,15.34,0.8921,-1,-1,-1
773,-1,229.77,242.48,22.68,16.78,0.8653,-1,-1,-1
773,-1,0.00,286.81,13.72,22.99,0.8113,-1,-1,-1
773,-1,172.10,293.90,17.25,27.69,0.7692,-1,-1,-1
773,-1,224.53,323.67,19.76,14.33,0.7473,-1,-1,-1
773,-1,0.01,212.07,11.13,25.22,0.7150,-1,-1,-1
773,-1,122.50,296.08,24.27,22.91,0.4074,-1,-1,-1
773,-1,704.39,306.56,16.65,13.09,0.3606,-1,-1,-1
773,-1,427.17,292.67,21.72,17.68,0.3236,-1,-1,-1
773,-1,95.16,348.28,17.20,13.89,0.2774,-1,-1,-1
774,-1,274.27,243.42,58.89,34.03,0.9168,-1,-1,-1
774,-1,323.26,307.74,40.99,22.56,0.9106,-1,-1,-1
774,-1,269.12,326.69,46.08,25.84,0.9105,-1,-1,-1
774,-1,347.29,344.53,38.36,25.07,0.9026,-1,-1,-1
774,-1,824.58,311.27,39.10,15.38,0.8850,-1,-1,-1
774,-1,226.82,242.32,21.63,17.04,0.8627,-1,-1,-1
774,-1,169.06,293.89,18.22,27.58,0.8098,-1,-1,-1
774,-1,222.00,323.82,20.20,13.85,0.7544,-1,-1,-1
774,-1,93.32,348.42,17.43,13.98,0.6000,-1,-1,-1
774,-1,190.06,329.49,15.88,22.08,0.5163,-1,-1,-1
774,-1,0.00,284.95,10.31,24.80,0.4847,-1,-1,-1
774,-1,121.02,295.08,22.43,22.67,0.4794,-1,-1,-1
774,-1,239.02,331.28,19.97,12.11,0.3294,-1,-1,-1
774,-1,700.34,306.36,17.40,12.91,0.2808,-1,-1,-1
775,-1,270.13,243.45,59.34,33.99,0.9146,-1,-1,-1
775,-1,266.24,326.50,46.16,26.20,0.9098,-1,-1,-1
775,-1,320.38,308.00,41.06,22.44,0.9095,-1,-1,-1
775,-1,344.74,344.74,38.45,25.03,0.8980,-1,-1,-1
775,-1,822.91,311.18,39.17,15.34,0.8866,-1,-1,-1
775,-1,223.83,242.74,22.35,16.92,0.8571,-1,-1,-1
775,-1,166.99,294.79,18.65,26.64,0.8269,-1,-1,-1
775,-1,220.67,324.07,19.88,13.89,0.7135,-1,-1,-1
775,-1,119.54,295.71,23.42,23.15,0.5511,-1,-1,-1
775,-1,91.87,348.36,17.32,14.29,0.4851,-1,-1,-1
775,-1,697.61,306.40,16.74,13.55,0.4349,-1,-1,-1
775,-1,0.00,281.61,7.38,28.67,0.4294,-1,-1,-1
775,-1,237.56,331.26,20.27,12.10,0.3484,-1,-1,-1
775,-1,188.19,329.67,16.11,22.16,0.2572,-1,-1,-1
776,-1,263.40,326.79,46.02,26.16,0.9153,-1,-1,-1
776,-1,266.14,244.05,61.20,33.80,0.9145,-1,-1,-1
776,-1,342.18,344.88,38.41,24.95,0.9110,-1,-1,-1
776,-1,317.51,307.94,40.75,22.78,0.9079,-1,-1,-1
776,-1,821.28,311.38,38.71,15.14,0.8939,-1,-1,-1
776,-1,221.19,243.20,21.41,16.69,0.8780,-1,-1,-1
776,-1,165.12,295.45,19.36,26.47,0.8395,-1,-1,-1
776,-1,219.40,324.21,20.91,14.05,0.7928,-1,-1,-1
776,-1,421.45,292.95,22.47,17.43,0.5337,-1,-1,-1
776,-1,90.54,348.64,17.76,14.26,0.4484,-1,-1,-1
776,-1,117.86,296.45,22.60,22.55,0.4389,-1,-1,-1
776,-1,695.18,306.04,16.61,13.38,0.3600,-1,-1,-1
776,-1,235.86,331.61,19.97,12.17,0.2607,-1,-1,-1
777,-1,264.07,244.20,59.78,33.79,0.9199,-1,-1,-1
777,-1,260.73,327.16,45.88,26.17,0.9136,-1,-1,-1
777,-1,314.41,308.17,41.16,22.91,0.9105,-1,-1,-1
777,-1,339.57,345.13,38.75,24.95,0.9063,-1,-1,-1
777,-1,819.58,311.54,38.64,15.27,0.8963,-1,-1,-1
777,-1,217.96,243.57,22.53,16.67,0.8656,-1,-1,-1
777,-1,164.37,294.68,18.25,27.48,0.8125,-1,-1,-1
777,-1,218.91,324.49,19.91,13.81,0.7736,-1,-1,-1
777,-1,89.77,349.05,17.10,14.15,0.5246,-1,-1,-1
777,-1,116.28,296.28,22.19,21.27,0.5033,-1,-1,-1
777,-1,233.04,254.24,23.71,26.80,0.4533,-1,-1,-1
778,-1,260.67,244.58,60.44,34.17,0.9199,-1,-1,-1
778,-1,311.77,308.42,41.09,23.01,0.9143,-1,-1,-1
778,-1,257.93,327.53,45.77,26.22,0.9141,-1,-1,-1
778,-1,336.89,345.51,39.04,24.95,0.8989,-1,-1,-1
778,-1,817.96,312.17,38.50,15.35,0.8867,-1,-1,-1
778,-1,215.20,243.48,22.51,17.11,0.8524,-1,-1,-1
778,-1,161.91,294.95,19.28,27.13,0.8284,-1,-1,-1
778,-1,216.90,324.04,20.68,14.74,0.7914,-1,-1,-1
778,-1,88.33,349.21,17.72,14.37,0.7458,-1,-1,-1
778,-1,113.43,296.18,24.59,23.40,0.5713,-1,-1,-1
778,-1,183.57,330.34,15.79,22.51,0.5204,-1,-1,-1
778,-1,232.63,332.38,20.35,11.92,0.3195,-1,-1,-1
778,-1,231.85,254.02,25.43,27.53,0.2561,-1,-1,-1
779,-1,258.21,244.99,60.30,33.81,0.9148,-1,-1,-1
779,-1,254.69,327.91,47.15,25.89,0.9094,-1,-1,-1
779,-1,309.37,309.15,40.94,22.53,0.9087,-1,-1,-1
779,-1,334.45,345.98,39.14,24.80,0.9014,-1,-1,-1
779,-1,816.31,312.99,39.17,15.07,0.8913,-1,-1,-1
779,-1,212.29,243.96,23.11,16.92,0.8737,-1,-1,-1
779,-1,160.34,294.83,19.25,27.52,0.8206,-1,-1,-1
779,-1,215.12,324.30,21.34,14.63,0.7780,-1,-1,-1
779,-1,111.79,296.06,23.46,23.63,0.6116,-1,-1,-1
779,-1,87.52,349.48,17.21,14.19,0.5071,-1,-1,-1
779,-1,181.93,330.80,15.83,22.31,0.3582,-1,-1,-1
779,-1,231.42,332.56,19.95,12.05,0.3404,-1,-1,-1
779,-1,417.44,294.13,21.72,17.66,0.2781,-1,-1,-1
780,-1,254.97,245.46,60.94,34.00,0.9154,-1,-1,-1
780,-1,332.12,346.42,38.80,24.80,0.9086,-1,-1,-1
780,-1,306.28,309.78,41.18,22.33,0.9083,-1,-1,-1
780,-1,251.16,328.40,48.13,25.62,0.9034,-1,-1,-1
780,-1,815.02,313.62,38.69,15.30,0.8973,-1,-1,-1
780,-1,159.39,295.14,18.52,27.75,0.8028,-1,-1,-1
780,-1,215.06,324.90,19.86,14.59,0.8015,-1,-1,-1
780,-1,208.99,244.15,23.10,16.93,0.7329,-1,-1,-1
780,-1,86.65,349.82,17.05,14.14,0.4174,-1,-1,-1
780,-1,229.77,332.79,20.16,12.17,0.3081,-1,-1,-1
781,-1,303.37,310.26,41.08,22.27,0.9202,-1,-1,-1
781,-1,252.00,245.80,61.05,34.03,0.9164,-1,-1,-1
781,-1,249.47,328.78,46.51,25.90,0.9106,-1,-1,-1
781,-1,329.47,346.71,38.96,24.99,0.9054,-1,-1,-1
781,-1,813.26,314.59,38.84,15.05,0.9038,-1,-1,-1
781,-1,207.37,244.38,21.67,17.14,0.8628,-1,-1,-1
781,-1,158.39,296.00,18.35,27.25,0.8386,-1,-1,-1
781,-1,213.72,325.06,20.23,14.60,0.7862,-1,-1,-1
781,-1,109.22,297.28,23.54,23.07,0.6162,-1,-1,-1
781,-1,228.52,332.89,21.30,12.40,0.5069,-1,-1,-1
781,-1,85.99,349.93,16.95,14.00,0.4959,-1,-1,-1
781,-1,178.78,331.28,16.16,22.56,0.3260,-1,-1,-1
782,-1,249.48,246.12,61.36,33.90,0.9149,-1,-1,-1
782,-1,326.79,347.18,39.60,24.89,0.9125,-1,-1,-1
782,-1,246.28,328.90,47.16,26.17,0.9079,-1,-1,-1
782,-1,811.66,315.51,38.58,15.19,0.9060,-1,-1,-1
782,-1,301.22,310.70,40.83,22.23,0.9044,-1,-1,-1
782,-1,204.73,244.76,22.23,17.49,0.8724,-1,-1,-1
782,-1,156.90,296.77,18.48,25.99,0.8320,-1,-1,-1
782,-1,212.96,326.42,19.32,13.23,0.7508,-1,-1,-1
782,-1,107.08,296.78,24.62,22.88,0.7468,-1,-1,-1
782,-1,84.26,350.15,17.68,13.96,0.5729,-1,-1,-1
782,-1,227.52,333.10,20.15,12.72,0.5704,-1,-1,-1
782,-1,176.98,331.46,16.31,22.60,0.3841,-1,-1,-1
782,-1,677.80,310.13,17.63,12.23,0.2743,-1,-1,-1
783,-1,245.89,246.52,60.85,33.83,0.9152,-1,-1,-1
783,-1,324.53,347.59,38.95,24.83,0.9094,-1,-1,-1
783,-1,298.06,310.74,40.90,22.58,0.9067,-1,-1,-1
783,-1,243.54,329.22,47.32,26.00,0.9045,-1,-1,-1
783,-1,810.03,316.50,38.36,15.00,0.9008,-1,-1,-1
783,-1,155.52,297.00,18.59,25.65,0.8294,-1,-1,-1
783,-1,201.75,245.02,22.57,17.40,0.8094,-1,-1,-1
783,-1,105.52,297.62,24.14,22.44,0.7085,-1,-1,-1
783,-1,211.42,326.77,20.61,13.32,0.6956,-1,-1,-1
783,-1,175.92,331.58,15.91,22.58,0.4698,-1,-1,-1
783,-1,225.92,333.27,20.20,12.74,0.4642,-1,-1,-1
783,-1,83.22,349.80,17.58,14.44,0.4171,-1,-1,-1
784,-1,242.51,246.69,62.07,33.68,0.9156,-1,-1,-1
784,-1,240.03,329.39,48.15,25.98,0.9137,-1,-1,-1
784,-1,321.89,347.85,39.42,24.83,0.9060,-1,-1,-1
784,-1,295.55,311.02,40.57,22.40,0.9030,-1,-1,-1
784,-1,808.42,317.37,38.34,15.04,0.8920,-1,-1,-1
784,-1,198.52,245.27,23.84,17.55,0.8616,-1,-1,-1
784,-1,154.59,296.65,18.14,26.41,0.8127,-1,-1,-1
784,-1,208.28,326.47,22.53,13.85,0.7000,-1,-1,-1
784,-1,82.02,349.95,17.81,14.35,0.6587,-1,-1,-1
784,-1,174.15,331.99,15.89,22.16,0.5908,-1,-1,-1
784,-1,104.29,298.34,22.34,21.40,0.4610,-1,-1,-1
784,-1,224.15,333.59,19.13,12.38,0.4571,-1,-1,-1
784,-1,198.99,326.40,31.81,14.09,0.3295,-1,-1,-1
784,-1,408.76,296.65,23.21,17.19,0.2970,-1,-1,-1
785,-1,238.95,246.95,63.10,33.75,0.9123,-1,-1,-1
785,-1,235.95,329.67,49.46,25.88,0.9047,-1,-1,-1
785,-1,292.79,311.28,40.75,22.55,0.9037,-1,-1,-1
785,-1,319.06,348.03,39.60,24.90,0.9032,-1,-1,-1
785,-1,806.86,317.41,37.97,15.18,0.8972,-1,-1,-1
785,-1,195.97,245.45,23.18,17.14,0.8766,-1,-1,-1
785,-1,152.53,296.96,18.82,26.33,0.8247,-1,-1,-1
785,-1,208.53,327.08,21.34,13.33,0.7994,-1,-1,-1
785,-1,81.08,350.05,18.06,14.49,0.6508,-1,-1,-1
785,-1,101.86,298.14,23.82,22.18,0.4995,-1,-1,-1
785,-1,223.08,333.82,18.52,12.42,0.4756,-1,-1,-1
786,-1,236.04,247.89,62.27,34.11,0.9170,-1,-1,-1
786,-1,233.22,330.66,49.11,26.16,0.9122,-1,-1,-1
786,-1,289.42,312.28,40.78,22.38,0.9040,-1,-1,-1
786,-1,316.25,348.86,39.64,24.76,0.9023,-1,-1,-1
786,-1,805.08,317.60,38.55,15.11,0.9004,-1,-1,-1
786,-1,192.26,246.52,24.08,17.49,0.8574,-1,-1,-1
786,-1,151.91,297.91,17.69,27.20,0.8295,-1,-1,-1
786,-1,208.04,327.99,19.99,13.21,0.7417,-1,-1,-1
786,-1,170.59,333.27,16.20,21.81,0.6534,-1,-1,-1
786,-1,79.78,351.75,17.50,14.17,0.5639,-1,-1,-1
786,-1,666.50,312.33,17.11,13.14,0.3231,-1,-1,-1
787,-1,232.57,248.24,62.63,34.19,0.9129,-1,-1,-1
787,-1,231.05,330.96,48.71,26.19,0.9124,-1,-1,-1
787,-1,286.74,312.58,40.64,22.42,0.9017,-1,-1,-1
787,-1,803.51,317.45,37.86,15.20,0.9012,-1,-1,-1
787,-1,313.35,349.23,40.42,24.80,0.8983,-1,-1,-1
787,-1,188.87,247.18,24.51,17.04,0.8684,-1,-1,-1
787,-1,149.73,298.60,18.62,26.41,0.8374,-1,-1,-1
787,-1,206.72,328.55,20.37,13.20,0.6906,-1,-1,-1
787,-1,98.89,299.57,23.91,23.06,0.6197,-1,-1,-1
787,-1,78.81,352.09,17.48,14.15,0.4923,-1,-1,-1
787,-1,663.47,312.24,17.53,13.22,0.4913,-1,-1,-1
787,-1,219.10,335.11,16.73,12.09,0.3955,-1,-1,-1
787,-1,169.33,333.51,15.70,22.29,0.3569,-1,-1,-1
788,-1,229.80,248.27,63.37,34.48,0.9192,-1,-1,-1
788,-1,228.39,331.36,48.08,26.01,0.9119,-1,-1,-1
788,-1,283.89,312.73,40.36,22.57,0.9093,-1,-1,-1
788,-1,310.87,349.43,40.09,24.90,0.8972,-1,-1,-1
788,-1,801.88,317.43,37.82,15.05,0.8932,-1,-1,-1
788,-1,186.52,247.59,23.42,17.25,0.8481,-1,-1,-1
788,-1,148.19,298.56,17.85,26.67,0.8214,-1,-1,-1
788,-1,205.95,327.99,19.97,13.57,0.5911,-1,-1,-1
788,-1,77.84,351.98,17.54,14.52,0.5775,-1,-1,-1
788,-1,167.93,333.82,15.53,22.34,0.4635,-1,-1,-1
788,-1,660.26,312.04,17.52,12.89,0.3454,-1,-1,-1
788,-1,218.24,335.56,15.01,12.15,0.3161,-1,-1,-1
788,-1,401.82,297.94,23.68,17.76,0.2683,-1,-1,-1
789,-1,226.39,248.59,62.39,34.21,0.9111,-1,-1,-1
789,-1,224.94,331.70,49.13,25.97,0.9072,-1,-1,-1
789,-1,308.33,349.42,40.37,25.11,0.9068,-1,-1,-1
789,-1,280.69,312.71,40.73,22.55,0.9025,-1,-1,-1
789,-1,800.15,317.25,37.88,14.89,0.8951,-1,-1,-1
789,-1,183.38,247.43,23.49,17.30,0.8677,-1,-1,-1
789,-1,146.09,298.81,18.56,26.66,0.8380,-1,-1,-1
789,-1,94.64,300.07,24.65,23.02,0.7599,-1,-1,-1
789,-1,202.50,328.29,21.84,13.47,0.7225,-1,-1,-1
789,-1,76.75,353.02,17.26,13.69,0.6654,-1,-1,-1
789,-1,657.60,312.66,17.67,13.58,0.5247,-1,-1,-1
789,-1,165.83,334.24,16.14,22.13,0.4771,-1,-1,-1
790,-1,222.88,248.44,64.29,34.30,0.9130,-1,-1,-1
790,-1,222.70,331.70,48.46,25.84,0.9115,-1,-1,-1
790,-1,798.37,316.93,38.03,15.22,0.9068,-1,-1,-1
790,-1,277.23,312.95,41.47,22.30,0.9010,-1,-1,-1
790,-1,305.14,349.46,41.01,24.89,0.8975,-1,-1,-1
790,-1,180.26,247.60,24.05,16.98,0.8736,-1,-1,-1
790,-1,144.82,298.45,18.16,27.15,0.8249,-1,-1,-1
790,-1,75.31,352.94,17.18,13.82,0.7013,-1,-1,-1
790,-1,200.81,328.65,22.90,13.04,0.5988,-1,-1,-1
790,-1,164.41,333.81,15.62,22.26,0.4058,-1,-1,-1
790,-1,654.42,311.64,18.01,15.48,0.3173,-1,-1,-1
791,-1,219.35,248.18,64.35,34.39,0.9123,-1,-1,-1
791,-1,796.72,316.68,38.31,14.88,0.9123,-1,-1,-1
791,-1,219.01,331.35,49.42,25.90,0.9083,-1,-1,-1
791,-1,274.28,312.50,41.29,22.42,0.9058,-1,-1,-1
791,-1,302.62,349.04,40.48,24.89,0.9000,-1,-1,-1
791,-1,142.95,298.63,18.42,26.89,0.8409,-1,-1,-1
791,-1,177.10,247.34,23.79,17.66,0.8245,-1,-1,-1
791,-1,74.20,352.59,17.55,14.00,0.7448,-1,-1,-1
791,-1,396.87,297.65,23.02,17.41,0.6761,-1,-1,-1
791,-1,199.89,327.97,22.24,13.69,0.6113,-1,-1,-1
791,-1,90.75,299.43,25.72,23.01,0.4836,-1,-1,-1
791,-1,162.46,334.15,15.99,21.86,0.2622,-1,-1,-1
792,-1,216.54,330.94,48.84,26.07,0.9127,-1,-1,-1
792,-1,215.47,247.78,64.67,34.51,0.9080,-1,-1,-1
792,-1,795.00,316.06,38.06,15.18,0.9024,-1,-1,-1
792,-1,272.19,312.07,40.31,22.43,0.9021,-1,-1,-1
792,-1,299.95,348.93,41.07,24.79,0.8994,-1,-1,-1
792,-1,174.44,246.82,24.78,17.33,0.8685,-1,-1,-1
792,-1,141.48,298.18,18.58,26.80,0.8486,-1,-1,-1
792,-1,72.99,352.09,17.91,14.13,0.8210,-1,-1,-1
792,-1,89.15,298.04,25.60,24.21,0.7949,-1,-1,-1
792,-1,201.44,327.44,19.30,13.53,0.6766,-1,-1,-1
792,-1,648.47,311.10,18.03,13.61,0.5403,-1,-1,-1
792,-1,160.91,333.45,15.82,22.25,0.4533,-1,-1,-1
793,-1,212.42,247.33,65.10,34.11,0.9118,-1,-1,-1
793,-1,213.10,330.32,49.46,25.98,0.9058,-1,-1,-1
793,-1,269.19,311.56,40.77,22.41,0.9041,-1,-1,-1
793,-1,297.71,348.52,40.49,24.62,0.9003,-1,-1,-1
793,-1,793.48,315.64,38.04,15.10,0.8989,-1,-1,-1
793,-1,171.58,245.97,26.11,17.21,0.8608,-1,-1,-1
793,-1,139.81,298.01,18.62,27.19,0.8470,-1,-1,-1
793,-1,198.17,327.11,22.08,13.12,0.6787,-1,-1,-1
793,-1,71.83,351.83,17.15,13.86,0.6600,-1,-1,-1
793,-1,645.63,310.51,18.53,13.45,0.5325,-1,-1,-1
793,-1,159.42,333.28,15.70,21.80,0.5117,-1,-1,-1
794,-1,210.08,329.32,49.76,26.42,0.9128,-1,-1,-1
794,-1,209.21,246.49,65.06,34.68,0.9102,-1,-1,-1
794,-1,265.93,311.21,41.74,22.31,0.9088,-1,-1,-1
794,-1,295.25,347.73,40.64,24.84,0.9055,-1,-1,-1
794,-1,791.77,315.36,38.09,15.04,0.8974,-1,-1,-1
794,-1,168.75,244.96,26.76,17.55,0.8402,-1,-1,-1
794,-1,138.52,297.04,18.37,26.79,0.8365,-1,-1,-1
794,-1,86.92,298.73,23.00,21.19,0.6530,-1,-1,-1
794,-1,157.49,332.41,15.88,22.07,0.6263,-1,-1,-1
794,-1,636.61,310.37,24.52,13.39,0.6245,-1,-1,-1
794,-1,70.76,351.03,17.33,14.04,0.6001,-1,-1,-1
794,-1,196.79,326.70,22.65,13.43,0.5154,-1,-1,-1
794,-1,392.19,296.48,23.59,16.90,0.3778,-1,-1,-1
795,-1,204.51,245.76,66.16,34.39,0.9134,-1,-1,-1
795,-1,263.14,310.15,40.42,22.66,0.9064,-1,-1,-1
795,-1,207.27,328.89,49.83,26.16,0.9056,-1,-1,-1
795,-1,292.74,346.88,40.70,24.94,0.9035,-1,-1,-1
795,-1,790.24,314.86,37.73,15.13,0.8984,-1,-1,-1
795,-1,165.11,244.95,26.51,16.85,0.8751,-1,-1,-1
795,-1,136.78,295.96,18.32,27.10,0.8268,-1,-1,-1
795,-1,69.87,350.10,17.09,14.03,0.7217,-1,-1,-1
795,-1,635.04,309.50,22.72,13.46,0.7152,-1,-1,-1
795,-1,155.51,331.61,16.25,22.01,0.7038,-1,-1,-1
795,-1,196.20,325.78,21.79,13.40,0.3885,-1,-1,-1
796,-1,202.48,244.86,64.71,34.68,0.9190,-1,-1,-1
796,-1,260.49,309.42,40.59,22.55,0.9102,-1,-1,-1
796,-1,204.58,328.07,49.73,26.25,0.9036,-1,-1,-1
796,-1,289.30,346.57,41.80,24.57,0.8999,-1,-1,-1
796,-1,788.98,314.45,37.33,15.06,0.8961,-1,-1,-1
796,-1,162.33,243.60,27.59,17.34,0.8702,-1,-1,-1
796,-1,135.83,295.35,17.66,27.00,0.8360,-1,-1,-1
796,-1,388.38,294.92,23.35,17.63,0.7929,-1,-1,-1
796,-1,68.45,349.26,17.40,14.06,0.7569,-1,-1,-1
796,-1,194.79,324.22,19.90,15.05,0.6339,-1,-1,-1
796,-1,633.10,309.35,22.46,12.79,0.5284,-1,-1,-1
796,-1,82.52,297.23,24.41,21.31,0.5181,-1,-1,-1
796,-1,154.16,330.80,15.98,22.22,0.4104,-1,-1,-1
797,-1,257.42,308.48,41.58,22.83,0.9131,-1,-1,-1
797,-1,197.91,244.18,67.27,35.09,0.9092,-1,-1,-1
797,-1,201.63,327.14,50.20,26.32,0.9080,-1,-1,-1
797,-1,787.29,314.06,37.85,15.18,0.8998,-1,-1,-1
797,-1,286.05,345.08,42.64,25.43,0.8942,-1,-1,-1
797,-1,133.80,294.33,18.28,27.35,0.8463,-1,-1,-1
797,-1,67.33,348.21,17.54,14.33,0.8261,-1,-1,-1
797,-1,159.57,243.00,26.04,16.56,0.7997,-1,-1,-1
797,-1,78.99,294.21,26.40,22.51,0.7649,-1,-1,-1
797,-1,632.10,308.70,20.26,13.54,0.6356,-1,-1,-1
797,-1,152.75,330.04,15.86,21.82,0.6063,-1,-1,-1
797,-1,194.22,323.98,20.94,14.70,0.5040,-1,-1,-1
798,-1,195.67,243.42,65.32,34.65,0.9188,-1,-1,-1
798,-1,254.46,307.92,41.11,22.78,0.9115,-1,-1,-1
798,-1,198.67,326.44,50.36,26.39,0.9057,-1,-1,-1
798,-1,284.54,344.77,41.50,25.18,0.8962,-1,-1,-1
798,-1,785.38,313.81,38.30,15.06,0.8957,-1,-1,-1
798,-1,156.36,242.79,25.53,16.31,0.8617,-1,-1,-1
798,-1,132.20,293.90,18.69,27.35,0.8590,-1,-1,-1
798,-1,66.15,347.65,17.43,14.19,0.8249,-1,-1,-1
798,-1,631.06,307.98,19.42,13.66,0.7065,-1,-1,-1
798,-1,193.08,322.28,21.51,15.59,0.6574,-1,-1,-1
798,-1,609.08,321.16,24.92,16.28,0.5144,-1,-1,-1
798,-1,151.18,329.44,15.71,22.08,0.5083,-1,-1,-1
799,-1,251.57,307.79,41.19,22.74,0.9168,-1,-1,-1
799,-1,192.13,243.29,65.07,34.72,0.9164,-1,-1,-1
799,-1,195.38,326.46,50.42,26.37,0.9087,-1,-1,-1
799,-1,281.34,344.72,42.02,25.16,0.9006,-1,-1,-1
799,-1,784.11,313.11,37.81,14.94,0.8910,-1,-1,-1
799,-1,153.16,242.34,25.73,17.05,0.8636,-1,-1,-1
799,-1,130.66,293.60,18.03,27.71,0.8452,-1,-1,-1
799,-1,64.96,347.63,17.65,14.25,0.8101,-1,-1,-1
799,-1,75.15,294.04,26.90,22.42,0.7455,-1,-1,-1
799,-1,628.43,307.50,19.01,13.05,0.7350,-1,-1,-1
799,-1,149.18,329.19,15.81,22.45,0.5904,-1,-1,-1
799,-1,193.35,322.01,19.25,16.81,0.5832,-1,-1,-1
800,-1,188.13,243.31,66.31,34.23,0.9175,-1,-1,-1
800,-1,192.15,326.44,51.22,26.50,0.9143,-1,-1,-1
800,-1,248.70,307.89,41.02,22.82,0.9114,-1,-1,-1
800,-1,279.43,344.57,41.45,25.08,0.9009,-1,-1,-1
800,-1,782.39,312.37,37.53,15.10,0.8902,-1,-1,-1
800,-1,150.66,242.36,25.02,16.90,0.8599,-1,-1,-1
800,-1,128.82,293.97,18.33,27.68,0.8465,-1,-1,-1
800,-1,64.14,347.94,16.76,14.20,0.6871,-1,-1,-1
800,-1,147.26,329.27,16.17,22.04,0.6520,-1,-1,-1
800,-1,626.08,306.89,17.87,13.15,0.5878,-1,-1,-1
800,-1,73.54,294.47,24.57,21.06,0.5138,-1,-1,-1
801,-1,185.10,243.36,65.78,34.62,0.9157,-1,-1,-1
801,-1,245.41,307.89,41.41,22.72,0.9098,-1,-1,-1
801,-1,189.29,326.50,50.87,26.41,0.9045,-1,-1,-1
801,-1,276.53,344.58,41.85,25.17,0.9002,-1,-1,-1
801,-1,780.72,311.73,37.39,15.30,0.8945,-1,-1,-1
801,-1,146.74,242.74,25.48,16.67,0.8569,-1,-1,-1
801,-1,127.74,294.10,17.42,27.40,0.8285,-1,-1,-1
801,-1,62.95,347.89,17.13,14.49,0.7316,-1,-1,-1
801,-1,145.43,329.39,16.42,22.25,0.6029,-1,-1,-1
801,-1,75.44,295.49,21.78,16.14,0.4366,-1,-1,-1
801,-1,1007.91,0.00,16.09,38.54,0.4362,-1,-1,-1
801,-1,622.32,307.00,18.58,12.72,0.3622,-1,-1,-1
801,-1,380.56,292.53,23.17,18.41,0.3221,-1,-1,-1
802,-1,242.46,308.08,41.33,22.65,0.9152,-1,-1,-1
802,-1,182.11,243.58,66.74,34.31,0.9135,-1,-1,-1
802,-1,186.14,326.73,51.49,26.34,0.9047,-1,-1,-1
802,-1,273.54,344.80,42.17,25.11,0.9038,-1,-1,-1
802,-1,778.81,311.52,37.98,15.26,0.8934,-1,-1,-1
802,-1,143.56,243.08,25.89,16.55,0.8653,-1,-1,-1
802,-1,126.13,293.79,17.55,28.60,0.8445,-1,-1,-1
802,-1,994.67,0.02,29.33,37.72,0.8340,-1,-1,-1
802,-1,61.52,347.91,17.51,14.70,0.7942,-1,-1,-1
802,-1,144.08,329.60,15.96,22.39,0.6500,-1,-1,-1
802,-1,619.92,306.98,18.73,12.30,0.4617,-1,-1,-1
802,-1,73.18,296.21,22.32,17.39,0.4552,-1,-1,-1
802,-1,378.52,292.92,24.02,17.78,0.4402,-1,-1,-1
803,-1,179.23,244.27,65.77,33.85,0.9199,-1,-1,-1
803,-1,239.79,308.34,40.78,22.56,0.9115,-1,-1,-1
803,-1,183.25,326.87,51.75,26.55,0.9107,-1,-1,-1
803,-1,270.95,345.05,42.44,25.09,0.8977,-1,-1,-1
803,-1,776.79,311.51,38.66,15.17,0.8863,-1,-1,-1
803,-1,140.89,243.05,26.05,17.03,0.8695,-1,-1,-1
803,-1,124.58,295.37,18.06,27.04,0.8493,-1,-1,-1
803,-1,60.20,348.53,17.73,14.39,0.8193,-1,-1,-1
803,-1,142.07,329.49,16.33,22.79,0.7663,-1,-1,-1
803,-1,991.99,288.80,32.01,84.07,0.6988,-1,-1,-1
803,-1,616.66,306.20,18.99,13.43,0.6844,-1,-1,-1
803,-1,1002.85,394.18,21.15,20.83,0.2590,-1,-1,-1
804,-1,176.30,244.30,65.40,34.22,0.9181,-1,-1,-1
804,-1,236.73,308.70,40.74,22.50,0.9083,-1,-1,-1
804,-1,180.28,327.05,51.22,26.60,0.9058,-1,-1,-1
804,-1,267.94,345.09,42.97,25.11,0.9010,-1,-1,-1
804,-1,775.42,311.57,37.65,15.31,0.8904,-1,-1,-1
804,-1,137.73,243.35,26.95,16.85,0.8778,-1,-1,-1
804,-1,980.33,294.19,43.60,78.38,0.8548,-1,-1,-1
804,-1,122.91,294.45,18.24,27.43,0.8471,-1,-1,-1
804,-1,59.00,348.84,17.95,14.42,0.8195,-1,-1,-1
804,-1,1005.63,263.27,18.37,26.96,0.8015,-1,-1,-1
804,-1,140.50,330.15,16.11,22.23,0.6494,-1,-1,-1
804,-1,613.39,307.19,19.24,12.84,0.4694,-1,-1,-1
804,-1,992.23,377.70,31.77,64.83,0.3979,-1,-1,-1
804,-1,375.48,293.73,24.44,17.36,0.3522,-1,-1,-1
804,-1,72.02,297.36,19.59,18.89,0.2693,-1,-1,-1
805,-1,172.33,244.63,67.21,34.48,0.9208,-1,-1,-1
805,-1,177.58,327.36,51.38,26.55,0.9070,-1,-1,-1
805,-1,233.97,309.07,40.38,22.39,0.9045,-1,-1,-1
805,-1,265.39,345.50,42.84,25.09,0.9043,-1,-1,-1
805,-1,773.94,312.07,37.57,15.17,0.8967,-1,-1,-1
805,-1,995.11,265.38,28.89,25.09,0.8702,-1,-1,-1
805,-1,134.98,243.50,27.07,17.20,0.8653,-1,-1,-1
805,-1,968.93,294.24,55.07,80.66,0.8572,-1,-1,-1
805,-1,121.76,294.56,17.48,27.62,0.8415,-1,-1,-1
805,-1,57.82,349.20,17.97,14.29,0.8276,-1,-1,-1
805,-1,138.94,330.41,16.18,21.97,0.7215,-1,-1,-1
805,-1,980.59,378.27,43.41,78.12,0.6604,-1,-1,-1
805,-1,610.90,307.32,18.93,12.34,0.4477,-1,-1,-1
806,-1,168.99,244.91,67.61,34.62,0.9190,-1,-1,-1
806,-1,174.90,327.78,51.75,26.44,0.9094,-1,-1,-1
806,-1,958.31,294.82,65.69,80.00,0.9091,-1,-1,-1
806,-1,231.15,309.43,40.70,22.39,0.9037,-1,-1,-1
806,-1,263.01,346.09,42.95,24.80,0.8979,-1,-1,-1
806,-1,772.23,312.96,36.89,14.76,0.8899,-1,-1,-1
806,-1,132.33,243.75,26.43,17.21,0.8845,-1,-1,-1
806,-1,992.76,267.39,31.11,23.88,0.8749,-1,-1,-1
806,-1,56.71,349.45,17.89,14.19,0.8339,-1,-1,-1
806,-1,120.33,296.39,17.74,26.40,0.8224,-1,-1,-1
806,-1,137.46,330.68,16.29,22.32,0.6767,-1,-1,-1
806,-1,969.26,378.25,54.74,83.15,0.6699,-1,-1,-1
806,-1,69.01,297.83,19.21,15.79,0.5117,-1,-1,-1
806,-1,608.38,307.92,18.60,12.50,0.4004,-1,-1,-1
806,-1,1016.11,255.57,7.89,15.80,0.3845,-1,-1,-1
806,-1,213.28,276.81,19.74,16.82,0.2872,-1,-1,-1
806,-1,803.06,272.56,16.32,12.78,0.2636,-1,-1,-1
807,-1,947.27,295.89,76.73,79.45,0.9228,-1,-1,-1
807,-1,166.66,245.35,66.97,34.82,0.9177,-1,-1,-1
807,-1,228.66,309.64,40.95,22.48,0.9085,-1,-1,-1
807,-1,171.94,327.65,51.42,27.01,0.9017,-1,-1,-1
807,-1,260.37,346.41,43.42,24.89,0.9009,-1,-1,-1
807,-1,770.81,313.54,37.09,15.01,0.8984,-1,-1,-1
807,-1,988.99,268.17,34.43,24.10,0.8925,-1,-1,-1
807,-1,129.33,244.37,26.69,16.59,0.8728,-1,-1,-1
807,-1,55.90,349.19,18.41,14.55,0.8356,-1,-1,-1
807,-1,119.15,295.34,17.28,27.55,0.8213,-1,-1,-1
807,-1,135.88,331.01,16.45,22.26,0.8126,-1,-1,-1
807,-1,958.11,372.03,65.89,96.62,0.7505,-1,-1,-1
807,-1,1012.85,256.78,11.15,17.28,0.3273,-1,-1,-1
807,-1,67.54,298.46,19.16,20.76,0.3164,-1,-1,-1
807,-1,606.29,308.18,17.81,12.47,0.2565,-1,-1,-1
808,-1,936.12,296.85,87.88,78.70,0.9429,-1,-1,-1
808,-1,163.33,245.82,67.76,34.71,0.9177,-1,-1,-1
808,-1,169.03,328.17,51.34,26.71,0.9122,-1,-1,-1
808,-1,258.07,346.87,42.98,24.72,0.9046,-1,-1,-1
808,-1,768.95,314.04,37.55,15.27,0.9001,-1,-1,-1
808,-1,225.96,309.90,40.86,22.43,0.8994,-1,-1,-1
808,-1,985.83,268.99,34.52,24.34,0.8913,-1,-1,-1
808,-1,947.01,369.74,76.99,98.83,0.8727,-1,-1,-1
808,-1,126.90,245.06,26.74,16.45,0.8701,-1,-1,-1
808,-1,133.73,331.29,16.94,22.37,0.8266,-1,-1,-1
808,-1,117.63,295.65,17.48,27.57,0.8228,-1,-1,-1
808,-1,54.75,349.76,18.29,14.23,0.8002,-1,-1,-1
808,-1,63.70,297.31,20.88,19.43,0.6223,-1,-1,-1
808,-1,1009.64,258.00,14.36,14.72,0.4805,-1,-1,-1
809,-1,925.10,298.02,98.90,78.77,0.9387,-1,-1,-1
809,-1,160.94,245.94,68.46,35.01,0.9178,-1,-1,-1
809,-1,255.76,347.25,42.90,24.80,0.9124,-1,-1,-1
809,-1,166.38,328.32,51.50,26.82,0.9106,-1,-1,-1
809,-1,983.12,269.87,34.69,24.32,0.9006,-1,-1,-1
809,-1,223.24,310.26,40.87,22.58,0.8980,-1,-1,-1
809,-1,935.97,372.03,88.03,94.90,0.8946,-1,-1,-1
809,-1,767.59,315.02,37.75,15.24,0.8907,-1,-1,-1
809,-1,124.39,244.79,25.67,16.84,0.8736,-1,-1,-1
809,-1,53.81,349.75,18.42,14.34,0.8284,-1,-1,-1
809,-1,132.63,331.76,16.33,21.96,0.7587,-1,-1,-1
809,-1,63.54,296.39,20.20,18.65,0.7495,-1,-1,-1
809,-1,116.53,296.99,17.50,26.87,0.7367,-1,-1,-1
809,-1,599.06,309.81,18.96,13.74,0.5989,-1,-1,-1
809,-1,1007.71,259.12,15.76,13.58,0.5288,-1,-1,-1
809,-1,367.96,295.96,23.96,16.87,0.4093,-1,-1,-1
810,-1,914.01,299.34,109.99,78.77,0.9368,-1,-1,-1
810,-1,925.18,374.42,98.82,95.69,0.9367,-1,-1,-1
810,-1,157.55,246.39,67.35,34.76,0.9154,-1,-1,-1
810,-1,253.64,347.40,42.57,24.80,0.9137,-1,-1,-1
810,-1,163.71,328.60,51.55,26.76,0.9066,-1,-1,-1
810,-1,765.98,315.72,37.95,15.27,0.9054,-1,-1,-1
810,-1,220.37,310.63,40.96,22.65,0.9036,-1,-1,-1
810,-1,980.39,271.03,34.14,24.42,0.8916,-1,-1,-1
810,-1,121.74,244.95,26.53,16.98,0.8696,-1,-1,-1
810,-1,52.82,350.02,18.65,14.06,0.8510,-1,-1,-1
810,-1,114.70,295.38,17.39,28.51,0.8171,-1,-1,-1
810,-1,131.02,331.62,16.61,22.31,0.8131,-1,-1,-1
810,-1,595.78,310.60,19.73,12.67,0.6443,-1,-1,-1
810,-1,63.14,297.73,18.47,20.53,0.6334,-1,-1,-1
810,-1,1004.78,260.59,16.13,13.70,0.3551,-1,-1,-1
810,-1,366.77,295.83,22.86,17.15,0.2660,-1,-1,-1
811,-1,914.24,376.65,109.76,93.86,0.9443,-1,-1,-1
811,-1,903.73,300.44,119.67,78.90,0.9418,-1,-1,-1
811,-1,154.63,246.31,68.79,34.46,0.9184,-1,-1,-1
811,-1,160.92,329.06,51.56,26.41,0.9149,-1,-1,-1
811,-1,764.52,316.82,36.43,15.17,0.9076,-1,-1,-1
811,-1,251.24,347.70,42.14,24.69,0.9066,-1,-1,-1
811,-1,217.88,310.79,40.38,22.66,0.9015,-1,-1,-1
811,-1,977.45,272.52,33.95,24.11,0.8899,-1,-1,-1
811,-1,118.34,245.31,27.93,16.87,0.8698,-1,-1,-1
811,-1,51.61,349.90,18.79,14.14,0.8482,-1,-1,-1
811,-1,113.52,295.53,17.16,28.14,0.7999,-1,-1,-1
811,-1,60.99,296.59,19.41,17.73,0.7025,-1,-1,-1
811,-1,129.61,331.59,16.39,22.49,0.6674,-1,-1,-1
811,-1,364.93,296.15,24.25,17.43,0.5809,-1,-1,-1
811,-1,1001.76,261.33,15.52,14.00,0.4424,-1,-1,-1
812,-1,903.70,376.81,120.30,99.93,0.9506,-1,-1,-1
812,-1,892.55,301.08,121.25,79.46,0.9443,-1,-1,-1
812,-1,152.09,246.62,69.53,34.42,0.9162,-1,-1,-1
812,-1,157.94,329.48,52.24,26.05,0.9104,-1,-1,-1
812,-1,249.48,347.87,41.51,24.92,0.9059,-1,-1,-1
812,-1,763.00,317.38,36.82,15.08,0.9029,-1,-1,-1
812,-1,214.94,310.89,40.26,22.66,0.9027,-1,-1,-1
812,-1,974.30,273.53,34.26,23.88,0.8915,-1,-1,-1
812,-1,115.63,245.25,26.17,16.85,0.8774,-1,-1,-1
812,-1,50.51,350.06,18.79,14.07,0.8313,-1,-1,-1
812,-1,112.36,295.41,17.66,28.44,0.7947,-1,-1,-1
812,-1,591.58,311.61,18.19,16.59,0.7286,-1,-1,-1
812,-1,128.06,331.73,16.58,22.32,0.7153,-1,-1,-1
812,-1,999.14,262.23,15.67,13.75,0.5159,-1,-1,-1
812,-1,363.84,296.83,22.80,17.20,0.4481,-1,-1,-1
812,-1,59.01,297.87,17.69,18.46,0.3360,-1,-1,-1
813,-1,891.09,378.19,132.91,99.91,0.9519,-1,-1,-1
813,-1,881.18,301.12,120.67,79.67,0.9404,-1,-1,-1
813,-1,148.20,247.56,68.46,34.15,0.9166,-1,-1,-1
813,-1,154.62,329.99,52.76,26.44,0.9156,-1,-1,-1
813,-1,245.46,348.52,42.90,24.93,0.9042,-1,-1,-1
813,-1,211.99,311.87,41.09,22.52,0.9012,-1,-1,-1
813,-1,970.89,273.45,34.02,24.04,0.8919,-1,-1,-1
813,-1,760.92,317.69,36.71,14.90,0.8874,-1,-1,-1
813,-1,49.26,351.02,18.67,14.13,0.8642,-1,-1,-1
813,-1,112.85,246.00,26.24,17.06,0.8527,-1,-1,-1
813,-1,110.59,296.67,17.28,28.06,0.8399,-1,-1,-1
813,-1,126.12,332.68,16.72,22.29,0.7900,-1,-1,-1
813,-1,996.45,262.37,15.73,13.73,0.5873,-1,-1,-1
813,-1,56.39,298.85,19.38,17.92,0.5422,-1,-1,-1
813,-1,684.32,338.88,16.26,12.43,0.4386,-1,-1,-1
813,-1,588.58,312.04,18.37,12.76,0.4138,-1,-1,-1
814,-1,880.03,377.44,143.97,102.19,0.9508,-1,-1,-1
814,-1,870.24,300.94,122.30,80.39,0.9354,-1,-1,-1
814,-1,151.34,330.90,53.60,26.18,0.9169,-1,-1,-1
814,-1,144.60,248.21,69.60,33.85,0.9149,-1,-1,-1
814,-1,241.37,349.22,45.47,24.97,0.9055,-1,-1,-1
814,-1,209.00,312.45,40.57,22.58,0.9013,-1,-1,-1
814,-1,968.37,273.23,33.48,23.97,0.8890,-1,-1,-1
814,-1,759.24,317.82,37.35,14.91,0.8844,-1,-1,-1
814,-1,109.30,247.02,27.71,17.06,0.8740,-1,-1,-1
814,-1,48.25,351.46,19.38,14.25,0.8636,-1,-1,-1
814,-1,108.69,297.67,18.09,27.63,0.8490,-1,-1,-1
814,-1,124.42,333.36,16.59,22.26,0.8099,-1,-1,-1
814,-1,586.24,312.32,18.20,13.39,0.6094,-1,-1,-1
814,-1,993.26,261.75,14.89,14.32,0.5237,-1,-1,-1
814,-1,54.80,298.07,19.23,19.63,0.5105,-1,-1,-1
814,-1,683.73,338.97,15.75,12.40,0.2829,-1,-1,-1
815,-1,869.26,374.87,154.74,106.42,0.9509,-1,-1,-1
815,-1,859.23,301.22,120.39,79.61,0.9424,-1,-1,-1
815,-1,148.12,331.18,54.02,26.35,0.9181,-1,-1,-1
815,-1,141.46,248.64,67.98,34.04,0.9179,-1,-1,-1
815,-1,239.61,349.40,43.82,24.97,0.9036,-1,-1,-1
815,-1,205.75,312.95,40.94,22.55,0.9010,-1,-1,-1
815,-1,757.80,317.79,31.89,14.89,0.8937,-1,-1,-1
815,-1,964.70,273.52,33.81,23.62,0.8881,-1,-1,-1
815,-1,106.44,247.31,27.59,17.57,0.8508,-1,-1,-1
815,-1,47.02,352.35,18.25,14.02,0.8484,-1,-1,-1
815,-1,122.76,333.34,16.76,22.44,0.8382,-1,-1,-1
815,-1,107.34,297.46,17.01,28.71,0.8300,-1,-1,-1
815,-1,582.37,312.51,19.16,13.10,0.5871,-1,-1,-1
815,-1,990.07,261.65,15.18,14.54,0.4104,-1,-1,-1
816,-1,858.18,374.43,165.82,106.99,0.9533,-1,-1,-1
816,-1,848.09,301.39,120.62,78.53,0.9440,-1,-1,-1
816,-1,138.86,249.00,67.59,34.03,0.9189,-1,-1,-1
816,-1,145.57,331.56,53.60,26.11,0.9117,-1,-1,-1
816,-1,203.09,312.97,40.75,22.91,0.9038,-1,-1,-1
816,-1,237.26,349.60,43.56,24.91,0.9020,-1,-1,-1
816,-1,961.62,272.88,33.86,24.01,0.8909,-1,-1,-1
816,-1,756.39,317.54,23.62,15.01,0.8762,-1,-1,-1
816,-1,103.69,247.53,26.97,17.74,0.8672,-1,-1,-1
816,-1,45.98,352.91,18.39,13.68,0.8420,-1,-1,-1
816,-1,120.78,334.04,17.15,22.45,0.8334,-1,-1,-1
816,-1,105.58,298.55,18.11,27.36,0.8328,-1,-1,-1
816,-1,49.08,298.93,21.50,22.71,0.6195,-1,-1,-1
816,-1,986.69,261.33,15.73,14.19,0.5574,-1,-1,-1
816,-1,579.73,312.44,19.16,13.88,0.4369,-1,-1,-1
817,-1,847.04,375.85,176.96,105.16,0.9551,-1,-1,-1
817,-1,836.77,300.95,121.84,79.31,0.9336,-1,-1,-1
817,-1,142.11,331.60,53.50,26.20,0.9176,-1,-1,-1
817,-1,135.24,249.36,68.68,33.70,0.9176,-1,-1,-1
817,-1,234.87,349.77,43.35,24.71,0.9067,-1,-1,-1
817,-1,200.30,313.07,40.36,22.87,0.9000,-1,-1,-1
817,-1,958.75,272.53,33.13,24.12,0.8928,-1,-1,-1
817,-1,100.49,247.66,27.60,17.45,0.8662,-1,-1,-1
817,-1,119.45,334.20,16.66,22.46,0.8310,-1,-1,-1
817,-1,45.10,352.56,18.35,14.18,0.8224,-1,-1,-1
817,-1,104.37,298.67,17.50,27.96,0.8022,-1,-1,-1
817,-1,355.27,298.23,23.82,17.20,0.3850,-1,-1,-1
817,-1,576.65,312.28,18.88,12.68,0.3546,-1,-1,-1
817,-1,1014.34,300.03,9.66,13.68,0.2558,-1,-1,-1
818,-1,835.79,375.06,188.21,105.27,0.9541,-1,-1,-1
818,-1,826.08,300.81,121.31,79.58,0.9478,-1,-1,-1
818,-1,132.02,249.45,69.10,33.75,0.9215,-1,-1,-1
818,-1,139.59,331.52,53.66,26.27,0.9082,-1,-1,-1
818,-1,232.41,349.59,42.99,24.86,0.9000,-1,-1,-1
818,-1,197.03,313.03,40.64,22.91,0.8981,-1,-1,-1
818,-1,955.88,272.13,32.70,24.06,0.8951,-1,-1,-1
818,-1,117.61,334.45,16.64,21.87,0.8547,-1,-1,-1
818,-1,97.47,247.33,27.63,17.87,0.8507,-1,-1,-1
818,-1,43.87,352.69,18.50,14.02,0.8475,-1,-1,-1
818,-1,102.30,298.75,17.52,28.01,0.7918,-1,-1,-1
818,-1,1011.43,299.32,12.57,14.39,0.7529,-1,-1,-1
818,-1,981.90,261.01,14.74,13.96,0.4297,-1,-1,-1
818,-1,573.23,312.19,19.34,13.36,0.4174,-1,-1,-1
818,-1,45.24,298.86,21.31,22.88,0.3764,-1,-1,-1
819,-1,824.55,375.19,199.45,104.85,0.9572,-1,-1,-1
819,-1,815.29,300.71,121.75,78.62,0.9461,-1,-1,-1
819,-1,128.74,248.83,69.49,34.09,0.9148,-1,-1,-1
819,-1,136.32,331.11,54.52,26.49,0.9084,-1,-1,-1
819,-1,193.75,312.59,41.39,23.09,0.9025,-1,-1,-1
819,-1,229.36,349.23,43.98,25.05,0.9023,-1,-1,-1
819,-1,953.28,271.94,32.84,23.58,0.8912,-1,-1,-1
819,-1,95.17,247.18,26.41,17.95,0.8678,-1,-1,-1
819,-1,42.59,352.58,18.38,14.00,0.8545,-1,-1,-1
819,-1,115.96,333.95,16.77,22.09,0.8347,-1,-1,-1
819,-1,100.39,299.28,18.04,27.41,0.8254,-1,-1,-1
819,-1,1008.63,299.23,15.37,14.03,0.8056,-1,-1,-1
819,-1,570.24,311.75,19.48,14.99,0.5156,-1,-1,-1
819,-1,47.44,299.84,17.70,18.01,0.4839,-1,-1,-1
819,-1,978.81,260.27,15.99,13.99,0.4381,-1,-1,-1
820,-1,813.14,374.76,210.64,104.90,0.9556,-1,-1,-1
820,-1,803.92,299.99,122.27,78.76,0.9470,-1,-1,-1
820,-1,124.59,248.38,70.08,33.98,0.9186,-1,-1,-1
820,-1,133.17,330.76,54.26,26.56,0.9131,-1,-1,-1
820,-1,226.93,348.93,43.90,24.81,0.9086,-1,-1,-1
820,-1,191.66,312.22,40.65,22.86,0.8997,-1,-1,-1
820,-1,949.74,271.50,33.29,23.62,0.8970,-1,-1,-1
820,-1,91.89,246.78,27.07,17.59,0.8719,-1,-1,-1
820,-1,41.29,351.98,18.88,14.14,0.8714,-1,-1,-1
820,-1,1005.62,298.63,18.38,14.03,0.8664,-1,-1,-1
820,-1,113.92,333.33,17.20,22.26,0.8500,-1,-1,-1
820,-1,98.52,298.19,18.08,28.21,0.8364,-1,-1,-1
820,-1,976.53,259.78,15.59,13.81,0.6835,-1,-1,-1
820,-1,567.32,311.22,19.27,14.05,0.4445,-1,-1,-1
821,-1,802.59,374.26,214.11,105.09,0.9578,-1,-1,-1
821,-1,792.81,299.38,122.62,80.33,0.9437,-1,-1,-1
821,-1,122.14,247.77,69.72,33.87,0.9185,-1,-1,-1
821,-1,130.45,329.93,54.33,26.79,0.9060,-1,-1,-1
821,-1,223.52,348.59,44.51,24.61,0.9048,-1,-1,-1
821,-1,188.44,311.64,40.70,22.78,0.9009,-1,-1,-1
821,-1,947.02,271.04,32.72,23.83,0.8974,-1,-1,-1
821,-1,40.32,351.52,18.90,14.01,0.8695,-1,-1,-1
821,-1,1002.55,298.39,21.45,13.90,0.8684,-1,-1,-1
821,-1,88.86,246.31,27.08,17.78,0.8513,-1,-1,-1
821,-1,112.65,332.74,16.99,22.39,0.8399,-1,-1,-1
821,-1,96.97,297.26,18.22,28.69,0.8376,-1,-1,-1
821,-1,974.12,259.68,15.05,13.44,0.5036,-1,-1,-1
821,-1,564.06,310.80,19.89,12.79,0.4394,-1,-1,-1
821,-1,44.29,298.67,16.94,17.92,0.2907,-1,-1,-1
822,-1,791.49,373.65,209.29,105.19,0.9605,-1,-1,-1
822,-1,782.35,299.18,122.32,83.69,0.9469,-1,-1,-1
822,-1,118.16,247.07,71.37,33.84,0.9184,-1,-1,-1
822,-1,127.62,329.41,54.69,26.34,0.9122,-1,-1,-1
822,-1,221.05,347.59,44.59,24.96,0.9085,-1,-1,-1
822,-1,185.38,311.01,40.77,22.74,0.9010,-1,-1,-1
822,-1,944.90,270.73,31.90,23.77,0.8972,-1,-1,-1
822,-1,86.21,245.56,27.30,17.43,0.8730,-1,-1,-1
822,-1,999.70,298.13,24.30,13.75,0.8654,-1,-1,-1
822,-1,95.67,296.31,17.38,29.71,0.8464,-1,-1,-1
822,-1,38.86,350.81,18.70,13.91,0.8124,-1,-1,-1
822,-1,110.52,331.80,17.17,22.57,0.7859,-1,-1,-1
822,-1,42.63,300.05,16.75,16.18,0.5398,-1,-1,-1
822,-1,561.92,310.15,18.83,16.92,0.3873,-1,-1,-1
822,-1,346.34,296.24,24.51,16.84,0.3238,-1,-1,-1
822,-1,971.88,259.03,14.69,13.43,0.3159,-1,-1,-1
823,-1,780.95,373.34,203.74,104.81,0.9597,-1,-1,-1
823,-1,771.63,298.46,122.42,79.37,0.9458,-1,-1,-1
823,-1,114.88,245.99,70.89,34.09,0.9216,-1,-1,-1
823,-1,125.12,328.64,54.19,26.11,0.9084,-1,-1,-1
823,-1,218.41,347.05,44.93,24.74,0.9053,-1,-1,-1
823,-1,182.78,310.11,40.51,22.70,0.9039,-1,-1,-1
823,-1,941.79,270.27,32.15,23.70,0.8946,-1,-1,-1
823,-1,996.77,297.68,27.23,13.80,0.8822,-1,-1,-1
823,-1,82.94,245.09,28.31,16.88,0.8756,-1,-1,-1
823,-1,37.85,349.50,19.35,14.33,0.8676,-1,-1,-1
823,-1,109.11,331.36,17.37,22.09,0.8513,-1,-1,-1
823,-1,94.44,295.97,17.20,29.02,0.8449,-1,-1,-1
823,-1,39.85,298.19,18.29,19.51,0.6856,-1,-1,-1
823,-1,344.86,295.64,23.81,16.80,0.6800,-1,-1,-1
823,-1,559.80,309.64,18.49,16.98,0.5335,-1,-1,-1
824,-1,769.45,372.86,199.39,104.94,0.9573,-1,-1,-1
824,-1,761.08,297.98,123.28,79.03,0.9525,-1,-1,-1
824,-1,111.52,245.36,72.07,34.03,0.9171,-1,-1,-1
824,-1,179.92,309.46,40.52,22.47,0.9070,-1,-1,-1
824,-1,121.54,327.94,54.63,26.06,0.9068,-1,-1,-1
824,-1,215.63,346.11,45.03,24.96,0.9052,-1,-1,-1
824,-1,938.57,270.10,32.91,23.81,0.9017,-1,-1,-1
824,-1,79.61,243.80,28.66,17.08,0.8871,-1,-1,-1
824,-1,36.64,349.17,19.21,13.83,0.8675,-1,-1,-1
824,-1,994.04,297.45,29.19,13.89,0.8504,-1,-1,-1
824,-1,92.27,295.06,17.76,28.74,0.8436,-1,-1,-1
824,-1,107.66,330.66,16.39,21.10,0.6417,-1,-1,-1
824,-1,39.06,297.31,17.10,16.07,0.5444,-1,-1,-1
824,-1,556.97,309.06,18.61,13.87,0.3990,-1,-1,-1
824,-1,343.56,295.19,24.79,16.97,0.3180,-1,-1,-1
825,-1,758.69,372.44,194.51,104.96,0.9576,-1,-1,-1
825,-1,750.69,297.34,122.46,79.15,0.9514,-1,-1,-1
825,-1,108.71,244.51,71.28,33.84,0.9225,-1,-1,-1
825,-1,177.20,308.34,40.48,22.82,0.9177,-1,-1,-1
825,-1,118.44,326.97,55.94,26.19,0.9117,-1,-1,-1
825,-1,213.33,345.39,45.21,25.01,0.9007,-1,-1,-1
825,-1,936.66,269.94,31.69,23.93,0.8997,-1,-1,-1
825,-1,990.76,297.09,30.18,13.91,0.8768,-1,-1,-1
825,-1,76.94,243.18,28.61,16.98,0.8764,-1,-1,-1
825,-1,35.77,348.02,18.41,14.18,0.8696,-1,-1,-1
825,-1,90.41,293.80,17.98,28.64,0.8434,-1,-1,-1
825,-1,105.76,329.72,16.10,21.73,0.7689,-1,-1,-1
825,-1,37.25,295.79,16.84,17.57,0.5621,-1,-1,-1
825,-1,342.16,294.36,24.22,17.03,0.5612,-1,-1,-1
825,-1,554.55,308.36,18.17,13.66,0.4381,-1,-1,-1
826,-1,747.78,371.99,189.23,105.08,0.9591,-1,-1,-1
826,-1,739.42,296.93,123.10,79.06,0.9482,-1,-1,-1
826,-1,105.35,243.98,71.75,34.11,0.9191,-1,-1,-1
826,-1,174.09,308.09,40.71,22.78,0.9096,-1,-1,-1
826,-1,116.09,326.88,55.68,25.99,0.9047,-1,-1,-1
826,-1,933.14,269.41,32.30,23.89,0.9030,-1,-1,-1
826,-1,210.42,344.84,45.72,25.06,0.8987,-1,-1,-1
826,-1,988.17,296.68,29.62,14.07,0.8934,-1,-1,-1
826,-1,73.32,242.63,29.31,16.88,0.8751,-1,-1,-1
826,-1,34.59,347.52,18.70,14.12,0.8368,-1,-1,-1
826,-1,89.20,294.09,17.98,28.04,0.8307,-1,-1,-1
826,-1,551.30,307.98,18.93,12.35,0.5921,-1,-1,-1
826,-1,35.40,295.24,16.36,15.78,0.4635,-1,-1,-1
826,-1,340.75,293.62,23.21,17.44,0.3971,-1,-1,-1
826,-1,104.28,329.57,15.97,17.71,0.3905,-1,-1,-1
826,-1,559.76,356.87,14.90,12.34,0.3846,-1,-1,-1
827,-1,736.99,371.16,183.56,104.55,0.9593,-1,-1,-1
827,-1,728.38,296.00,123.01,79.37,0.9495,-1,-1,-1
827,-1,100.57,243.79,74.17,34.14,0.9153,-1,-1,-1
827,-1,170.85,308.11,40.57,22.63,0.9144,-1,-1,-1
827,-1,207.59,344.85,45.37,25.00,0.9048,-1,-1,-1
827,-1,930.12,268.51,32.15,23.69,0.9031,-1,-1,-1
827,-1,112.65,326.70,55.47,26.04,0.9028,-1,-1,-1
827,-1,985.04,295.46,29.57,14.12,0.8829,-1,-1,-1
827,-1,69.14,242.73,31.82,16.78,0.8763,-1,-1,-1
827,-1,33.39,347.61,19.13,14.14,0.8510,-1,-1,-1
827,-1,87.57,293.54,17.51,28.19,0.8333,-1,-1,-1
827,-1,548.36,307.05,18.74,12.72,0.6595,-1,-1,-1
827,-1,338.83,293.63,23.68,16.99,0.5577,-1,-1,-1
827,-1,214.96,319.10,17.14,15.08,0.5534,-1,-1,-1
827,-1,33.46,295.37,17.08,17.42,0.3618,-1,-1,-1
828,-1,725.18,370.37,179.05,104.51,0.9606,-1,-1,-1
828,-1,717.21,295.52,123.24,78.63,0.9538,-1,-1,-1
828,-1,97.67,244.04,74.62,34.26,0.9209,-1,-1,-1
828,-1,167.96,308.13,40.41,22.94,0.9161,-1,-1,-1
828,-1,109.47,326.96,55.83,26.31,0.9093,-1,-1,-1
828,-1,205.30,344.91,45.83,24.94,0.9027,-1,-1,-1
828,-1,927.11,267.41,31.96,24.02,0.8999,-1,-1,-1
828,-1,981.83,294.44,30.16,14.29,0.8923,-1,-1,-1
828,-1,67.04,242.75,30.03,16.86,0.8732,-1,-1,-1
828,-1,85.56,294.14,18.03,27.85,0.8352,-1,-1,-1
828,-1,212.22,319.34,18.56,14.34,0.8286,-1,-1,-1
828,-1,32.17,347.86,19.03,14.39,0.7907,-1,-1,-1
828,-1,30.80,295.72,17.33,16.83,0.6588,-1,-1,-1
828,-1,543.31,307.45,20.15,12.21,0.4456,-1,-1,-1
828,-1,100.07,328.89,15.57,22.12,0.3993,-1,-1,-1
828,-1,591.58,310.91,19.26,19.79,0.3772,-1,-1,-1
828,-1,337.52,293.44,23.50,17.07,0.2834,-1,-1,-1
829,-1,713.90,369.34,174.06,105.30,0.9608,-1,-1,-1
829,-1,705.92,295.48,123.77,78.53,0.9500,-1,-1,-1
829,-1,94.15,244.25,74.54,34.20,0.9118,-1,-1,-1
829,-1,107.42,327.08,54.94,26.12,0.9099,-1,-1,-1
829,-1,165.02,308.20,40.76,22.89,0.9089,-1,-1,-1
829,-1,978.84,293.80,29.45,14.36,0.8988,-1,-1,-1
829,-1,202.62,344.92,45.92,25.05,0.8966,-1,-1,-1
829,-1,924.06,266.70,31.53,24.42,0.8966,-1,-1,-1
829,-1,63.27,243.04,31.22,16.56,0.8148,-1,-1,-1
829,-1,31.02,348.24,19.03,14.19,0.8012,-1,-1,-1
829,-1,83.98,294.20,17.13,27.95,0.7998,-1,-1,-1
829,-1,335.31,293.45,24.59,17.11,0.7789,-1,-1,-1
829,-1,209.55,319.66,20.56,14.35,0.6536,-1,-1,-1
829,-1,98.17,329.19,15.87,22.83,0.5204,-1,-1,-1
829,-1,540.91,307.18,20.22,11.86,0.4198,-1,-1,-1
829,-1,807.30,288.29,22.61,11.31,0.3238,-1,-1,-1
830,-1,702.66,369.89,169.07,104.78,0.9597,-1,-1,-1
830,-1,694.74,295.81,124.36,78.15,0.9515,-1,-1,-1
830,-1,89.88,244.64,74.54,33.80,0.9198,-1,-1,-1
830,-1,103.61,327.24,55.91,26.23,0.9095,-1,-1,-1
830,-1,200.09,345.09,45.73,25.16,0.9073,-1,-1,-1
830,-1,162.21,308.56,40.06,22.81,0.9067,-1,-1,-1
830,-1,975.83,293.53,29.65,14.39,0.8963,-1,-1,-1
830,-1,921.10,266.78,31.50,24.01,0.8953,-1,-1,-1
830,-1,61.19,243.47,29.92,17.14,0.8681,-1,-1,-1
830,-1,82.49,293.94,17.18,29.45,0.8183,-1,-1,-1
830,-1,29.67,348.80,19.49,13.86,0.7971,-1,-1,-1
830,-1,206.51,319.44,22.34,14.23,0.7385,-1,-1,-1
830,-1,538.68,307.30,19.46,12.61,0.6066,-1,-1,-1
830,-1,949.89,255.14,14.29,14.17,0.3923,-1,-1,-1
830,-1,806.82,288.17,21.06,11.20,0.3335,-1,-1,-1
831,-1,691.02,370.37,163.72,104.62,0.9601,-1,-1,-1
831,-1,683.73,295.47,123.76,78.49,0.9583,-1,-1,-1
831,-1,86.80,244.71,74.63,34.14,0.9158,-1,-1,-1
831,-1,158.84,308.90,40.82,22.55,0.9094,-1,-1,-1
831,-1,100.85,327.54,55.90,26.13,0.9059,-1,-1,-1
831,-1,197.40,345.34,46.11,25.09,0.9036,-1,-1,-1
831,-1,972.65,293.58,29.69,14.34,0.9017,-1,-1,-1
831,-1,917.82,266.83,31.71,23.90,0.9002,-1,-1,-1
831,-1,58.09,243.53,29.75,17.13,0.8893,-1,-1,-1
831,-1,28.64,349.04,19.22,13.94,0.8117,-1,-1,-1
831,-1,81.08,294.47,16.96,28.88,0.7605,-1,-1,-1
831,-1,535.94,307.42,19.91,12.94,0.6686,-1,-1,-1
831,-1,26.10,296.79,17.73,17.24,0.6674,-1,-1,-1
831,-1,204.49,319.75,23.33,14.60,0.6112,-1,-1,-1
831,-1,331.39,293.59,25.02,17.33,0.5911,-1,-1,-1
831,-1,947.05,255.07,14.65,13.78,0.2762,-1,-1,-1
832,-1,680.23,370.84,158.98,104.52,0.9621,-1,-1,-1
832,-1,672.68,295.91,123.83,78.13,0.9509,-1,-1,-1
832,-1,83.92,245.18,75.69,33.92,0.9167,-1,-1,-1
832,-1,156.04,309.07,40.68,22.67,0.9080,-1,-1,-1
832,-1,194.61,345.78,46.32,24.75,0.9012,-1,-1,-1
832,-1,95.53,327.83,58.89,26.26,0.8977,-1,-1,-1
832,-1,969.53,293.84,29.56,14.17,0.8955,-1,-1,-1
832,-1,914.73,266.81,31.30,24.24,0.8929,-1,-1,-1
832,-1,55.17,243.99,30.13,16.99,0.8774,-1,-1,-1
832,-1,27.03,349.43,19.60,13.87,0.8554,-1,-1,-1
832,-1,79.70,294.55,17.07,29.80,0.8166,-1,-1,-1
832,-1,532.95,307.48,20.07,12.72,0.5939,-1,-1,-1
832,-1,330.42,294.21,24.01,16.84,0.3149,-1,-1,-1
832,-1,783.67,367.86,25.55,11.79,0.2777,-1,-1,-1
833,-1,669.04,371.37,153.53,104.32,0.9599,-1,-1,-1
833,-1,661.95,296.03,123.99,78.14,0.9533,-1,-1,-1
833,-1,81.54,245.70,75.80,33.70,0.9189,-1,-1,-1
833,-1,191.94,345.83,46.80,25.15,0.9185,-1,-1,-1
833,-1,93.14,328.08,58.25,26.42,0.9120,-1,-1,-1
833,-1,153.29,309.32,40.67,22.66,0.9113,-1,-1,-1
833,-1,912.20,267.42,30.71,23.96,0.8967,-1,-1,-1
833,-1,966.37,294.36,30.08,14.17,0.8960,-1,-1,-1
833,-1,51.35,244.46,31.98,16.76,0.8943,-1,-1,-1
833,-1,25.95,349.67,19.93,13.88,0.8713,-1,-1,-1
833,-1,77.48,295.03,17.99,29.05,0.8373,-1,-1,-1
833,-1,22.74,297.17,17.87,17.97,0.6641,-1,-1,-1
833,-1,201.61,320.20,24.43,14.94,0.6226,-1,-1,-1
833,-1,526.69,307.85,23.16,12.65,0.5652,-1,-1,-1
833,-1,96.72,295.72,17.10,14.77,0.2792,-1,-1,-1
834,-1,657.90,371.88,148.50,104.65,0.9597,-1,-1,-1
834,-1,651.11,296.53,124.73,78.19,0.9567,-1,-1,-1
834,-1,77.93,245.71,76.13,34.06,0.9181,-1,-1,-1
834,-1,908.85,268.28,31.19,23.79,0.9116,-1,-1,-1
834,-1,90.23,328.39,58.44,26.32,0.9057,-1,-1,-1
834,-1,189.20,346.53,47.35,24.65,0.9050,-1,-1,-1
834,-1,150.50,309.74,40.96,22.61,0.9037,-1,-1,-1
834,-1,963.35,295.14,30.05,14.15,0.9002,-1,-1,-1
834,-1,48.80,244.54,30.88,17.00,0.8808,-1,-1,-1
834,-1,24.68,349.23,20.68,14.46,0.8673,-1,-1,-1
834,-1,75.92,295.32,17.61,28.39,0.8364,-1,-1,-1
834,-1,525.54,308.09,21.52,12.89,0.6349,-1,-1,-1
834,-1,327.07,295.01,25.38,16.79,0.3428,-1,-1,-1
835,-1,646.14,372.88,144.81,104.22,0.9614,-1,-1,-1
835,-1,640.56,297.53,123.89,77.51,0.9497,-1,-1,-1
835,-1,74.07,246.21,77.04,33.95,0.9167,-1,-1,-1
835,-1,88.65,328.53,57.00,26.52,0.9073,-1,-1,-1
835,-1,906.12,269.23,30.93,23.64,0.9069,-1,-1,-1
835,-1,147.80,309.99,40.66,22.72,0.9027,-1,-1,-1
835,-1,186.49,346.60,47.31,24.81,0.9017,-1,-1,-1
835,-1,960.21,295.92,29.47,14.13,0.8924,-1,-1,-1
835,-1,47.13,244.92,30.01,16.82,0.8872,-1,-1,-1
835,-1,23.89,349.49,20.75,14.54,0.8736,-1,-1,-1
835,-1,74.55,294.89,17.68,29.45,0.8214,-1,-1,-1
835,-1,523.28,308.46,20.22,12.95,0.4738,-1,-1,-1
835,-1,20.01,298.07,16.95,17.50,0.4233,-1,-1,-1
835,-1,200.99,320.96,22.45,14.80,0.3548,-1,-1,-1
836,-1,636.11,373.90,139.10,103.93,0.9600,-1,-1,-1
836,-1,629.19,298.43,124.33,77.27,0.9502,-1,-1,-1
836,-1,72.07,246.29,77.16,33.99,0.9188,-1,-1,-1
836,-1,184.49,346.81,46.60,25.05,0.9096,-1,-1,-1
836,-1,85.55,328.73,57.34,26.54,0.9072,-1,-1,-1
836,-1,145.31,310.04,40.44,23.00,0.9052,-1,-1,-1
836,-1,956.92,296.92,29.93,14.22,0.8992,-1,-1,-1
836,-1,903.00,270.22,30.69,23.57,0.8982,-1,-1,-1
836,-1,43.95,244.94,30.04,17.28,0.8856,-1,-1,-1
836,-1,23.12,349.80,20.24,14.34,0.8679,-1,-1,-1
836,-1,734.14,313.94,25.65,14.57,0.8302,-1,-1,-1
836,-1,73.41,295.31,17.59,29.38,0.8295,-1,-1,-1
836,-1,17.92,298.63,17.30,17.03,0.5700,-1,-1,-1
836,-1,200.00,321.40,22.27,14.57,0.5550,-1,-1,-1
836,-1,521.24,308.56,19.82,13.08,0.4467,-1,-1,-1
836,-1,91.96,296.72,17.49,19.23,0.3515,-1,-1,-1
836,-1,324.30,295.51,24.87,16.85,0.2890,-1,-1,-1
836,-1,932.62,258.16,14.81,14.19,0.2885,-1,-1,-1
837,-1,624.83,374.50,134.84,104.07,0.9578,-1,-1,-1
837,-1,618.22,299.35,125.11,76.81,0.9539,-1,-1,-1
837,-1,69.13,246.71,76.97,33.79,0.9175,-1,-1,-1
837,-1,181.56,347.24,47.57,24.91,0.9132,-1,-1,-1
837,-1,142.70,310.40,40.20,22.99,0.9067,-1,-1,-1
837,-1,80.95,328.81,59.53,26.44,0.9033,-1,-1,-1
837,-1,900.36,271.07,30.29,23.82,0.8907,-1,-1,-1
837,-1,954.20,298.08,29.76,14.19,0.8877,-1,-1,-1
837,-1,726.55,314.62,31.50,15.86,0.8732,-1,-1,-1
837,-1,40.41,245.19,31.93,17.06,0.8698,-1,-1,-1
837,-1,22.26,350.17,19.78,13.97,0.8660,-1,-1,-1
837,-1,72.23,295.58,17.42,29.12,0.8269,-1,-1,-1
837,-1,199.29,321.54,22.25,14.40,0.7755,-1,-1,-1
837,-1,518.92,309.67,19.52,13.25,0.6108,-1,-1,-1
837,-1,322.26,295.91,25.43,16.93,0.3889,-1,-1,-1
837,-1,930.46,258.82,14.82,14.59,0.3582,-1,-1,-1
838,-1,614.72,375.25,130.23,104.35,0.9615,-1,-1,-1
838,-1,608.18,300.11,124.77,76.87,0.9506,-1,-1,-1
838,-1,66.22,246.63,77.33,34.12,0.9182,-1,-1,-1
838,-1,179.13,347.44,47.31,24.99,0.9087,-1,-1,-1
838,-1,79.53,329.02,57.92,26.58,0.9079,-1,-1,-1
838,-1,139.91,310.60,40.56,23.06,0.9022,-1,-1,-1
838,-1,951.16,299.16,30.25,14.31,0.9010,-1,-1,-1
838,-1,721.47,315.57,35.12,15.65,0.8960,-1,-1,-1
838,-1,896.88,272.06,30.71,23.72,0.8920,-1,-1,-1
838,-1,38.52,245.29,30.35,17.06,0.8781,-1,-1,-1
838,-1,198.25,321.66,22.15,14.57,0.8519,-1,-1,-1
838,-1,21.72,349.76,19.59,14.33,0.8424,-1,-1,-1
838,-1,70.62,295.82,17.57,28.71,0.8420,-1,-1,-1
838,-1,927.67,260.34,14.73,13.73,0.3966,-1,-1,-1
838,-1,514.58,310.24,21.02,12.63,0.3375,-1,-1,-1
839,-1,602.66,375.99,128.33,104.49,0.9612,-1,-1,-1
839,-1,596.90,300.66,124.64,77.11,0.9515,-1,-1,-1
839,-1,63.49,246.51,76.96,34.28,0.9206,-1,-1,-1
839,-1,76.26,329.17,59.26,26.18,0.9096,-1,-1,-1
839,-1,948.35,300.31,29.07,14.06,0.9079,-1,-1,-1
839,-1,177.00,347.51,46.83,25.04,0.9057,-1,-1,-1
839,-1,137.21,310.82,40.57,22.81,0.9054,-1,-1,-1
839,-1,718.71,316.60,36.18,15.44,0.9040,-1,-1,-1
839,-1,893.91,273.21,30.69,23.82,0.8899,-1,-1,-1
839,-1,35.50,245.12,30.89,17.29,0.8843,-1,-1,-1
839,-1,20.16,349.99,20.12,13.97,0.8618,-1,-1,-1
839,-1,69.29,296.14,17.67,28.19,0.8407,-1,-1,-1
839,-1,196.82,321.84,22.28,14.68,0.8234,-1,-1,-1
839,-1,512.71,311.07,20.87,12.66,0.6081,-1,-1,-1
839,-1,319.53,296.45,25.71,16.80,0.3509,-1,-1,-1
839,-1,14.23,298.20,17.06,16.37,0.2975,-1,-1,-1
840,-1,590.48,376.50,126.01,104.32,0.9609,-1,-1,-1
840,-1,586.36,300.40,124.75,77.70,0.9530,-1,-1,-1
840,-1,60.58,246.67,76.72,34.38,0.9193,-1,-1,-1
840,-1,73.99,329.15,58.15,26.20,0.9119,-1,-1,-1
840,-1,174.34,347.71,46.91,24.91,0.9074,-1,-1,-1
840,-1,134.29,310.91,40.24,22.65,0.9007,-1,-1,-1
840,-1,717.34,316.99,35.88,15.45,0.8991,-1,-1,-1
840,-1,945.24,300.84,29.51,14.08,0.8973,-1,-1,-1
840,-1,891.03,273.62,30.85,23.74,0.8903,-1,-1,-1
840,-1,33.25,245.17,29.96,17.22,0.8714,-1,-1,-1
840,-1,67.54,295.79,17.43,28.10,0.8437,-1,-1,-1
840,-1,18.72,349.42,20.54,14.65,0.8189,-1,-1,-1
840,-1,196.47,322.31,22.35,14.26,0.7557,-1,-1,-1
840,-1,509.08,310.80,20.28,13.27,0.7074,-1,-1,-1
840,-1,88.55,296.23,17.56,12.83,0.3423,-1,-1,-1
840,-1,921.56,261.32,15.43,14.64,0.2789,-1,-1,-1
841,-1,577.66,376.68,124.31,104.46,0.9606,-1,-1,-1
841,-1,575.26,300.60,124.65,78.23,0.9485,-1,-1,-1
841,-1,57.24,247.42,76.74,34.41,0.9207,-1,-1,-1
841,-1,71.15,330.19,57.67,25.99,0.9151,-1,-1,-1
841,-1,171.83,348.30,46.23,25.05,0.9043,-1,-1,-1
841,-1,131.46,311.69,40.61,23.03,0.9028,-1,-1,-1
841,-1,942.04,300.81,29.21,14.09,0.9027,-1,-1,-1
841,-1,715.54,317.23,35.62,15.36,0.8914,-1,-1,-1
841,-1,888.05,273.88,30.40,23.55,0.8911,-1,-1,-1
841,-1,30.05,246.20,29.90,17.34,0.8746,-1,-1,-1
841,-1,17.61,350.74,20.06,14.61,0.8290,-1,-1,-1
841,-1,66.00,296.32,17.68,29.20,0.8275,-1,-1,-1
841,-1,507.26,311.04,18.17,13.61,0.7225,-1,-1,-1
841,-1,85.92,297.43,17.47,14.02,0.3745,-1,-1,-1
842,-1,564.73,376.85,121.96,104.58,0.9605,-1,-1,-1
842,-1,563.75,301.27,125.04,78.05,0.9489,-1,-1,-1
842,-1,67.58,331.07,58.98,26.09,0.9165,-1,-1,-1
842,-1,53.73,248.38,77.18,34.33,0.9142,-1,-1,-1
842,-1,169.14,349.22,47.14,24.95,0.9031,-1,-1,-1
842,-1,128.89,312.40,40.08,23.42,0.9001,-1,-1,-1
842,-1,938.84,300.81,29.50,13.88,0.8957,-1,-1,-1
842,-1,884.31,273.96,30.83,23.62,0.8883,-1,-1,-1
842,-1,714.66,317.44,34.43,15.41,0.8880,-1,-1,-1
842,-1,27.08,247.26,30.54,17.32,0.8706,-1,-1,-1
842,-1,16.88,351.72,19.73,14.35,0.8556,-1,-1,-1
842,-1,64.44,297.15,17.35,28.60,0.7901,-1,-1,-1
842,-1,84.79,298.37,18.04,14.07,0.5834,-1,-1,-1
843,-1,552.08,377.13,119.55,104.52,0.9617,-1,-1,-1
843,-1,552.61,301.48,126.01,78.28,0.9503,-1,-1,-1
843,-1,50.27,248.79,77.26,34.28,0.9179,-1,-1,-1
843,-1,65.00,331.64,59.41,25.97,0.9118,-1,-1,-1
843,-1,125.16,312.78,40.64,23.11,0.9003,-1,-1,-1
843,-1,166.61,349.99,47.33,24.39,0.8987,-1,-1,-1
843,-1,935.67,300.66,30.09,13.89,0.8953,-1,-1,-1
843,-1,881.49,273.69,30.34,23.60,0.8871,-1,-1,-1
843,-1,711.46,317.70,36.59,15.08,0.8842,-1,-1,-1
843,-1,24.34,247.72,29.44,17.14,0.8669,-1,-1,-1
843,-1,62.52,297.73,17.55,28.77,0.8257,-1,-1,-1
843,-1,15.14,352.42,19.98,14.09,0.8193,-1,-1,-1
843,-1,193.04,323.96,21.29,14.22,0.5479,-1,-1,-1
844,-1,539.39,377.46,117.29,104.25,0.9603,-1,-1,-1
844,-1,541.27,301.55,125.75,78.45,0.9438,-1,-1,-1
844,-1,46.82,249.11,77.97,34.17,0.9205,-1,-1,-1
844,-1,932.57,300.35,29.31,14.03,0.9105,-1,-1,-1
844,-1,61.80,331.90,59.12,25.94,0.9100,-1,-1,-1
844,-1,163.94,349.95,46.76,24.75,0.9084,-1,-1,-1
844,-1,122.61,313.09,40.75,22.91,0.9075,-1,-1,-1
844,-1,878.99,273.50,29.61,23.76,0.8929,-1,-1,-1
844,-1,710.39,317.33,35.27,15.39,0.8830,-1,-1,-1
844,-1,21.40,247.80,29.37,17.38,0.8764,-1,-1,-1
844,-1,60.23,297.82,18.72,28.59,0.8555,-1,-1,-1
844,-1,14.09,352.72,19.62,14.14,0.8302,-1,-1,-1
844,-1,191.97,324.22,21.50,14.46,0.4161,-1,-1,-1
845,-1,525.88,377.36,116.33,104.36,0.9620,-1,-1,-1
845,-1,529.51,301.46,126.39,78.58,0.9451,-1,-1,-1
845,-1,43.99,249.16,77.25,34.25,0.9164,-1,-1,-1
845,-1,58.83,331.99,60.30,26.03,0.9141,-1,-1,-1
845,-1,119.39,313.23,40.76,22.49,0.9051,-1,-1,-1
845,-1,161.12,350.06,47.30,24.67,0.9019,-1,-1,-1
845,-1,929.58,300.03,28.88,14.14,0.9012,-1,-1,-1
845,-1,708.25,316.96,36.36,15.51,0.8970,-1,-1,-1
845,-1,875.84,272.95,29.63,23.99,0.8838,-1,-1,-1
845,-1,18.23,248.38,29.72,16.79,0.8593,-1,-1,-1
845,-1,58.85,298.39,17.76,28.47,0.8382,-1,-1,-1
845,-1,13.06,352.94,19.55,14.04,0.8377,-1,-1,-1
845,-1,189.45,324.02,22.24,14.05,0.5270,-1,-1,-1
846,-1,513.15,377.12,114.28,104.51,0.9608,-1,-1,-1
846,-1,519.27,301.70,127.09,78.13,0.9490,-1,-1,-1
846,-1,40.52,249.22,77.73,34.27,0.9207,-1,-1,-1
846,-1,56.03,331.87,59.75,26.23,0.9127,-1,-1,-1
846,-1,116.52,312.86,40.49,22.79,0.9094,-1,-1,-1
846,-1,926.39,299.60,29.39,14.20,0.9084,-1,-1,-1
846,-1,158.05,349.96,48.31,24.65,0.9007,-1,-1,-1
846,-1,707.01,316.58,35.86,15.66,0.8985,-1,-1,-1
846,-1,872.73,272.54,29.58,23.93,0.8894,-1,-1,-1
846,-1,15.03,248.42,30.18,16.62,0.8777,-1,-1,-1
846,-1,12.01,352.83,19.83,13.93,0.8073,-1,-1,-1
846,-1,57.34,297.03,17.60,30.21,0.8050,-1,-1,-1
847,-1,500.70,376.63,111.93,104.80,0.9600,-1,-1,-1
847,-1,508.36,301.39,125.76,78.28,0.9468,-1,-1,-1
847,-1,36.93,248.45,78.63,34.80,0.9213,-1,-1,-1
847,-1,53.36,331.60,59.35,26.03,0.9166,-1,-1,-1
847,-1,155.18,349.66,48.71,24.65,0.9101,-1,-1,-1
847,-1,113.47,312.63,40.94,22.76,0.9071,-1,-1,-1
847,-1,705.99,316.07,35.24,15.68,0.8999,-1,-1,-1
847,-1,923.28,299.24,29.50,14.07,0.8974,-1,-1,-1
847,-1,870.00,272.26,29.24,23.72,0.8883,-1,-1,-1
847,-1,12.03,247.62,29.31,17.35,0.8683,-1,-1,-1
847,-1,55.90,297.55,17.76,29.56,0.7991,-1,-1,-1
847,-1,10.71,352.65,19.67,13.89,0.7508,-1,-1,-1
847,-1,187.55,323.75,22.56,13.46,0.4163,-1,-1,-1
848,-1,487.60,376.26,110.48,104.89,0.9608,-1,-1,-1
848,-1,496.64,300.57,127.09,78.66,0.9484,-1,-1,-1
848,-1,33.10,247.96,78.68,34.68,0.9201,-1,-1,-1
848,-1,50.48,331.14,59.76,26.04,0.9125,-1,-1,-1
848,-1,110.25,312.36,40.88,22.56,0.9043,-1,-1,-1
848,-1,152.39,348.90,48.80,24.99,0.9018,-1,-1,-1
848,-1,704.13,315.88,35.55,15.53,0.8989,-1,-1,-1
848,-1,920.48,298.81,29.53,14.11,0.8916,-1,-1,-1
848,-1,866.89,271.68,29.27,23.99,0.8883,-1,-1,-1
848,-1,8.97,247.44,28.28,16.93,0.8558,-1,-1,-1
848,-1,9.39,352.00,19.79,14.20,0.8161,-1,-1,-1
848,-1,54.38,297.09,17.27,29.48,0.7536,-1,-1,-1
849,-1,475.30,375.16,108.06,104.88,0.9593,-1,-1,-1
849,-1,486.03,299.86,127.74,79.15,0.9523,-1,-1,-1
849,-1,30.37,247.56,78.48,34.55,0.9219,-1,-1,-1
849,-1,47.42,330.57,59.71,25.83,0.9063,-1,-1,-1
849,-1,107.75,311.68,40.58,22.73,0.9056,-1,-1,-1
849,-1,149.85,348.41,48.20,24.88,0.9028,-1,-1,-1
849,-1,917.63,298.25,29.06,14.22,0.8980,-1,-1,-1
849,-1,702.69,315.37,34.99,15.43,0.8929,-1,-1,-1
849,-1,864.40,271.30,28.67,24.04,0.8873,-1,-1,-1
849,-1,8.45,350.82,19.59,14.83,0.8700,-1,-1,-1
849,-1,6.13,246.43,28.86,17.36,0.8565,-1,-1,-1
849,-1,52.80,296.67,16.73,29.44,0.6436,-1,-1,-1
849,-1,185.48,323.12,21.62,13.43,0.3479,-1,-1,-1
850,-1,462.94,374.62,105.61,104.83,0.9570,-1,-1,-1
850,-1,475.25,299.44,127.47,78.74,0.9544,-1,-1,-1
850,-1,26.63,246.55,80.37,34.56,0.9199,-1,-1,-1
850,-1,44.02,329.55,59.31,26.64,0.9096,-1,-1,-1
850,-1,147.39,347.64,48.56,24.95,0.9079,-1,-1,-1
850,-1,104.98,311.05,40.64,22.55,0.9012,-1,-1,-1
850,-1,914.26,297.87,29.86,14.06,0.8876,-1,-1,-1
850,-1,700.80,314.85,35.46,15.43,0.8865,-1,-1,-1
850,-1,861.53,270.74,28.80,24.21,0.8829,-1,-1,-1
850,-1,3.38,245.72,28.06,17.16,0.8570,-1,-1,-1
850,-1,6.98,350.22,20.13,14.41,0.8526,-1,-1,-1
850,-1,183.72,322.11,23.08,13.37,0.7051,-1,-1,-1
850,-1,50.88,295.55,17.15,29.30,0.4696,-1,-1,-1
851,-1,449.39,374.19,104.15,105.08,0.9566,-1,-1,-1
851,-1,464.20,298.59,127.97,78.82,0.9529,-1,-1,-1
851,-1,23.12,245.60,80.08,34.67,0.9180,-1,-1,-1
851,-1,101.76,310.04,41.10,22.62,0.9149,-1,-1,-1
851,-1,41.78,328.59,58.90,26.40,0.9056,-1,-1,-1
851,-1,144.77,346.72,49.40,24.96,0.9009,-1,-1,-1
851,-1,911.37,297.46,29.94,14.08,0.8948,-1,-1,-1
851,-1,858.42,270.08,28.96,24.44,0.8936,-1,-1,-1
851,-1,699.24,314.73,35.27,15.20,0.8931,-1,-1,-1
851,-1,6.13,349.06,20.24,14.63,0.8685,-1,-1,-1
851,-1,0.15,244.85,26.42,16.60,0.8463,-1,-1,-1
851,-1,49.46,295.18,17.04,28.70,0.5701,-1,-1,-1
851,-1,183.07,321.11,21.68,13.00,0.5118,-1,-1,-1
851,-1,295.05,295.66,23.81,14.41,0.2566,-1,-1,-1
852,-1,453.59,297.92,128.25,78.75,0.9559,-1,-1,-1
852,-1,436.27,373.21,103.60,104.82,0.9555,-1,-1,-1
852,-1,20.17,244.85,80.39,34.47,0.9181,-1,-1,-1
852,-1,38.31,327.68,60.05,26.33,0.9085,-1,-1,-1
852,-1,99.14,309.35,40.62,22.45,0.9069,-1,-1,-1
852,-1,142.54,345.79,48.89,25.08,0.9045,-1,-1,-1
852,-1,908.01,297.25,30.21,14.13,0.9006,-1,-1,-1
852,-1,856.03,269.95,28.29,24.11,0.8902,-1,-1,-1
852,-1,697.67,314.54,35.45,15.03,0.8838,-1,-1,-1
852,-1,0.00,243.55,24.40,17.18,0.8671,-1,-1,-1
852,-1,5.11,348.54,19.50,14.20,0.8532,-1,-1,-1
852,-1,48.03,295.16,16.36,26.60,0.6265,-1,-1,-1
852,-1,180.85,320.02,22.85,13.41,0.6215,-1,-1,-1
852,-1,294.33,294.43,24.74,16.12,0.3810,-1,-1,-1
853,-1,443.15,297.71,128.17,78.27,0.9544,-1,-1,-1
853,-1,422.97,372.39,102.99,105.35,0.9539,-1,-1,-1
853,-1,96.28,308.34,40.65,22.62,0.9185,-1,-1,-1
853,-1,16.80,244.00,81.20,34.70,0.9142,-1,-1,-1
853,-1,33.88,326.96,61.54,26.17,0.9099,-1,-1,-1
853,-1,139.20,344.92,49.57,25.21,0.9067,-1,-1,-1
853,-1,696.03,313.69,35.62,15.49,0.8893,-1,-1,-1
853,-1,905.65,297.20,29.66,14.07,0.8851,-1,-1,-1
853,-1,853.20,269.65,28.65,24.17,0.8842,-1,-1,-1
853,-1,4.12,347.81,19.33,14.10,0.8680,-1,-1,-1
853,-1,0.00,242.53,20.90,17.11,0.8420,-1,-1,-1
853,-1,46.10,291.32,16.98,30.78,0.7039,-1,-1,-1
853,-1,293.44,293.87,26.97,16.64,0.5118,-1,-1,-1
853,-1,180.15,319.73,22.17,13.45,0.4310,-1,-1,-1
854,-1,409.70,372.01,102.61,105.39,0.9551,-1,-1,-1
854,-1,432.08,297.05,128.79,78.51,0.9525,-1,-1,-1
854,-1,13.01,243.84,81.08,34.46,0.9166,-1,-1,-1
854,-1,93.21,308.24,40.19,22.64,0.9099,-1,-1,-1
854,-1,31.56,326.83,61.31,26.21,0.9092,-1,-1,-1
854,-1,902.59,296.39,29.73,13.99,0.8987,-1,-1,-1
854,-1,136.65,344.79,49.97,25.03,0.8975,-1,-1,-1
854,-1,849.98,268.68,28.34,24.52,0.8920,-1,-1,-1
854,-1,694.71,312.96,34.73,15.54,0.8885,-1,-1,-1
854,-1,2.99,347.16,19.21,14.57,0.8427,-1,-1,-1
854,-1,0.00,242.25,17.07,17.25,0.7515,-1,-1,-1
854,-1,44.62,291.31,16.47,30.02,0.4040,-1,-1,-1
854,-1,768.87,290.03,18.29,11.27,0.2967,-1,-1,-1
854,-1,637.49,335.09,16.24,12.18,0.2643,-1,-1,-1
855,-1,420.72,296.76,128.94,78.63,0.9554,-1,-1,-1
855,-1,395.96,371.79,100.96,105.07,0.9536,-1,-1,-1
855,-1,9.09,244.05,81.97,34.51,0.9121,-1,-1,-1
855,-1,29.44,326.88,60.84,26.58,0.9094,-1,-1,-1
855,-1,90.17,308.36,40.47,22.60,0.9075,-1,-1,-1
855,-1,899.52,295.51,29.66,14.11,0.9041,-1,-1,-1
855,-1,134.16,344.87,50.95,25.18,0.9027,-1,-1,-1
855,-1,847.43,268.21,28.01,24.27,0.8933,-1,-1,-1
855,-1,692.83,312.58,35.17,15.20,0.8791,-1,-1,-1
855,-1,0.86,347.96,19.91,13.93,0.8057,-1,-1,-1
855,-1,42.51,292.60,17.25,28.86,0.6105,-1,-1,-1
855,-1,177.47,319.60,22.20,13.39,0.4016,-1,-1,-1
855,-1,291.38,293.37,26.34,17.28,0.3877,-1,-1,-1
855,-1,0.00,242.88,13.32,17.39,0.2912,-1,-1,-1
856,-1,409.62,296.33,129.15,79.12,0.9567,-1,-1,-1
856,-1,382.79,371.57,100.56,105.32,0.9521,-1,-1,-1
856,-1,5.98,244.22,81.38,34.54,0.9193,-1,-1,-1
856,-1,87.13,308.56,40.42,22.62,0.9096,-1,-1,-1
856,-1,26.92,327.11,60.42,26.30,0.9058,-1,-1,-1
856,-1,131.09,345.07,50.35,25.02,0.9005,-1,-1,-1
856,-1,843.94,267.48,28.24,24.29,0.8930,-1,-1,-1
856,-1,896.34,294.99,29.66,14.00,0.8897,-1,-1,-1
856,-1,690.62,312.04,35.88,15.56,0.8836,-1,-1,-1
856,-1,0.19,348.05,20.31,14.04,0.6852,-1,-1,-1
856,-1,176.15,319.55,21.66,13.94,0.5694,-1,-1,-1
856,-1,288.02,293.20,27.82,17.12,0.5575,-1,-1,-1
857,-1,367.95,371.66,99.85,105.25,0.9592,-1,-1,-1
857,-1,397.91,296.37,129.17,78.87,0.9525,-1,-1,-1
857,-1,2.14,244.36,82.60,34.69,0.9173,-1,-1,-1
857,-1,84.44,308.95,40.29,22.33,0.9080,-1,-1,-1
857,-1,23.31,327.32,61.09,26.46,0.9032,-1,-1,-1
857,-1,128.43,345.23,49.77,24.94,0.8995,-1,-1,-1
857,-1,893.31,294.47,29.74,13.93,0.8970,-1,-1,-1
857,-1,841.08,267.16,27.80,24.44,0.8924,-1,-1,-1
857,-1,688.99,311.60,35.22,15.68,0.8873,-1,-1,-1
857,-1,0.03,348.54,19.27,13.92,0.8183,-1,-1,-1
857,-1,39.53,293.86,16.46,28.68,0.3949,-1,-1,-1
857,-1,288.18,293.12,26.29,17.09,0.3396,-1,-1,-1
858,-1,387.47,296.22,128.65,79.14,0.9547,-1,-1,-1
858,-1,354.54,372.03,99.72,104.89,0.9541,-1,-1,-1
858,-1,0.84,244.78,80.78,34.71,0.9158,-1,-1,-1
858,-1,126.05,345.39,50.61,25.19,0.9068,-1,-1,-1
858,-1,20.24,327.67,60.70,26.38,0.9046,-1,-1,-1
858,-1,81.49,309.32,40.58,22.37,0.9044,-1,-1,-1
858,-1,890.05,294.21,30.09,13.99,0.8982,-1,-1,-1
858,-1,838.19,267.07,27.53,24.06,0.8910,-1,-1,-1
858,-1,687.78,311.59,35.11,15.67,0.8898,-1,-1,-1
858,-1,0.00,348.84,18.17,13.91,0.8348,-1,-1,-1
858,-1,37.48,293.78,16.84,28.85,0.5878,-1,-1,-1
858,-1,284.62,293.84,28.34,16.02,0.4240,-1,-1,-1
858,-1,742.24,367.94,24.04,11.30,0.3494,-1,-1,-1
859,-1,376.39,296.29,129.47,79.51,0.9566,-1,-1,-1
859,-1,340.58,372.30,99.13,104.81,0.9564,-1,-1,-1
859,-1,0.00,245.01,77.90,34.47,0.9186,-1,-1,-1
859,-1,78.56,309.62,40.91,22.30,0.9092,-1,-1,-1
859,-1,16.91,327.83,61.65,26.49,0.9035,-1,-1,-1
859,-1,887.11,294.26,29.36,14.18,0.8990,-1,-1,-1
859,-1,123.22,345.60,50.68,25.17,0.8983,-1,-1,-1
859,-1,834.91,267.09,27.49,24.13,0.8876,-1,-1,-1
859,-1,686.32,311.57,34.58,15.74,0.8833,-1,-1,-1
859,-1,0.00,349.16,17.10,13.83,0.8051,-1,-1,-1
859,-1,35.79,294.85,17.08,28.18,0.6746,-1,-1,-1
859,-1,282.28,293.70,25.98,16.31,0.5399,-1,-1,-1
859,-1,740.45,367.78,23.68,11.40,0.3400,-1,-1,-1
859,-1,870.05,255.02,14.52,13.89,0.2658,-1,-1,-1
860,-1,326.35,372.82,100.08,104.52,0.9571,-1,-1,-1
860,-1,364.99,297.02,130.22,78.96,0.9521,-1,-1,-1
860,-1,0.00,245.23,76.10,34.47,0.9234,-1,-1,-1
860,-1,14.10,328.24,61.41,26.66,0.9085,-1,-1,-1
860,-1,75.66,309.74,40.59,22.55,0.9045,-1,-1,-1
860,-1,884.18,294.62,29.22,13.95,0.8980,-1,-1,-1
860,-1,120.50,346.10,51.05,24.96,0.8969,-1,-1,-1
860,-1,683.95,312.12,35.45,15.42,0.8873,-1,-1,-1
860,-1,832.07,267.23,27.41,24.39,0.8871,-1,-1,-1
860,-1,0.00,349.36,16.34,13.89,0.6317,-1,-1,-1
860,-1,34.28,293.58,16.94,30.77,0.3617,-1,-1,-1
860,-1,738.69,368.19,23.85,11.28,0.2850,-1,-1,-1
861,-1,312.16,372.95,100.79,104.76,0.9551,-1,-1,-1
861,-1,354.32,297.58,130.40,78.98,0.9549,-1,-1,-1
861,-1,0.00,245.68,72.58,34.31,0.9180,-1,-1,-1
861,-1,11.49,328.65,60.86,26.38,0.9043,-1,-1,-1
861,-1,118.10,346.49,50.76,24.84,0.9040,-1,-1,-1
861,-1,72.98,309.96,40.69,22.76,0.8989,-1,-1,-1
861,-1,881.26,295.25,28.91,14.01,0.8938,-1,-1,-1
861,-1,828.89,267.99,27.47,24.08,0.8918,-1,-1,-1
861,-1,682.32,312.33,35.25,15.79,0.8832,-1,-1,-1
861,-1,279.56,294.26,28.21,17.80,0.7324,-1,-1,-1
861,-1,0.00,349.78,14.92,13.89,0.6303,-1,-1,-1
861,-1,0.86,288.93,20.96,18.28,0.3481,-1,-1,-1
862,-1,298.61,373.80,101.16,104.40,0.9574,-1,-1,-1
862,-1,343.82,296.55,129.69,80.56,0.9552,-1,-1,-1
862,-1,0.00,246.21,69.42,34.03,0.9160,-1,-1,-1
862,-1,8.16,328.91,62.08,26.30,0.9053,-1,-1,-1
862,-1,69.86,310.25,40.75,22.61,0.9047,-1,-1,-1
862,-1,115.56,347.03,50.32,24.61,0.9007,-1,-1,-1
862,-1,878.10,295.79,29.30,14.21,0.8982,-1,-1,-1
862,-1,681.23,312.86,34.66,15.67,0.8929,-1,-1,-1
862,-1,825.68,268.34,27.65,24.50,0.8857,-1,-1,-1
862,-1,0.00,349.69,13.69,14.39,0.6449,-1,-1,-1
862,-1,31.71,295.58,16.36,29.51,0.5633,-1,-1,-1
862,-1,278.08,294.42,24.63,15.39,0.3881,-1,-1,-1
862,-1,447.16,303.67,20.17,13.90,0.3497,-1,-1,-1
862,-1,90.11,276.96,26.16,17.54,0.3375,-1,-1,-1
862,-1,456.96,356.87,15.67,12.64,0.3229,-1,-1,-1
863,-1,283.61,374.16,103.28,104.46,0.9576,-1,-1,-1
863,-1,332.63,298.57,130.57,78.98,0.9507,-1,-1,-1
863,-1,0.02,246.09,66.33,34.35,0.9155,-1,-1,-1
863,-1,6.08,328.98,61.84,26.43,0.9066,-1,-1,-1
863,-1,113.34,347.02,50.67,24.85,0.9058,-1,-1,-1
863,-1,67.26,310.39,40.86,22.87,0.9056,-1,-1,-1
863,-1,874.76,296.60,29.52,14.13,0.8930,-1,-1,-1
863,-1,679.52,313.57,34.93,15.76,0.8906,-1,-1,-1
863,-1,823.29,269.28,26.80,24.26,0.8824,-1,-1,-1
863,-1,30.41,294.34,16.57,31.77,0.6525,-1,-1,-1
863,-1,0.00,350.11,12.97,14.41,0.6496,-1,-1,-1
863,-1,859.23,257.66,14.24,14.35,0.3441,-1,-1,-1
864,-1,269.73,374.55,104.43,104.22,0.9582,-1,-1,-1
864,-1,322.01,298.97,129.55,79.08,0.9524,-1,-1,-1
864,-1,0.00,246.19,64.13,34.51,0.9150,-1,-1,-1
864,-1,110.58,347.17,50.73,25.10,0.9051,-1,-1,-1
864,-1,2.44,329.21,62.08,26.40,0.9033,-1,-1,-1
864,-1,65.07,310.93,40.07,22.42,0.8991,-1,-1,-1
864,-1,871.56,297.52,29.70,14.28,0.8973,-1,-1,-1
864,-1,677.26,314.67,35.61,15.46,0.8846,-1,-1,-1
864,-1,820.03,270.36,26.94,23.97,0.8832,-1,-1,-1
864,-1,28.85,295.27,16.43,30.61,0.7091,-1,-1,-1
864,-1,440.11,310.29,20.52,12.26,0.5252,-1,-1,-1
864,-1,0.00,348.86,11.80,15.11,0.3548,-1,-1,-1
865,-1,255.77,374.84,105.48,104.27,0.9572,-1,-1,-1
865,-1,311.88,299.69,129.59,79.00,0.9568,-1,-1,-1
865,-1,0.00,246.43,61.51,34.41,0.9171,-1,-1,-1
865,-1,0.52,329.22,61.54,26.44,0.9075,-1,-1,-1
865,-1,61.92,311.00,40.76,22.52,0.9049,-1,-1,-1
865,-1,868.60,298.51,29.54,14.17,0.9047,-1,-1,-1
865,-1,108.25,347.41,50.71,24.93,0.9025,-1,-1,-1
865,-1,675.85,315.06,35.30,15.70,0.8851,-1,-1,-1
865,-1,817.04,271.16,26.81,24.23,0.8786,-1,-1,-1
865,-1,166.24,321.99,21.82,12.98,0.7147,-1,-1,-1
865,-1,437.26,310.81,21.49,13.16,0.7025,-1,-1,-1
865,-1,27.61,295.76,16.36,29.09,0.5411,-1,-1,-1
865,-1,0.00,349.12,10.13,14.69,0.4224,-1,-1,-1
865,-1,448.59,358.98,15.31,12.23,0.2671,-1,-1,-1
865,-1,87.52,276.85,22.60,16.67,0.2569,-1,-1,-1
866,-1,241.39,375.36,107.23,104.37,0.9576,-1,-1,-1
866,-1,300.82,300.17,130.64,78.93,0.9517,-1,-1,-1
866,-1,0.04,247.00,58.41,33.77,0.9146,-1,-1,-1
866,-1,0.00,329.22,59.43,26.35,0.9107,-1,-1,-1
866,-1,59.41,311.00,40.30,22.45,0.9038,-1,-1,-1
866,-1,106.03,347.50,50.41,24.95,0.9035,-1,-1,-1
866,-1,865.60,299.57,29.09,14.15,0.8998,-1,-1,-1
866,-1,676.45,315.86,32.47,15.64,0.8936,-1,-1,-1
866,-1,814.74,272.29,26.24,24.07,0.8694,-1,-1,-1
866,-1,434.66,311.31,20.92,12.39,0.4562,-1,-1,-1
866,-1,83.39,275.39,24.44,18.01,0.4214,-1,-1,-1
866,-1,26.22,295.79,16.14,29.37,0.4013,-1,-1,-1
866,-1,0.00,348.32,8.85,15.40,0.3486,-1,-1,-1
866,-1,164.36,322.35,22.96,13.32,0.2603,-1,-1,-1
867,-1,226.26,375.74,110.34,104.45,0.9576,-1,-1,-1
867,-1,290.40,300.52,131.11,79.05,0.9524,-1,-1,-1
867,-1,0.05,247.27,56.53,33.27,0.9123,-1,-1,-1
867,-1,862.70,300.57,29.42,14.14,0.9058,-1,-1,-1
867,-1,0.00,329.16,56.29,26.43,0.9053,-1,-1,-1
867,-1,103.38,347.39,50.75,25.27,0.9051,-1,-1,-1
867,-1,57.10,311.03,40.00,22.56,0.9022,-1,-1,-1
867,-1,675.24,316.59,32.66,15.63,0.9005,-1,-1,-1
867,-1,811.90,273.25,26.16,24.06,0.8744,-1,-1,-1
867,-1,432.03,311.40,21.32,13.77,0.7150,-1,-1,-1
867,-1,25.00,296.40,16.50,29.65,0.4875,-1,-1,-1
867,-1,163.74,322.18,22.72,13.36,0.4845,-1,-1,-1
867,-1,80.56,277.70,24.82,15.80,0.3823,-1,-1,-1
867,-1,0.00,349.36,7.18,14.44,0.2507,-1,-1,-1
868,-1,212.11,376.31,110.99,104.74,0.9585,-1,-1,-1
868,-1,279.83,300.99,130.43,78.68,0.9542,-1,-1,-1
868,-1,0.00,329.61,54.28,26.44,0.9115,-1,-1,-1
868,-1,0.04,248.21,53.11,33.08,0.9108,-1,-1,-1
868,-1,53.71,311.50,40.53,22.87,0.9039,-1,-1,-1
868,-1,859.61,300.82,29.32,14.13,0.8986,-1,-1,-1
868,-1,100.32,348.40,51.42,24.79,0.8972,-1,-1,-1
868,-1,808.84,273.45,26.05,23.96,0.8899,-1,-1,-1
868,-1,671.98,316.99,34.18,15.59,0.8872,-1,-1,-1
868,-1,429.04,312.03,21.39,13.71,0.7115,-1,-1,-1
868,-1,75.56,278.80,27.74,16.19,0.6606,-1,-1,-1
868,-1,23.71,293.62,19.40,32.09,0.5900,-1,-1,-1
868,-1,440.30,359.88,15.40,12.62,0.4337,-1,-1,-1
869,-1,197.19,377.01,112.83,104.50,0.9603,-1,-1,-1
869,-1,268.43,301.96,130.96,78.12,0.9489,-1,-1,-1
869,-1,98.23,349.26,51.28,24.74,0.9139,-1,-1,-1
869,-1,51.03,312.27,40.18,22.72,0.9019,-1,-1,-1
869,-1,0.02,248.86,50.07,33.46,0.9011,-1,-1,-1
869,-1,856.45,300.95,29.17,14.09,0.8911,-1,-1,-1
869,-1,670.86,317.15,33.64,15.55,0.8874,-1,-1,-1
869,-1,0.00,330.69,52.52,26.09,0.8835,-1,-1,-1
869,-1,805.62,273.74,26.11,23.76,0.8795,-1,-1,-1
869,-1,21.73,294.51,20.00,32.56,0.7068,-1,-1,-1
869,-1,74.86,280.77,25.39,14.68,0.6503,-1,-1,-1
869,-1,437.27,360.53,16.29,12.40,0.6468,-1,-1,-1
869,-1,426.46,312.49,20.60,13.47,0.6442,-1,-1,-1
870,-1,182.27,377.59,115.03,104.63,0.9625,-1,-1,-1
870,-1,257.57,302.59,131.21,78.24,0.9508,-1,-1,-1
870,-1,853.28,300.93,29.15,14.19,0.9076,-1,-1,-1
870,-1,0.03,331.43,48.20,25.93,0.9070,-1,-1,-1
870,-1,95.46,349.08,51.43,25.52,0.9042,-1,-1,-1
870,-1,802.31,273.53,26.14,23.98,0.8964,-1,-1,-1
870,-1,48.12,312.89,40.35,22.66,0.8960,-1,-1,-1
870,-1,0.00,249.44,46.84,33.44,0.8948,-1,-1,-1
870,-1,668.79,317.31,33.46,15.45,0.8820,-1,-1,-1
870,-1,423.65,312.90,20.97,13.88,0.7500,-1,-1,-1
870,-1,19.97,295.10,19.66,31.51,0.5572,-1,-1,-1
870,-1,434.10,360.88,15.99,12.26,0.4928,-1,-1,-1
870,-1,80.85,263.04,18.58,26.65,0.3343,-1,-1,-1
870,-1,162.28,323.31,20.47,13.69,0.2863,-1,-1,-1
871,-1,167.52,377.95,117.65,104.46,0.9570,-1,-1,-1
871,-1,246.37,303.00,131.54,78.14,0.9543,-1,-1,-1
871,-1,0.07,331.74,45.19,26.18,0.9007,-1,-1,-1
871,-1,849.85,300.67,29.26,14.18,0.9001,-1,-1,-1
871,-1,44.97,313.29,40.53,22.53,0.8966,-1,-1,-1
871,-1,0.00,251.58,43.73,31.84,0.8966,-1,-1,-1
871,-1,91.75,349.73,52.53,25.28,0.8961,-1,-1,-1
871,-1,666.35,317.12,34.73,15.63,0.8899,-1,-1,-1
871,-1,799.38,273.63,25.57,23.67,0.8761,-1,-1,-1
871,-1,420.47,313.29,21.19,13.92,0.6816,-1,-1,-1
871,-1,159.13,323.92,22.39,13.33,0.6470,-1,-1,-1
871,-1,66.69,280.99,28.72,16.67,0.5990,-1,-1,-1
871,-1,18.39,295.47,18.14,32.19,0.5539,-1,-1,-1
871,-1,431.21,361.02,15.75,12.40,0.4735,-1,-1,-1
871,-1,721.31,373.63,22.35,11.44,0.2660,-1,-1,-1
872,-1,235.35,302.77,131.70,78.41,0.9630,-1,-1,-1
872,-1,152.27,378.05,120.08,104.71,0.9582,-1,-1,-1
872,-1,0.00,332.15,42.72,26.32,0.9129,-1,-1,-1
872,-1,846.76,300.55,29.66,14.07,0.9014,-1,-1,-1
872,-1,90.16,349.77,51.35,25.44,0.9006,-1,-1,-1
872,-1,42.03,313.61,40.61,22.37,0.9002,-1,-1,-1
872,-1,665.31,317.29,33.78,15.45,0.8893,-1,-1,-1
872,-1,0.00,252.14,40.07,31.26,0.8873,-1,-1,-1
872,-1,796.30,273.46,25.65,23.79,0.8704,-1,-1,-1
872,-1,65.49,281.98,27.37,15.73,0.7988,-1,-1,-1
872,-1,417.74,312.85,20.70,14.65,0.7584,-1,-1,-1
872,-1,158.18,324.25,21.98,13.07,0.6247,-1,-1,-1
872,-1,428.37,361.40,15.99,12.10,0.4360,-1,-1,-1
872,-1,16.89,295.30,17.14,32.55,0.2861,-1,-1,-1
873,-1,136.72,378.09,123.93,104.45,0.9674,-1,-1,-1
873,-1,224.52,302.94,131.63,78.40,0.9500,-1,-1,-1
873,-1,843.85,300.26,29.63,13.95,0.9068,-1,-1,-1
873,-1,39.04,313.49,40.60,22.50,0.8967,-1,-1,-1
873,-1,87.63,349.61,51.55,25.39,0.8957,-1,-1,-1
873,-1,793.47,272.95,25.57,24.09,0.8927,-1,-1,-1
873,-1,0.00,253.37,37.95,30.06,0.8792,-1,-1,-1
873,-1,665.27,317.08,32.09,15.43,0.8741,-1,-1,-1
873,-1,0.00,332.33,40.39,26.18,0.8648,-1,-1,-1
873,-1,414.88,313.35,20.95,14.20,0.7448,-1,-1,-1
873,-1,61.37,281.84,29.22,15.84,0.7440,-1,-1,-1
873,-1,109.83,329.63,20.06,14.51,0.3149,-1,-1,-1
873,-1,425.43,361.00,15.84,12.23,0.3041,-1,-1,-1
873,-1,157.55,324.09,21.60,13.24,0.2521,-1,-1,-1
874,-1,121.53,378.24,126.47,104.34,0.9637,-1,-1,-1
874,-1,213.37,302.52,132.11,78.57,0.9557,-1,-1,-1
874,-1,840.72,299.84,29.29,14.14,0.9071,-1,-1,-1
874,-1,661.85,316.65,33.59,15.49,0.9020,-1,-1,-1
874,-1,36.25,313.48,40.19,22.33,0.8995,-1,-1,-1
874,-1,84.11,349.59,52.49,25.48,0.8881,-1,-1,-1
874,-1,790.34,272.89,25.09,23.81,0.8829,-1,-1,-1
874,-1,0.00,253.77,34.17,29.37,0.8559,-1,-1,-1
874,-1,0.03,331.69,37.61,26.50,0.7627,-1,-1,-1
874,-1,57.73,280.73,30.70,16.36,0.7294,-1,-1,-1
874,-1,411.66,313.21,21.14,13.67,0.6365,-1,-1,-1
874,-1,108.77,330.36,20.41,13.47,0.5265,-1,-1,-1
874,-1,422.38,360.70,16.13,12.41,0.4892,-1,-1,-1
874,-1,82.88,0.00,27.81,54.98,0.3573,-1,-1,-1
875,-1,106.53,377.84,129.07,104.64,0.9629,-1,-1,-1
875,-1,201.96,302.34,132.48,78.00,0.9516,-1,-1,-1
875,-1,837.84,299.50,28.79,14.13,0.9007,-1,-1,-1
875,-1,81.92,349.04,52.19,25.71,0.8995,-1,-1,-1
875,-1,33.09,313.28,40.44,22.25,0.8964,-1,-1,-1
875,-1,660.85,316.43,33.15,15.34,0.8943,-1,-1,-1
875,-1,787.24,272.29,25.28,23.86,0.8834,-1,-1,-1
875,-1,0.00,253.27,30.65,29.60,0.8448,-1,-1,-1
875,-1,0.05,331.60,38.50,26.17,0.8111,-1,-1,-1
875,-1,56.15,280.96,29.53,15.84,0.7778,-1,-1,-1
875,-1,68.67,0.00,28.96,54.20,0.6573,-1,-1,-1
875,-1,409.00,312.63,20.78,13.45,0.5949,-1,-1,-1
875,-1,106.81,329.17,21.55,14.22,0.3195,-1,-1,-1
875,-1,419.58,360.35,15.42,12.26,0.2660,-1,-1,-1
876,-1,90.65,377.09,132.59,104.97,0.9622,-1,-1,-1
876,-1,191.13,301.86,132.61,78.06,0.9490,-1,-1,-1
876,-1,659.69,315.94,32.79,15.50,0.8988,-1,-1,-1
876,-1,79.36,348.13,52.82,26.15,0.8983,-1,-1,-1
876,-1,29.74,312.61,40.97,22.32,0.8983,-1,-1,-1
876,-1,834.66,299.02,29.29,14.11,0.8924,-1,-1,-1
876,-1,784.50,271.75,24.97,24.25,0.8732,-1,-1,-1
876,-1,0.09,330.90,31.04,26.12,0.8432,-1,-1,-1
876,-1,0.04,253.17,27.91,29.49,0.8351,-1,-1,-1
876,-1,52.38,280.23,31.35,16.35,0.7978,-1,-1,-1
876,-1,405.79,311.79,21.36,13.30,0.6721,-1,-1,-1
876,-1,416.55,359.55,16.41,12.62,0.6617,-1,-1,-1
876,-1,53.94,0.16,30.63,53.96,0.5512,-1,-1,-1
877,-1,75.24,376.10,135.26,106.50,0.9605,-1,-1,-1
877,-1,180.00,300.83,133.26,78.74,0.9525,-1,-1,-1
877,-1,27.26,311.94,40.69,22.19,0.9012,-1,-1,-1
877,-1,76.11,347.78,53.05,25.74,0.9006,-1,-1,-1
877,-1,831.73,298.47,29.52,14.18,0.8976,-1,-1,-1
877,-1,657.29,315.28,33.69,15.52,0.8913,-1,-1,-1
877,-1,781.05,271.35,25.68,24.14,0.8846,-1,-1,-1
877,-1,39.59,0.11,32.20,52.55,0.8180,-1,-1,-1
877,-1,49.80,279.67,31.80,16.31,0.7963,-1,-1,-1
877,-1,0.06,329.44,28.25,26.76,0.7816,-1,-1,-1
877,-1,0.06,250.58,24.21,30.82,0.7562,-1,-1,-1
877,-1,403.26,310.84,21.14,13.41,0.7230,-1,-1,-1
877,-1,413.83,359.39,16.09,12.08,0.3500,-1,-1,-1
877,-1,255.54,295.59,17.93,12.37,0.3120,-1,-1,-1
877,-1,104.96,328.45,20.47,14.28,0.2616,-1,-1,-1
878,-1,59.85,375.66,138.56,107.24,0.9592,-1,-1,-1
878,-1,168.40,299.93,133.98,78.14,0.9547,-1,-1,-1
878,-1,828.83,298.17,29.62,14.15,0.9012,-1,-1,-1
878,-1,73.33,347.36,53.56,25.20,0.9011,-1,-1,-1
878,-1,24.55,310.96,40.64,22.51,0.8988,-1,-1,-1
878,-1,778.71,270.79,25.21,24.24,0.8903,-1,-1,-1
878,-1,656.11,315.13,33.08,15.17,0.8826,-1,-1,-1
878,-1,25.00,0.09,33.76,51.09,0.8758,-1,-1,-1
878,-1,0.19,329.61,25.11,25.97,0.8421,-1,-1,-1
878,-1,49.59,278.76,29.05,16.54,0.7835,-1,-1,-1
878,-1,0.02,251.12,21.99,29.10,0.7795,-1,-1,-1
878,-1,400.03,310.58,21.06,13.18,0.6575,-1,-1,-1
878,-1,410.69,358.85,16.48,12.20,0.5597,-1,-1,-1
878,-1,817.81,258.89,15.30,13.95,0.4863,-1,-1,-1
878,-1,104.08,327.57,19.23,14.18,0.4243,-1,-1,-1
878,-1,253.57,295.12,18.57,11.13,0.4037,-1,-1,-1
879,-1,44.57,374.94,141.77,105.54,0.9567,-1,-1,-1
879,-1,157.44,299.05,134.53,78.43,0.9548,-1,-1,-1
879,-1,21.58,310.03,41.34,22.61,0.9002,-1,-1,-1
879,-1,71.25,346.17,53.20,25.57,0.8987,-1,-1,-1
879,-1,825.91,297.70,29.58,14.20,0.8875,-1,-1,-1
879,-1,10.69,0.00,35.08,49.91,0.8850,-1,-1,-1
879,-1,653.89,314.65,33.31,15.39,0.8815,-1,-1,-1
879,-1,776.26,270.32,24.84,24.08,0.8740,-1,-1,-1
879,-1,44.77,277.08,31.76,17.69,0.7802,-1,-1,-1
879,-1,0.04,327.20,22.54,27.01,0.7702,-1,-1,-1
879,-1,397.53,309.71,21.41,13.49,0.6955,-1,-1,-1
879,-1,0.00,251.81,18.60,28.43,0.6700,-1,-1,-1
879,-1,407.89,358.12,16.37,12.15,0.4347,-1,-1,-1
879,-1,102.56,325.91,20.96,14.58,0.4142,-1,-1,-1
879,-1,815.20,258.36,14.84,14.19,0.3682,-1,-1,-1
879,-1,252.31,295.13,26.71,14.49,0.2937,-1,-1,-1
880,-1,28.73,373.87,145.84,104.41,0.9568,-1,-1,-1
880,-1,146.97,298.29,133.79,78.46,0.9567,-1,-1,-1
880,-1,18.47,309.30,40.32,22.46,0.8994,-1,-1,-1
880,-1,822.88,297.36,30.16,14.20,0.8985,-1,-1,-1
880,-1,652.07,314.38,34.11,15.15,0.8973,-1,-1,-1
880,-1,68.29,346.01,54.45,24.95,0.8928,-1,-1,-1
880,-1,772.73,270.15,25.37,23.98,0.8853,-1,-1,-1
880,-1,0.00,0.00,32.89,49.55,0.8665,-1,-1,-1
880,-1,41.22,275.92,32.85,17.68,0.8016,-1,-1,-1
880,-1,0.03,327.71,20.34,25.31,0.7356,-1,-1,-1
880,-1,250.74,294.65,27.87,17.23,0.6742,-1,-1,-1
880,-1,404.96,357.03,16.97,12.65,0.6076,-1,-1,-1
880,-1,812.60,258.29,15.07,13.85,0.4580,-1,-1,-1
880,-1,394.43,309.41,21.35,12.69,0.4475,-1,-1,-1
880,-1,0.00,255.38,14.80,23.57,0.3880,-1,-1,-1
880,-1,0.13,267.52,30.33,17.75,0.2543,-1,-1,-1
881,-1,13.73,372.61,147.94,105.26,0.9562,-1,-1,-1
881,-1,135.96,297.04,134.11,79.06,0.9551,-1,-1,-1
881,-1,820.37,297.03,29.27,14.29,0.8997,-1,-1,-1
881,-1,15.51,308.17,40.59,22.48,0.8985,-1,-1,-1
881,-1,650.63,313.95,34.25,15.08,0.8970,-1,-1,-1
881,-1,66.12,344.37,46.12,25.64,0.8869,-1,-1,-1
881,-1,770.34,269.79,25.00,23.80,0.8846,-1,-1,-1
881,-1,38.30,275.68,32.94,16.94,0.8433,-1,-1,-1
881,-1,0.00,327.18,16.78,24.48,0.7117,-1,-1,-1
881,-1,0.00,0.00,20.29,46.54,0.6414,-1,-1,-1
881,-1,810.13,258.00,15.15,13.92,0.6115,-1,-1,-1
881,-1,391.25,308.68,21.58,13.41,0.6043,-1,-1,-1
881,-1,402.14,356.70,16.73,12.55,0.5377,-1,-1,-1
881,-1,248.89,293.30,28.36,16.82,0.5013,-1,-1,-1
881,-1,0.14,267.69,28.08,16.50,0.3018,-1,-1,-1
881,-1,0.00,260.54,9.47,16.86,0.2826,-1,-1,-1
882,-1,0.00,372.93,149.35,105.11,0.9585,-1,-1,-1
882,-1,124.44,297.39,135.05,78.62,0.9555,-1,-1,-1
882,-1,12.90,308.52,40.41,22.40,0.9076,-1,-1,-1
882,-1,817.23,296.40,29.61,14.10,0.8900,-1,-1,-1
882,-1,648.95,313.06,33.81,15.50,0.8876,-1,-1,-1
882,-1,767.30,269.09,24.76,23.99,0.8844,-1,-1,-1
882,-1,63.20,344.72,38.26,25.42,0.8772,-1,-1,-1
882,-1,36.09,276.12,32.99,16.83,0.8376,-1,-1,-1
882,-1,807.10,257.45,15.31,13.79,0.7962,-1,-1,-1
882,-1,0.00,326.39,14.34,26.25,0.7139,-1,-1,-1
882,-1,247.43,293.25,28.57,17.67,0.6019,-1,-1,-1
882,-1,399.27,356.18,16.55,12.84,0.5961,-1,-1,-1
882,-1,388.68,308.68,21.57,12.86,0.5460,-1,-1,-1
882,-1,703.39,369.31,22.31,11.54,0.4412,-1,-1,-1
882,-1,722.50,290.11,16.09,11.20,0.4152,-1,-1,-1
883,-1,113.84,297.24,134.25,78.36,0.9562,-1,-1,-1
883,-1,0.13,373.15,136.57,105.20,0.9560,-1,-1,-1
883,-1,813.92,295.49,29.51,14.27,0.8999,-1,-1,-1
883,-1,9.60,308.86,40.31,22.39,0.8958,-1,-1,-1
883,-1,764.03,268.06,24.90,24.58,0.8896,-1,-1,-1
883,-1,647.56,312.72,33.00,15.27,0.8796,-1,-1,-1
883,-1,60.34,344.23,29.66,24.24,0.8442,-1,-1,-1
883,-1,246.34,292.59,27.30,18.93,0.7294,-1,-1,-1
883,-1,0.00,327.33,11.86,23.76,0.6833,-1,-1,-1
883,-1,396.13,355.65,16.75,13.12,0.6260,-1,-1,-1
883,-1,385.40,308.27,21.81,13.79,0.6111,-1,-1,-1
883,-1,701.66,368.60,22.15,11.43,0.3864,-1,-1,-1
883,-1,33.74,276.16,28.90,17.24,0.3816,-1,-1,-1
883,-1,804.15,256.58,14.92,13.70,0.3065,-1,-1,-1
884,-1,102.44,297.40,135.24,78.30,0.9531,-1,-1,-1
884,-1,0.00,373.16,124.38,106.43,0.9478,-1,-1,-1
884,-1,6.55,308.97,40.28,22.29,0.9019,-1,-1,-1
884,-1,811.00,295.12,29.39,14.22,0.8912,-1,-1,-1
884,-1,761.00,267.81,24.49,24.23,0.8858,-1,-1,-1
884,-1,645.53,312.51,33.68,15.03,0.8826,-1,-1,-1
884,-1,243.88,293.11,28.02,18.06,0.7801,-1,-1,-1
884,-1,801.42,256.40,15.67,13.44,0.6914,-1,-1,-1
884,-1,382.51,308.21,21.80,14.39,0.5948,-1,-1,-1
884,-1,393.19,355.86,16.49,12.71,0.4807,-1,-1,-1
884,-1,0.00,328.26,8.67,21.87,0.3337,-1,-1,-1
884,-1,57.88,343.81,21.13,22.01,0.3273,-1,-1,-1
885,-1,90.75,297.68,136.12,78.59,0.9560,-1,-1,-1
885,-1,0.00,373.69,112.58,104.69,0.9526,-1,-1,-1
885,-1,3.81,309.27,40.21,22.37,0.9041,-1,-1,-1
885,-1,807.08,294.79,30.01,14.16,0.8915,-1,-1,-1
885,-1,757.69,267.51,24.62,24.13,0.8833,-1,-1,-1
885,-1,644.36,312.32,30.71,15.26,0.8812,-1,-1,-1
885,-1,242.55,293.42,27.43,18.19,0.7913,-1,-1,-1
885,-1,390.40,355.62,16.77,12.98,0.7426,-1,-1,-1
885,-1,798.72,255.83,15.38,13.96,0.6520,-1,-1,-1
885,-1,379.26,308.11,22.04,13.77,0.6518,-1,-1,-1
886,-1,80.35,298.09,136.52,78.01,0.9563,-1,-1,-1
886,-1,0.00,373.63,99.90,105.99,0.9514,-1,-1,-1
886,-1,0.29,309.71,40.67,22.43,0.9105,-1,-1,-1
886,-1,755.11,267.59,24.33,24.10,0.9007,-1,-1,-1
886,-1,804.68,294.63,29.36,14.19,0.8972,-1,-1,-1
886,-1,641.97,311.86,33.32,15.74,0.8789,-1,-1,-1
886,-1,387.51,355.61,16.89,13.03,0.7526,-1,-1,-1
886,-1,240.65,294.34,28.10,16.80,0.7503,-1,-1,-1
886,-1,376.62,308.14,22.37,13.51,0.6470,-1,-1,-1
886,-1,795.85,255.68,15.12,13.71,0.5346,-1,-1,-1
887,-1,68.70,298.48,136.98,78.18,0.9549,-1,-1,-1
887,-1,0.00,373.99,88.03,104.54,0.9492,-1,-1,-1
887,-1,0.00,310.14,38.41,22.05,0.9134,-1,-1,-1
887,-1,801.12,294.81,30.15,14.32,0.8852,-1,-1,-1
887,-1,751.70,267.67,24.22,24.15,0.8836,-1,-1,-1
887,-1,640.50,312.23,33.38,15.42,0.8782,-1,-1,-1
887,-1,792.73,256.21,15.91,13.48,0.7760,-1,-1,-1
887,-1,239.17,294.90,28.25,16.53,0.7618,-1,-1,-1
887,-1,374.12,308.13,21.52,13.52,0.6264,-1,-1,-1
887,-1,384.56,356.21,17.10,12.70,0.6061,-1,-1,-1
888,-1,57.93,298.81,137.29,77.89,0.9555,-1,-1,-1
888,-1,0.05,374.58,75.78,104.24,0.9129,-1,-1,-1
888,-1,0.00,310.16,35.05,22.67,0.9043,-1,-1,-1
888,-1,798.34,295.26,29.71,14.19,0.8974,-1,-1,-1
888,-1,748.74,268.04,24.33,24.39,0.8815,-1,-1,-1
888,-1,638.70,312.83,33.83,15.09,0.8806,-1,-1,-1
888,-1,790.19,256.03,15.47,13.89,0.7311,-1,-1,-1
888,-1,237.97,294.48,27.04,17.01,0.7165,-1,-1,-1
888,-1,370.57,308.74,22.02,13.10,0.6197,-1,-1,-1
888,-1,381.74,356.73,17.06,12.68,0.4922,-1,-1,-1
889,-1,47.67,299.33,137.58,77.69,0.9584,-1,-1,-1
889,-1,0.04,375.04,63.71,90.96,0.9150,-1,-1,-1
889,-1,795.62,295.82,29.78,14.11,0.9003,-1,-1,-1
889,-1,637.15,313.21,33.91,15.13,0.8882,-1,-1,-1
889,-1,745.85,268.80,24.02,23.89,0.8829,-1,-1,-1
889,-1,0.00,310.50,24.99,22.84,0.8736,-1,-1,-1
889,-1,236.11,295.08,27.29,16.89,0.8287,-1,-1,-1
889,-1,368.12,309.42,21.34,13.05,0.5509,-1,-1,-1
889,-1,787.12,256.59,15.45,13.84,0.4699,-1,-1,-1
889,-1,378.82,357.36,17.04,12.37,0.4442,-1,-1,-1
890,-1,36.14,299.77,138.70,77.64,0.9536,-1,-1,-1
890,-1,635.60,313.68,33.68,15.36,0.8965,-1,-1,-1
890,-1,792.62,296.34,29.44,14.11,0.8849,-1,-1,-1
890,-1,742.89,269.30,23.96,24.06,0.8845,-1,-1,-1
890,-1,0.00,375.63,52.17,96.94,0.8783,-1,-1,-1
890,-1,234.56,295.48,26.98,16.93,0.8488,-1,-1,-1
890,-1,365.12,309.60,21.95,13.75,0.7268,-1,-1,-1
890,-1,784.51,257.77,16.10,13.79,0.7177,-1,-1,-1
890,-1,375.85,357.82,17.77,12.19,0.4298,-1,-1,-1
891,-1,25.95,300.01,138.67,77.73,0.9565,-1,-1,-1
891,-1,789.49,297.23,29.75,14.16,0.8972,-1,-1,-1
891,-1,739.30,270.35,24.55,23.71,0.8944,-1,-1,-1
891,-1,634.12,314.29,33.04,15.48,0.8930,-1,-1,-1
891,-1,0.06,372.92,40.84,100.31,0.7676,-1,-1,-1
891,-1,234.07,296.09,26.26,16.62,0.6945,-1,-1,-1
891,-1,372.89,357.97,17.44,12.56,0.6819,-1,-1,-1
891,-1,361.63,309.77,22.13,13.15,0.6028,-1,-1,-1
891,-1,781.86,258.30,15.53,13.63,0.4873,-1,-1,-1
892,-1,15.85,300.28,139.03,77.86,0.9535,-1,-1,-1
892,-1,786.29,298.02,29.55,14.27,0.8859,-1,-1,-1
892,-1,632.45,315.09,33.33,15.20,0.8853,-1,-1,-1
892,-1,736.92,271.06,23.92,24.62,0.8772,-1,-1,-1
892,-1,778.83,258.66,15.89,14.02,0.7501,-1,-1,-1
892,-1,358.61,310.20,22.35,14.11,0.7097,-1,-1,-1
892,-1,232.49,296.26,26.71,16.77,0.6803,-1,-1,-1
892,-1,369.76,358.34,18.11,12.56,0.6524,-1,-1,-1
892,-1,0.00,370.83,29.61,99.89,0.4900,-1,-1,-1
893,-1,3.86,300.54,141.29,78.12,0.9529,-1,-1,-1
893,-1,783.23,299.04,29.57,14.25,0.9011,-1,-1,-1
893,-1,631.44,315.82,32.35,15.20,0.8946,-1,-1,-1
893,-1,733.70,271.74,23.97,24.22,0.8776,-1,-1,-1
893,-1,355.74,311.07,22.70,13.88,0.7574,-1,-1,-1
893,-1,776.66,260.25,15.86,13.67,0.6644,-1,-1,-1
893,-1,367.15,359.08,17.64,12.27,0.5016,-1,-1,-1
893,-1,0.00,386.94,18.10,80.48,0.3985,-1,-1,-1
893,-1,230.85,296.43,26.74,16.67,0.3955,-1,-1,-1
893,-1,138.97,321.88,16.28,13.83,0.3424,-1,-1,-1
894,-1,0.16,300.53,138.24,78.35,0.9526,-1,-1,-1
894,-1,780.17,299.91,29.56,14.02,0.9055,-1,-1,-1
894,-1,629.44,316.39,33.20,15.33,0.9020,-1,-1,-1
894,-1,731.29,272.30,23.72,24.44,0.8891,-1,-1,-1
894,-1,229.81,296.35,27.00,17.14,0.7321,-1,-1,-1
894,-1,353.82,311.31,22.30,13.07,0.6890,-1,-1,-1
894,-1,364.43,359.07,17.72,12.64,0.6770,-1,-1,-1
894,-1,132.06,322.28,22.23,13.53,0.4183,-1,-1,-1
895,-1,0.02,300.29,124.96,78.55,0.9580,-1,-1,-1
895,-1,629.55,317.22,31.36,15.17,0.8993,-1,-1,-1
895,-1,777.09,300.92,29.87,13.82,0.8960,-1,-1,-1
895,-1,728.71,273.32,23.05,24.06,0.8748,-1,-1,-1
895,-1,227.39,296.54,27.31,16.92,0.8565,-1,-1,-1
895,-1,361.52,359.16,17.82,12.88,0.7870,-1,-1,-1
895,-1,351.35,311.46,22.05,13.09,0.6731,-1,-1,-1
895,-1,771.13,261.44,15.08,13.82,0.2923,-1,-1,-1
896,-1,0.05,300.84,115.06,78.61,0.9487,-1,-1,-1
896,-1,774.24,301.01,29.73,13.96,0.9038,-1,-1,-1
896,-1,626.82,317.36,32.49,15.19,0.8851,-1,-1,-1
896,-1,725.14,273.48,23.72,23.88,0.8702,-1,-1,-1
896,-1,358.67,359.38,17.81,12.89,0.8109,-1,-1,-1
896,-1,347.84,312.16,23.07,13.66,0.7693,-1,-1,-1
896,-1,227.11,296.87,25.11,17.22,0.6502,-1,-1,-1
896,-1,768.57,262.14,16.23,13.51,0.3351,-1,-1,-1
896,-1,129.23,322.65,23.16,13.84,0.2992,-1,-1,-1
897,-1,0.14,302.39,104.17,78.35,0.9488,-1,-1,-1
897,-1,771.05,301.14,30.06,14.00,0.9029,-1,-1,-1
897,-1,722.00,273.76,23.52,23.94,0.8755,-1,-1,-1
897,-1,625.10,317.65,31.54,15.23,0.8673,-1,-1,-1
897,-1,344.88,312.52,22.43,14.35,0.7928,-1,-1,-1
897,-1,355.78,360.30,17.67,12.82,0.7562,-1,-1,-1
897,-1,765.54,261.57,15.58,14.00,0.3238,-1,-1,-1
897,-1,128.01,323.80,23.12,13.62,0.2952,-1,-1,-1
898,-1,0.05,302.69,94.52,78.78,0.9437,-1,-1,-1
898,-1,767.85,301.15,29.31,14.10,0.8985,-1,-1,-1
898,-1,623.06,317.77,32.31,15.10,0.8850,-1,-1,-1
898,-1,718.49,273.99,23.77,23.65,0.8810,-1,-1,-1
898,-1,352.80,360.69,17.79,12.77,0.7725,-1,-1,-1
898,-1,342.03,312.85,23.14,14.09,0.7637,-1,-1,-1
898,-1,762.65,261.48,16.39,14.21,0.6257,-1,-1,-1
898,-1,223.86,298.66,26.13,16.45,0.6177,-1,-1,-1
898,-1,1002.71,64.99,21.29,59.27,0.5457,-1,-1,-1
898,-1,127.44,324.24,22.29,13.46,0.3998,-1,-1,-1
899,-1,0.00,303.21,84.07,78.26,0.9434,-1,-1,-1
899,-1,765.10,300.95,29.04,14.24,0.9061,-1,-1,-1
899,-1,620.77,317.70,32.97,15.14,0.8841,-1,-1,-1
899,-1,716.42,273.70,22.73,23.79,0.8821,-1,-1,-1
899,-1,339.21,313.05,22.95,14.33,0.7953,-1,-1,-1
899,-1,349.84,360.85,17.79,12.77,0.7820,-1,-1,-1
899,-1,995.50,60.86,28.50,63.16,0.6571,-1,-1,-1
899,-1,221.37,298.60,25.79,16.89,0.3213,-1,-1,-1
899,-1,221.35,298.59,25.91,16.87,0.2628,-1,-1,-1
900,-1,0.00,303.12,73.87,78.74,0.9402,-1,-1,-1
900,-1,761.99,300.86,29.28,13.96,0.8957,-1,-1,-1
900,-1,619.55,317.68,32.59,15.11,0.8912,-1,-1,-1
900,-1,712.98,273.56,22.86,24.03,0.8767,-1,-1,-1
900,-1,988.92,69.43,35.08,54.28,0.8022,-1,-1,-1
900,-1,219.18,298.70,27.92,17.04,0.7958,-1,-1,-1
900,-1,336.49,313.26,22.58,14.28,0.7863,-1,-1,-1
900,-1,346.76,360.96,18.07,12.67,0.7777,-1,-1,-1
900,-1,756.94,261.48,15.56,13.79,0.4944,-1,-1,-1
901,-1,0.00,302.88,62.77,79.12,0.9132,-1,-1,-1
901,-1,758.50,300.58,29.66,13.91,0.8982,-1,-1,-1
901,-1,618.67,317.46,31.85,15.20,0.8901,-1,-1,-1
901,-1,708.49,273.28,24.47,23.89,0.8709,-1,-1,-1
901,-1,981.64,63.15,42.36,59.54,0.8434,-1,-1,-1
901,-1,333.31,312.76,22.79,15.60,0.8295,-1,-1,-1
901,-1,343.83,360.27,18.09,13.23,0.8231,-1,-1,-1
901,-1,218.38,298.81,26.48,16.43,0.4597,-1,-1,-1
901,-1,754.20,261.66,15.32,13.54,0.4051,-1,-1,-1
902,-1,974.85,65.40,49.09,56.74,0.9039,-1,-1,-1
902,-1,755.63,300.12,29.52,13.96,0.9037,-1,-1,-1
902,-1,617.98,317.22,30.37,15.14,0.8912,-1,-1,-1
902,-1,705.49,272.74,24.12,24.07,0.8870,-1,-1,-1
902,-1,340.85,360.21,18.29,12.92,0.8358,-1,-1,-1
902,-1,330.11,312.68,23.03,14.49,0.8001,-1,-1,-1
902,-1,0.00,303.98,51.57,78.09,0.7535,-1,-1,-1
902,-1,36.92,356.06,30.11,19.01,0.6956,-1,-1,-1
902,-1,216.59,298.50,26.21,16.50,0.4832,-1,-1,-1
902,-1,0.00,304.38,52.16,75.84,0.2625,-1,-1,-1
903,-1,968.65,62.91,55.35,58.81,0.9028,-1,-1,-1
903,-1,752.54,299.67,29.47,14.04,0.9019,-1,-1,-1
903,-1,614.93,316.71,31.78,15.10,0.8914,-1,-1,-1
903,-1,702.16,272.32,24.54,24.06,0.8844,-1,-1,-1
903,-1,31.91,354.28,32.43,20.34,0.8670,-1,-1,-1
903,-1,337.69,359.88,18.47,12.81,0.8439,-1,-1,-1
903,-1,327.12,312.24,22.69,13.74,0.7732,-1,-1,-1
903,-1,0.00,307.18,42.02,73.61,0.6943,-1,-1,-1
903,-1,0.01,306.96,42.07,73.86,0.5691,-1,-1,-1
903,-1,214.62,298.02,26.45,16.63,0.2869,-1,-1,-1
904,-1,961.93,59.76,62.07,61.26,0.9036,-1,-1,-1
904,-1,749.08,299.19,30.14,14.15,0.9001,-1,-1,-1
904,-1,613.76,316.10,31.53,15.37,0.8905,-1,-1,-1
904,-1,23.74,351.25,38.27,22.80,0.8830,-1,-1,-1
904,-1,699.26,272.01,24.47,23.98,0.8804,-1,-1,-1
904,-1,334.89,359.48,18.46,12.85,0.8339,-1,-1,-1
904,-1,324.19,311.68,23.19,13.41,0.7713,-1,-1,-1
904,-1,0.00,305.01,31.93,71.54,0.7613,-1,-1,-1
904,-1,212.75,297.20,26.44,17.19,0.7243,-1,-1,-1
904,-1,745.54,260.57,17.33,13.15,0.4351,-1,-1,-1
905,-1,955.73,59.75,68.27,60.76,0.9215,-1,-1,-1
905,-1,15.82,348.21,43.26,25.17,0.8987,-1,-1,-1
905,-1,611.83,315.62,31.57,15.28,0.8896,-1,-1,-1
905,-1,745.73,298.67,30.44,14.11,0.8841,-1,-1,-1
905,-1,697.63,271.59,23.24,23.74,0.8673,-1,-1,-1
905,-1,210.51,296.21,27.64,16.85,0.8174,-1,-1,-1
905,-1,331.86,358.95,18.73,12.60,0.7801,-1,-1,-1
905,-1,0.00,309.75,22.11,62.79,0.7537,-1,-1,-1
905,-1,321.42,311.38,22.49,13.29,0.7226,-1,-1,-1
905,-1,0.00,279.96,12.85,14.68,0.4553,-1,-1,-1
905,-1,118.44,322.87,22.32,13.25,0.2827,-1,-1,-1
906,-1,949.36,54.49,74.64,65.57,0.9246,-1,-1,-1
906,-1,6.66,347.68,50.50,24.89,0.9010,-1,-1,-1
906,-1,743.08,298.29,29.77,14.12,0.8937,-1,-1,-1
906,-1,610.12,315.26,31.99,15.14,0.8885,-1,-1,-1
906,-1,694.69,271.00,23.16,24.04,0.8880,-1,-1,-1
906,-1,329.19,358.39,18.18,12.66,0.7996,-1,-1,-1
906,-1,318.10,310.87,23.05,13.92,0.7584,-1,-1,-1
906,-1,209.37,295.86,27.15,17.12,0.6242,-1,-1,-1
906,-1,0.00,306.29,10.57,68.68,0.3928,-1,-1,-1
906,-1,0.00,277.66,10.46,16.32,0.3436,-1,-1,-1
907,-1,942.76,53.33,81.24,65.98,0.9286,-1,-1,-1
907,-1,0.52,346.58,54.28,25.11,0.9060,-1,-1,-1
907,-1,740.62,297.83,29.88,14.15,0.8942,-1,-1,-1
907,-1,691.26,270.51,23.56,23.94,0.8880,-1,-1,-1
907,-1,609.13,314.60,31.45,15.41,0.8846,-1,-1,-1
907,-1,208.25,295.44,27.52,17.27,0.8262,-1,-1,-1
907,-1,326.44,357.68,18.34,12.74,0.7932,-1,-1,-1
907,-1,315.25,310.16,23.29,13.84,0.7456,-1,-1,-1
907,-1,0.00,276.47,8.83,21.34,0.5515,-1,-1,-1
907,-1,738.12,258.92,15.76,13.50,0.3186,-1,-1,-1
907,-1,441.61,326.07,18.01,13.28,0.2893,-1,-1,-1
908,-1,936.37,52.95,87.63,66.10,0.9376,-1,-1,-1
908,-1,0.00,346.04,51.82,24.76,0.9030,-1,-1,-1
908,-1,688.56,270.33,23.57,23.53,0.8865,-1,-1,-1
908,-1,737.69,297.41,30.18,14.10,0.8845,-1,-1,-1
908,-1,607.18,314.19,31.79,15.27,0.8753,-1,-1,-1
908,-1,323.44,356.77,18.96,12.92,0.8376,-1,-1,-1
908,-1,313.48,309.32,22.14,13.82,0.7313,-1,-1,-1
908,-1,207.63,294.86,25.90,16.00,0.3808,-1,-1,-1
908,-1,735.36,258.93,15.70,13.09,0.3129,-1,-1,-1
909,-1,929.85,51.56,94.14,66.93,0.9354,-1,-1,-1
909,-1,0.00,345.29,49.53,24.86,0.8963,-1,-1,-1
909,-1,734.76,297.05,30.32,14.27,0.8945,-1,-1,-1
909,-1,605.97,313.80,31.41,15.26,0.8857,-1,-1,-1
909,-1,685.18,269.60,23.72,24.05,0.8759,-1,-1,-1
909,-1,320.60,356.02,19.07,13.01,0.8411,-1,-1,-1
909,-1,204.66,294.13,26.53,16.08,0.7718,-1,-1,-1
909,-1,733.18,258.17,15.71,13.51,0.6816,-1,-1,-1
909,-1,309.08,308.45,24.42,13.19,0.6008,-1,-1,-1
910,-1,922.65,48.30,101.35,69.05,0.9418,-1,-1,-1
910,-1,731.74,296.22,29.88,14.33,0.8990,-1,-1,-1
910,-1,0.00,345.68,47.14,24.63,0.8979,-1,-1,-1
910,-1,603.75,312.83,31.46,15.61,0.8832,-1,-1,-1
910,-1,681.63,269.20,24.46,23.80,0.8797,-1,-1,-1
910,-1,317.55,355.82,18.84,12.96,0.8381,-1,-1,-1
910,-1,205.32,294.33,24.33,16.63,0.8099,-1,-1,-1
910,-1,729.96,257.45,15.38,13.50,0.6730,-1,-1,-1
910,-1,306.48,308.50,23.68,12.78,0.6505,-1,-1,-1
910,-1,112.79,319.86,22.82,13.46,0.2560,-1,-1,-1
911,-1,915.50,48.18,108.50,68.32,0.9424,-1,-1,-1
911,-1,0.00,345.87,44.50,24.80,0.8988,-1,-1,-1
911,-1,728.67,295.63,29.76,14.47,0.8863,-1,-1,-1
911,-1,678.41,268.71,24.20,23.88,0.8839,-1,-1,-1
911,-1,602.34,312.57,31.62,15.49,0.8765,-1,-1,-1
911,-1,314.64,355.61,18.94,13.04,0.8206,-1,-1,-1
911,-1,202.80,294.22,24.61,16.41,0.7495,-1,-1,-1
911,-1,304.40,308.31,22.73,12.59,0.5360,-1,-1,-1
911,-1,1004.55,127.07,19.45,80.92,0.4652,-1,-1,-1
911,-1,110.86,320.15,23.30,13.39,0.4565,-1,-1,-1
911,-1,727.04,257.13,15.33,12.99,0.4356,-1,-1,-1
911,-1,1004.60,123.44,19.40,84.34,0.2843,-1,-1,-1
911,-1,35.82,331.76,19.90,11.96,0.2635,-1,-1,-1
912,-1,908.64,47.74,115.36,68.27,0.9461,-1,-1,-1
912,-1,676.00,268.31,23.68,23.86,0.9017,-1,-1,-1
912,-1,0.04,345.79,42.06,25.34,0.9002,-1,-1,-1
912,-1,725.41,295.38,30.01,14.13,0.8954,-1,-1,-1
912,-1,600.21,312.58,31.98,15.21,0.8696,-1,-1,-1
912,-1,311.48,355.73,19.30,12.98,0.8415,-1,-1,-1
912,-1,723.86,256.66,16.29,13.25,0.7600,-1,-1,-1
912,-1,200.56,294.28,25.58,16.93,0.6779,-1,-1,-1
912,-1,300.40,308.11,24.56,13.38,0.6281,-1,-1,-1
912,-1,994.23,124.06,29.77,83.41,0.6107,-1,-1,-1
912,-1,661.25,308.59,17.34,13.02,0.2917,-1,-1,-1
912,-1,654.54,368.41,20.34,11.14,0.2687,-1,-1,-1
913,-1,901.28,47.46,122.72,68.21,0.9441,-1,-1,-1
913,-1,0.00,346.36,39.53,25.03,0.9121,-1,-1,-1
913,-1,721.88,295.21,30.32,14.21,0.8878,-1,-1,-1
913,-1,672.71,268.35,23.40,23.58,0.8817,-1,-1,-1
913,-1,598.27,312.57,32.01,15.03,0.8757,-1,-1,-1
913,-1,197.63,294.33,27.14,16.99,0.8470,-1,-1,-1
913,-1,984.13,118.50,39.87,88.38,0.8365,-1,-1,-1
913,-1,308.53,355.81,19.16,13.12,0.8326,-1,-1,-1
913,-1,297.41,308.48,24.26,13.25,0.5335,-1,-1,-1
913,-1,721.37,256.71,15.06,12.78,0.5301,-1,-1,-1
914,-1,910.52,25.84,113.48,73.60,0.9452,-1,-1,-1
914,-1,6.25,361.13,54.87,23.70,0.9030,-1,-1,-1
914,-1,733.63,287.89,30.80,14.39,0.8979,-1,-1,-1
914,-1,610.84,308.93,30.84,15.44,0.8935,-1,-1,-1
914,-1,682.93,262.44,24.49,24.19,0.8770,-1,-1,-1
914,-1,212.34,303.50,26.43,16.83,0.8533,-1,-1,-1
914,-1,322.20,361.57,18.54,12.84,0.8128,-1,-1,-1
914,-1,309.68,314.45,23.89,14.37,0.8082,-1,-1,-1
914,-1,0.00,292.73,15.04,16.00,0.7648,-1,-1,-1
914,-1,732.40,249.18,15.00,13.43,0.5646,-1,-1,-1
914,-1,997.79,95.51,26.21,95.16,0.5604,-1,-1,-1
914,-1,670.90,303.14,16.92,13.70,0.3566,-1,-1,-1
915,-1,935.43,7.91,88.57,75.86,0.9362,-1,-1,-1
915,-1,755.02,281.73,31.60,14.60,0.8998,-1,-1,-1
915,-1,41.67,369.21,52.24,22.09,0.8969,-1,-1,-1
915,-1,0.00,337.21,24.33,20.79,0.8840,-1,-1,-1
915,-1,629.56,305.77,31.93,15.56,0.8827,-1,-1,-1
915,-1,702.66,257.34,24.02,23.95,0.8814,-1,-1,-1
915,-1,343.49,363.74,18.20,12.98,0.8347,-1,-1,-1
915,-1,10.05,301.98,37.71,19.18,0.7996,-1,-1,-1
915,-1,329.97,317.86,23.39,13.39,0.7450,-1,-1,-1
915,-1,236.82,308.51,25.00,16.31,0.6694,-1,-1,-1
915,-1,752.85,242.42,15.17,13.79,0.4211,-1,-1,-1
915,-1,26.62,318.63,19.22,14.48,0.2598,-1,-1,-1
916,-1,779.97,278.88,32.70,14.91,0.9048,-1,-1,-1
916,-1,969.13,1.86,54.87,71.51,0.9014,-1,-1,-1
916,-1,75.47,368.61,49.35,21.71,0.8968,-1,-1,-1
916,-1,725.65,254.47,24.94,24.66,0.8851,-1,-1,-1
916,-1,25.64,338.25,33.66,20.08,0.8804,-1,-1,-1
916,-1,649.62,303.84,32.78,15.96,0.8797,-1,-1,-1
916,-1,47.17,304.74,34.45,17.92,0.8322,-1,-1,-1
916,-1,365.96,363.20,17.57,12.93,0.8037,-1,-1,-1
916,-1,0.04,336.33,41.66,67.72,0.7355,-1,-1,-1
916,-1,353.45,317.83,21.91,12.94,0.6635,-1,-1,-1
916,-1,260.16,309.32,26.25,16.06,0.5310,-1,-1,-1
916,-1,260.43,309.47,25.98,16.06,0.4786,-1,-1,-1
916,-1,182.27,338.52,20.46,12.73,0.4358,-1,-1,-1
916,-1,777.18,239.05,15.03,13.67,0.4199,-1,-1,-1
916,-1,712.85,296.23,19.80,13.09,0.3718,-1,-1,-1
917,-1,0.00,326.45,80.07,67.58,0.9466,-1,-1,-1
917,-1,108.45,361.96,46.57,21.43,0.8946,-1,-1,-1
917,-1,807.23,280.42,34.43,15.24,0.8898,-1,-1,-1
917,-1,751.41,255.07,26.48,24.99,0.8856,-1,-1,-1
917,-1,62.00,331.62,31.40,19.61,0.8831,-1,-1,-1
917,-1,673.48,304.67,32.42,16.03,0.8780,-1,-1,-1
917,-1,83.01,299.61,32.00,17.48,0.8528,-1,-1,-1
917,-1,388.13,360.42,17.54,12.68,0.8205,-1,-1,-1
917,-1,805.21,240.05,15.98,13.67,0.7630,-1,-1,-1
917,-1,286.12,306.27,24.37,15.77,0.7477,-1,-1,-1
917,-1,376.64,315.34,21.96,13.78,0.7399,-1,-1,-1
918,-1,12.32,311.94,107.75,65.28,0.9526,-1,-1,-1
918,-1,140.33,350.41,43.79,21.53,0.9009,-1,-1,-1
918,-1,838.27,288.00,35.36,15.61,0.8898,-1,-1,-1
918,-1,781.44,260.62,26.62,25.76,0.8810,-1,-1,-1
918,-1,698.58,309.52,33.58,15.87,0.8759,-1,-1,-1
918,-1,837.22,246.08,16.92,14.60,0.8501,-1,-1,-1
918,-1,117.63,288.96,31.31,16.63,0.8423,-1,-1,-1
918,-1,99.71,319.41,27.92,18.47,0.8156,-1,-1,-1
918,-1,411.20,356.75,17.33,12.60,0.7636,-1,-1,-1
918,-1,312.28,300.53,23.36,15.74,0.7374,-1,-1,-1
918,-1,757.43,367.80,23.28,11.84,0.5522,-1,-1,-1
918,-1,776.77,283.11,17.33,11.99,0.4684,-1,-1,-1
918,-1,764.33,303.91,19.13,13.92,0.4683,-1,-1,-1
918,-1,0.00,380.90,15.43,62.34,0.4586,-1,-1,-1
918,-1,401.29,311.80,21.37,12.55,0.3862,-1,-1,-1
919,-1,33.72,313.22,104.29,64.31,0.9496,-1,-1,-1
919,-1,855.00,291.81,36.11,15.83,0.9131,-1,-1,-1
919,-1,156.83,351.03,42.21,21.67,0.8923,-1,-1,-1
919,-1,795.98,263.87,27.98,25.99,0.8883,-1,-1,-1
919,-1,710.53,312.83,35.51,16.12,0.8873,-1,-1,-1
919,-1,853.91,249.65,17.09,14.33,0.8504,-1,-1,-1
919,-1,120.74,320.53,23.36,18.53,0.8289,-1,-1,-1
919,-1,135.53,290.29,29.37,16.57,0.8039,-1,-1,-1
919,-1,0.00,375.38,35.66,71.88,0.8009,-1,-1,-1
919,-1,422.94,358.99,17.56,12.20,0.7615,-1,-1,-1
919,-1,325.95,302.69,22.04,15.48,0.7355,-1,-1,-1
919,-1,413.02,314.20,22.62,12.86,0.6523,-1,-1,-1
919,-1,770.99,372.22,23.89,11.84,0.4024,-1,-1,-1
919,-1,779.69,307.46,18.64,14.00,0.3197,-1,-1,-1
919,-1,791.65,286.59,17.37,12.15,0.2873,-1,-1,-1
920,-1,48.52,313.50,101.85,63.64,0.9488,-1,-1,-1
920,-1,868.17,285.65,36.61,16.09,0.8986,-1,-1,-1
920,-1,808.12,257.95,27.98,26.55,0.8931,-1,-1,-1
920,-1,169.21,350.86,41.60,21.10,0.8873,-1,-1,-1
920,-1,866.86,243.05,16.58,14.73,0.8747,-1,-1,-1
920,-1,0.01,375.18,51.08,77.60,0.8588,-1,-1,-1
920,-1,147.92,290.96,28.48,15.96,0.8298,-1,-1,-1
920,-1,132.49,320.64,23.99,18.37,0.8241,-1,-1,-1
920,-1,432.20,356.91,16.91,12.43,0.7289,-1,-1,-1
920,-1,803.09,280.97,17.17,12.67,0.7168,-1,-1,-1
920,-1,722.44,308.37,33.28,16.33,0.6238,-1,-1,-1
920,-1,781.87,368.08,24.60,11.86,0.6052,-1,-1,-1
920,-1,421.07,312.12,23.00,12.40,0.5314,-1,-1,-1
920,-1,334.04,301.35,22.96,15.00,0.5313,-1,-1,-1
920,-1,721.94,308.32,33.89,16.39,0.3482,-1,-1,-1
921,-1,61.10,314.80,101.49,62.91,0.9563,-1,-1,-1
921,-1,0.00,376.02,63.83,76.39,0.9187,-1,-1,-1
921,-1,878.56,284.89,37.76,16.28,0.9012,-1,-1,-1
921,-1,178.71,351.46,41.20,20.96,0.8995,-1,-1,-1
921,-1,816.86,257.08,29.19,26.45,0.8876,-1,-1,-1
921,-1,876.93,242.17,17.92,14.83,0.8752,-1,-1,-1
921,-1,729.91,308.08,34.44,16.45,0.8516,-1,-1,-1
921,-1,157.44,292.20,28.81,15.90,0.8430,-1,-1,-1
921,-1,143.95,321.83,21.94,17.40,0.7941,-1,-1,-1
921,-1,439.31,357.34,17.40,12.24,0.7347,-1,-1,-1
921,-1,812.27,280.77,17.47,12.04,0.7327,-1,-1,-1
921,-1,791.07,368.05,24.73,11.91,0.7151,-1,-1,-1
921,-1,341.94,302.06,22.66,15.28,0.6456,-1,-1,-1
921,-1,429.03,312.54,22.66,12.46,0.5071,-1,-1,-1
922,-1,77.16,314.95,98.33,62.46,0.9457,-1,-1,-1
922,-1,0.03,375.79,79.70,77.65,0.9382,-1,-1,-1
922,-1,892.65,284.37,38.61,16.38,0.9075,-1,-1,-1
922,-1,739.84,308.02,35.97,16.54,0.8996,-1,-1,-1
922,-1,828.46,256.42,31.11,26.74,0.8928,-1,-1,-1
922,-1,191.28,351.08,39.72,21.11,0.8884,-1,-1,-1
922,-1,891.00,240.85,17.32,15.29,0.8749,-1,-1,-1
922,-1,171.09,292.81,27.39,15.67,0.8638,-1,-1,-1
922,-1,157.66,321.93,20.68,17.74,0.7717,-1,-1,-1
922,-1,823.93,280.27,18.63,12.24,0.6894,-1,-1,-1
922,-1,448.75,357.54,17.51,12.00,0.5928,-1,-1,-1
922,-1,352.49,302.65,22.01,15.04,0.5549,-1,-1,-1
922,-1,802.53,368.40,25.23,12.00,0.5314,-1,-1,-1
922,-1,438.33,312.53,22.20,12.35,0.4603,-1,-1,-1
923,-1,92.97,315.36,96.54,61.75,0.9430,-1,-1,-1
923,-1,0.17,375.67,95.19,76.38,0.9430,-1,-1,-1
923,-1,907.06,283.47,39.61,16.76,0.9128,-1,-1,-1
923,-1,750.87,307.48,37.00,16.92,0.9048,-1,-1,-1
923,-1,842.18,255.50,31.44,27.14,0.8956,-1,-1,-1
923,-1,203.58,351.26,39.60,20.94,0.8903,-1,-1,-1
923,-1,905.43,239.37,18.11,15.43,0.8718,-1,-1,-1
923,-1,183.18,294.29,27.23,14.96,0.8385,-1,-1,-1
923,-1,814.28,368.61,26.31,12.31,0.7853,-1,-1,-1
923,-1,836.77,279.44,18.85,12.70,0.7434,-1,-1,-1
923,-1,171.81,322.43,19.77,17.35,0.7336,-1,-1,-1
923,-1,363.33,302.72,20.78,15.62,0.6537,-1,-1,-1
923,-1,458.52,357.73,17.07,11.98,0.5459,-1,-1,-1
923,-1,448.78,312.71,21.49,12.70,0.5363,-1,-1,-1
924,-1,0.06,375.71,112.19,74.88,0.9513,-1,-1,-1
924,-1,109.41,316.36,94.80,61.06,0.9440,-1,-1,-1
924,-1,921.70,284.63,41.03,16.96,0.9048,-1,-1,-1
924,-1,856.49,256.27,30.84,27.36,0.8865,-1,-1,-1
924,-1,216.79,352.12,37.94,20.63,0.8849,-1,-1,-1
924,-1,762.48,309.01,37.02,16.78,0.8815,-1,-1,-1
924,-1,920.23,240.04,18.94,15.67,0.8789,-1,-1,-1
924,-1,0.00,309.43,26.16,19.73,0.8597,-1,-1,-1
924,-1,849.78,280.35,19.20,13.03,0.8509,-1,-1,-1
924,-1,196.21,294.73,26.98,15.44,0.8005,-1,-1,-1
924,-1,0.00,107.30,32.98,47.95,0.7851,-1,-1,-1
924,-1,468.45,358.60,16.88,12.13,0.7184,-1,-1,-1
924,-1,458.86,313.97,21.36,12.82,0.6356,-1,-1,-1
924,-1,372.56,303.26,21.49,15.68,0.5626,-1,-1,-1
924,-1,826.71,370.55,26.65,12.08,0.5239,-1,-1,-1
924,-1,185.83,322.60,18.71,18.16,0.3438,-1,-1,-1
925,-1,0.15,375.85,127.21,74.33,0.9496,-1,-1,-1
925,-1,125.18,317.51,92.03,60.30,0.9432,-1,-1,-1
925,-1,0.00,112.27,49.26,39.86,0.9008,-1,-1,-1
925,-1,936.11,285.57,41.92,17.06,0.8990,-1,-1,-1
925,-1,869.23,256.59,31.89,27.99,0.8974,-1,-1,-1
925,-1,772.91,310.16,38.06,16.90,0.8871,-1,-1,-1
925,-1,227.41,352.78,38.17,20.42,0.8811,-1,-1,-1
925,-1,934.67,240.43,18.93,15.60,0.8796,-1,-1,-1
925,-1,0.05,262.54,26.31,20.13,0.8584,-1,-1,-1
925,-1,4.95,309.45,36.66,20.06,0.8454,-1,-1,-1
925,-1,208.97,295.80,25.99,14.85,0.7931,-1,-1,-1
925,-1,861.90,281.13,20.00,13.07,0.7883,-1,-1,-1
925,-1,838.96,372.22,26.88,12.28,0.7512,-1,-1,-1
925,-1,477.74,359.17,16.63,12.39,0.7432,-1,-1,-1
925,-1,738.51,335.50,17.84,12.42,0.5238,-1,-1,-1
925,-1,468.02,314.95,21.45,12.33,0.5231,-1,-1,-1
925,-1,382.93,304.25,20.74,15.49,0.4700,-1,-1,-1
926,-1,9.16,375.86,133.82,73.08,0.9551,-1,-1,-1
926,-1,140.80,318.26,89.83,59.55,0.9435,-1,-1,-1
926,-1,953.15,283.61,42.87,17.41,0.9149,-1,-1,-1
926,-1,13.71,116.22,49.90,39.42,0.9075,-1,-1,-1
926,-1,884.67,254.73,32.32,28.24,0.9014,-1,-1,-1
926,-1,240.68,352.86,36.49,20.24,0.8856,-1,-1,-1
926,-1,785.78,309.18,38.76,16.96,0.8817,-1,-1,-1
926,-1,951.22,237.99,19.75,15.92,0.8764,-1,-1,-1
926,-1,222.23,296.65,24.98,15.01,0.8419,-1,-1,-1
926,-1,24.94,310.86,34.26,19.57,0.8395,-1,-1,-1
926,-1,853.23,371.94,27.16,12.52,0.7867,-1,-1,-1
926,-1,876.29,280.13,20.86,12.63,0.7851,-1,-1,-1
926,-1,0.02,264.74,43.89,19.21,0.7256,-1,-1,-1
926,-1,487.86,358.96,16.37,12.60,0.6866,-1,-1,-1
926,-1,392.77,304.53,20.64,14.85,0.6048,-1,-1,-1
926,-1,478.68,314.70,20.91,12.67,0.5808,-1,-1,-1
926,-1,750.32,334.91,17.98,12.66,0.5227,-1,-1,-1
927,-1,28.98,375.84,129.77,72.35,0.9518,-1,-1,-1
927,-1,156.44,318.55,88.23,59.15,0.9426,-1,-1,-1
927,-1,971.05,280.67,45.34,17.82,0.9020,-1,-1,-1
927,-1,902.22,251.85,31.55,28.75,0.9000,-1,-1,-1
927,-1,798.75,307.25,39.55,17.44,0.8982,-1,-1,-1
927,-1,32.30,119.84,47.19,39.40,0.8965,-1,-1,-1
927,-1,969.29,234.16,19.62,16.49,0.8738,-1,-1,-1
927,-1,253.23,352.49,36.77,20.71,0.8733,-1,-1,-1
927,-1,43.09,312.22,33.08,19.20,0.8516,-1,-1,-1
927,-1,892.13,276.91,20.72,13.57,0.8166,-1,-1,-1
927,-1,498.23,358.78,17.16,12.45,0.8118,-1,-1,-1
927,-1,867.74,370.68,28.39,12.82,0.8026,-1,-1,-1
927,-1,234.39,297.55,24.85,14.46,0.7573,-1,-1,-1
927,-1,17.32,266.45,44.83,18.84,0.7572,-1,-1,-1
927,-1,489.17,314.63,21.02,13.07,0.7164,-1,-1,-1
927,-1,0.06,327.83,27.12,15.61,0.6635,-1,-1,-1
927,-1,2.90,339.73,24.87,13.12,0.4710,-1,-1,-1
927,-1,879.03,301.29,18.22,14.24,0.4231,-1,-1,-1
927,-1,762.80,333.48,17.91,12.80,0.3428,-1,-1,-1
927,-1,864.24,275.84,16.29,15.33,0.3405,-1,-1,-1
927,-1,404.03,304.66,20.67,15.22,0.3345,-1,-1,-1
928,-1,49.34,375.98,125.50,71.00,0.9502,-1,-1,-1
928,-1,172.71,319.09,86.86,58.61,0.9411,-1,-1,-1
928,-1,52.15,124.13,44.54,38.70,0.9033,-1,-1,-1
928,-1,918.20,247.98,34.00,29.68,0.8980,-1,-1,-1
928,-1,812.83,305.28,41.21,17.47,0.8923,-1,-1,-1
928,-1,990.93,277.01,33.07,18.44,0.8866,-1,-1,-1
928,-1,266.59,353.05,35.99,20.01,0.8830,-1,-1,-1
928,-1,988.29,229.95,21.83,16.56,0.8785,-1,-1,-1
928,-1,60.38,313.30,34.26,19.15,0.8416,-1,-1,-1
928,-1,908.80,274.43,21.30,13.08,0.8375,-1,-1,-1
928,-1,36.89,268.66,42.50,18.13,0.8349,-1,-1,-1
928,-1,884.24,369.03,28.94,13.11,0.8206,-1,-1,-1
928,-1,17.13,328.68,29.68,15.11,0.7802,-1,-1,-1
928,-1,248.67,297.66,24.12,15.13,0.7767,-1,-1,-1
928,-1,509.90,358.32,16.82,12.13,0.7562,-1,-1,-1
928,-1,499.89,313.62,21.55,12.78,0.5900,-1,-1,-1
928,-1,23.14,341.09,24.09,12.72,0.5289,-1,-1,-1
928,-1,415.11,304.36,20.70,14.83,0.3388,-1,-1,-1
929,-1,67.53,375.98,122.14,69.97,0.9499,-1,-1,-1
929,-1,186.83,319.53,85.16,57.91,0.9420,-1,-1,-1
929,-1,934.72,246.45,34.36,29.92,0.9038,-1,-1,-1
929,-1,70.09,127.92,46.37,38.08,0.8972,-1,-1,-1
929,-1,826.21,304.64,41.38,17.70,0.8863,-1,-1,-1
929,-1,278.44,352.83,35.67,20.05,0.8775,-1,-1,-1
929,-1,1006.28,227.58,17.72,17.31,0.8765,-1,-1,-1
929,-1,923.57,273.10,22.39,13.64,0.8730,-1,-1,-1
929,-1,897.74,369.29,30.73,13.07,0.8484,-1,-1,-1
929,-1,77.30,314.85,32.07,18.07,0.8430,-1,-1,-1
929,-1,261.55,297.76,23.01,15.15,0.7803,-1,-1,-1
929,-1,34.37,329.33,29.40,14.46,0.7791,-1,-1,-1
929,-1,53.85,269.91,43.49,17.18,0.7753,-1,-1,-1
929,-1,1008.59,276.81,15.41,17.85,0.7484,-1,-1,-1
929,-1,425.49,304.63,19.99,14.23,0.6222,-1,-1,-1
929,-1,894.88,271.83,17.05,16.34,0.5880,-1,-1,-1
929,-1,519.61,358.45,16.97,12.02,0.5741,-1,-1,-1
929,-1,40.13,341.47,23.91,12.43,0.5463,-1,-1,-1
929,-1,909.60,301.20,19.59,12.02,0.3862,-1,-1,-1
929,-1,788.51,332.35,18.45,12.16,0.3241,-1,-1,-1
929,-1,510.66,313.80,20.78,12.32,0.3185,-1,-1,-1
930,-1,84.13,376.27,118.63,69.25,0.9508,-1,-1,-1
930,-1,200.54,320.30,82.91,57.24,0.9435,-1,-1,-1
930,-1,86.48,131.41,40.96,37.63,0.9085,-1,-1,-1
930,-1,948.22,245.50,36.71,29.70,0.9077,-1,-1,-1
930,-1,289.46,353.62,34.75,19.50,0.8897,-1,-1,-1
930,-1,838.38,304.13,42.27,18.15,0.8879,-1,-1,-1
930,-1,938.30,272.27,22.85,13.74,0.8636,-1,-1,-1
930,-1,93.27,315.63,29.45,18.30,0.8411,-1,-1,-1
930,-1,69.55,272.02,40.21,17.49,0.8207,-1,-1,-1
930,-1,911.54,369.54,30.77,13.15,0.8100,-1,-1,-1
930,-1,50.47,330.29,28.31,14.66,0.8038,-1,-1,-1
930,-1,271.81,299.89,23.56,13.63,0.7107,-1,-1,-1
930,-1,519.84,314.15,20.70,13.12,0.7096,-1,-1,-1
930,-1,528.90,358.91,16.95,11.94,0.6292,-1,-1,-1
930,-1,57.20,342.05,21.75,13.07,0.5964,-1,-1,-1
930,-1,908.64,271.26,17.07,13.56,0.4910,-1,-1,-1
930,-1,435.37,305.28,19.73,14.73,0.4329,-1,-1,-1
930,-1,799.99,332.07,18.64,12.37,0.3737,-1,-1,-1
931,-1,97.80,376.42,116.33,68.63,0.9499,-1,-1,-1
931,-1,211.55,320.58,81.40,57.05,0.9363,-1,-1,-1
931,-1,961.76,244.31,37.27,30.46,0.9101,-1,-1,-1
931,-1,100.49,133.75,42.47,37.69,0.9000,-1,-1,-1
931,-1,848.90,303.89,43.43,18.40,0.8943,-1,-1,-1
931,-1,299.15,353.72,33.51,19.59,0.8827,-1,-1,-1
931,-1,82.48,273.33,40.51,17.87,0.8621,-1,-1,-1
931,-1,951.39,271.42,22.76,13.87,0.8610,-1,-1,-1
931,-1,924.43,369.88,30.94,13.41,0.8515,-1,-1,-1
931,-1,104.13,316.14,31.33,17.91,0.8445,-1,-1,-1
931,-1,65.09,330.90,26.14,13.87,0.7793,-1,-1,-1
931,-1,527.78,314.30,21.01,13.45,0.7506,-1,-1,-1
931,-1,281.34,299.56,23.19,14.46,0.7460,-1,-1,-1
931,-1,536.96,358.95,16.93,12.20,0.6646,-1,-1,-1
931,-1,0.02,352.25,16.48,13.87,0.5620,-1,-1,-1
931,-1,810.81,332.07,18.26,12.94,0.5347,-1,-1,-1
931,-1,71.39,342.42,20.47,13.52,0.4762,-1,-1,-1
931,-1,920.56,270.63,18.16,14.58,0.4542,-1,-1,-1
931,-1,443.41,305.57,19.27,14.82,0.3664,-1,-1,-1
931,-1,936.70,300.09,19.18,12.10,0.3651,-1,-1,-1
931,-1,443.34,305.52,19.43,14.79,0.3570,-1,-1,-1
932,-1,107.96,376.84,114.56,67.94,0.9491,-1,-1,-1
932,-1,219.76,321.26,80.83,56.64,0.9363,-1,-1,-1
932,-1,973.81,242.48,37.14,31.02,0.9086,-1,-1,-1
932,-1,857.83,303.01,44.59,18.58,0.8926,-1,-1,-1
932,-1,110.23,136.06,43.94,37.24,0.8915,-1,-1,-1
932,-1,305.77,354.16,34.22,19.19,0.8869,-1,-1,-1
932,-1,961.83,270.29,23.89,13.89,0.8710,-1,-1,-1
932,-1,933.97,369.63,32.21,13.48,0.8591,-1,-1,-1
932,-1,114.54,316.58,29.86,17.63,0.8379,-1,-1,-1
932,-1,74.52,331.60,27.02,13.76,0.7857,-1,-1,-1
932,-1,92.19,274.02,39.48,16.97,0.7831,-1,-1,-1
932,-1,289.41,300.76,23.22,13.48,0.7594,-1,-1,-1
932,-1,543.44,358.95,17.20,12.18,0.7453,-1,-1,-1
932,-1,818.96,331.88,18.33,12.80,0.6522,-1,-1,-1
932,-1,7.16,352.42,20.76,13.08,0.5336,-1,-1,-1
932,-1,448.32,306.06,20.84,14.62,0.4431,-1,-1,-1
932,-1,80.27,343.45,21.54,12.84,0.4291,-1,-1,-1
932,-1,532.62,314.28,22.58,12.28,0.4123,-1,-1,-1
932,-1,931.21,269.22,17.91,15.97,0.3793,-1,-1,-1
933,-1,118.19,376.91,112.77,67.27,0.9497,-1,-1,-1
933,-1,228.76,321.49,79.41,56.70,0.9346,-1,-1,-1
933,-1,984.41,242.04,38.20,31.26,0.8973,-1,-1,-1
933,-1,120.44,137.90,41.53,37.52,0.8946,-1,-1,-1
933,-1,867.19,303.39,44.56,18.79,0.8932,-1,-1,-1
933,-1,313.19,354.43,33.73,18.92,0.8822,-1,-1,-1
933,-1,944.58,370.48,32.83,13.81,0.8719,-1,-1,-1
933,-1,973.16,270.23,23.87,13.83,0.8660,-1,-1,-1
933,-1,125.77,317.61,26.94,17.12,0.8410,-1,-1,-1
933,-1,296.34,300.60,22.63,14.72,0.8007,-1,-1,-1
933,-1,540.12,314.74,21.40,13.34,0.7861,-1,-1,-1
933,-1,85.40,332.12,26.01,14.09,0.7781,-1,-1,-1
933,-1,549.98,359.03,16.79,12.46,0.7608,-1,-1,-1
933,-1,103.35,274.88,37.29,16.64,0.7484,-1,-1,-1
933,-1,827.04,331.96,19.50,13.30,0.7210,-1,-1,-1
933,-1,942.08,269.28,17.84,15.07,0.6761,-1,-1,-1
933,-1,18.97,352.76,19.92,12.84,0.5756,-1,-1,-1
933,-1,118.50,330.46,20.99,18.12,0.5038,-1,-1,-1
933,-1,455.43,306.29,20.40,14.69,0.4678,-1,-1,-1
933,-1,91.92,343.73,20.29,13.41,0.4351,-1,-1,-1
934,-1,126.67,377.02,111.44,66.66,0.9463,-1,-1,-1
934,-1,235.70,322.54,78.73,55.87,0.9448,-1,-1,-1
934,-1,129.13,139.71,41.06,37.09,0.9040,-1,-1,-1
934,-1,874.81,302.62,44.89,19.01,0.8938,-1,-1,-1
934,-1,952.32,370.42,33.96,13.75,0.8822,-1,-1,-1
934,-1,992.99,241.00,31.01,31.35,0.8782,-1,-1,-1
934,-1,982.01,269.05,24.77,14.24,0.8746,-1,-1,-1
934,-1,319.08,354.44,34.05,19.11,0.8739,-1,-1,-1
934,-1,132.89,318.58,28.31,17.04,0.8385,-1,-1,-1
934,-1,111.00,275.87,37.44,17.40,0.8029,-1,-1,-1
934,-1,94.92,332.48,25.17,13.81,0.7994,-1,-1,-1
934,-1,302.82,301.15,21.64,14.32,0.7666,-1,-1,-1
934,-1,545.90,314.81,21.42,13.08,0.7436,-1,-1,-1
934,-1,555.20,359.27,16.98,12.21,0.7429,-1,-1,-1
934,-1,949.88,268.28,19.03,17.09,0.6134,-1,-1,-1
934,-1,834.71,332.20,19.09,12.93,0.5265,-1,-1,-1
934,-1,126.62,330.48,21.14,18.51,0.5096,-1,-1,-1
934,-1,966.64,298.33,21.03,12.81,0.5090,-1,-1,-1
934,-1,28.66,352.77,19.35,13.08,0.3646,-1,-1,-1
934,-1,460.53,306.41,20.29,14.80,0.2933,-1,-1,-1
935,-1,143.38,377.30,108.07,65.89,0.9464,-1,-1,-1
935,-1,249.91,322.84,77.19,55.92,0.9363,-1,-1,-1
935,-1,145.48,143.46,40.12,36.36,0.8948,-1,-1,-1
935,-1,888.84,302.01,46.42,18.89,0.8887,-1,-1,-1
935,-1,968.55,370.17,34.84,14.07,0.8864,-1,-1,-1
935,-1,330.93,354.88,32.76,18.95,0.8826,-1,-1,-1
935,-1,999.30,267.19,24.66,14.62,0.8592,-1,-1,-1
935,-1,147.13,319.68,27.95,16.84,0.8415,-1,-1,-1
935,-1,126.13,277.14,36.57,17.27,0.8387,-1,-1,-1
935,-1,556.01,314.82,21.14,13.27,0.7879,-1,-1,-1
935,-1,313.29,301.81,21.96,14.76,0.7574,-1,-1,-1
935,-1,108.83,333.34,25.13,13.48,0.7256,-1,-1,-1
935,-1,565.50,359.39,16.80,12.16,0.7237,-1,-1,-1
935,-1,847.39,331.94,19.19,12.71,0.6206,-1,-1,-1
935,-1,1011.94,238.18,12.06,32.71,0.5931,-1,-1,-1
935,-1,966.63,266.46,18.46,17.04,0.5908,-1,-1,-1
935,-1,470.36,306.55,20.77,14.61,0.4296,-1,-1,-1
935,-1,115.35,344.14,21.38,13.13,0.3600,-1,-1,-1
935,-1,46.26,352.71,18.32,13.84,0.2694,-1,-1,-1
936,-1,157.18,377.50,105.72,65.51,0.9503,-1,-1,-1
936,-1,260.49,323.60,78.10,55.36,0.9296,-1,-1,-1
936,-1,900.29,301.21,48.16,19.18,0.8958,-1,-1,-1
936,-1,159.03,145.37,40.00,36.92,0.8900,-1,-1,-1
936,-1,981.63,370.14,36.35,14.27,0.8876,-1,-1,-1
936,-1,341.10,355.25,30.84,19.04,0.8815,-1,-1,-1
936,-1,137.75,278.36,37.73,16.46,0.8261,-1,-1,-1
936,-1,157.99,319.58,27.78,17.30,0.8151,-1,-1,-1
936,-1,573.66,359.41,17.11,12.37,0.7812,-1,-1,-1
936,-1,563.98,314.90,21.64,13.03,0.7770,-1,-1,-1
936,-1,858.05,331.48,20.22,12.95,0.7480,-1,-1,-1
936,-1,323.50,302.38,20.26,14.54,0.7437,-1,-1,-1
936,-1,979.46,265.63,20.04,17.11,0.7140,-1,-1,-1
936,-1,120.31,334.12,24.44,12.80,0.6125,-1,-1,-1
936,-1,1012.78,265.86,11.22,14.44,0.5790,-1,-1,-1
936,-1,478.01,306.86,21.31,14.50,0.4916,-1,-1,-1
937,-1,167.76,378.00,104.23,64.70,0.9494,-1,-1,-1
937,-1,269.47,324.10,77.34,55.40,0.9292,-1,-1,-1
937,-1,168.94,147.85,37.29,36.16,0.9008,-1,-1,-1
937,-1,909.07,300.55,48.04,19.56,0.8926,-1,-1,-1
937,-1,347.62,355.70,30.62,18.63,0.8804,-1,-1,-1
937,-1,991.79,370.24,32.21,14.03,0.8493,-1,-1,-1
937,-1,146.63,279.52,35.30,16.70,0.8379,-1,-1,-1
937,-1,164.77,319.89,28.38,17.32,0.8200,-1,-1,-1
937,-1,579.94,359.68,17.05,12.40,0.8034,-1,-1,-1
937,-1,570.44,315.32,21.15,13.49,0.7621,-1,-1,-1
937,-1,989.86,264.36,19.32,16.19,0.7457,-1,-1,-1
937,-1,866.03,331.37,19.79,12.95,0.7354,-1,-1,-1
937,-1,332.73,302.58,17.84,14.09,0.6329,-1,-1,-1
937,-1,129.18,334.96,23.45,12.34,0.4409,-1,-1,-1
937,-1,1008.34,296.29,15.66,15.31,0.2876,-1,-1,-1
937,-1,69.14,355.07,17.25,13.57,0.2707,-1,-1,-1
938,-1,177.96,377.97,102.03,64.36,0.9480,-1,-1,-1
938,-1,277.75,324.31,76.90,54.80,0.9283,-1,-1,-1
938,-1,917.66,299.98,49.17,19.91,0.8999,-1,-1,-1
938,-1,179.03,149.33,35.43,35.83,0.8920,-1,-1,-1
938,-1,353.96,355.68,30.91,18.85,0.8825,-1,-1,-1
938,-1,154.62,280.01,35.13,16.28,0.8318,-1,-1,-1
938,-1,1002.21,369.77,21.79,14.54,0.8316,-1,-1,-1
938,-1,173.03,319.95,27.69,17.53,0.8158,-1,-1,-1
938,-1,873.77,330.59,20.76,13.47,0.7958,-1,-1,-1
938,-1,585.73,359.55,17.16,12.48,0.7953,-1,-1,-1
938,-1,576.94,315.02,20.59,13.19,0.7192,-1,-1,-1
938,-1,137.35,335.20,24.26,12.83,0.4792,-1,-1,-1
938,-1,999.47,263.70,19.82,15.11,0.4480,-1,-1,-1
938,-1,489.66,307.51,20.86,13.89,0.3849,-1,-1,-1
938,-1,339.74,303.83,17.09,12.76,0.3379,-1,-1,-1
939,-1,186.22,377.00,100.96,63.83,0.9518,-1,-1,-1
939,-1,284.97,323.33,76.32,54.38,0.9391,-1,-1,-1
939,-1,187.54,148.85,33.02,35.56,0.9034,-1,-1,-1
939,-1,926.93,299.30,50.13,20.17,0.9019,-1,-1,-1
939,-1,360.44,354.54,30.01,18.97,0.8683,-1,-1,-1
939,-1,162.74,279.14,34.69,16.81,0.8477,-1,-1,-1
939,-1,180.30,319.00,28.16,17.51,0.8203,-1,-1,-1
939,-1,882.15,330.20,20.88,13.51,0.7546,-1,-1,-1
939,-1,592.04,359.04,17.06,12.45,0.7368,-1,-1,-1
939,-1,582.70,314.21,21.56,13.11,0.6818,-1,-1,-1
939,-1,145.54,333.76,23.41,12.50,0.5977,-1,-1,-1
939,-1,345.00,302.84,18.70,13.29,0.5809,-1,-1,-1
939,-1,1012.68,371.03,11.32,14.30,0.4754,-1,-1,-1
939,-1,495.39,306.58,20.62,14.13,0.3641,-1,-1,-1
940,-1,194.60,376.83,99.98,63.59,0.9506,-1,-1,-1
940,-1,292.32,323.34,75.95,54.41,0.9313,-1,-1,-1
940,-1,938.01,298.68,51.19,19.94,0.9118,-1,-1,-1
940,-1,196.06,150.17,34.21,35.15,0.8969,-1,-1,-1
940,-1,367.10,354.68,30.31,18.77,0.8767,-1,-1,-1
940,-1,190.03,319.40,26.92,17.45,0.8064,-1,-1,-1
940,-1,892.00,329.52,21.67,13.85,0.7943,-1,-1,-1
940,-1,172.11,279.73,33.83,16.32,0.7808,-1,-1,-1
940,-1,598.79,359.03,17.14,12.39,0.7508,-1,-1,-1
940,-1,589.06,314.08,21.99,13.58,0.7402,-1,-1,-1
940,-1,352.64,303.06,17.28,13.44,0.4562,-1,-1,-1
940,-1,154.43,334.01,24.18,12.22,0.4203,-1,-1,-1
940,-1,501.74,306.44,21.43,14.75,0.3662,-1,-1,-1
940,-1,502.05,306.42,21.20,14.68,0.3323,-1,-1,-1
941,-1,203.52,378.85,99.20,63.41,0.9484,-1,-1,-1
941,-1,299.76,325.88,74.84,54.29,0.9319,-1,-1,-1
941,-1,947.68,297.68,52.05,20.41,0.9084,-1,-1,-1
941,-1,204.12,153.93,34.49,35.64,0.8859,-1,-1,-1
941,-1,373.87,356.66,30.03,18.47,0.8842,-1,-1,-1
941,-1,199.66,323.33,25.12,15.95,0.8253,-1,-1,-1
941,-1,179.94,283.03,34.05,16.68,0.8246,-1,-1,-1
941,-1,605.12,359.77,17.25,12.85,0.8146,-1,-1,-1
941,-1,900.85,329.32,22.18,13.91,0.7542,-1,-1,-1
941,-1,594.05,315.30,22.40,13.09,0.6889,-1,-1,-1
941,-1,360.03,305.25,17.12,13.20,0.5619,-1,-1,-1
941,-1,164.20,336.92,22.95,15.43,0.5571,-1,-1,-1
941,-1,507.93,307.66,21.18,14.61,0.3799,-1,-1,-1
942,-1,213.33,379.68,97.55,62.64,0.9468,-1,-1,-1
942,-1,309.06,326.76,73.13,54.01,0.9313,-1,-1,-1
942,-1,957.91,296.85,53.64,20.67,0.9071,-1,-1,-1
942,-1,214.10,156.45,33.07,35.22,0.8929,-1,-1,-1
942,-1,381.57,357.21,28.94,18.47,0.8730,-1,-1,-1
942,-1,206.02,323.45,26.84,17.01,0.8422,-1,-1,-1
942,-1,910.43,328.89,22.23,13.99,0.8247,-1,-1,-1
942,-1,611.98,360.26,17.42,12.53,0.8172,-1,-1,-1
942,-1,188.87,284.26,33.36,16.42,0.8166,-1,-1,-1
942,-1,602.11,315.43,21.26,13.65,0.7489,-1,-1,-1
942,-1,172.38,337.94,23.77,12.94,0.6729,-1,-1,-1
942,-1,514.52,308.38,20.23,13.98,0.5445,-1,-1,-1
942,-1,368.05,306.06,16.57,12.65,0.3728,-1,-1,-1
943,-1,223.90,379.92,96.40,62.31,0.9443,-1,-1,-1
943,-1,318.28,327.01,73.06,54.07,0.9289,-1,-1,-1
943,-1,970.25,295.90,53.31,20.85,0.9101,-1,-1,-1
943,-1,224.38,157.98,31.52,35.06,0.8937,-1,-1,-1
943,-1,389.90,357.29,28.51,18.71,0.8696,-1,-1,-1
943,-1,215.38,324.41,26.26,16.23,0.8378,-1,-1,-1
943,-1,921.60,328.66,23.41,14.01,0.8179,-1,-1,-1
943,-1,619.71,360.27,17.43,12.61,0.7834,-1,-1,-1
943,-1,610.05,315.33,21.33,13.01,0.7610,-1,-1,-1
943,-1,198.77,285.71,32.86,15.80,0.7306,-1,-1,-1
943,-1,182.95,338.21,22.09,12.21,0.4556,-1,-1,-1
943,-1,521.71,308.45,20.79,13.51,0.4496,-1,-1,-1
944,-1,234.67,379.77,94.69,61.85,0.9496,-1,-1,-1
944,-1,328.17,327.00,72.68,53.78,0.9328,-1,-1,-1
944,-1,982.74,294.95,41.26,21.05,0.8946,-1,-1,-1
944,-1,235.30,159.84,31.58,34.29,0.8847,-1,-1,-1
944,-1,398.05,357.13,27.72,18.47,0.8688,-1,-1,-1
944,-1,627.37,359.93,17.75,12.80,0.8404,-1,-1,-1
944,-1,932.69,327.95,24.83,14.06,0.8382,-1,-1,-1
944,-1,225.19,324.40,25.72,16.34,0.8038,-1,-1,-1
944,-1,617.46,315.02,22.18,13.35,0.7833,-1,-1,-1
944,-1,208.55,286.36,31.30,14.91,0.6687,-1,-1,-1
944,-1,192.75,338.06,22.27,12.88,0.5636,-1,-1,-1
944,-1,528.08,308.01,21.41,13.95,0.2800,-1,-1,-1
945,-1,245.50,380.35,93.46,61.69,0.9466,-1,-1,-1
945,-1,337.14,327.71,71.27,53.67,0.9303,-1,-1,-1
945,-1,245.05,161.66,31.06,34.49,0.8920,-1,-1,-1
945,-1,993.72,294.90,30.28,20.25,0.8880,-1,-1,-1
945,-1,405.53,357.87,27.41,18.60,0.8596,-1,-1,-1
945,-1,943.04,327.08,25.25,14.63,0.8414,-1,-1,-1
945,-1,233.86,325.87,24.77,15.82,0.8322,-1,-1,-1
945,-1,634.47,360.04,17.47,13.09,0.8261,-1,-1,-1
945,-1,217.09,286.79,31.55,15.96,0.8162,-1,-1,-1
945,-1,625.19,315.16,21.14,13.03,0.7117,-1,-1,-1
945,-1,534.78,308.20,22.00,14.16,0.5510,-1,-1,-1
945,-1,200.47,339.40,22.72,12.76,0.5353,-1,-1,-1
946,-1,345.50,326.18,72.11,52.88,0.9528,-1,-1,-1
946,-1,255.43,378.32,92.18,61.33,0.9432,-1,-1,-1
946,-1,255.46,160.35,29.69,34.20,0.8912,-1,-1,-1
946,-1,414.02,356.01,25.80,18.54,0.8579,-1,-1,-1
946,-1,955.39,326.24,25.41,15.06,0.8485,-1,-1,-1
946,-1,242.93,323.72,25.49,16.01,0.8479,-1,-1,-1
946,-1,1007.85,295.96,16.15,18.49,0.8344,-1,-1,-1
946,-1,642.53,359.25,17.91,12.59,0.8330,-1,-1,-1
946,-1,226.36,286.11,31.54,15.10,0.8097,-1,-1,-1
946,-1,633.34,313.56,20.88,13.54,0.7258,-1,-1,-1
946,-1,212.46,337.14,19.71,13.78,0.5422,-1,-1,-1
946,-1,0.21,292.03,16.75,18.04,0.5020,-1,-1,-1
946,-1,542.92,306.31,21.12,14.68,0.3867,-1,-1,-1
947,-1,352.52,326.76,71.83,52.68,0.9525,-1,-1,-1
947,-1,263.47,378.77,91.52,61.32,0.9473,-1,-1,-1
947,-1,263.51,161.90,30.22,34.27,0.8847,-1,-1,-1
947,-1,965.63,325.95,25.93,15.37,0.8520,-1,-1,-1
947,-1,251.85,324.86,23.16,15.54,0.8265,-1,-1,-1
947,-1,421.10,357.02,25.38,17.92,0.8113,-1,-1,-1
947,-1,649.14,359.26,17.72,13.04,0.8077,-1,-1,-1
947,-1,234.37,286.01,30.64,15.51,0.7555,-1,-1,-1
947,-1,640.12,313.74,21.02,13.53,0.6929,-1,-1,-1
947,-1,219.35,337.86,20.52,13.40,0.5696,-1,-1,-1
947,-1,548.52,307.31,22.16,14.10,0.2608,-1,-1,-1
948,-1,361.22,327.55,69.73,53.28,0.9500,-1,-1,-1
948,-1,272.29,380.16,90.43,60.82,0.9426,-1,-1,-1
948,-1,271.44,164.42,29.04,34.13,0.8956,-1,-1,-1
948,-1,427.71,357.88,24.82,17.95,0.8544,-1,-1,-1
948,-1,656.01,359.71,18.33,13.07,0.8386,-1,-1,-1
948,-1,975.71,325.78,26.65,14.79,0.8382,-1,-1,-1
948,-1,259.06,326.31,23.02,15.54,0.8253,-1,-1,-1
948,-1,646.33,314.34,22.26,13.78,0.7886,-1,-1,-1
948,-1,241.32,288.00,31.49,15.05,0.7270,-1,-1,-1
948,-1,226.52,339.73,21.42,12.40,0.2616,-1,-1,-1
949,-1,369.95,327.84,69.74,53.55,0.9551,-1,-1,-1
949,-1,282.53,380.61,89.18,60.57,0.9469,-1,-1,-1
949,-1,281.35,166.42,29.07,33.91,0.8811,-1,-1,-1
949,-1,436.14,358.31,24.05,17.93,0.8616,-1,-1,-1
949,-1,267.63,327.41,22.93,15.21,0.8431,-1,-1,-1
949,-1,988.77,324.63,26.45,15.13,0.8321,-1,-1,-1
949,-1,0.00,380.32,14.97,19.62,0.8134,-1,-1,-1
949,-1,654.28,314.17,22.11,13.94,0.7809,-1,-1,-1
949,-1,664.23,359.91,18.36,12.90,0.7745,-1,-1,-1
949,-1,251.84,289.98,29.27,14.45,0.7477,-1,-1,-1
949,-1,0.00,359.44,14.53,13.02,0.6546,-1,-1,-1
949,-1,562.58,308.29,21.19,14.00,0.6292,-1,-1,-1
949,-1,236.26,340.41,20.63,12.27,0.3028,-1,-1,-1
950,-1,379.17,329.08,70.02,52.80,0.9495,-1,-1,-1
950,-1,293.99,380.85,87.85,60.55,0.9460,-1,-1,-1
950,-1,292.42,168.76,27.70,33.10,0.8912,-1,-1,-1
950,-1,0.06,378.04,29.11,21.80,0.8786,-1,-1,-1
950,-1,1001.50,324.18,22.50,14.96,0.8617,-1,-1,-1
950,-1,445.38,359.11,22.62,17.49,0.8531,-1,-1,-1
950,-1,275.72,328.06,24.32,15.74,0.8396,-1,-1,-1
950,-1,672.71,359.98,18.36,13.05,0.8302,-1,-1,-1
950,-1,260.59,290.94,29.69,15.79,0.7951,-1,-1,-1
950,-1,662.63,314.09,22.15,13.67,0.7578,-1,-1,-1
950,-1,0.11,359.50,28.68,14.40,0.6908,-1,-1,-1
950,-1,570.23,308.46,20.74,13.78,0.3585,-1,-1,-1
951,-1,387.56,329.56,69.50,52.32,0.9442,-1,-1,-1
951,-1,302.87,380.96,87.08,60.41,0.9430,-1,-1,-1
951,-1,301.21,169.26,28.11,33.47,0.8925,-1,-1,-1
951,-1,0.07,378.73,39.67,21.01,0.8884,-1,-1,-1
951,-1,1.10,359.69,38.46,14.31,0.8543,-1,-1,-1
951,-1,282.61,328.40,24.17,15.56,0.8455,-1,-1,-1
951,-1,452.80,360.41,21.38,16.41,0.8455,-1,-1,-1
951,-1,669.00,313.89,22.95,14.00,0.8021,-1,-1,-1
951,-1,679.82,360.14,17.99,12.74,0.7836,-1,-1,-1
951,-1,269.86,290.83,27.66,15.82,0.6297,-1,-1,-1
951,-1,575.64,308.37,22.25,14.01,0.4916,-1,-1,-1
951,-1,1012.30,324.66,11.70,13.85,0.4662,-1,-1,-1
952,-1,312.36,381.07,86.21,60.19,0.9464,-1,-1,-1
952,-1,395.39,329.74,69.67,52.33,0.9441,-1,-1,-1
952,-1,8.97,378.94,42.05,20.84,0.8921,-1,-1,-1
952,-1,310.33,170.47,26.79,33.52,0.8879,-1,-1,-1
952,-1,13.53,359.99,37.08,14.35,0.8673,-1,-1,-1
952,-1,289.93,328.34,24.05,15.98,0.8530,-1,-1,-1
952,-1,686.99,359.86,18.50,12.97,0.8288,-1,-1,-1
952,-1,676.91,313.39,22.43,13.89,0.8201,-1,-1,-1
952,-1,0.00,283.10,11.21,33.85,0.6194,-1,-1,-1
952,-1,283.03,291.46,21.73,15.38,0.6032,-1,-1,-1
952,-1,460.91,360.84,20.29,15.94,0.5566,-1,-1,-1
952,-1,582.01,308.24,23.13,14.19,0.5184,-1,-1,-1
953,-1,321.49,381.02,85.17,59.84,0.9428,-1,-1,-1
953,-1,403.42,329.78,69.24,52.15,0.9376,-1,-1,-1
953,-1,19.93,379.50,41.89,20.12,0.8879,-1,-1,-1
953,-1,318.84,171.01,26.21,33.79,0.8858,-1,-1,-1
953,-1,23.18,360.32,38.30,14.09,0.8730,-1,-1,-1
953,-1,297.16,328.44,23.03,16.10,0.8278,-1,-1,-1
953,-1,0.00,397.25,11.91,23.34,0.8191,-1,-1,-1
953,-1,683.63,313.11,22.45,14.58,0.8072,-1,-1,-1
953,-1,694.05,359.75,18.32,12.92,0.8043,-1,-1,-1
953,-1,467.78,360.99,19.44,15.83,0.7535,-1,-1,-1
953,-1,588.01,308.20,22.93,13.81,0.7289,-1,-1,-1
953,-1,282.71,291.75,28.18,15.34,0.6728,-1,-1,-1
953,-1,0.33,284.54,23.81,35.35,0.6598,-1,-1,-1
954,-1,330.64,381.37,84.17,59.47,0.9452,-1,-1,-1
954,-1,411.60,330.05,68.68,52.25,0.9369,-1,-1,-1
954,-1,31.54,379.38,40.06,20.32,0.8891,-1,-1,-1
954,-1,327.53,172.25,26.12,33.45,0.8822,-1,-1,-1
954,-1,0.00,397.60,23.57,21.54,0.8669,-1,-1,-1
954,-1,35.05,360.79,36.76,13.99,0.8512,-1,-1,-1
954,-1,3.47,286.09,29.77,33.54,0.8472,-1,-1,-1
954,-1,304.25,329.08,23.27,15.54,0.8421,-1,-1,-1
954,-1,701.42,359.63,18.71,12.98,0.8215,-1,-1,-1
954,-1,690.97,312.99,22.07,14.22,0.7932,-1,-1,-1
954,-1,289.78,292.59,30.06,15.44,0.7508,-1,-1,-1
954,-1,474.51,361.35,19.54,15.55,0.6783,-1,-1,-1
954,-1,595.18,308.12,21.03,13.67,0.3565,-1,-1,-1
955,-1,419.76,327.90,68.63,52.20,0.9498,-1,-1,-1
955,-1,339.48,379.00,83.37,59.05,0.9392,-1,-1,-1
955,-1,44.41,376.28,38.72,19.75,0.9006,-1,-1,-1
955,-1,336.95,170.09,25.78,33.44,0.8821,-1,-1,-1
955,-1,2.18,393.86,33.69,20.78,0.8815,-1,-1,-1
955,-1,47.36,357.49,35.20,14.08,0.8753,-1,-1,-1
955,-1,313.16,327.01,22.69,15.49,0.8447,-1,-1,-1
955,-1,709.71,358.96,19.20,12.62,0.8004,-1,-1,-1
955,-1,17.14,283.38,28.50,32.43,0.7916,-1,-1,-1
955,-1,298.30,290.46,28.39,15.75,0.7911,-1,-1,-1
955,-1,699.49,311.62,22.13,14.17,0.7781,-1,-1,-1
955,-1,481.97,360.08,18.66,15.12,0.6140,-1,-1,-1
956,-1,426.73,328.50,68.85,52.36,0.9502,-1,-1,-1
956,-1,347.34,380.25,83.33,58.69,0.9427,-1,-1,-1
956,-1,54.11,377.90,38.93,19.16,0.8948,-1,-1,-1
956,-1,14.40,394.85,32.02,20.88,0.8938,-1,-1,-1
956,-1,344.40,171.85,25.58,33.38,0.8885,-1,-1,-1
956,-1,57.73,359.13,35.01,13.51,0.8468,-1,-1,-1
956,-1,318.50,327.82,23.43,15.46,0.8460,-1,-1,-1
956,-1,28.39,285.85,27.61,33.46,0.8440,-1,-1,-1
956,-1,716.74,359.06,19.17,12.88,0.8118,-1,-1,-1
956,-1,706.64,311.47,22.07,13.35,0.7456,-1,-1,-1
956,-1,305.56,291.67,31.63,15.07,0.6634,-1,-1,-1
956,-1,489.56,360.94,16.99,14.98,0.5407,-1,-1,-1
956,-1,608.69,307.09,21.98,14.18,0.4282,-1,-1,-1
957,-1,433.02,327.55,69.29,51.87,0.9399,-1,-1,-1
957,-1,354.00,378.13,82.00,59.43,0.9375,-1,-1,-1
957,-1,64.77,375.69,36.75,19.36,0.8948,-1,-1,-1
957,-1,23.56,392.50,31.73,21.22,0.8897,-1,-1,-1
957,-1,351.41,170.40,25.14,33.32,0.8848,-1,-1,-1
957,-1,66.38,357.01,35.20,13.72,0.8711,-1,-1,-1
957,-1,324.99,326.70,23.08,14.60,0.8444,-1,-1,-1
957,-1,37.30,284.20,28.06,32.34,0.8305,-1,-1,-1
957,-1,723.12,357.76,19.66,13.06,0.8258,-1,-1,-1
957,-1,712.39,310.61,23.74,13.78,0.7579,-1,-1,-1
957,-1,312.02,290.01,27.25,14.72,0.6507,-1,-1,-1
957,-1,614.26,304.89,21.62,14.61,0.5534,-1,-1,-1
957,-1,494.83,359.39,17.86,15.42,0.4606,-1,-1,-1
957,-1,519.00,251.06,23.53,12.54,0.4497,-1,-1,-1
957,-1,0.00,366.82,6.11,15.92,0.2523,-1,-1,-1
958,-1,361.09,380.63,81.68,58.74,0.9443,-1,-1,-1
958,-1,440.45,329.32,68.03,52.08,0.9368,-1,-1,-1
958,-1,33.86,395.90,31.68,20.76,0.8971,-1,-1,-1
958,-1,357.93,173.94,24.86,32.65,0.8896,-1,-1,-1
958,-1,72.67,378.93,38.00,19.27,0.8796,-1,-1,-1
958,-1,729.61,358.83,19.71,13.16,0.8550,-1,-1,-1
958,-1,331.18,328.91,22.80,15.65,0.8509,-1,-1,-1
958,-1,76.29,360.72,33.93,13.47,0.8351,-1,-1,-1
958,-1,47.79,288.72,27.19,31.53,0.7744,-1,-1,-1
958,-1,719.40,311.42,23.22,13.82,0.7612,-1,-1,-1
958,-1,318.39,292.82,27.27,15.18,0.7164,-1,-1,-1
958,-1,500.79,361.94,17.45,14.58,0.3497,-1,-1,-1
958,-1,619.76,306.92,22.27,14.17,0.2860,-1,-1,-1
959,-1,371.53,381.09,80.62,58.66,0.9395,-1,-1,-1
959,-1,449.63,329.98,67.80,51.80,0.9362,-1,-1,-1
959,-1,48.13,396.83,30.65,20.19,0.8876,-1,-1,-1
959,-1,86.05,380.03,36.55,19.00,0.8870,-1,-1,-1
959,-1,367.80,175.37,24.49,32.92,0.8809,-1,-1,-1
959,-1,340.54,329.73,22.35,15.52,0.8537,-1,-1,-1
959,-1,739.24,358.88,19.67,13.06,0.8420,-1,-1,-1
959,-1,88.52,361.69,33.85,13.54,0.8386,-1,-1,-1
959,-1,61.63,290.82,25.86,31.55,0.8358,-1,-1,-1
959,-1,728.54,311.23,23.33,14.06,0.8008,-1,-1,-1
959,-1,326.67,294.08,27.73,14.32,0.7074,-1,-1,-1
959,-1,628.05,306.74,21.91,14.51,0.4925,-1,-1,-1
959,-1,509.23,362.83,16.98,13.86,0.2829,-1,-1,-1
960,-1,381.27,381.08,80.12,58.38,0.9402,-1,-1,-1
960,-1,458.76,330.15,67.59,51.67,0.9373,-1,-1,-1
960,-1,61.12,396.54,29.67,20.32,0.8922,-1,-1,-1
960,-1,377.84,175.90,23.67,33.11,0.8785,-1,-1,-1
960,-1,97.86,380.01,36.33,18.77,0.8743,-1,-1,-1
960,-1,348.97,329.86,21.92,15.39,0.8544,-1,-1,-1
960,-1,737.68,310.52,24.50,14.36,0.8434,-1,-1,-1
960,-1,74.19,291.65,25.01,32.04,0.8400,-1,-1,-1
960,-1,748.42,358.73,20.52,13.02,0.8383,-1,-1,-1
960,-1,100.98,361.90,32.90,13.33,0.8081,-1,-1,-1
960,-1,335.06,294.42,26.78,15.35,0.7460,-1,-1,-1
960,-1,636.02,306.70,22.02,14.12,0.3444,-1,-1,-1
960,-1,2.32,275.51,18.78,16.22,0.2765,-1,-1,-1
961,-1,466.32,328.15,68.39,51.82,0.9430,-1,-1,-1
961,-1,390.14,379.27,79.46,58.31,0.9410,-1,-1,-1
961,-1,72.53,393.68,29.51,19.95,0.8897,-1,-1,-1
961,-1,386.72,174.07,23.57,33.12,0.8857,-1,-1,-1
961,-1,109.97,377.58,34.71,18.14,0.8842,-1,-1,-1
961,-1,85.57,289.75,25.62,32.18,0.8495,-1,-1,-1
961,-1,356.27,328.28,21.95,14.97,0.8471,-1,-1,-1
961,-1,757.65,357.79,20.17,12.95,0.8419,-1,-1,-1
961,-1,746.54,309.43,25.09,14.49,0.8352,-1,-1,-1
961,-1,112.34,359.33,32.01,13.05,0.8109,-1,-1,-1
961,-1,343.41,292.09,26.88,15.31,0.7679,-1,-1,-1
961,-1,644.10,304.73,22.28,14.38,0.6322,-1,-1,-1
962,-1,398.01,380.83,79.54,58.03,0.9397,-1,-1,-1
962,-1,474.38,329.64,67.72,51.86,0.9378,-1,-1,-1
962,-1,83.10,396.09,28.34,19.44,0.8913,-1,-1,-1
962,-1,118.59,379.75,34.54,18.41,0.8840,-1,-1,-1
962,-1,394.14,176.48,23.02,33.37,0.8778,-1,-1,-1
962,-1,363.46,330.20,20.88,14.66,0.8545,-1,-1,-1
962,-1,764.82,358.30,20.65,13.05,0.8382,-1,-1,-1
962,-1,753.84,309.38,25.26,13.63,0.8119,-1,-1,-1
962,-1,120.47,361.99,32.14,12.93,0.7930,-1,-1,-1
962,-1,96.10,292.97,23.79,30.84,0.7889,-1,-1,-1
962,-1,350.06,293.60,25.89,15.92,0.7871,-1,-1,-1
962,-1,650.66,305.51,21.44,14.73,0.7417,-1,-1,-1
963,-1,407.85,381.00,78.10,57.66,0.9413,-1,-1,-1
963,-1,482.61,329.84,68.16,51.46,0.9330,-1,-1,-1
963,-1,94.54,396.03,28.07,19.41,0.8943,-1,-1,-1
963,-1,403.39,176.86,22.61,33.49,0.8812,-1,-1,-1
963,-1,128.88,379.99,34.56,18.12,0.8767,-1,-1,-1
963,-1,371.35,330.23,20.56,14.70,0.8500,-1,-1,-1
963,-1,773.82,358.10,20.74,12.90,0.8271,-1,-1,-1
963,-1,762.29,308.86,25.32,14.83,0.8108,-1,-1,-1
963,-1,106.42,294.35,24.59,30.29,0.8042,-1,-1,-1
963,-1,132.57,362.35,30.37,12.89,0.7373,-1,-1,-1
963,-1,358.14,294.83,24.71,15.22,0.7295,-1,-1,-1
963,-1,657.97,305.19,21.30,14.64,0.4134,-1,-1,-1
963,-1,930.96,372.72,17.06,13.46,0.2845,-1,-1,-1
964,-1,416.14,380.73,77.90,57.81,0.9389,-1,-1,-1
964,-1,490.45,329.68,68.13,51.67,0.9358,-1,-1,-1
964,-1,103.78,395.85,27.73,19.28,0.8945,-1,-1,-1
964,-1,411.62,177.40,22.33,33.09,0.8837,-1,-1,-1
964,-1,138.46,379.61,33.14,18.18,0.8808,-1,-1,-1
964,-1,781.69,357.80,21.40,12.94,0.8458,-1,-1,-1
964,-1,377.35,330.22,21.03,14.93,0.8414,-1,-1,-1
964,-1,769.92,308.28,25.94,14.67,0.8363,-1,-1,-1
964,-1,115.84,294.40,23.83,29.20,0.8162,-1,-1,-1
964,-1,364.14,295.23,25.85,14.79,0.7344,-1,-1,-1
964,-1,140.85,362.33,30.61,12.85,0.7286,-1,-1,-1
964,-1,664.13,304.87,22.50,14.18,0.6190,-1,-1,-1
965,-1,496.61,328.35,68.82,52.06,0.9438,-1,-1,-1
965,-1,422.64,380.07,77.42,57.52,0.9393,-1,-1,-1
965,-1,146.79,378.46,32.62,17.87,0.8905,-1,-1,-1
965,-1,111.90,394.42,27.82,19.53,0.8835,-1,-1,-1
965,-1,418.10,176.50,22.27,33.30,0.8778,-1,-1,-1
965,-1,788.99,357.03,21.01,13.36,0.8547,-1,-1,-1
965,-1,383.42,329.45,20.52,14.70,0.8400,-1,-1,-1
965,-1,777.26,307.59,25.95,15.12,0.8188,-1,-1,-1
965,-1,124.11,293.84,23.39,31.70,0.8070,-1,-1,-1
965,-1,148.97,361.10,30.15,12.72,0.7164,-1,-1,-1
965,-1,370.11,294.04,25.50,15.38,0.6206,-1,-1,-1
965,-1,670.90,303.96,21.33,14.68,0.3328,-1,-1,-1
966,-1,430.45,379.01,76.97,58.10,0.9364,-1,-1,-1
966,-1,503.79,327.85,68.80,51.89,0.9362,-1,-1,-1
966,-1,155.59,377.95,32.03,17.26,0.8856,-1,-1,-1
966,-1,121.66,392.94,27.05,19.58,0.8846,-1,-1,-1
966,-1,426.14,175.92,22.17,33.09,0.8751,-1,-1,-1
966,-1,796.80,356.54,21.66,13.52,0.8610,-1,-1,-1
966,-1,389.62,328.79,20.72,15.00,0.8584,-1,-1,-1
966,-1,133.51,293.25,23.30,31.71,0.8467,-1,-1,-1
966,-1,785.20,306.73,26.60,15.41,0.8304,-1,-1,-1
966,-1,677.08,303.44,22.79,14.87,0.6672,-1,-1,-1
966,-1,376.59,293.62,25.43,14.04,0.6328,-1,-1,-1
966,-1,157.74,360.23,29.79,12.44,0.3740,-1,-1,-1
967,-1,438.49,380.28,76.42,57.48,0.9390,-1,-1,-1
967,-1,511.30,328.58,68.54,52.00,0.9378,-1,-1,-1
967,-1,164.25,379.32,31.70,17.70,0.8892,-1,-1,-1
967,-1,130.66,395.07,26.36,19.57,0.8840,-1,-1,-1
967,-1,804.59,356.29,21.74,13.97,0.8745,-1,-1,-1
967,-1,433.00,177.92,22.26,32.78,0.8689,-1,-1,-1
967,-1,395.70,330.12,20.37,14.65,0.8584,-1,-1,-1
967,-1,792.79,306.63,26.55,16.24,0.8410,-1,-1,-1
967,-1,383.49,294.65,24.73,15.50,0.7976,-1,-1,-1
967,-1,142.48,295.77,23.33,32.48,0.7580,-1,-1,-1
967,-1,165.81,362.36,29.60,12.34,0.6464,-1,-1,-1
967,-1,683.17,303.78,23.10,14.39,0.5843,-1,-1,-1
968,-1,446.45,380.15,75.98,57.69,0.9386,-1,-1,-1
968,-1,518.43,328.36,69.40,52.01,0.9335,-1,-1,-1
968,-1,139.35,394.89,25.86,19.62,0.8895,-1,-1,-1
968,-1,172.80,378.91,31.12,17.72,0.8866,-1,-1,-1
968,-1,812.57,356.05,22.50,13.86,0.8811,-1,-1,-1
968,-1,440.89,178.02,21.79,32.80,0.8699,-1,-1,-1
968,-1,400.84,329.89,21.69,14.87,0.8442,-1,-1,-1
968,-1,800.47,305.93,26.99,15.87,0.8406,-1,-1,-1
968,-1,151.23,295.97,22.76,33.51,0.7893,-1,-1,-1
968,-1,389.10,294.82,24.89,15.14,0.7595,-1,-1,-1
968,-1,690.08,303.22,22.16,14.70,0.6798,-1,-1,-1
968,-1,980.20,371.78,17.99,13.88,0.5446,-1,-1,-1
968,-1,174.57,362.23,28.89,12.35,0.5086,-1,-1,-1
969,-1,525.62,328.37,69.84,51.95,0.9391,-1,-1,-1
969,-1,454.29,379.85,75.92,57.49,0.9383,-1,-1,-1
969,-1,181.25,378.59,30.58,17.77,0.8886,-1,-1,-1
969,-1,820.55,356.10,22.67,13.61,0.8763,-1,-1,-1
969,-1,448.64,177.86,21.54,33.13,0.8701,-1,-1,-1
969,-1,148.01,394.57,25.66,18.48,0.8678,-1,-1,-1
969,-1,808.38,305.69,27.38,15.68,0.8522,-1,-1,-1
969,-1,407.89,330.08,20.53,14.49,0.8483,-1,-1,-1
969,-1,395.29,295.00,26.13,15.16,0.8297,-1,-1,-1
969,-1,159.70,296.43,22.07,31.45,0.8026,-1,-1,-1
969,-1,696.30,303.09,23.16,14.44,0.7408,-1,-1,-1
969,-1,183.08,362.15,28.13,12.11,0.5855,-1,-1,-1
969,-1,494.25,345.89,22.83,18.83,0.5621,-1,-1,-1
969,-1,991.15,371.25,17.46,13.96,0.5059,-1,-1,-1
969,-1,590.54,335.89,16.70,14.81,0.3701,-1,-1,-1
970,-1,461.91,379.59,75.39,57.59,0.9373,-1,-1,-1
970,-1,533.36,328.08,69.77,52.16,0.9357,-1,-1,-1
970,-1,188.70,378.61,31.13,17.59,0.8913,-1,-1,-1
970,-1,829.22,355.47,22.43,14.01,0.8822,-1,-1,-1
970,-1,456.50,178.17,21.33,32.82,0.8763,-1,-1,-1
970,-1,157.38,394.20,24.61,17.97,0.8749,-1,-1,-1
970,-1,414.29,329.96,20.20,14.43,0.8432,-1,-1,-1
970,-1,816.61,305.21,27.32,14.95,0.8348,-1,-1,-1
970,-1,167.99,297.28,22.03,28.36,0.7794,-1,-1,-1
970,-1,401.90,295.32,24.16,15.19,0.6409,-1,-1,-1
970,-1,703.41,302.30,22.36,14.61,0.6087,-1,-1,-1
970,-1,588.99,329.73,24.74,20.72,0.5516,-1,-1,-1
970,-1,1000.90,371.23,20.33,15.53,0.5145,-1,-1,-1
970,-1,508.39,347.65,16.43,17.46,0.3980,-1,-1,-1
970,-1,190.81,362.12,28.19,12.15,0.3598,-1,-1,-1
971,-1,471.23,378.24,75.31,57.85,0.9379,-1,-1,-1
971,-1,542.87,327.04,69.60,52.26,0.9322,-1,-1,-1
971,-1,200.30,377.81,29.67,16.57,0.8807,-1,-1,-1
971,-1,168.72,392.56,24.22,17.84,0.8750,-1,-1,-1
971,-1,465.80,176.79,21.43,32.93,0.8658,-1,-1,-1
971,-1,840.68,354.94,22.91,14.11,0.8654,-1,-1,-1
971,-1,422.39,328.99,20.36,14.44,0.8516,-1,-1,-1
971,-1,828.00,303.98,27.81,15.67,0.8335,-1,-1,-1
971,-1,179.31,295.69,21.51,33.27,0.7414,-1,-1,-1
971,-1,410.39,293.93,24.11,14.17,0.6139,-1,-1,-1
971,-1,179.47,295.64,21.66,33.54,0.5483,-1,-1,-1
971,-1,201.92,360.56,27.69,12.21,0.4410,-1,-1,-1
971,-1,998.42,308.16,25.58,16.57,0.4189,-1,-1,-1
971,-1,712.58,301.17,23.08,14.81,0.3844,-1,-1,-1
971,-1,516.75,347.04,16.54,17.00,0.2919,-1,-1,-1
972,-1,551.47,327.20,70.41,52.22,0.9409,-1,-1,-1
972,-1,480.10,378.35,74.86,57.97,0.9375,-1,-1,-1
972,-1,179.33,392.66,24.19,18.11,0.8793,-1,-1,-1
972,-1,851.69,354.64,23.23,14.22,0.8760,-1,-1,-1
972,-1,474.26,177.04,21.08,33.16,0.8739,-1,-1,-1
972,-1,210.54,378.08,29.07,16.61,0.8652,-1,-1,-1
972,-1,430.64,329.48,20.02,14.15,0.8437,-1,-1,-1
972,-1,838.85,303.20,28.08,15.35,0.8242,-1,-1,-1
972,-1,189.55,297.19,21.04,28.88,0.8010,-1,-1,-1
972,-1,418.46,294.79,23.98,14.27,0.6663,-1,-1,-1
972,-1,524.32,346.32,17.74,17.98,0.4174,-1,-1,-1
972,-1,800.28,349.98,16.07,14.62,0.3604,-1,-1,-1
972,-1,211.94,361.00,27.20,12.17,0.2870,-1,-1,-1
973,-1,558.62,327.11,71.67,52.41,0.9458,-1,-1,-1
973,-1,488.97,378.67,74.01,57.79,0.9376,-1,-1,-1
973,-1,189.28,393.26,23.36,17.52,0.8745,-1,-1,-1
973,-1,218.99,378.37,29.38,16.82,0.8737,-1,-1,-1
973,-1,861.69,354.55,23.86,14.09,0.8679,-1,-1,-1
973,-1,437.89,329.54,19.84,14.57,0.8649,-1,-1,-1
973,-1,482.76,177.59,20.93,32.98,0.8627,-1,-1,-1
973,-1,849.02,302.51,28.13,15.72,0.8473,-1,-1,-1
973,-1,425.50,295.26,24.70,14.36,0.7414,-1,-1,-1
973,-1,199.52,298.46,20.74,34.16,0.6749,-1,-1,-1
973,-1,729.17,300.31,24.38,14.52,0.6475,-1,-1,-1
973,-1,809.80,349.76,15.93,14.39,0.3919,-1,-1,-1
973,-1,531.21,346.43,18.80,18.13,0.2809,-1,-1,-1
974,-1,566.49,327.07,71.89,52.41,0.9449,-1,-1,-1
974,-1,497.07,378.43,74.04,57.68,0.9371,-1,-1,-1
974,-1,197.90,392.93,22.77,17.45,0.8761,-1,-1,-1
974,-1,227.04,378.15,29.39,16.61,0.8696,-1,-1,-1
974,-1,870.71,353.92,24.08,14.51,0.8692,-1,-1,-1
974,-1,490.80,177.61,20.71,32.93,0.8640,-1,-1,-1
974,-1,857.34,301.76,29.23,15.86,0.8527,-1,-1,-1
974,-1,444.92,329.38,19.11,14.77,0.8461,-1,-1,-1
974,-1,432.54,295.20,24.06,14.40,0.8088,-1,-1,-1
974,-1,538.60,346.46,19.24,17.60,0.5888,-1,-1,-1
974,-1,207.69,298.64,20.11,29.20,0.5787,-1,-1,-1
974,-1,737.00,299.93,23.78,14.59,0.5689,-1,-1,-1
974,-1,817.82,349.42,16.07,14.38,0.4804,-1,-1,-1
975,-1,574.30,326.54,72.05,52.60,0.9506,-1,-1,-1
975,-1,504.76,378.23,74.17,57.78,0.9377,-1,-1,-1
975,-1,205.97,392.86,22.29,17.22,0.8785,-1,-1,-1
975,-1,234.84,377.98,28.71,16.56,0.8676,-1,-1,-1
975,-1,879.73,353.88,24.31,14.26,0.8657,-1,-1,-1
975,-1,498.22,177.31,21.06,33.04,0.8635,-1,-1,-1
975,-1,866.64,301.05,29.44,15.96,0.8537,-1,-1,-1
975,-1,450.13,329.13,19.81,14.39,0.8274,-1,-1,-1
975,-1,743.54,299.65,24.57,14.57,0.7746,-1,-1,-1
975,-1,543.93,345.81,21.11,17.84,0.7708,-1,-1,-1
975,-1,438.16,295.16,24.25,14.03,0.7555,-1,-1,-1
975,-1,825.24,349.51,16.53,14.26,0.6996,-1,-1,-1
975,-1,216.08,298.91,19.72,35.42,0.4613,-1,-1,-1
975,-1,216.35,299.23,19.57,35.44,0.2530,-1,-1,-1
976,-1,581.88,326.54,72.67,52.40,0.9457,-1,-1,-1
976,-1,512.62,378.23,74.07,57.57,0.9377,-1,-1,-1
976,-1,213.89,392.63,22.64,17.53,0.8771,-1,-1,-1
976,-1,889.25,353.63,24.57,14.40,0.8708,-1,-1,-1
976,-1,505.97,177.31,20.53,33.20,0.8708,-1,-1,-1
976,-1,242.74,378.19,28.16,16.11,0.8633,-1,-1,-1
976,-1,875.67,300.14,29.67,16.70,0.8445,-1,-1,-1
976,-1,456.16,329.22,20.26,14.60,0.8152,-1,-1,-1
976,-1,550.74,346.40,21.97,17.31,0.7976,-1,-1,-1
976,-1,750.72,299.09,24.57,14.88,0.6991,-1,-1,-1
976,-1,444.90,295.11,23.98,13.51,0.6814,-1,-1,-1
976,-1,833.79,349.30,16.30,14.30,0.6714,-1,-1,-1
976,-1,223.77,299.44,19.52,25.95,0.5885,-1,-1,-1
977,-1,523.21,378.23,74.05,57.60,0.9394,-1,-1,-1
977,-1,592.02,326.59,73.51,52.56,0.9393,-1,-1,-1
977,-1,253.96,378.03,27.85,16.16,0.8748,-1,-1,-1
977,-1,903.15,353.32,25.50,14.58,0.8719,-1,-1,-1
977,-1,225.59,392.49,22.20,17.34,0.8683,-1,-1,-1
977,-1,516.69,177.33,20.17,32.70,0.8644,-1,-1,-1
977,-1,889.40,299.31,30.98,16.60,0.8447,-1,-1,-1
977,-1,453.14,295.24,24.52,14.29,0.8258,-1,-1,-1
977,-1,465.21,329.33,20.03,14.49,0.8228,-1,-1,-1
977,-1,559.69,345.57,23.05,18.27,0.7893,-1,-1,-1
977,-1,845.81,349.32,16.84,14.30,0.7548,-1,-1,-1
977,-1,761.71,298.54,25.39,14.77,0.4827,-1,-1,-1
977,-1,235.59,299.53,19.72,26.54,0.3950,-1,-1,-1
978,-1,534.74,377.77,74.63,57.93,0.9384,-1,-1,-1
978,-1,603.56,325.56,74.74,52.95,0.9336,-1,-1,-1
978,-1,527.93,176.11,20.53,33.50,0.8888,-1,-1,-1
978,-1,919.77,352.05,26.07,14.92,0.8794,-1,-1,-1
978,-1,266.70,378.04,27.00,15.93,0.8706,-1,-1,-1
978,-1,238.50,392.07,21.88,17.11,0.8579,-1,-1,-1
978,-1,905.42,297.25,31.50,17.26,0.8488,-1,-1,-1
978,-1,859.81,347.63,17.85,15.21,0.8438,-1,-1,-1
978,-1,570.47,345.44,23.63,17.76,0.8360,-1,-1,-1
978,-1,476.49,328.96,19.26,14.37,0.8167,-1,-1,-1
978,-1,465.25,294.96,22.82,14.32,0.7575,-1,-1,-1
978,-1,774.69,296.85,25.22,14.76,0.6375,-1,-1,-1
978,-1,0.00,321.58,17.95,13.99,0.5166,-1,-1,-1
978,-1,248.05,300.25,19.23,33.00,0.4799,-1,-1,-1
979,-1,545.93,376.91,74.45,57.84,0.9367,-1,-1,-1
979,-1,614.35,323.95,76.08,53.40,0.9326,-1,-1,-1
979,-1,935.40,350.30,26.50,15.20,0.8832,-1,-1,-1
979,-1,278.37,378.03,26.60,15.60,0.8710,-1,-1,-1
979,-1,538.28,175.04,20.86,32.95,0.8693,-1,-1,-1
979,-1,250.96,391.91,21.51,16.69,0.8676,-1,-1,-1
979,-1,873.87,346.34,17.79,15.27,0.8649,-1,-1,-1
979,-1,484.69,328.61,20.78,14.16,0.8521,-1,-1,-1
979,-1,579.86,344.72,25.55,17.65,0.8430,-1,-1,-1
979,-1,920.85,294.75,32.17,17.28,0.8352,-1,-1,-1
979,-1,785.81,295.28,26.45,15.04,0.8192,-1,-1,-1
979,-1,473.48,294.75,24.27,13.85,0.6277,-1,-1,-1
979,-1,259.66,300.30,18.46,24.36,0.5908,-1,-1,-1
979,-1,704.72,327.25,18.23,12.22,0.4142,-1,-1,-1
979,-1,13.33,322.88,21.53,12.79,0.2778,-1,-1,-1
980,-1,550.54,377.50,74.85,57.94,0.9388,-1,-1,-1
980,-1,619.64,324.41,75.20,53.60,0.9379,-1,-1,-1
980,-1,543.49,175.33,20.50,32.99,0.8847,-1,-1,-1
980,-1,942.46,350.89,27.44,15.34,0.8844,-1,-1,-1
980,-1,283.65,378.01,26.47,15.62,0.8683,-1,-1,-1
980,-1,256.16,392.12,21.17,16.98,0.8657,-1,-1,-1
980,-1,880.16,346.79,18.23,14.99,0.8568,-1,-1,-1
980,-1,927.86,295.11,32.58,17.30,0.8457,-1,-1,-1
980,-1,585.16,344.44,24.82,18.33,0.8356,-1,-1,-1
980,-1,490.27,328.61,19.55,14.26,0.8141,-1,-1,-1
980,-1,478.69,294.85,23.33,13.86,0.6955,-1,-1,-1
980,-1,792.29,295.58,26.20,15.15,0.5715,-1,-1,-1
980,-1,265.00,301.39,18.24,22.90,0.5157,-1,-1,-1
981,-1,555.34,377.73,75.11,58.08,0.9400,-1,-1,-1
981,-1,624.87,324.63,75.81,53.62,0.9349,-1,-1,-1
981,-1,950.90,351.00,28.28,15.38,0.8890,-1,-1,-1
981,-1,289.67,378.06,26.30,15.55,0.8714,-1,-1,-1
981,-1,548.64,175.61,20.19,33.61,0.8694,-1,-1,-1
981,-1,262.64,391.85,21.10,16.67,0.8669,-1,-1,-1
981,-1,887.60,346.63,18.48,15.50,0.8590,-1,-1,-1
981,-1,590.66,344.79,24.71,18.29,0.8410,-1,-1,-1
981,-1,936.11,294.64,33.20,17.26,0.8341,-1,-1,-1
981,-1,495.35,329.16,19.56,13.95,0.8108,-1,-1,-1
981,-1,485.50,295.05,21.19,14.12,0.7232,-1,-1,-1
981,-1,798.48,295.58,26.77,15.18,0.6792,-1,-1,-1
981,-1,271.06,301.53,18.42,23.56,0.5319,-1,-1,-1
982,-1,559.37,376.71,74.98,57.77,0.9397,-1,-1,-1
982,-1,628.91,323.74,76.31,53.27,0.9364,-1,-1,-1
982,-1,552.20,174.61,20.46,32.98,0.8921,-1,-1,-1
982,-1,958.37,349.23,27.50,15.82,0.8861,-1,-1,-1
982,-1,294.77,377.68,26.04,15.59,0.8773,-1,-1,-1
982,-1,894.39,344.96,18.70,16.01,0.8727,-1,-1,-1
982,-1,268.09,391.50,20.82,16.72,0.8704,-1,-1,-1
982,-1,943.48,292.74,33.52,17.25,0.8632,-1,-1,-1
982,-1,803.52,294.08,27.16,15.34,0.8574,-1,-1,-1
982,-1,594.13,344.16,25.05,17.93,0.8373,-1,-1,-1
982,-1,499.17,327.98,20.18,14.36,0.8211,-1,-1,-1
982,-1,489.03,293.75,21.91,15.52,0.7915,-1,-1,-1
982,-1,276.20,301.42,18.08,22.52,0.6861,-1,-1,-1
982,-1,943.89,308.58,17.31,13.39,0.4774,-1,-1,-1
983,-1,633.82,323.52,76.70,53.36,0.9393,-1,-1,-1
983,-1,563.70,376.60,75.77,57.87,0.9373,-1,-1,-1
983,-1,966.34,348.93,28.07,15.51,0.8942,-1,-1,-1
983,-1,556.69,174.18,20.69,33.77,0.8933,-1,-1,-1
983,-1,901.87,344.78,18.68,15.51,0.8773,-1,-1,-1
983,-1,300.80,377.93,25.65,15.20,0.8630,-1,-1,-1
983,-1,950.81,291.71,34.26,18.04,0.8578,-1,-1,-1
983,-1,273.66,391.56,21.32,16.81,0.8571,-1,-1,-1
983,-1,504.03,328.47,20.30,14.15,0.8507,-1,-1,-1
983,-1,599.58,344.16,24.54,17.77,0.8323,-1,-1,-1
983,-1,810.28,293.00,27.09,15.50,0.8297,-1,-1,-1
983,-1,952.14,307.85,17.41,13.57,0.6546,-1,-1,-1
983,-1,281.50,301.67,18.45,23.40,0.6372,-1,-1,-1
983,-1,495.46,294.29,21.53,13.23,0.4875,-1,-1,-1
984,-1,568.81,376.16,75.08,58.43,0.9392,-1,-1,-1
984,-1,639.14,322.87,76.68,53.84,0.9361,-1,-1,-1
984,-1,975.25,348.18,29.02,15.92,0.9051,-1,-1,-1
984,-1,909.79,344.40,19.13,15.48,0.8798,-1,-1,-1
984,-1,561.33,173.68,20.63,33.73,0.8740,-1,-1,-1
984,-1,306.31,377.26,25.74,15.56,0.8690,-1,-1,-1
984,-1,959.80,290.85,35.08,18.22,0.8591,-1,-1,-1
984,-1,279.91,391.22,20.68,16.71,0.8589,-1,-1,-1
984,-1,509.49,328.04,20.12,14.50,0.8443,-1,-1,-1
984,-1,604.90,344.13,24.22,17.52,0.8249,-1,-1,-1
984,-1,498.10,293.63,23.83,14.93,0.7499,-1,-1,-1
984,-1,817.53,292.14,27.08,15.68,0.7436,-1,-1,-1
984,-1,960.51,306.49,17.82,13.96,0.6653,-1,-1,-1
984,-1,287.86,301.92,18.36,22.03,0.5445,-1,-1,-1
984,-1,0.00,265.55,8.89,33.33,0.3107,-1,-1,-1
985,-1,574.01,376.07,76.17,58.23,0.9435,-1,-1,-1
985,-1,644.46,322.60,77.67,53.91,0.9358,-1,-1,-1
985,-1,566.63,173.53,20.99,33.32,0.8968,-1,-1,-1
985,-1,985.52,347.57,29.90,16.02,0.8902,-1,-1,-1
985,-1,918.86,343.76,19.59,15.90,0.8758,-1,-1,-1
985,-1,313.44,377.70,25.07,15.01,0.8730,-1,-1,-1
985,-1,286.39,390.96,21.32,16.62,0.8680,-1,-1,-1
985,-1,969.41,289.58,35.63,18.06,0.8615,-1,-1,-1
985,-1,611.11,343.62,23.57,17.74,0.8499,-1,-1,-1
985,-1,515.12,327.62,20.24,14.36,0.8164,-1,-1,-1
985,-1,825.37,291.58,27.84,15.28,0.7878,-1,-1,-1
985,-1,504.37,293.32,23.29,14.23,0.7746,-1,-1,-1
985,-1,294.78,302.01,17.74,22.36,0.5238,-1,-1,-1
985,-1,0.00,340.85,6.63,22.18,0.2532,-1,-1,-1
986,-1,651.27,321.94,78.35,54.42,0.9428,-1,-1,-1
986,-1,580.81,375.82,76.25,58.28,0.9376,-1,-1,-1
986,-1,997.91,347.25,26.09,15.86,0.8924,-1,-1,-1
986,-1,573.52,172.82,21.04,33.78,0.8854,-1,-1,-1
986,-1,321.73,377.72,24.88,14.79,0.8715,-1,-1,-1
986,-1,294.86,390.74,20.87,16.21,0.8701,-1,-1,-1
986,-1,834.50,290.86,28.13,15.22,0.8597,-1,-1,-1
986,-1,981.85,288.64,35.58,17.68,0.8551,-1,-1,-1
986,-1,930.19,342.97,20.03,16.34,0.8545,-1,-1,-1
986,-1,618.41,343.50,23.52,17.73,0.8467,-1,-1,-1
986,-1,522.12,327.46,20.70,14.16,0.8272,-1,-1,-1
986,-1,512.80,293.35,20.98,14.63,0.7577,-1,-1,-1
986,-1,303.06,302.21,17.44,22.53,0.5648,-1,-1,-1
986,-1,748.26,324.64,18.16,13.08,0.4541,-1,-1,-1
986,-1,982.61,304.96,18.15,13.48,0.3000,-1,-1,-1
987,-1,589.57,375.68,76.77,58.56,0.9490,-1,-1,-1
987,-1,660.64,322.13,79.06,54.22,0.9369,-1,-1,-1
987,-1,582.48,172.58,20.89,33.63,0.8676,-1,-1,-1
987,-1,944.03,342.70,20.43,16.41,0.8673,-1,-1,-1
987,-1,331.07,377.20,24.70,15.13,0.8633,-1,-1,-1
987,-1,304.47,390.73,20.39,16.24,0.8600,-1,-1,-1
987,-1,626.94,343.19,23.97,17.94,0.8512,-1,-1,-1
987,-1,997.11,287.31,26.89,18.11,0.8445,-1,-1,-1
987,-1,0.00,213.04,21.17,31.94,0.7935,-1,-1,-1
987,-1,530.92,327.35,20.23,13.90,0.7537,-1,-1,-1
987,-1,847.39,289.65,27.96,15.82,0.7349,-1,-1,-1
987,-1,520.69,293.59,21.90,14.46,0.7132,-1,-1,-1
987,-1,1013.74,347.51,10.26,15.62,0.6093,-1,-1,-1
987,-1,313.54,302.71,18.17,31.90,0.4567,-1,-1,-1
987,-1,998.47,303.90,17.63,14.10,0.3833,-1,-1,-1
988,-1,667.12,321.26,79.43,54.67,0.9416,-1,-1,-1
988,-1,595.36,375.49,77.45,58.60,0.9374,-1,-1,-1
988,-1,588.74,172.14,21.07,33.87,0.8832,-1,-1,-1
988,-1,312.09,390.41,20.48,16.23,0.8704,-1,-1,-1
988,-1,338.46,377.11,24.51,15.09,0.8673,-1,-1,-1
988,-1,954.71,341.59,21.10,16.94,0.8556,-1,-1,-1
988,-1,0.02,215.07,32.90,33.32,0.8547,-1,-1,-1
988,-1,634.10,342.88,23.48,18.03,0.8474,-1,-1,-1
988,-1,538.53,327.31,19.19,14.15,0.8154,-1,-1,-1
988,-1,1008.44,286.72,15.56,16.55,0.8020,-1,-1,-1
988,-1,856.13,288.69,28.89,15.77,0.7883,-1,-1,-1
988,-1,527.24,293.22,22.87,13.66,0.6533,-1,-1,-1
988,-1,320.43,302.88,17.55,23.33,0.3279,-1,-1,-1
988,-1,941.73,317.33,15.54,12.92,0.2601,-1,-1,-1
989,-1,602.05,375.42,77.37,58.37,0.9412,-1,-1,-1
989,-1,674.14,320.79,79.97,55.03,0.9386,-1,-1,-1
989,-1,0.04,216.47,45.09,36.17,0.9135,-1,-1,-1
989,-1,966.03,341.47,21.55,16.49,0.8786,-1,-1,-1
989,-1,319.76,390.08,20.23,16.20,0.8725,-1,-1,-1
989,-1,345.69,377.05,24.51,14.95,0.8705,-1,-1,-1
989,-1,865.51,287.49,28.84,16.38,0.8565,-1,-1,-1
989,-1,594.91,171.36,21.04,34.32,0.8556,-1,-1,-1
989,-1,544.19,326.86,20.40,14.14,0.8342,-1,-1,-1
989,-1,532.66,292.66,24.61,14.15,0.7521,-1,-1,-1
989,-1,641.34,342.27,23.03,18.44,0.7131,-1,-1,-1
989,-1,327.55,302.40,17.97,23.65,0.3843,-1,-1,-1
990,-1,683.63,320.17,80.97,55.52,0.9408,-1,-1,-1
990,-1,610.93,375.11,78.66,58.92,0.9375,-1,-1,-1
990,-1,0.02,218.77,60.81,33.88,0.9244,-1,-1,-1
990,-1,604.03,170.90,21.04,34.21,0.8822,-1,-1,-1
990,-1,355.52,376.71,24.14,14.95,0.8772,-1,-1,-1
990,-1,981.49,340.64,22.06,17.07,0.8682,-1,-1,-1
990,-1,878.06,286.53,30.49,16.51,0.8552,-1,-1,-1
990,-1,329.75,390.12,19.67,16.20,0.8491,-1,-1,-1
990,-1,650.37,342.37,23.59,18.19,0.8355,-1,-1,-1
990,-1,554.34,326.96,19.24,14.18,0.8298,-1,-1,-1
990,-1,542.92,292.50,23.22,14.09,0.7537,-1,-1,-1
990,-1,785.94,322.31,19.44,12.54,0.5414,-1,-1,-1
990,-1,0.00,367.45,7.39,15.69,0.2628,-1,-1,-1
990,-1,337.81,303.51,17.04,22.65,0.2582,-1,-1,-1
991,-1,617.11,375.12,78.55,58.84,0.9405,-1,-1,-1
991,-1,690.28,319.85,81.33,55.73,0.9397,-1,-1,-1
991,-1,0.00,220.52,71.57,34.02,0.9267,-1,-1,-1
991,-1,362.41,376.71,24.03,14.83,0.8713,-1,-1,-1
991,-1,886.74,285.78,31.72,16.59,0.8675,-1,-1,-1
991,-1,992.50,340.10,23.01,17.19,0.8622,-1,-1,-1
991,-1,337.22,389.92,19.68,16.30,0.8584,-1,-1,-1
991,-1,560.50,326.63,19.76,14.23,0.8259,-1,-1,-1
991,-1,609.92,170.46,21.65,34.39,0.8220,-1,-1,-1
991,-1,657.36,342.26,23.16,18.10,0.7628,-1,-1,-1
991,-1,0.00,357.76,19.69,29.92,0.7470,-1,-1,-1
991,-1,548.02,292.61,24.11,13.98,0.7132,-1,-1,-1
991,-1,794.22,321.97,19.12,12.49,0.3548,-1,-1,-1
991,-1,511.80,189.89,26.67,36.34,0.2640,-1,-1,-1
992,-1,631.20,375.70,79.31,58.98,0.9419,-1,-1,-1
992,-1,705.26,319.91,82.49,56.28,0.9408,-1,-1,-1
992,-1,18.95,223.62,74.01,33.11,0.9284,-1,-1,-1
992,-1,0.04,357.57,42.68,31.12,0.9110,-1,-1,-1
992,-1,624.12,170.17,21.05,34.43,0.8796,-1,-1,-1
992,-1,906.58,284.87,30.77,16.76,0.8716,-1,-1,-1
992,-1,376.57,377.00,23.16,14.77,0.8686,-1,-1,-1
992,-1,351.20,390.12,19.24,16.33,0.8601,-1,-1,-1
992,-1,572.76,326.68,20.15,14.39,0.8080,-1,-1,-1
992,-1,0.00,283.33,31.74,29.39,0.7952,-1,-1,-1
992,-1,563.81,292.30,21.59,14.27,0.7596,-1,-1,-1
992,-1,670.89,341.78,24.21,19.01,0.7372,-1,-1,-1
992,-1,1001.72,314.47,16.84,13.00,0.6798,-1,-1,-1
992,-1,809.90,321.95,20.34,12.72,0.5920,-1,-1,-1
992,-1,1014.85,341.46,9.15,16.45,0.3951,-1,-1,-1
992,-1,358.86,304.28,17.38,21.28,0.3008,-1,-1,-1
993,-1,639.90,379.25,80.26,59.24,0.9412,-1,-1,-1
993,-1,714.38,323.99,84.33,55.94,0.9360,-1,-1,-1
993,-1,35.52,225.75,73.01,32.98,0.9296,-1,-1,-1
993,-1,0.00,357.06,57.97,31.07,0.9172,-1,-1,-1
993,-1,633.80,173.40,21.72,34.48,0.8780,-1,-1,-1
993,-1,385.27,378.20,23.47,15.26,0.8691,-1,-1,-1
993,-1,360.36,391.42,19.50,15.93,0.8626,-1,-1,-1
993,-1,919.49,288.25,32.75,17.03,0.8616,-1,-1,-1
993,-1,581.01,329.52,20.75,14.59,0.8551,-1,-1,-1
993,-1,0.00,278.66,47.43,34.51,0.8239,-1,-1,-1
993,-1,680.48,345.10,24.05,18.81,0.7907,-1,-1,-1
993,-1,570.31,295.25,23.72,15.21,0.7174,-1,-1,-1
993,-1,821.24,325.51,20.12,13.46,0.6035,-1,-1,-1
993,-1,367.93,305.57,17.67,22.41,0.2741,-1,-1,-1
994,-1,644.38,378.27,80.52,59.77,0.9401,-1,-1,-1
994,-1,719.10,322.91,84.19,56.38,0.9340,-1,-1,-1
994,-1,43.24,226.78,71.56,32.70,0.9319,-1,-1,-1
994,-1,0.00,357.25,66.00,30.79,0.9183,-1,-1,-1
994,-1,638.07,172.23,21.66,34.56,0.8875,-1,-1,-1
994,-1,389.94,378.05,23.51,14.94,0.8666,-1,-1,-1
994,-1,0.25,284.59,54.90,29.07,0.8641,-1,-1,-1
994,-1,365.38,390.92,19.41,16.22,0.8631,-1,-1,-1
994,-1,926.74,286.88,33.24,17.19,0.8629,-1,-1,-1
994,-1,585.94,328.85,20.29,14.25,0.8335,-1,-1,-1
994,-1,684.78,344.61,24.27,18.75,0.7662,-1,-1,-1
994,-1,575.52,294.20,23.16,13.92,0.6164,-1,-1,-1
994,-1,827.65,324.26,20.33,13.62,0.6082,-1,-1,-1
994,-1,112.97,289.78,23.68,14.78,0.5458,-1,-1,-1
994,-1,373.09,305.01,17.33,22.85,0.4948,-1,-1,-1
995,-1,725.39,320.41,85.40,56.53,0.9448,-1,-1,-1
995,-1,649.93,376.48,80.89,60.44,0.9436,-1,-1,-1
995,-1,52.62,227.87,70.61,32.11,0.9301,-1,-1,-1
995,-1,0.00,357.60,75.62,30.07,0.9289,-1,-1,-1
995,-1,0.54,279.31,64.88,35.08,0.9037,-1,-1,-1
995,-1,643.39,169.80,21.62,34.63,0.8755,-1,-1,-1
995,-1,396.65,377.50,22.82,14.65,0.8672,-1,-1,-1
995,-1,371.81,390.28,19.04,16.48,0.8539,-1,-1,-1
995,-1,936.14,283.49,33.43,17.36,0.8523,-1,-1,-1
995,-1,591.93,327.32,20.79,14.34,0.8382,-1,-1,-1
995,-1,0.00,338.40,16.08,14.95,0.7741,-1,-1,-1
995,-1,691.37,342.80,23.78,18.58,0.7710,-1,-1,-1
995,-1,579.82,293.32,25.22,14.13,0.7183,-1,-1,-1
995,-1,835.40,322.15,21.75,13.03,0.5705,-1,-1,-1
995,-1,379.23,305.51,17.66,20.86,0.4668,-1,-1,-1
996,-1,658.96,374.21,82.05,60.42,0.9400,-1,-1,-1
996,-1,735.29,317.98,86.47,56.80,0.9398,-1,-1,-1
996,-1,3.94,358.75,85.87,29.56,0.9310,-1,-1,-1
996,-1,67.27,230.16,68.12,32.13,0.9191,-1,-1,-1
996,-1,651.78,166.70,21.56,35.57,0.8817,-1,-1,-1
996,-1,13.75,281.72,65.71,34.04,0.8769,-1,-1,-1
996,-1,949.69,279.06,35.09,17.82,0.8688,-1,-1,-1
996,-1,405.43,376.67,23.30,14.53,0.8554,-1,-1,-1
996,-1,381.34,389.60,18.59,16.20,0.8388,-1,-1,-1
996,-1,600.99,325.93,20.63,14.30,0.8138,-1,-1,-1
996,-1,700.96,341.23,23.98,18.00,0.7772,-1,-1,-1
996,-1,9.14,339.81,21.71,14.41,0.7419,-1,-1,-1
996,-1,590.10,291.33,22.26,14.43,0.7276,-1,-1,-1
996,-1,847.76,318.73,21.14,13.51,0.6495,-1,-1,-1
996,-1,387.79,304.36,17.04,21.46,0.4020,-1,-1,-1
996,-1,0.00,292.16,21.55,33.32,0.3636,-1,-1,-1
997,-1,749.92,320.08,88.05,57.46,0.9445,-1,-1,-1
997,-1,672.33,377.17,83.17,60.53,0.9410,-1,-1,-1
997,-1,87.93,232.14,66.77,31.54,0.9192,-1,-1,-1
997,-1,26.28,358.33,82.79,29.16,0.9191,-1,-1,-1
997,-1,18.84,294.80,25.41,30.70,0.8748,-1,-1,-1
997,-1,665.74,168.82,22.39,34.99,0.8721,-1,-1,-1
997,-1,969.25,281.07,37.50,17.48,0.8720,-1,-1,-1
997,-1,393.55,390.24,18.73,16.17,0.8646,-1,-1,-1
997,-1,417.59,377.83,22.77,14.37,0.8607,-1,-1,-1
997,-1,715.16,343.02,23.82,18.45,0.8432,-1,-1,-1
997,-1,614.09,327.94,20.06,14.26,0.8347,-1,-1,-1
997,-1,0.00,353.89,14.44,21.27,0.8147,-1,-1,-1
997,-1,603.87,292.94,22.01,14.82,0.7744,-1,-1,-1
997,-1,37.33,287.94,62.06,28.68,0.7697,-1,-1,-1
997,-1,863.98,321.07,21.90,14.03,0.7014,-1,-1,-1
997,-1,31.10,339.34,20.82,14.57,0.4049,-1,-1,-1
997,-1,400.36,304.85,17.72,22.41,0.2592,-1,-1,-1
998,-1,756.11,319.26,89.20,57.52,0.9449,-1,-1,-1
998,-1,677.89,376.20,83.91,61.06,0.9438,-1,-1,-1
998,-1,36.45,358.41,81.19,28.68,0.9173,-1,-1,-1
998,-1,96.96,233.01,65.39,31.56,0.9168,-1,-1,-1
998,-1,45.96,283.57,61.94,32.91,0.9018,-1,-1,-1
998,-1,29.38,295.61,23.90,30.43,0.8941,-1,-1,-1
998,-1,0.00,354.64,24.56,20.06,0.8821,-1,-1,-1
998,-1,671.57,166.17,22.05,36.42,0.8755,-1,-1,-1
998,-1,978.69,279.35,37.79,18.25,0.8689,-1,-1,-1
998,-1,399.40,390.10,18.91,15.53,0.8545,-1,-1,-1
998,-1,423.65,377.29,22.86,14.46,0.8544,-1,-1,-1
998,-1,619.25,326.90,20.57,14.01,0.8296,-1,-1,-1
998,-1,607.27,291.54,24.32,14.69,0.7594,-1,-1,-1
998,-1,871.52,320.05,23.60,13.75,0.7068,-1,-1,-1
998,-1,720.92,342.34,24.74,18.61,0.7054,-1,-1,-1
998,-1,41.32,339.91,20.29,14.23,0.6886,-1,-1,-1
999,-1,691.92,374.66,84.99,61.44,0.9430,-1,-1,-1
999,-1,770.58,317.09,92.28,58.24,0.9427,-1,-1,-1
999,-1,115.48,235.03,63.28,30.70,0.9223,-1,-1,-1
999,-1,57.51,358.87,78.28,27.92,0.9136,-1,-1,-1
999,-1,66.20,285.27,60.12,32.79,0.9050,-1,-1,-1
999,-1,14.95,355.42,30.99,19.48,0.8943,-1,-1,-1
999,-1,685.01,164.27,22.58,35.74,0.8870,-1,-1,-1
999,-1,49.95,296.89,23.83,29.99,0.8650,-1,-1,-1
999,-1,435.38,376.07,22.88,14.73,0.8618,-1,-1,-1
999,-1,631.59,325.45,21.13,14.43,0.8475,-1,-1,-1
999,-1,412.16,389.22,17.84,15.34,0.8253,-1,-1,-1
999,-1,619.41,290.01,24.55,15.23,0.8126,-1,-1,-1
999,-1,734.74,340.14,25.77,19.11,0.7755,-1,-1,-1
999,-1,1000.59,275.14,23.15,17.54,0.6922,-1,-1,-1
999,-1,61.82,340.69,20.39,13.72,0.5179,-1,-1,-1
999,-1,889.66,317.15,22.83,14.21,0.4771,-1,-1,-1
999,-1,418.88,305.13,16.80,20.63,0.2579,-1,-1,-1
1000,-1,701.92,378.13,86.37,61.43,0.9438,-1,-1,-1
1000,-1,781.98,320.13,93.32,59.11,0.9424,-1,-1,-1
1000,-1,130.40,237.24,61.36,30.24,0.9192,-1,-1,-1
1000,-1,72.54,359.11,76.99,27.78,0.9177,-1,-1,-1
1000,-1,32.02,355.50,29.89,19.39,0.8925,-1,-1,-1
1000,-1,695.79,166.29,22.92,36.13,0.8760,-1,-1,-1
1000,-1,444.65,378.04,22.51,14.59,0.8687,-1,-1,-1
1000,-1,66.10,297.45,23.34,30.19,0.8604,-1,-1,-1
1000,-1,420.34,390.72,19.12,16.13,0.8544,-1,-1,-1
1000,-1,640.34,328.02,21.26,14.50,0.8328,-1,-1,-1
1000,-1,744.93,342.87,26.06,19.63,0.8288,-1,-1,-1
1000,-1,82.55,288.55,58.38,30.72,0.7975,-1,-1,-1
1000,-1,629.48,293.27,24.32,14.16,0.7839,-1,-1,-1
1000,-1,902.23,320.57,24.25,13.80,0.6050,-1,-1,-1
1000,-1,77.23,341.48,19.98,13.50,0.5914,-1,-1,-1
1001,-1,706.07,379.51,86.70,61.17,0.9441,-1,-1,-1
1001,-1,786.87,321.28,94.41,59.06,0.9355,-1,-1,-1
1001,-1,79.52,359.17,76.35,27.83,0.9183,-1,-1,-1
1001,-1,136.92,238.23,61.34,30.22,0.9176,-1,-1,-1
1001,-1,39.59,355.65,29.43,19.19,0.8967,-1,-1,-1
1001,-1,700.54,167.51,23.00,36.08,0.8846,-1,-1,-1
1001,-1,449.25,378.13,22.31,15.17,0.8652,-1,-1,-1
1001,-1,645.51,328.83,20.86,14.87,0.8640,-1,-1,-1
1001,-1,73.06,297.93,23.25,29.65,0.8638,-1,-1,-1
1001,-1,424.50,390.96,19.27,16.09,0.8606,-1,-1,-1
1001,-1,89.47,287.77,57.90,31.93,0.8446,-1,-1,-1
1001,-1,750.39,344.30,25.83,19.24,0.8029,-1,-1,-1
1001,-1,633.61,293.83,24.33,15.02,0.7278,-1,-1,-1
1001,-1,909.40,321.91,24.50,13.91,0.5656,-1,-1,-1
1001,-1,84.91,341.35,18.68,13.71,0.5385,-1,-1,-1
1002,-1,711.53,377.66,88.10,62.04,0.9481,-1,-1,-1
1002,-1,793.64,319.46,94.62,59.36,0.9423,-1,-1,-1
1002,-1,89.20,359.31,74.76,27.44,0.9192,-1,-1,-1
1002,-1,145.28,238.86,59.77,30.15,0.9162,-1,-1,-1
1002,-1,49.30,355.85,29.30,19.04,0.8870,-1,-1,-1
1002,-1,98.08,287.84,57.09,31.94,0.8817,-1,-1,-1
1002,-1,82.67,298.47,22.36,29.94,0.8662,-1,-1,-1
1002,-1,454.83,377.79,22.61,14.68,0.8622,-1,-1,-1
1002,-1,705.65,165.30,23.54,36.44,0.8481,-1,-1,-1
1002,-1,652.00,327.45,20.90,14.61,0.8422,-1,-1,-1
1002,-1,431.40,390.71,17.90,16.00,0.8281,-1,-1,-1
1002,-1,640.24,291.61,24.64,15.60,0.7858,-1,-1,-1
1002,-1,756.48,342.73,26.10,19.02,0.7777,-1,-1,-1
1002,-1,93.46,341.74,19.36,13.55,0.4778,-1,-1,-1
1003,-1,718.24,375.19,88.88,62.57,0.9492,-1,-1,-1
1003,-1,800.75,315.58,96.22,60.12,0.9453,-1,-1,-1
1003,-1,99.07,359.13,73.40,27.19,0.9174,-1,-1,-1
1003,-1,60.35,356.05,27.88,18.67,0.8995,-1,-1,-1
1003,-1,153.08,239.42,59.07,29.98,0.8966,-1,-1,-1
1003,-1,92.76,299.75,21.88,29.19,0.8811,-1,-1,-1
1003,-1,711.26,161.45,23.84,36.29,0.8777,-1,-1,-1
1003,-1,107.21,290.10,56.69,29.69,0.8552,-1,-1,-1
1003,-1,461.26,376.89,22.54,14.16,0.8449,-1,-1,-1
1003,-1,658.13,325.47,21.57,14.46,0.8382,-1,-1,-1
1003,-1,764.50,340.03,25.20,19.34,0.7812,-1,-1,-1
1003,-1,438.39,389.43,17.62,15.65,0.7718,-1,-1,-1
1003,-1,645.74,290.32,24.74,14.42,0.6172,-1,-1,-1
1003,-1,103.15,341.52,19.39,13.78,0.5708,-1,-1,-1
1003,-1,927.15,315.68,25.71,14.80,0.3185,-1,-1,-1
1003,-1,444.80,305.42,16.37,22.08,0.2661,-1,-1,-1
1004,-1,733.53,375.26,90.31,62.73,0.9486,-1,-1,-1
1004,-1,817.51,314.84,99.06,60.89,0.9465,-1,-1,-1
1004,-1,172.67,241.43,56.66,29.42,0.9124,-1,-1,-1
1004,-1,118.59,359.53,71.81,26.94,0.9097,-1,-1,-1
1004,-1,127.29,289.99,54.50,30.68,0.8977,-1,-1,-1
1004,-1,82.26,356.36,26.80,18.63,0.8838,-1,-1,-1
1004,-1,726.90,159.20,23.66,37.15,0.8835,-1,-1,-1
1004,-1,113.00,300.54,21.30,28.78,0.8712,-1,-1,-1
1004,-1,473.67,376.77,22.99,14.28,0.8576,-1,-1,-1
1004,-1,672.08,324.92,21.36,14.64,0.8565,-1,-1,-1
1004,-1,451.01,389.44,17.96,15.26,0.8157,-1,-1,-1
1004,-1,660.19,289.13,24.74,14.77,0.7664,-1,-1,-1
1004,-1,780.09,339.16,26.16,19.98,0.7373,-1,-1,-1
1004,-1,123.34,342.07,18.63,13.79,0.4745,-1,-1,-1
1004,-1,457.71,306.03,17.30,21.36,0.2791,-1,-1,-1
1005,-1,743.66,378.28,91.74,63.05,0.9500,-1,-1,-1
1005,-1,829.31,317.92,101.07,61.38,0.9425,-1,-1,-1
1005,-1,133.81,360.13,68.49,26.37,0.9207,-1,-1,-1
1005,-1,185.29,243.36,56.49,29.18,0.9182,-1,-1,-1
1005,-1,96.70,356.67,26.54,18.36,0.8926,-1,-1,-1
1005,-1,737.24,162.15,24.45,36.82,0.8707,-1,-1,-1
1005,-1,141.61,292.21,52.52,29.41,0.8626,-1,-1,-1
1005,-1,482.54,378.08,22.72,14.69,0.8604,-1,-1,-1
1005,-1,127.20,301.73,20.51,28.37,0.8595,-1,-1,-1
1005,-1,682.80,327.21,20.50,14.54,0.8404,-1,-1,-1
1005,-1,459.47,390.85,17.69,15.70,0.8370,-1,-1,-1
1005,-1,668.24,291.55,26.42,15.02,0.7763,-1,-1,-1
1005,-1,791.51,342.23,26.11,19.72,0.7254,-1,-1,-1
1005,-1,137.03,343.59,17.73,12.70,0.4433,-1,-1,-1
1006,-1,748.47,378.88,92.99,63.09,0.9526,-1,-1,-1
1006,-1,834.77,318.23,102.14,61.65,0.9403,-1,-1,-1
1006,-1,140.31,360.30,68.24,26.25,0.9202,-1,-1,-1
1006,-1,191.78,244.20,55.55,28.99,0.9164,-1,-1,-1
1006,-1,104.22,357.12,26.43,18.06,0.8832,-1,-1,-1
1006,-1,487.58,378.25,22.62,14.72,0.8723,-1,-1,-1
1006,-1,742.39,161.58,24.43,37.04,0.8649,-1,-1,-1
1006,-1,134.04,303.46,20.66,27.27,0.8605,-1,-1,-1
1006,-1,148.26,292.29,52.67,30.13,0.8602,-1,-1,-1
1006,-1,464.00,391.15,18.40,15.14,0.8552,-1,-1,-1
1006,-1,687.30,327.33,21.71,15.08,0.8479,-1,-1,-1
1006,-1,796.83,342.88,26.48,19.63,0.7721,-1,-1,-1
1006,-1,675.41,291.20,25.69,15.33,0.7707,-1,-1,-1
1006,-1,144.44,343.47,17.17,12.93,0.3771,-1,-1,-1
1007,-1,754.24,377.91,94.24,63.74,0.9498,-1,-1,-1
1007,-1,841.94,317.03,103.55,62.04,0.9474,-1,-1,-1
1007,-1,199.42,244.58,54.82,29.17,0.9193,-1,-1,-1
1007,-1,148.83,360.41,67.12,26.02,0.9178,-1,-1,-1
1007,-1,748.59,159.28,24.39,37.88,0.8903,-1,-1,-1
1007,-1,112.87,357.22,26.20,18.17,0.8843,-1,-1,-1
1007,-1,493.05,378.01,22.61,14.50,0.8708,-1,-1,-1
1007,-1,694.19,326.46,21.14,14.86,0.8572,-1,-1,-1
1007,-1,470.14,390.47,18.35,15.78,0.8381,-1,-1,-1
1007,-1,142.26,303.60,20.46,27.73,0.7764,-1,-1,-1
1007,-1,804.47,341.70,25.73,19.80,0.7496,-1,-1,-1
1007,-1,158.15,297.09,50.14,25.25,0.7339,-1,-1,-1
1007,-1,683.17,290.09,22.73,15.32,0.7273,-1,-1,-1
1007,-1,152.45,344.12,16.57,12.45,0.3159,-1,-1,-1
1007,-1,0.00,319.87,12.58,15.75,0.2836,-1,-1,-1
1008,-1,761.19,375.95,94.83,64.14,0.9527,-1,-1,-1
1008,-1,849.14,313.88,105.22,62.75,0.9480,-1,-1,-1
1008,-1,207.01,244.93,54.15,29.09,0.9173,-1,-1,-1
1008,-1,157.83,360.22,65.85,25.86,0.9161,-1,-1,-1
1008,-1,122.18,357.21,25.55,17.95,0.8886,-1,-1,-1
1008,-1,754.24,157.04,25.34,37.36,0.8793,-1,-1,-1
1008,-1,700.21,324.98,21.81,14.73,0.8587,-1,-1,-1
1008,-1,499.33,377.41,22.54,14.09,0.8402,-1,-1,-1
1008,-1,151.91,303.47,19.49,27.67,0.8087,-1,-1,-1
1008,-1,166.12,297.10,50.20,25.60,0.7538,-1,-1,-1
1008,-1,812.08,339.62,25.71,20.02,0.7455,-1,-1,-1
1008,-1,689.27,289.16,24.43,14.39,0.7291,-1,-1,-1
1008,-1,476.71,389.77,17.13,15.67,0.6792,-1,-1,-1
1008,-1,5.13,320.36,18.52,15.81,0.2595,-1,-1,-1
1009,-1,777.23,376.08,97.34,64.69,0.9526,-1,-1,-1
1009,-1,867.62,313.46,108.87,63.31,0.9510,-1,-1,-1
1009,-1,175.87,360.33,64.30,25.81,0.9151,-1,-1,-1
1009,-1,223.72,246.73,53.26,28.41,0.9146,-1,-1,-1
1009,-1,142.04,357.68,24.26,17.59,0.8799,-1,-1,-1
1009,-1,770.61,153.90,25.79,39.30,0.8737,-1,-1,-1
1009,-1,183.72,294.55,48.72,29.00,0.8636,-1,-1,-1
1009,-1,714.89,324.87,22.22,14.76,0.8580,-1,-1,-1
1009,-1,513.12,377.70,21.57,14.01,0.8509,-1,-1,-1
1009,-1,489.55,389.81,17.59,16.05,0.8213,-1,-1,-1
1009,-1,701.73,287.58,26.18,16.30,0.7776,-1,-1,-1
1009,-1,169.70,304.55,19.00,27.42,0.7003,-1,-1,-1
1009,-1,828.87,338.93,27.24,20.42,0.6830,-1,-1,-1
1010,-1,788.11,379.21,98.76,65.46,0.9465,-1,-1,-1
1010,-1,879.96,315.86,111.25,64.33,0.9423,-1,-1,-1
1010,-1,235.91,248.53,51.84,28.38,0.9118,-1,-1,-1
1010,-1,188.07,360.91,63.13,25.73,0.9109,-1,-1,-1
1010,-1,195.31,296.08,48.33,28.18,0.8891,-1,-1,-1
1010,-1,154.85,358.32,24.32,17.33,0.8847,-1,-1,-1
1010,-1,782.05,156.40,25.65,38.26,0.8827,-1,-1,-1
1010,-1,520.76,378.32,22.67,14.89,0.8674,-1,-1,-1
1010,-1,725.26,326.62,22.03,14.91,0.8566,-1,-1,-1
1010,-1,497.07,391.11,18.90,15.71,0.8496,-1,-1,-1
1010,-1,711.66,289.91,26.32,16.34,0.7976,-1,-1,-1
1010,-1,9.49,293.58,20.43,14.33,0.7862,-1,-1,-1
1010,-1,840.95,342.20,26.68,20.16,0.7648,-1,-1,-1
1010,-1,181.73,305.21,19.57,28.16,0.4244,-1,-1,-1
1010,-1,22.89,345.74,32.13,12.10,0.3564,-1,-1,-1
1010,-1,0.00,337.82,9.66,15.53,0.2841,-1,-1,-1
1010,-1,43.14,316.01,18.64,21.53,0.2723,-1,-1,-1
1011,-1,890.04,315.38,112.78,64.85,0.9493,-1,-1,-1
1011,-1,796.44,379.14,100.39,66.10,0.9492,-1,-1,-1
1011,-1,244.74,249.33,50.89,28.53,0.9096,-1,-1,-1
1011,-1,197.82,361.16,61.97,25.47,0.9077,-1,-1,-1
1011,-1,204.85,296.41,47.47,28.56,0.8999,-1,-1,-1
1011,-1,165.40,358.46,23.02,17.54,0.8857,-1,-1,-1
1011,-1,790.10,154.54,26.18,39.22,0.8810,-1,-1,-1
1011,-1,527.81,378.45,22.59,14.83,0.8668,-1,-1,-1
1011,-1,504.56,391.21,18.06,15.23,0.8453,-1,-1,-1
1011,-1,732.90,326.40,23.00,15.04,0.8413,-1,-1,-1
1011,-1,720.05,289.31,26.30,16.63,0.8073,-1,-1,-1
1011,-1,850.84,341.86,26.67,20.25,0.7978,-1,-1,-1
1011,-1,23.16,294.60,19.37,14.30,0.5699,-1,-1,-1
1011,-1,0.00,338.53,22.81,19.48,0.5315,-1,-1,-1
1011,-1,54.30,316.14,19.22,22.25,0.5303,-1,-1,-1
1011,-1,0.00,338.56,22.79,19.40,0.5297,-1,-1,-1
1012,-1,897.98,311.65,115.05,65.38,0.9544,-1,-1,-1
1012,-1,803.38,376.48,101.93,65.96,0.9493,-1,-1,-1
1012,-1,251.60,249.48,50.90,28.13,0.9130,-1,-1,-1
1012,-1,205.96,360.75,60.98,25.38,0.9089,-1,-1,-1
1012,-1,212.27,296.44,46.87,28.17,0.8967,-1,-1,-1
1012,-1,173.68,358.35,22.93,17.42,0.8905,-1,-1,-1
1012,-1,796.64,149.88,26.72,39.80,0.8893,-1,-1,-1
1012,-1,739.93,324.34,23.23,15.07,0.8671,-1,-1,-1
1012,-1,533.78,377.65,22.79,14.28,0.8572,-1,-1,-1
1012,-1,510.69,390.05,18.66,15.63,0.8444,-1,-1,-1
1012,-1,0.85,338.97,33.14,19.35,0.8285,-1,-1,-1
1012,-1,732.14,287.22,21.21,16.46,0.7345,-1,-1,-1
1012,-1,33.70,294.94,18.85,15.14,0.5912,-1,-1,-1
1012,-1,858.40,337.75,27.53,21.72,0.5704,-1,-1,-1
1012,-1,199.98,306.56,18.43,26.98,0.5348,-1,-1,-1
1012,-1,712.38,340.35,17.49,17.17,0.4826,-1,-1,-1
1012,-1,65.48,318.44,17.84,20.03,0.2870,-1,-1,-1
1013,-1,909.67,311.68,114.25,66.44,0.9517,-1,-1,-1
1013,-1,813.53,377.32,104.37,66.77,0.9498,-1,-1,-1
1013,-1,217.22,361.45,60.24,24.79,0.9173,-1,-1,-1
1013,-1,262.61,250.51,49.76,28.05,0.9004,-1,-1,-1
1013,-1,806.93,149.67,27.33,39.49,0.8861,-1,-1,-1
1013,-1,184.80,358.80,23.15,16.89,0.8749,-1,-1,-1
1013,-1,750.36,324.59,23.00,15.14,0.8622,-1,-1,-1
1013,-1,542.42,377.97,22.37,14.42,0.8575,-1,-1,-1
1013,-1,519.11,390.42,18.34,15.99,0.8477,-1,-1,-1
1013,-1,232.36,303.94,36.44,21.22,0.8186,-1,-1,-1
1013,-1,16.14,339.34,32.61,19.58,0.7712,-1,-1,-1
1013,-1,734.58,287.30,28.27,16.24,0.7417,-1,-1,-1
1013,-1,869.82,339.03,27.85,21.09,0.6133,-1,-1,-1
1013,-1,16.22,339.42,32.68,19.48,0.3799,-1,-1,-1
1013,-1,48.38,296.80,19.64,14.26,0.3401,-1,-1,-1
1013,-1,48.46,296.83,19.69,14.37,0.3355,-1,-1,-1
1013,-1,211.64,306.86,17.13,27.28,0.2734,-1,-1,-1
1014,-1,917.87,311.23,106.00,66.58,0.9503,-1,-1,-1
1014,-1,820.30,377.00,105.60,67.26,0.9475,-1,-1,-1
1014,-1,268.83,251.26,49.89,27.77,0.9171,-1,-1,-1
1014,-1,224.35,361.64,59.81,24.60,0.9092,-1,-1,-1
1014,-1,813.77,148.35,27.45,39.71,0.8919,-1,-1,-1
1014,-1,192.63,358.97,22.37,16.89,0.8753,-1,-1,-1
1014,-1,548.04,378.10,22.26,14.34,0.8644,-1,-1,-1
1014,-1,756.37,324.23,23.92,15.29,0.8628,-1,-1,-1
1014,-1,26.46,340.24,32.06,19.08,0.8328,-1,-1,-1
1014,-1,524.86,390.59,18.08,16.10,0.8221,-1,-1,-1
1014,-1,231.62,303.86,45.18,21.46,0.7798,-1,-1,-1
1014,-1,743.51,286.71,26.25,16.16,0.7277,-1,-1,-1
1014,-1,58.17,297.76,18.35,14.00,0.5063,-1,-1,-1
1014,-1,218.20,306.85,17.81,27.48,0.4823,-1,-1,-1
1014,-1,727.77,340.58,18.69,14.53,0.4278,-1,-1,-1
1014,-1,88.13,319.41,18.38,20.36,0.4208,-1,-1,-1
1014,-1,878.61,338.32,26.92,21.54,0.3083,-1,-1,-1
1015,-1,826.99,377.17,107.22,68.04,0.9524,-1,-1,-1
1015,-1,925.87,310.55,98.13,67.72,0.9512,-1,-1,-1
1015,-1,275.49,252.12,49.40,27.83,0.9147,-1,-1,-1
1015,-1,230.97,361.88,59.88,24.45,0.9074,-1,-1,-1
1015,-1,820.46,146.37,27.47,41.47,0.8959,-1,-1,-1
1015,-1,200.14,359.30,22.25,16.69,0.8746,-1,-1,-1
1015,-1,553.44,377.92,22.92,14.68,0.8672,-1,-1,-1
1015,-1,763.71,324.36,23.58,15.09,0.8668,-1,-1,-1
1015,-1,530.22,390.58,18.77,15.79,0.8470,-1,-1,-1
1015,-1,241.39,304.01,41.85,21.75,0.7870,-1,-1,-1
1015,-1,752.06,285.59,25.07,17.00,0.6930,-1,-1,-1
1015,-1,36.74,340.64,31.80,18.95,0.6289,-1,-1,-1
1015,-1,224.65,306.61,18.30,28.10,0.6261,-1,-1,-1
1015,-1,887.07,338.27,25.96,21.77,0.5260,-1,-1,-1
1015,-1,97.15,320.11,18.05,20.08,0.4891,-1,-1,-1
1015,-1,734.72,340.46,18.04,14.59,0.4265,-1,-1,-1
1016,-1,833.80,377.52,109.03,68.35,0.9490,-1,-1,-1
1016,-1,934.74,310.51,89.26,68.10,0.9467,-1,-1,-1
1016,-1,282.31,252.53,49.05,27.83,0.9160,-1,-1,-1
1016,-1,238.83,362.14,58.70,24.16,0.9066,-1,-1,-1
1016,-1,827.61,145.97,28.32,40.93,0.8911,-1,-1,-1
1016,-1,208.06,359.58,21.60,16.46,0.8781,-1,-1,-1
1016,-1,770.68,323.96,23.65,15.45,0.8714,-1,-1,-1
1016,-1,559.22,378.07,23.11,14.78,0.8661,-1,-1,-1
1016,-1,535.36,390.87,18.87,15.64,0.8605,-1,-1,-1
1016,-1,244.74,298.87,45.98,26.90,0.8368,-1,-1,-1
1016,-1,754.82,285.35,29.79,17.28,0.7950,-1,-1,-1
1016,-1,233.02,308.51,17.53,26.58,0.7874,-1,-1,-1
1016,-1,47.38,341.07,30.91,18.57,0.7636,-1,-1,-1
1016,-1,78.10,299.12,18.50,14.06,0.5342,-1,-1,-1
1016,-1,894.40,338.40,27.44,21.82,0.3539,-1,-1,-1
1017,-1,850.40,378.19,112.26,69.02,0.9497,-1,-1,-1
1017,-1,954.24,310.30,69.76,68.79,0.9329,-1,-1,-1
1017,-1,253.76,362.55,57.39,23.96,0.9087,-1,-1,-1
1017,-1,296.84,254.09,48.30,27.14,0.9052,-1,-1,-1
1017,-1,223.90,359.97,20.92,16.25,0.8846,-1,-1,-1
1017,-1,843.71,143.64,29.04,41.55,0.8840,-1,-1,-1
1017,-1,571.17,378.55,22.89,14.62,0.8699,-1,-1,-1
1017,-1,785.34,324.08,24.18,15.28,0.8666,-1,-1,-1
1017,-1,67.56,341.80,29.77,18.37,0.8465,-1,-1,-1
1017,-1,547.85,391.19,18.22,15.46,0.8335,-1,-1,-1
1017,-1,260.92,300.71,43.61,26.84,0.8314,-1,-1,-1
1017,-1,769.62,285.53,29.67,16.45,0.7699,-1,-1,-1
1017,-1,248.65,309.48,16.99,25.72,0.5639,-1,-1,-1
1017,-1,913.76,337.73,27.11,22.85,0.4745,-1,-1,-1
1017,-1,755.49,340.27,18.63,13.89,0.3176,-1,-1,-1
1017,-1,97.05,300.62,17.42,13.91,0.3040,-1,-1,-1
1018,-1,865.53,378.01,114.79,69.92,0.9505,-1,-1,-1
1018,-1,266.18,362.60,56.84,23.88,0.9155,-1,-1,-1
1018,-1,309.15,255.07,47.46,27.18,0.9078,-1,-1,-1
1018,-1,859.07,140.76,29.29,41.91,0.8850,-1,-1,-1
1018,-1,237.78,360.48,20.63,15.96,0.8843,-1,-1,-1
1018,-1,972.65,311.17,51.35,65.82,0.8810,-1,-1,-1
1018,-1,582.59,378.37,22.42,14.93,0.8709,-1,-1,-1
1018,-1,799.06,323.26,24.21,15.50,0.8527,-1,-1,-1
1018,-1,558.85,391.25,18.21,15.34,0.8333,-1,-1,-1
1018,-1,274.52,301.45,41.65,26.42,0.7997,-1,-1,-1
1018,-1,783.21,283.84,30.43,18.18,0.7788,-1,-1,-1
1018,-1,85.32,342.64,28.59,18.11,0.6357,-1,-1,-1
1018,-1,261.56,310.71,16.93,26.09,0.5783,-1,-1,-1
1018,-1,768.48,340.15,18.93,13.75,0.5539,-1,-1,-1
1018,-1,930.35,337.19,28.15,22.94,0.5166,-1,-1,-1
1018,-1,113.43,302.11,17.73,13.06,0.3086,-1,-1,-1
1018,-1,768.77,341.10,18.75,17.26,0.2818,-1,-1,-1
1019,-1,884.57,377.97,118.53,70.61,0.9517,-1,-1,-1
1019,-1,281.68,363.16,55.82,23.80,0.9176,-1,-1,-1
1019,-1,323.82,256.12,46.23,27.07,0.9089,-1,-1,-1
1019,-1,877.22,138.01,30.84,42.19,0.9005,-1,-1,-1
1019,-1,253.28,360.97,20.14,15.94,0.8837,-1,-1,-1
1019,-1,594.46,378.64,23.45,14.80,0.8688,-1,-1,-1
1019,-1,815.02,322.79,25.04,15.44,0.8442,-1,-1,-1
1019,-1,570.98,391.74,18.34,15.06,0.8262,-1,-1,-1
1019,-1,994.82,311.42,29.18,57.13,0.7887,-1,-1,-1
1019,-1,798.52,282.91,31.14,18.76,0.7392,-1,-1,-1
1019,-1,104.72,343.32,28.13,18.23,0.6423,-1,-1,-1
1019,-1,292.69,305.21,37.73,22.98,0.5942,-1,-1,-1
1019,-1,783.39,339.85,19.54,15.20,0.4014,-1,-1,-1
1019,-1,950.26,335.77,29.96,23.84,0.3723,-1,-1,-1
1019,-1,104.78,343.30,28.14,18.20,0.3461,-1,-1,-1
1020,-1,900.17,377.93,122.23,72.15,0.9507,-1,-1,-1
1020,-1,292.96,363.32,55.43,23.95,0.9207,-1,-1,-1
1020,-1,334.34,256.94,46.01,27.20,0.9119,-1,-1,-1
1020,-1,891.98,135.54,31.27,43.18,0.8949,-1,-1,-1
1020,-1,299.38,302.93,42.09,26.09,0.8852,-1,-1,-1
1020,-1,264.95,361.40,19.76,15.91,0.8732,-1,-1,-1
1020,-1,604.07,378.78,23.02,14.76,0.8715,-1,-1,-1
1020,-1,826.79,322.28,26.13,15.65,0.8521,-1,-1,-1
1020,-1,581.05,391.75,18.21,15.82,0.8304,-1,-1,-1
1020,-1,964.64,336.18,58.35,23.13,0.8173,-1,-1,-1
1020,-1,809.65,282.25,32.38,17.86,0.8022,-1,-1,-1
1020,-1,119.40,344.27,27.77,17.66,0.5929,-1,-1,-1
1020,-1,0.00,360.61,9.14,21.14,0.3742,-1,-1,-1
1020,-1,795.48,339.57,19.37,14.17,0.3649,-1,-1,-1
1020,-1,796.54,347.99,18.07,13.28,0.3410,-1,-1,-1
1020,-1,1012.52,332.59,11.48,24.34,0.3077,-1,-1,-1
1021,-1,905.54,385.64,118.46,72.10,0.9563,-1,-1,-1
1021,-1,340.28,254.30,45.90,26.69,0.9077,-1,-1,-1
1021,-1,297.84,360.20,54.71,23.91,0.9029,-1,-1,-1
1021,-1,901.97,139.58,31.69,43.28,0.8921,-1,-1,-1
1021,-1,269.62,357.29,20.13,16.24,0.8810,-1,-1,-1
1021,-1,608.50,379.79,23.73,14.72,0.8695,-1,-1,-1
1021,-1,832.92,326.12,26.72,16.30,0.8637,-1,-1,-1
1021,-1,584.63,392.18,18.71,15.52,0.8507,-1,-1,-1
1021,-1,305.15,299.23,41.32,25.95,0.8487,-1,-1,-1
1021,-1,816.56,286.00,33.28,17.86,0.8066,-1,-1,-1
1021,-1,126.15,338.19,26.71,17.18,0.5477,-1,-1,-1
1021,-1,126.13,338.22,26.72,17.19,0.5011,-1,-1,-1
1021,-1,0.00,334.90,15.94,43.37,0.4824,-1,-1,-1
1021,-1,972.27,343.30,51.73,22.75,0.3837,-1,-1,-1
1022,-1,899.01,392.71,124.27,71.92,0.9523,-1,-1,-1
1022,-1,296.71,358.78,54.12,23.62,0.9090,-1,-1,-1
1022,-1,339.69,253.31,46.94,26.73,0.9086,-1,-1,-1
1022,-1,899.02,146.28,32.30,42.54,0.8999,-1,-1,-1
1022,-1,268.22,355.33,20.18,15.66,0.8826,-1,-1,-1
1022,-1,607.92,381.25,22.95,15.38,0.8678,-1,-1,-1
1022,-1,833.34,330.60,26.13,16.64,0.8615,-1,-1,-1
1022,-1,584.02,394.03,17.65,14.86,0.8167,-1,-1,-1
1022,-1,816.73,289.82,32.85,18.30,0.7755,-1,-1,-1
1022,-1,309.74,304.09,35.96,20.15,0.7646,-1,-1,-1
1022,-1,125.46,334.45,26.84,17.19,0.5377,-1,-1,-1
1022,-1,0.00,340.17,11.65,30.17,0.4221,-1,-1,-1
1022,-1,125.42,334.32,26.73,17.38,0.3876,-1,-1,-1
1022,-1,152.46,295.44,16.76,13.08,0.2715,-1,-1,-1
1023,-1,887.07,390.73,123.69,71.50,0.9554,-1,-1,-1
1023,-1,292.01,358.87,54.67,23.92,0.9082,-1,-1,-1
1023,-1,335.69,253.52,46.40,26.98,0.9043,-1,-1,-1
1023,-1,887.21,143.34,32.36,44.46,0.8934,-1,-1,-1
1023,-1,263.92,355.53,20.21,16.17,0.8906,-1,-1,-1
1023,-1,604.75,380.68,23.33,15.53,0.8818,-1,-1,-1
1023,-1,299.76,298.63,41.64,25.93,0.8620,-1,-1,-1
1023,-1,828.99,329.48,26.86,16.29,0.8575,-1,-1,-1
1023,-1,812.60,289.78,32.98,17.90,0.8444,-1,-1,-1
1023,-1,580.77,393.36,18.01,15.14,0.8106,-1,-1,-1
1023,-1,121.90,335.17,27.05,17.41,0.7076,-1,-1,-1
1023,-1,1004.13,333.31,19.87,50.74,0.6589,-1,-1,-1
1023,-1,588.89,309.13,16.70,21.62,0.2565,-1,-1,-1
1024,-1,875.61,380.16,122.82,72.20,0.9525,-1,-1,-1
1024,-1,287.89,362.14,55.02,23.82,0.9046,-1,-1,-1
1024,-1,329.80,255.69,46.52,27.34,0.9046,-1,-1,-1
1024,-1,871.39,134.84,32.92,43.96,0.8988,-1,-1,-1
1024,-1,260.28,359.64,19.69,15.83,0.8864,-1,-1,-1
1024,-1,602.41,378.64,23.44,14.99,0.8665,-1,-1,-1
1024,-1,825.86,322.93,26.61,16.10,0.8571,-1,-1,-1
1024,-1,297.48,301.43,40.50,26.00,0.8518,-1,-1,-1
1024,-1,578.40,391.49,18.46,15.33,0.8214,-1,-1,-1
1024,-1,991.83,312.37,32.17,63.74,0.8044,-1,-1,-1
1024,-1,809.23,282.44,32.77,18.42,0.7701,-1,-1,-1
1024,-1,118.41,342.24,27.74,17.44,0.7025,-1,-1,-1
1024,-1,794.40,339.96,19.46,13.93,0.2901,-1,-1,-1
1025,-1,864.25,375.52,123.01,72.44,0.9527,-1,-1,-1
1025,-1,284.53,364.03,55.56,23.75,0.9146,-1,-1,-1
1025,-1,326.00,257.64,46.48,27.05,0.9119,-1,-1,-1
1025,-1,859.19,130.90,33.38,44.86,0.8974,-1,-1,-1
1025,-1,291.76,303.45,42.51,25.74,0.8872,-1,-1,-1
1025,-1,256.69,362.04,19.88,15.73,0.8830,-1,-1,-1
1025,-1,600.71,378.03,22.76,14.79,0.8700,-1,-1,-1
1025,-1,576.66,390.92,18.82,15.69,0.8614,-1,-1,-1
1025,-1,821.79,320.19,28.72,15.97,0.8583,-1,-1,-1
1025,-1,981.00,305.39,43.00,72.60,0.8503,-1,-1,-1
1025,-1,807.09,280.06,31.68,17.67,0.7509,-1,-1,-1
1025,-1,116.11,345.95,27.07,17.45,0.5285,-1,-1,-1
1026,-1,854.39,375.30,123.08,72.15,0.9544,-1,-1,-1
1026,-1,281.97,364.22,55.67,23.54,0.9118,-1,-1,-1
1026,-1,849.97,131.15,34.21,44.54,0.9008,-1,-1,-1
1026,-1,322.84,257.56,46.96,27.49,0.9005,-1,-1,-1
1026,-1,971.46,303.14,52.54,72.71,0.8824,-1,-1,-1
1026,-1,254.62,362.04,19.52,15.88,0.8801,-1,-1,-1
1026,-1,288.83,303.30,43.16,26.07,0.8780,-1,-1,-1
1026,-1,598.96,377.84,23.05,14.92,0.8673,-1,-1,-1
1026,-1,574.75,390.82,18.88,15.82,0.8568,-1,-1,-1
1026,-1,821.23,319.74,28.17,16.41,0.8497,-1,-1,-1
1026,-1,803.80,279.84,33.35,18.49,0.8112,-1,-1,-1
1026,-1,114.71,346.16,27.20,17.36,0.5883,-1,-1,-1
1026,-1,789.63,336.77,20.97,16.28,0.5122,-1,-1,-1
1027,-1,844.53,374.93,123.11,72.50,0.9563,-1,-1,-1
1027,-1,962.38,300.95,61.62,74.91,0.9087,-1,-1,-1
1027,-1,279.47,364.31,55.28,23.50,0.9059,-1,-1,-1
1027,-1,841.05,131.22,34.41,44.10,0.9031,-1,-1,-1
1027,-1,320.28,257.45,46.72,27.39,0.8985,-1,-1,-1
1027,-1,285.79,303.52,44.10,26.29,0.8933,-1,-1,-1
1027,-1,251.38,362.12,20.10,15.93,0.8799,-1,-1,-1
1027,-1,597.70,377.87,22.76,14.64,0.8681,-1,-1,-1
1027,-1,573.82,390.71,18.65,15.94,0.8535,-1,-1,-1
1027,-1,818.51,319.43,28.72,16.40,0.8408,-1,-1,-1
1027,-1,802.07,279.42,35.16,18.25,0.8059,-1,-1,-1
1027,-1,112.78,346.20,27.53,17.49,0.6529,-1,-1,-1
1027,-1,408.63,333.51,20.74,14.02,0.5861,-1,-1,-1
1027,-1,788.85,336.54,20.00,15.78,0.5731,-1,-1,-1
1027,-1,112.59,346.13,27.68,17.53,0.4314,-1,-1,-1
1027,-1,233.53,275.94,24.77,14.97,0.2589,-1,-1,-1
1028,-1,834.71,374.65,124.09,72.47,0.9506,-1,-1,-1
1028,-1,953.52,302.16,70.48,73.14,0.9350,-1,-1,-1
1028,-1,276.97,364.27,55.40,23.51,0.9144,-1,-1,-1
1028,-1,317.27,257.35,47.42,27.41,0.9116,-1,-1,-1
1028,-1,832.57,130.86,34.44,44.15,0.9008,-1,-1,-1
1028,-1,283.81,303.78,43.61,25.96,0.8952,-1,-1,-1
1028,-1,248.48,362.35,20.07,15.53,0.8795,-1,-1,-1
1028,-1,595.97,377.98,22.97,14.51,0.8723,-1,-1,-1
1028,-1,572.07,390.71,18.26,16.05,0.8478,-1,-1,-1
1028,-1,816.81,319.37,29.15,16.25,0.8372,-1,-1,-1
1028,-1,800.30,279.46,34.81,18.72,0.7899,-1,-1,-1
1028,-1,111.35,346.21,27.34,17.73,0.7349,-1,-1,-1
1028,-1,111.13,346.08,27.43,17.71,0.4944,-1,-1,-1
1028,-1,786.82,336.31,20.74,13.80,0.4613,-1,-1,-1
1029,-1,825.03,374.77,123.95,72.50,0.9589,-1,-1,-1
1029,-1,944.64,300.66,79.36,74.68,0.9390,-1,-1,-1
1029,-1,274.03,364.21,55.54,23.32,0.9176,-1,-1,-1
1029,-1,823.79,130.24,35.42,44.86,0.8937,-1,-1,-1
1029,-1,314.53,257.48,47.47,27.20,0.8924,-1,-1,-1
1029,-1,281.24,303.67,43.99,25.68,0.8871,-1,-1,-1
1029,-1,245.88,362.11,20.30,15.81,0.8762,-1,-1,-1
1029,-1,594.40,378.08,23.36,14.28,0.8468,-1,-1,-1
1029,-1,817.18,319.56,26.90,15.89,0.8460,-1,-1,-1
1029,-1,570.82,390.70,18.08,15.84,0.8418,-1,-1,-1
1029,-1,109.73,346.24,27.17,17.55,0.8312,-1,-1,-1
1029,-1,798.11,279.31,34.98,17.79,0.7302,-1,-1,-1
1030,-1,815.07,374.74,124.29,71.89,0.9532,-1,-1,-1
1030,-1,935.10,300.98,88.90,74.40,0.9441,-1,-1,-1
1030,-1,271.49,364.23,55.66,23.61,0.9051,-1,-1,-1
1030,-1,312.03,257.34,47.70,27.28,0.9029,-1,-1,-1
1030,-1,814.93,130.29,35.87,44.82,0.8983,-1,-1,-1
1030,-1,278.20,303.33,44.39,26.19,0.8976,-1,-1,-1
1030,-1,243.10,362.04,20.44,15.87,0.8756,-1,-1,-1
1030,-1,569.05,390.28,18.39,16.36,0.8592,-1,-1,-1
1030,-1,593.22,377.89,22.35,14.49,0.8485,-1,-1,-1
1030,-1,797.15,279.27,33.10,18.87,0.8422,-1,-1,-1
1030,-1,107.72,346.29,27.15,17.69,0.8231,-1,-1,-1
1030,-1,814.35,319.24,27.72,15.76,0.8144,-1,-1,-1
1030,-1,266.19,313.40,15.97,25.40,0.3589,-1,-1,-1
1030,-1,781.79,336.28,21.84,12.46,0.2730,-1,-1,-1
1031,-1,805.29,374.57,124.63,71.92,0.9538,-1,-1,-1
1031,-1,926.03,300.90,97.97,74.54,0.9472,-1,-1,-1
1031,-1,309.31,257.03,47.40,27.33,0.9130,-1,-1,-1
1031,-1,269.24,364.22,54.65,23.50,0.9114,-1,-1,-1
1031,-1,276.49,303.35,44.59,26.11,0.8999,-1,-1,-1
1031,-1,806.38,129.59,37.58,45.63,0.8925,-1,-1,-1
1031,-1,240.29,362.16,20.37,15.75,0.8812,-1,-1,-1
1031,-1,567.19,390.40,18.61,16.11,0.8469,-1,-1,-1
1031,-1,591.31,377.93,23.19,14.46,0.8368,-1,-1,-1
1031,-1,106.22,346.30,27.70,17.60,0.8201,-1,-1,-1
1031,-1,814.19,319.74,26.64,15.28,0.8047,-1,-1,-1
1031,-1,795.75,279.13,32.73,18.06,0.7609,-1,-1,-1
1032,-1,795.73,374.91,124.52,71.95,0.9572,-1,-1,-1
1032,-1,917.51,301.32,106.49,74.08,0.9470,-1,-1,-1
1032,-1,266.27,364.29,55.54,23.30,0.9163,-1,-1,-1
1032,-1,273.04,303.19,46.74,26.57,0.8998,-1,-1,-1
1032,-1,797.86,129.81,36.52,45.57,0.8943,-1,-1,-1
1032,-1,237.42,362.01,20.78,15.77,0.8876,-1,-1,-1
1032,-1,566.10,390.32,18.70,15.88,0.8420,-1,-1,-1
1032,-1,589.87,377.75,22.46,14.54,0.8417,-1,-1,-1
1032,-1,811.13,319.45,27.67,15.51,0.8255,-1,-1,-1
1032,-1,794.24,279.44,33.14,17.54,0.7952,-1,-1,-1
1032,-1,307.01,257.00,47.57,27.29,0.7646,-1,-1,-1
1032,-1,780.38,336.55,20.39,14.90,0.6204,-1,-1,-1
1032,-1,104.20,346.04,28.00,17.76,0.6070,-1,-1,-1
1033,-1,785.90,375.37,125.10,71.46,0.9531,-1,-1,-1
1033,-1,908.75,301.65,115.25,74.09,0.9521,-1,-1,-1
1033,-1,263.83,364.10,55.82,23.51,0.9093,-1,-1,-1
1033,-1,304.43,256.89,47.30,27.60,0.9008,-1,-1,-1
1033,-1,789.29,129.72,36.29,46.25,0.8990,-1,-1,-1
1033,-1,271.00,303.45,44.92,26.27,0.8892,-1,-1,-1
1033,-1,234.64,361.97,20.81,15.60,0.8851,-1,-1,-1
1033,-1,588.13,378.24,22.55,14.27,0.8634,-1,-1,-1
1033,-1,564.27,390.44,18.10,16.00,0.8189,-1,-1,-1
1033,-1,807.81,319.08,29.20,16.14,0.8088,-1,-1,-1
1033,-1,102.85,345.84,27.99,17.55,0.7281,-1,-1,-1
1033,-1,793.71,279.39,33.96,18.27,0.5883,-1,-1,-1
1033,-1,402.32,332.95,21.22,14.56,0.5634,-1,-1,-1
1033,-1,779.46,336.85,19.86,15.75,0.4194,-1,-1,-1
1034,-1,776.00,375.56,125.69,72.22,0.9586,-1,-1,-1
1034,-1,899.54,302.13,123.39,73.97,0.9511,-1,-1,-1
1034,-1,261.38,363.97,55.58,23.64,0.9170,-1,-1,-1
1034,-1,301.79,257.03,47.30,27.25,0.9072,-1,-1,-1
1034,-1,780.97,129.56,36.49,46.57,0.8983,-1,-1,-1
1034,-1,231.94,361.87,20.79,15.78,0.8893,-1,-1,-1
1034,-1,268.65,303.65,43.52,25.44,0.8828,-1,-1,-1
1034,-1,562.24,390.35,18.62,16.12,0.8371,-1,-1,-1
1034,-1,586.06,378.16,23.03,14.29,0.8289,-1,-1,-1
1034,-1,807.63,318.98,27.36,16.76,0.8089,-1,-1,-1
1034,-1,101.44,345.69,27.88,17.48,0.7987,-1,-1,-1
1034,-1,790.31,279.34,34.69,18.23,0.7886,-1,-1,-1
1034,-1,400.96,333.17,20.82,14.07,0.3696,-1,-1,-1
1034,-1,154.36,324.67,17.90,19.68,0.2998,-1,-1,-1
1035,-1,890.23,302.45,119.77,74.12,0.9549,-1,-1,-1
1035,-1,766.10,375.81,125.79,72.27,0.9545,-1,-1,-1
1035,-1,258.36,363.84,55.71,23.59,0.9203,-1,-1,-1
1035,-1,772.32,129.30,36.58,47.07,0.8993,-1,-1,-1
1035,-1,299.34,256.73,47.55,27.35,0.8862,-1,-1,-1
1035,-1,266.10,303.03,44.74,26.51,0.8851,-1,-1,-1
1035,-1,229.73,361.81,20.43,15.67,0.8832,-1,-1,-1
1035,-1,560.75,390.26,18.72,16.03,0.8631,-1,-1,-1
1035,-1,994.89,311.31,26.74,19.51,0.8541,-1,-1,-1
1035,-1,585.23,377.98,21.93,14.56,0.8520,-1,-1,-1
1035,-1,806.62,319.27,27.60,16.76,0.8340,-1,-1,-1
1035,-1,789.62,280.02,32.13,18.27,0.8287,-1,-1,-1
1035,-1,99.09,345.38,27.99,17.67,0.4632,-1,-1,-1
1035,-1,99.31,345.36,27.68,17.66,0.4132,-1,-1,-1
1035,-1,252.03,313.33,16.42,24.64,0.2843,-1,-1,-1
1035,-1,153.57,324.60,16.93,19.64,0.2784,-1,-1,-1
1036,-1,756.29,376.50,126.66,72.11,0.9530,-1,-1,-1
1036,-1,882.04,303.14,117.59,73.71,0.9497,-1,-1,-1
1036,-1,255.82,363.71,55.72,23.67,0.9132,-1,-1,-1
1036,-1,764.13,131.73,36.79,45.05,0.9001,-1,-1,-1
1036,-1,296.68,256.75,48.17,27.57,0.8984,-1,-1,-1
1036,-1,263.97,302.69,43.21,26.32,0.8888,-1,-1,-1
1036,-1,988.80,311.80,30.43,20.40,0.8859,-1,-1,-1
1036,-1,227.30,361.53,20.13,15.81,0.8801,-1,-1,-1
1036,-1,558.82,390.55,18.78,15.98,0.8567,-1,-1,-1
1036,-1,804.46,319.61,29.24,16.85,0.8535,-1,-1,-1
1036,-1,583.46,377.77,22.52,14.75,0.8507,-1,-1,-1
1036,-1,787.68,280.39,33.56,18.38,0.8394,-1,-1,-1
1036,-1,97.79,344.99,27.85,17.59,0.5811,-1,-1,-1
1036,-1,152.05,324.25,17.71,19.93,0.3990,-1,-1,-1
1036,-1,774.34,337.11,20.24,13.11,0.3528,-1,-1,-1
1037,-1,746.60,377.13,126.71,71.60,0.9547,-1,-1,-1
1037,-1,872.63,303.26,115.62,73.99,0.9492,-1,-1,-1
1037,-1,253.86,363.66,55.23,23.56,0.9117,-1,-1,-1
1037,-1,755.79,129.33,37.52,48.08,0.8962,-1,-1,-1
1037,-1,980.35,312.36,36.29,20.47,0.8941,-1,-1,-1
1037,-1,224.14,361.33,20.53,15.82,0.8823,-1,-1,-1
1037,-1,262.75,302.49,42.71,26.57,0.8602,-1,-1,-1
1037,-1,803.41,320.06,28.57,17.01,0.8538,-1,-1,-1
1037,-1,581.97,377.72,22.16,14.97,0.8500,-1,-1,-1
1037,-1,557.77,390.71,18.79,15.81,0.8453,-1,-1,-1
1037,-1,786.27,280.75,32.06,17.84,0.8328,-1,-1,-1
1037,-1,96.11,344.67,28.23,17.63,0.7661,-1,-1,-1
1037,-1,294.26,256.43,48.51,27.54,0.6334,-1,-1,-1
1037,-1,294.08,256.45,48.37,27.43,0.5365,-1,-1,-1
1037,-1,772.59,337.68,20.81,15.73,0.5315,-1,-1,-1
1037,-1,971.14,276.56,22.39,14.20,0.3076,-1,-1,-1
1038,-1,736.67,377.32,127.54,71.65,0.9508,-1,-1,-1
1038,-1,863.64,303.68,115.29,74.06,0.9489,-1,-1,-1
1038,-1,251.39,363.40,54.04,23.30,0.9104,-1,-1,-1
1038,-1,747.39,133.01,37.17,44.79,0.9033,-1,-1,-1
1038,-1,291.78,256.42,47.40,27.41,0.9015,-1,-1,-1
1038,-1,977.37,313.02,35.89,20.43,0.8939,-1,-1,-1
1038,-1,221.09,361.16,21.12,15.67,0.8856,-1,-1,-1
1038,-1,259.33,302.28,44.10,26.35,0.8665,-1,-1,-1
1038,-1,580.49,378.04,22.33,14.89,0.8629,-1,-1,-1
1038,-1,802.29,320.86,27.33,16.25,0.8473,-1,-1,-1
1038,-1,555.81,390.93,18.41,15.58,0.8255,-1,-1,-1
1038,-1,785.61,281.79,29.25,17.34,0.8044,-1,-1,-1
1038,-1,94.37,344.38,28.52,17.49,0.6618,-1,-1,-1
1038,-1,771.92,338.15,19.94,16.72,0.5931,-1,-1,-1
1038,-1,962.35,277.22,28.47,14.33,0.4868,-1,-1,-1
1038,-1,147.83,325.36,18.69,17.98,0.4013,-1,-1,-1
1038,-1,94.56,344.48,28.31,17.57,0.3959,-1,-1,-1
1038,-1,244.43,312.90,16.71,24.42,0.3665,-1,-1,-1
1039,-1,726.91,377.64,128.01,71.94,0.9598,-1,-1,-1
1039,-1,855.05,304.00,111.53,74.37,0.9461,-1,-1,-1
1039,-1,248.99,363.04,55.20,23.66,0.9094,-1,-1,-1
1039,-1,739.28,133.83,36.89,44.12,0.9088,-1,-1,-1
1039,-1,974.39,313.40,36.09,20.43,0.8955,-1,-1,-1
1039,-1,218.91,361.00,20.63,15.95,0.8781,-1,-1,-1
1039,-1,257.47,302.16,43.34,25.36,0.8750,-1,-1,-1
1039,-1,289.23,256.39,48.31,27.47,0.8722,-1,-1,-1
1039,-1,800.97,321.11,26.85,16.33,0.8573,-1,-1,-1
1039,-1,578.44,378.12,22.66,15.19,0.8428,-1,-1,-1
1039,-1,554.39,391.03,18.23,15.43,0.8305,-1,-1,-1
1039,-1,92.90,344.21,28.18,17.54,0.6610,-1,-1,-1
1039,-1,782.87,283.37,25.05,16.05,0.6551,-1,-1,-1
1039,-1,770.82,338.38,19.99,15.81,0.6501,-1,-1,-1
1039,-1,92.82,344.12,28.13,17.54,0.3960,-1,-1,-1
1039,-1,146.81,326.00,18.20,17.34,0.3153,-1,-1,-1
1040,-1,716.71,377.81,129.18,71.76,0.9513,-1,-1,-1
1040,-1,845.77,304.19,109.58,75.01,0.9482,-1,-1,-1
1040,-1,730.92,134.08,37.43,44.36,0.9080,-1,-1,-1
1040,-1,971.87,313.94,35.94,20.57,0.9048,-1,-1,-1
1040,-1,245.54,362.80,54.15,23.74,0.9041,-1,-1,-1
1040,-1,286.92,256.20,48.20,27.34,0.8883,-1,-1,-1
1040,-1,215.87,360.79,20.94,15.86,0.8814,-1,-1,-1
1040,-1,799.39,321.59,27.40,16.18,0.8723,-1,-1,-1
1040,-1,577.23,378.03,22.58,15.37,0.8510,-1,-1,-1
1040,-1,553.36,390.99,18.23,15.60,0.8422,-1,-1,-1
1040,-1,255.92,302.08,42.39,25.22,0.8016,-1,-1,-1
1040,-1,951.09,334.15,25.05,23.43,0.7915,-1,-1,-1
1040,-1,91.48,343.82,27.59,17.76,0.7441,-1,-1,-1
1040,-1,942.52,278.39,23.73,14.03,0.6708,-1,-1,-1
1040,-1,998.61,275.19,25.39,21.57,0.6451,-1,-1,-1
1040,-1,769.48,338.71,19.11,13.49,0.4958,-1,-1,-1
1040,-1,960.79,277.31,25.35,13.40,0.3392,-1,-1,-1
1041,-1,707.51,378.09,128.76,71.55,0.9519,-1,-1,-1
1041,-1,836.73,304.65,109.22,74.81,0.9441,-1,-1,-1
1041,-1,242.58,362.61,55.02,23.86,0.9159,-1,-1,-1
1041,-1,722.65,134.40,37.35,44.75,0.9081,-1,-1,-1
1041,-1,969.56,314.37,35.74,20.83,0.8980,-1,-1,-1
1041,-1,213.38,360.70,20.89,15.68,0.8865,-1,-1,-1
1041,-1,252.39,302.37,44.30,24.73,0.8741,-1,-1,-1
1041,-1,798.23,321.47,24.03,16.71,0.8513,-1,-1,-1
1041,-1,575.22,377.42,23.53,16.04,0.8506,-1,-1,-1
1041,-1,551.45,391.32,18.18,15.75,0.8298,-1,-1,-1
1041,-1,283.81,256.18,48.98,27.30,0.7689,-1,-1,-1
1041,-1,941.58,334.60,31.45,24.24,0.7672,-1,-1,-1
1041,-1,90.01,343.67,27.62,17.67,0.7077,-1,-1,-1
1041,-1,995.96,274.60,28.04,22.35,0.6848,-1,-1,-1
1041,-1,956.22,276.91,27.26,15.02,0.5353,-1,-1,-1
1041,-1,931.56,275.01,31.59,19.03,0.4453,-1,-1,-1
1041,-1,767.80,339.09,19.17,16.59,0.3666,-1,-1,-1
1041,-1,1014.59,294.24,9.41,14.24,0.2819,-1,-1,-1
1042,-1,697.12,378.14,129.47,71.77,0.9549,-1,-1,-1
1042,-1,828.36,305.05,106.11,75.36,0.9484,-1,-1,-1
1042,-1,714.10,134.60,37.47,44.49,0.9079,-1,-1,-1
1042,-1,240.64,362.76,55.46,23.71,0.9036,-1,-1,-1
1042,-1,966.45,314.80,35.46,20.45,0.8962,-1,-1,-1
1042,-1,281.59,256.09,48.49,27.32,0.8763,-1,-1,-1
1042,-1,249.60,301.83,44.06,24.99,0.8743,-1,-1,-1
1042,-1,210.24,360.42,21.32,15.86,0.8732,-1,-1,-1
1042,-1,929.40,334.70,42.16,24.72,0.8573,-1,-1,-1
1042,-1,573.70,378.65,24.16,14.84,0.8524,-1,-1,-1
1042,-1,549.78,391.76,18.79,15.46,0.8472,-1,-1,-1
1042,-1,88.09,343.40,28.44,17.72,0.8237,-1,-1,-1
1042,-1,992.99,275.02,31.01,22.45,0.8235,-1,-1,-1
1042,-1,923.14,272.99,38.00,21.88,0.8065,-1,-1,-1
1042,-1,766.84,339.54,19.12,18.82,0.5146,-1,-1,-1
1042,-1,113.60,304.16,19.16,12.84,0.3938,-1,-1,-1
1042,-1,950.82,278.37,30.26,15.38,0.2798,-1,-1,-1
1043,-1,687.50,378.27,130.89,71.62,0.9513,-1,-1,-1
1043,-1,819.10,305.22,104.68,74.90,0.9460,-1,-1,-1
1043,-1,705.70,134.96,37.30,44.61,0.9094,-1,-1,-1
1043,-1,278.90,256.18,48.38,27.23,0.9073,-1,-1,-1
1043,-1,237.84,362.93,55.60,23.54,0.9023,-1,-1,-1
1043,-1,246.74,301.83,45.29,25.38,0.8965,-1,-1,-1
1043,-1,964.29,315.05,34.55,20.52,0.8954,-1,-1,-1
1043,-1,207.56,360.29,21.31,16.00,0.8823,-1,-1,-1
1043,-1,914.22,271.46,43.61,23.84,0.8794,-1,-1,-1
1043,-1,572.27,378.48,22.66,15.22,0.8592,-1,-1,-1
1043,-1,990.25,274.59,33.75,23.01,0.8587,-1,-1,-1
1043,-1,919.74,335.50,50.40,24.39,0.8565,-1,-1,-1
1043,-1,548.36,391.41,19.30,16.05,0.8513,-1,-1,-1
1043,-1,86.49,343.46,28.42,17.66,0.5601,-1,-1,-1
1043,-1,86.48,343.46,28.43,17.68,0.3870,-1,-1,-1
1043,-1,950.79,278.60,27.51,13.94,0.3496,-1,-1,-1
1043,-1,113.26,303.80,17.67,13.12,0.3115,-1,-1,-1
1043,-1,764.79,339.51,19.33,13.95,0.2783,-1,-1,-1
1044,-1,677.27,378.36,131.17,71.46,0.9521,-1,-1,-1
1044,-1,809.71,305.46,103.83,74.48,0.9497,-1,-1,-1
1044,-1,235.60,362.81,55.08,23.79,0.9197,-1,-1,-1
1044,-1,697.12,134.91,37.79,44.65,0.9082,-1,-1,-1
1044,-1,276.41,256.38,48.19,26.98,0.9073,-1,-1,-1
1044,-1,961.43,314.97,34.81,20.63,0.9011,-1,-1,-1
1044,-1,243.97,302.28,45.83,25.27,0.8917,-1,-1,-1
1044,-1,205.05,360.58,21.28,15.69,0.8899,-1,-1,-1
1044,-1,907.23,270.61,48.17,24.64,0.8824,-1,-1,-1
1044,-1,913.43,335.37,52.96,24.73,0.8802,-1,-1,-1
1044,-1,988.03,274.41,35.97,23.29,0.8607,-1,-1,-1
1044,-1,570.60,378.63,23.23,15.20,0.8499,-1,-1,-1
1044,-1,546.34,391.67,18.87,15.34,0.8339,-1,-1,-1
1044,-1,85.14,343.50,27.80,17.72,0.6873,-1,-1,-1
1044,-1,949.29,278.51,26.46,14.69,0.5231,-1,-1,-1
1044,-1,110.52,303.83,18.67,13.42,0.4395,-1,-1,-1
1044,-1,763.57,339.02,18.45,14.38,0.4156,-1,-1,-1
1044,-1,683.16,230.16,21.06,18.12,0.3481,-1,-1,-1
1044,-1,238.28,347.42,16.19,12.24,0.2654,-1,-1,-1
1045,-1,667.72,378.19,131.67,71.58,0.9504,-1,-1,-1
1045,-1,801.34,304.68,100.73,75.08,0.9475,-1,-1,-1
1045,-1,232.84,362.94,55.94,23.77,0.9143,-1,-1,-1
1045,-1,688.39,135.06,37.86,44.36,0.9119,-1,-1,-1
1045,-1,273.70,256.61,48.62,27.29,0.9025,-1,-1,-1
1045,-1,898.19,270.00,55.07,25.42,0.9020,-1,-1,-1
1045,-1,958.41,314.99,35.22,20.33,0.8941,-1,-1,-1
1045,-1,242.19,302.41,45.43,25.41,0.8812,-1,-1,-1
1045,-1,985.39,274.28,38.25,22.96,0.8770,-1,-1,-1
1045,-1,201.96,360.77,21.56,15.65,0.8731,-1,-1,-1
1045,-1,910.49,335.05,55.70,24.98,0.8701,-1,-1,-1
1045,-1,544.93,391.70,18.86,15.12,0.8503,-1,-1,-1
1045,-1,569.04,378.18,22.18,15.55,0.8481,-1,-1,-1
1045,-1,83.27,343.66,27.81,17.75,0.7007,-1,-1,-1
1045,-1,109.72,304.02,18.32,13.41,0.5133,-1,-1,-1
1045,-1,761.95,339.29,19.20,12.40,0.4217,-1,-1,-1
1045,-1,235.84,346.48,16.30,13.74,0.4036,-1,-1,-1
1045,-1,947.88,277.89,25.35,14.16,0.3416,-1,-1,-1
1046,-1,657.43,377.93,132.86,71.67,0.9530,-1,-1,-1
1046,-1,791.78,304.96,99.71,74.45,0.9466,-1,-1,-1
1046,-1,230.69,363.33,54.93,23.39,0.9150,-1,-1,-1
1046,-1,680.02,134.79,38.03,44.67,0.9123,-1,-1,-1
1046,-1,890.36,269.38,60.12,25.87,0.9088,-1,-1,-1
1046,-1,270.71,256.64,49.30,27.32,0.9045,-1,-1,-1
1046,-1,955.92,314.61,34.65,20.65,0.8922,-1,-1,-1
1046,-1,239.31,302.93,46.08,25.16,0.8893,-1,-1,-1
1046,-1,199.23,360.90,21.56,15.76,0.8874,-1,-1,-1
1046,-1,982.76,273.83,40.46,23.18,0.8782,-1,-1,-1
1046,-1,567.42,377.96,21.48,15.94,0.8583,-1,-1,-1
1046,-1,543.02,391.51,19.16,15.42,0.8517,-1,-1,-1
1046,-1,908.41,334.75,56.23,24.95,0.8494,-1,-1,-1
1046,-1,81.92,343.97,27.42,17.57,0.7353,-1,-1,-1
1046,-1,760.43,339.47,19.96,21.70,0.4827,-1,-1,-1
1047,-1,647.78,378.07,132.83,71.47,0.9514,-1,-1,-1
1047,-1,782.43,304.32,98.54,75.03,0.9450,-1,-1,-1
1047,-1,671.34,134.63,38.14,45.27,0.9159,-1,-1,-1
1047,-1,228.23,363.53,54.76,23.29,0.9116,-1,-1,-1
1047,-1,883.64,269.10,64.26,25.95,0.9114,-1,-1,-1
1047,-1,267.93,256.93,49.56,27.23,0.9096,-1,-1,-1
1047,-1,978.14,273.81,43.34,23.54,0.8965,-1,-1,-1
1047,-1,235.65,302.29,47.03,26.00,0.8949,-1,-1,-1
1047,-1,196.59,361.08,21.68,15.67,0.8911,-1,-1,-1
1047,-1,953.33,314.30,34.28,20.73,0.8896,-1,-1,-1
1047,-1,541.43,391.60,19.13,15.29,0.8584,-1,-1,-1
1047,-1,906.12,334.53,59.18,24.72,0.8539,-1,-1,-1
1047,-1,565.86,378.56,20.78,15.18,0.8435,-1,-1,-1
1047,-1,79.93,344.22,28.26,17.46,0.7968,-1,-1,-1
1047,-1,1008.44,346.68,15.56,20.10,0.5053,-1,-1,-1
1047,-1,230.26,347.76,17.03,12.81,0.4133,-1,-1,-1
1047,-1,942.19,276.80,25.45,14.36,0.3988,-1,-1,-1
1047,-1,219.85,312.57,17.01,24.50,0.3653,-1,-1,-1
1048,-1,637.35,377.58,134.16,71.83,0.9514,-1,-1,-1
1048,-1,773.26,303.91,96.16,74.99,0.9470,-1,-1,-1
1048,-1,224.38,363.77,56.18,23.57,0.9169,-1,-1,-1
1048,-1,662.62,134.29,38.42,44.82,0.9161,-1,-1,-1
1048,-1,878.33,268.90,66.35,25.82,0.9080,-1,-1,-1
1048,-1,950.11,314.00,34.83,20.50,0.8919,-1,-1,-1
1048,-1,233.97,302.37,46.71,25.97,0.8853,-1,-1,-1
1048,-1,976.98,273.71,41.18,23.16,0.8776,-1,-1,-1
1048,-1,193.74,361.27,21.77,15.82,0.8747,-1,-1,-1
1048,-1,540.15,391.36,19.13,15.74,0.8600,-1,-1,-1
1048,-1,902.44,334.56,60.64,24.35,0.8555,-1,-1,-1
1048,-1,563.91,378.58,20.10,15.03,0.8513,-1,-1,-1
1048,-1,265.27,256.89,50.54,27.07,0.7924,-1,-1,-1
1048,-1,1007.17,345.31,16.83,22.30,0.5905,-1,-1,-1
1048,-1,78.21,344.31,28.18,17.72,0.5739,-1,-1,-1
1048,-1,78.35,344.38,28.12,17.73,0.5315,-1,-1,-1
1048,-1,936.15,276.14,29.15,16.73,0.4116,-1,-1,-1
1048,-1,265.16,256.96,50.73,27.01,0.3999,-1,-1,-1
1048,-1,227.96,348.13,16.80,12.41,0.3010,-1,-1,-1
1048,-1,1002.99,294.93,18.40,12.60,0.2908,-1,-1,-1
1049,-1,627.74,377.15,134.13,71.96,0.9534,-1,-1,-1
1049,-1,763.90,303.75,94.94,74.88,0.9493,-1,-1,-1
1049,-1,221.98,363.84,56.00,23.72,0.9231,-1,-1,-1
1049,-1,653.65,133.96,38.67,45.02,0.9171,-1,-1,-1
1049,-1,873.73,268.39,68.47,26.06,0.9130,-1,-1,-1
1049,-1,947.40,313.64,34.53,20.47,0.8945,-1,-1,-1
1049,-1,191.47,361.50,21.04,15.76,0.8936,-1,-1,-1
1049,-1,231.18,303.33,46.81,25.29,0.8809,-1,-1,-1
1049,-1,262.83,256.99,50.08,27.40,0.8786,-1,-1,-1
1049,-1,974.43,273.08,40.95,23.38,0.8737,-1,-1,-1
1049,-1,899.56,333.52,57.99,24.98,0.8648,-1,-1,-1
1049,-1,562.28,378.62,19.02,14.95,0.8461,-1,-1,-1
1049,-1,538.42,391.56,18.45,15.27,0.8390,-1,-1,-1
1049,-1,76.32,344.85,28.33,17.44,0.6677,-1,-1,-1
1049,-1,1003.93,344.86,20.07,22.54,0.5696,-1,-1,-1
1049,-1,102.81,304.86,18.96,14.32,0.4657,-1,-1,-1
1049,-1,934.79,275.99,27.42,14.11,0.3488,-1,-1,-1
1049,-1,225.18,348.40,17.43,12.23,0.3034,-1,-1,-1
1049,-1,982.72,348.03,27.08,15.66,0.2684,-1,-1,-1
1049,-1,76.47,344.70,28.35,17.45,0.2561,-1,-1,-1
1050,-1,617.88,376.87,134.83,72.00,0.9534,-1,-1,-1
1050,-1,754.54,303.46,93.50,74.46,0.9458,-1,-1,-1
1050,-1,645.23,133.72,38.28,44.96,0.9173,-1,-1,-1
1050,-1,218.87,364.18,56.51,23.33,0.9168,-1,-1,-1
1050,-1,871.38,267.99,68.12,25.85,0.9160,-1,-1,-1
1050,-1,228.09,303.46,46.79,25.19,0.8929,-1,-1,-1
1050,-1,188.65,361.77,21.31,15.69,0.8918,-1,-1,-1
1050,-1,944.72,312.98,34.04,20.64,0.8871,-1,-1,-1
1050,-1,259.80,257.03,49.90,27.24,0.8836,-1,-1,-1
1050,-1,971.26,273.25,42.22,22.19,0.8717,-1,-1,-1
1050,-1,897.04,333.18,57.67,24.98,0.8629,-1,-1,-1
1050,-1,536.79,391.42,19.16,15.53,0.8581,-1,-1,-1
1050,-1,560.89,378.43,17.60,15.15,0.7407,-1,-1,-1
1050,-1,74.53,345.09,28.20,17.64,0.6639,-1,-1,-1
1050,-1,999.31,344.20,24.69,23.74,0.5025,-1,-1,-1
1050,-1,932.54,276.25,26.18,14.63,0.4431,-1,-1,-1
1050,-1,222.63,348.44,17.79,12.35,0.3571,-1,-1,-1
1050,-1,212.72,313.15,16.13,24.92,0.3464,-1,-1,-1
1051,-1,607.91,376.66,136.07,71.78,0.9548,-1,-1,-1
1051,-1,745.36,303.33,91.76,74.20,0.9481,-1,-1,-1
1051,-1,636.39,133.49,39.08,45.19,0.9206,-1,-1,-1
1051,-1,216.25,364.26,56.45,23.52,0.9162,-1,-1,-1
1051,-1,869.42,267.60,67.05,25.66,0.9157,-1,-1,-1
1051,-1,257.37,257.63,49.68,26.95,0.9028,-1,-1,-1
1051,-1,895.28,332.65,62.02,25.01,0.8955,-1,-1,-1
1051,-1,941.99,312.59,33.87,20.55,0.8897,-1,-1,-1
1051,-1,225.49,303.32,47.27,25.82,0.8889,-1,-1,-1
1051,-1,185.79,361.80,21.50,15.84,0.8816,-1,-1,-1
1051,-1,969.64,272.43,40.62,22.66,0.8665,-1,-1,-1
1051,-1,534.93,391.29,19.12,15.66,0.8515,-1,-1,-1
1051,-1,558.79,377.67,17.25,16.09,0.7680,-1,-1,-1
1051,-1,129.93,326.83,18.01,17.49,0.5883,-1,-1,-1
1051,-1,927.19,276.28,29.73,15.41,0.5502,-1,-1,-1
1051,-1,98.58,305.67,19.64,13.65,0.5431,-1,-1,-1
1051,-1,72.87,345.33,28.43,17.53,0.5128,-1,-1,-1
1051,-1,996.63,343.57,27.37,24.32,0.5002,-1,-1,-1
1051,-1,72.79,345.34,28.58,17.49,0.4257,-1,-1,-1
1051,-1,219.84,348.65,18.48,12.12,0.3329,-1,-1,-1
1051,-1,209.55,313.84,16.81,24.14,0.3060,-1,-1,-1
1051,-1,996.76,343.65,27.24,23.78,0.2939,-1,-1,-1
1052,-1,597.78,376.62,136.69,71.80,0.9524,-1,-1,-1
1052,-1,736.31,302.98,89.55,74.69,0.9450,-1,-1,-1
1052,-1,627.97,132.96,40.74,45.70,0.9170,-1,-1,-1
1052,-1,866.88,267.10,67.17,25.80,0.9127,-1,-1,-1
1052,-1,255.07,257.63,49.20,27.01,0.9082,-1,-1,-1
1052,-1,213.95,364.45,56.15,23.40,0.9067,-1,-1,-1
1052,-1,893.44,332.55,61.35,24.74,0.8942,-1,-1,-1
1052,-1,223.02,303.91,46.92,25.59,0.8936,-1,-1,-1
1052,-1,939.19,311.99,33.68,20.68,0.8934,-1,-1,-1
1052,-1,182.89,362.18,21.59,15.68,0.8929,-1,-1,-1
1052,-1,966.41,271.86,41.90,22.97,0.8743,-1,-1,-1
1052,-1,533.16,390.89,19.54,15.91,0.8567,-1,-1,-1
1052,-1,994.10,343.08,29.90,24.36,0.6707,-1,-1,-1
1052,-1,70.86,345.74,28.94,17.52,0.5904,-1,-1,-1
1052,-1,557.33,378.47,16.04,14.94,0.5578,-1,-1,-1
1052,-1,925.83,276.06,28.33,13.84,0.5442,-1,-1,-1
1052,-1,97.88,306.21,18.20,13.64,0.3709,-1,-1,-1
1052,-1,860.24,249.83,19.25,20.49,0.3590,-1,-1,-1
1052,-1,70.54,345.77,29.12,17.52,0.2935,-1,-1,-1
1053,-1,588.37,376.19,137.72,72.02,0.9545,-1,-1,-1
1053,-1,726.77,302.53,88.18,74.63,0.9471,-1,-1,-1
1053,-1,211.08,364.56,56.26,23.35,0.9163,-1,-1,-1
1053,-1,618.84,132.84,39.14,46.69,0.9107,-1,-1,-1
1053,-1,864.05,266.67,66.91,25.60,0.9101,-1,-1,-1
1053,-1,219.95,303.72,48.10,25.41,0.9013,-1,-1,-1
1053,-1,936.73,311.70,33.58,20.57,0.8956,-1,-1,-1
1053,-1,179.99,362.49,21.90,15.42,0.8912,-1,-1,-1
1053,-1,890.41,332.30,62.15,24.41,0.8825,-1,-1,-1
1053,-1,963.31,270.90,42.20,23.29,0.8700,-1,-1,-1
1053,-1,991.09,342.31,32.91,24.95,0.8651,-1,-1,-1
1053,-1,531.99,391.29,19.47,15.50,0.8620,-1,-1,-1
1053,-1,69.54,345.95,28.68,17.44,0.8268,-1,-1,-1
1053,-1,251.30,257.69,50.29,27.00,0.8179,-1,-1,-1
1053,-1,923.21,275.51,27.90,15.34,0.6637,-1,-1,-1
1053,-1,95.95,306.59,18.41,13.91,0.4498,-1,-1,-1
1053,-1,204.56,313.15,16.08,25.53,0.3495,-1,-1,-1
1053,-1,544.47,333.73,18.56,32.67,0.2600,-1,-1,-1
1053,-1,556.08,377.61,15.23,15.51,0.2551,-1,-1,-1
1054,-1,578.00,376.09,138.03,72.12,0.9533,-1,-1,-1
1054,-1,717.62,302.46,86.72,74.59,0.9421,-1,-1,-1
1054,-1,248.40,257.69,51.05,26.97,0.9136,-1,-1,-1
1054,-1,208.16,364.69,56.70,23.25,0.9122,-1,-1,-1
1054,-1,610.68,132.64,39.02,45.37,0.9102,-1,-1,-1
1054,-1,859.93,266.24,67.33,25.48,0.9097,-1,-1,-1
1054,-1,933.67,311.43,33.36,20.25,0.8924,-1,-1,-1
1054,-1,177.42,362.47,21.60,15.66,0.8855,-1,-1,-1
1054,-1,218.50,304.02,47.27,25.48,0.8793,-1,-1,-1
1054,-1,988.12,341.82,35.88,25.07,0.8762,-1,-1,-1
1054,-1,887.62,332.31,59.28,24.20,0.8735,-1,-1,-1
1054,-1,960.37,270.79,41.51,22.96,0.8664,-1,-1,-1
1054,-1,530.09,391.12,18.85,15.07,0.8438,-1,-1,-1
1054,-1,93.01,306.58,19.67,13.41,0.6554,-1,-1,-1
1054,-1,918.86,274.77,29.57,16.18,0.5884,-1,-1,-1
1054,-1,201.23,314.68,16.68,24.52,0.5137,-1,-1,-1
1054,-1,67.54,346.26,29.09,17.28,0.4604,-1,-1,-1
1054,-1,67.56,346.21,28.93,17.36,0.4540,-1,-1,-1
1054,-1,987.72,328.61,16.07,15.35,0.2569,-1,-1,-1
1055,-1,567.77,375.93,139.03,72.10,0.9552,-1,-1,-1
1055,-1,707.85,302.06,86.04,75.00,0.9420,-1,-1,-1
1055,-1,858.08,266.13,67.10,25.39,0.9131,-1,-1,-1
1055,-1,602.40,132.60,38.81,46.13,0.9131,-1,-1,-1
1055,-1,246.30,257.89,50.45,26.62,0.9084,-1,-1,-1
1055,-1,205.53,364.76,57.00,23.15,0.9027,-1,-1,-1
1055,-1,930.80,311.05,33.51,20.62,0.8949,-1,-1,-1
1055,-1,175.25,362.76,21.34,15.44,0.8898,-1,-1,-1
1055,-1,215.14,304.01,48.11,25.40,0.8891,-1,-1,-1
1055,-1,986.43,341.62,37.57,25.01,0.8777,-1,-1,-1
1055,-1,885.85,331.65,60.53,24.62,0.8773,-1,-1,-1
1055,-1,957.59,270.67,41.75,22.25,0.8724,-1,-1,-1
1055,-1,528.33,391.25,19.63,14.94,0.8557,-1,-1,-1
1055,-1,66.03,346.34,28.70,17.37,0.8289,-1,-1,-1
1055,-1,917.43,274.64,28.55,15.06,0.5970,-1,-1,-1
1055,-1,985.20,328.23,16.96,16.08,0.5784,-1,-1,-1
1055,-1,91.55,307.09,19.55,13.09,0.3476,-1,-1,-1
1056,-1,557.60,375.93,140.04,72.09,0.9540,-1,-1,-1
1056,-1,698.81,302.47,85.04,74.63,0.9430,-1,-1,-1
1056,-1,593.93,132.50,38.67,45.31,0.9160,-1,-1,-1
1056,-1,203.03,364.65,56.58,23.38,0.9131,-1,-1,-1
1056,-1,855.80,265.84,67.06,25.46,0.9105,-1,-1,-1
1056,-1,242.74,257.65,51.24,26.99,0.9088,-1,-1,-1
1056,-1,211.95,304.01,48.72,25.68,0.9011,-1,-1,-1
1056,-1,983.21,341.49,40.79,25.53,0.8974,-1,-1,-1
1056,-1,928.51,310.77,33.30,20.52,0.8883,-1,-1,-1
1056,-1,172.56,362.74,21.25,15.51,0.8842,-1,-1,-1
1056,-1,955.70,270.00,41.78,22.33,0.8840,-1,-1,-1
1056,-1,881.40,330.95,63.87,24.84,0.8693,-1,-1,-1
1056,-1,526.64,390.90,19.16,15.29,0.8485,-1,-1,-1
1056,-1,776.43,319.41,24.89,16.43,0.8468,-1,-1,-1
1056,-1,63.66,346.55,29.33,17.28,0.7472,-1,-1,-1
1056,-1,914.96,274.09,27.98,16.32,0.6491,-1,-1,-1
1056,-1,90.31,306.83,19.53,13.52,0.5790,-1,-1,-1
1056,-1,206.71,349.34,18.48,12.06,0.4563,-1,-1,-1
1056,-1,982.94,328.13,17.63,17.51,0.3221,-1,-1,-1
1056,-1,972.73,345.37,19.26,15.63,0.2641,-1,-1,-1
1057,-1,548.37,375.75,139.94,72.06,0.9543,-1,-1,-1
1057,-1,689.49,302.32,83.36,74.63,0.9409,-1,-1,-1
1057,-1,585.39,132.61,38.81,45.32,0.9156,-1,-1,-1
1057,-1,240.30,257.77,52.14,26.82,0.9151,-1,-1,-1
1057,-1,200.82,364.73,55.97,23.23,0.9132,-1,-1,-1
1057,-1,853.35,265.62,65.85,25.68,0.9103,-1,-1,-1
1057,-1,979.97,341.32,44.03,25.58,0.9048,-1,-1,-1
1057,-1,209.59,304.15,49.37,25.38,0.9022,-1,-1,-1
1057,-1,879.85,330.76,62.00,24.92,0.8924,-1,-1,-1
1057,-1,62.53,346.57,29.27,17.37,0.8845,-1,-1,-1
1057,-1,925.95,310.75,32.92,20.46,0.8833,-1,-1,-1
1057,-1,168.90,362.55,22.15,15.58,0.8827,-1,-1,-1
1057,-1,952.75,269.95,42.09,22.30,0.8814,-1,-1,-1
1057,-1,771.73,319.32,27.63,16.12,0.8610,-1,-1,-1
1057,-1,525.57,390.83,19.44,15.38,0.8535,-1,-1,-1
1057,-1,979.77,327.64,18.81,16.81,0.7223,-1,-1,-1
1057,-1,910.96,273.54,29.32,15.73,0.6210,-1,-1,-1
1057,-1,988.31,290.31,22.18,21.18,0.4767,-1,-1,-1
1057,-1,88.20,306.62,19.85,13.19,0.4631,-1,-1,-1
1058,-1,538.49,375.94,141.09,72.05,0.9560,-1,-1,-1
1058,-1,680.14,302.19,81.73,74.33,0.9452,-1,-1,-1
1058,-1,577.38,132.60,38.62,46.47,0.9143,-1,-1,-1
1058,-1,849.63,265.59,67.01,25.51,0.9086,-1,-1,-1
1058,-1,237.94,257.96,52.10,26.54,0.9078,-1,-1,-1
1058,-1,198.53,364.67,56.22,23.33,0.9060,-1,-1,-1
1058,-1,876.92,330.68,62.22,24.64,0.9003,-1,-1,-1
1058,-1,978.71,341.14,45.29,25.56,0.8984,-1,-1,-1
1058,-1,166.55,362.77,21.90,15.50,0.8958,-1,-1,-1
1058,-1,208.14,305.24,48.28,24.75,0.8889,-1,-1,-1
1058,-1,949.24,269.81,43.10,22.64,0.8858,-1,-1,-1
1058,-1,922.80,310.62,33.04,20.47,0.8805,-1,-1,-1
1058,-1,523.85,390.68,19.20,15.45,0.8590,-1,-1,-1
1058,-1,771.48,319.14,25.93,16.45,0.8581,-1,-1,-1
1058,-1,977.68,327.64,19.46,16.08,0.7881,-1,-1,-1
1058,-1,908.60,273.97,29.47,15.07,0.6451,-1,-1,-1
1058,-1,60.80,346.40,28.86,17.29,0.5646,-1,-1,-1
1058,-1,87.23,306.91,19.30,13.19,0.4811,-1,-1,-1
1058,-1,189.81,314.57,17.15,24.33,0.4435,-1,-1,-1
1058,-1,61.05,346.47,28.58,17.29,0.4431,-1,-1,-1
1059,-1,528.46,376.05,141.53,71.95,0.9529,-1,-1,-1
1059,-1,671.10,302.45,80.06,74.21,0.9389,-1,-1,-1
1059,-1,568.59,132.46,38.94,45.76,0.9155,-1,-1,-1
1059,-1,195.65,364.72,56.18,23.23,0.9125,-1,-1,-1
1059,-1,848.20,265.58,66.05,25.51,0.9082,-1,-1,-1
1059,-1,975.38,340.98,48.62,25.70,0.9019,-1,-1,-1
1059,-1,234.87,257.79,52.80,26.79,0.9012,-1,-1,-1
1059,-1,204.53,304.05,49.30,25.52,0.8959,-1,-1,-1
1059,-1,874.20,330.35,63.08,25.19,0.8957,-1,-1,-1
1059,-1,163.82,362.75,21.88,15.56,0.8900,-1,-1,-1
1059,-1,946.83,269.70,43.90,22.84,0.8806,-1,-1,-1
1059,-1,920.33,310.51,33.07,20.49,0.8769,-1,-1,-1
1059,-1,59.34,346.50,28.71,17.31,0.8681,-1,-1,-1
1059,-1,769.09,319.14,26.52,16.42,0.8594,-1,-1,-1
1059,-1,522.22,390.36,18.85,15.44,0.8444,-1,-1,-1
1059,-1,974.59,327.68,20.86,17.60,0.7977,-1,-1,-1
1059,-1,759.65,281.42,20.50,15.93,0.7967,-1,-1,-1
1059,-1,85.36,306.62,19.49,13.38,0.6637,-1,-1,-1
1059,-1,907.30,273.69,27.73,16.17,0.5818,-1,-1,-1
1059,-1,634.34,228.24,22.36,18.28,0.5000,-1,-1,-1
1059,-1,965.47,345.22,18.17,15.28,0.4894,-1,-1,-1
1059,-1,985.28,293.39,19.68,17.69,0.3655,-1,-1,-1
1059,-1,198.54,349.52,21.18,11.54,0.3557,-1,-1,-1
1059,-1,186.96,313.74,17.58,24.63,0.3120,-1,-1,-1
1060,-1,518.82,376.11,142.48,72.15,0.9544,-1,-1,-1
1060,-1,661.46,302.93,79.08,73.74,0.9422,-1,-1,-1
1060,-1,560.50,132.51,38.95,45.76,0.9150,-1,-1,-1
1060,-1,231.99,257.46,52.36,26.97,0.9141,-1,-1,-1
1060,-1,845.40,265.83,65.54,25.36,0.9108,-1,-1,-1
1060,-1,192.69,364.60,56.55,23.37,0.9084,-1,-1,-1
1060,-1,971.99,341.17,52.01,25.78,0.9019,-1,-1,-1
1060,-1,872.67,330.85,61.82,24.78,0.8990,-1,-1,-1
1060,-1,201.91,304.72,50.16,24.75,0.8878,-1,-1,-1
1060,-1,917.65,310.77,32.02,20.43,0.8870,-1,-1,-1
1060,-1,161.13,362.44,21.79,15.74,0.8868,-1,-1,-1
1060,-1,943.97,269.65,43.73,22.98,0.8782,-1,-1,-1
1060,-1,768.04,319.41,26.02,16.19,0.8526,-1,-1,-1
1060,-1,753.39,279.75,25.38,17.68,0.8394,-1,-1,-1
1060,-1,57.65,346.19,29.31,17.54,0.8260,-1,-1,-1
1060,-1,971.60,327.82,22.26,16.74,0.7674,-1,-1,-1
1060,-1,520.41,390.22,18.73,15.54,0.7164,-1,-1,-1
1060,-1,83.34,306.88,19.91,13.04,0.5414,-1,-1,-1
1060,-1,903.88,273.33,28.69,15.73,0.5191,-1,-1,-1
1060,-1,197.03,348.87,20.83,12.36,0.4847,-1,-1,-1
1060,-1,739.86,345.61,27.09,12.78,0.3017,-1,-1,-1
1060,-1,184.93,314.01,16.71,25.28,0.3014,-1,-1,-1
1061,-1,509.36,376.31,142.06,71.82,0.9591,-1,-1,-1
1061,-1,652.07,302.73,78.07,73.98,0.9450,-1,-1,-1
1061,-1,843.42,265.98,65.39,25.40,0.9168,-1,-1,-1
1061,-1,552.37,132.65,38.45,45.98,0.9147,-1,-1,-1
1061,-1,229.96,257.53,51.90,27.15,0.9081,-1,-1,-1
1061,-1,190.03,364.40,56.93,23.30,0.9021,-1,-1,-1
1061,-1,970.19,341.38,53.81,25.91,0.9012,-1,-1,-1
1061,-1,870.72,331.33,61.05,24.63,0.9004,-1,-1,-1
1061,-1,158.33,362.28,22.03,15.65,0.8950,-1,-1,-1
1061,-1,200.24,304.03,49.15,25.18,0.8861,-1,-1,-1
1061,-1,914.80,310.86,32.28,20.78,0.8831,-1,-1,-1
1061,-1,941.48,270.27,43.57,22.82,0.8817,-1,-1,-1
1061,-1,766.87,319.41,25.84,16.75,0.8562,-1,-1,-1
1061,-1,754.38,279.40,23.12,18.50,0.8140,-1,-1,-1
1061,-1,55.71,346.09,29.46,17.51,0.7964,-1,-1,-1
1061,-1,901.51,273.92,28.61,15.62,0.6983,-1,-1,-1
1061,-1,181.54,313.39,18.02,25.64,0.6179,-1,-1,-1
1061,-1,971.00,327.92,21.13,16.49,0.6055,-1,-1,-1
1061,-1,114.83,326.68,18.45,18.21,0.5297,-1,-1,-1
1061,-1,735.93,336.32,19.36,13.26,0.4825,-1,-1,-1
1061,-1,83.34,306.59,18.57,13.02,0.4413,-1,-1,-1
1061,-1,193.79,348.51,19.19,12.22,0.3397,-1,-1,-1
1061,-1,819.49,251.57,16.87,16.98,0.3278,-1,-1,-1
1061,-1,970.29,328.16,21.93,23.39,0.2783,-1,-1,-1
1062,-1,499.37,376.51,143.69,71.73,0.9527,-1,-1,-1
1062,-1,643.02,303.32,77.12,73.77,0.9361,-1,-1,-1
1062,-1,544.50,132.76,38.46,46.26,0.9161,-1,-1,-1
1062,-1,840.12,266.30,65.81,25.33,0.9133,-1,-1,-1
1062,-1,227.53,257.26,51.93,27.05,0.9123,-1,-1,-1
1062,-1,187.34,364.32,57.00,23.28,0.9119,-1,-1,-1
1062,-1,968.54,341.74,55.42,26.02,0.9023,-1,-1,-1
1062,-1,155.49,362.04,22.34,15.68,0.8890,-1,-1,-1
1062,-1,197.33,303.57,49.34,25.42,0.8884,-1,-1,-1
1062,-1,868.11,331.91,61.87,24.19,0.8876,-1,-1,-1
1062,-1,912.49,311.13,31.56,20.50,0.8861,-1,-1,-1
1062,-1,938.79,270.53,43.82,22.89,0.8753,-1,-1,-1
1062,-1,764.72,319.75,26.26,16.43,0.8507,-1,-1,-1
1062,-1,897.63,274.39,29.60,15.95,0.7304,-1,-1,-1
1062,-1,747.93,279.53,28.44,18.41,0.7291,-1,-1,-1
1062,-1,54.30,345.85,28.77,17.43,0.6794,-1,-1,-1
1062,-1,971.04,328.26,19.77,16.38,0.6231,-1,-1,-1
1062,-1,734.49,336.37,19.35,12.19,0.5776,-1,-1,-1
1062,-1,81.55,305.97,18.79,13.29,0.5530,-1,-1,-1
1062,-1,112.99,327.75,19.21,16.75,0.5383,-1,-1,-1
1062,-1,190.89,348.29,19.72,12.22,0.3182,-1,-1,-1
1063,-1,488.95,376.82,144.42,71.23,0.9595,-1,-1,-1
1063,-1,633.62,303.40,75.71,74.14,0.9395,-1,-1,-1
1063,-1,837.78,266.56,65.08,25.23,0.9174,-1,-1,-1
1063,-1,536.33,133.07,38.60,46.31,0.9155,-1,-1,-1
1063,-1,184.70,363.96,57.11,23.51,0.9155,-1,-1,-1
1063,-1,224.53,257.08,52.85,26.73,0.9140,-1,-1,-1
1063,-1,963.03,342.11,60.77,26.14,0.9021,-1,-1,-1
1063,-1,194.49,302.92,50.39,25.92,0.8978,-1,-1,-1
1063,-1,909.78,311.56,31.83,20.49,0.8925,-1,-1,-1
1063,-1,865.64,332.30,60.71,24.20,0.8874,-1,-1,-1
1063,-1,152.52,361.83,22.50,15.65,0.8835,-1,-1,-1
1063,-1,936.98,271.12,43.34,22.86,0.8816,-1,-1,-1
1063,-1,763.02,319.58,26.88,17.06,0.8607,-1,-1,-1
1063,-1,744.02,279.53,30.36,18.10,0.7349,-1,-1,-1
1063,-1,894.56,275.35,30.31,14.98,0.7028,-1,-1,-1
1063,-1,176.36,313.49,18.29,24.54,0.6899,-1,-1,-1
1063,-1,734.05,336.59,18.27,12.66,0.5762,-1,-1,-1
1063,-1,52.13,345.32,29.98,17.79,0.5746,-1,-1,-1
1063,-1,79.97,305.92,18.65,13.16,0.5669,-1,-1,-1
1064,-1,479.32,376.95,144.65,71.71,0.9513,-1,-1,-1
1064,-1,624.42,303.67,75.27,74.58,0.9392,-1,-1,-1
1064,-1,528.43,133.38,38.50,45.94,0.9153,-1,-1,-1
1064,-1,836.06,266.84,64.86,25.29,0.9139,-1,-1,-1
1064,-1,222.48,256.92,52.71,27.11,0.9101,-1,-1,-1
1064,-1,960.68,343.09,61.62,25.71,0.9015,-1,-1,-1
1064,-1,182.23,363.68,56.65,23.53,0.8984,-1,-1,-1
1064,-1,149.93,361.62,22.29,15.78,0.8970,-1,-1,-1
1064,-1,907.03,311.92,31.40,20.59,0.8920,-1,-1,-1
1064,-1,192.45,303.89,49.60,24.52,0.8915,-1,-1,-1
1064,-1,934.19,271.72,43.87,22.49,0.8874,-1,-1,-1
1064,-1,862.73,332.72,60.56,24.32,0.8737,-1,-1,-1
1064,-1,761.37,320.18,27.40,16.51,0.8703,-1,-1,-1
1064,-1,743.64,279.54,28.93,19.35,0.7978,-1,-1,-1
1064,-1,173.78,312.47,19.01,25.51,0.7608,-1,-1,-1
1064,-1,78.38,305.43,19.05,13.44,0.6628,-1,-1,-1
1064,-1,732.15,336.83,18.01,12.97,0.5641,-1,-1,-1
1064,-1,51.19,344.98,29.27,17.48,0.5463,-1,-1,-1
1064,-1,893.50,275.81,29.35,14.67,0.5414,-1,-1,-1
1064,-1,966.00,329.73,21.62,15.70,0.4250,-1,-1,-1
1064,-1,51.07,344.95,29.38,17.53,0.3715,-1,-1,-1
1064,-1,942.76,329.76,44.97,31.88,0.2629,-1,-1,-1
1064,-1,964.11,329.55,23.48,21.41,0.2503,-1,-1,-1
1065,-1,469.60,376.83,145.74,72.25,0.9544,-1,-1,-1
1065,-1,615.13,303.75,73.88,74.33,0.9377,-1,-1,-1
1065,-1,179.89,363.58,56.51,23.33,0.9153,-1,-1,-1
1065,-1,520.45,133.54,38.39,46.06,0.9136,-1,-1,-1
1065,-1,833.18,267.42,64.94,25.08,0.9130,-1,-1,-1
1065,-1,958.38,343.54,61.74,25.76,0.9128,-1,-1,-1
1065,-1,147.65,361.33,21.97,15.74,0.8901,-1,-1,-1
1065,-1,219.75,256.84,53.01,26.99,0.8900,-1,-1,-1
1065,-1,189.71,302.50,49.72,25.78,0.8852,-1,-1,-1
1065,-1,904.46,312.40,31.25,20.71,0.8844,-1,-1,-1
1065,-1,930.89,271.86,44.93,22.82,0.8819,-1,-1,-1
1065,-1,760.57,320.79,26.68,16.46,0.8743,-1,-1,-1
1065,-1,860.45,333.01,61.21,24.57,0.8681,-1,-1,-1
1065,-1,172.48,313.16,17.51,24.61,0.7324,-1,-1,-1
1065,-1,741.19,279.09,34.78,20.08,0.7073,-1,-1,-1
1065,-1,890.89,275.43,28.96,15.29,0.6070,-1,-1,-1
1065,-1,731.13,337.37,18.15,14.86,0.6016,-1,-1,-1
1065,-1,76.61,305.20,19.54,12.98,0.5236,-1,-1,-1
1065,-1,49.27,344.51,29.34,17.67,0.5045,-1,-1,-1
1065,-1,49.26,344.56,29.52,17.65,0.3983,-1,-1,-1
1065,-1,967.11,329.95,19.05,15.56,0.3424,-1,-1,-1
1065,-1,183.85,347.68,19.75,12.45,0.2821,-1,-1,-1
1066,-1,459.81,377.00,146.14,71.85,0.9527,-1,-1,-1
1066,-1,605.82,303.84,72.29,74.77,0.9363,-1,-1,-1
1066,-1,830.84,267.97,63.72,25.23,0.9158,-1,-1,-1
1066,-1,177.22,363.38,56.93,23.29,0.9151,-1,-1,-1
1066,-1,512.30,133.65,38.43,45.97,0.9134,-1,-1,-1
1066,-1,955.56,344.15,61.81,25.82,0.9063,-1,-1,-1
1066,-1,216.99,256.60,53.17,27.07,0.9054,-1,-1,-1
1066,-1,929.04,272.84,44.57,22.56,0.8929,-1,-1,-1
1066,-1,901.50,312.91,31.41,20.50,0.8889,-1,-1,-1
1066,-1,187.83,302.78,48.90,25.40,0.8858,-1,-1,-1
1066,-1,144.83,361.13,22.11,15.55,0.8737,-1,-1,-1
1066,-1,758.71,320.70,26.57,16.84,0.8646,-1,-1,-1
1066,-1,857.71,333.62,59.74,25.03,0.8298,-1,-1,-1
1066,-1,47.69,344.31,29.41,17.65,0.8242,-1,-1,-1
1066,-1,740.03,279.91,33.81,19.56,0.7925,-1,-1,-1
1066,-1,167.93,313.13,19.58,24.47,0.7380,-1,-1,-1
1066,-1,887.18,276.24,30.31,15.31,0.5326,-1,-1,-1
1066,-1,729.55,337.36,18.30,15.40,0.5312,-1,-1,-1
1066,-1,966.62,330.20,17.93,14.54,0.3590,-1,-1,-1
1066,-1,729.73,338.49,18.33,20.05,0.2733,-1,-1,-1
1066,-1,946.43,347.81,16.96,14.84,0.2501,-1,-1,-1
1067,-1,449.53,376.99,147.20,72.25,0.9528,-1,-1,-1
1067,-1,596.38,304.23,72.15,75.05,0.9367,-1,-1,-1
1067,-1,828.96,268.30,63.33,25.39,0.9169,-1,-1,-1
1067,-1,503.89,133.70,38.97,46.03,0.9134,-1,-1,-1
1067,-1,214.57,256.51,53.22,27.23,0.9119,-1,-1,-1
1067,-1,174.52,363.20,56.93,23.36,0.9060,-1,-1,-1
1067,-1,953.38,344.63,60.44,25.64,0.8972,-1,-1,-1
1067,-1,899.12,313.18,30.91,21.02,0.8887,-1,-1,-1
1067,-1,141.58,360.85,22.77,15.47,0.8885,-1,-1,-1
1067,-1,186.05,303.61,48.90,24.61,0.8872,-1,-1,-1
1067,-1,925.71,273.28,44.85,23.10,0.8797,-1,-1,-1
1067,-1,756.92,321.77,26.53,15.83,0.8616,-1,-1,-1
1067,-1,856.19,334.15,56.59,24.87,0.8558,-1,-1,-1
1067,-1,739.58,281.22,30.31,18.44,0.7729,-1,-1,-1
1067,-1,46.27,343.77,29.42,17.69,0.7324,-1,-1,-1
1067,-1,884.65,276.87,30.23,15.44,0.6568,-1,-1,-1
1067,-1,727.87,338.20,18.84,15.05,0.4876,-1,-1,-1
1067,-1,965.30,331.24,17.81,14.38,0.4140,-1,-1,-1
1067,-1,99.96,248.83,21.69,25.99,0.3750,-1,-1,-1
1067,-1,165.78,312.58,18.96,25.07,0.3383,-1,-1,-1
1067,-1,728.09,339.04,19.15,20.30,0.2932,-1,-1,-1
1067,-1,74.90,304.51,18.12,13.07,0.2765,-1,-1,-1
1067,-1,178.50,347.42,18.80,12.45,0.2731,-1,-1,-1
1068,-1,440.08,377.28,146.84,71.90,0.9539,-1,-1,-1
1068,-1,586.95,304.45,71.66,75.36,0.9362,-1,-1,-1
1068,-1,171.71,362.77,57.28,23.45,0.9164,-1,-1,-1
1068,-1,211.96,256.35,53.60,27.11,0.9149,-1,-1,-1
1068,-1,496.20,133.84,38.71,45.73,0.9139,-1,-1,-1
1068,-1,825.93,268.76,63.94,25.44,0.9128,-1,-1,-1
1068,-1,950.55,345.06,60.59,25.93,0.9071,-1,-1,-1
1068,-1,139.47,360.62,22.55,15.81,0.8870,-1,-1,-1
1068,-1,896.82,313.56,30.61,21.10,0.8848,-1,-1,-1
1068,-1,182.98,301.92,50.15,25.93,0.8807,-1,-1,-1
1068,-1,924.15,273.66,43.95,22.81,0.8729,-1,-1,-1
1068,-1,44.45,343.56,29.74,17.67,0.8728,-1,-1,-1
1068,-1,755.50,322.04,26.16,16.02,0.8559,-1,-1,-1
1068,-1,850.44,334.75,63.19,25.02,0.8340,-1,-1,-1
1068,-1,737.23,281.44,29.98,18.56,0.7673,-1,-1,-1
1068,-1,73.58,304.19,18.50,13.32,0.5990,-1,-1,-1
1068,-1,726.59,338.50,18.42,15.97,0.5147,-1,-1,-1
1068,-1,97.83,245.34,22.01,29.42,0.4789,-1,-1,-1
1068,-1,881.15,276.38,30.97,16.41,0.4701,-1,-1,-1
1068,-1,164.67,311.90,17.17,25.04,0.4194,-1,-1,-1
1068,-1,964.44,331.49,16.88,14.10,0.3473,-1,-1,-1
1069,-1,429.94,377.43,148.06,71.71,0.9509,-1,-1,-1
1069,-1,576.64,304.24,72.80,75.57,0.9364,-1,-1,-1
1069,-1,169.48,362.59,56.61,23.60,0.9226,-1,-1,-1
1069,-1,209.49,256.21,53.21,26.81,0.9148,-1,-1,-1
1069,-1,487.92,133.89,38.79,46.81,0.9115,-1,-1,-1
1069,-1,823.78,269.07,62.94,25.39,0.9084,-1,-1,-1
1069,-1,948.32,345.28,59.86,26.12,0.9048,-1,-1,-1
1069,-1,893.95,314.32,30.30,20.47,0.8843,-1,-1,-1
1069,-1,180.14,302.54,50.52,25.17,0.8839,-1,-1,-1
1069,-1,921.43,273.72,44.63,23.26,0.8802,-1,-1,-1
1069,-1,135.86,360.37,23.23,15.76,0.8742,-1,-1,-1
1069,-1,848.41,335.14,55.52,25.37,0.8612,-1,-1,-1
1069,-1,753.38,322.24,27.44,15.88,0.8596,-1,-1,-1
1069,-1,43.04,343.40,29.49,17.49,0.8534,-1,-1,-1
1069,-1,878.96,277.06,30.99,16.06,0.6973,-1,-1,-1
1069,-1,71.44,303.96,19.11,12.92,0.6428,-1,-1,-1
1069,-1,735.84,280.89,29.97,19.52,0.6401,-1,-1,-1
1069,-1,725.16,338.52,18.57,15.87,0.5741,-1,-1,-1
1069,-1,95.67,247.13,21.80,27.36,0.5596,-1,-1,-1
1069,-1,927.63,346.43,28.42,17.61,0.3369,-1,-1,-1
1069,-1,963.08,331.56,16.62,14.79,0.2732,-1,-1,-1
1069,-1,173.52,347.09,18.45,12.36,0.2595,-1,-1,-1
1070,-1,420.50,377.10,148.20,71.92,0.9542,-1,-1,-1
1070,-1,566.59,304.23,71.64,75.94,0.9343,-1,-1,-1
1070,-1,206.80,256.16,54.18,26.93,0.9171,-1,-1,-1
1070,-1,480.16,133.97,39.11,46.44,0.9149,-1,-1,-1
1070,-1,821.19,269.36,62.80,25.31,0.9126,-1,-1,-1
1070,-1,167.04,362.51,56.46,23.64,0.9083,-1,-1,-1
1070,-1,945.49,345.68,59.55,26.02,0.9082,-1,-1,-1
1070,-1,133.31,360.16,23.28,15.90,0.8901,-1,-1,-1
1070,-1,178.01,302.81,49.86,24.38,0.8869,-1,-1,-1
1070,-1,891.46,314.52,30.29,20.80,0.8848,-1,-1,-1
1070,-1,919.29,274.38,43.93,23.40,0.8804,-1,-1,-1
1070,-1,845.87,335.41,54.98,25.56,0.8677,-1,-1,-1
1070,-1,752.17,322.10,27.20,16.43,0.8668,-1,-1,-1
1070,-1,40.56,343.27,30.17,17.55,0.8533,-1,-1,-1
1070,-1,739.33,282.24,23.00,18.58,0.8335,-1,-1,-1
1070,-1,877.51,277.30,29.56,15.76,0.7757,-1,-1,-1
1070,-1,70.10,303.99,18.45,13.27,0.6106,-1,-1,-1
1070,-1,723.30,339.10,18.72,14.19,0.5461,-1,-1,-1
1070,-1,170.36,347.05,19.59,12.27,0.4321,-1,-1,-1
1070,-1,960.52,331.73,17.13,14.95,0.3804,-1,-1,-1
1070,-1,723.88,339.92,18.50,19.39,0.2597,-1,-1,-1
1071,-1,410.12,377.24,149.17,71.58,0.9529,-1,-1,-1
1071,-1,557.49,304.02,71.06,75.98,0.9355,-1,-1,-1
1071,-1,204.89,256.28,53.11,26.95,0.9140,-1,-1,-1
1071,-1,471.82,134.03,38.84,46.51,0.9122,-1,-1,-1
1071,-1,817.79,269.62,64.01,25.58,0.9097,-1,-1,-1
1071,-1,163.87,362.52,57.67,23.66,0.9094,-1,-1,-1
1071,-1,943.06,345.69,59.52,26.44,0.9091,-1,-1,-1
1071,-1,175.04,302.07,50.98,25.24,0.8890,-1,-1,-1
1071,-1,131.04,360.18,23.20,15.74,0.8858,-1,-1,-1
1071,-1,888.73,314.43,29.81,20.96,0.8836,-1,-1,-1
1071,-1,750.69,322.14,26.75,16.45,0.8707,-1,-1,-1
1071,-1,915.90,274.58,45.57,24.14,0.8588,-1,-1,-1
1071,-1,844.59,335.32,56.98,25.77,0.8558,-1,-1,-1
1071,-1,39.31,343.16,29.81,17.69,0.7553,-1,-1,-1
1071,-1,157.35,312.46,17.95,24.57,0.7014,-1,-1,-1
1071,-1,746.22,334.94,18.31,18.53,0.6941,-1,-1,-1
1071,-1,67.43,303.74,19.74,13.12,0.6685,-1,-1,-1
1071,-1,731.85,281.21,35.22,19.16,0.6483,-1,-1,-1
1071,-1,168.12,347.27,19.55,12.24,0.5139,-1,-1,-1
1071,-1,958.76,331.88,17.28,14.28,0.5009,-1,-1,-1
1071,-1,721.70,338.63,18.34,15.49,0.4987,-1,-1,-1
1071,-1,874.52,277.20,29.79,16.58,0.4931,-1,-1,-1
1071,-1,90.47,246.31,22.37,27.93,0.4028,-1,-1,-1
1071,-1,722.34,346.78,17.71,13.51,0.2962,-1,-1,-1
1071,-1,722.24,339.16,17.96,20.50,0.2821,-1,-1,-1
1072,-1,400.06,377.21,150.63,72.02,0.9510,-1,-1,-1
1072,-1,546.09,304.50,73.37,75.38,0.9324,-1,-1,-1
1072,-1,161.71,362.40,56.56,23.74,0.9191,-1,-1,-1
1072,-1,463.41,134.05,38.74,46.18,0.9149,-1,-1,-1
1072,-1,939.23,345.84,61.14,26.20,0.9119,-1,-1,-1
1072,-1,201.56,256.29,54.29,26.90,0.9117,-1,-1,-1
1072,-1,816.32,269.72,61.54,25.51,0.9073,-1,-1,-1
1072,-1,885.70,314.54,30.18,20.89,0.8894,-1,-1,-1
1072,-1,172.55,302.46,50.74,25.01,0.8844,-1,-1,-1
1072,-1,128.03,360.31,23.19,15.89,0.8737,-1,-1,-1
1072,-1,913.10,274.18,45.71,23.42,0.8717,-1,-1,-1
1072,-1,843.17,334.97,56.71,25.97,0.8628,-1,-1,-1
1072,-1,749.12,323.07,26.69,15.60,0.8622,-1,-1,-1
1072,-1,37.54,343.35,30.39,17.69,0.8129,-1,-1,-1
1072,-1,732.67,282.81,27.18,17.95,0.7942,-1,-1,-1
1072,-1,871.07,277.56,30.76,16.20,0.7550,-1,-1,-1
1072,-1,154.18,312.41,18.11,24.41,0.7540,-1,-1,-1
1072,-1,65.97,304.00,19.63,13.22,0.7399,-1,-1,-1
1072,-1,957.14,332.29,17.50,14.12,0.6108,-1,-1,-1
1072,-1,165.44,346.84,20.02,12.64,0.5272,-1,-1,-1
1072,-1,720.60,338.86,18.33,15.08,0.4548,-1,-1,-1
1072,-1,88.87,250.71,22.32,23.43,0.3895,-1,-1,-1
1072,-1,931.25,349.72,17.75,14.85,0.3623,-1,-1,-1
1072,-1,721.03,340.89,18.24,18.01,0.3594,-1,-1,-1
1072,-1,721.12,346.97,18.03,12.41,0.3521,-1,-1,-1
1072,-1,745.00,335.93,16.37,17.31,0.3189,-1,-1,-1
1072,-1,100.99,326.79,17.09,15.70,0.3018,-1,-1,-1
1073,-1,390.27,377.08,151.66,71.91,0.9567,-1,-1,-1
1073,-1,937.44,345.37,59.27,26.60,0.9199,-1,-1,-1
1073,-1,454.89,133.62,38.68,46.47,0.9135,-1,-1,-1
1073,-1,159.25,362.68,56.55,23.81,0.9121,-1,-1,-1
1073,-1,198.89,256.50,54.08,26.86,0.9119,-1,-1,-1
1073,-1,811.67,269.44,64.13,25.27,0.9099,-1,-1,-1
1073,-1,537.46,304.07,73.14,75.99,0.9087,-1,-1,-1
1073,-1,169.86,303.02,51.42,24.73,0.8872,-1,-1,-1
1073,-1,125.90,360.36,22.48,15.88,0.8861,-1,-1,-1
1073,-1,883.14,314.45,30.06,21.13,0.8849,-1,-1,-1
1073,-1,838.38,335.26,51.90,25.59,0.8763,-1,-1,-1
1073,-1,910.11,274.49,45.98,23.09,0.8758,-1,-1,-1
1073,-1,746.86,322.44,27.25,15.98,0.8506,-1,-1,-1
1073,-1,868.36,277.44,30.71,16.65,0.7946,-1,-1,-1
1073,-1,729.88,282.14,28.57,18.72,0.7944,-1,-1,-1
1073,-1,64.97,304.07,19.18,13.28,0.6862,-1,-1,-1
1073,-1,36.36,343.39,29.75,17.77,0.6781,-1,-1,-1
1073,-1,742.72,335.66,17.72,17.58,0.6227,-1,-1,-1
1073,-1,956.22,332.09,16.82,15.20,0.5424,-1,-1,-1
1073,-1,718.78,339.03,18.41,14.11,0.4522,-1,-1,-1
1073,-1,719.45,345.26,17.81,14.36,0.2867,-1,-1,-1
1073,-1,719.19,340.40,18.27,18.54,0.2763,-1,-1,-1
1074,-1,380.16,377.37,151.19,71.52,0.9500,-1,-1,-1
1074,-1,526.03,303.91,75.04,75.50,0.9369,-1,-1,-1
1074,-1,446.10,133.71,39.00,46.55,0.9172,-1,-1,-1
1074,-1,196.55,256.51,53.91,26.95,0.9126,-1,-1,-1
1074,-1,808.92,269.28,63.86,25.51,0.9094,-1,-1,-1
1074,-1,156.50,363.11,56.46,23.07,0.9087,-1,-1,-1
1074,-1,934.13,345.30,59.90,26.53,0.9058,-1,-1,-1
1074,-1,880.40,314.33,29.54,20.54,0.8992,-1,-1,-1
1074,-1,167.62,303.31,51.20,24.62,0.8939,-1,-1,-1
1074,-1,837.85,334.72,59.91,26.05,0.8816,-1,-1,-1
1074,-1,122.35,360.84,23.55,15.66,0.8786,-1,-1,-1
1074,-1,909.52,274.24,43.58,22.79,0.8698,-1,-1,-1
1074,-1,745.49,321.88,27.04,16.34,0.8519,-1,-1,-1
1074,-1,728.97,282.01,28.16,18.67,0.7412,-1,-1,-1
1074,-1,34.28,343.72,30.43,17.67,0.7244,-1,-1,-1
1074,-1,62.50,304.20,19.55,13.05,0.6302,-1,-1,-1
1074,-1,864.29,277.03,32.17,16.72,0.5113,-1,-1,-1
1074,-1,717.45,338.80,18.24,15.06,0.4702,-1,-1,-1
1074,-1,954.67,331.96,16.44,15.14,0.4557,-1,-1,-1
1074,-1,926.49,349.17,17.24,15.10,0.4335,-1,-1,-1
1074,-1,160.70,347.62,20.49,12.21,0.3845,-1,-1,-1
1074,-1,717.71,339.38,18.50,20.06,0.3447,-1,-1,-1
1075,-1,370.24,377.26,151.38,71.63,0.9512,-1,-1,-1
1075,-1,516.22,303.71,72.55,76.40,0.9339,-1,-1,-1
1075,-1,153.73,363.40,56.26,23.37,0.9204,-1,-1,-1
1075,-1,437.52,133.93,38.85,45.97,0.9190,-1,-1,-1
1075,-1,807.11,268.99,62.35,25.57,0.9100,-1,-1,-1
1075,-1,193.52,256.67,54.45,26.95,0.9044,-1,-1,-1
1075,-1,930.99,345.24,59.20,26.06,0.9027,-1,-1,-1
1075,-1,164.52,302.92,51.52,25.26,0.8903,-1,-1,-1
1075,-1,877.61,314.20,29.64,20.29,0.8890,-1,-1,-1
1075,-1,906.06,273.89,44.49,23.00,0.8864,-1,-1,-1
1075,-1,835.42,333.85,58.66,26.72,0.8853,-1,-1,-1
1075,-1,120.20,360.93,22.76,15.70,0.8689,-1,-1,-1
1075,-1,744.04,321.66,26.48,16.53,0.8686,-1,-1,-1
1075,-1,145.27,312.71,18.76,24.65,0.8140,-1,-1,-1
1075,-1,730.17,281.31,24.01,19.34,0.7857,-1,-1,-1
1075,-1,61.49,304.54,19.44,13.36,0.7520,-1,-1,-1
1075,-1,32.21,343.99,30.52,17.70,0.6527,-1,-1,-1
1075,-1,862.60,276.86,31.20,16.67,0.6433,-1,-1,-1
1075,-1,715.74,338.54,17.96,16.14,0.5520,-1,-1,-1
1075,-1,952.79,331.72,17.05,15.64,0.3775,-1,-1,-1
1075,-1,862.42,277.02,31.65,16.32,0.3754,-1,-1,-1
1075,-1,738.98,334.76,18.48,18.33,0.3101,-1,-1,-1
1076,-1,360.18,377.24,152.40,71.23,0.9498,-1,-1,-1
1076,-1,505.31,303.83,72.81,76.11,0.9378,-1,-1,-1
1076,-1,428.91,133.00,39.28,46.95,0.9189,-1,-1,-1
1076,-1,804.79,268.73,62.88,25.17,0.9173,-1,-1,-1
1076,-1,190.98,256.87,54.08,26.72,0.9147,-1,-1,-1
1076,-1,151.10,363.69,56.38,23.58,0.9104,-1,-1,-1
1076,-1,928.54,344.68,58.91,26.18,0.9012,-1,-1,-1
1076,-1,117.15,361.11,23.02,15.99,0.8900,-1,-1,-1
1076,-1,162.22,304.32,51.86,24.34,0.8873,-1,-1,-1
1076,-1,874.81,313.61,29.72,20.79,0.8856,-1,-1,-1
1076,-1,833.89,334.10,53.97,26.21,0.8800,-1,-1,-1
1076,-1,903.34,273.76,45.05,22.62,0.8737,-1,-1,-1
1076,-1,742.39,321.34,26.14,16.61,0.8483,-1,-1,-1
1076,-1,31.26,344.38,29.39,17.47,0.7583,-1,-1,-1
1076,-1,723.44,280.35,32.24,19.93,0.7138,-1,-1,-1
1076,-1,713.97,338.72,18.39,13.73,0.6531,-1,-1,-1
1076,-1,60.39,305.36,18.09,12.47,0.5257,-1,-1,-1
1076,-1,860.77,275.11,30.30,17.60,0.5002,-1,-1,-1
1076,-1,714.56,348.02,17.72,11.98,0.3465,-1,-1,-1
1076,-1,737.80,335.76,18.20,17.35,0.3286,-1,-1,-1
1076,-1,78.06,247.72,22.21,26.60,0.3058,-1,-1,-1
1076,-1,952.03,331.39,16.18,15.44,0.2840,-1,-1,-1
1076,-1,580.13,247.12,19.25,14.79,0.2732,-1,-1,-1
1076,-1,956.12,295.19,20.66,12.56,0.2578,-1,-1,-1
1077,-1,350.28,377.15,154.22,71.22,0.9517,-1,-1,-1
1077,-1,495.85,303.65,72.54,75.47,0.9377,-1,-1,-1
1077,-1,149.03,363.89,56.88,23.94,0.9169,-1,-1,-1
1077,-1,188.41,257.18,54.11,26.92,0.9159,-1,-1,-1
1077,-1,420.69,133.45,38.99,46.84,0.9156,-1,-1,-1
1077,-1,802.24,268.43,60.96,25.35,0.9055,-1,-1,-1
1077,-1,925.59,344.08,59.05,26.45,0.9029,-1,-1,-1
1077,-1,159.64,304.16,52.82,24.44,0.8968,-1,-1,-1
1077,-1,871.96,313.18,29.34,20.58,0.8930,-1,-1,-1
1077,-1,114.63,361.55,23.20,15.83,0.8834,-1,-1,-1
1077,-1,830.78,333.30,58.66,26.65,0.8783,-1,-1,-1
1077,-1,901.32,273.44,44.53,22.50,0.8737,-1,-1,-1
1077,-1,740.74,321.97,26.50,15.65,0.8421,-1,-1,-1
1077,-1,726.58,280.44,23.72,19.59,0.8272,-1,-1,-1
1077,-1,28.05,344.72,31.57,17.58,0.6663,-1,-1,-1
1077,-1,712.28,338.31,18.69,15.24,0.6210,-1,-1,-1
1077,-1,949.14,331.09,17.56,15.52,0.5445,-1,-1,-1
1077,-1,855.69,276.29,32.45,16.39,0.5027,-1,-1,-1
1077,-1,582.66,229.57,18.42,18.09,0.4443,-1,-1,-1
1077,-1,28.26,344.93,31.29,17.40,0.3982,-1,-1,-1
1077,-1,855.94,276.32,31.88,16.66,0.3975,-1,-1,-1
1077,-1,141.12,313.70,17.12,23.96,0.3343,-1,-1,-1
1077,-1,58.57,305.66,18.58,12.91,0.3312,-1,-1,-1
1077,-1,712.87,346.32,18.44,13.18,0.3232,-1,-1,-1
1077,-1,712.74,339.21,18.63,19.36,0.2637,-1,-1,-1
1077,-1,736.94,335.31,16.30,17.45,0.2602,-1,-1,-1
1078,-1,340.71,377.03,154.34,71.69,0.9499,-1,-1,-1
1078,-1,485.06,303.51,73.29,75.75,0.9358,-1,-1,-1
1078,-1,184.72,257.28,55.02,26.93,0.9165,-1,-1,-1
1078,-1,411.77,133.48,39.36,46.73,0.9162,-1,-1,-1
1078,-1,145.78,364.39,58.56,23.45,0.9149,-1,-1,-1
1078,-1,798.88,267.95,62.40,25.29,0.9141,-1,-1,-1
1078,-1,922.48,343.38,59.11,26.64,0.9007,-1,-1,-1
1078,-1,827.55,332.77,59.82,26.37,0.8898,-1,-1,-1
1078,-1,869.04,312.88,29.38,20.59,0.8880,-1,-1,-1
1078,-1,157.49,304.56,51.67,24.55,0.8877,-1,-1,-1
1078,-1,112.10,361.77,22.76,15.74,0.8815,-1,-1,-1
1078,-1,897.54,272.79,45.49,22.86,0.8684,-1,-1,-1
1078,-1,739.37,322.03,25.92,15.38,0.8504,-1,-1,-1
1078,-1,724.76,280.21,25.30,19.57,0.7316,-1,-1,-1
1078,-1,57.44,305.60,18.27,13.38,0.6366,-1,-1,-1
1078,-1,26.80,345.21,30.72,17.43,0.6248,-1,-1,-1
1078,-1,136.79,313.85,18.99,24.43,0.6133,-1,-1,-1
1078,-1,26.69,345.23,30.87,17.55,0.5992,-1,-1,-1
1078,-1,710.74,338.06,17.86,13.14,0.5498,-1,-1,-1
1078,-1,854.17,275.91,31.52,15.63,0.5429,-1,-1,-1
1078,-1,947.34,330.22,17.14,16.07,0.4606,-1,-1,-1
1079,-1,330.61,376.95,156.11,71.76,0.9519,-1,-1,-1
1079,-1,474.97,303.32,73.34,76.02,0.9380,-1,-1,-1
1079,-1,796.16,267.66,63.14,25.30,0.9177,-1,-1,-1
1079,-1,182.72,257.60,54.29,26.74,0.9174,-1,-1,-1
1079,-1,403.54,133.35,38.86,46.88,0.9168,-1,-1,-1
1079,-1,142.66,364.49,58.11,23.48,0.9067,-1,-1,-1
1079,-1,920.49,343.04,57.96,26.42,0.9012,-1,-1,-1
1079,-1,109.17,362.17,23.24,15.68,0.8996,-1,-1,-1
1079,-1,825.31,332.56,59.21,26.18,0.8870,-1,-1,-1
1079,-1,155.15,304.54,52.21,24.61,0.8837,-1,-1,-1
1079,-1,866.46,312.45,29.41,20.59,0.8816,-1,-1,-1
1079,-1,893.71,272.27,46.17,24.02,0.8681,-1,-1,-1
1079,-1,737.24,320.98,26.59,16.14,0.8411,-1,-1,-1
1079,-1,25.58,345.61,30.68,17.66,0.8179,-1,-1,-1
1079,-1,723.10,279.33,22.60,20.16,0.7674,-1,-1,-1
1079,-1,135.09,314.05,18.51,24.26,0.7091,-1,-1,-1
1079,-1,708.65,337.46,18.98,13.32,0.6274,-1,-1,-1
1079,-1,945.64,330.40,17.27,16.04,0.5899,-1,-1,-1
1079,-1,55.57,306.23,18.51,13.34,0.5409,-1,-1,-1
1079,-1,853.42,275.39,29.28,15.40,0.5198,-1,-1,-1
1080,-1,320.34,376.95,156.92,71.35,0.9504,-1,-1,-1
1080,-1,464.37,303.42,74.82,75.48,0.9373,-1,-1,-1
1080,-1,793.90,267.24,61.72,25.24,0.9179,-1,-1,-1
1080,-1,394.92,133.25,39.19,46.99,0.9175,-1,-1,-1
1080,-1,140.58,364.69,56.28,23.47,0.9149,-1,-1,-1
1080,-1,180.72,257.76,54.56,26.72,0.9105,-1,-1,-1
1080,-1,917.70,342.36,58.24,26.74,0.9021,-1,-1,-1
1080,-1,823.90,332.62,58.34,25.73,0.9015,-1,-1,-1
1080,-1,863.82,311.95,28.80,20.66,0.8936,-1,-1,-1
1080,-1,151.20,304.42,52.26,24.60,0.8935,-1,-1,-1
1080,-1,106.22,362.57,23.31,15.43,0.8880,-1,-1,-1
1080,-1,893.16,271.97,44.09,22.46,0.8601,-1,-1,-1
1080,-1,23.78,345.83,31.01,17.85,0.8399,-1,-1,-1
1080,-1,735.94,320.08,25.43,16.56,0.8305,-1,-1,-1
1080,-1,53.78,306.67,18.91,13.19,0.7347,-1,-1,-1
1080,-1,720.23,279.39,24.34,19.92,0.6818,-1,-1,-1
1080,-1,706.95,337.49,19.58,13.19,0.6231,-1,-1,-1
1080,-1,847.83,275.01,32.08,15.84,0.5998,-1,-1,-1
1080,-1,943.68,329.72,17.69,16.09,0.4816,-1,-1,-1
1080,-1,144.28,349.39,21.35,11.62,0.2503,-1,-1,-1
1081,-1,310.25,377.04,157.99,71.40,0.9530,-1,-1,-1
1081,-1,453.05,303.43,76.21,75.15,0.9389,-1,-1,-1
1081,-1,137.77,364.81,57.12,23.51,0.9208,-1,-1,-1
1081,-1,386.74,133.33,38.73,46.68,0.9156,-1,-1,-1
1081,-1,791.05,266.59,62.28,25.40,0.9140,-1,-1,-1
1081,-1,177.15,257.78,54.20,26.93,0.9135,-1,-1,-1
1081,-1,821.13,331.98,58.39,25.51,0.9035,-1,-1,-1
1081,-1,914.71,342.19,58.50,26.61,0.9021,-1,-1,-1
1081,-1,860.91,311.65,29.21,20.69,0.8864,-1,-1,-1
1081,-1,103.24,362.74,23.38,15.53,0.8847,-1,-1,-1
1081,-1,891.43,270.54,43.57,23.67,0.8770,-1,-1,-1
1081,-1,149.41,305.51,52.36,23.54,0.8747,-1,-1,-1
1081,-1,22.47,346.28,30.32,17.70,0.8741,-1,-1,-1
1081,-1,734.51,319.81,25.77,16.73,0.8462,-1,-1,-1
1081,-1,941.83,328.86,17.61,17.01,0.7627,-1,-1,-1
1081,-1,845.73,275.31,31.19,15.57,0.6803,-1,-1,-1
1081,-1,51.66,306.67,19.28,12.97,0.6682,-1,-1,-1
1081,-1,717.86,278.93,24.44,20.28,0.6659,-1,-1,-1
1081,-1,705.76,337.16,18.84,12.71,0.5395,-1,-1,-1
1081,-1,730.21,334.57,17.46,17.08,0.4972,-1,-1,-1
1081,-1,129.14,314.32,18.56,24.39,0.4649,-1,-1,-1
1081,-1,65.84,250.30,21.20,25.34,0.3633,-1,-1,-1
1081,-1,905.99,345.43,19.56,16.33,0.2740,-1,-1,-1
1082,-1,300.79,377.01,157.79,71.69,0.9501,-1,-1,-1
1082,-1,441.71,303.17,77.98,74.48,0.9430,-1,-1,-1
1082,-1,378.24,133.37,38.48,46.75,0.9157,-1,-1,-1
1082,-1,135.44,364.80,55.93,23.57,0.9134,-1,-1,-1
1082,-1,788.91,266.50,62.00,25.16,0.9130,-1,-1,-1
1082,-1,912.39,341.74,58.07,26.57,0.9055,-1,-1,-1
1082,-1,174.67,258.09,54.84,26.68,0.9007,-1,-1,-1
1082,-1,100.92,362.87,23.43,15.57,0.8965,-1,-1,-1
1082,-1,818.11,332.09,58.54,24.95,0.8949,-1,-1,-1
1082,-1,858.11,311.58,29.12,20.40,0.8861,-1,-1,-1
1082,-1,889.69,270.43,42.84,23.17,0.8793,-1,-1,-1
1082,-1,146.38,305.16,52.32,24.33,0.8782,-1,-1,-1
1082,-1,732.68,320.19,25.73,15.86,0.8319,-1,-1,-1
1082,-1,940.75,329.13,17.14,16.42,0.7479,-1,-1,-1
1082,-1,20.89,346.48,30.08,17.66,0.7146,-1,-1,-1
1082,-1,717.44,278.46,25.52,20.36,0.6156,-1,-1,-1
1082,-1,704.17,336.71,18.54,13.01,0.5136,-1,-1,-1
1082,-1,49.83,307.07,19.29,12.92,0.5117,-1,-1,-1
1082,-1,842.86,274.82,31.58,15.92,0.4953,-1,-1,-1
1082,-1,63.06,247.36,22.30,29.88,0.3465,-1,-1,-1
1082,-1,947.11,291.44,21.78,12.88,0.3426,-1,-1,-1
1082,-1,1015.37,323.78,8.63,14.57,0.2903,-1,-1,-1
1082,-1,126.98,314.74,18.08,24.32,0.2517,-1,-1,-1
1083,-1,290.49,377.04,159.96,72.03,0.9516,-1,-1,-1
1083,-1,431.30,302.79,79.20,75.44,0.9406,-1,-1,-1
1083,-1,369.93,133.46,38.68,46.04,0.9172,-1,-1,-1
1083,-1,132.94,364.97,56.53,23.48,0.9152,-1,-1,-1
1083,-1,171.72,258.11,55.55,26.67,0.9144,-1,-1,-1
1083,-1,786.00,266.29,61.20,25.69,0.9064,-1,-1,-1
1083,-1,909.18,341.46,58.35,26.77,0.9062,-1,-1,-1
1083,-1,143.38,304.32,53.28,25.18,0.8965,-1,-1,-1
1083,-1,855.58,311.32,28.84,20.14,0.8908,-1,-1,-1
1083,-1,815.69,332.02,58.44,24.98,0.8866,-1,-1,-1
1083,-1,887.39,270.80,41.74,23.17,0.8831,-1,-1,-1
1083,-1,97.52,362.89,23.88,15.70,0.8816,-1,-1,-1
1083,-1,19.00,346.54,30.44,17.78,0.8563,-1,-1,-1
1083,-1,510.08,374.49,19.05,18.54,0.8489,-1,-1,-1
1083,-1,730.76,319.65,25.96,16.22,0.8417,-1,-1,-1
1083,-1,939.26,328.52,16.94,17.04,0.7691,-1,-1,-1
1083,-1,49.08,307.10,18.35,13.11,0.6753,-1,-1,-1
1083,-1,715.73,277.52,24.10,21.19,0.6600,-1,-1,-1
1083,-1,840.44,274.78,31.31,15.63,0.5830,-1,-1,-1
1083,-1,702.42,336.76,18.50,12.00,0.5268,-1,-1,-1
1083,-1,840.43,274.65,31.16,15.95,0.5042,-1,-1,-1
1083,-1,1014.09,322.70,9.91,13.99,0.3859,-1,-1,-1
1083,-1,945.47,291.40,21.60,12.79,0.3267,-1,-1,-1
1083,-1,229.83,335.66,19.71,13.83,0.2549,-1,-1,-1
1084,-1,280.22,376.81,160.38,71.98,0.9522,-1,-1,-1
1084,-1,421.50,303.53,79.21,74.90,0.9406,-1,-1,-1
1084,-1,129.56,365.04,57.51,23.37,0.9162,-1,-1,-1
1084,-1,783.57,266.17,61.37,25.57,0.9150,-1,-1,-1
1084,-1,168.61,257.97,55.52,26.94,0.9127,-1,-1,-1
1084,-1,361.07,133.45,39.07,46.71,0.9123,-1,-1,-1
1084,-1,906.60,341.45,57.93,26.52,0.9081,-1,-1,-1
1084,-1,813.17,331.66,58.25,24.89,0.9010,-1,-1,-1
1084,-1,141.59,305.59,52.73,24.46,0.8888,-1,-1,-1
1084,-1,852.79,311.15,28.84,20.47,0.8855,-1,-1,-1
1084,-1,94.32,362.99,24.36,15.57,0.8830,-1,-1,-1
1084,-1,885.84,270.50,40.81,23.29,0.8755,-1,-1,-1
1084,-1,17.59,346.58,30.28,17.51,0.8370,-1,-1,-1
1084,-1,728.49,319.31,26.99,16.51,0.8340,-1,-1,-1
1084,-1,507.69,375.53,19.45,17.38,0.8329,-1,-1,-1
1084,-1,935.80,328.65,18.73,17.34,0.8061,-1,-1,-1
1084,-1,714.18,275.09,33.07,23.35,0.8053,-1,-1,-1
1084,-1,700.83,336.69,18.31,11.71,0.5983,-1,-1,-1
1084,-1,838.20,274.09,30.64,16.07,0.5523,-1,-1,-1
1084,-1,1012.92,322.49,11.08,13.96,0.4383,-1,-1,-1
1084,-1,837.96,274.20,31.15,15.89,0.4339,-1,-1,-1
1084,-1,46.80,307.15,19.26,13.06,0.3883,-1,-1,-1
1084,-1,228.01,335.53,20.42,14.04,0.3702,-1,-1,-1
1084,-1,941.85,290.81,23.40,13.34,0.3165,-1,-1,-1
1085,-1,270.55,377.09,161.17,71.29,0.9485,-1,-1,-1
1085,-1,410.89,302.96,80.16,75.06,0.9421,-1,-1,-1
1085,-1,166.14,258.02,56.34,26.97,0.9131,-1,-1,-1
1085,-1,352.88,133.36,39.05,46.75,0.9113,-1,-1,-1
1085,-1,903.92,341.14,57.86,26.73,0.9103,-1,-1,-1
1085,-1,780.94,265.96,61.62,25.78,0.9097,-1,-1,-1
1085,-1,126.80,364.95,57.85,23.30,0.9032,-1,-1,-1
1085,-1,810.39,331.59,58.26,24.67,0.9023,-1,-1,-1
1085,-1,92.50,363.00,23.70,15.59,0.8965,-1,-1,-1
1085,-1,883.56,270.22,40.49,22.85,0.8870,-1,-1,-1
1085,-1,139.85,305.17,52.28,25.34,0.8860,-1,-1,-1
1085,-1,850.13,310.93,28.46,20.43,0.8835,-1,-1,-1
1085,-1,15.50,346.52,30.77,17.72,0.8400,-1,-1,-1
1085,-1,727.81,319.58,26.60,16.19,0.8391,-1,-1,-1
1085,-1,505.61,376.61,20.37,16.23,0.8311,-1,-1,-1
1085,-1,934.48,328.40,18.51,18.06,0.7834,-1,-1,-1
1085,-1,117.85,314.15,19.43,25.39,0.7536,-1,-1,-1
1085,-1,1010.75,322.44,13.25,13.76,0.6219,-1,-1,-1
1085,-1,713.32,276.32,23.81,22.08,0.5605,-1,-1,-1
1085,-1,45.54,307.00,19.24,13.18,0.5598,-1,-1,-1
1085,-1,835.27,274.03,31.35,15.96,0.5285,-1,-1,-1
1085,-1,498.71,223.20,18.80,19.35,0.5242,-1,-1,-1
1085,-1,698.69,336.61,18.80,11.41,0.4661,-1,-1,-1
1085,-1,939.84,290.38,23.37,13.69,0.4587,-1,-1,-1
1085,-1,701.14,345.75,17.58,12.88,0.2557,-1,-1,-1
1086,-1,260.69,377.29,162.11,71.49,0.9511,-1,-1,-1
1086,-1,400.33,303.24,81.61,75.39,0.9382,-1,-1,-1
1086,-1,344.68,133.06,38.44,47.26,0.9130,-1,-1,-1
1086,-1,163.18,257.95,56.19,27.35,0.9119,-1,-1,-1
1086,-1,125.06,365.06,56.61,23.32,0.9082,-1,-1,-1
1086,-1,778.21,265.81,60.84,25.62,0.9068,-1,-1,-1
1086,-1,900.70,340.92,57.84,26.55,0.9049,-1,-1,-1
1086,-1,13.89,346.79,30.68,17.48,0.8947,-1,-1,-1
1086,-1,847.28,310.89,28.09,20.55,0.8925,-1,-1,-1
1086,-1,136.22,304.63,53.73,25.36,0.8890,-1,-1,-1
1086,-1,807.92,331.57,58.85,24.60,0.8872,-1,-1,-1
1086,-1,89.83,362.96,23.49,15.74,0.8852,-1,-1,-1
1086,-1,880.92,270.23,40.71,23.22,0.8755,-1,-1,-1
1086,-1,503.74,376.61,19.87,16.20,0.8624,-1,-1,-1
1086,-1,726.02,319.42,26.14,16.08,0.8336,-1,-1,-1
1086,-1,931.84,327.94,19.44,18.54,0.7993,-1,-1,-1
1086,-1,711.94,275.33,31.78,23.06,0.7328,-1,-1,-1
1086,-1,1009.32,322.05,14.68,13.88,0.7067,-1,-1,-1
1086,-1,114.72,314.64,19.21,24.52,0.7025,-1,-1,-1
1086,-1,832.48,273.87,31.24,15.79,0.6669,-1,-1,-1
1086,-1,697.69,336.43,18.27,11.94,0.5561,-1,-1,-1
1086,-1,43.89,307.04,18.80,12.94,0.5310,-1,-1,-1
1086,-1,510.24,312.18,20.22,16.74,0.3937,-1,-1,-1
1086,-1,225.07,336.06,21.70,13.37,0.3918,-1,-1,-1
1086,-1,226.47,314.50,16.54,12.83,0.3178,-1,-1,-1
1086,-1,832.56,273.70,30.96,16.17,0.2677,-1,-1,-1
1087,-1,250.27,377.25,163.49,71.06,0.9508,-1,-1,-1
1087,-1,389.85,303.11,82.82,75.36,0.9433,-1,-1,-1
1087,-1,122.07,364.84,56.98,23.48,0.9196,-1,-1,-1
1087,-1,336.52,133.22,38.38,46.38,0.9172,-1,-1,-1
1087,-1,160.81,258.02,55.58,27.07,0.9128,-1,-1,-1
1087,-1,898.54,340.59,57.37,27.13,0.9113,-1,-1,-1
1087,-1,775.95,265.73,60.87,25.72,0.9109,-1,-1,-1
1087,-1,806.26,331.51,57.31,24.82,0.9025,-1,-1,-1
1087,-1,134.23,304.79,53.22,25.02,0.8911,-1,-1,-1
1087,-1,844.55,310.96,28.49,20.58,0.8836,-1,-1,-1
1087,-1,86.65,362.92,24.00,15.62,0.8832,-1,-1,-1
1087,-1,878.61,270.05,40.66,22.99,0.8748,-1,-1,-1
1087,-1,500.97,376.89,21.32,16.03,0.8568,-1,-1,-1
1087,-1,11.57,346.63,31.23,17.59,0.8481,-1,-1,-1
1087,-1,724.44,319.30,26.75,16.21,0.8308,-1,-1,-1
1087,-1,930.94,328.38,18.83,18.39,0.8243,-1,-1,-1
1087,-1,1007.47,322.16,16.53,13.77,0.8135,-1,-1,-1
1087,-1,709.97,279.23,23.23,19.04,0.7678,-1,-1,-1
1087,-1,224.51,335.04,21.94,14.28,0.6306,-1,-1,-1
1087,-1,42.53,307.26,18.36,12.81,0.5667,-1,-1,-1
1087,-1,51.10,246.27,22.28,30.09,0.5151,-1,-1,-1
1087,-1,830.64,273.14,30.41,15.75,0.5148,-1,-1,-1
1087,-1,830.51,273.31,30.76,15.62,0.5070,-1,-1,-1
1087,-1,953.77,307.77,24.04,15.53,0.4430,-1,-1,-1
1087,-1,696.55,336.48,18.28,13.84,0.4259,-1,-1,-1
1087,-1,113.22,314.28,18.19,25.02,0.3827,-1,-1,-1
1087,-1,507.50,312.49,26.44,17.52,0.3573,-1,-1,-1
1087,-1,224.31,314.34,16.60,13.18,0.2564,-1,-1,-1
1088,-1,240.60,376.99,164.45,71.68,0.9535,-1,-1,-1
1088,-1,378.58,303.12,84.33,75.16,0.9408,-1,-1,-1
1088,-1,328.16,133.05,38.72,46.90,0.9145,-1,-1,-1
1088,-1,158.37,257.89,55.87,27.51,0.9131,-1,-1,-1
1088,-1,119.59,364.70,56.78,23.58,0.9119,-1,-1,-1
1088,-1,773.20,265.92,61.53,25.46,0.9103,-1,-1,-1
1088,-1,895.45,340.78,57.73,27.11,0.9077,-1,-1,-1
1088,-1,802.91,331.61,58.55,24.19,0.8998,-1,-1,-1
1088,-1,83.81,362.78,24.70,15.61,0.8984,-1,-1,-1
1088,-1,131.84,304.83,52.71,25.18,0.8911,-1,-1,-1
1088,-1,876.74,270.32,40.33,22.63,0.8903,-1,-1,-1
1088,-1,841.93,311.10,28.14,20.49,0.8813,-1,-1,-1
1088,-1,500.35,376.80,20.52,16.09,0.8701,-1,-1,-1
1088,-1,723.00,319.62,25.95,16.06,0.8431,-1,-1,-1
1088,-1,10.26,346.46,30.99,17.71,0.8426,-1,-1,-1
1088,-1,705.19,274.43,35.25,23.96,0.8381,-1,-1,-1
1088,-1,929.37,328.62,18.64,18.56,0.7810,-1,-1,-1
1088,-1,1005.93,322.19,18.07,13.94,0.7013,-1,-1,-1
1088,-1,41.38,307.03,18.02,13.04,0.6356,-1,-1,-1
1088,-1,110.42,314.01,18.40,25.29,0.6311,-1,-1,-1
1088,-1,695.07,336.75,18.09,15.47,0.6154,-1,-1,-1
1088,-1,506.12,312.18,27.72,18.14,0.5032,-1,-1,-1
1088,-1,828.01,274.14,30.82,15.80,0.4483,-1,-1,-1
1088,-1,827.67,274.18,31.05,15.79,0.4354,-1,-1,-1
1088,-1,223.43,335.07,22.30,14.18,0.3915,-1,-1,-1
1088,-1,951.57,305.85,23.82,13.30,0.2936,-1,-1,-1
1088,-1,936.37,290.99,21.22,13.24,0.2895,-1,-1,-1
1088,-1,695.19,336.74,18.61,21.25,0.2846,-1,-1,-1
1089,-1,230.77,377.14,164.79,72.13,0.9514,-1,-1,-1
1089,-1,368.68,303.14,85.43,75.12,0.9411,-1,-1,-1
1089,-1,320.23,133.10,38.16,46.42,0.9137,-1,-1,-1
1089,-1,117.00,364.70,57.05,23.47,0.9127,-1,-1,-1
1089,-1,155.78,257.66,56.26,27.18,0.9112,-1,-1,-1
1089,-1,771.04,266.14,60.23,25.29,0.9106,-1,-1,-1
1089,-1,892.41,340.55,57.79,27.82,0.8981,-1,-1,-1
1089,-1,129.11,304.63,53.62,24.99,0.8949,-1,-1,-1
1089,-1,800.11,331.80,59.00,24.16,0.8903,-1,-1,-1
1089,-1,839.29,311.24,27.48,20.57,0.8888,-1,-1,-1
1089,-1,81.51,362.50,23.97,15.73,0.8848,-1,-1,-1
1089,-1,874.34,270.64,40.48,22.74,0.8757,-1,-1,-1
1089,-1,499.60,376.78,19.71,16.09,0.8695,-1,-1,-1
1089,-1,8.15,346.14,31.71,17.45,0.8469,-1,-1,-1
1089,-1,928.02,329.06,18.31,18.66,0.8418,-1,-1,-1
1089,-1,721.45,319.57,26.72,16.30,0.8332,-1,-1,-1
1089,-1,1004.33,322.84,19.55,13.65,0.6302,-1,-1,-1
1089,-1,824.44,274.06,31.32,16.60,0.6208,-1,-1,-1
1089,-1,693.99,337.03,17.78,12.17,0.6042,-1,-1,-1
1089,-1,707.14,278.07,23.63,20.32,0.5438,-1,-1,-1
1089,-1,824.58,274.41,31.39,16.02,0.4790,-1,-1,-1
1089,-1,107.94,313.62,18.18,25.29,0.4553,-1,-1,-1
1089,-1,120.97,349.37,22.85,12.33,0.3425,-1,-1,-1
1089,-1,935.81,291.09,21.35,12.96,0.3158,-1,-1,-1
1090,-1,221.37,377.25,165.37,72.43,0.9504,-1,-1,-1
1090,-1,358.43,303.32,87.55,74.98,0.9440,-1,-1,-1
1090,-1,768.48,266.49,60.38,25.04,0.9170,-1,-1,-1
1090,-1,312.18,133.21,38.51,46.49,0.9152,-1,-1,-1
1090,-1,114.30,364.59,57.26,23.13,0.9143,-1,-1,-1
1090,-1,889.99,341.25,56.94,27.48,0.9095,-1,-1,-1
1090,-1,152.78,257.45,57.33,27.10,0.9048,-1,-1,-1
1090,-1,127.12,304.46,53.19,25.26,0.8999,-1,-1,-1
1090,-1,836.47,311.48,28.17,20.88,0.8867,-1,-1,-1
1090,-1,870.06,270.89,41.86,23.58,0.8825,-1,-1,-1
1090,-1,78.50,362.41,24.28,15.43,0.8804,-1,-1,-1
1090,-1,797.83,332.11,57.85,24.11,0.8697,-1,-1,-1
1090,-1,497.88,376.74,20.06,16.26,0.8532,-1,-1,-1
1090,-1,6.89,345.63,31.48,17.74,0.8479,-1,-1,-1
1090,-1,926.42,329.20,18.37,19.37,0.8454,-1,-1,-1
1090,-1,720.28,319.28,26.07,16.68,0.8392,-1,-1,-1
1090,-1,705.36,278.66,22.17,20.08,0.7024,-1,-1,-1
1090,-1,822.26,274.54,31.05,16.03,0.6459,-1,-1,-1
1090,-1,692.38,337.23,18.40,13.76,0.6149,-1,-1,-1
1090,-1,38.23,306.12,18.51,13.25,0.5704,-1,-1,-1
1090,-1,1002.55,323.38,20.44,13.73,0.5646,-1,-1,-1
1090,-1,822.05,274.64,31.51,15.90,0.4153,-1,-1,-1
1090,-1,117.97,348.71,23.78,12.30,0.3957,-1,-1,-1
1090,-1,1002.53,323.40,20.47,13.78,0.3739,-1,-1,-1
1090,-1,500.41,311.88,25.33,18.18,0.2520,-1,-1,-1
1091,-1,210.89,377.27,166.59,72.65,0.9506,-1,-1,-1
1091,-1,346.79,303.27,89.78,75.04,0.9443,-1,-1,-1
1091,-1,765.76,266.72,60.50,25.11,0.9198,-1,-1,-1
1091,-1,304.07,133.25,38.82,46.15,0.9146,-1,-1,-1
1091,-1,150.58,257.30,57.11,27.06,0.9091,-1,-1,-1
1091,-1,887.64,341.80,56.56,27.25,0.9070,-1,-1,-1
1091,-1,111.30,364.34,58.05,23.16,0.9059,-1,-1,-1
1091,-1,75.85,361.93,24.29,15.65,0.9003,-1,-1,-1
1091,-1,124.24,303.92,54.04,24.73,0.8935,-1,-1,-1
1091,-1,795.55,332.18,57.78,24.72,0.8899,-1,-1,-1
1091,-1,833.89,311.73,27.94,20.71,0.8884,-1,-1,-1
1091,-1,868.40,271.30,41.64,23.09,0.8727,-1,-1,-1
1091,-1,5.57,345.24,30.93,17.64,0.8560,-1,-1,-1
1091,-1,718.38,318.85,25.42,17.28,0.8426,-1,-1,-1
1091,-1,924.63,329.13,18.81,21.44,0.8352,-1,-1,-1
1091,-1,495.99,376.90,19.07,16.20,0.8350,-1,-1,-1
1091,-1,703.74,279.76,22.21,19.13,0.8185,-1,-1,-1
1091,-1,101.88,313.94,19.00,24.52,0.7332,-1,-1,-1
1091,-1,1001.11,323.80,20.39,13.69,0.6660,-1,-1,-1
1091,-1,819.31,275.28,31.62,15.63,0.5952,-1,-1,-1
1091,-1,690.58,337.37,18.58,13.75,0.5749,-1,-1,-1
1091,-1,36.05,306.04,18.37,12.84,0.4778,-1,-1,-1
1091,-1,930.91,292.24,23.04,13.21,0.4184,-1,-1,-1
1091,-1,115.55,348.51,24.07,12.11,0.2830,-1,-1,-1
1091,-1,691.03,338.03,18.19,18.64,0.2590,-1,-1,-1
1092,-1,201.00,377.07,166.86,71.51,0.9503,-1,-1,-1
1092,-1,337.15,303.31,90.04,75.09,0.9459,-1,-1,-1
1092,-1,763.48,267.29,59.94,25.11,0.9175,-1,-1,-1
1092,-1,296.06,133.28,38.85,46.31,0.9135,-1,-1,-1
1092,-1,148.13,257.02,56.77,27.55,0.9118,-1,-1,-1
1092,-1,885.22,342.03,56.23,27.36,0.9029,-1,-1,-1
1092,-1,108.36,363.97,58.41,23.44,0.9025,-1,-1,-1
1092,-1,120.79,302.80,55.47,25.68,0.8901,-1,-1,-1
1092,-1,831.50,312.01,27.40,20.76,0.8856,-1,-1,-1
1092,-1,73.22,361.53,24.17,15.69,0.8823,-1,-1,-1
1092,-1,793.61,332.89,57.12,24.22,0.8767,-1,-1,-1
1092,-1,866.27,272.12,40.20,22.25,0.8701,-1,-1,-1
1092,-1,717.20,320.47,25.48,15.96,0.8536,-1,-1,-1
1092,-1,4.10,344.99,30.74,17.58,0.8457,-1,-1,-1
1092,-1,494.33,376.88,20.29,16.29,0.8438,-1,-1,-1
1092,-1,999.35,324.58,21.50,13.38,0.8343,-1,-1,-1
1092,-1,701.93,280.82,23.51,18.35,0.8241,-1,-1,-1
1092,-1,922.94,329.75,18.62,21.80,0.8221,-1,-1,-1
1092,-1,816.18,275.41,32.31,15.55,0.6334,-1,-1,-1
1092,-1,33.65,305.15,20.02,13.41,0.5938,-1,-1,-1
1092,-1,689.28,337.32,18.14,12.99,0.4726,-1,-1,-1
1092,-1,100.28,313.79,17.87,24.17,0.4500,-1,-1,-1
1092,-1,713.56,333.94,16.32,17.54,0.2732,-1,-1,-1
1093,-1,190.92,376.98,168.09,71.87,0.9524,-1,-1,-1
1093,-1,326.73,303.36,92.37,75.00,0.9450,-1,-1,-1
1093,-1,761.60,267.59,58.96,25.11,0.9154,-1,-1,-1
1093,-1,288.27,133.27,38.67,46.44,0.9127,-1,-1,-1
1093,-1,106.31,363.67,58.34,23.14,0.9116,-1,-1,-1
1093,-1,145.00,256.81,57.93,27.20,0.9107,-1,-1,-1
1093,-1,882.53,342.34,56.50,27.82,0.9080,-1,-1,-1
1093,-1,864.54,272.36,39.36,22.39,0.8798,-1,-1,-1
1093,-1,828.75,312.40,27.36,21.00,0.8790,-1,-1,-1
1093,-1,119.33,303.36,54.97,25.31,0.8773,-1,-1,-1
1093,-1,789.95,333.14,58.00,24.49,0.8751,-1,-1,-1
1093,-1,70.44,361.25,24.25,15.59,0.8711,-1,-1,-1
1093,-1,715.09,320.68,26.07,16.21,0.8675,-1,-1,-1
1093,-1,493.14,376.96,19.98,16.41,0.8638,-1,-1,-1
1093,-1,921.47,330.74,18.57,20.91,0.8595,-1,-1,-1
1093,-1,2.15,344.34,31.16,17.73,0.8043,-1,-1,-1
1093,-1,998.23,325.09,21.19,13.47,0.7910,-1,-1,-1
1093,-1,814.62,275.99,31.38,15.43,0.6513,-1,-1,-1
1093,-1,700.37,279.32,25.37,20.16,0.5986,-1,-1,-1
1093,-1,814.83,275.91,31.12,16.00,0.4614,-1,-1,-1
1093,-1,687.26,337.61,17.91,11.41,0.3929,-1,-1,-1
1093,-1,33.32,305.05,19.32,13.17,0.3630,-1,-1,-1
1094,-1,181.31,376.79,168.38,71.58,0.9499,-1,-1,-1
1094,-1,316.01,303.47,93.15,74.74,0.9445,-1,-1,-1
1094,-1,758.04,267.89,60.28,25.32,0.9189,-1,-1,-1
1094,-1,279.98,133.14,39.03,46.44,0.9137,-1,-1,-1
1094,-1,142.77,256.65,58.04,27.06,0.9133,-1,-1,-1
1094,-1,103.44,363.31,58.23,23.27,0.9111,-1,-1,-1
1094,-1,879.70,343.02,56.46,27.55,0.9078,-1,-1,-1
1094,-1,67.15,361.05,24.83,15.42,0.8853,-1,-1,-1
1094,-1,826.09,312.88,27.14,20.92,0.8782,-1,-1,-1
1094,-1,862.80,272.79,39.65,22.40,0.8752,-1,-1,-1
1094,-1,116.34,303.39,55.04,24.80,0.8688,-1,-1,-1
1094,-1,491.64,377.04,19.59,16.26,0.8642,-1,-1,-1
1094,-1,919.39,330.97,19.04,21.37,0.8575,-1,-1,-1
1094,-1,713.33,321.33,26.81,15.83,0.8571,-1,-1,-1
1094,-1,788.47,333.58,55.24,24.41,0.8537,-1,-1,-1
1094,-1,0.37,344.08,31.32,17.57,0.8319,-1,-1,-1
1094,-1,996.75,325.42,21.16,13.93,0.8242,-1,-1,-1
1094,-1,698.97,279.86,21.56,19.68,0.7512,-1,-1,-1
1094,-1,686.49,338.08,17.66,13.80,0.5814,-1,-1,-1
1094,-1,813.30,275.80,30.51,16.26,0.5550,-1,-1,-1
1094,-1,926.27,293.60,19.66,14.84,0.3569,-1,-1,-1
1095,-1,171.52,376.34,169.19,71.95,0.9530,-1,-1,-1
1095,-1,306.12,303.26,93.83,74.98,0.9443,-1,-1,-1
1095,-1,272.04,133.14,39.17,46.47,0.9159,-1,-1,-1
1095,-1,876.89,343.40,56.68,27.45,0.9112,-1,-1,-1
1095,-1,101.13,362.93,57.91,23.36,0.9100,-1,-1,-1
1095,-1,140.37,256.31,58.29,27.50,0.9060,-1,-1,-1
1095,-1,755.62,268.33,59.15,25.30,0.9057,-1,-1,-1
1095,-1,823.42,313.30,26.68,21.15,0.8861,-1,-1,-1
1095,-1,786.15,333.86,57.31,24.71,0.8815,-1,-1,-1
1095,-1,860.36,273.33,38.93,22.52,0.8810,-1,-1,-1
1095,-1,64.77,360.59,24.60,15.74,0.8805,-1,-1,-1
1095,-1,114.14,303.46,51.99,23.54,0.8800,-1,-1,-1
1095,-1,712.46,321.01,26.73,16.51,0.8729,-1,-1,-1
1095,-1,0.14,343.61,30.28,17.54,0.8562,-1,-1,-1
1095,-1,917.98,331.68,19.12,21.51,0.8549,-1,-1,-1
1095,-1,490.17,377.44,19.55,15.93,0.8505,-1,-1,-1
1095,-1,695.78,280.90,24.43,18.96,0.8080,-1,-1,-1
1095,-1,684.44,338.21,18.38,14.50,0.6664,-1,-1,-1
1095,-1,995.07,326.13,20.99,13.44,0.6251,-1,-1,-1
1095,-1,808.45,276.55,31.98,16.03,0.6057,-1,-1,-1
1095,-1,497.07,313.75,21.72,13.92,0.5145,-1,-1,-1
1095,-1,808.63,276.59,31.86,16.29,0.4038,-1,-1,-1
1095,-1,924.84,293.99,21.44,14.17,0.3437,-1,-1,-1
1095,-1,29.75,304.63,20.25,12.68,0.2943,-1,-1,-1
1096,-1,161.25,376.32,169.68,71.73,0.9503,-1,-1,-1
1096,-1,295.06,303.20,95.96,74.87,0.9480,-1,-1,-1
1096,-1,873.82,344.20,57.22,26.97,0.9200,-1,-1,-1
1096,-1,263.85,133.13,39.41,45.81,0.9152,-1,-1,-1
1096,-1,752.90,268.73,59.81,25.03,0.9147,-1,-1,-1
1096,-1,137.99,256.20,57.63,27.34,0.9122,-1,-1,-1
1096,-1,98.46,362.55,58.20,23.69,0.9048,-1,-1,-1
1096,-1,0.00,343.39,28.60,17.64,0.8902,-1,-1,-1
1096,-1,858.15,273.74,38.80,22.21,0.8837,-1,-1,-1
1096,-1,111.12,303.66,54.26,23.01,0.8825,-1,-1,-1
1096,-1,820.79,313.76,27.24,20.92,0.8765,-1,-1,-1
1096,-1,62.17,360.21,24.44,15.91,0.8753,-1,-1,-1
1096,-1,710.72,321.32,26.61,16.04,0.8617,-1,-1,-1
1096,-1,488.39,377.43,19.66,15.83,0.8587,-1,-1,-1
1096,-1,916.54,332.04,18.40,21.54,0.8581,-1,-1,-1
1096,-1,784.22,334.32,55.77,24.48,0.8544,-1,-1,-1
1096,-1,695.31,281.34,22.92,18.62,0.8140,-1,-1,-1
1096,-1,806.98,276.64,31.67,16.04,0.6298,-1,-1,-1
1096,-1,683.02,338.66,17.78,14.96,0.6173,-1,-1,-1
1096,-1,993.41,326.69,20.55,13.44,0.4843,-1,-1,-1
1096,-1,993.42,326.68,20.55,13.45,0.4653,-1,-1,-1
1096,-1,27.75,304.12,19.90,12.97,0.3550,-1,-1,-1
1096,-1,922.94,294.93,20.69,13.85,0.3267,-1,-1,-1
1097,-1,151.35,376.23,171.20,71.85,0.9536,-1,-1,-1
1097,-1,285.05,303.18,97.01,74.64,0.9469,-1,-1,-1
1097,-1,255.97,133.05,38.86,45.96,0.9168,-1,-1,-1
1097,-1,750.72,268.97,59.76,25.20,0.9166,-1,-1,-1
1097,-1,135.29,255.99,57.71,27.39,0.9143,-1,-1,-1
1097,-1,95.89,362.39,58.16,23.58,0.9136,-1,-1,-1
1097,-1,872.05,344.07,55.57,27.40,0.9081,-1,-1,-1
1097,-1,781.78,334.63,54.94,24.52,0.8924,-1,-1,-1
1097,-1,59.74,359.86,24.33,15.98,0.8871,-1,-1,-1
1097,-1,856.24,273.97,38.14,22.72,0.8811,-1,-1,-1
1097,-1,0.00,343.27,26.71,17.19,0.8805,-1,-1,-1
1097,-1,818.15,313.96,26.60,21.19,0.8787,-1,-1,-1
1097,-1,109.16,302.73,54.05,24.14,0.8769,-1,-1,-1
1097,-1,914.86,332.32,19.06,21.87,0.8724,-1,-1,-1
1097,-1,709.34,321.88,26.95,15.84,0.8611,-1,-1,-1
1097,-1,486.78,377.13,19.16,16.14,0.8538,-1,-1,-1
1097,-1,682.05,338.99,17.96,20.97,0.7972,-1,-1,-1
1097,-1,693.27,281.50,24.09,18.39,0.7923,-1,-1,-1
1097,-1,490.56,315.60,24.68,12.66,0.5447,-1,-1,-1
1097,-1,991.30,326.95,21.99,13.53,0.5269,-1,-1,-1
1097,-1,26.19,303.61,20.37,13.36,0.5151,-1,-1,-1
1097,-1,805.39,276.94,30.43,16.19,0.5072,-1,-1,-1
1097,-1,805.26,276.96,30.52,16.26,0.3704,-1,-1,-1
1097,-1,922.45,295.60,21.63,12.45,0.2647,-1,-1,-1
1098,-1,141.52,376.32,171.84,71.47,0.9534,-1,-1,-1
1098,-1,273.82,303.01,99.02,74.80,0.9465,-1,-1,-1
1098,-1,247.82,132.93,39.27,46.25,0.9163,-1,-1,-1
1098,-1,869.15,344.57,55.40,27.39,0.9162,-1,-1,-1
1098,-1,93.23,362.26,57.91,23.61,0.9093,-1,-1,-1
1098,-1,748.14,269.08,58.60,25.24,0.9076,-1,-1,-1
1098,-1,133.35,255.94,57.25,27.60,0.9074,-1,-1,-1
1098,-1,779.27,334.53,56.46,24.97,0.9009,-1,-1,-1
1098,-1,853.70,274.34,38.35,22.26,0.8882,-1,-1,-1
1098,-1,815.52,314.16,26.38,21.10,0.8854,-1,-1,-1
1098,-1,106.67,302.70,55.40,24.32,0.8782,-1,-1,-1
1098,-1,56.96,359.80,24.66,15.85,0.8781,-1,-1,-1
1098,-1,0.00,343.00,25.28,17.16,0.8773,-1,-1,-1
1098,-1,707.67,322.00,26.62,16.05,0.8591,-1,-1,-1
1098,-1,913.51,332.60,19.14,22.01,0.8587,-1,-1,-1
1098,-1,485.17,377.23,19.40,16.15,0.8554,-1,-1,-1
1098,-1,989.76,327.35,20.97,13.78,0.6857,-1,-1,-1
1098,-1,800.39,277.29,32.56,16.18,0.6763,-1,-1,-1
1098,-1,692.98,280.29,23.09,19.48,0.5532,-1,-1,-1
1098,-1,680.44,339.06,17.71,14.02,0.4976,-1,-1,-1
1098,-1,25.30,303.87,19.27,12.88,0.4816,-1,-1,-1
1098,-1,681.15,348.00,17.41,12.34,0.4700,-1,-1,-1
1098,-1,920.33,294.78,20.21,13.45,0.4651,-1,-1,-1
1098,-1,84.27,312.02,17.72,24.53,0.2957,-1,-1,-1
1098,-1,800.63,277.20,32.27,16.55,0.2883,-1,-1,-1
1099,-1,131.54,376.25,171.62,71.92,0.9507,-1,-1,-1
1099,-1,263.34,303.26,100.11,74.37,0.9470,-1,-1,-1
1099,-1,239.43,132.74,39.42,45.59,0.9199,-1,-1,-1
1099,-1,866.38,345.03,55.71,26.98,0.9186,-1,-1,-1
1099,-1,745.25,269.14,58.99,25.07,0.9107,-1,-1,-1
1099,-1,129.97,255.97,58.46,27.18,0.9105,-1,-1,-1
1099,-1,90.92,362.30,57.42,23.66,0.9081,-1,-1,-1
1099,-1,103.87,303.01,55.51,24.04,0.8846,-1,-1,-1
1099,-1,851.26,274.27,38.19,22.39,0.8833,-1,-1,-1
1099,-1,911.31,333.21,19.11,21.79,0.8764,-1,-1,-1
1099,-1,706.40,322.46,25.54,15.75,0.8698,-1,-1,-1
1099,-1,54.48,359.77,24.15,15.82,0.8694,-1,-1,-1
1099,-1,812.57,314.26,26.62,21.20,0.8692,-1,-1,-1
1099,-1,483.56,377.59,19.38,15.65,0.8592,-1,-1,-1
1099,-1,0.00,343.06,23.98,17.01,0.8480,-1,-1,-1
1099,-1,776.49,334.88,55.81,24.93,0.8381,-1,-1,-1
1099,-1,987.85,327.41,21.69,13.88,0.7257,-1,-1,-1
1099,-1,690.68,281.20,23.93,19.22,0.6878,-1,-1,-1
1099,-1,80.70,311.74,19.25,24.91,0.6677,-1,-1,-1
1099,-1,678.79,339.00,17.63,13.23,0.6368,-1,-1,-1
1099,-1,918.32,295.02,21.04,14.59,0.5767,-1,-1,-1
1099,-1,798.37,277.13,32.71,16.28,0.5759,-1,-1,-1
1099,-1,798.61,276.96,32.15,16.66,0.5704,-1,-1,-1
1099,-1,680.47,348.39,16.38,11.89,0.3599,-1,-1,-1
1099,-1,39.75,349.61,26.13,10.88,0.3143,-1,-1,-1
1099,-1,21.80,243.15,23.45,29.61,0.2780,-1,-1,-1
1100,-1,121.78,376.09,173.08,72.57,0.9566,-1,-1,-1
1100,-1,253.50,303.47,101.22,74.12,0.9517,-1,-1,-1
1100,-1,88.35,362.34,57.74,23.56,0.9182,-1,-1,-1
1100,-1,231.25,132.92,39.45,46.31,0.9143,-1,-1,-1
1100,-1,127.65,256.05,57.85,27.30,0.9123,-1,-1,-1
1100,-1,742.78,269.15,59.27,25.35,0.9104,-1,-1,-1
1100,-1,863.90,345.16,55.60,26.96,0.9078,-1,-1,-1
1100,-1,51.32,359.85,24.86,15.97,0.8891,-1,-1,-1
1100,-1,909.72,332.96,19.30,21.90,0.8815,-1,-1,-1
1100,-1,809.96,314.22,26.50,20.71,0.8803,-1,-1,-1
1100,-1,848.75,274.29,38.22,22.98,0.8802,-1,-1,-1
1100,-1,704.43,322.14,26.49,16.17,0.8778,-1,-1,-1
1100,-1,101.22,302.46,55.57,24.82,0.8736,-1,-1,-1
1100,-1,774.41,335.16,53.67,24.55,0.8409,-1,-1,-1
1100,-1,986.43,327.37,20.83,13.84,0.8195,-1,-1,-1
1100,-1,482.11,377.43,19.62,16.06,0.8140,-1,-1,-1
1100,-1,0.00,343.17,22.08,16.86,0.7780,-1,-1,-1
1100,-1,687.64,281.66,25.04,19.07,0.7624,-1,-1,-1
1100,-1,677.24,338.25,17.59,15.20,0.7198,-1,-1,-1
1100,-1,795.88,277.49,32.37,16.13,0.6215,-1,-1,-1
1100,-1,19.03,243.44,23.53,29.23,0.5264,-1,-1,-1
1100,-1,78.09,311.34,19.35,25.80,0.5005,-1,-1,-1
1101,-1,111.06,376.24,173.77,72.28,0.9492,-1,-1,-1
1101,-1,242.45,303.39,102.75,74.54,0.9435,-1,-1,-1
1101,-1,222.99,132.98,39.28,45.91,0.9171,-1,-1,-1
1101,-1,860.86,345.10,56.07,27.14,0.9165,-1,-1,-1
1101,-1,125.39,256.31,56.83,27.28,0.9128,-1,-1,-1
1101,-1,85.45,362.64,58.01,23.37,0.9118,-1,-1,-1
1101,-1,740.81,269.17,57.85,25.27,0.9050,-1,-1,-1
1101,-1,772.54,334.67,54.85,24.92,0.9011,-1,-1,-1
1101,-1,846.09,274.43,38.88,22.69,0.8842,-1,-1,-1
1101,-1,807.23,314.02,26.18,20.86,0.8838,-1,-1,-1
1101,-1,48.86,360.02,24.66,16.04,0.8793,-1,-1,-1
1101,-1,703.13,322.07,25.65,16.34,0.8752,-1,-1,-1
1101,-1,98.57,303.62,56.24,23.98,0.8741,-1,-1,-1
1101,-1,907.66,332.60,19.46,22.40,0.8716,-1,-1,-1
1101,-1,984.59,327.37,20.72,13.62,0.8182,-1,-1,-1
1101,-1,480.48,377.43,18.39,15.98,0.8063,-1,-1,-1
1101,-1,686.39,282.03,24.44,18.10,0.7462,-1,-1,-1
1101,-1,675.59,339.22,17.43,13.86,0.6275,-1,-1,-1
1101,-1,0.00,343.40,20.53,16.93,0.5736,-1,-1,-1
1101,-1,791.89,277.41,33.06,16.14,0.5370,-1,-1,-1
1101,-1,17.74,242.77,22.17,30.73,0.4910,-1,-1,-1
1101,-1,915.13,295.27,20.78,14.27,0.4902,-1,-1,-1
1101,-1,792.13,277.21,32.78,16.55,0.3909,-1,-1,-1
1101,-1,89.82,347.50,24.63,12.27,0.3734,-1,-1,-1
1101,-1,676.16,342.70,17.03,16.90,0.2503,-1,-1,-1
1102,-1,101.58,376.62,174.63,71.92,0.9524,-1,-1,-1
1102,-1,231.03,303.35,104.50,74.30,0.9481,-1,-1,-1
1102,-1,214.17,133.11,39.71,46.88,0.9160,-1,-1,-1
1102,-1,121.56,256.57,58.97,27.03,0.9147,-1,-1,-1
1102,-1,82.94,362.90,58.33,23.34,0.9135,-1,-1,-1
1102,-1,737.56,269.09,58.05,24.97,0.9120,-1,-1,-1
1102,-1,858.26,344.71,55.36,27.14,0.9063,-1,-1,-1
1102,-1,769.68,334.67,54.87,24.79,0.8828,-1,-1,-1
1102,-1,96.72,303.25,56.10,24.87,0.8793,-1,-1,-1
1102,-1,843.17,274.16,38.57,22.56,0.8788,-1,-1,-1
1102,-1,46.04,360.49,24.56,15.69,0.8766,-1,-1,-1
1102,-1,701.21,322.13,26.19,16.01,0.8713,-1,-1,-1
1102,-1,804.36,314.12,26.13,20.98,0.8679,-1,-1,-1
1102,-1,906.41,332.25,19.16,22.49,0.8657,-1,-1,-1
1102,-1,478.82,376.99,19.33,16.40,0.8463,-1,-1,-1
1102,-1,983.03,326.98,20.92,13.55,0.8284,-1,-1,-1
1102,-1,0.00,343.56,18.97,16.50,0.8049,-1,-1,-1
1102,-1,685.58,281.61,24.12,18.60,0.7064,-1,-1,-1
1102,-1,15.45,243.45,22.74,30.36,0.7061,-1,-1,-1
1102,-1,673.95,339.14,17.94,14.98,0.5918,-1,-1,-1
1102,-1,789.82,276.88,32.46,16.54,0.5753,-1,-1,-1
1102,-1,789.88,276.71,32.37,16.83,0.4622,-1,-1,-1
1102,-1,674.25,343.11,17.56,16.81,0.3489,-1,-1,-1
1103,-1,92.06,376.65,174.56,71.92,0.9522,-1,-1,-1
1103,-1,220.49,303.43,106.01,74.42,0.9495,-1,-1,-1
1103,-1,120.14,256.81,56.92,27.08,0.9169,-1,-1,-1
1103,-1,205.77,133.27,40.12,46.24,0.9152,-1,-1,-1
1103,-1,734.67,268.89,59.13,25.00,0.9144,-1,-1,-1
1103,-1,80.39,363.47,57.77,23.09,0.9078,-1,-1,-1
1103,-1,855.85,344.46,54.67,26.98,0.9041,-1,-1,-1
1103,-1,904.48,332.08,19.64,22.40,0.8986,-1,-1,-1
1103,-1,43.35,360.85,24.50,15.75,0.8853,-1,-1,-1
1103,-1,767.12,334.60,53.29,24.48,0.8832,-1,-1,-1
1103,-1,801.54,313.83,26.27,20.72,0.8789,-1,-1,-1
1103,-1,840.38,274.20,38.33,22.32,0.8784,-1,-1,-1
1103,-1,93.82,303.51,56.04,24.76,0.8695,-1,-1,-1
1103,-1,699.33,321.87,26.25,15.84,0.8629,-1,-1,-1
1103,-1,477.11,377.14,19.41,16.35,0.8408,-1,-1,-1
1103,-1,683.51,281.04,28.85,18.94,0.7885,-1,-1,-1
1103,-1,0.00,344.24,17.39,16.23,0.7022,-1,-1,-1
1103,-1,981.61,326.75,20.16,13.43,0.6918,-1,-1,-1
1103,-1,672.38,338.91,17.93,17.03,0.5909,-1,-1,-1
1103,-1,786.67,276.56,33.07,16.32,0.5149,-1,-1,-1
1103,-1,14.02,244.72,24.62,30.09,0.4384,-1,-1,-1
1103,-1,672.84,341.26,17.67,18.17,0.4352,-1,-1,-1
1104,-1,81.04,376.43,176.37,71.84,0.9490,-1,-1,-1
1104,-1,209.47,303.58,108.08,74.43,0.9439,-1,-1,-1
1104,-1,117.10,256.97,57.92,27.14,0.9169,-1,-1,-1
1104,-1,197.20,133.11,39.33,46.46,0.9153,-1,-1,-1
1104,-1,853.00,344.07,55.67,26.80,0.9048,-1,-1,-1
1104,-1,732.28,268.57,57.56,24.97,0.9040,-1,-1,-1
1104,-1,764.05,334.19,55.68,24.63,0.8994,-1,-1,-1
1104,-1,77.43,363.78,57.95,23.02,0.8986,-1,-1,-1
1104,-1,91.55,303.71,55.56,24.97,0.8820,-1,-1,-1
1104,-1,838.82,273.58,38.02,22.73,0.8794,-1,-1,-1
1104,-1,40.40,361.10,24.81,15.72,0.8781,-1,-1,-1
1104,-1,798.67,313.46,26.15,20.72,0.8732,-1,-1,-1
1104,-1,697.34,321.77,26.44,15.76,0.8731,-1,-1,-1
1104,-1,902.97,331.69,19.22,22.17,0.8705,-1,-1,-1
1104,-1,979.90,326.16,20.41,13.65,0.7929,-1,-1,-1
1104,-1,784.52,276.74,32.03,15.88,0.7781,-1,-1,-1
1104,-1,475.48,377.38,19.01,15.76,0.7613,-1,-1,-1
1104,-1,0.00,344.47,15.89,15.61,0.7345,-1,-1,-1
1104,-1,682.49,280.78,26.37,19.65,0.6229,-1,-1,-1
1104,-1,670.85,338.18,17.75,16.04,0.6181,-1,-1,-1
1104,-1,11.72,245.29,20.81,28.96,0.3484,-1,-1,-1
1105,-1,71.59,376.71,176.66,71.78,0.9532,-1,-1,-1
1105,-1,200.00,303.63,108.00,74.51,0.9482,-1,-1,-1
1105,-1,729.34,268.24,57.84,24.95,0.9165,-1,-1,-1
1105,-1,114.05,257.42,58.38,26.95,0.9132,-1,-1,-1
1105,-1,188.56,133.23,38.87,46.81,0.9131,-1,-1,-1
1105,-1,849.72,343.48,56.70,27.11,0.9079,-1,-1,-1
1105,-1,74.90,364.04,58.15,22.85,0.9067,-1,-1,-1
1105,-1,761.74,333.42,54.41,25.27,0.8961,-1,-1,-1
1105,-1,835.48,273.14,38.08,22.79,0.8808,-1,-1,-1
1105,-1,88.22,304.83,56.71,24.24,0.8763,-1,-1,-1
1105,-1,37.50,361.59,25.09,15.73,0.8727,-1,-1,-1
1105,-1,696.23,321.42,26.27,15.96,0.8721,-1,-1,-1
1105,-1,977.79,325.62,20.38,13.61,0.8650,-1,-1,-1
1105,-1,796.24,313.17,25.59,20.69,0.8641,-1,-1,-1
1105,-1,901.22,331.64,18.92,21.92,0.8430,-1,-1,-1
1105,-1,474.29,377.57,18.19,15.81,0.7902,-1,-1,-1
1105,-1,680.11,281.00,26.87,18.77,0.7474,-1,-1,-1
1105,-1,782.13,276.40,32.56,15.84,0.7395,-1,-1,-1
1105,-1,668.88,337.81,18.27,15.84,0.7393,-1,-1,-1
1105,-1,0.00,344.94,14.02,14.55,0.6758,-1,-1,-1
1105,-1,453.03,390.78,15.68,15.96,0.4121,-1,-1,-1
1105,-1,471.70,260.30,17.65,32.75,0.3748,-1,-1,-1
1105,-1,9.24,248.52,21.19,25.93,0.3707,-1,-1,-1
1105,-1,901.72,293.04,19.18,16.29,0.3058,-1,-1,-1
1106,-1,189.25,303.44,108.94,74.84,0.9490,-1,-1,-1
1106,-1,61.18,377.00,176.81,71.78,0.9483,-1,-1,-1
1106,-1,111.04,257.40,58.74,27.37,0.9183,-1,-1,-1
1106,-1,726.97,267.77,56.36,25.38,0.9137,-1,-1,-1
1106,-1,179.85,133.96,38.48,46.50,0.9118,-1,-1,-1
1106,-1,846.96,343.51,55.51,26.32,0.8976,-1,-1,-1
1106,-1,71.94,364.22,58.30,22.03,0.8970,-1,-1,-1
1106,-1,34.10,361.94,25.92,15.74,0.8933,-1,-1,-1
1106,-1,758.63,333.36,55.46,24.94,0.8911,-1,-1,-1
1106,-1,832.37,272.89,38.32,22.64,0.8778,-1,-1,-1
1106,-1,85.45,305.73,56.77,23.42,0.8768,-1,-1,-1
1106,-1,899.83,330.85,18.85,22.29,0.8724,-1,-1,-1
1106,-1,793.22,312.73,25.46,20.60,0.8692,-1,-1,-1
1106,-1,694.87,320.99,25.56,15.89,0.8667,-1,-1,-1
1106,-1,976.50,325.04,19.87,13.70,0.8606,-1,-1,-1
1106,-1,472.55,377.06,18.83,16.39,0.8475,-1,-1,-1
1106,-1,678.22,281.60,24.38,18.16,0.7997,-1,-1,-1
1106,-1,62.05,313.30,18.83,25.20,0.7609,-1,-1,-1
1106,-1,667.48,337.99,17.80,16.60,0.6579,-1,-1,-1
1106,-1,450.76,391.22,16.37,16.26,0.6368,-1,-1,-1
1106,-1,778.06,275.73,33.99,16.32,0.5246,-1,-1,-1
1106,-1,0.00,345.33,12.23,14.44,0.4994,-1,-1,-1
1106,-1,778.18,275.75,33.65,16.35,0.4110,-1,-1,-1
1106,-1,480.67,317.07,19.19,11.78,0.3545,-1,-1,-1
1106,-1,467.11,259.88,19.33,34.40,0.3525,-1,-1,-1
1106,-1,906.28,293.64,20.57,14.50,0.3329,-1,-1,-1
1107,-1,51.90,377.34,177.74,72.04,0.9527,-1,-1,-1
1107,-1,178.12,303.60,111.20,75.01,0.9474,-1,-1,-1
1107,-1,755.72,332.63,56.78,25.27,0.9217,-1,-1,-1
1107,-1,108.70,257.84,58.69,26.98,0.9174,-1,-1,-1
1107,-1,724.33,267.53,57.13,25.18,0.9116,-1,-1,-1
1107,-1,171.12,134.44,37.64,45.47,0.9066,-1,-1,-1
1107,-1,844.46,342.85,54.15,26.54,0.9023,-1,-1,-1
1107,-1,830.29,272.40,38.17,22.50,0.8948,-1,-1,-1
1107,-1,82.27,305.37,58.03,24.28,0.8915,-1,-1,-1
1107,-1,70.07,364.60,57.07,21.04,0.8858,-1,-1,-1
1107,-1,31.85,362.12,25.33,16.04,0.8827,-1,-1,-1
1107,-1,974.80,324.73,19.71,13.58,0.8795,-1,-1,-1
1107,-1,790.55,312.43,25.82,20.71,0.8716,-1,-1,-1
1107,-1,693.10,320.78,25.19,15.99,0.8517,-1,-1,-1
1107,-1,898.24,330.54,18.79,21.99,0.8483,-1,-1,-1
1107,-1,470.67,376.51,19.09,16.82,0.8265,-1,-1,-1
1107,-1,59.49,313.68,18.98,25.13,0.7982,-1,-1,-1
1107,-1,447.94,391.14,17.48,16.01,0.7973,-1,-1,-1
1107,-1,676.97,279.76,25.68,20.06,0.6688,-1,-1,-1
1107,-1,0.00,345.79,10.92,14.24,0.5101,-1,-1,-1
1107,-1,776.76,275.46,32.00,16.70,0.5026,-1,-1,-1
1107,-1,665.83,337.83,18.11,13.74,0.4788,-1,-1,-1
1107,-1,666.53,346.86,17.99,12.93,0.3896,-1,-1,-1
1107,-1,1.60,246.68,23.17,29.24,0.3335,-1,-1,-1
1107,-1,860.36,310.15,16.30,14.01,0.2930,-1,-1,-1
1108,-1,41.13,377.86,178.95,71.61,0.9506,-1,-1,-1
1108,-1,166.39,304.05,113.14,74.64,0.9503,-1,-1,-1
1108,-1,721.40,267.26,57.59,25.02,0.9172,-1,-1,-1
1108,-1,106.01,258.06,58.49,27.04,0.9169,-1,-1,-1
1108,-1,841.32,342.86,54.30,26.11,0.9096,-1,-1,-1
1108,-1,753.08,332.40,56.29,25.17,0.9073,-1,-1,-1
1108,-1,162.58,135.57,35.92,44.85,0.9012,-1,-1,-1
1108,-1,79.49,304.68,58.60,25.01,0.8927,-1,-1,-1
1108,-1,827.23,271.78,38.89,22.85,0.8859,-1,-1,-1
1108,-1,787.47,312.03,25.80,20.80,0.8853,-1,-1,-1
1108,-1,66.82,364.84,58.46,19.84,0.8850,-1,-1,-1
1108,-1,28.42,362.68,26.04,15.64,0.8799,-1,-1,-1
1108,-1,896.36,330.05,19.18,22.07,0.8708,-1,-1,-1
1108,-1,691.47,320.49,25.47,16.13,0.8690,-1,-1,-1
1108,-1,445.44,391.47,18.72,16.69,0.8503,-1,-1,-1
1108,-1,469.05,376.96,18.47,16.29,0.8480,-1,-1,-1
1108,-1,674.77,279.76,30.05,19.26,0.7997,-1,-1,-1
1108,-1,774.56,275.38,31.67,15.59,0.7951,-1,-1,-1
1108,-1,972.88,324.24,20.12,13.63,0.7350,-1,-1,-1
1108,-1,858.14,309.11,16.18,13.86,0.4874,-1,-1,-1
1108,-1,664.36,337.29,17.43,14.27,0.4809,-1,-1,-1
1108,-1,1.23,246.00,22.94,30.30,0.3782,-1,-1,-1
1108,-1,665.24,346.83,17.74,12.53,0.3261,-1,-1,-1
1108,-1,0.00,345.87,8.98,14.34,0.3206,-1,-1,-1
1108,-1,450.68,305.84,16.67,22.82,0.2907,-1,-1,-1
1108,-1,897.89,291.04,17.00,17.92,0.2851,-1,-1,-1
1109,-1,154.61,303.80,115.91,75.09,0.9505,-1,-1,-1
1109,-1,31.25,378.11,179.27,71.51,0.9480,-1,-1,-1
1109,-1,103.47,258.37,58.20,26.80,0.9141,-1,-1,-1
1109,-1,718.20,266.93,57.66,25.24,0.9123,-1,-1,-1
1109,-1,751.13,332.07,56.33,25.14,0.9051,-1,-1,-1
1109,-1,838.85,342.28,53.90,26.34,0.9047,-1,-1,-1
1109,-1,153.96,136.65,35.00,43.94,0.9039,-1,-1,-1
1109,-1,785.08,311.85,24.83,20.74,0.8871,-1,-1,-1
1109,-1,824.99,271.12,38.67,22.92,0.8870,-1,-1,-1
1109,-1,25.95,362.80,26.35,15.72,0.8863,-1,-1,-1
1109,-1,77.26,305.31,58.13,24.39,0.8836,-1,-1,-1
1109,-1,689.86,320.41,25.91,15.98,0.8685,-1,-1,-1
1109,-1,894.90,329.34,18.97,22.43,0.8666,-1,-1,-1
1109,-1,467.62,377.10,18.68,16.20,0.8629,-1,-1,-1
1109,-1,64.31,364.96,56.27,19.00,0.8586,-1,-1,-1
1109,-1,443.35,391.52,18.34,15.87,0.8430,-1,-1,-1
1109,-1,770.40,274.85,32.78,16.06,0.7972,-1,-1,-1
1109,-1,670.78,280.33,27.56,19.15,0.7639,-1,-1,-1
1109,-1,971.31,323.57,19.78,13.86,0.5557,-1,-1,-1
1109,-1,662.82,337.08,17.26,14.01,0.5457,-1,-1,-1
1109,-1,856.08,308.87,16.81,14.04,0.4437,-1,-1,-1
1109,-1,456.66,256.94,20.55,37.59,0.2891,-1,-1,-1
1110,-1,21.22,378.23,180.47,71.64,0.9490,-1,-1,-1
1110,-1,145.38,304.03,116.08,74.62,0.9485,-1,-1,-1
1110,-1,749.54,331.53,54.66,25.31,0.9165,-1,-1,-1
1110,-1,101.49,258.50,57.27,26.73,0.9147,-1,-1,-1
1110,-1,715.65,266.67,57.35,25.19,0.9099,-1,-1,-1
1110,-1,835.51,341.80,54.69,26.51,0.9078,-1,-1,-1
1110,-1,74.92,305.61,57.84,24.17,0.8883,-1,-1,-1
1110,-1,823.46,271.09,37.68,22.46,0.8859,-1,-1,-1
1110,-1,782.09,311.49,25.45,20.97,0.8832,-1,-1,-1
1110,-1,145.47,137.60,34.03,43.09,0.8805,-1,-1,-1
1110,-1,23.35,362.96,25.87,15.83,0.8797,-1,-1,-1
1110,-1,688.43,320.02,25.82,16.23,0.8689,-1,-1,-1
1110,-1,440.38,391.50,20.16,15.32,0.8637,-1,-1,-1
1110,-1,892.98,329.15,19.13,22.05,0.8621,-1,-1,-1
1110,-1,61.51,365.47,57.13,18.13,0.8430,-1,-1,-1
1110,-1,969.60,323.38,19.55,13.72,0.8171,-1,-1,-1
1110,-1,767.55,274.51,33.09,16.02,0.8111,-1,-1,-1
1110,-1,670.16,279.77,30.55,18.67,0.8076,-1,-1,-1
1110,-1,466.01,377.09,18.19,16.21,0.8047,-1,-1,-1
1110,-1,853.49,307.66,17.87,14.65,0.7123,-1,-1,-1
1110,-1,661.37,337.11,17.47,13.52,0.6112,-1,-1,-1
1110,-1,51.78,315.25,18.23,23.89,0.3121,-1,-1,-1
1111,-1,134.19,304.49,117.71,74.27,0.9492,-1,-1,-1
1111,-1,10.63,377.79,181.52,72.18,0.9469,-1,-1,-1
1111,-1,713.57,266.53,57.51,25.24,0.9119,-1,-1,-1
1111,-1,100.27,258.54,55.75,26.71,0.9106,-1,-1,-1
1111,-1,833.07,341.66,53.33,26.57,0.9099,-1,-1,-1
1111,-1,747.29,331.69,53.79,24.82,0.9001,-1,-1,-1
1111,-1,779.41,311.47,25.11,20.38,0.8975,-1,-1,-1
1111,-1,70.88,304.87,59.53,25.01,0.8853,-1,-1,-1
1111,-1,820.60,271.12,37.66,22.64,0.8828,-1,-1,-1
1111,-1,20.71,363.23,25.96,15.57,0.8742,-1,-1,-1
1111,-1,686.80,319.93,26.08,16.36,0.8678,-1,-1,-1
1111,-1,891.43,328.93,18.99,22.09,0.8663,-1,-1,-1
1111,-1,438.39,391.52,20.45,14.88,0.8631,-1,-1,-1
1111,-1,59.16,365.13,56.35,18.08,0.8491,-1,-1,-1
1111,-1,464.52,377.14,18.48,16.03,0.8355,-1,-1,-1
1111,-1,669.51,278.84,31.08,19.11,0.8184,-1,-1,-1
1111,-1,137.19,138.47,32.96,42.52,0.7785,-1,-1,-1
1111,-1,852.60,306.59,17.43,15.55,0.7612,-1,-1,-1
1111,-1,967.84,323.15,19.65,13.61,0.7530,-1,-1,-1
1111,-1,766.73,274.40,31.51,16.06,0.7211,-1,-1,-1
1111,-1,659.73,337.22,18.00,14.58,0.5701,-1,-1,-1
1111,-1,47.28,314.88,20.18,24.44,0.4563,-1,-1,-1
1112,-1,123.69,304.64,118.86,74.42,0.9535,-1,-1,-1
1112,-1,0.85,378.12,182.57,72.00,0.9506,-1,-1,-1
1112,-1,710.82,266.45,57.14,25.24,0.9147,-1,-1,-1
1112,-1,96.74,258.44,55.37,26.99,0.9118,-1,-1,-1
1112,-1,830.45,341.48,53.93,26.51,0.9083,-1,-1,-1
1112,-1,744.10,331.40,54.57,25.13,0.9006,-1,-1,-1
1112,-1,777.16,311.27,24.60,20.50,0.8947,-1,-1,-1
1112,-1,18.09,363.23,26.16,15.51,0.8853,-1,-1,-1
1112,-1,68.82,304.74,60.33,25.24,0.8846,-1,-1,-1
1112,-1,818.69,270.72,37.60,22.88,0.8827,-1,-1,-1
1112,-1,436.16,391.22,21.07,16.06,0.8711,-1,-1,-1
1112,-1,462.70,377.09,19.35,16.01,0.8690,-1,-1,-1
1112,-1,889.85,328.96,18.98,21.80,0.8576,-1,-1,-1
1112,-1,684.98,320.19,25.48,15.81,0.8520,-1,-1,-1
1112,-1,57.13,365.19,56.76,16.99,0.8469,-1,-1,-1
1112,-1,666.19,279.28,32.43,19.35,0.8137,-1,-1,-1
1112,-1,851.10,306.59,17.65,15.96,0.7572,-1,-1,-1
1112,-1,966.36,322.76,19.64,13.83,0.7483,-1,-1,-1
1112,-1,45.38,314.20,19.02,25.46,0.6812,-1,-1,-1
1112,-1,762.28,274.21,33.33,16.12,0.5427,-1,-1,-1
1112,-1,658.13,337.07,17.78,16.61,0.4329,-1,-1,-1
1112,-1,61.19,348.09,25.33,13.62,0.3633,-1,-1,-1
1112,-1,893.80,290.14,18.77,15.00,0.3589,-1,-1,-1
1112,-1,128.51,140.54,32.25,40.80,0.3522,-1,-1,-1
1113,-1,112.58,304.52,121.03,74.38,0.9518,-1,-1,-1
1113,-1,0.00,377.51,174.01,72.68,0.9492,-1,-1,-1
1113,-1,708.05,266.32,56.92,25.30,0.9123,-1,-1,-1
1113,-1,741.84,331.19,54.36,25.03,0.9082,-1,-1,-1
1113,-1,827.80,341.33,53.72,26.43,0.9078,-1,-1,-1
1113,-1,94.35,258.64,51.02,26.71,0.9022,-1,-1,-1
1113,-1,66.62,304.40,57.00,25.70,0.8907,-1,-1,-1
1113,-1,773.97,311.02,25.14,20.81,0.8889,-1,-1,-1
1113,-1,15.04,363.20,26.35,15.80,0.8795,-1,-1,-1
1113,-1,816.54,270.56,36.82,22.74,0.8781,-1,-1,-1
1113,-1,53.96,365.31,57.81,15.99,0.8632,-1,-1,-1
1113,-1,888.17,328.97,18.95,21.78,0.8611,-1,-1,-1
1113,-1,683.82,320.24,25.49,15.59,0.8577,-1,-1,-1
1113,-1,433.83,391.20,22.39,15.75,0.8509,-1,-1,-1
1113,-1,461.15,377.04,18.59,15.69,0.8429,-1,-1,-1
1113,-1,666.05,278.83,31.32,19.38,0.8269,-1,-1,-1
1113,-1,759.81,274.13,33.01,15.68,0.7768,-1,-1,-1
1113,-1,849.55,306.57,17.60,15.82,0.7702,-1,-1,-1
1113,-1,43.23,314.67,19.09,24.67,0.6948,-1,-1,-1
1113,-1,964.72,322.61,19.67,13.88,0.6273,-1,-1,-1
1113,-1,759.99,273.77,32.81,16.19,0.4895,-1,-1,-1
1113,-1,891.90,290.04,19.84,16.51,0.4133,-1,-1,-1
1113,-1,119.87,143.08,30.57,37.98,0.3626,-1,-1,-1
1114,-1,0.06,378.43,163.76,71.73,0.9487,-1,-1,-1
1114,-1,101.53,304.73,122.60,74.58,0.9484,-1,-1,-1
1114,-1,705.34,266.30,57.41,25.39,0.9128,-1,-1,-1
1114,-1,825.13,341.45,53.34,26.15,0.9088,-1,-1,-1
1114,-1,89.48,259.09,48.19,26.17,0.9032,-1,-1,-1
1114,-1,771.11,311.05,25.07,20.66,0.8997,-1,-1,-1
1114,-1,738.59,331.57,53.88,24.68,0.8961,-1,-1,-1
1114,-1,813.18,270.61,37.86,22.71,0.8885,-1,-1,-1
1114,-1,62.70,305.54,56.13,23.70,0.8770,-1,-1,-1
1114,-1,12.20,363.20,26.59,15.70,0.8747,-1,-1,-1
1114,-1,681.85,319.86,25.91,16.17,0.8636,-1,-1,-1
1114,-1,886.60,328.97,19.06,21.84,0.8628,-1,-1,-1
1114,-1,51.09,365.21,58.31,16.00,0.8559,-1,-1,-1
1114,-1,39.43,314.84,20.13,25.03,0.8357,-1,-1,-1
1114,-1,432.72,390.97,21.61,15.70,0.8347,-1,-1,-1
1114,-1,847.11,306.17,19.09,16.23,0.8339,-1,-1,-1
1114,-1,459.70,377.00,18.13,15.77,0.8176,-1,-1,-1
1114,-1,663.61,279.33,32.56,19.05,0.7964,-1,-1,-1
1114,-1,962.84,322.39,19.66,13.99,0.7060,-1,-1,-1
1114,-1,758.21,274.05,32.02,16.16,0.7008,-1,-1,-1
1114,-1,654.27,336.11,17.96,13.29,0.3217,-1,-1,-1
1115,-1,90.94,304.61,123.77,74.44,0.9535,-1,-1,-1
1115,-1,0.00,377.80,155.39,72.46,0.9485,-1,-1,-1
1115,-1,702.79,266.19,56.96,25.40,0.9117,-1,-1,-1
1115,-1,735.90,331.75,54.28,24.57,0.9023,-1,-1,-1
1115,-1,822.34,341.73,53.26,26.03,0.9020,-1,-1,-1
1115,-1,87.49,259.64,42.10,25.58,0.8986,-1,-1,-1
1115,-1,768.78,311.25,24.53,20.64,0.8903,-1,-1,-1
1115,-1,9.27,363.07,26.98,15.89,0.8895,-1,-1,-1
1115,-1,810.86,270.86,37.43,22.70,0.8876,-1,-1,-1
1115,-1,884.79,328.71,19.32,22.06,0.8609,-1,-1,-1
1115,-1,430.27,390.90,22.48,16.38,0.8605,-1,-1,-1
1115,-1,680.49,319.91,26.00,16.21,0.8586,-1,-1,-1
1115,-1,49.08,365.07,58.29,17.49,0.8403,-1,-1,-1
1115,-1,845.60,306.58,18.55,15.90,0.8278,-1,-1,-1
1115,-1,661.93,279.17,32.17,18.09,0.8173,-1,-1,-1
1115,-1,458.08,376.91,18.47,16.01,0.8159,-1,-1,-1
1115,-1,754.19,274.12,33.29,15.73,0.8057,-1,-1,-1
1115,-1,961.38,322.57,18.68,13.92,0.8034,-1,-1,-1
1115,-1,37.59,314.37,19.11,25.10,0.6975,-1,-1,-1
1115,-1,61.50,306.81,46.91,20.46,0.5958,-1,-1,-1
1115,-1,889.22,290.65,19.57,15.03,0.4286,-1,-1,-1
1115,-1,61.85,306.63,45.54,20.60,0.4028,-1,-1,-1
1115,-1,653.02,336.22,17.38,12.34,0.3759,-1,-1,-1
1115,-1,654.70,345.93,17.50,12.75,0.3682,-1,-1,-1
1116,-1,0.00,377.55,143.17,72.81,0.9482,-1,-1,-1
1116,-1,79.54,304.70,126.35,74.24,0.9440,-1,-1,-1
1116,-1,733.05,331.74,55.03,24.67,0.9081,-1,-1,-1
1116,-1,819.17,341.84,53.17,26.19,0.9080,-1,-1,-1
1116,-1,700.76,266.28,55.70,25.18,0.9051,-1,-1,-1
1116,-1,6.28,362.81,27.21,15.76,0.8879,-1,-1,-1
1116,-1,765.92,311.22,24.66,21.00,0.8832,-1,-1,-1
1116,-1,84.95,260.77,36.56,24.37,0.8827,-1,-1,-1
1116,-1,808.53,270.74,37.05,22.60,0.8762,-1,-1,-1
1116,-1,883.36,328.92,18.96,21.98,0.8663,-1,-1,-1
1116,-1,679.21,320.00,25.78,16.11,0.8584,-1,-1,-1
1116,-1,429.83,390.69,21.28,15.86,0.8581,-1,-1,-1
1116,-1,751.55,274.37,33.20,15.67,0.8317,-1,-1,-1
1116,-1,660.77,278.81,30.94,19.46,0.8310,-1,-1,-1
1116,-1,456.64,376.66,18.69,16.18,0.8185,-1,-1,-1
1116,-1,844.74,306.50,18.28,16.15,0.8126,-1,-1,-1
1116,-1,34.42,314.83,19.46,24.01,0.7970,-1,-1,-1
1116,-1,45.22,365.06,59.54,18.43,0.7074,-1,-1,-1
1116,-1,959.70,322.89,18.94,13.56,0.6234,-1,-1,-1
1116,-1,651.81,336.37,17.32,12.05,0.4177,-1,-1,-1
1116,-1,75.23,307.96,26.64,18.30,0.4041,-1,-1,-1
1116,-1,653.27,345.82,17.32,12.79,0.2852,-1,-1,-1
1117,-1,69.29,304.45,127.40,74.54,0.9526,-1,-1,-1
1117,-1,0.00,377.43,136.79,72.82,0.9487,-1,-1,-1
1117,-1,697.52,266.52,57.02,25.30,0.9120,-1,-1,-1
1117,-1,816.55,342.03,53.27,26.00,0.9092,-1,-1,-1
1117,-1,763.09,311.41,24.78,20.89,0.8955,-1,-1,-1
1117,-1,731.00,332.06,54.08,24.48,0.8955,-1,-1,-1
1117,-1,3.49,362.70,27.40,15.33,0.8799,-1,-1,-1
1117,-1,81.38,262.43,32.36,22.31,0.8798,-1,-1,-1
1117,-1,805.74,271.09,38.25,22.76,0.8750,-1,-1,-1
1117,-1,428.05,390.74,21.59,16.13,0.8636,-1,-1,-1
1117,-1,677.19,319.80,25.23,16.27,0.8585,-1,-1,-1
1117,-1,881.87,328.83,18.99,22.17,0.8559,-1,-1,-1
1117,-1,658.78,279.72,30.69,18.67,0.8083,-1,-1,-1
1117,-1,454.66,376.88,18.51,16.03,0.7948,-1,-1,-1
1117,-1,32.03,313.97,18.98,24.85,0.7648,-1,-1,-1
1117,-1,958.14,323.20,19.67,13.60,0.7575,-1,-1,-1
1117,-1,749.84,274.28,32.64,16.36,0.7262,-1,-1,-1
1117,-1,843.44,306.84,16.72,16.21,0.7013,-1,-1,-1
1117,-1,42.89,362.86,58.28,20.11,0.4769,-1,-1,-1
1117,-1,884.56,290.19,20.73,14.02,0.3847,-1,-1,-1
1117,-1,651.81,346.19,17.80,12.44,0.3746,-1,-1,-1
1117,-1,649.94,336.66,17.60,12.64,0.3033,-1,-1,-1
1118,-1,59.11,304.13,128.33,74.45,0.9492,-1,-1,-1
1118,-1,0.00,377.88,127.23,72.38,0.9423,-1,-1,-1
1118,-1,695.73,266.68,55.68,25.47,0.9131,-1,-1,-1
1118,-1,814.61,342.36,52.60,26.13,0.9037,-1,-1,-1
1118,-1,728.92,332.25,54.04,24.55,0.8998,-1,-1,-1
1118,-1,0.87,362.40,27.41,15.68,0.8875,-1,-1,-1
1118,-1,760.78,311.66,24.41,20.74,0.8853,-1,-1,-1
1118,-1,804.23,271.75,37.53,22.93,0.8748,-1,-1,-1
1118,-1,675.92,320.03,25.42,16.45,0.8666,-1,-1,-1
1118,-1,880.37,329.28,18.61,22.10,0.8624,-1,-1,-1
1118,-1,426.35,390.84,21.69,15.90,0.8502,-1,-1,-1
1118,-1,453.30,377.08,18.55,15.56,0.8419,-1,-1,-1
1118,-1,657.65,278.82,31.33,19.66,0.8284,-1,-1,-1
1118,-1,79.85,264.35,25.33,20.02,0.8228,-1,-1,-1
1118,-1,29.87,314.06,19.59,24.54,0.8085,-1,-1,-1
1118,-1,746.41,274.71,33.25,16.26,0.7518,-1,-1,-1
1118,-1,841.82,307.16,17.78,16.15,0.6803,-1,-1,-1
1118,-1,956.45,323.37,19.51,13.88,0.5714,-1,-1,-1
1118,-1,40.15,364.39,58.91,19.62,0.5594,-1,-1,-1
1118,-1,649.64,346.34,17.54,12.44,0.3932,-1,-1,-1
1118,-1,648.85,336.77,17.13,12.66,0.3634,-1,-1,-1
1119,-1,0.08,377.47,117.06,72.33,0.9444,-1,-1,-1
1119,-1,43.77,304.30,134.73,74.05,0.9417,-1,-1,-1
1119,-1,692.79,267.02,55.89,25.29,0.9119,-1,-1,-1
1119,-1,726.99,332.30,53.63,24.83,0.9081,-1,-1,-1
1119,-1,811.52,342.91,53.05,25.84,0.9043,-1,-1,-1
1119,-1,801.52,271.66,38.45,22.65,0.8805,-1,-1,-1
1119,-1,0.00,362.03,25.28,15.62,0.8730,-1,-1,-1
1119,-1,758.03,311.92,24.03,20.88,0.8717,-1,-1,-1
1119,-1,674.18,320.21,25.92,16.38,0.8669,-1,-1,-1
1119,-1,878.76,329.77,18.80,22.27,0.8621,-1,-1,-1
1119,-1,424.57,390.76,21.67,15.96,0.8467,-1,-1,-1
1119,-1,656.22,279.05,29.93,20.29,0.8266,-1,-1,-1
1119,-1,451.77,377.11,18.42,15.83,0.7816,-1,-1,-1
1119,-1,743.80,275.19,33.34,15.82,0.7659,-1,-1,-1
1119,-1,27.79,313.91,18.61,24.04,0.6869,-1,-1,-1
1119,-1,840.39,307.51,17.45,15.69,0.6667,-1,-1,-1
1119,-1,954.38,323.74,19.82,14.12,0.5219,-1,-1,-1
1119,-1,36.86,364.68,61.15,20.89,0.4117,-1,-1,-1
1119,-1,76.45,265.34,20.27,17.92,0.3690,-1,-1,-1
1119,-1,648.38,346.53,17.38,12.46,0.3211,-1,-1,-1
1119,-1,647.10,336.98,17.69,12.36,0.2956,-1,-1,-1
1120,-1,36.56,303.71,132.54,74.25,0.9501,-1,-1,-1
1120,-1,0.00,377.01,108.91,71.71,0.9353,-1,-1,-1
1120,-1,690.13,267.35,56.19,25.42,0.9152,-1,-1,-1
1120,-1,809.19,343.38,51.94,25.75,0.9043,-1,-1,-1
1120,-1,724.45,332.69,54.40,24.74,0.9002,-1,-1,-1
1120,-1,755.11,312.25,24.58,20.83,0.8883,-1,-1,-1
1120,-1,799.29,272.21,36.87,22.29,0.8733,-1,-1,-1
1120,-1,672.97,320.56,25.50,16.46,0.8689,-1,-1,-1
1120,-1,877.19,329.98,18.85,22.54,0.8672,-1,-1,-1
1120,-1,423.30,390.79,21.52,15.88,0.8623,-1,-1,-1
1120,-1,0.04,361.75,22.50,15.46,0.8510,-1,-1,-1
1120,-1,952.91,324.53,19.26,13.81,0.8334,-1,-1,-1
1120,-1,653.89,280.02,30.57,19.37,0.8068,-1,-1,-1
1120,-1,839.11,306.29,18.39,18.43,0.6524,-1,-1,-1
1120,-1,24.44,313.03,18.98,24.66,0.6366,-1,-1,-1
1120,-1,450.27,377.14,16.89,15.81,0.6339,-1,-1,-1
1120,-1,741.76,275.23,33.20,15.82,0.6255,-1,-1,-1
1120,-1,645.86,336.56,16.92,12.91,0.3741,-1,-1,-1
1120,-1,34.50,365.88,60.06,21.58,0.3094,-1,-1,-1
1120,-1,647.42,346.82,16.93,12.51,0.2782,-1,-1,-1
1120,-1,878.52,291.41,18.02,31.75,0.2631,-1,-1,-1
1121,-1,26.49,303.73,133.31,73.88,0.9483,-1,-1,-1
1121,-1,687.98,267.60,55.73,25.39,0.9169,-1,-1,-1
1121,-1,0.00,376.74,98.88,72.22,0.9145,-1,-1,-1
1121,-1,806.67,343.68,51.60,26.01,0.9011,-1,-1,-1
1121,-1,721.59,332.99,54.52,24.55,0.8983,-1,-1,-1
1121,-1,421.84,390.83,21.49,15.48,0.8676,-1,-1,-1
1121,-1,0.07,361.34,19.81,15.47,0.8673,-1,-1,-1
1121,-1,875.58,330.45,18.98,22.51,0.8658,-1,-1,-1
1121,-1,671.67,320.89,25.28,16.38,0.8636,-1,-1,-1
1121,-1,796.87,272.69,37.33,21.94,0.8636,-1,-1,-1
1121,-1,752.75,312.40,23.76,20.94,0.8626,-1,-1,-1
1121,-1,652.92,279.77,30.92,20.31,0.8273,-1,-1,-1
1121,-1,448.51,377.22,18.25,15.90,0.8232,-1,-1,-1
1121,-1,951.22,325.00,19.67,14.01,0.8041,-1,-1,-1
1121,-1,738.35,275.65,33.92,16.16,0.5966,-1,-1,-1
1121,-1,837.84,307.56,17.91,18.04,0.5402,-1,-1,-1
1121,-1,1017.25,311.15,6.75,20.03,0.3822,-1,-1,-1
1121,-1,22.64,312.22,17.77,22.44,0.3662,-1,-1,-1
1122,-1,15.63,303.07,135.09,74.49,0.9508,-1,-1,-1
1122,-1,685.77,267.89,54.91,25.37,0.9114,-1,-1,-1
1122,-1,803.99,344.04,51.32,26.18,0.9024,-1,-1,-1
1122,-1,0.00,375.33,90.42,72.68,0.8991,-1,-1,-1
1122,-1,719.30,332.93,53.52,25.01,0.8923,-1,-1,-1
1122,-1,420.34,390.85,21.93,15.88,0.8751,-1,-1,-1
1122,-1,793.34,272.91,39.06,22.46,0.8699,-1,-1,-1
1122,-1,669.13,320.94,26.43,16.48,0.8669,-1,-1,-1
1122,-1,750.12,312.77,23.68,20.96,0.8637,-1,-1,-1
1122,-1,874.12,331.03,18.55,22.16,0.8550,-1,-1,-1
1122,-1,950.03,325.39,18.79,14.06,0.8412,-1,-1,-1
1122,-1,651.38,280.04,30.49,19.60,0.7874,-1,-1,-1
1122,-1,0.00,360.63,17.43,15.29,0.7774,-1,-1,-1
1122,-1,446.82,376.94,17.53,16.02,0.7454,-1,-1,-1
1122,-1,735.40,275.98,33.95,15.85,0.7106,-1,-1,-1
1122,-1,836.63,308.92,18.17,16.25,0.7054,-1,-1,-1
1122,-1,1015.97,312.43,8.03,19.05,0.4452,-1,-1,-1
1122,-1,642.57,337.45,17.38,12.58,0.2687,-1,-1,-1
1123,-1,4.85,302.92,137.03,73.97,0.9516,-1,-1,-1
1123,-1,682.37,268.07,56.18,25.29,0.9162,-1,-1,-1
1123,-1,801.14,344.58,50.79,26.01,0.9038,-1,-1,-1
1123,-1,716.83,333.03,54.51,25.30,0.8962,-1,-1,-1
1123,-1,747.27,313.33,23.86,20.64,0.8721,-1,-1,-1
1123,-1,792.20,273.20,36.62,22.61,0.8719,-1,-1,-1
1123,-1,872.25,331.59,18.98,21.89,0.8695,-1,-1,-1
1123,-1,668.27,321.21,25.52,16.31,0.8592,-1,-1,-1
1123,-1,418.52,391.04,22.01,15.59,0.8577,-1,-1,-1
1123,-1,445.32,377.46,17.37,15.31,0.8025,-1,-1,-1
1123,-1,0.00,373.67,81.41,73.00,0.7822,-1,-1,-1
1123,-1,649.78,280.78,28.14,19.46,0.7098,-1,-1,-1
1123,-1,834.85,309.19,18.06,16.15,0.7076,-1,-1,-1
1123,-1,947.96,326.09,19.69,13.65,0.6974,-1,-1,-1
1123,-1,0.15,360.33,14.33,15.23,0.6661,-1,-1,-1
1123,-1,733.66,275.89,33.91,16.48,0.5939,-1,-1,-1
1123,-1,1014.65,315.01,9.35,17.75,0.5415,-1,-1,-1
1123,-1,733.47,275.88,33.96,16.80,0.4987,-1,-1,-1
1123,-1,641.62,337.79,17.57,12.78,0.2610,-1,-1,-1
1124,-1,0.18,302.93,132.89,73.70,0.9489,-1,-1,-1
1124,-1,679.95,268.28,55.56,25.45,0.9131,-1,-1,-1
1124,-1,714.20,333.21,54.50,25.44,0.8967,-1,-1,-1
1124,-1,798.10,344.80,51.85,26.19,0.8962,-1,-1,-1
1124,-1,666.37,321.45,25.54,16.30,0.8781,-1,-1,-1
1124,-1,790.52,273.41,36.04,22.87,0.8730,-1,-1,-1
1124,-1,870.91,332.09,18.61,22.04,0.8711,-1,-1,-1
1124,-1,416.50,390.98,22.33,15.89,0.8573,-1,-1,-1
1124,-1,744.48,313.50,23.46,20.96,0.8466,-1,-1,-1
1124,-1,647.98,280.86,27.62,19.91,0.8185,-1,-1,-1
1124,-1,443.93,377.40,17.83,15.72,0.8176,-1,-1,-1
1124,-1,833.52,309.19,18.42,17.21,0.7587,-1,-1,-1
1124,-1,0.00,376.44,71.54,69.41,0.7228,-1,-1,-1
1124,-1,1013.73,314.98,10.27,18.20,0.6315,-1,-1,-1
1124,-1,729.29,275.98,35.52,16.64,0.5732,-1,-1,-1
1124,-1,0.00,357.88,12.49,18.23,0.5484,-1,-1,-1
1124,-1,946.51,326.49,19.25,13.88,0.4887,-1,-1,-1
1124,-1,639.57,337.89,17.48,13.54,0.3920,-1,-1,-1
1124,-1,946.42,326.55,19.34,13.74,0.3673,-1,-1,-1
1124,-1,640.68,347.94,16.84,11.49,0.2656,-1,-1,-1
1125,-1,0.02,302.45,123.60,74.00,0.9460,-1,-1,-1
1125,-1,796.20,345.01,51.45,26.19,0.9079,-1,-1,-1
1125,-1,678.17,268.68,54.59,25.24,0.9071,-1,-1,-1
1125,-1,711.61,334.43,53.70,24.48,0.8929,-1,-1,-1
1125,-1,869.05,332.22,18.83,22.32,0.8733,-1,-1,-1
1125,-1,665.08,321.79,25.31,16.15,0.8722,-1,-1,-1
1125,-1,788.21,273.83,36.10,22.62,0.8644,-1,-1,-1
1125,-1,414.98,390.82,22.38,15.79,0.8608,-1,-1,-1
1125,-1,741.97,313.86,23.51,20.89,0.8471,-1,-1,-1
1125,-1,646.45,281.09,27.31,19.89,0.8026,-1,-1,-1
1125,-1,442.28,377.78,17.64,15.36,0.7833,-1,-1,-1
1125,-1,0.00,378.16,62.38,64.71,0.6866,-1,-1,-1
1125,-1,1012.30,315.41,11.70,18.16,0.6672,-1,-1,-1
1125,-1,944.84,326.80,19.62,13.82,0.5868,-1,-1,-1
1125,-1,727.77,276.87,34.39,16.24,0.5651,-1,-1,-1
1125,-1,832.51,310.49,17.14,15.64,0.5098,-1,-1,-1
1125,-1,727.98,276.85,33.94,16.45,0.4976,-1,-1,-1
1125,-1,873.21,294.12,22.26,13.73,0.4065,-1,-1,-1
1125,-1,637.64,338.12,17.09,12.50,0.3245,-1,-1,-1
1125,-1,0.00,379.00,62.38,63.57,0.2909,-1,-1,-1
1126,-1,0.05,302.45,114.74,73.84,0.9438,-1,-1,-1
1126,-1,675.70,268.91,54.88,25.18,0.9119,-1,-1,-1
1126,-1,792.96,345.13,51.09,26.30,0.9092,-1,-1,-1
1126,-1,709.62,334.63,53.91,24.50,0.9067,-1,-1,-1
1126,-1,867.54,332.86,18.78,21.78,0.8737,-1,-1,-1
1126,-1,785.67,273.79,35.05,23.04,0.8736,-1,-1,-1
1126,-1,663.96,322.04,24.90,16.20,0.8721,-1,-1,-1
1126,-1,739.06,313.78,23.35,20.92,0.8690,-1,-1,-1
1126,-1,413.55,390.73,22.10,15.95,0.8688,-1,-1,-1
1126,-1,644.35,281.54,29.50,19.27,0.8060,-1,-1,-1
1126,-1,1010.93,315.35,13.07,18.42,0.7820,-1,-1,-1
1126,-1,440.65,377.73,17.62,15.54,0.7400,-1,-1,-1
1126,-1,830.54,311.92,17.27,14.10,0.7023,-1,-1,-1
1126,-1,726.83,276.94,32.51,16.28,0.6214,-1,-1,-1
1126,-1,943.32,327.14,19.46,14.12,0.4949,-1,-1,-1
1126,-1,0.00,375.11,53.13,66.61,0.4752,-1,-1,-1
1126,-1,726.84,276.85,32.37,16.46,0.4154,-1,-1,-1
1126,-1,636.55,338.27,16.95,12.86,0.4020,-1,-1,-1
1126,-1,0.00,376.01,53.22,66.22,0.3304,-1,-1,-1
1126,-1,444.35,316.55,23.21,11.41,0.3056,-1,-1,-1
1126,-1,874.23,295.00,19.99,13.02,0.3039,-1,-1,-1
1126,-1,636.75,339.30,16.94,17.37,0.2845,-1,-1,-1
1126,-1,638.53,348.15,16.21,11.59,0.2529,-1,-1,-1
1127,-1,0.00,302.41,105.27,74.02,0.9449,-1,-1,-1
1127,-1,672.81,268.98,54.47,25.26,0.9136,-1,-1,-1
1127,-1,790.24,345.30,50.92,26.23,0.9013,-1,-1,-1
1127,-1,706.83,334.55,53.88,24.67,0.8936,-1,-1,-1
1127,-1,661.63,322.31,26.16,15.91,0.8764,-1,-1,-1
1127,-1,411.90,390.84,22.42,15.89,0.8709,-1,-1,-1
1127,-1,866.20,332.52,18.60,22.17,0.8696,-1,-1,-1
1127,-1,783.53,274.08,35.23,22.52,0.8637,-1,-1,-1
1127,-1,736.29,314.05,23.53,20.97,0.8547,-1,-1,-1
1127,-1,721.77,276.70,35.09,16.42,0.8303,-1,-1,-1
1127,-1,1009.44,314.81,14.56,19.02,0.8240,-1,-1,-1
1127,-1,642.93,281.56,28.79,19.12,0.7659,-1,-1,-1
1127,-1,941.72,327.39,19.68,13.88,0.7241,-1,-1,-1
1127,-1,438.89,376.97,17.76,16.21,0.7205,-1,-1,-1
1127,-1,829.26,311.28,17.08,15.27,0.6410,-1,-1,-1
1127,-1,0.09,378.75,43.13,62.14,0.5015,-1,-1,-1
1127,-1,635.19,338.63,16.81,12.56,0.4010,-1,-1,-1
1127,-1,0.00,380.10,43.59,62.30,0.3734,-1,-1,-1
1128,-1,0.11,302.44,95.65,74.71,0.9409,-1,-1,-1
1128,-1,787.84,345.39,50.37,26.33,0.9103,-1,-1,-1
1128,-1,670.09,268.92,54.18,25.28,0.9084,-1,-1,-1
1128,-1,704.44,334.54,52.97,24.79,0.8928,-1,-1,-1
1128,-1,864.15,332.54,18.86,22.05,0.8791,-1,-1,-1
1128,-1,781.24,273.65,33.77,23.53,0.8681,-1,-1,-1
1128,-1,660.55,322.06,25.01,16.07,0.8653,-1,-1,-1
1128,-1,410.28,390.98,22.30,15.79,0.8592,-1,-1,-1
1128,-1,1008.27,314.81,15.73,19.09,0.8506,-1,-1,-1
1128,-1,733.63,313.99,23.48,20.93,0.8506,-1,-1,-1
1128,-1,641.77,281.37,26.44,19.49,0.8045,-1,-1,-1
1128,-1,437.47,378.15,17.37,15.09,0.8001,-1,-1,-1
1128,-1,719.41,276.98,34.64,16.26,0.7941,-1,-1,-1
1128,-1,939.53,327.35,19.51,13.73,0.7079,-1,-1,-1
1128,-1,827.99,311.73,16.73,14.46,0.6247,-1,-1,-1
1128,-1,633.31,338.38,17.65,14.92,0.5589,-1,-1,-1
1128,-1,0.00,382.64,33.64,64.40,0.4506,-1,-1,-1
1129,-1,0.00,302.54,86.65,74.39,0.9415,-1,-1,-1
1129,-1,667.05,268.98,54.65,25.08,0.9097,-1,-1,-1
1129,-1,784.67,345.20,50.79,26.37,0.9076,-1,-1,-1
1129,-1,702.15,334.72,53.60,24.18,0.8962,-1,-1,-1
1129,-1,658.40,321.95,25.81,16.11,0.8763,-1,-1,-1
1129,-1,1006.62,314.62,17.38,19.20,0.8702,-1,-1,-1
1129,-1,730.76,313.79,23.30,20.83,0.8618,-1,-1,-1
1129,-1,862.64,332.49,18.62,21.99,0.8611,-1,-1,-1
1129,-1,408.63,390.91,22.10,15.91,0.8551,-1,-1,-1
1129,-1,778.24,273.94,34.12,22.79,0.8521,-1,-1,-1
1129,-1,639.77,281.28,28.23,19.45,0.8487,-1,-1,-1
1129,-1,435.94,377.69,17.79,15.68,0.8437,-1,-1,-1
1129,-1,717.57,276.96,33.96,16.35,0.7792,-1,-1,-1
1129,-1,936.73,326.92,21.94,13.85,0.7171,-1,-1,-1
1129,-1,826.50,311.09,17.23,15.90,0.6458,-1,-1,-1
1129,-1,631.71,337.95,17.18,16.75,0.5335,-1,-1,-1
1129,-1,0.06,382.10,24.40,52.27,0.3795,-1,-1,-1
1130,-1,0.03,302.81,77.89,73.74,0.9383,-1,-1,-1
1130,-1,664.02,268.83,54.01,25.09,0.9136,-1,-1,-1
1130,-1,782.33,344.99,50.38,26.16,0.9021,-1,-1,-1
1130,-1,657.24,321.77,25.82,16.22,0.8779,-1,-1,-1
1130,-1,699.41,334.40,52.77,24.46,0.8738,-1,-1,-1
1130,-1,1005.39,314.45,18.61,19.03,0.8716,-1,-1,-1
1130,-1,860.38,332.22,19.28,22.20,0.8667,-1,-1,-1
1130,-1,406.78,390.73,22.23,16.43,0.8623,-1,-1,-1
1130,-1,775.83,273.87,33.68,22.19,0.8621,-1,-1,-1
1130,-1,728.03,313.78,23.06,20.79,0.8555,-1,-1,-1
1130,-1,434.38,377.79,17.64,15.84,0.8040,-1,-1,-1
1130,-1,638.15,281.84,27.07,18.69,0.7938,-1,-1,-1
1130,-1,712.58,276.65,35.99,16.44,0.7710,-1,-1,-1
1130,-1,934.60,326.79,20.76,13.54,0.4901,-1,-1,-1
1130,-1,629.30,338.05,17.92,12.80,0.3967,-1,-1,-1
1130,-1,934.53,326.74,20.77,13.50,0.3942,-1,-1,-1
1130,-1,824.50,311.06,17.38,16.04,0.2792,-1,-1,-1
1130,-1,0.03,370.52,15.53,44.86,0.2601,-1,-1,-1
1131,-1,0.01,303.23,68.29,73.70,0.9311,-1,-1,-1
1131,-1,779.74,344.68,49.93,26.20,0.9146,-1,-1,-1
1131,-1,662.07,268.72,53.58,24.94,0.9056,-1,-1,-1
1131,-1,697.31,333.97,51.52,24.61,0.8801,-1,-1,-1
1131,-1,405.30,391.00,22.13,15.96,0.8733,-1,-1,-1
1131,-1,1004.04,315.00,19.96,17.85,0.8731,-1,-1,-1
1131,-1,655.30,321.80,26.15,16.08,0.8686,-1,-1,-1
1131,-1,772.65,273.58,33.60,22.50,0.8684,-1,-1,-1
1131,-1,725.17,313.59,23.22,20.74,0.8669,-1,-1,-1
1131,-1,858.85,331.87,19.18,22.30,0.8623,-1,-1,-1
1131,-1,432.71,377.85,18.06,15.67,0.8262,-1,-1,-1
1131,-1,635.59,281.99,25.19,18.71,0.7892,-1,-1,-1
1131,-1,711.36,276.60,34.40,16.23,0.7634,-1,-1,-1
1131,-1,933.40,326.60,20.68,13.46,0.7475,-1,-1,-1
1131,-1,823.32,311.21,16.85,14.79,0.4125,-1,-1,-1
1131,-1,628.25,338.40,17.45,11.91,0.4040,-1,-1,-1
1131,-1,630.72,348.31,16.62,11.89,0.3133,-1,-1,-1
1131,-1,861.50,295.90,17.03,29.89,0.2568,-1,-1,-1
1132,-1,659.19,268.51,54.08,24.93,0.9121,-1,-1,-1
1132,-1,776.44,344.30,50.99,26.37,0.9053,-1,-1,-1
1132,-1,694.12,333.82,54.11,24.75,0.9009,-1,-1,-1
1132,-1,0.00,302.76,58.88,76.28,0.9002,-1,-1,-1
1132,-1,653.22,321.39,26.31,16.27,0.8750,-1,-1,-1
1132,-1,857.35,331.50,18.93,22.28,0.8712,-1,-1,-1
1132,-1,403.50,391.12,22.90,16.01,0.8707,-1,-1,-1
1132,-1,1002.29,314.74,21.61,17.59,0.8686,-1,-1,-1
1132,-1,770.45,273.06,33.77,22.70,0.8659,-1,-1,-1
1132,-1,722.34,313.10,23.21,20.93,0.8598,-1,-1,-1
1132,-1,634.58,281.26,26.74,19.15,0.8385,-1,-1,-1
1132,-1,431.01,377.70,18.05,15.80,0.7938,-1,-1,-1
1132,-1,709.89,276.59,33.57,16.20,0.7274,-1,-1,-1
1132,-1,932.09,325.79,19.88,13.84,0.7160,-1,-1,-1
1132,-1,625.99,338.40,18.06,11.62,0.4821,-1,-1,-1
1132,-1,859.23,297.28,16.77,27.76,0.4727,-1,-1,-1
1132,-1,629.44,348.29,16.24,12.17,0.3671,-1,-1,-1
1132,-1,822.11,308.95,16.22,16.66,0.3493,-1,-1,-1
1133,-1,656.25,268.26,54.02,25.08,0.9134,-1,-1,-1
1133,-1,773.88,343.86,50.09,26.44,0.9012,-1,-1,-1
1133,-1,691.51,333.50,52.45,24.92,0.8869,-1,-1,-1
1133,-1,855.50,331.14,18.96,22.20,0.8733,-1,-1,-1
1133,-1,652.24,321.29,25.28,16.25,0.8675,-1,-1,-1
1133,-1,1000.88,313.77,22.35,18.13,0.8623,-1,-1,-1
1133,-1,632.00,281.08,28.35,19.09,0.8621,-1,-1,-1
1133,-1,768.05,272.76,31.93,22.58,0.8593,-1,-1,-1
1133,-1,401.94,391.20,23.10,15.89,0.8588,-1,-1,-1
1133,-1,719.38,313.21,22.80,20.56,0.8416,-1,-1,-1
1133,-1,0.00,299.27,49.75,82.41,0.8348,-1,-1,-1
1133,-1,704.93,276.14,35.38,15.95,0.8255,-1,-1,-1
1133,-1,429.49,377.87,17.66,15.74,0.8095,-1,-1,-1
1133,-1,930.78,325.23,19.52,14.06,0.5080,-1,-1,-1
1133,-1,625.09,338.39,17.91,13.81,0.4679,-1,-1,-1
1133,-1,819.83,307.72,16.68,17.98,0.4526,-1,-1,-1
1133,-1,930.59,325.37,19.34,13.76,0.3888,-1,-1,-1
1134,-1,653.73,268.04,53.75,25.17,0.9098,-1,-1,-1
1134,-1,771.29,343.61,48.98,26.37,0.9075,-1,-1,-1
1134,-1,689.11,333.17,52.58,24.80,0.8998,-1,-1,-1
1134,-1,650.34,321.04,26.18,16.31,0.8736,-1,-1,-1
1134,-1,716.49,312.99,23.06,20.37,0.8681,-1,-1,-1
1134,-1,853.80,330.99,19.02,21.97,0.8678,-1,-1,-1
1134,-1,400.61,391.32,22.66,15.94,0.8562,-1,-1,-1
1134,-1,0.02,305.70,40.62,71.51,0.8527,-1,-1,-1
1134,-1,428.11,377.99,18.17,15.62,0.8511,-1,-1,-1
1134,-1,999.74,313.37,22.35,17.89,0.8503,-1,-1,-1
1134,-1,764.42,272.21,33.34,22.86,0.8305,-1,-1,-1
1134,-1,703.46,276.02,33.90,15.94,0.8283,-1,-1,-1
1134,-1,629.74,281.26,27.67,18.83,0.8234,-1,-1,-1
1134,-1,929.57,324.80,19.31,13.81,0.6815,-1,-1,-1
1134,-1,818.86,308.68,16.85,16.76,0.6152,-1,-1,-1
1134,-1,890.34,351.13,17.41,13.06,0.5850,-1,-1,-1
1134,-1,859.11,292.29,21.60,14.84,0.3101,-1,-1,-1
1135,-1,651.84,267.73,53.15,25.38,0.9098,-1,-1,-1
1135,-1,768.40,343.39,48.97,26.11,0.9082,-1,-1,-1
1135,-1,686.60,332.75,53.09,24.89,0.9040,-1,-1,-1
1135,-1,648.72,320.92,26.08,16.04,0.8702,-1,-1,-1
1135,-1,852.18,330.35,19.17,22.16,0.8628,-1,-1,-1
1135,-1,713.88,312.42,22.71,20.76,0.8625,-1,-1,-1
1135,-1,398.57,391.04,22.82,16.10,0.8619,-1,-1,-1
1135,-1,760.92,271.65,34.05,23.19,0.8482,-1,-1,-1
1135,-1,998.30,313.11,21.72,17.66,0.8395,-1,-1,-1
1135,-1,629.37,280.76,26.19,19.23,0.8386,-1,-1,-1
1135,-1,426.32,377.78,18.97,15.81,0.8255,-1,-1,-1
1135,-1,700.42,275.59,34.52,15.98,0.8067,-1,-1,-1
1135,-1,888.57,349.82,18.26,13.82,0.5985,-1,-1,-1
1135,-1,0.02,309.64,30.80,64.99,0.5909,-1,-1,-1
1135,-1,927.47,324.55,19.74,13.52,0.5600,-1,-1,-1
1135,-1,818.29,307.01,16.16,17.88,0.3679,-1,-1,-1
1135,-1,622.30,335.74,16.96,13.27,0.2879,-1,-1,-1
1136,-1,765.58,342.92,49.12,26.34,0.9079,-1,-1,-1
1136,-1,647.60,267.49,54.02,25.33,0.9029,-1,-1,-1
1136,-1,684.03,332.60,51.93,24.93,0.8893,-1,-1,-1
1136,-1,397.32,391.16,22.35,15.70,0.8760,-1,-1,-1
1136,-1,711.18,312.37,22.77,20.25,0.8661,-1,-1,-1
1136,-1,647.52,320.78,24.51,15.98,0.8650,-1,-1,-1
1136,-1,996.95,312.67,21.51,17.62,0.8565,-1,-1,-1
1136,-1,627.27,280.70,25.25,18.74,0.8561,-1,-1,-1
1136,-1,850.60,329.78,18.93,22.30,0.8399,-1,-1,-1
1136,-1,424.69,377.56,18.14,16.02,0.7848,-1,-1,-1
1136,-1,925.65,324.02,19.89,13.61,0.7755,-1,-1,-1
1136,-1,697.40,275.10,35.04,16.24,0.6826,-1,-1,-1
1136,-1,760.51,270.76,45.46,24.26,0.5717,-1,-1,-1
1136,-1,401.55,306.61,17.21,25.11,0.5469,-1,-1,-1
1136,-1,760.57,270.89,31.63,24.10,0.4196,-1,-1,-1
1136,-1,887.67,349.63,17.13,13.74,0.3431,-1,-1,-1
1136,-1,0.00,318.38,21.71,57.98,0.2926,-1,-1,-1
1136,-1,853.58,296.71,15.45,25.54,0.2580,-1,-1,-1
1136,-1,857.58,291.52,19.94,13.33,0.2557,-1,-1,-1
1137,-1,762.98,342.68,49.32,26.14,0.9164,-1,-1,-1
1137,-1,644.77,267.30,53.99,25.39,0.9136,-1,-1,-1
1137,-1,681.00,332.31,52.62,24.95,0.9035,-1,-1,-1
1137,-1,708.28,311.66,22.39,20.88,0.8836,-1,-1,-1
1137,-1,395.23,391.31,23.34,15.94,0.8734,-1,-1,-1
1137,-1,645.61,320.45,25.48,16.10,0.8690,-1,-1,-1
1137,-1,848.16,329.63,19.69,22.35,0.8665,-1,-1,-1
1137,-1,995.11,311.53,22.37,18.31,0.8612,-1,-1,-1
1137,-1,625.90,280.52,25.52,18.80,0.8292,-1,-1,-1
1137,-1,422.79,377.17,18.30,16.40,0.7843,-1,-1,-1
1137,-1,923.92,323.54,19.04,13.93,0.7756,-1,-1,-1
1137,-1,697.08,275.20,32.67,15.99,0.7611,-1,-1,-1
1137,-1,756.80,270.16,31.97,24.76,0.7593,-1,-1,-1
1137,-1,886.45,348.90,18.00,13.92,0.6338,-1,-1,-1
1137,-1,31.01,368.28,18.96,20.33,0.5056,-1,-1,-1
1137,-1,46.40,309.06,22.36,20.80,0.4177,-1,-1,-1
1137,-1,399.12,306.54,18.70,23.35,0.4111,-1,-1,-1
1137,-1,0.00,323.16,12.78,39.75,0.3629,-1,-1,-1
1137,-1,851.60,296.75,15.44,26.47,0.2856,-1,-1,-1
1138,-1,760.40,342.46,49.94,26.15,0.9072,-1,-1,-1
1138,-1,642.28,267.14,53.47,25.12,0.9020,-1,-1,-1
1138,-1,679.31,332.05,52.25,25.05,0.9012,-1,-1,-1
1138,-1,705.75,311.70,22.26,20.67,0.8794,-1,-1,-1
1138,-1,847.15,329.27,19.10,22.33,0.8729,-1,-1,-1
1138,-1,22.01,367.88,25.25,21.35,0.8678,-1,-1,-1
1138,-1,393.93,391.17,23.28,16.26,0.8631,-1,-1,-1
1138,-1,993.76,311.32,25.31,18.16,0.8581,-1,-1,-1
1138,-1,644.25,319.93,25.18,16.52,0.8575,-1,-1,-1
1138,-1,624.32,280.50,24.74,19.13,0.8488,-1,-1,-1
1138,-1,421.52,377.38,17.86,16.09,0.8049,-1,-1,-1
1138,-1,37.85,306.85,28.58,23.33,0.7844,-1,-1,-1
1138,-1,755.54,270.18,33.70,24.58,0.7604,-1,-1,-1
1138,-1,695.05,274.73,32.31,16.05,0.7298,-1,-1,-1
1138,-1,201.84,305.72,23.26,13.29,0.6705,-1,-1,-1
1138,-1,922.45,323.65,19.57,13.61,0.5771,-1,-1,-1
1138,-1,616.32,336.25,17.67,12.19,0.4865,-1,-1,-1
1138,-1,885.60,349.08,17.63,13.31,0.4836,-1,-1,-1
1138,-1,64.21,261.54,24.40,20.31,0.3208,-1,-1,-1
1139,-1,757.27,341.84,49.61,26.54,0.9128,-1,-1,-1
1139,-1,639.57,267.01,53.74,25.43,0.9040,-1,-1,-1
1139,-1,676.98,331.98,51.14,24.97,0.9039,-1,-1,-1
1139,-1,13.74,367.01,30.93,21.98,0.8936,-1,-1,-1
1139,-1,30.03,306.02,34.42,24.36,0.8784,-1,-1,-1
1139,-1,702.88,311.50,22.72,20.68,0.8780,-1,-1,-1
1139,-1,392.45,391.02,22.98,15.86,0.8632,-1,-1,-1
1139,-1,642.31,320.10,25.69,16.14,0.8617,-1,-1,-1
1139,-1,845.89,329.14,18.64,22.28,0.8616,-1,-1,-1
1139,-1,992.84,311.34,21.88,17.83,0.8612,-1,-1,-1
1139,-1,622.20,280.28,24.49,19.01,0.8536,-1,-1,-1
1139,-1,689.25,274.58,34.95,16.06,0.8464,-1,-1,-1
1139,-1,419.90,377.39,17.94,16.10,0.8201,-1,-1,-1
1139,-1,884.18,348.27,17.79,14.18,0.6780,-1,-1,-1
1139,-1,752.97,269.58,41.13,24.77,0.5371,-1,-1,-1
1139,-1,614.56,335.23,17.75,13.26,0.5026,-1,-1,-1
1139,-1,920.77,323.20,19.11,13.72,0.4842,-1,-1,-1
1140,-1,754.24,341.75,49.53,26.32,0.9132,-1,-1,-1
1140,-1,637.42,266.83,52.93,25.23,0.9112,-1,-1,-1
1140,-1,673.74,332.11,52.35,24.87,0.9016,-1,-1,-1
1140,-1,21.98,306.62,39.69,23.54,0.8962,-1,-1,-1
1140,-1,699.74,311.50,22.36,20.63,0.8961,-1,-1,-1
1140,-1,43.48,258.28,40.38,26.98,0.8954,-1,-1,-1
1140,-1,5.19,366.08,36.82,23.02,0.8903,-1,-1,-1
1140,-1,843.96,329.14,18.77,21.97,0.8702,-1,-1,-1
1140,-1,390.56,391.00,23.01,16.01,0.8657,-1,-1,-1
1140,-1,991.42,311.16,22.88,17.80,0.8610,-1,-1,-1
1140,-1,640.72,320.13,25.30,16.03,0.8587,-1,-1,-1
1140,-1,620.72,280.35,23.72,18.75,0.8560,-1,-1,-1
1140,-1,688.38,274.48,33.37,15.89,0.8440,-1,-1,-1
1140,-1,418.19,377.64,17.78,15.82,0.7807,-1,-1,-1
1140,-1,882.51,347.87,18.60,14.42,0.7633,-1,-1,-1
1140,-1,750.16,269.93,33.84,24.12,0.7594,-1,-1,-1
1140,-1,919.30,322.90,19.23,13.76,0.6040,-1,-1,-1
1140,-1,612.74,335.26,17.81,13.18,0.4620,-1,-1,-1
1140,-1,808.95,306.06,17.90,17.40,0.3640,-1,-1,-1
1140,-1,199.66,306.42,21.84,12.33,0.2885,-1,-1,-1
1141,-1,671.50,332.16,52.12,24.71,0.9158,-1,-1,-1
1141,-1,35.83,258.55,45.51,26.72,0.9158,-1,-1,-1
1141,-1,634.85,266.82,53.51,25.26,0.9088,-1,-1,-1
1141,-1,751.81,341.76,49.29,26.32,0.9052,-1,-1,-1
1141,-1,0.02,365.80,39.51,23.38,0.8992,-1,-1,-1
1141,-1,13.71,306.54,45.91,23.73,0.8970,-1,-1,-1
1141,-1,697.41,311.47,22.33,20.39,0.8759,-1,-1,-1
1141,-1,389.35,390.96,22.64,15.82,0.8753,-1,-1,-1
1141,-1,639.65,319.88,24.70,16.21,0.8659,-1,-1,-1
1141,-1,990.07,310.85,23.28,17.97,0.8624,-1,-1,-1
1141,-1,842.61,328.80,18.59,22.15,0.8538,-1,-1,-1
1141,-1,618.54,280.44,23.96,18.55,0.8503,-1,-1,-1
1141,-1,686.35,274.35,32.99,16.06,0.7956,-1,-1,-1
1141,-1,748.46,271.59,28.49,22.30,0.7902,-1,-1,-1
1141,-1,416.86,377.78,17.66,15.73,0.7048,-1,-1,-1
1141,-1,612.24,335.65,17.10,13.35,0.5987,-1,-1,-1
1141,-1,808.38,305.88,16.82,17.18,0.5007,-1,-1,-1
1141,-1,918.07,322.58,18.02,13.91,0.4761,-1,-1,-1
1141,-1,881.73,347.45,18.40,14.57,0.4497,-1,-1,-1
1141,-1,918.09,322.50,17.98,13.94,0.4344,-1,-1,-1
1141,-1,390.78,306.62,19.77,26.45,0.2988,-1,-1,-1
1141,-1,849.25,289.92,20.33,13.24,0.2734,-1,-1,-1
1142,-1,28.06,258.77,51.04,26.44,0.9174,-1,-1,-1
1142,-1,632.44,266.75,52.26,25.15,0.9113,-1,-1,-1
1142,-1,749.14,341.58,49.20,26.41,0.9045,-1,-1,-1
1142,-1,668.63,331.54,52.01,25.14,0.8991,-1,-1,-1
1142,-1,0.07,366.03,36.93,23.10,0.8989,-1,-1,-1
1142,-1,694.78,311.54,22.47,20.28,0.8854,-1,-1,-1
1142,-1,387.07,391.04,23.91,15.96,0.8728,-1,-1,-1
1142,-1,6.52,306.51,51.12,23.94,0.8712,-1,-1,-1
1142,-1,637.91,319.85,24.67,16.19,0.8691,-1,-1,-1
1142,-1,988.60,311.19,22.27,17.64,0.8639,-1,-1,-1
1142,-1,841.22,328.61,18.42,22.35,0.8548,-1,-1,-1
1142,-1,744.99,271.73,28.88,22.13,0.8339,-1,-1,-1
1142,-1,617.11,280.59,23.57,18.28,0.8265,-1,-1,-1
1142,-1,880.82,347.51,18.44,14.23,0.7767,-1,-1,-1
1142,-1,916.16,322.60,18.48,13.85,0.7554,-1,-1,-1
1142,-1,415.03,377.41,17.24,15.56,0.7274,-1,-1,-1
1142,-1,681.29,274.29,34.90,16.19,0.6848,-1,-1,-1
1142,-1,1.40,332.15,17.80,13.77,0.6476,-1,-1,-1
1142,-1,845.60,290.22,21.65,14.22,0.4439,-1,-1,-1
1142,-1,681.46,274.04,34.92,16.45,0.2996,-1,-1,-1
1143,-1,20.23,258.61,56.71,26.55,0.9146,-1,-1,-1
1143,-1,629.98,266.64,52.28,25.42,0.9102,-1,-1,-1
1143,-1,746.79,341.96,48.61,26.15,0.9068,-1,-1,-1
1143,-1,665.93,331.82,52.50,24.98,0.9020,-1,-1,-1
1143,-1,0.06,365.81,33.83,23.07,0.8934,-1,-1,-1
1143,-1,3.70,306.89,51.35,23.17,0.8896,-1,-1,-1
1143,-1,692.05,311.39,21.78,20.49,0.8883,-1,-1,-1
1143,-1,636.13,319.86,25.61,16.27,0.8670,-1,-1,-1
1143,-1,839.03,329.04,18.86,22.21,0.8657,-1,-1,-1
1143,-1,385.95,391.16,23.40,15.81,0.8604,-1,-1,-1
1143,-1,987.20,310.83,23.37,18.02,0.8459,-1,-1,-1
1143,-1,742.28,271.87,30.70,21.54,0.8424,-1,-1,-1
1143,-1,615.46,280.53,23.23,18.57,0.8354,-1,-1,-1
1143,-1,413.35,378.01,17.52,14.98,0.7987,-1,-1,-1
1143,-1,679.94,274.10,33.62,16.45,0.7805,-1,-1,-1
1143,-1,879.71,348.02,18.23,13.95,0.7192,-1,-1,-1
1143,-1,0.17,331.58,17.70,13.98,0.6938,-1,-1,-1
1143,-1,914.41,322.80,18.68,13.86,0.5586,-1,-1,-1
1143,-1,609.16,335.47,17.39,12.39,0.3349,-1,-1,-1
1143,-1,804.93,306.23,17.08,17.23,0.3089,-1,-1,-1
1144,-1,13.09,258.41,61.01,26.69,0.9173,-1,-1,-1
1144,-1,627.49,266.78,52.91,25.18,0.9074,-1,-1,-1
1144,-1,663.42,331.80,52.50,25.00,0.9039,-1,-1,-1
1144,-1,743.80,342.15,48.76,26.25,0.9035,-1,-1,-1
1144,-1,0.87,306.55,51.27,23.15,0.8886,-1,-1,-1
1144,-1,0.06,365.77,31.31,23.00,0.8791,-1,-1,-1
1144,-1,689.48,311.65,22.31,20.29,0.8768,-1,-1,-1
1144,-1,634.41,319.86,25.96,16.27,0.8730,-1,-1,-1
1144,-1,837.44,329.06,18.95,22.16,0.8627,-1,-1,-1
1144,-1,384.16,391.06,23.71,15.87,0.8600,-1,-1,-1
1144,-1,411.96,377.77,18.08,15.44,0.8497,-1,-1,-1
1144,-1,985.84,310.82,24.13,18.16,0.8475,-1,-1,-1
1144,-1,613.70,280.77,23.41,18.21,0.8392,-1,-1,-1
1144,-1,740.94,271.08,30.25,22.74,0.8356,-1,-1,-1
1144,-1,912.90,322.97,17.62,13.86,0.8029,-1,-1,-1
1144,-1,878.52,347.77,18.19,14.45,0.7435,-1,-1,-1
1144,-1,0.07,330.68,16.19,14.69,0.6827,-1,-1,-1
1144,-1,680.73,274.36,30.62,16.00,0.6648,-1,-1,-1
1144,-1,608.70,357.77,19.11,12.08,0.3439,-1,-1,-1
1145,-1,6.84,258.32,64.64,26.74,0.9164,-1,-1,-1
1145,-1,741.09,342.22,48.51,26.03,0.9120,-1,-1,-1
1145,-1,625.24,266.97,51.62,25.39,0.9115,-1,-1,-1
1145,-1,661.57,332.24,50.65,24.85,0.9024,-1,-1,-1
1145,-1,0.03,305.00,50.27,24.35,0.8984,-1,-1,-1
1145,-1,0.06,366.44,28.90,22.01,0.8911,-1,-1,-1
1145,-1,686.94,311.62,21.43,20.54,0.8718,-1,-1,-1
1145,-1,633.20,320.29,25.23,15.91,0.8695,-1,-1,-1
1145,-1,835.56,329.12,19.13,22.34,0.8655,-1,-1,-1
1145,-1,382.39,390.99,24.26,15.96,0.8583,-1,-1,-1
1145,-1,984.84,310.93,23.93,18.40,0.8514,-1,-1,-1
1145,-1,611.87,281.72,23.08,17.20,0.8482,-1,-1,-1
1145,-1,672.64,274.59,36.08,16.21,0.8173,-1,-1,-1
1145,-1,410.12,377.96,18.08,15.26,0.8001,-1,-1,-1
1145,-1,739.58,272.25,22.56,22.25,0.7646,-1,-1,-1
1145,-1,877.60,348.63,18.49,13.85,0.7456,-1,-1,-1
1145,-1,911.54,323.28,18.42,13.88,0.5964,-1,-1,-1
1145,-1,607.76,357.38,18.20,12.22,0.4317,-1,-1,-1
1145,-1,606.32,335.94,16.94,12.24,0.3875,-1,-1,-1
1145,-1,842.38,292.74,21.74,13.34,0.3082,-1,-1,-1
1146,-1,4.55,257.53,64.78,27.03,0.9211,-1,-1,-1
1146,-1,738.98,342.48,47.93,26.12,0.9060,-1,-1,-1
1146,-1,622.92,267.19,51.95,24.98,0.9047,-1,-1,-1
1146,-1,658.66,332.39,52.01,24.88,0.8982,-1,-1,-1
1146,-1,0.03,305.66,48.12,23.42,0.8930,-1,-1,-1
1146,-1,683.84,311.63,21.82,20.76,0.8859,-1,-1,-1
1146,-1,0.01,365.89,26.32,22.42,0.8707,-1,-1,-1
1146,-1,381.17,390.71,23.20,16.12,0.8700,-1,-1,-1
1146,-1,631.97,320.29,24.64,16.12,0.8686,-1,-1,-1
1146,-1,610.91,282.01,22.52,17.24,0.8542,-1,-1,-1
1146,-1,983.18,311.94,23.97,17.83,0.8520,-1,-1,-1
1146,-1,834.59,329.52,18.59,22.25,0.8515,-1,-1,-1
1146,-1,672.47,274.73,33.23,16.45,0.8371,-1,-1,-1
1146,-1,408.52,377.56,18.37,15.69,0.7813,-1,-1,-1
1146,-1,736.56,272.75,26.85,21.30,0.6697,-1,-1,-1
1146,-1,606.98,357.68,17.36,12.48,0.6114,-1,-1,-1
1146,-1,910.09,323.39,17.58,14.15,0.5309,-1,-1,-1
1146,-1,876.70,348.57,18.06,14.18,0.5232,-1,-1,-1
1146,-1,0.00,330.60,13.84,13.86,0.5143,-1,-1,-1
1146,-1,841.64,289.93,19.58,13.94,0.3779,-1,-1,-1
1146,-1,837.41,296.47,15.42,27.37,0.3272,-1,-1,-1
1146,-1,605.58,336.38,16.39,11.53,0.2959,-1,-1,-1
1146,-1,801.97,306.86,16.60,17.37,0.2678,-1,-1,-1
1147,-1,2.06,257.31,64.92,27.14,0.9163,-1,-1,-1
1147,-1,620.99,267.16,51.27,25.66,0.9031,-1,-1,-1
1147,-1,656.01,332.55,52.75,24.76,0.9026,-1,-1,-1
1147,-1,736.14,343.09,47.96,26.08,0.9011,-1,-1,-1
1147,-1,0.06,304.04,45.30,24.78,0.8978,-1,-1,-1
1147,-1,0.03,364.54,23.69,23.66,0.8790,-1,-1,-1
1147,-1,629.95,320.51,25.33,16.18,0.8751,-1,-1,-1
1147,-1,681.32,312.10,21.82,20.37,0.8738,-1,-1,-1
1147,-1,378.97,390.75,23.78,16.04,0.8678,-1,-1,-1
1147,-1,832.64,330.08,18.96,22.08,0.8669,-1,-1,-1
1147,-1,609.69,282.42,22.50,16.73,0.8464,-1,-1,-1
1147,-1,982.06,313.21,23.61,17.08,0.8448,-1,-1,-1
1147,-1,407.05,377.22,18.15,15.90,0.7893,-1,-1,-1
1147,-1,734.70,272.85,29.64,21.73,0.6855,-1,-1,-1
1147,-1,671.10,274.90,32.37,16.36,0.6666,-1,-1,-1
1147,-1,875.54,348.67,18.31,14.59,0.5717,-1,-1,-1
1147,-1,908.18,323.98,18.05,13.91,0.4873,-1,-1,-1
1147,-1,0.00,330.77,12.34,13.40,0.4123,-1,-1,-1
1147,-1,908.29,323.92,17.94,13.96,0.3982,-1,-1,-1
1147,-1,605.75,357.74,17.33,12.35,0.3403,-1,-1,-1
1147,-1,1011.46,325.55,12.54,13.62,0.2943,-1,-1,-1
1148,-1,0.51,257.07,63.81,27.18,0.9162,-1,-1,-1
1148,-1,734.07,343.25,46.93,26.67,0.9093,-1,-1,-1
1148,-1,618.13,267.38,50.86,25.61,0.9036,-1,-1,-1
1148,-1,653.97,332.81,51.85,24.91,0.9019,-1,-1,-1
1148,-1,0.09,304.65,43.09,23.83,0.8912,-1,-1,-1
1148,-1,628.37,320.66,25.29,16.13,0.8708,-1,-1,-1
1148,-1,830.95,330.14,19.05,22.25,0.8646,-1,-1,-1
1148,-1,678.58,312.16,21.68,20.83,0.8628,-1,-1,-1
1148,-1,377.94,390.73,23.56,15.73,0.8570,-1,-1,-1
1148,-1,980.73,313.57,23.55,17.22,0.8385,-1,-1,-1
1148,-1,0.00,365.04,21.24,22.24,0.8362,-1,-1,-1
1148,-1,874.61,348.92,18.40,14.64,0.8337,-1,-1,-1
1148,-1,607.30,282.73,23.56,16.89,0.8331,-1,-1,-1
1148,-1,405.81,377.38,17.39,15.32,0.7513,-1,-1,-1
1148,-1,1009.33,184.03,14.67,35.41,0.6020,-1,-1,-1
1148,-1,667.79,275.08,33.51,16.50,0.5415,-1,-1,-1
1148,-1,0.00,329.72,11.19,14.15,0.5224,-1,-1,-1
1148,-1,906.31,324.39,18.63,13.89,0.4763,-1,-1,-1
1148,-1,732.30,272.54,26.39,22.35,0.4347,-1,-1,-1
1148,-1,906.28,324.46,18.94,13.82,0.3365,-1,-1,-1
1148,-1,798.63,307.47,16.60,17.46,0.2874,-1,-1,-1
1148,-1,834.83,296.69,15.72,27.95,0.2675,-1,-1,-1
1149,-1,0.00,256.77,62.18,27.00,0.9173,-1,-1,-1
1149,-1,615.45,267.78,51.26,25.44,0.9002,-1,-1,-1
1149,-1,651.12,332.85,51.47,25.16,0.8995,-1,-1,-1
1149,-1,731.26,343.57,47.29,27.31,0.8929,-1,-1,-1
1149,-1,0.11,304.38,41.17,23.56,0.8892,-1,-1,-1
1149,-1,626.99,320.68,25.08,16.33,0.8797,-1,-1,-1
1149,-1,675.87,312.57,22.04,20.62,0.8784,-1,-1,-1
1149,-1,829.54,330.41,18.86,22.77,0.8634,-1,-1,-1
1149,-1,375.87,390.59,23.68,15.89,0.8608,-1,-1,-1
1149,-1,605.78,282.83,24.06,17.09,0.8464,-1,-1,-1
1149,-1,404.01,376.61,18.33,16.31,0.8396,-1,-1,-1
1149,-1,979.54,314.46,23.20,16.79,0.8355,-1,-1,-1
1149,-1,0.00,364.67,18.68,22.24,0.8279,-1,-1,-1
1149,-1,1001.75,184.84,22.25,35.55,0.7709,-1,-1,-1
1149,-1,873.68,349.62,18.80,14.45,0.7639,-1,-1,-1
1149,-1,664.78,275.29,34.22,16.81,0.7575,-1,-1,-1
1149,-1,904.50,324.99,19.03,13.65,0.6908,-1,-1,-1
1149,-1,729.24,273.45,29.60,21.73,0.6716,-1,-1,-1
1149,-1,0.00,328.97,10.09,14.53,0.5594,-1,-1,-1
1149,-1,603.01,358.02,17.02,12.54,0.3793,-1,-1,-1
1150,-1,0.00,256.50,59.34,27.01,0.9188,-1,-1,-1
1150,-1,728.50,344.03,47.24,27.12,0.8999,-1,-1,-1
1150,-1,612.84,268.08,51.01,25.18,0.8995,-1,-1,-1
1150,-1,0.11,304.56,38.79,22.91,0.8956,-1,-1,-1
1150,-1,649.24,333.00,51.56,25.17,0.8931,-1,-1,-1
1150,-1,625.14,320.85,25.68,16.51,0.8819,-1,-1,-1
1150,-1,827.81,330.82,18.91,22.61,0.8682,-1,-1,-1
1150,-1,374.44,390.48,23.93,16.23,0.8591,-1,-1,-1
1150,-1,672.91,313.07,21.65,20.15,0.8570,-1,-1,-1
1150,-1,993.07,182.59,30.93,40.70,0.8538,-1,-1,-1
1150,-1,605.32,283.97,21.92,16.02,0.8251,-1,-1,-1
1150,-1,977.91,314.38,24.01,17.63,0.8115,-1,-1,-1
1150,-1,872.40,350.12,18.70,14.51,0.7971,-1,-1,-1
1150,-1,402.42,376.98,18.11,16.05,0.7643,-1,-1,-1
1150,-1,727.06,273.95,29.46,21.82,0.7560,-1,-1,-1
1150,-1,0.00,364.56,15.93,21.85,0.7248,-1,-1,-1
1150,-1,663.80,275.58,31.97,16.64,0.6749,-1,-1,-1
1150,-1,902.99,325.71,18.64,13.51,0.6247,-1,-1,-1
1150,-1,0.00,328.14,8.32,15.27,0.6071,-1,-1,-1
1150,-1,1007.95,325.16,16.05,16.73,0.3198,-1,-1,-1
1150,-1,795.77,308.98,16.39,17.67,0.2638,-1,-1,-1
1151,-1,0.00,256.03,57.82,26.89,0.9192,-1,-1,-1
1151,-1,610.35,268.18,50.86,25.19,0.9073,-1,-1,-1
1151,-1,646.17,333.38,51.85,24.98,0.9035,-1,-1,-1
1151,-1,0.09,303.81,36.59,23.33,0.8929,-1,-1,-1
1151,-1,624.11,321.22,25.04,16.19,0.8761,-1,-1,-1
1151,-1,373.16,390.43,23.36,16.26,0.8756,-1,-1,-1
1151,-1,985.21,178.33,38.79,44.21,0.8605,-1,-1,-1
1151,-1,826.21,331.42,19.11,22.31,0.8591,-1,-1,-1
1151,-1,670.31,313.40,21.79,20.17,0.8548,-1,-1,-1
1151,-1,871.35,350.94,18.84,14.23,0.8533,-1,-1,-1
1151,-1,725.63,344.32,47.07,27.36,0.8404,-1,-1,-1
1151,-1,602.42,285.21,22.86,14.96,0.8273,-1,-1,-1
1151,-1,660.60,275.92,33.37,16.32,0.8243,-1,-1,-1
1151,-1,976.86,316.08,23.30,16.49,0.8137,-1,-1,-1
1151,-1,400.51,377.35,17.47,15.77,0.7143,-1,-1,-1
1151,-1,0.00,363.31,14.07,22.37,0.7023,-1,-1,-1
1151,-1,724.34,274.53,28.47,21.62,0.6726,-1,-1,-1
1151,-1,1004.81,306.97,19.19,36.96,0.6443,-1,-1,-1
1151,-1,901.44,326.05,18.46,13.30,0.6318,-1,-1,-1
1151,-1,598.60,337.21,16.53,13.61,0.4302,-1,-1,-1
1151,-1,0.00,327.00,6.82,16.24,0.3886,-1,-1,-1
1152,-1,0.00,255.88,55.47,26.76,0.9126,-1,-1,-1
1152,-1,607.38,268.46,51.47,25.09,0.9037,-1,-1,-1
1152,-1,644.46,333.68,50.73,24.93,0.8954,-1,-1,-1
1152,-1,0.06,303.08,34.53,24.05,0.8856,-1,-1,-1
1152,-1,977.60,177.12,46.40,47.75,0.8776,-1,-1,-1
1152,-1,667.42,313.64,21.93,20.11,0.8712,-1,-1,-1
1152,-1,370.98,390.45,24.15,16.22,0.8696,-1,-1,-1
1152,-1,824.34,331.57,19.33,22.66,0.8664,-1,-1,-1
1152,-1,621.68,321.34,25.68,16.22,0.8648,-1,-1,-1
1152,-1,656.30,276.28,35.36,16.40,0.8628,-1,-1,-1
1152,-1,870.37,351.48,19.05,14.04,0.8495,-1,-1,-1
1152,-1,722.93,344.48,47.45,26.89,0.8439,-1,-1,-1
1152,-1,601.14,284.93,22.63,15.47,0.8363,-1,-1,-1
1152,-1,997.44,310.07,26.56,38.34,0.8273,-1,-1,-1
1152,-1,975.52,316.69,21.77,16.27,0.7159,-1,-1,-1
1152,-1,399.25,376.20,17.99,16.12,0.6396,-1,-1,-1
1152,-1,899.84,326.44,18.48,13.38,0.5831,-1,-1,-1
1152,-1,0.00,362.71,11.44,21.90,0.5771,-1,-1,-1
1152,-1,1009.79,217.03,14.21,33.29,0.5521,-1,-1,-1
1152,-1,721.87,274.79,31.06,20.58,0.4557,-1,-1,-1
1152,-1,598.50,359.58,16.96,12.13,0.3306,-1,-1,-1
1152,-1,0.00,327.89,5.84,16.17,0.3111,-1,-1,-1
1153,-1,0.11,255.56,52.65,26.95,0.9145,-1,-1,-1
1153,-1,642.00,333.50,51.16,25.28,0.8998,-1,-1,-1
1153,-1,605.12,268.61,51.17,24.97,0.8984,-1,-1,-1
1153,-1,970.14,176.74,53.86,47.81,0.8875,-1,-1,-1
1153,-1,0.09,302.70,32.21,24.36,0.8797,-1,-1,-1
1153,-1,823.00,332.29,19.13,22.12,0.8770,-1,-1,-1
1153,-1,989.07,310.76,34.93,38.42,0.8769,-1,-1,-1
1153,-1,620.50,321.59,25.52,16.10,0.8719,-1,-1,-1
1153,-1,1002.30,218.98,21.70,31.85,0.8626,-1,-1,-1
1153,-1,369.72,390.57,23.71,16.18,0.8622,-1,-1,-1
1153,-1,664.91,313.72,21.46,20.13,0.8562,-1,-1,-1
1153,-1,599.52,285.60,21.53,15.03,0.8495,-1,-1,-1
1153,-1,720.22,344.73,47.14,26.12,0.8439,-1,-1,-1
1153,-1,397.46,374.33,18.33,18.64,0.8120,-1,-1,-1
1153,-1,869.37,351.74,18.89,13.95,0.8009,-1,-1,-1
1153,-1,658.95,276.57,28.81,16.18,0.7825,-1,-1,-1
1153,-1,974.11,317.76,22.27,15.62,0.7715,-1,-1,-1
1153,-1,898.21,326.90,18.37,13.36,0.7041,-1,-1,-1
1153,-1,0.00,363.14,8.52,19.29,0.5750,-1,-1,-1
1153,-1,594.89,337.71,16.71,11.91,0.2679,-1,-1,-1
1153,-1,38.08,124.72,24.17,10.87,0.2511,-1,-1,-1
1154,-1,0.17,255.61,50.24,26.92,0.9115,-1,-1,-1
1154,-1,602.80,268.71,50.20,25.12,0.9062,-1,-1,-1
1154,-1,981.25,312.35,42.75,36.91,0.9050,-1,-1,-1
1154,-1,994.40,218.68,29.60,31.99,0.9041,-1,-1,-1
1154,-1,717.68,344.63,46.51,26.39,0.8998,-1,-1,-1
1154,-1,961.94,177.60,62.02,45.54,0.8969,-1,-1,-1
1154,-1,639.67,333.54,50.32,25.08,0.8968,-1,-1,-1
1154,-1,619.17,321.79,24.88,16.06,0.8760,-1,-1,-1
1154,-1,0.06,301.80,29.45,24.79,0.8675,-1,-1,-1
1154,-1,821.15,332.66,19.33,21.98,0.8604,-1,-1,-1
1154,-1,367.91,390.53,24.05,16.33,0.8567,-1,-1,-1
1154,-1,396.15,374.12,19.30,19.03,0.8563,-1,-1,-1
1154,-1,662.39,313.81,21.44,20.24,0.8516,-1,-1,-1
1154,-1,598.04,285.98,21.41,14.78,0.8388,-1,-1,-1
1154,-1,652.52,276.63,33.59,16.32,0.7716,-1,-1,-1
1154,-1,896.73,326.80,18.24,13.76,0.7479,-1,-1,-1
1154,-1,868.67,352.06,18.49,13.80,0.7107,-1,-1,-1
1154,-1,972.87,317.83,20.06,15.53,0.6716,-1,-1,-1
1154,-1,717.90,275.49,27.36,20.48,0.4454,-1,-1,-1
1154,-1,593.52,337.89,16.44,13.51,0.3190,-1,-1,-1
1155,-1,955.32,178.77,68.68,44.26,0.9146,-1,-1,-1
1155,-1,973.34,311.34,50.51,38.11,0.9121,-1,-1,-1
1155,-1,0.08,255.49,47.47,27.19,0.9109,-1,-1,-1
1155,-1,986.39,218.79,37.61,32.21,0.9093,-1,-1,-1
1155,-1,600.78,268.87,49.79,24.98,0.9015,-1,-1,-1
1155,-1,637.41,333.74,49.86,24.98,0.9000,-1,-1,-1
1155,-1,617.57,321.84,25.05,16.05,0.8762,-1,-1,-1
1155,-1,715.10,344.66,45.81,26.24,0.8722,-1,-1,-1
1155,-1,819.32,332.45,19.73,22.09,0.8651,-1,-1,-1
1155,-1,0.04,301.54,27.15,25.41,0.8643,-1,-1,-1
1155,-1,366.25,390.66,24.39,15.94,0.8616,-1,-1,-1
1155,-1,659.51,313.53,21.64,20.56,0.8602,-1,-1,-1
1155,-1,895.00,326.91,18.04,13.87,0.8491,-1,-1,-1
1155,-1,649.36,276.63,34.07,16.44,0.8477,-1,-1,-1
1155,-1,393.99,374.87,19.32,18.25,0.7863,-1,-1,-1
1155,-1,867.33,352.25,18.70,13.75,0.7818,-1,-1,-1
1155,-1,596.14,286.77,21.12,14.10,0.7791,-1,-1,-1
1155,-1,716.07,274.46,29.30,21.91,0.5584,-1,-1,-1
1155,-1,788.82,310.85,16.40,16.16,0.3893,-1,-1,-1
1156,-1,0.04,255.66,45.16,27.57,0.9172,-1,-1,-1
1156,-1,979.32,218.63,44.68,32.22,0.9061,-1,-1,-1
1156,-1,947.80,178.17,76.20,44.73,0.9057,-1,-1,-1
1156,-1,964.93,311.47,59.07,37.73,0.9032,-1,-1,-1
1156,-1,597.50,268.81,50.48,25.25,0.9002,-1,-1,-1
1156,-1,634.66,333.38,50.92,25.33,0.8974,-1,-1,-1
1156,-1,364.74,390.96,23.99,15.62,0.8780,-1,-1,-1
1156,-1,711.49,344.82,46.75,25.95,0.8771,-1,-1,-1
1156,-1,616.38,321.84,24.69,16.22,0.8758,-1,-1,-1
1156,-1,0.01,302.78,24.73,24.18,0.8650,-1,-1,-1
1156,-1,817.86,332.43,19.20,22.17,0.8620,-1,-1,-1
1156,-1,656.70,313.98,21.77,20.03,0.8480,-1,-1,-1
1156,-1,650.07,276.72,30.00,16.19,0.8164,-1,-1,-1
1156,-1,893.10,326.70,18.24,13.92,0.7659,-1,-1,-1
1156,-1,866.14,351.97,18.92,13.89,0.7624,-1,-1,-1
1156,-1,594.38,286.59,21.00,14.23,0.7580,-1,-1,-1
1156,-1,392.57,377.10,18.52,16.10,0.7001,-1,-1,-1
1156,-1,824.93,293.32,21.25,16.22,0.3702,-1,-1,-1
1156,-1,787.74,310.76,16.95,16.69,0.3474,-1,-1,-1
1156,-1,590.66,338.31,16.32,13.01,0.2741,-1,-1,-1
1157,-1,956.59,310.65,67.29,38.12,0.9226,-1,-1,-1
1157,-1,0.06,255.89,42.45,27.77,0.9166,-1,-1,-1
1157,-1,971.52,218.37,52.42,31.81,0.9147,-1,-1,-1
1157,-1,939.70,178.12,79.03,44.31,0.9092,-1,-1,-1
1157,-1,709.26,344.42,46.23,26.35,0.9088,-1,-1,-1
1157,-1,594.69,268.79,50.71,25.20,0.9065,-1,-1,-1
1157,-1,632.16,333.49,50.55,25.16,0.8947,-1,-1,-1
1157,-1,363.05,390.85,24.21,16.01,0.8737,-1,-1,-1
1157,-1,815.93,332.05,19.52,22.55,0.8722,-1,-1,-1
1157,-1,613.75,321.71,25.10,16.34,0.8660,-1,-1,-1
1157,-1,0.06,302.53,22.52,24.43,0.8591,-1,-1,-1
1157,-1,653.61,313.77,21.36,20.26,0.8548,-1,-1,-1
1157,-1,642.28,276.53,35.51,16.36,0.8397,-1,-1,-1
1157,-1,891.49,326.56,18.29,13.83,0.7620,-1,-1,-1
1157,-1,865.05,351.69,18.21,14.00,0.7384,-1,-1,-1
1157,-1,592.98,287.06,20.63,13.62,0.7365,-1,-1,-1
1157,-1,390.84,377.16,17.71,16.26,0.7240,-1,-1,-1
1157,-1,1007.08,275.13,16.82,16.07,0.3501,-1,-1,-1
1157,-1,787.08,311.76,16.47,16.20,0.2892,-1,-1,-1
1158,-1,963.41,217.91,55.27,32.24,0.9214,-1,-1,-1
1158,-1,947.62,309.66,76.38,38.78,0.9153,-1,-1,-1
1158,-1,0.05,256.20,39.78,28.13,0.9123,-1,-1,-1
1158,-1,706.84,344.43,45.55,26.22,0.9087,-1,-1,-1
1158,-1,931.20,177.58,79.21,44.93,0.9027,-1,-1,-1
1158,-1,592.47,268.82,49.71,24.90,0.9014,-1,-1,-1
1158,-1,629.67,333.52,50.06,25.17,0.8933,-1,-1,-1
1158,-1,612.53,321.72,25.36,16.08,0.8718,-1,-1,-1
1158,-1,651.10,313.68,20.63,20.34,0.8659,-1,-1,-1
1158,-1,361.82,391.17,23.82,15.67,0.8623,-1,-1,-1
1158,-1,0.00,305.37,19.79,21.66,0.8512,-1,-1,-1
1158,-1,815.01,332.16,18.72,22.14,0.8459,-1,-1,-1
1158,-1,641.63,276.42,33.44,16.41,0.8396,-1,-1,-1
1158,-1,863.98,351.30,18.30,14.30,0.8118,-1,-1,-1
1158,-1,389.40,377.73,17.47,15.72,0.7948,-1,-1,-1
1158,-1,591.39,286.94,20.89,13.95,0.7757,-1,-1,-1
1158,-1,889.54,326.54,18.93,13.37,0.6447,-1,-1,-1
1158,-1,821.72,293.47,20.42,14.89,0.4430,-1,-1,-1
1158,-1,586.78,338.05,16.43,12.68,0.3392,-1,-1,-1
1159,-1,955.84,217.36,54.97,32.20,0.9217,-1,-1,-1
1159,-1,939.72,309.01,84.28,39.00,0.9199,-1,-1,-1
1159,-1,923.82,177.34,77.13,44.60,0.9123,-1,-1,-1
1159,-1,0.02,256.53,37.28,27.75,0.9058,-1,-1,-1
1159,-1,589.74,268.60,49.37,24.91,0.9053,-1,-1,-1
1159,-1,704.34,344.19,44.96,25.98,0.9021,-1,-1,-1
1159,-1,626.84,333.25,50.31,25.27,0.8967,-1,-1,-1
1159,-1,611.01,321.66,24.89,16.19,0.8832,-1,-1,-1
1159,-1,359.51,391.17,24.73,16.30,0.8661,-1,-1,-1
1159,-1,813.54,331.69,18.74,22.19,0.8654,-1,-1,-1
1159,-1,862.77,351.32,18.62,14.16,0.8501,-1,-1,-1
1159,-1,648.21,313.41,21.08,20.29,0.8429,-1,-1,-1
1159,-1,0.00,305.12,17.75,22.70,0.8233,-1,-1,-1
1159,-1,641.09,276.43,30.94,16.28,0.7713,-1,-1,-1
1159,-1,388.14,377.79,17.08,15.85,0.7191,-1,-1,-1
1159,-1,588.86,287.21,21.40,13.60,0.6444,-1,-1,-1
1159,-1,887.47,326.20,19.02,13.54,0.6332,-1,-1,-1
1159,-1,585.00,338.38,16.63,14.52,0.3912,-1,-1,-1
1159,-1,703.98,273.96,30.82,21.79,0.3303,-1,-1,-1
1160,-1,931.15,308.28,92.85,39.11,0.9214,-1,-1,-1
1160,-1,915.35,176.69,76.53,44.55,0.9208,-1,-1,-1
1160,-1,948.73,216.92,54.03,32.27,0.9207,-1,-1,-1
1160,-1,586.27,268.39,50.20,25.28,0.9071,-1,-1,-1
1160,-1,624.28,333.38,50.07,24.94,0.8970,-1,-1,-1
1160,-1,0.04,256.99,34.42,26.90,0.8963,-1,-1,-1
1160,-1,609.24,321.51,25.03,16.14,0.8761,-1,-1,-1
1160,-1,701.48,344.17,45.60,25.82,0.8636,-1,-1,-1
1160,-1,358.13,391.24,24.53,16.12,0.8636,-1,-1,-1
1160,-1,811.44,331.01,19.01,22.74,0.8629,-1,-1,-1
1160,-1,645.65,313.24,20.76,20.40,0.8596,-1,-1,-1
1160,-1,634.09,275.97,35.83,16.34,0.8217,-1,-1,-1
1160,-1,385.96,377.82,17.73,15.88,0.7856,-1,-1,-1
1160,-1,861.74,351.00,18.71,14.11,0.7653,-1,-1,-1
1160,-1,886.17,325.94,18.01,13.58,0.7081,-1,-1,-1
1160,-1,0.00,305.46,14.49,21.67,0.7049,-1,-1,-1
1160,-1,587.01,287.15,21.43,13.60,0.5669,-1,-1,-1
1160,-1,817.38,292.85,21.66,15.13,0.3242,-1,-1,-1
1161,-1,908.02,176.18,75.65,43.23,0.9258,-1,-1,-1
1161,-1,923.58,307.97,99.92,38.91,0.9250,-1,-1,-1
1161,-1,939.76,216.22,55.33,32.40,0.9166,-1,-1,-1
1161,-1,583.34,268.38,49.44,24.96,0.8991,-1,-1,-1
1161,-1,621.61,333.30,49.42,24.92,0.8925,-1,-1,-1
1161,-1,356.95,391.28,24.09,15.82,0.8738,-1,-1,-1
1161,-1,608.14,321.14,24.12,16.32,0.8662,-1,-1,-1
1161,-1,809.88,330.53,18.64,23.09,0.8576,-1,-1,-1
1161,-1,642.63,313.12,20.63,19.94,0.8563,-1,-1,-1
1161,-1,698.48,343.70,45.80,26.21,0.8467,-1,-1,-1
1161,-1,634.50,276.01,32.08,16.02,0.8137,-1,-1,-1
1161,-1,0.00,257.55,31.92,26.34,0.7880,-1,-1,-1
1161,-1,860.52,350.77,19.00,13.86,0.7243,-1,-1,-1
1161,-1,384.59,377.83,17.08,15.96,0.6538,-1,-1,-1
1161,-1,884.08,325.34,18.65,13.64,0.6514,-1,-1,-1
1161,-1,584.81,287.10,20.91,13.29,0.5211,-1,-1,-1
1161,-1,0.00,307.92,12.40,19.70,0.5147,-1,-1,-1
1161,-1,582.20,338.23,16.43,14.40,0.3391,-1,-1,-1
1161,-1,0.00,179.97,10.87,16.66,0.3249,-1,-1,-1
1162,-1,916.03,307.47,99.35,38.86,0.9267,-1,-1,-1
1162,-1,931.82,215.64,55.48,32.23,0.9197,-1,-1,-1
1162,-1,900.02,175.70,75.37,44.24,0.9143,-1,-1,-1
1162,-1,695.64,343.23,45.01,26.63,0.9062,-1,-1,-1
1162,-1,580.83,267.93,49.91,25.10,0.8992,-1,-1,-1
1162,-1,618.39,333.23,50.60,24.76,0.8957,-1,-1,-1
1162,-1,354.83,391.51,24.43,16.22,0.8700,-1,-1,-1
1162,-1,808.26,330.39,18.60,22.61,0.8643,-1,-1,-1
1162,-1,605.71,320.98,25.18,16.27,0.8614,-1,-1,-1
1162,-1,639.81,312.88,20.93,20.17,0.8571,-1,-1,-1
1162,-1,0.02,257.90,28.69,25.82,0.8434,-1,-1,-1
1162,-1,632.18,275.84,31.76,16.21,0.8099,-1,-1,-1
1162,-1,882.49,325.07,18.04,13.67,0.7730,-1,-1,-1
1162,-1,382.44,377.56,17.83,16.02,0.7618,-1,-1,-1
1162,-1,859.47,350.26,18.44,13.99,0.5317,-1,-1,-1
1162,-1,583.31,288.78,20.98,11.42,0.4762,-1,-1,-1
1162,-1,0.00,306.33,10.19,20.99,0.2925,-1,-1,-1
1163,-1,907.25,306.95,99.10,38.89,0.9210,-1,-1,-1
1163,-1,924.67,215.13,54.80,32.33,0.9173,-1,-1,-1
1163,-1,892.06,175.45,74.36,43.50,0.9121,-1,-1,-1
1163,-1,692.74,343.05,44.76,26.41,0.9039,-1,-1,-1
1163,-1,578.33,267.81,48.82,25.19,0.8984,-1,-1,-1
1163,-1,615.91,332.94,50.33,24.71,0.8889,-1,-1,-1
1163,-1,636.87,312.65,21.10,20.43,0.8723,-1,-1,-1
1163,-1,604.49,320.89,25.01,16.19,0.8714,-1,-1,-1
1163,-1,353.72,391.57,24.83,15.84,0.8654,-1,-1,-1
1163,-1,806.55,330.07,18.95,22.42,0.8616,-1,-1,-1
1163,-1,0.04,258.30,26.55,24.98,0.8598,-1,-1,-1
1163,-1,625.48,275.49,35.56,16.33,0.8545,-1,-1,-1
1163,-1,381.31,377.41,17.82,16.34,0.8288,-1,-1,-1
1163,-1,858.64,349.36,18.59,14.34,0.7757,-1,-1,-1
1163,-1,880.76,324.69,18.16,13.76,0.7048,-1,-1,-1
1163,-1,581.71,288.40,19.78,11.94,0.5609,-1,-1,-1
1164,-1,898.83,306.36,99.06,39.12,0.9218,-1,-1,-1
1164,-1,884.87,174.67,72.54,43.60,0.9193,-1,-1,-1
1164,-1,916.55,214.79,55.67,32.20,0.9164,-1,-1,-1
1164,-1,575.66,267.70,49.74,25.42,0.9001,-1,-1,-1
1164,-1,690.21,342.90,44.97,26.16,0.8947,-1,-1,-1
1164,-1,612.62,332.59,50.49,24.96,0.8894,-1,-1,-1
1164,-1,602.78,320.83,25.03,15.86,0.8767,-1,-1,-1
1164,-1,633.70,312.51,21.11,20.15,0.8716,-1,-1,-1
1164,-1,804.95,329.95,18.77,22.49,0.8687,-1,-1,-1
1164,-1,351.66,391.64,24.91,16.03,0.8651,-1,-1,-1
1164,-1,0.06,258.86,23.87,23.89,0.8617,-1,-1,-1
1164,-1,626.27,275.48,31.90,15.94,0.8352,-1,-1,-1
1164,-1,380.03,376.71,18.25,17.10,0.8062,-1,-1,-1
1164,-1,857.50,348.85,18.57,14.56,0.7454,-1,-1,-1
1164,-1,879.03,324.24,17.89,13.76,0.6426,-1,-1,-1
1164,-1,578.29,287.44,22.09,12.65,0.5218,-1,-1,-1
1164,-1,361.30,307.93,17.18,25.69,0.2960,-1,-1,-1
1165,-1,891.09,305.94,97.71,39.45,0.9262,-1,-1,-1
1165,-1,907.84,214.44,56.30,32.24,0.9150,-1,-1,-1
1165,-1,573.11,267.57,49.52,25.09,0.9053,-1,-1,-1
1165,-1,687.29,342.63,45.66,26.29,0.9007,-1,-1,-1
1165,-1,876.80,174.15,71.03,43.41,0.8977,-1,-1,-1
1165,-1,610.44,332.72,50.39,24.57,0.8941,-1,-1,-1
1165,-1,601.49,320.58,24.70,16.21,0.8697,-1,-1,-1
1165,-1,631.73,312.13,20.19,20.48,0.8661,-1,-1,-1
1165,-1,349.93,391.48,24.79,16.18,0.8654,-1,-1,-1
1165,-1,803.20,329.58,18.68,22.13,0.8591,-1,-1,-1
1165,-1,0.04,259.19,20.90,22.33,0.7969,-1,-1,-1
1165,-1,378.15,377.81,18.18,15.98,0.7759,-1,-1,-1
1165,-1,627.75,275.14,28.01,16.10,0.7639,-1,-1,-1
1165,-1,856.40,348.91,18.81,14.03,0.5645,-1,-1,-1
1165,-1,691.91,270.98,27.80,22.05,0.4525,-1,-1,-1
1165,-1,577.33,288.71,22.40,11.44,0.3185,-1,-1,-1
1166,-1,883.86,305.32,96.65,39.48,0.9284,-1,-1,-1
1166,-1,901.27,214.17,54.28,32.29,0.9176,-1,-1,-1
1166,-1,684.66,341.88,45.27,26.92,0.9080,-1,-1,-1
1166,-1,607.63,332.60,50.59,24.61,0.9055,-1,-1,-1
1166,-1,569.76,267.45,49.08,25.22,0.8994,-1,-1,-1
1166,-1,868.71,173.84,71.05,44.20,0.8979,-1,-1,-1
1166,-1,348.42,391.48,24.66,15.89,0.8754,-1,-1,-1
1166,-1,600.00,320.23,24.56,16.34,0.8717,-1,-1,-1
1166,-1,628.93,311.92,20.15,20.47,0.8701,-1,-1,-1
1166,-1,617.83,275.03,35.29,16.09,0.8594,-1,-1,-1
1166,-1,801.95,329.39,18.21,22.19,0.8526,-1,-1,-1
1166,-1,0.00,259.49,18.25,21.90,0.7841,-1,-1,-1
1166,-1,855.40,348.85,18.19,13.89,0.7659,-1,-1,-1
1166,-1,376.61,377.78,17.02,16.18,0.6501,-1,-1,-1
1166,-1,698.83,270.88,17.72,20.26,0.5245,-1,-1,-1
1166,-1,575.09,287.10,22.40,12.49,0.2813,-1,-1,-1
1167,-1,875.82,295.04,97.86,39.92,0.9254,-1,-1,-1
1167,-1,892.72,203.89,53.48,32.02,0.9220,-1,-1,-1
1167,-1,858.90,163.90,70.50,46.62,0.9108,-1,-1,-1
1167,-1,681.69,337.51,46.97,25.86,0.9040,-1,-1,-1
1167,-1,566.02,265.58,49.23,24.76,0.9031,-1,-1,-1
1167,-1,348.35,395.72,24.37,16.37,0.8962,-1,-1,-1
1167,-1,605.68,329.88,49.35,24.66,0.8935,-1,-1,-1
1167,-1,625.49,309.04,20.27,20.06,0.8689,-1,-1,-1
1167,-1,597.22,317.96,25.69,15.79,0.8672,-1,-1,-1
1167,-1,799.80,321.07,18.21,22.65,0.8606,-1,-1,-1
1167,-1,853.74,338.64,18.66,14.67,0.8081,-1,-1,-1
1167,-1,618.03,272.19,30.11,15.94,0.8048,-1,-1,-1
1167,-1,375.53,381.65,17.31,16.08,0.7382,-1,-1,-1
1167,-1,0.01,274.50,14.70,22.02,0.4751,-1,-1,-1
1167,-1,138.03,340.11,21.70,18.61,0.3654,-1,-1,-1
1168,-1,872.23,288.76,97.18,40.22,0.9281,-1,-1,-1
1168,-1,852.73,157.74,70.36,47.57,0.9178,-1,-1,-1
1168,-1,886.89,197.74,54.30,32.10,0.9123,-1,-1,-1
1168,-1,562.44,264.50,50.67,24.90,0.9063,-1,-1,-1
1168,-1,680.58,334.86,45.00,25.46,0.8990,-1,-1,-1
1168,-1,605.13,326.53,48.80,26.47,0.8957,-1,-1,-1
1168,-1,595.61,316.49,25.26,15.69,0.8821,-1,-1,-1
1168,-1,623.71,307.19,20.14,20.47,0.8755,-1,-1,-1
1168,-1,348.11,398.00,24.27,16.63,0.8717,-1,-1,-1
1168,-1,798.04,316.42,18.57,22.47,0.8605,-1,-1,-1
1168,-1,375.36,383.61,16.88,16.10,0.7253,-1,-1,-1
1168,-1,852.64,333.01,18.42,14.46,0.7121,-1,-1,-1
1168,-1,610.19,270.00,36.09,16.48,0.6856,-1,-1,-1
1168,-1,137.45,346.61,26.72,18.60,0.6687,-1,-1,-1
1168,-1,0.00,283.80,11.80,22.11,0.3081,-1,-1,-1
1169,-1,871.93,288.17,96.77,40.43,0.9291,-1,-1,-1
1169,-1,852.43,157.39,70.57,47.77,0.9121,-1,-1,-1
1169,-1,886.27,197.53,54.64,31.59,0.9120,-1,-1,-1
1169,-1,562.66,264.40,49.91,24.94,0.9051,-1,-1,-1
1169,-1,680.29,334.67,44.79,25.46,0.8980,-1,-1,-1
1169,-1,604.92,326.24,48.75,26.72,0.8969,-1,-1,-1
1169,-1,595.36,316.39,25.59,15.62,0.8848,-1,-1,-1
1169,-1,623.58,307.15,20.21,20.51,0.8721,-1,-1,-1
1169,-1,347.74,398.08,24.60,16.79,0.8704,-1,-1,-1
1169,-1,798.13,315.87,18.33,22.83,0.8538,-1,-1,-1
1169,-1,609.29,269.93,36.89,16.51,0.7913,-1,-1,-1
1169,-1,375.43,383.72,16.92,16.15,0.6860,-1,-1,-1
1169,-1,852.65,332.71,17.87,14.57,0.5974,-1,-1,-1
1169,-1,0.00,284.69,11.62,21.12,0.3274,-1,-1,-1
1169,-1,691.95,263.20,16.09,20.91,0.3068,-1,-1,-1
1169,-1,136.72,347.03,23.64,17.92,0.2555,-1,-1,-1
1170,-1,873.88,293.93,98.04,40.04,0.9266,-1,-1,-1
1170,-1,890.73,202.87,53.26,32.49,0.9170,-1,-1,-1
1170,-1,856.23,162.61,70.58,47.30,0.9128,-1,-1,-1
1170,-1,565.30,265.43,49.93,24.94,0.9005,-1,-1,-1
1170,-1,347.84,395.93,24.41,16.53,0.9005,-1,-1,-1
1170,-1,681.33,337.25,44.95,25.56,0.8993,-1,-1,-1
1170,-1,605.99,329.41,48.59,25.02,0.8888,-1,-1,-1
1170,-1,596.55,317.83,26.09,15.41,0.8741,-1,-1,-1
1170,-1,624.88,308.78,20.32,20.01,0.8679,-1,-1,-1
1170,-1,799.17,320.34,18.24,22.48,0.8180,-1,-1,-1
1170,-1,610.89,271.71,36.88,16.16,0.7983,-1,-1,-1
1170,-1,375.28,382.39,17.38,15.75,0.7577,-1,-1,-1
1170,-1,853.78,337.59,18.47,14.69,0.7246,-1,-1,-1
1170,-1,0.00,276.48,13.86,21.21,0.5537,-1,-1,-1
