1,69320,768.00,318.00,15.00,54.00,1,7,0.0947,-1
1,95985,566.00,341.00,122.00,56.00,1,1,0.9998,-1
1,77225,934.00,263.00,21.00,26.00,1,1,0.7720,-1
1,84569,904.00,241.00,30.00,25.00,1,1,0.6530,-1
1,88443,974.00,244.00,49.00,35.00,1,1,0.8244,-1
1,51376,988.00,323.00,22.00,16.00,1,1,1.0000,-1
1,25061,579.00,336.00,3.00,8.00,1,7,0.2747,-1
1,42737,540.00,314.00,22.00,14.00,1,7,1.0000,-1
1,49500,557.00,389.00,3.00,7.00,1,7,0.1329,-1
2,69320,768.00,312.00,16.00,53.00,1,7,0.0938,-1
2,95985,566.00,334.00,122.00,57.00,1,1,0.9998,-1
2,77225,934.00,261.00,21.00,26.00,1,1,0.7720,-1
2,84569,904.00,239.00,30.00,25.00,1,1,0.6490,-1
2,88443,974.00,242.00,49.00,35.00,1,1,0.8260,-1
2,51376,988.00,321.00,22.00,16.00,1,1,1.0000,-1
2,25061,579.00,334.00,3.00,8.00,1,7,0.2747,-1
2,42737,540.00,312.00,22.00,13.00,1,7,1.0000,-1
2,49500,557.00,387.00,3.00,7.00,1,7,0.1348,-1
3,69320,764.00,319.00,16.00,54.00,1,7,0.1009,-1
3,95985,562.00,339.00,122.00,56.00,1,1,1.0000,-1
3,77225,935.00,271.00,21.00,26.00,1,1,0.7706,-1
3,84569,905.00,249.00,30.00,25.00,1,1,0.6437,-1
3,88443,974.00,253.00,49.00,35.00,1,1,0.8228,-1
3,51376,988.00,332.00,22.00,16.00,1,1,1.0000,-1
3,25061,579.00,337.00,2.00,7.00,1,7,0.2159,-1
3,42737,540.00,314.00,22.00,13.00,1,7,1.0000,-1
3,49500,556.00,389.00,3.00,6.00,1,7,0.1189,-1
4,69320,756.00,323.00,16.00,53.00,1,7,0.1106,-1
4,95985,554.00,341.00,122.00,56.00,1,1,0.9998,-1
4,77225,933.00,276.00,22.00,25.00,1,1,0.7662,-1
4,84569,904.00,253.00,30.00,25.00,1,1,0.6506,-1
4,88443,973.00,258.00,50.00,34.00,1,1,0.8263,-1
4,51376,986.00,337.00,22.00,16.00,1,1,1.0000,-1
4,25061,577.00,337.00,3.00,8.00,1,7,0.2727,-1
4,42737,538.00,314.00,22.00,14.00,1,7,1.0000,-1
4,49500,554.00,390.00,2.00,6.00,1,7,0.1232,-1
5,69320,743.00,319.00,19.00,61.00,1,7,0.1265,-1
5,95985,544.00,339.00,121.00,56.00,1,1,0.9996,-1
5,77225,930.00,272.00,21.00,26.00,1,1,0.7646,-1
5,84569,900.00,249.00,30.00,25.00,1,1,0.6479,-1
5,88443,969.00,254.00,53.00,34.00,1,1,0.8320,-1
5,51376,982.00,333.00,22.00,16.00,1,1,1.0000,-1
5,25061,573.00,335.00,3.00,9.00,1,7,0.2637,-1
5,42737,534.00,314.00,22.00,13.00,1,7,1.0000,-1
5,49500,551.00,389.00,2.00,7.00,1,7,0.1189,-1
6,69320,726.00,307.00,22.00,66.00,1,7,0.1491,-1
6,95985,531.00,334.00,119.00,57.00,1,1,0.9998,-1
6,77225,924.00,260.00,20.00,26.00,1,7,0.7669,-1
6,84569,893.00,238.00,29.00,25.00,1,1,0.6534,-1
6,88443,963.00,241.00,52.00,35.00,1,1,0.8359,-1
6,51376,977.00,320.00,22.00,16.00,1,1,1.0000,-1
6,25061,569.00,333.00,2.00,5.00,1,7,0.1163,-1
6,42737,529.00,312.00,22.00,13.00,1,7,1.0000,-1
6,49500,547.00,388.00,3.00,6.00,1,7,0.1206,-1
7,69320,667.00,305.00,71.00,69.00,1,7,0.1701,-1
7,95985,521.00,334.00,118.00,56.00,1,1,0.9998,-1
7,77225,921.00,259.00,20.00,26.00,1,7,0.7565,-1
7,84569,889.00,237.00,30.00,25.00,1,1,0.6526,-1
7,88443,959.00,239.00,52.00,35.00,1,1,0.8387,-1
7,51376,973.00,318.00,22.00,16.00,1,1,1.0000,-1
7,25061,567.00,333.00,1.00,2.00,1,7,0.0460,-1
7,42737,525.00,312.00,22.00,13.00,1,7,1.0000,-1
7,49500,544.00,389.00,3.00,5.00,1,7,0.1143,-1
8,69320,702.00,304.00,27.00,70.00,1,7,0.1903,-1
8,95985,511.00,334.00,117.00,56.00,1,1,0.9998,-1
8,77225,918.00,258.00,20.00,27.00,1,7,0.7626,-1
8,84569,886.00,237.00,30.00,25.00,1,1,0.6487,-1
8,88443,956.00,239.00,52.00,35.00,1,1,0.8429,-1
8,51376,971.00,318.00,21.00,16.00,1,1,1.0000,-1
8,25061,564.00,332.00,0.00,1.00,1,7,0.0220,-1
8,42737,522.00,312.00,22.00,13.00,1,7,1.0000,-1
8,49500,542.00,390.00,2.00,4.00,1,7,0.0719,-1
9,69320,691.00,304.00,28.00,72.00,1,1,0.2089,-1
9,95985,502.00,334.00,116.00,56.00,1,1,0.9998,-1
9,77225,915.00,258.00,20.00,27.00,1,7,0.7588,-1
9,84569,883.00,237.00,30.00,25.00,1,1,0.6511,-1
9,88443,954.00,239.00,51.00,35.00,1,1,0.8441,-1
9,51376,968.00,318.00,21.00,16.00,1,1,1.0000,-1
9,25061,561.00,332.00,0.00,1.00,1,7,0.0215,-1
9,42737,519.00,312.00,22.00,13.00,1,7,1.0000,-1
9,49500,539.00,391.00,2.00,2.00,1,7,0.0511,-1
10,69320,680.00,304.00,30.00,73.00,1,1,0.2289,-1
10,95985,492.00,334.00,116.00,56.00,1,1,1.0000,-1
10,77225,913.00,258.00,19.00,27.00,1,7,0.7566,-1
10,84569,880.00,237.00,30.00,25.00,1,1,0.6511,-1
10,88443,951.00,239.00,51.00,35.00,1,1,0.8466,-1
10,51376,965.00,318.00,21.00,16.00,1,1,1.0000,-1
10,25061,559.00,333.00,0.00,0.00,1,7,0.0112,-1
10,42737,517.00,312.00,21.00,13.00,1,7,1.0000,-1
10,49500,536.00,390.00,3.00,4.00,1,7,0.1007,-1
11,69320,669.00,304.00,32.00,73.00,1,1,0.2480,-1
11,95985,483.00,334.00,115.00,56.00,1,1,0.9998,-1
11,77225,910.00,259.00,20.00,26.00,1,7,0.7495,-1
11,84569,877.00,237.00,30.00,25.00,1,1,0.6565,-1
11,88443,948.00,239.00,51.00,35.00,1,1,0.8483,-1
11,51376,962.00,318.00,21.00,17.00,1,1,1.0000,-1
11,25061,556.00,333.00,0.00,1.00,1,7,0.0235,-1
11,42737,514.00,312.00,21.00,13.00,1,7,1.0000,-1
11,49500,534.00,390.00,2.00,4.00,1,7,0.0876,-1
12,69320,659.00,304.00,33.00,74.00,1,1,0.2676,-1
12,95985,474.00,334.00,114.00,56.00,1,1,0.9998,-1
12,77225,908.00,259.00,19.00,26.00,1,7,0.7528,-1
12,84569,875.00,237.00,29.00,25.00,1,1,0.6548,-1
12,88443,945.00,239.00,51.00,36.00,1,1,0.8511,-1
12,51376,959.00,319.00,21.00,16.00,1,1,1.0000,-1
12,25061,553.00,332.00,1.00,3.00,1,7,0.0652,-1
12,42737,511.00,312.00,21.00,13.00,1,7,1.0000,-1
12,49500,531.00,389.00,2.00,5.00,1,7,0.0929,-1
13,69320,648.00,304.00,35.00,75.00,1,1,0.2816,-1
13,95985,464.00,334.00,114.00,56.00,1,1,0.9996,-1
13,77225,905.00,259.00,20.00,27.00,1,7,0.7489,-1
13,84569,872.00,238.00,29.00,25.00,1,1,0.6518,-1
13,88443,943.00,240.00,51.00,35.00,1,1,0.8518,-1
13,51376,956.00,319.00,21.00,16.00,1,1,1.0000,-1
13,25061,550.00,332.00,2.00,6.00,1,7,0.1556,-1
13,42737,508.00,312.00,21.00,13.00,1,7,1.0000,-1
13,49500,528.00,388.00,3.00,6.00,1,7,0.1000,-1
14,69320,638.00,304.00,37.00,76.00,1,1,0.2959,-1
14,95985,455.00,334.00,112.00,57.00,1,1,0.9993,-1
14,77225,903.00,260.00,19.00,26.00,1,7,0.7534,-1
14,84569,869.00,238.00,30.00,25.00,1,1,0.6611,-1
14,88443,940.00,240.00,51.00,36.00,1,1,0.8535,-1
14,51376,953.00,320.00,22.00,16.00,1,1,1.0000,-1
14,25061,546.00,333.00,4.00,8.00,1,7,0.3068,-1
14,42737,505.00,312.00,21.00,13.00,1,7,1.0000,-1
14,49500,526.00,388.00,2.00,6.00,1,7,0.1095,-1
15,69320,628.00,304.00,38.00,76.00,1,1,0.3096,-1
15,95985,446.00,334.00,111.00,57.00,1,1,0.9993,-1
15,77225,900.00,260.00,20.00,27.00,1,7,0.7433,-1
15,84569,867.00,238.00,29.00,25.00,1,1,0.6555,-1
15,88443,937.00,241.00,51.00,35.00,1,1,0.8580,-1
15,51376,950.00,320.00,22.00,16.00,1,1,1.0000,-1
15,25061,543.00,332.00,4.00,10.00,1,7,0.3846,-1
15,42737,502.00,312.00,21.00,13.00,1,7,1.0000,-1
15,49500,523.00,387.00,2.00,7.00,1,7,0.1176,-1
16,69320,618.00,304.00,39.00,76.00,1,1,0.3227,-1
16,95985,437.00,334.00,110.00,57.00,1,1,0.9989,-1
16,77225,898.00,261.00,19.00,26.00,1,7,0.7422,-1
16,84569,864.00,239.00,29.00,25.00,1,1,0.6548,-1
16,88443,935.00,242.00,51.00,35.00,1,1,0.8588,-1
16,51376,948.00,321.00,21.00,16.00,1,1,1.0000,-1
16,25061,541.00,332.00,3.00,10.00,1,7,0.3483,-1
16,42737,500.00,312.00,21.00,13.00,1,7,1.0000,-1
16,49500,520.00,388.00,2.00,5.00,1,7,0.0949,-1
17,69320,558.00,304.00,90.00,77.00,1,1,0.3371,-1
17,95985,427.00,334.00,110.00,57.00,1,1,0.9989,-1
17,77225,896.00,262.00,19.00,26.00,1,7,0.7354,-1
17,84569,861.00,239.00,29.00,26.00,1,1,0.6524,-1
17,88443,932.00,242.00,51.00,35.00,1,1,0.8623,-1
17,51376,945.00,322.00,21.00,16.00,1,1,1.0000,-1
17,42737,497.00,312.00,21.00,14.00,1,7,1.0000,-1
17,49500,518.00,388.00,2.00,6.00,1,7,0.1103,-1
18,69320,548.00,304.00,91.00,77.00,1,1,0.3490,-1
18,95985,418.00,334.00,109.00,56.00,1,1,0.9987,-1
18,77225,893.00,262.00,19.00,26.00,1,7,0.7427,-1
18,84569,859.00,240.00,29.00,25.00,1,1,0.6699,-1
18,88443,929.00,243.00,51.00,35.00,1,1,0.8645,-1
18,51376,942.00,322.00,21.00,16.00,1,1,1.0000,-1
18,42737,494.00,312.00,21.00,13.00,1,7,1.0000,-1
18,49500,515.00,387.00,2.00,7.00,1,7,0.1185,-1
19,69320,588.00,304.00,43.00,78.00,1,1,0.3609,-1
19,95985,409.00,334.00,108.00,56.00,1,1,0.9982,-1
19,77225,891.00,263.00,19.00,26.00,1,7,0.7342,-1
19,84569,856.00,240.00,29.00,25.00,1,1,0.6580,-1
19,88443,927.00,243.00,50.00,35.00,1,1,0.8664,-1
19,51376,939.00,323.00,21.00,16.00,1,1,1.0000,-1
19,42737,491.00,312.00,19.00,13.00,1,7,0.9208,-1
19,49500,512.00,388.00,2.00,6.00,1,7,0.1037,-1
20,69320,578.00,304.00,44.00,78.00,1,1,0.3726,-1
20,95985,400.00,334.00,106.00,56.00,1,1,0.9977,-1
20,77225,888.00,263.00,19.00,26.00,1,7,0.7392,-1
20,84569,853.00,240.00,29.00,26.00,1,1,0.6539,-1
20,88443,924.00,244.00,51.00,35.00,1,1,0.8671,-1
20,51376,936.00,323.00,21.00,16.00,1,1,1.0000,-1
20,42737,489.00,312.00,11.00,13.00,1,7,0.5210,-1
21,69320,567.00,304.00,46.00,79.00,1,1,0.3861,-1
21,95985,390.00,334.00,106.00,56.00,1,1,0.9973,-1
21,77225,886.00,263.00,18.00,26.00,1,7,0.7347,-1
21,84569,851.00,241.00,28.00,25.00,1,1,0.6595,-1
21,88443,921.00,244.00,51.00,35.00,1,1,0.8701,-1
21,51376,933.00,323.00,22.00,17.00,1,1,1.0000,-1
21,42737,486.00,314.00,4.00,10.00,1,7,0.1176,-1
22,69320,557.00,304.00,47.00,79.00,1,1,0.3976,-1
22,95985,381.00,334.00,105.00,56.00,1,1,0.9970,-1
22,77225,883.00,263.00,19.00,26.00,1,7,0.7285,-1
22,84569,848.00,241.00,29.00,25.00,1,1,0.6667,-1
22,88443,918.00,244.00,51.00,35.00,1,1,0.8716,-1
22,51376,931.00,323.00,21.00,17.00,1,1,1.0000,-1
23,69320,493.00,304.00,102.00,79.00,1,1,0.4093,-1
23,95985,372.00,334.00,103.00,56.00,1,1,0.9961,-1
23,77225,881.00,263.00,18.00,26.00,1,7,0.7321,-1
23,84569,845.00,241.00,29.00,25.00,1,1,0.6627,-1
23,88443,916.00,244.00,50.00,35.00,1,1,0.8758,-1
23,51376,928.00,324.00,21.00,16.00,1,1,1.0000,-1
24,69320,482.00,303.00,104.00,80.00,1,1,0.4199,-1
24,95985,362.00,334.00,103.00,56.00,1,1,0.9958,-1
24,77225,878.00,263.00,18.00,26.00,1,7,0.7241,-1
24,84569,842.00,241.00,29.00,25.00,1,1,0.6667,-1
24,88443,913.00,244.00,50.00,35.00,1,1,0.8775,-1
24,51376,925.00,323.00,21.00,17.00,1,1,1.0000,-1
25,69320,526.00,303.00,51.00,80.00,1,1,0.4317,-1
25,95985,353.00,334.00,101.00,56.00,1,1,0.9944,-1
25,77225,875.00,263.00,18.00,26.00,1,7,0.7241,-1
25,84569,839.00,241.00,29.00,25.00,1,1,0.6699,-1
25,88443,910.00,244.00,50.00,35.00,1,1,0.8760,-1
25,51376,922.00,323.00,21.00,16.00,1,1,1.0000,-1
26,69320,515.00,303.00,53.00,81.00,1,1,0.4418,-1
26,95985,343.00,334.00,101.00,56.00,1,1,0.9940,-1
26,77225,873.00,263.00,18.00,26.00,1,7,0.7166,-1
26,84569,836.00,240.00,29.00,26.00,1,1,0.6707,-1
26,88443,907.00,244.00,50.00,35.00,1,1,0.8817,-1
26,51376,919.00,323.00,20.00,16.00,1,7,1.0000,-1
27,69320,505.00,303.00,54.00,81.00,1,1,0.4528,-1
27,95985,333.00,334.00,100.00,56.00,1,1,0.9932,-1
27,77225,870.00,262.00,18.00,27.00,1,7,0.7182,-1
27,84569,833.00,240.00,28.00,25.00,1,1,0.6724,-1
27,88443,904.00,243.00,50.00,35.00,1,1,0.8832,-1
27,51376,916.00,322.00,21.00,17.00,1,1,1.0000,-1
28,69320,494.00,303.00,56.00,80.00,1,1,0.4632,-1
28,95985,324.00,334.00,98.00,56.00,1,1,0.9922,-1
28,77225,867.00,262.00,18.00,26.00,1,7,0.7209,-1
28,84569,830.00,240.00,28.00,25.00,1,1,0.6741,-1
28,88443,901.00,243.00,50.00,35.00,1,1,0.8872,-1
28,51376,913.00,322.00,20.00,16.00,1,7,1.0000,-1
29,69320,426.00,303.00,115.00,81.00,1,1,0.4734,-1
29,95985,314.00,334.00,98.00,56.00,1,1,0.9910,-1
29,77225,864.00,262.00,18.00,26.00,1,7,0.7183,-1
29,84569,827.00,239.00,28.00,26.00,1,1,0.6756,-1
29,88443,898.00,242.00,49.00,35.00,1,1,0.8900,-1
29,51376,910.00,321.00,20.00,17.00,1,7,1.0000,-1
30,69320,473.00,303.00,58.00,81.00,1,1,0.4823,-1
30,95985,304.00,334.00,97.00,57.00,1,1,0.9900,-1
30,77225,861.00,261.00,18.00,26.00,1,7,0.7116,-1
30,84569,824.00,239.00,28.00,25.00,1,1,0.6675,-1
30,88443,895.00,242.00,49.00,35.00,1,1,0.8916,-1
30,51376,907.00,321.00,20.00,16.00,1,7,1.0000,-1
30,49500,483.00,388.00,1.00,6.00,1,7,0.0916,-1
31,69320,462.00,303.00,60.00,81.00,1,1,0.4912,-1
31,95985,295.00,334.00,95.00,57.00,1,1,0.9886,-1
31,77225,859.00,260.00,17.00,27.00,1,7,0.7045,-1
31,84569,821.00,238.00,28.00,26.00,1,1,0.6748,-1
31,88443,892.00,241.00,49.00,35.00,1,1,0.8933,-1
31,51376,903.00,320.00,21.00,16.00,1,1,1.0000,-1
31,49500,480.00,388.00,1.00,5.00,1,7,0.0763,-1
32,69320,451.00,303.00,62.00,82.00,1,1,0.4997,-1
32,95985,285.00,335.00,94.00,56.00,1,1,0.9871,-1
32,77225,856.00,260.00,17.00,26.00,1,7,0.7092,-1
32,84569,817.00,238.00,29.00,25.00,1,1,0.6880,-1
32,88443,889.00,240.00,48.00,36.00,1,1,0.8954,-1
32,51376,901.00,320.00,20.00,16.00,1,7,1.0000,-1
32,49500,477.00,388.00,2.00,6.00,1,7,0.0938,-1
33,69320,441.00,303.00,63.00,82.00,1,1,0.5082,-1
33,95985,275.00,335.00,93.00,56.00,1,1,0.9856,-1
33,77225,853.00,260.00,17.00,26.00,1,7,0.7016,-1
33,84569,814.00,237.00,28.00,26.00,1,1,0.6872,-1
33,88443,886.00,240.00,49.00,35.00,1,1,0.8989,-1
33,51376,897.00,319.00,21.00,16.00,1,1,1.0000,-1
33,49500,474.00,388.00,2.00,6.00,1,7,0.1008,-1
34,69320,430.00,303.00,65.00,82.00,1,1,0.5160,-1
34,95985,265.00,335.00,93.00,56.00,1,1,0.9834,-1
34,77225,850.00,259.00,17.00,26.00,1,7,0.6988,-1
34,84569,811.00,237.00,28.00,25.00,1,1,0.6773,-1
34,88443,882.00,240.00,49.00,35.00,1,1,0.8995,-1
34,51376,894.00,319.00,21.00,16.00,1,1,1.0000,-1
34,25061,495.00,338.00,0.00,3.00,1,7,0.0440,-1
34,49500,472.00,388.00,1.00,6.00,1,7,0.0866,-1
35,69320,419.00,303.00,67.00,83.00,1,1,0.5230,-1
35,95985,256.00,335.00,91.00,57.00,1,1,0.9797,-1
35,77225,847.00,259.00,17.00,26.00,1,7,0.6974,-1
35,84569,808.00,237.00,28.00,25.00,1,1,0.6732,-1
35,88443,880.00,239.00,48.00,36.00,1,1,0.9030,-1
35,51376,891.00,319.00,21.00,16.00,1,1,1.0000,-1
35,25061,487.00,331.00,5.00,11.00,1,7,0.5730,-1
35,49500,469.00,388.00,1.00,6.00,1,7,0.0781,-1
36,69320,409.00,303.00,68.00,83.00,1,1,0.5304,-1
36,95985,246.00,335.00,90.00,57.00,1,1,0.9760,-1
36,77225,845.00,259.00,17.00,26.00,1,7,0.6896,-1
36,84569,805.00,237.00,28.00,25.00,1,1,0.6765,-1
36,88443,877.00,239.00,48.00,35.00,1,1,0.9049,-1
36,51376,888.00,319.00,21.00,16.00,1,1,1.0000,-1
36,25061,484.00,330.00,5.00,12.00,1,7,0.5667,-1
36,49500,466.00,388.00,2.00,6.00,1,7,0.0880,-1
37,69320,398.00,304.00,70.00,82.00,1,1,0.5369,-1
37,95985,236.00,335.00,89.00,57.00,1,1,0.9713,-1
37,77225,842.00,259.00,17.00,26.00,1,7,0.6952,-1
37,84569,802.00,237.00,28.00,25.00,1,1,0.6815,-1
37,88443,874.00,239.00,48.00,35.00,1,1,0.9063,-1
37,51376,885.00,319.00,21.00,16.00,1,1,1.0000,-1
37,25061,482.00,330.00,4.00,12.00,1,7,0.5455,-1
37,42737,446.00,312.00,10.00,5.00,1,7,0.0917,-1
37,49500,464.00,388.00,1.00,6.00,1,7,0.0960,-1
38,69320,388.00,303.00,71.00,83.00,1,1,0.5440,-1
38,95985,227.00,335.00,88.00,57.00,1,1,0.9656,-1
38,77225,840.00,259.00,16.00,26.00,1,7,0.6890,-1
38,84569,800.00,237.00,27.00,25.00,1,1,0.6791,-1
38,88443,871.00,239.00,48.00,36.00,1,1,0.9068,-1
38,51376,883.00,319.00,20.00,16.00,1,7,1.0000,-1
38,25061,479.00,330.00,5.00,12.00,1,7,0.5914,-1
38,42737,438.00,312.00,16.00,12.00,1,7,0.3509,-1
38,49500,461.00,388.00,1.00,6.00,1,7,0.0866,-1
39,69320,377.00,304.00,74.00,82.00,1,1,0.5517,-1
39,95985,217.00,335.00,87.00,57.00,1,1,0.9597,-1
39,77225,837.00,259.00,16.00,26.00,1,7,0.6859,-1
39,84569,797.00,237.00,27.00,25.00,1,1,0.6825,-1
39,88443,868.00,240.00,48.00,35.00,1,1,0.9127,-1
39,51376,880.00,319.00,20.00,16.00,1,7,1.0000,-1
39,25061,476.00,330.00,5.00,12.00,1,7,0.6067,-1
39,42737,433.00,312.00,18.00,14.00,1,7,0.6564,-1
39,49500,458.00,388.00,1.00,6.00,1,7,0.0794,-1
40,69320,367.00,303.00,75.00,83.00,1,1,0.5576,-1
40,95985,208.00,335.00,85.00,57.00,1,1,0.9536,-1
40,77225,834.00,259.00,17.00,27.00,1,7,0.6819,-1
40,84569,794.00,237.00,28.00,26.00,1,1,0.6923,-1
40,88443,865.00,240.00,49.00,35.00,1,1,0.9135,-1
40,51376,877.00,319.00,20.00,16.00,1,7,1.0000,-1
40,25061,473.00,330.00,5.00,12.00,1,7,0.5977,-1
40,42737,429.00,312.00,20.00,14.00,1,7,0.9211,-1
40,49500,455.00,388.00,2.00,6.00,1,7,0.0880,-1
41,69320,357.00,303.00,77.00,83.00,1,1,0.5638,-1
41,95985,198.00,335.00,85.00,56.00,1,1,0.9479,-1
41,77225,832.00,260.00,16.00,26.00,1,7,0.6794,-1
41,84569,791.00,238.00,28.00,25.00,1,1,0.6933,-1
41,88443,863.00,240.00,48.00,35.00,1,1,0.9151,-1
41,51376,874.00,320.00,20.00,16.00,1,7,1.0000,-1
41,25061,471.00,330.00,5.00,12.00,1,7,0.6044,-1
41,42737,426.00,312.00,20.00,14.00,1,7,1.0000,-1
41,49500,453.00,388.00,1.00,6.00,1,7,0.0902,-1
42,69320,346.00,303.00,79.00,83.00,1,1,0.5705,-1
42,95985,188.00,335.00,84.00,56.00,1,1,0.9405,-1
42,77225,830.00,260.00,16.00,26.00,1,7,0.6780,-1
42,84569,789.00,238.00,27.00,25.00,1,1,0.6985,-1
42,88443,860.00,241.00,48.00,35.00,1,1,0.9167,-1
42,51376,871.00,320.00,20.00,16.00,1,7,1.0000,-1
42,25061,468.00,330.00,5.00,12.00,1,7,0.6264,-1
42,42737,423.00,312.00,20.00,14.00,1,7,1.0000,-1
42,49500,450.00,388.00,1.00,5.00,1,7,0.0640,-1
43,69320,271.00,303.00,146.00,82.00,1,1,0.5762,-1
43,95985,179.00,335.00,83.00,56.00,1,1,0.9324,-1
43,77225,827.00,261.00,16.00,26.00,1,7,0.6771,-1
43,84569,786.00,238.00,27.00,26.00,1,1,0.6883,-1
43,88443,858.00,241.00,47.00,35.00,1,1,0.9182,-1
43,51376,868.00,321.00,20.00,16.00,1,7,1.0000,-1
43,25061,465.00,330.00,6.00,12.00,1,7,0.6264,-1
43,42737,421.00,312.00,19.00,14.00,1,7,1.0000,-1
43,49500,447.00,388.00,2.00,6.00,1,7,0.0873,-1
44,69320,326.00,303.00,82.00,82.00,1,1,0.5811,-1
44,95985,169.00,334.00,82.00,56.00,1,1,0.9246,-1
44,77225,825.00,261.00,16.00,26.00,1,7,0.6723,-1
44,84569,783.00,239.00,28.00,25.00,1,1,0.7010,-1
44,88443,855.00,242.00,48.00,35.00,1,1,0.9240,-1
44,51376,865.00,321.00,20.00,16.00,1,7,1.0000,-1
44,25061,463.00,330.00,5.00,12.00,1,7,0.6517,-1
44,42737,418.00,312.00,19.00,13.00,1,7,1.0000,-1
44,49500,445.00,388.00,1.00,6.00,1,7,0.0880,-1
45,69320,316.00,303.00,84.00,82.00,1,1,0.5866,-1
45,95985,160.00,334.00,81.00,56.00,1,1,0.9158,-1
45,77225,822.00,262.00,16.00,26.00,1,7,0.6723,-1
45,84569,781.00,239.00,27.00,26.00,1,1,0.7032,-1
45,88443,852.00,242.00,48.00,35.00,1,1,0.9237,-1
45,51376,863.00,321.00,20.00,17.00,1,7,1.0000,-1
45,25061,460.00,329.00,5.00,13.00,1,7,0.6517,-1
45,42737,415.00,312.00,19.00,13.00,1,7,1.0000,-1
45,49500,442.00,388.00,1.00,5.00,1,7,0.0640,-1
46,69320,305.00,303.00,86.00,82.00,1,1,0.5933,-1
46,95985,150.00,333.00,81.00,57.00,1,1,0.9064,-1
46,77225,820.00,262.00,16.00,26.00,1,7,0.6691,-1
46,84569,778.00,240.00,27.00,25.00,1,1,0.7041,-1
46,88443,849.00,243.00,48.00,35.00,1,1,0.9211,-1
46,51376,860.00,322.00,20.00,16.00,1,7,1.0000,-1
46,25061,457.00,330.00,6.00,12.00,1,7,0.6739,-1
46,42737,412.00,312.00,20.00,13.00,1,7,1.0000,-1
46,49500,440.00,388.00,1.00,5.00,1,7,0.0640,-1
47,69320,228.00,302.00,155.00,83.00,1,1,0.5996,-1
47,95985,141.00,333.00,79.00,56.00,1,1,0.8977,-1
47,77225,817.00,262.00,16.00,26.00,1,7,0.6634,-1
47,84569,775.00,240.00,28.00,25.00,1,1,0.6954,-1
47,88443,847.00,243.00,47.00,35.00,1,1,0.9246,-1
47,51376,857.00,322.00,20.00,17.00,1,7,1.0000,-1
47,25061,455.00,329.00,5.00,13.00,1,7,0.6630,-1
47,42737,410.00,312.00,19.00,13.00,1,7,1.0000,-1
47,49500,437.00,388.00,1.00,5.00,1,7,0.0720,-1
48,69320,285.00,302.00,89.00,82.00,1,1,0.6032,-1
48,95985,131.00,333.00,79.00,56.00,1,1,0.8873,-1
48,77225,815.00,263.00,16.00,26.00,1,7,0.6617,-1
48,84569,773.00,240.00,27.00,26.00,1,1,0.6982,-1
48,88443,844.00,244.00,48.00,34.00,1,1,0.9274,-1
48,51376,854.00,323.00,20.00,16.00,1,7,1.0000,-1
48,25061,452.00,329.00,5.00,13.00,1,7,0.6818,-1
48,42737,407.00,312.00,19.00,13.00,1,7,1.0000,-1
48,49500,434.00,388.00,1.00,5.00,1,7,0.0656,-1
49,69320,274.00,302.00,92.00,82.00,1,1,0.6085,-1
49,95985,121.00,333.00,78.00,56.00,1,1,0.8764,-1
49,77225,812.00,263.00,16.00,26.00,1,7,0.6593,-1
49,84569,770.00,240.00,27.00,26.00,1,1,0.7190,-1
49,88443,842.00,244.00,47.00,35.00,1,1,0.9267,-1
49,51376,851.00,323.00,20.00,16.00,1,7,1.0000,-1
49,25061,449.00,329.00,6.00,13.00,1,7,0.6957,-1
49,42737,404.00,312.00,19.00,13.00,1,7,1.0000,-1
49,49500,432.00,388.00,0.00,5.00,1,7,0.0508,-1
50,69320,264.00,302.00,93.00,82.00,1,1,0.6131,-1
50,95985,112.00,332.00,76.00,56.00,1,1,0.8652,-1
50,77225,810.00,263.00,15.00,26.00,1,7,0.6567,-1
50,84569,767.00,240.00,27.00,26.00,1,1,0.7136,-1
50,88443,839.00,244.00,47.00,35.00,1,1,0.9327,-1
50,51376,848.00,323.00,20.00,16.00,1,7,1.0000,-1
50,25061,446.00,329.00,6.00,13.00,1,7,0.7222,-1
50,42737,401.00,312.00,19.00,13.00,1,7,1.0000,-1
50,49500,429.00,388.00,1.00,5.00,1,7,0.0579,-1
51,69320,253.00,302.00,96.00,82.00,1,1,0.6183,-1
51,95985,102.00,332.00,76.00,56.00,1,1,0.8534,-1
51,77225,807.00,263.00,16.00,26.00,1,7,0.6495,-1
51,84569,764.00,240.00,27.00,26.00,1,1,0.7179,-1
51,88443,836.00,244.00,47.00,35.00,1,1,0.9299,-1
51,51376,845.00,323.00,20.00,16.00,1,7,1.0000,-1
51,25061,444.00,329.00,5.00,12.00,1,7,0.6854,-1
51,42737,398.00,312.00,19.00,13.00,1,7,1.0000,-1
51,49500,426.00,389.00,1.00,4.00,1,7,0.0661,-1
52,69320,243.00,302.00,97.00,82.00,1,1,0.6231,-1
52,95985,92.00,332.00,75.00,56.00,1,1,0.8416,-1
52,77225,805.00,263.00,15.00,26.00,1,7,0.6452,-1
52,84569,761.00,240.00,27.00,26.00,1,1,0.7128,-1
52,88443,833.00,244.00,47.00,35.00,1,1,0.9331,-1
52,51376,842.00,323.00,20.00,16.00,1,7,1.0000,-1
52,25061,441.00,329.00,6.00,13.00,1,7,0.7065,-1
52,42737,395.00,312.00,19.00,13.00,1,7,1.0000,-1
52,49500,423.00,388.00,1.00,5.00,1,7,0.0588,-1
53,69320,232.00,302.00,100.00,82.00,1,1,0.6275,-1
53,95985,82.00,332.00,74.00,57.00,1,1,0.8295,-1
53,77225,802.00,263.00,15.00,26.00,1,7,0.6459,-1
53,84569,758.00,240.00,27.00,26.00,1,1,0.7121,-1
53,88443,830.00,244.00,47.00,34.00,1,1,0.9364,-1
53,51376,839.00,323.00,20.00,16.00,1,7,1.0000,-1
53,25061,438.00,329.00,6.00,13.00,1,7,0.7283,-1
53,42737,392.00,312.00,19.00,13.00,1,7,1.0000,-1
53,49500,421.00,388.00,0.00,4.00,1,7,0.0424,-1
54,69320,221.00,302.00,102.00,82.00,1,1,0.6322,-1
54,95985,72.00,333.00,73.00,56.00,1,1,0.8153,-1
54,77225,799.00,262.00,15.00,27.00,1,7,0.6427,-1
54,84569,755.00,240.00,27.00,25.00,1,1,0.7018,-1
54,88443,827.00,243.00,47.00,35.00,1,1,0.9383,-1
54,51376,836.00,323.00,20.00,16.00,1,7,1.0000,-1
54,25061,435.00,329.00,6.00,13.00,1,7,0.7473,-1
54,42737,389.00,312.00,19.00,13.00,1,7,1.0000,-1
54,49500,418.00,388.00,1.00,4.00,1,7,0.0496,-1
55,69320,211.00,302.00,104.00,83.00,1,1,0.6360,-1
55,95985,62.00,333.00,72.00,56.00,1,1,0.8025,-1
55,77225,796.00,262.00,15.00,26.00,1,7,0.6409,-1
55,84569,752.00,240.00,27.00,25.00,1,1,0.7121,-1
55,88443,824.00,243.00,47.00,35.00,1,1,0.9364,-1
55,51376,833.00,322.00,20.00,16.00,1,7,1.0000,-1
55,25061,432.00,329.00,6.00,13.00,1,7,0.7444,-1
55,42737,386.00,312.00,19.00,13.00,1,7,1.0000,-1
55,49500,415.00,390.00,1.00,3.00,1,7,0.0500,-1
56,69320,129.00,302.00,177.00,83.00,1,1,0.6406,-1
56,95985,52.00,333.00,71.00,57.00,1,1,0.7882,-1
56,77225,794.00,262.00,14.00,26.00,1,7,0.6338,-1
56,84569,749.00,239.00,27.00,26.00,1,1,0.7128,-1
56,88443,822.00,242.00,45.00,35.00,1,1,0.9384,-1
56,51376,830.00,322.00,20.00,16.00,1,7,1.0000,-1
56,25061,429.00,329.00,6.00,13.00,1,7,0.7614,-1
56,42737,383.00,312.00,19.00,13.00,1,7,1.0000,-1
56,49500,412.00,389.00,1.00,4.00,1,7,0.0492,-1
57,69320,189.00,303.00,109.00,82.00,1,1,0.6449,-1
57,95985,42.00,334.00,71.00,56.00,1,1,0.7747,-1
57,77225,791.00,261.00,14.00,26.00,1,7,0.6256,-1
57,84569,746.00,239.00,27.00,25.00,1,1,0.7209,-1
57,88443,818.00,242.00,46.00,35.00,1,1,0.9421,-1
57,51376,827.00,321.00,20.00,16.00,1,7,1.0000,-1
57,25061,426.00,329.00,7.00,13.00,1,7,0.7717,-1
57,42737,380.00,312.00,19.00,13.00,1,7,1.0000,-1
57,49500,410.00,388.00,0.00,5.00,1,7,0.0500,-1
58,69320,178.00,303.00,111.00,82.00,1,1,0.6489,-1
58,95985,32.00,334.00,70.00,57.00,1,1,0.7599,-1
58,77225,788.00,261.00,15.00,26.00,1,7,0.6316,-1
58,84569,743.00,239.00,26.00,25.00,1,1,0.7176,-1
58,88443,816.00,242.00,45.00,35.00,1,1,0.9401,-1
58,51376,824.00,321.00,20.00,16.00,1,7,1.0000,-1
58,25061,424.00,329.00,6.00,13.00,1,7,0.7742,-1
58,42737,377.00,312.00,19.00,14.00,1,7,1.0000,-1
58,49500,407.00,389.00,0.00,3.00,1,7,0.0339,-1
59,69320,167.00,304.00,114.00,82.00,1,1,0.6530,-1
59,95985,22.00,335.00,69.00,56.00,1,1,0.7468,-1
59,77225,785.00,260.00,14.00,27.00,1,7,0.6247,-1
59,84569,740.00,238.00,26.00,26.00,1,1,0.7165,-1
59,88443,812.00,241.00,46.00,35.00,1,1,0.9446,-1
59,51376,821.00,320.00,20.00,16.00,1,7,1.0000,-1
59,25061,421.00,329.00,6.00,13.00,1,7,0.7935,-1
59,42737,374.00,312.00,19.00,14.00,1,7,1.0000,-1
59,49500,404.00,390.00,1.00,2.00,1,7,0.0254,-1
60,69320,156.00,304.00,116.00,82.00,1,1,0.6556,-1
60,95985,12.00,336.00,68.00,56.00,1,1,0.7318,-1
60,77225,782.00,260.00,15.00,26.00,1,7,0.6272,-1
60,84569,737.00,238.00,26.00,25.00,1,1,0.7285,-1
60,88443,809.00,241.00,46.00,35.00,1,1,0.9434,-1
60,51376,818.00,320.00,20.00,16.00,1,7,1.0000,-1
60,25061,418.00,330.00,6.00,12.00,1,7,0.7955,-1
60,42737,371.00,313.00,18.00,13.00,1,7,1.0000,-1
60,49500,401.00,391.00,1.00,3.00,1,7,0.0417,-1
61,69320,146.00,304.00,118.00,83.00,1,1,0.6596,-1
61,95985,2.00,336.00,67.00,56.00,1,1,0.7170,-1
61,77225,780.00,260.00,14.00,26.00,1,7,0.6122,-1
61,84569,734.00,238.00,26.00,25.00,1,1,0.7356,-1
61,88443,807.00,240.00,44.00,35.00,1,1,0.9451,-1
61,51376,815.00,320.00,20.00,16.00,1,7,1.0000,-1
61,25061,415.00,330.00,6.00,12.00,1,7,0.7955,-1
61,42737,368.00,313.00,18.00,13.00,1,7,1.0000,-1
61,49500,399.00,391.00,0.00,2.00,1,7,0.0261,-1
62,69320,135.00,305.00,120.00,82.00,1,1,0.6635,-1
62,95985,0.00,337.00,58.00,56.00,1,1,0.6880,-1
62,77225,777.00,260.00,14.00,26.00,1,7,0.6164,-1
62,84569,731.00,237.00,26.00,26.00,1,1,0.7325,-1
62,88443,804.00,240.00,44.00,35.00,1,1,0.9460,-1
62,51376,812.00,319.00,20.00,16.00,1,7,1.0000,-1
62,25061,412.00,330.00,6.00,12.00,1,7,0.8000,-1
62,42737,365.00,313.00,18.00,13.00,1,7,1.0000,-1
62,49500,396.00,390.00,0.00,2.00,1,7,0.0256,-1
63,69320,50.00,305.00,197.00,82.00,1,1,0.6663,-1
63,95985,0.00,337.00,47.00,56.00,1,1,0.6363,-1
63,77225,774.00,259.00,14.00,27.00,1,7,0.6189,-1
63,84569,728.00,237.00,26.00,26.00,1,1,0.7325,-1
63,88443,801.00,240.00,44.00,35.00,1,1,0.9479,-1
63,51376,809.00,319.00,20.00,16.00,1,7,1.0000,-1
63,25061,409.00,330.00,7.00,13.00,1,7,0.7957,-1
63,42737,362.00,313.00,18.00,13.00,1,7,1.0000,-1
63,49500,393.00,391.00,0.00,1.00,1,7,0.0172,-1
64,69320,114.00,305.00,125.00,82.00,1,1,0.6695,-1
64,95985,0.00,337.00,36.00,56.00,1,1,0.5608,-1
64,77225,771.00,259.00,14.00,27.00,1,7,0.6118,-1
64,84569,725.00,237.00,26.00,26.00,1,1,0.7304,-1
64,88443,798.00,240.00,44.00,35.00,1,1,0.9486,-1
64,51376,806.00,319.00,20.00,16.00,1,7,1.0000,-1
64,25061,406.00,330.00,7.00,13.00,1,7,0.8261,-1
64,42737,359.00,313.00,18.00,13.00,1,7,1.0000,-1
64,49500,390.00,391.00,1.00,2.00,1,7,0.0169,-1
65,69320,103.00,305.00,128.00,82.00,1,1,0.6731,-1
65,95985,0.00,337.00,25.00,56.00,1,1,0.4465,-1
65,77225,769.00,259.00,13.00,27.00,1,7,0.6061,-1
65,84569,722.00,237.00,26.00,26.00,1,1,0.7318,-1
65,88443,795.00,240.00,44.00,35.00,1,1,0.9521,-1
65,51376,803.00,319.00,20.00,16.00,1,7,1.0000,-1
65,25061,403.00,330.00,7.00,12.00,1,7,0.8315,-1
65,42737,356.00,313.00,18.00,13.00,1,7,1.0000,-1
65,49500,388.00,392.00,0.00,1.00,1,7,0.0175,-1
66,69320,93.00,305.00,129.00,82.00,1,1,0.6758,-1
66,95985,0.00,337.00,15.00,55.00,1,7,0.2574,-1
66,77225,766.00,259.00,14.00,27.00,1,7,0.6057,-1
66,84569,719.00,237.00,26.00,26.00,1,1,0.7435,-1
66,88443,792.00,240.00,44.00,35.00,1,1,0.9501,-1
66,51376,800.00,319.00,20.00,16.00,1,7,1.0000,-1
66,25061,401.00,329.00,6.00,13.00,1,7,0.8427,-1
66,42737,353.00,313.00,18.00,13.00,1,7,1.0000,-1
66,49500,385.00,390.00,0.00,2.00,1,7,0.0259,-1
67,69320,6.00,305.00,208.00,82.00,1,1,0.6789,-1
67,95985,0.00,372.00,4.00,18.00,1,7,0.0403,-1
67,77225,764.00,260.00,13.00,26.00,1,7,0.5969,-1
67,84569,716.00,238.00,26.00,25.00,1,1,0.7428,-1
67,88443,789.00,240.00,45.00,35.00,1,1,0.9529,-1
67,51376,797.00,319.00,20.00,17.00,1,7,1.0000,-1
67,25061,398.00,330.00,7.00,13.00,1,7,0.8511,-1
67,42737,350.00,313.00,18.00,13.00,1,7,1.0000,-1
67,49500,382.00,391.00,0.00,1.00,1,7,0.0172,-1
68,69320,72.00,305.00,134.00,82.00,1,1,0.6849,-1
68,77225,761.00,260.00,14.00,26.00,1,7,0.5943,-1
68,84569,713.00,238.00,26.00,25.00,1,1,0.7460,-1
68,88443,787.00,240.00,43.00,35.00,1,1,0.9526,-1
68,51376,794.00,320.00,20.00,16.00,1,7,1.0000,-1
68,25061,395.00,329.00,7.00,13.00,1,7,0.8556,-1
68,42737,347.00,313.00,18.00,13.00,1,7,1.0000,-1
68,49500,380.00,393.00,0.00,0.00,1,7,0.0088,-1
69,69320,62.00,304.00,136.00,83.00,1,1,0.6951,-1
69,77225,759.00,260.00,13.00,26.00,1,7,0.5974,-1
69,84569,711.00,238.00,25.00,25.00,1,1,0.7493,-1
69,88443,784.00,241.00,44.00,35.00,1,1,0.9570,-1
69,51376,791.00,320.00,20.00,16.00,1,7,1.0000,-1
69,25061,393.00,329.00,6.00,13.00,1,7,0.8556,-1
69,42737,344.00,313.00,19.00,13.00,1,7,1.0000,-1
69,49500,377.00,391.00,0.00,1.00,1,7,0.0175,-1
70,69320,51.00,304.00,139.00,82.00,1,1,0.7090,-1
70,77225,756.00,260.00,13.00,27.00,1,7,0.5917,-1
70,84569,708.00,238.00,26.00,26.00,1,1,0.7407,-1
70,88443,782.00,241.00,43.00,35.00,1,1,0.9581,-1
70,51376,788.00,320.00,20.00,17.00,1,7,1.0000,-1
70,25061,390.00,329.00,7.00,13.00,1,7,0.8710,-1
70,42737,342.00,312.00,18.00,14.00,1,7,1.0000,-1
70,49500,374.00,391.00,0.00,0.00,1,7,0.0087,-1
71,69320,41.00,303.00,141.00,83.00,1,1,0.7357,-1
71,77225,754.00,261.00,13.00,26.00,1,7,0.5901,-1
71,84569,705.00,239.00,26.00,25.00,1,1,0.7527,-1
71,88443,779.00,241.00,43.00,35.00,1,1,0.9587,-1
71,51376,785.00,321.00,20.00,16.00,1,7,1.0000,-1
71,25061,387.00,329.00,7.00,13.00,1,7,0.8681,-1
71,42737,339.00,312.00,18.00,14.00,1,7,1.0000,-1
72,69320,31.00,303.00,143.00,82.00,1,1,0.7707,-1
72,77225,751.00,261.00,13.00,26.00,1,7,0.5777,-1
72,84569,703.00,239.00,25.00,25.00,1,1,0.7600,-1
72,88443,776.00,242.00,44.00,35.00,1,1,0.9588,-1
72,51376,782.00,321.00,21.00,16.00,1,1,1.0000,-1
72,25061,385.00,329.00,7.00,13.00,1,7,0.8710,-1
72,42737,336.00,312.00,18.00,13.00,1,7,1.0000,-1
72,49500,369.00,391.00,0.00,0.00,1,7,0.0087,-1
73,69320,20.00,302.00,146.00,83.00,1,1,0.8120,-1
73,77225,749.00,262.00,13.00,26.00,1,7,0.5789,-1
73,84569,700.00,239.00,26.00,26.00,1,1,0.7526,-1
73,88443,774.00,242.00,43.00,35.00,1,1,0.9597,-1
73,51376,780.00,322.00,20.00,16.00,1,7,1.0000,-1
73,25061,382.00,329.00,7.00,13.00,1,7,0.9043,-1
73,42737,333.00,312.00,18.00,13.00,1,7,1.0000,-1
73,49500,366.00,390.00,0.00,1.00,1,7,0.0177,-1
74,69320,10.00,302.00,148.00,82.00,1,1,0.8638,-1
74,77225,746.00,262.00,13.00,26.00,1,7,0.5669,-1
74,84569,698.00,239.00,25.00,26.00,1,1,0.7493,-1
74,88443,771.00,243.00,43.00,35.00,1,1,0.9642,-1
74,51376,777.00,322.00,20.00,16.00,1,7,1.0000,-1
74,25061,379.00,328.00,7.00,13.00,1,7,0.8778,-1
74,42737,330.00,312.00,18.00,13.00,1,7,1.0000,-1
75,69320,0.00,301.00,150.00,83.00,1,1,0.9250,-1
75,77225,744.00,262.00,13.00,26.00,1,7,0.5805,-1
75,84569,695.00,240.00,25.00,25.00,1,1,0.7567,-1
75,88443,768.00,243.00,44.00,35.00,1,1,0.9623,-1
75,51376,774.00,322.00,20.00,16.00,1,7,1.0000,-1
75,25061,377.00,328.00,7.00,14.00,1,7,0.8842,-1
75,42737,328.00,311.00,18.00,14.00,1,7,1.0000,-1
76,69320,0.00,301.00,142.00,82.00,1,1,0.9766,-1
76,77225,742.00,262.00,12.00,26.00,1,7,0.5661,-1
76,84569,692.00,240.00,25.00,25.00,1,1,0.7600,-1
76,88443,766.00,243.00,43.00,35.00,1,1,0.9641,-1
76,51376,771.00,322.00,20.00,17.00,1,7,1.0000,-1
76,25061,374.00,328.00,7.00,13.00,1,7,0.9222,-1
76,42737,325.00,311.00,18.00,14.00,1,7,1.0000,-1
76,49500,358.00,390.00,0.00,0.00,1,7,0.0089,-1
77,69320,0.00,300.00,133.00,83.00,1,1,0.9988,-1
77,77225,739.00,262.00,13.00,27.00,1,7,0.5658,-1
77,84569,689.00,240.00,26.00,25.00,1,1,0.7660,-1
77,88443,763.00,243.00,43.00,35.00,1,1,0.9650,-1
77,51376,768.00,322.00,20.00,17.00,1,7,1.0000,-1
77,25061,371.00,328.00,7.00,13.00,1,7,0.9111,-1
77,42737,322.00,311.00,18.00,14.00,1,7,1.0000,-1
78,69320,0.00,300.00,125.00,83.00,1,1,1.0000,-1
78,77225,736.00,262.00,13.00,27.00,1,7,0.5602,-1
78,84569,686.00,240.00,26.00,25.00,1,1,0.7668,-1
78,88443,760.00,243.00,43.00,35.00,1,1,0.9669,-1
78,51376,765.00,322.00,20.00,17.00,1,7,1.0000,-1
78,25061,368.00,328.00,8.00,13.00,1,7,0.9032,-1
78,42737,319.00,311.00,18.00,13.00,1,7,1.0000,-1
79,69320,0.00,300.00,117.00,83.00,1,1,1.0000,-1
79,77225,734.00,262.00,12.00,27.00,1,7,0.5547,-1
79,84569,684.00,240.00,25.00,25.00,1,1,0.7688,-1
79,88443,758.00,243.00,42.00,35.00,1,1,0.9649,-1
79,51376,762.00,322.00,20.00,17.00,1,7,1.0000,-1
79,25061,366.00,328.00,7.00,13.00,1,7,0.9231,-1
79,42737,316.00,311.00,18.00,13.00,1,7,1.0000,-1
80,69320,0.00,301.00,109.00,82.00,1,1,1.0000,-1
80,77225,731.00,262.00,12.00,26.00,1,7,0.5517,-1
80,84569,681.00,240.00,25.00,25.00,1,1,0.7769,-1
80,88443,755.00,243.00,42.00,35.00,1,1,0.9668,-1
80,51376,759.00,322.00,20.00,17.00,1,7,1.0000,-1
80,25061,363.00,328.00,7.00,13.00,1,7,0.9341,-1
80,42737,313.00,311.00,18.00,13.00,1,7,1.0000,-1
80,49500,347.00,390.00,0.00,0.00,1,7,0.0090,-1
81,69320,0.00,302.00,100.00,80.00,1,1,1.0000,-1
81,77225,728.00,262.00,13.00,26.00,1,7,0.5440,-1
81,84569,678.00,240.00,25.00,25.00,1,1,0.7842,-1
81,88443,752.00,243.00,42.00,35.00,1,1,0.9677,-1
81,51376,756.00,322.00,20.00,16.00,1,7,1.0000,-1
81,25061,360.00,328.00,7.00,13.00,1,7,0.9444,-1
81,42737,310.00,311.00,18.00,14.00,1,7,1.0000,-1
82,69320,0.00,302.00,92.00,79.00,1,1,1.0000,-1
82,77225,726.00,262.00,12.00,26.00,1,7,0.5457,-1
82,84569,675.00,239.00,25.00,26.00,1,1,0.7832,-1
82,88443,749.00,243.00,41.00,35.00,1,1,0.9693,-1
82,51376,753.00,322.00,20.00,16.00,1,7,1.0000,-1
82,25061,357.00,328.00,8.00,14.00,1,7,0.9375,-1
82,42737,307.00,311.00,18.00,14.00,1,7,1.0000,-1
83,69320,0.00,304.00,84.00,77.00,1,1,1.0000,-1
83,77225,723.00,262.00,12.00,26.00,1,7,0.5374,-1
83,84569,676.00,239.00,21.00,26.00,1,1,0.7796,-1
83,88443,746.00,243.00,40.00,34.00,1,1,0.9652,-1
83,51376,750.00,322.00,20.00,16.00,1,7,1.0000,-1
83,25061,354.00,328.00,8.00,14.00,1,7,0.9348,-1
83,42737,304.00,312.00,18.00,13.00,1,7,1.0000,-1
84,69320,0.00,307.00,75.00,73.00,1,1,1.0000,-1
84,77225,720.00,261.00,12.00,27.00,1,7,0.5413,-1
84,84569,673.00,239.00,20.00,25.00,1,7,0.7820,-1
84,88443,743.00,242.00,40.00,35.00,1,1,0.9583,-1
84,51376,747.00,321.00,20.00,17.00,1,7,1.0000,-1
84,25061,351.00,328.00,8.00,14.00,1,7,0.9255,-1
84,42737,301.00,312.00,18.00,13.00,1,7,1.0000,-1
85,69320,0.00,308.00,67.00,72.00,1,1,1.0000,-1
85,77225,717.00,261.00,12.00,26.00,1,7,0.5389,-1
85,84569,669.00,239.00,21.00,25.00,1,1,0.7913,-1
85,88443,740.00,242.00,39.00,35.00,1,1,0.9461,-1
85,51376,744.00,321.00,20.00,16.00,1,7,1.0000,-1
85,25061,349.00,329.00,7.00,13.00,1,7,0.9348,-1
85,42737,298.00,312.00,18.00,13.00,1,7,1.0000,-1
86,69320,0.00,310.00,58.00,70.00,1,1,1.0000,-1
86,77225,714.00,261.00,12.00,26.00,1,7,0.5308,-1
86,84569,666.00,239.00,21.00,25.00,1,1,0.7859,-1
86,88443,737.00,241.00,38.00,35.00,1,1,0.9298,-1
86,51376,741.00,321.00,20.00,16.00,1,7,1.0000,-1
86,25061,346.00,329.00,7.00,13.00,1,7,0.9341,-1
86,42737,295.00,312.00,18.00,14.00,1,7,1.0000,-1
87,69320,0.00,313.00,49.00,64.00,1,1,1.0000,-1
87,77225,711.00,261.00,12.00,26.00,1,7,0.5189,-1
87,84569,662.00,238.00,22.00,26.00,1,1,0.7875,-1
87,88443,734.00,241.00,37.00,35.00,1,1,0.9119,-1
87,51376,738.00,320.00,20.00,17.00,1,7,1.0000,-1
87,25061,343.00,329.00,7.00,13.00,1,7,0.9556,-1
87,42737,291.00,313.00,18.00,13.00,1,7,1.0000,-1
88,69320,0.00,327.00,64.00,69.00,1,1,1.0000,-1
88,77225,719.00,254.00,12.00,26.00,1,7,0.5197,-1
88,84569,669.00,233.00,22.00,25.00,1,1,0.8032,-1
88,88443,742.00,233.00,37.00,36.00,1,1,0.9066,-1
88,51376,748.00,313.00,20.00,17.00,1,7,1.0000,-1
88,25061,352.00,334.00,8.00,13.00,1,7,0.9565,-1
88,42737,301.00,319.00,18.00,13.00,1,7,1.0000,-1
89,69320,0.00,335.00,91.00,75.00,1,1,1.0000,-1
89,77225,736.00,248.00,12.00,27.00,1,7,0.5166,-1
89,84569,684.00,229.00,22.00,25.00,1,1,0.7937,-1
89,88443,759.00,226.00,37.00,37.00,1,1,0.9021,-1
89,51376,766.00,308.00,21.00,16.00,1,1,1.0000,-1
89,25061,369.00,337.00,8.00,13.00,1,7,0.9565,-1
89,42737,319.00,323.00,17.00,13.00,1,7,1.0000,-1
90,69320,0.00,336.00,120.00,76.00,1,1,1.0000,-1
90,77225,756.00,245.00,12.00,28.00,1,7,0.5183,-1
90,84569,703.00,226.00,23.00,25.00,1,1,0.7970,-1
90,88443,780.00,222.00,38.00,38.00,1,1,0.8990,-1
90,51376,787.00,305.00,21.00,17.00,1,1,1.0000,-1
90,25061,387.00,337.00,8.00,13.00,1,7,0.9659,-1
90,42737,338.00,323.00,17.00,13.00,1,7,1.0000,-1
91,69320,6.00,330.00,143.00,73.00,1,1,0.8859,-1
91,77225,779.00,246.00,13.00,28.00,1,7,0.5266,-1
91,84569,725.00,227.00,24.00,25.00,1,1,0.7908,-1
91,88443,804.00,223.00,41.00,39.00,1,1,0.9112,-1
91,51376,810.00,308.00,23.00,17.00,1,1,1.0000,-1
91,25061,406.00,335.00,8.00,13.00,1,7,0.9419,-1
91,42737,358.00,321.00,17.00,13.00,1,7,1.0000,-1
92,69320,44.00,316.00,134.00,72.00,1,1,0.7510,-1
92,77225,805.00,253.00,14.00,28.00,1,7,0.5233,-1
92,84569,751.00,231.00,24.00,27.00,1,1,0.7981,-1
92,88443,831.00,230.00,44.00,39.00,1,1,0.9188,-1
92,51376,836.00,316.00,23.00,17.00,1,1,1.0000,-1
92,25061,426.00,332.00,8.00,13.00,1,7,0.9405,-1
92,42737,379.00,317.00,17.00,12.00,1,7,1.0000,-1
93,69320,58.00,313.00,132.00,71.00,1,1,0.7387,-1
93,77225,817.00,251.00,14.00,28.00,1,7,0.5247,-1
93,84569,763.00,229.00,23.00,27.00,1,1,0.7919,-1
93,88443,844.00,228.00,45.00,39.00,1,1,0.9224,-1
93,51376,848.00,315.00,24.00,17.00,1,1,1.0000,-1
93,25061,435.00,330.00,7.00,12.00,1,7,0.9620,-1
93,42737,389.00,315.00,16.00,12.00,1,7,1.0000,-1
94,18606,0.00,0.00,4.00,7.00,1,7,0.0231,-1
94,69320,74.00,314.00,129.00,70.00,1,1,0.7399,-1
94,95985,0.00,346.00,16.00,42.00,1,7,0.2431,-1
94,77225,831.00,249.00,14.00,29.00,1,7,0.5300,-1
94,84569,775.00,228.00,24.00,26.00,1,1,0.7903,-1
94,88443,858.00,226.00,46.00,40.00,1,1,0.9268,-1
94,51376,862.00,314.00,25.00,18.00,1,1,1.0000,-1
94,25061,445.00,330.00,7.00,12.00,1,7,0.9506,-1
94,42737,399.00,315.00,16.00,12.00,1,7,1.0000,-1
95,18606,5.00,0.00,11.00,10.00,1,7,0.0551,-1
95,69320,84.00,314.00,127.00,69.00,1,1,0.7408,-1
95,95985,0.00,346.00,27.00,41.00,1,1,0.3517,-1
95,77225,840.00,248.00,15.00,29.00,1,7,0.5233,-1
95,84569,783.00,227.00,25.00,27.00,1,1,0.7944,-1
95,88443,867.00,224.00,48.00,41.00,1,1,0.9297,-1
95,51376,872.00,313.00,25.00,18.00,1,1,1.0000,-1
95,25061,452.00,330.00,7.00,12.00,1,7,0.9634,-1
95,42737,406.00,315.00,16.00,12.00,1,7,1.0000,-1
96,18606,13.00,0.00,63.00,19.00,1,7,0.1158,-1
96,69320,39.00,317.00,181.00,69.00,1,1,0.7416,-1
96,95985,11.00,349.00,29.00,41.00,1,1,0.3628,-1
96,77225,848.00,247.00,15.00,30.00,1,7,0.5277,-1
96,84569,791.00,226.00,25.00,27.00,1,1,0.7911,-1
96,88443,876.00,223.00,48.00,41.00,1,1,0.9298,-1
96,51376,881.00,313.00,25.00,18.00,1,1,1.0000,-1
96,25061,458.00,331.00,7.00,13.00,1,7,0.9500,-1
96,42737,412.00,317.00,16.00,12.00,1,7,1.0000,-1
97,18606,22.00,0.00,66.00,27.00,1,7,0.1692,-1
97,69320,107.00,320.00,123.00,68.00,1,1,0.7414,-1
97,95985,24.00,352.00,28.00,41.00,1,1,0.3689,-1
97,77225,856.00,247.00,15.00,29.00,1,7,0.5254,-1
97,84569,798.00,226.00,25.00,27.00,1,1,0.7950,-1
97,88443,884.00,222.00,49.00,41.00,1,1,0.9311,-1
97,51376,890.00,312.00,26.00,19.00,1,1,1.0000,-1
97,25061,465.00,333.00,7.00,12.00,1,7,0.9398,-1
97,42737,419.00,318.00,16.00,13.00,1,7,1.0000,-1
98,18606,32.00,0.00,66.00,30.00,1,7,0.1936,-1
98,69320,117.00,321.00,121.00,68.00,1,1,0.7411,-1
98,95985,35.00,352.00,28.00,41.00,1,1,0.3691,-1
98,77225,864.00,246.00,15.00,30.00,1,7,0.5314,-1
98,84569,805.00,225.00,26.00,27.00,1,1,0.7992,-1
98,88443,893.00,221.00,50.00,42.00,1,1,0.9338,-1
98,51376,898.00,312.00,26.00,18.00,1,1,1.0000,-1
98,25061,470.00,333.00,7.00,12.00,1,7,0.9367,-1
98,42737,425.00,318.00,15.00,13.00,1,7,1.0000,-1
99,18606,42.00,0.00,33.00,33.00,1,1,0.2179,-1
99,69320,127.00,322.00,118.00,67.00,1,1,0.7406,-1
99,95985,46.00,353.00,28.00,40.00,1,1,0.3739,-1
99,77225,871.00,245.00,16.00,30.00,1,7,0.5264,-1
99,84569,812.00,224.00,26.00,28.00,1,1,0.7890,-1
99,88443,900.00,220.00,51.00,42.00,1,1,0.9366,-1
99,51376,906.00,311.00,27.00,19.00,1,1,1.0000,-1
99,25061,476.00,333.00,7.00,13.00,1,7,0.9512,-1
99,42737,430.00,319.00,16.00,12.00,1,7,1.0000,-1
100,18606,51.00,0.00,36.00,36.00,1,1,0.2399,-1
100,69320,136.00,322.00,117.00,67.00,1,1,0.7424,-1
100,95985,56.00,353.00,28.00,40.00,1,1,0.3776,-1
100,77225,879.00,244.00,15.00,30.00,1,7,0.5341,-1
100,84569,819.00,224.00,26.00,27.00,1,1,0.7887,-1
100,88443,908.00,219.00,52.00,42.00,1,1,0.9370,-1
100,51376,914.00,311.00,27.00,19.00,1,1,1.0000,-1
100,25061,481.00,333.00,7.00,12.00,1,7,0.9500,-1
100,42737,436.00,319.00,15.00,12.00,1,7,1.0000,-1
101,18606,60.00,0.00,39.00,39.00,1,1,0.2610,-1
101,69320,145.00,323.00,115.00,66.00,1,1,0.7414,-1
101,95985,66.00,352.00,27.00,41.00,1,1,0.3814,-1
101,77225,886.00,243.00,16.00,31.00,1,7,0.5279,-1
101,84569,826.00,223.00,26.00,27.00,1,1,0.7882,-1
101,88443,916.00,218.00,53.00,42.00,1,1,0.9420,-1
101,51376,922.00,311.00,27.00,18.00,1,1,1.0000,-1
101,25061,486.00,333.00,7.00,12.00,1,7,0.9487,-1
101,42737,441.00,319.00,15.00,12.00,1,7,1.0000,-1
102,18606,68.00,0.00,40.00,40.00,1,1,0.2695,-1
102,69320,152.00,322.00,115.00,66.00,1,1,0.7415,-1
102,95985,74.00,352.00,27.00,40.00,1,1,0.3849,-1
102,77225,893.00,243.00,16.00,30.00,1,7,0.5304,-1
102,84569,833.00,222.00,26.00,28.00,1,1,0.7907,-1
102,88443,924.00,216.00,53.00,44.00,1,1,0.9446,-1
102,51376,930.00,310.00,27.00,19.00,1,1,1.0000,-1
102,25061,491.00,333.00,7.00,12.00,1,7,0.9494,-1
102,42737,446.00,318.00,16.00,13.00,1,7,1.0000,-1
103,18606,78.00,0.00,40.00,40.00,1,1,0.2705,-1
103,69320,161.00,321.00,113.00,65.00,1,1,0.7430,-1
103,95985,84.00,349.00,27.00,41.00,1,1,0.3855,-1
103,77225,903.00,241.00,16.00,31.00,1,7,0.5278,-1
103,84569,841.00,221.00,27.00,28.00,1,1,0.7849,-1
103,88443,933.00,215.00,55.00,44.00,1,1,0.9441,-1
103,51376,939.00,310.00,28.00,19.00,1,1,1.0000,-1
103,25061,497.00,332.00,7.00,12.00,1,7,0.9390,-1
103,42737,452.00,317.00,16.00,13.00,1,7,1.0000,-1
104,18606,87.00,0.00,41.00,42.00,1,1,0.2811,-1
104,69320,169.00,320.00,112.00,66.00,1,1,0.7431,-1
104,95985,93.00,349.00,26.00,41.00,1,1,0.3858,-1
104,77225,912.00,240.00,16.00,31.00,1,7,0.5255,-1
104,84569,849.00,220.00,27.00,27.00,1,1,0.7888,-1
104,88443,943.00,213.00,56.00,44.00,1,1,0.9463,-1
104,51376,949.00,309.00,28.00,19.00,1,1,1.0000,-1
104,25061,503.00,332.00,7.00,12.00,1,7,0.9518,-1
104,42737,458.00,317.00,15.00,12.00,1,7,1.0000,-1
105,18606,95.00,0.00,43.00,45.00,1,1,0.3002,-1
105,69320,178.00,321.00,110.00,65.00,1,1,0.7432,-1
105,95985,102.00,350.00,26.00,40.00,1,1,0.3873,-1
105,77225,920.00,239.00,17.00,31.00,1,7,0.5298,-1
105,84569,856.00,219.00,29.00,28.00,1,1,0.7934,-1
105,88443,952.00,212.00,57.00,44.00,1,1,0.9494,-1
105,51376,958.00,308.00,29.00,20.00,1,1,1.0000,-1
105,25061,509.00,332.00,6.00,12.00,1,7,0.9231,-1
105,42737,463.00,317.00,16.00,13.00,1,7,1.0000,-1
106,18606,101.00,0.00,47.00,48.00,1,1,0.3265,-1
106,69320,185.00,323.00,109.00,64.00,1,1,0.7434,-1
106,95985,111.00,351.00,26.00,40.00,1,1,0.3883,-1
106,77225,929.00,238.00,16.00,32.00,1,7,0.5292,-1
106,84569,864.00,218.00,28.00,28.00,1,1,0.7839,-1
106,88443,961.00,210.00,58.00,45.00,1,1,0.9482,-1
106,51376,967.00,308.00,30.00,19.00,1,1,1.0000,-1
106,25061,514.00,332.00,7.00,13.00,1,7,0.9529,-1
106,42737,469.00,318.00,15.00,12.00,1,7,1.0000,-1
107,18606,110.00,0.00,50.00,54.00,1,1,0.3614,-1
107,69320,195.00,325.00,108.00,64.00,1,1,0.7450,-1
107,95985,122.00,353.00,25.00,40.00,1,1,0.3923,-1
107,77225,938.00,237.00,17.00,32.00,1,7,0.5290,-1
107,84569,873.00,217.00,28.00,28.00,1,1,0.7986,-1
107,88443,971.00,208.00,52.00,46.00,1,1,0.9718,-1
107,51376,978.00,307.00,30.00,20.00,1,1,1.0000,-1
107,25061,520.00,333.00,7.00,13.00,1,7,0.9375,-1
107,42737,475.00,319.00,16.00,12.00,1,7,1.0000,-1
108,18606,124.00,0.00,50.00,58.00,1,1,0.3805,-1
108,69320,206.00,325.00,106.00,64.00,1,1,0.7454,-1
108,95985,134.00,354.00,25.00,39.00,1,1,0.3933,-1
108,77225,950.00,235.00,18.00,32.00,1,7,0.5282,-1
108,84569,884.00,215.00,29.00,29.00,1,1,0.7929,-1
108,88443,984.00,208.00,39.00,45.00,1,1,0.9621,-1
108,51376,991.00,306.00,31.00,20.00,1,1,1.0000,-1
108,25061,528.00,333.00,7.00,13.00,1,7,0.9524,-1
108,42737,483.00,319.00,16.00,13.00,1,7,1.0000,-1
109,18606,135.00,0.00,50.00,60.00,1,1,0.3938,-1
109,69320,216.00,325.00,104.00,64.00,1,1,0.7448,-1
109,95985,144.00,354.00,25.00,39.00,1,1,0.3992,-1
109,77225,961.00,234.00,18.00,32.00,1,7,0.5275,-1
109,84569,893.00,214.00,29.00,29.00,1,1,0.7874,-1
109,88443,995.00,211.00,28.00,41.00,1,1,0.9410,-1
109,51376,1002.00,305.00,21.00,20.00,1,1,1.0000,-1
109,25061,534.00,333.00,7.00,12.00,1,7,0.9241,-1
109,42737,489.00,319.00,16.00,12.00,1,7,1.0000,-1
110,18606,145.00,0.00,51.00,62.00,1,1,0.4046,-1
110,69320,224.00,326.00,103.00,63.00,1,1,0.7452,-1
110,95985,153.00,354.00,25.00,39.00,1,1,0.4032,-1
110,77225,970.00,233.00,18.00,33.00,1,7,0.5321,-1
110,84569,901.00,213.00,30.00,29.00,1,1,0.7908,-1
110,88443,1004.00,215.00,19.00,36.00,1,7,0.9118,-1
110,51376,1011.00,305.00,12.00,20.00,1,7,1.0000,-1
110,25061,540.00,333.00,7.00,13.00,1,7,0.9518,-1
110,42737,495.00,319.00,15.00,13.00,1,7,1.0000,-1
111,18606,155.00,0.00,51.00,65.00,1,1,0.4143,-1
111,69320,232.00,326.00,102.00,63.00,1,1,0.7459,-1
111,95985,162.00,354.00,25.00,39.00,1,1,0.4091,-1
111,77225,978.00,232.00,19.00,33.00,1,7,0.5346,-1
111,84569,909.00,212.00,30.00,29.00,1,1,0.7897,-1
111,88443,1014.00,222.00,9.00,28.00,1,7,0.7951,-1
111,51376,1021.00,310.00,2.00,10.00,1,7,1.0000,-1
111,25061,545.00,333.00,7.00,12.00,1,7,0.9383,-1
111,42737,500.00,319.00,16.00,13.00,1,7,1.0000,-1
112,18606,164.00,0.00,51.00,66.00,1,1,0.4241,-1
112,69320,240.00,326.00,101.00,62.00,1,1,0.7450,-1
112,95985,170.00,354.00,25.00,38.00,1,1,0.4129,-1
112,77225,987.00,230.00,19.00,34.00,1,7,0.5325,-1
112,84569,911.00,211.00,37.00,29.00,1,1,0.7900,-1
112,88443,1023.00,245.00,0.00,3.00,1,7,0.0678,-1
112,25061,551.00,333.00,7.00,12.00,1,7,0.9231,-1
112,42737,506.00,319.00,15.00,13.00,1,7,1.0000,-1
113,18606,174.00,0.00,51.00,68.00,1,1,0.4331,-1
113,69320,248.00,326.00,100.00,62.00,1,1,0.7446,-1
113,95985,179.00,354.00,24.00,38.00,1,1,0.4182,-1
113,77225,996.00,229.00,20.00,34.00,1,7,0.5529,-1
113,84569,925.00,210.00,31.00,29.00,1,1,0.7853,-1
113,25061,556.00,333.00,7.00,13.00,1,7,0.9518,-1
113,42737,511.00,319.00,16.00,12.00,1,7,1.0000,-1
114,18606,183.00,0.00,51.00,70.00,1,1,0.4433,-1
114,69320,256.00,326.00,99.00,62.00,1,1,0.7440,-1
114,95985,187.00,354.00,24.00,38.00,1,1,0.4230,-1
114,77225,1005.00,228.00,18.00,34.00,1,7,0.8176,-1
114,84569,927.00,209.00,38.00,29.00,1,1,0.7913,-1
114,25061,561.00,333.00,7.00,12.00,1,7,0.9398,-1
114,42737,516.00,319.00,16.00,12.00,1,7,1.0000,-1
115,18606,192.00,0.00,52.00,72.00,1,1,0.4524,-1
115,69320,263.00,327.00,99.00,61.00,1,1,0.7451,-1
115,95985,195.00,354.00,24.00,38.00,1,1,0.4254,-1
115,77225,1015.00,232.00,8.00,29.00,1,7,1.0000,-1
115,84569,936.00,207.00,38.00,30.00,1,1,0.7862,-1
115,25061,567.00,333.00,7.00,13.00,1,7,0.9277,-1
115,42737,522.00,319.00,15.00,12.00,1,7,1.0000,-1
116,18606,201.00,0.00,52.00,72.00,1,1,0.4613,-1
116,69320,271.00,327.00,97.00,61.00,1,1,0.7444,-1
116,95985,203.00,354.00,24.00,38.00,1,1,0.4322,-1
116,84569,944.00,206.00,39.00,30.00,1,1,0.7931,-1
116,25061,572.00,333.00,7.00,12.00,1,7,0.9398,-1
116,42737,527.00,319.00,15.00,12.00,1,7,1.0000,-1
117,18606,210.00,0.00,52.00,74.00,1,1,0.4700,-1
117,69320,279.00,327.00,96.00,61.00,1,1,0.7440,-1
117,95985,211.00,354.00,24.00,38.00,1,1,0.4348,-1
117,84569,953.00,205.00,39.00,30.00,1,1,0.7882,-1
117,25061,577.00,333.00,7.00,12.00,1,7,0.9048,-1
117,42737,532.00,319.00,16.00,12.00,1,7,1.0000,-1
118,18606,219.00,0.00,52.00,76.00,1,1,0.4789,-1
118,69320,286.00,327.00,96.00,61.00,1,1,0.7447,-1
118,95985,219.00,354.00,24.00,37.00,1,1,0.4401,-1
118,84569,962.00,204.00,40.00,30.00,1,1,0.7895,-1
118,25061,583.00,333.00,7.00,12.00,1,7,0.9398,-1
118,42737,538.00,319.00,15.00,12.00,1,7,1.0000,-1
119,18606,228.00,0.00,52.00,77.00,1,1,0.4869,-1
119,69320,293.00,327.00,95.00,61.00,1,1,0.7439,-1
119,95985,227.00,354.00,24.00,37.00,1,1,0.4441,-1
119,84569,970.00,202.00,41.00,31.00,1,1,0.7893,-1
119,25061,588.00,333.00,7.00,12.00,1,7,0.9398,-1
119,42737,543.00,319.00,16.00,12.00,1,7,1.0000,-1
120,18606,237.00,0.00,52.00,78.00,1,1,0.4954,-1
120,69320,301.00,327.00,94.00,60.00,1,1,0.7429,-1
120,95985,235.00,354.00,24.00,37.00,1,1,0.4483,-1
120,84569,979.00,201.00,41.00,31.00,1,1,0.7866,-1
120,25061,594.00,332.00,7.00,13.00,1,7,0.9277,-1
120,42737,548.00,319.00,16.00,12.00,1,7,1.0000,-1
121,18606,245.00,0.00,52.00,80.00,1,1,0.5032,-1
121,69320,308.00,327.00,93.00,60.00,1,1,0.7443,-1
121,95985,242.00,354.00,24.00,37.00,1,1,0.4524,-1
121,84569,988.00,200.00,35.00,31.00,1,1,0.7377,-1
121,25061,599.00,332.00,7.00,13.00,1,7,0.9419,-1
121,42737,554.00,319.00,16.00,12.00,1,7,1.0000,-1
122,18606,254.00,0.00,52.00,81.00,1,1,0.5108,-1
122,69320,315.00,327.00,93.00,60.00,1,1,0.7437,-1
122,95985,250.00,354.00,23.00,36.00,1,1,0.4585,-1
122,84569,997.00,198.00,26.00,22.00,1,1,0.6093,-1
122,25061,604.00,332.00,7.00,12.00,1,7,0.9036,-1
122,42737,559.00,318.00,16.00,13.00,1,7,1.0000,-1
122,49500,590.00,392.00,0.00,0.00,1,7,0.0097,-1
123,18606,262.00,0.00,51.00,79.00,1,1,0.5045,-1
123,69320,322.00,325.00,92.00,60.00,1,1,0.7440,-1
123,95985,256.00,352.00,24.00,36.00,1,1,0.4617,-1
123,84569,1008.00,197.00,15.00,10.00,1,7,0.3091,-1
123,25061,610.00,331.00,7.00,12.00,1,7,0.9286,-1
123,42737,565.00,317.00,16.00,12.00,1,7,1.0000,-1
124,18606,270.00,0.00,51.00,78.00,1,1,0.5031,-1
124,69320,328.00,324.00,92.00,60.00,1,1,0.7443,-1
124,95985,264.00,350.00,23.00,37.00,1,1,0.4624,-1
124,84569,1019.00,203.00,1.00,1.00,1,7,0.1000,-1
124,25061,616.00,330.00,7.00,13.00,1,7,0.9310,-1
124,42737,571.00,316.00,16.00,13.00,1,7,1.0000,-1
125,18606,277.00,0.00,51.00,79.00,1,1,0.5073,-1
125,69320,335.00,324.00,91.00,60.00,1,1,0.7443,-1
125,95985,271.00,350.00,23.00,37.00,1,1,0.4629,-1
125,25061,622.00,330.00,7.00,13.00,1,7,0.9419,-1
125,42737,576.00,316.00,16.00,12.00,1,7,1.0000,-1
126,18606,284.00,0.00,51.00,81.00,1,1,0.5148,-1
126,69320,342.00,325.00,90.00,59.00,1,1,0.7446,-1
126,95985,278.00,351.00,23.00,36.00,1,1,0.4643,-1
126,25061,628.00,330.00,7.00,13.00,1,7,0.9425,-1
126,42737,582.00,316.00,16.00,13.00,1,7,1.0000,-1
127,18606,290.00,0.00,51.00,84.00,1,1,0.5248,-1
127,69320,348.00,326.00,90.00,59.00,1,1,0.7456,-1
127,95985,284.00,352.00,24.00,36.00,1,1,0.4658,-1
127,25061,634.00,331.00,7.00,13.00,1,7,0.9318,-1
127,42737,588.00,317.00,16.00,12.00,1,7,1.0000,-1
128,18606,298.00,0.00,51.00,87.00,1,1,0.5348,-1
128,69320,356.00,327.00,89.00,59.00,1,1,0.7450,-1
128,95985,292.00,353.00,23.00,36.00,1,1,0.4680,-1
128,25061,640.00,331.00,7.00,13.00,1,7,0.9080,-1
128,42737,594.00,317.00,16.00,13.00,1,7,1.0000,-1
129,18606,308.00,0.00,51.00,88.00,1,1,0.5422,-1
129,69320,325.00,327.00,128.00,59.00,1,1,0.7452,-1
129,95985,302.00,353.00,23.00,36.00,1,1,0.4738,-1
129,25061,648.00,331.00,7.00,13.00,1,7,0.9326,-1
129,42737,601.00,317.00,17.00,13.00,1,7,1.0000,-1
130,18606,316.00,0.00,50.00,89.00,1,1,0.5472,-1
130,69320,371.00,327.00,88.00,59.00,1,1,0.7460,-1
130,95985,308.00,353.00,23.00,36.00,1,1,0.4783,-1
130,25061,653.00,331.00,7.00,12.00,1,7,0.9186,-1
130,42737,607.00,317.00,16.00,12.00,1,7,1.0000,-1
131,18606,324.00,0.00,50.00,89.00,1,1,0.5516,-1
131,69320,378.00,327.00,87.00,58.00,1,1,0.7447,-1
131,95985,315.00,353.00,23.00,36.00,1,1,0.4798,-1
131,25061,659.00,330.00,7.00,13.00,1,7,0.9318,-1
131,42737,612.00,317.00,16.00,12.00,1,7,1.0000,-1
132,18606,331.00,0.00,50.00,91.00,1,1,0.5562,-1
132,69320,385.00,327.00,87.00,58.00,1,1,0.7444,-1
132,95985,322.00,353.00,23.00,35.00,1,1,0.4864,-1
132,25061,664.00,330.00,8.00,13.00,1,7,0.8936,-1
132,42737,617.00,317.00,17.00,12.00,1,7,1.0000,-1
133,18606,338.00,0.00,50.00,89.00,1,1,0.5556,-1
133,69320,390.00,326.00,87.00,58.00,1,1,0.7443,-1
133,95985,328.00,352.00,23.00,35.00,1,1,0.4875,-1
133,25061,670.00,330.00,7.00,13.00,1,7,0.9140,-1
133,42737,623.00,316.00,16.00,13.00,1,7,1.0000,-1
134,18606,344.00,0.00,50.00,91.00,1,1,0.5582,-1
134,69320,396.00,326.00,87.00,59.00,1,1,0.7442,-1
134,95985,334.00,352.00,23.00,36.00,1,1,0.4927,-1
134,25061,675.00,330.00,8.00,13.00,1,7,0.8913,-1
134,42737,628.00,316.00,17.00,13.00,1,7,1.0000,-1
135,18606,352.00,0.00,49.00,92.00,1,1,0.5625,-1
135,69320,403.00,327.00,86.00,58.00,1,1,0.7445,-1
135,95985,341.00,352.00,23.00,36.00,1,1,0.4926,-1
135,25061,682.00,330.00,7.00,13.00,1,7,0.8947,-1
135,42737,634.00,316.00,17.00,13.00,1,7,1.0000,-1
136,18606,359.00,0.00,49.00,92.00,1,1,0.5663,-1
136,69320,410.00,327.00,85.00,58.00,1,1,0.7461,-1
136,95985,348.00,352.00,23.00,36.00,1,1,0.4979,-1
136,25061,688.00,330.00,7.00,13.00,1,7,0.8854,-1
136,42737,640.00,316.00,16.00,13.00,1,7,1.0000,-1
136,49500,672.00,392.00,0.00,0.00,1,7,0.0089,-1
137,18606,366.00,0.00,48.00,93.00,1,1,0.5681,-1
137,69320,415.00,327.00,86.00,58.00,1,1,0.7453,-1
137,95985,353.00,353.00,23.00,35.00,1,1,0.5004,-1
137,25061,693.00,330.00,7.00,13.00,1,7,0.9239,-1
137,42737,645.00,316.00,17.00,13.00,1,7,1.0000,-1
137,49500,677.00,392.00,0.00,0.00,1,7,0.0088,-1
138,18606,370.00,0.00,49.00,93.00,1,1,0.5677,-1
138,69320,420.00,326.00,85.00,59.00,1,1,0.7438,-1
138,95985,358.00,352.00,23.00,36.00,1,1,0.5021,-1
138,25061,697.00,329.00,8.00,13.00,1,7,0.9072,-1
138,42737,649.00,315.00,17.00,13.00,1,7,1.0000,-1
139,18606,376.00,0.00,48.00,94.00,1,1,0.5689,-1
139,69320,425.00,327.00,85.00,58.00,1,1,0.7443,-1
139,95985,364.00,352.00,23.00,36.00,1,1,0.5050,-1
139,25061,703.00,329.00,7.00,13.00,1,7,0.9355,-1
139,42737,654.00,315.00,17.00,13.00,1,7,1.0000,-1
139,49500,687.00,391.00,0.00,0.00,1,7,0.0088,-1
140,18606,382.00,0.00,50.00,95.00,1,1,0.5718,-1
140,69320,433.00,326.00,85.00,58.00,1,1,0.7455,-1
140,95985,372.00,352.00,23.00,36.00,1,1,0.5055,-1
140,25061,711.00,328.00,7.00,13.00,1,7,0.8854,-1
140,42737,662.00,315.00,17.00,12.00,1,7,1.0000,-1
141,18606,386.00,0.00,55.00,97.00,1,1,0.5810,-1
141,69320,440.00,328.00,85.00,58.00,1,1,0.7455,-1
141,95985,379.00,353.00,23.00,36.00,1,1,0.5102,-1
141,25061,717.00,330.00,8.00,13.00,1,7,0.8990,-1
141,42737,668.00,316.00,18.00,13.00,1,7,1.0000,-1
142,18606,394.00,0.00,51.00,95.00,1,1,0.5727,-1
142,69320,446.00,326.00,85.00,58.00,1,1,0.7463,-1
142,95985,385.00,352.00,23.00,35.00,1,1,0.5094,-1
142,25061,724.00,327.00,8.00,14.00,1,7,0.8990,-1
142,42737,675.00,314.00,17.00,12.00,1,7,1.0000,-1
142,49500,708.00,390.00,0.00,0.00,1,7,0.0085,-1
143,18606,400.00,0.00,53.00,96.00,1,1,0.5763,-1
143,69320,416.00,326.00,122.00,58.00,1,1,0.7456,-1
143,95985,392.00,352.00,23.00,35.00,1,1,0.5107,-1
143,25061,732.00,327.00,8.00,13.00,1,7,0.9109,-1
143,42737,682.00,313.00,18.00,13.00,1,7,1.0000,-1
143,49500,716.00,391.00,0.00,0.00,1,7,0.0083,-1
144,18606,410.00,0.00,53.00,96.00,1,1,0.5776,-1
144,69320,463.00,326.00,84.00,58.00,1,1,0.7458,-1
144,95985,402.00,352.00,23.00,35.00,1,1,0.5155,-1
144,25061,743.00,326.00,8.00,14.00,1,7,0.9135,-1
144,42737,692.00,313.00,18.00,13.00,1,7,1.0000,-1
144,49500,726.00,390.00,0.00,0.00,1,7,0.0082,-1
145,18606,417.00,0.00,56.00,97.00,1,1,0.5844,-1
145,69320,435.00,326.00,121.00,58.00,1,1,0.7461,-1
145,95985,411.00,353.00,23.00,34.00,1,1,0.5177,-1
145,25061,752.00,326.00,8.00,14.00,1,7,0.8942,-1
145,42737,701.00,313.00,18.00,13.00,1,7,1.0000,-1
146,18606,425.00,0.00,56.00,97.00,1,1,0.5842,-1
146,69320,481.00,326.00,83.00,58.00,1,1,0.7462,-1
146,95985,420.00,352.00,23.00,35.00,1,1,0.5201,-1
146,25061,761.00,325.00,9.00,13.00,1,7,0.8972,-1
146,42737,710.00,311.00,18.00,14.00,1,7,1.0000,-1
147,18606,434.00,0.00,57.00,98.00,1,1,0.5910,-1
147,69320,489.00,327.00,84.00,57.00,1,1,0.7464,-1
147,95985,429.00,353.00,23.00,34.00,1,1,0.5224,-1
147,25061,771.00,326.00,8.00,13.00,1,7,0.9151,-1
147,42737,719.00,312.00,18.00,13.00,1,7,1.0000,-1
147,49500,754.00,391.00,0.00,0.00,1,7,0.0076,-1
148,18606,442.00,0.00,58.00,101.00,1,1,0.6041,-1
148,69320,497.00,328.00,84.00,58.00,1,1,0.7476,-1
148,95985,436.00,354.00,23.00,35.00,1,1,0.5247,-1
148,25061,780.00,328.00,8.00,13.00,1,7,0.9065,-1
148,42737,727.00,314.00,19.00,13.00,1,7,1.0000,-1
149,18606,446.00,0.00,58.00,100.00,1,1,0.6009,-1
149,69320,502.00,328.00,83.00,58.00,1,1,0.7469,-1
149,95985,441.00,354.00,23.00,34.00,1,1,0.5235,-1
149,25061,785.00,327.00,9.00,14.00,1,7,0.8957,-1
149,42737,732.00,313.00,19.00,13.00,1,7,1.0000,-1
150,18606,458.00,0.00,57.00,98.00,1,1,0.5936,-1
150,69320,514.00,325.00,84.00,58.00,1,1,0.7486,-1
150,95985,453.00,352.00,23.00,34.00,1,1,0.5267,-1
150,25061,800.00,323.00,9.00,14.00,1,7,0.9145,-1
150,42737,746.00,309.00,19.00,13.00,1,7,1.0000,-1
151,18606,465.00,0.00,57.00,100.00,1,1,0.6018,-1
151,69320,520.00,326.00,85.00,58.00,1,1,0.7482,-1
151,95985,460.00,353.00,23.00,34.00,1,1,0.5273,-1
151,25061,809.00,324.00,9.00,14.00,1,7,0.9000,-1
151,42737,754.00,310.00,19.00,14.00,1,7,1.0000,-1
152,18606,469.00,0.00,59.00,102.00,1,1,0.6125,-1
152,69320,525.00,328.00,84.00,58.00,1,1,0.7498,-1
152,95985,464.00,354.00,23.00,35.00,1,1,0.5258,-1
152,25061,815.00,326.00,9.00,14.00,1,7,0.8917,-1
152,42737,759.00,312.00,20.00,14.00,1,7,1.0000,-1
152,49500,796.00,393.00,0.00,0.00,1,7,0.0071,-1
153,18606,474.00,0.00,58.00,104.00,1,1,0.6190,-1
153,69320,529.00,329.00,84.00,58.00,1,1,0.7513,-1
153,95985,469.00,355.00,22.00,35.00,1,1,0.5259,-1
153,25061,820.00,328.00,9.00,14.00,1,7,0.9083,-1
153,42737,764.00,314.00,20.00,13.00,1,7,1.0000,-1
154,18606,478.00,0.00,58.00,104.00,1,1,0.6207,-1
154,69320,533.00,330.00,84.00,57.00,1,1,0.7516,-1
154,95985,473.00,356.00,22.00,34.00,1,1,0.5233,-1
154,25061,826.00,327.00,9.00,15.00,1,7,0.9032,-1
154,42737,770.00,313.00,19.00,14.00,1,7,1.0000,-1
154,49500,807.00,395.00,0.00,0.00,1,7,0.0070,-1
155,18606,481.00,0.00,58.00,104.00,1,1,0.6168,-1
155,69320,537.00,329.00,85.00,58.00,1,1,0.7519,-1
155,95985,477.00,355.00,22.00,34.00,1,1,0.5226,-1
155,25061,832.00,326.00,9.00,14.00,1,7,0.9127,-1
155,42737,775.00,312.00,20.00,14.00,1,7,1.0000,-1
155,49500,813.00,394.00,0.00,0.00,1,7,0.0067,-1
156,18606,484.00,0.00,58.00,102.00,1,1,0.6091,-1
156,69320,541.00,327.00,85.00,58.00,1,1,0.7532,-1
156,95985,481.00,353.00,23.00,35.00,1,1,0.5176,-1
156,25061,838.00,323.00,10.00,14.00,1,7,0.8992,-1
156,42737,781.00,309.00,20.00,14.00,1,7,1.0000,-1
157,18606,488.00,0.00,57.00,99.00,1,1,0.5965,-1
157,69320,546.00,324.00,86.00,58.00,1,1,0.7524,-1
157,95985,487.00,351.00,22.00,35.00,1,1,0.5144,-1
157,25061,846.00,319.00,10.00,15.00,1,7,0.9091,-1
157,42737,788.00,305.00,21.00,14.00,1,7,1.0000,-1
158,18606,499.00,0.00,58.00,99.00,1,1,0.6012,-1
158,69320,557.00,325.00,86.00,58.00,1,1,0.7538,-1
158,95985,497.00,352.00,23.00,34.00,1,1,0.5185,-1
158,25061,861.00,319.00,9.00,15.00,1,7,0.9030,-1
158,42737,801.00,305.00,21.00,14.00,1,7,1.0000,-1
158,49500,841.00,388.00,0.00,1.00,1,7,0.0126,-1
159,18606,505.00,0.00,58.00,102.00,1,1,0.6131,-1
159,69320,562.00,327.00,86.00,58.00,1,1,0.7553,-1
159,95985,502.00,354.00,23.00,34.00,1,1,0.5158,-1
159,25061,867.00,322.00,10.00,14.00,1,7,0.9030,-1
159,42737,807.00,308.00,22.00,14.00,1,7,1.0000,-1
160,18606,510.00,0.00,58.00,105.00,1,1,0.6230,-1
160,69320,566.00,329.00,86.00,58.00,1,1,0.7552,-1
160,95985,506.00,355.00,23.00,35.00,1,1,0.5172,-1
160,25061,874.00,324.00,9.00,15.00,1,7,0.9058,-1
160,42737,813.00,310.00,21.00,14.00,1,7,1.0000,-1
161,18606,515.00,0.00,57.00,106.00,1,1,0.6283,-1
161,69320,570.00,330.00,87.00,58.00,1,1,0.7559,-1
161,95985,510.00,356.00,23.00,35.00,1,1,0.5118,-1
161,25061,880.00,325.00,10.00,15.00,1,7,0.9167,-1
161,42737,819.00,311.00,21.00,15.00,1,7,1.0000,-1
162,18606,518.00,0.00,58.00,106.00,1,1,0.6286,-1
162,69320,574.00,330.00,87.00,58.00,1,1,0.7565,-1
162,95985,515.00,357.00,22.00,34.00,1,1,0.5118,-1
162,25061,886.00,325.00,10.00,15.00,1,7,0.9078,-1
162,42737,824.00,311.00,22.00,14.00,1,7,1.0000,-1
163,18606,521.00,0.00,58.00,104.00,1,1,0.6199,-1
163,69320,578.00,328.00,87.00,58.00,1,1,0.7573,-1
163,95985,519.00,355.00,22.00,34.00,1,1,0.5118,-1
163,25061,893.00,322.00,11.00,15.00,1,7,0.9116,-1
163,42737,831.00,308.00,21.00,15.00,1,7,1.0000,-1
164,18606,524.00,0.00,58.00,101.00,1,1,0.6074,-1
164,69320,583.00,325.00,87.00,59.00,1,1,0.7588,-1
164,95985,523.00,353.00,22.00,34.00,1,1,0.5072,-1
164,25061,901.00,318.00,10.00,15.00,1,7,0.9128,-1
164,42737,837.00,304.00,23.00,14.00,1,7,1.0000,-1
164,49500,880.00,390.00,0.00,0.00,1,7,0.0056,-1
165,18606,532.00,0.00,59.00,98.00,1,1,0.5988,-1
165,69320,593.00,323.00,88.00,59.00,1,1,0.7582,-1
165,95985,533.00,351.00,22.00,34.00,1,1,0.5068,-1
165,25061,915.00,314.00,11.00,16.00,1,7,0.9091,-1
165,42737,850.00,301.00,23.00,14.00,1,7,1.0000,-1
165,49500,894.00,387.00,0.00,1.00,1,7,0.0112,-1
166,18606,542.00,0.00,59.00,101.00,1,1,0.6069,-1
166,69320,602.00,325.00,88.00,59.00,1,1,0.7597,-1
166,95985,542.00,352.00,22.00,35.00,1,1,0.5081,-1
166,25061,928.00,316.00,12.00,16.00,1,7,0.9130,-1
166,42737,862.00,302.00,23.00,15.00,1,7,1.0000,-1
167,18606,548.00,0.00,58.00,104.00,1,1,0.6209,-1
167,69320,606.00,328.00,89.00,59.00,1,1,0.7598,-1
167,95985,546.00,355.00,22.00,35.00,1,1,0.5068,-1
167,25061,935.00,321.00,11.00,15.00,1,7,0.9141,-1
167,42737,868.00,307.00,23.00,14.00,1,7,1.0000,-1
168,18606,549.00,0.00,58.00,103.00,1,1,0.6166,-1
168,69320,607.00,327.00,89.00,59.00,1,1,0.7609,-1
168,95985,547.00,355.00,22.00,34.00,1,1,0.5054,-1
168,25061,938.00,319.00,12.00,16.00,1,7,0.9152,-1
168,42737,871.00,305.00,24.00,15.00,1,7,1.0000,-1
168,49500,916.00,394.00,0.00,0.00,1,7,0.0051,-1
169,18606,547.00,0.00,59.00,98.00,1,1,0.5948,-1
169,69320,609.00,323.00,89.00,59.00,1,1,0.7615,-1
169,95985,549.00,351.00,22.00,34.00,1,1,0.5009,-1
169,25061,942.00,313.00,12.00,16.00,1,7,0.9048,-1
169,42737,874.00,299.00,24.00,15.00,1,7,1.0000,-1
170,18606,559.00,0.00,59.00,97.00,1,1,0.5945,-1
170,69320,621.00,323.00,90.00,59.00,1,1,0.7617,-1
170,95985,560.00,351.00,23.00,34.00,1,1,0.5036,-1
170,25061,960.00,312.00,12.00,16.00,1,7,0.9086,-1
170,42737,890.00,298.00,25.00,15.00,1,7,1.0000,-1
170,49500,937.00,388.00,0.00,0.00,1,7,0.0049,-1
171,18606,569.00,0.00,58.00,100.00,1,1,0.6056,-1
171,69320,591.00,325.00,128.00,59.00,1,1,0.7631,-1
171,95985,568.00,353.00,22.00,34.00,1,1,0.5031,-1
171,25061,973.00,314.00,12.00,17.00,1,7,0.9176,-1
171,42737,901.00,300.00,25.00,16.00,1,1,1.0000,-1
171,49500,949.00,391.00,0.00,1.00,1,7,0.0096,-1
172,18606,571.00,0.00,59.00,103.00,1,1,0.6162,-1
172,69320,630.00,328.00,91.00,59.00,1,1,0.7635,-1
172,95985,570.00,355.00,22.00,35.00,1,1,0.5036,-1
172,25061,976.00,318.00,12.00,16.00,1,7,0.9135,-1
172,42737,904.00,304.00,25.00,15.00,1,7,1.0000,-1
172,49500,952.00,395.00,0.00,0.00,1,7,0.0048,-1
173,18606,573.00,0.00,60.00,98.00,1,1,0.5968,-1
173,69320,597.00,324.00,129.00,59.00,1,1,0.7641,-1
173,95985,574.00,352.00,22.00,34.00,1,1,0.4987,-1
173,25061,985.00,312.00,12.00,16.00,1,7,0.9101,-1
173,42737,912.00,298.00,25.00,15.00,1,7,1.0000,-1
174,18606,584.00,0.00,60.00,96.00,1,1,0.5903,-1
174,69320,646.00,322.00,93.00,60.00,1,1,0.7656,-1
174,95985,586.00,351.00,22.00,35.00,1,1,0.5004,-1
174,25061,1004.00,309.00,13.00,17.00,1,7,0.9196,-1
174,42737,929.00,296.00,26.00,15.00,1,7,1.0000,-1
174,49500,979.00,388.00,0.00,1.00,1,7,0.0086,-1
175,18606,592.00,0.00,60.00,99.00,1,1,0.6005,-1
175,69320,653.00,324.00,94.00,61.00,1,1,0.7661,-1
175,95985,592.00,353.00,23.00,35.00,1,1,0.4996,-1
175,25061,1016.00,312.00,7.00,16.00,1,7,0.8731,-1
175,42737,939.00,298.00,27.00,16.00,1,1,1.0000,-1
175,49500,990.00,392.00,0.00,0.00,1,7,0.0042,-1
176,18606,597.00,0.00,59.00,100.00,1,1,0.6066,-1
176,69320,657.00,326.00,94.00,60.00,1,1,0.7657,-1
176,95985,596.00,354.00,22.00,35.00,1,1,0.4978,-1
176,25061,1023.00,320.00,0.00,4.00,1,7,0.2174,-1
176,42737,945.00,300.00,27.00,15.00,1,7,1.0000,-1
177,18606,600.00,0.00,60.00,99.00,1,1,0.5974,-1
177,69320,661.00,325.00,95.00,60.00,1,1,0.7672,-1
177,95985,600.00,353.00,23.00,35.00,1,1,0.4974,-1
177,42737,953.00,297.00,27.00,16.00,1,1,1.0000,-1
178,18606,604.00,0.00,60.00,95.00,1,1,0.5820,-1
178,69320,667.00,322.00,95.00,61.00,1,1,0.7677,-1
178,95985,606.00,351.00,22.00,35.00,1,1,0.4935,-1
178,42737,962.00,293.00,28.00,16.00,1,1,1.0000,-1
178,49500,1016.00,389.00,0.00,0.00,1,7,0.0139,-1
179,18606,615.00,0.00,61.00,95.00,1,1,0.5840,-1
179,69320,678.00,323.00,96.00,61.00,1,1,0.7677,-1
179,95985,616.00,352.00,23.00,35.00,1,1,0.4966,-1
179,42737,979.00,293.00,28.00,17.00,1,1,1.0000,-1
180,18606,618.00,0.00,61.00,97.00,1,1,0.5909,-1
180,69320,681.00,324.00,96.00,61.00,1,1,0.7693,-1
180,95985,619.00,353.00,22.00,35.00,1,1,0.4961,-1
180,42737,984.00,295.00,29.00,17.00,1,1,1.0000,-1
181,18606,623.00,0.00,60.00,94.00,1,1,0.5747,-1
181,69320,647.00,322.00,137.00,61.00,1,1,0.7680,-1
181,95985,624.00,352.00,22.00,34.00,1,1,0.4872,-1
181,42737,993.00,291.00,30.00,17.00,1,1,1.0000,-1
182,18606,627.00,0.00,61.00,94.00,1,1,0.5736,-1
182,69320,690.00,322.00,99.00,61.00,1,1,0.7709,-1
182,95985,628.00,352.00,23.00,34.00,1,1,0.4894,-1
182,42737,1001.00,291.00,22.00,17.00,1,1,1.0000,-1
183,18606,632.00,0.00,60.00,94.00,1,1,0.5698,-1
183,69320,695.00,322.00,100.00,61.00,1,1,0.7714,-1
183,95985,633.00,352.00,23.00,35.00,1,1,0.4882,-1
183,42737,1010.00,291.00,13.00,16.00,1,7,1.0000,-1
184,18606,636.00,0.00,61.00,93.00,1,1,0.5671,-1
184,69320,700.00,322.00,100.00,62.00,1,1,0.7713,-1
184,95985,638.00,352.00,22.00,35.00,1,1,0.4853,-1
184,42737,1018.00,292.00,5.00,13.00,1,7,1.0000,-1
185,18606,641.00,0.00,61.00,92.00,1,1,0.5645,-1
185,69320,705.00,322.00,101.00,62.00,1,1,0.7723,-1
185,95985,643.00,352.00,22.00,35.00,1,1,0.4841,-1
186,18606,654.00,0.00,61.00,91.00,1,1,0.5577,-1
186,69320,718.00,321.00,102.00,63.00,1,1,0.7735,-1
186,95985,654.00,352.00,23.00,35.00,1,1,0.4865,-1
187,18606,665.00,0.00,61.00,91.00,1,1,0.5543,-1
187,69320,729.00,321.00,104.00,63.00,1,1,0.7742,-1
187,95985,665.00,352.00,23.00,35.00,1,1,0.4887,-1
188,18606,675.00,0.00,61.00,90.00,1,1,0.5512,-1
188,69320,738.00,321.00,106.00,63.00,1,1,0.7748,-1
188,95985,673.00,352.00,24.00,35.00,1,1,0.4932,-1
189,18606,682.00,0.00,61.00,89.00,1,1,0.5509,-1
189,69320,746.00,320.00,106.00,64.00,1,1,0.7746,-1
189,95985,680.00,352.00,24.00,35.00,1,1,0.4929,-1
190,18606,689.00,0.00,62.00,88.00,1,1,0.5488,-1
190,69320,711.00,320.00,149.00,64.00,1,1,0.7733,-1
190,95985,686.00,352.00,24.00,35.00,1,1,0.4969,-1
191,18606,703.00,0.00,55.00,87.00,1,1,0.5434,-1
191,69320,759.00,320.00,108.00,64.00,1,1,0.7754,-1
191,95985,692.00,351.00,25.00,36.00,1,1,0.5015,-1
192,18606,712.00,0.00,53.00,86.00,1,1,0.5404,-1
192,69320,766.00,319.00,109.00,65.00,1,1,0.7745,-1
192,95985,698.00,351.00,25.00,36.00,1,1,0.5065,-1
193,18606,721.00,0.00,54.00,84.00,1,1,0.5351,-1
193,69320,774.00,319.00,110.00,65.00,1,1,0.7756,-1
193,95985,705.00,351.00,26.00,36.00,1,1,0.5075,-1
194,18606,728.00,0.00,54.00,83.00,1,1,0.5295,-1
194,69320,782.00,319.00,112.00,65.00,1,1,0.7754,-1
194,95985,713.00,351.00,25.00,36.00,1,1,0.5085,-1
195,18606,734.00,0.00,55.00,82.00,1,1,0.5276,-1
195,69320,789.00,318.00,114.00,66.00,1,1,0.7757,-1
195,95985,719.00,351.00,26.00,36.00,1,1,0.5102,-1
196,18606,741.00,0.00,54.00,82.00,1,1,0.5248,-1
196,69320,753.00,318.00,159.00,66.00,1,1,0.7767,-1
196,95985,726.00,351.00,26.00,37.00,1,1,0.5098,-1
197,18606,749.00,0.00,55.00,80.00,1,1,0.5225,-1
197,69320,805.00,318.00,116.00,66.00,1,1,0.7764,-1
197,95985,734.00,351.00,26.00,37.00,1,1,0.5125,-1
198,18606,756.00,0.00,56.00,80.00,1,1,0.5211,-1
198,69320,768.00,318.00,162.00,66.00,1,1,0.7768,-1
198,95985,740.00,351.00,27.00,37.00,1,1,0.5176,-1
199,18606,764.00,0.00,56.00,79.00,1,1,0.5180,-1
199,69320,821.00,317.00,119.00,67.00,1,1,0.7763,-1
199,95985,747.00,351.00,28.00,37.00,1,1,0.5191,-1
200,18606,772.00,0.00,56.00,78.00,1,1,0.5151,-1
200,69320,829.00,317.00,120.00,67.00,1,1,0.7767,-1
200,95985,754.00,351.00,28.00,37.00,1,1,0.5212,-1
201,18606,780.00,0.00,56.00,77.00,1,1,0.5135,-1
201,69320,836.00,317.00,122.00,67.00,1,1,0.7761,-1
201,95985,761.00,351.00,28.00,37.00,1,1,0.5240,-1
202,18606,788.00,0.00,56.00,76.00,1,1,0.5110,-1
202,69320,845.00,316.00,122.00,69.00,1,1,0.7763,-1
202,95985,768.00,350.00,29.00,38.00,1,1,0.5283,-1
203,18606,798.00,0.00,56.00,73.00,1,1,0.5004,-1
203,69320,853.00,316.00,125.00,68.00,1,1,0.7769,-1
203,95985,775.00,350.00,29.00,38.00,1,1,0.5316,-1
204,18606,807.00,0.00,56.00,71.00,1,1,0.4923,-1
204,69320,862.00,315.00,127.00,69.00,1,1,0.7769,-1
204,95985,783.00,349.00,29.00,39.00,1,1,0.5327,-1
205,18606,815.00,0.00,56.00,68.00,1,1,0.4844,-1
205,69320,871.00,315.00,128.00,69.00,1,1,0.7779,-1
205,95985,790.00,349.00,30.00,39.00,1,1,0.5345,-1
206,18606,822.00,0.00,56.00,66.00,1,1,0.4770,-1
206,69320,879.00,314.00,131.00,71.00,1,1,0.7784,-1
206,95985,798.00,349.00,30.00,39.00,1,1,0.5353,-1
207,18606,829.00,0.00,56.00,65.00,1,1,0.4733,-1
207,69320,887.00,314.00,133.00,71.00,1,1,0.7798,-1
207,95985,805.00,349.00,31.00,39.00,1,1,0.5367,-1
208,18606,838.00,0.00,56.00,64.00,1,1,0.4679,-1
208,69320,898.00,313.00,125.00,72.00,1,1,0.7770,-1
208,95985,815.00,349.00,31.00,40.00,1,1,0.5388,-1
209,18606,849.00,0.00,56.00,62.00,1,1,0.4598,-1
209,69320,910.00,312.00,113.00,73.00,1,1,0.7646,-1
209,95985,825.00,349.00,32.00,39.00,1,1,0.5394,-1
210,18606,858.00,0.00,56.00,60.00,1,1,0.4549,-1
210,69320,866.00,312.00,157.00,73.00,1,1,0.7488,-1
210,95985,833.00,349.00,32.00,40.00,1,1,0.5444,-1
211,18606,867.00,0.00,56.00,58.00,1,1,0.4504,-1
211,69320,928.00,312.00,95.00,73.00,1,1,0.7299,-1
211,95985,840.00,349.00,34.00,40.00,1,1,0.5463,-1
212,18606,876.00,0.00,56.00,57.00,1,1,0.4445,-1
212,69320,937.00,311.00,86.00,74.00,1,1,0.7065,-1
212,95985,848.00,348.00,34.00,41.00,1,1,0.5498,-1
213,18606,885.00,0.00,56.00,55.00,1,1,0.4416,-1
213,69320,947.00,311.00,76.00,74.00,1,1,0.6755,-1
213,95985,856.00,348.00,35.00,41.00,1,1,0.5503,-1
214,18606,895.00,0.00,55.00,53.00,1,1,0.4333,-1
214,69320,956.00,310.00,67.00,75.00,1,1,0.6388,-1
214,95985,864.00,348.00,35.00,41.00,1,1,0.5540,-1
215,18606,904.00,0.00,55.00,51.00,1,1,0.4277,-1
215,69320,966.00,310.00,57.00,75.00,1,1,0.5920,-1
215,95985,872.00,348.00,36.00,41.00,1,1,0.5570,-1
216,18606,913.00,0.00,55.00,49.00,1,1,0.4206,-1
216,69320,976.00,311.00,47.00,74.00,1,1,0.5306,-1
216,95985,881.00,348.00,36.00,41.00,1,1,0.5583,-1
217,18606,923.00,0.00,55.00,47.00,1,1,0.4139,-1
217,69320,986.00,311.00,37.00,74.00,1,1,0.4499,-1
217,95985,889.00,348.00,37.00,41.00,1,1,0.5631,-1
218,18606,935.00,0.00,53.00,44.00,1,1,0.3971,-1
218,69320,996.00,313.00,27.00,72.00,1,1,0.3370,-1
218,95985,898.00,347.00,37.00,42.00,1,1,0.5616,-1
219,18606,943.00,0.00,53.00,42.00,1,1,0.3872,-1
219,69320,1005.00,314.00,18.00,68.00,1,7,0.2068,-1
219,95985,905.00,347.00,38.00,42.00,1,1,0.5647,-1
220,18606,956.00,0.00,50.00,39.00,1,1,0.3633,-1
220,69320,1018.00,340.00,5.00,20.00,1,7,0.0317,-1
220,95985,915.00,347.00,39.00,42.00,1,1,0.5673,-1
221,18606,969.00,0.00,47.00,36.00,1,1,0.3609,-1
221,95985,924.00,347.00,40.00,42.00,1,1,0.5676,-1
222,18606,980.00,0.00,43.00,32.00,1,1,0.3714,-1
222,95985,933.00,346.00,41.00,44.00,1,1,0.5670,-1
223,18606,997.00,0.00,26.00,29.00,1,1,0.3636,-1
223,69320,989.00,356.00,0.00,0.00,1,7,0.0013,-1
223,95985,946.00,346.00,42.00,44.00,1,1,0.5698,-1
224,18606,1015.00,0.00,8.00,10.00,1,7,0.0824,-1
224,95985,959.00,346.00,43.00,44.00,1,1,0.5915,-1
225,95985,968.00,345.00,44.00,45.00,1,1,0.6855,-1
226,95985,979.00,345.00,44.00,45.00,1,1,0.8873,-1
227,95985,975.00,355.00,44.00,45.00,1,1,0.8042,-1
228,69320,1014.00,370.00,0.00,0.00,1,7,0.0118,-1
228,95985,969.00,359.00,43.00,44.00,1,1,0.6815,-1
229,18606,1019.00,0.00,4.00,5.00,1,7,0.0354,-1
229,69320,1004.00,363.00,0.00,0.00,1,7,0.0045,-1
229,95985,961.00,352.00,41.00,45.00,1,1,0.5760,-1
230,18606,1006.00,0.00,17.00,16.00,1,7,0.2827,-1
230,95985,952.00,346.00,40.00,44.00,1,1,0.5267,-1
231,18606,995.00,0.00,21.00,16.00,1,7,0.1954,-1
231,95985,944.00,346.00,39.00,44.00,1,1,0.5128,-1
232,18606,984.00,0.00,19.00,15.00,1,7,0.1539,-1
232,95985,937.00,345.00,37.00,44.00,1,1,0.4998,-1
233,18606,973.00,0.00,17.00,14.00,1,7,0.1358,-1
233,95985,929.00,344.00,37.00,45.00,1,1,0.4842,-1
234,18606,961.00,0.00,16.00,12.00,1,7,0.1221,-1
234,69320,1022.00,339.00,1.00,8.00,1,7,0.0060,-1
234,95985,922.00,344.00,35.00,44.00,1,1,0.4697,-1
235,18606,950.00,0.00,14.00,11.00,1,7,0.1069,-1
235,69320,1012.00,315.00,11.00,46.00,1,7,0.0900,-1
235,95985,914.00,343.00,34.00,44.00,1,1,0.4533,-1
236,18606,938.00,0.00,13.00,10.00,1,7,0.0963,-1
236,69320,1002.00,306.00,21.00,72.00,1,1,0.2244,-1
236,95985,907.00,343.00,32.00,44.00,1,1,0.4376,-1
237,18606,926.00,0.00,11.00,10.00,1,7,0.0868,-1
237,69320,993.00,304.00,30.00,77.00,1,1,0.3551,-1
237,95985,899.00,343.00,31.00,44.00,1,1,0.4204,-1
238,18606,914.00,0.00,10.00,9.00,1,7,0.0779,-1
238,69320,983.00,301.00,40.00,81.00,1,1,0.4557,-1
238,95985,892.00,343.00,29.00,43.00,1,1,0.4024,-1
239,18606,901.00,0.00,10.00,8.00,1,7,0.0735,-1
239,69320,973.00,299.00,50.00,83.00,1,1,0.5336,-1
239,95985,884.00,343.00,29.00,43.00,1,1,0.3858,-1
240,18606,889.00,0.00,10.00,9.00,1,7,0.0715,-1
240,69320,963.00,299.00,60.00,83.00,1,1,0.5945,-1
240,95985,876.00,343.00,28.00,43.00,1,1,0.3686,-1
241,18606,876.00,0.00,10.00,8.00,1,7,0.0717,-1
241,69320,953.00,297.00,70.00,85.00,1,1,0.6419,-1
241,95985,869.00,344.00,26.00,42.00,1,1,0.3487,-1
242,18606,863.00,0.00,10.00,9.00,1,7,0.0714,-1
242,69320,943.00,297.00,80.00,86.00,1,1,0.6792,-1
242,95985,861.00,347.00,25.00,40.00,1,1,0.3300,-1
243,18606,851.00,0.00,10.00,9.00,1,7,0.0738,-1
243,69320,933.00,298.00,90.00,85.00,1,1,0.7104,-1
243,95985,853.00,347.00,24.00,40.00,1,1,0.3112,-1
244,18606,838.00,0.00,10.00,10.00,1,7,0.0738,-1
244,69320,924.00,298.00,99.00,86.00,1,1,0.7381,-1
244,95985,846.00,348.00,22.00,39.00,1,1,0.2916,-1
245,18606,825.00,0.00,11.00,10.00,1,7,0.0748,-1
245,69320,914.00,298.00,109.00,86.00,1,1,0.7610,-1
245,95985,838.00,348.00,21.00,39.00,1,1,0.2718,-1
246,18606,812.00,0.00,11.00,10.00,1,7,0.0736,-1
246,69320,904.00,299.00,119.00,85.00,1,1,0.7803,-1
246,95985,831.00,349.00,19.00,38.00,1,7,0.2533,-1
247,18606,799.00,0.00,11.00,10.00,1,7,0.0739,-1
247,69320,894.00,299.00,129.00,85.00,1,1,0.7958,-1
247,95985,823.00,349.00,18.00,38.00,1,7,0.2312,-1
248,18606,787.00,0.00,11.00,11.00,1,7,0.0711,-1
248,69320,884.00,299.00,139.00,86.00,1,1,0.8094,-1
248,95985,815.00,351.00,17.00,35.00,1,7,0.2104,-1
249,18606,775.00,0.00,10.00,11.00,1,7,0.0699,-1
249,69320,874.00,300.00,149.00,85.00,1,1,0.8195,-1
249,95985,808.00,351.00,14.00,34.00,1,7,0.1880,-1
250,18606,763.00,0.00,10.00,10.00,1,7,0.0651,-1
250,69320,865.00,300.00,158.00,86.00,1,1,0.8280,-1
250,95985,800.00,352.00,13.00,34.00,1,7,0.1675,-1
251,18606,752.00,0.00,9.00,10.00,1,7,0.0620,-1
251,69320,855.00,301.00,168.00,85.00,1,1,0.8334,-1
251,95985,793.00,353.00,11.00,33.00,1,7,0.1461,-1
252,18606,740.00,0.00,9.00,10.00,1,7,0.0576,-1
252,69320,846.00,301.00,176.00,85.00,1,1,0.8367,-1
252,95985,785.00,353.00,10.00,33.00,1,7,0.1242,-1
253,18606,729.00,0.00,9.00,9.00,1,7,0.0478,-1
253,69320,836.00,301.00,176.00,85.00,1,1,0.8388,-1
253,95985,778.00,354.00,8.00,31.00,1,7,0.1009,-1
254,18606,719.00,0.00,6.00,8.00,1,7,0.0359,-1
254,69320,827.00,301.00,175.00,86.00,1,1,0.8406,-1
254,95985,770.00,356.00,7.00,29.00,1,7,0.0782,-1
255,18606,708.00,0.00,5.00,6.00,1,7,0.0248,-1
255,69320,817.00,301.00,175.00,86.00,1,1,0.8423,-1
255,95985,763.00,358.00,5.00,24.00,1,7,0.0550,-1
256,18606,698.00,0.00,3.00,4.00,1,7,0.0150,-1
256,69320,808.00,301.00,174.00,86.00,1,1,0.8436,-1
256,95985,755.00,359.00,4.00,22.00,1,7,0.0346,-1
257,18606,687.00,0.00,38.00,2.00,1,7,0.0079,-1
257,69320,799.00,301.00,173.00,86.00,1,1,0.8459,-1
257,95985,748.00,361.00,2.00,18.00,1,7,0.0144,-1
258,18606,677.00,0.00,0.00,1.00,1,7,0.0023,-1
258,69320,789.00,301.00,172.00,85.00,1,1,0.8474,-1
258,95985,740.00,362.00,1.00,5.00,1,7,0.0041,-1
259,18606,701.00,0.00,0.00,1.00,1,7,0.0025,-1
259,69320,779.00,301.00,172.00,85.00,1,1,0.8496,-1
260,18606,688.00,0.00,0.00,0.00,1,7,0.0013,-1
260,69320,769.00,300.00,172.00,85.00,1,1,0.8512,-1
261,18606,676.00,0.00,0.00,0.00,1,7,0.0014,-1
261,69320,760.00,299.00,170.00,86.00,1,1,0.8530,-1
262,18606,663.00,0.00,0.00,1.00,1,7,0.0030,-1
262,69320,750.00,299.00,169.00,85.00,1,1,0.8550,-1
263,18606,650.00,0.00,0.00,2.00,1,7,0.0046,-1
263,69320,740.00,298.00,169.00,86.00,1,1,0.8566,-1
264,18606,637.00,0.00,1.00,2.00,1,7,0.0064,-1
264,69320,730.00,298.00,168.00,85.00,1,1,0.8585,-1
265,18606,624.00,0.00,1.00,2.00,1,7,0.0081,-1
265,69320,720.00,297.00,168.00,86.00,1,1,0.8606,-1
266,18606,611.00,0.00,1.00,3.00,1,7,0.0113,-1
266,69320,710.00,297.00,167.00,86.00,1,1,0.8624,-1
267,18606,597.00,0.00,3.00,5.00,1,7,0.0205,-1
267,69320,701.00,297.00,165.00,86.00,1,1,0.8650,-1
268,18606,584.00,0.00,4.00,5.00,1,7,0.0261,-1
268,69320,691.00,298.00,165.00,85.00,1,1,0.8666,-1
269,18606,571.00,0.00,4.00,7.00,1,7,0.0353,-1
269,69320,681.00,298.00,164.00,85.00,1,1,0.8682,-1
270,18606,558.00,0.00,5.00,8.00,1,7,0.0481,-1
270,69320,671.00,298.00,163.00,86.00,1,1,0.8700,-1
271,18606,545.00,0.00,6.00,9.00,1,7,0.0596,-1
271,69320,662.00,299.00,162.00,85.00,1,1,0.8723,-1
272,18606,532.00,0.00,8.00,11.00,1,7,0.0750,-1
272,69320,652.00,299.00,161.00,86.00,1,1,0.8747,-1
273,18606,519.00,0.00,8.00,13.00,1,7,0.0864,-1
273,69320,642.00,300.00,161.00,85.00,1,1,0.8764,-1
274,18606,505.00,0.00,10.00,13.00,1,7,0.1013,-1
274,69320,632.00,300.00,160.00,86.00,1,1,0.8786,-1
275,18606,492.00,0.00,10.00,15.00,1,7,0.1105,-1
275,69320,622.00,301.00,159.00,85.00,1,1,0.8804,-1
276,18606,479.00,0.00,11.00,16.00,1,7,0.1153,-1
276,69320,613.00,301.00,158.00,86.00,1,1,0.8823,-1
277,18606,466.00,0.00,12.00,16.00,1,7,0.1168,-1
277,69320,603.00,301.00,157.00,86.00,1,1,0.8856,-1
278,18606,454.00,0.00,12.00,18.00,1,7,0.1168,-1
278,69320,593.00,302.00,157.00,85.00,1,1,0.8869,-1
279,18606,441.00,0.00,13.00,18.00,1,7,0.1143,-1
279,69320,584.00,302.00,156.00,85.00,1,1,0.8898,-1
280,18606,430.00,0.00,12.00,17.00,1,7,0.1046,-1
280,69320,574.00,302.00,155.00,85.00,1,1,0.8916,-1
281,18606,418.00,0.00,13.00,17.00,1,7,0.0958,-1
281,69320,565.00,302.00,154.00,85.00,1,1,0.8942,-1
282,18606,406.00,0.00,13.00,16.00,1,7,0.0875,-1
282,69320,555.00,302.00,154.00,85.00,1,1,0.8963,-1
282,95985,590.00,385.00,0.00,0.00,1,7,0.0006,-1
283,18606,395.00,0.00,12.00,15.00,1,7,0.0803,-1
283,69320,546.00,301.00,153.00,85.00,1,1,0.8985,-1
283,95985,581.00,385.00,1.00,0.00,1,7,0.0012,-1
284,18606,384.00,0.00,11.00,15.00,1,7,0.0705,-1
284,69320,536.00,301.00,153.00,85.00,1,1,0.9006,-1
285,18606,373.00,0.00,10.00,14.00,1,7,0.0550,-1
285,69320,527.00,300.00,151.00,86.00,1,1,0.9033,-1
285,95985,563.00,384.00,3.00,1.00,1,7,0.0030,-1
286,18606,361.00,0.00,11.00,12.00,1,7,0.0448,-1
286,69320,517.00,300.00,151.00,85.00,1,1,0.9059,-1
286,95985,554.00,384.00,1.00,2.00,1,7,0.0030,-1
287,18606,351.00,2.00,8.00,10.00,1,7,0.0344,-1
287,69320,508.00,299.00,150.00,86.00,1,1,0.9087,-1
287,95985,545.00,383.00,3.00,4.00,1,7,0.0083,-1
288,18606,340.00,4.00,6.00,7.00,1,7,0.0197,-1
288,69320,498.00,299.00,149.00,85.00,1,1,0.9112,-1
288,95985,536.00,383.00,4.00,4.00,1,7,0.0101,-1
289,18606,330.00,7.00,3.00,4.00,1,7,0.0093,-1
289,69320,488.00,299.00,149.00,85.00,1,1,0.9137,-1
289,95985,526.00,383.00,6.00,4.00,1,7,0.0129,-1
290,18606,320.00,10.00,0.00,0.00,1,7,0.0016,-1
290,69320,478.00,298.00,148.00,86.00,1,1,0.9166,-1
290,95985,517.00,382.00,7.00,5.00,1,7,0.0186,-1
291,69320,468.00,298.00,148.00,85.00,1,1,0.9190,-1
291,95985,508.00,382.00,8.00,5.00,1,7,0.0207,-1
292,69320,458.00,298.00,148.00,85.00,1,1,0.9219,-1
292,95985,499.00,382.00,9.00,5.00,1,7,0.0205,-1
293,69320,448.00,298.00,147.00,85.00,1,1,0.9241,-1
293,95985,489.00,383.00,12.00,4.00,1,7,0.0242,-1
294,69320,439.00,298.00,146.00,86.00,1,1,0.9266,-1
294,95985,480.00,383.00,13.00,4.00,1,7,0.0255,-1
295,69320,429.00,298.00,145.00,86.00,1,1,0.9289,-1
295,95985,471.00,383.00,15.00,5.00,1,7,0.0265,-1
296,18606,244.00,0.00,0.00,0.00,1,7,0.0013,-1
296,69320,419.00,299.00,145.00,85.00,1,1,0.9315,-1
296,95985,462.00,383.00,19.00,5.00,1,7,0.0311,-1
297,18606,230.00,0.00,1.00,1.00,1,7,0.0036,-1
297,69320,409.00,299.00,144.00,86.00,1,1,0.9341,-1
297,95985,453.00,383.00,22.00,5.00,1,7,0.0323,-1
298,18606,217.00,0.00,2.00,2.00,1,7,0.0068,-1
298,69320,400.00,300.00,143.00,85.00,1,1,0.9369,-1
298,95985,443.00,383.00,26.00,6.00,1,7,0.0379,-1
299,18606,203.00,0.00,4.00,3.00,1,7,0.0149,-1
299,69320,390.00,300.00,143.00,86.00,1,1,0.9388,-1
299,95985,434.00,383.00,28.00,6.00,1,7,0.0421,-1
300,18606,189.00,0.00,6.00,5.00,1,7,0.0233,-1
300,69320,380.00,301.00,142.00,85.00,1,1,0.9413,-1
300,95985,425.00,382.00,31.00,8.00,1,7,0.0463,-1
301,18606,175.00,0.00,7.00,6.00,1,7,0.0310,-1
301,69320,370.00,301.00,142.00,86.00,1,1,0.9440,-1
301,95985,417.00,383.00,31.00,7.00,1,7,0.0509,-1
302,18606,162.00,0.00,8.00,8.00,1,7,0.0397,-1
302,69320,361.00,302.00,140.00,85.00,1,1,0.9460,-1
302,95985,409.00,383.00,31.00,8.00,1,7,0.0580,-1
303,18606,150.00,0.00,8.00,9.00,1,7,0.0391,-1
303,69320,351.00,303.00,140.00,85.00,1,1,0.9485,-1
303,95985,397.00,383.00,36.00,8.00,1,7,0.0628,-1
304,18606,138.00,0.00,8.00,10.00,1,7,0.0366,-1
304,69320,341.00,303.00,140.00,85.00,1,1,0.9508,-1
304,95985,394.00,383.00,32.00,9.00,1,7,0.0657,-1
305,18606,127.00,0.00,6.00,9.00,1,7,0.0305,-1
305,69320,332.00,303.00,138.00,85.00,1,1,0.9534,-1
305,95985,385.00,383.00,33.00,9.00,1,7,0.0705,-1
306,18606,116.00,0.00,5.00,8.00,1,7,0.0246,-1
306,69320,322.00,303.00,138.00,85.00,1,1,0.9567,-1
306,95985,377.00,382.00,34.00,10.00,1,7,0.0764,-1
307,18606,105.00,0.00,4.00,6.00,1,7,0.0177,-1
307,69320,312.00,303.00,138.00,85.00,1,1,0.9588,-1
307,95985,370.00,381.00,34.00,11.00,1,7,0.0844,-1
308,18606,94.00,0.00,3.00,5.00,1,7,0.0123,-1
308,69320,303.00,303.00,137.00,85.00,1,1,0.9616,-1
308,95985,360.00,380.00,37.00,11.00,1,7,0.0950,-1
309,18606,83.00,0.00,2.00,3.00,1,7,0.0060,-1
309,69320,293.00,302.00,137.00,85.00,1,1,0.9636,-1
309,95985,352.00,379.00,38.00,12.00,1,7,0.0994,-1
310,18606,73.00,0.00,0.00,0.00,1,7,0.0009,-1
310,69320,284.00,302.00,136.00,85.00,1,1,0.9664,-1
310,95985,342.00,378.00,40.00,12.00,1,7,0.1079,-1
311,69320,274.00,301.00,136.00,85.00,1,1,0.9680,-1
311,95985,334.00,376.00,42.00,14.00,1,7,0.1140,-1
312,18606,33.00,0.00,3.00,4.00,1,7,0.0061,-1
312,69320,260.00,305.00,136.00,85.00,1,1,0.9698,-1
312,95985,322.00,379.00,43.00,14.00,1,7,0.1191,-1
313,18606,0.00,0.00,2.00,3.00,1,7,0.0039,-1
313,69320,240.00,307.00,137.00,87.00,1,1,0.9705,-1
313,95985,304.00,382.00,44.00,15.00,1,7,0.1217,-1
314,69320,215.00,307.00,141.00,88.00,1,1,0.9719,-1
314,95985,283.00,382.00,44.00,15.00,1,7,0.1254,-1
315,69320,193.00,301.00,145.00,89.00,1,1,0.9721,-1
315,95985,261.00,378.00,47.00,15.00,1,7,0.1265,-1
316,69320,182.00,292.00,149.00,91.00,1,1,0.9709,-1
316,95985,252.00,371.00,47.00,15.00,1,7,0.1279,-1
317,69320,171.00,293.00,150.00,91.00,1,1,0.9715,-1
317,95985,241.00,372.00,49.00,16.00,1,7,0.1292,-1
318,69320,160.00,296.00,151.00,92.00,1,1,0.9722,-1
318,95985,232.00,376.00,48.00,15.00,1,7,0.1304,-1
319,69320,146.00,294.00,154.00,92.00,1,1,0.9714,-1
319,95985,219.00,374.00,50.00,15.00,1,7,0.1302,-1
320,69320,134.00,293.00,157.00,92.00,1,1,0.9716,-1
320,95985,208.00,373.00,52.00,16.00,1,7,0.1337,-1
321,69320,123.00,292.00,159.00,93.00,1,1,0.9719,-1
321,95985,198.00,373.00,53.00,16.00,1,7,0.1342,-1
322,69320,115.00,289.00,160.00,94.00,1,1,0.9722,-1
322,95985,192.00,371.00,52.00,16.00,1,7,0.1350,-1
323,69320,107.00,288.00,162.00,94.00,1,1,0.9727,-1
323,95985,185.00,370.00,53.00,17.00,1,7,0.1366,-1
323,42737,1017.00,245.00,6.00,19.00,1,7,1.0000,-1
324,69320,100.00,288.00,163.00,95.00,1,1,0.9728,-1
324,95985,179.00,370.00,54.00,17.00,1,7,0.1380,-1
324,42737,1010.00,242.00,13.00,25.00,1,7,1.0000,-1
325,69320,91.00,287.00,165.00,96.00,1,1,0.9735,-1
325,95985,172.00,370.00,54.00,17.00,1,7,0.1383,-1
325,42737,1002.00,241.00,21.00,27.00,1,1,1.0000,-1
326,69320,80.00,288.00,166.00,96.00,1,1,0.9739,-1
326,95985,162.00,371.00,55.00,17.00,1,7,0.1413,-1
326,42737,991.00,241.00,32.00,27.00,1,1,1.0000,-1
327,69320,68.00,291.00,168.00,96.00,1,1,0.9747,-1
327,95985,152.00,374.00,56.00,17.00,1,7,0.1445,-1
327,42737,979.00,242.00,40.00,27.00,1,1,1.0000,-1
328,69320,51.00,288.00,172.00,98.00,1,1,0.9746,-1
328,95985,137.00,372.00,58.00,18.00,1,7,0.1447,-1
328,42737,965.00,244.00,39.00,26.00,1,1,1.0000,-1
329,69320,43.00,284.00,174.00,98.00,1,1,0.9747,-1
329,95985,130.00,368.00,59.00,18.00,1,7,0.1489,-1
329,42737,960.00,244.00,39.00,27.00,1,1,1.0000,-1
330,69320,37.00,288.00,174.00,99.00,1,1,0.9757,-1
330,95985,125.00,371.00,59.00,20.00,1,7,0.1484,-1
330,42737,953.00,245.00,38.00,26.00,1,1,1.0000,-1
331,69320,23.00,289.00,178.00,100.00,1,1,0.9755,-1
331,95985,114.00,372.00,60.00,21.00,1,7,0.1502,-1
331,42737,942.00,246.00,37.00,26.00,1,1,1.0000,-1
332,69320,6.00,286.00,182.00,101.00,1,1,0.9758,-1
332,95985,100.00,370.00,61.00,21.00,1,7,0.1521,-1
332,42737,929.00,248.00,36.00,25.00,1,1,1.0000,-1
333,69320,0.00,282.00,178.00,102.00,1,1,0.9830,-1
333,95985,88.00,367.00,63.00,21.00,1,7,0.1539,-1
333,42737,920.00,249.00,36.00,25.00,1,1,1.0000,-1
334,69320,0.00,280.00,171.00,103.00,1,1,0.9893,-1
334,95985,80.00,365.00,64.00,22.00,1,7,0.1564,-1
334,42737,913.00,249.00,36.00,25.00,1,1,1.0000,-1
335,69320,0.00,283.00,160.00,103.00,1,1,0.9980,-1
335,95985,69.00,367.00,66.00,23.00,1,7,0.1588,-1
335,42737,903.00,250.00,35.00,25.00,1,1,1.0000,-1
336,69320,0.00,285.00,144.00,105.00,1,1,1.0000,-1
336,95985,51.00,369.00,68.00,24.00,1,7,0.1599,-1
336,25061,1015.00,268.00,8.00,23.00,1,7,1.0000,-1
336,42737,889.00,252.00,34.00,24.00,1,1,1.0000,-1
337,69320,0.00,281.00,127.00,107.00,1,1,1.0000,-1
337,95985,32.00,366.00,71.00,26.00,1,7,0.1630,-1
337,25061,997.00,270.00,24.00,27.00,1,1,1.0000,-1
337,42737,875.00,253.00,33.00,25.00,1,1,1.0000,-1
338,69320,0.00,276.00,119.00,108.00,1,1,1.0000,-1
338,95985,22.00,362.00,73.00,26.00,1,7,0.1733,-1
338,25061,990.00,271.00,24.00,26.00,1,1,0.9979,-1
338,42737,869.00,253.00,33.00,25.00,1,1,1.0000,-1
339,69320,0.00,283.00,107.00,105.00,1,1,1.0000,-1
339,95985,9.00,367.00,75.00,27.00,1,7,0.1970,-1
339,25061,978.00,272.00,23.00,25.00,1,1,0.9978,-1
339,42737,859.00,254.00,32.00,24.00,1,1,1.0000,-1
340,69320,0.00,278.00,93.00,103.00,1,1,1.0000,-1
340,95985,0.00,363.00,70.00,27.00,1,1,0.2438,-1
340,25061,966.00,273.00,22.00,26.00,1,1,1.0000,-1
340,42737,849.00,255.00,32.00,24.00,1,1,1.0000,-1
341,69320,0.00,276.00,86.00,103.00,1,1,1.0000,-1
341,95985,0.00,360.00,64.00,29.00,1,1,0.2655,-1
341,25061,961.00,274.00,22.00,25.00,1,1,1.0000,-1
341,42737,845.00,255.00,31.00,24.00,1,1,1.0000,-1
342,69320,0.00,281.00,77.00,101.00,1,1,1.0000,-1
342,95985,0.00,364.00,55.00,29.00,1,1,0.2940,-1
342,25061,952.00,274.00,22.00,26.00,1,1,1.0000,-1
342,42737,838.00,257.00,31.00,23.00,1,1,1.0000,-1
343,69320,0.00,279.00,62.00,100.00,1,1,1.0000,-1
343,95985,0.00,364.00,39.00,29.00,1,1,0.3603,-1
343,25061,939.00,276.00,21.00,25.00,1,1,0.9976,-1
343,42737,826.00,258.00,31.00,23.00,1,1,1.0000,-1
344,69320,0.00,279.00,48.00,92.00,1,1,1.0000,-1
344,95985,0.00,360.00,26.00,28.00,1,1,0.4310,-1
344,25061,929.00,276.00,21.00,25.00,1,1,1.0000,-1
344,42737,818.00,258.00,30.00,23.00,1,1,1.0000,-1
345,69320,0.00,286.00,37.00,86.00,1,1,1.0000,-1
345,95985,0.00,362.00,16.00,24.00,1,7,0.5343,-1
345,25061,920.00,277.00,21.00,25.00,1,1,1.0000,-1
345,42737,810.00,259.00,30.00,23.00,1,1,1.0000,-1
346,69320,0.00,300.00,18.00,56.00,1,7,1.0000,-1
346,25061,906.00,278.00,20.00,25.00,1,7,1.0000,-1
346,42737,798.00,260.00,30.00,23.00,1,1,1.0000,-1
347,69320,0.00,311.00,2.00,9.00,1,7,1.0000,-1
347,25061,895.00,279.00,20.00,25.00,1,7,1.0000,-1
347,42737,789.00,261.00,29.00,23.00,1,1,1.0000,-1
348,25061,888.00,280.00,20.00,24.00,1,7,1.0000,-1
348,42737,783.00,261.00,29.00,23.00,1,1,1.0000,-1
349,25061,884.00,280.00,20.00,24.00,1,7,1.0000,-1
349,42737,780.00,261.00,28.00,23.00,1,1,1.0000,-1
350,25061,873.00,281.00,19.00,24.00,1,7,1.0000,-1
350,42737,771.00,263.00,28.00,22.00,1,1,1.0000,-1
351,25061,862.00,282.00,18.00,24.00,1,7,1.0000,-1
351,42737,761.00,263.00,27.00,23.00,1,1,1.0000,-1
352,25061,852.00,283.00,19.00,23.00,1,7,1.0000,-1
352,42737,752.00,264.00,28.00,22.00,1,1,1.0000,-1
353,25061,844.00,283.00,18.00,24.00,1,7,1.0000,-1
353,42737,745.00,264.00,27.00,23.00,1,1,1.0000,-1
354,25061,831.00,284.00,18.00,23.00,1,7,1.0000,-1
354,42737,734.00,265.00,26.00,22.00,1,1,1.0000,-1
355,25061,821.00,285.00,18.00,23.00,1,7,1.0000,-1
355,42737,725.00,266.00,27.00,22.00,1,1,1.0000,-1
356,25061,815.00,285.00,18.00,23.00,1,7,1.0000,-1
356,42737,720.00,266.00,26.00,22.00,1,1,1.0000,-1
357,25061,810.00,286.00,17.00,22.00,1,7,1.0000,-1
357,42737,715.00,267.00,26.00,21.00,1,1,1.0000,-1
358,25061,805.00,286.00,16.00,23.00,1,7,1.0000,-1
358,42737,711.00,267.00,25.00,22.00,1,1,1.0000,-1
359,25061,799.00,287.00,17.00,22.00,1,7,0.9966,-1
359,42737,706.00,267.00,26.00,22.00,1,1,1.0000,-1
360,25061,794.00,287.00,16.00,22.00,1,7,1.0000,-1
360,42737,701.00,268.00,26.00,21.00,1,1,1.0000,-1
361,25061,789.00,287.00,16.00,23.00,1,7,1.0000,-1
361,42737,697.00,268.00,25.00,21.00,1,1,1.0000,-1
362,25061,784.00,288.00,16.00,22.00,1,7,1.0000,-1
362,42737,692.00,268.00,25.00,22.00,1,1,1.0000,-1
363,25061,778.00,288.00,17.00,22.00,1,7,1.0000,-1
363,42737,688.00,268.00,25.00,22.00,1,1,1.0000,-1
364,25061,773.00,288.00,17.00,23.00,1,7,1.0000,-1
364,42737,683.00,269.00,25.00,21.00,1,1,1.0000,-1
365,25061,768.00,289.00,16.00,22.00,1,7,1.0000,-1
365,42737,679.00,269.00,24.00,21.00,1,1,1.0000,-1
366,25061,763.00,289.00,16.00,22.00,1,7,1.0000,-1
366,42737,674.00,269.00,25.00,22.00,1,1,1.0000,-1
367,25061,758.00,289.00,16.00,22.00,1,7,1.0000,-1
367,42737,669.00,269.00,25.00,22.00,1,1,1.0000,-1
368,25061,752.00,292.00,16.00,22.00,1,7,1.0000,-1
368,42737,665.00,272.00,24.00,21.00,1,1,1.0000,-1
369,25061,748.00,292.00,15.00,22.00,1,7,1.0000,-1
369,42737,660.00,271.00,25.00,22.00,1,1,1.0000,-1
370,25061,739.00,293.00,16.00,21.00,1,7,0.9962,-1
370,42737,653.00,272.00,24.00,21.00,1,1,1.0000,-1
371,25061,733.00,292.00,15.00,22.00,1,7,1.0000,-1
371,42737,647.00,272.00,24.00,21.00,1,1,1.0000,-1
372,25061,726.00,292.00,15.00,21.00,1,7,1.0000,-1
372,42737,641.00,272.00,24.00,21.00,1,1,1.0000,-1
373,25061,718.00,292.00,15.00,22.00,1,7,1.0000,-1
373,42737,633.00,272.00,24.00,21.00,1,1,1.0000,-1
374,25061,712.00,293.00,15.00,21.00,1,7,1.0000,-1
374,42737,628.00,272.00,23.00,21.00,1,1,1.0000,-1
375,25061,707.00,294.00,15.00,21.00,1,7,1.0000,-1
375,42737,624.00,273.00,23.00,21.00,1,1,1.0000,-1
376,25061,702.00,296.00,14.00,21.00,1,7,1.0000,-1
376,42737,618.00,275.00,24.00,21.00,1,1,1.0000,-1
377,25061,695.00,297.00,15.00,22.00,1,7,1.0000,-1
377,42737,612.00,276.00,24.00,21.00,1,1,1.0000,-1
378,25061,690.00,297.00,14.00,21.00,1,7,1.0000,-1
378,42737,607.00,276.00,24.00,21.00,1,1,1.0000,-1
379,25061,684.00,296.00,14.00,22.00,1,7,1.0000,-1
379,42737,602.00,275.00,23.00,21.00,1,1,1.0000,-1
380,25061,678.00,296.00,14.00,21.00,1,7,1.0000,-1
380,42737,596.00,275.00,23.00,20.00,1,1,1.0000,-1
381,25061,669.00,295.00,14.00,21.00,1,7,1.0000,-1
381,42737,588.00,275.00,23.00,20.00,1,1,1.0000,-1
382,25061,663.00,296.00,14.00,21.00,1,7,1.0000,-1
382,42737,582.00,275.00,23.00,20.00,1,1,1.0000,-1
383,25061,657.00,298.00,14.00,20.00,1,7,0.9955,-1
383,42737,576.00,276.00,23.00,20.00,1,1,1.0000,-1
384,25061,651.00,298.00,13.00,21.00,1,7,1.0000,-1
384,42737,570.00,276.00,23.00,21.00,1,1,1.0000,-1
385,25061,644.00,297.00,14.00,21.00,1,7,1.0000,-1
385,42737,564.00,276.00,23.00,20.00,1,1,1.0000,-1
386,25061,638.00,297.00,13.00,21.00,1,7,1.0000,-1
386,42737,558.00,276.00,22.00,20.00,1,1,1.0000,-1
387,25061,631.00,298.00,13.00,20.00,1,7,1.0000,-1
387,42737,551.00,276.00,23.00,20.00,1,1,1.0000,-1
388,25061,626.00,298.00,13.00,20.00,1,7,1.0000,-1
388,42737,546.00,276.00,23.00,20.00,1,1,1.0000,-1
389,25061,621.00,300.00,13.00,20.00,1,7,1.0000,-1
389,42737,542.00,278.00,22.00,20.00,1,1,1.0000,-1
390,25061,615.00,301.00,13.00,21.00,1,7,1.0000,-1
390,42737,537.00,279.00,22.00,20.00,1,1,1.0000,-1
391,25061,611.00,299.00,13.00,21.00,1,7,1.0000,-1
391,42737,532.00,277.00,22.00,20.00,1,1,1.0000,-1
392,25061,606.00,299.00,13.00,20.00,1,7,1.0000,-1
392,42737,527.00,276.00,22.00,21.00,1,1,1.0000,-1
393,25061,602.00,299.00,13.00,20.00,1,7,1.0000,-1
393,42737,523.00,276.00,22.00,21.00,1,1,1.0000,-1
394,25061,597.00,299.00,13.00,20.00,1,7,0.9952,-1
394,42737,519.00,276.00,22.00,21.00,1,1,1.0000,-1
395,25061,593.00,300.00,13.00,20.00,1,7,1.0000,-1
395,42737,515.00,277.00,22.00,20.00,1,1,1.0000,-1
396,25061,589.00,300.00,13.00,21.00,1,7,1.0000,-1
396,42737,511.00,278.00,22.00,20.00,1,1,1.0000,-1
397,25061,584.00,300.00,13.00,21.00,1,7,1.0000,-1
397,42737,506.00,277.00,22.00,21.00,1,1,1.0000,-1
398,25061,579.00,299.00,12.00,21.00,1,7,1.0000,-1
398,42737,501.00,276.00,22.00,21.00,1,1,1.0000,-1
399,25061,573.00,300.00,13.00,20.00,1,7,1.0000,-1
399,42737,495.00,277.00,22.00,20.00,1,1,1.0000,-1
400,25061,569.00,300.00,13.00,20.00,1,7,1.0000,-1
400,42737,491.00,277.00,22.00,20.00,1,1,1.0000,-1
401,25061,564.00,300.00,13.00,20.00,1,7,1.0000,-1
401,42737,486.00,277.00,23.00,20.00,1,1,1.0000,-1
402,25061,558.00,300.00,13.00,20.00,1,7,1.0000,-1
402,42737,481.00,277.00,22.00,20.00,1,1,1.0000,-1
403,25061,553.00,300.00,13.00,20.00,1,7,1.0000,-1
403,42737,475.00,276.00,22.00,21.00,1,1,1.0000,-1
404,25061,546.00,300.00,13.00,20.00,1,7,1.0000,-1
404,42737,468.00,276.00,23.00,20.00,1,1,1.0000,-1
405,25061,544.00,300.00,13.00,20.00,1,7,1.0000,-1
405,42737,466.00,276.00,23.00,21.00,1,1,1.0000,-1
406,25061,540.00,299.00,12.00,21.00,1,7,1.0000,-1
406,42737,462.00,276.00,22.00,20.00,1,1,1.0000,-1
407,25061,532.00,300.00,13.00,20.00,1,7,1.0000,-1
407,42737,454.00,276.00,23.00,20.00,1,1,1.0000,-1
408,25061,524.00,300.00,13.00,21.00,1,7,1.0000,-1
408,42737,446.00,276.00,23.00,21.00,1,1,1.0000,-1
409,25061,518.00,300.00,13.00,21.00,1,7,1.0000,-1
409,42737,440.00,276.00,23.00,21.00,1,1,1.0000,-1
410,25061,511.00,300.00,13.00,21.00,1,7,1.0000,-1
410,42737,433.00,276.00,22.00,21.00,1,1,1.0000,-1
411,25061,505.00,300.00,13.00,21.00,1,7,1.0000,-1
411,42737,427.00,276.00,23.00,20.00,1,1,1.0000,-1
412,25061,499.00,299.00,12.00,20.00,1,7,1.0000,-1
412,42737,420.00,274.00,23.00,21.00,1,1,1.0000,-1
413,25061,492.00,299.00,12.00,20.00,1,7,1.0000,-1
413,42737,413.00,273.00,23.00,21.00,1,1,1.0000,-1
414,25061,485.00,299.00,12.00,20.00,1,7,1.0000,-1
414,42737,406.00,274.00,22.00,20.00,1,1,1.0000,-1
415,25061,478.00,300.00,12.00,20.00,1,7,1.0000,-1
415,42737,398.00,275.00,23.00,21.00,1,1,1.0000,-1
416,25061,470.00,300.00,13.00,20.00,1,7,1.0000,-1
416,42737,390.00,274.00,23.00,21.00,1,1,1.0000,-1
417,25061,464.00,298.00,13.00,20.00,1,7,1.0000,-1
417,42737,384.00,272.00,23.00,21.00,1,1,1.0000,-1
418,25061,459.00,298.00,13.00,21.00,1,7,1.0000,-1
418,42737,379.00,272.00,23.00,21.00,1,1,1.0000,-1
419,25061,455.00,300.00,12.00,20.00,1,7,1.0000,-1
419,42737,374.00,274.00,23.00,21.00,1,1,1.0000,-1
420,25061,447.00,299.00,12.00,21.00,1,7,1.0000,-1
420,42737,366.00,273.00,23.00,21.00,1,1,1.0000,-1
421,25061,440.00,297.00,12.00,20.00,1,7,0.9950,-1
421,42737,358.00,270.00,24.00,21.00,1,1,1.0000,-1
422,25061,432.00,297.00,13.00,20.00,1,7,1.0000,-1
422,42737,350.00,270.00,24.00,21.00,1,1,1.0000,-1
423,25061,425.00,299.00,13.00,20.00,1,7,1.0000,-1
423,42737,343.00,273.00,24.00,21.00,1,1,1.0000,-1
424,25061,420.00,300.00,13.00,21.00,1,7,1.0000,-1
424,42737,337.00,273.00,24.00,21.00,1,1,1.0000,-1
425,25061,410.00,299.00,13.00,21.00,1,7,1.0000,-1
425,42737,326.00,272.00,25.00,21.00,1,1,1.0000,-1
426,84569,1018.00,70.00,5.00,8.00,1,7,1.0000,-1
426,25061,403.00,296.00,13.00,21.00,1,7,1.0000,-1
426,42737,319.00,268.00,24.00,21.00,1,1,1.0000,-1
427,84569,1008.00,67.00,15.00,19.00,1,7,0.9894,-1
427,25061,397.00,295.00,13.00,21.00,1,7,1.0000,-1
427,42737,313.00,268.00,24.00,21.00,1,1,1.0000,-1
428,84569,998.00,70.00,24.00,20.00,1,1,0.6060,-1
428,25061,391.00,295.00,13.00,22.00,1,7,1.0000,-1
428,42737,306.00,267.00,25.00,22.00,1,1,1.0000,-1
429,84569,988.00,64.00,35.00,28.00,1,1,0.3769,-1
429,25061,386.00,297.00,13.00,20.00,1,7,1.0000,-1
429,42737,300.00,268.00,25.00,22.00,1,1,1.0000,-1
430,84569,973.00,67.00,50.00,41.00,1,1,0.4841,-1
430,25061,378.00,299.00,13.00,21.00,1,7,1.0000,-1
430,42737,291.00,271.00,25.00,22.00,1,1,1.0000,-1
431,84569,953.00,73.00,70.00,54.00,1,1,0.6740,-1
431,25061,364.00,297.00,14.00,21.00,1,7,1.0000,-1
431,42737,276.00,268.00,26.00,22.00,1,1,1.0000,-1
432,84569,944.00,75.00,68.00,55.00,1,1,0.6733,-1
432,25061,357.00,294.00,13.00,22.00,1,7,1.0000,-1
432,42737,268.00,265.00,25.00,22.00,1,1,1.0000,-1
433,84569,936.00,77.00,68.00,54.00,1,1,0.6753,-1
433,25061,351.00,294.00,14.00,22.00,1,7,1.0000,-1
433,42737,262.00,264.00,26.00,23.00,1,1,1.0000,-1
434,77225,1023.00,173.00,0.00,5.00,1,7,1.0000,-1
434,84569,929.00,79.00,67.00,53.00,1,1,0.6737,-1
434,25061,348.00,295.00,13.00,22.00,1,7,1.0000,-1
434,42737,258.00,266.00,26.00,22.00,1,1,1.0000,-1
435,77225,1006.00,146.00,17.00,51.00,1,7,1.0000,-1
435,84569,914.00,83.00,65.00,52.00,1,1,0.6747,-1
435,25061,338.00,298.00,14.00,21.00,1,7,1.0000,-1
435,42737,247.00,268.00,26.00,23.00,1,1,1.0000,-1
436,77225,993.00,140.00,30.00,59.00,1,1,0.9954,-1
436,84569,903.00,85.00,64.00,53.00,1,1,0.6742,-1
436,25061,329.00,295.00,14.00,22.00,1,7,1.0000,-1
436,42737,236.00,265.00,27.00,23.00,1,1,1.0000,-1
437,77225,987.00,139.00,36.00,61.00,1,1,0.8729,-1
437,84569,898.00,86.00,63.00,53.00,1,1,0.6764,-1
437,25061,324.00,294.00,14.00,21.00,1,7,1.0000,-1
437,42737,231.00,263.00,27.00,23.00,1,1,1.0000,-1
438,77225,972.00,141.00,38.00,61.00,1,1,0.6932,-1
438,84569,884.00,89.00,62.00,52.00,1,1,0.6768,-1
438,25061,315.00,297.00,14.00,21.00,1,7,1.0000,-1
438,42737,221.00,266.00,27.00,23.00,1,1,1.0000,-1
439,77225,956.00,145.00,37.00,59.00,1,1,0.6916,-1
439,84569,870.00,93.00,61.00,51.00,1,1,0.6764,-1
439,25061,304.00,295.00,14.00,22.00,1,7,1.0000,-1
439,42737,208.00,264.00,28.00,23.00,1,1,1.0000,-1
440,77225,951.00,146.00,37.00,59.00,1,1,0.6921,-1
440,84569,866.00,93.00,60.00,52.00,1,1,0.6759,-1
440,88443,1019.00,160.00,4.00,10.00,1,7,0.0879,-1
440,25061,299.00,293.00,15.00,22.00,1,7,0.9959,-1
440,42737,203.00,261.00,28.00,23.00,1,1,1.0000,-1
441,77225,938.00,148.00,35.00,59.00,1,1,0.6923,-1
441,84569,854.00,96.00,58.00,51.00,1,1,0.6758,-1
441,88443,1004.00,125.00,19.00,49.00,1,7,0.5393,-1
441,25061,290.00,296.00,15.00,22.00,1,7,1.0000,-1
441,42737,193.00,264.00,28.00,24.00,1,1,1.0000,-1
442,77225,923.00,151.00,35.00,58.00,1,1,0.6900,-1
442,84569,841.00,99.00,57.00,51.00,1,1,0.6751,-1
442,88443,987.00,115.00,36.00,62.00,1,1,0.7672,-1
442,51376,1015.00,260.00,8.00,24.00,1,7,1.0000,-1
442,25061,279.00,294.00,15.00,22.00,1,7,0.9960,-1
442,42737,179.00,262.00,29.00,24.00,1,1,1.0000,-1
443,77225,916.00,153.00,35.00,57.00,1,1,0.6898,-1
443,84569,835.00,100.00,57.00,51.00,1,1,0.6772,-1
443,88443,980.00,113.00,43.00,65.00,1,1,0.8145,-1
443,51376,1007.00,256.00,16.00,32.00,1,7,1.0000,-1
443,25061,273.00,292.00,15.00,22.00,1,7,0.9961,-1
443,42737,172.00,259.00,29.00,24.00,1,1,1.0000,-1
444,77225,908.00,154.00,34.00,57.00,1,1,0.6902,-1
444,84569,828.00,102.00,56.00,50.00,1,1,0.6774,-1
444,88443,971.00,108.00,52.00,72.00,1,1,0.8542,-1
444,51376,998.00,256.00,25.00,33.00,1,1,1.0000,-1
444,25061,267.00,293.00,15.00,23.00,1,7,1.0000,-1
444,42737,165.00,260.00,29.00,24.00,1,1,1.0000,-1
445,77225,896.00,157.00,32.00,56.00,1,1,0.6902,-1
445,84569,816.00,105.00,55.00,49.00,1,1,0.6758,-1
445,88443,956.00,104.00,67.00,78.00,1,1,0.8906,-1
445,51376,983.00,257.00,40.00,33.00,1,1,1.0000,-1
445,25061,256.00,293.00,16.00,23.00,1,7,1.0000,-1
445,42737,153.00,260.00,30.00,24.00,1,1,1.0000,-1
446,77225,883.00,159.00,33.00,56.00,1,1,0.6902,-1
446,84569,805.00,106.00,54.00,50.00,1,1,0.6745,-1
446,88443,943.00,106.00,80.00,79.00,1,1,0.9099,-1
446,51376,968.00,259.00,44.00,32.00,1,1,1.0000,-1
446,25061,245.00,291.00,16.00,23.00,1,7,1.0000,-1
446,42737,139.00,257.00,31.00,24.00,1,1,1.0000,-1
447,77225,875.00,161.00,32.00,55.00,1,1,0.6875,-1
447,84569,798.00,108.00,53.00,49.00,1,1,0.6774,-1
447,88443,934.00,107.00,89.00,79.00,1,1,0.9195,-1
447,51376,959.00,260.00,43.00,32.00,1,1,1.0000,-1
447,25061,238.00,291.00,16.00,23.00,1,7,1.0000,-1
447,42737,131.00,256.00,31.00,25.00,1,1,1.0000,-1
448,77225,862.00,163.00,31.00,54.00,1,1,0.6904,-1
448,84569,786.00,110.00,52.00,50.00,1,1,0.6798,-1
448,88443,919.00,110.00,99.00,78.00,1,1,0.9239,-1
448,51376,944.00,261.00,42.00,32.00,1,1,1.0000,-1
448,25061,226.00,291.00,16.00,24.00,1,7,1.0000,-1
448,42737,117.00,256.00,32.00,25.00,1,1,1.0000,-1
449,77225,850.00,165.00,30.00,54.00,1,1,0.6882,-1
449,84569,775.00,112.00,51.00,49.00,1,1,0.6779,-1
449,88443,906.00,113.00,97.00,77.00,1,1,0.9243,-1
449,51376,930.00,263.00,41.00,31.00,1,1,1.0000,-1
449,25061,214.00,289.00,16.00,24.00,1,7,1.0000,-1
449,42737,102.00,254.00,33.00,25.00,1,1,1.0000,-1
450,77225,839.00,167.00,30.00,53.00,1,1,0.6860,-1
450,84569,765.00,114.00,51.00,49.00,1,1,0.6779,-1
450,88443,894.00,116.00,95.00,76.00,1,1,0.9247,-1
450,51376,918.00,264.00,40.00,31.00,1,1,1.0000,-1
450,25061,204.00,290.00,17.00,23.00,1,7,1.0000,-1
450,42737,90.00,253.00,34.00,26.00,1,1,1.0000,-1
451,77225,828.00,169.00,29.00,53.00,1,1,0.6885,-1
451,84569,754.00,116.00,50.00,49.00,1,1,0.6754,-1
451,88443,881.00,120.00,93.00,74.00,1,1,0.9239,-1
451,51376,904.00,266.00,40.00,30.00,1,1,1.0000,-1
451,25061,192.00,289.00,17.00,24.00,1,7,1.0000,-1
451,42737,75.00,251.00,35.00,27.00,1,1,1.0000,-1
452,77225,818.00,175.00,29.00,52.00,1,1,0.6838,-1
452,84569,746.00,121.00,49.00,49.00,1,1,0.6784,-1
452,88443,870.00,128.00,91.00,73.00,1,1,0.9266,-1
452,51376,892.00,272.00,38.00,30.00,1,1,1.0000,-1
452,25061,182.00,285.00,16.00,25.00,1,7,0.9967,-1
452,42737,63.00,246.00,35.00,27.00,1,1,1.0000,-1
453,77225,813.00,177.00,28.00,52.00,1,1,0.6792,-1
453,84569,741.00,123.00,48.00,48.00,1,1,0.6841,-1
453,88443,865.00,131.00,91.00,71.00,1,1,0.9291,-1
453,51376,886.00,274.00,37.00,30.00,1,1,1.0000,-1
453,25061,176.00,284.00,17.00,24.00,1,7,1.0000,-1
453,42737,57.00,245.00,35.00,26.00,1,1,1.0000,-1
454,77225,805.00,172.00,28.00,52.00,1,1,0.6735,-1
454,84569,731.00,119.00,49.00,48.00,1,1,0.6859,-1
454,88443,856.00,124.00,90.00,73.00,1,1,0.9321,-1
454,51376,878.00,268.00,38.00,30.00,1,1,1.0000,-1
454,25061,169.00,288.00,17.00,24.00,1,7,1.0000,-1
454,42737,48.00,250.00,35.00,26.00,1,1,1.0000,-1
455,77225,800.00,171.00,28.00,52.00,1,1,0.6709,-1
455,84569,725.00,118.00,49.00,48.00,1,1,0.6887,-1
455,88443,851.00,123.00,88.00,73.00,1,1,0.9339,-1
455,51376,872.00,267.00,38.00,30.00,1,1,1.0000,-1
455,25061,164.00,288.00,17.00,25.00,1,7,1.0000,-1
455,42737,42.00,251.00,35.00,26.00,1,1,1.0000,-1
456,77225,796.00,171.00,27.00,52.00,1,1,0.6627,-1
456,84569,720.00,118.00,48.00,48.00,1,1,0.6925,-1
456,88443,846.00,123.00,88.00,73.00,1,1,0.9359,-1
456,51376,867.00,267.00,37.00,30.00,1,1,1.0000,-1
456,25061,159.00,288.00,17.00,25.00,1,7,1.0000,-1
456,42737,36.00,251.00,36.00,26.00,1,1,1.0000,-1
457,77225,792.00,172.00,26.00,51.00,1,1,0.6568,-1
457,84569,715.00,118.00,48.00,49.00,1,1,0.6945,-1
457,88443,841.00,123.00,88.00,73.00,1,1,0.9374,-1
457,51376,861.00,267.00,38.00,30.00,1,1,1.0000,-1
457,25061,154.00,288.00,18.00,25.00,1,7,1.0000,-1
457,42737,31.00,250.00,35.00,27.00,1,1,1.0000,-1
458,77225,788.00,172.00,26.00,52.00,1,1,0.6544,-1
458,84569,710.00,119.00,48.00,48.00,1,1,0.6949,-1
458,88443,836.00,124.00,88.00,73.00,1,1,0.9397,-1
458,51376,856.00,267.00,37.00,31.00,1,1,1.0000,-1
458,25061,150.00,288.00,17.00,24.00,1,7,1.0000,-1
458,42737,26.00,250.00,35.00,27.00,1,1,1.0000,-1
459,77225,783.00,172.00,27.00,52.00,1,1,0.6487,-1
459,84569,705.00,119.00,48.00,48.00,1,1,0.7012,-1
459,88443,832.00,124.00,87.00,73.00,1,1,0.9426,-1
459,51376,851.00,268.00,37.00,30.00,1,1,1.0000,-1
459,25061,145.00,288.00,17.00,24.00,1,7,1.0000,-1
459,42737,20.00,250.00,36.00,26.00,1,1,1.0000,-1
460,77225,779.00,173.00,26.00,51.00,1,1,0.6422,-1
460,84569,700.00,119.00,48.00,48.00,1,1,0.7019,-1
460,88443,827.00,125.00,86.00,72.00,1,1,0.9445,-1
460,51376,846.00,268.00,37.00,30.00,1,1,1.0000,-1
460,25061,140.00,287.00,18.00,25.00,1,7,1.0000,-1
460,42737,15.00,249.00,35.00,27.00,1,1,1.0000,-1
461,77225,775.00,173.00,26.00,52.00,1,1,0.6389,-1
461,84569,695.00,119.00,48.00,49.00,1,1,0.7060,-1
461,88443,823.00,125.00,86.00,73.00,1,1,0.9451,-1
461,51376,841.00,269.00,37.00,30.00,1,1,1.0000,-1
461,25061,135.00,287.00,18.00,24.00,1,7,1.0000,-1
461,42737,9.00,249.00,36.00,26.00,1,1,1.0000,-1
462,77225,771.00,173.00,25.00,52.00,1,1,0.6344,-1
462,84569,691.00,120.00,47.00,48.00,1,1,0.7051,-1
462,88443,818.00,126.00,85.00,72.00,1,1,0.9472,-1
462,51376,835.00,269.00,37.00,30.00,1,1,1.0000,-1
462,25061,131.00,286.00,17.00,25.00,1,7,1.0000,-1
462,42737,4.00,248.00,36.00,27.00,1,1,1.0000,-1
463,77225,767.00,174.00,25.00,51.00,1,1,0.6276,-1
463,84569,686.00,120.00,47.00,48.00,1,1,0.7148,-1
463,88443,813.00,126.00,85.00,73.00,1,1,0.9488,-1
463,51376,830.00,270.00,37.00,30.00,1,1,1.0000,-1
463,25061,126.00,286.00,18.00,24.00,1,7,1.0000,-1
463,42737,0.00,248.00,34.00,26.00,1,1,1.0000,-1
464,77225,763.00,174.00,24.00,52.00,1,1,0.6233,-1
464,84569,681.00,120.00,47.00,48.00,1,1,0.7141,-1
464,88443,809.00,126.00,84.00,73.00,1,1,0.9507,-1
464,51376,825.00,270.00,37.00,30.00,1,1,1.0000,-1
464,25061,122.00,286.00,17.00,24.00,1,7,1.0000,-1
464,42737,0.00,247.00,29.00,27.00,1,1,1.0000,-1
465,77225,759.00,174.00,24.00,52.00,1,1,0.6154,-1
465,84569,676.00,120.00,47.00,49.00,1,1,0.7144,-1
465,88443,804.00,127.00,84.00,72.00,1,1,0.9520,-1
465,51376,820.00,270.00,37.00,30.00,1,1,1.0000,-1
465,25061,117.00,285.00,18.00,25.00,1,7,1.0000,-1
465,42737,0.00,247.00,24.00,26.00,1,1,1.0000,-1
466,77225,754.00,174.00,25.00,52.00,1,1,0.6132,-1
466,84569,671.00,120.00,47.00,49.00,1,1,0.7258,-1
466,88443,799.00,127.00,84.00,72.00,1,1,0.9545,-1
466,51376,814.00,271.00,37.00,30.00,1,1,1.0000,-1
466,25061,112.00,285.00,18.00,24.00,1,7,1.0000,-1
466,42737,0.00,247.00,18.00,26.00,1,7,1.0000,-1
467,77225,750.00,175.00,24.00,51.00,1,1,0.6050,-1
467,84569,666.00,121.00,46.00,48.00,1,1,0.7209,-1
467,88443,795.00,127.00,83.00,73.00,1,1,0.9562,-1
467,51376,809.00,271.00,37.00,30.00,1,1,1.0000,-1
467,25061,107.00,285.00,18.00,24.00,1,7,1.0000,-1
467,42737,0.00,248.00,13.00,25.00,1,7,1.0000,-1
468,77225,746.00,175.00,23.00,51.00,1,1,0.6000,-1
468,84569,661.00,121.00,46.00,48.00,1,1,0.7278,-1
468,88443,790.00,127.00,82.00,73.00,1,1,0.9577,-1
468,51376,804.00,271.00,37.00,30.00,1,1,1.0000,-1
468,25061,103.00,285.00,17.00,24.00,1,7,1.0000,-1
468,42737,0.00,250.00,7.00,21.00,1,7,1.0000,-1
469,77225,741.00,175.00,24.00,51.00,1,1,0.5922,-1
469,84569,656.00,121.00,46.00,48.00,1,1,0.7270,-1
469,88443,785.00,127.00,82.00,72.00,1,1,0.9591,-1
469,51376,798.00,271.00,37.00,30.00,1,1,1.0000,-1
469,25061,98.00,285.00,18.00,24.00,1,7,1.0000,-1
469,42737,0.00,256.00,2.00,10.00,1,7,1.0000,-1
470,77225,737.00,174.00,23.00,52.00,1,1,0.5849,-1
470,84569,650.00,120.00,46.00,49.00,1,1,0.7313,-1
470,88443,780.00,127.00,81.00,72.00,1,1,0.9614,-1
470,51376,793.00,271.00,37.00,30.00,1,1,1.0000,-1
470,25061,93.00,285.00,18.00,24.00,1,7,0.9969,-1
471,77225,732.00,174.00,23.00,52.00,1,1,0.5802,-1
471,84569,645.00,120.00,46.00,49.00,1,1,0.7388,-1
471,88443,775.00,127.00,81.00,72.00,1,1,0.9621,-1
471,51376,787.00,270.00,37.00,30.00,1,1,1.0000,-1
471,25061,88.00,285.00,18.00,25.00,1,7,1.0000,-1
472,77225,728.00,174.00,22.00,52.00,1,1,0.5756,-1
472,84569,639.00,120.00,46.00,49.00,1,1,0.7413,-1
472,88443,770.00,126.00,80.00,73.00,1,1,0.9642,-1
472,51376,781.00,270.00,38.00,30.00,1,1,1.0000,-1
472,25061,83.00,285.00,18.00,25.00,1,7,1.0000,-1
473,77225,723.00,174.00,22.00,51.00,1,1,0.5713,-1
473,84569,634.00,120.00,45.00,48.00,1,1,0.7458,-1
473,88443,764.00,126.00,80.00,73.00,1,1,0.9666,-1
473,51376,776.00,270.00,37.00,30.00,1,1,1.0000,-1
473,25061,78.00,286.00,18.00,24.00,1,7,1.0000,-1
474,77225,718.00,173.00,22.00,52.00,1,1,0.5612,-1
474,84569,628.00,120.00,46.00,48.00,1,1,0.7464,-1
474,88443,759.00,126.00,80.00,72.00,1,1,0.9672,-1
474,51376,770.00,269.00,37.00,30.00,1,1,1.0000,-1
474,25061,73.00,286.00,18.00,25.00,1,7,1.0000,-1
475,77225,714.00,173.00,21.00,52.00,1,1,0.5541,-1
475,84569,623.00,120.00,45.00,48.00,1,1,0.7520,-1
475,88443,754.00,125.00,79.00,73.00,1,1,0.9657,-1
475,51376,765.00,269.00,37.00,30.00,1,1,1.0000,-1
475,25061,68.00,287.00,18.00,24.00,1,7,1.0000,-1
476,77225,709.00,173.00,21.00,51.00,1,1,0.5482,-1
476,84569,617.00,119.00,45.00,49.00,1,1,0.7541,-1
476,88443,749.00,125.00,78.00,73.00,1,1,0.9620,-1
476,51376,759.00,269.00,37.00,30.00,1,1,1.0000,-1
476,25061,63.00,287.00,18.00,25.00,1,7,0.9970,-1
477,77225,704.00,173.00,21.00,51.00,1,1,0.5392,-1
477,84569,612.00,119.00,44.00,49.00,1,1,0.7579,-1
477,88443,744.00,124.00,77.00,73.00,1,1,0.9575,-1
477,51376,754.00,268.00,37.00,30.00,1,1,1.0000,-1
477,25061,58.00,288.00,18.00,24.00,1,7,1.0000,-1
478,77225,700.00,172.00,20.00,52.00,1,7,0.5329,-1
478,84569,606.00,119.00,45.00,48.00,1,1,0.7641,-1
478,88443,739.00,124.00,76.00,73.00,1,1,0.9519,-1
478,51376,748.00,268.00,37.00,30.00,1,1,1.0000,-1
478,25061,53.00,288.00,18.00,24.00,1,7,0.9970,-1
479,77225,695.00,172.00,20.00,52.00,1,7,0.5289,-1
479,84569,601.00,119.00,44.00,48.00,1,1,0.7668,-1
479,88443,733.00,124.00,77.00,73.00,1,1,0.9452,-1
479,51376,742.00,268.00,38.00,30.00,1,1,1.0000,-1
479,25061,48.00,288.00,19.00,25.00,1,7,1.0000,-1
480,77225,690.00,172.00,20.00,52.00,1,7,0.5193,-1
480,84569,595.00,119.00,45.00,48.00,1,1,0.7701,-1
480,88443,728.00,124.00,76.00,73.00,1,1,0.9376,-1
480,51376,737.00,268.00,37.00,30.00,1,1,1.0000,-1
480,25061,43.00,289.00,19.00,24.00,1,7,1.0000,-1
481,77225,686.00,172.00,20.00,52.00,1,7,0.5142,-1
481,84569,590.00,119.00,44.00,48.00,1,1,0.7748,-1
481,88443,724.00,124.00,75.00,73.00,1,1,0.9288,-1
481,51376,731.00,268.00,38.00,30.00,1,1,1.0000,-1
481,25061,38.00,289.00,19.00,24.00,1,7,0.9970,-1
482,77225,682.00,172.00,19.00,52.00,1,7,0.5039,-1
482,84569,585.00,119.00,44.00,48.00,1,1,0.7801,-1
482,88443,719.00,123.00,74.00,74.00,1,1,0.9170,-1
482,51376,726.00,267.00,37.00,31.00,1,1,1.0000,-1
482,25061,33.00,289.00,19.00,25.00,1,7,1.0000,-1
483,77225,677.00,172.00,19.00,52.00,1,7,0.4926,-1
483,84569,580.00,119.00,43.00,49.00,1,1,0.7856,-1
483,88443,714.00,124.00,73.00,73.00,1,1,0.9044,-1
483,51376,720.00,268.00,38.00,30.00,1,1,1.0000,-1
483,25061,28.00,289.00,19.00,24.00,1,7,1.0000,-1
484,77225,673.00,172.00,18.00,52.00,1,7,0.4879,-1
484,84569,582.00,119.00,36.00,49.00,1,1,0.7915,-1
484,88443,709.00,124.00,72.00,73.00,1,1,0.8936,-1
484,51376,715.00,268.00,37.00,30.00,1,1,1.0000,-1
484,25061,23.00,289.00,20.00,24.00,1,7,1.0000,-1
485,77225,669.00,172.00,17.00,52.00,1,7,0.4761,-1
485,84569,577.00,119.00,36.00,49.00,1,1,0.7960,-1
485,88443,704.00,124.00,71.00,73.00,1,1,0.8829,-1
485,51376,710.00,268.00,37.00,30.00,1,1,1.0000,-1
485,25061,19.00,289.00,19.00,24.00,1,7,1.0000,-1
486,77225,664.00,173.00,17.00,51.00,1,7,0.4686,-1
486,84569,571.00,119.00,37.00,49.00,1,1,0.8028,-1
486,88443,699.00,124.00,70.00,73.00,1,1,0.8689,-1
486,51376,705.00,268.00,37.00,30.00,1,1,1.0000,-1
486,25061,14.00,288.00,19.00,25.00,1,7,1.0000,-1
487,77225,660.00,173.00,16.00,51.00,1,7,0.4606,-1
487,84569,566.00,119.00,37.00,49.00,1,1,0.8092,-1
487,88443,694.00,124.00,69.00,73.00,1,1,0.8527,-1
487,51376,699.00,268.00,38.00,30.00,1,1,1.0000,-1
487,25061,9.00,288.00,20.00,24.00,1,7,1.0000,-1
488,77225,656.00,174.00,15.00,50.00,1,7,0.4483,-1
488,84569,561.00,119.00,37.00,50.00,1,1,0.8126,-1
488,88443,690.00,125.00,67.00,73.00,1,1,0.8415,-1
488,51376,694.00,269.00,37.00,30.00,1,1,1.0000,-1
488,25061,5.00,287.00,19.00,25.00,1,7,1.0000,-1
489,77225,652.00,175.00,14.00,50.00,1,7,0.4372,-1
489,84569,556.00,120.00,37.00,49.00,1,1,0.8189,-1
489,88443,685.00,125.00,66.00,73.00,1,1,0.8282,-1
489,51376,689.00,269.00,37.00,30.00,1,1,1.0000,-1
489,25061,0.00,287.00,19.00,24.00,1,7,1.0000,-1
490,77225,648.00,175.00,14.00,50.00,1,7,0.4268,-1
490,84569,553.00,120.00,35.00,49.00,1,1,0.8237,-1
490,88443,680.00,126.00,65.00,72.00,1,1,0.8132,-1
490,51376,684.00,269.00,37.00,30.00,1,1,1.0000,-1
490,25061,0.00,286.00,15.00,24.00,1,7,1.0000,-1
491,77225,644.00,176.00,13.00,49.00,1,7,0.4189,-1
491,84569,545.00,120.00,38.00,49.00,1,1,0.8325,-1
491,88443,675.00,127.00,64.00,71.00,1,1,0.7986,-1
491,51376,678.00,269.00,38.00,30.00,1,1,1.0000,-1
491,25061,0.00,287.00,10.00,23.00,1,7,1.0000,-1
492,77225,639.00,176.00,14.00,49.00,1,7,0.4074,-1
492,84569,543.00,120.00,35.00,49.00,1,1,0.8426,-1
492,88443,671.00,127.00,62.00,72.00,1,1,0.7826,-1
492,51376,673.00,270.00,38.00,30.00,1,1,1.0000,-1
492,25061,0.00,288.00,6.00,22.00,1,7,0.9903,-1
493,77225,635.00,176.00,13.00,49.00,1,7,0.3922,-1
493,84569,538.00,120.00,35.00,49.00,1,1,0.8450,-1
493,88443,666.00,127.00,66.00,72.00,1,1,0.7685,-1
493,51376,668.00,270.00,38.00,30.00,1,1,1.0000,-1
493,25061,0.00,296.00,1.00,11.00,1,7,1.0000,-1
494,77225,631.00,177.00,13.00,48.00,1,7,0.3782,-1
494,84569,532.00,120.00,35.00,49.00,1,1,0.8487,-1
494,88443,661.00,127.00,66.00,72.00,1,1,0.7547,-1
494,51376,662.00,270.00,38.00,30.00,1,1,1.0000,-1
495,77225,627.00,177.00,12.00,49.00,1,7,0.3665,-1
495,84569,527.00,120.00,35.00,49.00,1,1,0.8564,-1
495,88443,656.00,128.00,67.00,71.00,1,1,0.7448,-1
495,51376,657.00,270.00,38.00,30.00,1,1,1.0000,-1
496,77225,622.00,177.00,12.00,49.00,1,7,0.3506,-1
496,84569,521.00,120.00,36.00,50.00,1,1,0.8635,-1
496,88443,651.00,128.00,67.00,71.00,1,1,0.7367,-1
496,51376,651.00,270.00,39.00,30.00,1,1,1.0000,-1
497,77225,618.00,178.00,12.00,47.00,1,7,0.3378,-1
497,84569,516.00,120.00,36.00,49.00,1,1,0.8668,-1
497,88443,646.00,128.00,67.00,71.00,1,1,0.7258,-1
497,51376,646.00,270.00,38.00,30.00,1,1,1.0000,-1
498,77225,613.00,179.00,12.00,46.00,1,7,0.3205,-1
498,84569,510.00,120.00,36.00,49.00,1,1,0.8730,-1
498,88443,641.00,128.00,67.00,71.00,1,1,0.7184,-1
498,51376,641.00,270.00,38.00,30.00,1,1,1.0000,-1
499,77225,608.00,179.00,12.00,46.00,1,7,0.3062,-1
499,84569,505.00,120.00,36.00,50.00,1,1,0.8795,-1
499,88443,636.00,127.00,67.00,72.00,1,1,0.7141,-1
499,51376,635.00,270.00,38.00,30.00,1,1,1.0000,-1
500,77225,604.00,179.00,11.00,46.00,1,7,0.2922,-1
500,84569,499.00,120.00,36.00,49.00,1,1,0.8835,-1
500,88443,630.00,127.00,69.00,71.00,1,1,0.7093,-1
500,51376,629.00,269.00,39.00,31.00,1,1,1.0000,-1
501,77225,599.00,180.00,11.00,44.00,1,7,0.2705,-1
501,84569,493.00,120.00,37.00,50.00,1,1,0.8916,-1
501,88443,625.00,127.00,68.00,71.00,1,1,0.7068,-1
501,51376,624.00,269.00,38.00,30.00,1,1,1.0000,-1
502,77225,594.00,180.00,11.00,43.00,1,7,0.2581,-1
502,84569,487.00,120.00,37.00,49.00,1,1,0.8966,-1
502,88443,620.00,127.00,67.00,71.00,1,1,0.7036,-1
502,51376,618.00,269.00,39.00,30.00,1,1,1.0000,-1
503,77225,590.00,181.00,10.00,41.00,1,7,0.2387,-1
503,84569,481.00,120.00,38.00,50.00,1,1,0.9027,-1
503,88443,615.00,126.00,66.00,72.00,1,1,0.6998,-1
503,51376,612.00,269.00,39.00,30.00,1,1,1.0000,-1
504,77225,585.00,181.00,10.00,41.00,1,7,0.2215,-1
504,84569,475.00,120.00,38.00,50.00,1,1,0.9100,-1
504,88443,609.00,125.00,66.00,73.00,1,1,0.6967,-1
504,51376,607.00,269.00,39.00,30.00,1,1,1.0000,-1
505,77225,580.00,181.00,10.00,41.00,1,7,0.2029,-1
505,84569,470.00,120.00,37.00,49.00,1,1,0.9120,-1
505,88443,604.00,125.00,66.00,73.00,1,1,0.6933,-1
505,51376,601.00,269.00,39.00,30.00,1,1,1.0000,-1
506,77225,575.00,183.00,10.00,38.00,1,7,0.1822,-1
506,84569,464.00,120.00,38.00,50.00,1,1,0.9207,-1
506,88443,599.00,125.00,65.00,73.00,1,1,0.6905,-1
506,51376,595.00,268.00,40.00,30.00,1,1,1.0000,-1
507,77225,571.00,183.00,28.00,38.00,1,7,0.1662,-1
507,84569,458.00,120.00,38.00,50.00,1,1,0.9281,-1
507,88443,594.00,124.00,64.00,73.00,1,1,0.6883,-1
507,51376,590.00,268.00,39.00,30.00,1,1,1.0000,-1
508,77225,566.00,184.00,9.00,36.00,1,7,0.1525,-1
508,84569,452.00,120.00,39.00,50.00,1,1,0.9309,-1
508,88443,589.00,124.00,64.00,73.00,1,1,0.6858,-1
508,51376,584.00,268.00,40.00,30.00,1,1,1.0000,-1
509,77225,562.00,186.00,9.00,34.00,1,7,0.1339,-1
509,84569,447.00,120.00,39.00,50.00,1,1,0.9351,-1
509,88443,584.00,124.00,63.00,73.00,1,1,0.6848,-1
509,51376,578.00,268.00,41.00,30.00,1,1,1.0000,-1
510,77225,557.00,187.00,28.00,33.00,1,7,0.1224,-1
510,84569,441.00,120.00,39.00,50.00,1,1,0.9405,-1
510,88443,579.00,124.00,63.00,73.00,1,1,0.6826,-1
510,51376,573.00,268.00,40.00,30.00,1,1,1.0000,-1
511,77225,553.00,188.00,28.00,31.00,1,7,0.1086,-1
511,84569,436.00,120.00,39.00,50.00,1,1,0.9481,-1
511,88443,574.00,124.00,62.00,73.00,1,1,0.6820,-1
511,51376,567.00,268.00,41.00,30.00,1,1,1.0000,-1
512,77225,549.00,188.00,27.00,31.00,1,7,0.0995,-1
512,84569,431.00,120.00,39.00,50.00,1,1,0.9473,-1
512,88443,569.00,125.00,62.00,72.00,1,1,0.6801,-1
512,51376,562.00,268.00,41.00,31.00,1,1,1.0000,-1
513,77225,544.00,191.00,28.00,28.00,1,7,0.0918,-1
513,84569,426.00,120.00,39.00,50.00,1,1,0.9506,-1
513,88443,565.00,125.00,61.00,73.00,1,1,0.6799,-1
513,51376,557.00,269.00,41.00,30.00,1,1,1.0000,-1
514,77225,540.00,192.00,28.00,26.00,1,7,0.0773,-1
514,84569,420.00,120.00,40.00,50.00,1,1,0.9542,-1
514,88443,560.00,125.00,61.00,73.00,1,1,0.6783,-1
514,51376,551.00,269.00,41.00,30.00,1,1,1.0000,-1
515,77225,536.00,193.00,27.00,26.00,1,7,0.0758,-1
515,84569,415.00,120.00,40.00,51.00,1,1,0.9620,-1
515,88443,555.00,125.00,61.00,73.00,1,1,0.6805,-1
515,51376,546.00,269.00,41.00,30.00,1,1,1.0000,-1
516,77225,532.00,196.00,27.00,22.00,1,7,0.0619,-1
516,84569,410.00,120.00,40.00,51.00,1,1,0.9664,-1
516,88443,551.00,125.00,60.00,73.00,1,1,0.6812,-1
516,51376,541.00,269.00,41.00,30.00,1,1,1.0000,-1
517,77225,528.00,197.00,27.00,20.00,1,7,0.0631,-1
517,84569,405.00,120.00,40.00,51.00,1,1,0.9681,-1
517,88443,546.00,125.00,60.00,73.00,1,1,0.6835,-1
517,51376,535.00,269.00,42.00,30.00,1,1,1.0000,-1
518,77225,523.00,197.00,28.00,20.00,1,7,0.0590,-1
518,84569,400.00,119.00,40.00,51.00,1,1,0.9715,-1
518,88443,542.00,125.00,59.00,73.00,1,1,0.6836,-1
518,51376,530.00,269.00,42.00,30.00,1,1,1.0000,-1
519,77225,519.00,198.00,28.00,18.00,1,7,0.0473,-1
519,84569,396.00,119.00,39.00,51.00,1,1,0.9750,-1
519,88443,537.00,125.00,59.00,73.00,1,1,0.6820,-1
519,51376,525.00,269.00,42.00,30.00,1,1,1.0000,-1
520,77225,515.00,198.00,27.00,16.00,1,7,0.0484,-1
520,84569,391.00,119.00,39.00,51.00,1,1,0.9759,-1
520,88443,532.00,126.00,59.00,72.00,1,1,0.6844,-1
520,51376,519.00,269.00,43.00,30.00,1,1,1.0000,-1
521,77225,511.00,173.00,27.00,40.00,1,7,0.0530,-1
521,84569,386.00,119.00,39.00,51.00,1,1,0.9759,-1
521,88443,528.00,126.00,58.00,72.00,1,1,0.6856,-1
521,51376,514.00,269.00,43.00,30.00,1,1,1.0000,-1
522,77225,506.00,173.00,28.00,40.00,1,7,0.0490,-1
522,84569,381.00,119.00,39.00,51.00,1,1,0.9769,-1
522,88443,523.00,126.00,58.00,72.00,1,1,0.6888,-1
522,51376,509.00,269.00,43.00,30.00,1,1,1.0000,-1
523,77225,511.00,173.00,18.00,41.00,1,7,0.0528,-1
523,84569,376.00,119.00,39.00,51.00,1,1,0.9822,-1
523,88443,518.00,126.00,57.00,72.00,1,1,0.6916,-1
523,51376,503.00,269.00,44.00,30.00,1,1,1.0000,-1
524,77225,506.00,173.00,19.00,42.00,1,7,0.0537,-1
524,84569,370.00,119.00,40.00,51.00,1,1,0.9770,-1
524,88443,513.00,126.00,57.00,72.00,1,1,0.6938,-1
524,51376,498.00,269.00,43.00,30.00,1,1,1.0000,-1
525,77225,501.00,173.00,19.00,41.00,1,7,0.0564,-1
525,84569,365.00,119.00,40.00,51.00,1,1,0.9786,-1
525,88443,508.00,126.00,57.00,72.00,1,1,0.6984,-1
525,51376,492.00,269.00,44.00,30.00,1,1,1.0000,-1
526,77225,496.00,173.00,20.00,42.00,1,7,0.0678,-1
526,84569,359.00,119.00,40.00,51.00,1,1,0.9822,-1
526,88443,503.00,126.00,56.00,72.00,1,1,0.6991,-1
526,51376,486.00,269.00,45.00,30.00,1,1,1.0000,-1
527,77225,491.00,173.00,20.00,43.00,1,7,0.0733,-1
527,84569,354.00,119.00,40.00,51.00,1,1,0.9804,-1
527,88443,498.00,125.00,56.00,73.00,1,1,0.7055,-1
527,51376,481.00,269.00,44.00,30.00,1,1,1.0000,-1
528,77225,486.00,173.00,20.00,44.00,1,7,0.0780,-1
528,84569,348.00,119.00,40.00,51.00,1,1,0.9822,-1
528,88443,493.00,126.00,55.00,72.00,1,1,0.7073,-1
528,51376,475.00,269.00,45.00,30.00,1,1,1.0000,-1
529,77225,481.00,173.00,21.00,45.00,1,7,0.0874,-1
529,84569,342.00,119.00,41.00,51.00,1,1,0.9840,-1
529,88443,487.00,125.00,56.00,73.00,1,1,0.7141,-1
529,51376,469.00,269.00,46.00,30.00,1,1,1.0000,-1
530,77225,475.00,173.00,22.00,45.00,1,7,0.0933,-1
530,84569,337.00,120.00,40.00,50.00,1,1,0.9865,-1
530,88443,482.00,125.00,55.00,73.00,1,1,0.7175,-1
530,51376,463.00,269.00,46.00,30.00,1,1,1.0000,-1
531,77225,470.00,173.00,22.00,45.00,1,7,0.0935,-1
531,84569,331.00,120.00,40.00,51.00,1,1,0.9857,-1
531,88443,477.00,125.00,54.00,73.00,1,1,0.7212,-1
531,51376,457.00,269.00,47.00,30.00,1,1,1.0000,-1
532,77225,465.00,173.00,22.00,45.00,1,7,0.0919,-1
532,84569,326.00,120.00,40.00,50.00,1,1,0.9866,-1
532,88443,471.00,125.00,55.00,73.00,1,1,0.7254,-1
532,51376,452.00,269.00,47.00,30.00,1,1,1.0000,-1
533,77225,459.00,173.00,23.00,46.00,1,7,0.0835,-1
533,84569,320.00,120.00,40.00,51.00,1,1,0.9884,-1
533,88443,466.00,125.00,54.00,73.00,1,1,0.7333,-1
533,51376,446.00,269.00,47.00,30.00,1,1,1.0000,-1
534,67331,1023.00,235.00,0.00,2.00,1,7,1.0000,-1
534,77225,455.00,173.00,22.00,47.00,1,7,0.0789,-1
534,84569,314.00,120.00,41.00,51.00,1,1,0.9893,-1
534,88443,461.00,125.00,54.00,73.00,1,1,0.7385,-1
534,51376,440.00,269.00,48.00,30.00,1,1,1.0000,-1
535,67331,1018.00,232.00,5.00,5.00,1,7,1.0000,-1
535,77225,449.00,173.00,23.00,47.00,1,7,0.0739,-1
535,84569,309.00,120.00,40.00,51.00,1,1,0.9875,-1
535,88443,456.00,125.00,53.00,73.00,1,1,0.7427,-1
535,51376,434.00,269.00,49.00,30.00,1,1,1.0000,-1
536,67331,1015.00,230.00,8.00,7.00,1,7,1.0000,-1
536,77225,444.00,173.00,22.00,48.00,1,7,0.0654,-1
536,84569,303.00,120.00,41.00,52.00,1,1,0.9911,-1
536,88443,451.00,125.00,53.00,73.00,1,1,0.7525,-1
536,51376,429.00,269.00,49.00,30.00,1,1,1.0000,-1
537,67331,1008.00,216.00,15.00,8.00,1,7,0.8190,-1
537,77225,436.00,176.00,23.00,47.00,1,7,0.0601,-1
537,84569,293.00,127.00,42.00,50.00,1,1,0.9892,-1
537,88443,442.00,126.00,52.00,75.00,1,1,0.7559,-1
537,51376,422.00,271.00,50.00,31.00,1,1,1.0000,-1
538,67331,1004.00,208.00,16.00,8.00,1,7,0.7040,-1
538,77225,431.00,178.00,24.00,46.00,1,7,0.0527,-1
538,84569,287.00,131.00,42.00,50.00,1,1,0.9875,-1
538,88443,437.00,127.00,52.00,75.00,1,1,0.7584,-1
538,51376,419.00,273.00,49.00,30.00,1,1,1.0000,-1
539,67331,1004.00,208.00,16.00,7.00,1,7,0.6880,-1
539,77225,430.00,178.00,24.00,46.00,1,7,0.0503,-1
539,84569,287.00,131.00,42.00,50.00,1,1,0.9901,-1
539,88443,437.00,128.00,51.00,74.00,1,1,0.7575,-1
539,51376,419.00,273.00,49.00,31.00,1,1,1.0000,-1
540,67331,1007.00,215.00,16.00,7.00,1,7,0.7876,-1
540,77225,434.00,176.00,23.00,47.00,1,7,0.0536,-1
540,84569,292.00,128.00,41.00,49.00,1,1,0.9902,-1
540,88443,441.00,127.00,52.00,74.00,1,1,0.7557,-1
540,51376,421.00,272.00,50.00,30.00,1,1,1.0000,-1
