1,1,-0.00,53.33,84.42,142.93,1,1,1.0
1,2,69.47,29.31,115.92,169.98,1,1,1.0
1,3,75.88,147.42,72.21,78.25,1,1,1.0
1,4,1648.56,0.00,169.21,282.97,1,1,1.0
1,5,603.95,970.59,108.86,105.03,1,1,1.0
1,6,0.00,163.47,16.73,117.30,1,1,1.0
1,7,308.45,62.32,16.54,27.19,1,1,1.0
1,8,-0.00,115.44,20.67,167.83,1,1,1.0
2,1,0.00,54.16,85.56,142.71,1,1,1.0
2,2,69.79,29.94,117.11,170.38,1,1,1.0
2,3,77.24,147.43,73.53,78.39,1,1,1.0
2,4,1648.81,0.00,167.55,282.95,1,1,1.0
2,5,607.97,972.00,109.49,103.62,1,1,1.0
2,6,0.00,159.89,17.94,124.10,1,1,1.0
2,8,0.00,121.79,21.40,164.29,1,1,1.0
3,1,-0.00,52.96,87.16,144.00,1,1,1.0
3,2,70.89,29.89,117.73,171.69,1,1,1.0
3,3,78.58,147.50,73.93,79.36,1,1,1.0
3,4,1650.58,-0.00,165.30,283.49,1,1,1.0
3,5,606.39,971.17,111.48,104.90,1,1,1.0
3,6,0.00,162.11,19.31,123.80,1,1,1.0
3,8,0.00,128.18,22.28,159.66,1,1,1.0
3,9,670.52,126.74,14.87,21.41,1,1,1.0
3,10,630.25,135.26,14.45,23.07,1,1,1.0
3,11,263.84,73.84,16.73,22.80,1,1,1.0
3,12,309.25,62.05,16.09,26.63,1,1,1.0
4,1,-0.00,53.69,88.28,143.23,1,1,1.0
4,2,71.89,30.19,118.68,170.87,1,1,1.0
4,3,79.49,145.93,74.63,82.66,1,1,1.0
4,4,1652.49,0.00,163.27,283.59,1,1,1.0
4,5,612.42,972.46,109.36,103.88,1,1,1.0
4,6,0.00,158.22,19.77,127.89,1,1,1.0
4,8,-0.00,127.52,22.67,161.22,1,1,1.0
4,9,670.55,126.87,15.23,21.28,1,1,1.0
4,10,630.28,135.03,14.35,23.33,1,1,1.0
4,11,263.99,73.63,16.61,23.29,1,1,1.0
4,13,284.91,11.22,17.54,32.44,1,1,1.0
5,1,1.85,53.21,88.16,142.82,1,1,1.0
5,2,74.50,29.73,116.65,171.09,1,1,1.0
5,3,83.74,147.28,71.82,79.65,1,1,1.0
5,4,1653.75,-0.00,165.07,282.65,1,1,1.0
5,5,613.82,971.71,109.34,104.64,1,1,1.0
5,6,0.02,153.36,20.51,130.46,1,1,1.0
5,9,670.75,126.53,14.31,21.79,1,1,1.0
5,10,630.56,134.18,14.34,24.02,1,1,1.0
5,11,264.07,73.72,16.68,23.04,1,1,1.0
5,14,310.68,61.95,15.14,26.84,1,1,1.0
5,15,598.25,26.82,16.04,20.65,1,1,1.0
6,1,3.95,52.55,89.04,142.37,1,1,1.0
6,2,78.10,27.23,116.75,171.96,1,1,1.0
6,3,86.80,145.88,71.51,80.37,1,1,1.0
6,4,1653.06,0.00,168.30,286.80,1,1,1.0
6,5,619.59,972.15,108.58,103.93,1,1,1.0
6,6,0.04,151.94,25.31,128.36,1,1,1.0
6,9,671.41,126.04,15.14,22.16,1,1,1.0
6,11,265.59,73.64,16.69,22.61,1,1,1.0
6,14,311.30,62.15,15.55,25.79,1,1,1.0
6,16,285.74,5.57,19.23,34.06,1,1,1.0
7,1,9.47,52.37,88.04,142.38,1,1,1.0
7,2,81.53,26.16,116.65,171.33,1,1,1.0
7,3,90.15,146.28,70.42,78.04,1,1,1.0
7,4,1653.43,0.00,169.11,284.58,1,1,1.0
7,5,621.63,972.04,110.29,104.58,1,1,1.0
7,6,0.00,145.57,28.96,133.50,1,1,1.0
7,9,671.89,126.19,14.54,21.95,1,1,1.0
7,11,266.30,73.54,16.18,22.67,1,1,1.0
7,14,311.11,61.72,16.20,26.36,1,1,1.0
7,16,286.38,3.30,19.40,33.62,1,1,1.0
7,17,632.53,133.16,13.80,23.93,1,1,1.0
8,1,10.49,51.70,89.47,142.87,1,1,1.0
8,2,83.84,25.86,117.24,171.62,1,1,1.0
8,3,90.85,146.27,71.76,75.63,1,1,1.0
8,4,1654.17,0.04,169.95,284.58,1,1,1.0
8,5,623.54,972.11,112.30,104.52,1,1,1.0
8,6,0.03,137.05,30.87,140.53,1,1,1.0
8,9,672.54,125.76,15.36,21.01,1,1,1.0
8,11,267.13,72.95,15.42,22.52,1,1,1.0
8,14,311.62,62.24,16.77,25.60,1,1,1.0
8,16,286.79,2.87,19.66,35.15,1,1,1.0
8,18,132.76,2.73,35.77,47.80,1,1,1.0
8,19,932.09,126.81,11.84,20.32,1,1,1.0
9,1,12.80,49.29,91.30,143.35,1,1,1.0
9,2,89.36,26.33,115.12,171.02,1,1,1.0
9,3,95.88,144.84,71.10,77.68,1,1,1.0
9,4,1653.64,0.00,171.59,284.10,1,1,1.0
9,5,627.84,969.96,111.20,105.84,1,1,1.0
9,6,0.00,135.21,34.19,140.72,1,1,1.0
9,14,312.97,62.16,16.60,26.03,1,1,1.0
9,16,289.18,4.07,19.48,35.38,1,1,1.0
9,18,134.67,2.91,36.91,46.55,1,1,1.0
9,20,854.01,143.79,14.28,21.38,1,1,1.0
10,1,17.52,47.32,91.02,144.41,1,1,1.0
10,2,94.28,23.23,115.77,173.66,1,1,1.0
10,3,101.29,143.25,69.97,78.33,1,1,1.0
10,4,1658.63,0.00,166.90,281.75,1,1,1.0
10,5,632.36,969.26,111.31,105.78,1,1,1.0
10,6,-0.00,126.97,38.17,145.90,1,1,1.0
10,16,291.50,3.74,19.46,34.64,1,1,1.0
10,21,284.17,31.61,14.34,25.87,1,1,1.0
11,1,28.19,47.40,89.81,140.90,1,1,1.0
11,2,101.23,20.17,118.27,174.36,1,1,1.0
11,3,108.37,140.28,74.19,81.37,1,1,1.0
11,4,1662.29,0.34,167.81,286.56,1,1,1.0
11,5,642.23,968.62,111.73,102.77,1,1,1.0
11,6,0.04,119.76,49.74,151.25,1,1,1.0
11,16,295.58,2.89,20.70,33.89,1,1,1.0
11,22,646.96,80.77,13.20,24.36,1,1,1.0
12,1,36.32,45.38,89.28,142.48,1,1,1.0
12,2,108.80,20.26,115.67,173.04,1,1,1.0
12,3,118.89,140.33,69.66,80.08,1,1,1.0
12,4,1665.90,0.21,166.58,286.83,1,1,1.0
12,5,647.43,969.02,114.21,104.78,1,1,1.0
12,6,0.09,113.04,55.12,156.83,1,1,1.0
12,16,299.38,1.39,20.38,36.20,1,1,1.0
12,23,643.52,132.51,13.74,23.15,1,1,1.0
12,24,324.26,60.18,15.08,26.48,1,1,1.0
13,1,44.79,46.30,88.06,140.68,1,1,1.0
13,2,117.65,21.26,115.68,171.90,1,1,1.0
13,3,125.28,139.40,69.65,80.57,1,1,1.0
13,4,1670.43,-0.00,162.26,275.75,1,1,1.0
13,5,656.79,966.19,111.97,105.42,1,1,1.0
13,6,0.14,111.12,63.06,158.65,1,1,1.0
13,16,301.92,1.16,21.13,34.43,1,1,1.0
13,24,326.10,61.19,15.53,25.06,1,1,1.0
14,1,54.46,44.48,87.10,142.68,1,1,1.0
14,2,125.50,20.17,117.61,173.26,1,1,1.0
14,3,132.56,136.52,70.02,83.30,1,1,1.0
14,4,1670.58,1.25,168.63,273.63,1,1,1.0
14,5,665.40,967.02,111.72,103.47,1,1,1.0
14,6,-0.00,98.56,70.96,171.53,1,1,1.0
14,16,304.61,1.51,21.81,35.19,1,1,1.0
14,25,690.19,122.78,13.71,23.91,1,1,1.0
14,26,730.05,143.09,16.96,28.67,1,1,1.0
14,27,626.82,119.13,20.15,16.88,1,1,1.0
15,1,63.60,48.16,86.80,139.11,1,1,1.0
15,2,137.10,20.06,114.16,172.39,1,1,1.0
15,3,139.66,137.25,72.37,82.68,1,1,1.0
15,4,1675.26,0.57,167.75,273.83,1,1,1.0
15,5,673.98,966.10,113.23,103.37,1,1,1.0
15,6,-0.00,104.95,80.64,162.61,1,1,1.0
15,25,693.20,124.27,13.32,24.40,1,1,1.0
16,1,84.67,48.28,85.76,140.30,1,1,1.0
16,2,158.26,22.78,113.91,170.16,1,1,1.0
16,3,164.10,135.44,66.84,84.41,1,1,1.0
16,4,1676.41,0.39,173.41,281.38,1,1,1.0
16,5,694.25,964.41,111.32,104.55,1,1,1.0
16,6,0.00,107.90,101.86,160.31,1,1,1.0
17,1,95.58,49.58,86.18,139.08,1,1,1.0
17,2,168.83,22.36,113.32,172.62,1,1,1.0
17,3,171.93,135.62,71.37,85.04,1,1,1.0
17,4,1685.78,-0.00,168.58,275.33,1,1,1.0
17,5,704.58,963.83,112.03,105.51,1,1,1.0
17,6,0.00,107.51,114.05,160.26,1,1,1.0
17,28,8.90,18.49,23.90,30.67,1,1,1.0
17,29,661.38,134.75,14.03,20.47,1,1,1.0
18,1,107.14,47.82,86.78,140.50,1,1,1.0
18,2,182.42,23.87,113.16,172.07,1,1,1.0
18,3,183.16,135.45,69.84,84.62,1,1,1.0
18,4,1690.06,0.06,168.25,276.31,1,1,1.0
18,5,715.78,964.60,112.24,105.89,1,1,1.0
18,6,5.95,109.26,121.51,162.23,1,1,1.0
19,1,118.57,50.14,86.30,138.60,1,1,1.0
19,2,193.28,25.21,114.27,171.40,1,1,1.0
19,3,194.27,133.45,68.69,87.29,1,1,1.0
19,4,1690.06,1.14,170.21,285.20,1,1,1.0
19,5,723.63,965.14,115.85,104.03,1,1,1.0
19,6,17.63,111.18,119.84,161.48,1,1,1.0
19,30,751.09,140.91,17.03,30.50,1,1,1.0
20,1,128.43,52.24,85.99,137.41,1,1,1.0
20,2,204.23,24.83,114.32,170.58,1,1,1.0
20,3,204.39,134.51,70.37,88.03,1,1,1.0
20,4,1700.32,0.65,163.41,278.03,1,1,1.0
20,5,736.48,965.29,112.42,104.07,1,1,1.0
20,6,29.06,112.01,118.70,159.04,1,1,1.0
20,31,25.15,20.76,21.60,28.75,1,1,1.0
20,32,715.18,123.38,17.01,21.47,1,1,1.0
21,1,149.67,54.47,85.70,139.14,1,1,1.0
21,2,226.37,27.43,112.77,169.31,1,1,1.0
21,3,224.53,124.46,71.28,100.33,1,1,1.0
21,4,1707.69,0.00,164.87,269.51,1,1,1.0
21,5,757.96,967.37,112.49,103.83,1,1,1.0
21,6,52.57,113.42,118.56,162.12,1,1,1.0
21,33,92.07,0.00,21.64,31.53,1,1,1.0
22,1,161.94,54.48,85.30,138.55,1,1,1.0
22,2,237.74,28.46,111.08,169.00,1,1,1.0
22,3,236.92,143.92,68.20,81.59,1,1,1.0
22,4,1704.81,0.00,171.22,273.80,1,1,1.0
22,5,769.21,967.09,112.79,105.00,1,1,1.0
22,6,62.53,114.51,116.44,158.26,1,1,1.0
22,33,97.75,0.00,23.10,29.53,1,1,1.0
22,34,37.81,22.46,24.81,28.82,1,1,1.0
22,35,62.90,24.21,17.40,26.60,1,1,1.0
22,36,766.70,143.80,16.05,26.97,1,1,1.0
23,1,171.76,54.97,85.66,139.08,1,1,1.0
23,2,249.63,30.60,111.53,167.58,1,1,1.0
23,3,246.00,138.60,69.85,88.33,1,1,1.0
23,4,1711.36,0.00,170.87,271.31,1,1,1.0
23,5,778.65,968.44,109.57,102.30,1,1,1.0
23,6,72.76,115.12,121.24,160.49,1,1,1.0
23,33,101.82,-0.00,22.89,31.74,1,1,1.0
23,34,42.08,23.51,23.19,27.94,1,1,1.0
23,35,67.98,23.35,17.47,26.52,1,1,1.0
23,37,670.30,117.31,18.45,19.85,1,1,1.0
23,38,730.51,124.21,14.45,21.94,1,1,1.0
24,1,184.11,56.62,83.49,139.18,1,1,1.0
24,2,258.59,32.81,112.79,167.65,1,1,1.0
24,3,255.18,135.07,69.36,92.13,1,1,1.0
24,4,1715.65,-0.00,170.59,270.18,1,1,1.0
24,5,788.69,968.18,115.39,103.95,1,1,1.0
24,6,85.42,116.25,118.50,161.58,1,1,1.0
24,33,106.29,0.00,22.71,31.76,1,1,1.0
24,34,47.82,23.45,21.06,27.66,1,1,1.0
24,35,72.21,24.20,17.73,26.66,1,1,1.0
24,39,788.26,969.55,111.95,102.06,1,1,1.0
25,1,195.60,57.56,84.37,139.25,1,1,1.0
25,2,270.93,30.78,109.15,169.61,1,1,1.0
25,3,267.69,134.46,68.42,93.92,1,1,1.0
25,4,1720.77,0.00,168.10,272.07,1,1,1.0
25,5,798.10,969.95,114.13,105.27,1,1,1.0
25,6,95.89,119.53,118.29,157.26,1,1,1.0
25,33,111.38,0.00,23.65,32.01,1,1,1.0
25,40,49.63,97.76,18.21,27.48,1,1,1.0
26,1,213.85,61.13,84.63,138.20,1,1,1.0
26,2,293.17,37.35,109.03,164.71,1,1,1.0
26,3,285.52,129.33,69.06,100.34,1,1,1.0
26,4,1729.55,-0.00,167.54,272.53,1,1,1.0
26,5,820.59,971.54,113.06,104.02,1,1,1.0
26,6,116.96,121.16,117.16,156.49,1,1,1.0
26,33,120.50,0.11,22.42,31.39,1,1,1.0
26,41,746.51,124.70,14.99,23.22,1,1,1.0
26,42,59.81,98.85,17.09,28.30,1,1,1.0
26,43,62.40,26.18,20.51,27.10,1,1,1.0
26,44,86.28,26.20,16.76,25.63,1,1,1.0
26,45,344.65,842.53,54.52,67.80,1,1,1.0
27,1,226.72,61.78,82.90,137.83,1,1,1.0
27,2,301.87,35.96,109.27,168.64,1,1,1.0
27,3,297.48,136.22,66.83,94.35,1,1,1.0
27,4,1729.16,0.00,173.72,270.87,1,1,1.0
27,5,829.94,971.70,115.53,105.25,1,1,1.0
27,6,128.75,123.17,117.48,156.53,1,1,1.0
27,33,125.36,0.00,21.64,32.33,1,1,1.0
27,41,748.66,123.50,15.10,24.30,1,1,1.0
27,42,63.55,100.10,17.16,27.90,1,1,1.0
27,44,90.09,26.84,17.79,26.45,1,1,1.0
28,1,234.39,61.78,84.18,138.60,1,1,1.0
28,2,314.30,35.69,107.40,167.08,1,1,1.0
28,3,307.16,134.36,66.60,96.36,1,1,1.0
28,4,1734.14,0.09,172.29,275.55,1,1,1.0
28,5,838.44,972.22,114.84,104.64,1,1,1.0
28,6,137.62,123.85,116.28,157.14,1,1,1.0
28,33,129.83,0.24,21.65,31.49,1,1,1.0
28,42,68.38,100.37,16.47,27.48,1,1,1.0
28,44,94.77,28.33,17.90,24.53,1,1,1.0
28,46,70.05,28.39,24.88,24.71,1,1,1.0
29,1,244.93,66.29,82.57,135.08,1,1,1.0
29,2,324.53,37.84,107.05,167.33,1,1,1.0
29,3,315.21,114.61,68.24,117.20,1,1,1.0
29,4,1732.80,0.00,173.94,279.73,1,1,1.0
29,5,848.50,973.33,115.28,103.72,1,1,1.0
29,6,147.11,123.34,118.88,158.31,1,1,1.0
29,33,134.54,0.69,20.22,32.10,1,1,1.0
29,42,72.76,100.98,16.52,27.30,1,1,1.0
29,44,99.76,27.66,17.55,25.50,1,1,1.0
30,1,254.37,63.62,84.31,137.85,1,1,1.0
30,2,333.73,38.11,107.22,167.50,1,1,1.0
30,3,326.57,136.39,65.91,96.24,1,1,1.0
30,4,1746.09,0.00,167.10,269.88,1,1,1.0
30,5,858.81,973.34,114.11,104.31,1,1,1.0
30,6,158.48,124.77,117.60,157.66,1,1,1.0
30,33,137.99,0.68,20.73,32.69,1,1,1.0
30,42,77.50,101.63,16.46,26.95,1,1,1.0
30,44,104.43,28.28,15.61,25.69,1,1,1.0
30,47,0.02,388.41,25.20,178.84,1,1,1.0
30,48,761.78,123.84,14.17,23.78,1,1,1.0
31,1,273.51,67.09,83.74,136.91,1,1,1.0
31,2,354.49,38.96,105.84,168.51,1,1,1.0
31,3,345.05,147.54,65.25,86.72,1,1,1.0
31,4,1750.02,0.71,167.91,271.41,1,1,1.0
31,5,876.67,974.94,116.86,103.58,1,1,1.0
31,6,175.98,126.27,119.09,157.80,1,1,1.0
31,33,146.83,0.72,20.12,33.85,1,1,1.0
31,42,85.20,102.16,15.61,26.83,1,1,1.0
31,47,0.12,391.71,44.44,191.01,1,1,1.0
31,49,403.42,845.69,53.63,66.27,1,1,1.0
31,50,103.42,120.53,16.75,24.40,1,1,1.0
31,51,113.43,29.37,16.80,25.79,1,1,1.0
31,52,87.91,29.14,22.59,25.73,1,1,1.0
32,1,284.99,68.42,84.72,136.63,1,1,1.0
32,2,362.87,41.64,106.45,168.53,1,1,1.0
32,3,355.23,147.79,65.73,87.88,1,1,1.0
32,4,1747.20,2.43,168.04,272.92,1,1,1.0
32,5,886.86,974.79,114.34,103.64,1,1,1.0
32,6,186.54,128.02,118.00,156.56,1,1,1.0
32,33,150.47,5.11,20.28,29.21,1,1,1.0
32,42,90.99,103.87,15.09,25.41,1,1,1.0
32,47,0.09,388.07,50.90,193.01,1,1,1.0
32,50,106.11,121.33,17.88,23.98,1,1,1.0
32,51,115.70,30.28,17.40,25.86,1,1,1.0
33,1,292.64,71.41,82.42,133.67,1,1,1.0
33,2,373.05,42.99,106.26,166.30,1,1,1.0
33,3,361.65,146.98,68.85,89.21,1,1,1.0
33,4,1759.68,0.00,158.33,270.96,1,1,1.0
33,5,897.22,975.24,112.76,104.61,1,1,1.0
33,6,195.55,128.18,118.00,156.77,1,1,1.0
33,33,155.23,4.16,20.71,31.64,1,1,1.0
33,47,0.01,397.67,63.36,181.66,1,1,1.0
34,1,301.70,74.03,82.53,132.35,1,1,1.0
34,2,384.05,44.69,105.39,165.40,1,1,1.0
34,3,371.76,144.14,66.28,93.10,1,1,1.0
34,4,1759.17,0.00,160.83,273.85,1,1,1.0
34,5,906.49,975.77,114.62,103.61,1,1,1.0
34,6,206.33,130.87,117.53,155.16,1,1,1.0
34,33,159.29,3.50,20.73,33.87,1,1,1.0
34,47,0.00,395.58,71.01,183.13,1,1,1.0
35,1,311.24,71.23,82.18,135.97,1,1,1.0
35,2,392.56,43.28,105.80,166.55,1,1,1.0
35,3,380.50,141.90,65.21,94.54,1,1,1.0
35,4,1763.64,0.00,156.36,272.93,1,1,1.0
35,5,914.49,974.60,114.75,104.18,1,1,1.0
35,6,215.16,130.88,119.22,155.45,1,1,1.0
35,33,162.84,3.20,20.14,33.63,1,1,1.0
35,47,0.00,397.45,82.87,181.26,1,1,1.0
35,53,129.12,32.16,17.85,24.67,1,1,1.0
36,1,328.52,74.11,82.00,133.28,1,1,1.0
36,2,411.61,47.08,103.76,165.23,1,1,1.0
36,3,399.72,115.80,64.91,121.66,1,1,1.0
36,4,1765.48,0.00,154.52,274.68,1,1,1.0
36,5,931.32,975.00,114.63,103.01,1,1,1.0
36,6,233.09,131.93,119.17,155.86,1,1,1.0
36,33,170.90,4.15,20.98,34.71,1,1,1.0
36,47,0.00,397.60,100.65,181.46,1,1,1.0
36,54,3.39,7.35,33.72,77.78,1,1,1.0
37,1,338.24,73.35,80.49,133.53,1,1,1.0
37,2,420.06,47.59,103.96,164.70,1,1,1.0
37,3,407.18,156.32,68.04,82.07,1,1,1.0
37,4,1778.66,-0.00,141.34,270.20,1,1,1.0
37,5,940.60,975.96,115.07,103.13,1,1,1.0
37,6,242.54,130.83,118.27,157.40,1,1,1.0
37,33,174.37,4.01,22.49,34.11,1,1,1.0
37,47,0.98,398.06,109.17,181.97,1,1,1.0
37,54,13.26,12.23,35.19,76.15,1,1,1.0
37,55,462.99,845.26,56.79,67.23,1,1,1.0
38,1,346.19,75.02,81.52,132.63,1,1,1.0
38,2,429.50,46.64,102.99,164.92,1,1,1.0
38,3,414.72,141.39,64.65,97.02,1,1,1.0
38,4,1776.45,1.11,142.70,272.01,1,1,1.0
38,5,947.01,974.76,114.98,103.67,1,1,1.0
38,6,251.07,132.61,118.15,155.12,1,1,1.0
38,33,178.83,6.04,19.73,32.38,1,1,1.0
38,47,7.37,398.24,112.78,181.80,1,1,1.0
38,54,21.12,13.39,34.88,73.49,1,1,1.0
38,56,-0.00,0.00,22.25,107.94,1,1,1.0
38,57,793.89,127.41,13.38,23.03,1,1,1.0
38,58,24.15,11.99,32.55,74.32,1,1,1.0
38,59,762.52,84.41,13.32,22.63,1,1,1.0
38,60,134.37,122.77,16.73,24.90,1,1,1.0
39,1,353.63,74.04,80.27,134.42,1,1,1.0
39,2,435.70,49.55,104.46,162.95,1,1,1.0
39,3,422.00,114.04,66.77,123.34,1,1,1.0
39,4,1780.81,1.30,138.46,268.42,1,1,1.0
39,5,955.93,974.85,114.22,103.95,1,1,1.0
39,6,259.13,134.03,117.69,154.62,1,1,1.0
39,33,181.60,5.92,22.02,32.91,1,1,1.0
39,47,16.45,399.07,111.20,180.33,1,1,1.0
39,57,796.92,127.31,12.74,23.89,1,1,1.0
39,58,32.87,15.40,34.09,68.12,1,1,1.0
39,61,660.77,93.24,15.04,25.90,1,1,1.0
39,62,788.65,54.60,16.68,26.37,1,1,1.0
39,63,1033.27,123.21,14.47,23.57,1,1,1.0
39,64,15.40,0.00,66.58,19.08,1,1,1.0
40,1,361.83,81.31,80.61,127.04,1,1,1.0
40,2,444.69,50.29,104.09,163.32,1,1,1.0
40,3,431.27,117.02,64.32,123.10,1,1,1.0
40,4,1779.67,1.18,139.62,269.61,1,1,1.0
40,5,961.17,974.15,116.20,103.79,1,1,1.0
40,6,265.86,133.50,118.13,154.88,1,1,1.0
40,33,185.72,7.31,21.39,31.55,1,1,1.0
40,47,23.93,398.97,111.20,179.73,1,1,1.0
40,65,43.81,18.30,35.87,68.51,1,1,1.0
40,66,206.07,53.19,15.61,22.80,1,1,1.0
40,67,334.06,0.00,52.59,16.01,1,1,1.0
40,68,428.31,13.53,17.63,31.56,1,1,1.0
40,69,236.71,47.16,19.63,27.12,1,1,1.0
41,1,378.03,81.95,80.11,127.26,1,1,1.0
41,2,461.02,50.88,101.60,163.73,1,1,1.0
41,3,445.54,138.91,64.08,101.89,1,1,1.0
41,4,1796.70,1.94,123.26,267.20,1,1,1.0
41,5,976.67,973.16,117.21,104.76,1,1,1.0
41,6,283.06,133.43,116.27,155.33,1,1,1.0
41,47,42.63,398.57,109.66,179.79,1,1,1.0
41,68,433.43,13.70,18.92,32.41,1,1,1.0
41,69,240.87,47.59,24.30,28.77,1,1,1.0
41,70,978.26,972.26,113.53,105.53,1,1,1.0
41,71,806.83,128.29,12.93,22.46,1,1,1.0
41,72,0.00,400.38,16.44,93.85,1,1,1.0
42,1,384.19,77.44,79.67,131.46,1,1,1.0
42,2,466.00,49.98,103.09,162.61,1,1,1.0
42,3,451.15,125.24,65.07,114.53,1,1,1.0
42,4,1793.92,0.00,126.05,270.50,1,1,1.0
42,5,984.53,972.74,116.29,105.33,1,1,1.0
42,6,291.20,134.09,114.95,155.66,1,1,1.0
42,47,50.00,398.03,109.17,180.20,1,1,1.0
42,68,436.60,12.92,19.70,33.35,1,1,1.0
42,69,245.43,48.24,22.93,25.91,1,1,1.0
42,72,0.04,401.16,27.04,100.75,1,1,1.0
42,73,72.87,18.58,32.49,73.36,1,1,1.0
42,74,359.70,0.00,51.07,17.35,1,1,1.0
42,75,451.80,157.72,64.52,80.85,1,1,1.0
42,76,509.94,842.83,54.01,67.91,1,1,1.0
42,77,775.47,48.77,16.43,31.06,1,1,1.0
43,1,392.01,81.86,79.40,126.71,1,1,1.0
43,2,475.12,50.80,103.78,163.44,1,1,1.0
43,3,459.73,137.52,62.62,100.87,1,1,1.0
43,4,1795.84,1.61,124.07,265.64,1,1,1.0
43,5,989.64,971.93,118.07,104.80,1,1,1.0
43,6,297.13,134.76,117.33,154.48,1,1,1.0
43,47,56.44,398.37,108.04,178.77,1,1,1.0
43,69,249.63,49.02,20.87,27.75,1,1,1.0
43,72,0.00,399.17,33.91,93.58,1,1,1.0
43,74,365.49,0.00,50.63,18.64,1,1,1.0
43,76,515.90,842.32,54.79,66.72,1,1,1.0
43,78,851.01,145.97,16.79,24.98,1,1,1.0
44,1,398.98,76.43,78.83,132.23,1,1,1.0
44,2,480.79,51.42,102.23,162.53,1,1,1.0
44,3,465.99,118.74,62.96,120.09,1,1,1.0
44,4,1797.20,0.61,122.74,272.74,1,1,1.0
44,5,996.89,972.37,115.81,104.45,1,1,1.0
44,6,303.52,133.24,116.09,156.31,1,1,1.0
44,47,65.65,398.15,108.04,179.86,1,1,1.0
44,72,0.00,399.00,42.00,93.85,1,1,1.0
44,74,371.74,0.00,51.79,17.84,1,1,1.0
44,76,523.12,841.75,53.77,68.37,1,1,1.0
44,78,853.80,146.99,15.93,24.97,1,1,1.0
44,79,466.04,155.47,63.60,83.11,1,1,1.0
44,80,0.09,478.36,30.57,40.09,1,1,1.0
45,1,405.94,77.20,78.46,131.68,1,1,1.0
45,2,489.28,51.45,101.12,162.07,1,1,1.0
45,3,471.72,119.75,64.13,119.12,1,1,1.0
45,4,1794.15,-0.00,125.77,272.28,1,1,1.0
45,5,1001.27,972.01,118.84,104.98,1,1,1.0
45,6,312.19,135.58,113.53,153.26,1,1,1.0
45,47,73.25,398.14,107.46,180.05,1,1,1.0
45,72,-0.00,397.27,48.60,94.97,1,1,1.0
45,74,378.38,0.00,52.73,20.08,1,1,1.0
45,80,0.12,478.43,39.36,43.77,1,1,1.0
45,81,0.00,525.81,19.25,67.87,1,1,1.0
45,82,99.41,22.57,30.64,69.32,1,1,1.0
45,83,1004.88,971.96,113.53,105.20,1,1,1.0
45,84,253.95,47.96,21.53,28.34,1,1,1.0
45,85,815.48,128.55,15.55,22.85,1,1,1.0
46,1,418.33,87.10,78.90,123.38,1,1,1.0
46,2,502.69,52.93,100.27,161.53,1,1,1.0
46,3,482.07,142.75,65.68,97.96,1,1,1.0
46,4,1807.75,1.60,112.11,269.18,1,1,1.0
46,5,1015.63,971.95,115.56,105.32,1,1,1.0
46,6,325.33,138.85,114.92,152.69,1,1,1.0
46,47,85.90,398.84,107.76,178.77,1,1,1.0
46,72,0.00,398.60,61.76,91.82,1,1,1.0
46,74,390.43,-0.00,54.77,20.53,1,1,1.0
46,80,0.26,479.88,54.31,41.14,1,1,1.0
46,81,0.00,520.62,32.67,68.75,1,1,1.0
46,86,149.79,107.44,16.39,27.92,1,1,1.0
47,1,423.27,83.62,81.40,127.40,1,1,1.0
47,2,508.14,52.57,101.80,162.63,1,1,1.0
47,3,489.85,117.59,63.85,122.48,1,1,1.0
47,4,1808.23,-0.00,111.68,268.74,1,1,1.0
47,5,1020.78,971.33,115.95,104.83,1,1,1.0
47,6,329.95,139.15,117.07,151.21,1,1,1.0
47,47,94.45,399.51,106.61,178.90,1,1,1.0
47,72,0.00,399.52,68.64,93.46,1,1,1.0
47,74,395.74,0.00,59.22,20.92,1,1,1.0
47,81,0.00,519.14,39.36,71.07,1,1,1.0
47,87,548.21,840.76,55.03,66.27,1,1,1.0
47,88,1022.25,970.83,113.08,105.79,1,1,1.0
47,89,179.01,36.13,17.67,29.00,1,1,1.0
48,1,430.88,89.80,79.49,121.08,1,1,1.0
48,2,515.10,52.03,100.84,164.78,1,1,1.0
48,3,494.81,119.10,64.95,120.94,1,1,1.0
48,4,1811.24,40.64,108.54,227.45,1,1,1.0
48,5,1027.14,972.14,115.90,103.52,1,1,1.0
48,6,335.81,139.62,118.49,153.39,1,1,1.0
48,47,100.88,400.22,106.67,177.66,1,1,1.0
48,72,0.00,398.16,77.36,94.99,1,1,1.0
48,74,403.22,0.00,55.81,21.03,1,1,1.0
48,81,0.00,520.71,46.19,70.65,1,1,1.0
48,87,553.56,840.86,55.09,68.08,1,1,1.0
48,88,1026.29,972.04,114.06,103.32,1,1,1.0
48,89,182.59,38.52,16.63,25.33,1,1,1.0
48,90,495.17,154.16,63.85,85.79,1,1,1.0
48,91,154.31,108.53,18.19,28.62,1,1,1.0
48,92,243.93,81.23,27.97,58.43,1,1,1.0
48,93,0.38,481.37,67.82,40.86,1,1,1.0
49,1,436.51,79.33,79.91,132.97,1,1,1.0
49,2,521.61,54.68,100.60,161.18,1,1,1.0
49,3,500.09,112.80,64.99,126.50,1,1,1.0
49,4,1812.35,42.13,107.44,227.11,1,1,1.0
49,5,1031.32,971.32,118.71,104.24,1,1,1.0
49,6,342.45,139.77,117.41,151.80,1,1,1.0
49,47,108.47,399.44,105.00,179.61,1,1,1.0
49,72,-0.00,398.58,82.33,95.41,1,1,1.0
49,74,407.65,-0.00,59.91,21.79,1,1,1.0
49,81,0.17,518.55,52.52,70.76,1,1,1.0
49,88,1035.32,971.17,112.84,104.73,1,1,1.0
49,91,157.82,110.11,17.14,26.26,1,1,1.0
50,1,441.98,87.63,79.89,124.32,1,1,1.0
50,2,526.89,51.61,100.27,165.33,1,1,1.0
50,3,506.58,112.39,64.99,126.87,1,1,1.0
50,5,1038.90,971.06,118.11,104.44,1,1,1.0
50,6,349.41,138.57,115.67,151.97,1,1,1.0
50,47,112.64,400.13,106.87,177.43,1,1,1.0
50,72,0.04,398.54,89.56,94.40,1,1,1.0
50,74,417.76,0.00,55.24,22.03,1,1,1.0
50,81,2.58,517.19,56.42,71.80,1,1,1.0
51,1,451.69,86.10,82.61,125.60,1,1,1.0
51,2,540.10,52.26,100.16,165.31,1,1,1.0
51,3,520.15,111.79,63.73,128.65,1,1,1.0
51,5,1049.72,970.74,117.83,104.07,1,1,1.0
51,6,362.41,141.02,116.16,151.68,1,1,1.0
51,47,127.94,399.07,102.93,178.23,1,1,1.0
51,72,0.00,397.47,104.44,97.71,1,1,1.0
51,74,425.87,0.00,55.96,24.21,1,1,1.0
51,81,12.14,516.44,59.89,73.03,1,1,1.0
51,94,580.94,840.18,54.42,65.36,1,1,1.0
51,95,1051.29,970.50,114.12,104.58,1,1,1.0
51,96,273.29,84.80,25.01,50.02,1,1,1.0
52,1,459.37,85.42,81.06,127.44,1,1,1.0
52,2,546.75,52.02,99.67,165.58,1,1,1.0
52,3,525.22,111.76,63.04,130.33,1,1,1.0
52,5,1055.60,969.83,118.06,103.00,1,1,1.0
52,6,368.89,140.94,116.03,153.25,1,1,1.0
52,47,135.75,399.95,103.44,178.03,1,1,1.0
52,72,0.83,398.59,111.46,97.40,1,1,1.0
52,74,435.09,0.00,55.79,24.31,1,1,1.0
52,81,20.42,518.03,58.92,70.78,1,1,1.0
52,94,584.33,840.38,55.92,65.15,1,1,1.0
52,95,1054.57,970.62,116.25,102.67,1,1,1.0
52,97,0.00,522.21,12.68,78.19,1,1,1.0
53,1,466.84,85.07,81.27,128.72,1,1,1.0
53,2,552.87,54.40,101.73,162.97,1,1,1.0
53,3,531.25,114.58,64.24,127.17,1,1,1.0
53,5,1062.00,970.16,116.32,103.30,1,1,1.0
53,6,375.30,140.88,115.44,152.53,1,1,1.0
53,47,140.94,400.78,104.27,177.58,1,1,1.0
53,72,8.57,399.07,107.82,95.39,1,1,1.0
53,74,438.86,0.00,58.09,26.04,1,1,1.0
53,81,28.88,518.25,55.35,71.32,1,1,1.0
53,95,1065.17,970.86,112.25,103.77,1,1,1.0
53,97,0.00,521.86,18.95,82.70,1,1,1.0
53,98,287.04,87.11,28.44,49.86,1,1,1.0
54,1,471.42,87.60,81.52,125.86,1,1,1.0
54,2,558.28,54.76,100.12,161.35,1,1,1.0
54,3,537.23,114.24,63.81,129.01,1,1,1.0
54,5,1069.19,969.85,117.55,103.41,1,1,1.0
54,6,394.44,139.68,102.98,152.88,1,1,1.0
54,47,147.08,400.71,104.19,176.25,1,1,1.0
54,72,16.44,399.06,106.23,95.19,1,1,1.0
54,74,448.42,0.00,56.03,24.60,1,1,1.0
54,81,36.08,518.48,55.90,69.87,1,1,1.0
54,97,0.00,522.18,24.81,82.88,1,1,1.0
54,99,380.63,168.65,48.15,105.82,1,1,1.0
54,100,235.63,17.79,21.92,28.21,1,1,1.0
55,1,476.79,85.17,81.32,128.12,1,1,1.0
55,2,565.52,54.32,100.22,163.21,1,1,1.0
55,3,542.76,111.63,64.40,131.37,1,1,1.0
55,5,1075.39,969.16,115.31,103.61,1,1,1.0
55,6,390.04,140.28,114.50,153.77,1,1,1.0
55,47,155.04,399.02,102.18,176.39,1,1,1.0
55,72,24.48,399.00,105.41,93.43,1,1,1.0
55,74,452.20,-0.00,57.39,25.27,1,1,1.0
55,81,42.91,517.52,55.05,70.99,1,1,1.0
55,97,0.00,521.05,32.37,89.94,1,1,1.0
55,101,603.68,839.19,54.45,64.88,1,1,1.0
55,102,1078.55,969.19,110.80,105.19,1,1,1.0
55,103,0.16,473.27,39.62,49.65,1,1,1.0
56,1,491.94,88.55,78.96,124.11,1,1,1.0
56,2,579.59,53.40,98.88,163.55,1,1,1.0
56,3,555.91,111.40,62.63,131.56,1,1,1.0
56,5,1084.12,966.69,120.45,104.53,1,1,1.0
56,6,404.90,140.84,110.93,151.25,1,1,1.0
56,47,168.76,398.68,101.19,176.21,1,1,1.0
56,72,38.83,399.28,104.04,92.34,1,1,1.0
56,74,466.72,-0.00,55.07,25.17,1,1,1.0
56,81,56.91,517.74,54.85,70.47,1,1,1.0
56,97,0.00,515.45,45.44,94.15,1,1,1.0
56,101,615.04,838.44,55.51,62.79,1,1,1.0
56,102,1084.14,967.54,117.85,103.96,1,1,1.0
56,103,0.00,472.75,61.72,49.00,1,1,1.0
57,1,497.77,84.99,81.06,127.84,1,1,1.0
57,2,584.08,53.08,99.91,163.84,1,1,1.0
57,3,562.39,114.50,63.34,127.93,1,1,1.0
57,5,1092.24,967.61,118.84,103.41,1,1,1.0
57,6,407.78,140.47,114.70,150.89,1,1,1.0
57,47,175.20,398.45,101.83,176.34,1,1,1.0
57,72,45.73,397.74,104.58,94.52,1,1,1.0
57,74,476.97,-0.00,50.47,25.02,1,1,1.0
57,81,62.32,516.92,54.98,71.36,1,1,1.0
57,97,-0.00,513.66,52.30,94.05,1,1,1.0
57,103,3.81,471.63,63.73,51.01,1,1,1.0
57,104,1079.36,123.39,13.91,21.50,1,1,1.0
58,1,504.76,90.93,79.62,121.21,1,1,1.0
58,2,591.45,53.69,97.76,162.32,1,1,1.0
58,3,567.88,112.56,64.19,129.62,1,1,1.0
58,5,1099.04,967.28,118.45,102.78,1,1,1.0
58,6,428.28,139.36,99.97,152.90,1,1,1.0
58,47,181.37,398.32,102.10,176.25,1,1,1.0
58,72,54.25,397.50,101.98,94.19,1,1,1.0
58,74,480.92,0.00,53.95,24.15,1,1,1.0
58,81,68.14,516.69,57.69,72.35,1,1,1.0
58,97,2.97,513.95,56.89,95.08,1,1,1.0
58,103,10.31,472.23,64.00,50.34,1,1,1.0
58,105,411.02,165.81,49.33,112.79,1,1,1.0
59,1,511.46,86.40,77.14,124.91,1,1,1.0
59,2,596.95,55.12,98.78,161.61,1,1,1.0
59,3,571.93,110.81,65.13,130.40,1,1,1.0
59,5,1105.15,966.79,115.84,102.63,1,1,1.0
59,6,428.03,139.66,106.49,152.36,1,1,1.0
59,47,188.03,398.03,100.43,176.05,1,1,1.0
59,72,58.21,396.50,105.81,96.70,1,1,1.0
59,74,485.32,0.00,56.80,24.42,1,1,1.0
59,81,73.61,514.94,55.73,72.60,1,1,1.0
59,97,7.07,512.61,58.56,95.49,1,1,1.0
59,103,15.05,470.51,61.99,49.85,1,1,1.0
59,105,417.65,171.00,49.09,107.27,1,1,1.0
60,1,517.12,92.40,78.13,120.12,1,1,1.0
60,2,603.43,53.72,97.67,162.34,1,1,1.0
60,3,578.22,110.59,63.82,130.63,1,1,1.0
60,5,1110.15,965.38,118.56,103.37,1,1,1.0
60,6,441.95,141.02,99.02,151.53,1,1,1.0
60,47,194.63,397.85,100.14,176.42,1,1,1.0
60,72,67.02,397.25,100.66,93.11,1,1,1.0
60,74,493.71,-0.00,54.85,24.28,1,1,1.0
60,81,78.76,516.49,57.00,71.51,1,1,1.0
60,97,14.61,513.19,56.32,94.30,1,1,1.0
60,103,22.14,468.73,61.30,52.34,1,1,1.0
60,105,422.54,169.16,48.38,106.01,1,1,1.0
61,1,528.35,92.46,76.47,120.22,1,1,1.0
61,2,614.67,53.73,99.24,162.67,1,1,1.0
61,3,588.57,111.86,65.71,130.12,1,1,1.0
61,5,1120.74,966.18,120.32,102.79,1,1,1.0
61,6,436.39,140.43,115.80,151.35,1,1,1.0
61,47,205.88,397.92,102.85,175.64,1,1,1.0
61,72,85.22,397.91,95.20,95.70,1,1,1.0
61,74,507.65,0.00,50.58,24.79,1,1,1.0
61,81,91.18,515.78,56.05,74.04,1,1,1.0
61,97,26.19,512.72,55.75,94.73,1,1,1.0
61,103,35.11,468.02,64.72,53.06,1,1,1.0
61,106,358.95,88.43,28.74,52.56,1,1,1.0
62,1,533.54,87.54,77.23,125.09,1,1,1.0
62,2,620.33,55.43,97.04,160.94,1,1,1.0
62,3,593.37,112.26,66.06,130.55,1,1,1.0
62,5,1126.39,965.13,119.19,103.61,1,1,1.0
62,6,456.73,139.47,100.73,152.68,1,1,1.0
62,47,210.82,398.10,102.98,175.75,1,1,1.0
62,72,91.47,397.78,94.10,94.13,1,1,1.0
62,74,510.97,0.00,53.95,25.42,1,1,1.0
62,81,94.98,515.82,58.37,75.11,1,1,1.0
62,97,32.64,513.49,55.46,93.98,1,1,1.0
62,103,40.02,469.17,63.72,51.58,1,1,1.0
62,107,496.20,20.29,18.29,33.15,1,1,1.0
62,108,439.40,162.06,51.58,118.04,1,1,1.0
63,1,539.36,90.51,75.26,121.79,1,1,1.0
63,2,625.78,55.39,98.33,161.34,1,1,1.0
63,3,598.80,112.10,64.77,130.42,1,1,1.0
63,5,1131.75,965.96,117.79,103.62,1,1,1.0
63,6,454.51,140.98,109.77,151.68,1,1,1.0
63,47,216.80,398.38,100.42,175.54,1,1,1.0
63,72,95.26,398.05,95.45,96.83,1,1,1.0
63,74,515.94,-0.00,53.17,25.00,1,1,1.0
63,81,100.47,514.37,58.00,78.44,1,1,1.0
63,97,37.72,513.05,56.81,95.16,1,1,1.0
63,103,45.31,468.27,57.75,50.05,1,1,1.0
63,107,497.02,23.61,20.14,29.20,1,1,1.0
63,108,445.54,167.10,51.21,114.64,1,1,1.0
63,109,0.21,460.23,42.44,63.68,1,1,1.0
63,110,833.22,52.32,18.65,34.50,1,1,1.0
64,1,542.76,88.27,77.00,124.10,1,1,1.0
64,2,630.70,54.32,98.48,162.89,1,1,1.0
64,3,603.66,110.69,65.25,131.08,1,1,1.0
64,5,1136.73,966.06,118.98,101.55,1,1,1.0
64,6,466.40,141.44,102.25,150.07,1,1,1.0
64,47,223.44,398.16,100.50,175.91,1,1,1.0
64,72,102.50,397.10,94.89,94.58,1,1,1.0
64,74,519.58,0.00,55.08,24.92,1,1,1.0
64,81,106.13,515.23,57.63,74.19,1,1,1.0
64,97,43.17,512.80,55.10,95.14,1,1,1.0
64,103,51.05,468.16,62.03,52.22,1,1,1.0
64,107,497.66,24.01,20.73,28.93,1,1,1.0
64,108,449.51,166.66,58.57,113.23,1,1,1.0
65,1,549.81,94.43,75.96,117.16,1,1,1.0
65,2,636.94,55.79,96.83,161.42,1,1,1.0
65,3,611.25,112.98,62.87,128.80,1,1,1.0
65,5,1141.71,964.85,120.72,103.04,1,1,1.0
65,6,471.86,140.54,101.66,150.90,1,1,1.0
65,47,228.80,398.14,100.89,175.51,1,1,1.0
65,72,110.30,397.41,91.45,92.97,1,1,1.0
65,74,527.02,0.00,54.60,26.35,1,1,1.0
65,81,109.60,515.72,59.58,73.91,1,1,1.0
65,97,48.35,512.01,55.96,93.75,1,1,1.0
65,103,56.40,468.38,65.24,52.07,1,1,1.0
65,107,501.52,24.35,19.78,28.91,1,1,1.0
65,108,455.10,163.47,53.27,117.44,1,1,1.0
65,111,0.03,459.88,53.13,43.78,1,1,1.0
65,112,1094.51,124.00,13.57,21.81,1,1,1.0
65,113,1144.97,964.59,114.50,102.98,1,1,1.0
65,114,836.65,49.76,19.81,35.64,1,1,1.0
66,1,557.95,91.18,77.16,121.18,1,1,1.0
66,2,645.14,54.08,99.64,162.11,1,1,1.0
66,3,618.33,113.44,65.64,127.88,1,1,1.0
66,5,1150.94,965.51,121.52,102.30,1,1,1.0
66,6,473.43,141.46,110.61,150.60,1,1,1.0
66,47,236.74,398.99,104.20,175.73,1,1,1.0
66,72,123.89,397.15,87.18,93.95,1,1,1.0
66,74,537.60,0.00,53.51,25.24,1,1,1.0
66,81,125.08,515.52,53.53,75.22,1,1,1.0
66,97,59.21,513.26,54.53,93.70,1,1,1.0
66,103,66.15,468.03,60.65,51.79,1,1,1.0
66,107,504.92,19.63,20.72,33.11,1,1,1.0
66,108,466.56,169.44,56.40,111.80,1,1,1.0
66,111,-0.00,460.16,65.74,66.50,1,1,1.0
67,1,564.31,93.86,74.72,118.25,1,1,1.0
67,2,652.07,55.26,96.39,160.68,1,1,1.0
67,3,624.93,113.46,63.30,128.77,1,1,1.0
67,5,1157.30,964.55,119.94,103.29,1,1,1.0
67,6,493.51,140.92,94.24,151.59,1,1,1.0
67,47,243.80,397.97,100.00,175.50,1,1,1.0
67,72,129.44,397.61,87.53,96.68,1,1,1.0
67,74,542.51,0.00,52.92,24.87,1,1,1.0
67,81,125.74,515.31,58.44,74.89,1,1,1.0
67,97,64.80,512.82,55.38,93.84,1,1,1.0
67,103,72.45,469.32,66.00,51.18,1,1,1.0
67,107,506.05,17.89,20.06,35.15,1,1,1.0
67,108,469.94,163.89,53.28,114.00,1,1,1.0
67,111,-0.00,459.46,68.09,53.82,1,1,1.0
68,1,568.65,95.18,76.44,116.51,1,1,1.0
68,2,657.43,56.49,96.83,159.98,1,1,1.0
68,3,630.05,113.05,64.20,127.32,1,1,1.0
68,5,1161.49,965.21,119.09,102.88,1,1,1.0
68,6,491.57,142.05,102.78,150.99,1,1,1.0
68,47,248.82,398.33,99.30,175.12,1,1,1.0
68,72,134.41,397.75,87.66,95.14,1,1,1.0
68,74,545.87,0.00,55.37,26.49,1,1,1.0
68,81,133.47,514.28,54.83,76.71,1,1,1.0
68,97,69.72,512.92,55.34,94.54,1,1,1.0
68,103,76.54,469.45,62.46,50.65,1,1,1.0
68,107,508.10,17.63,19.60,36.17,1,1,1.0
68,108,476.39,167.41,51.29,110.83,1,1,1.0
68,111,0.05,459.75,71.91,49.40,1,1,1.0
69,1,572.07,90.63,75.53,122.62,1,1,1.0
69,2,661.13,56.89,97.66,161.47,1,1,1.0
69,3,633.02,113.12,63.71,128.73,1,1,1.0
69,5,1165.30,965.82,121.25,102.26,1,1,1.0
69,6,501.99,143.57,95.57,149.49,1,1,1.0
69,47,254.52,399.17,98.97,175.69,1,1,1.0
69,72,137.40,399.01,89.68,94.76,1,1,1.0
69,74,552.61,0.00,51.67,27.09,1,1,1.0
69,81,136.80,516.13,56.16,75.36,1,1,1.0
69,97,74.52,513.39,54.43,94.12,1,1,1.0
69,103,82.08,470.58,60.14,50.13,1,1,1.0
69,107,508.89,17.60,20.43,36.07,1,1,1.0
69,108,480.42,169.02,52.78,111.61,1,1,1.0
69,111,0.26,459.99,77.62,43.23,1,1,1.0
69,115,447.66,100.48,15.10,26.27,1,1,1.0
70,1,579.09,90.89,75.61,123.04,1,1,1.0
70,2,665.85,56.83,97.42,160.16,1,1,1.0
70,3,638.05,113.80,63.05,129.34,1,1,1.0
70,5,1169.99,965.78,122.29,103.34,1,1,1.0
70,6,508.09,142.62,93.96,150.29,1,1,1.0
70,47,259.32,399.34,98.73,175.53,1,1,1.0
70,72,151.84,399.63,80.01,95.45,1,1,1.0
70,74,554.92,0.00,55.42,28.70,1,1,1.0
70,81,139.46,517.03,58.43,75.29,1,1,1.0
70,97,79.35,512.22,55.21,96.54,1,1,1.0
70,103,87.63,469.56,64.68,51.27,1,1,1.0
70,107,510.04,18.10,21.07,35.35,1,1,1.0
70,108,485.04,167.97,56.12,116.11,1,1,1.0
70,111,0.71,460.42,83.37,46.58,1,1,1.0
70,116,1173.75,965.63,115.38,102.94,1,1,1.0
71,1,587.80,94.71,74.43,121.08,1,1,1.0
71,2,675.83,58.70,95.22,160.35,1,1,1.0
71,3,646.18,115.91,65.07,129.20,1,1,1.0
71,5,1177.98,967.83,121.72,104.37,1,1,1.0
71,6,516.52,145.45,94.92,150.23,1,1,1.0
71,47,267.77,401.68,98.49,175.15,1,1,1.0
71,72,144.30,399.83,95.64,99.51,1,1,1.0
71,74,564.21,-0.00,52.53,28.94,1,1,1.0
71,81,154.50,518.02,51.71,74.82,1,1,1.0
71,97,89.25,515.83,53.81,93.81,1,1,1.0
71,103,96.00,473.42,60.32,50.32,1,1,1.0
71,107,513.32,18.74,20.41,35.54,1,1,1.0
71,108,492.92,168.36,53.26,114.45,1,1,1.0
71,111,9.95,462.47,83.86,42.41,1,1,1.0
71,117,0.00,519.54,16.81,116.91,1,1,1.0
71,118,603.39,0.00,63.24,16.25,1,1,1.0
71,119,0.13,467.41,21.24,170.46,1,1,1.0
71,120,708.67,837.59,56.61,63.24,1,1,1.0
72,1,591.32,96.58,76.63,120.07,1,1,1.0
72,2,679.62,63.37,95.80,157.15,1,1,1.0
72,3,650.51,116.81,63.92,128.52,1,1,1.0
72,5,1182.05,968.03,123.06,103.89,1,1,1.0
72,6,521.47,146.09,94.73,147.64,1,1,1.0
72,47,272.16,402.65,99.24,174.51,1,1,1.0
72,72,156.22,400.33,89.04,98.49,1,1,1.0
72,74,569.83,0.00,54.96,31.42,1,1,1.0
72,81,155.82,518.25,55.65,75.85,1,1,1.0
72,97,93.48,516.19,55.38,92.21,1,1,1.0
72,103,101.35,474.92,64.12,49.66,1,1,1.0
72,107,515.01,17.64,20.35,35.85,1,1,1.0
72,108,498.44,171.42,52.87,112.81,1,1,1.0
72,111,12.66,462.95,85.13,43.09,1,1,1.0
72,117,0.01,518.27,21.49,117.19,1,1,1.0
72,118,615.73,-0.00,54.25,19.72,1,1,1.0
72,119,0.13,478.05,24.57,158.15,1,1,1.0
73,1,594.98,92.99,77.13,125.46,1,1,1.0
73,2,683.88,62.45,95.96,157.05,1,1,1.0
73,3,656.31,117.17,61.41,128.30,1,1,1.0
73,5,1188.65,968.54,120.04,102.98,1,1,1.0
73,6,523.83,145.86,96.95,149.78,1,1,1.0
73,47,277.19,402.82,98.08,175.35,1,1,1.0
73,72,165.51,400.64,83.36,96.43,1,1,1.0
73,74,572.94,0.00,54.81,31.59,1,1,1.0
73,81,159.57,517.71,56.88,76.31,1,1,1.0
73,97,98.64,515.42,54.70,94.23,1,1,1.0
73,103,105.47,473.59,64.86,50.66,1,1,1.0
73,107,516.29,17.33,20.64,36.34,1,1,1.0
73,108,502.61,170.75,56.15,114.44,1,1,1.0
73,111,17.68,462.60,84.17,44.61,1,1,1.0
73,117,0.00,502.84,28.87,132.30,1,1,1.0
73,121,717.76,838.22,56.64,63.85,1,1,1.0
74,1,599.31,98.21,77.62,119.90,1,1,1.0
74,2,688.89,63.06,96.11,159.84,1,1,1.0
74,3,659.10,119.24,63.35,127.16,1,1,1.0
74,5,1191.86,969.50,119.95,103.33,1,1,1.0
74,6,527.89,147.30,96.81,149.38,1,1,1.0
74,47,281.57,403.74,96.93,174.04,1,1,1.0
74,72,177.75,402.71,76.47,95.21,1,1,1.0
74,74,575.30,0.00,55.10,32.34,1,1,1.0
74,81,165.06,517.51,54.78,77.83,1,1,1.0
74,97,102.36,516.58,55.00,95.94,1,1,1.0
74,103,109.69,475.14,63.32,50.44,1,1,1.0
74,107,517.16,17.28,21.87,36.06,1,1,1.0
74,108,505.61,172.56,60.92,114.82,1,1,1.0
74,111,21.08,463.88,84.58,41.52,1,1,1.0
74,117,0.00,508.68,31.20,125.76,1,1,1.0
74,121,721.74,838.09,55.57,63.68,1,1,1.0
74,122,1197.91,969.42,112.82,104.26,1,1,1.0
75,1,603.93,99.34,75.33,119.67,1,1,1.0
75,2,693.65,61.07,95.25,160.46,1,1,1.0
75,3,663.17,116.34,62.43,129.82,1,1,1.0
75,5,1196.34,968.74,121.69,102.96,1,1,1.0
75,6,533.44,147.31,95.53,146.89,1,1,1.0
75,47,286.20,403.55,97.82,174.34,1,1,1.0
75,72,164.30,402.02,93.76,97.45,1,1,1.0
75,74,581.24,0.00,57.02,32.81,1,1,1.0
75,81,168.26,519.16,55.77,74.69,1,1,1.0
75,97,106.39,515.94,54.61,94.52,1,1,1.0
75,103,115.57,475.47,63.37,48.47,1,1,1.0
75,107,518.72,16.73,21.45,37.00,1,1,1.0
75,108,510.26,172.88,58.55,113.46,1,1,1.0
75,111,27.53,464.42,82.91,41.31,1,1,1.0
75,117,0.00,502.77,35.64,132.04,1,1,1.0
75,122,1198.48,969.05,116.80,103.25,1,1,1.0
76,1,613.31,99.82,74.87,117.45,1,1,1.0
76,2,702.23,64.19,95.74,156.15,1,1,1.0
76,3,671.34,117.87,62.25,130.35,1,1,1.0
76,5,1203.36,969.06,123.41,103.78,1,1,1.0
76,6,532.53,149.03,104.64,147.79,1,1,1.0
76,47,294.31,403.64,98.30,173.99,1,1,1.0
76,72,166.64,402.38,101.34,106.71,1,1,1.0
76,74,588.30,0.00,57.20,32.43,1,1,1.0
76,81,178.86,519.80,53.79,76.38,1,1,1.0
76,97,114.95,516.42,55.64,94.05,1,1,1.0
76,103,123.84,475.58,64.25,50.67,1,1,1.0
76,107,522.03,18.44,20.20,36.67,1,1,1.0
76,108,521.44,173.57,53.08,113.53,1,1,1.0
76,117,0.05,492.96,45.20,141.27,1,1,1.0
76,123,1065.91,92.95,13.87,24.41,1,1,1.0
77,1,617.74,93.84,76.62,124.16,1,1,1.0
77,2,706.17,60.29,95.61,161.40,1,1,1.0
77,3,675.90,116.99,62.44,130.31,1,1,1.0
77,5,1207.61,968.35,123.62,103.58,1,1,1.0
77,6,543.35,148.37,97.59,148.66,1,1,1.0
77,47,298.84,403.04,97.62,174.17,1,1,1.0
77,72,171.09,400.68,99.48,103.59,1,1,1.0
77,74,595.58,0.01,55.23,32.13,1,1,1.0
77,81,183.93,519.44,51.80,73.57,1,1,1.0
77,97,120.03,515.99,54.36,95.84,1,1,1.0
77,103,128.04,475.28,64.39,49.63,1,1,1.0
77,107,523.27,18.19,20.43,37.14,1,1,1.0
77,108,524.43,173.11,57.57,113.59,1,1,1.0
77,117,0.02,485.90,50.01,147.24,1,1,1.0
77,124,468.31,101.90,26.67,51.07,1,1,1.0
78,1,621.72,104.98,74.65,112.82,1,1,1.0
78,2,711.38,62.81,95.14,159.55,1,1,1.0
78,3,680.49,116.22,62.13,130.84,1,1,1.0
78,5,1211.39,966.55,122.43,104.02,1,1,1.0
78,6,551.51,147.69,95.03,147.13,1,1,1.0
78,47,303.50,402.48,98.08,174.53,1,1,1.0
78,72,183.46,401.40,92.93,101.73,1,1,1.0
78,74,601.53,-0.00,53.79,32.06,1,1,1.0
78,81,187.52,518.13,54.24,76.42,1,1,1.0
78,97,125.01,515.98,55.33,93.89,1,1,1.0
78,103,132.84,475.52,65.24,48.75,1,1,1.0
78,107,524.71,18.37,20.22,35.71,1,1,1.0
78,108,530.70,174.82,53.98,111.50,1,1,1.0
78,117,0.16,487.61,54.58,144.73,1,1,1.0
78,125,651.10,0.02,54.32,20.57,1,1,1.0
78,126,54.54,463.16,73.69,42.21,1,1,1.0
79,1,625.51,100.66,75.51,115.75,1,1,1.0
79,2,715.68,62.78,94.94,158.10,1,1,1.0
79,3,685.00,116.74,62.38,129.64,1,1,1.0
79,5,1218.00,966.91,121.23,101.94,1,1,1.0
79,6,555.79,146.73,95.44,148.81,1,1,1.0
79,47,309.12,402.60,96.78,173.92,1,1,1.0
79,72,181.12,399.12,101.34,105.11,1,1,1.0
79,74,603.64,0.00,57.63,30.84,1,1,1.0
79,81,189.45,517.36,57.67,77.13,1,1,1.0
79,97,130.44,515.18,54.61,94.51,1,1,1.0
79,103,137.92,474.74,65.63,49.46,1,1,1.0
79,107,526.36,17.80,19.78,36.61,1,1,1.0
79,108,534.17,173.42,53.23,108.93,1,1,1.0
79,117,0.27,493.67,60.20,137.87,1,1,1.0
79,127,1220.99,966.46,115.50,101.87,1,1,1.0
80,1,630.36,93.35,76.58,123.55,1,1,1.0
80,2,720.39,62.92,95.28,158.36,1,1,1.0
80,3,689.58,118.50,63.62,129.11,1,1,1.0
80,5,1223.83,965.38,120.23,102.64,1,1,1.0
80,6,564.03,147.72,92.53,148.34,1,1,1.0
80,47,314.21,402.36,95.61,173.71,1,1,1.0
80,72,188.52,399.51,96.90,102.49,1,1,1.0
80,74,608.73,-0.00,56.51,31.66,1,1,1.0
80,81,195.41,516.85,54.73,75.98,1,1,1.0
80,97,134.52,514.62,54.64,95.40,1,1,1.0
80,103,142.33,475.21,65.96,48.83,1,1,1.0
80,107,527.63,19.52,19.68,34.63,1,1,1.0
80,108,536.99,171.13,56.21,112.95,1,1,1.0
80,117,0.10,493.51,65.42,137.32,1,1,1.0
80,127,1223.61,965.26,120.58,102.27,1,1,1.0
81,1,639.63,96.93,76.45,120.52,1,1,1.0
81,2,731.67,63.68,94.26,156.09,1,1,1.0
81,3,698.77,119.41,63.39,128.58,1,1,1.0
81,5,1231.63,967.70,122.19,100.31,1,1,1.0
81,6,570.66,147.43,94.99,149.94,1,1,1.0
81,47,323.35,402.23,98.29,173.82,1,1,1.0
81,72,196.76,400.66,99.62,104.57,1,1,1.0
81,74,618.68,0.00,56.82,32.55,1,1,1.0
81,81,204.29,517.35,56.26,76.73,1,1,1.0
81,97,144.74,514.18,54.41,94.05,1,1,1.0
81,103,153.17,474.72,65.64,49.22,1,1,1.0
81,107,531.79,20.44,20.66,34.46,1,1,1.0
81,108,547.00,176.07,56.79,109.38,1,1,1.0
81,117,0.00,493.75,76.09,135.88,1,1,1.0
81,128,864.41,89.64,14.74,23.31,1,1,1.0
81,129,674.01,-0.00,54.77,21.51,1,1,1.0
82,1,644.98,100.03,76.60,119.61,1,1,1.0
82,2,736.66,64.12,92.69,157.49,1,1,1.0
82,3,703.15,121.00,63.85,127.65,1,1,1.0
82,5,1234.49,967.83,122.70,102.42,1,1,1.0
82,6,558.84,148.81,111.26,149.02,1,1,1.0
82,47,328.01,403.32,98.28,174.45,1,1,1.0
82,72,203.34,400.77,95.73,110.98,1,1,1.0
82,74,621.94,0.00,60.55,33.88,1,1,1.0
82,81,211.92,518.61,52.64,74.26,1,1,1.0
82,97,149.85,515.11,53.65,95.50,1,1,1.0
82,103,157.36,475.31,65.77,49.45,1,1,1.0
82,108,552.50,175.92,58.11,111.22,1,1,1.0
82,117,0.00,495.42,80.44,135.19,1,1,1.0
83,1,650.51,103.95,74.53,117.99,1,1,1.0
83,2,743.77,66.72,91.85,156.58,1,1,1.0
83,3,707.79,121.63,63.78,129.28,1,1,1.0
83,5,1238.42,969.23,123.69,102.58,1,1,1.0
83,6,584.28,151.43,91.75,147.98,1,1,1.0
83,47,333.32,404.77,98.50,173.84,1,1,1.0
83,72,209.89,404.56,95.68,113.72,1,1,1.0
83,74,629.17,-0.00,63.60,35.62,1,1,1.0
83,81,216.08,520.72,52.63,75.01,1,1,1.0
83,97,154.92,517.10,55.32,92.81,1,1,1.0
83,103,163.01,476.50,66.26,48.92,1,1,1.0
83,108,557.64,177.76,59.41,111.90,1,1,1.0
83,117,0.00,495.82,85.58,135.00,1,1,1.0
83,130,868.78,93.78,14.62,23.39,1,1,1.0
83,131,870.42,60.46,15.60,30.23,1,1,1.0
83,132,540.20,31.86,16.46,30.63,1,1,1.0
84,1,654.66,106.03,73.72,117.79,1,1,1.0
84,2,747.06,69.04,95.31,159.50,1,1,1.0
84,3,713.93,123.38,61.73,129.75,1,1,1.0
84,5,1244.96,972.34,122.70,102.15,1,1,1.0
84,6,587.01,153.46,93.94,148.54,1,1,1.0
84,47,337.92,407.36,97.58,173.52,1,1,1.0
84,72,222.02,406.91,88.23,99.93,1,1,1.0
84,74,633.71,0.00,61.83,36.56,1,1,1.0
84,81,217.89,519.52,57.47,78.74,1,1,1.0
84,97,159.44,517.69,54.45,93.26,1,1,1.0
84,103,168.48,477.03,65.16,50.66,1,1,1.0
84,108,561.93,178.63,58.21,113.02,1,1,1.0
84,117,0.68,496.86,90.03,136.15,1,1,1.0
85,1,659.05,106.17,77.58,119.03,1,1,1.0
85,2,753.06,69.31,93.01,162.17,1,1,1.0
85,3,717.92,125.62,63.42,129.48,1,1,1.0
85,5,1249.59,974.38,124.10,102.30,1,1,1.0
85,6,594.86,155.95,89.97,147.66,1,1,1.0
85,47,343.25,410.67,96.81,172.30,1,1,1.0
85,72,221.69,407.58,93.78,100.40,1,1,1.0
85,74,638.46,0.00,60.55,37.42,1,1,1.0
85,81,221.97,522.27,56.15,76.51,1,1,1.0
85,97,164.24,520.49,53.45,91.73,1,1,1.0
85,103,171.92,478.40,68.71,50.86,1,1,1.0
85,108,566.19,179.97,58.15,112.89,1,1,1.0
85,117,1.02,498.85,95.34,136.55,1,1,1.0
86,1,670.34,113.66,72.58,116.55,1,1,1.0
86,2,764.93,76.57,91.82,156.22,1,1,1.0
86,3,726.09,128.91,63.14,130.24,1,1,1.0
86,5,1260.18,980.92,124.54,99.08,1,1,1.0
86,6,601.98,159.05,94.41,149.40,1,1,1.0
86,47,352.91,412.71,97.62,173.63,1,1,1.0
86,72,239.63,414.55,85.69,100.49,1,1,1.0
86,74,649.21,0.00,57.01,40.79,1,1,1.0
86,81,233.59,527.34,55.23,74.68,1,1,1.0
86,97,174.34,523.39,53.18,93.60,1,1,1.0
86,103,184.88,481.19,65.02,52.34,1,1,1.0
86,108,579.55,186.23,52.20,109.13,1,1,1.0
86,117,9.64,502.23,96.10,136.56,1,1,1.0
86,133,790.84,847.11,55.68,64.52,1,1,1.0
87,1,675.82,115.26,74.72,116.39,1,1,1.0
87,2,769.28,77.61,91.56,157.80,1,1,1.0
87,3,732.18,131.95,62.41,129.55,1,1,1.0
87,5,1263.43,983.55,125.59,96.45,1,1,1.0
87,6,609.81,163.13,91.51,147.63,1,1,1.0
87,47,357.44,414.02,97.50,174.48,1,1,1.0
87,72,234.86,414.85,94.76,96.95,1,1,1.0
87,74,666.21,0.00,49.08,43.98,1,1,1.0
87,81,230.99,530.31,61.64,73.96,1,1,1.0
87,97,177.69,527.55,54.04,92.32,1,1,1.0
87,103,187.70,482.30,65.06,51.74,1,1,1.0
87,108,583.23,186.90,57.36,112.73,1,1,1.0
87,117,14.16,504.10,95.64,135.56,1,1,1.0
88,1,680.72,123.04,74.11,113.15,1,1,1.0
88,2,775.35,80.28,91.14,160.07,1,1,1.0
88,3,737.69,137.01,62.99,127.98,1,1,1.0
88,5,1270.12,987.69,126.77,92.31,1,1,1.0
88,6,614.36,166.08,90.94,146.67,1,1,1.0
88,47,362.88,416.51,98.10,174.10,1,1,1.0
88,72,242.68,416.54,92.09,101.60,1,1,1.0
88,74,666.89,0.72,51.93,47.97,1,1,1.0
88,81,245.89,532.80,51.13,73.81,1,1,1.0
88,97,183.43,526.92,52.92,95.20,1,1,1.0
88,103,192.42,484.82,66.57,51.60,1,1,1.0
88,108,588.67,191.99,56.70,110.29,1,1,1.0
88,117,19.71,505.54,96.62,137.94,1,1,1.0
89,1,685.66,121.28,75.37,119.19,1,1,1.0
89,2,778.82,84.31,93.63,160.36,1,1,1.0
89,3,741.92,140.55,63.65,127.77,1,1,1.0
89,5,1274.49,990.63,133.29,89.37,1,1,1.0
89,6,621.85,170.21,90.61,147.18,1,1,1.0
89,47,366.96,421.79,98.55,172.57,1,1,1.0
89,72,249.07,419.73,90.29,107.85,1,1,1.0
89,74,673.02,1.02,49.72,50.65,1,1,1.0
89,81,245.05,535.15,56.96,75.12,1,1,1.0
89,97,188.48,531.19,53.90,93.09,1,1,1.0
89,103,197.81,489.73,64.91,51.92,1,1,1.0
89,108,591.72,193.50,59.64,112.12,1,1,1.0
89,117,25.08,509.65,95.89,137.05,1,1,1.0
89,134,251.73,618.44,25.73,39.07,1,1,1.0
89,135,800.40,855.41,58.38,64.58,1,1,1.0
90,1,692.93,125.32,73.42,117.25,1,1,1.0
90,2,785.97,89.34,90.93,157.98,1,1,1.0
90,3,749.24,144.07,62.31,128.93,1,1,1.0
90,5,1280.17,994.76,135.24,85.24,1,1,1.0
90,6,626.74,173.38,90.01,147.28,1,1,1.0
90,47,373.03,424.65,96.34,172.72,1,1,1.0
90,72,249.97,420.79,95.25,101.88,1,1,1.0
90,74,676.58,5.61,52.14,49.04,1,1,1.0
90,81,249.12,536.83,58.15,75.80,1,1,1.0
90,97,194.08,535.13,52.32,90.77,1,1,1.0
90,103,201.78,492.71,66.90,51.38,1,1,1.0
90,108,598.68,199.63,56.51,110.24,1,1,1.0
90,117,31.56,511.14,97.18,137.16,1,1,1.0
91,1,704.89,135.37,73.28,113.76,1,1,1.0
91,2,798.29,96.86,90.89,157.57,1,1,1.0
91,3,760.47,152.90,61.23,126.90,1,1,1.0
91,5,1292.19,1002.47,132.47,77.53,1,1,1.0
91,6,635.93,179.21,93.49,148.52,1,1,1.0
91,47,385.44,429.90,96.75,173.31,1,1,1.0
91,72,262.45,430.04,95.09,97.78,1,1,1.0
91,74,687.72,9.46,55.30,55.26,1,1,1.0
91,81,259.72,545.19,59.63,71.74,1,1,1.0
91,97,204.75,542.59,53.34,89.42,1,1,1.0
91,103,215.61,497.55,63.39,51.60,1,1,1.0
91,108,613.16,208.28,55.66,110.08,1,1,1.0
91,117,43.92,518.05,95.67,137.53,1,1,1.0
91,136,1291.62,1003.54,136.75,76.46,1,1,1.0
91,137,820.84,867.21,56.10,65.46,1,1,1.0
92,1,710.01,133.14,73.42,119.88,1,1,1.0
92,2,804.27,99.39,89.66,158.93,1,1,1.0
92,3,765.98,153.36,62.84,128.95,1,1,1.0
92,5,1297.23,1006.38,128.37,73.62,1,1,1.0
92,6,644.67,183.33,90.63,146.72,1,1,1.0
92,47,390.40,432.41,99.25,173.83,1,1,1.0
92,72,271.64,431.77,91.32,89.48,1,1,1.0
92,74,694.29,13.26,53.73,52.15,1,1,1.0
92,81,270.85,547.28,52.16,71.46,1,1,1.0
92,97,210.57,543.52,53.27,92.99,1,1,1.0
92,108,618.13,211.32,57.43,109.82,1,1,1.0
92,117,50.71,519.47,95.87,138.66,1,1,1.0
92,136,1296.77,1006.72,132.75,73.28,1,1,1.0
92,137,823.28,869.47,59.11,64.90,1,1,1.0
92,138,272.24,631.35,27.13,38.25,1,1,1.0
93,1,716.84,140.92,73.13,113.15,1,1,1.0
93,2,811.08,102.63,91.10,157.90,1,1,1.0
93,3,771.21,156.40,63.01,129.36,1,1,1.0
93,5,1304.63,1009.49,123.05,70.51,1,1,1.0
93,6,651.42,185.33,89.76,147.28,1,1,1.0
93,47,396.34,434.90,98.56,174.32,1,1,1.0
93,72,276.76,434.28,93.29,110.99,1,1,1.0
93,74,702.89,10.27,51.17,57.22,1,1,1.0
93,81,273.06,549.19,54.08,73.19,1,1,1.0
93,97,215.91,544.79,55.31,93.38,1,1,1.0
93,108,621.75,209.65,58.37,112.32,1,1,1.0
93,117,57.16,521.01,93.44,137.85,1,1,1.0
93,139,226.13,502.83,64.58,50.00,1,1,1.0
94,1,722.55,140.36,73.66,116.19,1,1,1.0
94,2,818.43,104.74,90.08,158.04,1,1,1.0
94,3,776.54,156.71,65.44,130.57,1,1,1.0
94,5,1310.38,1012.52,123.49,67.48,1,1,1.0
94,6,658.38,187.99,89.48,146.99,1,1,1.0
94,47,403.50,437.23,96.52,172.43,1,1,1.0
94,72,283.38,436.31,92.89,103.59,1,1,1.0
94,74,707.41,12.78,54.21,54.80,1,1,1.0
94,81,272.98,548.33,61.65,75.37,1,1,1.0
94,97,221.65,545.51,54.49,95.03,1,1,1.0
94,108,628.01,211.94,56.26,109.17,1,1,1.0
94,117,62.74,522.83,96.54,137.38,1,1,1.0
94,139,231.76,505.18,67.36,51.80,1,1,1.0
95,1,728.61,147.87,73.48,110.01,1,1,1.0
95,2,824.49,106.53,87.98,156.05,1,1,1.0
95,3,782.75,157.52,63.75,131.23,1,1,1.0
95,5,1316.37,1014.12,127.12,65.88,1,1,1.0
95,6,661.79,187.82,92.29,148.10,1,1,1.0
95,47,408.45,439.12,98.55,171.70,1,1,1.0
95,72,290.70,438.62,90.54,106.43,1,1,1.0
95,74,715.84,21.33,51.32,45.37,1,1,1.0
95,81,282.09,551.28,58.00,74.65,1,1,1.0
95,97,227.40,547.61,54.00,94.23,1,1,1.0
95,108,634.76,216.49,56.80,108.11,1,1,1.0
95,117,69.82,524.42,93.94,137.38,1,1,1.0
95,139,237.39,506.01,64.66,49.96,1,1,1.0
96,1,740.67,148.73,73.82,113.97,1,1,1.0
96,2,837.80,109.62,89.11,158.09,1,1,1.0
96,3,795.30,161.14,64.78,133.13,1,1,1.0
96,5,1330.54,1018.37,135.65,61.63,1,1,1.0
96,6,675.02,193.07,92.54,145.97,1,1,1.0
96,47,421.76,442.11,97.54,173.11,1,1,1.0
96,74,729.27,22.62,51.16,49.71,1,1,1.0
96,81,293.80,554.27,58.27,72.38,1,1,1.0
96,97,240.10,551.20,53.31,91.66,1,1,1.0
96,108,648.31,219.75,57.04,110.77,1,1,1.0
96,117,84.05,527.38,92.24,136.98,1,1,1.0
96,139,250.45,507.97,65.66,52.04,1,1,1.0
97,1,748.40,150.27,73.45,114.96,1,1,1.0
97,2,845.22,112.33,91.06,158.10,1,1,1.0
97,3,802.15,163.67,62.94,131.14,1,1,1.0
97,5,1340.65,1021.17,130.16,58.83,1,1,1.0
97,6,683.11,194.51,91.62,147.08,1,1,1.0
97,47,429.35,443.35,95.64,173.02,1,1,1.0
97,74,746.75,30.27,42.76,41.25,1,1,1.0
97,81,301.39,556.38,57.02,75.57,1,1,1.0
97,97,246.52,552.42,54.82,92.24,1,1,1.0
97,108,656.40,222.17,54.22,107.94,1,1,1.0
97,117,89.74,529.54,95.49,137.09,1,1,1.0
97,139,256.66,509.27,68.18,52.08,1,1,1.0
98,1,754.84,146.75,75.70,120.33,1,1,1.0
98,2,853.26,113.98,89.38,158.70,1,1,1.0
98,3,808.78,167.05,65.81,130.33,1,1,1.0
98,5,1347.51,1024.12,130.25,55.88,1,1,1.0
98,6,691.97,197.08,90.62,147.40,1,1,1.0
98,47,435.09,444.87,96.26,172.09,1,1,1.0
98,74,749.52,27.06,43.95,42.37,1,1,1.0
98,81,303.69,558.75,62.35,75.31,1,1,1.0
98,97,252.28,555.31,54.02,92.11,1,1,1.0
98,108,662.42,223.81,58.15,110.15,1,1,1.0
98,117,97.11,530.80,94.47,138.13,1,1,1.0
98,139,263.13,510.63,63.49,51.86,1,1,1.0
98,140,865.99,884.62,59.73,65.50,1,1,1.0
99,1,762.27,152.95,72.33,115.73,1,1,1.0
99,2,859.19,115.71,89.94,158.87,1,1,1.0
99,3,814.99,167.43,63.29,130.78,1,1,1.0
99,6,697.55,198.06,90.29,148.22,1,1,1.0
99,47,441.15,446.42,96.76,173.96,1,1,1.0
99,81,312.84,560.96,57.30,73.70,1,1,1.0
99,97,258.90,556.49,52.72,93.13,1,1,1.0
99,108,670.63,230.65,54.88,105.50,1,1,1.0
99,117,103.00,532.39,93.48,137.00,1,1,1.0
99,139,268.80,511.83,64.88,50.43,1,1,1.0
99,141,1107.50,153.16,15.39,23.67,1,1,1.0
100,1,768.83,151.33,73.34,117.78,1,1,1.0
100,2,865.50,116.47,89.78,158.51,1,1,1.0
100,3,821.82,169.64,63.08,129.09,1,1,1.0
100,6,703.50,199.04,90.08,147.78,1,1,1.0
100,47,447.51,446.99,96.13,173.37,1,1,1.0
100,81,313.45,560.89,62.51,75.97,1,1,1.0
100,97,263.62,557.31,54.67,93.31,1,1,1.0
100,108,675.11,226.53,55.84,109.03,1,1,1.0
100,117,109.28,532.60,94.70,138.04,1,1,1.0
100,139,276.51,512.80,64.79,51.72,1,1,1.0
100,141,1109.64,154.20,14.59,23.77,1,1,1.0
100,142,876.36,886.01,60.61,67.09,1,1,1.0
101,1,777.62,153.30,74.76,117.96,1,1,1.0
101,2,877.50,118.83,89.22,158.21,1,1,1.0
101,3,832.02,171.50,62.74,129.19,1,1,1.0
101,6,714.70,199.86,90.08,147.53,1,1,1.0
101,47,457.36,447.70,96.44,173.81,1,1,1.0
101,81,331.62,561.61,53.72,73.87,1,1,1.0
101,97,274.62,557.73,52.94,92.55,1,1,1.0
101,108,685.99,227.89,55.66,109.36,1,1,1.0
101,117,119.62,532.43,95.71,137.70,1,1,1.0
101,139,284.47,512.34,63.63,49.73,1,1,1.0
101,143,338.95,482.09,81.72,72.62,1,1,1.0
102,1,781.30,154.61,75.45,116.28,1,1,1.0
102,2,881.23,119.21,91.73,157.10,1,1,1.0
102,3,836.41,171.95,64.03,127.77,1,1,1.0
102,6,719.41,199.05,90.29,148.51,1,1,1.0
102,47,461.01,447.20,96.62,173.30,1,1,1.0
102,81,334.76,562.12,55.31,73.51,1,1,1.0
102,97,279.32,558.59,53.41,92.00,1,1,1.0
102,108,689.28,226.56,56.01,110.36,1,1,1.0
102,117,124.49,532.13,95.91,138.63,1,1,1.0
102,139,292.53,512.63,62.11,52.29,1,1,1.0
102,143,341.79,478.66,83.96,71.94,1,1,1.0
102,144,1373.93,1029.60,121.14,50.40,1,1,1.0
103,1,785.07,151.52,75.95,120.40,1,1,1.0
103,2,885.61,119.21,92.32,156.18,1,1,1.0
103,3,839.97,171.58,62.97,129.95,1,1,1.0
103,6,723.67,199.15,90.09,149.20,1,1,1.0
103,47,465.27,447.07,95.79,173.30,1,1,1.0
103,81,334.89,561.60,59.17,75.93,1,1,1.0
103,97,281.14,558.58,54.69,91.15,1,1,1.0
103,108,692.95,227.62,56.99,109.21,1,1,1.0
103,117,129.30,531.59,94.00,138.33,1,1,1.0
103,139,294.47,512.91,63.60,51.23,1,1,1.0
104,1,790.53,152.31,72.00,119.47,1,1,1.0
104,2,889.44,117.14,90.58,158.46,1,1,1.0
104,3,842.90,171.63,63.19,129.67,1,1,1.0
104,6,728.23,199.10,88.11,149.01,1,1,1.0
104,47,467.96,446.49,96.38,172.68,1,1,1.0
104,81,334.63,560.37,62.08,76.49,1,1,1.0
104,97,284.95,556.93,52.67,92.10,1,1,1.0
104,108,694.38,225.38,58.32,111.78,1,1,1.0
104,117,132.21,530.23,93.02,136.97,1,1,1.0
104,139,297.27,511.32,62.70,51.31,1,1,1.0
105,1,793.11,157.29,72.62,114.17,1,1,1.0
105,2,892.86,116.90,90.89,158.62,1,1,1.0
105,3,845.52,172.40,62.43,127.99,1,1,1.0
105,6,730.02,199.31,89.90,147.76,1,1,1.0
105,47,470.31,446.69,97.00,173.44,1,1,1.0
105,81,340.80,561.04,57.44,72.98,1,1,1.0
105,97,287.52,555.91,52.53,92.55,1,1,1.0
105,108,700.50,228.30,56.42,108.57,1,1,1.0
105,117,134.38,530.33,94.63,137.56,1,1,1.0
105,145,289.31,171.21,18.28,28.53,1,1,1.0
106,1,798.90,149.32,75.12,121.57,1,1,1.0
106,2,900.37,117.77,89.76,156.67,1,1,1.0
106,3,852.78,168.35,63.56,131.94,1,1,1.0
106,6,736.32,198.61,89.09,148.07,1,1,1.0
106,47,476.32,445.67,98.49,173.51,1,1,1.0
106,81,341.72,560.11,62.38,77.66,1,1,1.0
106,97,292.96,555.81,53.51,91.56,1,1,1.0
106,108,706.59,226.29,55.44,110.28,1,1,1.0
106,117,140.60,529.79,94.49,138.68,1,1,1.0
106,145,291.85,171.43,18.63,29.84,1,1,1.0
106,146,305.73,511.42,66.04,51.17,1,1,1.0
106,147,216.40,500.20,80.43,41.35,1,1,1.0
106,148,272.91,583.88,14.81,37.59,1,1,1.0
107,1,801.42,150.93,76.15,119.94,1,1,1.0
107,2,902.12,116.13,92.11,158.74,1,1,1.0
107,3,855.73,168.46,63.26,131.45,1,1,1.0
107,6,739.39,197.88,89.43,149.05,1,1,1.0
107,47,479.24,445.39,98.00,174.91,1,1,1.0
107,81,346.83,560.40,60.04,73.03,1,1,1.0
107,97,294.83,556.82,53.47,90.76,1,1,1.0
107,108,708.86,222.80,56.07,112.68,1,1,1.0
107,117,143.01,529.16,93.86,139.10,1,1,1.0
107,145,292.10,171.43,18.51,29.68,1,1,1.0
107,146,305.92,511.40,68.07,51.13,1,1,1.0
107,149,325.78,104.23,16.43,25.66,1,1,1.0
108,1,804.87,151.08,73.90,118.53,1,1,1.0
108,2,904.34,116.16,92.14,158.21,1,1,1.0
108,3,856.52,168.76,64.06,131.93,1,1,1.0
108,6,742.73,197.34,88.35,149.01,1,1,1.0
108,47,481.17,444.09,98.10,176.95,1,1,1.0
108,81,347.07,559.35,61.56,75.26,1,1,1.0
108,97,295.91,555.38,54.22,92.70,1,1,1.0
108,108,709.41,224.40,58.63,111.16,1,1,1.0
108,117,145.53,528.61,92.14,138.04,1,1,1.0
108,145,292.35,169.70,18.29,31.10,1,1,1.0
108,146,308.93,511.20,67.04,51.49,1,1,1.0
108,150,220.39,498.36,79.93,43.67,1,1,1.0
108,151,361.35,475.84,84.22,71.01,1,1,1.0
109,1,808.44,154.58,72.61,114.99,1,1,1.0
109,2,908.39,115.15,90.55,158.20,1,1,1.0
109,3,859.68,168.90,62.67,130.25,1,1,1.0
109,6,745.10,196.63,89.12,149.19,1,1,1.0
109,47,483.52,444.66,98.31,175.69,1,1,1.0
109,81,348.75,559.24,62.30,76.78,1,1,1.0
109,97,298.92,555.37,53.22,93.01,1,1,1.0
109,108,710.75,225.14,59.73,110.46,1,1,1.0
109,117,147.22,527.65,92.80,139.03,1,1,1.0
109,145,293.93,169.45,16.95,30.31,1,1,1.0
109,146,312.75,510.56,64.87,51.44,1,1,1.0
109,150,221.79,498.89,80.70,42.14,1,1,1.0
110,1,809.88,153.68,73.15,115.32,1,1,1.0
110,2,910.77,114.29,89.91,158.88,1,1,1.0
110,3,862.37,168.85,63.53,130.90,1,1,1.0
110,6,747.33,195.73,89.89,149.61,1,1,1.0
110,47,487.30,444.47,96.48,175.83,1,1,1.0
110,81,353.00,559.03,59.83,74.61,1,1,1.0
110,97,301.84,554.92,52.37,91.97,1,1,1.0
110,108,715.31,223.16,57.47,111.62,1,1,1.0
110,117,149.70,527.10,92.84,139.35,1,1,1.0
110,145,294.32,169.05,16.59,30.39,1,1,1.0
110,146,314.62,510.43,65.71,51.06,1,1,1.0
110,152,0.00,405.00,21.35,88.67,1,1,1.0
111,1,816.84,152.47,73.16,115.66,1,1,1.0
111,2,916.97,114.49,90.53,157.62,1,1,1.0
111,3,869.78,166.01,63.79,130.99,1,1,1.0
111,6,752.41,194.91,90.87,149.61,1,1,1.0
111,47,493.32,443.17,96.75,176.96,1,1,1.0
111,81,360.61,557.88,57.64,77.40,1,1,1.0
111,97,307.01,552.68,54.89,92.59,1,1,1.0
111,108,722.26,223.17,58.08,112.15,1,1,1.0
111,117,156.16,525.81,93.99,141.57,1,1,1.0
111,146,324.35,509.83,63.12,51.78,1,1,1.0
111,152,-0.00,411.66,32.31,93.57,1,1,1.0
111,153,-0.00,412.11,32.00,90.50,1,1,1.0
112,1,821.72,153.08,72.72,114.62,1,1,1.0
112,2,921.42,113.28,91.70,157.00,1,1,1.0
112,3,873.52,165.20,62.46,132.26,1,1,1.0
112,6,757.11,192.27,91.67,151.78,1,1,1.0
112,47,497.12,442.70,97.48,175.01,1,1,1.0
112,81,366.64,556.61,56.46,74.63,1,1,1.0
112,97,311.15,551.30,53.50,93.29,1,1,1.0
112,108,725.58,221.28,59.45,112.78,1,1,1.0
112,117,161.11,526.18,91.92,138.14,1,1,1.0
112,146,328.73,509.22,63.86,51.52,1,1,1.0
112,153,0.00,409.79,35.24,85.49,1,1,1.0
112,154,296.35,167.28,16.85,29.57,1,1,1.0
113,1,826.67,152.36,72.80,112.75,1,1,1.0
113,2,927.85,112.02,89.58,154.96,1,1,1.0
113,3,877.13,166.66,64.54,129.81,1,1,1.0
113,6,762.76,191.44,90.04,148.68,1,1,1.0
113,47,502.56,442.09,98.63,173.50,1,1,1.0
113,81,366.57,554.54,60.99,78.03,1,1,1.0
113,97,316.29,550.15,52.93,93.43,1,1,1.0
113,108,730.94,221.63,56.82,110.01,1,1,1.0
113,117,166.14,523.81,91.73,140.02,1,1,1.0
113,146,332.26,508.28,64.71,52.21,1,1,1.0
113,153,2.81,409.82,36.28,84.48,1,1,1.0
113,154,297.68,166.32,16.26,28.69,1,1,1.0
113,155,931.47,885.91,64.40,69.09,1,1,1.0
114,1,829.99,146.02,77.07,117.68,1,1,1.0
114,2,932.18,111.17,90.73,154.31,1,1,1.0
114,3,884.20,165.16,63.14,129.03,1,1,1.0
114,6,767.28,189.91,89.89,148.39,1,1,1.0
114,47,506.79,441.89,98.29,173.59,1,1,1.0
114,81,373.17,553.70,58.26,76.94,1,1,1.0
114,97,320.48,548.54,53.65,92.61,1,1,1.0
114,108,735.67,218.43,55.71,112.41,1,1,1.0
114,117,172.09,523.34,90.22,139.65,1,1,1.0
114,146,331.13,508.04,69.07,50.31,1,1,1.0
114,153,7.50,409.56,37.14,81.14,1,1,1.0
114,154,296.94,166.01,18.45,28.10,1,1,1.0
114,156,0.07,139.03,14.30,29.97,1,1,1.0
114,157,389.38,472.77,78.95,69.53,1,1,1.0
115,1,834.87,148.59,73.36,114.20,1,1,1.0
115,2,936.61,111.72,91.26,157.82,1,1,1.0
115,3,886.87,162.03,63.96,132.36,1,1,1.0
115,6,771.70,189.94,90.52,150.53,1,1,1.0
115,47,511.63,441.13,97.85,173.60,1,1,1.0
115,81,374.98,553.45,60.42,80.10,1,1,1.0
115,97,324.29,548.11,54.07,93.13,1,1,1.0
115,108,739.41,219.79,58.58,110.93,1,1,1.0
115,117,174.67,522.62,92.95,140.73,1,1,1.0
115,146,345.60,507.03,57.87,52.31,1,1,1.0
115,153,13.65,409.54,37.36,81.64,1,1,1.0
115,154,297.35,165.84,18.10,27.68,1,1,1.0
115,156,0.09,138.88,14.49,28.18,1,1,1.0
115,158,945.40,57.53,33.11,39.99,1,1,1.0
115,159,249.80,496.14,76.08,40.96,1,1,1.0
115,160,1433.56,1031.30,114.53,48.70,1,1,1.0
116,1,844.40,142.93,74.55,120.06,1,1,1.0
116,2,946.68,108.87,89.07,156.32,1,1,1.0
116,3,894.87,162.14,66.95,130.78,1,1,1.0
116,6,779.92,188.00,91.31,149.42,1,1,1.0
116,47,520.16,441.00,96.77,174.56,1,1,1.0
116,81,389.09,552.47,53.95,80.21,1,1,1.0
116,97,332.34,548.29,53.10,91.95,1,1,1.0
116,108,748.50,216.79,55.54,112.27,1,1,1.0
116,117,183.59,523.19,91.57,139.93,1,1,1.0
116,146,344.88,507.46,68.18,51.35,1,1,1.0
116,153,21.14,409.92,40.02,81.05,1,1,1.0
116,154,297.79,164.73,17.82,27.99,1,1,1.0
116,156,0.11,136.79,15.63,30.71,1,1,1.0
116,158,950.75,55.63,35.26,42.65,1,1,1.0
116,159,255.83,494.23,78.11,40.54,1,1,1.0
116,161,1125.18,155.97,15.05,24.03,1,1,1.0
116,162,0.06,164.05,14.73,30.67,1,1,1.0
116,163,400.17,461.42,81.76,77.53,1,1,1.0
117,1,847.46,147.42,73.74,113.44,1,1,1.0
117,2,950.19,110.24,88.97,153.18,1,1,1.0
117,3,898.69,159.46,65.21,133.63,1,1,1.0
117,6,785.53,187.92,89.26,149.75,1,1,1.0
117,47,522.72,440.47,98.32,174.50,1,1,1.0
117,81,390.29,552.15,56.31,77.78,1,1,1.0
117,97,335.65,547.38,54.67,92.13,1,1,1.0
117,108,752.12,215.93,56.07,112.57,1,1,1.0
117,117,187.37,522.42,93.18,139.98,1,1,1.0
117,153,23.25,409.78,43.20,79.92,1,1,1.0
117,156,0.12,136.47,15.83,28.52,1,1,1.0
117,158,954.73,53.52,35.91,43.01,1,1,1.0
117,159,258.82,494.64,79.30,40.28,1,1,1.0
117,161,1125.02,154.90,15.41,24.29,1,1,1.0
118,1,852.27,143.87,71.58,116.20,1,1,1.0
118,2,953.06,107.65,90.16,155.92,1,1,1.0
118,3,901.88,158.30,65.43,133.82,1,1,1.0
118,6,789.31,188.20,90.23,148.87,1,1,1.0
118,47,526.18,439.98,100.07,173.84,1,1,1.0
118,81,394.72,552.04,55.88,79.77,1,1,1.0
118,97,340.06,547.01,53.81,93.85,1,1,1.0
118,108,755.32,214.14,57.56,113.58,1,1,1.0
118,117,190.93,521.37,92.14,140.27,1,1,1.0
118,153,31.17,408.92,37.34,81.08,1,1,1.0
118,156,0.12,135.96,16.57,28.49,1,1,1.0
118,159,262.75,494.15,78.73,40.27,1,1,1.0
118,161,1125.68,154.13,15.02,24.37,1,1,1.0
118,164,958.16,884.60,63.35,68.27,1,1,1.0
118,165,351.44,506.02,67.52,51.00,1,1,1.0
118,166,0.12,241.28,23.00,46.94,1,1,1.0
119,1,856.21,147.57,71.30,110.62,1,1,1.0
119,2,957.88,107.88,89.70,155.44,1,1,1.0
119,3,904.46,158.53,65.28,133.12,1,1,1.0
119,6,792.52,187.19,89.90,149.30,1,1,1.0
119,47,529.04,439.48,99.45,174.21,1,1,1.0
119,81,392.39,550.13,61.66,84.08,1,1,1.0
119,97,341.74,547.10,54.75,94.61,1,1,1.0
119,108,761.50,214.75,54.89,112.43,1,1,1.0
119,117,193.99,521.84,92.48,140.07,1,1,1.0
119,153,35.21,408.43,37.62,80.14,1,1,1.0
119,156,0.10,135.82,16.85,29.82,1,1,1.0
119,159,265.64,494.67,78.76,39.84,1,1,1.0
119,161,1125.99,153.80,14.88,24.39,1,1,1.0
119,164,962.26,884.89,63.95,68.79,1,1,1.0
119,166,0.06,241.53,27.26,73.67,1,1,1.0
120,1,858.58,147.33,72.13,111.66,1,1,1.0
120,2,961.98,108.67,89.21,155.42,1,1,1.0
120,3,908.97,158.78,65.92,133.38,1,1,1.0
120,6,794.89,187.04,90.96,150.65,1,1,1.0
120,47,531.77,440.28,99.30,174.73,1,1,1.0
120,81,394.75,550.41,61.85,84.36,1,1,1.0
120,97,345.07,547.85,53.43,93.54,1,1,1.0
120,108,762.71,217.11,56.77,110.00,1,1,1.0
120,117,197.24,521.75,91.91,140.70,1,1,1.0
120,153,37.42,408.17,39.11,81.33,1,1,1.0
120,156,0.07,135.77,17.04,31.01,1,1,1.0
120,159,267.41,494.02,80.46,40.36,1,1,1.0
120,161,1126.18,153.79,14.83,24.27,1,1,1.0
120,166,0.06,239.90,28.68,81.19,1,1,1.0
120,167,415.96,459.65,80.57,77.74,1,1,1.0
121,1,862.62,144.81,75.28,115.68,1,1,1.0
121,2,967.82,110.26,90.93,156.31,1,1,1.0
121,3,914.65,159.04,66.67,133.59,1,1,1.0
121,6,801.60,187.52,90.02,152.18,1,1,1.0
121,47,536.30,441.01,99.20,175.64,1,1,1.0
121,81,401.71,554.75,58.17,81.52,1,1,1.0
121,97,349.45,548.64,53.85,93.16,1,1,1.0
121,108,767.26,214.58,58.01,114.67,1,1,1.0
121,117,200.49,524.46,93.24,139.92,1,1,1.0
121,153,42.12,409.32,39.02,84.64,1,1,1.0
121,156,0.06,136.12,16.30,30.69,1,1,1.0
121,159,272.48,495.57,79.77,40.39,1,1,1.0
121,161,1126.60,153.49,14.59,24.61,1,1,1.0
121,166,0.05,239.67,32.88,82.14,1,1,1.0
121,167,418.00,460.11,84.86,76.81,1,1,1.0
121,168,357.91,508.67,72.54,49.79,1,1,1.0
122,1,865.68,146.72,74.04,117.64,1,1,1.0
122,2,970.41,109.91,90.72,157.36,1,1,1.0
122,3,916.33,160.36,68.11,133.08,1,1,1.0
122,6,801.91,188.62,91.65,151.55,1,1,1.0
122,47,537.77,441.62,99.86,176.35,1,1,1.0
122,81,404.24,556.98,57.95,79.85,1,1,1.0
122,97,350.29,551.64,54.88,92.53,1,1,1.0
122,108,768.94,219.34,59.90,110.84,1,1,1.0
122,117,202.80,526.62,93.59,140.69,1,1,1.0
122,153,44.25,413.19,38.39,81.40,1,1,1.0
122,156,0.07,136.33,15.62,31.44,1,1,1.0
122,161,1126.43,153.47,14.58,24.96,1,1,1.0
122,166,0.03,241.00,34.92,77.67,1,1,1.0
122,168,361.25,509.60,71.74,49.57,1,1,1.0
122,169,869.89,41.79,47.85,35.79,1,1,1.0
122,170,966.07,47.78,44.36,51.95,1,1,1.0
123,1,867.83,151.79,75.05,112.91,1,1,1.0
123,2,973.29,109.17,91.04,159.59,1,1,1.0
123,3,918.50,161.62,67.09,132.29,1,1,1.0
123,6,805.93,189.91,90.68,150.91,1,1,1.0
123,47,540.16,442.59,100.26,177.91,1,1,1.0
123,81,402.65,558.59,60.94,82.73,1,1,1.0
123,97,352.17,553.11,54.48,92.05,1,1,1.0
123,108,770.62,219.19,59.73,111.68,1,1,1.0
123,117,204.14,528.35,93.47,141.31,1,1,1.0
123,153,45.01,416.23,38.42,81.90,1,1,1.0
123,156,0.07,135.90,15.56,34.31,1,1,1.0
123,161,1126.30,153.32,14.79,24.89,1,1,1.0
123,166,0.01,242.51,36.60,75.33,1,1,1.0
123,168,361.85,514.25,72.49,46.54,1,1,1.0
123,169,871.68,35.24,49.48,41.87,1,1,1.0
123,171,419.07,460.98,88.65,82.82,1,1,1.0
124,1,869.34,150.85,75.76,113.03,1,1,1.0
124,2,975.18,111.56,92.54,157.22,1,1,1.0
124,3,919.93,163.90,65.27,130.82,1,1,1.0
124,6,807.51,190.49,92.62,150.84,1,1,1.0
124,47,543.25,445.57,98.11,176.71,1,1,1.0
124,81,403.31,560.58,62.11,83.05,1,1,1.0
124,97,354.08,556.77,53.89,94.22,1,1,1.0
124,108,773.89,220.18,56.42,111.90,1,1,1.0
124,117,204.35,530.29,94.26,141.98,1,1,1.0
124,153,46.59,417.08,38.01,82.91,1,1,1.0
124,156,0.05,136.35,15.42,35.61,1,1,1.0
124,161,1126.34,153.02,14.74,24.93,1,1,1.0
124,166,0.01,246.09,39.41,72.88,1,1,1.0
124,168,365.86,513.35,69.06,49.19,1,1,1.0
124,169,874.01,40.73,49.21,39.35,1,1,1.0
124,171,422.46,464.04,85.73,80.02,1,1,1.0
124,172,276.48,501.30,79.53,40.23,1,1,1.0
125,1,872.57,148.97,73.97,116.57,1,1,1.0
125,2,976.33,111.01,93.47,159.07,1,1,1.0
125,3,924.07,165.24,67.52,129.46,1,1,1.0
125,6,807.90,192.24,94.09,150.57,1,1,1.0
125,47,543.55,447.59,98.92,175.66,1,1,1.0
125,81,406.75,562.02,60.84,79.55,1,1,1.0
125,97,355.12,557.79,53.82,94.25,1,1,1.0
125,108,776.34,223.04,57.36,110.66,1,1,1.0
125,117,205.71,532.65,94.28,142.05,1,1,1.0
125,153,49.44,421.64,36.42,79.59,1,1,1.0
125,156,0.05,137.19,14.78,36.12,1,1,1.0
125,161,1126.16,152.83,14.83,25.25,1,1,1.0
125,166,0.00,248.97,40.01,75.97,1,1,1.0
125,169,879.31,44.27,45.41,34.45,1,1,1.0
125,171,422.34,462.51,86.58,82.54,1,1,1.0
125,172,278.73,503.04,76.98,40.16,1,1,1.0
126,1,875.03,153.32,73.72,112.48,1,1,1.0
126,2,981.56,110.82,92.13,157.87,1,1,1.0
126,3,927.43,163.20,66.55,130.55,1,1,1.0
126,6,811.23,191.61,93.33,150.05,1,1,1.0
126,47,547.73,446.66,98.17,177.96,1,1,1.0
126,81,414.46,562.03,55.73,78.75,1,1,1.0
126,97,357.81,558.01,54.09,95.09,1,1,1.0
126,108,780.12,221.22,57.00,112.60,1,1,1.0
126,117,208.76,533.58,92.86,141.89,1,1,1.0
126,153,50.66,422.41,39.54,80.96,1,1,1.0
126,156,0.04,137.23,14.42,33.92,1,1,1.0
126,161,1125.75,151.47,14.86,25.34,1,1,1.0
126,166,0.01,247.93,42.38,77.89,1,1,1.0
126,171,427.10,465.41,84.45,78.24,1,1,1.0
126,172,280.10,503.62,79.47,42.52,1,1,1.0
127,1,877.62,150.39,73.25,114.33,1,1,1.0
127,2,982.47,109.43,92.22,157.87,1,1,1.0
127,3,928.42,159.45,65.86,134.58,1,1,1.0
127,6,813.10,189.46,93.16,150.86,1,1,1.0
127,47,548.52,447.35,102.17,175.88,1,1,1.0
127,81,411.92,561.80,60.12,80.66,1,1,1.0
127,97,359.93,557.46,53.15,96.02,1,1,1.0
127,108,782.25,219.39,57.66,113.29,1,1,1.0
127,117,209.89,533.21,95.51,141.47,1,1,1.0
127,153,51.63,419.49,40.59,83.81,1,1,1.0
127,161,1125.02,149.21,14.79,25.80,1,1,1.0
127,166,0.01,248.13,43.89,77.49,1,1,1.0
127,171,427.71,463.84,86.81,78.96,1,1,1.0
127,172,281.22,502.85,79.44,41.61,1,1,1.0
128,1,879.94,145.67,73.28,115.52,1,1,1.0
128,2,985.38,106.45,91.37,159.20,1,1,1.0
128,3,930.39,157.61,65.31,133.14,1,1,1.0
128,6,815.38,187.77,92.98,151.75,1,1,1.0
128,47,550.54,443.70,99.30,178.08,1,1,1.0
128,81,417.14,560.72,55.79,82.17,1,1,1.0
128,97,361.74,556.23,53.02,96.65,1,1,1.0
128,108,784.27,219.26,55.89,111.77,1,1,1.0
128,117,211.79,532.24,95.90,142.54,1,1,1.0
128,153,52.92,418.59,41.66,84.36,1,1,1.0
128,161,1125.11,146.77,14.95,24.76,1,1,1.0
128,166,0.01,248.41,44.55,76.92,1,1,1.0
128,171,429.54,457.38,85.94,86.86,1,1,1.0
128,172,283.13,502.02,81.41,40.87,1,1,1.0
129,1,881.46,144.93,73.74,114.05,1,1,1.0
129,2,987.25,105.92,92.16,156.48,1,1,1.0
129,3,931.33,155.01,66.25,134.28,1,1,1.0
129,6,819.03,186.75,90.46,151.41,1,1,1.0
129,47,552.01,442.60,98.79,178.54,1,1,1.0
129,81,420.93,560.45,52.52,78.14,1,1,1.0
129,97,362.93,555.72,53.41,95.87,1,1,1.0
129,108,784.06,218.68,58.00,110.19,1,1,1.0
129,117,212.90,531.21,96.72,142.81,1,1,1.0
129,153,54.42,417.92,41.22,85.10,1,1,1.0
129,161,1125.41,142.76,15.25,23.65,1,1,1.0
129,166,0.00,248.10,44.51,77.24,1,1,1.0
129,171,430.59,453.92,86.20,92.70,1,1,1.0
129,172,284.31,500.54,81.43,40.71,1,1,1.0
130,1,881.93,144.03,74.26,113.92,1,1,1.0
130,2,987.65,103.29,94.29,157.42,1,1,1.0
130,3,932.36,155.48,65.44,130.91,1,1,1.0
130,6,821.07,185.09,89.80,151.05,1,1,1.0
130,47,553.62,443.35,101.32,176.64,1,1,1.0
130,81,424.06,560.04,51.34,77.54,1,1,1.0
130,97,364.32,554.43,54.24,94.98,1,1,1.0
130,108,785.53,215.77,58.31,111.84,1,1,1.0
130,117,214.64,530.78,95.75,143.47,1,1,1.0
130,153,55.63,416.19,41.09,88.56,1,1,1.0
130,161,1125.42,139.56,15.21,24.03,1,1,1.0
130,166,0.00,247.38,45.81,78.17,1,1,1.0
130,171,431.18,453.17,87.24,96.01,1,1,1.0
130,172,284.49,500.01,82.76,39.87,1,1,1.0
131,1,883.47,140.50,73.56,115.50,1,1,1.0
131,2,990.33,99.44,92.13,159.37,1,1,1.0
131,3,934.12,151.79,64.79,132.62,1,1,1.0
131,6,821.51,182.25,91.59,150.97,1,1,1.0
131,47,554.11,441.59,103.18,177.07,1,1,1.0
131,81,422.10,557.41,56.24,80.37,1,1,1.0
131,97,365.60,552.30,54.76,96.02,1,1,1.0
131,108,786.03,210.42,59.54,114.73,1,1,1.0
131,117,215.84,529.34,95.58,143.20,1,1,1.0
131,153,56.93,415.33,40.65,88.95,1,1,1.0
131,161,1124.79,135.53,14.94,24.25,1,1,1.0
131,166,0.00,246.08,46.88,80.16,1,1,1.0
131,171,433.71,452.93,86.58,91.05,1,1,1.0
131,172,285.80,498.03,80.75,40.15,1,1,1.0
131,173,754.97,172.59,46.80,56.89,1,1,1.0
131,174,45.35,91.66,16.08,30.54,1,1,1.0
131,175,409.97,453.91,110.69,105.55,1,1,1.0
132,1,885.39,139.88,72.99,112.86,1,1,1.0
132,2,991.28,96.06,92.26,161.28,1,1,1.0
132,3,933.39,149.19,65.88,132.52,1,1,1.0
132,6,822.82,180.48,91.84,151.38,1,1,1.0
132,47,555.99,438.53,102.46,177.54,1,1,1.0
132,81,420.17,555.08,58.03,79.05,1,1,1.0
132,97,366.89,551.15,54.47,95.51,1,1,1.0
132,108,786.28,208.44,60.76,114.77,1,1,1.0
132,117,217.68,528.53,95.53,141.83,1,1,1.0
132,153,57.91,415.27,40.57,88.02,1,1,1.0
132,166,0.00,244.78,47.56,79.52,1,1,1.0
132,171,436.42,453.36,85.16,86.17,1,1,1.0
132,172,286.48,496.06,81.16,40.52,1,1,1.0
132,173,756.45,172.71,44.78,55.35,1,1,1.0
132,176,87.67,268.14,134.59,90.05,1,1,1.0
133,1,886.16,135.59,74.41,113.58,1,1,1.0
133,2,993.34,95.07,91.70,161.10,1,1,1.0
133,3,934.65,145.75,66.43,134.32,1,1,1.0
133,6,822.19,178.40,93.89,150.57,1,1,1.0
133,47,558.13,437.76,101.16,177.72,1,1,1.0
133,81,422.34,553.28,57.34,81.09,1,1,1.0
133,97,368.99,547.94,53.70,98.16,1,1,1.0
133,108,788.83,207.32,59.63,112.87,1,1,1.0
133,117,220.31,526.62,93.13,141.47,1,1,1.0
133,153,60.01,415.94,38.90,85.16,1,1,1.0
133,166,0.00,243.71,48.46,76.92,1,1,1.0
133,171,438.27,453.09,83.86,84.40,1,1,1.0
133,172,288.62,495.07,80.40,39.61,1,1,1.0
134,1,887.07,132.74,72.68,115.38,1,1,1.0
134,2,994.48,92.06,91.91,160.97,1,1,1.0
134,3,934.91,144.32,68.03,133.00,1,1,1.0
134,6,824.31,175.35,92.26,150.52,1,1,1.0
134,47,558.83,434.18,101.42,179.26,1,1,1.0
134,81,426.23,552.46,55.11,76.42,1,1,1.0
134,97,370.18,547.30,53.77,95.75,1,1,1.0
134,108,789.38,204.12,59.00,113.77,1,1,1.0
134,117,220.82,525.08,94.11,140.78,1,1,1.0
134,153,62.57,415.88,37.37,83.31,1,1,1.0
134,166,0.00,242.56,49.00,73.41,1,1,1.0
134,171,438.90,450.75,84.19,89.89,1,1,1.0
134,172,289.88,493.09,82.78,40.48,1,1,1.0
134,177,759.35,165.35,44.50,58.34,1,1,1.0
134,178,1509.01,1026.45,127.06,53.55,1,1,1.0
134,179,1126.18,125.57,14.69,23.52,1,1,1.0
134,180,428.03,90.42,41.73,62.14,1,1,1.0
135,1,888.97,131.00,73.87,113.25,1,1,1.0
135,2,994.41,88.73,93.22,160.36,1,1,1.0
135,3,937.82,143.16,65.37,132.14,1,1,1.0
135,6,825.09,173.33,91.74,150.09,1,1,1.0
135,47,559.75,431.85,101.26,179.92,1,1,1.0
135,81,427.98,551.23,53.51,77.57,1,1,1.0
135,97,370.53,546.04,54.79,95.04,1,1,1.0
135,108,790.31,200.22,58.09,116.11,1,1,1.0
135,117,221.40,522.66,95.20,141.85,1,1,1.0
135,153,63.23,413.30,38.22,83.10,1,1,1.0
135,166,-0.00,242.43,49.83,72.52,1,1,1.0
135,171,437.81,449.10,85.56,95.37,1,1,1.0
135,172,290.50,490.76,81.63,41.72,1,1,1.0
135,177,760.17,165.14,43.68,54.32,1,1,1.0
135,178,1508.06,1022.12,136.78,57.88,1,1,1.0
135,179,1125.38,122.60,15.33,24.85,1,1,1.0
135,180,427.36,91.44,42.85,63.88,1,1,1.0
136,1,889.22,119.42,74.43,123.08,1,1,1.0
136,2,995.51,83.71,92.84,161.16,1,1,1.0
136,3,940.57,138.74,63.33,132.40,1,1,1.0
136,6,826.42,170.09,91.33,151.56,1,1,1.0
136,47,561.53,428.20,101.59,181.17,1,1,1.0
136,81,428.93,546.89,56.76,77.71,1,1,1.0
136,97,374.48,542.81,52.71,95.32,1,1,1.0
136,108,790.49,199.66,59.36,111.10,1,1,1.0
136,117,225.65,519.78,93.12,141.37,1,1,1.0
136,153,66.48,409.40,39.65,84.34,1,1,1.0
136,166,0.00,240.52,53.71,85.64,1,1,1.0
136,171,438.97,443.28,87.53,90.76,1,1,1.0
136,172,294.10,488.66,79.61,41.32,1,1,1.0
136,178,1507.83,1017.31,133.89,62.69,1,1,1.0
136,180,430.56,84.26,41.73,68.60,1,1,1.0
137,1,889.04,118.71,75.55,122.18,1,1,1.0
137,2,996.16,82.81,93.34,162.57,1,1,1.0
137,3,941.59,137.03,63.21,132.44,1,1,1.0
137,6,827.01,168.90,91.26,152.14,1,1,1.0
137,47,561.58,428.88,101.59,179.67,1,1,1.0
137,81,428.11,546.27,58.45,76.18,1,1,1.0
137,97,375.56,542.61,52.52,93.81,1,1,1.0
137,108,789.84,196.81,60.34,113.66,1,1,1.0
137,117,227.19,518.92,93.27,141.87,1,1,1.0
137,153,66.53,408.72,41.51,85.47,1,1,1.0
137,166,-0.00,240.72,54.41,72.92,1,1,1.0
137,171,440.00,446.90,87.33,87.10,1,1,1.0
137,172,295.27,487.27,80.36,40.88,1,1,1.0
137,178,1506.95,1015.73,135.02,64.27,1,1,1.0
137,181,354.58,570.88,16.34,37.29,1,1,1.0
137,182,1125.90,114.92,14.56,23.72,1,1,1.0
138,1,888.73,118.34,76.83,122.32,1,1,1.0
138,2,997.56,82.90,92.59,161.43,1,1,1.0
138,3,943.09,135.85,63.43,132.87,1,1,1.0
138,6,828.46,168.35,91.08,151.96,1,1,1.0
138,47,563.76,428.06,101.14,179.20,1,1,1.0
138,81,427.92,546.01,59.68,82.84,1,1,1.0
138,97,376.13,541.58,53.19,95.75,1,1,1.0
138,108,791.02,195.33,60.79,113.86,1,1,1.0
138,117,228.58,519.26,94.37,141.91,1,1,1.0
138,153,70.10,407.62,39.78,87.18,1,1,1.0
138,166,0.00,241.46,55.61,79.22,1,1,1.0
138,171,441.40,445.51,86.36,90.30,1,1,1.0
138,172,296.83,487.38,80.93,41.06,1,1,1.0
138,178,1508.46,1015.55,135.05,64.45,1,1,1.0
138,181,356.40,570.65,15.39,37.63,1,1,1.0
138,182,1126.28,111.92,14.34,22.86,1,1,1.0
138,183,384.92,500.04,53.00,48.95,1,1,1.0
139,1,889.73,122.02,76.31,119.27,1,1,1.0
139,2,999.45,84.22,91.04,159.65,1,1,1.0
139,3,944.08,136.69,63.58,130.71,1,1,1.0
139,6,829.60,169.41,91.20,150.60,1,1,1.0
139,47,565.98,428.70,100.33,178.40,1,1,1.0
139,81,433.61,545.93,54.68,79.60,1,1,1.0
139,97,378.43,541.18,52.50,95.36,1,1,1.0
139,108,793.94,198.65,58.59,111.36,1,1,1.0
139,117,230.80,518.94,93.71,142.67,1,1,1.0
139,153,74.62,408.88,36.82,87.53,1,1,1.0
139,166,0.00,242.92,58.73,70.18,1,1,1.0
139,171,442.23,443.42,88.57,102.75,1,1,1.0
139,172,298.22,488.12,81.23,41.89,1,1,1.0
139,178,1509.41,1013.66,134.92,66.34,1,1,1.0
139,182,1125.42,109.11,14.93,24.16,1,1,1.0
139,183,386.08,500.05,55.88,47.96,1,1,1.0
140,1,890.20,123.79,78.28,117.86,1,1,1.0
140,2,999.59,85.07,90.46,159.35,1,1,1.0
140,3,945.23,136.06,63.39,132.01,1,1,1.0
140,6,830.73,169.81,91.09,151.01,1,1,1.0
140,47,569.38,428.87,99.62,178.44,1,1,1.0
140,81,438.26,546.27,51.61,78.89,1,1,1.0
140,97,379.85,541.32,53.73,96.89,1,1,1.0
140,108,795.63,198.18,57.67,111.45,1,1,1.0
140,117,233.74,519.85,93.16,141.62,1,1,1.0
140,153,77.98,413.34,36.11,84.76,1,1,1.0
140,166,0.00,243.93,61.43,69.83,1,1,1.0
140,171,444.40,445.49,88.91,102.29,1,1,1.0
140,172,299.63,488.72,82.10,40.79,1,1,1.0
140,178,1510.05,1013.15,136.83,66.85,1,1,1.0
140,182,1124.84,107.98,15.55,23.76,1,1,1.0
140,183,387.72,500.12,55.25,49.09,1,1,1.0
140,184,768.67,156.25,45.87,58.43,1,1,1.0
141,1,894.51,121.96,75.21,119.08,1,1,1.0
141,2,1001.57,84.80,92.15,160.36,1,1,1.0
141,3,945.93,138.08,64.48,131.99,1,1,1.0
141,6,835.80,171.02,88.64,152.62,1,1,1.0
141,47,573.51,429.11,99.55,178.32,1,1,1.0
141,81,442.01,547.10,53.02,74.98,1,1,1.0
141,97,385.29,542.33,53.20,96.26,1,1,1.0
141,108,797.35,200.38,59.90,110.66,1,1,1.0
141,117,238.10,521.93,95.39,140.08,1,1,1.0
141,153,83.17,416.40,40.14,86.10,1,1,1.0
141,166,0.00,246.53,69.26,67.78,1,1,1.0
141,171,454.45,456.23,81.49,90.04,1,1,1.0
141,172,304.58,489.54,78.86,41.73,1,1,1.0
141,178,1511.37,1011.04,139.31,68.96,1,1,1.0
141,182,1124.13,104.60,15.69,24.61,1,1,1.0
141,183,391.64,500.73,58.35,49.31,1,1,1.0
141,184,774.86,158.01,40.44,65.01,1,1,1.0
142,1,895.90,122.75,75.98,119.10,1,1,1.0
142,2,1003.89,86.39,92.03,158.44,1,1,1.0
142,3,948.39,136.02,62.79,133.23,1,1,1.0
142,6,838.12,171.63,89.00,151.86,1,1,1.0
142,47,577.65,429.64,96.65,177.15,1,1,1.0
142,81,437.48,547.09,60.23,77.86,1,1,1.0
142,97,388.01,542.17,53.03,97.77,1,1,1.0
142,108,798.72,200.63,60.71,110.49,1,1,1.0
142,117,242.12,521.82,94.38,140.27,1,1,1.0
142,153,88.99,417.56,38.05,85.96,1,1,1.0
142,166,0.29,248.47,72.06,70.17,1,1,1.0
142,171,461.49,460.75,76.45,84.86,1,1,1.0
142,172,307.97,489.08,77.33,42.24,1,1,1.0
142,178,1513.28,1010.13,141.97,69.87,1,1,1.0
142,183,396.01,501.27,59.78,49.33,1,1,1.0
142,185,0.00,248.99,71.92,101.00,1,1,1.0
142,186,1016.62,870.12,68.43,68.79,1,1,1.0
143,1,897.46,128.01,77.13,112.94,1,1,1.0
143,2,1006.84,84.50,91.11,160.18,1,1,1.0
143,3,949.27,138.04,63.54,130.99,1,1,1.0
143,6,839.89,171.38,90.16,151.82,1,1,1.0
143,47,580.53,428.84,96.45,177.00,1,1,1.0
143,81,439.00,546.36,62.18,78.40,1,1,1.0
143,97,390.54,541.37,53.42,96.84,1,1,1.0
143,108,799.57,199.78,62.01,111.36,1,1,1.0
143,117,245.55,521.76,95.32,140.98,1,1,1.0
143,153,93.28,419.54,37.21,82.78,1,1,1.0
143,166,0.00,249.72,74.92,70.07,1,1,1.0
143,171,464.77,461.49,77.40,84.81,1,1,1.0
143,172,310.45,488.88,76.93,42.28,1,1,1.0
143,178,1515.06,1007.35,146.18,72.65,1,1,1.0
143,183,399.62,498.68,60.81,51.36,1,1,1.0
143,185,0.10,249.68,75.65,102.55,1,1,1.0
143,186,1019.37,869.12,68.41,71.20,1,1,1.0
143,187,782.12,160.55,39.63,59.29,1,1,1.0
144,1,902.24,126.23,73.59,113.30,1,1,1.0
144,2,1007.96,83.22,92.33,159.94,1,1,1.0
144,3,951.47,138.28,64.58,128.77,1,1,1.0
144,6,841.91,169.99,91.03,150.84,1,1,1.0
144,47,584.57,428.14,95.25,175.73,1,1,1.0
144,81,451.59,545.99,51.12,77.53,1,1,1.0
144,97,394.15,540.33,52.92,96.18,1,1,1.0
144,108,804.33,198.10,60.50,111.83,1,1,1.0
144,117,249.55,520.78,93.59,139.65,1,1,1.0
144,153,97.15,416.34,38.12,84.93,1,1,1.0
144,166,0.47,248.83,80.18,68.09,1,1,1.0
144,171,470.31,453.76,73.66,91.26,1,1,1.0
144,172,312.78,488.23,79.49,40.82,1,1,1.0
144,178,1519.36,1005.09,145.29,74.91,1,1,1.0
144,183,402.20,496.32,64.43,52.64,1,1,1.0
144,185,-0.00,249.71,80.58,98.96,1,1,1.0
144,186,1022.32,868.00,70.73,70.74,1,1,1.0
144,188,1124.72,96.87,16.13,25.27,1,1,1.0
145,1,903.76,122.64,74.02,115.44,1,1,1.0
145,2,1010.36,81.83,91.65,160.07,1,1,1.0
145,3,956.15,135.42,63.78,129.25,1,1,1.0
145,6,844.10,166.72,91.22,153.02,1,1,1.0
145,47,587.15,427.00,97.28,174.47,1,1,1.0
145,81,451.30,543.36,54.78,77.76,1,1,1.0
145,97,397.26,539.62,53.22,94.70,1,1,1.0
145,108,807.39,194.86,59.46,112.47,1,1,1.0
145,117,252.55,518.61,94.20,139.53,1,1,1.0
145,153,100.56,414.75,39.13,84.07,1,1,1.0
145,166,3.97,245.45,82.21,69.03,1,1,1.0
145,171,476.95,451.74,71.75,90.17,1,1,1.0
145,172,315.86,485.94,81.32,40.50,1,1,1.0
145,178,1521.83,1001.61,145.58,78.39,1,1,1.0
145,183,406.53,494.58,66.27,52.60,1,1,1.0
145,185,0.01,246.24,87.11,109.44,1,1,1.0
145,189,1521.99,1002.53,144.22,77.47,1,1,1.0
146,1,911.73,117.71,73.41,114.91,1,1,1.0
146,2,1018.37,76.65,91.45,156.27,1,1,1.0
146,3,961.77,125.11,63.82,134.97,1,1,1.0
146,6,852.44,161.83,89.93,150.64,1,1,1.0
146,47,595.47,421.10,94.97,173.93,1,1,1.0
146,81,455.35,535.26,59.95,78.59,1,1,1.0
146,97,404.47,533.18,52.63,94.98,1,1,1.0
146,108,813.64,189.83,61.62,110.88,1,1,1.0
146,117,262.97,514.32,92.64,139.58,1,1,1.0
146,153,111.54,407.76,38.10,85.13,1,1,1.0
146,166,0.00,242.74,96.68,109.98,1,1,1.0
146,171,489.56,435.90,67.92,96.96,1,1,1.0
146,172,323.59,480.00,78.26,41.82,1,1,1.0
146,178,1527.03,993.01,155.70,86.99,1,1,1.0
146,183,413.87,490.19,72.57,52.31,1,1,1.0
146,190,1032.24,856.57,71.34,71.47,1,1,1.0
147,1,915.54,111.51,74.61,115.42,1,1,1.0
147,2,1023.30,69.66,91.70,161.41,1,1,1.0
147,3,964.72,122.80,63.84,131.70,1,1,1.0
147,6,854.67,156.93,91.33,150.27,1,1,1.0
147,47,600.07,415.59,95.70,176.26,1,1,1.0
147,81,461.94,532.49,56.38,78.32,1,1,1.0
147,97,409.14,527.90,52.45,95.91,1,1,1.0
147,108,821.69,187.74,57.90,110.26,1,1,1.0
147,117,265.48,509.99,96.78,138.84,1,1,1.0
147,153,117.13,403.74,39.24,85.89,1,1,1.0
147,166,0.01,240.74,101.00,108.59,1,1,1.0
147,171,492.76,433.01,69.69,96.83,1,1,1.0
147,172,327.89,477.53,80.95,40.75,1,1,1.0
147,178,1531.57,988.29,152.62,91.71,1,1,1.0
147,183,416.78,485.18,72.68,53.45,1,1,1.0
147,190,1037.08,854.34,70.29,69.23,1,1,1.0
147,191,20.63,238.39,80.16,73.37,1,1,1.0
148,1,919.43,108.40,75.71,115.87,1,1,1.0
148,2,1028.61,66.74,90.42,160.64,1,1,1.0
148,3,971.11,120.29,64.15,130.91,1,1,1.0
148,6,861.84,152.87,89.32,152.35,1,1,1.0
148,47,604.92,412.82,97.20,174.61,1,1,1.0
148,81,462.09,530.04,62.23,79.33,1,1,1.0
148,97,414.59,526.83,53.08,93.58,1,1,1.0
148,108,823.43,182.40,59.53,110.83,1,1,1.0
148,117,273.03,505.96,94.32,139.71,1,1,1.0
148,153,125.50,400.02,36.47,84.57,1,1,1.0
148,166,1.26,236.41,107.94,111.54,1,1,1.0
148,171,501.14,425.17,67.96,97.99,1,1,1.0
148,172,334.41,474.25,79.89,38.42,1,1,1.0
148,178,1536.54,984.36,150.19,95.64,1,1,1.0
148,183,422.49,481.28,73.60,52.55,1,1,1.0
149,1,926.60,102.46,73.05,119.62,1,1,1.0
149,2,1034.69,62.97,91.63,159.13,1,1,1.0
149,3,977.36,116.28,62.66,131.59,1,1,1.0
149,6,867.12,150.16,90.29,151.04,1,1,1.0
149,47,612.32,408.98,93.49,177.82,1,1,1.0
149,81,469.21,526.84,61.10,77.72,1,1,1.0
149,97,420.62,523.05,52.32,94.13,1,1,1.0
149,108,829.22,176.02,60.60,114.91,1,1,1.0
149,117,278.52,503.00,93.91,140.46,1,1,1.0
149,153,132.85,395.11,37.28,86.12,1,1,1.0
149,166,1.15,233.20,114.28,109.98,1,1,1.0
149,171,507.02,420.64,67.08,99.10,1,1,1.0
149,172,339.52,471.19,80.04,39.35,1,1,1.0
149,178,1541.81,980.32,146.15,99.68,1,1,1.0
149,183,426.70,479.01,76.73,52.19,1,1,1.0
149,192,1259.81,151.79,16.18,28.44,1,1,1.0
149,193,35.62,230.56,77.67,70.57,1,1,1.0
150,1,932.35,103.76,71.70,114.71,1,1,1.0
150,2,1038.93,61.45,91.06,158.25,1,1,1.0
150,3,979.68,112.61,64.19,131.36,1,1,1.0
150,6,870.32,146.88,92.20,149.54,1,1,1.0
150,47,618.72,403.11,93.37,177.54,1,1,1.0
150,81,483.57,522.08,50.72,74.85,1,1,1.0
150,97,425.91,519.01,54.50,95.14,1,1,1.0
150,108,837.57,174.94,56.74,113.19,1,1,1.0
150,117,285.28,500.30,93.60,139.73,1,1,1.0
150,153,140.95,394.64,36.45,83.02,1,1,1.0
150,166,3.42,230.63,115.84,109.80,1,1,1.0
150,171,520.77,416.24,60.22,93.68,1,1,1.0
150,172,346.25,466.98,79.92,40.79,1,1,1.0
150,178,1549.13,975.77,143.46,103.63,1,1,1.0
150,183,433.20,476.31,78.41,51.55,1,1,1.0
150,192,1259.59,150.41,16.23,28.16,1,1,1.0
150,194,0.05,232.63,13.62,193.14,1,1,1.0
151,1,942.66,94.64,73.48,118.19,1,1,1.0
151,2,1050.09,54.30,93.45,157.92,1,1,1.0
151,3,992.18,110.05,63.81,127.16,1,1,1.0
151,6,884.95,141.07,89.85,152.35,1,1,1.0
151,47,631.49,396.26,94.20,181.52,1,1,1.0
151,81,489.10,518.89,58.16,76.23,1,1,1.0
151,97,438.88,513.69,51.90,95.12,1,1,1.0
151,108,850.56,170.45,55.51,110.93,1,1,1.0
151,117,299.03,494.98,92.27,138.19,1,1,1.0
151,153,157.83,391.33,37.45,78.75,1,1,1.0
151,166,31.14,222.67,106.05,113.22,1,1,1.0
151,171,539.11,408.33,54.04,94.51,1,1,1.0
151,172,357.12,463.17,81.73,39.13,1,1,1.0
151,178,1560.48,969.66,143.83,105.86,1,1,1.0
151,183,445.38,470.56,77.37,52.78,1,1,1.0
151,195,0.27,195.54,36.85,258.74,1,1,1.0
152,1,949.79,97.96,72.75,111.53,1,1,1.0
152,2,1058.15,52.14,91.42,159.19,1,1,1.0
152,3,999.92,102.89,64.03,133.93,1,1,1.0
152,6,891.98,139.32,89.54,151.99,1,1,1.0
152,47,636.36,397.86,96.55,176.90,1,1,1.0
152,81,494.05,516.38,60.21,78.46,1,1,1.0
152,97,444.66,512.48,53.86,92.00,1,1,1.0
152,108,855.89,166.76,56.73,112.29,1,1,1.0
152,117,307.59,491.26,92.77,140.98,1,1,1.0
152,153,168.65,388.76,34.29,79.79,1,1,1.0
152,166,39.41,220.33,108.75,112.22,1,1,1.0
152,171,548.73,408.20,52.43,91.21,1,1,1.0
152,172,365.22,461.04,78.17,40.29,1,1,1.0
152,178,1568.10,966.85,144.32,106.59,1,1,1.0
152,183,451.45,466.50,73.36,52.61,1,1,1.0
152,195,0.42,167.45,44.73,254.45,1,1,1.0
153,1,956.00,92.98,73.03,115.09,1,1,1.0
153,2,1065.01,50.57,89.69,158.78,1,1,1.0
153,3,1005.32,104.64,63.82,131.57,1,1,1.0
153,6,898.43,137.09,91.39,152.23,1,1,1.0
153,47,643.41,397.96,95.09,173.49,1,1,1.0
153,81,499.82,515.60,60.86,75.70,1,1,1.0
153,97,452.35,510.61,52.39,93.92,1,1,1.0
153,108,859.91,164.48,59.86,112.74,1,1,1.0
153,117,315.75,490.20,90.02,139.96,1,1,1.0
153,153,175.85,387.84,37.88,80.39,1,1,1.0
153,166,49.69,218.90,104.51,109.06,1,1,1.0
153,171,561.23,411.48,45.76,86.94,1,1,1.0
153,172,372.01,459.84,77.96,38.69,1,1,1.0
153,178,1577.84,965.42,136.57,102.72,1,1,1.0
153,183,458.97,464.77,72.82,52.95,1,1,1.0
153,195,-0.00,162.74,58.47,258.05,1,1,1.0
153,196,67.64,217.47,86.33,70.33,1,1,1.0
154,1,962.96,92.85,72.22,112.67,1,1,1.0
154,2,1069.57,49.70,94.20,157.16,1,1,1.0
154,3,1009.92,100.92,64.60,135.37,1,1,1.0
154,6,905.50,134.81,89.73,152.98,1,1,1.0
154,47,651.03,396.78,93.96,171.87,1,1,1.0
154,81,510.17,514.25,56.37,74.86,1,1,1.0
154,97,458.61,510.17,54.01,92.64,1,1,1.0
154,108,866.21,161.42,59.90,116.52,1,1,1.0
154,117,323.38,488.58,92.01,139.86,1,1,1.0
154,153,186.75,387.13,35.34,76.75,1,1,1.0
154,166,64.73,217.41,97.85,109.93,1,1,1.0
154,172,379.12,458.52,80.89,37.69,1,1,1.0
154,178,1581.26,962.32,144.01,103.69,1,1,1.0
154,183,465.62,464.93,73.40,51.97,1,1,1.0
154,195,0.14,152.32,68.52,266.36,1,1,1.0
155,1,965.89,89.47,76.16,116.79,1,1,1.0
155,2,1077.24,47.41,93.41,158.04,1,1,1.0
155,3,1017.60,103.34,64.45,131.12,1,1,1.0
155,6,912.33,134.26,90.08,151.95,1,1,1.0
155,47,657.48,395.99,95.65,172.72,1,1,1.0
155,81,513.05,513.02,60.69,73.63,1,1,1.0
155,97,466.66,509.76,51.75,91.70,1,1,1.0
155,108,871.54,152.65,62.13,122.73,1,1,1.0
155,117,329.70,487.62,94.02,139.28,1,1,1.0
155,153,195.50,384.06,36.10,82.10,1,1,1.0
155,166,72.19,215.01,104.96,110.94,1,1,1.0
155,172,385.86,457.17,78.34,38.48,1,1,1.0
155,178,1587.34,960.32,143.20,103.20,1,1,1.0
155,183,472.11,463.36,75.05,53.33,1,1,1.0
155,195,0.18,165.23,81.41,252.59,1,1,1.0
155,197,534.61,422.29,85.90,75.49,1,1,1.0
155,198,206.14,232.60,75.33,80.71,1,1,1.0
156,1,978.05,89.73,77.55,109.22,1,1,1.0
156,2,1090.32,44.94,93.26,158.12,1,1,1.0
156,3,1030.84,97.91,62.62,134.44,1,1,1.0
156,6,921.69,129.12,93.55,153.15,1,1,1.0
156,47,671.93,395.24,92.67,171.63,1,1,1.0
156,81,527.96,508.08,57.16,75.10,1,1,1.0
156,97,479.01,504.11,52.50,95.54,1,1,1.0
156,108,886.30,183.54,56.91,88.55,1,1,1.0
156,117,346.26,485.35,90.96,138.11,1,1,1.0
156,153,213.76,382.99,34.85,80.03,1,1,1.0
156,166,92.06,212.79,99.51,108.73,1,1,1.0
156,172,399.80,452.76,75.51,40.46,1,1,1.0
156,178,1596.56,954.61,148.22,104.85,1,1,1.0
156,183,485.88,461.06,74.64,50.52,1,1,1.0
156,195,0.16,165.19,101.22,247.89,1,1,1.0
156,198,220.86,227.86,80.19,83.14,1,1,1.0
156,199,1105.34,824.25,71.22,68.26,1,1,1.0
156,200,111.01,213.20,79.27,71.63,1,1,1.0
156,201,303.44,97.02,20.74,31.70,1,1,1.0
157,1,985.91,84.05,74.49,113.09,1,1,1.0
157,2,1097.23,39.29,91.88,163.89,1,1,1.0
157,3,1034.25,97.04,64.74,133.39,1,1,1.0
157,6,930.88,127.60,89.51,152.09,1,1,1.0
157,47,676.04,392.73,95.35,172.13,1,1,1.0
157,81,535.34,506.22,56.32,76.77,1,1,1.0
157,97,484.03,503.35,54.58,89.76,1,1,1.0
157,108,890.31,181.65,60.49,87.81,1,1,1.0
157,117,352.21,482.68,91.47,138.82,1,1,1.0
157,153,219.60,378.05,37.84,81.22,1,1,1.0
157,166,100.36,211.88,100.46,107.44,1,1,1.0
157,172,404.14,450.63,77.50,39.81,1,1,1.0
157,178,1601.66,952.10,148.80,105.10,1,1,1.0
157,183,492.78,459.92,73.28,52.49,1,1,1.0
157,195,0.81,164.24,110.23,246.77,1,1,1.0
157,198,228.47,226.17,78.55,86.51,1,1,1.0
157,199,1111.08,822.44,70.76,65.00,1,1,1.0
157,200,104.06,212.24,94.44,74.10,1,1,1.0
157,201,303.81,95.39,20.58,32.39,1,1,1.0
157,202,890.67,135.25,60.49,135.34,1,1,1.0
158,1,993.73,77.50,71.84,117.92,1,1,1.0
158,2,1104.26,39.17,89.24,160.58,1,1,1.0
158,3,1039.89,95.78,64.49,131.28,1,1,1.0
158,6,938.72,125.15,87.59,154.10,1,1,1.0
158,47,683.05,392.69,94.58,169.99,1,1,1.0
158,81,540.64,506.24,56.25,74.50,1,1,1.0
158,97,490.78,501.44,53.22,93.22,1,1,1.0
158,108,896.99,179.55,61.10,88.37,1,1,1.0
158,117,357.84,481.30,91.93,137.43,1,1,1.0
158,153,230.13,376.78,34.55,76.25,1,1,1.0
158,166,110.15,210.17,95.54,78.56,1,1,1.0
158,172,411.54,449.14,76.44,39.65,1,1,1.0
158,178,1610.65,950.79,145.54,103.23,1,1,1.0
158,183,497.81,457.51,73.42,50.51,1,1,1.0
158,195,0.89,158.61,117.98,250.52,1,1,1.0
158,198,236.03,224.60,75.04,85.59,1,1,1.0
158,201,305.56,95.23,19.50,29.58,1,1,1.0
158,203,467.81,347.51,34.31,43.56,1,1,1.0
159,1,1001.38,74.76,69.60,118.77,1,1,1.0
159,2,1109.42,36.46,91.37,160.39,1,1,1.0
159,3,1046.55,93.02,65.15,132.23,1,1,1.0
159,6,941.15,124.21,90.49,152.16,1,1,1.0
159,47,687.27,390.09,96.33,169.69,1,1,1.0
159,81,544.65,503.51,57.93,75.71,1,1,1.0
159,97,495.93,497.23,52.20,97.09,1,1,1.0
159,108,901.85,175.85,59.87,90.16,1,1,1.0
159,117,362.91,477.78,93.63,139.57,1,1,1.0
159,153,235.84,376.03,38.23,78.52,1,1,1.0
159,166,128.90,206.47,83.50,72.87,1,1,1.0
159,178,1618.93,947.81,142.35,102.27,1,1,1.0
159,183,503.70,455.28,74.74,51.47,1,1,1.0
159,195,4.34,155.73,124.62,249.97,1,1,1.0
159,198,243.55,224.07,77.37,86.25,1,1,1.0
159,201,308.11,94.83,17.34,27.93,1,1,1.0
159,203,472.24,346.40,36.52,40.01,1,1,1.0
159,204,901.85,133.73,59.62,133.30,1,1,1.0
160,1,1007.66,77.75,68.82,114.04,1,1,1.0
160,2,1114.72,35.06,92.64,159.72,1,1,1.0
160,3,1050.62,91.12,63.97,131.90,1,1,1.0
160,6,948.10,119.93,87.58,154.73,1,1,1.0
160,47,693.28,389.63,95.71,166.75,1,1,1.0
160,81,554.10,501.60,53.51,74.05,1,1,1.0
160,97,500.57,496.88,53.64,95.64,1,1,1.0
160,108,905.60,169.24,61.84,94.40,1,1,1.0
160,117,369.44,476.30,92.41,138.79,1,1,1.0
160,153,244.36,373.75,34.23,78.98,1,1,1.0
160,166,133.68,204.74,86.13,79.91,1,1,1.0
160,178,1619.93,944.12,147.65,104.61,1,1,1.0
160,183,508.69,452.41,74.15,52.26,1,1,1.0
160,195,12.99,156.28,124.99,248.76,1,1,1.0
160,198,250.30,222.39,77.83,85.06,1,1,1.0
160,201,309.40,94.54,16.32,26.10,1,1,1.0
160,205,422.19,445.96,76.12,38.64,1,1,1.0
160,206,122.42,204.41,97.59,103.07,1,1,1.0
161,1,1016.65,72.26,69.21,113.49,1,1,1.0
161,2,1126.43,29.33,89.90,159.17,1,1,1.0
161,3,1062.13,85.29,62.86,133.70,1,1,1.0
161,6,957.97,116.34,90.48,154.09,1,1,1.0
161,47,702.60,388.59,97.21,163.10,1,1,1.0
161,81,559.90,497.38,57.81,74.46,1,1,1.0
161,97,511.81,492.58,52.23,89.12,1,1,1.0
161,108,917.93,160.60,59.34,97.94,1,1,1.0
161,117,381.66,472.09,91.74,139.21,1,1,1.0
161,153,258.39,368.83,34.67,79.08,1,1,1.0
161,166,142.77,198.97,89.34,78.53,1,1,1.0
161,178,1632.07,938.39,146.02,105.15,1,1,1.0
161,183,520.38,448.13,73.95,51.25,1,1,1.0
161,195,32.24,148.56,120.78,251.44,1,1,1.0
161,198,264.70,217.28,75.93,86.24,1,1,1.0
161,201,311.72,91.36,17.50,26.53,1,1,1.0
161,205,429.28,441.57,78.99,38.04,1,1,1.0
161,207,330.50,107.37,16.56,25.03,1,1,1.0
162,1,1019.76,71.67,72.06,111.41,1,1,1.0
162,2,1130.99,27.31,90.12,160.69,1,1,1.0
162,3,1066.30,84.01,63.00,132.83,1,1,1.0
162,6,962.93,112.51,90.03,153.67,1,1,1.0
162,47,708.64,389.23,95.79,161.94,1,1,1.0
162,81,568.67,494.38,53.52,75.63,1,1,1.0
162,97,515.97,489.79,54.17,91.99,1,1,1.0
162,108,918.95,159.76,62.69,97.88,1,1,1.0
162,117,385.74,470.95,92.86,137.57,1,1,1.0
162,153,263.59,368.37,37.04,75.51,1,1,1.0
162,166,148.60,197.78,88.52,74.28,1,1,1.0
162,178,1636.84,936.20,145.86,105.21,1,1,1.0
162,183,524.29,446.43,73.56,47.98,1,1,1.0
162,195,38.25,147.82,123.19,250.04,1,1,1.0
162,198,269.83,215.57,75.62,87.86,1,1,1.0
162,201,311.51,92.39,17.70,25.25,1,1,1.0
162,205,435.43,437.93,77.34,37.94,1,1,1.0
162,207,330.42,105.71,16.70,25.51,1,1,1.0
162,208,587.40,407.59,68.74,66.98,1,1,1.0
162,209,932.57,0.49,149.03,94.69,1,1,1.0
163,1,1025.45,68.13,70.73,112.36,1,1,1.0
163,2,1136.35,24.42,89.88,160.42,1,1,1.0
163,3,1070.03,83.17,63.31,130.92,1,1,1.0
163,6,966.94,110.33,90.89,155.08,1,1,1.0
163,47,714.03,391.40,95.08,156.79,1,1,1.0
163,81,571.76,490.67,55.80,76.33,1,1,1.0
163,97,521.39,487.57,53.62,92.16,1,1,1.0
163,108,925.50,154.52,61.16,99.98,1,1,1.0
163,117,391.60,468.51,92.39,137.59,1,1,1.0
163,153,271.72,364.62,35.61,81.01,1,1,1.0
163,166,156.43,196.14,87.95,78.62,1,1,1.0
163,178,1641.06,933.61,146.09,102.32,1,1,1.0
163,183,529.93,445.30,74.35,50.28,1,1,1.0
163,195,53.90,143.60,117.30,250.45,1,1,1.0
163,198,275.97,212.76,76.95,87.87,1,1,1.0
163,205,440.34,436.45,77.63,37.85,1,1,1.0
163,207,330.08,105.75,18.01,24.94,1,1,1.0
163,208,592.40,403.37,69.39,74.49,1,1,1.0
163,209,938.19,0.28,177.29,93.22,1,1,1.0
163,210,499.42,339.85,32.68,39.42,1,1,1.0
164,1,1028.55,60.82,71.88,119.13,1,1,1.0
164,2,1140.90,22.42,90.82,159.58,1,1,1.0
164,3,1075.52,75.56,62.89,136.07,1,1,1.0
164,6,974.86,111.58,87.78,151.56,1,1,1.0
164,47,718.23,390.24,95.58,156.34,1,1,1.0
164,81,575.32,489.58,56.04,75.52,1,1,1.0
164,97,526.51,485.87,52.20,94.24,1,1,1.0
164,108,929.04,153.55,63.37,98.62,1,1,1.0
164,117,396.14,464.81,93.01,138.60,1,1,1.0
164,153,277.08,360.90,36.84,81.41,1,1,1.0
164,178,1646.35,930.75,144.80,103.27,1,1,1.0
164,183,534.59,444.10,74.60,50.32,1,1,1.0
164,195,61.20,142.31,117.99,249.14,1,1,1.0
164,198,281.58,210.99,76.53,87.93,1,1,1.0
164,205,443.36,434.92,79.97,38.11,1,1,1.0
164,207,331.24,104.46,18.02,24.60,1,1,1.0
164,208,597.95,400.21,71.06,82.63,1,1,1.0
164,209,948.27,0.31,159.86,90.72,1,1,1.0
164,211,312.25,88.97,18.19,24.98,1,1,1.0
164,212,576.38,63.69,25.22,21.28,1,1,1.0
165,1,1035.95,64.75,68.90,113.33,1,1,1.0
165,2,1145.39,21.26,89.90,159.10,1,1,1.0
165,3,1078.70,76.72,63.25,132.26,1,1,1.0
165,6,980.30,108.35,85.57,152.79,1,1,1.0
165,47,723.09,386.41,95.71,159.06,1,1,1.0
165,81,580.51,488.41,56.22,76.02,1,1,1.0
165,97,531.68,484.68,52.33,94.33,1,1,1.0
165,108,934.45,152.65,63.69,98.87,1,1,1.0
165,117,401.83,463.48,92.02,138.38,1,1,1.0
165,153,284.50,358.41,35.72,82.08,1,1,1.0
165,178,1646.50,928.39,150.71,103.62,1,1,1.0
165,183,537.09,441.74,75.54,50.44,1,1,1.0
165,195,65.06,139.98,121.15,250.14,1,1,1.0
165,198,286.51,212.06,73.68,84.36,1,1,1.0
165,205,448.75,433.85,80.12,38.72,1,1,1.0
165,208,602.25,398.17,72.21,73.25,1,1,1.0
165,211,314.27,87.69,16.06,25.43,1,1,1.0
165,212,576.67,62.53,24.89,21.64,1,1,1.0
165,213,168.59,192.21,87.77,86.00,1,1,1.0
165,214,513.01,510.85,16.48,43.49,1,1,1.0
165,215,555.67,49.82,20.57,26.55,1,1,1.0
166,1,1046.88,63.61,67.46,111.73,1,1,1.0
166,2,1156.66,16.12,88.43,163.13,1,1,1.0
166,3,1086.44,72.31,63.13,134.08,1,1,1.0
166,6,989.18,105.53,85.18,153.27,1,1,1.0
166,47,731.49,384.03,94.45,156.86,1,1,1.0
166,81,589.25,486.08,55.35,71.33,1,1,1.0
166,97,539.17,480.74,52.67,93.55,1,1,1.0
166,108,946.04,146.26,61.33,101.59,1,1,1.0
166,117,411.91,458.54,91.60,139.87,1,1,1.0
166,153,295.01,355.00,38.01,79.79,1,1,1.0
166,178,1655.81,924.42,149.93,103.65,1,1,1.0
166,183,546.41,435.42,75.60,52.40,1,1,1.0
166,195,83.99,135.66,117.76,250.67,1,1,1.0
166,205,456.72,430.78,79.79,36.85,1,1,1.0
166,208,614.33,390.69,70.55,76.93,1,1,1.0
166,211,313.68,82.47,14.88,27.04,1,1,1.0
166,216,331.72,98.66,17.31,26.39,1,1,1.0
167,1,1041.37,63.66,76.48,108.18,1,1,1.0
167,2,1158.30,17.93,91.92,158.78,1,1,1.0
167,3,1093.40,78.44,61.68,126.98,1,1,1.0
167,6,993.53,103.72,86.05,153.14,1,1,1.0
167,47,736.64,380.19,93.79,157.51,1,1,1.0
167,81,590.79,483.89,58.36,75.01,1,1,1.0
167,97,545.18,479.24,50.96,93.09,1,1,1.0
167,108,947.10,141.29,64.52,106.10,1,1,1.0
167,117,417.55,458.04,90.79,139.09,1,1,1.0
167,153,303.24,356.65,34.42,75.96,1,1,1.0
167,178,1659.76,921.93,150.87,105.82,1,1,1.0
167,183,551.68,434.79,75.05,51.94,1,1,1.0
167,195,90.71,133.64,118.16,250.41,1,1,1.0
167,205,461.35,428.76,79.31,37.96,1,1,1.0
167,208,618.10,387.91,71.66,75.30,1,1,1.0
167,211,314.22,82.04,15.10,26.36,1,1,1.0
167,216,332.09,98.34,17.46,25.48,1,1,1.0
167,217,306.64,207.49,71.97,86.35,1,1,1.0
167,218,195.96,184.83,79.64,71.70,1,1,1.0
167,219,977.71,0.07,83.72,84.45,1,1,1.0
167,220,1172.28,795.44,70.00,65.05,1,1,1.0
168,1,1053.04,65.28,68.58,105.20,1,1,1.0
168,2,1164.17,13.71,88.98,160.84,1,1,1.0
168,3,1096.52,67.61,63.45,135.04,1,1,1.0
168,6,998.47,104.10,86.21,152.05,1,1,1.0
168,47,740.54,380.50,95.77,157.69,1,1,1.0
168,81,600.35,483.42,51.90,72.64,1,1,1.0
168,97,549.49,478.62,52.27,89.54,1,1,1.0
168,108,957.03,144.74,57.17,101.60,1,1,1.0
168,117,422.75,458.11,89.78,137.86,1,1,1.0
168,153,307.63,353.78,36.49,78.35,1,1,1.0
168,178,1665.22,922.18,147.44,102.24,1,1,1.0
168,183,556.26,433.94,74.03,52.32,1,1,1.0
168,195,97.15,133.17,117.52,250.08,1,1,1.0
168,205,463.50,427.88,83.14,37.83,1,1,1.0
168,208,623.56,385.33,72.19,78.00,1,1,1.0
168,211,314.11,80.45,15.44,26.50,1,1,1.0
168,216,332.35,97.53,17.21,24.95,1,1,1.0
168,217,310.27,207.48,76.77,85.47,1,1,1.0
168,218,198.37,185.36,84.31,84.18,1,1,1.0
169,1,1055.43,66.86,68.79,105.11,1,1,1.0
169,2,1168.41,13.08,89.99,161.74,1,1,1.0
169,3,1097.79,67.43,64.12,135.28,1,1,1.0
169,6,1002.27,102.21,87.81,152.91,1,1,1.0
169,47,744.69,378.17,95.76,157.78,1,1,1.0
169,81,597.37,481.55,58.67,74.35,1,1,1.0
169,97,552.85,477.63,52.43,88.59,1,1,1.0
169,108,964.97,146.89,55.18,99.09,1,1,1.0
169,117,426.02,455.77,92.78,139.85,1,1,1.0
169,153,314.31,353.42,35.63,80.52,1,1,1.0
169,178,1673.00,922.55,146.50,102.94,1,1,1.0
169,183,560.40,432.52,75.31,52.88,1,1,1.0
169,195,102.74,133.39,118.81,249.03,1,1,1.0
169,205,469.84,426.86,80.65,38.08,1,1,1.0
169,208,627.64,382.67,73.48,80.17,1,1,1.0
169,211,314.20,80.19,15.15,24.81,1,1,1.0
169,217,312.88,205.78,80.51,88.15,1,1,1.0
169,218,204.46,184.86,83.15,72.39,1,1,1.0
170,1,1062.69,65.50,65.22,101.51,1,1,1.0
170,2,1171.35,13.72,90.52,160.48,1,1,1.0
170,3,1100.41,68.48,66.29,133.98,1,1,1.0
170,6,1004.20,97.62,88.58,155.86,1,1,1.0
170,47,748.84,372.41,94.74,162.37,1,1,1.0
170,81,602.85,479.69,57.14,73.26,1,1,1.0
170,97,557.39,476.93,50.22,91.62,1,1,1.0
170,108,973.44,143.44,50.34,101.72,1,1,1.0
170,117,431.22,455.64,90.51,138.62,1,1,1.0
170,153,319.59,353.47,34.82,77.26,1,1,1.0
170,178,1674.43,920.03,145.78,100.93,1,1,1.0
170,183,563.95,432.37,76.27,52.27,1,1,1.0
170,195,112.57,130.79,115.26,249.87,1,1,1.0
170,205,475.78,424.13,76.15,39.08,1,1,1.0
170,208,631.99,380.26,72.77,83.38,1,1,1.0
170,211,312.45,78.80,16.72,25.87,1,1,1.0
170,217,321.62,205.42,80.59,86.46,1,1,1.0
170,218,215.47,183.37,76.81,73.10,1,1,1.0
170,221,1002.24,-0.00,83.09,82.65,1,1,1.0
171,1,1066.86,62.90,69.42,105.39,1,1,1.0
171,2,1178.38,10.98,92.60,160.44,1,1,1.0
171,3,1110.10,66.81,63.89,134.07,1,1,1.0
171,6,1014.80,101.20,84.08,150.92,1,1,1.0
171,47,755.60,364.84,95.76,169.51,1,1,1.0
171,81,612.29,479.22,54.56,75.15,1,1,1.0
171,97,561.69,474.69,54.13,91.85,1,1,1.0
171,108,983.67,140.28,44.49,102.99,1,1,1.0
171,117,438.16,453.99,90.82,138.91,1,1,1.0
171,153,329.39,352.18,36.58,79.30,1,1,1.0
171,178,1679.03,916.91,151.50,103.92,1,1,1.0
171,183,569.99,431.17,74.92,51.35,1,1,1.0
171,195,125.36,129.06,115.24,251.17,1,1,1.0
171,205,482.82,421.75,79.52,39.36,1,1,1.0
171,208,637.62,377.61,76.63,85.54,1,1,1.0
171,217,328.78,204.16,83.84,84.90,1,1,1.0
171,218,226.08,182.24,76.38,69.53,1,1,1.0
171,221,1016.05,0.07,78.44,81.51,1,1,1.0
172,1,1068.82,62.72,72.25,104.48,1,1,1.0
172,2,1184.24,9.38,89.36,159.85,1,1,1.0
172,3,1113.67,67.56,63.01,132.84,1,1,1.0
172,6,1017.23,99.50,86.88,151.17,1,1,1.0
172,47,760.15,364.77,94.56,168.12,1,1,1.0
172,81,613.03,478.15,56.76,76.97,1,1,1.0
172,97,566.26,472.61,53.17,91.93,1,1,1.0
172,117,442.58,452.57,91.28,138.65,1,1,1.0
172,153,334.57,349.76,34.46,78.63,1,1,1.0
172,178,1684.85,916.82,147.05,101.98,1,1,1.0
172,183,575.11,430.18,76.20,51.25,1,1,1.0
172,195,130.34,128.26,115.72,250.93,1,1,1.0
172,205,486.36,421.49,78.21,41.26,1,1,1.0
172,208,641.50,375.84,75.97,90.59,1,1,1.0
172,217,334.63,202.96,81.86,86.02,1,1,1.0
172,218,229.78,181.01,77.52,73.57,1,1,1.0
172,221,1022.21,0.17,80.98,81.17,1,1,1.0
173,1,1072.59,59.53,72.21,105.45,1,1,1.0
173,2,1187.85,8.48,91.00,160.43,1,1,1.0
173,3,1115.90,66.69,63.31,131.45,1,1,1.0
173,6,1020.38,97.49,86.48,152.32,1,1,1.0
173,47,763.88,364.82,93.05,167.58,1,1,1.0
173,81,624.21,477.88,49.46,71.66,1,1,1.0
173,97,570.54,473.65,51.69,92.21,1,1,1.0
173,117,445.39,452.47,91.30,137.78,1,1,1.0
173,153,338.94,346.04,35.98,82.02,1,1,1.0
173,178,1689.65,915.05,145.89,103.45,1,1,1.0
173,183,578.88,429.73,74.86,50.57,1,1,1.0
173,195,140.80,127.56,110.98,249.38,1,1,1.0
173,205,489.89,420.55,75.49,39.39,1,1,1.0
173,208,645.72,373.83,76.01,89.98,1,1,1.0
173,217,338.64,199.59,80.08,88.35,1,1,1.0
173,218,234.55,181.68,76.91,71.91,1,1,1.0
173,221,1027.14,0.20,79.97,79.93,1,1,1.0
173,222,312.79,77.48,15.27,24.07,1,1,1.0
174,1,1071.35,55.24,76.11,111.38,1,1,1.0
174,2,1192.05,9.13,89.73,160.84,1,1,1.0
174,3,1122.02,66.69,63.23,131.55,1,1,1.0
174,6,1022.60,99.30,87.98,150.87,1,1,1.0
174,47,767.68,364.45,93.16,167.62,1,1,1.0
174,81,621.50,476.85,55.20,75.27,1,1,1.0
174,97,574.53,472.23,51.82,92.85,1,1,1.0
174,117,449.96,451.34,91.07,137.52,1,1,1.0
174,153,344.71,345.11,35.43,82.17,1,1,1.0
174,178,1690.46,913.76,151.97,104.38,1,1,1.0
174,183,582.08,428.98,75.18,52.52,1,1,1.0
174,195,145.53,125.07,112.24,251.31,1,1,1.0
174,205,493.21,420.34,75.52,38.90,1,1,1.0
174,208,649.74,373.10,75.85,90.24,1,1,1.0
174,217,341.33,201.12,81.08,86.76,1,1,1.0
174,218,238.22,180.40,78.47,72.26,1,1,1.0
174,221,1032.22,0.00,85.75,79.06,1,1,1.0
175,1,1078.20,55.38,73.23,109.50,1,1,1.0
175,2,1196.28,7.18,91.64,161.05,1,1,1.0
175,3,1124.89,65.44,63.92,131.30,1,1,1.0
175,6,1029.08,98.81,84.92,150.41,1,1,1.0
175,47,771.82,365.23,92.60,166.55,1,1,1.0
175,81,629.46,475.96,51.20,74.13,1,1,1.0
175,97,578.00,471.15,52.32,92.03,1,1,1.0
175,117,453.95,450.52,91.19,137.22,1,1,1.0
175,153,349.19,347.08,34.47,79.48,1,1,1.0
175,178,1693.52,912.46,151.93,105.11,1,1,1.0
175,183,585.68,427.52,73.75,51.46,1,1,1.0
175,195,150.93,123.82,112.69,250.69,1,1,1.0
175,205,498.77,419.61,74.69,38.31,1,1,1.0
175,208,654.02,372.36,75.86,81.88,1,1,1.0
175,217,348.04,203.16,80.30,84.01,1,1,1.0
175,221,1037.40,0.00,86.31,76.85,1,1,1.0
176,1,1085.14,55.57,75.40,106.29,1,1,1.0
176,2,1204.00,5.41,91.20,161.26,1,1,1.0
176,3,1129.90,67.90,64.69,128.20,1,1,1.0
176,6,1037.38,100.03,86.76,147.61,1,1,1.0
176,47,779.29,363.61,93.31,166.46,1,1,1.0
176,81,632.49,475.10,55.23,73.94,1,1,1.0
176,97,585.18,470.19,51.61,92.08,1,1,1.0
176,117,462.08,449.05,90.93,137.86,1,1,1.0
176,153,356.75,343.21,38.23,82.27,1,1,1.0
176,178,1702.49,910.97,150.65,104.82,1,1,1.0
176,183,591.57,427.32,76.32,50.47,1,1,1.0
176,195,165.12,123.10,109.65,250.48,1,1,1.0
176,205,503.71,419.87,77.77,37.11,1,1,1.0
176,208,661.35,363.77,75.73,88.03,1,1,1.0
176,217,357.31,205.62,82.26,78.67,1,1,1.0
176,221,1051.04,0.00,89.05,74.39,1,1,1.0
176,223,260.91,176.69,69.41,74.46,1,1,1.0
176,224,284.22,286.66,15.14,36.18,1,1,1.0
177,1,1090.15,56.97,73.80,105.38,1,1,1.0
177,2,1209.99,5.56,90.95,161.10,1,1,1.0
177,3,1136.45,68.11,64.26,128.67,1,1,1.0
177,6,1039.23,99.17,88.08,147.55,1,1,1.0
177,47,783.81,363.00,92.60,168.44,1,1,1.0
177,81,634.03,473.78,56.95,72.10,1,1,1.0
177,97,590.00,467.86,48.95,95.78,1,1,1.0
177,117,466.26,448.01,89.13,138.24,1,1,1.0
177,153,364.53,346.68,33.95,74.60,1,1,1.0
177,178,1703.62,910.94,155.29,104.23,1,1,1.0
177,183,595.55,427.26,76.16,51.06,1,1,1.0
177,195,171.37,123.24,109.26,249.29,1,1,1.0
177,205,507.08,419.34,76.75,37.65,1,1,1.0
177,208,664.21,363.23,77.29,89.41,1,1,1.0
177,217,363.35,202.46,83.92,81.79,1,1,1.0
177,221,1057.06,-0.00,87.82,73.10,1,1,1.0
177,223,265.09,174.15,71.55,79.02,1,1,1.0
177,224,287.74,288.19,15.16,34.81,1,1,1.0
177,225,309.83,67.93,16.05,29.49,1,1,1.0
178,1,1091.41,59.95,75.94,100.89,1,1,1.0
178,2,1212.97,4.21,91.33,160.00,1,1,1.0
178,3,1139.74,63.24,62.64,130.80,1,1,1.0
178,6,1043.84,97.47,87.45,148.31,1,1,1.0
178,47,789.51,367.39,92.33,162.57,1,1,1.0
178,81,642.14,474.32,53.70,71.31,1,1,1.0
178,97,591.96,469.45,51.37,95.30,1,1,1.0
178,117,469.67,446.80,90.66,138.89,1,1,1.0
178,153,368.53,341.70,36.73,80.82,1,1,1.0
178,178,1710.07,909.98,151.90,104.80,1,1,1.0
178,183,598.92,426.14,77.66,50.27,1,1,1.0
178,195,182.31,121.92,105.39,250.08,1,1,1.0
178,205,511.62,417.99,76.95,38.43,1,1,1.0
178,208,669.30,360.57,77.39,91.75,1,1,1.0
178,217,368.24,198.43,83.45,85.29,1,1,1.0
178,221,1065.12,0.00,87.95,73.28,1,1,1.0
178,223,270.82,172.81,69.96,77.61,1,1,1.0
178,225,309.52,67.45,15.97,28.85,1,1,1.0
179,1,1096.51,59.61,74.94,102.15,1,1,1.0
179,2,1215.15,3.26,92.10,161.59,1,1,1.0
179,3,1142.16,62.83,62.74,131.74,1,1,1.0
179,6,1046.38,107.65,89.65,138.05,1,1,1.0
179,47,793.39,369.83,91.10,158.65,1,1,1.0
179,81,642.77,473.79,55.07,71.37,1,1,1.0
179,97,596.15,467.30,51.76,95.69,1,1,1.0
179,117,474.76,447.12,90.83,138.28,1,1,1.0
179,153,374.87,345.28,35.70,77.46,1,1,1.0
179,178,1714.06,909.21,151.51,104.32,1,1,1.0
179,183,604.16,425.73,76.34,49.68,1,1,1.0
179,195,184.40,120.93,111.37,251.98,1,1,1.0
179,205,513.15,417.32,79.67,38.67,1,1,1.0
179,208,674.74,360.07,75.36,89.82,1,1,1.0
179,217,372.65,201.71,84.62,81.96,1,1,1.0
179,221,1074.37,0.00,83.09,73.39,1,1,1.0
180,1,1099.56,59.10,76.66,100.35,1,1,1.0
180,2,1217.22,4.38,95.70,160.98,1,1,1.0
180,3,1144.58,57.80,64.45,137.53,1,1,1.0
180,6,1050.57,106.79,89.95,138.77,1,1,1.0
180,47,798.50,364.25,89.76,163.92,1,1,1.0
180,81,648.67,472.86,53.26,72.27,1,1,1.0
180,97,599.20,468.61,52.70,92.24,1,1,1.0
180,117,477.81,446.30,91.72,138.94,1,1,1.0
180,153,380.48,343.21,34.40,76.99,1,1,1.0
180,178,1716.21,908.57,154.78,105.15,1,1,1.0
180,183,607.60,424.59,76.60,50.28,1,1,1.0
180,195,194.08,120.35,106.55,252.20,1,1,1.0
180,205,519.55,416.94,76.37,37.42,1,1,1.0
180,208,677.11,357.73,77.93,91.00,1,1,1.0
180,217,380.70,201.30,82.49,81.73,1,1,1.0
180,221,1079.25,-0.00,87.03,73.59,1,1,1.0
180,226,285.21,171.35,65.58,76.25,1,1,1.0
181,1,1111.56,57.28,70.70,100.37,1,1,1.0
181,2,1229.93,2.37,90.70,162.12,1,1,1.0
181,3,1155.41,61.36,61.20,132.21,1,1,1.0
181,6,1057.67,105.73,91.25,138.88,1,1,1.0
181,47,808.07,361.29,89.45,168.37,1,1,1.0
181,81,656.25,472.53,54.14,71.73,1,1,1.0
181,97,608.84,469.20,51.60,91.16,1,1,1.0
181,117,486.33,445.75,93.01,138.78,1,1,1.0
181,153,391.46,346.27,35.35,75.11,1,1,1.0
181,178,1732.81,910.42,146.69,103.43,1,1,1.0
181,183,615.82,423.55,75.31,51.63,1,1,1.0
181,195,186.60,120.29,129.53,251.90,1,1,1.0
181,205,525.30,414.92,81.41,41.42,1,1,1.0
181,208,687.45,358.55,75.72,87.34,1,1,1.0
181,217,386.74,202.84,81.98,79.66,1,1,1.0
181,226,297.88,171.97,63.03,76.97,1,1,1.0
182,1,1116.65,60.68,69.44,97.51,1,1,1.0
182,2,1232.30,1.82,93.04,160.30,1,1,1.0
182,3,1158.08,61.24,61.59,132.05,1,1,1.0
182,6,1062.78,108.06,89.52,137.17,1,1,1.0
182,47,811.45,364.22,88.93,164.88,1,1,1.0
182,81,657.73,471.97,55.38,70.22,1,1,1.0
182,97,611.66,468.71,51.97,91.46,1,1,1.0
182,117,491.02,445.84,91.21,139.50,1,1,1.0
182,153,396.40,342.67,34.96,78.87,1,1,1.0
182,178,1735.02,910.72,148.32,100.63,1,1,1.0
182,183,620.18,423.58,75.19,51.40,1,1,1.0
182,195,193.52,120.68,130.28,252.15,1,1,1.0
182,205,530.36,415.33,79.41,41.52,1,1,1.0
182,208,693.40,357.03,73.87,88.75,1,1,1.0
182,217,393.67,208.64,78.37,73.91,1,1,1.0
182,226,303.38,169.87,66.56,77.82,1,1,1.0
182,227,1100.78,0.00,85.73,72.58,1,1,1.0
183,1,1121.32,59.36,68.42,98.27,1,1,1.0
183,2,1238.21,0.61,90.88,163.69,1,1,1.0
183,3,1159.19,66.16,63.73,126.97,1,1,1.0
183,6,1065.11,109.86,91.00,133.65,1,1,1.0
183,47,813.79,373.05,91.00,156.80,1,1,1.0
183,81,661.45,472.90,55.93,67.31,1,1,1.0
183,97,615.52,468.65,51.26,92.61,1,1,1.0
183,117,495.65,446.18,89.90,139.10,1,1,1.0
183,153,400.03,345.39,37.58,75.18,1,1,1.0
183,178,1735.83,909.72,149.70,102.92,1,1,1.0
183,183,623.74,423.67,75.99,51.22,1,1,1.0
183,195,200.40,121.34,129.57,251.65,1,1,1.0
183,205,532.38,415.36,79.76,41.00,1,1,1.0
183,208,693.70,357.44,78.43,88.21,1,1,1.0
183,217,398.57,204.25,77.71,77.79,1,1,1.0
183,227,1108.42,0.00,83.26,75.01,1,1,1.0
184,1,1125.96,57.52,67.28,103.58,1,1,1.0
184,2,1241.35,2.94,91.08,160.42,1,1,1.0
184,3,1168.10,60.97,60.71,132.58,1,1,1.0
184,6,1069.97,111.42,89.33,134.03,1,1,1.0
184,47,818.73,372.94,89.59,156.33,1,1,1.0
184,81,663.42,472.31,56.55,70.43,1,1,1.0
184,97,619.80,466.49,49.11,92.94,1,1,1.0
184,117,498.93,446.06,90.81,138.44,1,1,1.0
184,153,406.38,346.18,34.80,75.38,1,1,1.0
184,178,1738.87,909.96,150.68,101.72,1,1,1.0
184,183,626.62,422.99,76.14,52.38,1,1,1.0
184,195,205.63,119.64,128.85,253.25,1,1,1.0
184,205,535.74,415.72,80.68,39.05,1,1,1.0
184,208,697.75,356.88,79.56,89.24,1,1,1.0
184,217,399.91,202.46,78.81,79.25,1,1,1.0
185,1,1129.50,58.22,67.46,100.88,1,1,1.0
185,2,1246.86,1.78,88.97,161.90,1,1,1.0
185,3,1168.68,64.19,63.28,129.15,1,1,1.0
185,6,1076.19,112.91,87.74,131.30,1,1,1.0
185,47,822.17,371.00,90.32,158.19,1,1,1.0
185,81,670.02,472.42,54.59,68.43,1,1,1.0
185,97,622.45,466.91,50.79,93.88,1,1,1.0
185,117,502.83,445.18,91.07,139.52,1,1,1.0
185,153,411.29,343.83,34.27,76.98,1,1,1.0
185,178,1742.73,909.85,146.35,101.31,1,1,1.0
185,183,630.52,422.80,75.47,52.32,1,1,1.0
185,195,211.94,121.86,129.29,251.44,1,1,1.0
185,205,539.02,414.49,81.07,40.29,1,1,1.0
185,208,702.31,356.00,77.42,89.88,1,1,1.0
185,217,406.02,201.14,75.40,81.14,1,1,1.0
185,228,1120.02,0.00,85.34,72.79,1,1,1.0
185,229,321.25,170.31,65.53,77.90,1,1,1.0
186,1,1141.05,58.53,64.18,99.63,1,1,1.0
186,2,1254.51,1.13,89.00,161.62,1,1,1.0
186,3,1172.85,64.09,64.94,129.43,1,1,1.0
186,6,1086.91,115.97,84.13,128.78,1,1,1.0
186,47,826.13,373.44,92.94,155.03,1,1,1.0
186,81,673.69,471.98,56.60,70.22,1,1,1.0
186,97,628.48,467.75,52.52,94.58,1,1,1.0
186,117,511.57,446.24,90.65,137.65,1,1,1.0
186,153,421.63,346.79,35.34,75.51,1,1,1.0
186,178,1747.41,907.71,152.51,105.32,1,1,1.0
186,183,636.32,422.50,78.66,51.75,1,1,1.0
186,195,225.36,119.32,127.15,253.39,1,1,1.0
186,205,550.35,415.25,73.60,38.86,1,1,1.0
186,208,708.63,355.45,77.92,90.11,1,1,1.0
186,217,415.35,206.26,75.41,75.00,1,1,1.0
186,228,1131.60,-0.00,82.42,72.89,1,1,1.0
186,229,333.36,171.11,57.50,70.38,1,1,1.0
187,1,1145.21,57.49,62.79,103.00,1,1,1.0
187,2,1258.28,3.08,89.62,161.88,1,1,1.0
187,3,1177.30,63.19,66.65,130.82,1,1,1.0
187,6,1093.19,117.88,81.50,127.78,1,1,1.0
187,47,828.74,376.62,93.85,151.76,1,1,1.0
187,81,679.08,472.40,54.35,69.43,1,1,1.0
187,97,633.83,466.03,49.54,95.24,1,1,1.0
187,117,515.55,445.80,89.93,138.42,1,1,1.0
187,153,427.06,345.45,33.69,75.07,1,1,1.0
187,178,1751.39,908.83,152.69,104.38,1,1,1.0
187,183,640.34,422.68,77.73,51.50,1,1,1.0
187,195,240.68,119.87,116.62,253.60,1,1,1.0
187,205,551.20,415.88,75.36,38.72,1,1,1.0
187,208,711.64,356.32,77.97,88.45,1,1,1.0
187,217,421.87,206.93,71.89,74.83,1,1,1.0
187,228,1138.03,-0.00,80.42,72.97,1,1,1.0
187,229,339.23,169.91,61.46,77.90,1,1,1.0
188,1,1149.50,57.31,61.74,102.40,1,1,1.0
188,2,1265.52,3.93,85.88,158.97,1,1,1.0
188,3,1183.22,67.18,63.61,126.00,1,1,1.0
188,6,1092.43,117.85,85.28,128.51,1,1,1.0
188,47,833.87,377.73,93.18,150.89,1,1,1.0
188,81,684.20,472.32,53.08,68.44,1,1,1.0
188,97,637.26,466.67,50.10,94.98,1,1,1.0
188,117,519.53,445.76,90.30,138.87,1,1,1.0
188,153,429.68,343.74,37.77,78.57,1,1,1.0
188,178,1756.61,908.62,150.81,104.55,1,1,1.0
188,183,643.98,422.71,77.28,51.69,1,1,1.0
188,195,241.92,118.66,122.06,253.81,1,1,1.0
188,205,555.19,415.67,75.74,38.81,1,1,1.0
188,208,717.97,355.77,75.97,89.59,1,1,1.0
188,217,425.28,200.49,71.19,81.93,1,1,1.0
188,229,345.85,172.18,56.21,64.56,1,1,1.0
189,1,1154.54,56.03,61.71,103.44,1,1,1.0
189,2,1265.37,6.17,89.78,158.55,1,1,1.0
189,3,1187.68,70.85,62.32,122.68,1,1,1.0
189,6,1103.47,119.85,78.84,127.50,1,1,1.0
189,47,836.59,381.65,93.70,146.76,1,1,1.0
189,81,691.20,472.18,50.02,70.01,1,1,1.0
189,97,640.43,468.38,51.95,94.44,1,1,1.0
189,117,524.44,446.59,89.30,139.31,1,1,1.0
189,153,436.05,344.23,36.08,79.99,1,1,1.0
189,178,1764.33,909.60,147.81,103.13,1,1,1.0
189,183,648.96,423.38,76.85,51.60,1,1,1.0
189,195,244.11,120.50,126.93,253.17,1,1,1.0
189,205,557.17,415.55,78.84,39.06,1,1,1.0
189,208,723.82,356.70,74.12,88.26,1,1,1.0
189,217,425.04,204.09,80.09,78.10,1,1,1.0
189,229,349.99,172.51,58.48,66.54,1,1,1.0
190,1,1160.93,58.92,58.49,101.48,1,1,1.0
190,2,1272.44,8.72,87.87,157.60,1,1,1.0
190,3,1188.90,73.18,60.99,121.65,1,1,1.0
190,6,1099.84,119.27,86.16,127.37,1,1,1.0
190,47,840.61,385.64,93.65,144.30,1,1,1.0
190,81,690.59,472.16,53.24,71.14,1,1,1.0
190,97,644.05,469.10,52.05,92.25,1,1,1.0
190,117,528.79,447.02,89.93,138.14,1,1,1.0
190,153,440.82,348.86,36.38,73.71,1,1,1.0
190,178,1762.35,909.18,151.77,102.85,1,1,1.0
190,183,651.63,424.32,79.13,51.86,1,1,1.0
190,195,245.54,120.89,132.01,254.74,1,1,1.0
190,205,564.68,416.57,75.06,39.38,1,1,1.0
190,208,724.93,358.19,75.42,89.39,1,1,1.0
190,217,432.97,208.29,74.80,73.96,1,1,1.0
190,229,362.22,172.78,50.52,69.23,1,1,1.0
190,230,1157.19,0.00,83.54,76.10,1,1,1.0
191,1,1173.51,56.25,52.97,103.45,1,1,1.0
191,2,1281.43,10.83,86.56,152.57,1,1,1.0
191,3,1198.85,70.46,61.70,122.99,1,1,1.0
191,6,1108.22,115.61,85.54,131.37,1,1,1.0
191,47,849.70,392.30,93.09,136.24,1,1,1.0
191,81,698.16,472.89,54.79,67.42,1,1,1.0
191,97,652.57,467.49,50.35,94.67,1,1,1.0
191,117,537.12,446.49,89.56,139.22,1,1,1.0
191,153,453.35,345.70,34.38,78.47,1,1,1.0
191,178,1774.85,908.43,145.15,103.01,1,1,1.0
191,183,659.62,423.38,77.60,51.85,1,1,1.0
191,195,263.08,121.66,127.73,252.72,1,1,1.0
191,205,570.66,414.69,78.57,40.03,1,1,1.0
191,208,734.82,356.85,75.07,88.74,1,1,1.0
191,217,444.51,210.74,69.96,70.17,1,1,1.0
191,229,375.00,175.76,50.29,66.75,1,1,1.0
191,230,1171.66,-0.00,85.55,75.13,1,1,1.0
192,1,1177.08,55.64,54.77,103.37,1,1,1.0
192,2,1286.81,18.86,85.36,145.09,1,1,1.0
192,3,1204.13,71.49,61.55,121.09,1,1,1.0
192,6,1119.37,117.30,78.69,130.04,1,1,1.0
192,47,853.15,391.16,93.63,136.12,1,1,1.0
192,81,703.90,472.17,52.98,71.72,1,1,1.0
192,97,656.31,467.56,51.78,91.23,1,1,1.0
192,117,541.43,446.44,90.53,137.11,1,1,1.0
192,153,458.26,343.43,35.79,81.20,1,1,1.0
192,183,664.31,421.79,78.67,52.08,1,1,1.0
192,195,272.44,125.15,124.83,248.44,1,1,1.0
192,205,576.26,414.56,74.48,38.01,1,1,1.0
192,208,737.10,356.55,76.94,89.64,1,1,1.0
192,217,451.15,207.98,67.56,72.73,1,1,1.0
192,229,376.50,170.64,54.10,70.52,1,1,1.0
192,230,1179.18,0.00,80.42,73.58,1,1,1.0
193,1,1187.28,53.41,49.32,106.23,1,1,1.0
193,2,1289.82,19.40,88.40,143.54,1,1,1.0
193,3,1208.02,69.99,62.04,122.19,1,1,1.0
193,6,1114.39,107.17,88.52,137.87,1,1,1.0
193,47,857.77,386.82,93.84,141.17,1,1,1.0
193,81,707.36,471.57,53.58,66.28,1,1,1.0
193,97,662.01,466.83,50.47,93.28,1,1,1.0
193,117,545.15,444.13,92.25,138.84,1,1,1.0
193,153,463.96,337.79,36.53,85.58,1,1,1.0
193,183,668.90,420.80,77.85,53.19,1,1,1.0
193,195,277.88,154.51,125.14,217.46,1,1,1.0
193,205,581.88,411.07,70.70,41.89,1,1,1.0
193,208,740.58,356.82,77.54,89.13,1,1,1.0
193,217,455.83,207.67,66.47,73.31,1,1,1.0
193,229,383.80,172.03,51.37,64.82,1,1,1.0
193,230,1184.24,0.00,88.49,71.25,1,1,1.0
194,1,1192.81,53.30,47.27,104.19,1,1,1.0
194,2,1294.48,21.41,88.30,139.90,1,1,1.0
194,3,1214.03,69.39,61.66,121.17,1,1,1.0
194,6,1127.92,113.06,79.55,129.36,1,1,1.0
194,47,862.58,387.78,94.56,138.68,1,1,1.0
194,81,710.46,470.18,54.36,67.26,1,1,1.0
194,97,665.64,465.57,51.08,89.62,1,1,1.0
194,117,550.23,444.19,91.65,137.04,1,1,1.0
194,153,470.74,341.21,34.94,79.86,1,1,1.0
194,183,672.61,420.04,77.93,51.44,1,1,1.0
194,195,280.98,147.39,131.44,224.05,1,1,1.0
194,205,583.71,411.78,73.32,39.25,1,1,1.0
194,208,746.41,355.12,76.73,90.74,1,1,1.0
194,217,461.07,206.98,65.39,73.44,1,1,1.0
194,229,392.04,168.81,49.04,67.04,1,1,1.0
194,230,1195.70,0.00,78.65,69.03,1,1,1.0
195,1,1197.84,52.69,47.23,105.15,1,1,1.0
195,2,1298.43,17.42,89.08,143.61,1,1,1.0
195,3,1218.46,66.61,60.46,122.66,1,1,1.0
195,6,1131.61,107.11,80.72,129.00,1,1,1.0
195,47,865.34,383.77,94.57,141.26,1,1,1.0
195,81,719.28,470.05,50.57,69.84,1,1,1.0
195,97,669.84,464.76,51.35,93.43,1,1,1.0
195,117,555.65,443.56,89.84,137.78,1,1,1.0
195,153,474.32,339.29,37.71,80.96,1,1,1.0
195,183,675.87,419.01,80.45,52.48,1,1,1.0
195,195,287.55,126.00,131.95,244.06,1,1,1.0
195,205,587.95,410.35,74.87,40.31,1,1,1.0
195,208,750.80,354.34,76.19,91.54,1,1,1.0
195,217,465.43,205.89,66.10,73.60,1,1,1.0
195,229,400.47,170.46,43.43,67.09,1,1,1.0
196,1,1208.00,51.88,44.48,105.19,1,1,1.0
196,2,1305.49,24.25,90.95,135.39,1,1,1.0
196,3,1221.50,66.64,64.62,121.87,1,1,1.0
196,6,1133.17,94.32,86.77,136.77,1,1,1.0
196,47,872.10,374.27,95.89,149.41,1,1,1.0
196,81,721.92,467.34,53.98,75.33,1,1,1.0
196,97,677.94,462.53,49.82,92.76,1,1,1.0
196,117,564.30,442.29,90.25,137.79,1,1,1.0
196,153,486.44,337.73,35.19,79.73,1,1,1.0
196,183,684.14,418.88,79.46,53.01,1,1,1.0
196,195,300.65,134.03,130.43,234.31,1,1,1.0
196,205,595.81,410.53,74.43,38.75,1,1,1.0
196,208,760.24,352.82,73.46,89.89,1,1,1.0
196,217,478.07,209.32,62.04,68.28,1,1,1.0
196,229,408.90,164.94,48.57,69.03,1,1,1.0
197,1,1215.88,55.84,40.70,96.86,1,1,1.0
197,2,1310.82,22.50,89.47,135.57,1,1,1.0
197,3,1227.81,55.74,64.18,131.71,1,1,1.0
197,6,1136.50,92.50,87.68,139.65,1,1,1.0
197,47,878.09,377.51,93.57,145.28,1,1,1.0
197,81,724.65,465.69,54.35,70.42,1,1,1.0
197,97,680.46,462.30,51.30,92.24,1,1,1.0
197,117,567.18,441.49,91.48,138.08,1,1,1.0
197,153,490.00,332.92,37.33,83.78,1,1,1.0
197,183,686.84,418.22,79.44,52.11,1,1,1.0
197,195,304.65,149.64,130.10,216.83,1,1,1.0
197,208,763.44,352.26,74.81,91.33,1,1,1.0
197,217,478.66,205.90,65.51,70.80,1,1,1.0
197,229,415.42,163.41,44.59,68.36,1,1,1.0
198,1,1219.91,48.60,41.72,101.73,1,1,1.0
198,2,1314.35,19.67,89.06,138.60,1,1,1.0
198,3,1231.50,60.40,63.68,127.39,1,1,1.0
198,6,1142.52,97.21,85.23,133.62,1,1,1.0
198,47,879.24,370.78,96.35,150.78,1,1,1.0
198,81,728.15,465.70,55.70,68.94,1,1,1.0
198,97,682.18,460.69,53.62,91.57,1,1,1.0
198,117,571.51,439.99,90.65,137.55,1,1,1.0
198,153,495.14,333.33,35.97,83.40,1,1,1.0
198,183,690.80,418.09,80.31,50.49,1,1,1.0
198,195,307.37,120.74,135.00,244.40,1,1,1.0
198,208,767.49,350.89,74.30,91.59,1,1,1.0
198,217,485.32,205.38,62.71,68.94,1,1,1.0
198,229,421.31,163.23,43.35,59.75,1,1,1.0
198,231,1226.40,0.00,80.45,64.69,1,1,1.0
198,232,602.07,406.37,75.58,39.65,1,1,1.0
198,233,1221.73,49.34,46.14,129.69,1,1,1.0
199,1,1224.60,60.93,40.23,87.58,1,1,1.0
199,2,1317.65,19.01,89.74,138.78,1,1,1.0
199,3,1232.92,55.09,64.00,130.78,1,1,1.0
199,47,882.85,367.56,95.76,153.44,1,1,1.0
199,81,732.75,465.45,54.18,74.76,1,1,1.0
199,97,685.37,457.64,53.78,95.88,1,1,1.0
199,117,575.08,439.68,90.79,137.49,1,1,1.0
199,153,500.07,331.00,35.35,83.14,1,1,1.0
199,183,694.32,417.56,79.02,50.31,1,1,1.0
199,195,313.14,129.85,134.93,234.16,1,1,1.0
199,208,769.78,349.47,74.83,91.36,1,1,1.0
199,217,488.79,204.57,62.23,69.31,1,1,1.0
199,229,426.49,162.06,43.78,50.85,1,1,1.0
199,231,1229.19,0.00,81.66,61.10,1,1,1.0
199,232,606.50,407.19,75.84,38.22,1,1,1.0
199,233,1225.53,53.94,52.72,106.57,1,1,1.0
199,234,449.16,196.21,34.64,33.95,1,1,1.0
200,1,1229.99,49.15,37.53,98.46,1,1,1.0
200,2,1319.04,25.01,91.94,130.76,1,1,1.0
200,3,1236.16,54.10,64.82,131.64,1,1,1.0
200,47,885.80,364.43,96.89,155.66,1,1,1.0
200,81,734.79,464.11,53.80,73.32,1,1,1.0
200,97,690.14,459.83,51.36,94.69,1,1,1.0
200,117,579.37,439.26,90.12,136.96,1,1,1.0
200,153,502.65,333.09,37.97,80.07,1,1,1.0
200,183,697.65,417.71,78.66,49.06,1,1,1.0
200,195,318.22,144.28,134.19,217.82,1,1,1.0
200,208,775.26,350.30,72.87,89.59,1,1,1.0
200,217,491.43,207.50,63.07,65.67,1,1,1.0
200,229,434.76,163.89,40.41,64.36,1,1,1.0
200,231,1235.59,0.00,79.26,59.50,1,1,1.0
200,232,610.30,406.89,73.95,39.25,1,1,1.0
201,2,1326.44,20.73,91.58,134.61,1,1,1.0
201,3,1240.14,49.30,66.41,134.23,1,1,1.0
201,47,891.48,363.44,95.17,155.69,1,1,1.0
201,81,739.32,461.33,55.23,75.35,1,1,1.0
201,97,696.26,457.15,51.91,94.38,1,1,1.0
201,117,586.28,437.36,89.90,137.96,1,1,1.0
201,153,513.61,331.30,34.19,79.99,1,1,1.0
201,183,703.79,415.56,77.54,50.74,1,1,1.0
201,195,325.57,150.73,135.72,209.09,1,1,1.0
201,208,781.51,346.90,73.42,92.19,1,1,1.0
201,217,495.80,198.29,66.02,72.61,1,1,1.0
201,231,1245.59,0.00,77.22,57.34,1,1,1.0
201,232,616.71,406.02,72.94,38.19,1,1,1.0
201,235,1.08,39.26,19.03,29.71,1,1,1.0
202,2,1329.20,20.57,91.74,133.31,1,1,1.0
202,3,1245.68,49.78,63.70,133.96,1,1,1.0
202,47,893.98,361.93,95.11,155.35,1,1,1.0
202,81,744.16,462.06,54.54,76.06,1,1,1.0
202,97,699.61,456.38,51.61,93.18,1,1,1.0
202,117,588.94,435.60,90.51,138.18,1,1,1.0
202,153,516.75,328.97,34.26,79.21,1,1,1.0
202,183,707.74,414.94,76.23,50.28,1,1,1.0
202,195,329.78,146.33,135.47,211.16,1,1,1.0
202,208,781.34,346.55,76.19,92.02,1,1,1.0
202,217,498.14,199.92,65.57,68.97,1,1,1.0
202,231,1255.16,-0.00,73.10,55.30,1,1,1.0
202,232,618.24,405.72,76.46,38.26,1,1,1.0
202,235,1.57,39.13,18.86,30.05,1,1,1.0
202,236,446.63,158.37,39.85,58.55,1,1,1.0
202,237,467.84,194.97,32.14,30.93,1,1,1.0
203,2,1335.03,19.33,88.15,133.96,1,1,1.0
203,3,1248.11,50.54,62.62,133.03,1,1,1.0
203,47,896.37,359.47,96.42,157.60,1,1,1.0
203,81,747.69,461.49,53.33,73.43,1,1,1.0
203,97,703.12,456.60,51.28,92.84,1,1,1.0
203,117,591.90,434.83,90.37,137.39,1,1,1.0
203,153,519.92,327.33,35.30,80.68,1,1,1.0
203,183,710.25,414.19,76.80,49.17,1,1,1.0
203,195,334.93,141.45,136.50,215.10,1,1,1.0
203,208,783.42,345.18,77.05,92.61,1,1,1.0
203,217,501.51,197.25,63.77,71.13,1,1,1.0
203,231,1259.42,0.00,72.51,56.26,1,1,1.0
203,232,619.62,405.41,77.39,36.64,1,1,1.0
203,235,1.35,38.65,19.35,29.82,1,1,1.0
203,236,447.80,154.67,41.50,59.42,1,1,1.0
203,237,471.65,193.71,31.87,29.23,1,1,1.0
203,238,1246.71,53.91,34.76,82.57,1,1,1.0
204,2,1338.42,4.29,87.22,147.86,1,1,1.0
204,3,1249.50,47.18,63.98,134.69,1,1,1.0
204,47,899.83,360.22,95.70,156.88,1,1,1.0
204,81,751.95,460.22,50.71,71.95,1,1,1.0
204,97,705.27,455.18,51.39,93.87,1,1,1.0
204,117,593.95,434.00,90.75,138.60,1,1,1.0
204,153,524.16,326.26,35.99,81.60,1,1,1.0
204,183,712.16,413.09,81.16,51.21,1,1,1.0
204,195,338.34,144.65,137.86,210.26,1,1,1.0
204,208,790.27,344.58,72.56,92.08,1,1,1.0
204,217,512.68,199.85,56.40,69.24,1,1,1.0
204,231,1260.09,0.00,74.76,55.13,1,1,1.0
204,232,626.65,405.41,72.96,36.18,1,1,1.0
204,236,451.93,154.29,40.45,54.96,1,1,1.0
204,237,473.03,191.17,34.20,30.38,1,1,1.0
204,239,1171.08,82.62,79.05,92.34,1,1,1.0
205,2,1340.08,10.55,89.10,141.69,1,1,1.0
205,3,1255.69,45.62,62.21,136.72,1,1,1.0
205,47,902.92,357.36,95.39,160.49,1,1,1.0
205,81,751.97,459.12,53.02,72.63,1,1,1.0
205,97,708.82,454.46,49.79,94.63,1,1,1.0
205,117,596.07,432.96,91.18,139.04,1,1,1.0
205,153,528.42,326.09,34.57,79.62,1,1,1.0
205,183,715.34,412.53,81.72,50.98,1,1,1.0
205,195,341.42,134.45,137.12,219.95,1,1,1.0
205,208,790.77,344.68,73.72,91.62,1,1,1.0
205,217,514.18,194.89,58.86,69.79,1,1,1.0
205,231,1266.87,0.00,76.60,53.81,1,1,1.0
205,232,628.55,405.25,73.45,36.63,1,1,1.0
205,236,453.71,153.35,43.82,54.65,1,1,1.0
206,2,1346.67,8.61,89.55,141.65,1,1,1.0
206,3,1260.29,44.50,62.71,135.71,1,1,1.0
206,47,908.95,353.55,95.04,160.62,1,1,1.0
206,81,758.08,457.88,53.08,74.89,1,1,1.0
206,97,712.62,454.26,52.13,93.91,1,1,1.0
206,117,603.68,431.29,90.91,138.39,1,1,1.0
206,153,533.04,326.46,37.33,77.37,1,1,1.0
206,183,720.25,411.15,78.96,49.23,1,1,1.0
206,195,348.82,131.12,139.07,219.96,1,1,1.0
206,208,797.78,341.98,73.45,91.06,1,1,1.0
206,217,521.75,190.92,57.23,75.59,1,1,1.0
206,231,1275.60,0.00,73.65,51.00,1,1,1.0
206,232,637.15,404.59,71.15,35.18,1,1,1.0
206,236,465.84,152.56,37.39,50.90,1,1,1.0
206,240,2.72,37.41,20.86,29.80,1,1,1.0
207,2,1350.24,1.00,88.95,147.29,1,1,1.0
207,3,1263.80,44.77,61.60,133.85,1,1,1.0
207,47,910.76,348.70,95.64,164.77,1,1,1.0
207,81,761.94,458.26,51.82,75.22,1,1,1.0
207,97,715.37,453.47,51.64,93.73,1,1,1.0
207,117,606.31,429.71,90.94,139.38,1,1,1.0
207,153,536.16,326.82,38.54,75.83,1,1,1.0
207,183,723.65,410.46,81.16,49.20,1,1,1.0
207,195,352.82,131.28,139.18,219.16,1,1,1.0
207,208,800.50,342.88,72.80,89.92,1,1,1.0
207,217,523.25,195.56,58.38,71.78,1,1,1.0
207,231,1282.18,0.00,72.48,52.09,1,1,1.0
207,232,640.70,403.63,71.21,36.95,1,1,1.0
207,241,1188.96,77.42,72.21,89.54,1,1,1.0
208,2,1352.51,1.02,85.57,147.40,1,1,1.0
208,3,1262.12,41.47,65.36,137.03,1,1,1.0
208,47,913.85,347.30,95.54,164.84,1,1,1.0
208,81,764.91,457.22,51.76,76.64,1,1,1.0
208,97,717.84,452.69,52.04,94.09,1,1,1.0
208,117,609.97,429.35,89.04,141.02,1,1,1.0
208,153,541.99,326.83,35.27,76.21,1,1,1.0
208,183,726.44,409.49,80.03,50.04,1,1,1.0
208,195,355.74,131.36,140.97,219.13,1,1,1.0
208,208,804.40,342.84,71.89,89.32,1,1,1.0
208,217,525.93,191.96,59.10,75.54,1,1,1.0
208,231,1283.35,0.00,75.94,50.17,1,1,1.0
208,232,643.78,404.11,69.48,35.96,1,1,1.0
209,2,1359.55,-0.00,82.38,145.50,1,1,1.0
209,3,1263.23,43.78,68.36,135.94,1,1,1.0
209,47,916.26,346.27,96.95,165.82,1,1,1.0
209,81,767.20,456.89,51.00,74.15,1,1,1.0
209,97,721.97,452.02,50.36,94.61,1,1,1.0
209,117,613.83,429.14,89.19,141.50,1,1,1.0
209,153,546.54,327.43,33.93,73.50,1,1,1.0
209,183,729.47,410.10,79.66,49.60,1,1,1.0
209,195,361.14,128.13,141.79,221.36,1,1,1.0
209,208,808.26,342.80,69.79,90.43,1,1,1.0
209,217,525.34,193.28,63.86,73.49,1,1,1.0
209,231,1287.52,0.00,74.95,47.64,1,1,1.0
209,232,645.33,404.10,69.38,35.49,1,1,1.0
209,242,6.24,38.81,19.56,27.85,1,1,1.0
210,2,1361.70,-0.00,86.54,145.65,1,1,1.0
210,3,1272.43,46.00,63.07,131.27,1,1,1.0
210,47,919.17,342.52,96.64,167.35,1,1,1.0
210,81,770.10,456.57,50.69,75.73,1,1,1.0
210,97,725.27,450.59,49.11,95.62,1,1,1.0
210,117,617.53,429.05,88.51,138.83,1,1,1.0
210,153,550.22,323.92,36.12,79.51,1,1,1.0
210,183,731.99,408.92,79.36,49.91,1,1,1.0
210,195,367.21,129.90,140.67,218.47,1,1,1.0
210,208,812.78,342.01,69.75,90.12,1,1,1.0
210,217,528.04,193.40,63.53,72.90,1,1,1.0
210,231,1293.57,0.01,76.41,48.78,1,1,1.0
210,232,648.15,402.82,68.86,35.94,1,1,1.0
210,242,7.60,39.00,18.15,27.48,1,1,1.0
211,2,1366.24,1.53,89.45,144.64,1,1,1.0
211,3,1275.26,40.48,66.56,137.49,1,1,1.0
211,47,926.74,342.95,95.26,167.31,1,1,1.0
211,81,780.90,456.02,47.88,70.98,1,1,1.0
211,97,731.75,451.45,51.47,92.14,1,1,1.0
211,117,624.15,427.53,89.57,139.11,1,1,1.0
211,153,560.95,323.03,34.40,78.52,1,1,1.0
211,183,739.41,405.25,79.18,52.86,1,1,1.0
211,195,377.57,124.99,140.54,220.16,1,1,1.0
211,208,819.83,340.10,69.90,89.62,1,1,1.0
211,217,544.96,196.76,52.12,67.82,1,1,1.0
211,231,1305.33,-0.00,73.53,44.57,1,1,1.0
211,232,657.44,400.83,69.43,35.69,1,1,1.0
211,242,8.27,39.38,18.32,27.17,1,1,1.0
212,2,1371.25,-0.00,88.63,144.09,1,1,1.0
212,3,1278.92,47.69,65.68,130.48,1,1,1.0
212,47,930.50,339.45,96.12,169.85,1,1,1.0
212,81,783.32,455.78,49.22,69.75,1,1,1.0
212,97,736.13,450.88,50.75,92.26,1,1,1.0
212,117,628.22,427.62,90.85,138.21,1,1,1.0
212,153,564.73,317.84,37.58,82.03,1,1,1.0
212,183,743.40,404.39,79.71,53.42,1,1,1.0
212,195,384.40,121.99,139.19,222.77,1,1,1.0
212,208,822.26,339.19,70.72,90.24,1,1,1.0
212,217,545.07,197.87,56.72,65.92,1,1,1.0
212,231,1311.37,0.00,78.13,41.64,1,1,1.0
212,232,660.32,399.57,69.68,36.87,1,1,1.0
212,242,8.85,38.09,19.32,28.26,1,1,1.0
212,243,1213.67,71.48,68.25,79.25,1,1,1.0
212,244,59.26,0.09,18.16,31.19,1,1,1.0
213,2,1375.94,0.26,86.79,144.09,1,1,1.0
213,3,1280.55,43.29,69.07,133.84,1,1,1.0
213,47,935.57,339.06,96.09,170.01,1,1,1.0
213,81,784.09,453.15,51.60,75.30,1,1,1.0
213,97,740.90,448.39,48.90,92.28,1,1,1.0
213,117,632.60,426.11,91.69,138.49,1,1,1.0
213,153,570.96,319.12,36.07,79.70,1,1,1.0
213,183,747.12,404.60,78.77,51.90,1,1,1.0
213,195,394.09,117.78,138.21,225.92,1,1,1.0
213,208,826.13,337.87,72.55,90.57,1,1,1.0
213,217,557.39,196.30,49.45,66.94,1,1,1.0
213,231,1319.57,0.00,74.57,42.71,1,1,1.0
213,232,664.82,397.93,68.07,36.75,1,1,1.0
213,242,10.86,37.50,18.19,28.53,1,1,1.0
213,243,1224.11,69.67,61.11,73.24,1,1,1.0
213,244,60.24,0.15,18.29,29.99,1,1,1.0
213,245,588.27,162.05,33.46,60.47,1,1,1.0
214,2,1380.03,0.00,86.95,144.15,1,1,1.0
214,3,1286.29,44.75,67.59,131.76,1,1,1.0
214,47,939.31,337.17,94.80,172.50,1,1,1.0
214,81,790.11,452.98,50.51,66.71,1,1,1.0
214,97,744.03,447.70,51.15,92.73,1,1,1.0
214,117,638.14,424.57,90.07,138.73,1,1,1.0
214,153,576.19,316.37,37.02,81.58,1,1,1.0
214,183,750.70,403.96,82.38,52.18,1,1,1.0
214,195,399.37,111.88,139.87,231.91,1,1,1.0
214,208,830.00,336.99,72.23,89.87,1,1,1.0
214,217,559.48,192.51,52.03,67.47,1,1,1.0
214,231,1328.67,-0.00,74.14,41.00,1,1,1.0
214,232,670.15,397.56,70.05,36.87,1,1,1.0
214,242,12.19,37.67,17.53,27.89,1,1,1.0
214,243,1227.18,67.48,62.00,72.25,1,1,1.0
214,244,61.00,0.00,17.78,26.37,1,1,1.0
214,246,37.17,72.32,19.37,23.46,1,1,1.0
215,2,1382.52,-0.00,87.83,144.64,1,1,1.0
215,3,1291.27,49.89,64.87,126.09,1,1,1.0
215,47,943.36,336.53,95.41,171.17,1,1,1.0
215,81,795.32,453.32,49.80,72.00,1,1,1.0
215,97,748.30,444.03,50.96,96.75,1,1,1.0
215,117,643.82,425.26,89.21,137.18,1,1,1.0
215,153,583.60,315.98,35.55,82.34,1,1,1.0
215,183,757.50,403.55,76.81,52.19,1,1,1.0
215,195,408.79,111.65,136.99,230.64,1,1,1.0
215,208,836.71,336.58,69.72,91.00,1,1,1.0
215,217,567.32,201.18,49.81,58.09,1,1,1.0
215,231,1330.10,-0.00,80.87,39.49,1,1,1.0
215,242,12.59,37.69,18.20,27.66,1,1,1.0
215,247,1308.69,46.15,47.42,125.62,1,1,1.0
216,2,1390.67,0.00,88.85,140.66,1,1,1.0
216,3,1301.33,55.79,61.46,120.20,1,1,1.0
216,47,949.88,334.30,97.71,173.18,1,1,1.0
216,81,799.80,451.35,50.70,70.50,1,1,1.0
216,97,756.52,446.90,50.00,91.80,1,1,1.0
216,117,651.80,423.23,88.66,138.28,1,1,1.0
216,153,592.63,315.42,34.54,79.60,1,1,1.0
216,183,763.11,403.07,80.54,51.79,1,1,1.0
216,195,422.36,109.51,132.85,230.93,1,1,1.0
216,208,844.08,335.95,70.45,90.75,1,1,1.0
216,217,575.34,204.48,51.06,55.37,1,1,1.0
216,231,1346.00,0.00,72.78,38.51,1,1,1.0
216,242,14.96,38.39,16.80,27.06,1,1,1.0
216,248,90.93,0.00,22.39,23.31,1,1,1.0
216,249,63.23,0.30,20.22,29.24,1,1,1.0
216,250,1245.67,1.35,116.57,174.08,1,1,1.0
217,2,1393.62,-0.00,89.18,142.72,1,1,1.0
217,3,1299.68,57.34,67.34,116.99,1,1,1.0
217,47,953.17,334.64,97.50,171.80,1,1,1.0
217,81,804.77,452.06,50.21,68.31,1,1,1.0
217,97,760.74,445.64,49.90,92.54,1,1,1.0
217,117,655.77,424.59,89.69,137.14,1,1,1.0
217,153,598.76,314.95,35.93,80.43,1,1,1.0
217,183,767.69,402.99,80.08,52.41,1,1,1.0
217,195,427.05,105.64,136.71,234.28,1,1,1.0
217,208,845.47,335.62,72.44,91.30,1,1,1.0
217,217,584.10,200.54,46.04,59.05,1,1,1.0
217,231,1345.43,0.00,78.75,39.35,1,1,1.0
217,242,15.41,38.56,16.44,26.86,1,1,1.0
217,248,91.34,0.00,23.23,23.01,1,1,1.0
217,249,64.84,2.44,19.13,28.97,1,1,1.0
217,251,685.11,395.79,68.53,36.18,1,1,1.0
218,2,1397.97,0.06,86.53,143.61,1,1,1.0
218,3,1308.04,57.89,62.43,116.14,1,1,1.0
218,47,956.22,335.64,97.76,171.34,1,1,1.0
218,81,810.56,452.53,48.62,71.01,1,1,1.0
218,97,763.42,444.16,51.12,96.68,1,1,1.0
218,117,659.19,423.67,89.22,137.19,1,1,1.0
218,153,604.23,315.76,34.66,77.91,1,1,1.0
218,183,770.90,403.33,78.58,52.17,1,1,1.0
218,195,433.60,105.02,131.76,234.64,1,1,1.0
218,208,849.76,335.91,71.18,90.54,1,1,1.0
218,217,586.63,200.89,45.95,59.14,1,1,1.0
218,231,1356.94,0.00,70.93,40.81,1,1,1.0
218,242,16.08,39.00,16.68,26.97,1,1,1.0
218,248,91.07,0.00,23.36,20.96,1,1,1.0
218,249,63.55,0.17,20.14,32.01,1,1,1.0
218,251,689.17,396.33,67.70,35.01,1,1,1.0
219,2,1401.88,0.37,85.65,143.78,1,1,1.0
219,3,1307.99,56.50,65.00,118.47,1,1,1.0
219,47,959.28,335.56,98.09,171.10,1,1,1.0
219,81,812.68,452.54,50.50,71.99,1,1,1.0
219,97,768.07,446.30,49.11,94.85,1,1,1.0
219,117,663.26,424.17,90.29,137.80,1,1,1.0
219,153,608.44,316.02,35.14,77.53,1,1,1.0
219,183,774.17,403.12,77.97,52.57,1,1,1.0
219,195,439.83,105.52,129.80,235.35,1,1,1.0
219,208,853.78,335.63,70.21,91.89,1,1,1.0
219,217,592.16,203.57,45.06,55.63,1,1,1.0
219,231,1363.66,0.00,71.92,38.89,1,1,1.0
219,242,17.05,39.45,16.70,27.33,1,1,1.0
219,248,90.89,0.00,23.62,23.78,1,1,1.0
219,251,691.60,396.46,68.12,35.48,1,1,1.0
219,252,41.53,73.62,17.62,22.14,1,1,1.0
220,2,1405.58,3.05,84.71,139.99,1,1,1.0
220,3,1321.05,58.38,55.83,113.88,1,1,1.0
220,47,963.04,333.74,98.14,174.39,1,1,1.0
220,81,814.67,451.01,51.24,74.82,1,1,1.0
220,97,770.62,447.67,49.88,91.73,1,1,1.0
220,117,667.11,423.26,90.37,137.89,1,1,1.0
220,153,614.33,315.54,35.79,79.84,1,1,1.0
220,183,776.50,403.13,79.81,51.45,1,1,1.0
220,195,446.27,104.51,134.09,235.79,1,1,1.0
220,208,858.17,335.23,69.95,91.83,1,1,1.0
220,217,598.02,203.10,42.25,56.72,1,1,1.0
220,231,1364.15,0.00,75.78,39.38,1,1,1.0
220,242,17.67,39.89,16.33,27.07,1,1,1.0
220,248,90.62,0.00,23.64,24.93,1,1,1.0
220,252,42.45,74.00,17.53,21.93,1,1,1.0
221,2,1409.64,4.07,88.94,139.44,1,1,1.0
221,47,970.09,334.30,97.22,171.01,1,1,1.0
221,81,822.39,451.43,52.14,73.28,1,1,1.0
221,97,777.66,445.06,50.18,94.90,1,1,1.0
221,117,677.08,424.80,87.51,136.09,1,1,1.0
221,153,623.76,310.22,35.21,82.40,1,1,1.0
221,183,785.95,403.37,78.13,51.81,1,1,1.0
221,195,458.87,102.62,134.81,237.04,1,1,1.0
221,208,864.39,335.67,70.97,90.05,1,1,1.0
221,231,1374.92,0.00,73.68,40.02,1,1,1.0
221,242,17.56,39.41,20.11,28.15,1,1,1.0
221,248,90.58,0.00,23.72,23.04,1,1,1.0
221,252,41.84,73.02,19.75,23.04,1,1,1.0
221,253,705.89,394.36,66.50,37.79,1,1,1.0
222,2,1412.18,1.43,88.96,143.50,1,1,1.0
222,47,973.79,334.09,96.49,170.94,1,1,1.0
222,81,827.35,451.37,49.56,69.78,1,1,1.0
222,97,780.61,444.59,50.75,97.23,1,1,1.0
222,117,680.03,423.17,87.81,137.69,1,1,1.0
222,153,628.74,313.14,35.10,81.43,1,1,1.0
222,183,787.41,403.36,79.48,51.00,1,1,1.0
222,195,465.03,100.76,127.60,238.69,1,1,1.0
222,208,867.74,336.49,70.46,90.45,1,1,1.0
222,231,1377.17,0.00,74.16,41.84,1,1,1.0
222,242,17.99,39.86,20.10,27.95,1,1,1.0
222,248,90.93,-0.00,23.73,22.25,1,1,1.0
222,252,41.70,73.43,19.67,22.98,1,1,1.0
222,253,708.84,394.29,65.75,37.02,1,1,1.0
222,254,613.36,206.21,38.64,54.10,1,1,1.0
222,255,1335.23,66.49,49.47,103.54,1,1,1.0
222,256,94.23,0.00,21.96,17.31,1,1,1.0
223,2,1414.04,3.48,86.97,141.67,1,1,1.0
223,47,975.31,333.60,97.28,170.60,1,1,1.0
223,81,828.16,450.87,49.46,69.81,1,1,1.0
223,97,784.08,445.96,47.95,96.34,1,1,1.0
223,117,682.10,422.82,87.82,137.84,1,1,1.0
223,153,632.33,315.16,34.62,79.26,1,1,1.0
223,183,791.28,403.18,76.30,51.35,1,1,1.0
223,195,470.05,101.72,125.84,237.43,1,1,1.0
223,208,868.20,335.83,71.59,90.84,1,1,1.0
223,231,1380.88,0.00,73.62,43.60,1,1,1.0
223,242,17.07,39.50,18.53,28.16,1,1,1.0
223,254,615.90,206.99,37.67,53.27,1,1,1.0
224,2,1414.72,4.24,88.77,140.99,1,1,1.0
224,47,976.13,334.57,99.00,171.06,1,1,1.0
224,81,828.38,450.91,51.02,73.17,1,1,1.0
224,97,785.77,445.69,48.91,95.57,1,1,1.0
224,117,683.89,423.44,89.36,137.37,1,1,1.0
224,153,636.15,314.67,34.10,79.19,1,1,1.0
224,183,792.34,403.72,78.13,51.52,1,1,1.0
224,195,472.90,103.39,130.23,235.50,1,1,1.0
224,208,871.99,336.22,70.50,91.22,1,1,1.0
224,231,1383.86,0.00,71.51,43.28,1,1,1.0
224,242,16.56,39.06,17.55,27.76,1,1,1.0
224,254,616.90,208.03,39.28,52.88,1,1,1.0
225,2,1416.00,8.58,88.41,136.93,1,1,1.0
225,47,978.41,335.18,97.86,171.52,1,1,1.0
225,81,831.45,452.53,49.53,66.64,1,1,1.0
225,97,787.69,446.61,49.52,92.48,1,1,1.0
225,117,686.95,425.14,88.98,136.22,1,1,1.0
225,153,639.36,317.27,35.32,76.91,1,1,1.0
225,183,794.35,403.82,85.32,51.84,1,1,1.0
225,195,480.08,103.90,125.75,235.61,1,1,1.0
225,208,874.24,336.81,70.84,89.75,1,1,1.0
225,231,1385.96,0.00,77.91,45.21,1,1,1.0
225,242,15.79,39.34,17.13,27.30,1,1,1.0
225,254,619.73,210.03,39.99,51.62,1,1,1.0
225,257,85.69,0.00,24.22,25.65,1,1,1.0
225,258,62.37,0.00,20.07,30.24,1,1,1.0
226,2,1418.86,15.52,88.05,131.95,1,1,1.0
226,47,983.83,336.60,97.21,171.37,1,1,1.0
226,81,835.63,452.99,50.42,68.87,1,1,1.0
226,97,792.71,446.94,49.70,95.25,1,1,1.0
226,117,693.89,424.77,86.60,136.33,1,1,1.0
226,153,649.64,317.33,32.05,79.76,1,1,1.0
226,183,799.53,404.55,80.23,51.70,1,1,1.0
226,195,491.27,104.09,125.67,236.00,1,1,1.0
226,208,879.03,339.30,70.60,87.10,1,1,1.0
226,231,1389.57,-0.00,78.84,48.93,1,1,1.0
226,242,11.23,40.90,18.15,25.75,1,1,1.0
226,254,630.50,211.77,34.33,50.88,1,1,1.0
226,258,60.21,-0.00,18.50,28.67,1,1,1.0
226,259,32.74,0.00,25.75,13.58,1,1,1.0
227,2,1420.86,19.40,88.30,130.53,1,1,1.0
227,47,985.54,336.74,97.54,171.70,1,1,1.0
227,81,839.60,453.81,48.87,67.59,1,1,1.0
227,97,795.28,447.90,49.44,93.91,1,1,1.0
227,117,696.61,424.43,87.74,137.37,1,1,1.0
227,153,653.26,317.80,31.33,77.34,1,1,1.0
227,183,801.04,404.47,81.02,51.45,1,1,1.0
227,195,499.04,106.08,125.43,236.44,1,1,1.0
227,208,881.16,339.90,71.31,88.55,1,1,1.0
227,231,1394.60,0.00,74.74,50.18,1,1,1.0
227,242,8.17,39.44,21.00,27.67,1,1,1.0
227,254,633.87,210.77,33.97,52.80,1,1,1.0
227,258,60.47,1.12,15.20,29.25,1,1,1.0
228,2,1422.70,23.27,87.75,127.73,1,1,1.0
228,47,988.66,337.30,97.02,171.51,1,1,1.0
228,81,844.62,454.27,47.78,68.18,1,1,1.0
228,97,797.78,448.02,49.08,95.81,1,1,1.0
228,117,700.39,425.95,88.28,136.60,1,1,1.0
228,153,658.05,324.85,34.95,69.81,1,1,1.0
228,183,803.46,404.55,81.05,52.12,1,1,1.0
228,195,507.75,105.81,123.15,236.73,1,1,1.0
228,208,885.47,340.62,68.58,88.32,1,1,1.0
228,231,1398.27,-0.00,76.77,53.98,1,1,1.0
228,242,7.20,39.33,20.56,27.56,1,1,1.0
228,258,59.86,0.80,15.33,29.60,1,1,1.0
228,260,76.63,-0.00,24.05,24.32,1,1,1.0
229,2,1423.68,24.11,87.09,128.28,1,1,1.0
229,47,990.76,338.32,97.86,171.44,1,1,1.0
229,81,844.22,455.88,48.93,70.49,1,1,1.0
229,97,799.69,450.60,48.82,90.76,1,1,1.0
229,117,704.03,428.38,87.18,134.99,1,1,1.0
229,153,662.85,316.50,32.95,82.39,1,1,1.0
229,183,806.65,406.10,96.87,51.11,1,1,1.0
229,195,515.18,110.26,122.19,235.07,1,1,1.0
229,208,884.89,341.32,70.72,87.93,1,1,1.0
229,231,1402.75,0.00,75.47,56.22,1,1,1.0
229,242,2.36,38.78,21.06,28.98,1,1,1.0
229,261,503.29,212.51,28.91,52.40,1,1,1.0
230,2,1425.39,28.33,88.48,127.27,1,1,1.0
230,47,993.55,341.02,96.37,171.03,1,1,1.0
230,81,848.08,457.99,46.71,67.54,1,1,1.0
230,97,801.88,452.39,49.27,93.61,1,1,1.0
230,117,708.47,430.92,85.12,135.27,1,1,1.0
230,153,667.94,332.91,31.52,67.53,1,1,1.0
230,183,807.94,409.42,79.14,48.77,1,1,1.0
230,195,522.88,111.58,118.27,239.74,1,1,1.0
230,208,888.08,344.78,70.34,86.09,1,1,1.0
230,231,1400.28,-0.00,82.32,63.79,1,1,1.0
230,242,1.47,40.09,18.84,28.25,1,1,1.0
230,262,51.93,0.11,17.89,32.08,1,1,1.0
230,263,26.86,74.76,19.38,21.79,1,1,1.0
230,264,71.87,0.00,23.30,21.68,1,1,1.0
231,2,1429.94,50.72,82.81,118.49,1,1,1.0
231,47,998.09,353.60,95.26,170.03,1,1,1.0
231,81,850.39,467.64,49.87,67.63,1,1,1.0
231,97,807.46,461.47,49.80,91.99,1,1,1.0
231,117,714.27,442.51,85.73,132.14,1,1,1.0
231,153,678.63,340.01,32.64,77.69,1,1,1.0
231,183,815.13,416.77,77.21,53.08,1,1,1.0
231,195,538.07,122.38,122.64,244.63,1,1,1.0
231,208,900.82,354.34,63.97,89.20,1,1,1.0
231,231,1409.78,0.00,76.20,80.04,1,1,1.0
231,242,0.18,42.44,17.16,27.04,1,1,1.0
231,262,48.48,4.99,17.40,30.04,1,1,1.0
231,264,65.60,0.00,24.98,24.20,1,1,1.0
231,265,751.02,304.34,52.69,46.34,1,1,1.0
231,266,943.56,35.52,13.56,24.26,1,1,1.0
232,2,1430.71,55.59,84.03,120.96,1,1,1.0
232,47,1001.23,357.62,93.94,170.02,1,1,1.0
232,81,855.17,473.50,48.29,66.74,1,1,1.0
232,97,811.30,468.17,49.25,93.86,1,1,1.0
232,117,716.72,449.28,86.70,132.61,1,1,1.0
232,153,682.88,342.23,32.07,79.44,1,1,1.0
232,183,819.73,420.80,76.06,54.52,1,1,1.0
232,195,545.04,135.27,118.20,238.97,1,1,1.0
232,208,905.08,360.09,62.70,89.46,1,1,1.0
232,231,1409.81,0.15,81.23,91.61,1,1,1.0
232,242,0.11,44.05,15.04,29.25,1,1,1.0
232,262,46.52,4.87,16.21,31.51,1,1,1.0
232,264,63.68,0.00,24.35,26.01,1,1,1.0
232,267,524.37,224.97,39.78,67.96,1,1,1.0
232,268,307.23,64.81,17.05,29.44,1,1,1.0
233,2,1431.96,70.18,83.53,114.16,1,1,1.0
233,47,1004.29,364.71,94.00,169.17,1,1,1.0
233,81,858.32,478.95,47.76,70.62,1,1,1.0
233,97,815.06,473.76,47.53,90.86,1,1,1.0
233,117,721.02,454.66,86.12,131.85,1,1,1.0
233,153,687.98,354.42,34.73,77.34,1,1,1.0
233,183,820.81,432.15,77.38,49.45,1,1,1.0
233,195,549.84,143.28,121.37,240.64,1,1,1.0
233,208,901.56,367.92,67.43,87.26,1,1,1.0
233,231,1411.82,0.00,81.87,101.95,1,1,1.0
233,242,0.11,45.50,13.04,26.43,1,1,1.0
233,262,45.09,8.33,16.06,28.97,1,1,1.0
233,267,531.73,234.03,39.50,66.82,1,1,1.0
234,2,1432.25,78.47,85.43,109.42,1,1,1.0
234,47,1006.27,369.10,93.23,168.23,1,1,1.0
234,81,859.15,483.06,48.06,68.56,1,1,1.0
234,97,816.77,478.74,47.83,91.51,1,1,1.0
234,117,723.78,459.54,85.24,131.75,1,1,1.0
234,153,694.80,358.22,31.14,79.65,1,1,1.0
234,183,822.96,435.45,77.21,50.01,1,1,1.0
234,195,558.50,149.51,122.24,242.44,1,1,1.0
234,208,902.11,375.01,69.41,84.19,1,1,1.0
234,242,0.04,45.63,12.59,26.65,1,1,1.0
234,262,44.02,10.20,15.11,28.31,1,1,1.0
234,267,536.19,237.82,41.10,71.13,1,1,1.0
235,2,1432.36,83.59,84.72,107.94,1,1,1.0
235,47,1007.10,372.11,93.32,169.41,1,1,1.0
235,81,860.43,486.93,47.24,69.81,1,1,1.0
235,97,817.82,482.29,47.38,87.39,1,1,1.0
235,117,725.75,463.73,85.70,131.84,1,1,1.0
235,153,697.24,360.38,30.09,78.81,1,1,1.0
235,183,824.37,441.83,78.31,45.92,1,1,1.0
235,195,563.57,155.40,120.97,242.41,1,1,1.0
235,208,901.91,380.79,70.96,82.23,1,1,1.0
235,262,41.37,9.65,15.52,28.15,1,1,1.0
235,267,540.31,242.08,39.47,70.68,1,1,1.0
235,269,1419.66,-0.00,79.48,117.06,1,1,1.0
235,270,51.66,-0.00,28.02,26.98,1,1,1.0
236,2,1430.57,94.96,83.07,107.74,1,1,1.0
236,47,1007.46,381.91,93.79,169.10,1,1,1.0
236,81,859.96,494.60,47.80,64.50,1,1,1.0
236,97,819.27,489.07,47.31,84.64,1,1,1.0
236,117,728.20,471.83,84.58,132.51,1,1,1.0
236,183,825.15,448.26,79.68,48.12,1,1,1.0
236,195,568.38,174.16,122.63,234.95,1,1,1.0
236,208,902.78,390.89,69.92,81.71,1,1,1.0
236,262,34.83,9.92,17.80,28.25,1,1,1.0
236,267,543.40,252.59,42.92,69.91,1,1,1.0
236,269,1420.74,0.40,77.11,129.64,1,1,1.0
236,270,44.74,0.00,29.38,29.49,1,1,1.0
236,271,1637.09,0.00,21.70,33.48,1,1,1.0
237,2,1432.75,111.32,80.19,96.49,1,1,1.0
237,47,1006.86,384.95,93.85,170.00,1,1,1.0
237,81,858.49,496.85,49.09,67.66,1,1,1.0
237,97,818.77,493.62,47.08,87.72,1,1,1.0
237,117,727.02,475.62,85.99,132.90,1,1,1.0
237,183,824.38,451.56,77.46,48.46,1,1,1.0
237,195,570.53,176.64,119.31,237.35,1,1,1.0
237,208,902.47,395.50,69.95,79.66,1,1,1.0
237,262,32.80,9.27,17.24,29.08,1,1,1.0
237,269,1420.53,1.37,78.07,133.79,1,1,1.0
237,272,182.96,9.94,16.48,26.55,1,1,1.0
238,2,1430.59,113.38,82.24,98.92,1,1,1.0
238,47,1006.71,387.50,93.71,169.78,1,1,1.0
238,81,859.80,501.79,47.16,62.89,1,1,1.0
238,97,816.87,495.85,47.51,87.74,1,1,1.0
238,117,727.95,479.23,83.45,131.25,1,1,1.0
238,183,823.95,456.50,100.44,45.19,1,1,1.0
238,195,570.11,179.94,119.22,241.21,1,1,1.0
238,208,901.24,399.98,70.32,79.10,1,1,1.0
238,262,31.15,10.20,15.66,28.75,1,1,1.0
238,269,1420.57,5.22,77.86,134.40,1,1,1.0
239,2,1428.28,114.70,82.94,100.13,1,1,1.0
239,47,1003.67,389.68,94.52,169.97,1,1,1.0
239,81,857.57,503.73,48.01,65.63,1,1,1.0
239,97,814.92,496.98,47.99,88.52,1,1,1.0
239,117,725.40,480.85,84.10,131.29,1,1,1.0
239,183,822.45,458.78,111.97,45.86,1,1,1.0
239,195,568.38,183.70,118.57,240.83,1,1,1.0
239,208,899.72,401.81,69.20,78.13,1,1,1.0
239,262,28.79,13.59,15.56,26.88,1,1,1.0
239,269,1418.83,7.28,77.81,140.17,1,1,1.0
240,2,1426.28,119.89,78.81,96.91,1,1,1.0
240,47,1001.14,392.01,94.87,167.54,1,1,1.0
240,81,857.77,504.94,46.00,63.48,1,1,1.0
240,97,812.59,499.49,48.49,89.29,1,1,1.0
240,117,723.00,482.06,84.59,131.93,1,1,1.0
240,183,821.54,460.00,84.10,46.84,1,1,1.0
240,195,567.60,186.49,118.39,240.26,1,1,1.0
240,208,899.10,403.64,68.32,78.31,1,1,1.0
240,262,24.97,11.51,14.69,26.57,1,1,1.0
240,269,1414.64,8.70,78.79,139.97,1,1,1.0
240,273,34.47,-0.00,26.73,25.63,1,1,1.0
241,2,1420.87,121.08,79.42,96.44,1,1,1.0
241,47,996.11,393.75,95.96,169.07,1,1,1.0
241,81,848.69,503.42,49.99,72.57,1,1,1.0
241,97,808.84,500.13,49.21,84.57,1,1,1.0
241,117,720.16,483.61,84.10,131.71,1,1,1.0
241,183,818.16,459.69,94.51,45.17,1,1,1.0
241,195,564.87,208.10,118.94,220.80,1,1,1.0
241,208,896.54,406.30,67.83,78.44,1,1,1.0
241,269,1408.33,7.22,82.33,146.16,1,1,1.0
241,273,23.03,0.00,32.87,24.86,1,1,1.0
242,2,1417.42,113.76,80.12,103.93,1,1,1.0
242,47,994.46,392.87,96.25,168.20,1,1,1.0
242,81,847.92,503.64,47.66,71.80,1,1,1.0
242,97,806.12,500.06,49.25,85.18,1,1,1.0
242,117,717.60,482.64,85.15,131.62,1,1,1.0
242,183,817.82,459.23,78.28,46.31,1,1,1.0
242,195,562.93,194.48,120.45,234.41,1,1,1.0
242,208,893.29,405.31,68.24,78.84,1,1,1.0
242,269,1407.13,9.30,78.48,143.51,1,1,1.0
242,273,29.03,0.00,23.66,21.67,1,1,1.0
242,274,15.90,9.58,16.10,30.07,1,1,1.0
242,275,534.86,268.65,42.54,69.80,1,1,1.0
242,276,16.14,0.00,26.91,28.98,1,1,1.0
243,2,1415.79,117.80,80.90,99.71,1,1,1.0
243,47,992.08,390.57,96.31,169.78,1,1,1.0
243,81,846.32,502.04,47.95,71.19,1,1,1.0
243,97,803.42,498.22,49.17,87.43,1,1,1.0
243,117,715.58,481.45,85.16,131.34,1,1,1.0
243,183,816.74,458.15,103.05,46.71,1,1,1.0
243,195,560.93,191.02,120.45,235.62,1,1,1.0
243,208,890.53,404.81,69.01,77.29,1,1,1.0
243,269,1405.80,8.74,78.11,143.12,1,1,1.0
243,273,19.30,0.00,30.12,22.09,1,1,1.0
243,274,14.25,12.84,15.35,27.33,1,1,1.0
243,275,533.14,266.82,43.44,69.14,1,1,1.0
244,2,1412.17,110.07,83.66,106.09,1,1,1.0
244,47,989.80,389.16,96.64,171.18,1,1,1.0
244,81,845.10,501.01,47.24,67.68,1,1,1.0
244,97,801.81,496.86,48.33,89.59,1,1,1.0
244,117,714.59,480.59,84.06,131.19,1,1,1.0
244,183,809.57,458.45,97.78,43.90,1,1,1.0
244,195,558.88,186.38,117.88,238.11,1,1,1.0
244,208,889.29,403.75,67.36,76.46,1,1,1.0
244,269,1403.18,10.37,78.22,139.60,1,1,1.0
244,274,11.01,9.37,15.22,28.86,1,1,1.0
244,275,531.84,266.26,42.55,66.17,1,1,1.0
245,2,1409.75,106.42,83.49,108.47,1,1,1.0
245,47,986.36,388.23,96.36,169.91,1,1,1.0
245,81,843.61,499.82,46.41,70.19,1,1,1.0
245,97,799.83,494.98,47.37,94.05,1,1,1.0
245,117,711.18,478.74,83.83,131.97,1,1,1.0
245,183,807.88,457.37,89.86,44.48,1,1,1.0
245,195,556.35,187.60,115.74,233.94,1,1,1.0
245,208,885.75,401.86,67.67,76.49,1,1,1.0
245,269,1399.08,8.37,79.12,137.15,1,1,1.0
245,275,529.27,263.70,40.64,67.65,1,1,1.0
245,277,14.55,-0.00,29.61,24.01,1,1,1.0
245,278,1612.19,1.58,18.82,45.03,1,1,1.0
246,2,1403.26,104.85,79.77,106.10,1,1,1.0
246,47,981.43,386.49,95.36,171.31,1,1,1.0
246,81,835.49,496.86,48.86,70.04,1,1,1.0
246,97,795.31,493.04,48.72,87.71,1,1,1.0
246,117,706.17,476.62,84.44,131.66,1,1,1.0
246,183,801.81,451.95,80.11,47.13,1,1,1.0
246,195,551.12,179.24,116.66,238.07,1,1,1.0
246,208,882.05,396.50,66.19,78.27,1,1,1.0
246,269,1392.57,4.17,75.44,140.37,1,1,1.0
246,275,523.29,259.60,42.01,68.67,1,1,1.0
246,279,0.67,2.70,17.29,32.85,1,1,1.0
247,2,1398.83,105.36,82.77,105.26,1,1,1.0
247,47,979.46,385.05,93.63,169.78,1,1,1.0
247,81,833.63,495.70,47.38,66.52,1,1,1.0
247,97,793.13,490.96,47.27,86.59,1,1,1.0
247,117,704.06,475.33,84.45,130.60,1,1,1.0
247,183,799.66,451.11,77.21,47.74,1,1,1.0
247,195,548.86,178.00,115.72,236.67,1,1,1.0
247,208,877.60,393.76,68.49,79.65,1,1,1.0
247,275,519.49,257.73,42.45,68.98,1,1,1.0
247,279,0.08,7.40,14.78,27.82,1,1,1.0
247,280,4.41,0.00,31.44,21.42,1,1,1.0
248,2,1396.04,105.09,85.95,104.10,1,1,1.0
248,47,977.92,383.93,93.47,170.36,1,1,1.0
248,81,831.21,494.60,48.13,65.87,1,1,1.0
248,97,790.15,490.50,48.44,86.64,1,1,1.0
248,117,701.45,474.00,84.03,131.11,1,1,1.0
248,183,797.34,449.58,79.88,47.64,1,1,1.0
248,195,547.57,176.90,113.87,236.19,1,1,1.0
248,208,875.02,393.87,68.69,80.79,1,1,1.0
248,275,517.56,257.48,42.94,67.39,1,1,1.0
248,279,-0.00,2.97,12.12,31.67,1,1,1.0
248,281,675.31,373.55,32.21,75.75,1,1,1.0
249,2,1394.38,105.72,82.95,104.38,1,1,1.0
249,47,976.41,384.52,93.17,169.76,1,1,1.0
249,81,829.34,494.62,48.11,67.07,1,1,1.0
249,97,788.85,490.28,47.45,85.68,1,1,1.0
249,117,699.35,473.53,84.76,131.58,1,1,1.0
249,183,794.36,449.32,79.37,47.63,1,1,1.0
249,195,545.86,180.11,113.05,232.49,1,1,1.0
249,208,874.05,393.00,67.72,80.03,1,1,1.0
249,275,515.85,257.45,43.51,67.67,1,1,1.0
249,281,672.88,372.05,31.55,77.23,1,1,1.0
249,282,1595.90,2.07,17.39,40.73,1,1,1.0
249,283,145.56,7.23,15.69,23.65,1,1,1.0
249,284,1384.90,8.05,77.82,135.36,1,1,1.0
250,2,1393.25,106.46,80.37,102.82,1,1,1.0
250,47,973.21,384.71,94.23,170.76,1,1,1.0
250,81,827.99,494.81,48.72,69.12,1,1,1.0
250,97,786.16,490.15,47.40,85.87,1,1,1.0
250,117,697.28,472.86,84.13,132.08,1,1,1.0
250,183,791.87,449.56,80.87,47.36,1,1,1.0
250,195,543.62,185.73,113.20,226.77,1,1,1.0
250,208,870.79,392.41,68.64,80.74,1,1,1.0
250,275,513.16,257.13,43.60,68.14,1,1,1.0
250,281,670.78,372.58,29.21,76.67,1,1,1.0
250,285,0.73,-0.00,26.25,20.84,1,1,1.0
251,2,1386.67,106.37,81.30,103.75,1,1,1.0
251,47,967.09,383.63,94.96,170.18,1,1,1.0
251,81,822.24,495.44,48.45,63.90,1,1,1.0
251,97,780.76,490.64,48.88,89.58,1,1,1.0
251,117,691.98,474.36,83.88,130.22,1,1,1.0
251,183,787.69,449.96,78.19,47.70,1,1,1.0
251,195,536.89,179.22,116.59,233.18,1,1,1.0
251,208,869.70,392.98,65.02,80.60,1,1,1.0
251,275,509.01,256.69,41.25,69.56,1,1,1.0
251,281,665.25,374.83,30.64,72.53,1,1,1.0
251,286,1376.14,6.34,73.78,135.22,1,1,1.0
252,2,1381.54,107.75,84.83,103.42,1,1,1.0
252,47,964.61,384.14,95.23,169.39,1,1,1.0
252,81,818.70,495.06,47.95,68.80,1,1,1.0
252,97,777.89,489.20,48.03,88.91,1,1,1.0
252,117,688.69,473.61,84.84,131.04,1,1,1.0
252,195,532.12,177.49,117.81,235.64,1,1,1.0
252,208,862.69,392.10,69.11,83.53,1,1,1.0
252,275,504.41,255.83,41.86,67.73,1,1,1.0
252,286,1372.63,5.55,77.83,138.76,1,1,1.0
253,2,1378.88,105.58,84.86,104.03,1,1,1.0
253,47,962.00,383.78,95.60,168.37,1,1,1.0
253,81,816.99,494.43,47.05,66.17,1,1,1.0
253,97,774.91,489.95,48.18,87.59,1,1,1.0
253,117,686.11,473.64,84.05,131.31,1,1,1.0
253,195,528.93,178.97,114.96,234.21,1,1,1.0
253,208,861.39,392.63,67.33,80.63,1,1,1.0
253,275,502.30,257.23,42.87,68.31,1,1,1.0
253,286,1368.37,6.29,77.23,135.04,1,1,1.0
254,2,1376.93,108.37,82.21,101.56,1,1,1.0
254,47,960.17,384.44,94.44,168.10,1,1,1.0
254,81,815.11,493.63,47.61,68.32,1,1,1.0
254,97,772.91,489.65,47.76,86.20,1,1,1.0
254,117,683.74,472.83,84.37,131.77,1,1,1.0
254,195,526.15,178.47,115.95,234.12,1,1,1.0
254,208,858.67,392.07,67.34,80.06,1,1,1.0
254,275,500.05,256.72,42.09,69.60,1,1,1.0
254,286,1365.64,6.53,76.41,133.97,1,1,1.0
254,287,778.46,449.14,81.61,47.62,1,1,1.0
255,2,1375.36,110.12,82.14,99.70,1,1,1.0
255,47,957.61,384.05,94.43,168.76,1,1,1.0
255,81,814.10,493.87,47.03,68.15,1,1,1.0
255,97,770.80,489.08,47.68,85.85,1,1,1.0
255,117,681.60,472.19,83.68,132.26,1,1,1.0
255,195,522.69,176.88,118.63,235.17,1,1,1.0
255,208,855.60,391.62,67.92,82.20,1,1,1.0
255,286,1362.74,4.38,77.42,136.87,1,1,1.0
255,287,777.04,449.18,79.15,47.59,1,1,1.0
256,2,1370.88,108.12,82.17,100.78,1,1,1.0
256,47,953.89,383.57,94.29,166.56,1,1,1.0
256,81,810.45,493.41,47.48,69.54,1,1,1.0
256,97,767.05,488.66,48.42,91.60,1,1,1.0
256,117,677.84,472.16,83.38,131.38,1,1,1.0
256,195,519.01,175.94,119.28,233.65,1,1,1.0
256,208,853.49,390.51,66.99,82.35,1,1,1.0
256,286,1359.09,4.80,77.78,135.53,1,1,1.0
256,287,773.35,449.34,81.69,47.56,1,1,1.0
256,288,492.60,253.57,43.03,70.65,1,1,1.0
256,289,1825.65,2.83,94.28,219.74,1,1,1.0
257,2,1368.96,107.86,83.05,101.05,1,1,1.0
257,47,951.81,383.06,93.25,168.56,1,1,1.0
257,81,805.39,492.93,49.26,69.67,1,1,1.0
257,97,764.27,487.70,49.34,87.34,1,1,1.0
257,117,675.79,472.36,84.06,130.19,1,1,1.0
257,195,518.22,176.17,117.76,234.07,1,1,1.0
257,208,851.41,390.11,66.54,82.01,1,1,1.0
257,286,1357.11,5.50,77.59,135.22,1,1,1.0
257,287,771.65,449.45,79.33,47.24,1,1,1.0
257,288,489.61,252.61,41.59,71.73,1,1,1.0
257,289,1831.05,2.11,88.54,214.61,1,1,1.0
257,290,648.76,374.80,29.89,72.12,1,1,1.0
258,2,1367.36,106.52,83.53,102.40,1,1,1.0
258,47,950.33,382.71,93.32,168.86,1,1,1.0
258,81,802.95,493.40,48.66,68.10,1,1,1.0
258,97,763.23,488.16,47.34,89.10,1,1,1.0
258,117,673.99,472.23,84.37,129.33,1,1,1.0
258,195,516.93,176.31,116.02,233.47,1,1,1.0
258,208,848.40,388.84,67.81,81.37,1,1,1.0
258,286,1354.86,7.13,76.28,132.65,1,1,1.0
258,287,770.64,449.47,84.58,47.57,1,1,1.0
258,288,487.37,253.02,42.93,70.46,1,1,1.0
258,289,1829.28,0.38,90.54,221.15,1,1,1.0
258,291,1566.05,2.23,17.08,41.45,1,1,1.0
259,2,1365.30,106.63,83.36,101.55,1,1,1.0
259,47,948.27,382.55,93.04,168.22,1,1,1.0
259,81,800.55,492.83,49.17,68.20,1,1,1.0
259,97,761.11,487.88,47.92,87.05,1,1,1.0
259,117,671.03,471.65,84.48,130.23,1,1,1.0
259,195,514.17,181.75,114.54,228.16,1,1,1.0
259,208,844.14,388.63,69.94,83.82,1,1,1.0
259,287,768.04,449.47,84.97,45.99,1,1,1.0
259,288,486.59,253.31,42.43,69.63,1,1,1.0
259,292,693.71,438.08,61.71,35.94,1,1,1.0
260,2,1363.44,107.27,81.89,102.18,1,1,1.0
260,47,946.40,382.65,93.72,167.62,1,1,1.0
260,81,798.37,492.58,49.59,69.03,1,1,1.0
260,97,759.55,487.32,46.64,84.47,1,1,1.0
260,117,668.92,470.66,85.19,131.45,1,1,1.0
260,195,511.58,177.96,114.23,231.53,1,1,1.0
260,208,843.34,388.88,68.29,79.35,1,1,1.0
260,287,765.04,448.79,83.15,46.82,1,1,1.0
260,288,484.75,252.48,42.99,71.40,1,1,1.0
260,293,639.92,369.05,31.32,76.52,1,1,1.0
261,2,1358.70,110.55,79.36,97.15,1,1,1.0
261,47,941.75,382.26,94.43,168.35,1,1,1.0
261,81,797.04,493.77,47.08,63.75,1,1,1.0
261,97,754.58,489.73,47.69,88.32,1,1,1.0
261,117,662.92,471.93,85.62,129.94,1,1,1.0
261,195,504.21,175.11,118.72,234.44,1,1,1.0
261,208,838.85,388.71,69.47,84.25,1,1,1.0
261,287,758.21,448.83,82.22,46.62,1,1,1.0
261,288,479.96,252.27,41.77,70.61,1,1,1.0
261,293,636.05,371.53,31.19,74.59,1,1,1.0
261,294,1345.26,5.12,73.78,134.07,1,1,1.0
261,295,1805.51,2.42,114.42,234.76,1,1,1.0
262,2,1355.75,108.54,78.78,100.90,1,1,1.0
262,47,939.95,383.07,93.95,166.70,1,1,1.0
262,81,794.67,493.47,48.46,64.40,1,1,1.0
262,97,751.93,488.53,48.79,90.13,1,1,1.0
262,117,661.37,472.49,84.84,130.02,1,1,1.0
262,195,502.65,173.12,117.70,236.71,1,1,1.0
262,208,838.36,389.92,67.94,83.91,1,1,1.0
262,287,758.30,449.21,83.11,47.57,1,1,1.0
262,288,476.35,251.80,41.81,71.77,1,1,1.0
262,294,1343.44,4.87,74.22,135.56,1,1,1.0
262,295,1807.75,0.87,112.16,233.15,1,1,1.0
263,2,1353.89,108.80,82.68,100.75,1,1,1.0
263,47,937.53,382.78,93.69,168.72,1,1,1.0
263,81,791.35,494.17,48.80,63.90,1,1,1.0
263,97,749.87,489.43,49.30,88.86,1,1,1.0
263,117,659.61,472.79,85.73,129.57,1,1,1.0
263,195,499.31,173.44,116.62,236.88,1,1,1.0
263,208,838.25,390.12,65.87,82.38,1,1,1.0
263,287,756.67,449.57,80.24,47.00,1,1,1.0
263,288,474.09,252.12,41.95,71.79,1,1,1.0
263,294,1340.84,3.68,77.85,137.65,1,1,1.0
263,295,1811.63,4.47,108.12,223.33,1,1,1.0
264,2,1351.25,107.52,82.20,101.60,1,1,1.0
264,47,936.23,382.71,93.50,168.64,1,1,1.0
264,81,789.32,493.31,47.77,66.79,1,1,1.0
264,97,748.22,488.98,48.40,86.62,1,1,1.0
264,117,657.82,472.72,85.82,128.94,1,1,1.0
264,195,497.62,176.93,114.19,233.15,1,1,1.0
264,208,834.22,389.10,67.42,83.44,1,1,1.0
264,287,755.35,448.87,78.80,47.59,1,1,1.0
264,288,472.09,252.42,43.41,70.33,1,1,1.0
264,294,1339.35,5.00,77.32,135.87,1,1,1.0
264,295,1806.99,0.00,112.96,237.49,1,1,1.0
265,2,1350.24,107.53,81.10,101.95,1,1,1.0
265,47,934.74,382.79,92.86,168.90,1,1,1.0
265,81,789.08,494.57,46.40,64.45,1,1,1.0
265,97,745.82,489.51,48.37,91.68,1,1,1.0
265,117,655.96,472.91,85.07,129.32,1,1,1.0
265,195,496.20,175.77,113.85,234.60,1,1,1.0
265,208,830.53,389.29,69.20,82.85,1,1,1.0
265,287,751.83,448.98,80.66,47.65,1,1,1.0
265,288,470.84,251.99,42.48,71.86,1,1,1.0
265,294,1337.00,4.99,76.83,136.65,1,1,1.0
265,295,1802.02,0.11,117.88,237.43,1,1,1.0
266,2,1348.06,117.10,79.24,92.53,1,1,1.0
266,47,930.25,383.42,93.70,167.39,1,1,1.0
266,81,784.67,493.28,47.92,67.57,1,1,1.0
266,97,741.51,489.34,48.79,93.66,1,1,1.0
266,117,652.60,471.80,84.06,131.79,1,1,1.0
266,195,490.54,173.36,116.29,236.83,1,1,1.0
266,208,830.25,389.97,65.43,83.46,1,1,1.0
266,287,748.18,448.75,81.98,47.59,1,1,1.0
266,288,465.67,252.98,41.78,70.86,1,1,1.0
266,294,1332.39,5.23,76.11,135.74,1,1,1.0
266,295,1797.50,0.00,122.50,233.69,1,1,1.0
267,2,1345.11,111.93,78.42,97.37,1,1,1.0
267,47,928.64,383.46,92.89,168.31,1,1,1.0
267,81,783.43,493.89,47.62,67.98,1,1,1.0
267,97,739.97,489.40,48.05,92.20,1,1,1.0
267,117,649.91,472.09,84.58,131.57,1,1,1.0
267,195,488.26,173.83,116.33,235.97,1,1,1.0
267,208,824.31,389.66,68.84,84.09,1,1,1.0
267,287,746.05,449.11,79.68,47.15,1,1,1.0
267,288,463.97,252.61,39.56,71.23,1,1,1.0
267,294,1331.21,4.88,75.89,136.17,1,1,1.0
267,295,1793.18,0.00,126.81,237.08,1,1,1.0
267,296,620.42,376.62,32.09,70.91,1,1,1.0
268,2,1344.69,112.97,78.50,95.72,1,1,1.0
268,47,926.54,382.35,94.35,168.23,1,1,1.0
268,81,783.84,494.62,45.70,67.20,1,1,1.0
268,97,738.66,489.43,48.16,91.19,1,1,1.0
268,117,648.03,472.43,84.61,131.87,1,1,1.0
268,195,487.35,176.32,114.86,233.85,1,1,1.0
268,208,823.47,389.00,69.44,84.93,1,1,1.0
268,287,743.96,448.90,81.93,47.54,1,1,1.0
268,288,460.05,251.47,41.16,70.72,1,1,1.0
268,294,1330.58,4.29,74.08,136.34,1,1,1.0
268,295,1789.61,0.00,130.36,227.64,1,1,1.0
269,2,1340.93,109.96,80.12,100.01,1,1,1.0
269,47,923.99,382.79,94.29,167.53,1,1,1.0
269,81,781.03,494.38,46.44,74.27,1,1,1.0
269,97,736.77,487.73,48.08,91.48,1,1,1.0
269,117,645.57,472.46,85.13,131.41,1,1,1.0
269,195,485.15,183.64,113.89,226.21,1,1,1.0
269,208,822.75,388.98,67.57,85.13,1,1,1.0
269,287,743.06,449.12,79.96,48.15,1,1,1.0
269,288,457.72,251.71,41.86,70.23,1,1,1.0
269,294,1328.53,6.02,75.91,136.53,1,1,1.0
269,295,1791.60,0.00,128.39,230.65,1,1,1.0
270,2,1340.48,112.04,78.66,97.68,1,1,1.0
270,47,922.30,382.53,92.96,168.60,1,1,1.0
270,81,775.66,493.24,48.24,67.94,1,1,1.0
270,97,734.12,487.47,48.83,86.73,1,1,1.0
270,117,643.11,472.37,85.93,130.77,1,1,1.0
270,195,482.65,187.59,114.23,221.60,1,1,1.0
270,208,823.90,388.99,63.93,82.55,1,1,1.0
270,287,741.72,449.44,79.46,47.38,1,1,1.0
270,288,455.98,251.00,42.42,70.45,1,1,1.0
270,295,1796.39,1.25,123.47,223.50,1,1,1.0
271,2,1336.84,109.48,78.33,100.66,1,1,1.0
271,47,918.47,382.20,91.83,168.96,1,1,1.0
271,81,770.17,493.83,49.84,68.82,1,1,1.0
271,97,730.21,489.24,47.66,86.08,1,1,1.0
271,117,637.92,470.49,86.07,133.61,1,1,1.0
271,195,472.06,179.09,121.49,230.64,1,1,1.0
271,208,814.84,387.12,69.05,86.74,1,1,1.0
271,287,735.37,448.81,84.61,47.81,1,1,1.0
271,295,1789.39,1.80,130.46,223.28,1,1,1.0
271,297,1320.25,4.80,73.40,134.15,1,1,1.0
271,298,659.99,438.35,64.53,34.97,1,1,1.0
271,299,1783.44,899.86,132.36,92.85,1,1,1.0
272,2,1335.05,116.03,76.98,93.96,1,1,1.0
272,47,916.20,381.67,93.85,167.88,1,1,1.0
272,81,768.56,492.65,48.90,65.49,1,1,1.0
272,97,726.93,488.76,48.73,92.24,1,1,1.0
272,117,635.58,470.76,85.63,132.70,1,1,1.0
272,195,470.53,176.93,116.81,232.33,1,1,1.0
272,208,814.83,387.58,66.95,84.50,1,1,1.0
272,287,733.39,448.58,84.43,47.23,1,1,1.0
272,295,1783.02,2.01,136.84,224.70,1,1,1.0
272,297,1317.48,5.17,76.57,131.39,1,1,1.0
273,2,1333.99,118.04,72.44,91.29,1,1,1.0
273,47,914.60,381.65,94.12,168.66,1,1,1.0
273,81,767.43,492.74,49.50,69.29,1,1,1.0
273,97,725.30,489.07,47.80,88.42,1,1,1.0
273,117,633.48,471.72,85.17,130.79,1,1,1.0
273,195,468.51,158.62,119.31,249.78,1,1,1.0
273,208,812.38,388.25,67.17,82.81,1,1,1.0
273,287,731.15,448.79,81.33,46.40,1,1,1.0
273,295,1784.28,2.24,135.53,223.62,1,1,1.0
273,297,1316.36,6.57,74.30,130.81,1,1,1.0
273,300,444.18,250.41,41.53,69.03,1,1,1.0
273,301,1781.95,899.99,129.44,91.62,1,1,1.0
273,302,602.73,381.74,32.74,66.17,1,1,1.0
274,2,1331.94,119.52,75.53,89.87,1,1,1.0
274,47,912.84,381.81,94.69,168.99,1,1,1.0
274,81,767.02,493.77,47.60,67.02,1,1,1.0
274,97,723.67,490.01,48.39,91.71,1,1,1.0
274,117,631.85,471.82,85.70,132.09,1,1,1.0
274,195,469.06,214.05,112.95,193.64,1,1,1.0
274,208,810.05,388.46,67.93,83.38,1,1,1.0
274,287,729.94,449.22,79.12,46.07,1,1,1.0
274,295,1781.99,2.75,137.85,224.39,1,1,1.0
274,297,1314.54,4.77,76.24,134.95,1,1,1.0
274,300,441.74,250.79,42.21,70.07,1,1,1.0
275,2,1329.77,117.95,73.77,92.51,1,1,1.0
275,47,911.02,382.02,94.84,168.46,1,1,1.0
275,81,765.36,494.28,48.80,73.22,1,1,1.0
275,97,723.01,489.72,47.72,92.58,1,1,1.0
275,117,630.17,471.98,85.90,131.99,1,1,1.0
275,195,467.23,170.31,112.01,238.19,1,1,1.0
275,208,807.09,388.24,69.98,86.70,1,1,1.0
275,287,728.72,449.31,80.49,47.43,1,1,1.0
275,295,1782.10,2.70,137.82,223.67,1,1,1.0
275,297,1311.65,2.17,79.66,135.95,1,1,1.0
275,300,440.39,250.65,41.42,70.53,1,1,1.0
276,2,1327.18,116.96,74.21,93.42,1,1,1.0
276,47,907.76,382.18,94.36,168.40,1,1,1.0
276,81,760.79,493.69,48.82,63.69,1,1,1.0
276,97,719.32,489.45,49.21,89.29,1,1,1.0
276,117,626.90,472.06,87.27,131.03,1,1,1.0
276,195,462.65,164.79,113.91,243.48,1,1,1.0
276,208,807.78,388.65,66.45,82.07,1,1,1.0
276,287,727.23,449.57,78.03,46.64,1,1,1.0
276,295,1782.24,1.06,137.76,229.53,1,1,1.0
276,297,1309.86,5.67,78.87,135.04,1,1,1.0
276,300,437.95,251.26,41.11,68.82,1,1,1.0
277,2,1324.91,110.99,77.12,99.06,1,1,1.0
277,47,906.52,381.80,94.70,168.73,1,1,1.0
277,81,759.80,492.15,48.49,67.53,1,1,1.0
277,97,717.70,489.00,48.81,88.64,1,1,1.0
277,117,625.88,471.48,86.95,131.22,1,1,1.0
277,195,460.22,168.71,115.43,239.08,1,1,1.0
277,208,811.51,388.64,61.68,81.23,1,1,1.0
277,287,724.72,449.93,81.46,44.93,1,1,1.0
277,295,1783.59,1.48,136.05,229.99,1,1,1.0
277,297,1308.53,3.98,79.27,136.55,1,1,1.0
277,300,436.25,250.46,39.32,70.48,1,1,1.0
277,303,1773.37,897.82,132.67,94.41,1,1,1.0
278,2,1322.56,111.15,79.11,97.50,1,1,1.0
278,47,905.95,381.88,94.19,168.54,1,1,1.0
278,81,758.39,492.03,48.59,68.53,1,1,1.0
278,97,716.42,487.97,48.29,89.49,1,1,1.0
278,117,624.54,470.52,87.18,131.94,1,1,1.0
278,195,459.40,171.33,117.37,235.80,1,1,1.0
278,208,801.74,386.30,69.67,84.20,1,1,1.0
278,287,723.52,449.10,82.35,45.73,1,1,1.0
278,295,1782.13,1.26,137.87,227.80,1,1,1.0
278,297,1307.65,3.67,79.15,136.82,1,1,1.0
278,300,435.20,250.56,37.87,68.56,1,1,1.0
278,303,1771.36,897.63,134.82,93.02,1,1,1.0
279,2,1322.75,110.95,79.81,98.42,1,1,1.0
279,47,904.76,381.37,94.58,168.40,1,1,1.0
279,81,758.29,493.14,46.58,63.88,1,1,1.0
279,97,715.54,489.22,48.41,88.30,1,1,1.0
279,117,623.06,469.44,87.29,133.00,1,1,1.0
279,195,457.43,174.17,116.01,232.26,1,1,1.0
279,208,803.19,386.89,67.04,84.43,1,1,1.0
279,287,721.83,449.10,81.90,45.20,1,1,1.0
279,295,1781.71,2.18,137.32,226.53,1,1,1.0
279,297,1306.93,3.54,78.72,137.14,1,1,1.0
279,300,433.93,250.41,37.76,67.71,1,1,1.0
279,303,1770.00,897.38,135.06,93.09,1,1,1.0
279,304,591.83,372.48,31.13,74.53,1,1,1.0
280,2,1320.85,110.57,79.75,98.14,1,1,1.0
280,47,903.76,381.01,94.26,169.15,1,1,1.0
280,81,757.01,492.55,47.90,67.71,1,1,1.0
280,97,715.21,486.58,47.88,90.22,1,1,1.0
280,117,622.60,468.98,86.52,133.83,1,1,1.0
280,195,456.98,180.93,114.67,224.94,1,1,1.0
280,208,809.29,386.73,60.35,84.28,1,1,1.0
280,287,719.50,449.31,80.91,45.62,1,1,1.0
280,295,1776.98,1.38,143.02,226.22,1,1,1.0
280,297,1305.87,3.97,79.36,136.28,1,1,1.0
280,300,430.47,249.41,40.36,68.97,1,1,1.0
280,303,1768.55,897.22,135.49,93.10,1,1,1.0
280,304,591.00,375.68,32.09,71.38,1,1,1.0
281,2,1319.75,110.93,79.26,97.50,1,1,1.0
281,47,901.17,379.93,95.17,169.23,1,1,1.0
281,81,754.34,490.55,48.23,67.72,1,1,1.0
281,97,712.55,488.16,48.13,88.41,1,1,1.0
281,117,619.58,469.17,86.39,134.61,1,1,1.0
281,195,453.75,199.67,114.82,206.04,1,1,1.0
281,208,812.01,385.48,55.57,84.54,1,1,1.0
281,287,717.30,447.82,82.13,47.83,1,1,1.0
281,295,1769.30,0.95,150.13,230.99,1,1,1.0
281,297,1303.87,3.66,76.58,136.76,1,1,1.0
281,300,427.93,250.75,40.72,67.06,1,1,1.0
281,304,589.26,375.22,32.47,74.31,1,1,1.0
282,2,1319.34,106.41,78.85,101.27,1,1,1.0
282,47,900.97,379.51,94.89,168.64,1,1,1.0
282,81,754.06,491.71,48.10,65.20,1,1,1.0
282,97,712.25,487.23,47.76,90.38,1,1,1.0
282,117,618.48,468.88,86.36,132.87,1,1,1.0
282,195,453.24,177.95,118.70,226.99,1,1,1.0
282,208,812.22,385.32,54.45,84.19,1,1,1.0
282,287,718.00,448.55,82.96,45.82,1,1,1.0
282,295,1769.15,0.64,150.27,231.93,1,1,1.0
282,297,1304.54,3.64,76.34,134.11,1,1,1.0
282,300,427.59,248.68,41.05,67.85,1,1,1.0
283,2,1319.40,104.59,78.37,101.65,1,1,1.0
283,47,900.45,378.74,95.24,168.66,1,1,1.0
283,81,753.38,491.00,48.28,66.44,1,1,1.0
283,97,711.75,486.45,47.38,92.55,1,1,1.0
283,117,618.20,468.45,86.41,132.41,1,1,1.0
283,195,451.65,161.77,121.06,242.18,1,1,1.0
283,208,809.58,383.91,56.56,84.17,1,1,1.0
283,287,717.07,446.97,80.04,45.15,1,1,1.0
283,295,1767.17,0.62,151.32,230.51,1,1,1.0
283,297,1303.77,1.64,74.41,131.09,1,1,1.0
283,300,426.48,247.59,41.87,67.93,1,1,1.0
284,2,1319.24,99.34,80.45,105.68,1,1,1.0
284,47,900.34,377.98,95.86,169.06,1,1,1.0
284,81,753.24,491.51,48.84,67.17,1,1,1.0
284,97,711.43,485.29,47.46,92.05,1,1,1.0
284,117,618.07,467.89,86.42,131.49,1,1,1.0
284,195,452.07,168.91,119.64,233.83,1,1,1.0
284,208,799.92,383.86,65.66,83.35,1,1,1.0
284,287,718.15,446.60,80.31,45.27,1,1,1.0
284,295,1767.40,0.69,151.13,229.03,1,1,1.0
284,297,1304.56,1.29,73.34,129.34,1,1,1.0
284,300,426.38,245.41,42.15,68.16,1,1,1.0
284,305,1766.16,895.43,135.42,94.03,1,1,1.0
285,2,1319.01,97.30,78.98,106.96,1,1,1.0
285,47,900.11,377.16,95.17,169.02,1,1,1.0
285,81,753.34,491.01,48.45,67.61,1,1,1.0
285,97,711.11,484.96,47.71,92.66,1,1,1.0
285,117,617.16,466.77,87.15,133.46,1,1,1.0
285,195,452.58,166.38,119.57,235.69,1,1,1.0
285,208,799.88,381.84,65.49,85.04,1,1,1.0
285,287,717.00,445.14,78.26,45.58,1,1,1.0
285,295,1765.56,0.44,153.12,228.94,1,1,1.0
285,297,1304.55,0.54,72.40,128.34,1,1,1.0
285,300,426.43,243.99,41.91,67.97,1,1,1.0
285,305,1766.13,895.33,135.17,93.04,1,1,1.0
286,2,1318.30,94.88,80.26,108.10,1,1,1.0
286,47,899.81,376.16,95.78,169.70,1,1,1.0
286,81,753.72,488.34,47.79,70.44,1,1,1.0
286,97,710.53,483.93,48.21,92.91,1,1,1.0
286,117,617.26,465.80,87.31,132.89,1,1,1.0
286,195,453.20,165.55,120.17,235.10,1,1,1.0
286,208,798.72,381.53,67.05,85.69,1,1,1.0
286,287,717.38,444.39,77.79,46.12,1,1,1.0
286,295,1765.61,0.15,152.33,228.72,1,1,1.0
286,297,1305.08,0.05,74.62,127.13,1,1,1.0
286,300,426.27,242.38,42.44,69.08,1,1,1.0
287,2,1317.98,96.90,81.56,105.92,1,1,1.0
287,47,899.86,375.88,95.96,170.14,1,1,1.0
287,81,753.71,488.25,47.75,70.71,1,1,1.0
287,97,710.41,483.49,48.19,92.37,1,1,1.0
287,117,617.31,465.78,87.42,132.61,1,1,1.0
287,195,454.20,189.00,118.88,211.04,1,1,1.0
287,208,798.16,381.92,67.49,84.88,1,1,1.0
287,287,717.71,444.35,77.16,46.33,1,1,1.0
287,295,1765.64,0.62,152.19,230.71,1,1,1.0
287,297,1306.40,-0.00,74.96,127.74,1,1,1.0
287,300,426.24,242.11,42.65,68.91,1,1,1.0
287,306,1766.04,894.51,136.34,93.24,1,1,1.0
288,2,1318.28,95.07,83.08,107.70,1,1,1.0
288,47,900.34,375.53,95.84,170.98,1,1,1.0
288,81,753.48,489.85,48.41,67.30,1,1,1.0
288,97,710.87,483.00,48.01,92.09,1,1,1.0
288,117,618.05,465.61,87.15,132.92,1,1,1.0
288,195,455.97,178.73,118.69,221.57,1,1,1.0
288,208,798.84,382.14,67.61,84.73,1,1,1.0
288,287,717.24,443.81,78.02,45.76,1,1,1.0
288,295,1765.59,0.69,152.25,229.40,1,1,1.0
288,297,1308.24,0.00,75.17,128.28,1,1,1.0
288,300,426.53,241.16,42.88,70.18,1,1,1.0
288,306,1767.10,894.21,135.75,93.59,1,1,1.0
288,307,588.80,362.09,32.17,78.59,1,1,1.0
289,2,1317.73,94.31,84.47,107.65,1,1,1.0
289,47,900.60,375.23,96.52,171.15,1,1,1.0
289,81,753.66,488.81,48.37,66.96,1,1,1.0
289,97,711.87,483.39,47.56,93.00,1,1,1.0
289,117,618.45,465.58,87.15,133.04,1,1,1.0
289,195,456.48,169.60,120.10,230.61,1,1,1.0
289,208,801.67,381.74,66.29,84.84,1,1,1.0
289,287,718.20,444.33,77.70,46.12,1,1,1.0
289,295,1765.03,0.95,152.21,231.14,1,1,1.0
289,297,1310.01,-0.00,75.63,127.64,1,1,1.0
289,300,427.38,240.54,42.89,70.31,1,1,1.0
289,306,1767.76,894.99,135.47,92.80,1,1,1.0
289,307,590.17,358.54,30.97,84.43,1,1,1.0
290,2,1320.17,95.94,82.39,105.72,1,1,1.0
290,47,901.54,375.57,96.61,170.45,1,1,1.0
290,81,755.07,489.45,47.42,66.83,1,1,1.0
290,97,711.80,484.91,48.68,89.21,1,1,1.0
290,117,619.95,465.31,86.75,133.14,1,1,1.0
290,195,457.31,158.99,120.21,241.15,1,1,1.0
290,208,807.47,382.02,61.41,84.33,1,1,1.0
290,287,719.41,444.36,78.42,45.81,1,1,1.0
290,295,1764.32,0.98,152.81,227.63,1,1,1.0
290,297,1311.93,0.00,79.13,129.36,1,1,1.0
290,300,428.51,241.00,43.32,69.55,1,1,1.0
290,306,1768.98,894.97,135.76,92.34,1,1,1.0
290,307,591.32,359.76,30.87,86.79,1,1,1.0
291,2,1323.86,93.41,81.51,109.39,1,1,1.0
291,47,904.62,376.19,95.87,169.16,1,1,1.0
291,81,758.21,490.68,46.57,69.34,1,1,1.0
291,97,715.19,484.11,47.89,85.34,1,1,1.0
291,117,622.35,466.40,87.35,131.72,1,1,1.0
291,195,462.01,154.55,126.91,246.61,1,1,1.0
291,208,814.69,383.32,57.59,84.90,1,1,1.0
291,287,721.40,444.66,77.54,44.92,1,1,1.0
291,295,1763.92,0.65,154.63,227.81,1,1,1.0
291,300,434.36,240.14,43.21,70.05,1,1,1.0
291,308,646.09,433.96,63.16,36.58,1,1,1.0
292,2,1325.00,94.54,82.68,108.40,1,1,1.0
292,47,905.13,376.32,95.35,168.94,1,1,1.0
292,81,759.77,490.72,45.08,65.55,1,1,1.0
292,97,716.09,484.82,48.17,87.15,1,1,1.0
292,117,623.56,466.45,86.78,131.89,1,1,1.0
292,195,464.27,155.33,127.05,244.48,1,1,1.0
292,208,813.50,384.03,59.25,83.49,1,1,1.0
292,287,724.10,444.55,75.50,47.54,1,1,1.0
292,295,1766.65,0.59,150.97,227.22,1,1,1.0
292,300,434.68,242.63,44.88,68.79,1,1,1.0
293,2,1327.13,90.70,80.76,110.93,1,1,1.0
293,47,906.28,375.60,96.04,169.27,1,1,1.0
293,81,759.65,489.43,45.99,68.29,1,1,1.0
293,97,716.27,484.89,49.98,84.54,1,1,1.0
293,117,624.30,465.94,86.74,132.46,1,1,1.0
293,195,466.50,155.08,127.14,244.80,1,1,1.0
293,208,811.26,385.27,62.58,81.91,1,1,1.0
293,287,723.36,443.98,76.92,45.98,1,1,1.0
293,295,1768.89,1.58,147.07,226.28,1,1,1.0
293,300,435.84,239.75,45.00,70.72,1,1,1.0
293,309,982.29,286.80,25.23,60.61,1,1,1.0
293,310,1525.58,0.06,21.00,37.76,1,1,1.0
294,2,1327.02,88.52,82.34,113.10,1,1,1.0
294,47,906.57,375.13,95.78,169.63,1,1,1.0
294,81,759.77,489.62,46.83,67.13,1,1,1.0
294,97,716.55,484.68,50.00,84.87,1,1,1.0
294,117,624.55,465.96,86.68,132.53,1,1,1.0
294,195,467.08,155.57,126.93,244.29,1,1,1.0
294,208,811.67,385.22,62.24,82.02,1,1,1.0
294,287,723.65,443.71,77.48,46.22,1,1,1.0
294,295,1764.69,1.57,151.70,227.10,1,1,1.0
294,300,436.03,239.94,45.53,70.33,1,1,1.0
294,310,1525.55,0.02,21.46,37.22,1,1,1.0
295,2,1327.10,90.15,82.57,111.62,1,1,1.0
295,47,906.74,375.65,95.73,169.16,1,1,1.0
295,81,759.78,489.54,46.72,68.30,1,1,1.0
295,97,716.75,484.81,49.77,84.96,1,1,1.0
295,117,624.43,466.22,87.10,132.43,1,1,1.0
295,195,467.12,154.83,126.92,245.22,1,1,1.0
295,208,808.63,385.39,65.42,81.88,1,1,1.0
295,287,723.42,444.01,77.86,45.95,1,1,1.0
295,295,1760.77,0.44,155.95,229.88,1,1,1.0
295,300,436.31,239.94,45.74,70.42,1,1,1.0
295,310,1525.87,0.00,21.39,37.18,1,1,1.0
296,2,1327.03,89.52,83.44,111.62,1,1,1.0
296,47,906.57,374.65,95.76,169.73,1,1,1.0
296,81,760.09,489.25,44.98,68.03,1,1,1.0
296,97,716.04,484.81,50.03,84.66,1,1,1.0
296,117,624.14,465.58,86.67,132.28,1,1,1.0
296,195,467.52,156.34,125.54,242.89,1,1,1.0
296,208,806.79,385.32,67.36,81.82,1,1,1.0
296,287,722.97,443.89,79.98,45.22,1,1,1.0
296,295,1757.27,1.47,156.64,229.27,1,1,1.0
296,300,435.87,238.10,46.67,71.63,1,1,1.0
296,310,1526.17,0.06,20.41,36.69,1,1,1.0
297,2,1326.48,84.53,84.22,115.76,1,1,1.0
297,47,906.10,373.71,95.93,170.14,1,1,1.0
297,81,760.01,488.73,45.20,69.78,1,1,1.0
297,97,715.33,483.93,49.65,88.32,1,1,1.0
297,117,624.04,464.49,86.42,132.51,1,1,1.0
297,195,466.87,153.98,126.17,244.06,1,1,1.0
297,208,805.56,384.72,67.97,80.92,1,1,1.0
297,287,723.11,443.06,77.92,45.44,1,1,1.0
297,295,1753.37,1.13,161.99,232.40,1,1,1.0
297,300,435.30,236.99,46.61,71.96,1,1,1.0
297,310,1526.25,0.04,20.63,35.32,1,1,1.0
298,2,1326.40,85.14,83.91,114.48,1,1,1.0
298,47,906.25,372.68,95.79,170.45,1,1,1.0
298,81,760.24,487.37,45.04,68.36,1,1,1.0
298,97,715.23,483.18,49.58,86.16,1,1,1.0
298,117,624.05,463.65,86.43,132.66,1,1,1.0
298,195,466.36,153.45,126.33,243.57,1,1,1.0
298,208,806.76,384.04,66.67,81.47,1,1,1.0
298,287,722.70,443.48,78.67,44.35,1,1,1.0
298,295,1752.47,1.44,160.47,230.90,1,1,1.0
298,300,434.36,236.55,46.81,71.67,1,1,1.0
298,310,1526.07,0.00,20.64,33.55,1,1,1.0
299,2,1326.34,85.13,84.75,113.54,1,1,1.0
299,47,905.96,372.28,95.94,170.85,1,1,1.0
299,81,760.72,487.04,44.86,67.00,1,1,1.0
299,97,715.14,482.98,48.64,87.09,1,1,1.0
299,117,623.60,463.20,86.88,132.90,1,1,1.0
299,195,466.62,151.12,126.13,245.14,1,1,1.0
299,208,806.91,383.57,66.40,81.02,1,1,1.0
299,287,722.61,442.63,79.76,45.14,1,1,1.0
299,295,1750.76,1.30,162.18,233.98,1,1,1.0
299,300,433.35,236.40,47.17,70.92,1,1,1.0
299,310,1526.00,0.00,20.74,33.25,1,1,1.0
300,2,1326.50,84.67,84.75,114.08,1,1,1.0
300,47,906.00,372.06,95.90,171.21,1,1,1.0
300,81,760.69,487.23,44.57,68.40,1,1,1.0
300,97,715.02,482.80,48.74,87.68,1,1,1.0
300,117,623.39,462.83,87.11,133.06,1,1,1.0
300,195,466.63,149.70,126.30,245.93,1,1,1.0
300,208,807.47,383.37,65.79,81.10,1,1,1.0
300,287,720.60,442.55,81.89,45.03,1,1,1.0
300,295,1748.83,1.27,164.42,233.86,1,1,1.0
300,300,433.35,236.33,47.34,71.25,1,1,1.0
300,310,1525.95,0.00,20.66,33.21,1,1,1.0
301,2,1326.69,84.28,85.11,114.57,1,1,1.0
301,47,906.43,372.20,95.51,170.84,1,1,1.0
301,81,759.80,487.38,45.91,69.58,1,1,1.0
301,97,714.90,483.03,48.97,87.75,1,1,1.0
301,117,624.35,463.31,86.50,132.95,1,1,1.0
301,195,466.94,149.88,126.09,246.02,1,1,1.0
301,208,806.32,384.05,66.76,82.09,1,1,1.0
301,287,723.59,442.74,77.24,44.15,1,1,1.0
301,295,1749.60,1.99,163.72,224.26,1,1,1.0
301,300,433.49,235.92,48.09,72.08,1,1,1.0
301,310,1526.00,0.00,20.80,32.85,1,1,1.0
301,311,1323.02,0.00,80.59,123.85,1,1,1.0
301,312,1773.41,893.64,134.71,91.56,1,1,1.0
302,2,1327.12,82.69,84.31,116.25,1,1,1.0
302,47,906.47,372.35,95.87,170.75,1,1,1.0
302,81,760.06,487.79,45.76,68.73,1,1,1.0
302,97,715.49,483.53,49.65,86.67,1,1,1.0
302,117,624.57,463.97,86.97,132.58,1,1,1.0
302,195,467.66,149.86,126.33,246.96,1,1,1.0
302,208,804.25,384.42,69.06,82.05,1,1,1.0
302,287,723.66,442.81,76.82,44.58,1,1,1.0
302,295,1751.86,0.90,161.84,226.15,1,1,1.0
302,300,435.05,236.59,48.01,71.32,1,1,1.0
302,310,1526.52,0.00,20.05,33.00,1,1,1.0
302,311,1324.17,-0.00,80.52,124.79,1,1,1.0
303,2,1328.18,81.61,83.05,118.08,1,1,1.0
303,47,906.99,372.99,95.71,170.30,1,1,1.0
303,81,760.16,488.08,45.66,69.05,1,1,1.0
303,97,716.07,483.95,49.78,86.89,1,1,1.0
303,117,625.23,464.77,86.75,132.34,1,1,1.0
303,195,468.84,150.91,126.64,246.79,1,1,1.0
303,208,804.27,385.27,69.44,82.23,1,1,1.0
303,287,724.47,442.13,76.51,46.65,1,1,1.0
303,295,1751.38,0.88,162.07,227.92,1,1,1.0
303,300,435.70,235.76,48.53,72.48,1,1,1.0
303,311,1325.31,0.00,76.47,126.81,1,1,1.0
304,2,1329.42,83.54,82.29,115.77,1,1,1.0
304,47,908.59,373.36,96.13,169.92,1,1,1.0
304,81,760.80,488.22,46.87,67.11,1,1,1.0
304,97,717.07,482.91,48.88,87.29,1,1,1.0
304,117,625.86,464.91,87.35,132.93,1,1,1.0
304,195,470.18,150.33,125.55,247.61,1,1,1.0
304,208,807.89,384.42,67.17,81.50,1,1,1.0
304,287,726.20,442.54,74.51,45.97,1,1,1.0
304,295,1749.52,1.68,163.04,224.77,1,1,1.0
304,300,437.68,236.31,48.21,71.98,1,1,1.0
304,311,1327.27,0.00,75.45,126.59,1,1,1.0
305,2,1329.96,84.45,82.21,115.40,1,1,1.0
305,47,909.28,373.35,96.49,169.69,1,1,1.0
305,81,761.34,487.75,47.74,70.09,1,1,1.0
305,97,717.68,483.30,50.11,88.67,1,1,1.0
305,117,627.31,464.71,86.41,133.02,1,1,1.0
305,195,471.53,151.70,127.75,246.09,1,1,1.0
305,208,806.81,384.01,69.06,81.61,1,1,1.0
305,287,727.09,443.03,75.96,45.69,1,1,1.0
305,295,1751.05,0.73,162.72,229.11,1,1,1.0
305,300,439.07,236.28,48.19,71.50,1,1,1.0
305,311,1329.08,-0.00,77.38,128.02,1,1,1.0
306,2,1333.91,80.73,80.21,117.68,1,1,1.0
306,47,912.22,371.27,96.54,170.60,1,1,1.0
306,81,765.23,486.86,49.13,68.23,1,1,1.0
306,97,721.78,482.26,49.51,90.43,1,1,1.0
306,117,631.31,462.25,86.98,133.40,1,1,1.0
306,195,478.05,153.56,128.07,241.63,1,1,1.0
306,208,808.95,383.68,69.82,80.27,1,1,1.0
306,287,729.87,440.66,78.05,46.53,1,1,1.0
306,295,1750.61,0.88,163.44,227.81,1,1,1.0
306,311,1333.86,0.00,77.07,125.41,1,1,1.0
307,2,1335.92,81.49,80.20,116.36,1,1,1.0
307,47,914.57,371.30,95.22,170.21,1,1,1.0
307,81,767.87,485.73,49.25,67.59,1,1,1.0
307,97,724.40,481.45,48.55,88.24,1,1,1.0
307,117,634.25,462.61,86.76,132.58,1,1,1.0
307,195,481.53,151.54,128.62,242.86,1,1,1.0
307,208,810.53,382.95,69.67,80.16,1,1,1.0
307,287,731.88,439.82,78.15,47.57,1,1,1.0
307,295,1749.92,0.94,164.44,227.33,1,1,1.0
307,311,1335.88,-0.00,78.78,124.50,1,1,1.0
307,313,1783.30,892.31,131.80,93.15,1,1,1.0
307,314,447.02,235.59,51.45,71.37,1,1,1.0
307,315,1532.89,0.00,20.15,34.02,1,1,1.0
307,316,1781.24,892.64,134.75,89.81,1,1,1.0
308,2,1337.60,80.02,81.68,118.21,1,1,1.0
308,47,918.02,371.64,95.04,168.96,1,1,1.0
308,81,769.91,485.25,48.36,67.68,1,1,1.0
308,97,728.04,480.73,48.45,85.93,1,1,1.0
308,117,637.39,461.75,87.42,133.02,1,1,1.0
308,195,487.31,152.19,127.66,242.33,1,1,1.0
308,208,813.66,383.64,70.08,79.57,1,1,1.0
308,287,733.45,440.09,79.69,46.23,1,1,1.0
308,295,1750.20,1.02,163.61,227.41,1,1,1.0
308,311,1340.16,0.00,76.00,123.90,1,1,1.0
308,313,1785.83,889.81,129.95,93.92,1,1,1.0
308,314,452.02,235.67,49.95,69.68,1,1,1.0
308,315,1535.06,0.00,20.77,34.53,1,1,1.0
309,2,1339.05,78.62,83.93,119.93,1,1,1.0
309,47,920.34,372.15,94.78,168.86,1,1,1.0
309,81,775.60,487.48,44.35,62.84,1,1,1.0
309,97,730.52,481.61,48.70,88.55,1,1,1.0
309,117,640.80,461.93,86.30,132.93,1,1,1.0
309,195,492.33,154.22,127.16,240.00,1,1,1.0
309,208,819.27,384.02,66.76,78.08,1,1,1.0
309,287,736.06,441.14,80.40,45.69,1,1,1.0
309,295,1751.02,1.03,162.48,226.40,1,1,1.0
309,311,1344.57,0.00,74.42,123.81,1,1,1.0
309,313,1789.03,890.08,128.65,91.06,1,1,1.0
309,314,455.97,235.17,51.79,70.26,1,1,1.0
310,2,1341.97,77.74,83.04,121.24,1,1,1.0
310,47,923.23,372.48,95.32,169.61,1,1,1.0
310,81,776.26,486.78,46.52,66.58,1,1,1.0
310,97,732.80,482.38,49.33,85.85,1,1,1.0
310,117,644.51,462.94,86.43,132.73,1,1,1.0
310,195,497.66,157.62,126.26,238.09,1,1,1.0
310,208,822.32,387.46,66.18,77.36,1,1,1.0
310,287,740.91,440.64,78.70,46.10,1,1,1.0
310,295,1750.89,1.03,162.97,225.68,1,1,1.0
310,311,1346.92,0.00,76.48,124.38,1,1,1.0
310,313,1790.64,890.97,129.36,91.92,1,1,1.0
310,314,461.08,236.44,52.71,71.29,1,1,1.0
311,2,1345.61,84.24,81.80,120.37,1,1,1.0
311,47,927.07,378.15,95.74,167.14,1,1,1.0
311,81,781.67,488.87,46.96,70.83,1,1,1.0
311,97,737.98,485.94,48.62,87.86,1,1,1.0
311,117,648.27,466.63,86.81,132.52,1,1,1.0
311,195,503.62,162.06,127.51,239.46,1,1,1.0
311,208,825.68,397.69,67.29,69.76,1,1,1.0
311,287,745.62,445.17,78.50,46.57,1,1,1.0
311,295,1749.49,1.79,162.04,223.58,1,1,1.0
311,311,1351.78,-0.00,75.99,132.76,1,1,1.0
311,313,1791.49,893.92,128.51,92.89,1,1,1.0
311,314,467.33,241.65,51.93,71.32,1,1,1.0
312,2,1348.09,86.82,79.94,121.00,1,1,1.0
312,47,929.84,379.96,95.37,167.09,1,1,1.0
312,81,783.46,491.74,46.71,69.47,1,1,1.0
312,97,738.62,487.99,49.58,88.75,1,1,1.0
312,117,650.95,468.62,86.69,133.28,1,1,1.0
312,195,507.90,169.90,127.28,234.31,1,1,1.0
312,208,828.67,401.36,66.72,69.74,1,1,1.0
312,287,746.44,446.77,78.84,48.25,1,1,1.0
312,295,1748.90,1.63,163.06,224.64,1,1,1.0
312,311,1354.27,0.00,75.62,136.30,1,1,1.0
312,313,1791.72,895.74,128.28,92.22,1,1,1.0
312,317,631.62,378.25,32.40,67.95,1,1,1.0
313,2,1350.20,95.92,75.95,114.78,1,1,1.0
313,47,931.01,381.38,95.25,168.77,1,1,1.0
313,81,783.70,492.94,48.00,67.28,1,1,1.0
313,97,740.16,488.69,48.53,88.83,1,1,1.0
313,117,652.15,471.45,87.35,133.17,1,1,1.0
313,195,511.37,173.14,127.14,234.95,1,1,1.0
313,208,828.89,402.06,68.06,72.59,1,1,1.0
313,287,747.61,446.98,77.87,49.36,1,1,1.0
313,295,1750.26,1.68,161.57,224.64,1,1,1.0
313,311,1356.68,1.16,75.69,140.19,1,1,1.0
313,318,472.81,248.51,54.56,70.46,1,1,1.0
313,319,704.18,332.21,31.59,45.93,1,1,1.0
313,320,676.65,437.21,55.60,35.65,1,1,1.0
314,2,1349.87,96.55,76.06,116.47,1,1,1.0
314,47,931.42,384.22,95.14,167.37,1,1,1.0
314,81,783.32,495.12,49.21,70.05,1,1,1.0
314,97,740.18,491.44,49.22,90.70,1,1,1.0
314,117,653.33,473.47,86.74,133.88,1,1,1.0
314,195,514.52,179.40,125.59,232.26,1,1,1.0
314,208,830.58,404.43,66.84,71.17,1,1,1.0
314,287,747.72,449.26,79.20,49.03,1,1,1.0
314,295,1746.75,1.47,164.41,227.85,1,1,1.0
314,311,1355.31,3.36,77.61,141.91,1,1,1.0
314,318,474.10,251.02,54.13,70.62,1,1,1.0
315,2,1350.17,97.05,77.84,118.93,1,1,1.0
315,47,931.61,385.15,96.13,168.29,1,1,1.0
315,81,784.49,497.36,47.70,68.98,1,1,1.0
315,97,741.31,494.09,48.85,89.49,1,1,1.0
315,117,654.73,476.47,86.30,132.87,1,1,1.0
315,195,516.26,181.65,124.66,233.53,1,1,1.0
315,208,832.70,406.44,65.75,70.58,1,1,1.0
315,287,748.13,451.97,78.95,48.64,1,1,1.0
315,295,1747.44,1.68,163.48,226.52,1,1,1.0
315,311,1356.74,4.72,77.25,143.90,1,1,1.0
315,318,475.90,256.56,53.81,68.26,1,1,1.0
315,321,636.05,384.36,32.25,70.09,1,1,1.0
316,2,1348.97,101.43,73.45,116.02,1,1,1.0
316,47,932.24,386.88,95.32,168.44,1,1,1.0
316,81,784.70,498.89,47.68,63.88,1,1,1.0
316,97,741.71,495.56,48.91,86.49,1,1,1.0
316,117,655.05,478.47,87.25,131.67,1,1,1.0
316,195,517.28,185.30,124.00,234.41,1,1,1.0
316,208,829.76,409.13,68.73,69.97,1,1,1.0
316,287,748.88,455.09,79.60,45.66,1,1,1.0
316,295,1747.94,1.67,164.07,226.96,1,1,1.0
316,311,1356.07,4.51,77.64,148.80,1,1,1.0
316,318,477.85,257.88,52.70,68.74,1,1,1.0
317,2,1349.49,106.34,69.63,112.71,1,1,1.0
317,47,931.79,387.65,95.54,167.56,1,1,1.0
317,81,785.42,501.04,46.65,63.03,1,1,1.0
317,97,741.56,494.83,48.38,87.11,1,1,1.0
317,117,655.01,479.15,86.99,132.16,1,1,1.0
317,195,517.29,187.07,124.18,233.70,1,1,1.0
317,208,829.54,410.51,69.43,69.46,1,1,1.0
317,287,749.27,456.41,82.44,45.26,1,1,1.0
317,295,1747.52,1.55,163.91,226.69,1,1,1.0
317,311,1353.96,4.00,77.62,150.12,1,1,1.0
317,318,477.35,259.63,52.69,68.89,1,1,1.0
318,2,1348.74,105.08,71.88,114.89,1,1,1.0
318,47,931.91,389.17,94.49,166.73,1,1,1.0
318,81,785.69,502.10,46.58,62.15,1,1,1.0
318,97,741.67,496.54,48.14,87.48,1,1,1.0
318,117,654.92,480.05,86.65,131.58,1,1,1.0
318,195,518.05,189.45,123.33,232.84,1,1,1.0
318,208,829.85,410.64,67.98,70.42,1,1,1.0
318,287,749.83,458.37,87.36,43.55,1,1,1.0
318,295,1748.25,1.64,162.42,226.86,1,1,1.0
318,311,1353.68,3.27,77.40,153.63,1,1,1.0
318,318,477.61,260.19,52.73,70.35,1,1,1.0
319,2,1347.73,104.37,75.04,117.21,1,1,1.0
319,47,931.91,390.70,94.08,166.05,1,1,1.0
319,81,784.89,502.92,47.10,64.47,1,1,1.0
319,97,742.31,499.43,47.35,87.02,1,1,1.0
319,117,655.50,480.74,86.14,131.82,1,1,1.0
319,195,518.12,189.34,123.45,234.57,1,1,1.0
319,208,829.40,412.97,68.67,68.79,1,1,1.0
319,287,753.80,458.38,85.69,45.50,1,1,1.0
319,295,1748.11,1.68,162.59,227.91,1,1,1.0
319,311,1351.91,14.21,77.60,144.44,1,1,1.0
320,2,1349.28,110.10,72.28,112.41,1,1,1.0
320,47,932.81,392.07,94.46,165.84,1,1,1.0
320,81,784.73,503.90,47.67,67.29,1,1,1.0
320,97,742.59,499.45,47.95,88.84,1,1,1.0
320,117,656.37,482.17,86.47,132.27,1,1,1.0
320,195,519.01,195.29,123.34,230.11,1,1,1.0
320,208,829.52,415.38,68.90,66.59,1,1,1.0
320,287,750.74,458.77,76.84,47.71,1,1,1.0
320,295,1749.24,1.60,162.57,227.26,1,1,1.0
320,311,1353.20,14.96,76.54,145.29,1,1,1.0
320,322,478.79,266.54,53.10,66.63,1,1,1.0
320,323,1289.16,1.50,26.04,45.37,1,1,1.0
321,2,1350.41,110.90,75.95,113.15,1,1,1.0
321,47,934.43,394.77,96.06,164.13,1,1,1.0
321,81,789.06,506.09,44.09,65.84,1,1,1.0
321,97,746.39,501.46,47.68,81.44,1,1,1.0
321,117,660.13,483.93,85.35,131.05,1,1,1.0
321,195,525.50,192.80,123.62,234.83,1,1,1.0
321,208,833.88,414.52,67.69,68.87,1,1,1.0
321,287,753.07,460.89,78.15,45.85,1,1,1.0
321,295,1751.20,1.88,162.18,225.98,1,1,1.0
321,311,1355.14,17.54,76.03,144.82,1,1,1.0
321,322,483.24,268.81,53.24,67.30,1,1,1.0
322,2,1351.59,112.23,76.64,111.82,1,1,1.0
322,47,935.96,395.28,94.61,164.59,1,1,1.0
322,81,789.70,507.15,45.79,66.23,1,1,1.0
322,97,748.15,501.62,48.12,85.55,1,1,1.0
322,117,662.07,484.80,84.53,132.17,1,1,1.0
322,195,526.68,194.19,124.56,235.29,1,1,1.0
322,208,835.84,418.93,67.08,63.98,1,1,1.0
322,287,755.77,462.38,77.43,46.14,1,1,1.0
322,295,1752.16,0.80,162.89,228.88,1,1,1.0
322,311,1358.54,16.03,76.73,148.48,1,1,1.0
322,322,486.33,269.74,52.85,68.20,1,1,1.0
323,2,1353.60,111.26,75.56,114.84,1,1,1.0
323,47,937.44,395.13,96.39,165.95,1,1,1.0
323,81,791.12,507.30,47.30,65.74,1,1,1.0
323,97,750.60,502.41,48.19,85.50,1,1,1.0
323,117,664.89,485.68,84.27,132.92,1,1,1.0
323,195,529.33,201.27,124.61,230.55,1,1,1.0
323,208,835.81,418.88,69.42,67.16,1,1,1.0
323,287,758.56,463.39,77.42,47.59,1,1,1.0
323,295,1751.46,0.84,163.75,228.87,1,1,1.0
323,311,1360.99,21.37,76.16,145.63,1,1,1.0
323,322,489.44,270.62,53.70,69.11,1,1,1.0
324,2,1354.90,113.62,75.75,114.94,1,1,1.0
324,47,940.18,397.57,95.89,164.34,1,1,1.0
324,81,793.67,508.92,47.42,67.30,1,1,1.0
324,97,752.42,504.71,48.07,85.50,1,1,1.0
324,117,666.92,487.86,85.00,132.78,1,1,1.0
324,195,533.80,204.56,125.10,229.33,1,1,1.0
324,208,838.39,414.95,69.32,73.21,1,1,1.0
324,287,758.71,464.24,78.39,47.92,1,1,1.0
324,295,1746.85,1.63,166.82,227.58,1,1,1.0
324,311,1364.21,21.14,74.83,149.31,1,1,1.0
324,322,492.74,273.11,53.86,68.97,1,1,1.0
324,324,180.18,7.29,22.88,31.66,1,1,1.0
324,325,1257.73,138.83,36.36,57.57,1,1,1.0
325,2,1358.21,115.86,72.58,114.30,1,1,1.0
325,47,942.15,399.06,94.36,164.73,1,1,1.0
325,81,798.07,511.09,44.40,67.43,1,1,1.0
325,97,754.46,507.55,47.57,84.48,1,1,1.0
325,117,669.78,490.33,85.14,131.22,1,1,1.0
325,195,538.65,206.56,123.96,229.16,1,1,1.0
325,208,840.05,418.25,69.37,73.03,1,1,1.0
325,287,760.76,465.38,77.80,48.05,1,1,1.0
325,295,1746.01,1.66,167.98,227.71,1,1,1.0
325,311,1367.50,29.38,75.92,143.23,1,1,1.0
325,322,495.35,277.14,54.58,65.70,1,1,1.0
326,2,1365.24,113.85,73.46,116.88,1,1,1.0
326,47,948.17,398.07,92.08,167.08,1,1,1.0
326,81,801.64,510.60,45.46,65.04,1,1,1.0
326,97,761.01,505.94,46.65,84.03,1,1,1.0
326,117,676.17,491.41,84.77,131.34,1,1,1.0
326,195,546.03,209.11,124.97,227.35,1,1,1.0
326,208,847.55,419.63,65.86,68.55,1,1,1.0
326,287,766.13,465.63,78.64,49.04,1,1,1.0
326,295,1750.82,1.12,165.42,229.64,1,1,1.0
326,311,1375.91,22.24,76.61,149.70,1,1,1.0
326,322,502.95,276.67,55.43,67.34,1,1,1.0
327,2,1367.99,108.74,77.18,121.58,1,1,1.0
327,47,950.80,398.71,94.53,166.62,1,1,1.0
327,81,804.77,510.59,44.42,63.24,1,1,1.0
327,97,763.80,505.69,47.22,82.83,1,1,1.0
327,117,679.66,491.14,82.94,130.97,1,1,1.0
327,195,549.66,208.01,125.01,228.37,1,1,1.0
327,208,850.43,418.79,66.65,67.93,1,1,1.0
327,287,769.67,465.30,77.33,49.45,1,1,1.0
327,295,1752.89,1.15,163.88,229.77,1,1,1.0
327,311,1380.49,23.15,75.79,148.33,1,1,1.0
327,322,506.60,276.25,55.54,67.24,1,1,1.0
327,326,1275.66,138.74,34.12,57.77,1,1,1.0
328,2,1369.31,103.81,78.58,125.39,1,1,1.0
328,47,953.59,398.67,95.08,164.03,1,1,1.0
328,81,806.58,509.13,45.98,67.58,1,1,1.0
328,97,765.38,506.60,49.02,87.77,1,1,1.0
328,117,682.39,489.17,83.12,133.19,1,1,1.0
328,195,555.88,205.20,124.93,230.44,1,1,1.0
328,208,851.84,418.26,69.36,69.76,1,1,1.0
328,287,771.26,465.03,81.25,47.39,1,1,1.0
328,295,1753.34,0.96,163.64,233.13,1,1,1.0
328,311,1385.79,24.59,77.03,143.20,1,1,1.0
328,322,510.19,276.52,56.33,65.51,1,1,1.0
328,326,1274.53,137.96,37.99,57.47,1,1,1.0
329,2,1378.07,110.63,71.19,119.09,1,1,1.0
329,47,955.68,399.11,96.84,165.26,1,1,1.0
329,81,812.78,510.76,42.92,65.59,1,1,1.0
329,97,767.86,507.81,47.76,87.67,1,1,1.0
329,117,684.72,489.43,84.42,132.58,1,1,1.0
329,195,558.51,203.28,126.19,232.12,1,1,1.0
329,208,853.55,417.42,69.33,71.19,1,1,1.0
329,287,774.31,464.68,80.78,48.04,1,1,1.0
329,295,1749.58,1.97,165.55,231.64,1,1,1.0
329,311,1392.81,33.13,72.57,136.86,1,1,1.0
329,322,513.53,274.84,56.12,68.26,1,1,1.0
329,327,176.54,61.40,16.58,27.41,1,1,1.0
329,328,185.30,8.15,20.70,31.05,1,1,1.0
329,329,190.09,-0.00,23.43,14.58,1,1,1.0
330,2,1381.86,111.62,70.95,118.67,1,1,1.0
330,47,958.85,399.08,97.05,165.85,1,1,1.0
330,81,813.84,510.79,45.40,64.46,1,1,1.0
330,97,769.91,507.61,48.42,85.06,1,1,1.0
330,117,687.42,490.61,83.66,132.22,1,1,1.0
330,195,562.61,204.79,126.55,230.78,1,1,1.0
330,208,858.41,418.06,67.06,70.00,1,1,1.0
330,287,776.16,465.58,82.36,47.90,1,1,1.0
330,295,1762.98,1.84,152.35,230.10,1,1,1.0
330,311,1395.58,31.92,75.80,140.41,1,1,1.0
330,322,516.59,275.48,56.94,68.04,1,1,1.0
330,327,176.89,61.62,16.32,27.32,1,1,1.0
330,328,185.50,10.00,20.36,29.31,1,1,1.0
330,329,191.17,-0.00,23.27,14.74,1,1,1.0
330,330,671.20,388.71,37.78,82.46,1,1,1.0
331,2,1390.28,108.96,69.16,119.34,1,1,1.0
331,47,963.84,396.91,99.94,167.34,1,1,1.0
331,81,816.34,509.10,46.32,67.19,1,1,1.0
331,97,775.38,505.03,48.16,84.70,1,1,1.0
331,117,693.91,487.95,82.78,132.72,1,1,1.0
331,195,571.29,199.98,125.81,234.05,1,1,1.0
331,208,865.02,412.09,68.03,74.38,1,1,1.0
331,287,782.69,464.67,79.45,47.14,1,1,1.0
331,295,1760.33,0.18,157.09,229.79,1,1,1.0
331,311,1404.79,25.45,76.35,141.56,1,1,1.0
331,322,523.52,274.75,59.09,66.10,1,1,1.0
331,327,177.39,61.66,16.54,27.22,1,1,1.0
331,328,185.94,8.43,21.36,30.56,1,1,1.0
331,330,681.74,392.37,31.62,74.26,1,1,1.0
331,331,1288.96,132.67,38.81,57.82,1,1,1.0
332,2,1392.99,104.09,72.28,123.10,1,1,1.0
332,47,967.74,395.17,100.05,166.84,1,1,1.0
332,81,819.54,507.08,46.01,69.50,1,1,1.0
332,97,779.20,504.65,48.31,86.02,1,1,1.0
332,117,696.59,486.07,82.15,133.79,1,1,1.0
332,195,575.34,198.97,126.83,232.89,1,1,1.0
332,208,867.44,407.00,68.56,78.35,1,1,1.0
332,287,786.74,464.10,78.16,46.69,1,1,1.0
332,295,1762.22,0.25,155.24,229.73,1,1,1.0
332,311,1409.93,22.48,77.37,143.26,1,1,1.0
332,322,526.67,273.80,61.51,66.47,1,1,1.0
332,327,177.58,61.32,17.12,27.19,1,1,1.0
332,328,187.00,7.22,20.02,31.30,1,1,1.0
332,330,684.06,393.13,35.00,76.54,1,1,1.0
332,332,197.43,79.96,19.13,26.26,1,1,1.0
333,2,1398.38,99.78,67.80,127.25,1,1,1.0
333,47,970.47,394.98,99.45,167.32,1,1,1.0
333,81,824.67,507.48,45.34,65.55,1,1,1.0
333,97,782.81,503.37,47.89,87.14,1,1,1.0
333,117,700.01,485.64,84.33,133.54,1,1,1.0
333,195,579.28,196.15,130.63,234.64,1,1,1.0
333,208,871.14,406.00,70.37,78.91,1,1,1.0
333,287,789.09,463.86,79.18,46.41,1,1,1.0
333,295,1761.29,0.24,156.56,230.23,1,1,1.0
333,311,1416.46,21.50,78.14,143.35,1,1,1.0
333,327,177.84,61.16,17.07,27.48,1,1,1.0
333,328,188.11,7.22,19.45,31.24,1,1,1.0
333,333,190.41,0.01,24.68,14.52,1,1,1.0
334,2,1400.91,96.01,70.73,129.28,1,1,1.0
334,47,976.11,394.56,97.74,167.45,1,1,1.0
334,81,829.17,506.04,45.54,67.66,1,1,1.0
334,97,786.32,502.01,47.37,91.08,1,1,1.0
334,117,705.05,485.88,84.04,131.38,1,1,1.0
334,195,587.05,194.38,127.47,235.11,1,1,1.0
334,208,874.39,404.91,71.03,80.80,1,1,1.0
334,287,793.57,463.64,82.28,45.30,1,1,1.0
334,295,1768.61,1.41,149.17,230.56,1,1,1.0
334,311,1423.40,21.64,75.31,141.07,1,1,1.0
334,327,178.52,60.45,17.60,27.93,1,1,1.0
334,328,187.18,7.62,20.99,30.63,1,1,1.0
334,333,190.73,-0.00,24.54,14.93,1,1,1.0
334,334,536.84,269.30,63.50,69.44,1,1,1.0
334,335,694.80,391.38,33.89,76.52,1,1,1.0
335,2,1404.84,94.93,71.94,130.56,1,1,1.0
335,47,979.75,395.45,98.26,165.41,1,1,1.0
335,81,831.56,507.33,45.47,64.66,1,1,1.0
335,97,791.73,502.49,46.39,87.18,1,1,1.0
335,117,709.36,484.75,82.29,133.45,1,1,1.0
335,195,592.09,191.49,129.96,237.67,1,1,1.0
335,208,880.47,398.53,68.29,87.48,1,1,1.0
335,287,798.13,463.12,80.78,47.06,1,1,1.0
335,295,1770.03,1.98,147.85,229.01,1,1,1.0
335,311,1429.83,20.43,78.23,141.75,1,1,1.0
335,328,187.60,7.72,22.71,31.58,1,1,1.0
335,334,541.57,267.08,64.25,71.75,1,1,1.0
335,335,698.13,392.51,36.59,76.60,1,1,1.0
336,2,1414.73,94.86,69.61,128.52,1,1,1.0
336,47,989.73,392.94,96.12,167.90,1,1,1.0
336,81,843.25,504.69,45.32,64.26,1,1,1.0
336,97,799.49,499.87,48.02,88.82,1,1,1.0
336,117,717.76,483.78,84.19,131.97,1,1,1.0
336,195,607.54,188.23,128.50,238.03,1,1,1.0
336,208,889.13,396.18,67.63,85.82,1,1,1.0
336,287,805.87,461.64,84.56,45.75,1,1,1.0
336,295,1769.18,1.67,148.53,229.91,1,1,1.0
336,311,1442.68,10.62,79.78,149.29,1,1,1.0
336,328,190.34,10.38,21.65,29.22,1,1,1.0
336,334,552.67,264.77,68.06,73.21,1,1,1.0
336,335,711.18,392.62,33.29,67.85,1,1,1.0
336,336,1326.21,125.72,46.73,64.20,1,1,1.0
337,2,1424.35,94.05,67.62,127.69,1,1,1.0
337,47,993.51,391.28,96.91,167.67,1,1,1.0
337,81,844.48,505.33,47.04,67.55,1,1,1.0
337,97,802.29,499.10,48.95,85.61,1,1,1.0
337,117,722.07,482.37,84.51,131.29,1,1,1.0
337,195,613.62,185.90,129.14,239.62,1,1,1.0
337,208,894.27,393.50,66.24,88.93,1,1,1.0
337,287,811.07,460.71,80.32,46.44,1,1,1.0
337,295,1768.06,1.76,149.06,227.98,1,1,1.0
337,311,1450.24,6.80,76.99,151.15,1,1,1.0
337,328,190.57,9.70,22.15,29.47,1,1,1.0
337,334,558.43,261.95,68.13,74.25,1,1,1.0
337,335,714.86,391.97,38.08,72.03,1,1,1.0
338,2,1432.84,93.56,63.59,126.01,1,1,1.0
338,47,999.09,389.02,93.85,166.34,1,1,1.0
338,81,850.50,503.17,43.80,67.75,1,1,1.0
338,97,806.88,498.08,50.40,87.58,1,1,1.0
338,117,726.73,480.27,84.61,132.06,1,1,1.0
338,195,620.45,181.40,130.16,239.83,1,1,1.0
338,208,899.20,390.91,65.69,89.15,1,1,1.0
338,287,818.83,459.12,80.27,43.33,1,1,1.0
338,295,1770.35,1.75,147.80,225.49,1,1,1.0
338,311,1456.74,8.26,76.06,146.09,1,1,1.0
338,328,190.84,6.01,22.79,32.22,1,1,1.0
338,334,564.50,258.88,70.15,71.01,1,1,1.0
338,335,722.64,388.71,34.43,70.27,1,1,1.0
338,337,1336.74,124.26,46.70,57.47,1,1,1.0
338,338,182.51,60.50,18.25,27.72,1,1,1.0
339,2,1436.85,80.10,66.04,137.95,1,1,1.0
339,47,1004.15,387.99,93.68,167.01,1,1,1.0
339,81,855.95,501.53,43.83,62.92,1,1,1.0
339,97,813.54,497.32,47.38,85.56,1,1,1.0
339,117,732.47,478.57,84.91,131.61,1,1,1.0
339,195,629.22,176.57,128.26,242.17,1,1,1.0
339,208,903.55,389.93,64.83,91.46,1,1,1.0
339,287,821.45,458.16,76.68,43.29,1,1,1.0
339,295,1770.50,1.45,147.93,225.91,1,1,1.0
339,311,1463.80,4.41,75.90,147.20,1,1,1.0
339,328,191.90,4.05,21.55,33.87,1,1,1.0
339,334,569.77,255.61,70.66,73.00,1,1,1.0
339,335,726.34,384.48,36.26,71.83,1,1,1.0
340,2,1441.42,76.94,64.58,140.90,1,1,1.0
340,47,1008.74,387.24,92.26,165.63,1,1,1.0
340,81,858.68,501.01,47.13,67.82,1,1,1.0
340,97,817.19,496.03,48.38,84.23,1,1,1.0
340,117,738.76,478.66,83.62,131.47,1,1,1.0
340,195,637.10,176.24,126.58,241.31,1,1,1.0
340,208,909.65,389.48,63.77,87.87,1,1,1.0
340,287,824.39,455.13,81.01,45.77,1,1,1.0
340,295,1769.74,1.27,149.23,226.59,1,1,1.0
340,311,1469.91,4.30,76.24,145.63,1,1,1.0
340,328,192.36,5.64,21.92,32.10,1,1,1.0
340,334,577.63,253.15,71.45,75.57,1,1,1.0
340,335,730.86,384.34,39.59,73.74,1,1,1.0
340,339,183.35,59.87,18.89,27.71,1,1,1.0
340,340,1348.94,122.52,49.37,55.40,1,1,1.0
340,341,397.88,139.32,30.31,87.33,1,1,1.0
341,2,1456.74,82.67,59.60,133.55,1,1,1.0
341,47,1016.17,386.23,94.37,166.83,1,1,1.0
341,81,867.45,499.00,45.16,59.80,1,1,1.0
341,97,826.34,493.20,48.84,89.35,1,1,1.0
341,117,747.94,477.92,84.36,129.50,1,1,1.0
341,195,649.34,173.42,129.93,240.04,1,1,1.0
341,208,916.26,388.43,66.86,87.56,1,1,1.0
341,287,834.06,451.16,77.48,48.59,1,1,1.0
341,295,1770.00,0.17,149.92,227.56,1,1,1.0
341,311,1485.59,6.97,76.53,143.21,1,1,1.0
341,328,192.98,6.36,22.08,31.63,1,1,1.0
341,334,588.78,250.88,75.78,78.15,1,1,1.0
341,335,744.66,380.69,38.21,72.96,1,1,1.0
341,339,184.05,60.10,19.07,27.81,1,1,1.0
341,341,408.84,135.46,33.45,94.45,1,1,1.0
341,342,206.80,75.89,19.50,27.46,1,1,1.0
341,343,89.93,59.32,17.60,28.00,1,1,1.0
342,2,1460.47,68.05,61.55,147.39,1,1,1.0
342,47,1021.83,384.41,93.29,167.14,1,1,1.0
342,81,874.08,496.53,44.06,63.32,1,1,1.0
342,97,830.22,491.75,48.44,89.12,1,1,1.0
342,117,753.34,476.19,83.94,129.56,1,1,1.0
342,195,657.91,171.14,128.58,239.82,1,1,1.0
342,208,922.06,387.13,65.01,85.31,1,1,1.0
342,287,836.61,449.65,79.03,48.08,1,1,1.0
342,295,1767.06,0.27,152.94,227.85,1,1,1.0
342,311,1493.09,2.52,76.04,142.40,1,1,1.0
342,328,193.97,5.58,21.53,32.23,1,1,1.0
342,334,595.56,249.76,72.95,75.58,1,1,1.0
342,335,750.94,381.80,36.53,72.10,1,1,1.0
342,339,186.30,60.28,18.85,26.76,1,1,1.0
342,341,413.07,134.04,34.42,98.50,1,1,1.0
342,342,208.06,76.08,18.13,27.26,1,1,1.0
342,343,90.36,59.04,19.01,29.12,1,1,1.0
343,2,1469.12,64.12,59.01,149.29,1,1,1.0
343,47,1028.66,382.12,93.52,166.39,1,1,1.0
343,81,876.73,494.15,45.16,62.81,1,1,1.0
343,97,835.66,487.67,48.69,86.81,1,1,1.0
343,117,758.25,471.04,83.89,131.54,1,1,1.0
343,195,666.68,169.60,126.97,238.50,1,1,1.0
343,208,926.37,383.48,66.88,86.78,1,1,1.0
343,287,842.10,447.06,104.18,49.45,1,1,1.0
343,295,1770.06,0.22,149.94,227.71,1,1,1.0
343,311,1500.19,0.29,76.43,141.46,1,1,1.0
343,334,602.24,241.41,76.30,81.21,1,1,1.0
343,335,758.16,373.72,37.79,72.61,1,1,1.0
343,339,187.66,60.85,18.19,25.36,1,1,1.0
343,341,419.70,130.09,36.17,96.96,1,1,1.0
343,342,209.32,75.92,17.04,26.79,1,1,1.0
343,343,91.58,58.04,18.76,29.04,1,1,1.0
344,2,1472.21,58.47,62.89,150.27,1,1,1.0
344,47,1032.22,379.27,93.54,165.35,1,1,1.0
344,81,881.83,491.13,45.18,63.39,1,1,1.0
344,97,841.83,486.33,48.35,88.30,1,1,1.0
344,117,764.91,469.05,85.17,129.47,1,1,1.0
344,195,674.01,163.04,128.93,240.86,1,1,1.0
344,208,933.84,379.94,64.37,88.01,1,1,1.0
344,287,850.22,445.41,77.84,45.41,1,1,1.0
344,295,1768.11,0.20,151.89,228.53,1,1,1.0
344,311,1509.49,0.49,76.55,136.53,1,1,1.0
344,334,609.04,230.73,78.30,86.48,1,1,1.0
344,335,767.63,372.80,32.76,73.17,1,1,1.0
344,339,188.34,59.40,19.04,25.99,1,1,1.0
344,341,425.25,124.60,37.72,102.89,1,1,1.0
344,342,209.25,75.94,17.89,26.54,1,1,1.0
344,344,197.27,1.41,22.81,35.95,1,1,1.0
345,2,1483.36,54.23,56.52,150.51,1,1,1.0
345,47,1038.15,375.81,93.73,165.23,1,1,1.0
345,81,888.04,487.59,45.20,63.36,1,1,1.0
345,97,845.76,483.71,48.91,86.76,1,1,1.0
345,117,771.27,465.50,82.47,129.77,1,1,1.0
345,195,682.60,156.87,128.84,243.75,1,1,1.0
345,208,939.15,376.70,66.24,87.96,1,1,1.0
345,287,854.33,442.55,105.86,45.62,1,1,1.0
345,295,1768.90,0.22,151.09,227.42,1,1,1.0
345,311,1516.58,0.69,76.03,131.29,1,1,1.0
345,334,615.37,219.32,83.48,95.07,1,1,1.0
345,335,767.53,368.38,41.03,72.42,1,1,1.0
345,339,189.53,59.26,18.77,24.93,1,1,1.0
345,341,428.94,122.21,42.69,102.90,1,1,1.0
345,345,92.55,57.71,19.98,30.44,1,1,1.0
346,2,1496.39,47.88,55.47,152.57,1,1,1.0
346,47,1048.60,371.35,94.40,162.43,1,1,1.0
346,81,897.95,482.71,44.15,63.24,1,1,1.0
346,97,857.14,477.59,48.02,88.42,1,1,1.0
346,117,781.56,459.02,85.02,130.89,1,1,1.0
346,195,701.25,147.33,127.36,243.05,1,1,1.0
346,208,948.12,371.61,67.57,85.44,1,1,1.0
346,287,864.98,434.91,108.13,50.40,1,1,1.0
346,295,1771.16,0.50,148.76,226.44,1,1,1.0
346,311,1531.63,0.00,80.00,124.02,1,1,1.0
346,334,630.27,214.13,83.87,94.47,1,1,1.0
346,339,192.12,57.46,17.82,25.72,1,1,1.0
346,341,442.65,115.01,43.69,106.18,1,1,1.0
346,345,93.97,55.91,19.88,33.15,1,1,1.0
346,346,198.74,0.41,23.16,33.69,1,1,1.0
347,2,1503.37,44.68,55.00,152.43,1,1,1.0
347,47,1055.60,368.59,93.55,165.66,1,1,1.0
347,81,903.67,478.92,44.97,67.60,1,1,1.0
347,97,860.76,474.64,49.06,90.73,1,1,1.0
347,117,787.30,455.51,83.10,130.81,1,1,1.0
347,195,709.74,142.78,126.99,242.92,1,1,1.0
347,208,954.32,368.51,67.68,87.19,1,1,1.0
347,287,867.95,433.83,98.22,48.82,1,1,1.0
347,295,1771.53,1.02,147.70,227.31,1,1,1.0
347,311,1541.97,0.00,74.16,119.01,1,1,1.0
347,334,637.83,200.68,85.16,103.05,1,1,1.0
347,339,192.89,55.90,18.62,27.16,1,1,1.0
347,341,448.45,111.35,46.36,107.69,1,1,1.0
347,345,94.49,53.45,20.76,30.63,1,1,1.0
347,346,198.73,0.43,24.67,32.66,1,1,1.0
347,347,797.17,357.29,32.70,73.27,1,1,1.0
348,2,1460.62,37.02,102.26,155.94,1,1,1.0
348,47,1060.56,366.90,91.86,162.59,1,1,1.0
348,81,907.04,478.28,44.77,64.36,1,1,1.0
348,97,868.23,474.56,46.69,86.32,1,1,1.0
348,117,794.29,453.77,81.60,130.73,1,1,1.0
348,195,719.13,140.22,125.28,241.05,1,1,1.0
348,208,959.16,366.05,67.84,87.97,1,1,1.0
348,287,877.08,431.78,83.57,46.88,1,1,1.0
348,295,1770.67,1.29,148.61,227.73,1,1,1.0
348,311,1548.28,0.00,77.92,115.53,1,1,1.0
348,334,645.68,206.10,85.03,91.77,1,1,1.0
348,339,195.04,54.49,18.67,28.46,1,1,1.0
348,341,455.15,108.43,47.55,106.83,1,1,1.0
348,345,96.32,52.95,20.51,29.98,1,1,1.0
348,346,200.58,1.00,23.93,32.42,1,1,1.0
349,2,1517.10,41.03,50.61,151.37,1,1,1.0
349,47,1065.08,364.12,92.20,165.40,1,1,1.0
349,81,911.44,475.78,45.12,67.34,1,1,1.0
349,97,873.06,471.77,47.52,87.81,1,1,1.0
349,117,798.74,450.60,83.65,133.13,1,1,1.0
349,195,726.73,139.34,124.85,238.95,1,1,1.0
349,208,964.30,363.60,66.54,89.30,1,1,1.0
349,287,881.31,429.43,100.67,47.38,1,1,1.0
349,295,1772.60,1.15,146.77,228.49,1,1,1.0
349,311,1555.50,0.00,77.35,114.04,1,1,1.0
349,334,650.85,195.83,88.14,101.39,1,1,1.0
349,339,195.81,54.53,17.77,28.50,1,1,1.0
349,341,459.69,107.38,46.14,105.63,1,1,1.0
349,346,204.02,1.23,21.98,32.10,1,1,1.0
350,47,1069.98,363.99,93.38,164.08,1,1,1.0
350,81,916.32,473.59,45.80,63.29,1,1,1.0
350,97,876.83,469.79,47.62,89.29,1,1,1.0
350,117,801.87,450.19,84.04,130.69,1,1,1.0
350,195,732.64,134.92,127.92,240.69,1,1,1.0
350,208,969.85,361.76,66.57,89.16,1,1,1.0
350,287,884.03,427.38,110.10,48.49,1,1,1.0
350,295,1771.01,0.87,148.09,229.95,1,1,1.0
350,311,1560.86,0.00,79.22,110.70,1,1,1.0
350,334,657.35,193.37,87.39,101.74,1,1,1.0
350,339,196.56,54.66,17.85,28.50,1,1,1.0
350,341,466.75,105.19,46.69,107.09,1,1,1.0
350,348,818.91,352.70,29.93,68.43,1,1,1.0
351,47,1078.36,358.90,94.80,163.50,1,1,1.0
351,81,927.33,471.40,42.23,60.88,1,1,1.0
351,97,887.21,467.41,46.85,88.71,1,1,1.0
351,117,814.06,446.78,82.94,129.75,1,1,1.0
351,195,747.64,128.32,127.39,242.87,1,1,1.0
351,208,977.34,359.63,67.49,87.54,1,1,1.0
351,287,893.59,425.18,78.25,47.03,1,1,1.0
351,295,1771.57,0.60,148.13,228.08,1,1,1.0
351,311,1574.02,-0.00,80.33,102.94,1,1,1.0
351,334,670.62,182.47,88.76,106.23,1,1,1.0
351,341,475.42,101.68,49.88,104.62,1,1,1.0
351,348,829.95,348.71,32.83,68.22,1,1,1.0
352,47,1083.51,357.51,95.52,164.30,1,1,1.0
352,81,932.74,468.81,42.57,68.25,1,1,1.0
352,97,890.73,463.81,47.47,90.23,1,1,1.0
352,117,818.58,444.58,83.58,131.09,1,1,1.0
352,195,756.52,126.94,125.27,242.50,1,1,1.0
352,208,982.31,358.27,68.03,87.35,1,1,1.0
352,287,898.32,421.32,81.42,48.86,1,1,1.0
352,295,1775.37,0.81,144.40,228.26,1,1,1.0
352,311,1580.98,0.52,81.50,101.52,1,1,1.0
352,334,676.72,183.18,91.25,103.54,1,1,1.0
352,341,481.19,98.72,51.18,104.63,1,1,1.0
352,348,835.47,350.75,34.01,63.62,1,1,1.0
352,349,101.09,52.77,18.62,28.78,1,1,1.0
353,47,1089.86,356.56,94.92,163.10,1,1,1.0
353,81,934.95,466.44,47.22,65.58,1,1,1.0
353,97,896.96,461.56,45.96,85.71,1,1,1.0
353,117,825.06,441.19,82.47,130.80,1,1,1.0
353,195,762.59,119.35,128.27,244.67,1,1,1.0
353,208,988.15,355.05,67.92,87.27,1,1,1.0
353,287,902.14,419.52,78.93,48.31,1,1,1.0
353,295,1781.49,1.11,138.04,224.89,1,1,1.0
353,311,1588.88,0.04,84.07,96.83,1,1,1.0
353,334,684.53,182.75,89.32,100.59,1,1,1.0
353,341,486.35,95.77,48.94,104.73,1,1,1.0
353,350,198.73,53.21,18.91,28.54,1,1,1.0
353,351,838.54,350.25,39.18,62.36,1,1,1.0
354,47,1093.71,353.28,94.60,164.66,1,1,1.0
354,81,938.89,465.19,44.93,63.95,1,1,1.0
354,97,901.96,459.52,45.72,92.06,1,1,1.0
354,117,828.85,438.69,82.91,132.37,1,1,1.0
354,195,770.30,116.68,128.19,244.37,1,1,1.0
354,208,992.60,353.06,66.83,88.22,1,1,1.0
354,287,907.94,418.85,83.20,46.85,1,1,1.0
354,295,1784.38,1.34,134.69,223.96,1,1,1.0
354,311,1597.85,0.68,78.76,92.61,1,1,1.0
354,334,689.44,178.79,91.27,102.27,1,1,1.0
354,341,491.60,92.71,51.24,106.12,1,1,1.0
354,350,198.98,53.20,19.11,28.97,1,1,1.0
354,352,848.23,347.95,38.60,62.60,1,1,1.0
355,47,1098.65,353.16,94.85,162.50,1,1,1.0
355,81,944.19,460.45,44.48,69.06,1,1,1.0
355,97,905.86,456.73,46.43,92.02,1,1,1.0
355,117,833.15,437.28,83.06,131.40,1,1,1.0
355,195,776.60,111.56,128.11,245.24,1,1,1.0
355,208,997.71,351.07,67.55,87.08,1,1,1.0
355,287,912.31,415.93,108.61,47.71,1,1,1.0
355,295,1783.49,1.36,136.19,224.79,1,1,1.0
355,311,1607.11,0.47,81.68,89.17,1,1,1.0
355,334,694.28,172.40,92.10,106.52,1,1,1.0
355,341,497.00,90.30,51.72,105.37,1,1,1.0
355,350,201.60,52.19,17.67,29.12,1,1,1.0
355,352,854.37,347.08,36.48,60.74,1,1,1.0
355,353,1861.90,1041.02,31.10,38.91,1,1,1.0
355,354,103.03,50.09,18.48,34.92,1,1,1.0
356,47,1105.15,343.44,96.44,164.05,1,1,1.0
356,81,954.08,455.65,43.60,68.51,1,1,1.0
356,97,916.52,451.68,44.52,89.15,1,1,1.0
356,117,843.38,427.89,83.58,133.59,1,1,1.0
356,195,790.23,102.64,129.58,242.63,1,1,1.0
356,208,1006.96,344.16,66.53,85.91,1,1,1.0
356,287,921.36,408.10,80.21,48.18,1,1,1.0
356,295,1785.34,1.20,134.35,223.65,1,1,1.0
356,311,1621.83,-0.00,80.20,76.71,1,1,1.0
356,334,707.80,166.80,89.24,100.74,1,1,1.0
356,341,504.09,81.53,54.86,105.69,1,1,1.0
356,350,202.63,50.15,17.76,29.86,1,1,1.0
356,354,104.46,48.60,18.00,33.85,1,1,1.0
357,47,1111.14,340.90,96.00,164.46,1,1,1.0
357,81,958.34,451.52,41.50,65.81,1,1,1.0
357,97,918.90,447.15,46.21,87.26,1,1,1.0
357,117,847.10,423.95,83.05,133.69,1,1,1.0
357,195,797.30,92.59,128.66,247.61,1,1,1.0
357,208,1010.49,340.12,67.46,85.93,1,1,1.0
357,287,925.06,404.83,85.12,48.95,1,1,1.0
357,295,1780.48,0.92,139.48,224.00,1,1,1.0
357,311,1622.17,0.00,86.67,70.26,1,1,1.0
357,334,711.74,158.82,90.96,104.49,1,1,1.0
357,341,507.55,76.97,54.88,106.46,1,1,1.0
357,350,202.91,49.40,17.98,29.61,1,1,1.0
357,354,105.24,48.58,17.41,34.74,1,1,1.0
357,355,1322.93,54.94,66.81,49.41,1,1,1.0
358,47,1114.08,334.87,97.14,166.34,1,1,1.0
358,81,962.00,446.57,43.75,65.01,1,1,1.0
358,97,922.27,441.77,45.64,89.53,1,1,1.0
358,117,851.14,421.21,82.99,132.65,1,1,1.0
358,195,800.64,85.11,130.80,247.59,1,1,1.0
358,208,1015.10,334.89,67.46,87.68,1,1,1.0
358,287,927.85,401.02,82.23,48.92,1,1,1.0
358,295,1781.05,0.92,138.91,222.93,1,1,1.0
358,311,1637.71,0.00,80.74,65.85,1,1,1.0
358,334,715.76,150.85,93.29,105.67,1,1,1.0
358,341,512.78,71.22,54.01,107.15,1,1,1.0
358,350,203.74,48.74,17.46,29.69,1,1,1.0
358,354,106.28,47.41,17.48,28.08,1,1,1.0
358,356,150.12,75.29,16.36,26.78,1,1,1.0
358,357,874.57,327.88,32.26,59.66,1,1,1.0
359,47,1118.91,329.72,94.08,167.54,1,1,1.0
359,81,963.87,444.20,45.92,64.00,1,1,1.0
359,97,926.79,438.79,44.45,89.37,1,1,1.0
359,117,856.03,416.70,83.82,132.65,1,1,1.0
359,195,808.28,79.44,129.56,246.93,1,1,1.0
359,208,1018.88,331.06,68.19,88.78,1,1,1.0
359,287,931.15,397.45,101.33,47.56,1,1,1.0
359,295,1784.23,0.99,135.15,220.97,1,1,1.0
359,311,1648.04,0.00,73.71,57.63,1,1,1.0
359,334,720.54,147.98,91.67,104.23,1,1,1.0
359,341,515.12,67.04,57.01,106.29,1,1,1.0
359,350,204.74,48.02,17.43,28.27,1,1,1.0
359,356,151.19,73.68,16.01,26.69,1,1,1.0
360,47,1122.11,325.04,95.34,167.71,1,1,1.0
360,81,969.96,441.87,42.32,61.08,1,1,1.0
360,97,931.28,437.60,44.84,88.98,1,1,1.0
360,117,859.57,412.54,82.95,133.25,1,1,1.0
360,195,814.74,74.34,128.15,245.97,1,1,1.0
360,208,1023.66,329.17,65.45,86.28,1,1,1.0
360,287,935.97,391.89,79.05,49.31,1,1,1.0
360,295,1783.49,2.80,136.10,220.22,1,1,1.0
360,311,1655.97,0.04,75.14,53.60,1,1,1.0
360,334,723.83,139.07,93.40,109.93,1,1,1.0
360,341,518.47,62.59,57.02,106.18,1,1,1.0
360,350,206.23,47.23,16.92,28.08,1,1,1.0
360,358,724.40,172.41,90.01,75.99,1,1,1.0
360,359,883.00,313.06,34.07,66.69,1,1,1.0
360,360,997.76,391.92,51.44,51.02,1,1,1.0
361,47,1129.08,320.29,97.21,168.42,1,1,1.0
361,81,974.99,434.27,45.03,69.15,1,1,1.0
361,97,936.42,429.03,46.42,91.80,1,1,1.0
361,117,865.56,406.44,84.03,132.01,1,1,1.0
361,195,823.58,64.09,129.31,247.76,1,1,1.0
361,208,1032.08,321.88,65.27,86.39,1,1,1.0
361,287,941.74,387.09,112.13,49.53,1,1,1.0
361,295,1781.26,3.15,138.51,221.05,1,1,1.0
361,311,1668.52,0.00,76.40,42.73,1,1,1.0
361,334,734.50,134.54,90.53,105.73,1,1,1.0
361,341,527.37,54.66,54.10,106.05,1,1,1.0
361,350,206.33,46.16,17.68,28.17,1,1,1.0
361,361,446.31,22.20,13.99,23.89,1,1,1.0
361,362,227.66,63.63,17.40,25.50,1,1,1.0
362,47,1131.76,318.47,98.28,167.47,1,1,1.0
362,81,977.31,432.01,47.71,70.26,1,1,1.0
362,97,941.25,427.94,45.12,90.20,1,1,1.0
362,117,869.76,403.79,84.82,133.46,1,1,1.0
362,195,829.26,59.61,131.22,248.94,1,1,1.0
362,208,1033.45,319.67,67.59,88.09,1,1,1.0
362,287,946.09,385.66,115.00,49.59,1,1,1.0
362,295,1780.11,0.87,139.66,223.01,1,1,1.0
362,311,1673.40,0.00,77.22,39.57,1,1,1.0
362,334,739.05,125.45,89.60,112.49,1,1,1.0
362,341,529.66,53.10,57.84,105.15,1,1,1.0
362,350,206.67,46.31,18.06,27.68,1,1,1.0
362,361,446.42,22.57,14.52,23.72,1,1,1.0
363,47,1134.30,316.25,99.53,169.05,1,1,1.0
363,81,979.44,432.15,47.92,65.99,1,1,1.0
363,97,945.40,426.61,44.46,90.54,1,1,1.0
363,117,874.02,401.83,83.40,134.36,1,1,1.0
363,195,833.64,56.00,131.55,249.09,1,1,1.0
363,208,1036.64,318.38,66.64,89.10,1,1,1.0
363,287,949.89,384.91,104.22,48.16,1,1,1.0
363,295,1779.99,3.76,139.79,218.24,1,1,1.0
363,311,1684.78,0.00,68.94,35.57,1,1,1.0
363,334,743.27,121.82,94.49,113.36,1,1,1.0
363,341,531.97,52.01,57.34,104.96,1,1,1.0
363,350,207.60,46.25,17.66,27.09,1,1,1.0
363,361,446.36,21.70,15.11,24.92,1,1,1.0
363,363,900.98,302.76,33.03,64.56,1,1,1.0
363,364,424.72,38.06,16.48,28.55,1,1,1.0
364,47,1139.31,314.49,98.21,169.75,1,1,1.0
364,81,983.14,431.94,45.31,68.44,1,1,1.0
364,97,946.91,425.54,45.90,91.45,1,1,1.0
364,117,877.65,401.10,81.16,133.61,1,1,1.0
364,195,840.25,53.31,128.84,251.61,1,1,1.0
364,208,1039.54,317.20,65.50,86.57,1,1,1.0
364,287,954.28,383.56,113.55,49.56,1,1,1.0
364,295,1778.86,5.39,140.42,216.12,1,1,1.0
364,334,752.11,122.00,88.30,113.33,1,1,1.0
364,341,535.67,51.11,58.02,104.74,1,1,1.0
364,350,207.89,46.01,17.82,27.37,1,1,1.0
364,361,446.71,21.57,14.77,24.62,1,1,1.0
364,364,424.67,37.86,16.34,27.54,1,1,1.0
365,47,1143.24,312.42,97.46,169.71,1,1,1.0
365,81,988.18,430.00,44.81,70.84,1,1,1.0
365,97,949.53,425.29,46.90,90.34,1,1,1.0
365,117,881.57,401.39,83.84,133.04,1,1,1.0
365,195,846.36,52.16,127.58,249.74,1,1,1.0
365,208,1044.79,315.82,66.79,87.25,1,1,1.0
365,287,955.94,381.84,114.47,49.58,1,1,1.0
365,295,1778.06,13.86,140.14,205.57,1,1,1.0
365,334,757.99,122.32,85.28,113.16,1,1,1.0
365,341,540.58,48.63,58.52,105.94,1,1,1.0
365,350,209.27,45.75,17.12,28.07,1,1,1.0
365,361,446.81,20.87,15.24,25.41,1,1,1.0
365,364,424.99,37.62,17.41,27.42,1,1,1.0
365,365,909.98,300.37,32.91,64.15,1,1,1.0
365,366,1694.43,0.00,70.93,31.82,1,1,1.0
366,47,1153.25,314.23,96.39,168.57,1,1,1.0
366,81,996.11,430.42,45.75,68.29,1,1,1.0
366,97,961.94,425.19,42.72,87.59,1,1,1.0
366,117,890.92,399.78,82.29,134.01,1,1,1.0
366,195,858.12,49.82,130.52,250.90,1,1,1.0
366,208,1052.06,315.28,66.86,86.70,1,1,1.0
366,287,966.44,381.93,113.41,48.76,1,1,1.0
366,295,1776.22,8.89,141.67,210.09,1,1,1.0
366,341,548.29,47.45,60.65,105.06,1,1,1.0
366,350,210.54,44.53,17.86,27.95,1,1,1.0
366,361,449.08,19.94,14.77,25.25,1,1,1.0
366,365,921.90,299.74,32.21,66.32,1,1,1.0
366,366,1702.02,-0.00,80.95,32.75,1,1,1.0
367,47,1158.11,313.32,97.03,167.07,1,1,1.0
367,81,1002.21,429.24,41.97,67.69,1,1,1.0
367,97,965.15,424.59,44.66,90.49,1,1,1.0
367,117,895.28,399.13,81.80,134.58,1,1,1.0
367,195,867.74,50.41,129.60,248.31,1,1,1.0
367,208,1056.56,314.54,68.37,85.97,1,1,1.0
367,287,970.81,380.83,112.56,49.08,1,1,1.0
367,295,1776.35,6.13,142.11,216.39,1,1,1.0
367,341,554.17,46.13,61.57,104.45,1,1,1.0
367,350,211.93,45.30,17.22,26.49,1,1,1.0
367,361,450.51,19.43,15.70,25.58,1,1,1.0
367,366,1715.24,-0.00,75.92,32.85,1,1,1.0
367,367,776.06,119.84,86.86,115.65,1,1,1.0
367,368,1579.60,3.50,41.42,52.29,1,1,1.0
368,47,1161.92,311.24,96.80,169.68,1,1,1.0
368,81,1006.94,427.72,46.11,71.24,1,1,1.0
368,97,969.96,425.03,43.33,89.45,1,1,1.0
368,117,899.85,399.05,80.88,134.58,1,1,1.0
368,195,874.55,51.38,127.84,249.35,1,1,1.0
368,208,1060.92,313.58,69.26,86.65,1,1,1.0
368,287,973.59,381.67,114.23,47.92,1,1,1.0
368,295,1777.99,2.95,141.45,214.97,1,1,1.0
368,341,559.09,46.07,61.07,103.79,1,1,1.0
368,350,212.69,44.57,17.28,26.85,1,1,1.0
368,361,450.17,18.93,15.86,23.96,1,1,1.0
368,366,1721.24,0.00,74.72,30.03,1,1,1.0
368,367,789.05,117.66,79.81,116.75,1,1,1.0
368,369,429.04,37.50,17.17,25.34,1,1,1.0
369,47,1164.49,312.38,99.62,168.88,1,1,1.0
369,81,1008.15,428.88,46.72,72.32,1,1,1.0
369,97,975.62,425.04,40.93,89.91,1,1,1.0
369,117,903.77,399.41,83.14,134.60,1,1,1.0
369,195,879.09,51.05,131.03,248.37,1,1,1.0
369,208,1063.96,314.10,69.25,87.61,1,1,1.0
369,287,976.61,381.81,112.54,48.27,1,1,1.0
369,295,1779.66,1.52,140.14,215.19,1,1,1.0
369,341,561.98,46.64,61.25,104.08,1,1,1.0
369,350,213.00,44.24,17.16,26.89,1,1,1.0
369,361,450.01,19.12,15.02,23.30,1,1,1.0
369,366,1730.74,0.00,72.85,30.84,1,1,1.0
369,369,428.93,37.57,17.28,24.93,1,1,1.0
369,370,938.13,298.47,32.57,66.54,1,1,1.0
369,371,115.62,42.54,16.75,29.62,1,1,1.0
370,47,1167.60,312.66,100.33,170.13,1,1,1.0
370,81,1010.29,429.76,47.40,68.66,1,1,1.0
370,97,976.18,424.91,43.36,90.42,1,1,1.0
370,117,906.46,400.14,81.95,133.78,1,1,1.0
370,195,884.77,50.60,128.63,250.19,1,1,1.0
370,208,1066.91,314.49,67.43,87.08,1,1,1.0
370,287,980.69,382.46,105.62,47.79,1,1,1.0
370,295,1780.69,2.51,139.09,214.26,1,1,1.0
370,341,565.37,46.69,61.97,105.80,1,1,1.0
370,350,213.31,44.05,17.31,27.34,1,1,1.0
370,361,450.09,19.58,16.25,23.08,1,1,1.0
370,366,1733.78,0.00,76.89,32.73,1,1,1.0
370,369,429.56,37.42,17.18,23.50,1,1,1.0
370,370,941.75,300.41,32.88,63.28,1,1,1.0
370,372,1295.72,0.00,49.43,58.51,1,1,1.0
370,373,798.17,119.55,78.41,117.40,1,1,1.0
370,374,690.59,230.85,20.59,42.15,1,1,1.0
371,47,1172.75,313.98,98.63,168.75,1,1,1.0
371,81,1015.18,431.59,43.94,66.26,1,1,1.0
371,97,978.34,425.02,45.19,94.02,1,1,1.0
371,117,910.44,402.16,81.90,132.68,1,1,1.0
371,195,888.37,49.46,132.30,251.58,1,1,1.0
371,208,1071.07,314.67,68.62,87.11,1,1,1.0
371,287,984.66,381.93,114.08,49.16,1,1,1.0
371,295,1783.38,2.12,136.44,215.44,1,1,1.0
371,341,569.50,47.08,62.88,105.64,1,1,1.0
371,350,213.52,43.75,18.33,28.48,1,1,1.0
371,361,450.32,19.45,15.95,23.00,1,1,1.0
371,366,1742.95,0.00,72.62,32.71,1,1,1.0
371,369,429.61,37.42,17.47,23.68,1,1,1.0
371,370,946.06,300.38,32.51,66.56,1,1,1.0
371,374,692.59,227.69,24.05,47.65,1,1,1.0
371,375,116.39,42.04,17.01,29.27,1,1,1.0
372,47,1174.67,313.32,98.36,168.93,1,1,1.0
372,81,1017.25,430.64,42.37,68.86,1,1,1.0
372,97,979.72,424.32,45.06,93.35,1,1,1.0
372,117,911.65,401.07,82.91,133.41,1,1,1.0
372,195,890.07,47.95,133.33,250.93,1,1,1.0
372,208,1073.75,313.65,68.60,86.88,1,1,1.0
372,287,985.29,381.86,112.04,48.30,1,1,1.0
372,295,1782.43,2.32,137.36,214.68,1,1,1.0
372,341,571.10,45.58,62.75,105.10,1,1,1.0
372,350,213.59,43.72,18.10,28.36,1,1,1.0
372,369,429.98,37.46,17.14,23.36,1,1,1.0
372,370,947.28,298.62,33.59,67.14,1,1,1.0
372,375,116.46,42.70,16.70,28.69,1,1,1.0
372,376,1305.32,0.00,44.83,56.05,1,1,1.0
373,47,1175.63,310.93,98.75,169.50,1,1,1.0
373,81,1017.57,427.76,43.74,63.61,1,1,1.0
373,97,980.48,420.90,46.10,94.76,1,1,1.0
373,117,913.59,398.55,83.81,135.33,1,1,1.0
373,195,892.78,46.19,133.07,250.38,1,1,1.0
373,208,1075.26,312.67,69.15,86.48,1,1,1.0
373,287,986.51,379.76,83.09,48.34,1,1,1.0
373,295,1780.77,2.41,139.05,214.89,1,1,1.0
373,341,572.14,42.44,62.15,106.26,1,1,1.0
373,350,213.71,43.53,18.71,28.37,1,1,1.0
373,370,949.24,295.55,33.60,67.02,1,1,1.0
373,375,116.69,42.51,16.51,28.21,1,1,1.0
373,377,1754.18,-0.00,69.62,26.72,1,1,1.0
374,47,1177.63,309.47,97.80,168.28,1,1,1.0
374,81,1021.49,426.14,40.97,62.73,1,1,1.0
374,97,981.84,418.82,45.96,94.51,1,1,1.0
374,117,915.62,395.26,84.93,134.96,1,1,1.0
374,195,894.31,39.06,131.21,254.28,1,1,1.0
374,208,1076.75,310.12,69.55,86.19,1,1,1.0
374,287,987.60,376.63,83.32,49.95,1,1,1.0
374,295,1781.25,1.98,138.56,216.68,1,1,1.0
374,341,573.78,40.01,61.24,106.76,1,1,1.0
374,350,213.82,43.19,18.87,28.77,1,1,1.0
374,370,952.17,292.97,32.75,62.77,1,1,1.0
374,377,1757.02,-0.00,73.25,21.56,1,1,1.0
374,378,238.05,60.40,16.47,26.95,1,1,1.0
374,379,696.33,225.67,24.31,44.30,1,1,1.0
375,47,1179.79,306.98,97.50,168.00,1,1,1.0
375,81,1022.80,423.72,41.10,67.86,1,1,1.0
375,97,983.93,417.42,44.51,94.63,1,1,1.0
375,117,916.63,393.81,84.49,134.06,1,1,1.0
375,195,897.04,35.52,130.34,251.81,1,1,1.0
375,208,1078.54,307.16,68.50,87.64,1,1,1.0
375,287,988.47,372.76,97.43,53.15,1,1,1.0
375,295,1784.23,1.82,135.58,214.10,1,1,1.0
375,341,574.46,36.85,61.23,107.59,1,1,1.0
375,350,214.07,42.33,18.81,29.58,1,1,1.0
375,370,952.36,288.06,34.10,67.20,1,1,1.0
375,377,1770.04,0.00,66.00,19.20,1,1,1.0
375,378,238.21,60.21,17.13,26.49,1,1,1.0
375,379,698.07,221.22,22.86,46.10,1,1,1.0
375,380,116.94,42.16,16.40,27.79,1,1,1.0
376,47,1182.09,298.37,97.46,172.73,1,1,1.0
376,81,1023.77,418.63,44.23,68.59,1,1,1.0
376,97,988.48,413.50,42.47,90.55,1,1,1.0
376,117,918.98,387.32,84.12,135.23,1,1,1.0
376,195,902.27,26.04,131.27,253.72,1,1,1.0
376,208,1080.12,301.26,68.96,89.45,1,1,1.0
376,287,991.00,370.85,87.72,48.47,1,1,1.0
376,295,1785.38,1.42,134.39,213.82,1,1,1.0
376,341,575.62,29.86,61.59,108.27,1,1,1.0
376,350,214.18,41.54,18.94,30.38,1,1,1.0
376,370,956.28,280.12,34.97,70.83,1,1,1.0
376,378,237.76,59.79,18.23,25.82,1,1,1.0
376,379,698.99,216.94,22.37,45.04,1,1,1.0
376,380,117.23,40.94,17.14,27.83,1,1,1.0
376,381,450.45,17.90,17.86,23.90,1,1,1.0
377,47,1183.79,295.60,98.56,173.23,1,1,1.0
377,81,1024.26,415.90,46.28,71.17,1,1,1.0
377,97,988.82,409.73,43.12,92.78,1,1,1.0
377,117,920.10,384.20,83.69,135.08,1,1,1.0
377,195,904.63,20.19,130.98,255.19,1,1,1.0
377,208,1081.67,299.93,68.07,87.11,1,1,1.0
377,287,992.05,368.60,84.56,47.30,1,1,1.0
377,295,1784.91,1.13,134.82,214.75,1,1,1.0
377,341,576.51,26.67,60.99,106.81,1,1,1.0
377,350,214.34,41.18,18.80,29.90,1,1,1.0
377,370,959.05,276.50,33.82,67.92,1,1,1.0
377,378,237.87,59.22,17.76,25.55,1,1,1.0
377,379,699.49,214.67,22.90,43.24,1,1,1.0
377,380,116.88,40.70,17.58,28.34,1,1,1.0
377,381,448.63,17.35,18.54,24.51,1,1,1.0
378,47,1185.15,293.59,99.33,172.35,1,1,1.0
378,81,1025.12,411.71,46.48,73.37,1,1,1.0
378,97,992.12,407.88,42.58,91.11,1,1,1.0
378,117,921.49,380.41,83.06,136.42,1,1,1.0
378,195,906.68,15.57,133.28,255.35,1,1,1.0
378,208,1084.66,296.96,68.41,85.32,1,1,1.0
378,287,993.94,364.63,85.44,47.71,1,1,1.0
378,295,1784.96,1.23,134.75,215.52,1,1,1.0
378,341,576.54,22.04,61.79,107.67,1,1,1.0
378,350,213.90,40.75,19.02,29.71,1,1,1.0
378,380,116.32,39.32,18.42,29.15,1,1,1.0
379,47,1186.92,291.68,99.79,171.67,1,1,1.0
379,81,1029.17,410.99,43.44,70.68,1,1,1.0
379,97,992.70,404.40,44.00,93.90,1,1,1.0
379,117,923.29,378.92,82.42,135.56,1,1,1.0
379,195,908.00,9.11,134.98,257.43,1,1,1.0
379,208,1088.76,294.14,65.81,86.56,1,1,1.0
379,287,995.11,360.70,90.70,50.00,1,1,1.0
379,295,1784.30,1.14,135.46,217.37,1,1,1.0
379,341,578.75,19.36,61.61,107.68,1,1,1.0
379,382,702.95,208.00,22.66,42.95,1,1,1.0
379,383,965.07,266.61,31.30,68.62,1,1,1.0
379,384,431.67,35.13,16.20,24.03,1,1,1.0
380,47,1189.89,288.69,99.34,171.37,1,1,1.0
380,81,1030.89,406.71,42.85,64.03,1,1,1.0
380,97,994.67,401.44,44.20,95.46,1,1,1.0
380,117,925.58,375.45,83.24,134.38,1,1,1.0
380,195,913.20,4.70,133.07,254.36,1,1,1.0
380,208,1090.15,290.61,68.12,87.13,1,1,1.0
380,287,998.92,357.87,110.67,51.26,1,1,1.0
380,295,1783.57,0.86,136.23,218.85,1,1,1.0
380,341,581.72,14.63,61.64,110.20,1,1,1.0
380,383,966.77,262.35,34.42,69.71,1,1,1.0
380,384,431.36,34.07,16.31,25.09,1,1,1.0
380,385,213.77,39.08,18.91,30.52,1,1,1.0
381,47,1195.96,280.82,102.50,174.10,1,1,1.0
381,81,1036.76,400.44,47.54,78.56,1,1,1.0
381,97,1003.21,397.11,42.72,91.03,1,1,1.0
381,117,933.50,368.21,83.61,137.05,1,1,1.0
381,195,922.45,0.73,135.88,248.68,1,1,1.0
381,208,1095.22,284.44,68.82,86.04,1,1,1.0
381,287,1006.15,352.38,113.93,50.24,1,1,1.0
381,295,1796.19,1.04,123.80,215.57,1,1,1.0
381,341,588.28,7.63,62.09,106.60,1,1,1.0
381,383,974.90,251.50,35.73,75.25,1,1,1.0
381,385,213.47,37.65,19.89,31.16,1,1,1.0
382,47,1201.28,277.79,102.64,173.94,1,1,1.0
382,81,1040.50,398.30,47.86,73.78,1,1,1.0
382,97,1006.21,391.35,43.62,94.44,1,1,1.0
382,117,938.04,364.27,83.37,135.64,1,1,1.0
382,195,931.37,0.70,134.22,243.08,1,1,1.0
382,208,1100.68,282.26,69.25,85.18,1,1,1.0
382,287,1012.33,348.83,114.43,49.88,1,1,1.0
382,295,1797.37,0.96,122.63,215.44,1,1,1.0
382,341,590.45,3.62,63.30,106.09,1,1,1.0
382,383,979.48,245.79,37.35,74.60,1,1,1.0
382,385,213.70,36.85,20.12,31.54,1,1,1.0
382,386,579.35,88.67,25.97,48.42,1,1,1.0
382,387,716.80,196.64,22.02,41.29,1,1,1.0
383,47,1206.15,274.65,100.74,170.41,1,1,1.0
383,81,1048.15,395.73,41.97,68.52,1,1,1.0
383,97,1010.57,389.24,44.95,97.45,1,1,1.0
383,117,943.99,361.20,83.25,135.61,1,1,1.0
383,195,937.65,0.00,134.83,240.17,1,1,1.0
383,208,1105.17,277.03,70.78,86.58,1,1,1.0
383,287,1016.08,344.85,112.34,51.87,1,1,1.0
383,295,1797.80,1.03,122.20,212.80,1,1,1.0
383,341,596.14,0.63,62.61,106.86,1,1,1.0
383,383,986.62,245.29,37.07,71.18,1,1,1.0
383,385,214.16,35.68,19.55,30.52,1,1,1.0
383,387,721.38,197.44,18.73,37.60,1,1,1.0
383,388,431.77,32.81,16.85,25.83,1,1,1.0
384,47,1211.78,273.07,100.13,171.47,1,1,1.0
384,81,1052.10,393.47,42.23,70.64,1,1,1.0
384,97,1016.71,387.38,41.96,94.28,1,1,1.0
384,117,949.20,358.21,83.25,136.69,1,1,1.0
384,195,946.79,0.36,133.89,234.08,1,1,1.0
384,208,1109.29,275.36,69.83,88.18,1,1,1.0
384,287,1019.03,343.07,92.04,51.52,1,1,1.0
384,295,1798.33,1.07,121.67,213.15,1,1,1.0
384,341,602.47,-0.00,61.86,102.55,1,1,1.0
384,383,996.06,239.26,32.59,68.51,1,1,1.0
384,389,832.43,64.04,92.75,108.77,1,1,1.0
385,47,1217.32,270.52,100.14,173.15,1,1,1.0
385,81,1055.35,390.32,46.25,74.25,1,1,1.0
385,97,1022.28,384.15,42.47,95.99,1,1,1.0
385,117,954.34,356.98,81.81,135.68,1,1,1.0
385,195,955.52,0.34,135.83,227.31,1,1,1.0
385,208,1114.51,273.30,72.00,87.13,1,1,1.0
385,287,1026.69,341.55,109.55,51.06,1,1,1.0
385,295,1793.01,-0.00,126.99,211.83,1,1,1.0
385,341,606.75,0.09,61.35,103.86,1,1,1.0
385,383,1002.59,234.04,35.80,73.44,1,1,1.0
385,389,838.56,64.55,92.65,102.57,1,1,1.0
385,390,413.61,1.01,19.89,32.06,1,1,1.0
386,47,1228.82,269.82,101.97,169.59,1,1,1.0
386,81,1066.98,386.66,45.38,71.09,1,1,1.0
386,97,1034.07,382.88,42.13,93.64,1,1,1.0
386,117,967.54,352.42,82.99,135.90,1,1,1.0
386,195,973.17,0.55,136.42,223.57,1,1,1.0
386,208,1126.04,269.55,71.52,86.36,1,1,1.0
386,287,1035.36,338.61,85.70,49.28,1,1,1.0
386,295,1791.00,-0.00,129.01,219.98,1,1,1.0
386,341,616.84,0.00,63.70,96.88,1,1,1.0
386,383,1017.97,228.91,34.59,73.42,1,1,1.0
386,389,853.03,77.62,91.41,82.40,1,1,1.0
386,391,778.06,102.01,144.30,89.11,1,1,1.0
386,392,217.56,35.44,18.91,29.84,1,1,1.0
386,393,853.82,78.37,61.76,80.32,1,1,1.0
386,394,458.85,15.86,16.31,23.60,1,1,1.0
386,395,435.24,32.49,15.81,27.24,1,1,1.0
387,47,1235.45,264.64,100.29,173.50,1,1,1.0
387,81,1071.67,384.64,47.11,74.21,1,1,1.0
387,97,1039.69,379.70,43.01,91.54,1,1,1.0
387,117,974.47,348.89,84.48,137.88,1,1,1.0
387,195,980.16,0.96,139.38,219.98,1,1,1.0
387,208,1134.12,267.85,71.35,83.87,1,1,1.0
387,287,1044.41,336.13,109.22,49.83,1,1,1.0
387,295,1815.78,0.00,104.09,212.27,1,1,1.0
387,341,624.12,0.00,62.46,94.72,1,1,1.0
387,383,1025.35,224.51,35.03,74.09,1,1,1.0
387,389,860.81,73.02,64.30,86.73,1,1,1.0
387,391,786.30,99.79,137.86,90.16,1,1,1.0
387,392,218.20,34.40,19.13,30.04,1,1,1.0
387,395,435.40,32.56,16.67,26.60,1,1,1.0
387,396,413.75,0.43,21.52,31.27,1,1,1.0
388,47,1241.67,262.92,101.69,172.67,1,1,1.0
388,81,1081.19,383.78,42.14,64.61,1,1,1.0
388,97,1047.39,378.65,40.35,93.81,1,1,1.0
388,117,981.02,346.89,83.18,136.27,1,1,1.0
388,195,992.41,0.92,137.61,217.30,1,1,1.0
388,208,1139.31,265.15,71.02,84.61,1,1,1.0
388,287,1048.26,332.49,114.92,51.44,1,1,1.0
388,295,1821.13,0.00,98.87,209.89,1,1,1.0
388,341,631.13,0.00,62.11,92.02,1,1,1.0
388,383,1035.36,219.88,34.07,77.39,1,1,1.0
388,389,869.65,69.17,74.31,86.64,1,1,1.0
388,391,793.84,90.96,138.54,93.18,1,1,1.0
388,392,220.78,34.94,17.93,28.35,1,1,1.0
388,397,459.02,15.42,15.91,24.23,1,1,1.0
389,47,1247.83,259.02,101.67,172.37,1,1,1.0
389,81,1085.62,380.20,46.08,72.90,1,1,1.0
389,97,1053.23,374.20,42.18,95.32,1,1,1.0
389,117,988.01,342.19,83.68,137.81,1,1,1.0
389,195,1004.76,0.72,135.31,211.95,1,1,1.0
389,208,1147.31,261.49,72.32,83.56,1,1,1.0
389,287,1055.54,329.91,110.18,51.78,1,1,1.0
389,295,1809.21,-0.00,110.77,212.33,1,1,1.0
389,341,638.84,-0.00,61.30,88.48,1,1,1.0
389,383,1042.34,214.76,36.83,80.12,1,1,1.0
389,389,880.63,62.21,70.22,89.92,1,1,1.0
389,391,801.12,91.58,136.72,88.40,1,1,1.0
389,392,220.92,33.57,18.69,29.56,1,1,1.0
389,397,460.75,14.84,15.04,23.93,1,1,1.0
389,398,120.61,35.17,17.40,30.77,1,1,1.0
390,47,1250.48,262.55,102.15,175.01,1,1,1.0
390,81,1088.36,384.53,44.42,71.93,1,1,1.0
390,97,1056.82,379.10,41.97,95.89,1,1,1.0
390,117,991.60,347.98,84.69,136.35,1,1,1.0
390,195,1009.30,1.34,139.28,213.16,1,1,1.0
390,208,1148.67,267.43,75.75,85.43,1,1,1.0
390,287,1060.04,336.04,113.48,48.80,1,1,1.0
390,341,640.48,-0.00,62.43,92.39,1,1,1.0
390,383,1048.15,218.52,35.98,80.90,1,1,1.0
390,389,883.05,69.66,76.93,84.72,1,1,1.0
390,391,804.62,102.40,135.83,83.76,1,1,1.0
390,392,217.83,44.02,18.27,29.00,1,1,1.0
390,397,452.37,17.66,18.18,29.36,1,1,1.0
390,399,413.53,10.98,19.77,30.20,1,1,1.0
390,400,239.19,59.98,17.69,28.37,1,1,1.0
391,47,1247.81,277.71,104.46,177.23,1,1,1.0
391,81,1086.85,402.54,44.78,69.23,1,1,1.0
391,97,1058.27,396.88,40.21,96.65,1,1,1.0
391,117,991.45,365.02,101.25,138.13,1,1,1.0
391,195,1018.07,1.03,135.82,227.07,1,1,1.0
391,208,1146.70,284.16,76.94,86.71,1,1,1.0
391,287,1059.11,352.89,112.32,50.65,1,1,1.0
391,341,639.88,3.26,62.77,109.40,1,1,1.0
391,383,1051.66,234.13,35.38,81.92,1,1,1.0
391,389,885.30,82.84,83.68,88.12,1,1,1.0
391,391,806.86,117.08,134.05,87.49,1,1,1.0
391,401,202.84,68.91,18.96,28.81,1,1,1.0
391,402,1004.12,71.15,29.14,73.11,1,1,1.0
391,403,224.87,87.55,17.34,26.70,1,1,1.0
391,404,463.06,58.70,20.00,20.61,1,1,1.0
391,405,440.08,45.86,18.00,22.47,1,1,1.0
392,47,1247.75,290.04,104.33,172.78,1,1,1.0
392,81,1085.72,413.79,45.88,73.69,1,1,1.0
392,97,1058.07,405.74,38.16,94.51,1,1,1.0
392,117,991.56,374.55,91.91,137.39,1,1,1.0
392,195,1019.76,1.04,137.82,238.93,1,1,1.0
392,208,1147.46,294.46,75.01,86.89,1,1,1.0
392,287,1057.07,361.80,116.52,52.27,1,1,1.0
392,341,639.36,14.88,62.08,107.76,1,1,1.0
392,383,1052.37,241.69,34.90,82.26,1,1,1.0
392,389,886.93,90.25,84.43,91.57,1,1,1.0
392,391,805.93,124.77,132.01,88.71,1,1,1.0
392,402,1006.31,79.49,28.15,61.56,1,1,1.0
392,406,191.59,82.08,23.57,29.78,1,1,1.0
392,407,521.09,-0.00,21.05,30.68,1,1,1.0
392,408,432.87,61.90,17.30,23.17,1,1,1.0
392,409,214.80,8.01,23.85,28.47,1,1,1.0
392,410,459.12,73.24,18.43,20.18,1,1,1.0
393,47,1245.00,299.10,106.23,174.30,1,1,1.0
393,81,1085.68,422.31,44.17,68.67,1,1,1.0
393,97,1054.34,415.24,38.43,96.75,1,1,1.0
393,117,990.33,385.27,93.97,137.20,1,1,1.0
393,195,1023.02,0.00,137.14,247.53,1,1,1.0
393,208,1144.93,303.60,74.36,89.30,1,1,1.0
393,287,1052.40,373.00,116.44,51.02,1,1,1.0
393,341,636.99,26.45,61.93,105.16,1,1,1.0
393,383,1053.02,253.51,34.69,80.73,1,1,1.0
393,389,887.26,94.87,89.37,95.74,1,1,1.0
393,391,803.73,136.40,132.42,87.52,1,1,1.0
393,402,1004.05,88.56,33.07,65.24,1,1,1.0
393,407,512.62,1.07,21.71,46.14,1,1,1.0
393,411,187.06,97.64,18.58,28.54,1,1,1.0
393,412,205.97,22.08,25.33,28.53,1,1,1.0
393,413,449.00,86.17,23.11,20.95,1,1,1.0
393,414,201.15,45.09,21.09,29.95,1,1,1.0
393,415,381.20,62.21,22.73,33.16,1,1,1.0
393,416,424.84,75.61,18.38,22.74,1,1,1.0
393,417,75.01,42.38,16.00,24.58,1,1,1.0
394,47,1244.56,309.47,105.52,171.59,1,1,1.0
394,81,1084.96,430.94,43.97,72.23,1,1,1.0
394,97,1057.39,425.52,35.65,96.72,1,1,1.0
394,117,989.58,392.32,97.99,139.15,1,1,1.0
394,195,1021.64,1.04,141.05,252.76,1,1,1.0
394,208,1143.21,312.58,74.41,87.45,1,1,1.0
394,287,1053.59,382.47,89.30,47.96,1,1,1.0
394,341,635.15,35.16,63.24,106.61,1,1,1.0
394,383,1053.98,263.85,34.59,77.96,1,1,1.0
394,389,890.25,106.82,89.95,92.76,1,1,1.0
394,391,804.56,149.16,132.81,84.79,1,1,1.0
394,402,1005.69,89.88,33.22,75.42,1,1,1.0
394,407,505.58,15.31,21.86,44.51,1,1,1.0
394,418,179.43,109.89,19.68,29.59,1,1,1.0
394,419,262.45,11.55,25.29,32.97,1,1,1.0
394,420,418.45,87.55,16.21,23.68,1,1,1.0
394,421,375.19,74.94,22.63,32.59,1,1,1.0
394,422,443.07,98.36,22.48,21.67,1,1,1.0
395,47,1241.80,319.28,110.08,170.77,1,1,1.0
395,81,1086.12,441.31,41.80,69.79,1,1,1.0
395,97,1057.72,433.97,34.83,93.67,1,1,1.0
395,117,990.10,400.80,95.90,139.05,1,1,1.0
395,195,1030.04,3.67,134.86,255.96,1,1,1.0
395,208,1143.55,321.84,73.76,88.32,1,1,1.0
395,287,1048.98,389.46,118.86,51.94,1,1,1.0
395,341,634.42,43.68,63.29,105.67,1,1,1.0
395,383,1055.47,268.46,34.85,79.02,1,1,1.0
395,389,892.15,115.52,92.88,92.21,1,1,1.0
395,391,800.61,156.55,135.01,85.95,1,1,1.0
395,402,1008.94,101.77,30.44,72.71,1,1,1.0
395,407,498.30,28.99,21.83,43.58,1,1,1.0
395,423,191.79,47.35,24.25,28.27,1,1,1.0
395,424,172.45,123.22,19.91,28.59,1,1,1.0
395,425,368.70,89.68,21.67,30.46,1,1,1.0
395,426,297.07,0.00,18.06,24.96,1,1,1.0
395,427,255.08,22.57,22.93,34.09,1,1,1.0
396,47,1244.21,332.35,105.07,172.07,1,1,1.0
396,81,1086.25,455.26,41.73,66.60,1,1,1.0
396,117,991.96,415.49,94.43,139.28,1,1,1.0
396,195,1038.60,17.67,132.91,254.34,1,1,1.0
396,208,1143.29,335.78,75.58,89.19,1,1,1.0
396,287,1050.75,404.30,103.29,51.62,1,1,1.0
396,341,632.71,60.35,67.14,106.35,1,1,1.0
396,383,1059.41,278.83,35.92,83.75,1,1,1.0
396,389,896.16,134.81,90.74,85.67,1,1,1.0
396,391,794.26,169.08,140.96,87.44,1,1,1.0
396,402,1013.69,115.79,32.99,72.56,1,1,1.0
396,428,487.29,49.96,20.91,37.57,1,1,1.0
396,429,181.48,70.87,21.99,26.78,1,1,1.0
396,430,242.73,44.09,22.63,35.53,1,1,1.0
396,431,162.47,146.55,18.02,27.29,1,1,1.0
396,432,353.91,107.39,23.14,26.38,1,1,1.0
396,433,1417.68,-0.00,41.99,41.57,1,1,1.0
396,434,401.51,123.65,13.18,22.62,1,1,1.0
397,47,1245.53,337.40,103.37,171.73,1,1,1.0
397,81,1084.78,461.12,43.96,70.02,1,1,1.0
397,117,994.29,420.61,97.02,140.05,1,1,1.0
397,195,1038.74,21.46,136.82,255.17,1,1,1.0
397,208,1142.91,341.28,74.78,89.08,1,1,1.0
397,287,1053.44,412.13,89.32,47.50,1,1,1.0
397,341,634.80,67.45,65.47,107.36,1,1,1.0
397,383,1061.18,287.89,37.65,78.84,1,1,1.0
397,389,897.47,126.80,100.69,99.41,1,1,1.0
397,391,793.88,173.99,143.22,90.54,1,1,1.0
397,428,481.37,59.96,21.84,43.11,1,1,1.0
397,429,175.68,79.04,20.86,29.49,1,1,1.0
397,430,237.63,55.15,23.39,33.36,1,1,1.0
397,433,1419.26,0.00,47.18,45.58,1,1,1.0
397,435,353.16,124.94,19.62,25.63,1,1,1.0
397,436,394.09,134.19,15.58,21.75,1,1,1.0
398,47,1246.43,340.88,102.42,171.94,1,1,1.0
398,81,1083.64,466.33,47.29,70.13,1,1,1.0
398,117,995.44,424.18,96.87,142.20,1,1,1.0
398,195,1039.30,25.86,142.86,252.47,1,1,1.0
398,208,1143.44,345.86,74.70,89.40,1,1,1.0
398,287,1052.22,415.11,117.48,51.53,1,1,1.0
398,341,638.29,71.85,62.42,106.71,1,1,1.0
398,383,1065.93,287.02,35.65,84.43,1,1,1.0
398,389,900.08,116.71,112.29,112.28,1,1,1.0
398,391,794.59,181.07,141.92,86.23,1,1,1.0
398,428,476.62,68.50,21.74,44.30,1,1,1.0
398,430,231.87,62.33,25.55,35.90,1,1,1.0
399,47,1247.15,345.01,103.25,171.67,1,1,1.0
399,81,1084.74,471.14,46.12,71.22,1,1,1.0
399,117,996.92,428.58,95.32,141.46,1,1,1.0
399,195,1045.99,23.48,143.82,256.82,1,1,1.0
399,208,1146.85,348.44,73.54,90.42,1,1,1.0
399,287,1054.24,419.46,109.43,50.88,1,1,1.0
399,341,640.58,75.81,61.40,106.58,1,1,1.0
399,383,1069.59,293.98,33.29,79.04,1,1,1.0
399,389,902.25,118.05,113.18,115.39,1,1,1.0
399,391,798.83,183.60,139.50,88.96,1,1,1.0
399,428,471.58,75.71,22.31,40.54,1,1,1.0
399,430,226.55,71.10,25.20,36.09,1,1,1.0
399,437,165.92,96.28,21.76,29.91,1,1,1.0
399,438,65.56,74.16,19.75,35.08,1,1,1.0
400,47,1248.64,348.39,105.24,172.19,1,1,1.0
400,81,1086.77,474.77,44.99,69.66,1,1,1.0
400,117,999.01,432.13,94.37,139.43,1,1,1.0
400,195,1051.08,23.53,141.69,257.29,1,1,1.0
400,208,1148.47,352.75,75.58,88.18,1,1,1.0
400,287,1060.00,421.72,109.86,52.71,1,1,1.0
400,341,642.08,79.15,61.48,106.29,1,1,1.0
400,383,1071.35,291.94,36.26,82.60,1,1,1.0
400,389,906.27,119.58,117.67,116.52,1,1,1.0
400,391,798.70,183.24,143.28,91.76,1,1,1.0
400,428,467.63,82.93,22.24,45.78,1,1,1.0
400,430,223.32,77.89,23.08,35.16,1,1,1.0
400,437,160.95,104.50,21.20,26.63,1,1,1.0
400,438,61.51,81.28,18.63,27.39,1,1,1.0
400,439,333.97,143.67,25.78,31.45,1,1,1.0
401,47,1250.47,352.54,109.54,171.73,1,1,1.0
401,81,1093.26,479.00,41.19,70.08,1,1,1.0
401,117,1003.91,437.08,97.67,139.09,1,1,1.0
401,195,1067.70,24.78,137.82,255.33,1,1,1.0
401,208,1151.11,358.94,77.42,88.02,1,1,1.0
401,287,1061.40,427.46,88.45,49.34,1,1,1.0
401,341,646.19,84.39,62.12,105.04,1,1,1.0
401,383,1080.25,296.56,35.94,82.08,1,1,1.0
401,389,907.62,121.50,117.40,117.30,1,1,1.0
401,391,799.65,183.31,146.50,96.10,1,1,1.0
401,428,460.60,95.37,21.24,37.78,1,1,1.0
401,440,372.43,169.46,14.26,24.70,1,1,1.0
401,441,152.35,117.52,21.63,26.90,1,1,1.0
401,442,25.35,195.77,17.09,28.72,1,1,1.0
402,47,1252.88,355.32,111.02,170.45,1,1,1.0
402,81,1095.80,480.41,40.56,71.07,1,1,1.0
402,117,1007.97,438.93,97.10,139.39,1,1,1.0
402,195,1072.62,24.75,138.07,255.32,1,1,1.0
402,208,1153.81,360.14,75.54,88.80,1,1,1.0
402,287,1063.17,429.46,90.17,50.14,1,1,1.0
402,341,648.44,86.04,62.70,105.35,1,1,1.0
402,383,1085.69,295.26,35.15,80.12,1,1,1.0
402,389,916.17,144.26,102.73,93.47,1,1,1.0
402,391,805.45,187.06,142.12,92.34,1,1,1.0
402,428,458.47,102.27,20.28,36.20,1,1,1.0
402,441,146.99,123.39,23.42,27.85,1,1,1.0
402,442,20.18,203.80,19.52,30.08,1,1,1.0
403,47,1255.13,358.29,109.58,170.07,1,1,1.0
403,81,1098.79,483.08,41.55,71.49,1,1,1.0
403,117,1010.95,441.86,97.20,138.58,1,1,1.0
403,195,1080.14,25.31,139.87,254.99,1,1,1.0
403,208,1156.75,363.11,76.78,88.04,1,1,1.0
403,287,1065.58,431.94,93.30,50.96,1,1,1.0
403,341,650.03,87.68,64.02,105.17,1,1,1.0
403,383,1087.03,295.20,40.62,82.70,1,1,1.0
403,389,922.94,151.39,95.02,86.01,1,1,1.0
403,391,806.55,187.92,143.07,96.62,1,1,1.0
403,428,453.07,107.67,20.85,42.91,1,1,1.0
403,441,143.84,129.15,24.31,27.91,1,1,1.0
403,442,17.11,211.14,16.88,28.81,1,1,1.0
403,443,207.48,104.23,23.47,35.40,1,1,1.0
403,444,45.23,106.73,17.20,28.38,1,1,1.0
403,445,312.19,191.62,36.87,24.25,1,1,1.0
404,47,1259.31,359.21,109.57,170.39,1,1,1.0
404,81,1100.45,486.19,47.99,74.87,1,1,1.0
404,117,1014.81,443.44,94.33,139.01,1,1,1.0
404,195,1088.63,25.64,137.36,255.26,1,1,1.0
404,208,1158.82,364.67,77.38,89.10,1,1,1.0
404,287,1068.46,432.69,103.01,52.97,1,1,1.0
404,341,653.83,89.77,63.19,106.04,1,1,1.0
404,383,1095.03,298.95,38.34,84.01,1,1,1.0
404,389,927.81,145.52,92.81,92.72,1,1,1.0
404,391,809.29,189.48,144.55,96.58,1,1,1.0
404,441,139.21,135.21,25.10,29.79,1,1,1.0
404,446,927.79,125.80,107.89,113.96,1,1,1.0
404,447,358.79,184.28,16.53,26.83,1,1,1.0
405,47,1261.82,360.89,109.05,171.56,1,1,1.0
405,81,1103.71,489.56,43.62,68.93,1,1,1.0
405,117,1017.71,445.37,95.38,137.33,1,1,1.0
405,195,1097.51,27.68,135.59,253.57,1,1,1.0
405,208,1161.48,367.00,78.53,89.29,1,1,1.0
405,287,1075.65,436.25,98.34,51.88,1,1,1.0
405,341,657.12,93.42,63.19,105.67,1,1,1.0
405,383,1102.14,297.65,35.25,83.11,1,1,1.0
405,389,932.29,129.12,96.16,111.29,1,1,1.0
405,391,812.80,191.50,144.78,95.53,1,1,1.0
405,441,137.58,139.89,22.09,31.77,1,1,1.0
405,448,128.87,162.52,22.76,29.07,1,1,1.0
405,449,115.96,219.16,18.82,27.53,1,1,1.0
405,450,445.99,120.04,21.16,38.59,1,1,1.0
405,451,199.97,115.95,25.42,34.78,1,1,1.0
406,47,1268.19,368.02,108.17,169.81,1,1,1.0
406,81,1111.23,495.42,42.80,73.43,1,1,1.0
406,117,1024.90,449.61,94.97,141.54,1,1,1.0
406,195,1110.76,33.75,137.99,248.75,1,1,1.0
406,208,1167.55,372.56,76.75,88.25,1,1,1.0
406,287,1079.32,443.76,88.49,48.59,1,1,1.0
406,341,664.94,99.67,63.92,103.39,1,1,1.0
406,383,1113.32,301.60,35.46,84.73,1,1,1.0
406,389,942.30,149.79,103.75,95.10,1,1,1.0
406,391,820.87,196.91,141.39,98.62,1,1,1.0
406,448,129.64,152.40,22.92,28.38,1,1,1.0
406,450,439.37,129.92,23.14,41.10,1,1,1.0
406,452,0.08,231.75,18.46,28.92,1,1,1.0
406,453,1067.49,137.38,30.71,60.75,1,1,1.0
406,454,704.35,0.00,73.45,23.06,1,1,1.0
406,455,110.08,228.62,17.23,27.87,1,1,1.0
406,456,194.08,127.76,22.21,34.43,1,1,1.0
407,47,1270.98,369.20,107.93,170.66,1,1,1.0
407,81,1113.94,498.13,40.18,67.35,1,1,1.0
407,117,1029.69,455.18,93.65,139.75,1,1,1.0
407,195,1116.42,35.44,139.17,248.91,1,1,1.0
407,208,1170.81,376.33,74.32,87.55,1,1,1.0
407,287,1084.99,446.40,97.06,52.30,1,1,1.0
407,341,668.20,101.92,63.70,106.28,1,1,1.0
407,383,1116.84,303.69,37.79,83.74,1,1,1.0
407,389,949.90,140.92,111.41,107.25,1,1,1.0
407,391,822.59,199.12,138.80,97.52,1,1,1.0
407,448,126.12,158.07,24.94,29.24,1,1,1.0
407,450,436.67,135.06,21.19,39.61,1,1,1.0
407,453,1073.84,143.20,30.36,62.01,1,1,1.0
407,454,704.33,-0.00,77.70,27.38,1,1,1.0
407,455,105.45,233.92,18.16,28.45,1,1,1.0
407,456,190.47,132.90,23.29,36.65,1,1,1.0
407,457,26.90,135.83,18.97,31.50,1,1,1.0
408,47,1274.67,373.42,106.55,171.17,1,1,1.0
408,81,1114.82,501.64,48.07,100.82,1,1,1.0
408,117,1033.39,457.60,91.85,141.74,1,1,1.0
408,195,1124.74,42.18,138.14,244.99,1,1,1.0
408,208,1173.28,379.79,78.15,89.13,1,1,1.0
408,287,1087.06,448.72,100.69,51.65,1,1,1.0
408,341,672.87,106.33,61.55,105.25,1,1,1.0
408,383,1123.39,308.54,37.15,82.01,1,1,1.0
408,389,955.53,147.31,104.18,104.10,1,1,1.0
408,391,826.63,203.36,138.10,94.84,1,1,1.0
408,448,122.06,162.55,24.81,28.99,1,1,1.0
408,450,434.06,140.49,19.65,39.14,1,1,1.0
408,454,712.43,0.00,73.91,31.46,1,1,1.0
408,455,102.96,241.93,17.68,26.93,1,1,1.0
408,456,185.62,136.54,25.36,36.21,1,1,1.0
408,457,21.63,141.23,20.54,31.92,1,1,1.0
409,47,1276.97,376.89,107.60,169.75,1,1,1.0
409,81,1117.67,505.11,44.19,67.04,1,1,1.0
409,117,1038.49,460.58,89.76,140.85,1,1,1.0
409,195,1129.34,45.28,139.64,243.81,1,1,1.0
409,208,1177.57,384.02,79.16,86.65,1,1,1.0
409,287,1089.67,451.97,107.61,52.94,1,1,1.0
409,341,676.84,109.27,63.30,106.35,1,1,1.0
409,383,1127.14,309.42,38.22,82.41,1,1,1.0
409,389,958.26,147.10,100.56,107.43,1,1,1.0
409,391,828.94,206.56,140.68,97.06,1,1,1.0
409,448,119.83,167.83,23.56,29.57,1,1,1.0
409,454,715.90,0.00,80.00,35.39,1,1,1.0
409,455,99.91,244.88,17.59,29.06,1,1,1.0
409,457,17.50,146.48,27.09,42.02,1,1,1.0
409,458,997.62,447.01,25.30,40.27,1,1,1.0
410,47,1279.37,382.08,110.07,169.47,1,1,1.0
410,81,1122.15,508.81,40.70,66.97,1,1,1.0
410,117,1041.49,464.49,90.78,142.65,1,1,1.0
410,195,1141.18,51.03,136.90,241.65,1,1,1.0
410,208,1180.77,387.67,75.86,87.53,1,1,1.0
410,287,1092.38,456.66,89.82,50.16,1,1,1.0
410,341,680.36,114.52,61.98,103.79,1,1,1.0
410,383,1130.09,309.49,41.23,86.46,1,1,1.0
410,389,965.99,149.43,111.11,110.38,1,1,1.0
410,391,834.72,211.70,141.37,99.12,1,1,1.0
410,448,116.24,173.27,24.51,28.18,1,1,1.0
410,454,719.44,0.00,78.44,39.32,1,1,1.0
410,459,1091.77,149.42,30.86,66.37,1,1,1.0
410,460,427.34,151.14,22.91,35.36,1,1,1.0
410,461,107.18,196.47,22.99,30.92,1,1,1.0
411,47,1283.36,386.75,108.82,169.86,1,1,1.0
411,81,1126.50,515.04,42.76,66.20,1,1,1.0
411,117,1048.08,472.21,90.34,140.75,1,1,1.0
411,195,1156.04,57.28,131.17,244.21,1,1,1.0
411,208,1184.46,392.21,74.90,91.27,1,1,1.0
411,287,1097.63,462.16,94.46,53.03,1,1,1.0
411,341,687.89,122.45,61.09,104.13,1,1,1.0
411,383,1143.63,324.29,35.97,75.29,1,1,1.0
411,389,973.33,152.90,113.42,113.10,1,1,1.0
411,391,840.02,218.61,139.08,96.76,1,1,1.0
411,448,109.00,182.39,25.17,27.86,1,1,1.0
411,454,723.09,0.09,79.05,48.03,1,1,1.0
411,459,1103.78,159.54,30.68,63.44,1,1,1.0
411,460,420.65,160.62,22.20,41.83,1,1,1.0
411,462,88.89,259.04,17.43,27.80,1,1,1.0
411,463,1604.89,0.00,46.45,27.89,1,1,1.0
411,464,109.88,275.41,16.74,24.96,1,1,1.0
411,465,173.93,157.47,22.65,33.87,1,1,1.0
411,466,975.29,458.11,56.18,50.54,1,1,1.0
411,467,8.27,159.49,19.17,33.77,1,1,1.0
412,47,1284.07,392.71,110.54,167.36,1,1,1.0
412,81,1129.72,519.42,41.70,68.85,1,1,1.0
412,117,1051.11,475.60,89.34,140.83,1,1,1.0
412,195,1158.21,58.09,134.28,246.07,1,1,1.0
412,208,1185.23,397.60,77.71,88.95,1,1,1.0
412,287,1101.53,464.44,95.23,53.60,1,1,1.0
412,341,691.22,125.30,63.27,103.90,1,1,1.0
412,383,1146.90,323.17,36.01,80.69,1,1,1.0
412,389,977.40,177.39,98.27,90.84,1,1,1.0
412,391,839.95,221.44,143.56,97.94,1,1,1.0
412,448,106.14,185.60,22.42,30.54,1,1,1.0
412,454,734.22,7.23,65.87,45.95,1,1,1.0
412,460,417.13,164.22,23.03,35.86,1,1,1.0
412,463,1608.64,-0.00,49.08,32.95,1,1,1.0
412,467,2.00,163.76,22.15,41.38,1,1,1.0
412,468,1106.27,163.04,31.94,62.45,1,1,1.0
412,469,693.33,-0.00,108.74,53.77,1,1,1.0
412,470,106.34,154.10,16.03,28.93,1,1,1.0
413,47,1286.99,394.00,108.40,169.60,1,1,1.0
413,81,1129.66,522.96,41.71,69.29,1,1,1.0
413,117,1053.76,478.11,88.37,142.46,1,1,1.0
413,195,1162.97,63.50,134.84,243.06,1,1,1.0
413,208,1186.43,401.23,79.75,88.82,1,1,1.0
413,287,1104.49,469.01,91.52,52.20,1,1,1.0
413,341,692.82,129.56,64.31,105.44,1,1,1.0
413,383,1149.26,327.38,36.99,83.88,1,1,1.0
413,389,980.85,174.11,108.24,100.00,1,1,1.0
413,391,845.26,228.28,138.59,96.35,1,1,1.0
413,448,102.01,190.50,23.67,27.26,1,1,1.0
413,454,698.86,0.05,103.91,58.38,1,1,1.0
413,460,414.84,166.40,22.19,37.05,1,1,1.0
413,463,1616.53,0.00,39.43,36.55,1,1,1.0
413,468,1109.92,167.44,31.88,63.10,1,1,1.0
413,471,1012.01,463.63,24.80,40.71,1,1,1.0
413,472,79.50,267.27,18.23,27.63,1,1,1.0
413,473,165.77,163.04,23.42,37.32,1,1,1.0
414,47,1287.68,396.95,108.98,170.77,1,1,1.0
414,81,1132.91,526.90,40.89,67.47,1,1,1.0
414,117,1054.36,481.40,88.63,143.47,1,1,1.0
414,195,1166.43,68.09,132.94,242.42,1,1,1.0
414,208,1186.81,404.40,79.63,88.18,1,1,1.0
414,287,1106.32,470.36,86.15,55.12,1,1,1.0
414,341,693.08,134.01,65.32,105.82,1,1,1.0
414,383,1153.23,330.97,35.04,85.22,1,1,1.0
414,389,984.26,177.84,105.04,100.15,1,1,1.0
414,391,848.29,231.75,138.07,97.05,1,1,1.0
414,448,99.02,194.07,22.19,29.79,1,1,1.0
414,454,696.75,0.02,102.73,60.59,1,1,1.0
414,460,410.73,170.14,22.87,42.40,1,1,1.0
414,463,1611.34,0.00,43.36,42.85,1,1,1.0
414,471,1012.41,463.92,27.42,44.03,1,1,1.0
414,472,74.70,271.89,18.70,26.60,1,1,1.0
414,474,738.76,28.36,62.77,32.93,1,1,1.0
414,475,698.26,0.00,52.97,37.27,1,1,1.0
415,47,1287.36,400.43,109.50,170.28,1,1,1.0
415,81,1132.86,529.09,40.24,65.07,1,1,1.0
415,117,1054.31,484.12,89.45,144.65,1,1,1.0
415,195,1165.54,79.47,136.63,233.78,1,1,1.0
415,208,1187.79,406.91,80.95,90.41,1,1,1.0
415,287,1106.30,475.59,99.60,54.12,1,1,1.0
415,341,695.07,138.36,63.82,103.75,1,1,1.0
415,383,1155.82,335.51,35.09,83.83,1,1,1.0
415,389,986.78,168.72,112.03,113.83,1,1,1.0
415,391,852.24,234.50,132.47,95.75,1,1,1.0
415,448,94.96,197.56,24.68,27.43,1,1,1.0
415,454,701.35,0.00,103.32,64.15,1,1,1.0
415,463,1612.62,-0.00,42.43,44.51,1,1,1.0
415,472,71.15,274.78,18.54,25.63,1,1,1.0
415,476,979.19,481.42,54.36,38.72,1,1,1.0
415,477,1115.96,175.06,33.54,60.43,1,1,1.0
415,478,93.12,290.92,19.10,25.93,1,1,1.0
415,479,158.65,169.69,23.49,36.32,1,1,1.0
416,47,1287.88,409.08,107.49,166.90,1,1,1.0
416,81,1133.12,535.09,40.67,67.79,1,1,1.0
416,117,1055.68,489.62,90.38,145.57,1,1,1.0
416,195,1171.09,86.71,139.08,233.15,1,1,1.0
416,208,1187.56,414.07,80.54,89.56,1,1,1.0
416,287,1105.77,480.76,88.87,55.08,1,1,1.0
416,341,696.60,144.24,64.52,103.82,1,1,1.0
416,383,1158.84,343.41,34.62,80.14,1,1,1.0
416,389,989.66,176.22,111.39,111.57,1,1,1.0
416,391,850.83,242.83,134.04,96.56,1,1,1.0
416,448,86.05,202.08,25.25,27.84,1,1,1.0
416,454,703.16,0.00,102.71,71.68,1,1,1.0
416,463,1613.82,0.07,37.65,49.69,1,1,1.0
416,477,1121.12,180.28,29.29,59.53,1,1,1.0
416,480,78.59,225.36,18.56,31.11,1,1,1.0
416,481,62.68,278.81,18.21,27.81,1,1,1.0
416,482,763.69,90.53,41.64,40.55,1,1,1.0
416,483,114.04,201.99,18.11,28.09,1,1,1.0
416,484,400.45,180.35,21.73,35.10,1,1,1.0
416,485,705.00,0.00,54.58,47.70,1,1,1.0
416,486,1014.67,477.16,23.69,37.51,1,1,1.0
416,487,1644.73,0.87,29.82,62.35,1,1,1.0
417,47,1285.83,411.54,109.29,167.54,1,1,1.0
417,81,1132.88,538.39,39.63,65.97,1,1,1.0
417,117,1055.79,492.90,88.55,143.75,1,1,1.0
417,195,1175.70,51.50,136.70,270.15,1,1,1.0
417,208,1187.55,416.83,78.06,88.15,1,1,1.0
417,287,1105.82,485.86,88.66,52.37,1,1,1.0
417,341,697.68,148.04,62.58,105.31,1,1,1.0
417,383,1159.78,345.65,34.00,82.91,1,1,1.0
417,389,989.41,179.37,115.34,111.03,1,1,1.0
417,391,854.91,246.04,130.53,95.74,1,1,1.0
417,448,82.29,204.07,23.95,28.15,1,1,1.0
417,463,1609.16,0.16,38.78,58.66,1,1,1.0
417,477,1123.06,187.32,26.78,55.23,1,1,1.0
417,480,72.62,226.53,19.94,33.14,1,1,1.0
417,481,57.49,282.19,19.82,25.85,1,1,1.0
417,482,762.94,92.73,43.90,43.41,1,1,1.0
417,484,395.82,182.54,22.86,36.75,1,1,1.0
417,486,1015.89,477.58,23.25,38.81,1,1,1.0
417,487,1643.62,0.95,30.04,65.23,1,1,1.0
417,488,146.10,178.83,22.70,35.41,1,1,1.0
417,489,978.42,491.43,57.58,41.99,1,1,1.0
417,490,744.49,43.83,58.77,30.84,1,1,1.0
418,47,1285.74,414.64,109.18,166.64,1,1,1.0
418,81,1132.52,540.17,41.16,70.15,1,1,1.0
418,117,1055.90,496.01,88.36,143.30,1,1,1.0
418,195,1174.25,80.33,140.49,246.36,1,1,1.0
418,208,1187.12,419.36,78.04,87.44,1,1,1.0
418,287,1105.50,487.74,87.82,53.27,1,1,1.0
418,341,698.98,150.30,62.33,104.75,1,1,1.0
418,383,1160.01,347.70,34.72,81.03,1,1,1.0
418,389,991.00,181.91,113.87,112.95,1,1,1.0
418,391,856.72,247.95,129.80,95.46,1,1,1.0
418,448,78.38,206.15,24.43,27.83,1,1,1.0
418,463,1608.41,3.20,38.87,57.51,1,1,1.0
418,477,1123.29,188.40,27.53,57.20,1,1,1.0
418,480,68.20,229.63,22.88,31.13,1,1,1.0
418,481,53.20,285.27,17.78,25.99,1,1,1.0
418,482,766.50,96.59,40.99,42.29,1,1,1.0
418,486,1015.66,478.85,23.95,40.87,1,1,1.0
418,488,141.07,179.49,25.50,37.39,1,1,1.0
418,489,976.97,492.54,61.41,44.22,1,1,1.0
418,490,750.50,45.81,52.85,31.05,1,1,1.0
418,491,77.55,301.58,17.53,23.01,1,1,1.0
418,492,1131.10,540.59,45.44,91.81,1,1,1.0
419,47,1285.33,415.68,109.64,167.87,1,1,1.0
419,81,1133.34,542.39,40.64,66.99,1,1,1.0
419,117,1055.96,498.06,89.91,142.58,1,1,1.0
419,195,1177.32,86.62,138.51,242.72,1,1,1.0
419,208,1186.50,420.98,77.15,89.39,1,1,1.0
419,287,1106.06,489.85,88.06,51.36,1,1,1.0
419,341,699.18,153.02,62.46,103.15,1,1,1.0
419,383,1161.47,355.72,34.95,74.30,1,1,1.0
419,389,992.91,183.04,112.73,113.42,1,1,1.0
419,391,858.29,249.59,129.72,95.11,1,1,1.0
419,448,72.51,208.08,24.57,26.61,1,1,1.0
419,477,1124.98,192.24,29.44,63.52,1,1,1.0
419,480,63.26,232.11,23.36,30.39,1,1,1.0
419,481,49.20,284.68,17.90,28.13,1,1,1.0
419,482,765.22,99.59,43.58,43.68,1,1,1.0
419,488,137.34,181.79,22.58,35.12,1,1,1.0
419,491,73.24,301.82,16.93,25.02,1,1,1.0
419,493,697.34,0.00,106.63,77.80,1,1,1.0
419,494,700.27,0.00,69.10,65.25,1,1,1.0
419,495,389.03,185.74,20.06,33.28,1,1,1.0
419,496,58.35,163.71,15.53,17.89,1,1,1.0
420,47,1285.08,417.26,109.53,167.79,1,1,1.0
420,81,1135.65,545.02,37.85,63.96,1,1,1.0
420,117,1056.47,499.06,90.93,143.31,1,1,1.0
420,195,1188.66,90.39,130.50,242.28,1,1,1.0
420,208,1186.82,421.69,79.06,90.85,1,1,1.0
420,287,1107.81,491.89,94.90,53.18,1,1,1.0
420,341,699.92,154.08,63.02,104.07,1,1,1.0
420,383,1162.82,352.76,37.08,81.78,1,1,1.0
420,389,995.10,186.76,113.42,111.74,1,1,1.0
420,391,859.19,251.66,128.49,95.47,1,1,1.0
420,448,70.52,209.45,22.09,29.30,1,1,1.0
420,477,1125.77,192.01,30.25,62.07,1,1,1.0
420,480,60.53,232.69,19.74,30.12,1,1,1.0
420,482,768.96,101.22,42.89,40.40,1,1,1.0
420,493,698.82,-0.00,104.99,79.55,1,1,1.0
421,47,1286.73,417.43,108.45,167.66,1,1,1.0
421,81,1135.60,543.98,46.01,109.44,1,1,1.0
421,117,1060.29,499.55,89.08,141.76,1,1,1.0
421,195,1188.65,96.80,138.30,232.99,1,1,1.0
421,208,1189.27,420.73,78.95,92.16,1,1,1.0
421,287,1110.23,492.21,95.31,51.82,1,1,1.0
421,341,705.19,153.72,61.94,102.76,1,1,1.0
421,383,1169.23,353.42,36.66,79.21,1,1,1.0
421,389,1002.15,192.36,109.48,104.78,1,1,1.0
421,391,859.24,251.43,131.34,93.97,1,1,1.0
421,448,61.59,208.52,23.25,26.10,1,1,1.0
421,477,1136.45,193.58,26.83,61.02,1,1,1.0
421,480,53.00,232.11,20.74,30.10,1,1,1.0
421,493,696.30,0.00,109.85,80.44,1,1,1.0
421,497,125.29,180.36,26.19,37.98,1,1,1.0
421,498,696.31,0.00,87.07,69.69,1,1,1.0
421,499,37.78,285.46,18.14,27.65,1,1,1.0
421,500,59.79,302.09,18.53,26.63,1,1,1.0
421,501,772.77,100.87,43.12,39.34,1,1,1.0
421,502,1046.10,489.24,20.28,54.47,1,1,1.0
422,47,1288.51,414.24,105.83,168.85,1,1,1.0
422,81,1137.31,541.41,40.28,70.68,1,1,1.0
422,117,1062.00,498.91,88.83,141.36,1,1,1.0
422,195,1190.91,91.24,139.81,237.91,1,1,1.0
422,208,1190.74,420.87,79.54,90.76,1,1,1.0
422,287,1111.80,491.03,89.35,51.32,1,1,1.0
422,341,708.15,152.44,61.06,103.13,1,1,1.0
422,383,1172.34,350.16,36.90,82.57,1,1,1.0
422,389,1006.12,188.88,110.33,108.27,1,1,1.0
422,391,861.62,251.10,131.04,93.63,1,1,1.0
422,448,57.18,205.00,25.06,28.35,1,1,1.0
422,477,1136.63,192.25,28.87,70.16,1,1,1.0
422,480,46.59,228.36,22.38,31.58,1,1,1.0
422,493,699.12,0.17,108.58,79.24,1,1,1.0
422,497,121.79,178.82,22.27,36.85,1,1,1.0
422,499,32.57,281.00,19.58,29.40,1,1,1.0
422,500,56.95,299.68,17.43,25.99,1,1,1.0
422,501,774.54,99.18,44.56,41.21,1,1,1.0
422,503,374.77,185.22,21.04,34.63,1,1,1.0
423,47,1290.41,413.04,105.18,167.39,1,1,1.0
423,81,1140.04,539.76,37.32,70.44,1,1,1.0
423,117,1064.69,495.01,88.37,141.61,1,1,1.0
423,195,1201.42,91.41,135.55,232.14,1,1,1.0
423,208,1193.36,418.41,78.58,88.37,1,1,1.0
423,287,1113.58,488.05,82.99,49.44,1,1,1.0
423,341,710.11,148.16,62.70,103.37,1,1,1.0
423,383,1175.62,346.15,36.15,79.63,1,1,1.0
423,389,1009.66,181.87,109.18,111.30,1,1,1.0
423,391,864.76,248.48,129.53,93.53,1,1,1.0
423,448,53.19,200.31,24.87,29.52,1,1,1.0
423,480,44.34,224.42,20.60,29.77,1,1,1.0
423,493,705.50,0.00,90.16,65.12,1,1,1.0
423,497,118.50,173.80,23.71,35.70,1,1,1.0
423,499,29.16,277.31,18.05,28.05,1,1,1.0
423,501,779.56,94.76,43.65,40.89,1,1,1.0
423,503,371.29,180.63,21.65,37.45,1,1,1.0
423,504,253.24,271.91,17.40,25.03,1,1,1.0
424,47,1291.90,409.47,106.28,168.05,1,1,1.0
424,117,1067.66,492.96,87.21,138.25,1,1,1.0
424,195,1204.54,83.97,138.61,235.77,1,1,1.0
424,208,1195.53,414.61,77.78,89.34,1,1,1.0
424,287,1116.68,483.24,89.69,51.57,1,1,1.0
424,341,713.74,144.66,60.64,104.26,1,1,1.0
424,383,1178.16,344.84,37.79,79.91,1,1,1.0
424,389,1015.78,190.07,106.08,100.65,1,1,1.0
424,391,866.48,246.09,130.03,93.10,1,1,1.0
424,448,49.48,195.71,25.20,27.96,1,1,1.0
424,480,40.87,218.21,22.65,28.87,1,1,1.0
424,493,711.78,0.00,88.96,61.68,1,1,1.0
424,497,115.18,167.99,23.60,36.59,1,1,1.0
424,499,26.45,271.68,18.82,28.01,1,1,1.0
424,503,369.80,176.42,20.87,35.75,1,1,1.0
424,504,252.02,267.08,17.17,23.13,1,1,1.0
424,505,1148.91,185.09,28.36,61.87,1,1,1.0
424,506,48.16,289.43,19.42,26.36,1,1,1.0
424,507,1615.01,6.91,40.78,54.59,1,1,1.0
424,508,783.51,91.58,44.69,39.89,1,1,1.0
425,47,1294.96,401.84,104.55,169.60,1,1,1.0
425,117,1070.16,486.07,87.76,138.76,1,1,1.0
425,195,1212.46,81.21,136.62,234.62,1,1,1.0
425,208,1197.21,410.29,78.29,86.16,1,1,1.0
425,341,717.15,137.94,62.02,106.32,1,1,1.0
425,383,1185.15,339.11,35.65,79.59,1,1,1.0
425,389,1019.37,174.20,114.83,108.17,1,1,1.0
425,391,869.92,239.97,130.60,88.66,1,1,1.0
425,448,47.68,186.83,22.84,29.28,1,1,1.0
425,480,39.76,211.89,21.33,30.18,1,1,1.0
425,493,718.24,-0.00,88.49,55.91,1,1,1.0
425,497,113.10,160.10,23.85,37.20,1,1,1.0
425,499,22.18,263.27,18.49,28.25,1,1,1.0
425,503,366.78,167.36,21.61,36.69,1,1,1.0
425,505,1153.47,180.77,27.08,60.12,1,1,1.0
425,506,45.69,282.01,17.97,26.32,1,1,1.0
425,508,785.32,86.24,45.91,39.58,1,1,1.0
425,509,47.18,152.01,15.84,33.29,1,1,1.0
425,510,1144.22,528.39,37.58,66.77,1,1,1.0
425,511,1599.76,0.00,33.38,38.36,1,1,1.0
426,47,1302.37,381.78,105.22,166.34,1,1,1.0
426,117,1079.08,463.13,88.15,137.87,1,1,1.0
426,195,1230.68,51.03,135.73,243.56,1,1,1.0
426,208,1205.42,387.37,79.89,86.99,1,1,1.0
426,341,728.84,112.26,60.96,105.24,1,1,1.0
426,383,1196.19,314.93,37.79,78.76,1,1,1.0
426,389,1032.87,154.95,113.32,106.10,1,1,1.0
426,391,879.39,215.41,130.29,92.42,1,1,1.0
426,493,736.20,0.05,84.44,34.43,1,1,1.0
426,509,46.39,158.87,22.63,28.09,1,1,1.0
426,512,109.48,132.35,24.97,38.22,1,1,1.0
426,513,1128.28,454.38,96.74,52.34,1,1,1.0
426,514,1167.68,155.99,27.80,58.15,1,1,1.0
426,515,18.82,233.82,19.43,32.56,1,1,1.0
426,516,42.77,254.21,18.74,26.17,1,1,1.0
426,517,1629.34,0.00,38.15,34.22,1,1,1.0
426,518,365.69,139.94,19.92,35.93,1,1,1.0
426,519,245.46,231.69,15.00,23.12,1,1,1.0
426,520,799.26,59.60,44.56,40.13,1,1,1.0
426,521,34.26,181.24,22.76,32.92,1,1,1.0
