1,1,830.11,557.24,52.59,84.35,1,1,1.0
1,77,412.04,113.99,22.82,23.29,1,1,1.0
1,78,1073.11,439.22,46.77,78.92,1,1,1.0
1,79,1328.46,144.44,49.75,87.93,1,1,1.0
1,80,1021.30,423.40,41.30,48.20,1,1,1.0
1,82,958.72,617.22,75.00,67.11,1,1,1.0
1,83,618.72,451.26,25.69,32.17,1,1,1.0
1,87,948.06,600.54,23.04,21.56,1,1,1.0
1,88,818.75,416.41,15.25,30.09,1,1,1.0
2,1,832.30,556.91,55.09,83.14,1,1,1.0
2,77,415.67,113.31,22.76,23.20,1,1,1.0
2,78,1075.32,438.72,47.03,79.34,1,1,1.0
2,79,1331.10,143.88,52.62,88.36,1,1,1.0
2,80,1023.40,418.58,45.10,53.32,1,1,1.0
2,82,960.39,615.70,76.34,69.05,1,1,1.0
2,83,621.35,450.98,27.68,31.41,1,1,1.0
2,87,949.55,600.54,23.04,21.56,1,1,1.0
2,88,821.69,417.48,15.26,30.09,1,1,1.0
3,1,835.17,556.80,55.13,83.04,1,1,1.0
3,77,418.94,112.86,22.71,23.13,1,1,1.0
3,78,1078.96,439.62,46.47,77.74,1,1,1.0
3,79,1334.25,141.62,51.70,91.09,1,1,1.0
3,80,1024.20,418.21,47.28,51.39,1,1,1.0
3,82,962.77,615.15,76.88,68.80,1,1,1.0
3,83,627.34,451.72,23.18,26.93,1,1,1.0
3,87,953.04,598.26,23.26,21.80,1,1,1.0
3,88,824.91,415.87,15.25,30.09,1,1,1.0
4,1,839.04,556.91,52.99,82.76,1,1,1.0
4,77,421.63,112.41,22.65,23.05,1,1,1.0
4,78,1081.83,439.22,46.23,78.26,1,1,1.0
4,79,1338.15,142.36,49.94,87.90,1,1,1.0
4,80,1030.30,418.20,42.50,53.10,1,1,1.0
4,82,965.49,614.49,75.62,69.34,1,1,1.0
4,83,628.34,452.54,18.97,27.80,1,1,1.0
4,87,956.54,595.98,23.48,22.04,1,1,1.0
4,88,827.18,416.27,15.25,30.10,1,1,1.0
5,1,840.87,556.07,52.75,83.53,1,1,1.0
5,77,423.28,111.96,22.59,22.98,1,1,1.0
5,78,1084.20,439.08,45.89,77.29,1,1,1.0
5,79,1340.22,141.43,50.55,88.60,1,1,1.0
5,80,1032.00,418.18,43.15,53.52,1,1,1.0
5,82,967.76,614.33,75.50,69.29,1,1,1.0
5,83,631.59,451.82,18.97,27.80,1,1,1.0
5,87,958.92,594.27,23.70,22.27,1,1,1.0
5,88,829.59,415.20,15.25,30.09,1,1,1.0
6,1,845.11,556.09,51.59,83.31,1,1,1.0
6,77,427.19,111.75,22.52,22.90,1,1,1.0
6,78,1088.04,437.18,45.49,78.29,1,1,1.0
6,79,1343.33,140.45,51.10,88.86,1,1,1.0
6,80,1035.30,419.50,42.71,50.60,1,1,1.0
6,82,971.54,614.63,75.51,68.29,1,1,1.0
6,83,635.91,452.90,18.97,27.80,1,1,1.0
6,87,962.54,594.65,23.92,22.52,1,1,1.0
6,88,833.34,414.53,15.25,30.09,1,1,1.0
7,1,846.53,555.68,52.67,82.93,1,1,1.0
7,77,428.82,111.29,22.47,22.82,1,1,1.0
7,78,1089.22,436.93,46.96,78.79,1,1,1.0
7,79,1345.31,139.83,51.01,89.44,1,1,1.0
7,80,1038.10,419.50,41.60,51.50,1,1,1.0
7,82,973.46,614.38,76.07,68.46,1,1,1.0
7,83,637.72,453.26,18.97,27.80,1,1,1.0
7,87,965.32,594.58,24.14,22.75,1,1,1.0
7,88,835.22,414.26,15.28,27.44,1,1,1.0
8,1,846.67,555.45,53.80,83.41,1,1,1.0
8,77,429.43,111.30,22.41,22.74,1,1,1.0
8,78,1089.94,437.46,47.13,78.43,1,1,1.0
8,79,1346.49,139.04,52.48,90.47,1,1,1.0
8,80,1039.10,419.50,42.29,51.30,1,1,1.0
8,82,974.64,613.88,75.80,68.90,1,1,1.0
8,83,636.84,450.80,25.26,30.94,1,1,1.0
8,87,966.70,595.61,24.35,23.00,1,1,1.0
8,88,836.29,414.93,15.28,27.44,1,1,1.0
9,1,846.49,554.41,53.01,84.40,1,1,1.0
9,77,429.06,111.29,22.35,22.66,1,1,1.0
9,78,1089.54,436.85,47.21,78.13,1,1,1.0
9,79,1346.37,139.00,51.75,90.66,1,1,1.0
9,80,1038.20,419.02,41.26,51.28,1,1,1.0
9,82,974.06,613.70,75.83,68.88,1,1,1.0
9,83,636.84,450.80,25.26,30.94,1,1,1.0
9,87,966.09,594.79,24.57,23.23,1,1,1.0
9,88,834.41,414.93,15.29,27.44,1,1,1.0
10,1,845.96,554.76,52.78,83.61,1,1,1.0
10,77,427.99,110.79,22.30,22.58,1,1,1.0
10,78,1088.99,436.50,46.80,77.84,1,1,1.0
10,79,1345.31,138.29,51.90,89.90,1,1,1.0
10,80,1037.20,417.09,40.81,52.41,1,1,1.0
10,82,973.02,612.87,75.83,68.56,1,1,1.0
10,83,635.76,450.44,25.26,30.94,1,1,1.0
10,87,964.62,594.39,24.80,23.48,1,1,1.0
10,88,834.53,413.18,15.29,27.44,1,1,1.0
11,1,843.88,554.83,51.30,83.35,1,1,1.0
11,77,424.64,109.82,22.24,22.50,1,1,1.0
11,78,1086.99,436.03,44.50,77.54,1,1,1.0
11,79,1342.76,137.59,49.81,88.73,1,1,1.0
11,80,1034.70,416.46,41.71,52.04,1,1,1.0
11,82,969.81,613.46,76.04,66.92,1,1,1.0
11,83,632.87,449.36,25.26,30.94,1,1,1.0
11,87,960.66,593.62,25.01,23.72,1,1,1.0
11,88,831.10,412.86,15.28,27.43,1,1,1.0
12,1,841.01,553.85,52.87,84.07,1,1,1.0
12,77,421.69,108.87,22.18,22.43,1,1,1.0
12,78,1085.62,435.20,44.82,77.84,1,1,1.0
12,79,1340.88,136.68,49.95,88.75,1,1,1.0
12,80,1031.80,415.18,44.11,54.02,1,1,1.0
12,82,968.78,612.98,75.30,68.10,1,1,1.0
12,83,630.94,449.47,22.26,29.06,1,1,1.0
12,87,961.48,592.86,25.23,23.95,1,1,1.0
12,88,829.48,412.82,15.29,27.43,1,1,1.0
13,1,839.67,553.56,53.54,84.00,1,1,1.0
13,77,420.09,107.96,22.12,22.35,1,1,1.0
13,78,1084.30,433.82,45.38,78.51,1,1,1.0
13,79,1340.11,136.08,49.78,88.16,1,1,1.0
13,80,1033.00,414.94,42.45,52.46,1,1,1.0
13,82,966.77,612.64,75.94,67.52,1,1,1.0
13,83,628.54,448.64,25.26,30.94,1,1,1.0
13,87,958.58,593.31,25.46,24.20,1,1,1.0
13,88,829.09,412.22,15.28,27.44,1,1,1.0
14,1,838.04,553.28,53.86,84.08,1,1,1.0
14,77,418.12,106.61,22.07,22.27,1,1,1.0
14,78,1082.06,431.52,46.67,81.68,1,1,1.0
14,79,1338.39,133.17,50.78,91.24,1,1,1.0
14,80,1031.90,414.70,42.11,50.00,1,1,1.0
14,82,964.41,611.45,76.40,68.97,1,1,1.0
14,83,625.66,447.55,25.26,30.94,1,1,1.0
14,87,958.08,593.10,25.68,24.43,1,1,1.0
14,88,828.22,411.92,15.28,27.44,1,1,1.0
15,1,836.17,552.96,55.35,83.71,1,1,1.0
15,77,417.48,106.03,22.00,22.19,1,1,1.0
15,78,1081.47,430.69,46.66,81.86,1,1,1.0
15,79,1337.68,132.33,51.40,91.95,1,1,1.0
15,80,1030.50,414.46,42.06,52.84,1,1,1.0
15,82,963.69,611.04,76.60,68.47,1,1,1.0
15,83,623.86,447.19,25.26,30.94,1,1,1.0
15,87,957.59,592.88,25.89,24.67,1,1,1.0
15,88,827.45,411.35,15.28,27.44,1,1,1.0
16,1,833.47,552.50,54.57,83.03,1,1,1.0
16,77,413.64,105.23,21.95,22.11,1,1,1.0
16,78,1078.09,431.57,46.09,79.83,1,1,1.0
16,79,1334.08,132.32,52.12,90.05,1,1,1.0
16,80,1027.50,413.49,41.68,50.61,1,1,1.0
16,82,961.17,611.56,77.05,65.59,1,1,1.0
16,83,618.81,446.83,25.26,30.94,1,1,1.0
16,87,953.40,591.89,26.12,24.91,1,1,1.0
16,88,825.68,409.68,15.28,27.44,1,1,1.0
17,1,831.95,551.65,55.01,83.44,1,1,1.0
17,77,412.25,105.40,21.88,22.04,1,1,1.0
17,78,1077.30,431.26,46.27,79.91,1,1,1.0
17,79,1333.11,132.26,52.12,90.15,1,1,1.0
17,80,1027.60,413.49,40.13,52.11,1,1,1.0
17,82,960.49,611.52,76.28,65.47,1,1,1.0
17,83,617.72,447.19,25.26,30.94,1,1,1.0
17,87,951.29,592.46,26.33,25.15,1,1,1.0
17,88,825.15,410.01,15.28,27.44,1,1,1.0
18,1,829.94,552.03,54.28,83.18,1,1,1.0
18,77,410.58,105.30,21.83,21.96,1,1,1.0
18,78,1074.68,431.22,47.60,79.03,1,1,1.0
18,79,1331.47,131.57,52.80,89.93,1,1,1.0
18,80,1025.00,413.49,41.30,50.41,1,1,1.0
18,82,959.81,611.16,74.83,66.28,1,1,1.0
18,83,615.08,449.07,25.32,28.28,1,1,1.0
18,87,950.46,592.18,26.55,25.39,1,1,1.0
18,88,823.34,410.33,15.28,27.43,1,1,1.0
19,1,829.14,551.73,54.47,83.40,1,1,1.0
19,77,409.87,104.94,21.77,21.88,1,1,1.0
19,78,1074.25,431.15,47.59,78.38,1,1,1.0
19,79,1331.35,131.99,52.62,89.02,1,1,1.0
19,80,1028.00,413.97,36.85,49.73,1,1,1.0
19,82,959.49,610.33,74.83,66.89,1,1,1.0
19,83,612.20,448.07,22.52,27.88,1,1,1.0
19,87,949.62,591.91,26.77,25.63,1,1,1.0
19,88,824.19,410.08,15.28,27.44,1,1,1.0
20,1,829.14,550.55,53.25,85.21,1,1,1.0
20,77,409.83,104.58,21.71,21.80,1,1,1.0
20,78,1074.12,430.89,47.09,77.94,1,1,1.0
20,79,1331.41,131.29,52.26,88.85,1,1,1.0
20,80,1027.20,413.73,37.41,46.17,1,1,1.0
20,82,958.82,607.59,76.30,69.27,1,1,1.0
20,83,612.04,446.01,25.26,30.94,1,1,1.0
20,87,948.78,591.63,26.99,25.87,1,1,1.0
20,88,825.40,409.84,15.28,27.44,1,1,1.0
21,1,828.96,551.47,53.05,83.34,1,1,1.0
21,77,410.20,104.22,21.65,21.72,1,1,1.0
21,78,1072.54,429.34,48.76,79.10,1,1,1.0
21,79,1331.08,131.17,53.53,89.14,1,1,1.0
21,80,1029.00,413.49,35.37,44.11,1,1,1.0
21,82,959.24,609.65,74.72,67.36,1,1,1.0
21,83,609.79,445.39,25.26,30.94,1,1,1.0
21,87,947.94,591.35,27.21,26.11,1,1,1.0
21,88,826.68,410.17,15.28,27.44,1,1,1.0
22,1,828.33,551.71,53.38,83.68,1,1,1.0
22,77,409.57,104.10,21.59,21.64,1,1,1.0
22,78,1072.17,430.01,48.83,78.67,1,1,1.0
22,79,1330.32,130.83,54.99,89.82,1,1,1.0
22,80,1027.70,413.01,37.63,43.09,1,1,1.0
22,82,958.94,610.08,74.54,67.28,1,1,1.0
22,83,607.62,445.03,25.27,30.94,1,1,1.0
22,87,947.11,591.07,27.42,26.35,1,1,1.0
22,88,827.20,410.21,15.29,27.44,1,1,1.0
23,1,828.88,552.01,53.13,84.01,1,1,1.0
23,77,410.96,104.40,21.53,21.56,1,1,1.0
23,78,1072.53,430.18,48.72,78.35,1,1,1.0
23,79,1330.19,131.25,54.98,89.45,1,1,1.0
23,80,1031.10,412.53,35.20,43.27,1,1,1.0
23,82,959.08,610.45,75.02,67.00,1,1,1.0
23,83,606.90,446.47,25.26,30.94,1,1,1.0
23,87,946.27,590.79,27.65,26.59,1,1,1.0
23,88,828.12,410.53,15.28,27.43,1,1,1.0
24,1,829.37,551.93,53.08,83.79,1,1,1.0
24,77,412.02,104.32,21.48,21.49,1,1,1.0
24,78,1073.34,430.54,49.04,77.67,1,1,1.0
24,79,1331.59,132.61,53.89,87.78,1,1,1.0
24,80,1033.30,412.04,33.96,42.96,1,1,1.0
24,82,959.59,610.25,75.00,67.32,1,1,1.0
24,83,605.46,446.47,25.26,30.94,1,1,1.0
24,87,946.50,591.11,27.87,26.83,1,1,1.0
24,88,830.79,411.11,15.29,27.44,1,1,1.0
25,1,828.48,551.40,54.37,84.58,1,1,1.0
25,77,413.37,104.60,21.42,21.41,1,1,1.0
25,78,1074.96,430.31,47.37,77.85,1,1,1.0
25,79,1332.56,130.84,53.49,89.46,1,1,1.0
25,80,1033.70,412.04,34.53,40.16,1,1,1.0
25,82,958.98,610.79,76.19,66.80,1,1,1.0
25,83,604.02,447.19,25.26,30.94,1,1,1.0
25,87,947.92,591.85,28.08,27.06,1,1,1.0
25,88,833.52,411.39,15.28,27.44,1,1,1.0
26,1,829.99,550.93,55.65,83.79,1,1,1.0
26,77,416.51,103.87,21.36,21.33,1,1,1.0
26,78,1079.17,428.14,44.58,79.49,1,1,1.0
26,79,1336.60,129.58,51.57,89.74,1,1,1.0
26,80,1039.00,412.04,30.20,35.56,1,1,1.0
26,82,961.70,612.07,76.19,66.80,1,1,1.0
26,83,603.30,445.75,25.26,30.94,1,1,1.0
26,87,950.95,591.47,28.31,27.30,1,1,1.0
26,88,839.07,412.22,15.29,27.44,1,1,1.0
27,1,832.07,550.38,54.88,84.25,1,1,1.0
27,77,419.30,102.55,21.30,21.25,1,1,1.0
27,78,1080.87,427.44,45.52,80.09,1,1,1.0
27,79,1339.46,129.49,50.11,88.32,1,1,1.0
27,80,1043.20,411.56,27.44,34.64,1,1,1.0
27,82,963.00,611.20,76.19,66.80,1,1,1.0
27,83,602.58,445.39,25.26,30.94,1,1,1.0
27,87,950.62,591.86,28.53,27.55,1,1,1.0
27,88,843.39,411.91,15.28,27.44,1,1,1.0
28,1,832.75,550.56,54.98,84.68,1,1,1.0
28,77,421.16,101.70,21.24,21.18,1,1,1.0
28,78,1083.16,427.52,44.77,80.42,1,1,1.0
28,79,1341.33,129.64,50.60,87.93,1,1,1.0
28,80,1045.70,411.80,27.12,33.30,1,1,1.0
28,82,964.29,610.34,76.19,66.80,1,1,1.0
28,83,601.86,445.39,25.26,30.94,1,1,1.0
28,87,953.37,592.67,28.74,27.79,1,1,1.0
28,88,847.71,411.60,15.28,27.43,1,1,1.0
29,1,833.95,551.63,55.04,84.03,1,1,1.0
29,77,422.09,101.70,21.24,21.18,1,1,1.0
29,78,1084.63,428.25,46.09,79.79,1,1,1.0
29,79,1343.61,127.02,50.88,90.32,1,1,1.0
29,80,1049.00,412.04,25.99,29.76,1,1,1.0
29,82,967.76,610.34,76.19,66.80,1,1,1.0
29,83,601.49,446.11,25.26,30.94,1,1,1.0
29,87,955.06,591.99,28.96,28.02,1,1,1.0
29,88,852.02,411.28,15.29,27.44,1,1,1.0
30,1,834.75,552.34,55.30,83.96,1,1,1.0
30,77,422.09,101.70,21.24,21.18,1,1,1.0
30,78,1088.12,428.55,43.44,79.06,1,1,1.0
30,79,1345.83,127.91,51.45,89.33,1,1,1.0
30,80,1056.90,410.60,18.57,28.30,1,1,1.0
30,82,966.50,610.63,76.97,66.62,1,1,1.0
30,83,600.77,445.39,25.26,30.94,1,1,1.0
30,87,957.19,592.44,29.19,28.27,1,1,1.0
30,88,856.34,410.97,15.28,27.43,1,1,1.0
31,1,836.65,551.24,55.31,85.19,1,1,1.0
31,78,1093.44,428.67,42.00,79.33,1,1,1.0
31,79,1350.91,125.50,57.05,91.33,1,1,1.0
31,80,1063.40,410.60,15.94,24.60,1,1,1.0
31,82,970.59,611.06,76.10,66.83,1,1,1.0
31,83,601.49,445.75,25.26,30.94,1,1,1.0
31,84,1057.04,543.97,48.96,47.43,1,1,1.0
31,87,957.85,592.54,29.40,28.50,1,1,1.0
31,88,860.66,410.65,15.28,27.44,1,1,1.0
32,1,838.17,551.51,54.57,85.31,1,1,1.0
32,78,1095.96,429.35,42.09,79.11,1,1,1.0
32,79,1353.71,129.42,54.17,86.98,1,1,1.0
32,82,971.34,611.56,77.13,66.85,1,1,1.0
32,83,601.85,445.75,25.26,30.94,1,1,1.0
32,84,1057.87,547.30,49.43,44.10,1,1,1.0
32,85,1449.18,176.25,18.02,30.04,1,1,1.0
32,87,961.60,593.41,29.62,28.75,1,1,1.0
32,88,864.97,410.34,15.29,27.43,1,1,1.0
33,1,840.83,550.86,53.42,86.03,1,1,1.0
33,78,1098.22,428.37,41.50,79.65,1,1,1.0
33,79,1356.32,128.93,50.34,88.88,1,1,1.0
33,82,973.28,611.48,76.51,65.86,1,1,1.0
33,83,599.69,446.47,25.26,30.94,1,1,1.0
33,84,1059.33,546.88,49.43,44.10,1,1,1.0
33,85,1447.16,177.06,18.03,30.03,1,1,1.0
33,87,963.53,595.87,29.85,28.98,1,1,1.0
33,88,868.79,410.47,15.28,27.44,1,1,1.0
34,1,842.12,550.98,53.58,85.52,1,1,1.0
34,78,1099.83,427.56,41.07,79.89,1,1,1.0
34,79,1356.94,130.26,52.78,86.78,1,1,1.0
34,82,974.86,610.49,76.53,67.30,1,1,1.0
34,83,598.61,446.47,25.26,30.94,1,1,1.0
34,84,1060.79,546.46,49.43,44.10,1,1,1.0
34,85,1445.96,176.86,18.02,30.03,1,1,1.0
34,87,964.38,595.91,30.06,29.23,1,1,1.0
34,88,872.61,410.60,15.28,27.44,1,1,1.0
35,1,843.02,551.61,53.46,85.32,1,1,1.0
35,78,1102.01,427.57,41.11,82.61,1,1,1.0
35,79,1360.19,130.52,52.14,86.00,1,1,1.0
35,82,976.02,611.62,77.41,66.23,1,1,1.0
35,83,599.69,445.75,25.26,30.94,1,1,1.0
35,84,1061.62,546.05,49.43,44.10,1,1,1.0
35,85,1444.75,176.86,18.02,30.03,1,1,1.0
35,87,965.22,595.96,30.29,29.46,1,1,1.0
35,88,876.42,410.74,15.29,27.43,1,1,1.0
36,1,844.36,550.93,56.14,84.23,1,1,1.0
36,78,1105.28,426.79,40.95,84.47,1,1,1.0
36,79,1364.60,136.68,50.17,79.79,1,1,1.0
36,82,974.90,610.57,77.35,64.91,1,1,1.0
36,83,597.53,446.47,25.26,30.94,1,1,1.0
36,84,1063.29,546.05,49.43,44.10,1,1,1.0
36,85,1442.94,177.26,18.02,30.04,1,1,1.0
36,87,966.56,595.99,30.50,29.71,1,1,1.0
36,88,880.24,410.87,15.28,27.44,1,1,1.0
37,1,844.41,550.47,57.41,84.38,1,1,1.0
37,78,1104.03,427.43,40.95,84.47,1,1,1.0
37,79,1369.11,139.24,49.89,79.46,1,1,1.0
37,82,979.49,610.57,77.35,64.91,1,1,1.0
37,83,597.89,445.75,25.26,30.94,1,1,1.0
37,84,1064.13,545.21,49.43,44.10,1,1,1.0
37,85,1442.33,177.06,18.03,30.03,1,1,1.0
37,87,967.89,596.02,30.72,29.95,1,1,1.0
37,88,884.06,411.01,15.28,27.43,1,1,1.0
38,1,845.88,549.46,57.04,85.23,1,1,1.0
38,78,1104.89,424.83,40.95,84.47,1,1,1.0
38,79,1371.55,141.77,48.26,75.17,1,1,1.0
38,82,982.83,610.16,77.35,64.91,1,1,1.0
38,83,598.61,446.47,25.26,30.94,1,1,1.0
38,84,1064.54,545.21,49.44,44.10,1,1,1.0
38,85,1440.72,177.26,18.03,30.04,1,1,1.0
38,87,969.22,596.06,30.94,30.18,1,1,1.0
38,88,887.87,411.14,15.29,27.44,1,1,1.0
39,1,847.10,549.05,57.00,85.48,1,1,1.0
39,78,1106.62,424.83,40.96,84.47,1,1,1.0
39,79,1373.53,143.65,46.59,74.06,1,1,1.0
39,82,982.02,612.21,77.35,64.91,1,1,1.0
39,83,598.97,445.03,25.26,30.94,1,1,1.0
39,84,1065.80,545.21,49.43,44.10,1,1,1.0
39,85,1439.11,177.06,18.03,30.03,1,1,1.0
39,87,970.55,596.09,31.16,30.42,1,1,1.0
39,88,891.69,411.28,15.28,27.43,1,1,1.0
40,1,847.35,549.39,56.78,86.12,1,1,1.0
40,78,1109.22,425.69,40.95,84.47,1,1,1.0
40,79,1375.02,141.24,46.59,74.06,1,1,1.0
40,82,983.39,612.41,77.78,64.74,1,1,1.0
40,83,597.53,446.11,25.26,30.94,1,1,1.0
40,84,1065.80,544.38,49.43,44.10,1,1,1.0
40,85,1438.51,176.25,18.02,30.04,1,1,1.0
40,87,971.88,596.12,31.38,30.66,1,1,1.0
40,88,895.51,411.41,15.28,27.44,1,1,1.0
41,1,850.25,549.02,56.08,86.80,1,1,1.0
41,78,1117.00,426.56,34.90,46.44,1,1,1.0
41,79,1376.80,154.20,46.54,61.10,1,1,1.0
41,82,987.44,614.94,76.21,63.30,1,1,1.0
41,83,596.80,446.83,25.26,30.94,1,1,1.0
41,84,1077.72,546.66,43.94,45.39,1,1,1.0
41,85,1437.30,177.86,18.03,27.44,1,1,1.0
41,87,975.53,596.11,31.60,30.90,1,1,1.0
41,88,899.32,411.54,15.29,27.44,1,1,1.0
42,1,851.62,550.07,56.25,85.98,1,1,1.0
42,78,1118.44,425.98,34.90,46.44,1,1,1.0
42,79,1379.30,162.90,45.77,53.26,1,1,1.0
42,82,988.29,614.90,76.65,63.08,1,1,1.0
42,83,597.17,447.19,25.26,30.94,1,1,1.0
42,84,1079.04,546.79,44.07,43.70,1,1,1.0
42,85,1436.10,178.06,18.02,27.44,1,1,1.0
42,87,973.57,595.19,33.57,38.44,1,1,1.0
42,88,903.14,411.68,15.28,27.43,1,1,1.0
43,1,852.47,550.37,55.68,86.61,1,1,1.0
43,78,1119.88,425.40,34.91,46.45,1,1,1.0
43,79,1381.90,163.77,45.77,53.26,1,1,1.0
43,82,989.71,615.09,76.40,63.55,1,1,1.0
43,83,601.13,448.27,25.26,30.94,1,1,1.0
43,84,1080.36,546.91,44.20,42.02,1,1,1.0
43,85,1435.09,179.07,18.02,27.44,1,1,1.0
43,87,973.94,594.80,34.38,40.62,1,1,1.0
43,88,906.96,411.81,15.28,27.44,1,1,1.0
44,1,855.80,548.95,53.13,88.85,1,1,1.0
44,78,1121.33,424.83,34.90,46.44,1,1,1.0
44,79,1383.63,164.63,45.77,53.26,1,1,1.0
44,82,992.20,614.45,75.92,64.21,1,1,1.0
44,83,599.33,448.28,25.26,30.94,1,1,1.0
44,84,1081.68,547.03,44.33,40.33,1,1,1.0
44,85,1434.89,179.07,18.02,27.44,1,1,1.0
44,87,975.36,595.21,36.52,41.64,1,1,1.0
44,88,910.77,411.95,15.29,27.43,1,1,1.0
45,1,856.43,549.64,54.31,87.41,1,1,1.0
45,78,1116.10,424.83,44.45,85.37,1,1,1.0
45,79,1386.22,165.50,45.78,53.26,1,1,1.0
45,82,992.66,615.15,77.02,63.09,1,1,1.0
45,83,598.25,450.08,25.26,30.94,1,1,1.0
45,84,1083.00,547.15,44.46,38.65,1,1,1.0
45,85,1434.49,179.67,18.02,24.63,1,1,1.0
45,87,977.44,595.66,36.65,41.70,1,1,1.0
45,88,914.59,412.08,15.28,27.44,1,1,1.0
46,1,859.00,549.86,56.13,87.52,1,1,1.0
46,78,1123.89,426.56,40.11,87.07,1,1,1.0
46,79,1388.00,170.70,45.73,45.46,1,1,1.0
46,82,996.51,617.75,77.13,60.38,1,1,1.0
46,83,595.72,451.52,25.26,26.25,1,1,1.0
46,84,1083.00,547.63,44.46,38.65,1,1,1.0
46,86,1042.73,487.22,16.97,47.28,1,1,1.0
46,87,980.97,598.07,37.55,36.72,1,1,1.0
46,88,918.41,412.21,15.28,27.44,1,1,1.0
47,1,860.57,550.28,56.29,87.22,1,1,1.0
47,78,1123.02,425.69,40.11,87.08,1,1,1.0
47,79,1391.38,173.60,45.73,45.46,1,1,1.0
47,82,1000.29,616.96,75.09,61.31,1,1,1.0
47,83,597.89,451.88,25.26,25.92,1,1,1.0
47,84,1087.83,548.11,44.46,38.65,1,1,1.0
47,86,1046.76,489.03,16.97,47.28,1,1,1.0
47,87,984.76,598.38,37.55,36.72,1,1,1.0
47,88,921.42,411.99,15.28,27.44,1,1,1.0
48,1,863.09,551.98,55.00,86.88,1,1,1.0
48,78,1125.62,425.69,40.11,87.08,1,1,1.0
48,79,1393.31,174.56,45.73,45.46,1,1,1.0
48,82,1003.08,616.02,74.43,62.79,1,1,1.0
48,83,597.53,452.24,25.26,23.76,1,1,1.0
48,84,1088.55,548.11,44.46,38.65,1,1,1.0
48,86,1053.40,490.84,15.40,42.66,1,1,1.0
48,87,985.56,599.19,37.55,36.72,1,1,1.0
48,88,924.43,411.77,15.29,27.44,1,1,1.0
49,1,864.25,552.58,55.06,85.30,1,1,1.0
49,78,1127.35,468.10,40.95,44.67,1,1,1.0
49,79,1394.28,181.30,45.72,36.79,1,1,1.0
49,82,1002.32,615.15,76.08,63.23,1,1,1.0
49,84,1089.28,548.11,44.46,38.65,1,1,1.0
49,86,1056.42,490.44,15.40,51.96,1,1,1.0
49,87,986.64,598.92,37.55,36.72,1,1,1.0
49,88,927.45,411.55,15.28,27.43,1,1,1.0
50,1,865.79,552.00,55.45,85.74,1,1,1.0
50,78,1126.49,468.10,40.94,44.66,1,1,1.0
50,79,1395.24,185.20,45.73,33.38,1,1,1.0
50,82,1003.77,612.97,76.98,65.10,1,1,1.0
50,84,1092.65,548.11,44.46,38.65,1,1,1.0
50,86,1059.23,490.85,15.41,51.95,1,1,1.0
50,87,987.45,598.92,37.55,36.72,1,1,1.0
50,88,930.46,411.32,15.28,27.44,1,1,1.0
51,1,871.20,552.53,53.33,84.12,1,1,1.0
51,78,1132.62,459.54,36.09,52.41,1,1,1.0
51,79,1401.54,188.60,36.58,31.42,1,1,1.0
51,82,1006.41,614.07,77.97,64.27,1,1,1.0
51,84,1095.55,546.18,44.46,38.65,1,1,1.0
51,86,1069.70,490.64,15.40,51.96,1,1,1.0
51,87,989.61,599.46,37.55,36.72,1,1,1.0
51,88,936.72,408.64,20.25,33.24,1,1,1.0
52,1,874.37,551.44,53.28,85.34,1,1,1.0
52,78,1136.46,461.29,36.13,49.16,1,1,1.0
52,79,1409.26,186.67,36.59,31.42,1,1,1.0
52,82,1008.73,612.78,78.89,64.35,1,1,1.0
52,84,1097.48,546.18,44.46,38.65,1,1,1.0
52,86,1070.91,490.85,15.40,51.95,1,1,1.0
52,87,991.49,598.92,37.55,36.72,1,1,1.0
52,88,941.71,409.17,18.29,31.03,1,1,1.0
53,1,875.65,551.79,56.19,85.15,1,1,1.0
53,78,1140.03,462.09,38.10,49.55,1,1,1.0
53,79,1411.20,186.19,36.58,31.42,1,1,1.0
53,82,1010.63,614.31,79.23,63.56,1,1,1.0
53,84,1099.90,545.70,44.46,38.65,1,1,1.0
53,86,1072.60,488.43,20.10,58.07,1,1,1.0
53,87,999.60,600.54,31.33,30.76,1,1,1.0
53,88,945.87,409.72,18.29,31.03,1,1,1.0
54,1,877.26,550.90,56.59,85.16,1,1,1.0
54,78,1144.44,461.59,37.00,52.18,1,1,1.0
54,79,1413.13,186.19,36.58,31.42,1,1,1.0
54,82,1013.81,611.48,77.91,65.37,1,1,1.0
54,84,1101.35,543.28,44.46,38.66,1,1,1.0
54,86,1076.00,488.23,19.12,61.27,1,1,1.0
54,87,1000.95,600.00,31.32,30.76,1,1,1.0
54,88,949.76,409.17,18.29,31.03,1,1,1.0
55,1,879.15,551.00,55.90,85.50,1,1,1.0
55,78,1148.69,465.88,35.78,44.98,1,1,1.0
55,79,1416.99,186.19,36.58,31.42,1,1,1.0
55,82,1016.28,613.04,77.62,63.82,1,1,1.0
55,84,1105.21,543.28,44.46,38.66,1,1,1.0
55,86,1084.60,488.60,13.94,56.87,1,1,1.0
55,87,1002.56,600.81,31.33,30.76,1,1,1.0
55,88,953.36,409.17,18.30,31.03,1,1,1.0
56,1,881.95,550.57,55.75,84.43,1,1,1.0
56,78,1157.24,463.95,31.70,45.81,1,1,1.0
56,79,1421.34,185.70,36.58,31.43,1,1,1.0
56,82,1020.81,618.28,77.99,57.69,1,1,1.0
56,84,1110.52,542.80,44.46,38.65,1,1,1.0
56,86,1094.10,488.60,13.90,56.27,1,1,1.0
56,87,1006.34,599.19,31.32,30.76,1,1,1.0
56,88,963.63,407.22,18.30,31.04,1,1,1.0
57,1,884.95,550.19,54.12,85.37,1,1,1.0
57,78,1159.80,464.12,29.53,44.54,1,1,1.0
57,79,1424.23,194.40,36.58,23.21,1,1,1.0
57,82,1022.68,616.83,77.53,59.10,1,1,1.0
57,84,1114.40,542.80,43.48,34.30,1,1,1.0
57,86,1097.10,486.60,14.52,58.47,1,1,1.0
57,87,1010.11,598.11,31.32,30.76,1,1,1.0
57,88,968.36,405.84,18.29,31.03,1,1,1.0
58,1,887.46,550.90,53.70,84.36,1,1,1.0
58,78,1162.58,463.47,33.82,47.03,1,1,1.0
58,79,1427.13,194.88,36.58,23.21,1,1,1.0
58,82,1023.81,614.84,79.73,60.40,1,1,1.0
58,86,1101.82,485.53,17.58,61.27,1,1,1.0
58,87,1011.19,598.11,31.32,30.76,1,1,1.0
58,88,972.52,406.39,18.29,31.03,1,1,1.0
59,1,889.85,550.18,55.62,83.28,1,1,1.0
59,78,1164.27,464.34,35.18,44.43,1,1,1.0
59,82,1027.25,613.20,79.58,61.44,1,1,1.0
59,86,1106.81,484.91,17.58,61.27,1,1,1.0
59,87,1013.61,597.84,31.33,30.76,1,1,1.0
59,88,978.63,405.56,15.52,28.29,1,1,1.0
60,1,892.23,548.45,55.35,84.43,1,1,1.0
60,82,1031.06,612.34,78.20,62.09,1,1,1.0
60,86,1111.80,483.35,17.58,61.27,1,1,1.0
60,87,1015.77,597.30,31.32,30.77,1,1,1.0
60,88,981.96,405.56,15.52,28.29,1,1,1.0
61,1,896.45,548.68,55.28,86.04,1,1,1.0
61,82,1035.19,613.40,77.19,60.59,1,1,1.0
61,86,1121.15,484.60,17.58,61.26,1,1,1.0
61,87,1021.70,597.30,31.32,30.77,1,1,1.0
61,88,993.06,407.78,15.52,28.30,1,1,1.0
62,1,899.93,548.49,53.16,86.79,1,1,1.0
62,82,1037.51,614.07,77.86,59.73,1,1,1.0
62,86,1123.45,485.35,17.77,51.43,1,1,1.0
62,87,1025.20,597.04,31.33,30.76,1,1,1.0
62,88,996.39,405.84,15.52,28.29,1,1,1.0
63,1,903.42,547.97,52.20,86.67,1,1,1.0
63,82,1039.51,612.97,80.76,60.19,1,1,1.0
63,86,1128.44,485.03,17.76,51.44,1,1,1.0
63,87,1026.55,596.23,31.32,30.76,1,1,1.0
64,1,905.01,547.51,54.91,86.20,1,1,1.0
64,82,1043.18,611.92,79.22,61.67,1,1,1.0
64,86,1132.80,485.35,17.77,51.43,1,1,1.0
64,87,1028.43,596.50,31.33,30.76,1,1,1.0
65,1,906.91,546.70,55.80,87.46,1,1,1.0
65,82,1046.37,611.41,77.93,62.04,1,1,1.0
65,86,1137.48,484.10,17.77,51.43,1,1,1.0
65,87,1031.40,595.96,31.32,30.76,1,1,1.0
66,1,911.37,547.72,55.28,87.13,1,1,1.0
66,82,1051.24,612.59,75.37,60.89,1,1,1.0
66,86,1146.21,483.16,17.76,51.44,1,1,1.0
66,87,1037.32,597.30,31.33,30.77,1,1,1.0
66,92,694.89,212.32,48.36,70.00,1,1,1.0
67,1,913.94,548.93,54.47,85.89,1,1,1.0
67,82,1053.29,612.52,75.98,61.16,1,1,1.0
67,86,1150.26,484.72,17.77,51.44,1,1,1.0
67,87,1040.83,598.38,31.32,30.76,1,1,1.0
67,92,696.93,214.40,49.09,76.21,1,1,1.0
68,1,915.98,549.75,54.80,84.51,1,1,1.0
68,82,1056.05,612.22,76.44,61.42,1,1,1.0
68,86,1155.10,484.37,17.77,51.44,1,1,1.0
68,87,1041.37,597.84,31.32,30.76,1,1,1.0
68,92,699.08,213.45,51.41,75.60,1,1,1.0
69,1,917.97,548.70,56.17,84.63,1,1,1.0
69,82,1060.72,611.47,76.22,62.61,1,1,1.0
69,86,1159.94,484.01,17.77,51.44,1,1,1.0
69,87,1044.60,597.04,31.32,32.66,1,1,1.0
69,92,701.51,213.53,52.56,73.46,1,1,1.0
70,1,918.91,548.03,57.93,85.55,1,1,1.0
70,82,1062.12,611.31,76.95,62.46,1,1,1.0
70,86,1164.79,483.66,17.76,51.44,1,1,1.0
70,87,1047.29,597.04,31.33,32.66,1,1,1.0
70,92,703.47,213.83,52.32,75.05,1,1,1.0
71,1,923.80,546.74,57.01,85.72,1,1,1.0
71,82,1064.92,610.76,69.11,61.31,1,1,1.0
71,86,1170.28,482.81,17.77,51.44,1,1,1.0
71,87,1052.65,595.15,27.32,33.47,1,1,1.0
71,92,708.52,212.14,55.04,75.77,1,1,1.0
72,1,926.78,547.22,55.31,85.28,1,1,1.0
72,82,1067.08,610.21,64.72,61.54,1,1,1.0
72,86,1175.77,481.97,17.77,51.43,1,1,1.0
72,87,1053.46,594.88,27.31,33.47,1,1,1.0
72,92,710.60,211.84,56.53,77.05,1,1,1.0
73,1,928.49,546.70,54.90,87.35,1,1,1.0
73,82,1069.54,610.02,73.12,62.24,1,1,1.0
73,86,1179.39,481.87,17.77,51.44,1,1,1.0
73,87,1055.88,594.34,27.32,33.47,1,1,1.0
73,92,713.60,211.86,57.51,78.38,1,1,1.0
74,1,930.56,546.83,54.98,86.32,1,1,1.0
74,82,1072.12,609.96,74.51,61.75,1,1,1.0
74,86,1184.15,481.25,17.77,51.44,1,1,1.0
74,87,1060.46,595.15,27.32,33.47,1,1,1.0
74,92,715.88,211.59,59.42,79.23,1,1,1.0
75,1,932.67,545.21,56.16,86.40,1,1,1.0
75,82,1075.50,608.03,78.45,62.93,1,1,1.0
75,86,1187.48,480.44,17.77,51.43,1,1,1.0
75,87,1063.70,593.53,27.31,33.47,1,1,1.0
75,92,717.33,210.24,61.40,78.04,1,1,1.0
76,1,937.90,542.83,57.49,83.46,1,1,1.0
76,82,1079.65,603.68,78.31,65.12,1,1,1.0
76,86,1194.59,476.60,17.77,51.43,1,1,1.0
76,87,1066.93,591.65,27.32,33.46,1,1,1.0
76,92,725.81,207.99,55.63,77.30,1,1,1.0
77,1,940.59,541.89,57.43,83.32,1,1,1.0
77,82,1082.15,602.79,79.11,64.39,1,1,1.0
77,86,1201.23,473.90,17.77,51.43,1,1,1.0
77,87,1069.88,593.27,28.95,28.65,1,1,1.0
77,92,728.58,206.33,55.00,79.19,1,1,1.0
78,1,943.99,540.58,55.04,83.38,1,1,1.0
78,82,1085.68,600.15,78.06,64.75,1,1,1.0
78,86,1205.41,471.57,17.76,51.44,1,1,1.0
78,87,1072.84,590.84,28.95,28.65,1,1,1.0
78,92,730.17,204.56,55.81,79.95,1,1,1.0
79,1,945.69,537.43,55.69,85.31,1,1,1.0
79,82,1089.58,597.74,74.80,65.40,1,1,1.0
79,86,1209.58,469.25,17.77,51.44,1,1,1.0
79,87,1074.19,590.03,28.95,28.65,1,1,1.0
79,92,728.49,202.15,58.78,80.40,1,1,1.0
80,1,949.83,536.27,55.86,84.82,1,1,1.0
80,82,1091.32,596.54,75.36,65.60,1,1,1.0
80,86,1215.37,466.61,17.77,51.44,1,1,1.0
80,87,1078.23,589.22,28.95,28.66,1,1,1.0
80,92,733.05,200.31,58.17,81.73,1,1,1.0
81,1,955.36,533.89,56.24,85.74,1,1,1.0
81,82,1096.82,594.38,74.39,65.14,1,1,1.0
81,84,1189.34,528.65,40.45,28.50,1,1,1.0
81,86,1224.28,464.44,17.77,51.44,1,1,1.0
81,87,1082.54,588.15,28.95,28.65,1,1,1.0
81,92,737.79,199.86,59.17,78.57,1,1,1.0
82,1,958.46,533.68,54.57,86.96,1,1,1.0
82,82,1100.42,591.60,72.85,67.28,1,1,1.0
82,84,1189.55,528.12,50.66,33.21,1,1,1.0
82,86,1230.69,462.59,17.77,51.43,1,1,1.0
82,87,1086.00,588.15,25.49,18.45,1,1,1.0
82,92,740.23,198.99,60.35,79.86,1,1,1.0
83,1,961.04,533.73,54.33,86.05,1,1,1.0
83,82,1103.26,590.67,75.31,67.48,1,1,1.0
83,84,1195.79,529.09,50.66,33.21,1,1,1.0
83,86,1233.80,463.21,17.77,51.43,1,1,1.0
83,92,742.55,198.34,59.79,79.87,1,1,1.0
84,1,963.60,532.92,56.35,84.66,1,1,1.0
84,82,1106.42,589.66,72.85,67.92,1,1,1.0
84,83,643.03,432.55,27.62,31.69,1,1,1.0
84,84,1194.86,523.29,50.66,33.21,1,1,1.0
84,86,1239.42,463.52,17.77,51.44,1,1,1.0
84,92,745.85,197.62,58.64,79.94,1,1,1.0
85,1,968.16,531.59,56.77,85.40,1,1,1.0
85,82,1109.93,589.19,78.45,68.69,1,1,1.0
85,83,645.70,434.16,24.00,28.17,1,1,1.0
85,84,1200.17,526.19,50.66,33.21,1,1,1.0
85,86,1245.34,463.21,17.77,51.43,1,1,1.0
85,92,749.11,197.83,59.65,81.39,1,1,1.0
86,1,975.22,530.63,54.69,85.54,1,1,1.0
86,82,1118.55,591.16,69.69,65.71,1,1,1.0
86,83,649.13,433.80,24.00,28.17,1,1,1.0
86,84,1208.87,528.12,50.66,33.21,1,1,1.0
86,86,1255.94,463.52,17.77,51.43,1,1,1.0
86,92,754.26,196.46,61.79,81.31,1,1,1.0
86,100,0.00,676.56,26.92,47.37,1,1,1.0
87,1,979.97,530.84,54.97,84.56,1,1,1.0
87,82,1122.81,586.77,78.74,69.33,1,1,1.0
87,83,652.56,433.44,24.00,28.17,1,1,1.0
87,84,1215.23,525.10,44.55,35.90,1,1,1.0
87,86,1260.93,461.96,17.77,51.44,1,1,1.0
87,92,759.27,195.18,60.14,82.45,1,1,1.0
87,100,0.92,675.63,28.29,47.37,1,1,1.0
88,1,982.24,529.66,57.38,85.04,1,1,1.0
88,82,1125.61,586.95,72.72,69.12,1,1,1.0
88,83,655.98,432.53,24.00,28.17,1,1,1.0
88,84,1217.83,525.12,43.47,37.48,1,1,1.0
88,86,1267.47,462.58,17.77,51.44,1,1,1.0
88,92,762.58,196.67,60.92,80.52,1,1,1.0
88,100,1.85,674.71,29.65,47.37,1,1,1.0
89,1,986.51,528.82,55.64,86.17,1,1,1.0
89,82,1129.99,586.21,75.88,68.58,1,1,1.0
89,83,659.41,431.63,24.00,28.17,1,1,1.0
89,84,1221.84,525.12,43.46,37.48,1,1,1.0
89,86,1273.40,460.40,17.77,51.44,1,1,1.0
89,92,764.85,195.41,62.36,81.40,1,1,1.0
89,100,6.46,672.86,29.66,47.37,1,1,1.0
90,1,991.11,528.31,54.70,84.82,1,1,1.0
90,82,1134.53,587.62,72.18,66.99,1,1,1.0
90,83,663.74,430.73,24.00,28.17,1,1,1.0
90,84,1224.84,522.12,43.47,37.48,1,1,1.0
90,86,1279.01,459.16,17.77,51.43,1,1,1.0
90,92,770.88,195.08,59.54,80.75,1,1,1.0
90,100,8.67,671.62,38.41,47.37,1,1,1.0
91,1,998.26,525.99,58.01,86.07,1,1,1.0
91,82,1143.14,585.87,74.84,68.01,1,1,1.0
91,83,668.07,429.83,24.00,28.17,1,1,1.0
91,84,1233.85,522.12,43.47,37.48,1,1,1.0
91,86,1291.48,457.60,17.77,51.43,1,1,1.0
91,92,777.29,194.16,61.32,79.48,1,1,1.0
91,100,15.67,669.95,38.41,47.37,1,1,1.0
92,1,1003.24,526.43,56.40,85.21,1,1,1.0
92,82,1148.45,584.69,74.12,68.01,1,1,1.0
92,83,671.31,429.11,24.00,28.17,1,1,1.0
92,84,1240.86,522.12,48.44,43.48,1,1,1.0
92,86,1298.96,457.60,17.77,51.43,1,1,1.0
92,92,781.34,193.04,61.19,81.09,1,1,1.0
92,100,22.66,668.29,38.41,47.37,1,1,1.0
93,1,1009.18,526.16,55.70,85.01,1,1,1.0
93,82,1154.07,582.09,75.09,70.30,1,1,1.0
93,83,675.28,429.11,24.00,28.17,1,1,1.0
93,84,1244.87,522.12,48.44,43.48,1,1,1.0
93,86,1305.14,456.90,18.40,50.59,1,1,1.0
93,92,786.51,193.44,61.19,81.09,1,1,1.0
93,93,0.00,149.35,26.91,69.03,1,1,1.0
93,100,27.38,665.41,38.41,47.37,1,1,1.0
94,1,1012.39,525.63,57.10,84.39,1,1,1.0
94,82,1157.54,584.59,76.43,66.14,1,1,1.0
94,83,678.17,428.75,24.00,28.17,1,1,1.0
94,84,1248.87,522.12,48.44,43.48,1,1,1.0
94,86,1309.24,454.05,20.75,52.37,1,1,1.0
94,92,791.58,192.54,61.19,81.09,1,1,1.0
94,93,0.00,144.30,31.36,71.72,1,1,1.0
94,100,32.43,663.73,40.02,49.88,1,1,1.0
95,1,1019.94,525.68,53.87,83.69,1,1,1.0
95,82,1163.67,582.43,76.16,66.92,1,1,1.0
95,83,683.22,427.67,24.00,28.17,1,1,1.0
95,84,1253.88,521.12,48.44,43.48,1,1,1.0
95,86,1317.58,452.92,20.75,52.37,1,1,1.0
95,92,796.64,191.65,61.19,81.09,1,1,1.0
95,93,0.00,145.40,37.49,67.50,1,1,1.0
95,100,39.66,663.68,38.54,47.23,1,1,1.0
96,1,1028.98,522.18,57.34,85.94,1,1,1.0
96,78,1311.05,435.82,30.06,41.59,1,1,1.0
96,82,1174.54,579.77,75.60,68.34,1,1,1.0
96,83,691.51,425.86,24.00,28.17,1,1,1.0
96,84,1266.89,515.11,48.44,43.48,1,1,1.0
96,86,1334.32,451.10,18.07,49.89,1,1,1.0
96,92,806.77,189.27,61.19,81.09,1,1,1.0
96,93,0.00,142.02,48.57,66.96,1,1,1.0
96,100,50.63,658.81,41.08,49.67,1,1,1.0
97,1,1035.50,520.58,54.07,87.28,1,1,1.0
97,78,1316.55,434.31,31.90,42.10,1,1,1.0
97,82,1180.62,577.29,76.45,69.67,1,1,1.0
97,83,695.48,425.86,24.00,28.17,1,1,1.0
97,84,1270.90,515.11,48.44,43.48,1,1,1.0
97,86,1341.77,449.44,18.50,50.78,1,1,1.0
97,92,811.55,189.39,59.90,79.52,1,1,1.0
97,93,0.00,142.29,54.50,69.17,1,1,1.0
97,100,56.61,660.11,39.04,46.51,1,1,1.0
98,1,1041.22,520.21,56.69,85.14,1,1,1.0
98,78,1323.71,431.73,33.45,43.45,1,1,1.0
98,82,1186.28,574.38,78.82,71.14,1,1,1.0
98,83,701.25,425.86,24.00,28.17,1,1,1.0
98,84,1276.91,515.11,48.43,43.48,1,1,1.0
98,86,1349.94,451.74,18.21,47.13,1,1,1.0
98,92,816.32,189.51,58.61,77.95,1,1,1.0
98,93,4.80,141.26,56.81,69.77,1,1,1.0
98,100,62.53,655.68,39.32,49.89,1,1,1.0
99,1,1045.86,518.73,56.63,85.91,1,1,1.0
99,78,1328.79,430.98,33.54,43.50,1,1,1.0
99,82,1191.84,572.78,78.61,72.11,1,1,1.0
99,83,704.13,424.06,24.00,28.17,1,1,1.0
99,84,1280.91,512.11,48.44,43.48,1,1,1.0
99,86,1358.44,444.94,18.21,52.76,1,1,1.0
99,92,821.35,186.40,58.97,80.32,1,1,1.0
99,93,9.26,138.14,57.58,68.81,1,1,1.0
99,100,68.80,656.59,39.68,47.74,1,1,1.0
100,1,1050.83,517.93,56.08,85.29,1,1,1.0
100,78,1335.40,427.03,36.88,46.53,1,1,1.0
100,82,1197.14,572.30,79.87,71.46,1,1,1.0
100,83,708.10,422.26,24.00,28.17,1,1,1.0
100,84,1288.92,512.11,48.44,43.48,1,1,1.0
100,86,1364.37,444.63,18.21,52.76,1,1,1.0
100,92,824.76,225.41,57.69,39.20,1,1,1.0
100,93,15.08,137.73,57.24,69.75,1,1,1.0
100,95,15.15,366.24,26.37,37.81,1,1,1.0
100,100,74.88,651.57,39.33,51.97,1,1,1.0
101,1,1060.57,515.69,56.23,88.52,1,1,1.0
101,78,1345.37,427.55,38.63,45.21,1,1,1.0
101,82,1206.55,571.74,80.58,70.88,1,1,1.0
101,83,714.96,422.62,24.00,28.17,1,1,1.0
101,84,1298.94,510.11,48.43,43.48,1,1,1.0
101,86,1378.08,442.76,18.21,52.76,1,1,1.0
101,92,835.98,223.05,56.13,41.11,1,1,1.0
101,93,26.36,137.21,58.58,69.18,1,1,1.0
101,95,25.60,365.74,26.37,37.81,1,1,1.0
101,100,85.38,650.49,39.48,51.47,1,1,1.0
102,1,1064.80,516.39,55.98,87.24,1,1,1.0
102,78,1350.44,426.57,40.10,45.75,1,1,1.0
102,82,1212.53,571.89,79.69,70.75,1,1,1.0
102,83,718.20,421.53,24.00,28.17,1,1,1.0
102,84,1303.94,507.10,48.44,43.48,1,1,1.0
102,86,1384.01,442.76,18.21,52.76,1,1,1.0
102,92,839.09,220.08,57.62,43.74,1,1,1.0
102,93,31.19,136.04,56.94,67.24,1,1,1.0
102,95,31.07,365.24,26.37,37.81,1,1,1.0
102,100,89.96,649.56,39.48,51.48,1,1,1.0
103,1,1069.40,515.22,58.38,86.19,1,1,1.0
103,78,1355.66,427.63,43.78,45.57,1,1,1.0
103,82,1216.79,572.50,80.75,69.57,1,1,1.0
103,83,721.45,421.53,24.00,28.17,1,1,1.0
103,84,1306.95,507.10,48.43,43.48,1,1,1.0
103,86,1391.80,443.07,18.21,52.76,1,1,1.0
103,92,842.98,220.26,57.86,42.96,1,1,1.0
103,93,36.29,135.99,57.29,68.03,1,1,1.0
103,95,36.54,364.74,26.37,37.81,1,1,1.0
103,100,95.06,648.72,40.51,52.85,1,1,1.0
104,1,1074.28,514.61,56.66,86.16,1,1,1.0
104,78,1362.73,426.29,39.91,46.17,1,1,1.0
104,82,1221.18,571.29,80.30,70.05,1,1,1.0
104,83,726.86,419.73,24.00,28.17,1,1,1.0
104,84,1310.95,507.10,48.44,43.48,1,1,1.0
104,86,1396.79,442.45,18.21,52.76,1,1,1.0
104,92,848.48,218.98,57.01,43.41,1,1,1.0
104,93,41.95,136.07,58.67,69.86,1,1,1.0
104,95,42.02,364.25,26.36,37.81,1,1,1.0
104,97,318.43,149.03,20.63,31.98,1,1,1.0
104,100,101.24,649.66,38.37,49.88,1,1,1.0
104,103,8.74,715.00,14.50,30.31,1,1,1.0
105,1,1079.56,513.65,55.52,88.18,1,1,1.0
105,78,1365.40,425.80,42.39,44.99,1,1,1.0
105,82,1226.98,570.89,80.58,70.20,1,1,1.0
105,83,729.74,419.73,24.00,28.17,1,1,1.0
105,84,1318.37,506.03,50.03,47.57,1,1,1.0
105,86,1404.03,441.04,18.21,52.76,1,1,1.0
105,92,852.71,219.44,56.22,41.91,1,1,1.0
105,93,46.65,135.11,57.71,67.38,1,1,1.0
105,95,46.49,362.26,26.37,37.81,1,1,1.0
105,97,321.66,146.55,20.63,31.98,1,1,1.0
105,100,106.08,648.60,38.41,50.00,1,1,1.0
105,103,13.94,714.41,14.51,30.62,1,1,1.0
106,1,1088.43,513.10,57.08,86.33,1,1,1.0
106,78,1378.01,424.10,39.54,45.00,1,1,1.0
106,79,1672.56,93.77,45.84,75.33,1,1,1.0
106,82,1235.32,570.68,82.12,69.12,1,1,1.0
106,83,736.24,417.92,24.00,28.17,1,1,1.0
106,84,1328.03,507.00,50.03,47.57,1,1,1.0
106,86,1415.31,438.13,20.59,55.42,1,1,1.0
106,92,862.17,219.73,57.42,40.33,1,1,1.0
106,93,55.86,133.60,56.76,66.80,1,1,1.0
106,95,56.94,359.77,26.37,37.81,1,1,1.0
106,97,329.11,146.05,20.63,31.98,1,1,1.0
106,100,114.74,648.60,38.41,50.00,1,1,1.0
106,103,24.95,713.21,12.35,28.69,1,1,1.0
107,1,1092.66,512.97,56.74,85.90,1,1,1.0
107,78,1381.23,423.63,41.70,45.13,1,1,1.0
107,79,1678.36,94.93,45.83,75.33,1,1,1.0
107,82,1241.97,568.93,82.23,71.16,1,1,1.0
107,83,740.57,417.56,24.00,28.17,1,1,1.0
107,84,1333.34,505.07,50.03,47.57,1,1,1.0
107,86,1422.40,437.66,20.82,55.10,1,1,1.0
107,91,0.00,555.90,10.60,55.87,1,1,1.0
107,92,867.23,216.55,56.25,42.90,1,1,1.0
107,93,60.85,133.86,57.52,68.06,1,1,1.0
107,95,61.42,358.78,28.38,39.32,1,1,1.0
107,97,333.09,146.05,20.63,31.98,1,1,1.0
107,100,119.42,644.75,39.88,52.66,1,1,1.0
107,103,29.89,712.02,12.59,29.23,1,1,1.0
108,1,1096.96,511.85,56.93,87.05,1,1,1.0
108,78,1387.03,424.45,42.75,44.45,1,1,1.0
108,79,1684.15,94.93,45.84,75.33,1,1,1.0
108,82,1245.84,569.85,84.37,69.29,1,1,1.0
108,83,744.89,417.56,24.00,28.17,1,1,1.0
108,84,1337.21,504.58,50.02,47.57,1,1,1.0
108,86,1427.65,438.21,21.10,54.25,1,1,1.0
108,91,0.00,539.50,17.30,76.23,1,1,1.0
108,92,870.57,214.08,57.80,44.61,1,1,1.0
108,93,65.66,132.76,58.52,68.81,1,1,1.0
108,95,66.39,358.28,28.38,39.32,1,1,1.0
108,97,337.81,145.55,20.63,31.98,1,1,1.0
108,100,125.08,643.60,42.43,53.83,1,1,1.0
108,103,34.84,710.82,12.82,29.78,1,1,1.0
109,1,1101.35,511.05,57.22,86.43,1,1,1.0
109,78,1392.12,425.19,40.09,42.61,1,1,1.0
109,79,1689.94,92.62,45.84,75.32,1,1,1.0
109,82,1250.03,569.66,82.75,69.70,1,1,1.0
109,83,748.14,417.20,24.00,28.17,1,1,1.0
109,84,1344.93,507.96,47.17,44.64,1,1,1.0
109,86,1433.98,436.70,20.86,56.30,1,1,1.0
109,91,0.00,525.81,24.00,99.59,1,1,1.0
109,92,874.35,217.16,57.87,40.73,1,1,1.0
109,93,70.84,132.75,56.67,66.42,1,1,1.0
109,95,69.88,358.28,28.38,39.32,1,1,1.0
109,97,340.79,146.30,20.63,31.98,1,1,1.0
109,100,129.36,645.50,40.53,50.94,1,1,1.0
109,103,39.78,709.63,13.06,30.32,1,1,1.0
110,1,1105.12,512.13,57.80,85.85,1,1,1.0
110,78,1391.71,429.15,45.95,39.57,1,1,1.0
110,79,1695.74,92.62,45.83,75.32,1,1,1.0
110,82,1254.86,569.33,84.59,70.73,1,1,1.0
110,83,751.39,417.56,24.00,28.17,1,1,1.0
110,84,1349.76,506.99,47.17,44.64,1,1,1.0
110,86,1440.81,436.55,20.86,56.30,1,1,1.0
110,91,0.00,525.60,30.30,109.54,1,1,1.0
110,92,878.13,212.99,56.91,44.17,1,1,1.0
110,93,75.52,133.81,56.05,67.95,1,1,1.0
110,95,74.35,359.77,28.39,39.33,1,1,1.0
110,98,947.99,36.16,36.79,43.90,1,1,1.0
110,100,133.38,641.94,38.41,55.36,1,1,1.0
110,103,44.72,708.43,13.30,30.87,1,1,1.0
111,1,1113.66,511.62,57.47,87.05,1,1,1.0
111,2,0.01,624.80,12.55,50.46,1,1,1.0
111,78,1409.99,428.94,36.99,38.93,1,1,1.0
111,79,1709.60,96.09,37.76,75.33,1,1,1.0
111,82,1263.23,570.09,83.03,69.83,1,1,1.0
111,83,758.24,417.20,24.00,28.17,1,1,1.0
111,84,1359.42,507.96,47.17,46.54,1,1,1.0
111,86,1451.56,436.72,21.57,56.00,1,1,1.0
111,91,0.01,501.93,36.07,126.65,1,1,1.0
111,92,886.57,211.76,57.12,46.22,1,1,1.0
111,93,84.53,132.78,56.10,66.48,1,1,1.0
111,95,83.81,359.77,28.38,39.33,1,1,1.0
111,97,348.96,147.16,20.64,31.98,1,1,1.0
111,98,960.69,35.29,28.71,43.90,1,1,1.0
111,99,17.06,506.80,38.53,101.75,1,1,1.0
111,100,144.04,643.27,38.41,55.36,1,1,1.0
111,103,49.67,707.24,13.53,31.41,1,1,1.0
112,1,1117.46,511.66,58.50,85.95,1,1,1.0
112,2,0.04,618.47,13.55,79.94,1,1,1.0
112,78,1407.70,428.14,42.49,40.48,1,1,1.0
112,79,1718.87,94.93,37.76,75.33,1,1,1.0
112,82,1267.07,568.20,84.69,71.33,1,1,1.0
112,83,760.77,417.20,24.00,28.17,1,1,1.0
112,84,1362.80,507.47,47.17,46.55,1,1,1.0
112,86,1457.50,437.79,20.72,55.71,1,1,1.0
112,91,0.00,488.32,42.21,140.25,1,1,1.0
112,92,889.89,213.34,58.14,44.52,1,1,1.0
112,93,87.28,133.52,56.51,67.54,1,1,1.0
112,95,87.29,359.77,28.38,39.33,1,1,1.0
112,97,353.41,147.16,20.63,31.98,1,1,1.0
112,98,967.30,35.58,28.71,43.90,1,1,1.0
112,99,24.41,507.27,35.78,100.34,1,1,1.0
112,100,148.04,641.94,38.41,55.36,1,1,1.0
112,103,54.61,706.04,13.77,31.96,1,1,1.0
113,1,1120.26,510.03,58.27,86.74,1,1,1.0
113,2,0.00,617.31,18.31,78.32,1,1,1.0
113,78,1419.27,427.07,38.32,40.32,1,1,1.0
113,79,1730.44,94.94,31.98,75.32,1,1,1.0
113,82,1272.46,568.16,84.08,71.05,1,1,1.0
113,83,763.65,416.12,24.00,28.17,1,1,1.0
113,84,1366.66,506.03,47.17,46.54,1,1,1.0
113,86,1462.58,435.47,22.03,55.97,1,1,1.0
113,91,0.00,502.58,46.10,124.72,1,1,1.0
113,92,893.68,208.35,56.11,47.38,1,1,1.0
113,93,91.16,133.10,57.24,65.30,1,1,1.0
113,95,90.77,357.28,30.33,40.82,1,1,1.0
113,97,355.65,146.91,20.63,31.98,1,1,1.0
113,98,971.04,34.72,28.71,43.90,1,1,1.0
113,99,28.62,503.42,35.90,105.13,1,1,1.0
113,100,148.70,641.94,38.41,55.36,1,1,1.0
113,103,59.55,704.85,14.01,32.50,1,1,1.0
114,1,1125.12,510.60,57.80,85.96,1,1,1.0
114,2,0.03,616.04,21.13,81.92,1,1,1.0
114,78,1418.72,429.35,41.86,38.05,1,1,1.0
114,79,1729.79,95.60,35.21,70.14,1,1,1.0
114,82,1275.99,569.32,84.21,69.77,1,1,1.0
114,83,767.26,415.76,24.00,28.17,1,1,1.0
114,84,1372.46,505.06,47.17,46.54,1,1,1.0
114,86,1469.91,435.74,20.19,56.71,1,1,1.0
114,91,0.00,503.38,49.82,123.03,1,1,1.0
114,92,897.57,207.16,56.92,48.47,1,1,1.0
114,93,94.85,132.03,56.82,62.65,1,1,1.0
114,95,94.75,357.78,30.33,40.82,1,1,1.0
114,97,357.88,146.66,20.64,31.98,1,1,1.0
114,98,976.21,34.15,28.71,43.90,1,1,1.0
114,99,31.08,504.56,36.46,103.82,1,1,1.0
114,100,153.37,642.61,38.41,55.36,1,1,1.0
114,103,64.49,703.65,14.25,33.05,1,1,1.0
115,1,1130.50,509.02,57.77,86.80,1,1,1.0
115,2,0.02,610.71,26.79,81.71,1,1,1.0
115,78,1421.70,427.18,44.08,39.75,1,1,1.0
115,79,1736.26,102.70,35.20,61.74,1,1,1.0
115,82,1281.13,567.88,84.09,70.53,1,1,1.0
115,83,770.50,415.76,24.00,28.17,1,1,1.0
115,84,1377.29,502.64,47.17,46.55,1,1,1.0
115,86,1476.57,434.54,20.19,56.71,1,1,1.0
115,91,0.00,502.98,55.77,123.16,1,1,1.0
115,92,901.16,205.11,57.22,50.26,1,1,1.0
115,93,100.56,131.41,56.52,63.13,1,1,1.0
115,95,101.22,358.28,30.33,40.81,1,1,1.0
115,97,360.87,146.17,20.63,31.98,1,1,1.0
115,98,981.96,33.00,28.71,43.90,1,1,1.0
115,99,35.48,504.71,37.13,102.38,1,1,1.0
115,100,158.69,642.61,38.41,55.36,1,1,1.0
115,103,69.44,702.46,14.48,33.59,1,1,1.0
116,1,1139.64,508.45,56.06,86.78,1,1,1.0
116,2,0.04,575.87,33.56,113.76,1,1,1.0
116,78,1434.35,426.42,41.09,38.43,1,1,1.0
116,79,1750.48,89.12,35.21,73.98,1,1,1.0
116,82,1290.46,566.55,84.03,71.27,1,1,1.0
116,83,776.28,413.96,24.00,28.17,1,1,1.0
116,84,1386.95,503.13,47.16,49.47,1,1,1.0
116,86,1489.11,432.62,22.06,53.84,1,1,1.0
116,91,0.05,503.97,62.10,117.29,1,1,1.0
116,92,909.67,202.13,55.41,50.91,1,1,1.0
116,93,107.97,130.17,57.45,61.45,1,1,1.0
116,95,106.69,356.78,30.33,40.82,1,1,1.0
116,97,365.85,145.17,20.63,31.98,1,1,1.0
116,98,991.44,29.26,30.76,43.90,1,1,1.0
116,99,45.19,501.41,35.02,102.41,1,1,1.0
116,100,165.35,641.94,38.41,55.36,1,1,1.0
116,103,74.38,701.27,14.72,34.13,1,1,1.0
117,1,1144.11,507.44,58.50,87.57,1,1,1.0
117,2,0.02,593.37,37.17,95.59,1,1,1.0
117,78,1437.02,411.44,42.81,52.65,1,1,1.0
117,79,1756.94,87.83,35.21,73.98,1,1,1.0
117,82,1294.15,566.49,86.05,69.95,1,1,1.0
117,83,779.52,411.79,24.00,29.61,1,1,1.0
117,84,1390.81,501.68,47.17,49.47,1,1,1.0
117,86,1496.29,432.62,21.35,53.63,1,1,1.0
117,91,0.00,503.32,66.87,119.75,1,1,1.0
117,92,912.45,200.52,58.50,52.32,1,1,1.0
117,93,111.88,129.07,56.07,62.53,1,1,1.0
117,95,110.67,354.79,30.33,40.82,1,1,1.0
117,97,370.32,144.67,20.64,31.98,1,1,1.0
117,98,996.33,26.96,30.75,43.90,1,1,1.0
117,99,47.33,501.17,35.78,100.30,1,1,1.0
117,100,169.35,639.94,38.41,55.36,1,1,1.0
117,103,77.99,701.79,14.56,33.94,1,1,1.0
118,1,1149.00,506.90,57.44,87.42,1,1,1.0
118,2,0.00,585.23,40.80,102.54,1,1,1.0
118,78,1441.54,382.03,45.23,82.98,1,1,1.0
118,82,1300.97,564.62,83.54,70.82,1,1,1.0
118,83,781.69,412.16,24.00,29.60,1,1,1.0
118,84,1397.57,500.71,47.17,49.47,1,1,1.0
118,86,1503.53,430.82,21.72,53.62,1,1,1.0
118,91,0.00,502.34,72.10,119.93,1,1,1.0
118,92,916.66,197.73,56.73,54.40,1,1,1.0
118,93,115.83,127.47,56.12,62.97,1,1,1.0
118,95,115.64,353.80,30.33,40.82,1,1,1.0
118,97,370.82,144.67,20.63,31.98,1,1,1.0
118,98,1002.07,25.81,30.76,43.90,1,1,1.0
118,99,53.24,502.99,34.21,98.94,1,1,1.0
118,100,170.68,639.94,38.41,55.36,1,1,1.0
118,103,81.60,702.31,14.39,33.76,1,1,1.0
119,1,1152.86,507.56,57.26,87.31,1,1,1.0
119,2,0.00,575.73,44.70,111.80,1,1,1.0
119,78,1446.01,381.79,45.20,82.46,1,1,1.0
119,82,1305.54,566.43,84.09,70.77,1,1,1.0
119,83,785.66,413.60,24.00,29.60,1,1,1.0
119,84,1400.95,500.71,47.17,49.47,1,1,1.0
119,86,1510.98,429.83,21.57,54.75,1,1,1.0
119,91,0.00,501.13,74.42,122.42,1,1,1.0
119,92,921.21,196.45,56.63,55.59,1,1,1.0
119,93,118.41,126.72,56.29,63.56,1,1,1.0
119,95,118.13,352.31,30.33,40.81,1,1,1.0
119,97,372.81,144.67,20.63,31.98,1,1,1.0
119,98,1006.96,23.80,32.44,43.90,1,1,1.0
119,99,57.47,502.44,34.20,100.35,1,1,1.0
119,100,176.68,639.94,38.41,55.36,1,1,1.0
119,103,85.21,702.83,14.23,33.57,1,1,1.0
120,1,1157.25,505.44,57.91,88.73,1,1,1.0
120,2,0.00,581.16,48.42,106.43,1,1,1.0
120,78,1450.62,381.05,44.66,82.94,1,1,1.0
120,82,1309.82,566.18,84.58,70.98,1,1,1.0
120,83,787.46,412.88,24.00,29.60,1,1,1.0
120,84,1406.26,500.71,47.17,49.47,1,1,1.0
120,86,1518.83,428.10,20.19,56.71,1,1,1.0
120,91,0.21,500.98,77.63,121.85,1,1,1.0
120,92,925.20,195.61,56.03,55.89,1,1,1.0
120,93,121.49,126.06,55.12,65.02,1,1,1.0
120,95,122.11,352.31,30.33,40.81,1,1,1.0
120,97,375.30,144.18,20.63,31.98,1,1,1.0
120,98,1013.28,22.94,32.44,43.90,1,1,1.0
120,99,60.87,501.88,33.92,101.97,1,1,1.0
120,100,180.67,639.94,38.41,55.36,1,1,1.0
120,103,88.83,703.35,14.06,33.39,1,1,1.0
121,1,1166.20,507.42,57.49,87.82,1,1,1.0
121,2,0.00,581.62,52.54,105.53,1,1,1.0
121,78,1462.47,379.29,45.14,82.71,1,1,1.0
121,82,1320.38,565.55,85.97,72.24,1,1,1.0
121,83,793.95,413.60,24.00,29.61,1,1,1.0
121,84,1419.30,501.20,47.17,49.47,1,1,1.0
121,86,1533.55,427.03,22.46,54.98,1,1,1.0
121,91,3.58,500.16,81.10,123.09,1,1,1.0
121,92,933.82,191.98,54.65,58.09,1,1,1.0
121,93,126.92,124.32,55.51,60.73,1,1,1.0
121,95,126.09,352.31,30.33,40.81,1,1,1.0
121,97,381.77,145.17,20.63,31.98,1,1,1.0
121,98,1022.48,16.33,32.44,43.90,1,1,1.0
121,99,65.11,499.34,33.92,101.97,1,1,1.0
121,100,186.67,639.28,38.41,55.36,1,1,1.0
121,103,93.06,703.87,13.89,33.20,1,1,1.0
122,1,1171.90,505.92,56.43,88.18,1,1,1.0
122,2,0.00,581.07,55.24,105.80,1,1,1.0
122,78,1465.24,379.40,47.05,81.69,1,1,1.0
122,82,1323.46,566.01,87.13,70.62,1,1,1.0
122,83,796.84,412.88,24.00,31.44,1,1,1.0
122,84,1424.12,498.78,47.17,49.47,1,1,1.0
122,86,1541.35,425.89,22.07,53.65,1,1,1.0
122,91,5.10,499.96,82.88,122.79,1,1,1.0
122,92,936.20,190.80,57.50,57.94,1,1,1.0
122,93,130.25,122.35,53.90,60.64,1,1,1.0
122,95,128.58,352.80,30.33,40.82,1,1,1.0
122,97,385.75,144.67,20.63,31.98,1,1,1.0
122,98,1029.09,14.61,32.44,43.90,1,1,1.0
122,99,66.89,499.04,33.92,101.97,1,1,1.0
122,100,189.33,633.90,38.41,61.40,1,1,1.0
122,103,97.29,704.39,13.73,33.01,1,1,1.0
123,1,1175.55,506.80,58.50,88.42,1,1,1.0
123,2,0.02,580.21,58.43,107.81,1,1,1.0
123,78,1473.99,379.70,44.34,81.72,1,1,1.0
123,82,1330.89,566.27,85.87,71.69,1,1,1.0
123,83,800.08,412.52,24.00,31.44,1,1,1.0
123,84,1428.95,499.75,47.17,49.47,1,1,1.0
123,86,1550.54,424.99,20.41,56.49,1,1,1.0
123,91,8.86,498.95,81.29,124.61,1,1,1.0
123,92,941.43,189.04,56.15,59.45,1,1,1.0
123,93,132.60,122.96,57.07,63.38,1,1,1.0
123,95,131.56,351.81,30.33,40.81,1,1,1.0
123,97,387.99,145.17,20.63,31.98,1,1,1.0
123,98,1035.99,15.75,32.44,43.90,1,1,1.0
123,99,68.68,498.74,33.92,101.97,1,1,1.0
123,100,191.33,633.90,38.41,61.40,1,1,1.0
123,103,100.92,705.28,13.57,32.82,1,1,1.0
124,1,1179.85,506.15,57.99,89.55,1,1,1.0
124,2,0.12,579.84,61.62,110.30,1,1,1.0
124,78,1478.93,378.74,46.07,84.55,1,1,1.0
124,82,1335.68,568.38,86.58,71.07,1,1,1.0
124,83,802.61,412.52,24.00,31.44,1,1,1.0
124,84,1436.68,504.09,47.17,49.47,1,1,1.0
124,86,1558.79,430.27,20.72,51.07,1,1,1.0
124,91,12.94,500.75,80.90,123.99,1,1,1.0
124,92,944.95,189.25,57.97,61.11,1,1,1.0
124,93,135.73,122.46,57.33,64.69,1,1,1.0
124,95,136.04,351.81,30.33,40.81,1,1,1.0
124,97,390.22,145.67,20.64,31.98,1,1,1.0
124,98,1042.31,14.89,32.44,43.90,1,1,1.0
124,99,70.46,498.45,33.92,101.97,1,1,1.0
124,100,193.33,638.60,38.41,57.37,1,1,1.0
124,103,104.56,706.17,13.40,32.64,1,1,1.0
125,1,1187.12,506.76,56.90,89.82,1,1,1.0
125,2,0.17,583.34,65.65,107.90,1,1,1.0
125,78,1486.89,379.40,42.28,84.07,1,1,1.0
125,82,1340.47,568.84,89.09,71.22,1,1,1.0
125,83,804.77,412.88,24.00,31.44,1,1,1.0
125,84,1445.37,505.54,42.83,48.96,1,1,1.0
125,86,1568.95,428.50,20.19,56.71,1,1,1.0
125,91,16.62,501.51,82.49,125.05,1,1,1.0
125,92,949.83,187.92,57.72,62.44,1,1,1.0
125,93,139.91,122.54,55.60,66.26,1,1,1.0
125,95,138.53,350.81,30.33,40.82,1,1,1.0
125,97,393.23,146.10,20.64,31.98,1,1,1.0
125,98,1047.20,11.20,36.20,46.44,1,1,1.0
125,99,81.11,506.51,33.92,101.10,1,1,1.0
125,100,197.99,638.60,38.41,57.37,1,1,1.0
125,103,109.38,707.35,13.23,32.45,1,1,1.0
126,1,1196.05,509.66,58.77,88.49,1,1,1.0
126,2,3.01,587.15,70.77,106.60,1,1,1.0
126,78,1502.27,380.53,41.14,83.64,1,1,1.0
126,82,1352.13,570.11,88.85,71.65,1,1,1.0
126,83,813.79,413.60,24.00,31.44,1,1,1.0
126,84,1457.44,506.51,42.83,48.96,1,1,1.0
126,86,1586.89,430.90,21.90,54.40,1,1,1.0
126,91,25.54,503.61,81.17,125.41,1,1,1.0
126,92,958.86,188.02,57.91,62.02,1,1,1.0
126,93,146.94,125.02,56.10,60.23,1,1,1.0
126,95,147.48,353.30,30.33,40.82,1,1,1.0
126,97,396.24,146.53,20.64,31.98,1,1,1.0
126,98,1062.14,11.49,36.21,46.44,1,1,1.0
126,99,91.76,509.41,33.92,100.22,1,1,1.0
126,100,207.64,642.30,39.24,55.10,1,1,1.0
126,103,114.20,708.53,13.07,32.26,1,1,1.0
127,1,1202.85,509.65,57.65,89.07,1,1,1.0
127,2,8.21,587.40,71.60,106.96,1,1,1.0
127,78,1509.46,380.04,41.83,83.12,1,1,1.0
127,82,1360.00,570.56,86.61,71.70,1,1,1.0
127,83,816.31,413.60,24.00,31.44,1,1,1.0
127,84,1463.24,506.02,42.83,48.96,1,1,1.0
127,86,1596.39,432.59,21.69,53.03,1,1,1.0
127,91,30.07,504.22,81.81,125.85,1,1,1.0
127,92,963.58,186.52,58.25,63.41,1,1,1.0
127,93,150.95,124.44,55.79,63.49,1,1,1.0
127,95,152.46,354.79,30.33,40.82,1,1,1.0
127,97,399.25,147.38,20.64,31.99,1,1,1.0
127,98,1069.61,11.20,36.21,46.44,1,1,1.0
127,99,92.91,514.59,33.92,100.22,1,1,1.0
127,100,211.07,638.10,39.51,60.41,1,1,1.0
127,103,119.02,709.71,12.90,32.07,1,1,1.0
128,1,1206.96,508.88,58.86,90.04,1,1,1.0
128,2,12.77,587.72,69.79,106.45,1,1,1.0
128,78,1517.57,381.47,42.09,83.25,1,1,1.0
128,82,1365.38,571.97,87.77,70.16,1,1,1.0
128,83,819.10,413.04,24.00,31.44,1,1,1.0
128,84,1470.00,505.06,42.83,48.96,1,1,1.0
128,86,1604.99,431.53,22.87,54.11,1,1,1.0
128,91,35.36,504.42,82.53,126.02,1,1,1.0
128,92,968.39,185.35,57.76,63.70,1,1,1.0
128,93,154.80,124.51,55.77,62.86,1,1,1.0
128,95,156.44,354.79,30.33,40.82,1,1,1.0
128,97,401.83,147.81,20.64,31.98,1,1,1.0
128,98,1075.65,10.34,36.20,46.44,1,1,1.0
128,99,98.09,515.17,33.92,100.21,1,1,1.0
128,100,215.69,640.20,43.97,58.81,1,1,1.0
128,103,123.83,710.88,12.75,31.89,1,1,1.0
129,1,1212.74,510.57,58.28,90.25,1,1,1.0
129,2,18.29,587.64,69.76,107.66,1,1,1.0
129,78,1524.25,381.02,42.87,83.63,1,1,1.0
129,80,1442.20,394.25,31.93,56.67,1,1,1.0
129,82,1371.11,572.00,87.73,71.15,1,1,1.0
129,83,821.90,412.48,24.00,31.45,1,1,1.0
129,84,1476.27,505.54,42.83,48.96,1,1,1.0
129,86,1615.95,432.08,22.42,55.59,1,1,1.0
129,91,39.90,506.14,81.98,124.60,1,1,1.0
129,92,973.85,184.78,58.12,65.02,1,1,1.0
129,93,160.53,124.56,55.48,61.54,1,1,1.0
129,95,160.15,355.68,32.16,44.05,1,1,1.0
129,97,403.98,147.81,20.64,31.98,1,1,1.0
129,98,1084.27,10.34,36.20,46.44,1,1,1.0
129,99,107.30,516.32,33.92,100.21,1,1,1.0
129,100,219.97,641.60,40.72,56.34,1,1,1.0
129,103,128.65,712.06,12.58,31.70,1,1,1.0
130,1,1217.03,510.17,59.53,90.90,1,1,1.0
130,2,22.34,588.24,70.96,107.94,1,1,1.0
130,78,1532.06,383.84,40.64,82.16,1,1,1.0
130,80,1444.30,391.17,36.39,61.11,1,1,1.0
130,82,1377.58,573.33,87.01,71.40,1,1,1.0
130,83,825.81,412.48,24.00,31.45,1,1,1.0
130,84,1483.04,506.51,42.82,48.96,1,1,1.0
130,86,1626.50,430.42,20.19,56.71,1,1,1.0
130,91,44.67,506.84,82.42,124.99,1,1,1.0
130,92,978.05,183.27,57.93,66.71,1,1,1.0
130,93,163.37,124.97,62.20,66.29,1,1,1.0
130,95,164.46,355.45,30.91,43.16,1,1,1.0
130,97,407.86,147.81,20.63,31.98,1,1,1.0
130,98,1091.45,10.34,34.45,46.44,1,1,1.0
130,99,107.30,515.17,33.92,100.21,1,1,1.0
130,100,224.13,639.30,41.24,61.04,1,1,1.0
130,103,133.47,713.24,12.41,31.51,1,1,1.0
131,1,1228.90,511.25,58.17,91.32,1,1,1.0
131,2,32.20,589.33,68.96,107.95,1,1,1.0
131,78,1545.83,385.68,40.51,80.38,1,1,1.0
131,80,1460.10,388.41,36.11,63.70,1,1,1.0
131,82,1388.83,571.90,87.91,73.91,1,1,1.0
131,83,832.51,413.60,24.00,31.44,1,1,1.0
131,84,1495.11,507.47,42.83,48.96,1,1,1.0
131,86,1641.74,432.83,23.76,55.97,1,1,1.0
131,91,55.76,507.95,81.49,124.42,1,1,1.0
131,92,987.54,180.81,59.09,68.29,1,1,1.0
131,93,173.38,124.51,60.63,64.93,1,1,1.0
131,95,172.38,356.22,34.26,44.36,1,1,1.0
131,97,413.88,145.66,20.63,36.74,1,1,1.0
131,98,1104.67,9.76,34.45,46.44,1,1,1.0
131,99,119.96,511.71,33.92,100.22,1,1,1.0
131,100,233.20,641.10,41.24,61.04,1,1,1.0
131,103,139.35,713.45,12.25,31.31,1,1,1.0
132,1,1233.05,511.99,60.99,89.96,1,1,1.0
132,2,37.03,589.06,68.58,108.48,1,1,1.0
132,78,1552.15,392.09,40.42,74.68,1,1,1.0
132,80,1470.35,385.00,35.75,63.95,1,1,1.0
132,82,1394.45,573.04,88.11,72.95,1,1,1.0
132,83,836.98,413.60,24.00,31.44,1,1,1.0
132,84,1500.90,507.96,42.83,48.96,1,1,1.0
132,86,1649.84,432.04,24.30,58.58,1,1,1.0
132,91,59.92,508.36,81.90,124.77,1,1,1.0
132,92,991.77,179.76,58.97,69.76,1,1,1.0
132,93,176.95,124.64,59.30,64.10,1,1,1.0
132,95,178.75,357.37,32.66,43.89,1,1,1.0
132,97,415.59,146.52,20.64,36.74,1,1,1.0
132,98,1112.43,8.32,34.45,46.44,1,1,1.0
132,99,122.27,511.71,33.92,100.22,1,1,1.0
132,100,235.87,641.77,41.24,61.04,1,1,1.0
132,103,145.23,713.65,12.08,31.13,1,1,1.0
133,1,1237.71,510.81,59.70,92.42,1,1,1.0
133,2,39.53,590.54,70.37,106.92,1,1,1.0
133,78,1559.97,393.38,38.05,72.49,1,1,1.0
133,80,1474.98,384.38,35.92,65.61,1,1,1.0
133,82,1398.76,572.63,89.88,72.39,1,1,1.0
133,83,840.33,414.16,24.00,31.44,1,1,1.0
133,84,1506.70,507.47,42.82,48.96,1,1,1.0
133,86,1658.66,431.97,24.05,57.03,1,1,1.0
133,91,64.28,506.66,83.00,126.89,1,1,1.0
133,92,995.92,177.24,58.95,72.02,1,1,1.0
133,93,180.01,123.87,57.88,58.00,1,1,1.0
133,95,181.36,355.42,35.01,43.21,1,1,1.0
133,96,439.55,134.31,25.96,26.52,1,1,1.0
133,97,417.31,144.80,20.64,36.74,1,1,1.0
133,98,1118.18,7.75,34.45,46.44,1,1,1.0
133,99,124.57,511.71,33.92,100.22,1,1,1.0
133,100,240.78,641.50,44.92,59.01,1,1,1.0
133,103,151.10,713.85,11.92,30.95,1,1,1.0
134,1,1242.51,511.86,59.81,90.86,1,1,1.0
134,2,43.61,590.44,69.88,107.77,1,1,1.0
134,78,1565.49,396.99,37.23,70.29,1,1,1.0
134,80,1479.95,382.89,39.40,67.64,1,1,1.0
134,82,1405.23,573.44,88.70,73.21,1,1,1.0
134,83,842.14,413.15,24.00,31.45,1,1,1.0
134,84,1512.97,507.47,42.83,48.96,1,1,1.0
134,86,1667.79,431.86,23.57,58.22,1,1,1.0
134,91,69.25,506.89,82.64,127.22,1,1,1.0
134,92,1000.53,178.55,58.73,69.11,1,1,1.0
134,93,184.23,123.70,56.35,58.70,1,1,1.0
134,95,185.58,355.17,31.20,43.95,1,1,1.0
134,96,442.56,135.18,25.96,26.52,1,1,1.0
134,97,419.04,145.66,20.63,36.74,1,1,1.0
134,98,1123.35,5.74,34.45,46.44,1,1,1.0
134,99,128.60,509.99,33.92,100.21,1,1,1.0
134,100,245.30,641.10,41.03,60.61,1,1,1.0
134,103,156.98,714.06,11.75,30.76,1,1,1.0
135,1,1248.82,511.61,59.99,91.11,1,1,1.0
135,2,48.91,591.04,68.86,106.85,1,1,1.0
135,78,1571.31,396.85,39.85,69.43,1,1,1.0
135,80,1487.81,383.09,36.83,65.74,1,1,1.0
135,82,1410.31,572.45,89.58,73.06,1,1,1.0
135,83,844.76,414.56,24.00,31.44,1,1,1.0
135,84,1518.28,508.44,42.83,48.96,1,1,1.0
135,86,1678.44,433.66,20.19,56.71,1,1,1.0
135,91,74.58,507.46,82.31,126.81,1,1,1.0
135,92,1004.98,175.89,60.38,71.61,1,1,1.0
135,93,189.12,122.69,54.04,53.37,1,1,1.0
135,95,189.41,354.07,36.19,45.72,1,1,1.0
135,96,446.00,135.18,25.96,26.52,1,1,1.0
135,97,422.48,145.23,20.63,36.74,1,1,1.0
135,98,1132.26,5.16,38.14,46.44,1,1,1.0
135,99,139.54,511.14,33.92,100.21,1,1,1.0
135,100,250.52,637.11,38.58,65.69,1,1,1.0
135,103,162.86,714.26,11.58,30.57,1,1,1.0
136,1,1259.69,511.12,58.58,91.44,1,1,1.0
136,2,57.35,589.24,69.96,108.36,1,1,1.0
136,78,1584.24,407.67,39.18,58.61,1,1,1.0
136,80,1500.72,381.38,42.78,65.78,1,1,1.0
136,82,1422.61,573.52,88.70,73.17,1,1,1.0
136,83,849.39,414.76,24.00,31.45,1,1,1.0
136,84,1529.87,508.44,42.83,48.96,1,1,1.0
136,86,1695.06,431.07,23.48,57.06,1,1,1.0
136,91,85.00,505.83,82.13,127.17,1,1,1.0
136,92,1014.57,170.88,60.17,75.72,1,1,1.0
136,93,196.55,122.48,56.54,53.59,1,1,1.0
136,95,197.55,353.88,35.05,43.22,1,1,1.0
136,96,447.71,135.18,25.96,26.52,1,1,1.0
136,97,425.42,144.24,25.47,37.01,1,1,1.0
136,98,1146.34,2.29,38.14,46.44,1,1,1.0
136,99,144.72,511.14,33.92,100.21,1,1,1.0
136,100,259.85,636.44,38.57,65.69,1,1,1.0
136,103,168.73,714.47,11.43,30.38,1,1,1.0
137,1,1264.62,509.96,60.61,91.35,1,1,1.0
137,2,63.84,587.83,69.75,108.40,1,1,1.0
137,78,1592.49,407.20,37.65,57.34,1,1,1.0
137,80,1506.26,377.50,45.71,69.38,1,1,1.0
137,82,1429.02,571.79,89.93,74.36,1,1,1.0
137,83,854.82,413.96,24.00,31.44,1,1,1.0
137,84,1537.60,506.99,42.83,48.96,1,1,1.0
137,86,1706.16,429.27,23.00,58.01,1,1,1.0
137,91,90.78,504.69,83.30,128.03,1,1,1.0
137,92,1019.91,169.00,61.08,75.87,1,1,1.0
137,93,201.68,121.06,55.51,54.02,1,1,1.0
137,95,202.20,352.57,36.47,48.61,1,1,1.0
137,96,450.96,133.40,25.96,26.52,1,1,1.0
137,97,429.49,145.37,21.69,34.32,1,1,1.0
137,98,1154.87,1.17,36.79,43.90,1,1,1.0
137,99,150.47,509.41,33.92,100.22,1,1,1.0
137,100,264.51,636.44,38.58,65.69,1,1,1.0
137,103,174.61,714.67,11.26,30.20,1,1,1.0
138,1,1270.09,510.04,59.73,90.29,1,1,1.0
138,2,68.83,587.07,70.88,108.13,1,1,1.0
138,78,1598.97,408.15,39.04,55.42,1,1,1.0
138,80,1513.50,376.53,46.29,68.40,1,1,1.0
138,82,1434.74,571.89,89.25,72.73,1,1,1.0
138,83,858.04,413.55,24.00,31.45,1,1,1.0
138,84,1542.91,506.03,42.83,48.96,1,1,1.0
138,86,1715.26,428.47,22.43,57.47,1,1,1.0
138,91,97.28,503.62,82.19,127.72,1,1,1.0
138,92,1025.40,165.57,60.18,79.55,1,1,1.0
138,93,207.18,121.36,52.19,45.83,1,1,1.0
138,95,208.05,351.78,36.68,45.79,1,1,1.0
138,96,453.05,133.40,26.69,26.28,1,1,1.0
138,97,431.51,144.72,20.13,33.99,1,1,1.0
138,98,1163.87,0.00,36.79,43.61,1,1,1.0
138,99,157.38,504.80,33.92,100.22,1,1,1.0
138,100,269.84,635.77,38.57,65.70,1,1,1.0
138,103,180.54,715.31,11.09,30.01,1,1,1.0
139,1,1276.60,508.87,59.84,90.71,1,1,1.0
139,2,73.93,587.10,69.54,107.95,1,1,1.0
139,78,1606.57,414.87,37.80,48.31,1,1,1.0
139,80,1518.56,373.47,50.07,71.44,1,1,1.0
139,82,1440.34,570.37,90.66,72.99,1,1,1.0
139,83,862.67,413.35,24.00,31.45,1,1,1.0
139,84,1550.15,506.03,42.83,48.96,1,1,1.0
139,86,1725.24,427.04,23.52,54.86,1,1,1.0
139,91,103.40,502.37,81.07,127.87,1,1,1.0
139,92,1030.32,163.16,61.37,79.77,1,1,1.0
139,93,211.62,119.69,54.65,47.28,1,1,1.0
139,95,216.08,351.64,32.24,42.82,1,1,1.0
139,96,455.95,133.15,26.69,26.28,1,1,1.0
139,97,434.29,144.77,20.13,33.99,1,1,1.0
139,98,1166.95,1.54,36.79,43.61,1,1,1.0
139,99,163.13,504.80,33.92,100.22,1,1,1.0
139,100,275.83,636.44,38.58,65.69,1,1,1.0
139,103,184.79,714.22,10.92,29.82,1,1,1.0
140,1,1281.98,506.72,60.47,90.06,1,1,1.0
140,2,79.50,583.68,70.54,111.24,1,1,1.0
140,78,1611.90,419.50,36.89,42.30,1,1,1.0
140,80,1525.64,372.57,52.68,70.31,1,1,1.0
140,82,1445.92,568.40,91.47,73.62,1,1,1.0
140,83,865.89,412.75,24.00,31.44,1,1,1.0
140,84,1555.95,503.62,42.83,48.95,1,1,1.0
140,86,1736.15,424.28,20.19,56.71,1,1,1.0
140,91,110.35,499.73,82.99,128.71,1,1,1.0
140,92,1034.21,162.56,63.70,78.29,1,1,1.0
140,93,217.37,120.20,52.84,45.93,1,1,1.0
140,95,220.44,354.77,32.24,42.82,1,1,1.0
140,96,458.75,132.93,26.69,26.28,1,1,1.0
140,97,438.59,144.34,20.13,33.99,1,1,1.0
140,98,1176.57,0.77,36.79,43.61,1,1,1.0
140,99,169.47,503.65,33.92,100.22,1,1,1.0
140,100,278.49,635.11,38.58,65.69,1,1,1.0
140,103,191.03,713.63,10.76,29.63,1,1,1.0
141,1,1292.34,504.09,60.61,92.05,1,1,1.0
141,2,90.75,581.05,67.72,110.16,1,1,1.0
141,78,1622.30,429.90,36.01,30.17,1,1,1.0
141,80,1535.62,368.72,57.15,71.94,1,1,1.0
141,82,1457.40,566.32,91.52,74.91,1,1,1.0
141,83,871.32,410.54,24.00,31.44,1,1,1.0
141,84,1568.02,502.17,42.83,48.95,1,1,1.0
141,86,1751.37,420.75,25.81,60.45,1,1,1.0
141,91,121.58,499.37,83.14,126.95,1,1,1.0
141,92,1043.36,156.54,62.23,82.28,1,1,1.0
141,93,226.87,117.41,53.53,45.98,1,1,1.0
141,95,228.89,349.29,32.24,42.82,1,1,1.0
141,96,461.54,132.71,26.69,26.28,1,1,1.0
141,97,442.46,144.34,20.13,33.99,1,1,1.0
141,98,1190.87,0.00,44.21,34.00,1,1,1.0
141,99,178.10,500.20,33.92,100.22,1,1,1.0
141,100,287.82,633.10,38.58,65.04,1,1,1.0
141,103,196.39,713.82,10.60,29.44,1,1,1.0
142,1,1295.96,505.00,60.74,91.29,1,1,1.0
142,2,95.26,580.93,68.12,109.68,1,1,1.0
142,78,1626.63,429.04,36.01,30.16,1,1,1.0
142,80,1543.34,367.42,57.54,72.63,1,1,1.0
142,82,1463.15,565.00,90.34,75.77,1,1,1.0
142,83,873.74,409.33,24.96,32.67,1,1,1.0
142,84,1574.30,501.68,42.83,48.96,1,1,1.0
142,86,1762.49,420.68,20.19,56.71,1,1,1.0
142,91,126.09,498.40,83.22,127.53,1,1,1.0
142,92,1048.40,155.56,63.07,82.48,1,1,1.0
142,93,230.92,116.56,52.59,45.47,1,1,1.0
142,95,233.37,348.79,32.24,42.82,1,1,1.0
142,96,465.41,132.71,26.69,26.28,1,1,1.0
142,97,444.61,143.91,20.13,33.99,1,1,1.0
142,98,1197.93,0.72,44.21,34.00,1,1,1.0
142,100,292.48,632.43,38.58,65.04,1,1,1.0
142,103,201.76,714.01,10.43,29.26,1,1,1.0
143,1,1301.57,505.05,61.16,92.05,1,1,1.0
143,2,100.11,581.52,67.83,109.36,1,1,1.0
143,78,1633.55,428.17,31.65,30.17,1,1,1.0
143,80,1547.49,364.96,61.95,75.92,1,1,1.0
143,82,1468.99,566.57,91.23,74.06,1,1,1.0
143,83,876.56,409.93,24.96,32.67,1,1,1.0
143,84,1577.20,501.68,42.82,48.96,1,1,1.0
143,86,1770.42,420.68,20.19,56.71,1,1,1.0
143,91,131.42,498.84,82.84,127.00,1,1,1.0
143,92,1053.92,155.18,61.18,82.98,1,1,1.0
143,93,235.37,117.21,53.20,44.21,1,1,1.0
143,95,239.34,348.79,32.24,42.82,1,1,1.0
143,96,467.57,131.88,26.69,26.27,1,1,1.0
143,97,447.19,143.91,20.13,33.99,1,1,1.0
143,98,1203.51,0.72,44.21,34.00,1,1,1.0
143,100,297.81,632.43,38.58,65.04,1,1,1.0
143,103,207.12,714.21,10.27,29.06,1,1,1.0
144,1,1307.68,504.87,60.53,91.86,1,1,1.0
144,2,105.21,580.72,67.83,110.14,1,1,1.0
144,78,1640.47,429.90,31.65,30.17,1,1,1.0
144,80,1553.33,365.56,61.75,75.09,1,1,1.0
144,82,1472.44,565.17,92.51,75.91,1,1,1.0
144,83,879.58,409.73,24.96,32.67,1,1,1.0
144,84,1583.47,501.20,42.83,48.96,1,1,1.0
144,86,1779.44,420.68,20.19,56.71,1,1,1.0
144,91,136.67,500.03,85.07,125.73,1,1,1.0
144,92,1059.12,155.79,60.47,83.20,1,1,1.0
144,93,240.37,117.20,52.43,44.28,1,1,1.0
144,95,246.31,348.30,32.24,42.82,1,1,1.0
144,96,469.73,131.04,26.69,26.28,1,1,1.0
144,97,449.77,143.48,20.13,33.99,1,1,1.0
144,98,1210.69,1.52,44.21,34.00,1,1,1.0
144,100,301.14,633.10,38.58,65.04,1,1,1.0
144,103,212.49,714.40,10.10,28.88,1,1,1.0
145,1,1310.73,506.12,61.40,90.85,1,1,1.0
145,2,110.54,581.59,66.89,109.94,1,1,1.0
145,78,1648.26,431.63,31.65,30.17,1,1,1.0
145,80,1559.26,361.94,63.36,79.08,1,1,1.0
145,82,1479.11,566.09,89.77,75.43,1,1,1.0
145,83,883.00,409.73,24.96,32.67,1,1,1.0
145,84,1588.30,503.13,42.83,48.96,1,1,1.0
145,86,1786.65,420.31,20.19,56.71,1,1,1.0
145,91,143.40,499.50,81.42,127.39,1,1,1.0
145,92,1064.30,154.78,60.80,82.69,1,1,1.0
145,93,244.66,117.44,53.22,43.74,1,1,1.0
145,95,255.72,350.78,24.32,38.81,1,1,1.0
145,96,471.41,131.04,26.69,26.28,1,1,1.0
145,97,450.63,144.34,20.13,33.99,1,1,1.0
145,98,1219.47,1.52,44.21,34.00,1,1,1.0
145,100,305.80,634.43,38.58,65.04,1,1,1.0
145,103,217.86,714.59,9.94,28.69,1,1,1.0
146,1,1321.60,505.97,60.88,91.91,1,1,1.0
146,2,119.05,581.74,67.33,110.73,1,1,1.0
146,78,1657.78,435.10,31.65,24.97,1,1,1.0
146,80,1570.92,358.88,65.59,84.22,1,1,1.0
146,82,1488.27,568.77,91.47,73.66,1,1,1.0
146,83,887.43,411.34,24.96,32.67,1,1,1.0
146,84,1598.44,502.65,42.83,48.96,1,1,1.0
146,86,1803.60,422.12,20.19,56.71,1,1,1.0
146,91,153.27,500.65,84.46,128.51,1,1,1.0
146,92,1075.78,155.13,56.47,83.81,1,1,1.0
146,93,253.44,118.13,49.12,42.70,1,1,1.0
146,95,268.66,352.77,19.34,36.82,1,1,1.0
146,96,476.69,131.76,24.01,27.04,1,1,1.0
146,97,455.36,143.91,20.13,33.99,1,1,1.0
146,98,1232.23,1.52,44.21,34.00,1,1,1.0
146,100,315.12,634.43,38.58,65.04,1,1,1.0
146,103,223.22,714.79,9.78,28.50,1,1,1.0
146,104,90.22,640.50,28.39,76.62,1,1,1.0
147,1,1324.85,506.20,61.32,92.41,1,1,1.0
147,2,123.87,582.37,65.57,111.46,1,1,1.0
147,78,1657.78,435.10,31.65,24.97,1,1,1.0
147,80,1575.02,359.20,67.34,82.61,1,1,1.0
147,82,1493.57,568.83,89.99,74.26,1,1,1.0
147,83,890.65,411.34,24.96,32.67,1,1,1.0
147,84,1602.30,503.13,42.83,48.96,1,1,1.0
147,86,1810.09,422.84,20.19,56.71,1,1,1.0
147,91,159.15,501.72,81.61,126.48,1,1,1.0
147,92,1081.26,155.51,54.65,83.92,1,1,1.0
147,93,257.46,118.23,46.60,43.90,1,1,1.0
147,95,273.14,353.77,19.33,36.81,1,1,1.0
147,96,480.29,131.76,24.01,27.04,1,1,1.0
147,97,456.22,143.91,20.13,33.99,1,1,1.0
147,98,1238.62,1.52,44.21,34.00,1,1,1.0
147,100,317.79,636.43,38.58,65.04,1,1,1.0
147,103,228.59,714.98,9.61,28.31,1,1,1.0
147,104,94.00,636.90,30.97,80.76,1,1,1.0
148,1,1328.70,507.14,61.17,92.15,1,1,1.0
148,2,128.02,582.33,66.32,111.01,1,1,1.0
148,80,1578.76,357.35,70.25,85.66,1,1,1.0
148,82,1497.97,569.10,91.18,74.23,1,1,1.0
148,83,892.46,411.74,24.96,32.67,1,1,1.0
148,84,1607.62,502.65,42.82,48.96,1,1,1.0
148,86,1813.26,423.13,25.83,60.63,1,1,1.0
148,91,163.94,501.55,80.89,126.95,1,1,1.0
148,92,1085.93,155.18,54.65,84.43,1,1,1.0
148,93,260.97,118.16,50.47,44.47,1,1,1.0
148,95,277.12,353.27,19.34,36.82,1,1,1.0
148,96,481.49,132.24,24.01,27.04,1,1,1.0
148,97,459.66,142.62,20.13,33.99,1,1,1.0
148,98,1240.21,1.52,41.79,32.38,1,1,1.0
148,100,321.79,635.76,38.57,65.04,1,1,1.0
148,103,233.96,715.17,9.44,28.13,1,1,1.0
148,104,96.79,637.70,30.97,78.37,1,1,1.0
149,1,1332.29,507.96,62.22,91.80,1,1,1.0
149,2,131.14,584.24,67.52,109.26,1,1,1.0
149,80,1585.60,359.52,69.24,82.50,1,1,1.0
149,82,1500.68,568.68,92.25,74.73,1,1,1.0
149,83,895.07,411.54,24.97,32.67,1,1,1.0
149,84,1611.48,505.06,42.83,48.96,1,1,1.0
149,86,1820.50,423.37,24.95,59.68,1,1,1.0
149,91,167.25,501.99,83.85,126.89,1,1,1.0
149,92,1090.28,155.22,53.56,84.73,1,1,1.0
149,93,264.81,118.47,48.11,44.33,1,1,1.0
149,96,483.40,131.76,24.02,27.04,1,1,1.0
149,97,460.52,144.77,20.13,33.99,1,1,1.0
149,98,1248.19,3.11,41.79,32.39,1,1,1.0
149,100,325.78,635.10,38.58,65.04,1,1,1.0
149,103,237.81,714.45,9.45,28.22,1,1,1.0
149,104,99.59,636.10,30.97,78.37,1,1,1.0
150,1,1335.62,506.56,62.46,92.35,1,1,1.0
150,2,134.14,581.29,67.98,111.13,1,1,1.0
150,80,1588.66,356.15,68.91,84.47,1,1,1.0
150,82,1503.68,567.65,92.64,74.82,1,1,1.0
150,83,896.68,411.34,24.97,32.67,1,1,1.0
150,84,1613.89,502.65,42.83,48.96,1,1,1.0
150,86,1828.85,423.92,20.19,56.71,1,1,1.0
150,91,172.07,501.46,81.72,127.04,1,1,1.0
150,92,1093.54,155.01,52.58,84.03,1,1,1.0
150,93,267.61,118.14,49.55,43.82,1,1,1.0
150,96,485.32,130.79,24.02,27.05,1,1,1.0
150,97,463.10,144.77,20.13,33.99,1,1,1.0
150,98,1253.53,1.78,41.79,32.38,1,1,1.0
150,100,330.40,637.10,33.96,61.70,1,1,1.0
150,103,241.67,713.72,9.45,28.33,1,1,1.0
150,104,103.57,636.30,30.97,76.58,1,1,1.0
151,1,1340.76,507.28,62.55,91.13,1,1,1.0
151,2,140.75,581.69,65.97,110.35,1,1,1.0
151,80,1594.78,355.15,73.02,84.92,1,1,1.0
151,82,1512.56,568.23,91.44,73.80,1,1,1.0
151,83,900.71,411.14,24.96,32.67,1,1,1.0
151,84,1622.10,503.62,42.83,48.95,1,1,1.0
151,86,1836.79,423.56,20.19,56.71,1,1,1.0
151,91,179.23,500.50,80.52,126.29,1,1,1.0
151,92,1101.15,154.97,49.86,83.98,1,1,1.0
151,93,273.00,117.62,48.00,43.54,1,1,1.0
151,96,487.48,130.79,24.01,27.05,1,1,1.0
151,97,465.25,142.62,20.13,33.99,1,1,1.0
151,98,1261.10,0.00,41.79,32.38,1,1,1.0
151,100,336.39,637.10,33.96,61.70,1,1,1.0
151,103,245.53,713.00,9.45,28.42,1,1,1.0
151,104,107.56,632.70,30.97,82.57,1,1,1.0
152,1,1344.60,506.03,62.13,91.83,1,1,1.0
152,2,142.94,581.84,68.73,109.91,1,1,1.0
152,80,1600.03,350.51,72.08,89.01,1,1,1.0
152,82,1515.48,567.40,92.34,74.21,1,1,1.0
152,83,902.92,410.94,24.96,32.66,1,1,1.0
152,84,1625.96,503.13,42.83,48.96,1,1,1.0
152,86,1840.61,419.89,26.28,57.91,1,1,1.0
152,91,182.75,499.18,81.58,126.91,1,1,1.0
152,92,1105.02,154.21,50.01,83.58,1,1,1.0
152,93,276.63,116.55,47.52,44.89,1,1,1.0
152,96,489.40,130.79,24.01,27.05,1,1,1.0
152,97,466.97,142.19,20.13,33.99,1,1,1.0
152,98,1265.55,0.00,41.79,32.38,1,1,1.0
152,100,338.39,630.40,35.34,67.73,1,1,1.0
152,103,249.39,712.27,9.45,28.53,1,1,1.0
152,104,112.35,635.10,30.97,82.56,1,1,1.0
153,1,1349.52,504.49,62.52,92.16,1,1,1.0
153,2,147.48,580.40,67.89,109.93,1,1,1.0
153,80,1603.47,349.57,74.58,89.20,1,1,1.0
153,82,1518.73,564.46,92.39,76.11,1,1,1.0
153,83,905.34,410.94,24.96,32.66,1,1,1.0
153,84,1627.90,499.27,42.83,48.96,1,1,1.0
153,86,1846.59,418.85,26.10,57.68,1,1,1.0
153,91,187.27,498.17,81.62,126.79,1,1,1.0
153,92,1108.07,152.52,50.74,85.28,1,1,1.0
153,93,280.04,115.92,46.62,44.84,1,1,1.0
153,96,492.04,130.79,24.01,27.05,1,1,1.0
153,97,470.41,142.62,20.13,33.99,1,1,1.0
153,98,1270.45,0.00,41.78,28.40,1,1,1.0
153,100,342.39,629.07,35.34,67.73,1,1,1.0
153,103,253.25,711.54,9.45,28.63,1,1,1.0
153,104,117.35,630.40,29.70,85.18,1,1,1.0
154,1,1354.03,503.53,61.79,92.67,1,1,1.0
154,2,151.29,579.49,67.82,110.50,1,1,1.0
154,3,857.81,1012.40,51.73,60.97,1,1,1.0
154,80,1608.06,343.32,74.72,96.17,1,1,1.0
154,82,1523.54,566.06,91.13,74.82,1,1,1.0
154,83,907.96,410.74,24.96,32.66,1,1,1.0
154,84,1634.66,498.79,42.83,48.95,1,1,1.0
154,86,1850.85,418.57,27.17,58.17,1,1,1.0
154,91,191.14,497.85,82.00,126.89,1,1,1.0
154,92,1112.69,152.77,49.18,85.00,1,1,1.0
154,93,283.86,115.18,47.40,44.31,1,1,1.0
154,96,494.92,132.20,21.88,24.68,1,1,1.0
154,97,472.99,142.62,20.13,33.99,1,1,1.0
154,98,1270.45,0.00,41.78,28.40,1,1,1.0
154,100,346.38,629.07,35.35,67.73,1,1,1.0
154,103,257.11,710.82,9.45,28.73,1,1,1.0
154,104,120.40,635.10,30.55,77.84,1,1,1.0
155,1,1355.47,504.25,61.28,92.21,1,1,1.0
155,2,154.43,578.47,67.06,111.06,1,1,1.0
155,80,1609.80,342.14,77.20,97.12,1,1,1.0
155,82,1527.23,565.09,91.65,74.96,1,1,1.0
155,83,910.37,410.74,24.96,32.66,1,1,1.0
155,84,1637.55,498.30,42.83,48.96,1,1,1.0
155,86,1854.82,417.40,27.09,56.98,1,1,1.0
155,91,194.79,497.43,82.86,126.01,1,1,1.0
155,92,1116.96,152.17,46.48,85.55,1,1,1.0
155,93,286.82,115.06,48.19,43.83,1,1,1.0
155,96,496.60,131.24,21.88,24.68,1,1,1.0
155,97,472.99,140.90,20.13,33.99,1,1,1.0
155,98,1276.68,1.34,41.78,24.86,1,1,1.0
155,100,349.71,627.74,35.35,67.73,1,1,1.0
155,103,260.97,710.09,9.45,28.83,1,1,1.0
155,104,123.97,633.30,31.51,79.32,1,1,1.0
156,1,1361.46,504.24,61.29,93.30,1,1,1.0
156,2,161.68,579.52,68.08,110.18,1,1,1.0
156,78,1692.00,405.92,35.93,50.26,1,1,1.0
156,80,1617.96,345.00,75.19,92.29,1,1,1.0
156,82,1530.59,563.91,94.20,77.06,1,1,1.0
156,83,912.58,410.54,24.97,32.66,1,1,1.0
156,84,1643.32,499.03,42.83,48.95,1,1,1.0
156,86,1866.39,418.20,26.33,58.55,1,1,1.0
156,91,201.99,497.72,82.27,126.73,1,1,1.0
156,92,1123.43,151.97,46.70,85.25,1,1,1.0
156,93,292.63,114.27,48.60,46.24,1,1,1.0
156,96,499.48,131.24,21.88,24.68,1,1,1.0
156,97,475.57,142.19,20.13,33.99,1,1,1.0
156,98,1287.50,1.78,37.20,24.87,1,1,1.0
156,100,355.71,627.74,35.34,67.73,1,1,1.0
156,103,264.83,709.37,9.45,28.93,1,1,1.0
156,104,128.51,634.60,35.32,79.00,1,1,1.0
157,1,1365.18,503.64,61.82,92.86,1,1,1.0
157,2,164.06,578.59,68.45,110.98,1,1,1.0
157,78,1695.52,405.26,33.99,50.88,1,1,1.0
157,80,1622.12,345.07,75.31,91.70,1,1,1.0
157,82,1534.01,564.67,93.49,75.77,1,1,1.0
157,83,914.80,410.74,24.96,32.66,1,1,1.0
157,84,1646.39,498.84,42.83,48.96,1,1,1.0
157,86,1870.78,417.87,26.78,57.89,1,1,1.0
157,91,205.33,497.85,82.17,126.79,1,1,1.0
157,92,1127.59,151.97,44.98,85.19,1,1,1.0
157,93,295.95,114.27,46.72,45.68,1,1,1.0
157,96,501.03,129.92,24.10,26.36,1,1,1.0
157,97,477.29,142.19,20.13,33.99,1,1,1.0
157,98,1291.10,1.78,37.60,24.87,1,1,1.0
157,100,359.04,628.40,35.34,67.73,1,1,1.0
157,103,268.69,708.64,9.45,29.03,1,1,1.0
157,104,131.96,629.80,35.32,83.80,1,1,1.0
158,1,1368.17,502.85,62.30,93.52,1,1,1.0
158,2,168.71,577.80,66.57,110.60,1,1,1.0
158,78,1699.16,402.51,35.14,52.23,1,1,1.0
158,80,1625.57,344.33,76.05,92.09,1,1,1.0
158,82,1539.35,564.50,92.04,75.55,1,1,1.0
158,83,915.88,408.04,24.96,32.67,1,1,1.0
158,84,1649.46,498.66,42.82,48.96,1,1,1.0
158,86,1878.32,416.85,25.17,57.53,1,1,1.0
158,91,208.81,496.80,83.28,126.89,1,1,1.0
158,92,1132.59,151.94,42.25,82.75,1,1,1.0
158,93,298.34,114.52,47.67,43.68,1,1,1.0
158,96,501.68,128.76,24.10,26.36,1,1,1.0
158,97,479.44,141.33,20.13,33.99,1,1,1.0
158,98,1297.30,1.78,31.40,24.87,1,1,1.0
158,100,360.37,628.40,35.34,67.73,1,1,1.0
158,103,272.55,707.92,9.45,29.12,1,1,1.0
158,104,135.12,632.20,35.32,80.83,1,1,1.0
159,1,1370.94,501.29,61.73,93.84,1,1,1.0
159,2,171.60,575.54,67.66,111.01,1,1,1.0
159,78,1704.57,398.66,37.01,54.80,1,1,1.0
159,80,1630.62,340.42,75.36,94.16,1,1,1.0
159,82,1542.72,563.59,92.78,74.89,1,1,1.0
159,83,918.03,406.42,24.96,32.67,1,1,1.0
159,84,1653.78,497.22,42.83,48.96,1,1,1.0
159,86,1884.23,416.12,24.54,55.20,1,1,1.0
159,91,213.71,494.26,82.55,126.47,1,1,1.0
159,92,1135.98,148.70,41.78,84.80,1,1,1.0
159,93,301.96,109.34,45.97,47.84,1,1,1.0
159,96,503.60,127.32,24.10,26.36,1,1,1.0
159,97,482.88,140.04,20.13,33.99,1,1,1.0
159,98,1302.30,1.78,26.40,24.87,1,1,1.0
159,100,364.37,626.40,35.34,67.74,1,1,1.0
159,103,276.41,707.19,9.45,29.23,1,1,1.0
159,104,139.70,629.60,30.74,83.43,1,1,1.0
160,1,1376.39,499.20,60.76,93.16,1,1,1.0
160,2,175.85,573.94,67.45,110.52,1,1,1.0
160,78,1708.56,396.42,37.99,55.31,1,1,1.0
160,80,1635.32,338.03,76.91,94.47,1,1,1.0
160,82,1546.23,559.97,93.13,76.83,1,1,1.0
160,83,921.00,405.08,24.96,32.66,1,1,1.0
160,84,1657.03,492.53,42.83,48.96,1,1,1.0
160,86,1893.06,414.18,20.19,56.71,1,1,1.0
160,91,218.95,491.25,81.94,126.28,1,1,1.0
160,92,1142.55,148.00,40.48,82.46,1,1,1.0
160,93,305.55,106.97,45.65,48.29,1,1,1.0
160,96,506.47,126.40,22.63,25.36,1,1,1.0
160,97,485.03,137.03,20.13,33.99,1,1,1.0
160,98,1310.00,1.40,26.40,21.00,1,1,1.0
160,100,368.36,623.07,35.34,67.74,1,1,1.0
160,103,282.56,702.55,9.44,29.33,1,1,1.0
160,104,144.02,629.90,29.28,81.70,1,1,1.0
161,1,1384.68,494.54,62.06,93.04,1,1,1.0
161,2,184.22,566.84,67.26,111.13,1,1,1.0
161,78,1718.95,389.96,38.60,57.14,1,1,1.0
161,80,1643.21,333.54,79.43,93.97,1,1,1.0
161,82,1555.87,555.74,91.44,77.79,1,1,1.0
161,83,926.92,399.15,24.97,32.66,1,1,1.0
161,84,1666.77,490.37,42.83,48.96,1,1,1.0
161,86,1904.24,412.38,15.76,56.71,1,1,1.0
161,91,227.30,485.43,84.13,127.37,1,1,1.0
161,92,1151.14,140.62,40.48,82.46,1,1,1.0
161,93,313.23,103.61,46.52,43.07,1,1,1.0
161,96,513.43,121.36,22.63,25.36,1,1,1.0
161,98,1320.40,0.24,25.62,17.16,1,1,1.0
161,100,375.02,619.08,35.34,67.73,1,1,1.0
161,103,288.70,697.91,9.45,29.43,1,1,1.0
161,104,153.84,617.90,29.27,85.32,1,1,1.0
162,1,1388.18,492.56,61.03,92.91,1,1,1.0
162,2,188.71,563.99,66.55,111.12,1,1,1.0
162,78,1722.94,391.45,37.35,52.64,1,1,1.0
162,80,1647.72,330.62,80.84,96.75,1,1,1.0
162,82,1559.75,554.41,92.86,76.39,1,1,1.0
162,83,929.35,398.07,24.96,32.67,1,1,1.0
162,84,1670.73,487.84,42.83,48.96,1,1,1.0
162,91,231.22,482.41,83.20,126.30,1,1,1.0
162,92,1154.84,137.85,40.48,82.46,1,1,1.0
162,93,318.00,100.14,46.00,43.91,1,1,1.0
162,96,513.91,119.68,22.63,25.36,1,1,1.0
162,100,380.35,617.08,35.34,67.73,1,1,1.0
162,103,292.78,695.66,9.44,29.53,1,1,1.0
162,104,156.96,621.00,29.27,81.12,1,1,1.0
163,1,1393.51,490.10,61.11,92.10,1,1,1.0
163,2,191.99,561.65,68.69,110.49,1,1,1.0
163,78,1726.80,371.69,41.74,70.87,1,1,1.0
163,80,1652.07,329.32,79.96,94.53,1,1,1.0
163,82,1562.29,550.56,94.74,76.73,1,1,1.0
163,83,931.50,396.45,24.97,32.67,1,1,1.0
163,84,1674.70,485.32,42.83,48.96,1,1,1.0
163,91,236.70,478.90,82.21,126.34,1,1,1.0
163,92,1158.68,135.54,40.48,82.46,1,1,1.0
163,93,321.41,95.57,45.91,45.40,1,1,1.0
163,96,515.59,117.28,22.63,25.36,1,1,1.0
163,100,383.02,612.42,35.34,67.73,1,1,1.0
163,103,296.85,693.40,9.44,29.63,1,1,1.0
163,104,158.68,618.70,29.27,79.39,1,1,1.0
164,1,1397.41,487.98,62.55,92.50,1,1,1.0
164,2,197.08,558.55,67.77,110.39,1,1,1.0
164,78,1731.98,371.77,41.11,68.59,1,1,1.0
164,80,1655.87,326.18,82.17,95.26,1,1,1.0
164,82,1568.74,548.62,93.51,77.21,1,1,1.0
164,83,933.93,394.30,24.96,32.66,1,1,1.0
164,84,1679.75,483.15,42.83,48.96,1,1,1.0
164,91,242.17,476.04,82.55,126.55,1,1,1.0
164,92,1164.50,134.77,35.82,80.13,1,1,1.0
164,93,326.96,92.76,44.74,44.42,1,1,1.0
164,96,518.71,114.40,22.63,25.36,1,1,1.0
164,100,387.68,607.76,35.34,67.73,1,1,1.0
164,103,300.92,691.15,9.45,29.73,1,1,1.0
164,104,165.57,612.30,29.28,83.49,1,1,1.0
165,1,1402.85,485.34,60.40,93.66,1,1,1.0
165,2,202.13,556.25,67.25,110.76,1,1,1.0
165,78,1735.91,356.89,42.68,81.87,1,1,1.0
165,80,1664.61,325.15,79.40,94.19,1,1,1.0
165,82,1572.76,548.01,95.28,76.39,1,1,1.0
165,83,936.36,392.41,24.96,32.67,1,1,1.0
165,84,1686.25,481.35,42.83,48.96,1,1,1.0
165,91,248.46,473.50,81.47,126.22,1,1,1.0
165,92,1171.43,133.23,35.81,80.13,1,1,1.0
165,93,331.27,88.95,44.51,46.24,1,1,1.0
165,96,520.15,111.28,22.63,25.36,1,1,1.0
165,100,392.34,606.42,35.34,67.74,1,1,1.0
165,103,305.00,688.89,9.44,29.83,1,1,1.0
165,104,170.94,614.60,29.27,72.85,1,1,1.0
166,1,1413.54,481.77,61.96,92.86,1,1,1.0
166,2,212.60,549.03,67.27,110.73,1,1,1.0
166,78,1747.27,351.10,44.18,83.33,1,1,1.0
166,80,1677.00,321.08,79.75,93.91,1,1,1.0
166,82,1585.20,544.27,93.72,76.71,1,1,1.0
166,83,944.98,386.48,24.96,32.67,1,1,1.0
166,84,1697.43,477.38,42.82,48.96,1,1,1.0
166,91,258.10,467.21,84.06,127.87,1,1,1.0
166,92,1187.20,128.23,30.05,76.67,1,1,1.0
166,93,339.05,83.23,45.94,46.83,1,1,1.0
166,96,527.59,107.20,22.62,25.36,1,1,1.0
166,100,403.00,603.09,35.34,67.74,1,1,1.0
166,103,311.70,684.78,9.45,29.93,1,1,1.0
166,104,181.07,605.66,29.27,72.85,1,1,1.0
167,1,1418.02,481.13,60.59,92.96,1,1,1.0
167,2,217.20,547.33,67.68,110.80,1,1,1.0
167,4,1531.74,87.57,30.29,54.63,1,1,1.0
167,78,1754.59,349.39,45.40,83.10,1,1,1.0
167,80,1682.55,319.71,80.00,95.99,1,1,1.0
167,82,1590.29,542.42,94.02,76.85,1,1,1.0
167,83,946.86,386.21,24.96,32.67,1,1,1.0
167,84,1702.84,475.57,42.82,48.96,1,1,1.0
167,91,264.67,465.04,82.18,128.39,1,1,1.0
167,92,1193.00,125.53,27.71,73.97,1,1,1.0
167,93,344.88,79.49,44.97,47.65,1,1,1.0
167,96,528.31,105.04,22.62,25.36,1,1,1.0
167,100,409.06,601.32,35.35,67.73,1,1,1.0
167,103,318.40,680.67,9.45,30.03,1,1,1.0
167,104,185.24,602.68,29.28,72.85,1,1,1.0
168,1,1423.67,479.53,61.61,92.73,1,1,1.0
168,2,222.48,546.42,67.67,110.47,1,1,1.0
168,4,1540.05,86.48,29.99,56.20,1,1,1.0
168,5,96.79,150.13,25.76,25.08,1,1,1.0
168,78,1760.43,347.78,45.74,83.32,1,1,1.0
168,80,1689.79,319.09,77.88,94.19,1,1,1.0
168,82,1595.27,542.14,94.48,76.95,1,1,1.0
168,83,950.63,385.67,24.96,32.67,1,1,1.0
168,84,1707.89,475.21,42.83,48.96,1,1,1.0
168,91,269.82,463.71,84.61,127.36,1,1,1.0
168,92,1198.39,124.38,27.71,73.97,1,1,1.0
168,93,350.24,77.81,43.90,47.01,1,1,1.0
168,96,534.80,107.40,19.25,21.56,1,1,1.0
168,100,415.13,599.54,35.34,67.73,1,1,1.0
168,103,325.00,679.08,9.45,30.03,1,1,1.0
168,104,192.39,600.30,29.28,72.85,1,1,1.0
169,1,1426.36,478.72,62.95,93.13,1,1,1.0
169,2,227.52,545.04,66.78,110.36,1,1,1.0
169,4,1549.27,85.61,31.37,53.26,1,1,1.0
169,78,1764.83,346.83,49.12,84.43,1,1,1.0
169,80,1694.36,318.58,79.78,94.17,1,1,1.0
169,82,1600.84,541.74,94.83,76.86,1,1,1.0
169,83,953.06,382.17,24.96,32.67,1,1,1.0
169,84,1712.94,474.49,42.82,48.96,1,1,1.0
169,91,274.99,462.38,83.77,127.92,1,1,1.0
169,92,1204.50,122.46,26.60,71.64,1,1,1.0
169,93,355.29,77.42,45.97,44.52,1,1,1.0
169,96,539.80,108.10,14.25,20.86,1,1,1.0
169,100,421.20,597.77,35.34,67.73,1,1,1.0
169,103,331.60,677.49,9.45,30.03,1,1,1.0
169,104,198.85,598.71,29.87,72.85,1,1,1.0
170,1,1429.87,477.57,63.91,93.66,1,1,1.0
170,2,232.92,543.37,66.47,112.50,1,1,1.0
170,78,1772.37,347.48,47.25,83.17,1,1,1.0
170,80,1698.80,318.30,82.01,94.02,1,1,1.0
170,82,1605.20,541.50,94.32,76.05,1,1,1.0
170,83,956.29,382.98,24.96,29.72,1,1,1.0
170,84,1718.71,474.85,42.83,48.96,1,1,1.0
170,91,281.81,460.53,82.63,127.08,1,1,1.0
170,92,1216.40,123.61,19.70,54.69,1,1,1.0
170,93,361.62,78.02,39.59,43.51,1,1,1.0
170,96,544.36,104.74,14.25,20.86,1,1,1.0
170,100,427.27,595.99,35.34,67.73,1,1,1.0
170,103,338.20,675.90,9.45,30.03,1,1,1.0
170,104,205.30,597.12,30.48,72.85,1,1,1.0
171,1,1444.04,474.78,62.15,93.06,1,1,1.0
171,2,244.77,538.65,67.14,111.15,1,1,1.0
171,6,105.29,139.20,30.79,30.48,1,1,1.0
171,78,1786.61,341.42,50.29,86.55,1,1,1.0
171,80,1712.76,317.81,81.50,92.28,1,1,1.0
171,82,1617.16,539.50,95.60,74.62,1,1,1.0
171,83,963.56,378.13,24.96,29.72,1,1,1.0
171,84,1732.04,471.60,40.66,50.40,1,1,1.0
171,91,297.33,456.51,82.13,129.04,1,1,1.0
171,93,375.15,73.85,40.28,43.16,1,1,1.0
171,100,433.34,594.21,35.34,67.74,1,1,1.0
171,103,344.80,674.31,9.45,30.03,1,1,1.0
171,104,211.76,595.53,31.07,72.85,1,1,1.0
172,1,1450.99,473.82,62.10,93.60,1,1,1.0
172,2,252.84,538.51,66.44,109.20,1,1,1.0
172,6,108.57,137.47,30.20,32.20,1,1,1.0
172,78,1793.44,339.72,53.48,87.93,1,1,1.0
172,80,1722.30,319.18,80.44,89.64,1,1,1.0
172,82,1625.02,539.98,96.40,72.90,1,1,1.0
172,83,968.41,378.67,24.97,29.72,1,1,1.0
172,84,1741.05,469.44,40.67,50.40,1,1,1.0
172,91,305.51,455.59,84.24,128.81,1,1,1.0
172,100,439.40,592.44,35.35,67.73,1,1,1.0
172,103,351.40,672.72,9.45,30.03,1,1,1.0
172,104,218.21,593.94,31.68,72.85,1,1,1.0
173,1,1457.05,471.94,63.59,92.81,1,1,1.0
173,2,259.61,536.50,66.52,109.89,1,1,1.0
173,6,110.53,136.61,28.69,32.19,1,1,1.0
173,78,1801.71,338.36,52.09,87.74,1,1,1.0
173,80,1728.60,319.42,81.23,89.63,1,1,1.0
173,82,1632.05,538.44,96.05,73.22,1,1,1.0
173,83,970.57,376.24,24.96,29.72,1,1,1.0
173,84,1748.27,469.80,40.66,50.40,1,1,1.0
173,91,315.83,454.41,80.15,129.40,1,1,1.0
173,100,445.47,590.66,35.34,67.73,1,1,1.0
173,103,358.00,671.13,9.44,30.03,1,1,1.0
173,104,224.67,592.35,32.27,72.85,1,1,1.0
174,1,1464.49,473.09,61.82,91.69,1,1,1.0
174,2,267.00,536.44,66.96,109.42,1,1,1.0
174,7,1611.21,77.82,33.52,61.15,1,1,1.0
174,78,1809.05,336.16,55.30,90.04,1,1,1.0
174,80,1737.99,322.52,80.30,83.81,1,1,1.0
174,82,1638.52,537.78,97.71,73.68,1,1,1.0
174,83,974.34,375.17,24.96,29.72,1,1,1.0
174,84,1754.40,469.80,40.66,50.40,1,1,1.0
174,91,322.97,454.30,80.50,128.52,1,1,1.0
174,100,451.54,588.89,35.34,67.73,1,1,1.0
174,103,364.60,669.54,9.44,30.02,1,1,1.0
174,104,231.13,590.76,32.87,72.85,1,1,1.0
175,1,1470.21,472.26,63.59,91.73,1,1,1.0
175,2,272.69,535.48,67.23,109.08,1,1,1.0
175,78,1815.79,339.54,55.25,86.28,1,1,1.0
175,80,1745.12,326.45,79.55,81.25,1,1,1.0
175,82,1646.04,538.85,97.15,73.16,1,1,1.0
175,83,978.38,373.82,24.96,29.72,1,1,1.0
175,84,1761.61,468.36,40.67,50.40,1,1,1.0
175,91,332.48,453.82,78.69,128.55,1,1,1.0
175,100,457.61,587.11,35.34,67.73,1,1,1.0
175,103,371.20,667.95,9.44,30.02,1,1,1.0
175,104,237.09,590.76,32.87,72.85,1,1,1.0
176,1,1481.92,472.09,63.40,92.41,1,1,1.0
176,2,284.53,534.36,68.19,109.56,1,1,1.0
176,8,1640.54,75.94,33.40,60.81,1,1,1.0
176,78,1830.17,336.08,54.89,89.51,1,1,1.0
176,80,1757.78,329.11,80.90,78.33,1,1,1.0
176,82,1658.44,537.36,97.87,73.68,1,1,1.0
176,83,983.20,372.20,24.73,29.50,1,1,1.0
176,84,1774.60,467.28,40.66,50.39,1,1,1.0
176,91,347.80,453.25,78.62,128.52,1,1,1.0
176,100,466.34,582.93,39.44,70.75,1,1,1.0
176,103,377.80,666.36,9.44,30.02,1,1,1.0
176,104,246.62,587.78,32.87,72.85,1,1,1.0
177,1,1488.37,469.59,62.94,92.31,1,1,1.0
177,2,290.55,533.49,67.51,108.94,1,1,1.0
177,8,1653.89,78.57,31.16,55.25,1,1,1.0
177,78,1836.21,334.70,56.48,89.40,1,1,1.0
177,80,1765.65,328.95,78.86,76.24,1,1,1.0
177,82,1664.16,535.26,98.83,74.29,1,1,1.0
177,83,986.97,369.51,24.73,29.50,1,1,1.0
177,84,1782.17,466.56,40.66,50.39,1,1,1.0
177,91,354.91,451.85,79.77,128.63,1,1,1.0
177,95,408.18,300.52,33.83,52.91,1,1,1.0
177,100,470.31,577.83,41.24,75.07,1,1,1.0
177,102,340.88,476.69,19.08,39.37,1,1,1.0
177,103,384.40,664.77,9.44,30.02,1,1,1.0
177,104,251.98,583.60,40.62,76.44,1,1,1.0
178,1,1494.09,468.58,63.37,93.62,1,1,1.0
178,2,297.68,531.97,67.10,109.83,1,1,1.0
178,8,1663.06,76.03,30.02,57.40,1,1,1.0
178,78,1843.27,333.29,56.05,88.78,1,1,1.0
178,80,1772.76,319.85,80.18,86.55,1,1,1.0
178,82,1671.20,535.55,99.09,72.87,1,1,1.0
178,83,991.01,368.71,24.73,29.49,1,1,1.0
178,84,1789.38,466.56,40.67,50.39,1,1,1.0
178,91,363.93,450.46,78.50,129.22,1,1,1.0
178,93,412.99,66.83,22.34,39.89,1,1,1.0
178,95,415.79,300.55,32.46,53.17,1,1,1.0
178,97,535.24,93.68,20.13,33.99,1,1,1.0
178,100,478.35,575.07,41.24,75.07,1,1,1.0
178,102,349.22,474.30,19.08,39.37,1,1,1.0
178,103,391.00,663.18,9.44,30.02,1,1,1.0
178,104,257.94,579.43,40.62,76.43,1,1,1.0
179,1,1500.58,467.36,64.13,92.27,1,1,1.0
179,2,304.00,530.01,66.36,110.10,1,1,1.0
179,8,1673.40,75.89,30.59,56.17,1,1,1.0
179,78,1851.36,331.57,57.07,89.02,1,1,1.0
179,80,1780.46,316.71,77.10,86.57,1,1,1.0
179,82,1677.99,534.26,98.14,74.12,1,1,1.0
179,83,992.90,367.90,24.73,29.49,1,1,1.0
179,84,1795.53,464.32,40.67,50.40,1,1,1.0
179,91,371.11,449.22,77.90,128.92,1,1,1.0
179,93,418.00,66.06,22.33,39.89,1,1,1.0
179,95,420.13,299.97,34.52,54.59,1,1,1.0
179,97,537.55,91.37,20.13,33.99,1,1,1.0
179,100,482.96,577.83,37.94,72.37,1,1,1.0
179,102,353.39,472.52,19.08,39.37,1,1,1.0
179,103,397.59,661.58,9.45,30.03,1,1,1.0
179,104,264.38,576.75,41.39,78.22,1,1,1.0
180,1,1507.13,465.76,62.34,93.39,1,1,1.0
180,2,309.88,527.85,67.94,111.09,1,1,1.0
180,78,1857.56,330.95,56.82,87.86,1,1,1.0
180,80,1788.76,314.24,76.30,86.83,1,1,1.0
180,82,1683.83,531.89,98.19,73.87,1,1,1.0
180,83,996.40,366.55,24.73,29.50,1,1,1.0
180,84,1802.24,461.53,40.66,50.39,1,1,1.0
180,91,379.10,446.20,77.69,129.62,1,1,1.0
180,93,426.85,62.21,22.33,39.89,1,1,1.0
180,95,426.37,298.63,33.18,55.26,1,1,1.0
180,97,539.87,89.06,20.13,33.99,1,1,1.0
180,100,488.96,577.83,37.93,72.37,1,1,1.0
180,102,362.93,468.94,19.08,39.37,1,1,1.0
180,103,404.19,659.99,9.45,30.03,1,1,1.0
180,104,270.81,574.06,42.17,80.01,1,1,1.0
181,1,1519.67,461.22,62.30,93.47,1,1,1.0
181,2,323.94,525.91,66.31,111.35,1,1,1.0
181,78,1871.68,327.97,48.32,87.24,1,1,1.0
181,80,1801.17,304.79,77.92,93.10,1,1,1.0
181,82,1697.44,527.51,98.09,75.55,1,1,1.0
181,83,1003.41,361.70,24.72,29.50,1,1,1.0
181,84,1816.20,459.29,40.67,50.40,1,1,1.0
181,91,392.97,444.58,79.96,128.91,1,1,1.0
181,93,438.93,59.44,32.60,43.80,1,1,1.0
181,95,437.14,295.73,34.96,55.67,1,1,1.0
181,96,568.18,73.00,19.72,28.80,1,1,1.0
181,97,542.18,86.75,20.13,33.99,1,1,1.0
181,100,500.94,571.84,37.94,72.37,1,1,1.0
181,102,375.44,467.15,19.08,39.37,1,1,1.0
181,103,415.55,657.21,9.44,30.03,1,1,1.0
181,104,277.25,571.38,42.94,81.80,1,1,1.0
182,1,1524.73,461.93,62.02,91.55,1,1,1.0
182,2,329.93,523.53,65.92,111.66,1,1,1.0
182,9,1714.07,65.40,33.09,67.99,1,1,1.0
182,10,1784.95,350.55,49.12,53.49,1,1,1.0
182,78,1880.01,328.16,39.99,86.19,1,1,1.0
182,80,1808.84,303.05,75.05,94.61,1,1,1.0
182,82,1702.77,527.41,98.88,74.10,1,1,1.0
182,83,1005.56,360.89,24.73,29.50,1,1,1.0
182,84,1824.03,459.29,40.66,50.40,1,1,1.0
182,91,399.73,443.21,79.02,128.94,1,1,1.0
182,93,444.52,55.61,39.08,53.99,1,1,1.0
182,95,442.42,294.85,34.57,55.10,1,1,1.0
182,96,569.67,73.00,19.72,28.80,1,1,1.0
182,97,545.26,85.98,20.13,33.99,1,1,1.0
182,100,507.26,571.46,37.94,72.37,1,1,1.0
182,102,382.59,462.98,19.08,39.37,1,1,1.0
182,103,421.19,655.42,9.44,30.03,1,1,1.0
182,104,283.69,568.70,43.71,83.58,1,1,1.0
183,1,1529.86,459.51,63.76,93.40,1,1,1.0
183,2,336.12,522.48,65.00,111.14,1,1,1.0
183,10,1788.45,347.95,59.42,52.94,1,1,1.0
183,78,1884.37,329.33,35.63,84.78,1,1,1.0
183,80,1815.16,302.12,76.77,93.08,1,1,1.0
183,82,1709.59,525.95,96.83,74.98,1,1,1.0
183,83,1008.26,360.62,24.72,29.50,1,1,1.0
183,84,1829.05,457.06,40.67,50.40,1,1,1.0
183,91,405.68,442.64,83.12,128.23,1,1,1.0
183,93,448.21,48.22,39.08,54.00,1,1,1.0
183,95,447.60,295.21,35.34,52.89,1,1,1.0
183,96,571.16,73.00,19.72,28.80,1,1,1.0
183,97,546.81,84.94,20.13,33.99,1,1,1.0
183,100,512.84,569.98,37.94,72.37,1,1,1.0
183,102,387.96,462.98,19.08,39.37,1,1,1.0
183,103,426.83,653.63,9.45,30.03,1,1,1.0
183,104,290.12,566.02,44.49,85.36,1,1,1.0
184,1,1535.32,459.52,62.64,93.31,1,1,1.0
184,2,342.09,521.07,66.65,110.43,1,1,1.0
184,10,1797.70,348.16,49.03,56.13,1,1,1.0
184,78,1892.36,327.95,27.64,87.42,1,1,1.0
184,80,1821.09,299.29,77.81,97.37,1,1,1.0
184,82,1714.65,525.11,99.62,74.22,1,1,1.0
184,83,1010.14,359.54,24.73,29.50,1,1,1.0
184,84,1833.52,455.94,40.67,50.40,1,1,1.0
184,91,413.49,441.02,79.91,128.49,1,1,1.0
184,93,457.44,47.30,39.08,53.99,1,1,1.0
184,95,452.78,295.57,36.12,50.68,1,1,1.0
184,96,572.16,67.53,21.74,30.27,1,1,1.0
184,97,548.37,83.90,20.13,33.99,1,1,1.0
184,100,518.60,568.40,38.00,72.20,1,1,1.0
184,102,395.11,461.79,19.08,39.37,1,1,1.0
184,103,433.72,651.30,9.45,30.03,1,1,1.0
184,104,296.56,563.34,45.26,87.15,1,1,1.0
185,1,1540.99,457.90,64.63,93.07,1,1,1.0
185,2,348.22,519.13,66.51,111.25,1,1,1.0
185,10,1802.72,344.84,45.78,51.83,1,1,1.0
185,80,1828.12,297.72,77.28,96.04,1,1,1.0
185,82,1721.89,521.96,98.05,75.70,1,1,1.0
185,83,1014.99,357.39,24.73,29.50,1,1,1.0
185,84,1840.79,454.82,40.66,50.40,1,1,1.0
185,91,419.58,439.53,80.72,126.66,1,1,1.0
185,93,465.29,48.24,40.34,50.06,1,1,1.0
185,95,458.31,292.74,34.56,51.78,1,1,1.0
185,96,574.65,68.03,21.74,30.27,1,1,1.0
185,97,551.68,81.21,18.92,26.19,1,1,1.0
185,100,524.04,567.53,38.00,72.20,1,1,1.0
185,102,401.07,460.60,19.08,39.37,1,1,1.0
185,103,440.62,648.97,9.44,30.03,1,1,1.0
185,104,302.99,560.65,46.05,88.94,1,1,1.0
186,1,1552.21,454.18,63.17,93.11,1,1,1.0
186,2,360.29,515.50,66.23,110.23,1,1,1.0
186,11,478.02,-0.00,28.10,21.84,1,1,1.0
186,12,1799.75,61.28,27.09,53.05,1,1,1.0
186,80,1841.94,293.75,77.97,96.00,1,1,1.0
186,82,1732.62,519.45,98.99,75.14,1,1,1.0
186,83,1020.11,354.16,24.73,29.49,1,1,1.0
186,84,1853.08,450.91,40.66,50.40,1,1,1.0
186,91,433.57,434.42,82.30,127.67,1,1,1.0
186,93,474.98,39.92,49.22,55.78,1,1,1.0
186,95,470.91,289.13,32.95,51.45,1,1,1.0
186,96,578.63,66.54,21.74,30.26,1,1,1.0
186,100,535.56,563.81,38.00,72.20,1,1,1.0
186,102,412.99,456.43,19.08,39.37,1,1,1.0
186,103,447.51,646.64,9.45,30.03,1,1,1.0
186,104,309.43,557.97,46.82,90.72,1,1,1.0
187,1,1557.51,452.07,63.95,93.09,1,1,1.0
187,2,366.51,513.36,64.73,110.69,1,1,1.0
187,12,1809.65,58.12,25.15,53.07,1,1,1.0
187,80,1848.26,291.15,71.74,96.52,1,1,1.0
187,82,1738.25,516.73,98.03,76.18,1,1,1.0
187,83,1022.54,352.00,24.72,29.50,1,1,1.0
187,84,1857.54,447.56,40.67,50.40,1,1,1.0
187,91,439.36,433.34,83.06,126.64,1,1,1.0
187,93,483.29,40.84,49.22,55.78,1,1,1.0
187,94,482.55,0.00,28.10,21.67,1,1,1.0
187,95,475.11,288.12,34.26,50.82,1,1,1.0
187,96,580.12,64.55,21.74,30.26,1,1,1.0
187,100,540.37,556.73,40.26,72.81,1,1,1.0
187,102,420.14,456.43,19.08,39.37,1,1,1.0
187,103,454.40,644.31,9.45,30.03,1,1,1.0
187,104,315.86,555.29,47.60,92.51,1,1,1.0
188,1,1562.35,449.11,64.10,93.26,1,1,1.0
188,2,371.76,511.41,65.86,109.59,1,1,1.0
188,12,1816.89,55.91,26.45,52.15,1,1,1.0
188,80,1853.94,289.34,66.06,95.10,1,1,1.0
188,82,1743.38,515.30,98.61,75.09,1,1,1.0
188,83,1024.42,350.12,24.73,29.49,1,1,1.0
188,84,1865.37,445.88,40.66,50.40,1,1,1.0
188,91,445.27,430.05,83.37,127.45,1,1,1.0
188,93,489.70,39.92,48.35,49.28,1,1,1.0
188,94,488.17,0.31,28.10,21.66,1,1,1.0
188,95,479.45,287.90,34.76,49.77,1,1,1.0
188,96,581.12,63.05,21.74,30.27,1,1,1.0
188,100,543.45,555.32,43.76,73.67,1,1,1.0
188,102,426.69,452.26,19.08,39.37,1,1,1.0
188,103,459.74,641.46,9.45,30.03,1,1,1.0
188,104,322.30,552.61,48.37,94.29,1,1,1.0
189,1,1566.47,446.54,64.19,94.08,1,1,1.0
189,2,376.57,508.76,66.54,110.41,1,1,1.0
189,12,1825.84,53.07,25.75,52.87,1,1,1.0
189,13,1793.36,52.85,28.41,60.97,1,1,1.0
189,80,1859.42,286.36,60.58,96.06,1,1,1.0
189,82,1748.49,512.93,99.59,76.06,1,1,1.0
189,83,1027.65,348.50,24.73,29.49,1,1,1.0
189,84,1869.84,443.65,40.66,50.40,1,1,1.0
189,91,451.53,428.10,85.14,127.45,1,1,1.0
189,93,492.40,39.53,50.26,46.17,1,1,1.0
189,94,490.47,0.31,28.10,21.66,1,1,1.0
189,95,483.03,286.56,36.51,49.48,1,1,1.0
189,96,581.12,57.09,21.74,30.26,1,1,1.0
189,100,549.20,553.64,42.55,73.82,1,1,1.0
189,102,433.84,450.47,19.08,39.37,1,1,1.0
189,103,465.08,638.62,9.45,30.02,1,1,1.0
189,104,327.02,548.71,48.37,94.29,1,1,1.0
190,1,1570.43,444.48,66.05,94.91,1,1,1.0
190,2,382.47,506.11,66.33,110.06,1,1,1.0
190,80,1864.39,284.79,55.61,96.77,1,1,1.0
190,82,1754.82,509.66,97.88,76.92,1,1,1.0
190,83,1031.16,346.88,24.72,29.50,1,1,1.0
190,84,1873.75,443.09,40.66,50.40,1,1,1.0
190,91,458.78,424.80,83.77,127.51,1,1,1.0
190,93,501.70,42.61,45.60,41.29,1,1,1.0
190,94,495.48,0.00,28.10,21.20,1,1,1.0
190,95,489.50,284.23,34.34,48.53,1,1,1.0
190,96,583.60,57.09,21.74,30.26,1,1,1.0
190,100,555.34,551.09,40.97,73.97,1,1,1.0
190,102,439.80,449.88,19.08,39.36,1,1,1.0
190,103,470.42,635.77,9.45,30.02,1,1,1.0
190,104,331.74,544.81,48.36,94.30,1,1,1.0
191,1,1578.82,439.88,65.03,94.48,1,1,1.0
191,2,391.33,501.72,66.32,109.23,1,1,1.0
191,14,1849.41,44.90,29.66,52.36,1,1,1.0
191,15,1816.88,43.50,30.16,66.92,1,1,1.0
191,16,1845.94,326.59,39.93,52.89,1,1,1.0
191,17,150.95,93.97,35.10,34.34,1,1,1.0
191,80,1873.99,288.74,46.01,87.48,1,1,1.0
191,82,1761.87,507.11,101.05,74.11,1,1,1.0
191,83,1034.12,341.23,24.73,29.49,1,1,1.0
191,84,1883.24,436.95,36.76,50.39,1,1,1.0
191,91,468.22,419.74,85.01,126.96,1,1,1.0
191,94,502.40,0.00,20.00,15.40,1,1,1.0
191,95,497.25,280.02,34.40,47.41,1,1,1.0
191,96,586.10,53.60,19.24,25.80,1,1,1.0
191,100,564.18,544.12,38.00,76.28,1,1,1.0
191,102,447.55,445.70,19.08,39.37,1,1,1.0
191,103,475.76,632.92,9.45,30.02,1,1,1.0
191,104,336.45,540.92,48.37,94.29,1,1,1.0
192,1,1583.39,437.00,65.60,95.10,1,1,1.0
192,2,395.74,499.76,65.98,108.64,1,1,1.0
192,14,1857.18,41.01,25.57,56.98,1,1,1.0
192,15,1821.96,37.88,31.17,68.11,1,1,1.0
192,80,1880.12,289.44,39.88,85.85,1,1,1.0
192,82,1767.48,502.63,97.62,77.03,1,1,1.0
192,83,1036.54,337.99,24.73,29.50,1,1,1.0
192,84,1883.24,433.60,36.76,50.39,1,1,1.0
192,91,474.60,416.14,83.55,127.61,1,1,1.0
192,94,504.33,0.00,19.99,14.63,1,1,1.0
192,95,501.60,278.05,32.92,46.41,1,1,1.0
192,100,567.52,542.63,38.00,76.28,1,1,1.0
192,102,453.51,438.55,19.08,39.37,1,1,1.0
192,103,481.10,630.07,9.44,30.02,1,1,1.0
192,104,341.17,537.02,48.37,94.29,1,1,1.0
193,1,1587.80,434.36,66.52,94.43,1,1,1.0
193,2,399.93,496.32,66.91,109.31,1,1,1.0
193,14,1863.70,39.33,26.45,54.80,1,1,1.0
193,15,1830.35,37.12,31.88,62.63,1,1,1.0
193,80,1883.93,293.81,36.07,79.02,1,1,1.0
193,82,1769.74,501.48,102.14,74.86,1,1,1.0
193,83,1037.62,336.92,25.83,29.49,1,1,1.0
193,84,1891.60,431.36,27.84,50.40,1,1,1.0
193,91,476.28,415.00,87.74,127.08,1,1,1.0
193,94,510.87,0.77,11.93,8.83,1,1,1.0
193,95,504.53,273.79,35.86,48.41,1,1,1.0
193,100,571.98,541.52,38.00,76.28,1,1,1.0
193,102,457.68,434.98,19.08,39.37,1,1,1.0
193,103,485.79,628.01,9.45,30.02,1,1,1.0
193,104,345.89,533.12,48.37,94.29,1,1,1.0
194,1,1591.94,432.62,65.23,95.26,1,1,1.0
194,2,404.05,493.62,66.56,109.87,1,1,1.0
194,14,1870.66,35.34,25.72,57.06,1,1,1.0
194,15,1836.09,33.95,32.20,66.01,1,1,1.0
194,80,1888.44,275.21,31.56,96.91,1,1,1.0
194,82,1773.66,498.96,101.08,76.22,1,1,1.0
194,83,1039.78,335.84,25.83,29.50,1,1,1.0
194,84,1897.70,431.36,21.74,50.40,1,1,1.0
194,91,482.01,412.37,88.00,127.17,1,1,1.0
194,95,508.14,274.28,36.19,46.71,1,1,1.0
194,100,576.44,538.91,38.00,76.29,1,1,1.0
194,102,462.96,433.98,19.08,39.37,1,1,1.0
194,103,490.48,625.95,9.45,30.02,1,1,1.0
194,104,349.99,531.07,48.37,94.29,1,1,1.0
195,1,1595.77,430.93,64.52,94.50,1,1,1.0
195,2,408.33,491.56,65.80,109.80,1,1,1.0
195,14,1874.91,34.71,27.82,54.88,1,1,1.0
195,80,1892.27,287.95,27.73,82.22,1,1,1.0
195,82,1779.43,496.43,99.09,76.47,1,1,1.0
195,83,1041.39,333.69,25.83,29.49,1,1,1.0
195,84,1901.60,431.36,17.84,50.40,1,1,1.0
195,91,485.98,410.53,87.90,125.98,1,1,1.0
195,95,512.56,273.76,34.63,44.17,1,1,1.0
195,100,577.75,538.62,43.00,71.90,1,1,1.0
195,102,465.99,431.59,19.30,38.28,1,1,1.0
195,103,495.18,623.89,9.44,30.02,1,1,1.0
195,104,354.09,529.02,48.37,94.29,1,1,1.0
196,1,1602.85,429.64,65.56,94.00,1,1,1.0
196,2,416.68,487.51,66.98,109.53,1,1,1.0
196,14,1856.96,30.18,34.22,65.82,1,1,1.0
196,18,1890.17,32.61,26.78,53.43,1,1,1.0
196,80,1900.33,284.01,19.67,84.17,1,1,1.0
196,82,1786.76,494.15,99.80,76.97,1,1,1.0
196,83,1045.44,329.64,25.83,29.50,1,1,1.0
196,91,495.40,405.91,88.75,126.96,1,1,1.0
196,93,520.74,34.34,27.92,34.16,1,1,1.0
196,95,519.26,268.50,35.37,46.44,1,1,1.0
196,100,585.75,532.05,43.35,75.07,1,1,1.0
196,102,473.69,430.05,19.30,38.28,1,1,1.0
196,103,499.87,621.83,9.44,30.02,1,1,1.0
196,104,358.19,526.97,48.37,94.29,1,1,1.0
197,1,1606.27,427.67,65.73,93.26,1,1,1.0
197,2,420.37,485.40,66.21,109.96,1,1,1.0
197,14,1862.57,30.06,32.05,65.19,1,1,1.0
197,18,1895.95,31.54,23.88,52.44,1,1,1.0
197,80,1875.49,310.73,44.51,57.75,1,1,1.0
197,82,1788.51,493.63,100.12,76.73,1,1,1.0
197,83,1047.86,328.30,25.83,29.49,1,1,1.0
197,91,500.89,403.59,88.19,127.13,1,1,1.0
197,93,525.00,32.04,27.01,34.26,1,1,1.0
197,95,522.88,265.70,35.67,47.53,1,1,1.0
197,100,589.60,532.14,44.22,72.29,1,1,1.0
197,102,478.69,426.97,19.30,38.28,1,1,1.0
197,103,504.56,619.77,9.45,30.02,1,1,1.0
197,104,362.30,524.92,48.37,94.29,1,1,1.0
198,1,1608.92,427.59,65.57,93.14,1,1,1.0
198,2,425.79,485.00,64.45,109.30,1,1,1.0
198,14,1867.24,25.96,34.58,68.79,1,1,1.0
198,18,1901.94,29.31,18.06,55.77,1,1,1.0
198,80,1878.32,313.50,41.68,55.90,1,1,1.0
198,82,1791.46,493.31,102.28,74.91,1,1,1.0
198,83,1049.75,327.76,25.83,29.49,1,1,1.0
198,91,505.40,402.31,88.16,127.48,1,1,1.0
198,93,528.79,27.79,30.45,38.99,1,1,1.0
198,95,526.13,265.52,35.42,46.70,1,1,1.0
198,100,590.43,531.06,44.22,75.24,1,1,1.0
198,102,484.46,425.82,19.30,38.28,1,1,1.0
198,103,508.57,618.24,9.44,30.03,1,1,1.0
198,104,366.60,523.69,48.37,94.29,1,1,1.0
199,1,1612.52,427.20,65.69,93.55,1,1,1.0
199,2,428.69,483.98,66.20,110.33,1,1,1.0
199,14,1874.33,27.17,33.52,63.14,1,1,1.0
199,80,1883.52,313.45,36.48,58.55,1,1,1.0
199,82,1796.33,493.59,100.04,75.95,1,1,1.0
199,83,1050.83,327.76,25.83,29.49,1,1,1.0
199,91,508.21,403.18,90.22,125.69,1,1,1.0
199,93,532.51,28.04,31.20,36.95,1,1,1.0
199,95,531.21,264.30,33.40,47.53,1,1,1.0
199,100,596.00,531.06,44.22,75.24,1,1,1.0
199,102,488.69,423.89,19.30,38.28,1,1,1.0
199,103,512.57,616.71,9.45,30.03,1,1,1.0
199,104,370.91,522.46,48.37,94.29,1,1,1.0
200,1,1615.89,427.45,66.14,93.80,1,1,1.0
200,2,432.92,483.15,65.69,110.51,1,1,1.0
200,80,1886.03,314.29,33.97,60.86,1,1,1.0
200,82,1798.31,492.69,103.61,75.19,1,1,1.0
200,83,1052.98,327.76,25.83,29.49,1,1,1.0
200,91,517.42,400.19,86.28,128.70,1,1,1.0
200,93,534.08,0.00,41.38,66.36,1,1,1.0
200,95,534.51,263.84,33.52,46.57,1,1,1.0
200,100,599.58,531.17,40.37,68.98,1,1,1.0
200,102,494.46,423.89,19.30,38.28,1,1,1.0
200,103,516.58,615.19,9.45,30.02,1,1,1.0
200,104,375.22,521.23,48.37,94.29,1,1,1.0
201,1,1621.83,426.89,65.37,92.78,1,1,1.0
201,2,440.61,480.99,65.35,109.04,1,1,1.0
201,82,1804.82,492.16,102.78,75.75,1,1,1.0
201,83,1055.68,326.95,25.83,29.50,1,1,1.0
201,91,521.09,400.23,91.67,126.59,1,1,1.0
201,93,543.42,18.15,34.01,43.66,1,1,1.0
201,95,541.00,264.99,34.44,43.74,1,1,1.0
201,100,605.47,526.59,43.61,73.30,1,1,1.0
201,102,501.39,420.82,19.30,38.28,1,1,1.0
201,103,520.59,613.66,9.44,30.03,1,1,1.0
201,104,379.53,520.00,48.36,94.29,1,1,1.0
202,1,1624.57,426.63,65.09,92.90,1,1,1.0
202,2,443.79,480.42,67.04,109.13,1,1,1.0
202,82,1809.70,492.39,99.62,75.47,1,1,1.0
202,83,1057.83,324.79,25.83,29.50,1,1,1.0
202,91,527.50,398.47,89.31,126.79,1,1,1.0
202,93,546.59,17.05,36.22,46.19,1,1,1.0
202,95,543.94,264.83,34.23,43.48,1,1,1.0
202,100,608.44,527.25,43.34,71.31,1,1,1.0
202,102,505.62,420.82,19.30,38.28,1,1,1.0
202,103,524.59,612.14,9.45,30.02,1,1,1.0
202,104,383.83,518.77,48.37,94.29,1,1,1.0
203,1,1627.12,425.26,66.30,94.56,1,1,1.0
203,2,447.16,478.41,66.46,108.71,1,1,1.0
203,82,1812.10,491.82,103.36,75.48,1,1,1.0
203,83,1059.72,324.53,25.83,29.49,1,1,1.0
203,91,537.10,396.35,83.88,127.93,1,1,1.0
203,93,549.74,15.60,37.54,45.26,1,1,1.0
203,95,548.33,264.62,32.95,41.87,1,1,1.0
203,99,527.57,406.91,38.16,100.47,1,1,1.0
203,100,613.28,526.97,41.17,70.83,1,1,1.0
203,102,508.31,419.92,19.30,38.28,1,1,1.0
203,103,528.60,610.61,9.44,30.03,1,1,1.0
203,104,386.40,517.74,48.37,94.29,1,1,1.0
204,1,1630.49,425.40,65.98,95.19,1,1,1.0
204,2,449.76,477.02,66.65,109.42,1,1,1.0
204,82,1814.13,491.51,104.79,75.63,1,1,1.0
204,83,1061.60,324.53,25.83,29.49,1,1,1.0
204,91,540.23,394.96,84.52,128.88,1,1,1.0
204,93,551.90,12.87,37.85,46.33,1,1,1.0
204,95,550.45,264.78,33.40,41.26,1,1,1.0
204,99,530.82,404.03,37.71,103.30,1,1,1.0
204,100,616.05,527.33,38.22,69.59,1,1,1.0
204,102,511.00,419.02,19.30,38.28,1,1,1.0
204,103,531.75,609.46,9.44,30.03,1,1,1.0
204,104,388.96,516.71,48.37,94.30,1,1,1.0
205,1,1632.99,424.52,66.36,95.55,1,1,1.0
205,2,453.91,476.09,65.18,109.34,1,1,1.0
205,82,1817.61,492.29,100.52,74.78,1,1,1.0
205,83,1063.49,323.45,25.21,27.95,1,1,1.0
205,91,540.71,394.40,88.66,127.89,1,1,1.0
205,93,556.01,10.94,37.70,48.70,1,1,1.0
205,95,552.76,263.73,34.74,41.21,1,1,1.0
205,99,534.67,403.67,36.54,102.53,1,1,1.0
205,100,618.84,526.12,39.21,69.55,1,1,1.0
205,102,513.70,418.12,19.30,38.28,1,1,1.0
205,103,534.89,608.32,9.45,30.03,1,1,1.0
205,104,391.53,515.69,48.36,94.29,1,1,1.0
206,1,1638.69,423.37,66.36,94.38,1,1,1.0
206,2,460.86,474.08,66.54,109.12,1,1,1.0
206,82,1825.98,488.72,92.77,76.62,1,1,1.0
206,83,1067.81,323.45,21.82,25.45,1,1,1.0
206,91,549.43,391.34,86.78,128.91,1,1,1.0
206,93,562.53,5.79,40.80,50.88,1,1,1.0
206,95,561.56,262.55,31.52,40.13,1,1,1.0
206,99,541.87,401.19,38.02,102.88,1,1,1.0
206,100,624.89,524.63,34.71,69.55,1,1,1.0
206,102,518.70,416.58,19.30,38.28,1,1,1.0
206,103,540.62,605.46,9.44,30.03,1,1,1.0
206,104,394.09,514.66,48.37,94.29,1,1,1.0
207,1,1641.54,423.17,67.68,93.88,1,1,1.0
207,2,464.59,472.62,65.57,110.15,1,1,1.0
207,82,1828.08,487.68,91.37,76.95,1,1,1.0
207,83,1068.75,323.45,21.82,25.45,1,1,1.0
207,91,558.70,390.14,81.53,129.19,1,1,1.0
207,93,564.48,5.22,40.80,50.88,1,1,1.0
207,95,562.69,261.44,34.34,40.08,1,1,1.0
207,99,545.79,398.59,39.49,102.85,1,1,1.0
207,100,628.11,524.05,36.59,68.87,1,1,1.0
207,102,523.70,415.04,19.30,38.28,1,1,1.0
207,103,544.05,604.31,9.44,30.03,1,1,1.0
207,104,399.56,514.32,48.37,94.29,1,1,1.0
208,1,1644.77,422.91,67.06,94.57,1,1,1.0
208,2,468.63,472.04,64.50,109.83,1,1,1.0
208,82,1830.61,487.76,89.39,76.97,1,1,1.0
208,83,1070.62,323.45,21.82,25.45,1,1,1.0
208,91,556.17,390.12,88.36,128.08,1,1,1.0
208,93,568.49,5.22,40.80,50.88,1,1,1.0
208,95,565.75,261.63,35.40,39.58,1,1,1.0
208,99,550.05,396.83,37.75,104.55,1,1,1.0
208,100,631.33,523.46,38.46,68.19,1,1,1.0
208,102,528.70,413.51,19.30,38.28,1,1,1.0
208,103,546.91,604.31,9.45,30.03,1,1,1.0
208,104,405.03,513.98,48.37,94.29,1,1,1.0
209,1,1646.95,422.39,68.36,94.76,1,1,1.0
209,2,470.40,471.07,66.01,109.58,1,1,1.0
209,82,1833.96,487.41,86.04,77.18,1,1,1.0
209,83,1073.11,322.82,21.82,25.46,1,1,1.0
209,91,561.04,388.25,86.95,129.00,1,1,1.0
209,93,570.49,3.22,46.11,50.38,1,1,1.0
209,95,569.00,260.36,34.32,39.28,1,1,1.0
209,99,552.49,396.55,41.90,103.97,1,1,1.0
209,100,634.35,521.90,36.40,69.84,1,1,1.0
209,102,533.70,411.97,19.30,38.28,1,1,1.0
209,103,549.77,604.31,9.45,30.03,1,1,1.0
209,104,410.50,513.64,48.37,94.29,1,1,1.0
210,1,1650.76,422.05,67.49,93.93,1,1,1.0
210,2,473.98,470.46,66.56,109.58,1,1,1.0
210,82,1838.64,485.73,81.36,78.87,1,1,1.0
210,83,1074.36,322.51,21.82,25.45,1,1,1.0
210,91,576.61,387.98,75.05,128.25,1,1,1.0
210,93,573.87,3.22,46.11,50.38,1,1,1.0
210,95,572.83,260.52,33.24,37.47,1,1,1.0
210,99,556.36,395.86,42.35,103.30,1,1,1.0
210,100,636.79,518.27,40.34,70.95,1,1,1.0
210,102,538.71,410.43,19.30,38.28,1,1,1.0
210,103,552.06,604.31,9.45,30.03,1,1,1.0
210,104,412.04,513.38,48.37,94.29,1,1,1.0
211,1,1655.97,421.72,68.33,94.10,1,1,1.0
211,2,479.54,468.42,65.64,109.90,1,1,1.0
211,82,1843.46,488.56,76.54,76.15,1,1,1.0
211,83,1077.17,320.64,21.82,25.45,1,1,1.0
211,91,585.97,386.22,72.86,128.85,1,1,1.0
211,93,580.15,2.25,46.11,50.39,1,1,1.0
211,95,577.64,257.93,32.48,38.79,1,1,1.0
211,99,562.67,395.56,40.86,100.25,1,1,1.0
211,100,640.81,515.88,42.39,70.82,1,1,1.0
211,102,543.71,408.89,19.30,38.28,1,1,1.0
211,103,558.36,602.03,9.44,30.02,1,1,1.0
211,104,413.58,513.12,48.36,94.29,1,1,1.0
212,1,1659.11,421.37,67.10,94.10,1,1,1.0
212,2,482.60,467.40,64.44,109.57,1,1,1.0
212,82,1845.08,490.73,74.92,73.91,1,1,1.0
212,83,1077.79,320.33,21.82,25.45,1,1,1.0
212,90,673.10,516.76,15.78,40.92,1,1,1.0
212,91,587.82,385.20,74.15,129.20,1,1,1.0
212,93,582.61,0.00,44.33,50.40,1,1,1.0
212,95,578.79,256.49,33.97,39.25,1,1,1.0
212,99,564.10,394.34,41.13,100.37,1,1,1.0
212,100,643.21,517.15,38.16,69.32,1,1,1.0
212,102,545.25,406.58,19.30,38.28,1,1,1.0
212,103,560.07,601.45,9.45,30.03,1,1,1.0
212,104,415.11,512.87,48.37,94.29,1,1,1.0
213,1,1661.95,421.31,67.69,93.56,1,1,1.0
213,2,484.86,466.42,64.88,109.20,1,1,1.0
213,82,1848.82,492.84,71.18,71.84,1,1,1.0
213,83,1079.04,320.33,21.82,25.45,1,1,1.0
213,90,674.33,517.29,16.46,38.73,1,1,1.0
213,91,594.09,385.23,71.10,127.90,1,1,1.0
213,93,585.22,0.00,46.95,71.26,1,1,1.0
213,95,581.27,254.38,34.96,40.05,1,1,1.0
213,99,566.61,394.98,43.10,100.41,1,1,1.0
213,100,645.30,515.07,39.77,69.67,1,1,1.0
213,102,550.41,405.66,17.04,37.32,1,1,1.0
213,103,561.22,601.45,9.44,30.03,1,1,1.0
213,104,416.65,512.61,48.37,94.29,1,1,1.0
214,1,1664.49,421.31,67.75,93.18,1,1,1.0
214,2,486.11,466.06,65.81,109.51,1,1,1.0
214,82,1850.44,493.86,69.56,71.19,1,1,1.0
214,83,1080.91,320.33,21.82,25.45,1,1,1.0
214,90,675.32,514.02,17.08,41.53,1,1,1.0
214,91,595.22,383.87,72.73,129.69,1,1,1.0
214,93,586.75,0.00,47.33,73.94,1,1,1.0
214,95,582.52,254.59,35.04,39.39,1,1,1.0
214,99,568.62,394.96,41.88,100.21,1,1,1.0
214,100,647.01,514.97,37.79,69.10,1,1,1.0
214,102,552.74,404.73,17.78,38.46,1,1,1.0
214,103,563.51,600.88,9.44,30.03,1,1,1.0
214,104,418.70,512.61,48.37,94.29,1,1,1.0
215,1,1665.86,422.03,68.07,92.15,1,1,1.0
215,2,486.93,465.65,66.79,109.44,1,1,1.0
215,82,1852.22,494.04,67.78,71.30,1,1,1.0
215,83,1081.84,320.02,21.83,25.45,1,1,1.0
215,90,677.21,516.34,17.08,41.53,1,1,1.0
215,91,595.80,383.25,73.52,129.42,1,1,1.0
215,93,589.01,0.00,48.17,71.08,1,1,1.0
215,95,583.32,252.73,35.65,40.92,1,1,1.0
215,99,570.53,394.48,40.06,99.84,1,1,1.0
215,100,648.42,515.52,36.84,69.90,1,1,1.0
215,102,554.08,404.36,18.41,39.87,1,1,1.0
215,103,564.65,600.31,9.45,30.02,1,1,1.0
215,104,421.78,511.58,48.37,94.30,1,1,1.0
216,1,1668.90,423.17,67.87,92.78,1,1,1.0
216,2,489.97,465.20,66.62,109.94,1,1,1.0
216,82,1856.80,495.93,63.20,69.98,1,1,1.0
216,83,1083.09,319.71,21.82,25.45,1,1,1.0
216,90,679.44,516.34,17.08,41.53,1,1,1.0
216,91,598.10,382.81,74.30,129.05,1,1,1.0
216,93,590.50,0.00,48.28,61.36,1,1,1.0
216,95,585.04,251.74,36.59,41.28,1,1,1.0
216,99,573.74,392.57,41.80,100.40,1,1,1.0
216,100,650.15,514.44,38.60,70.78,1,1,1.0
216,102,555.51,404.56,19.58,37.21,1,1,1.0
216,103,566.37,598.02,9.44,30.03,1,1,1.0
216,104,424.86,510.56,48.36,94.29,1,1,1.0
217,1,1670.81,422.96,68.59,93.06,1,1,1.0
217,2,492.07,463.41,66.42,109.72,1,1,1.0
217,19,1850.51,46.35,19.66,33.86,1,1,1.0
217,82,1858.38,496.60,61.55,69.20,1,1,1.0
217,83,1084.65,318.46,21.82,25.45,1,1,1.0
217,90,680.95,515.93,17.08,41.53,1,1,1.0
217,91,601.30,382.63,75.01,126.76,1,1,1.0
217,93,594.49,0.00,47.39,59.45,1,1,1.0
217,95,587.53,251.16,35.62,41.41,1,1,1.0
217,99,575.55,391.03,40.53,100.47,1,1,1.0
217,100,651.87,512.89,42.73,71.22,1,1,1.0
217,102,557.34,404.47,19.79,36.51,1,1,1.0
217,103,568.66,597.45,9.44,30.02,1,1,1.0
217,104,426.22,509.19,48.37,94.29,1,1,1.0
218,1,1673.90,422.30,67.31,93.88,1,1,1.0
218,2,493.51,460.75,66.59,111.48,1,1,1.0
218,19,1851.15,46.30,22.72,33.74,1,1,1.0
218,82,1860.32,497.10,59.68,68.40,1,1,1.0
218,83,1086.21,317.84,21.82,25.45,1,1,1.0
218,90,682.87,514.29,17.08,41.53,1,1,1.0
218,91,603.99,380.18,74.74,129.01,1,1,1.0
218,93,595.75,0.00,48.37,66.50,1,1,1.0
218,95,590.70,249.15,34.47,41.71,1,1,1.0
218,99,577.73,389.20,42.06,100.72,1,1,1.0
218,100,652.83,511.75,43.54,72.55,1,1,1.0
218,102,559.13,403.41,19.44,36.92,1,1,1.0
218,103,570.95,597.45,9.44,30.02,1,1,1.0
218,104,427.59,507.82,48.37,94.29,1,1,1.0
219,1,1675.72,422.65,67.75,94.29,1,1,1.0
219,2,495.45,460.28,66.86,111.13,1,1,1.0
219,19,1851.73,47.82,23.54,33.39,1,1,1.0
219,82,1862.34,499.42,57.66,66.64,1,1,1.0
219,83,1086.83,318.15,21.83,25.45,1,1,1.0
219,90,686.97,511.50,13.73,42.34,1,1,1.0
219,91,607.83,379.63,72.74,129.17,1,1,1.0
219,93,597.30,0.00,49.29,66.32,1,1,1.0
219,95,593.54,247.59,34.32,42.07,1,1,1.0
219,99,579.47,387.63,43.33,101.64,1,1,1.0
219,100,655.47,512.21,41.87,71.79,1,1,1.0
219,102,563.90,400.75,17.72,39.49,1,1,1.0
219,103,571.52,597.45,9.44,30.02,1,1,1.0
219,104,428.96,506.46,48.37,94.29,1,1,1.0
220,1,1677.30,423.43,69.18,92.45,1,1,1.0
220,2,497.71,460.25,66.60,110.84,1,1,1.0
220,19,1854.18,46.42,22.28,34.45,1,1,1.0
220,82,1864.74,500.47,55.26,65.70,1,1,1.0
220,83,1088.39,318.46,21.82,25.45,1,1,1.0
220,90,688.00,510.07,15.20,45.73,1,1,1.0
220,91,609.78,379.88,73.10,129.15,1,1,1.0
220,93,600.23,0.00,48.78,60.63,1,1,1.0
220,95,594.95,247.37,35.47,41.31,1,1,1.0
220,99,582.48,388.86,42.36,99.55,1,1,1.0
220,100,657.41,512.57,38.50,71.93,1,1,1.0
220,102,566.88,399.98,18.15,38.18,1,1,1.0
220,103,573.23,597.45,9.45,30.02,1,1,1.0
220,104,431.52,504.92,48.37,94.29,1,1,1.0
221,1,1682.06,424.29,68.41,93.76,1,1,1.0
221,2,502.08,460.18,67.18,109.84,1,1,1.0
221,19,1856.56,49.44,20.86,33.04,1,1,1.0
221,82,1870.74,502.31,49.26,66.82,1,1,1.0
221,83,1090.89,319.08,21.82,25.46,1,1,1.0
221,90,692.46,510.68,15.20,45.73,1,1,1.0
221,91,612.96,379.08,78.13,129.72,1,1,1.0
221,93,605.36,0.00,49.44,66.31,1,1,1.0
221,95,597.20,246.46,36.91,42.76,1,1,1.0
221,99,588.04,386.97,41.63,102.56,1,1,1.0
221,100,661.64,511.97,35.56,73.43,1,1,1.0
221,102,570.52,401.20,18.76,38.43,1,1,1.0
221,103,577.81,597.45,9.45,30.02,1,1,1.0
221,104,434.09,503.38,48.36,94.29,1,1,1.0
222,1,1684.64,425.44,68.16,93.84,1,1,1.0
222,2,504.69,460.81,66.51,109.61,1,1,1.0
222,19,1858.03,51.71,20.13,31.90,1,1,1.0
222,82,1872.86,505.30,47.14,64.24,1,1,1.0
222,83,1092.13,319.40,21.82,25.45,1,1,1.0
222,90,694.24,510.95,15.20,45.73,1,1,1.0
222,91,616.56,380.08,76.41,128.62,1,1,1.0
222,93,607.37,0.00,50.12,70.47,1,1,1.0
222,95,600.31,246.98,35.85,42.14,1,1,1.0
222,99,590.36,389.45,42.11,100.14,1,1,1.0
222,100,663.83,511.12,35.56,72.20,1,1,1.0
222,102,572.45,400.79,18.30,35.58,1,1,1.0
222,103,578.96,596.88,9.44,30.02,1,1,1.0
222,104,437.50,503.38,48.37,94.29,1,1,1.0
223,1,1687.08,429.29,68.91,91.77,1,1,1.0
223,2,507.65,461.39,66.49,109.43,1,1,1.0
223,19,1859.53,52.97,20.82,32.47,1,1,1.0
223,82,1875.19,507.33,44.81,64.84,1,1,1.0
223,83,1093.38,320.33,21.82,25.45,1,1,1.0
223,90,695.89,513.35,15.97,43.55,1,1,1.0
223,91,620.85,381.08,74.28,127.71,1,1,1.0
223,93,609.49,0.00,52.23,70.46,1,1,1.0
223,95,603.93,249.19,34.70,40.67,1,1,1.0
223,99,592.55,391.10,43.60,99.16,1,1,1.0
223,100,665.41,511.89,37.76,71.84,1,1,1.0
223,102,575.05,403.56,18.04,36.18,1,1,1.0
223,103,581.91,596.60,9.45,30.03,1,1,1.0
223,104,440.92,503.38,48.37,94.29,1,1,1.0
224,1,1690.73,429.58,68.41,92.68,1,1,1.0
224,2,509.13,460.33,67.08,110.62,1,1,1.0
224,19,1859.63,53.63,23.02,33.51,1,1,1.0
224,82,1877.97,509.26,42.03,64.14,1,1,1.0
224,83,1096.19,321.27,21.82,25.45,1,1,1.0
224,90,699.76,511.73,15.23,44.96,1,1,1.0
224,91,625.27,381.42,73.43,127.77,1,1,1.0
224,93,612.99,0.00,51.72,71.40,1,1,1.0
224,95,607.56,251.41,33.55,39.18,1,1,1.0
224,99,595.52,390.03,44.17,101.09,1,1,1.0
224,100,668.18,512.72,37.56,70.60,1,1,1.0
224,102,579.49,401.42,16.14,38.78,1,1,1.0
224,103,584.87,596.33,9.44,30.02,1,1,1.0
224,104,444.34,503.38,48.37,94.29,1,1,1.0
225,1,1694.61,429.92,67.72,93.52,1,1,1.0
225,2,513.08,461.19,65.49,110.93,1,1,1.0
225,19,1861.31,55.47,22.13,33.50,1,1,1.0
225,82,1881.77,512.63,38.23,62.01,1,1,1.0
225,83,1097.74,321.89,21.83,23.61,1,1,1.0
225,90,702.60,514.12,15.57,43.80,1,1,1.0
225,91,627.23,381.72,76.47,128.14,1,1,1.0
225,93,616.20,0.00,53.60,71.90,1,1,1.0
225,95,609.70,247.77,36.52,42.95,1,1,1.0
225,99,600.54,392.58,42.36,98.29,1,1,1.0
225,100,671.89,512.77,39.65,71.04,1,1,1.0
225,102,583.05,403.49,17.42,37.63,1,1,1.0
225,103,587.82,596.05,9.45,30.03,1,1,1.0
225,104,447.76,503.38,48.37,94.29,1,1,1.0
226,1,1701.26,434.20,67.57,93.01,1,1,1.0
226,2,520.37,463.60,65.91,110.06,1,1,1.0
226,19,1866.10,58.59,22.58,34.53,1,1,1.0
226,82,1889.56,519.93,30.44,60.24,1,1,1.0
226,83,1101.17,324.70,21.83,23.61,1,1,1.0
226,90,707.93,515.22,16.72,42.43,1,1,1.0
226,91,636.05,382.72,74.72,128.79,1,1,1.0
226,93,623.90,0.00,52.74,72.03,1,1,1.0
226,95,614.68,250.85,36.44,40.79,1,1,1.0
226,99,606.91,392.87,44.49,99.19,1,1,1.0
226,100,676.93,512.77,37.81,72.40,1,1,1.0
226,102,590.75,403.88,17.42,37.62,1,1,1.0
226,103,592.77,596.46,9.44,30.03,1,1,1.0
226,104,451.18,503.38,48.37,94.29,1,1,1.0
227,1,1704.69,436.03,67.99,92.86,1,1,1.0
227,2,523.32,462.10,65.60,111.99,1,1,1.0
227,19,1867.29,60.96,23.06,32.92,1,1,1.0
227,83,1103.67,321.00,25.83,29.18,1,1,1.0
227,90,711.53,514.66,15.20,45.73,1,1,1.0
227,91,640.16,383.54,73.73,128.56,1,1,1.0
227,93,626.81,0.00,51.63,68.97,1,1,1.0
227,95,619.41,253.55,34.37,39.14,1,1,1.0
227,99,609.65,394.22,44.15,97.71,1,1,1.0
227,100,679.56,512.94,41.24,72.55,1,1,1.0
227,102,591.90,403.88,17.42,37.62,1,1,1.0
227,103,595.72,596.94,9.45,30.03,1,1,1.0
227,104,454.60,503.38,48.37,94.29,1,1,1.0
228,1,1708.14,435.77,68.44,93.07,1,1,1.0
228,2,526.05,461.35,65.85,112.46,1,1,1.0
228,19,1869.51,61.86,22.87,33.34,1,1,1.0
228,83,1104.60,321.31,25.84,29.18,1,1,1.0
228,90,714.68,514.66,15.20,45.73,1,1,1.0
228,91,643.58,382.82,74.07,127.62,1,1,1.0
228,93,629.67,0.00,53.39,72.95,1,1,1.0
228,95,622.77,250.24,33.90,41.55,1,1,1.0
228,99,614.64,392.64,42.84,98.45,1,1,1.0
228,100,682.46,512.78,45.83,72.68,1,1,1.0
228,102,597.29,403.88,17.42,37.62,1,1,1.0
228,103,598.68,597.43,9.44,30.02,1,1,1.0
228,104,456.31,502.35,48.37,94.29,1,1,1.0
229,1,1712.67,436.36,67.79,94.34,1,1,1.0
229,2,529.32,461.18,65.60,111.42,1,1,1.0
229,83,1107.10,322.25,25.83,29.17,1,1,1.0
229,90,717.56,513.97,15.20,45.73,1,1,1.0
229,91,646.73,381.92,76.18,128.88,1,1,1.0
229,93,634.88,0.00,51.58,69.19,1,1,1.0
229,95,624.81,248.93,35.27,42.54,1,1,1.0
229,99,618.98,392.08,41.60,99.88,1,1,1.0
229,100,684.55,512.93,44.85,72.01,1,1,1.0
229,102,601.52,405.03,17.42,37.63,1,1,1.0
229,103,601.63,597.91,9.45,30.02,1,1,1.0
229,104,458.02,501.33,48.37,94.29,1,1,1.0
230,1,1715.44,437.18,70.42,94.84,1,1,1.0
230,2,532.18,460.92,65.82,110.66,1,1,1.0
230,83,1108.66,323.49,25.83,29.18,1,1,1.0
230,90,720.03,513.15,15.20,45.73,1,1,1.0
230,91,652.49,382.02,73.91,128.34,1,1,1.0
230,93,636.56,0.00,53.14,69.07,1,1,1.0
230,95,626.85,247.62,36.64,43.52,1,1,1.0
230,99,621.77,392.24,43.38,98.72,1,1,1.0
230,100,687.12,512.47,38.90,73.23,1,1,1.0
230,102,605.37,404.64,17.42,37.63,1,1,1.0
230,103,604.84,598.18,9.44,30.03,1,1,1.0
230,104,459.73,500.30,48.36,94.29,1,1,1.0
231,1,1724.22,439.85,69.08,94.05,1,1,1.0
231,2,537.52,460.30,67.08,111.27,1,1,1.0
231,83,1111.78,324.43,25.83,29.18,1,1,1.0
231,90,725.16,515.38,16.85,43.62,1,1,1.0
231,91,658.24,380.40,76.10,129.50,1,1,1.0
231,93,643.27,0.00,51.75,67.77,1,1,1.0
231,95,636.09,250.61,32.48,40.07,1,1,1.0
231,99,628.11,393.33,44.08,97.34,1,1,1.0
231,100,693.57,513.35,35.78,70.92,1,1,1.0
231,102,611.52,405.41,17.42,37.63,1,1,1.0
231,103,608.04,598.45,9.44,30.03,1,1,1.0
231,104,463.01,500.44,49.19,94.42,1,1,1.0
232,1,1728.38,441.83,68.96,93.64,1,1,1.0
232,2,539.95,460.53,66.79,111.67,1,1,1.0
232,83,1113.96,323.80,25.83,29.18,1,1,1.0
232,90,728.01,514.02,16.50,45.30,1,1,1.0
232,91,663.27,381.06,73.86,129.95,1,1,1.0
232,93,645.80,0.00,52.82,67.48,1,1,1.0
232,95,637.88,250.04,33.18,40.57,1,1,1.0
232,99,631.26,392.68,44.81,99.31,1,1,1.0
232,100,696.49,514.10,38.62,70.34,1,1,1.0
232,102,613.83,405.41,17.42,37.63,1,1,1.0
232,103,611.24,598.72,9.45,30.03,1,1,1.0
232,104,466.29,500.58,50.01,94.56,1,1,1.0
233,1,1732.47,443.87,69.72,92.95,1,1,1.0
233,2,543.63,461.02,65.47,111.78,1,1,1.0
233,83,1116.45,325.05,25.83,29.18,1,1,1.0
233,90,731.77,515.90,15.61,44.46,1,1,1.0
233,91,666.76,381.67,74.21,129.89,1,1,1.0
233,93,649.71,0.00,51.34,67.31,1,1,1.0
233,95,639.99,247.89,34.59,42.59,1,1,1.0
233,99,634.58,392.73,44.04,99.50,1,1,1.0
233,100,699.14,514.47,39.58,70.83,1,1,1.0
233,102,617.68,405.41,17.42,37.63,1,1,1.0
233,103,614.44,599.00,9.45,30.02,1,1,1.0
233,104,469.57,500.72,50.83,94.69,1,1,1.0
234,1,1738.16,444.17,68.26,95.44,1,1,1.0
234,2,546.66,461.55,65.02,112.08,1,1,1.0
234,21,1883.28,74.24,20.95,30.80,1,1,1.0
234,83,1118.63,325.67,25.83,29.18,1,1,1.0
234,90,734.13,516.39,16.24,45.23,1,1,1.0
234,91,670.77,381.63,73.53,130.66,1,1,1.0
234,93,652.61,0.00,51.85,63.61,1,1,1.0
234,95,641.86,246.92,35.69,44.24,1,1,1.0
234,99,637.40,394.31,45.30,98.87,1,1,1.0
234,100,701.26,514.69,38.20,71.59,1,1,1.0
234,102,621.14,406.95,17.42,37.63,1,1,1.0
234,103,617.65,599.27,9.44,30.03,1,1,1.0
234,104,472.85,500.86,51.65,94.83,1,1,1.0
235,1,1742.80,446.01,67.97,95.42,1,1,1.0
235,2,549.90,462.83,65.88,112.56,1,1,1.0
235,21,1884.06,75.26,21.80,31.69,1,1,1.0
235,83,1120.81,327.23,25.84,29.18,1,1,1.0
235,90,736.63,515.86,16.98,46.44,1,1,1.0
235,91,673.05,382.09,75.91,131.52,1,1,1.0
235,93,656.48,0.00,51.42,62.33,1,1,1.0
235,95,644.02,241.93,36.49,48.96,1,1,1.0
235,99,640.07,395.39,45.04,99.67,1,1,1.0
235,100,704.26,513.92,37.51,73.23,1,1,1.0
235,102,623.52,404.57,17.42,37.63,1,1,1.0
235,103,620.85,599.54,9.44,30.03,1,1,1.0
235,104,476.14,501.00,52.46,94.96,1,1,1.0
236,1,1750.95,448.83,70.67,96.79,1,1,1.0
236,2,554.91,462.26,66.76,113.27,1,1,1.0
236,21,1888.65,77.38,20.42,33.26,1,1,1.0
236,83,1123.31,328.17,25.83,29.18,1,1,1.0
236,90,742.22,516.25,17.59,46.52,1,1,1.0
236,91,683.71,383.22,73.01,131.05,1,1,1.0
236,93,662.90,0.00,51.79,61.79,1,1,1.0
236,95,652.10,247.70,34.03,44.14,1,1,1.0
236,99,648.31,394.11,44.70,100.10,1,1,1.0
236,100,709.62,515.82,39.97,73.66,1,1,1.0
236,102,631.27,400.00,17.42,44.19,1,1,1.0
236,103,624.05,599.81,9.45,30.03,1,1,1.0
236,104,479.42,501.14,53.28,95.09,1,1,1.0
237,1,1755.34,449.16,70.40,97.64,1,1,1.0
237,2,558.25,462.85,66.37,113.05,1,1,1.0
237,21,1889.79,78.62,21.58,33.36,1,1,1.0
237,83,1125.49,328.48,25.83,29.18,1,1,1.0
237,90,745.84,516.29,16.83,46.91,1,1,1.0
237,91,686.70,382.49,74.46,131.62,1,1,1.0
237,93,665.55,0.00,52.71,59.59,1,1,1.0
237,95,655.13,246.12,34.48,45.12,1,1,1.0
237,99,650.84,395.00,46.18,99.09,1,1,1.0
237,100,712.03,517.48,40.75,72.63,1,1,1.0
237,102,635.29,400.57,17.42,44.20,1,1,1.0
237,103,627.87,600.53,9.44,30.03,1,1,1.0
237,104,482.70,501.28,54.10,95.23,1,1,1.0
238,1,1760.41,450.50,71.32,96.96,1,1,1.0
238,2,561.57,462.50,66.47,113.17,1,1,1.0
238,21,1891.39,78.50,21.42,34.43,1,1,1.0
238,83,1127.36,329.41,25.83,29.18,1,1,1.0
238,90,749.40,519.88,16.96,41.35,1,1,1.0
238,91,690.22,381.96,75.47,132.16,1,1,1.0
238,93,670.89,0.00,54.79,49.38,1,1,1.0
238,95,658.93,246.80,34.12,44.40,1,1,1.0
238,99,654.44,395.01,45.87,101.21,1,1,1.0
238,100,714.71,517.38,40.68,72.86,1,1,1.0
238,102,638.74,400.00,17.42,44.19,1,1,1.0
238,103,631.69,601.25,9.44,30.02,1,1,1.0
238,104,485.98,501.42,54.92,95.36,1,1,1.0
239,1,1766.54,450.22,71.01,97.56,1,1,1.0
239,2,565.39,461.57,67.68,113.81,1,1,1.0
239,83,1130.79,329.41,25.83,29.18,1,1,1.0
239,90,752.19,514.97,17.08,47.48,1,1,1.0
239,91,695.52,381.48,75.32,131.49,1,1,1.0
239,93,674.97,0.00,54.00,60.47,1,1,1.0
239,95,664.62,246.48,32.23,43.03,1,1,1.0
239,99,659.36,393.53,46.93,100.63,1,1,1.0
239,100,719.60,514.50,37.83,74.01,1,1,1.0
239,102,642.13,399.96,18.63,42.06,1,1,1.0
239,103,635.50,601.96,9.45,30.03,1,1,1.0
239,104,489.26,501.56,55.74,95.49,1,1,1.0
240,1,1772.03,451.27,71.01,97.07,1,1,1.0
240,2,568.54,460.81,68.09,114.33,1,1,1.0
240,83,1133.28,330.66,25.84,29.18,1,1,1.0
240,90,756.64,516.62,17.54,45.55,1,1,1.0
240,91,701.25,379.72,73.57,131.96,1,1,1.0
240,93,678.60,1.68,54.00,64.32,1,1,1.0
240,95,668.04,247.44,32.31,43.13,1,1,1.0
240,99,664.12,393.33,46.33,99.93,1,1,1.0
240,100,723.54,517.27,36.24,72.82,1,1,1.0
240,102,646.94,399.84,18.63,42.06,1,1,1.0
240,103,639.32,602.68,9.44,30.02,1,1,1.0
240,104,492.55,501.70,56.55,95.63,1,1,1.0
241,1,1781.91,451.85,72.39,97.37,1,1,1.0
241,2,577.62,460.75,67.03,113.91,1,1,1.0
241,83,1137.96,331.28,25.83,29.18,1,1,1.0
241,90,765.00,519.84,16.96,40.98,1,1,1.0
241,91,712.58,380.40,73.66,131.83,1,1,1.0
241,93,690.23,1.68,54.00,64.32,1,1,1.0
241,95,676.20,246.16,32.31,41.59,1,1,1.0
241,99,672.86,388.58,46.72,104.45,1,1,1.0
241,100,730.31,519.39,39.16,70.96,1,1,1.0
241,102,656.02,398.11,17.15,43.09,1,1,1.0
241,103,643.13,603.39,9.45,30.03,1,1,1.0
241,104,495.83,501.84,57.37,95.76,1,1,1.0
242,1,1787.68,452.69,72.04,97.57,1,1,1.0
242,2,581.36,460.44,67.58,114.94,1,1,1.0
242,83,1139.83,330.04,25.83,29.17,1,1,1.0
242,90,767.73,517.71,18.72,45.35,1,1,1.0
242,91,716.39,378.87,74.38,132.29,1,1,1.0
242,93,693.47,0.38,54.00,64.33,1,1,1.0
242,95,681.42,242.93,30.17,44.49,1,1,1.0
242,99,678.08,388.77,46.81,104.09,1,1,1.0
242,100,734.45,517.84,38.26,72.64,1,1,1.0
242,102,659.96,400.01,18.91,42.39,1,1,1.0
242,103,646.95,604.11,9.44,30.02,1,1,1.0
242,104,499.11,501.98,58.19,95.89,1,1,1.0
243,1,1792.48,453.39,72.92,97.56,1,1,1.0
243,2,584.39,460.84,67.77,114.62,1,1,1.0
243,83,1141.70,331.28,25.83,29.18,1,1,1.0
243,90,773.65,518.27,15.20,45.73,1,1,1.0
243,91,720.09,378.79,75.50,133.82,1,1,1.0
243,93,696.70,0.38,54.00,64.33,1,1,1.0
243,95,681.62,230.39,32.24,56.21,1,1,1.0
243,99,680.29,392.03,48.28,102.71,1,1,1.0
243,100,737.24,516.79,37.81,75.06,1,1,1.0
243,102,665.04,400.99,18.63,42.06,1,1,1.0
243,103,650.77,604.82,9.44,30.03,1,1,1.0
243,104,502.39,502.12,59.01,96.03,1,1,1.0
244,1,1798.28,455.31,71.91,97.32,1,1,1.0
244,2,588.26,461.51,66.08,115.41,1,1,1.0
244,83,1143.57,332.22,25.83,29.18,1,1,1.0
244,90,776.45,519.27,15.20,45.73,1,1,1.0
244,91,727.16,380.63,75.53,132.90,1,1,1.0
244,93,703.80,0.38,50.13,60.42,1,1,1.0
244,95,685.10,232.38,32.24,56.21,1,1,1.0
244,99,688.97,394.43,47.95,99.24,1,1,1.0
244,100,741.10,521.78,41.26,70.80,1,1,1.0
244,102,670.22,401.56,18.63,42.06,1,1,1.0
244,103,654.58,605.54,9.45,30.03,1,1,1.0
244,104,505.67,502.26,59.83,96.16,1,1,1.0
245,1,1803.79,457.29,73.03,96.24,1,1,1.0
245,2,592.57,462.72,69.00,115.99,1,1,1.0
245,83,1146.38,332.84,25.83,29.18,1,1,1.0
245,90,781.05,520.47,14.05,44.93,1,1,1.0
245,91,731.15,379.30,76.09,134.18,1,1,1.0
245,93,699.28,1.03,50.13,60.42,1,1,1.0
245,95,685.30,229.50,37.50,59.72,1,1,1.0
245,99,691.45,393.21,48.28,101.89,1,1,1.0
245,100,744.75,519.91,40.14,74.13,1,1,1.0
245,102,674.24,404.15,18.63,42.06,1,1,1.0
245,103,658.40,606.26,9.44,30.02,1,1,1.0
245,104,508.96,502.40,60.64,96.29,1,1,1.0
246,1,1816.13,459.57,72.10,97.52,1,1,1.0
246,2,600.90,465.53,67.39,115.13,1,1,1.0
246,83,1151.67,334.40,25.84,29.18,1,1,1.0
246,90,790.74,524.04,14.26,44.76,1,1,1.0
246,91,742.24,382.74,76.10,134.43,1,1,1.0
246,93,711.56,1.03,50.13,60.42,1,1,1.0
246,95,693.40,231.00,37.53,60.87,1,1,1.0
246,99,700.52,395.15,50.15,102.79,1,1,1.0
246,100,753.00,524.33,39.24,70.90,1,1,1.0
246,102,683.64,402.06,17.95,42.76,1,1,1.0
246,103,667.25,606.55,9.45,30.03,1,1,1.0
246,104,513.40,503.20,60.64,96.29,1,1,1.0
247,1,1821.03,460.76,72.93,97.43,1,1,1.0
247,2,605.64,465.09,67.42,116.25,1,1,1.0
247,83,1154.17,335.34,25.83,29.18,1,1,1.0
247,90,794.45,524.16,14.85,43.22,1,1,1.0
247,91,747.58,383.01,76.32,135.81,1,1,1.0
247,93,717.12,0.00,51.08,59.10,1,1,1.0
247,95,698.54,232.88,36.26,56.72,1,1,1.0
247,99,704.90,395.32,50.76,102.48,1,1,1.0
247,100,756.44,524.76,40.13,70.59,1,1,1.0
247,102,688.03,404.72,18.63,42.06,1,1,1.0
247,103,671.71,606.85,9.44,30.03,1,1,1.0
247,104,517.84,504.00,60.65,96.29,1,1,1.0
248,1,1827.43,460.93,72.97,96.83,1,1,1.0
248,2,610.17,464.54,68.06,116.56,1,1,1.0
248,83,1156.97,335.34,25.83,29.18,1,1,1.0
248,90,797.68,525.01,15.12,42.65,1,1,1.0
248,91,753.55,382.59,77.20,135.20,1,1,1.0
248,93,720.68,0.00,51.87,61.40,1,1,1.0
248,95,703.01,232.88,36.27,56.72,1,1,1.0
248,99,709.96,393.76,52.32,102.58,1,1,1.0
248,100,761.03,522.40,40.80,74.86,1,1,1.0
248,102,693.21,403.86,18.63,42.06,1,1,1.0
248,103,676.17,607.15,9.44,30.02,1,1,1.0
248,104,522.29,504.79,60.64,96.30,1,1,1.0
249,1,1833.81,461.30,72.06,97.92,1,1,1.0
249,2,613.74,464.57,68.21,115.64,1,1,1.0
249,83,1159.16,335.34,25.83,29.18,1,1,1.0
249,89,1429.60,91.80,58.39,67.56,1,1,1.0
249,90,802.28,523.46,15.82,44.70,1,1,1.0
249,91,759.69,381.09,76.31,136.20,1,1,1.0
249,93,718.64,0.38,54.00,60.47,1,1,1.0
249,95,706.00,231.90,37.72,58.58,1,1,1.0
249,99,714.51,393.74,51.81,103.93,1,1,1.0
249,100,764.97,522.14,38.85,75.62,1,1,1.0
249,102,697.52,404.72,18.63,42.06,1,1,1.0
249,103,680.62,607.44,9.45,30.03,1,1,1.0
249,104,526.73,505.59,60.65,96.30,1,1,1.0
250,1,1838.56,463.31,72.57,96.90,1,1,1.0
250,2,618.54,465.40,67.47,115.34,1,1,1.0
250,83,1162.27,334.40,25.84,29.18,1,1,1.0
250,89,1439.40,94.10,53.40,67.59,1,1,1.0
250,90,806.19,522.77,17.61,45.65,1,1,1.0
250,91,763.54,381.86,77.97,136.33,1,1,1.0
250,93,727.04,1.03,54.00,60.47,1,1,1.0
250,95,710.97,232.38,36.73,56.72,1,1,1.0
250,99,720.50,393.66,51.22,103.49,1,1,1.0
250,100,768.74,522.19,39.64,74.05,1,1,1.0
250,102,703.55,406.16,18.63,42.06,1,1,1.0
250,103,685.08,607.74,9.44,30.03,1,1,1.0
250,104,531.18,506.39,60.64,96.29,1,1,1.0
251,1,1850.22,463.54,69.28,97.14,1,1,1.0
251,2,627.47,464.34,68.22,115.74,1,1,1.0
251,83,1167.88,334.40,25.84,29.18,1,1,1.0
251,89,1451.80,92.00,54.14,67.57,1,1,1.0
251,90,813.58,524.54,19.07,44.05,1,1,1.0
251,91,776.85,382.67,76.37,135.77,1,1,1.0
251,93,747.70,1.03,36.58,50.77,1,1,1.0
251,95,718.93,231.88,36.73,56.72,1,1,1.0
251,99,729.84,393.05,53.56,105.07,1,1,1.0
251,100,777.23,523.80,40.33,74.72,1,1,1.0
251,102,711.50,401.22,18.63,42.06,1,1,1.0
251,103,689.54,608.04,9.44,30.02,1,1,1.0
251,104,535.62,507.19,60.65,96.29,1,1,1.0
252,1,1856.12,464.35,63.63,96.87,1,1,1.0
252,2,632.65,464.96,67.91,116.11,1,1,1.0
252,83,1170.69,335.34,25.83,29.18,1,1,1.0
252,89,1454.60,92.70,56.37,68.09,1,1,1.0
252,90,820.66,525.47,16.36,43.41,1,1,1.0
252,91,784.47,382.36,75.33,135.88,1,1,1.0
252,93,754.81,1.03,36.58,50.77,1,1,1.0
252,95,722.91,230.88,36.73,56.73,1,1,1.0
252,99,734.67,392.95,53.98,105.49,1,1,1.0
252,100,782.67,523.21,38.56,73.69,1,1,1.0
252,102,718.58,402.72,18.63,42.06,1,1,1.0
252,103,693.99,608.33,9.45,30.03,1,1,1.0
252,104,540.06,507.98,60.65,96.30,1,1,1.0
253,1,1863.35,462.59,56.65,97.71,1,1,1.0
253,2,638.54,464.18,68.26,116.45,1,1,1.0
253,83,1174.74,335.65,25.83,29.18,1,1,1.0
253,89,1457.00,92.20,60.60,67.56,1,1,1.0
253,90,824.45,525.79,17.54,42.59,1,1,1.0
253,91,790.14,380.63,76.22,136.68,1,1,1.0
253,95,726.54,224.39,38.81,64.11,1,1,1.0
253,99,739.83,392.23,56.49,104.11,1,1,1.0
253,100,787.60,524.51,38.23,72.50,1,1,1.0
253,102,723.09,402.94,18.63,42.06,1,1,1.0
253,103,698.45,608.63,9.44,30.03,1,1,1.0
253,104,544.51,508.78,60.64,96.30,1,1,1.0
254,1,1869.16,463.44,50.84,98.63,1,1,1.0
254,2,641.74,464.29,68.03,116.64,1,1,1.0
254,83,1175.99,335.65,27.11,29.18,1,1,1.0
254,89,1463.30,90.30,56.78,68.86,1,1,1.0
254,90,827.25,524.36,19.46,44.83,1,1,1.0
254,91,793.75,382.34,78.35,136.16,1,1,1.0
254,95,731.87,227.90,36.73,62.20,1,1,1.0
254,99,744.77,392.99,54.08,106.34,1,1,1.0
254,100,790.30,524.16,41.75,75.32,1,1,1.0
254,102,728.44,402.10,17.27,40.51,1,1,1.0
254,103,702.91,608.93,9.44,30.02,1,1,1.0
254,104,548.95,509.58,60.65,96.30,1,1,1.0
255,1,1874.50,463.60,45.50,99.24,1,1,1.0
255,2,645.85,465.08,68.09,116.62,1,1,1.0
255,83,1177.86,336.27,27.11,29.18,1,1,1.0
255,89,1467.40,92.90,55.28,66.72,1,1,1.0
255,90,832.23,524.83,16.95,44.83,1,1,1.0
255,91,801.14,383.22,76.28,135.84,1,1,1.0
255,95,735.85,229.39,36.73,62.20,1,1,1.0
255,99,749.88,392.87,54.83,105.14,1,1,1.0
255,100,794.86,524.89,39.37,73.94,1,1,1.0
255,102,732.15,404.40,18.34,39.75,1,1,1.0
255,103,707.36,609.22,9.45,30.03,1,1,1.0
255,104,551.52,509.92,60.64,96.30,1,1,1.0
256,1,1882.67,460.16,37.33,104.61,1,1,1.0
256,2,651.84,466.06,68.42,116.35,1,1,1.0
256,83,1180.36,336.59,27.11,29.17,1,1,1.0
256,89,1472.80,93.30,59.79,67.68,1,1,1.0
256,90,838.36,527.88,17.91,40.36,1,1,1.0
256,91,807.32,383.88,78.78,136.92,1,1,1.0
256,95,740.82,228.90,36.73,62.19,1,1,1.0
256,99,756.60,395.23,57.76,104.10,1,1,1.0
256,100,800.32,526.16,39.07,72.84,1,1,1.0
256,102,739.06,405.75,18.42,38.04,1,1,1.0
256,103,711.01,609.49,9.44,30.03,1,1,1.0
256,104,554.08,510.26,60.65,96.30,1,1,1.0
257,1,1887.36,459.65,32.64,106.16,1,1,1.0
257,2,654.46,466.81,69.20,115.69,1,1,1.0
257,83,1182.85,336.59,27.11,29.17,1,1,1.0
257,89,1476.90,91.70,57.23,68.03,1,1,1.0
257,90,839.99,526.22,19.03,44.27,1,1,1.0
257,91,813.47,384.29,77.29,136.64,1,1,1.0
257,95,744.80,228.40,36.73,62.20,1,1,1.0
257,99,760.07,394.30,56.59,103.82,1,1,1.0
257,100,803.62,526.33,40.44,72.00,1,1,1.0
257,102,743.79,403.76,17.93,40.75,1,1,1.0
257,103,714.65,609.76,9.44,30.03,1,1,1.0
257,104,556.65,510.61,60.64,96.29,1,1,1.0
258,1,1892.75,472.25,27.25,93.30,1,1,1.0
258,2,656.12,467.05,70.02,116.36,1,1,1.0
258,83,1185.34,336.59,27.11,29.17,1,1,1.0
258,89,1479.61,86.85,57.23,68.03,1,1,1.0
258,90,842.09,527.19,20.01,43.83,1,1,1.0
258,91,816.66,383.90,77.39,137.48,1,1,1.0
258,95,746.79,228.89,36.73,62.20,1,1,1.0
258,99,763.28,393.24,57.49,106.67,1,1,1.0
258,100,805.04,526.37,41.04,73.21,1,1,1.0
258,102,746.44,404.32,17.90,40.17,1,1,1.0
258,103,718.29,610.03,9.44,30.03,1,1,1.0
258,104,559.21,510.95,60.64,96.29,1,1,1.0
259,1,1897.23,472.63,22.77,95.68,1,1,1.0
259,2,660.47,467.47,68.92,116.46,1,1,1.0
259,83,1187.21,337.21,27.11,29.18,1,1,1.0
259,89,1480.38,88.39,57.23,68.03,1,1,1.0
259,90,847.42,527.85,18.34,44.98,1,1,1.0
259,91,820.39,384.34,79.16,137.33,1,1,1.0
259,95,751.27,230.88,34.73,62.20,1,1,1.0
259,99,766.57,394.60,59.47,107.14,1,1,1.0
259,100,809.07,527.44,40.36,71.93,1,1,1.0
259,102,749.83,404.88,19.36,41.45,1,1,1.0
259,103,721.93,610.30,9.45,30.03,1,1,1.0
259,104,561.77,511.29,60.65,96.29,1,1,1.0
260,2,664.65,466.69,67.87,116.30,1,1,1.0
260,83,1189.40,337.21,27.11,29.18,1,1,1.0
260,89,1485.00,90.70,57.23,68.03,1,1,1.0
260,90,850.56,527.14,18.46,43.59,1,1,1.0
260,91,824.23,384.14,79.46,137.33,1,1,1.0
260,95,755.25,230.39,34.73,62.19,1,1,1.0
260,99,770.19,393.49,59.53,108.03,1,1,1.0
260,100,812.08,524.13,39.70,75.44,1,1,1.0
260,102,752.90,405.54,19.22,39.10,1,1,1.0
260,103,725.57,610.57,9.45,30.03,1,1,1.0
260,104,564.34,511.63,60.64,96.30,1,1,1.0
261,2,671.26,466.69,69.37,116.92,1,1,1.0
261,83,1191.89,336.90,27.11,29.18,1,1,1.0
261,89,1491.94,89.93,57.23,68.03,1,1,1.0
261,90,856.40,526.29,18.04,45.01,1,1,1.0
261,91,833.51,383.00,79.16,138.30,1,1,1.0
261,95,760.72,229.89,34.73,62.20,1,1,1.0
261,99,778.02,392.18,59.59,108.22,1,1,1.0
261,100,817.48,524.78,43.53,75.99,1,1,1.0
261,102,761.46,404.70,18.71,41.09,1,1,1.0
261,103,729.22,610.84,9.44,30.03,1,1,1.0
261,104,567.54,511.63,60.65,96.30,1,1,1.0
262,2,674.75,465.60,68.90,118.00,1,1,1.0
262,83,1193.76,336.90,27.11,29.18,1,1,1.0
262,89,1495.02,87.62,57.23,68.03,1,1,1.0
262,90,859.56,526.08,18.43,45.10,1,1,1.0
262,91,836.96,383.21,79.47,138.13,1,1,1.0
262,95,763.71,228.40,34.73,62.19,1,1,1.0
262,99,781.70,393.03,61.34,107.03,1,1,1.0
262,100,820.50,525.83,42.16,74.89,1,1,1.0
262,102,764.85,405.19,19.07,40.17,1,1,1.0
262,103,732.86,611.11,9.44,30.03,1,1,1.0
262,104,570.75,511.63,60.64,96.30,1,1,1.0
263,2,678.63,466.09,67.66,116.67,1,1,1.0
263,83,1194.69,335.65,27.11,29.18,1,1,1.0
263,89,1501.96,87.62,57.22,68.03,1,1,1.0
263,90,864.16,526.13,15.98,45.38,1,1,1.0
263,91,840.16,382.70,79.64,137.53,1,1,1.0
263,95,767.19,227.40,34.73,62.20,1,1,1.0
263,99,784.71,391.98,60.26,108.10,1,1,1.0
263,100,823.80,525.67,40.33,75.39,1,1,1.0
263,102,767.42,405.37,18.90,38.85,1,1,1.0
263,103,736.50,611.38,9.44,30.03,1,1,1.0
263,104,573.95,511.63,60.65,96.30,1,1,1.0
264,2,681.07,466.13,69.74,116.83,1,1,1.0
264,83,1197.81,336.28,27.11,29.17,1,1,1.0
264,89,1502.25,85.12,58.15,76.77,1,1,1.0
264,90,866.95,527.34,17.21,45.28,1,1,1.0
264,91,845.29,383.64,78.45,137.40,1,1,1.0
264,95,770.17,226.41,34.73,62.19,1,1,1.0
264,99,787.80,394.41,59.46,106.36,1,1,1.0
264,100,826.51,523.99,40.71,76.34,1,1,1.0
264,102,772.27,407.73,17.38,41.02,1,1,1.0
264,103,740.14,611.65,9.45,30.03,1,1,1.0
264,104,577.16,511.63,60.64,96.30,1,1,1.0
265,2,684.03,467.42,68.64,115.33,1,1,1.0
265,83,1198.74,336.28,27.11,29.17,1,1,1.0
265,89,1503.71,83.89,60.48,77.99,1,1,1.0
265,90,869.14,526.94,17.53,45.16,1,1,1.0
265,91,849.10,382.66,79.10,138.99,1,1,1.0
265,95,769.87,220.98,36.27,66.40,1,1,1.0
265,99,790.73,392.52,61.51,107.84,1,1,1.0
265,100,829.38,526.38,39.13,73.90,1,1,1.0
265,102,775.92,407.51,17.38,41.02,1,1,1.0
265,103,743.78,611.92,9.45,30.03,1,1,1.0
265,104,580.36,511.63,60.65,96.30,1,1,1.0
266,2,689.76,467.68,68.85,117.86,1,1,1.0
266,83,1202.49,336.59,27.11,29.17,1,1,1.0
266,89,1508.53,86.72,56.91,74.64,1,1,1.0
266,90,873.16,527.12,19.09,45.10,1,1,1.0
266,91,853.67,384.38,80.88,138.70,1,1,1.0
266,95,776.00,223.44,34.40,66.66,1,1,1.0
266,99,798.11,393.61,60.34,106.52,1,1,1.0
266,100,833.93,526.31,41.90,74.33,1,1,1.0
266,102,780.69,404.58,19.31,42.97,1,1,1.0
266,103,747.43,612.19,9.44,30.03,1,1,1.0
266,104,583.57,511.63,60.64,96.30,1,1,1.0
267,2,692.97,467.86,67.03,116.88,1,1,1.0
267,83,1203.73,336.43,27.11,29.18,1,1,1.0
267,89,1514.89,82.80,56.91,74.64,1,1,1.0
267,90,877.34,527.62,17.18,46.44,1,1,1.0
267,91,858.06,384.26,80.30,138.33,1,1,1.0
267,95,778.63,227.40,34.27,61.20,1,1,1.0
267,99,800.44,395.77,59.37,104.86,1,1,1.0
267,100,836.61,527.29,40.72,74.52,1,1,1.0
267,102,783.06,405.52,18.83,40.37,1,1,1.0
267,103,750.40,612.39,9.44,30.03,1,1,1.0
267,104,586.77,511.63,60.65,96.30,1,1,1.0
268,2,694.70,467.45,68.22,117.78,1,1,1.0
268,83,1204.98,336.28,27.11,29.17,1,1,1.0
268,89,1516.38,83.17,56.91,74.64,1,1,1.0
268,90,879.51,525.88,16.99,47.46,1,1,1.0
268,91,862.22,384.62,79.64,137.73,1,1,1.0
268,95,780.62,227.40,34.27,61.20,1,1,1.0
268,99,804.73,393.82,60.25,107.31,1,1,1.0
268,100,839.26,527.98,40.67,72.33,1,1,1.0
268,102,786.71,404.37,18.07,41.11,1,1,1.0
268,103,753.37,612.60,9.45,30.02,1,1,1.0
268,104,589.98,511.63,60.64,96.30,1,1,1.0
269,2,697.61,467.82,68.01,117.35,1,1,1.0
269,83,1204.67,335.65,27.11,29.18,1,1,1.0
269,89,1516.94,85.65,59.11,76.21,1,1,1.0
269,90,881.61,527.05,17.64,46.03,1,1,1.0
269,91,864.81,384.93,79.30,137.43,1,1,1.0
269,95,781.74,226.07,36.86,66.03,1,1,1.0
269,99,805.51,395.02,62.81,107.24,1,1,1.0
269,100,841.29,526.69,40.18,72.70,1,1,1.0
269,102,789.14,404.47,17.68,42.61,1,1,1.0
269,103,756.35,612.80,9.44,30.03,1,1,1.0
269,104,595.11,510.61,60.64,96.29,1,1,1.0
270,2,699.52,468.34,68.46,116.42,1,1,1.0
270,83,1205.60,335.65,27.11,29.18,1,1,1.0
270,89,1518.87,86.03,59.31,75.80,1,1,1.0
270,90,884.52,527.25,16.18,44.99,1,1,1.0
270,91,867.41,384.94,79.62,138.08,1,1,1.0
270,95,785.10,226.91,35.20,62.19,1,1,1.0
270,99,807.78,393.31,63.14,108.54,1,1,1.0
270,100,843.15,528.35,39.61,71.62,1,1,1.0
270,102,791.35,404.74,19.05,42.54,1,1,1.0
270,103,759.32,613.00,9.44,30.03,1,1,1.0
270,104,597.50,510.61,60.64,96.29,1,1,1.0
271,2,703.93,468.06,69.73,115.76,1,1,1.0
271,22,1631.10,1006.08,48.00,73.91,1,1,1.0
271,83,1208.41,334.41,27.11,29.17,1,1,1.0
271,89,1523.34,85.57,58.75,74.90,1,1,1.0
271,90,887.78,527.66,17.23,43.85,1,1,1.0
271,91,875.93,383.98,78.13,138.21,1,1,1.0
271,95,788.58,226.41,35.20,62.19,1,1,1.0
271,99,814.07,392.54,62.21,108.46,1,1,1.0
271,100,848.06,525.94,42.24,73.04,1,1,1.0
271,102,795.67,404.71,20.69,40.75,1,1,1.0
271,103,762.29,613.21,9.45,30.02,1,1,1.0
271,104,599.89,510.61,60.65,96.29,1,1,1.0
272,2,708.38,466.75,67.93,116.56,1,1,1.0
272,83,1209.97,334.41,27.11,29.17,1,1,1.0
272,89,1527.39,80.33,58.75,74.90,1,1,1.0
272,90,891.60,526.63,17.42,45.30,1,1,1.0
272,91,878.96,383.45,79.96,138.35,1,1,1.0
272,95,792.61,224.33,34.49,64.47,1,1,1.0
272,99,817.00,392.58,63.87,108.88,1,1,1.0
272,100,850.31,527.76,41.95,72.40,1,1,1.0
272,102,799.06,404.13,19.37,40.98,1,1,1.0
272,103,765.26,613.41,9.45,30.02,1,1,1.0
272,104,602.29,510.61,60.64,96.29,1,1,1.0
273,2,711.81,466.81,68.87,117.57,1,1,1.0
273,83,1211.84,334.72,27.11,29.17,1,1,1.0
273,89,1530.48,80.33,58.75,74.90,1,1,1.0
273,90,895.48,526.28,17.83,45.83,1,1,1.0
273,91,882.32,383.16,80.92,138.89,1,1,1.0
273,95,793.30,222.22,38.20,66.08,1,1,1.0
273,99,821.11,392.16,63.53,109.66,1,1,1.0
273,100,854.33,527.25,41.79,73.56,1,1,1.0
273,102,804.56,403.64,18.32,42.19,1,1,1.0
273,103,768.24,613.61,9.44,30.03,1,1,1.0
273,104,606.90,510.61,60.65,96.29,1,1,1.0
274,2,715.48,467.49,68.49,115.88,1,1,1.0
274,83,1214.02,334.72,27.11,29.17,1,1,1.0
274,89,1535.87,80.33,58.75,74.90,1,1,1.0
274,90,899.36,527.57,16.83,44.02,1,1,1.0
274,91,888.23,383.89,79.94,138.68,1,1,1.0
274,95,799.11,224.90,33.89,63.40,1,1,1.0
274,99,825.20,392.41,63.52,109.89,1,1,1.0
274,100,857.67,526.59,39.73,73.49,1,1,1.0
274,102,809.04,403.97,18.36,43.45,1,1,1.0
274,103,771.21,613.81,9.45,30.03,1,1,1.0
274,104,611.52,510.61,60.64,96.29,1,1,1.0
275,2,718.79,468.39,69.59,117.10,1,1,1.0
275,83,1215.58,335.34,27.11,29.18,1,1,1.0
275,89,1533.88,84.18,61.99,76.96,1,1,1.0
275,90,902.62,527.07,15.20,48.63,1,1,1.0
275,91,893.14,384.29,80.22,139.18,1,1,1.0
275,95,800.42,225.29,36.88,62.92,1,1,1.0
275,99,829.52,393.95,64.40,108.41,1,1,1.0
275,100,860.78,528.02,40.74,72.02,1,1,1.0
275,102,814.38,406.87,17.52,42.06,1,1,1.0
275,103,774.18,614.02,9.45,30.02,1,1,1.0
275,104,616.13,511.63,60.65,96.30,1,1,1.0
276,2,728.58,468.43,68.07,118.86,1,1,1.0
276,83,1219.32,335.65,27.11,29.18,1,1,1.0
276,89,1543.40,84.62,57.57,75.73,1,1,1.0
276,90,910.97,528.34,17.91,45.73,1,1,1.0
276,91,905.18,385.24,79.12,138.61,1,1,1.0
276,95,807.43,224.24,36.47,61.84,1,1,1.0
276,99,839.61,394.60,63.32,109.83,1,1,1.0
276,100,869.86,527.55,40.39,75.25,1,1,1.0
276,102,823.89,404.03,18.34,43.31,1,1,1.0
276,103,781.55,613.67,9.45,30.03,1,1,1.0
276,104,620.75,512.66,60.64,96.29,1,1,1.0
277,2,732.07,469.30,69.81,118.11,1,1,1.0
277,83,1221.50,335.34,27.11,29.18,1,1,1.0
277,89,1545.40,79.90,63.77,79.02,1,1,1.0
277,90,914.78,529.70,17.17,44.75,1,1,1.0
277,91,910.39,385.09,80.97,140.59,1,1,1.0
277,95,810.97,222.98,39.13,64.32,1,1,1.0
277,99,845.41,395.13,62.30,109.36,1,1,1.0
277,100,873.11,528.38,39.45,74.88,1,1,1.0
277,102,828.17,406.33,18.15,41.68,1,1,1.0
277,103,784.94,614.31,9.45,30.02,1,1,1.0
277,104,624.51,513.34,60.64,96.30,1,1,1.0
277,105,716.42,550.33,18.39,45.20,1,1,1.0
278,2,737.07,469.22,68.54,119.26,1,1,1.0
278,83,1222.75,335.65,27.11,29.18,1,1,1.0
278,89,1548.89,85.66,60.67,75.16,1,1,1.0
278,90,917.48,529.34,17.75,46.18,1,1,1.0
278,91,915.66,386.68,79.84,140.29,1,1,1.0
278,95,817.61,224.53,37.29,63.13,1,1,1.0
278,99,849.44,396.32,62.37,108.12,1,1,1.0
278,100,876.23,528.84,42.44,73.80,1,1,1.0
278,102,832.49,405.91,18.59,43.99,1,1,1.0
278,103,788.34,614.94,9.44,30.03,1,1,1.0
278,104,628.27,514.02,60.64,96.30,1,1,1.0
278,105,719.23,551.35,18.39,45.20,1,1,1.0
279,2,741.35,471.50,69.10,118.10,1,1,1.0
279,23,890.38,392.21,15.48,30.66,1,1,1.0
279,83,1223.37,336.59,27.11,29.17,1,1,1.0
279,89,1552.99,80.40,67.71,80.88,1,1,1.0
279,90,922.60,532.95,16.69,44.83,1,1,1.0
279,91,920.86,389.10,80.99,139.06,1,1,1.0
279,95,820.30,226.39,39.40,64.20,1,1,1.0
279,99,853.86,398.23,62.50,107.89,1,1,1.0
279,100,879.22,530.59,42.58,75.46,1,1,1.0
279,102,837.46,407.04,17.73,42.79,1,1,1.0
279,103,791.73,615.58,9.44,30.03,1,1,1.0
279,104,632.03,514.71,60.64,96.29,1,1,1.0
279,105,722.04,552.38,18.39,45.20,1,1,1.0
280,2,744.09,472.79,68.61,117.21,1,1,1.0
280,83,1223.68,337.21,27.11,29.18,1,1,1.0
280,89,1554.48,80.77,65.49,80.88,1,1,1.0
280,90,925.05,532.39,16.98,46.09,1,1,1.0
280,91,924.83,390.49,80.61,139.03,1,1,1.0
280,95,822.78,228.82,37.62,62.48,1,1,1.0
280,99,856.70,401.52,61.85,105.39,1,1,1.0
280,100,881.96,532.61,40.86,73.54,1,1,1.0
280,102,840.14,408.29,18.35,42.95,1,1,1.0
280,103,795.12,616.22,9.44,30.02,1,1,1.0
280,104,634.85,515.48,60.64,96.29,1,1,1.0
280,105,724.85,553.40,18.39,45.20,1,1,1.0
281,2,748.11,474.06,69.43,117.66,1,1,1.0
281,83,1223.37,337.52,27.11,29.18,1,1,1.0
281,89,1555.96,81.14,63.27,80.89,1,1,1.0
281,90,929.67,532.26,17.61,47.89,1,1,1.0
281,91,933.11,391.14,79.35,140.62,1,1,1.0
281,95,826.88,228.97,36.42,63.07,1,1,1.0
281,99,861.92,400.85,62.76,108.43,1,1,1.0
281,100,885.77,530.29,41.35,77.32,1,1,1.0
281,102,847.75,410.97,18.63,42.06,1,1,1.0
281,103,798.51,616.85,9.44,30.03,1,1,1.0
281,104,637.67,516.25,60.64,96.29,1,1,1.0
281,105,727.91,554.16,18.39,45.20,1,1,1.0
282,2,750.99,473.82,68.41,118.31,1,1,1.0
282,83,1223.68,338.15,27.11,29.17,1,1,1.0
282,89,1557.45,81.51,61.05,80.89,1,1,1.0
282,90,929.90,530.19,19.27,51.20,1,1,1.0
282,91,937.07,392.96,79.06,138.78,1,1,1.0
282,95,827.54,227.92,36.76,63.56,1,1,1.0
282,99,864.21,400.43,63.73,107.46,1,1,1.0
282,100,888.37,532.77,39.80,76.73,1,1,1.0
282,102,850.44,412.90,18.63,42.06,1,1,1.0
282,103,801.90,617.49,9.45,30.02,1,1,1.0
282,104,640.49,517.02,60.64,96.29,1,1,1.0
282,105,731.75,554.48,18.38,45.20,1,1,1.0
283,2,754.68,473.65,67.88,118.57,1,1,1.0
283,83,1223.37,337.52,27.11,29.18,1,1,1.0
283,89,1561.91,81.51,61.05,80.89,1,1,1.0
283,90,931.78,529.52,20.61,49.43,1,1,1.0
283,91,940.16,390.96,80.69,141.38,1,1,1.0
283,95,830.79,226.56,36.45,66.14,1,1,1.0
283,99,866.94,402.68,66.56,104.97,1,1,1.0
283,100,890.01,531.29,42.99,76.39,1,1,1.0
283,102,854.10,410.39,17.48,38.94,1,1,1.0
283,103,805.29,618.12,9.45,30.03,1,1,1.0
283,104,643.31,517.79,60.64,96.29,1,1,1.0
283,105,734.22,554.80,18.39,45.20,1,1,1.0
284,2,758.29,475.03,67.98,117.67,1,1,1.0
284,83,1223.37,337.52,27.11,29.18,1,1,1.0
284,89,1562.28,81.51,61.05,80.89,1,1,1.0
284,90,936.85,534.11,17.13,46.44,1,1,1.0
284,91,944.47,390.91,79.88,141.77,1,1,1.0
284,95,832.92,228.40,34.98,62.70,1,1,1.0
284,99,870.53,402.12,63.46,106.21,1,1,1.0
284,100,892.87,531.41,42.40,77.10,1,1,1.0
284,102,856.31,409.69,18.76,43.37,1,1,1.0
284,103,806.97,618.67,9.45,30.41,1,1,1.0
284,104,644.85,517.79,60.64,96.29,1,1,1.0
284,105,736.70,555.12,18.38,45.20,1,1,1.0
285,2,760.68,475.34,68.58,116.24,1,1,1.0
285,83,1222.75,337.21,27.11,29.18,1,1,1.0
285,89,1562.65,81.51,61.05,80.89,1,1,1.0
285,90,938.85,533.18,17.26,46.60,1,1,1.0
285,91,949.06,392.52,79.77,140.97,1,1,1.0
285,95,834.33,227.44,35.97,65.37,1,1,1.0
285,99,874.95,402.40,62.75,107.02,1,1,1.0
285,100,894.42,532.88,42.78,75.53,1,1,1.0
285,102,860.51,412.87,17.75,42.55,1,1,1.0
285,103,808.66,619.21,9.44,30.81,1,1,1.0
285,104,646.39,517.79,60.64,96.29,1,1,1.0
285,105,739.17,555.44,18.39,45.20,1,1,1.0
286,2,763.86,475.78,69.40,117.44,1,1,1.0
286,83,1221.81,337.21,27.11,29.18,1,1,1.0
286,89,1564.14,81.51,61.05,80.89,1,1,1.0
286,90,942.57,534.22,18.33,46.25,1,1,1.0
286,91,955.15,394.12,81.06,142.36,1,1,1.0
286,95,837.05,227.54,36.53,66.67,1,1,1.0
286,99,879.35,404.44,62.44,106.70,1,1,1.0
286,100,898.93,534.48,40.71,74.73,1,1,1.0
286,102,865.29,414.96,17.59,42.93,1,1,1.0
286,103,810.34,619.76,9.44,31.19,1,1,1.0
286,104,670.80,518.81,37.77,70.59,1,1,1.0
286,105,741.64,555.76,18.39,45.20,1,1,1.0
287,2,764.73,475.90,69.34,118.43,1,1,1.0
287,83,1218.70,337.21,27.11,29.18,1,1,1.0
287,89,1563.96,82.62,61.23,79.78,1,1,1.0
287,90,943.65,534.03,18.00,48.17,1,1,1.0
287,91,957.29,394.07,80.60,142.55,1,1,1.0
287,95,837.65,226.83,37.33,66.73,1,1,1.0
287,99,881.14,405.18,62.61,106.78,1,1,1.0
287,100,899.49,535.51,40.11,74.10,1,1,1.0
287,102,867.16,415.83,16.56,41.93,1,1,1.0
287,103,812.02,620.30,9.44,31.59,1,1,1.0
287,104,678.10,519.84,32.01,61.96,1,1,1.0
287,105,742.76,556.08,18.39,45.20,1,1,1.0
288,2,767.99,476.87,67.98,118.41,1,1,1.0
288,83,1217.45,336.27,27.11,29.18,1,1,1.0
288,89,1563.78,83.74,61.41,78.66,1,1,1.0
288,90,944.89,535.97,17.92,46.32,1,1,1.0
288,91,961.04,394.19,80.26,142.93,1,1,1.0
288,95,838.07,228.26,38.78,65.70,1,1,1.0
288,99,882.92,405.60,63.35,107.26,1,1,1.0
288,100,901.24,535.34,39.71,74.49,1,1,1.0
288,102,870.28,414.33,17.81,44.89,1,1,1.0
288,103,813.70,620.84,9.45,31.98,1,1,1.0
288,105,743.88,556.40,18.39,45.20,1,1,1.0
289,2,769.09,477.26,68.35,117.91,1,1,1.0
289,83,1215.27,335.96,27.11,29.18,1,1,1.0
289,89,1563.60,84.85,61.59,77.55,1,1,1.0
289,90,945.37,535.35,18.36,47.92,1,1,1.0
289,91,964.04,395.00,80.42,141.67,1,1,1.0
289,95,838.84,227.38,35.96,67.82,1,1,1.0
289,99,884.88,406.30,63.48,106.68,1,1,1.0
289,100,901.92,536.46,39.80,73.85,1,1,1.0
289,102,871.51,415.72,18.84,43.59,1,1,1.0
289,103,815.38,621.39,9.45,32.37,1,1,1.0
289,105,745.00,556.72,18.38,45.20,1,1,1.0
290,2,770.74,477.19,68.96,117.76,1,1,1.0
290,83,1214.02,335.96,27.11,29.18,1,1,1.0
290,89,1563.42,85.96,61.77,76.44,1,1,1.0
290,90,946.11,535.17,18.81,47.49,1,1,1.0
290,91,966.44,394.74,81.52,141.74,1,1,1.0
290,95,840.51,229.68,34.49,65.22,1,1,1.0
290,99,887.63,406.63,62.25,106.14,1,1,1.0
290,100,902.53,535.99,39.80,74.36,1,1,1.0
290,102,874.04,413.25,16.56,45.02,1,1,1.0
290,103,817.06,621.93,9.45,32.76,1,1,1.0
290,105,746.12,557.04,18.38,45.20,1,1,1.0
291,2,772.98,477.82,69.75,117.96,1,1,1.0
291,83,1210.90,335.65,27.11,29.18,1,1,1.0
291,89,1563.24,87.07,61.95,75.33,1,1,1.0
291,90,947.78,536.10,20.70,47.43,1,1,1.0
291,91,972.68,395.45,80.73,141.86,1,1,1.0
291,95,841.41,228.76,38.18,66.41,1,1,1.0
291,99,891.71,407.34,64.13,106.29,1,1,1.0
291,100,904.17,537.04,42.04,74.20,1,1,1.0
291,102,878.46,415.98,15.54,42.06,1,1,1.0
291,103,818.75,622.48,9.44,33.15,1,1,1.0
291,105,748.51,559.23,18.39,43.52,1,1,1.0
292,2,775.64,479.85,68.49,116.86,1,1,1.0
292,83,1210.59,335.34,27.11,29.18,1,1,1.0
292,89,1563.06,88.18,62.13,74.22,1,1,1.0
292,90,949.76,537.82,18.98,46.16,1,1,1.0
292,91,976.22,396.24,80.79,141.18,1,1,1.0
292,95,842.13,230.07,38.14,66.42,1,1,1.0
292,99,894.13,408.97,63.67,104.57,1,1,1.0
292,100,906.37,537.83,41.38,74.50,1,1,1.0
292,102,882.17,416.82,15.54,42.06,1,1,1.0
292,103,820.43,623.02,9.44,33.54,1,1,1.0
292,104,653.70,565.00,30.78,55.16,1,1,1.0
293,2,785.15,481.15,60.60,116.31,1,1,1.0
293,83,1209.65,335.34,27.11,29.18,1,1,1.0
293,89,1562.88,89.29,62.31,73.11,1,1,1.0
293,90,952.89,537.67,17.07,47.32,1,1,1.0
293,91,980.00,397.43,79.71,140.89,1,1,1.0
293,95,843.38,230.54,37.89,66.03,1,1,1.0
293,99,895.54,407.40,65.67,106.89,1,1,1.0
293,100,906.84,537.34,42.45,75.54,1,1,1.0
293,102,882.76,417.37,17.60,41.34,1,1,1.0
293,103,822.11,623.56,9.44,33.94,1,1,1.0
293,104,653.74,555.11,31.14,64.30,1,1,1.0
294,2,803.63,497.89,44.34,100.77,1,1,1.0
294,83,1208.72,335.34,27.11,29.18,1,1,1.0
294,89,1562.70,90.40,62.49,72.00,1,1,1.0
294,90,954.74,536.40,18.22,48.63,1,1,1.0
294,91,984.14,397.64,80.69,142.01,1,1,1.0
294,95,844.46,227.46,38.18,66.86,1,1,1.0
294,99,899.07,408.22,64.22,107.96,1,1,1.0
294,100,909.00,537.12,41.37,73.71,1,1,1.0
294,102,884.59,416.78,19.05,44.61,1,1,1.0
294,103,824.75,623.89,9.44,33.94,1,1,1.0
294,104,655.52,550.18,30.19,70.61,1,1,1.0
295,2,819.70,519.30,28.27,79.36,1,1,1.0
295,83,1208.28,335.84,27.11,29.18,1,1,1.0
295,89,1565.69,90.40,58.94,72.00,1,1,1.0
295,90,958.07,538.85,18.37,47.87,1,1,1.0
295,91,987.52,397.70,81.08,142.42,1,1,1.0
295,95,849.28,233.87,34.72,59.73,1,1,1.0
295,99,904.06,409.66,61.46,106.71,1,1,1.0
295,100,912.26,537.95,40.75,74.74,1,1,1.0
295,102,888.76,418.73,18.63,42.06,1,1,1.0
295,103,827.38,624.22,9.45,33.94,1,1,1.0
295,104,660.79,545.48,43.61,75.72,1,1,1.0
296,83,1207.84,336.34,27.11,29.18,1,1,1.0
296,89,1568.69,90.40,55.39,72.00,1,1,1.0
296,90,961.68,539.66,18.75,46.26,1,1,1.0
296,91,996.22,399.41,82.72,141.78,1,1,1.0
296,99,911.28,410.48,63.67,106.46,1,1,1.0
296,100,917.78,538.27,38.77,75.89,1,1,1.0
296,104,664.10,547.65,50.70,71.15,1,1,1.0
297,83,1207.41,336.84,27.11,29.17,1,1,1.0
297,89,1570.36,92.07,55.39,72.00,1,1,1.0
297,90,965.41,542.90,17.44,43.67,1,1,1.0
297,91,999.96,400.57,82.96,142.30,1,1,1.0
297,99,914.55,411.04,63.52,107.14,1,1,1.0
297,100,919.46,540.98,42.20,73.05,1,1,1.0
297,104,665.37,538.60,56.13,80.93,1,1,1.0
298,83,1206.97,337.34,27.11,29.17,1,1,1.0
298,89,1572.03,93.74,55.39,72.00,1,1,1.0
298,90,966.98,542.70,19.04,44.50,1,1,1.0
298,91,1003.57,400.52,83.79,142.89,1,1,1.0
298,99,922.80,414.19,57.46,104.94,1,1,1.0
298,100,921.79,539.17,41.24,74.81,1,1,1.0
298,104,667.36,519.90,64.74,100.72,1,1,1.0
298,105,765.27,574.60,18.39,31.79,1,1,1.0
299,83,1206.53,337.83,27.11,29.18,1,1,1.0
299,89,1573.15,95.23,55.39,72.00,1,1,1.0
299,90,970.26,540.27,18.31,46.80,1,1,1.0
299,91,1007.47,401.14,84.23,142.31,1,1,1.0
299,100,923.57,537.77,41.21,76.06,1,1,1.0
299,104,668.12,519.50,67.28,104.47,1,1,1.0
299,105,768.15,564.40,18.38,42.63,1,1,1.0
300,83,1206.22,338.15,27.11,29.17,1,1,1.0
300,89,1574.63,96.35,55.39,71.99,1,1,1.0
300,90,972.36,541.87,18.10,45.87,1,1,1.0
300,91,1012.71,402.37,83.20,141.25,1,1,1.0
300,100,929.24,539.62,37.67,74.24,1,1,1.0
300,104,669.49,515.00,68.31,109.90,1,1,1.0
300,105,771.58,561.82,15.33,45.97,1,1,1.0
301,83,1203.27,338.62,27.41,29.02,1,1,1.0
301,89,1574.07,99.32,55.58,69.46,1,1,1.0
301,91,1018.29,402.01,84.41,142.26,1,1,1.0
301,101,813.34,557.95,45.19,48.79,1,1,1.0
301,104,673.00,509.40,69.70,114.97,1,1,1.0
301,105,772.92,561.63,15.33,45.97,1,1,1.0
302,83,1200.31,339.10,27.72,28.85,1,1,1.0
302,89,1573.51,102.30,55.77,66.91,1,1,1.0
302,91,1022.85,402.52,83.38,142.18,1,1,1.0
302,101,809.14,542.60,52.12,63.57,1,1,1.0
302,103,845.85,626.53,9.44,33.94,1,1,1.0
302,104,673.83,512.40,65.27,112.82,1,1,1.0
302,105,774.26,561.44,15.33,45.97,1,1,1.0
303,83,1198.44,338.95,28.83,29.00,1,1,1.0
303,89,1572.95,105.27,55.96,64.37,1,1,1.0
303,91,1025.97,402.60,81.92,142.54,1,1,1.0
303,101,808.77,525.01,53.40,82.50,1,1,1.0
303,103,846.64,626.73,9.45,33.93,1,1,1.0
303,104,674.86,526.10,72.04,98.72,1,1,1.0
303,105,775.60,561.25,15.33,45.96,1,1,1.0
304,83,1196.57,338.80,29.93,29.15,1,1,1.0
304,89,1572.39,108.25,56.14,61.83,1,1,1.0
304,91,1030.89,404.80,78.92,140.69,1,1,1.0
304,101,809.55,513.58,59.44,92.93,1,1,1.0
304,103,847.43,626.93,9.45,33.93,1,1,1.0
304,104,671.76,528.97,72.04,98.72,1,1,1.0
304,105,776.94,561.06,15.33,45.96,1,1,1.0
305,83,1192.83,339.11,29.93,29.15,1,1,1.0
305,89,1571.83,111.23,56.33,59.28,1,1,1.0
305,91,1039.27,407.39,72.36,139.44,1,1,1.0
305,101,809.44,503.04,67.25,103.63,1,1,1.0
305,103,848.22,627.12,9.45,33.94,1,1,1.0
305,104,672.94,524.18,69.91,103.21,1,1,1.0
305,105,778.02,561.52,15.32,45.96,1,1,1.0
306,89,1571.27,114.20,56.52,56.74,1,1,1.0
306,91,1054.39,410.75,60.94,138.19,1,1,1.0
306,101,811.12,489.20,66.60,118.00,1,1,1.0
306,103,849.02,627.32,9.44,33.94,1,1,1.0
306,104,674.12,519.40,67.78,107.70,1,1,1.0
306,105,779.09,561.98,15.32,45.96,1,1,1.0
307,89,1572.51,116.82,53.55,54.37,1,1,1.0
307,101,812.14,487.43,68.14,119.99,1,1,1.0
307,103,849.81,627.52,9.44,33.94,1,1,1.0
307,104,673.90,517.90,68.20,109.66,1,1,1.0
307,105,780.16,562.43,15.32,45.97,1,1,1.0
308,89,1573.75,119.43,50.57,52.01,1,1,1.0
308,101,814.09,486.17,69.63,122.03,1,1,1.0
308,103,850.60,627.72,9.44,33.93,1,1,1.0
308,104,674.91,517.40,68.19,110.21,1,1,1.0
308,105,781.23,562.89,15.33,45.97,1,1,1.0
309,89,1575.00,122.04,47.59,49.65,1,1,1.0
309,101,815.90,486.05,70.66,121.68,1,1,1.0
309,103,851.39,627.92,9.44,33.93,1,1,1.0
309,104,675.39,528.87,68.61,97.91,1,1,1.0
309,105,782.31,563.35,15.32,45.97,1,1,1.0
310,89,1580.03,124.84,42.74,46.66,1,1,1.0
310,95,867.53,234.92,26.83,55.75,1,1,1.0
310,101,816.97,486.90,70.63,121.58,1,1,1.0
310,103,852.18,628.11,9.45,33.94,1,1,1.0
310,104,675.19,531.66,68.61,97.91,1,1,1.0
310,105,782.94,563.48,15.33,45.97,1,1,1.0
311,89,1585.07,127.63,37.89,43.69,1,1,1.0
311,95,867.59,232.25,37.72,67.43,1,1,1.0
311,100,934.39,563.56,40.53,54.80,1,1,1.0
311,101,820.06,487.57,69.77,121.87,1,1,1.0
311,103,852.97,628.31,9.45,33.94,1,1,1.0
311,104,675.76,534.52,68.61,97.91,1,1,1.0
311,105,783.58,563.61,15.33,45.97,1,1,1.0
312,89,1584.81,128.12,37.51,42.82,1,1,1.0
312,95,867.71,230.39,38.65,68.63,1,1,1.0
312,100,934.34,554.96,40.90,62.75,1,1,1.0
312,101,820.58,486.86,69.29,122.11,1,1,1.0
312,103,853.76,628.51,9.45,33.94,1,1,1.0
312,104,676.54,529.60,63.96,97.90,1,1,1.0
312,105,784.22,563.74,15.32,45.96,1,1,1.0
313,89,1584.56,128.62,37.13,41.95,1,1,1.0
313,95,867.50,230.78,38.74,67.85,1,1,1.0
313,100,934.19,545.64,43.03,72.16,1,1,1.0
313,101,820.68,487.08,69.31,122.24,1,1,1.0
313,103,854.03,628.77,9.44,33.94,1,1,1.0
313,104,678.60,532.20,62.80,96.13,1,1,1.0
313,105,784.86,563.87,15.32,45.96,1,1,1.0
314,89,1584.30,129.12,36.76,41.08,1,1,1.0
314,95,867.39,230.79,39.70,68.20,1,1,1.0
314,100,934.89,542.43,43.20,75.77,1,1,1.0
314,101,821.41,486.77,69.17,122.40,1,1,1.0
314,103,854.29,629.04,9.45,33.93,1,1,1.0
314,104,678.03,527.40,62.77,100.88,1,1,1.0
314,105,785.50,563.99,15.32,45.97,1,1,1.0
314,106,810.49,503.87,20.91,54.63,1,1,1.0
315,89,1584.30,129.12,36.76,41.08,1,1,1.0
315,95,867.23,231.65,39.45,66.50,1,1,1.0
315,100,935.19,544.74,43.79,73.46,1,1,1.0
315,101,822.09,486.50,68.82,122.57,1,1,1.0
315,103,854.56,629.30,9.44,33.94,1,1,1.0
315,104,678.21,525.80,68.39,102.92,1,1,1.0
315,105,786.14,564.12,15.32,45.97,1,1,1.0
315,106,810.71,505.04,20.91,54.63,1,1,1.0
316,90,985.81,549.29,18.07,43.51,1,1,1.0
316,95,867.36,233.08,38.70,66.07,1,1,1.0
316,100,934.31,546.56,42.63,73.15,1,1,1.0
316,101,821.89,488.06,69.42,121.78,1,1,1.0
316,102,938.18,426.07,18.90,43.45,1,1,1.0
316,103,854.82,629.56,9.44,33.94,1,1,1.0
316,104,679.07,523.80,66.33,105.19,1,1,1.0
316,105,785.44,565.40,15.69,45.35,1,1,1.0
316,106,810.92,506.21,20.91,54.63,1,1,1.0
317,90,985.05,546.39,17.75,46.43,1,1,1.0
317,95,866.85,233.61,38.67,65.95,1,1,1.0
317,99,953.41,458.75,31.68,67.51,1,1,1.0
317,100,932.86,545.90,44.61,73.81,1,1,1.0
317,101,822.02,488.76,68.92,121.57,1,1,1.0
317,102,938.23,427.38,18.96,41.57,1,1,1.0
317,103,855.08,629.83,9.45,33.93,1,1,1.0
317,104,677.47,528.59,66.33,105.19,1,1,1.0
317,105,784.74,566.68,16.07,44.73,1,1,1.0
317,106,811.13,507.38,20.91,54.63,1,1,1.0
318,90,984.52,547.69,18.55,45.43,1,1,1.0
318,95,866.75,234.95,38.82,65.11,1,1,1.0
318,99,952.20,425.94,37.20,100.80,1,1,1.0
318,100,932.79,546.84,44.24,73.32,1,1,1.0
318,101,822.05,489.62,68.99,120.97,1,1,1.0
318,102,938.47,427.94,18.59,41.25,1,1,1.0
318,103,855.35,630.09,9.44,33.94,1,1,1.0
318,104,677.10,528.10,69.25,103.72,1,1,1.0
318,105,784.04,567.96,16.44,44.11,1,1,1.0
318,106,811.97,507.51,20.84,54.69,1,1,1.0
319,24,50.47,330.27,38.77,46.57,1,1,1.0
319,90,984.36,546.65,18.70,46.47,1,1,1.0
319,95,867.07,235.37,38.41,65.17,1,1,1.0
319,99,952.08,424.70,46.30,102.87,1,1,1.0
319,100,932.88,547.59,44.18,72.54,1,1,1.0
319,101,822.49,489.50,68.62,121.43,1,1,1.0
319,102,939.44,427.45,18.71,40.63,1,1,1.0
319,103,855.61,630.36,9.45,33.93,1,1,1.0
319,104,676.72,527.60,72.18,102.25,1,1,1.0
319,105,783.35,569.23,16.81,43.51,1,1,1.0
319,106,812.80,507.64,20.77,54.75,1,1,1.0
320,24,51.22,329.46,41.96,46.69,1,1,1.0
320,90,984.45,545.58,19.00,47.56,1,1,1.0
320,95,867.47,235.38,38.54,65.32,1,1,1.0
320,99,952.04,422.76,53.00,105.12,1,1,1.0
320,100,932.93,548.16,44.11,72.06,1,1,1.0
320,101,822.38,489.51,69.22,121.69,1,1,1.0
320,102,940.73,426.54,15.87,41.96,1,1,1.0
320,103,855.87,630.62,9.45,33.94,1,1,1.0
320,104,677.33,525.10,64.17,104.59,1,1,1.0
320,105,782.65,570.51,17.18,42.89,1,1,1.0
320,106,813.64,507.77,20.70,54.81,1,1,1.0
321,90,985.59,544.97,18.36,47.60,1,1,1.0
321,95,869.28,234.04,36.89,65.64,1,1,1.0
321,99,953.83,420.24,60.31,106.59,1,1,1.0
321,100,934.72,544.47,42.48,75.55,1,1,1.0
321,101,823.61,488.47,69.16,121.44,1,1,1.0
321,102,942.47,426.54,15.87,41.96,1,1,1.0
321,103,856.14,630.88,9.44,33.94,1,1,1.0
321,104,677.19,524.90,68.51,103.87,1,1,1.0
321,105,781.95,571.79,17.56,42.27,1,1,1.0
321,106,814.48,507.90,20.63,54.87,1,1,1.0
322,90,985.78,544.95,18.18,47.59,1,1,1.0
322,95,870.19,235.59,35.95,64.56,1,1,1.0
322,99,951.19,420.69,66.29,105.01,1,1,1.0
322,100,934.88,545.03,42.29,75.20,1,1,1.0
322,101,824.19,488.56,68.79,121.81,1,1,1.0
322,102,943.21,427.29,15.87,41.95,1,1,1.0
322,103,856.40,631.15,9.45,33.93,1,1,1.0
322,104,676.38,524.68,68.51,103.87,1,1,1.0
322,105,782.14,572.96,17.05,41.02,1,1,1.0
322,106,815.31,508.50,20.56,54.46,1,1,1.0
323,90,986.46,545.79,17.82,46.80,1,1,1.0
323,95,869.32,238.40,36.04,62.03,1,1,1.0
323,99,954.79,419.79,65.88,106.66,1,1,1.0
323,100,935.17,544.66,42.19,75.86,1,1,1.0
323,101,826.51,488.88,66.63,121.80,1,1,1.0
323,102,944.21,427.41,15.87,41.96,1,1,1.0
323,103,856.67,631.41,9.44,33.94,1,1,1.0
323,104,677.81,525.53,68.51,103.87,1,1,1.0
323,105,783.29,572.96,17.05,41.02,1,1,1.0
324,90,987.16,545.77,17.48,47.14,1,1,1.0
324,95,869.28,242.41,33.09,58.29,1,1,1.0
324,99,955.10,420.09,67.83,106.22,1,1,1.0
324,100,935.43,545.19,42.29,75.28,1,1,1.0
324,101,830.38,489.28,63.44,121.09,1,1,1.0
324,102,945.20,427.54,15.87,41.95,1,1,1.0
324,103,856.93,631.68,9.44,33.93,1,1,1.0
324,104,679.24,526.39,68.51,103.87,1,1,1.0
324,105,784.44,572.96,17.05,41.02,1,1,1.0
325,90,987.95,545.59,17.42,47.32,1,1,1.0
325,95,869.17,241.96,33.50,59.26,1,1,1.0
325,99,956.32,420.65,67.26,106.22,1,1,1.0
325,100,935.87,544.89,42.47,75.54,1,1,1.0
325,101,833.91,489.38,61.25,122.08,1,1,1.0
325,102,947.19,428.53,15.87,41.96,1,1,1.0
325,103,857.19,631.94,9.45,33.93,1,1,1.0
325,104,679.41,522.50,69.99,109.18,1,1,1.0
325,105,785.59,572.96,17.05,41.02,1,1,1.0
326,90,989.85,547.44,17.34,46.14,1,1,1.0
326,95,871.45,233.40,37.33,68.77,1,1,1.0
326,99,960.15,422.21,66.34,104.76,1,1,1.0
326,100,936.91,546.58,42.95,75.61,1,1,1.0
326,101,831.52,490.81,66.11,120.33,1,1,1.0
326,102,948.75,425.27,15.87,41.95,1,1,1.0
326,103,857.46,632.20,9.44,33.94,1,1,1.0
326,104,680.67,518.50,70.93,114.87,1,1,1.0
326,105,786.74,572.96,17.05,41.02,1,1,1.0
326,106,818.66,545.20,20.28,18.52,1,1,1.0
327,90,990.19,546.52,18.63,47.82,1,1,1.0
327,95,873.02,234.11,36.32,68.38,1,1,1.0
327,99,962.13,422.47,65.13,104.58,1,1,1.0
327,100,937.65,547.84,43.38,75.06,1,1,1.0
327,101,832.84,491.43,66.75,120.55,1,1,1.0
327,102,950.05,424.97,19.06,42.57,1,1,1.0
327,103,857.72,632.47,9.45,33.93,1,1,1.0
327,104,681.19,516.70,68.11,118.21,1,1,1.0
327,105,787.50,572.96,17.05,41.02,1,1,1.0
327,106,819.49,544.80,20.21,19.11,1,1,1.0
328,90,991.45,546.48,18.32,47.58,1,1,1.0
328,95,874.52,235.98,35.11,66.01,1,1,1.0
328,99,963.16,422.61,65.90,104.92,1,1,1.0
328,100,939.14,547.39,42.92,75.15,1,1,1.0
328,101,835.73,491.56,65.79,119.97,1,1,1.0
328,102,953.17,425.55,18.12,43.33,1,1,1.0
328,103,860.54,633.26,9.44,34.13,1,1,1.0
328,104,681.98,524.50,69.42,109.16,1,1,1.0
328,105,789.42,572.96,17.05,41.02,1,1,1.0
328,106,820.33,533.30,20.14,30.80,1,1,1.0
329,90,992.53,546.94,19.82,46.64,1,1,1.0
329,91,1081.33,437.21,43.02,118.70,1,1,1.0
329,95,875.92,235.34,35.10,66.52,1,1,1.0
329,99,964.08,422.53,67.34,104.92,1,1,1.0
329,100,941.56,548.24,41.78,73.57,1,1,1.0
329,101,836.75,492.54,65.83,118.80,1,1,1.0
329,102,954.50,423.97,17.76,47.03,1,1,1.0
329,103,863.36,634.05,9.44,34.33,1,1,1.0
329,104,679.82,522.40,74.78,112.44,1,1,1.0
329,105,791.33,572.96,17.05,41.02,1,1,1.0
329,106,821.16,521.80,20.07,42.49,1,1,1.0
330,90,993.54,548.01,18.52,45.92,1,1,1.0
330,91,1083.62,432.16,49.78,122.80,1,1,1.0
330,95,876.85,235.40,36.07,67.12,1,1,1.0
330,99,963.52,421.44,70.42,106.16,1,1,1.0
330,100,944.37,548.10,40.42,74.44,1,1,1.0
330,101,838.28,491.83,65.57,121.22,1,1,1.0
330,102,956.79,426.54,17.53,42.67,1,1,1.0
330,103,866.18,634.84,9.44,34.53,1,1,1.0
330,104,683.82,522.40,74.79,112.44,1,1,1.0
330,105,793.25,572.96,17.05,41.02,1,1,1.0
330,106,822.00,510.30,20.00,54.18,1,1,1.0
331,90,999.08,549.09,19.41,44.03,1,1,1.0
331,91,1089.37,406.92,65.51,147.27,1,1,1.0
331,95,879.46,232.61,37.50,68.43,1,1,1.0
331,99,974.47,421.01,64.67,104.89,1,1,1.0
331,100,946.48,548.33,41.65,74.30,1,1,1.0
331,101,841.64,512.09,62.20,100.12,1,1,1.0
331,102,962.13,425.20,17.53,42.67,1,1,1.0
331,103,869.00,635.63,9.44,34.73,1,1,1.0
331,104,687.83,523.54,74.78,112.45,1,1,1.0
331,105,795.17,572.96,17.05,41.02,1,1,1.0
331,106,827.31,503.30,20.91,61.37,1,1,1.0
332,90,1000.62,546.99,18.12,47.39,1,1,1.0
332,91,1092.53,409.83,74.73,144.60,1,1,1.0
332,95,881.37,233.15,37.14,68.11,1,1,1.0
332,99,977.74,422.25,63.28,104.70,1,1,1.0
332,100,947.73,549.71,42.80,73.40,1,1,1.0
332,101,843.71,513.24,59.75,100.90,1,1,1.0
332,102,964.80,425.20,17.53,42.67,1,1,1.0
332,103,871.82,636.42,9.44,34.93,1,1,1.0
332,104,690.12,523.54,74.78,112.45,1,1,1.0
332,105,796.89,573.53,17.05,41.02,1,1,1.0
332,106,830.79,504.93,20.91,60.41,1,1,1.0
333,90,1004.47,550.43,17.72,46.96,1,1,1.0
333,91,1098.18,407.53,81.71,146.87,1,1,1.0
333,95,883.30,234.15,37.01,66.68,1,1,1.0
333,99,980.08,423.88,65.03,103.70,1,1,1.0
333,100,949.95,549.59,43.05,74.28,1,1,1.0
333,101,846.18,511.39,63.96,103.48,1,1,1.0
333,102,968.81,427.43,17.53,42.67,1,1,1.0
333,103,874.64,637.22,9.44,35.12,1,1,1.0
333,104,691.26,526.41,74.79,112.44,1,1,1.0
333,105,798.61,574.11,17.05,41.02,1,1,1.0
333,106,834.27,506.56,20.91,59.45,1,1,1.0
334,90,1006.47,550.15,17.89,47.67,1,1,1.0
334,91,1102.50,410.36,85.44,145.84,1,1,1.0
334,95,885.68,233.54,36.24,67.17,1,1,1.0
334,99,979.86,423.58,69.04,104.65,1,1,1.0
334,100,953.06,549.28,41.66,75.46,1,1,1.0
334,101,849.56,509.19,65.32,106.14,1,1,1.0
334,102,973.71,429.21,17.53,42.67,1,1,1.0
334,103,877.45,638.01,9.45,35.32,1,1,1.0
334,104,694.12,526.41,74.79,112.44,1,1,1.0
334,105,800.34,574.68,17.05,41.02,1,1,1.0
334,106,837.76,508.19,20.91,58.49,1,1,1.0
335,90,1008.61,553.03,18.23,44.13,1,1,1.0
335,91,1107.25,411.65,88.19,145.85,1,1,1.0
335,99,987.76,425.88,65.22,103.54,1,1,1.0
335,100,955.24,548.62,43.20,77.12,1,1,1.0
335,101,853.23,508.25,67.09,107.84,1,1,1.0
335,102,979.05,430.99,17.53,42.67,1,1,1.0
335,103,880.27,638.80,9.45,35.52,1,1,1.0
335,104,695.70,526.70,73.10,113.31,1,1,1.0
335,105,802.06,575.26,17.05,41.02,1,1,1.0
335,106,841.24,509.83,20.91,57.52,1,1,1.0
336,90,1017.35,553.71,19.90,46.63,1,1,1.0
336,91,1120.51,410.91,86.39,146.79,1,1,1.0
336,99,998.02,424.39,64.77,105.05,1,1,1.0
336,100,967.33,554.42,38.74,73.45,1,1,1.0
336,101,860.09,498.19,69.94,119.91,1,1,1.0
336,102,986.17,430.99,17.53,42.67,1,1,1.0
336,103,883.09,639.59,9.45,35.72,1,1,1.0
336,104,697.27,527.00,71.43,114.17,1,1,1.0
336,105,808.96,577.17,17.05,43.72,1,1,1.0
336,106,844.72,511.46,20.91,56.56,1,1,1.0
337,90,1019.72,550.91,20.55,51.65,1,1,1.0
337,91,1126.33,412.10,85.73,147.33,1,1,1.0
337,99,1004.23,424.37,64.20,106.82,1,1,1.0
337,100,969.12,558.01,39.32,70.48,1,1,1.0
337,101,864.10,497.59,69.91,120.80,1,1,1.0
337,102,988.45,432.32,21.31,46.40,1,1,1.0
337,103,885.91,640.38,9.45,35.92,1,1,1.0
337,104,700.93,530.00,72.07,111.87,1,1,1.0
337,105,815.85,579.09,17.05,46.41,1,1,1.0
337,106,848.20,513.09,20.91,55.60,1,1,1.0
338,90,1026.71,555.47,15.20,45.72,1,1,1.0
338,91,1132.85,413.12,85.34,146.50,1,1,1.0
338,99,1008.60,425.82,64.53,106.36,1,1,1.0
338,100,970.90,561.60,39.92,67.52,1,1,1.0
338,101,867.48,497.26,70.45,122.02,1,1,1.0
338,102,991.67,431.02,22.51,42.47,1,1,1.0
338,103,888.30,640.38,9.45,35.92,1,1,1.0
338,104,706.19,528.50,70.51,114.50,1,1,1.0
338,105,818.40,579.09,17.05,46.41,1,1,1.0
338,106,851.68,514.72,20.91,54.64,1,1,1.0
339,90,1029.22,555.91,15.20,45.73,1,1,1.0
339,91,1136.80,412.76,85.70,147.32,1,1,1.0
339,99,1011.34,426.20,64.79,105.75,1,1,1.0
339,100,972.69,565.18,40.50,64.56,1,1,1.0
339,101,870.78,496.75,71.23,123.49,1,1,1.0
339,102,994.02,431.61,23.16,41.84,1,1,1.0
339,103,890.69,640.38,9.45,35.92,1,1,1.0
339,104,708.42,523.90,69.88,118.60,1,1,1.0
339,105,820.96,579.09,17.05,46.41,1,1,1.0
339,106,855.67,514.24,20.91,54.64,1,1,1.0
340,90,1031.73,556.36,15.20,45.73,1,1,1.0
340,91,1142.10,414.19,84.94,145.48,1,1,1.0
340,99,1014.61,426.07,65.91,105.63,1,1,1.0
340,100,974.47,568.77,41.09,61.59,1,1,1.0
340,101,873.67,496.72,70.73,123.40,1,1,1.0
340,103,893.08,640.38,9.45,35.92,1,1,1.0
340,104,710.30,522.90,67.60,119.40,1,1,1.0
340,105,823.51,579.09,17.05,46.41,1,1,1.0
340,106,859.67,513.76,20.91,54.64,1,1,1.0
341,91,1149.04,412.67,86.37,147.65,1,1,1.0
341,99,1024.43,425.98,61.04,106.73,1,1,1.0
341,100,977.26,550.50,44.56,79.56,1,1,1.0
341,101,878.21,496.06,71.20,125.73,1,1,1.0
341,103,895.47,640.38,9.45,35.92,1,1,1.0
341,104,712.47,526.40,68.53,115.96,1,1,1.0
341,105,825.05,578.09,17.92,46.92,1,1,1.0
341,106,863.18,514.08,20.91,54.64,1,1,1.0
342,91,1152.60,412.69,86.71,147.18,1,1,1.0
342,99,1031.13,426.88,54.49,103.13,1,1,1.0
342,100,981.42,552.46,40.67,76.00,1,1,1.0
342,101,881.57,495.55,69.81,126.81,1,1,1.0
342,103,897.87,640.38,9.44,35.92,1,1,1.0
342,104,712.79,528.70,75.61,112.86,1,1,1.0
342,105,826.58,577.08,18.79,47.45,1,1,1.0
342,106,863.26,513.76,20.91,54.64,1,1,1.0
343,91,1154.33,411.78,87.31,147.81,1,1,1.0
343,99,1038.50,423.00,51.05,103.41,1,1,1.0
343,100,979.85,552.31,44.96,76.78,1,1,1.0
343,101,880.45,495.12,72.25,124.66,1,1,1.0
343,103,900.26,640.38,9.44,35.92,1,1,1.0
343,104,712.68,528.80,73.32,113.77,1,1,1.0
343,105,828.12,576.08,19.66,47.96,1,1,1.0
343,106,863.34,513.45,20.91,54.63,1,1,1.0
344,90,1037.71,566.26,17.29,33.75,1,1,1.0
344,91,1155.79,410.57,88.66,147.60,1,1,1.0
344,99,1042.24,422.30,48.11,99.10,1,1,1.0
344,100,979.27,552.12,45.58,74.40,1,1,1.0
344,101,880.80,493.53,71.80,124.10,1,1,1.0
344,103,899.83,639.39,9.45,35.92,1,1,1.0
344,104,712.56,528.00,71.44,113.35,1,1,1.0
344,105,827.88,575.56,19.84,45.83,1,1,1.0
344,106,863.42,513.13,20.91,54.63,1,1,1.0
345,90,1038.31,559.21,17.09,39.86,1,1,1.0
345,91,1156.72,408.74,88.80,147.33,1,1,1.0
345,99,1044.12,419.85,45.41,97.82,1,1,1.0
345,100,980.67,551.18,42.67,74.45,1,1,1.0
345,101,881.71,491.30,72.19,125.87,1,1,1.0
345,103,899.41,638.40,9.44,35.92,1,1,1.0
345,104,712.87,531.90,72.63,108.47,1,1,1.0
345,105,827.75,574.91,19.07,45.58,1,1,1.0
345,106,863.50,512.81,20.91,54.63,1,1,1.0
346,90,1036.68,545.49,19.57,50.17,1,1,1.0
346,91,1161.23,405.00,86.34,149.03,1,1,1.0
346,100,979.44,548.38,44.46,76.08,1,1,1.0
346,101,880.40,488.98,73.28,126.33,1,1,1.0
346,103,898.98,637.41,9.45,35.92,1,1,1.0
346,104,710.93,523.80,72.97,115.84,1,1,1.0
346,105,827.61,574.26,18.30,45.33,1,1,1.0
346,106,862.86,509.61,20.91,54.64,1,1,1.0
347,90,1036.26,544.09,19.44,52.06,1,1,1.0
347,91,1162.23,403.40,86.34,148.37,1,1,1.0
347,100,978.82,546.46,44.80,76.13,1,1,1.0
347,101,880.63,487.43,73.40,126.12,1,1,1.0
347,103,898.56,636.42,9.45,35.92,1,1,1.0
347,104,710.12,521.50,73.08,117.16,1,1,1.0
347,105,827.15,572.38,17.87,45.09,1,1,1.0
347,106,863.02,508.02,20.91,54.63,1,1,1.0
348,90,1036.30,542.45,19.24,51.81,1,1,1.0
348,91,1163.55,401.17,86.39,149.98,1,1,1.0
348,100,979.18,545.75,45.68,76.27,1,1,1.0
348,101,881.73,486.28,71.02,126.77,1,1,1.0
348,103,898.14,635.43,9.44,35.92,1,1,1.0
348,104,709.78,520.90,66.72,115.53,1,1,1.0
348,105,827.22,571.34,17.43,44.68,1,1,1.0
348,106,863.18,506.42,20.91,54.63,1,1,1.0
349,90,1035.99,540.15,19.52,51.39,1,1,1.0
349,91,1165.10,399.36,85.55,149.08,1,1,1.0
349,100,977.42,544.97,45.20,74.12,1,1,1.0
349,101,882.16,484.48,72.00,127.06,1,1,1.0
349,103,897.71,634.44,9.45,35.92,1,1,1.0
349,104,708.36,521.70,72.54,110.90,1,1,1.0
349,105,826.57,569.13,18.09,44.97,1,1,1.0
349,106,862.52,508.92,19.58,49.80,1,1,1.0
350,90,1035.21,539.81,19.36,48.97,1,1,1.0
350,91,1165.21,396.92,87.29,150.18,1,1,1.0
350,100,978.01,542.00,43.83,72.88,1,1,1.0
350,101,881.29,483.06,71.91,126.52,1,1,1.0
350,103,897.29,633.46,9.44,35.91,1,1,1.0
350,104,707.46,521.60,71.94,110.24,1,1,1.0
350,105,825.18,566.26,18.82,46.90,1,1,1.0
350,106,861.88,504.27,20.91,52.37,1,1,1.0
351,90,1033.65,535.11,18.91,49.39,1,1,1.0
351,91,1166.43,393.55,86.11,149.21,1,1,1.0
351,99,1028.71,466.95,49.54,49.34,1,1,1.0
351,100,976.13,538.69,42.87,74.53,1,1,1.0
351,101,880.47,478.64,71.15,126.22,1,1,1.0
351,103,896.18,630.49,9.44,35.92,1,1,1.0
351,104,703.79,515.00,71.81,113.58,1,1,1.0
351,105,823.59,560.69,19.46,48.51,1,1,1.0
351,106,859.95,505.34,19.44,47.71,1,1,1.0
352,90,1032.85,533.16,19.05,49.16,1,1,1.0
352,91,1166.62,389.74,85.60,149.69,1,1,1.0
352,99,1027.01,462.90,55.00,49.79,1,1,1.0
352,100,975.32,531.68,42.36,80.02,1,1,1.0
352,101,880.05,475.95,70.49,127.07,1,1,1.0
352,103,895.06,627.52,9.45,35.92,1,1,1.0
352,104,702.00,509.70,73.50,116.21,1,1,1.0
352,105,821.97,559.87,19.45,44.99,1,1,1.0
352,106,859.34,507.59,18.05,42.12,1,1,1.0
353,90,1030.97,531.28,19.18,47.16,1,1,1.0
353,91,1166.12,387.33,88.86,148.22,1,1,1.0
353,99,1025.90,456.96,54.62,53.99,1,1,1.0
353,100,973.82,532.98,42.69,75.11,1,1,1.0
353,101,878.76,474.12,70.58,126.32,1,1,1.0
353,103,893.95,624.55,9.45,35.92,1,1,1.0
353,104,700.38,513.34,72.08,111.17,1,1,1.0
353,105,821.15,557.80,18.99,44.23,1,1,1.0
353,106,857.50,501.52,19.07,46.40,1,1,1.0
354,26,1759.42,1032.76,83.96,47.24,1,1,1.0
354,90,1029.99,523.42,19.99,53.51,1,1,1.0
354,91,1166.38,383.70,87.11,150.04,1,1,1.0
354,99,1024.25,446.14,58.28,61.73,1,1,1.0
354,100,970.98,529.19,45.14,75.70,1,1,1.0
354,101,877.28,471.41,71.56,125.75,1,1,1.0
354,103,892.84,621.58,9.44,35.92,1,1,1.0
354,104,698.50,512.75,73.62,107.04,1,1,1.0
354,105,820.55,555.88,19.18,44.40,1,1,1.0
354,106,855.94,499.05,20.13,45.76,1,1,1.0
355,26,1756.75,1029.43,95.33,50.57,1,1,1.0
355,90,1028.61,523.14,20.97,50.42,1,1,1.0
355,91,1166.01,380.24,86.30,149.86,1,1,1.0
355,99,1023.24,440.25,60.21,65.07,1,1,1.0
355,100,969.35,527.24,45.27,74.58,1,1,1.0
355,101,876.02,467.12,71.71,129.17,1,1,1.0
355,103,890.36,617.87,9.45,35.92,1,1,1.0
355,104,697.99,510.05,72.24,107.91,1,1,1.0
355,105,819.25,552.78,19.60,45.96,1,1,1.0
355,106,855.19,497.42,19.70,44.54,1,1,1.0
356,26,1754.62,1020.15,95.87,59.85,1,1,1.0
356,90,1026.36,520.39,17.97,51.30,1,1,1.0
356,91,1165.76,377.91,86.16,145.53,1,1,1.0
356,95,892.97,194.04,30.29,70.62,1,1,1.0
356,99,1020.77,424.71,62.74,75.37,1,1,1.0
356,100,965.82,522.64,46.03,74.85,1,1,1.0
356,101,873.75,462.13,72.76,127.40,1,1,1.0
356,102,1010.97,397.21,19.72,42.14,1,1,1.0
356,103,887.89,614.16,9.45,35.92,1,1,1.0
356,104,696.80,505.99,72.31,111.61,1,1,1.0
356,105,815.03,549.10,18.60,45.35,1,1,1.0
356,106,853.81,490.41,19.57,47.30,1,1,1.0
357,26,1750.46,1018.41,96.10,61.59,1,1,1.0
357,90,1024.14,516.13,18.99,51.65,1,1,1.0
357,91,1166.08,371.91,85.87,149.02,1,1,1.0
357,95,891.77,191.75,33.75,70.35,1,1,1.0
357,99,1016.90,405.60,65.29,91.19,1,1,1.0
357,100,964.16,521.17,46.28,75.56,1,1,1.0
357,101,872.73,459.08,72.64,128.86,1,1,1.0
357,102,1010.30,395.04,21.69,40.89,1,1,1.0
357,103,887.27,612.31,9.45,35.92,1,1,1.0
357,104,692.10,505.87,74.87,107.13,1,1,1.0
357,105,813.97,545.78,18.52,44.84,1,1,1.0
357,106,851.70,484.78,20.30,50.73,1,1,1.0
358,26,1754.38,1017.12,89.60,62.88,1,1,1.0
358,90,1023.30,515.55,19.92,48.36,1,1,1.0
358,91,1164.78,371.48,87.49,148.87,1,1,1.0
358,95,890.77,189.31,34.59,71.63,1,1,1.0
358,99,1016.83,395.26,65.42,100.61,1,1,1.0
358,100,963.58,517.99,45.97,77.45,1,1,1.0
358,101,872.57,457.25,72.15,128.57,1,1,1.0
358,102,1009.68,393.51,19.21,42.02,1,1,1.0
358,103,886.65,610.46,9.45,35.91,1,1,1.0
358,104,693.50,503.75,72.53,110.65,1,1,1.0
358,105,813.37,544.21,18.35,45.61,1,1,1.0
358,106,851.36,484.08,20.26,50.38,1,1,1.0
359,26,1751.17,1016.61,92.42,63.39,1,1,1.0
359,27,1555.82,85.37,24.89,46.18,1,1,1.0
359,90,1023.39,513.18,19.36,50.16,1,1,1.0
359,91,1165.95,368.84,87.42,150.55,1,1,1.0
359,95,890.24,185.94,34.26,72.24,1,1,1.0
359,99,1019.78,394.44,63.23,99.98,1,1,1.0
359,100,963.82,516.40,45.75,77.53,1,1,1.0
359,101,872.28,456.10,72.75,128.29,1,1,1.0
359,102,1009.15,392.38,21.26,40.39,1,1,1.0
359,103,886.04,608.60,9.44,35.92,1,1,1.0
359,104,693.10,502.27,72.80,109.23,1,1,1.0
359,105,813.07,542.85,18.99,46.01,1,1,1.0
359,106,851.17,483.74,20.28,49.58,1,1,1.0
360,26,1752.90,1015.47,90.78,64.45,1,1,1.0
360,27,1555.60,84.79,25.13,46.13,1,1,1.0
360,90,1023.82,512.73,18.95,50.48,1,1,1.0
360,91,1168.93,367.43,86.41,151.63,1,1,1.0
360,95,889.06,187.40,34.26,72.24,1,1,1.0
360,99,1022.13,391.94,63.05,101.12,1,1,1.0
360,100,964.43,514.27,44.96,78.62,1,1,1.0
360,101,873.33,455.58,72.35,128.07,1,1,1.0
360,102,1010.62,390.30,20.08,42.87,1,1,1.0
360,103,885.42,606.75,9.44,35.92,1,1,1.0
360,104,708.00,492.24,55.06,119.56,1,1,1.0
360,105,813.67,541.96,18.42,45.88,1,1,1.0
360,106,853.05,484.59,17.72,46.71,1,1,1.0
361,26,1753.24,1010.33,111.23,69.67,1,1,1.0
361,27,1554.73,81.36,24.87,46.39,1,1,1.0
361,90,1024.03,509.46,19.41,49.32,1,1,1.0
361,91,1178.10,366.49,80.60,145.22,1,1,1.0
361,95,889.58,186.84,34.39,72.32,1,1,1.0
361,99,1021.71,380.35,66.47,110.20,1,1,1.0
361,100,964.98,514.23,45.11,74.68,1,1,1.0
361,101,874.96,453.20,72.18,128.85,1,1,1.0
361,102,1013.33,387.78,19.00,41.79,1,1,1.0
361,103,885.52,606.25,9.44,35.92,1,1,1.0
361,105,814.48,539.10,18.43,46.15,1,1,1.0
361,106,853.85,483.36,18.53,45.11,1,1,1.0
362,27,1552.78,81.41,26.19,44.97,1,1,1.0
362,90,1024.04,509.18,19.16,49.91,1,1,1.0
362,91,1180.82,365.52,78.13,145.94,1,1,1.0
362,99,1021.80,379.26,66.62,111.06,1,1,1.0
362,100,964.65,512.43,44.46,75.83,1,1,1.0
362,101,874.73,452.63,72.60,128.79,1,1,1.0
362,102,1013.39,387.03,18.90,41.81,1,1,1.0
362,103,885.62,605.76,9.44,35.92,1,1,1.0
362,105,814.48,539.10,18.43,46.15,1,1,1.0
362,106,853.98,482.68,18.10,44.38,1,1,1.0
363,27,1551.68,80.78,26.49,45.40,1,1,1.0
363,90,1024.16,509.97,17.34,47.56,1,1,1.0
363,91,1184.65,364.39,75.00,149.16,1,1,1.0
363,99,1023.24,378.94,66.95,110.56,1,1,1.0
363,100,964.75,511.25,44.67,76.60,1,1,1.0
363,101,874.70,452.17,72.71,128.52,1,1,1.0
363,102,1013.51,386.69,19.08,41.36,1,1,1.0
363,103,885.72,605.26,9.44,35.92,1,1,1.0
363,106,854.79,482.52,18.10,44.38,1,1,1.0
364,27,1550.60,81.42,26.02,43.31,1,1,1.0
364,90,1023.42,509.77,17.72,47.40,1,1,1.0
364,91,1185.08,364.26,73.88,146.17,1,1,1.0
364,99,1021.23,377.96,69.38,111.03,1,1,1.0
364,100,963.89,510.97,44.29,75.35,1,1,1.0
364,101,874.73,451.46,72.40,128.28,1,1,1.0
364,102,1013.34,385.65,18.95,42.17,1,1,1.0
364,103,885.81,604.77,9.45,35.92,1,1,1.0
364,106,855.60,482.36,18.10,44.38,1,1,1.0
365,27,1550.03,80.79,26.26,43.41,1,1,1.0
365,90,1023.34,505.40,18.05,51.95,1,1,1.0
365,91,1184.74,364.19,74.37,142.54,1,1,1.0
365,99,1021.00,376.71,69.85,111.56,1,1,1.0
365,100,963.43,510.95,44.39,75.23,1,1,1.0
365,102,1013.11,385.76,19.58,41.82,1,1,1.0
365,103,885.91,604.27,9.45,35.92,1,1,1.0
366,90,1023.98,507.19,16.46,47.57,1,1,1.0
366,91,1187.68,363.54,72.88,138.34,1,1,1.0
366,99,1023.86,376.87,67.72,110.61,1,1,1.0
366,100,963.50,510.66,43.57,75.28,1,1,1.0
366,102,1013.61,384.98,18.92,42.01,1,1,1.0
367,90,1022.85,508.43,17.49,47.44,1,1,1.0
367,91,1188.99,363.16,72.40,135.82,1,1,1.0
367,99,1023.70,376.57,68.27,110.43,1,1,1.0
367,100,961.84,509.83,44.92,76.13,1,1,1.0
367,102,1013.86,384.21,19.39,41.44,1,1,1.0
368,28,1543.66,80.36,27.34,43.80,1,1,1.0
368,90,1021.43,506.15,19.18,49.68,1,1,1.0
368,91,1189.30,363.10,71.01,134.08,1,1,1.0
368,99,1022.17,376.80,68.59,110.37,1,1,1.0
368,102,1013.04,384.82,19.89,42.63,1,1,1.0
369,28,1542.58,80.33,27.58,43.84,1,1,1.0
369,90,1020.74,502.97,20.17,52.27,1,1,1.0
369,91,1188.78,362.12,71.43,133.25,1,1,1.0
369,99,1020.93,376.11,69.77,110.67,1,1,1.0
369,102,1013.44,384.24,18.64,43.33,1,1,1.0
370,28,1541.00,80.46,27.80,43.30,1,1,1.0
370,29,87.69,367.80,31.01,43.13,1,1,1.0
370,90,1021.67,506.46,15.20,45.73,1,1,1.0
370,91,1191.62,361.82,68.15,133.63,1,1,1.0
370,99,1021.06,374.78,68.95,111.78,1,1,1.0
371,28,1540.19,81.70,25.95,39.80,1,1,1.0
371,30,1755.78,992.77,110.13,86.86,1,1,1.0
371,90,1021.67,506.46,15.20,45.73,1,1,1.0
371,91,1186.21,360.73,73.24,151.47,1,1,1.0
371,99,1035.53,375.69,53.67,110.07,1,1,1.0
372,28,1540.15,82.66,25.58,36.84,1,1,1.0
372,30,1762.00,992.76,103.02,87.24,1,1,1.0
372,91,1184.10,360.68,76.24,152.14,1,1,1.0
373,28,1539.93,81.17,25.91,36.54,1,1,1.0
373,30,1764.02,991.93,104.38,88.07,1,1,1.0
373,91,1181.93,357.62,79.83,153.57,1,1,1.0
374,91,1183.00,358.03,83.09,150.66,1,1,1.0
376,104,694.35,512.60,37.29,85.06,1,1,1.0
377,104,697.14,506.61,37.86,91.89,1,1,1.0
378,104,704.01,488.90,61.29,108.46,1,1,1.0
379,104,706.30,488.90,61.29,108.46,1,1,1.0
380,104,716.03,491.76,52.71,99.57,1,1,1.0
381,95,895.17,177.47,34.39,72.32,1,1,1.0
381,104,725.76,494.62,44.14,90.68,1,1,1.0
381,106,869.37,479.60,18.10,44.38,1,1,1.0
382,95,897.65,177.47,34.38,72.32,1,1,1.0
382,101,900.68,452.87,70.81,128.47,1,1,1.0
382,103,902.24,600.32,9.44,35.92,1,1,1.0
382,104,734.91,494.62,40.19,89.58,1,1,1.0
382,106,873.32,480.10,18.10,44.38,1,1,1.0
383,95,901.09,174.58,37.14,74.16,1,1,1.0
383,100,980.76,509.97,45.20,75.12,1,1,1.0
383,101,905.00,453.92,70.54,128.49,1,1,1.0
383,103,907.18,601.31,9.45,35.92,1,1,1.0
383,105,832.87,539.87,18.43,46.15,1,1,1.0
383,106,875.30,481.09,18.10,44.38,1,1,1.0
384,90,1048.78,510.36,15.20,45.73,1,1,1.0
384,95,906.55,178.12,34.20,72.70,1,1,1.0
384,100,985.03,509.97,45.20,75.12,1,1,1.0
384,101,908.24,453.15,71.55,129.82,1,1,1.0
384,103,909.65,601.80,9.45,35.92,1,1,1.0
384,105,837.46,541.40,18.43,46.15,1,1,1.0
384,106,882.02,490.83,16.66,38.32,1,1,1.0
385,90,1051.76,509.64,18.85,49.76,1,1,1.0
385,95,910.76,178.89,34.87,73.22,1,1,1.0
385,99,1066.12,379.98,60.14,112.04,1,1,1.0
385,100,987.17,509.97,45.20,75.12,1,1,1.0
385,101,911.80,454.39,72.24,129.33,1,1,1.0
385,102,1057.86,388.80,19.47,41.22,1,1,1.0
385,103,912.13,602.79,9.44,35.92,1,1,1.0
385,105,842.06,542.16,18.43,46.15,1,1,1.0
385,106,885.10,485.80,18.28,45.16,1,1,1.0
386,90,1058.68,512.65,20.20,52.51,1,1,1.0
386,99,1075.27,385.56,68.86,110.26,1,1,1.0
386,100,994.28,515.56,45.20,75.12,1,1,1.0
386,101,920.35,459.70,71.73,127.85,1,1,1.0
386,102,1066.54,392.98,20.23,41.24,1,1,1.0
386,103,919.54,609.22,9.45,35.92,1,1,1.0
386,105,850.49,543.70,18.43,51.50,1,1,1.0
386,106,892.00,492.50,19.99,42.97,1,1,1.0
387,90,1060.54,515.38,20.91,50.08,1,1,1.0
387,99,1076.08,387.69,71.52,110.05,1,1,1.0
387,100,998.91,515.91,43.69,77.84,1,1,1.0
387,101,924.33,461.61,71.70,127.93,1,1,1.0
387,102,1072.21,394.05,18.53,45.13,1,1,1.0
387,103,922.02,609.71,9.44,35.92,1,1,1.0
387,106,895.83,493.37,19.80,44.00,1,1,1.0
388,32,2.40,-0.00,51.16,29.88,1,1,1.0
388,90,1064.54,514.59,19.60,51.86,1,1,1.0
388,91,1254.44,375.57,73.21,153.58,1,1,1.0
388,99,1081.39,388.96,71.11,108.84,1,1,1.0
388,100,1003.30,517.66,41.52,77.47,1,1,1.0
388,101,926.86,463.57,72.34,127.23,1,1,1.0
388,102,1074.39,395.67,20.36,44.37,1,1,1.0
388,103,924.98,612.68,9.45,35.92,1,1,1.0
388,106,898.80,495.84,19.80,44.00,1,1,1.0
389,32,2.44,0.03,55.33,30.75,1,1,1.0
389,90,1068.30,515.15,19.17,51.88,1,1,1.0
389,91,1257.80,377.65,91.06,151.55,1,1,1.0
389,99,1085.61,388.89,71.24,109.94,1,1,1.0
389,100,1005.40,521.35,41.25,74.47,1,1,1.0
389,101,931.28,463.35,71.90,128.35,1,1,1.0
389,102,1078.62,397.22,22.05,42.42,1,1,1.0
389,103,928.94,613.67,9.45,35.92,1,1,1.0
390,90,1071.23,516.38,18.75,53.67,1,1,1.0
390,91,1263.71,378.85,89.09,150.55,1,1,1.0
390,99,1091.31,391.16,69.86,110.04,1,1,1.0
390,100,1007.46,522.73,43.70,73.97,1,1,1.0
390,102,1085.10,399.46,20.36,44.37,1,1,1.0
390,103,932.90,615.15,9.44,35.92,1,1,1.0
391,90,1076.47,518.30,20.83,50.16,1,1,1.0
391,91,1271.55,380.45,89.62,151.55,1,1,1.0
391,99,1098.20,393.49,71.00,109.64,1,1,1.0
391,100,1009.59,523.85,45.20,75.12,1,1,1.0
392,90,1080.62,521.30,17.18,48.20,1,1,1.0
392,91,1276.70,380.13,88.63,151.76,1,1,1.0
392,99,1103.69,398.46,68.82,104.56,1,1,1.0
392,100,1009.59,523.85,45.20,75.12,1,1,1.0
393,90,1080.62,521.30,17.18,48.20,1,1,1.0
393,91,1280.59,380.09,88.83,152.39,1,1,1.0
394,91,1284.30,380.55,90.77,151.35,1,1,1.0
395,33,550.98,59.84,39.68,29.99,1,1,1.0
395,91,1287.52,379.46,91.42,152.67,1,1,1.0
396,33,550.74,60.24,39.58,27.74,1,1,1.0
396,91,1294.78,381.75,89.84,152.17,1,1,1.0
397,33,550.74,59.15,39.46,28.59,1,1,1.0
397,91,1299.98,390.63,87.33,143.99,1,1,1.0
398,33,549.97,59.19,40.17,28.79,1,1,1.0
398,34,565.44,83.72,35.80,38.47,1,1,1.0
398,91,1307.80,415.41,81.57,119.66,1,1,1.0
399,33,550.34,58.89,39.67,27.87,1,1,1.0
399,34,565.50,83.78,34.88,37.66,1,1,1.0
399,91,1318.56,438.62,74.00,98.60,1,1,1.0
399,104,755.03,533.00,40.41,87.10,1,1,1.0
400,33,550.60,58.38,39.46,26.78,1,1,1.0
400,104,755.77,501.70,74.13,118.75,1,1,1.0
401,104,755.24,504.08,74.13,116.68,1,1,1.0
402,104,755.40,502.10,74.10,118.80,1,1,1.0
403,35,545.39,55.17,39.50,30.30,1,1,1.0
403,104,755.93,505.61,76.10,115.98,1,1,1.0
404,35,544.61,53.35,37.19,30.06,1,1,1.0
404,104,755.79,507.17,75.83,112.97,1,1,1.0
405,104,755.34,506.10,76.87,114.94,1,1,1.0
406,104,756.23,499.60,76.77,121.20,1,1,1.0
407,104,757.15,500.70,74.65,120.89,1,1,1.0
407,105,892.52,552.08,19.36,49.15,1,1,1.0
408,104,757.59,498.90,75.21,123.08,1,1,1.0
408,105,893.29,551.83,19.87,49.74,1,1,1.0
409,36,493.76,0.42,26.81,38.43,1,1,1.0
409,104,758.83,499.50,73.47,122.25,1,1,1.0
409,105,894.16,552.93,20.16,49.17,1,1,1.0
410,104,760.06,498.60,74.54,124.55,1,1,1.0
410,105,895.67,553.92,19.22,47.14,1,1,1.0
411,103,965.45,620.06,9.45,35.92,1,1,1.0
411,104,763.43,498.80,71.47,125.53,1,1,1.0
411,105,897.66,556.12,19.14,46.42,1,1,1.0
412,103,967.00,620.81,9.45,35.92,1,1,1.0
412,104,766.10,501.40,71.50,121.94,1,1,1.0
412,105,899.39,557.20,18.50,46.91,1,1,1.0
412,106,947.62,507.57,19.39,41.60,1,1,1.0
413,103,967.52,621.58,9.44,35.92,1,1,1.0
413,104,768.49,506.20,69.61,119.60,1,1,1.0
413,105,900.00,558.67,18.58,49.92,1,1,1.0
413,106,948.65,506.06,20.50,44.30,1,1,1.0
414,101,987.44,481.51,37.17,114.80,1,1,1.0
414,103,968.51,624.55,9.44,35.92,1,1,1.0
414,104,771.76,499.30,68.44,131.64,1,1,1.0
414,105,900.84,561.92,19.19,48.02,1,1,1.0
414,106,950.89,507.02,21.48,48.05,1,1,1.0
415,101,989.11,483.36,43.40,128.36,1,1,1.0
415,103,970.49,625.54,9.44,35.92,1,1,1.0
415,104,773.41,507.00,68.19,124.92,1,1,1.0
415,105,902.84,565.68,18.74,46.69,1,1,1.0
415,106,952.11,508.09,21.82,48.47,1,1,1.0
416,91,1364.14,411.40,75.42,153.94,1,1,1.0
416,101,990.68,486.40,66.29,130.78,1,1,1.0
416,103,972.96,632.47,9.44,35.92,1,1,1.0
416,104,774.60,532.68,69.35,106.52,1,1,1.0
416,105,905.71,572.25,18.13,44.95,1,1,1.0
416,106,956.07,513.22,20.71,48.76,1,1,1.0
417,91,1377.33,427.94,66.82,139.57,1,1,1.0
417,101,992.32,490.53,72.50,130.51,1,1,1.0
417,103,974.44,634.94,9.45,35.92,1,1,1.0
417,104,790.80,537.99,53.10,103.31,1,1,1.0
417,105,905.69,574.25,19.47,46.76,1,1,1.0
417,106,957.06,517.56,20.39,47.36,1,1,1.0
418,37,678.17,89.26,20.43,32.89,1,1,1.0
418,101,993.03,494.22,72.25,131.46,1,1,1.0
418,103,974.44,637.91,9.45,35.92,1,1,1.0
418,104,790.10,540.18,55.67,103.92,1,1,1.0
418,105,906.64,579.04,18.71,45.72,1,1,1.0
418,106,957.09,524.04,20.21,45.07,1,1,1.0
419,37,674.62,91.25,20.58,34.49,1,1,1.0
419,100,1053.82,550.70,37.83,73.73,1,1,1.0
419,101,993.39,497.33,72.73,130.22,1,1,1.0
419,103,974.94,641.12,9.44,35.92,1,1,1.0
419,104,786.50,542.36,61.13,108.44,1,1,1.0
419,105,907.14,581.38,20.96,47.02,1,1,1.0
419,106,957.52,527.85,19.96,44.90,1,1,1.0
420,37,672.60,91.53,20.85,34.96,1,1,1.0
420,38,502.51,67.67,41.48,28.55,1,1,1.0
420,100,1056.11,554.32,35.57,70.38,1,1,1.0
420,101,995.33,498.69,72.33,131.46,1,1,1.0
420,103,975.43,644.34,9.45,35.92,1,1,1.0
420,104,800.91,544.55,48.59,95.75,1,1,1.0
420,105,908.93,582.30,20.74,48.34,1,1,1.0
420,106,960.15,530.03,19.14,44.71,1,1,1.0
421,37,669.43,94.16,21.49,33.84,1,1,1.0
421,38,499.86,69.24,38.46,29.02,1,1,1.0
421,100,1059.03,557.99,37.26,74.86,1,1,1.0
421,101,999.94,505.60,73.34,129.64,1,1,1.0
421,103,979.88,650.27,9.45,35.92,1,1,1.0
421,104,815.32,546.73,36.05,83.07,1,1,1.0
421,105,912.71,585.81,19.93,48.86,1,1,1.0
421,106,963.03,537.77,18.98,42.57,1,1,1.0
422,37,666.68,96.30,21.41,32.07,1,1,1.0
422,38,499.33,70.74,35.44,28.24,1,1,1.0
422,90,1121.54,559.30,20.07,48.20,1,1,1.0
422,100,1060.93,562.14,37.18,72.84,1,1,1.0
422,101,1002.99,509.39,71.78,129.80,1,1,1.0
422,103,982.11,653.49,9.45,35.92,1,1,1.0
422,104,816.23,552.13,34.91,79.15,1,1,1.0
422,105,914.66,587.25,18.83,50.29,1,1,1.0
422,106,965.76,540.76,17.44,41.56,1,1,1.0
423,37,664.54,98.23,20.83,30.67,1,1,1.0
423,38,496.14,71.87,37.55,27.89,1,1,1.0
423,90,1123.35,562.79,19.51,47.28,1,1,1.0
423,100,1063.21,563.10,35.72,73.45,1,1,1.0
423,101,1005.35,514.31,70.80,127.06,1,1,1.0
423,103,984.34,656.70,9.44,35.92,1,1,1.0
423,104,819.03,551.64,35.79,81.18,1,1,1.0
423,105,915.65,589.88,19.75,50.39,1,1,1.0
423,106,967.29,538.28,20.26,48.63,1,1,1.0
424,37,662.30,99.29,21.22,30.90,1,1,1.0
424,38,494.70,73.38,37.81,27.07,1,1,1.0
424,90,1125.29,564.83,19.93,47.51,1,1,1.0
424,100,1066.24,563.22,34.11,74.22,1,1,1.0
424,101,1008.29,523.10,72.48,120.21,1,1,1.0
424,103,985.33,658.19,9.44,35.91,1,1,1.0
424,104,824.11,559.18,36.26,80.66,1,1,1.0
424,105,921.48,593.11,19.80,50.64,1,1,1.0
424,106,969.87,544.29,20.36,45.63,1,1,1.0
425,90,1131.86,564.59,16.24,50.21,1,1,1.0
425,100,1070.98,565.58,32.20,74.50,1,1,1.0
425,101,1011.78,535.73,72.99,111.78,1,1,1.0
425,102,1177.25,452.43,20.36,44.37,1,1,1.0
425,103,992.50,662.39,9.44,35.92,1,1,1.0
425,104,829.18,566.72,36.74,80.15,1,1,1.0
425,105,927.30,596.33,19.87,50.91,1,1,1.0
425,106,974.79,544.96,21.13,48.10,1,1,1.0
426,90,1139.60,571.34,20.17,48.65,1,1,1.0
426,93,1014.49,0.00,59.33,36.62,1,1,1.0
426,99,1193.41,452.86,54.39,109.52,1,1,1.0
426,100,1084.80,568.60,29.40,72.42,1,1,1.0
426,101,1022.47,552.09,73.64,98.27,1,1,1.0
426,103,999.67,666.59,9.44,35.92,1,1,1.0
426,105,933.12,599.55,19.94,51.17,1,1,1.0
426,106,981.44,547.57,21.13,48.10,1,1,1.0
427,90,1144.17,572.92,20.53,51.99,1,1,1.0
427,93,1018.85,0.00,65.87,37.98,1,1,1.0
427,99,1199.71,455.94,63.96,110.51,1,1,1.0
427,101,1029.49,562.15,73.98,93.35,1,1,1.0
427,103,1005.61,669.07,9.44,35.92,1,1,1.0
427,105,938.95,602.78,19.99,51.42,1,1,1.0
427,106,988.08,550.18,21.13,48.10,1,1,1.0
428,90,1151.90,576.56,19.65,48.63,1,1,1.0
428,93,1022.92,0.00,55.51,44.32,1,1,1.0
428,99,1212.03,459.22,67.51,109.06,1,1,1.0
428,101,1036.68,571.02,71.51,85.39,1,1,1.0
428,103,1010.55,674.01,9.45,35.92,1,1,1.0
428,105,944.88,605.72,18.50,50.74,1,1,1.0
428,106,994.73,552.79,21.13,48.10,1,1,1.0
429,90,1157.50,582.12,17.53,46.20,1,1,1.0
429,93,1024.59,0.00,57.80,49.19,1,1,1.0
429,101,1043.88,579.36,70.67,81.64,1,1,1.0
429,103,1015.99,675.99,9.45,35.92,1,1,1.0
429,105,950.08,609.85,17.69,48.92,1,1,1.0
429,106,1001.37,555.40,21.13,48.10,1,1,1.0
430,90,1164.19,586.47,15.20,45.73,1,1,1.0
430,93,1033.64,0.00,54.33,55.57,1,1,1.0
430,101,1055.54,590.07,64.51,75.71,1,1,1.0
430,105,955.74,613.09,17.74,49.23,1,1,1.0
430,106,1008.02,558.01,21.13,48.10,1,1,1.0
431,90,1174.64,602.39,15.20,34.81,1,1,1.0
431,93,1041.89,0.00,54.62,55.03,1,1,1.0
431,105,965.69,619.15,16.92,49.61,1,1,1.0
431,106,1017.42,563.95,21.13,48.10,1,1,1.0
432,90,1180.61,606.87,15.20,34.81,1,1,1.0
432,93,1048.37,0.00,55.81,59.76,1,1,1.0
432,105,972.46,619.58,18.81,51.16,1,1,1.0
432,106,1022.86,565.93,21.13,48.10,1,1,1.0
433,90,1187.08,612.34,15.20,30.86,1,1,1.0
433,93,1056.02,0.00,52.19,63.98,1,1,1.0
433,105,977.82,620.35,18.81,51.16,1,1,1.0
433,106,1031.26,569.88,21.13,48.10,1,1,1.0
434,90,1193.05,620.80,15.20,25.40,1,1,1.0
434,93,1063.61,0.00,50.04,65.27,1,1,1.0
434,103,1049.61,694.09,9.45,35.92,1,1,1.0
434,105,983.62,627.16,18.37,49.18,1,1,1.0
434,106,1037.69,574.33,21.13,43.17,1,1,1.0
435,90,1198.52,627.77,15.20,22.43,1,1,1.0
435,93,1068.38,0.00,52.60,67.82,1,1,1.0
435,101,1085.01,571.58,37.27,102.70,1,1,1.0
435,103,1055.15,697.05,9.45,35.92,1,1,1.0
435,105,990.37,631.07,17.48,46.96,1,1,1.0
435,106,1041.65,578.79,21.13,43.16,1,1,1.0
436,93,1081.33,0.00,52.66,76.76,1,1,1.0
436,101,1098.62,566.90,48.67,125.03,1,1,1.0
436,103,1068.82,703.33,9.45,35.92,1,1,1.0
436,105,1002.63,635.67,17.48,46.96,1,1,1.0
436,106,1055.00,585.21,21.13,43.17,1,1,1.0
437,93,1089.30,0.00,52.56,78.91,1,1,1.0
437,101,1106.39,576.98,53.83,118.10,1,1,1.0
437,103,1076.95,707.39,9.45,35.92,1,1,1.0
437,105,1011.06,638.73,17.48,46.96,1,1,1.0
437,106,1063.91,588.18,19.19,43.17,1,1,1.0
438,93,1098.52,0.00,50.64,83.30,1,1,1.0
438,101,1113.59,568.69,60.78,128.99,1,1,1.0
438,103,1085.82,703.70,9.44,35.91,1,1,1.0
438,105,1019.48,643.33,17.48,46.96,1,1,1.0
438,106,1071.82,592.63,19.19,43.17,1,1,1.0
439,93,1107.26,0.00,51.87,85.89,1,1,1.0
439,101,1123.50,570.85,64.06,130.89,1,1,1.0
439,103,1094.32,712.56,9.44,35.92,1,1,1.0
439,105,1027.91,646.39,17.48,46.96,1,1,1.0
439,106,1081.22,596.59,19.19,43.17,1,1,1.0
440,93,1117.41,0.00,50.66,90.01,1,1,1.0
440,101,1134.38,573.18,67.80,132.80,1,1,1.0
440,103,1103.92,715.52,9.45,35.91,1,1,1.0
440,105,1038.64,649.46,17.48,46.96,1,1,1.0
440,106,1094.08,599.56,19.19,43.17,1,1,1.0
441,93,1142.29,6.25,50.46,93.29,1,1,1.0
441,101,1157.72,582.11,83.07,132.44,1,1,1.0
441,103,1128.71,723.64,9.45,35.92,1,1,1.0
441,105,1061.62,660.18,17.48,46.96,1,1,1.0
441,106,1117.82,609.45,19.19,43.17,1,1,1.0
442,93,1155.46,10.55,53.87,93.31,1,1,1.0
442,101,1171.63,587.52,84.14,133.00,1,1,1.0
442,103,1141.11,728.34,9.45,35.92,1,1,1.0
442,105,1076.18,667.84,17.48,46.96,1,1,1.0
442,106,1132.66,616.38,19.19,43.16,1,1,1.0
443,93,1171.25,12.72,52.31,96.66,1,1,1.0
443,101,1188.43,595.58,82.19,132.42,1,1,1.0
443,103,1158.64,736.46,9.44,35.92,1,1,1.0
443,105,1090.73,673.21,17.48,46.96,1,1,1.0
443,106,1148.49,622.31,19.19,43.17,1,1,1.0
444,93,1189.23,22.11,50.04,93.84,1,1,1.0
444,101,1203.72,600.21,83.33,133.53,1,1,1.0
444,103,1175.31,745.87,9.45,29.03,1,1,1.0
444,105,1109.12,680.10,17.48,46.96,1,1,1.0
444,106,1163.88,630.44,19.19,38.06,1,1,1.0
445,93,1205.93,27.30,51.59,93.45,1,1,1.0
445,101,1224.00,608.01,80.08,135.61,1,1,1.0
445,103,1191.13,755.27,9.44,29.03,1,1,1.0
445,105,1125.21,686.23,17.48,46.96,1,1,1.0
445,106,1182.68,637.70,19.20,38.07,1,1,1.0
446,93,1244.97,37.20,52.59,93.98,1,1,1.0
446,101,1261.09,622.53,80.80,137.01,1,1,1.0
446,103,1235.20,758.89,9.44,29.04,1,1,1.0
446,105,1161.81,704.53,17.48,46.96,1,1,1.0
446,106,1220.73,650.96,19.19,38.06,1,1,1.0
447,93,1270.41,44.01,53.59,94.50,1,1,1.0
447,101,1283.85,631.47,79.46,136.30,1,1,1.0
447,103,1258.40,771.30,9.44,31.04,1,1,1.0
447,105,1182.09,712.94,17.48,46.96,1,1,1.0
447,106,1240.39,656.51,19.19,38.07,1,1,1.0
448,93,1295.84,50.82,54.59,95.03,1,1,1.0
448,101,1303.40,639.83,80.16,135.79,1,1,1.0
448,103,1281.60,783.72,9.44,33.04,1,1,1.0
448,105,1202.37,721.34,17.48,46.96,1,1,1.0
448,106,1260.91,666.77,19.19,38.07,1,1,1.0
449,93,1321.28,57.62,55.59,95.56,1,1,1.0
449,101,1323.67,648.96,82.64,135.38,1,1,1.0
449,103,1304.80,796.13,9.45,35.04,1,1,1.0
449,105,1222.65,729.75,17.48,46.96,1,1,1.0
449,106,1281.98,675.20,19.19,38.06,1,1,1.0
450,93,1346.72,64.43,56.59,96.09,1,1,1.0
450,101,1349.12,659.48,76.68,135.44,1,1,1.0
450,103,1328.00,808.55,9.45,37.04,1,1,1.0
450,105,1242.93,738.16,17.48,46.96,1,1,1.0
450,106,1303.04,683.62,19.20,38.07,1,1,1.0
451,90,1510.41,725.44,15.20,45.73,1,1,1.0
451,93,1372.16,71.24,57.59,96.61,1,1,1.0
451,101,1391.83,673.57,82.47,139.12,1,1,1.0
451,103,1351.21,820.96,9.44,39.04,1,1,1.0
451,105,1283.48,748.89,17.48,53.61,1,1,1.0
451,106,1347.38,700.99,19.19,43.21,1,1,1.0
452,90,1531.99,736.22,15.20,45.73,1,1,1.0
452,93,1395.96,76.63,54.30,97.64,1,1,1.0
452,101,1413.00,682.18,84.06,140.61,1,1,1.0
452,103,1371.94,827.26,9.44,39.05,1,1,1.0
452,105,1303.99,757.48,17.48,53.61,1,1,1.0
452,106,1369.18,708.01,19.19,43.21,1,1,1.0
453,90,1554.34,740.85,15.20,45.73,1,1,1.0
453,93,1419.94,81.57,52.11,96.88,1,1,1.0
453,101,1434.76,688.37,83.78,141.36,1,1,1.0
453,103,1392.67,833.57,9.44,39.04,1,1,1.0
453,105,1324.98,763.21,17.48,53.60,1,1,1.0
453,106,1390.36,713.97,19.20,43.21,1,1,1.0
454,90,1575.52,748.28,15.20,45.73,1,1,1.0
454,93,1440.08,83.55,53.88,98.07,1,1,1.0
454,101,1456.57,693.12,85.44,143.96,1,1,1.0
454,103,1413.40,839.87,9.45,39.05,1,1,1.0
454,105,1345.30,770.60,17.48,53.60,1,1,1.0
454,106,1410.89,721.25,19.19,43.21,1,1,1.0
455,90,1599.68,753.11,15.20,49.49,1,1,1.0
455,93,1460.46,85.78,58.19,97.10,1,1,1.0
455,101,1479.60,698.93,85.12,143.57,1,1,1.0
455,103,1434.13,846.18,9.45,39.04,1,1,1.0
455,104,1202.09,743.86,50.91,64.74,1,1,1.0
455,105,1366.91,776.51,17.48,52.14,1,1,1.0
455,106,1430.75,725.22,19.20,47.88,1,1,1.0
456,90,1643.16,763.52,15.20,49.49,1,1,1.0
456,93,1505.08,89.84,54.03,96.16,1,1,1.0
456,101,1521.21,709.54,87.83,146.19,1,1,1.0
456,103,1473.89,856.01,9.45,39.04,1,1,1.0
456,104,1241.91,753.47,50.91,64.74,1,1,1.0
456,105,1407.00,782.42,17.48,50.68,1,1,1.0
456,106,1475.12,735.16,19.19,47.87,1,1,1.0
457,39,1759.34,659.68,74.54,116.84,1,1,1.0
457,90,1665.45,767.98,15.20,49.49,1,1,1.0
457,93,1526.70,89.56,55.60,98.84,1,1,1.0
457,101,1541.47,713.36,89.80,147.01,1,1,1.0
457,103,1494.84,864.13,9.44,39.05,1,1,1.0
457,104,1254.27,756.21,50.90,64.75,1,1,1.0
457,105,1426.21,790.92,17.48,45.48,1,1,1.0
457,106,1494.98,739.13,19.19,47.88,1,1,1.0
458,39,1782.36,661.20,88.44,121.58,1,1,1.0
458,90,1685.43,773.97,15.20,49.49,1,1,1.0
458,93,1546.85,88.50,57.48,100.72,1,1,1.0
458,101,1562.16,718.62,90.20,147.25,1,1,1.0
458,103,1514.50,867.13,9.45,39.04,1,1,1.0
458,104,1269.37,758.96,50.91,64.74,1,1,1.0
458,105,1443.95,797.94,17.48,40.26,1,1,1.0
458,106,1514.18,743.10,19.19,47.88,1,1,1.0
459,39,1804.40,669.77,89.35,116.73,1,1,1.0
459,90,1707.41,781.96,15.20,49.49,1,1,1.0
459,93,1565.95,90.39,60.86,99.64,1,1,1.0
459,101,1582.52,723.51,92.10,148.31,1,1,1.0
459,103,1532.88,872.26,9.45,39.04,1,1,1.0
459,104,1291.34,765.83,50.90,64.74,1,1,1.0
459,105,1463.89,803.85,17.48,38.75,1,1,1.0
459,106,1532.72,749.72,19.19,47.88,1,1,1.0
459,107,0.02,225.55,33.39,62.94,1,1,1.0
460,39,1827.87,687.13,88.45,105.02,1,1,1.0
460,90,1726.06,781.96,17.84,55.44,1,1,1.0
460,93,1587.48,89.57,60.90,101.99,1,1,1.0
460,101,1602.69,726.49,91.78,149.99,1,1,1.0
460,103,1552.12,877.81,9.44,39.05,1,1,1.0
460,104,1306.40,772.69,55.07,42.81,1,1,1.0
460,105,1483.84,809.02,17.48,32.48,1,1,1.0
460,106,1553.25,753.70,19.19,47.87,1,1,1.0
460,107,0.07,226.29,50.74,63.70,1,1,1.0
461,39,1872.10,694.81,47.90,112.57,1,1,1.0
461,90,1766.91,791.42,17.84,55.44,1,1,1.0
461,93,1626.70,91.14,61.32,101.89,1,1,1.0
461,101,1641.19,737.31,95.55,150.51,1,1,1.0
461,103,1589.31,888.07,9.44,39.05,1,1,1.0
461,104,1342.10,779.56,55.06,42.81,1,1,1.0
461,106,1591.65,760.98,19.19,47.88,1,1,1.0
461,107,0.03,224.58,87.00,64.55,1,1,1.0
462,90,1786.69,796.15,17.84,55.44,1,1,1.0
462,93,1649.86,92.10,58.00,101.39,1,1,1.0
462,101,1660.53,740.76,94.29,152.37,1,1,1.0
462,103,1608.54,890.21,9.45,39.89,1,1,1.0
462,104,1362.69,783.68,55.07,42.80,1,1,1.0
462,106,1609.53,763.63,19.19,47.87,1,1,1.0
462,107,7.68,226.00,95.41,61.48,1,1,1.0
463,90,1806.04,801.74,17.83,55.44,1,1,1.0
463,93,1667.48,92.66,59.47,102.34,1,1,1.0
463,101,1678.43,744.89,95.85,153.84,1,1,1.0
463,103,1625.64,896.20,9.45,39.88,1,1,1.0
463,104,1384.66,790.54,55.07,42.81,1,1,1.0
463,106,1627.41,771.57,19.19,47.88,1,1,1.0
463,107,27.04,226.12,92.47,61.85,1,1,1.0
464,90,1824.96,808.62,17.83,55.44,1,1,1.0
464,93,1686.59,93.93,58.73,104.38,1,1,1.0
464,101,1696.38,752.99,97.92,153.20,1,1,1.0
464,103,1641.46,899.19,9.44,39.89,1,1,1.0
464,104,1392.90,793.29,55.07,42.80,1,1,1.0
464,106,1645.95,776.87,19.19,47.88,1,1,1.0
464,107,42.44,227.09,94.12,61.40,1,1,1.0
465,90,1843.88,815.93,17.83,55.44,1,1,1.0
465,93,1702.87,94.59,62.23,105.34,1,1,1.0
465,101,1716.13,756.41,96.07,154.08,1,1,1.0
465,103,1659.84,901.75,9.44,46.75,1,1,1.0
465,104,1412.12,801.52,55.07,42.81,1,1,1.0
465,106,1660.51,781.51,23.87,47.87,1,1,1.0
465,107,62.22,228.37,89.48,61.84,1,1,1.0
466,90,1879.99,825.40,23.01,55.00,1,1,1.0
466,93,1741.26,95.78,62.50,106.39,1,1,1.0
466,101,1751.62,763.78,99.92,157.96,1,1,1.0
466,103,1693.18,914.58,9.45,46.74,1,1,1.0
466,104,1446.45,809.76,55.06,42.81,1,1,1.0
466,106,1696.27,788.79,23.86,47.87,1,1,1.0
466,107,92.98,228.22,91.53,63.30,1,1,1.0
467,90,1898.05,830.13,21.95,55.00,1,1,1.0
467,93,1760.63,94.85,61.72,105.38,1,1,1.0
467,101,1770.81,767.57,100.89,156.85,1,1,1.0
467,103,1708.14,917.14,14.16,48.46,1,1,1.0
467,104,1453.31,809.76,55.07,42.81,1,1,1.0
467,106,1714.81,790.80,25.89,49.84,1,1,1.0
467,107,108.73,227.85,90.91,62.44,1,1,1.0
468,93,1779.22,95.20,62.97,104.77,1,1,1.0
468,101,1787.33,771.10,102.69,157.94,1,1,1.0
468,103,1724.81,921.42,14.16,48.46,1,1,1.0
468,104,1480.51,809.76,66.49,52.74,1,1,1.0
468,106,1731.36,794.11,25.89,49.84,1,1,1.0
468,107,125.62,226.98,89.09,62.35,1,1,1.0
469,93,1799.19,96.15,61.71,106.57,1,1,1.0
469,101,1806.60,773.57,100.31,159.62,1,1,1.0
469,103,1741.91,923.98,14.16,50.12,1,1,1.0
469,104,1492.82,808.74,66.49,52.73,1,1,1.0
469,106,1748.58,795.44,25.89,49.83,1,1,1.0
469,107,140.74,226.93,88.98,61.81,1,1,1.0
470,93,1815.32,94.66,64.05,107.85,1,1,1.0
470,101,1823.66,777.79,96.01,160.78,1,1,1.0
470,103,1757.30,926.55,14.16,53.55,1,1,1.0
470,104,1507.80,807.03,77.08,64.97,1,1,1.0
470,106,1766.20,801.56,25.89,49.84,1,1,1.0
470,107,157.51,226.03,86.26,62.37,1,1,1.0
471,93,1850.07,96.47,63.86,106.39,1,1,1.0
471,101,1856.79,785.78,63.07,161.81,1,1,1.0
471,103,1789.36,934.67,14.16,53.55,1,1,1.0
471,104,1539.21,818.52,77.08,64.97,1,1,1.0
471,106,1789.56,806.93,25.90,49.83,1,1,1.0
471,107,185.09,225.72,84.60,60.90,1,1,1.0
472,93,1866.58,96.28,53.42,107.43,1,1,1.0
472,101,1873.49,784.95,46.51,166.85,1,1,1.0
472,103,1805.18,937.66,14.16,53.56,1,1,1.0
472,104,1556.06,821.59,77.08,64.96,1,1,1.0
472,106,1812.93,812.29,25.89,49.84,1,1,1.0
472,107,195.88,224.27,86.94,61.13,1,1,1.0
473,103,1819.71,940.23,14.16,53.55,1,1,1.0
473,104,1565.23,820.05,77.49,68.83,1,1,1.0
473,106,1829.02,814.84,25.89,49.84,1,1,1.0
473,107,207.10,222.64,89.17,62.16,1,1,1.0
474,103,1835.74,941.94,14.16,51.21,1,1,1.0
474,104,1574.40,818.52,77.90,72.68,1,1,1.0
474,106,1845.11,817.40,25.89,49.83,1,1,1.0
474,107,220.95,222.75,87.63,61.83,1,1,1.0
475,103,1851.78,943.65,14.15,48.86,1,1,1.0
475,104,1591.26,819.29,77.89,72.68,1,1,1.0
475,106,1861.20,819.95,25.89,49.84,1,1,1.0
475,107,234.08,222.68,87.45,60.94,1,1,1.0
476,40,1849.86,221.67,44.68,31.83,1,1,1.0
476,104,1620.40,816.99,78.63,108.71,1,1,1.0
476,106,1894.14,823.78,25.86,49.84,1,1,1.0
476,107,257.08,219.77,88.19,60.28,1,1,1.0
477,104,1631.12,818.52,78.63,108.71,1,1,1.0
477,106,1902.60,829.91,17.40,49.84,1,1,1.0
477,107,267.74,220.23,89.09,61.23,1,1,1.0
478,104,1639.55,818.52,78.63,108.71,1,1,1.0
478,107,280.62,220.52,87.72,58.92,1,1,1.0
479,104,1657.94,823.88,85.56,108.71,1,1,1.0
479,107,291.11,220.42,88.13,58.72,1,1,1.0
480,104,1669.43,827.71,85.56,108.71,1,1,1.0
480,107,305.87,219.90,83.88,59.29,1,1,1.0
481,104,1695.48,839.20,85.56,108.71,1,1,1.0
481,107,326.63,220.92,84.86,58.43,1,1,1.0
482,104,1707.73,842.27,85.56,108.71,1,1,1.0
482,107,337.64,220.34,83.14,59.42,1,1,1.0
483,104,1723.82,840.00,100.08,110.98,1,1,1.0
483,107,350.39,220.16,82.96,60.23,1,1,1.0
484,104,1731.48,843.83,100.08,110.98,1,1,1.0
484,107,363.24,220.48,80.77,59.87,1,1,1.0
485,104,1748.34,849.20,100.08,110.97,1,1,1.0
485,107,373.88,220.56,83.35,59.82,1,1,1.0
486,104,1781.28,855.32,100.08,110.98,1,1,1.0
486,107,399.61,218.72,83.35,59.82,1,1,1.0
487,104,1801.17,877.57,90.15,91.03,1,1,1.0
487,107,412.58,220.45,78.74,59.98,1,1,1.0
488,104,1821.86,882.93,90.14,91.03,1,1,1.0
488,107,424.20,221.28,79.20,59.89,1,1,1.0
489,104,1829.52,887.53,90.14,91.03,1,1,1.0
489,107,435.90,222.23,77.24,60.11,1,1,1.0
490,107,450.70,223.26,75.11,59.93,1,1,1.0
491,107,473.33,223.96,76.34,60.72,1,1,1.0
492,107,488.34,226.74,71.87,58.71,1,1,1.0
493,107,500.01,227.24,73.11,58.75,1,1,1.0
494,107,515.15,228.69,73.11,58.75,1,1,1.0
495,107,528.94,230.22,73.11,58.75,1,1,1.0
496,107,559.60,234.05,68.50,55.65,1,1,1.0
497,107,566.22,230.26,80.02,62.02,1,1,1.0
498,107,580.54,231.96,79.88,60.56,1,1,1.0
499,107,595.24,231.13,81.04,61.96,1,1,1.0
500,107,604.77,231.13,81.04,61.96,1,1,1.0
501,107,637.70,233.43,74.90,55.07,1,1,1.0
501,108,15.23,597.92,50.59,75.71,1,1,1.0
502,107,656.09,237.26,74.90,55.07,1,1,1.0
502,108,33.75,598.75,48.68,71.65,1,1,1.0
503,107,672.17,236.49,74.90,55.07,1,1,1.0
503,108,50.38,597.41,49.68,72.91,1,1,1.0
504,107,685.86,235.80,72.33,59.31,1,1,1.0
504,108,67.53,597.28,47.99,71.04,1,1,1.0
505,107,702.68,236.79,69.50,58.70,1,1,1.0
505,108,84.77,597.18,47.48,72.61,1,1,1.0
506,107,732.39,239.45,68.20,59.47,1,1,1.0
506,108,119.83,596.83,47.61,71.47,1,1,1.0
506,112,0.00,747.59,22.80,71.01,1,1,1.0
507,107,747.58,240.24,66.88,60.46,1,1,1.0
507,108,139.67,597.19,45.07,70.40,1,1,1.0
507,111,0.34,314.14,33.32,55.70,1,1,1.0
507,112,5.14,745.15,38.29,70.35,1,1,1.0
508,107,766.57,242.61,66.88,60.46,1,1,1.0
508,108,158.29,598.44,43.69,65.41,1,1,1.0
508,111,18.07,314.14,33.32,55.70,1,1,1.0
508,112,24.32,745.66,38.02,66.73,1,1,1.0
509,107,779.62,240.24,66.88,60.46,1,1,1.0
509,108,175.00,595.35,44.78,72.00,1,1,1.0
509,111,37.57,314.14,33.32,55.70,1,1,1.0
509,112,44.71,744.78,38.02,66.73,1,1,1.0
510,107,796.23,242.61,66.88,60.46,1,1,1.0
510,108,195.34,595.95,44.61,67.18,1,1,1.0
510,111,57.07,315.02,33.32,55.70,1,1,1.0
510,112,74.40,744.33,38.02,66.73,1,1,1.0
511,107,831.80,248.55,68.10,52.15,1,1,1.0
511,108,231.04,598.70,44.61,67.18,1,1,1.0
511,111,96.07,314.14,33.32,55.70,1,1,1.0
511,112,104.09,743.89,38.02,66.73,1,1,1.0
512,107,849.60,248.55,68.10,52.15,1,1,1.0
512,108,248.89,601.44,44.61,67.18,1,1,1.0
512,111,116.50,318.57,31.50,51.23,1,1,1.0
512,112,122.27,741.23,38.02,66.73,1,1,1.0
513,107,863.84,248.55,68.10,52.15,1,1,1.0
513,108,269.57,600.68,44.61,67.18,1,1,1.0
513,111,138.66,315.02,31.50,51.23,1,1,1.0
513,112,140.44,738.57,38.02,66.73,1,1,1.0
514,107,879.27,249.73,68.09,52.16,1,1,1.0
514,108,287.20,596.08,44.61,67.18,1,1,1.0
514,111,157.27,315.02,31.51,51.23,1,1,1.0
514,112,162.16,736.35,38.02,66.73,1,1,1.0
515,107,898.25,249.73,68.10,52.16,1,1,1.0
515,108,302.52,594.55,44.61,67.18,1,1,1.0
515,111,176.77,315.91,31.51,51.23,1,1,1.0
515,112,183.87,734.14,38.02,66.73,1,1,1.0
516,107,927.92,250.92,68.10,52.16,1,1,1.0
516,108,343.12,593.02,44.61,67.18,1,1,1.0
516,111,216.66,315.91,31.50,51.23,1,1,1.0
516,112,210.47,732.37,38.02,66.73,1,1,1.0
517,107,951.70,255.67,65.68,49.83,1,1,1.0
517,108,358.44,592.25,44.61,67.18,1,1,1.0
517,111,236.16,317.68,31.51,51.23,1,1,1.0
517,112,237.06,730.59,38.02,66.73,1,1,1.0
518,107,962.38,253.30,69.22,55.80,1,1,1.0
518,108,379.13,593.02,44.61,62.58,1,1,1.0
518,111,256.55,316.79,31.50,51.24,1,1,1.0
518,112,256.56,729.26,38.02,66.73,1,1,1.0
519,107,986.10,253.30,69.23,55.80,1,1,1.0
519,108,396.75,594.55,44.61,62.58,1,1,1.0
519,111,275.17,315.91,31.50,51.23,1,1,1.0
519,112,276.06,727.93,38.02,66.73,1,1,1.0
520,107,1003.90,252.11,69.23,55.80,1,1,1.0
520,108,413.60,594.55,44.61,62.58,1,1,1.0
520,111,296.44,315.91,31.50,51.23,1,1,1.0
520,112,305.63,727.27,34.64,65.70,1,1,1.0
521,107,1033.57,255.67,69.23,55.80,1,1,1.0
521,108,452.67,596.08,44.61,62.59,1,1,1.0
521,111,335.44,315.02,31.50,51.23,1,1,1.0
521,112,335.20,726.61,31.25,64.67,1,1,1.0
522,107,1059.63,259.23,64.57,55.77,1,1,1.0
522,108,471.06,593.78,44.61,62.59,1,1,1.0
522,111,355.83,317.68,31.50,51.23,1,1,1.0
522,112,351.55,727.15,31.86,63.87,1,1,1.0
523,107,1078.60,255.67,68.10,53.43,1,1,1.0
523,108,482.55,596.08,44.61,62.59,1,1,1.0
523,110,699.83,451.45,48.05,52.18,1,1,1.0
523,111,370.90,317.68,31.50,51.23,1,1,1.0
523,112,369.07,726.67,34.94,63.40,1,1,1.0
524,107,1080.97,258.04,68.10,53.43,1,1,1.0
524,108,509.83,595.11,37.51,58.90,1,1,1.0
524,110,714.12,450.54,48.06,52.17,1,1,1.0
524,111,388.62,318.57,31.51,51.23,1,1,1.0
524,112,387.57,726.37,31.82,65.10,1,1,1.0
524,113,21.89,599.95,25.29,51.40,1,1,1.0
525,107,1099.51,256.72,68.10,53.43,1,1,1.0
525,108,525.30,594.90,36.86,60.30,1,1,1.0
525,110,730.01,452.54,48.05,52.17,1,1,1.0
525,111,405.47,317.68,31.50,51.23,1,1,1.0
525,112,402.94,725.97,31.65,63.57,1,1,1.0
525,113,36.45,599.95,25.29,51.40,1,1,1.0
526,107,1129.97,257.38,68.10,53.43,1,1,1.0
526,108,551.35,596.43,36.86,60.30,1,1,1.0
526,110,745.89,454.54,48.05,52.18,1,1,1.0
526,111,430.30,316.79,34.15,54.81,1,1,1.0
526,112,428.65,726.86,31.65,63.57,1,1,1.0
526,113,67.09,595.35,25.29,51.40,1,1,1.0
527,107,1137.26,257.38,68.10,53.43,1,1,1.0
527,108,560.54,595.67,36.86,60.30,1,1,1.0
527,110,761.77,456.55,48.05,52.17,1,1,1.0
527,111,441.82,316.79,34.15,54.81,1,1,1.0
527,112,441.06,722.43,31.65,63.57,1,1,1.0
527,113,81.68,591.60,26.36,53.36,1,1,1.0
527,121,206.31,584.02,35.37,26.15,1,1,1.0
528,107,1148.51,258.71,68.10,53.43,1,1,1.0
528,108,572.80,595.67,36.86,60.30,1,1,1.0
528,110,777.65,458.55,48.05,52.17,1,1,1.0
528,111,454.23,318.57,34.15,54.80,1,1,1.0
528,112,452.54,723.80,32.76,64.55,1,1,1.0
528,113,93.48,591.87,25.29,51.40,1,1,1.0
528,120,848.06,384.02,27.39,54.79,1,1,1.0
528,121,216.69,584.02,35.37,26.14,1,1,1.0
529,107,1161.75,259.37,68.10,53.43,1,1,1.0
529,108,581.99,597.20,36.86,60.30,1,1,1.0
529,110,788.63,459.92,48.06,55.62,1,1,1.0
529,111,464.78,315.87,33.32,55.70,1,1,1.0
529,112,462.40,724.00,32.41,64.96,1,1,1.0
529,113,104.01,591.04,25.44,51.37,1,1,1.0
529,120,857.07,386.59,27.39,54.79,1,1,1.0
529,121,227.07,584.02,35.37,26.14,1,1,1.0
530,107,1173.01,260.69,68.10,53.43,1,1,1.0
530,108,592.71,595.67,36.86,60.30,1,1,1.0
530,110,799.62,461.30,48.06,59.05,1,1,1.0
530,111,473.79,316.02,33.48,55.65,1,1,1.0
530,112,471.61,724.86,31.23,64.41,1,1,1.0
530,113,112.77,591.79,27.54,50.99,1,1,1.0
530,120,866.08,387.88,27.39,54.79,1,1,1.0
530,121,242.07,585.56,35.37,26.14,1,1,1.0
531,107,1194.20,259.37,75.40,58.73,1,1,1.0
531,108,605.74,598.73,36.86,60.30,1,1,1.0
531,110,810.61,462.67,48.05,62.50,1,1,1.0
531,111,492.35,318.34,32.10,54.43,1,1,1.0
531,112,488.34,727.43,32.47,63.67,1,1,1.0
531,113,131.32,596.49,24.94,46.80,1,1,1.0
531,120,880.67,390.03,30.83,51.37,1,1,1.0
531,121,257.06,587.10,35.37,26.14,1,1,1.0
532,107,1201.26,260.69,75.40,58.73,1,1,1.0
532,108,620.99,599.87,31.38,55.31,1,1,1.0
532,110,821.60,464.04,48.05,65.94,1,1,1.0
532,111,500.99,319.32,30.56,55.60,1,1,1.0
532,112,496.77,729.27,31.61,63.13,1,1,1.0
532,113,139.76,596.28,25.96,48.27,1,1,1.0
532,120,889.68,390.03,30.83,51.37,1,1,1.0
532,121,265.69,586.35,33.91,26.35,1,1,1.0
533,107,1208.33,262.02,75.40,58.73,1,1,1.0
533,108,622.64,601.08,37.60,53.24,1,1,1.0
533,110,832.58,465.42,48.06,69.38,1,1,1.0
533,111,507.14,319.60,34.28,54.24,1,1,1.0
533,112,502.92,730.01,31.57,63.26,1,1,1.0
533,113,145.94,596.90,26.37,48.35,1,1,1.0
533,120,899.55,392.17,30.83,51.37,1,1,1.0
533,121,274.32,585.61,32.44,26.54,1,1,1.0
534,107,1215.39,263.34,75.40,58.73,1,1,1.0
534,108,630.30,604.91,37.60,53.24,1,1,1.0
534,110,841.74,467.13,48.05,69.39,1,1,1.0
534,111,514.85,321.23,32.14,53.49,1,1,1.0
534,112,510.28,731.96,32.69,62.29,1,1,1.0
534,113,153.60,598.20,26.77,48.37,1,1,1.0
534,120,906.41,392.60,30.84,51.37,1,1,1.0
534,121,280.48,586.52,32.31,26.35,1,1,1.0
535,107,1222.01,265.99,75.40,58.73,1,1,1.0
535,108,638.73,604.91,37.60,53.24,1,1,1.0
535,110,852.42,466.18,53.58,70.53,1,1,1.0
535,111,522.27,320.94,34.54,53.35,1,1,1.0
535,112,517.15,731.13,32.34,63.58,1,1,1.0
535,113,160.24,598.07,26.83,48.25,1,1,1.0
535,120,912.01,390.13,38.71,57.31,1,1,1.0
535,121,288.50,587.03,32.75,26.85,1,1,1.0
536,107,1255.80,267.31,60.15,52.09,1,1,1.0
536,108,654.05,606.44,37.60,53.24,1,1,1.0
536,110,863.10,465.23,59.10,71.68,1,1,1.0
536,111,539.44,321.54,32.53,53.12,1,1,1.0
536,112,533.70,732.26,32.97,63.39,1,1,1.0
536,113,177.73,596.15,26.57,49.53,1,1,1.0
536,120,930.67,389.15,40.27,58.04,1,1,1.0
536,121,307.68,586.59,30.08,25.77,1,1,1.0
537,107,1266.06,265.66,60.15,52.08,1,1,1.0
537,108,663.24,606.44,37.60,53.24,1,1,1.0
537,110,873.79,464.27,64.61,72.83,1,1,1.0
537,111,547.04,319.46,35.59,55.31,1,1,1.0
537,112,544.35,731.18,31.42,62.52,1,1,1.0
537,113,187.04,592.77,27.39,51.20,1,1,1.0
537,120,938.10,387.45,45.13,58.44,1,1,1.0
537,121,313.28,582.84,35.29,27.46,1,1,1.0
538,107,1276.33,264.00,60.15,52.09,1,1,1.0
538,108,675.78,602.27,31.98,52.36,1,1,1.0
538,110,882.46,461.46,63.60,78.17,1,1,1.0
538,111,558.65,317.01,33.03,55.41,1,1,1.0
538,112,553.16,729.08,33.05,63.98,1,1,1.0
538,113,196.69,590.33,26.33,51.62,1,1,1.0
538,120,949.18,383.64,46.50,60.83,1,1,1.0
538,121,322.15,579.51,35.29,27.46,1,1,1.0
539,108,682.06,601.67,34.00,52.44,1,1,1.0
539,110,891.13,458.65,62.59,83.52,1,1,1.0
539,111,567.55,315.53,33.03,55.41,1,1,1.0
539,112,561.95,726.39,32.08,64.90,1,1,1.0
539,113,206.18,584.52,25.02,54.22,1,1,1.0
539,120,957.38,382.62,46.50,60.83,1,1,1.0
539,121,333.23,577.30,35.29,27.46,1,1,1.0
540,108,693.55,600.14,34.00,52.44,1,1,1.0
540,110,899.80,455.85,61.58,88.85,1,1,1.0
540,111,576.95,311.57,33.03,55.41,1,1,1.0
540,112,573.13,723.17,31.78,66.19,1,1,1.0
540,113,216.92,584.08,25.51,50.98,1,1,1.0
540,120,965.59,383.64,46.50,53.66,1,1,1.0
540,121,341.29,574.42,35.29,27.46,1,1,1.0
541,108,713.47,595.54,34.00,52.44,1,1,1.0
541,110,912.82,453.74,59.67,88.85,1,1,1.0
541,111,597.72,306.13,33.03,55.41,1,1,1.0
541,112,591.72,717.67,32.93,65.96,1,1,1.0
541,113,236.15,577.63,23.96,50.77,1,1,1.0
541,120,992.26,380.57,46.50,53.65,1,1,1.0
541,121,364.33,568.08,35.29,27.46,1,1,1.0
542,108,724.19,594.01,34.00,52.44,1,1,1.0
542,110,925.85,451.63,57.74,88.86,1,1,1.0
542,111,606.65,307.02,33.75,52.73,1,1,1.0
542,112,603.45,716.30,31.23,64.90,1,1,1.0
542,113,246.36,570.39,26.77,55.89,1,1,1.0
542,120,1003.54,376.46,46.50,53.66,1,1,1.0
542,121,376.13,566.64,35.29,27.46,1,1,1.0
543,108,731.09,590.18,34.00,52.44,1,1,1.0
543,110,938.87,449.52,55.83,88.86,1,1,1.0
543,111,617.41,302.63,33.61,53.98,1,1,1.0
543,112,611.68,713.26,33.18,65.94,1,1,1.0
543,113,256.19,570.43,25.92,53.61,1,1,1.0
543,120,1008.66,373.39,46.50,53.65,1,1,1.0
543,121,387.64,562.90,35.29,27.46,1,1,1.0
544,108,740.28,593.24,34.00,47.86,1,1,1.0
544,110,951.90,447.42,53.90,88.85,1,1,1.0
544,111,626.69,300.98,31.67,51.60,1,1,1.0
544,112,620.81,710.76,32.02,67.18,1,1,1.0
544,113,265.50,568.69,23.74,51.42,1,1,1.0
544,120,1020.97,374.41,46.50,53.66,1,1,1.0
544,121,396.00,562.63,31.51,23.13,1,1,1.0
545,108,748.71,593.24,34.00,47.86,1,1,1.0
545,110,966.07,445.89,53.90,88.85,1,1,1.0
545,111,635.56,300.09,31.67,51.60,1,1,1.0
545,112,630.84,709.14,32.20,65.91,1,1,1.0
545,113,274.71,565.83,26.95,52.62,1,1,1.0
545,120,1026.10,373.39,46.50,50.61,1,1,1.0
545,121,408.66,559.47,31.52,23.12,1,1,1.0
546,108,768.60,590.18,29.43,47.86,1,1,1.0
546,110,980.24,444.35,53.91,88.86,1,1,1.0
546,111,654.17,297.44,31.67,51.60,1,1,1.0
546,112,649.37,703.81,31.84,68.37,1,1,1.0
546,113,294.47,563.08,23.42,47.05,1,1,1.0
546,120,1054.82,377.49,46.50,39.31,1,1,1.0
546,121,429.82,553.79,31.51,23.12,1,1,1.0
547,108,777.79,590.18,29.43,43.22,1,1,1.0
547,110,986.48,444.08,58.32,87.72,1,1,1.0
547,111,664.29,294.53,31.71,52.23,1,1,1.0
547,112,658.71,703.65,32.27,65.42,1,1,1.0
547,113,302.93,555.55,25.67,54.10,1,1,1.0
547,120,1058.92,371.34,53.68,50.56,1,1,1.0
547,121,435.79,547.22,31.51,23.13,1,1,1.0
548,108,742.40,562.30,76.31,68.04,1,1,1.0
548,110,994.03,445.17,60.11,85.12,1,1,1.0
548,111,674.01,290.81,34.12,53.28,1,1,1.0
548,112,667.20,701.16,31.72,65.63,1,1,1.0
548,113,311.57,553.62,24.97,53.54,1,1,1.0
548,120,1071.23,368.26,53.68,50.56,1,1,1.0
548,121,445.94,544.24,31.51,23.12,1,1,1.0
549,108,750.90,555.40,76.24,74.94,1,1,1.0
549,110,1005.47,444.05,59.90,85.70,1,1,1.0
549,111,681.86,289.33,33.73,55.15,1,1,1.0
549,112,677.23,700.54,31.16,64.06,1,1,1.0
549,113,321.67,552.22,25.68,52.17,1,1,1.0
549,120,1081.48,366.21,53.68,50.56,1,1,1.0
549,121,454.29,540.66,31.51,26.14,1,1,1.0
550,108,760.00,558.80,76.33,70.77,1,1,1.0
550,110,1015.68,442.71,58.43,85.56,1,1,1.0
550,111,692.50,287.56,33.73,55.15,1,1,1.0
550,112,685.30,698.64,33.53,65.11,1,1,1.0
550,113,330.79,548.23,25.67,54.20,1,1,1.0
550,120,1094.81,366.21,45.49,45.39,1,1,1.0
550,121,465.64,540.06,31.50,26.14,1,1,1.0
551,108,780.00,553.30,76.25,66.30,1,1,1.0
551,110,1034.14,439.63,58.43,85.56,1,1,1.0
551,111,711.11,284.90,33.73,55.15,1,1,1.0
551,112,705.75,697.09,32.27,64.95,1,1,1.0
551,113,351.78,546.34,25.05,52.80,1,1,1.0
551,121,485.34,534.69,31.50,26.14,1,1,1.0
552,108,790.70,547.80,76.28,71.80,1,1,1.0
552,110,1045.42,438.61,58.43,85.56,1,1,1.0
552,111,722.63,284.90,33.73,55.15,1,1,1.0
552,112,714.93,694.41,33.35,67.35,1,1,1.0
552,113,361.86,545.85,24.04,51.51,1,1,1.0
552,121,496.68,533.49,29.72,30.31,1,1,1.0
552,122,21.89,414.58,30.38,59.82,1,1,1.0
553,108,793.50,547.80,73.48,71.80,1,1,1.0
553,110,1054.65,438.61,58.43,85.56,1,1,1.0
553,111,733.27,285.79,33.73,55.15,1,1,1.0
553,112,726.29,695.09,30.94,65.94,1,1,1.0
553,113,371.80,544.04,23.48,51.65,1,1,1.0
553,121,509.22,531.11,29.72,30.30,1,1,1.0
553,122,33.25,412.90,32.10,59.10,1,1,1.0
554,108,801.90,548.20,80.40,75.20,1,1,1.0
554,110,1067.98,441.68,58.43,85.56,1,1,1.0
554,111,743.02,285.79,33.73,55.15,1,1,1.0
554,112,736.64,694.75,31.64,65.54,1,1,1.0
554,113,382.53,540.30,24.98,55.63,1,1,1.0
554,121,516.98,528.72,29.72,30.30,1,1,1.0
554,122,45.89,405.51,31.74,63.36,1,1,1.0
555,108,812.80,546.80,81.76,76.60,1,1,1.0
555,110,1080.29,442.71,58.43,85.56,1,1,1.0
555,111,758.97,285.34,33.73,55.15,1,1,1.0
555,112,745.81,693.45,32.83,66.62,1,1,1.0
555,113,392.32,541.25,25.99,54.19,1,1,1.0
555,121,528.32,529.91,29.72,30.31,1,1,1.0
556,108,833.70,550.20,80.44,72.46,1,1,1.0
556,109,980.64,148.50,40.29,50.37,1,1,1.0
556,110,1103.88,442.71,58.43,85.56,1,1,1.0
556,111,774.93,284.90,33.73,55.15,1,1,1.0
556,112,768.74,693.49,31.66,66.41,1,1,1.0
556,113,414.65,538.86,24.76,55.52,1,1,1.0
556,121,550.41,526.93,29.72,30.30,1,1,1.0
556,122,82.72,395.72,31.56,66.79,1,1,1.0
557,108,845.20,546.80,80.40,70.70,1,1,1.0
557,109,991.01,147.41,37.83,53.30,1,1,1.0
557,110,1114.14,442.71,58.43,85.56,1,1,1.0
557,111,785.57,284.90,33.73,55.15,1,1,1.0
557,112,779.24,692.59,33.76,67.20,1,1,1.0
557,113,426.49,539.43,25.45,52.98,1,1,1.0
557,121,562.35,525.73,29.72,30.31,1,1,1.0
557,122,96.56,398.92,32.20,60.99,1,1,1.0
558,108,857.50,548.10,78.40,65.97,1,1,1.0
558,109,1000.22,148.62,40.66,53.55,1,1,1.0
558,110,1125.42,442.71,58.43,85.56,1,1,1.0
558,111,797.09,284.01,33.73,55.15,1,1,1.0
558,112,789.70,692.92,34.49,67.04,1,1,1.0
558,113,436.45,540.96,25.45,52.98,1,1,1.0
558,121,574.89,526.92,29.72,30.31,1,1,1.0
558,122,108.74,382.03,33.80,82.51,1,1,1.0
559,108,868.80,549.50,78.43,64.57,1,1,1.0
559,109,1009.72,150.92,43.63,53.17,1,1,1.0
559,110,1139.78,443.73,58.43,85.56,1,1,1.0
559,111,808.61,283.12,33.73,55.15,1,1,1.0
559,112,801.64,694.13,32.78,66.99,1,1,1.0
559,113,448.71,541.73,25.45,52.98,1,1,1.0
559,120,1206.02,420.47,51.23,72.42,1,1,1.0
559,121,586.23,526.33,29.72,30.30,1,1,1.0
559,122,121.14,379.21,35.95,80.88,1,1,1.0
560,108,875.70,553.60,71.53,60.47,1,1,1.0
560,109,1022.01,151.48,42.02,54.06,1,1,1.0
560,110,1151.00,450.40,57.80,80.22,1,1,1.0
560,111,827.67,284.90,33.73,55.15,1,1,1.0
560,112,815.17,695.96,30.23,65.91,1,1,1.0
560,113,459.43,542.49,25.45,52.98,1,1,1.0
560,120,1222.43,424.58,51.23,72.42,1,1,1.0
560,121,598.17,526.92,29.72,30.31,1,1,1.0
560,122,143.88,380.16,35.57,76.47,1,1,1.0
561,108,906.02,556.36,71.53,60.47,1,1,1.0
561,109,1043.66,156.87,42.44,50.62,1,1,1.0
561,110,1175.50,451.06,57.80,80.22,1,1,1.0
561,111,846.73,286.67,33.73,55.15,1,1,1.0
561,112,839.44,696.99,32.60,66.06,1,1,1.0
561,113,486.65,538.62,24.91,53.33,1,1,1.0
561,120,1246.01,420.47,60.49,77.53,1,1,1.0
561,121,628.03,528.12,29.71,30.31,1,1,1.0
561,122,166.62,381.11,35.19,72.06,1,1,1.0
562,108,914.43,552.42,74.17,64.48,1,1,1.0
562,109,1055.63,156.91,44.06,51.43,1,1,1.0
562,110,1190.73,453.05,57.80,80.22,1,1,1.0
562,111,860.91,286.97,33.73,55.15,1,1,1.0
562,112,851.08,696.31,33.49,66.51,1,1,1.0
562,113,499.39,537.03,25.69,54.09,1,1,1.0
562,115,3.45,376.49,20.59,56.29,1,1,1.0
562,120,1259.35,420.47,60.48,77.53,1,1,1.0
562,121,635.79,525.73,29.72,30.31,1,1,1.0
562,122,181.96,375.70,33.87,76.51,1,1,1.0
563,108,929.05,555.07,74.17,64.49,1,1,1.0
563,109,1068.27,157.97,45.21,52.57,1,1,1.0
563,110,1205.29,453.05,57.81,80.22,1,1,1.0
563,111,875.10,287.26,33.73,55.15,1,1,1.0
563,112,864.51,697.35,32.99,66.49,1,1,1.0
563,113,512.28,538.15,25.49,53.70,1,1,1.0
563,115,24.96,375.57,21.27,56.29,1,1,1.0
563,116,70.76,433.18,34.56,50.13,1,1,1.0
563,120,1276.78,420.47,60.49,77.53,1,1,1.0
563,121,653.70,525.73,29.72,30.31,1,1,1.0
563,122,194.42,377.87,33.69,75.98,1,1,1.0
564,108,941.02,555.07,74.16,64.49,1,1,1.0
564,109,1079.94,160.77,44.57,52.51,1,1,1.0
564,110,1215.89,457.02,57.80,80.22,1,1,1.0
564,111,889.28,287.56,33.73,55.15,1,1,1.0
564,112,878.13,698.05,33.51,67.21,1,1,1.0
564,113,525.30,540.45,25.49,53.70,1,1,1.0
564,115,46.47,374.66,21.95,56.29,1,1,1.0
564,116,85.80,433.54,34.76,50.15,1,1,1.0
564,120,1292.17,422.53,60.48,77.52,1,1,1.0
564,121,665.64,526.33,29.72,30.31,1,1,1.0
564,122,211.04,379.92,30.21,64.53,1,1,1.0
565,108,955.64,557.73,74.16,64.49,1,1,1.0
565,109,1093.80,164.31,45.25,50.99,1,1,1.0
565,110,1243.70,465.60,51.84,71.64,1,1,1.0
565,111,910.99,288.89,33.73,55.15,1,1,1.0
565,112,892.51,699.20,34.05,66.83,1,1,1.0
565,113,540.62,541.22,25.50,53.70,1,1,1.0
565,115,67.98,373.74,22.63,56.29,1,1,1.0
565,116,101.65,431.71,35.43,52.04,1,1,1.0
565,120,1308.58,422.53,60.48,77.52,1,1,1.0
565,121,679.37,526.93,29.72,30.31,1,1,1.0
565,122,230.03,383.48,30.21,64.53,1,1,1.0
566,108,989.53,559.06,74.17,64.49,1,1,1.0
566,109,1124.02,167.41,44.27,52.56,1,1,1.0
566,110,1276.14,462.29,51.84,80.21,1,1,1.0
566,111,932.71,290.22,33.73,55.15,1,1,1.0
566,112,923.67,700.94,35.49,67.76,1,1,1.0
566,113,574.33,540.45,25.49,53.70,1,1,1.0
566,115,89.49,372.83,23.31,56.29,1,1,1.0
566,116,134.47,432.73,35.43,52.04,1,1,1.0
566,117,0.00,372.51,26.92,91.99,1,1,1.0
566,120,1344.47,426.63,60.49,77.52,1,1,1.0
566,121,712.80,526.93,29.72,30.31,1,1,1.0
566,122,265.63,381.11,30.20,64.53,1,1,1.0
567,108,1005.48,560.39,74.17,64.49,1,1,1.0
567,109,1139.10,169.96,47.39,51.86,1,1,1.0
567,110,1294.68,462.95,51.84,80.21,1,1,1.0
567,111,950.44,290.81,33.73,55.15,1,1,1.0
567,112,941.85,702.24,35.22,67.59,1,1,1.0
567,113,592.72,538.92,25.49,53.70,1,1,1.0
567,115,111.00,371.91,23.99,56.29,1,1,1.0
567,116,149.85,431.71,35.43,52.04,1,1,1.0
567,117,0.00,369.80,47.50,94.69,1,1,1.0
567,120,1362.93,427.65,60.49,77.53,1,1,1.0
567,121,727.73,525.14,29.72,30.30,1,1,1.0
567,122,285.80,382.29,30.21,64.53,1,1,1.0
568,108,1021.43,561.72,74.17,64.48,1,1,1.0
568,109,1155.24,171.08,48.64,51.60,1,1,1.0
568,110,1312.56,462.95,51.84,80.21,1,1,1.0
568,111,968.17,291.40,33.73,55.15,1,1,1.0
568,112,959.83,703.12,35.27,68.23,1,1,1.0
568,113,608.04,537.38,25.49,53.70,1,1,1.0
568,115,132.51,371.00,24.67,56.29,1,1,1.0
568,116,174.47,434.79,35.43,52.04,1,1,1.0
568,117,10.98,361.56,58.52,96.04,1,1,1.0
568,120,1382.42,431.76,60.49,77.52,1,1,1.0
568,121,746.24,524.54,29.71,30.31,1,1,1.0
568,122,309.53,381.11,30.21,64.53,1,1,1.0
569,108,1040.04,563.05,74.17,64.48,1,1,1.0
569,109,1172.84,171.18,47.54,52.70,1,1,1.0
569,111,985.89,291.99,33.73,55.15,1,1,1.0
569,112,978.88,704.75,33.02,67.86,1,1,1.0
569,113,628.73,539.68,25.49,53.70,1,1,1.0
569,115,162.71,368.25,24.68,56.29,1,1,1.0
569,116,195.49,435.81,35.43,52.04,1,1,1.0
569,117,28.83,364.31,58.52,96.04,1,1,1.0
569,120,1400.88,431.76,60.49,77.52,1,1,1.0
569,121,766.54,526.33,29.71,30.31,1,1,1.0
569,122,332.08,379.92,30.21,64.53,1,1,1.0
570,109,1191.31,173.61,46.17,51.91,1,1,1.0
570,111,1007.17,291.10,33.73,55.15,1,1,1.0
570,112,995.80,707.83,33.02,67.86,1,1,1.0
570,113,647.88,539.68,23.22,53.70,1,1,1.0
570,115,192.92,365.50,24.67,56.30,1,1,1.0
570,116,216.52,436.84,35.43,52.04,1,1,1.0
570,117,50.80,365.68,58.52,96.04,1,1,1.0
570,120,1425.50,433.81,60.48,77.52,1,1,1.0
570,121,785.64,524.54,29.72,30.31,1,1,1.0
570,122,354.62,377.55,30.21,64.53,1,1,1.0
571,41,-0.00,410.92,40.05,65.72,1,1,1.0
571,109,1229.00,176.54,48.55,53.83,1,1,1.0
571,111,1047.36,295.24,33.73,55.15,1,1,1.0
571,112,1037.34,708.85,33.02,67.86,1,1,1.0
571,113,689.08,539.68,20.38,53.70,1,1,1.0
571,115,223.12,362.76,24.68,56.29,1,1,1.0
571,116,245.23,436.84,35.43,52.04,1,1,1.0
571,117,94.74,365.68,58.51,96.04,1,1,1.0
571,120,1464.47,435.86,73.83,80.64,1,1,1.0
571,121,818.47,524.54,29.72,30.31,1,1,1.0
571,122,389.04,375.77,30.20,64.53,1,1,1.0
572,109,1248.48,178.27,48.37,54.52,1,1,1.0
572,111,1067.59,295.39,33.73,55.15,1,1,1.0
572,112,1055.80,708.85,33.02,67.86,1,1,1.0
572,113,709.11,538.54,20.37,53.70,1,1,1.0
572,115,253.33,360.01,24.68,56.30,1,1,1.0
572,116,273.95,436.84,35.43,52.04,1,1,1.0
572,117,117.39,368.43,61.29,89.18,1,1,1.0
572,120,1484.76,437.24,67.66,83.68,1,1,1.0
572,121,839.81,525.00,38.19,35.90,1,1,1.0
572,122,423.45,373.99,30.21,64.53,1,1,1.0
573,109,1267.70,181.02,48.37,54.52,1,1,1.0
573,111,1087.83,295.54,33.73,55.15,1,1,1.0
573,112,1076.31,718.08,33.02,67.86,1,1,1.0
573,113,729.71,540.83,18.69,53.70,1,1,1.0
573,115,284.35,359.79,24.68,56.29,1,1,1.0
573,116,292.41,436.32,35.43,52.04,1,1,1.0
573,117,140.04,371.17,64.06,82.33,1,1,1.0
573,120,1507.74,439.56,67.47,84.12,1,1,1.0
573,121,839.81,525.00,38.19,35.90,1,1,1.0
573,122,446.00,372.21,30.20,64.53,1,1,1.0
574,109,1286.93,183.76,48.37,54.52,1,1,1.0
574,111,1105.56,299.97,33.73,55.15,1,1,1.0
574,112,1096.82,718.08,33.02,67.86,1,1,1.0
574,113,749.74,541.40,18.69,53.70,1,1,1.0
574,115,315.38,359.57,24.67,56.29,1,1,1.0
574,116,310.87,435.81,35.43,52.04,1,1,1.0
574,117,161.33,371.86,64.05,82.33,1,1,1.0
574,120,1530.58,442.69,66.35,82.63,1,1,1.0
574,121,864.55,524.90,37.68,35.47,1,1,1.0
574,122,468.54,370.43,30.21,64.53,1,1,1.0
575,109,1304.77,183.76,48.37,54.52,1,1,1.0
575,111,1129.94,296.87,33.73,55.15,1,1,1.0
575,112,1118.36,718.08,33.02,67.86,1,1,1.0
575,113,771.49,541.40,18.69,53.70,1,1,1.0
575,115,346.40,359.35,24.68,56.29,1,1,1.0
575,116,343.18,435.81,35.43,52.04,1,1,1.0
575,117,182.61,372.55,64.05,82.32,1,1,1.0
575,120,1552.66,445.38,68.57,82.98,1,1,1.0
575,121,889.29,524.79,37.16,35.05,1,1,1.0
575,122,501.18,371.02,30.20,64.53,1,1,1.0
576,42,134.73,411.61,43.14,67.89,1,1,1.0
576,109,1348.71,186.51,48.37,54.52,1,1,1.0
576,111,1172.04,299.08,33.73,55.15,1,1,1.0
576,112,1160.41,720.13,33.02,67.86,1,1,1.0
576,113,810.98,543.12,18.68,53.70,1,1,1.0
576,115,377.43,359.13,24.67,56.29,1,1,1.0
576,116,375.48,435.81,35.43,52.04,1,1,1.0
576,117,227.23,373.92,64.05,82.33,1,1,1.0
576,120,1597.96,446.48,72.31,84.65,1,1,1.0
576,121,914.03,524.69,36.65,34.62,1,1,1.0
576,122,533.81,371.61,30.21,64.53,1,1,1.0
577,42,153.80,410.46,48.82,68.68,1,1,1.0
577,109,1372.05,187.88,48.37,54.52,1,1,1.0
577,111,1191.98,300.85,33.73,55.15,1,1,1.0
577,112,1181.95,719.11,33.02,67.86,1,1,1.0
577,113,828.72,544.26,18.68,53.70,1,1,1.0
577,115,398.70,357.80,24.68,56.29,1,1,1.0
577,116,397.02,436.32,35.43,52.04,1,1,1.0
577,117,249.47,371.59,58.93,85.48,1,1,1.0
577,120,1618.29,447.31,74.28,86.42,1,1,1.0
577,121,938.78,524.59,36.13,34.18,1,1,1.0
577,122,554.58,371.02,30.20,64.53,1,1,1.0
578,42,177.61,412.24,44.87,66.67,1,1,1.0
578,109,1391.27,189.26,48.37,54.52,1,1,1.0
578,111,1211.93,302.63,33.73,55.15,1,1,1.0
578,112,1198.36,721.16,33.02,67.86,1,1,1.0
578,113,848.17,545.40,18.69,53.70,1,1,1.0
578,115,419.97,356.47,24.68,56.29,1,1,1.0
578,116,418.56,436.84,35.43,52.04,1,1,1.0
578,117,272.90,371.01,57.48,85.92,1,1,1.0
578,120,1641.51,447.99,74.21,88.27,1,1,1.0
578,121,963.52,524.48,35.61,33.76,1,1,1.0
578,122,575.34,370.43,30.21,64.53,1,1,1.0
579,109,1409.12,190.63,48.37,54.52,1,1,1.0
579,111,1232.31,302.18,33.73,55.15,1,1,1.0
579,112,1220.92,725.26,33.02,67.86,1,1,1.0
579,113,867.06,543.69,18.68,53.70,1,1,1.0
579,115,441.25,355.14,24.67,56.29,1,1,1.0
579,116,438.55,439.40,33.39,47.94,1,1,1.0
579,117,293.49,371.01,57.48,85.92,1,1,1.0
579,120,1665.36,448.24,74.72,89.55,1,1,1.0
579,121,988.26,524.38,35.10,33.33,1,1,1.0
579,122,597.30,369.83,30.20,64.54,1,1,1.0
580,109,1432.29,189.97,48.37,54.52,1,1,1.0
580,111,1252.70,301.74,33.73,55.15,1,1,1.0
580,112,1237.33,727.30,34.07,68.90,1,1,1.0
580,113,885.94,544.26,18.69,53.70,1,1,1.0
580,115,462.52,353.81,24.68,56.29,1,1,1.0
580,116,458.55,441.97,31.33,43.83,1,1,1.0
580,117,314.09,371.01,57.48,85.92,1,1,1.0
580,120,1689.08,449.61,74.72,90.00,1,1,1.0
580,121,1013.00,524.27,34.58,32.91,1,1,1.0
580,122,619.25,369.24,30.21,64.53,1,1,1.0
581,109,1468.70,193.94,46.39,50.56,1,1,1.0
581,111,1291.70,302.63,33.73,55.15,1,1,1.0
581,112,1282.46,727.30,34.07,68.90,1,1,1.0
581,113,922.71,544.30,20.79,54.09,1,1,1.0
581,115,493.10,352.04,24.68,56.29,1,1,1.0
581,116,489.83,441.97,31.34,43.83,1,1,1.0
581,117,355.28,366.89,57.48,85.92,1,1,1.0
581,120,1736.03,448.86,74.96,93.86,1,1,1.0
581,121,1037.74,524.17,34.07,32.48,1,1,1.0
581,122,658.41,364.50,30.21,64.53,1,1,1.0
582,109,1487.24,194.60,46.39,50.56,1,1,1.0
582,111,1312.09,302.63,33.73,55.15,1,1,1.0
582,112,1296.82,728.33,34.07,68.89,1,1,1.0
582,113,941.94,543.87,20.80,54.09,1,1,1.0
582,115,523.68,350.26,24.68,56.30,1,1,1.0
582,116,521.11,441.97,31.34,43.83,1,1,1.0
582,117,373.13,369.64,57.48,85.92,1,1,1.0
582,120,1758.37,447.99,76.15,95.89,1,1,1.0
582,121,1062.48,524.06,33.56,32.06,1,1,1.0
582,122,678.58,365.09,30.21,64.53,1,1,1.0
583,109,1506.00,193.94,49.48,55.66,1,1,1.0
583,111,1330.70,299.97,33.73,55.15,1,1,1.0
583,112,1316.57,726.88,38.15,69.43,1,1,1.0
583,113,959.04,543.87,20.80,54.09,1,1,1.0
583,115,544.51,350.26,24.68,56.30,1,1,1.0
583,116,537.01,443.00,31.33,43.82,1,1,1.0
583,117,395.89,371.45,55.02,82.63,1,1,1.0
583,120,1783.07,448.60,74.59,95.32,1,1,1.0
583,121,1087.22,523.96,33.04,31.62,1,1,1.0
583,122,698.76,365.68,30.20,64.53,1,1,1.0
584,109,1524.50,192.62,51.51,55.68,1,1,1.0
584,111,1351.97,299.97,33.73,55.15,1,1,1.0
584,112,1336.17,727.54,36.07,70.09,1,1,1.0
584,113,977.43,541.74,20.79,54.08,1,1,1.0
584,115,565.35,350.26,24.67,56.30,1,1,1.0
584,116,552.90,444.02,31.34,43.83,1,1,1.0
584,117,415.68,371.05,53.77,82.69,1,1,1.0
584,120,1808.89,449.66,73.46,96.90,1,1,1.0
584,121,1111.96,523.86,32.53,31.19,1,1,1.0
584,122,722.09,362.96,30.21,64.53,1,1,1.0
585,109,1545.40,193.28,48.49,58.72,1,1,1.0
585,111,1369.70,297.30,39.10,57.82,1,1,1.0
585,112,1354.63,728.57,36.07,70.09,1,1,1.0
585,113,994.52,541.31,20.80,54.09,1,1,1.0
585,115,595.48,347.60,24.68,56.30,1,1,1.0
585,116,580.60,443.51,31.33,43.83,1,1,1.0
585,117,433.93,370.86,54.40,83.15,1,1,1.0
585,120,1830.58,449.21,75.01,98.36,1,1,1.0
585,121,1136.70,523.75,32.02,30.77,1,1,1.0
585,122,745.43,360.24,30.21,64.53,1,1,1.0
586,109,1579.00,196.59,54.61,47.21,1,1,1.0
586,111,1410.48,297.30,39.10,57.82,1,1,1.0
586,112,1395.65,730.62,36.07,70.09,1,1,1.0
586,113,1032.14,542.59,20.79,54.09,1,1,1.0
586,115,625.62,344.95,24.68,56.29,1,1,1.0
586,116,608.29,443.00,31.33,43.82,1,1,1.0
586,117,473.75,365.37,54.40,83.15,1,1,1.0
586,120,1878.80,452.29,41.20,98.36,1,1,1.0
586,121,1161.44,523.65,31.50,30.34,1,1,1.0
586,122,768.77,357.52,30.20,64.53,1,1,1.0
587,109,1602.70,193.94,49.45,50.36,1,1,1.0
587,111,1429.98,297.30,39.10,57.82,1,1,1.0
587,112,1411.04,727.54,41.16,70.09,1,1,1.0
587,113,1049.67,541.31,20.79,54.08,1,1,1.0
587,115,646.45,341.40,24.68,56.29,1,1,1.0
587,116,626.75,441.46,31.33,43.83,1,1,1.0
587,117,491.60,366.05,54.40,83.15,1,1,1.0
587,121,1186.18,523.54,30.99,29.92,1,1,1.0
587,122,792.10,354.81,30.21,64.53,1,1,1.0
588,109,1624.40,193.94,51.59,53.36,1,1,1.0
588,111,1448.59,296.41,39.10,57.82,1,1,1.0
588,112,1432.93,728.80,40.22,72.01,1,1,1.0
588,113,1066.77,540.02,20.79,54.09,1,1,1.0
588,115,667.28,337.85,24.68,56.30,1,1,1.0
588,116,645.21,439.92,31.33,43.83,1,1,1.0
588,117,509.45,366.74,54.40,83.15,1,1,1.0
588,121,1210.92,523.44,30.47,29.49,1,1,1.0
588,122,815.44,352.09,30.21,64.53,1,1,1.0
589,109,1647.90,191.95,52.59,52.55,1,1,1.0
589,111,1469.87,292.87,39.09,57.82,1,1,1.0
589,112,1452.30,729.11,37.67,70.89,1,1,1.0
589,113,1086.43,540.02,20.79,54.09,1,1,1.0
589,115,686.34,337.41,24.67,56.29,1,1,1.0
589,116,661.62,438.38,31.33,43.83,1,1,1.0
589,117,528.21,364.91,54.40,83.15,1,1,1.0
589,121,1235.66,523.34,29.96,29.05,1,1,1.0
589,122,838.78,349.37,30.20,64.53,1,1,1.0
590,109,1665.20,189.97,50.52,56.63,1,1,1.0
590,111,1486.71,292.87,39.10,57.82,1,1,1.0
590,112,1471.98,726.56,37.63,72.76,1,1,1.0
590,113,1100.97,538.88,20.79,54.09,1,1,1.0
590,115,705.40,336.97,24.67,56.29,1,1,1.0
590,116,678.03,436.84,31.33,43.83,1,1,1.0
590,117,546.98,363.08,54.40,83.15,1,1,1.0
590,121,1260.41,523.23,29.44,28.63,1,1,1.0
590,122,863.70,349.81,30.20,64.53,1,1,1.0
591,109,1693.50,188.64,55.33,52.76,1,1,1.0
591,111,1525.71,286.66,39.10,57.82,1,1,1.0
591,112,1507.70,725.36,40.47,72.49,1,1,1.0
591,113,1136.88,536.03,20.79,54.09,1,1,1.0
591,115,731.10,331.65,24.68,56.29,1,1,1.0
591,116,701.10,434.79,31.34,43.83,1,1,1.0
591,117,573.98,361.25,54.40,83.15,1,1,1.0
591,121,1285.15,523.13,28.92,28.20,1,1,1.0
591,122,888.62,350.26,30.20,64.53,1,1,1.0
592,109,1719.20,184.67,48.17,53.83,1,1,1.0
592,111,1543.44,286.66,39.10,57.82,1,1,1.0
592,112,1527.09,722.48,40.25,72.81,1,1,1.0
592,113,1151.84,535.32,20.79,54.09,1,1,1.0
592,115,756.81,326.33,24.67,56.29,1,1,1.0
592,116,724.18,432.74,31.34,43.83,1,1,1.0
592,118,592.02,361.12,54.94,81.96,1,1,1.0
592,121,1309.89,523.02,28.41,27.78,1,1,1.0
592,122,904.34,347.59,30.21,64.53,1,1,1.0
593,43,1666.82,528.97,47.12,32.30,1,1,1.0
593,109,1738.69,185.69,48.16,53.84,1,1,1.0
593,111,1561.17,286.66,39.09,57.82,1,1,1.0
593,112,1546.07,723.54,38.33,72.03,1,1,1.0
593,113,1167.22,532.76,20.80,54.09,1,1,1.0
593,115,774.09,321.01,24.68,56.29,1,1,1.0
593,116,742.46,430.56,29.39,47.11,1,1,1.0
593,118,608.37,359.58,55.58,81.84,1,1,1.0
593,121,1332.08,520.25,28.41,27.77,1,1,1.0
593,122,920.07,344.92,30.20,64.53,1,1,1.0
594,43,1686.12,525.49,48.89,34.53,1,1,1.0
594,109,1759.20,181.59,48.17,53.83,1,1,1.0
594,111,1579.13,278.34,45.27,61.12,1,1,1.0
594,112,1565.40,723.20,39.15,73.00,1,1,1.0
594,113,1185.18,531.90,20.79,54.09,1,1,1.0
594,115,791.38,315.69,24.67,56.30,1,1,1.0
594,116,757.34,430.98,29.11,45.13,1,1,1.0
594,118,624.66,358.02,54.02,81.43,1,1,1.0
594,121,1344.51,516.79,28.42,27.78,1,1,1.0
594,122,935.79,342.25,30.20,64.53,1,1,1.0
595,109,1772.53,181.59,48.17,53.83,1,1,1.0
595,111,1594.85,277.93,45.88,61.20,1,1,1.0
595,112,1581.99,721.54,39.95,72.14,1,1,1.0
595,113,1199.71,531.05,20.79,54.09,1,1,1.0
595,115,814.87,313.92,24.67,56.29,1,1,1.0
595,116,771.52,430.37,29.57,43.30,1,1,1.0
595,118,639.13,357.03,54.78,81.15,1,1,1.0
595,121,1363.85,516.79,28.42,27.78,1,1,1.0
595,122,951.51,339.58,30.21,64.53,1,1,1.0
596,109,1814.58,175.44,48.17,53.83,1,1,1.0
596,111,1630.50,273.72,45.64,60.28,1,1,1.0
596,112,1615.11,719.03,41.85,73.43,1,1,1.0
596,113,1227.53,524.47,30.07,53.07,1,1,1.0
596,115,838.36,312.15,24.67,56.29,1,1,1.0
596,116,800.35,422.76,29.76,49.36,1,1,1.0
596,118,669.13,352.69,53.95,82.40,1,1,1.0
596,121,1396.32,511.96,28.41,27.78,1,1,1.0
596,122,985.97,340.64,27.67,58.68,1,1,1.0
597,109,1830.99,174.41,48.17,53.83,1,1,1.0
597,111,1648.68,271.63,45.16,60.81,1,1,1.0
597,112,1634.86,719.92,39.94,72.66,1,1,1.0
597,113,1242.25,521.96,30.84,54.24,1,1,1.0
597,115,854.32,308.60,24.67,56.29,1,1,1.0
597,116,813.31,422.23,30.55,49.53,1,1,1.0
597,118,682.89,352.65,54.41,81.43,1,1,1.0
597,121,1410.13,509.89,31.17,31.21,1,1,1.0
597,122,999.73,339.62,29.66,57.05,1,1,1.0
598,109,1849.45,175.43,48.17,53.84,1,1,1.0
598,111,1665.81,270.48,45.16,60.03,1,1,1.0
598,112,1652.38,718.95,40.56,74.12,1,1,1.0
598,113,1257.24,522.01,30.17,53.46,1,1,1.0
598,115,870.27,305.05,24.68,56.30,1,1,1.0
598,116,825.91,419.55,31.75,51.22,1,1,1.0
598,118,696.81,352.53,54.55,80.76,1,1,1.0
598,121,1426.71,509.20,31.17,31.21,1,1,1.0
598,122,1015.69,338.13,25.58,59.94,1,1,1.0
599,109,1864.84,173.38,48.16,53.83,1,1,1.0
599,111,1681.46,268.87,49.33,60.21,1,1,1.0
599,112,1668.53,719.05,41.11,74.54,1,1,1.0
599,113,1272.84,522.00,30.35,51.47,1,1,1.0
599,115,884.45,303.73,24.68,56.29,1,1,1.0
599,116,839.39,419.36,31.69,50.42,1,1,1.0
599,118,711.63,350.85,52.83,82.03,1,1,1.0
599,121,1442.60,509.20,31.17,31.21,1,1,1.0
599,122,1028.58,335.53,25.63,57.91,1,1,1.0
600,109,1881.25,173.38,38.75,53.83,1,1,1.0
600,111,1698.56,269.10,48.85,58.21,1,1,1.0
600,112,1685.73,718.69,41.59,74.74,1,1,1.0
600,113,1286.94,519.16,31.04,53.74,1,1,1.0
600,115,898.64,302.40,24.67,56.29,1,1,1.0
600,116,852.91,421.30,31.63,48.80,1,1,1.0
600,118,725.06,350.39,53.21,81.25,1,1,1.0
600,121,1459.87,507.81,31.17,31.22,1,1,1.0
600,122,1041.47,332.93,25.69,55.89,1,1,1.0
601,111,1732.08,268.07,45.47,55.18,1,1,1.0
601,112,1716.92,717.11,43.62,76.33,1,1,1.0
601,113,1314.36,515.95,29.07,54.79,1,1,1.0
601,115,918.58,299.29,24.68,56.30,1,1,1.0
601,116,878.32,417.71,30.56,49.95,1,1,1.0
601,118,749.62,348.28,53.88,81.63,1,1,1.0
601,121,1490.96,504.36,31.16,31.21,1,1,1.0
601,122,1072.39,331.19,25.74,53.86,1,1,1.0
602,111,1745.08,264.94,47.30,57.25,1,1,1.0
602,112,1732.75,717.17,43.65,75.88,1,1,1.0
602,113,1327.26,515.56,29.68,54.24,1,1,1.0
602,115,938.53,296.19,24.67,56.29,1,1,1.0
602,116,892.06,420.78,28.49,46.14,1,1,1.0
602,118,761.80,347.48,53.45,81.12,1,1,1.0
602,121,1502.70,502.29,31.16,31.21,1,1,1.0
602,122,1083.38,329.05,25.79,52.41,1,1,1.0
603,44,1877.59,907.28,30.73,76.44,1,1,1.0
603,111,1760.81,262.79,46.66,58.87,1,1,1.0
603,112,1747.34,717.32,44.19,76.38,1,1,1.0
603,113,1340.14,516.15,30.18,52.37,1,1,1.0
603,115,949.61,295.31,24.67,56.29,1,1,1.0
603,116,899.34,413.81,32.56,52.99,1,1,1.0
603,118,772.47,345.61,54.62,82.83,1,1,1.0
603,121,1517.89,501.60,31.17,31.21,1,1,1.0
603,122,1095.07,326.45,27.92,54.59,1,1,1.0
604,44,1892.62,904.49,27.38,80.34,1,1,1.0
604,111,1774.88,260.71,46.76,60.27,1,1,1.0
604,112,1761.91,717.78,44.62,76.60,1,1,1.0
604,113,1352.89,515.29,29.65,52.38,1,1,1.0
604,115,960.69,294.42,24.67,56.29,1,1,1.0
604,116,912.20,419.09,29.85,47.08,1,1,1.0
604,118,784.77,346.37,52.59,81.86,1,1,1.0
604,121,1528.95,500.91,31.16,31.21,1,1,1.0
604,122,1107.65,324.36,26.24,58.51,1,1,1.0
605,111,1790.84,258.05,46.76,60.27,1,1,1.0
605,112,1775.97,717.98,45.90,77.39,1,1,1.0
605,113,1364.06,516.31,28.99,51.20,1,1,1.0
605,115,977.08,292.65,24.68,56.29,1,1,1.0
605,116,922.94,417.94,28.97,47.19,1,1,1.0
605,118,795.08,346.08,52.15,81.44,1,1,1.0
605,121,1544.83,500.91,31.17,31.21,1,1,1.0
605,122,1119.73,321.27,26.66,60.34,1,1,1.0
606,111,1815.66,256.28,46.76,60.27,1,1,1.0
606,112,1802.98,717.73,44.90,76.03,1,1,1.0
606,113,1386.22,513.67,29.68,53.11,1,1,1.0
606,115,993.48,290.88,24.68,56.29,1,1,1.0
606,116,941.64,415.85,29.23,48.11,1,1,1.0
606,118,813.80,343.40,52.42,82.41,1,1,1.0
606,121,1569.70,498.84,31.16,31.21,1,1,1.0
606,122,1140.36,319.40,25.96,56.36,1,1,1.0
607,45,735.84,402.09,38.50,45.60,1,1,1.0
607,111,1830.72,252.73,46.76,60.27,1,1,1.0
607,112,1815.45,716.31,44.65,77.14,1,1,1.0
607,113,1397.20,510.64,31.76,54.46,1,1,1.0
607,114,1447.73,513.19,26.26,49.60,1,1,1.0
607,115,1002.79,286.89,24.68,56.29,1,1,1.0
607,116,951.64,415.87,28.79,46.52,1,1,1.0
607,118,822.51,343.52,52.62,79.77,1,1,1.0
607,121,1581.44,496.76,31.17,31.22,1,1,1.0
607,122,1150.31,315.26,27.53,56.89,1,1,1.0
608,111,1841.36,251.85,46.76,60.27,1,1,1.0
608,112,1825.90,714.95,45.08,76.25,1,1,1.0
608,113,1405.19,511.11,32.62,53.02,1,1,1.0
608,114,1456.79,510.48,26.07,51.68,1,1,1.0
608,115,1012.10,282.90,24.67,56.29,1,1,1.0
608,116,957.35,415.03,31.06,46.68,1,1,1.0
608,118,830.92,339.59,52.84,82.52,1,1,1.0
608,121,1591.11,494.00,34.19,34.90,1,1,1.0
608,122,1161.53,312.41,27.03,58.62,1,1,1.0
609,111,1851.11,248.30,46.76,60.27,1,1,1.0
609,112,1837.03,714.51,44.39,75.97,1,1,1.0
609,113,1415.41,510.02,31.06,51.97,1,1,1.0
609,114,1465.80,509.66,25.81,51.73,1,1,1.0
609,115,1020.96,281.13,24.68,56.29,1,1,1.0
609,116,965.72,415.26,30.47,45.07,1,1,1.0
609,118,837.88,339.39,53.37,81.47,1,1,1.0
609,121,1598.87,491.02,34.19,34.90,1,1,1.0
609,122,1167.79,312.18,27.08,55.71,1,1,1.0
610,46,755.49,404.75,39.74,38.93,1,1,1.0
610,111,1860.86,246.53,46.76,60.27,1,1,1.0
610,112,1849.13,713.37,44.56,79.53,1,1,1.0
610,113,1423.49,509.91,32.11,51.09,1,1,1.0
610,114,1475.07,509.66,25.81,51.73,1,1,1.0
610,115,1029.82,279.35,24.68,56.30,1,1,1.0
610,116,972.60,411.94,30.29,48.13,1,1,1.0
610,118,845.62,337.92,53.08,82.49,1,1,1.0
610,121,1607.83,489.22,34.19,34.90,1,1,1.0
610,122,1177.27,310.90,25.19,55.10,1,1,1.0
611,46,769.25,403.80,39.94,38.63,1,1,1.0
611,111,1880.36,245.64,39.64,60.27,1,1,1.0
611,112,1867.37,711.97,44.35,75.79,1,1,1.0
611,113,1439.69,507.97,31.83,50.79,1,1,1.0
611,114,1490.96,509.00,25.81,51.73,1,1,1.0
611,115,1047.29,284.46,19.15,41.03,1,1,1.0
611,116,987.98,413.43,28.32,44.69,1,1,1.0
611,118,859.40,337.03,51.97,81.76,1,1,1.0
611,121,1625.74,488.63,34.19,34.90,1,1,1.0
611,122,1193.11,307.63,25.45,56.72,1,1,1.0
612,46,775.17,401.74,42.82,40.42,1,1,1.0
612,47,1311.76,369.68,22.66,34.38,1,1,1.0
612,111,1887.46,244.75,32.54,60.27,1,1,1.0
612,112,1876.75,710.66,43.25,79.95,1,1,1.0
612,113,1446.69,507.12,30.49,50.28,1,1,1.0
612,114,1498.72,506.87,26.66,51.06,1,1,1.0
612,115,1051.65,282.89,22.37,47.02,1,1,1.0
612,116,991.77,408.96,32.16,49.13,1,1,1.0
612,118,865.10,336.98,53.84,81.15,1,1,1.0
612,121,1635.29,487.44,34.19,34.90,1,1,1.0
612,122,1199.07,304.33,25.35,58.03,1,1,1.0
613,46,781.53,403.54,38.57,38.16,1,1,1.0
613,47,1318.36,368.33,21.76,34.35,1,1,1.0
613,111,1898.09,244.75,21.91,60.27,1,1,1.0
613,112,1886.31,711.49,33.69,78.72,1,1,1.0
613,113,1454.85,502.52,32.31,54.23,1,1,1.0
613,114,1506.64,506.71,24.48,48.70,1,1,1.0
613,115,1060.07,281.58,19.62,42.41,1,1,1.0
613,116,995.93,406.86,33.03,50.57,1,1,1.0
613,118,871.78,336.04,52.15,81.32,1,1,1.0
613,119,0.00,120.78,20.10,36.86,1,1,1.0
613,121,1643.05,485.05,34.19,34.90,1,1,1.0
613,122,1206.76,305.00,24.30,55.96,1,1,1.0
614,46,788.87,403.29,39.80,38.18,1,1,1.0
614,47,1325.72,366.90,22.08,35.77,1,1,1.0
614,111,1907.84,243.87,12.16,60.27,1,1,1.0
614,112,1895.41,686.90,24.59,104.92,1,1,1.0
614,113,1461.81,503.38,30.15,53.49,1,1,1.0
614,114,1514.16,506.87,25.72,48.81,1,1,1.0
614,115,1067.16,278.04,19.62,42.41,1,1,1.0
614,116,1002.29,405.06,33.48,52.24,1,1,1.0
614,118,878.00,335.83,53.38,81.53,1,1,1.0
614,119,7.00,121.21,22.80,36.32,1,1,1.0
614,121,1650.81,485.64,34.19,34.90,1,1,1.0
614,122,1213.84,301.76,24.98,56.52,1,1,1.0
615,46,794.96,403.01,38.43,37.78,1,1,1.0
615,113,1469.60,501.02,31.31,54.25,1,1,1.0
615,114,1521.42,505.51,27.31,48.28,1,1,1.0
615,115,1073.37,278.04,19.62,42.41,1,1,1.0
615,116,1011.88,408.63,29.88,47.64,1,1,1.0
615,118,884.44,334.85,52.60,81.31,1,1,1.0
615,119,14.39,121.00,21.69,35.47,1,1,1.0
615,121,1657.39,486.24,35.97,28.36,1,1,1.0
615,122,1221.75,299.79,24.78,55.97,1,1,1.0
616,46,806.96,398.04,40.68,41.28,1,1,1.0
616,48,1346.75,362.78,22.22,34.68,1,1,1.0
616,113,1485.12,499.78,31.38,53.16,1,1,1.0
616,114,1531.01,504.37,27.31,48.28,1,1,1.0
616,115,1087.55,271.83,19.62,42.41,1,1,1.0
616,116,1024.46,405.61,30.50,49.78,1,1,1.0
616,118,895.98,332.64,53.65,82.48,1,1,1.0
616,119,29.34,121.25,21.72,35.71,1,1,1.0
616,121,1675.90,483.85,35.97,33.15,1,1,1.0
616,122,1234.97,296.18,26.11,57.02,1,1,1.0
617,46,812.05,396.59,40.44,41.59,1,1,1.0
617,48,1354.27,362.00,22.92,34.90,1,1,1.0
617,113,1491.82,498.71,31.35,54.43,1,1,1.0
617,114,1540.59,503.22,27.31,48.28,1,1,1.0
617,115,1094.64,271.83,19.62,42.41,1,1,1.0
617,116,1031.32,404.37,29.07,49.44,1,1,1.0
617,118,903.28,332.08,52.01,81.74,1,1,1.0
617,119,36.55,121.57,22.50,36.13,1,1,1.0
617,121,1686.64,480.87,32.96,33.15,1,1,1.0
617,122,1243.21,294.66,25.77,56.28,1,1,1.0
618,46,818.92,396.01,42.64,41.98,1,1,1.0
618,48,1362.13,360.86,21.42,34.70,1,1,1.0
618,113,1499.54,496.19,32.90,56.30,1,1,1.0
618,114,1550.18,502.08,27.31,48.28,1,1,1.0
618,115,1102.55,271.83,19.62,42.41,1,1,1.0
618,116,1034.32,402.52,31.89,51.42,1,1,1.0
618,118,908.19,330.51,54.39,83.22,1,1,1.0
618,119,43.56,120.98,21.65,36.08,1,1,1.0
618,121,1695.00,480.27,32.96,33.15,1,1,1.0
618,122,1252.36,293.41,25.60,55.41,1,1,1.0
619,46,825.03,394.17,40.11,43.25,1,1,1.0
619,48,1369.33,359.50,22.82,35.37,1,1,1.0
619,113,1507.72,495.52,30.36,56.44,1,1,1.0
619,114,1559.76,500.93,27.31,48.28,1,1,1.0
619,115,1110.47,270.35,19.62,42.41,1,1,1.0
619,116,1041.87,403.84,30.14,49.21,1,1,1.0
619,118,914.85,331.12,53.27,80.99,1,1,1.0
619,119,50.09,121.97,22.58,35.85,1,1,1.0
619,121,1703.96,478.48,32.95,33.15,1,1,1.0
619,122,1259.85,292.92,24.14,55.45,1,1,1.0
620,46,831.15,393.75,39.67,42.65,1,1,1.0
620,113,1516.12,493.24,32.06,57.13,1,1,1.0
620,114,1570.06,499.64,27.31,48.28,1,1,1.0
620,115,1119.37,267.38,19.62,42.41,1,1,1.0
620,116,1048.39,403.08,29.49,49.17,1,1,1.0
620,118,921.03,327.72,53.34,84.23,1,1,1.0
620,119,57.20,121.06,21.50,36.00,1,1,1.0
620,121,1712.91,477.88,32.96,33.15,1,1,1.0
620,122,1268.59,291.46,24.23,53.50,1,1,1.0
621,46,842.96,390.45,40.10,44.71,1,1,1.0
621,49,1392.26,356.44,21.24,34.21,1,1,1.0
621,113,1531.80,494.21,30.30,55.18,1,1,1.0
621,114,1580.36,498.36,27.31,48.28,1,1,1.0
621,115,1134.70,264.91,19.62,42.41,1,1,1.0
621,116,1061.10,401.88,29.01,49.37,1,1,1.0
621,118,933.83,325.80,52.78,84.55,1,1,1.0
621,119,66.71,121.13,21.69,36.16,1,1,1.0
621,121,1733.21,473.71,32.96,33.14,1,1,1.0
621,122,1285.56,287.46,23.72,55.48,1,1,1.0
622,46,848.67,389.00,42.33,44.52,1,1,1.0
622,49,1400.17,354.53,21.80,34.98,1,1,1.0
622,113,1539.93,492.11,29.31,55.72,1,1,1.0
622,114,1590.66,497.07,27.31,48.28,1,1,1.0
622,115,1142.12,261.44,19.62,42.41,1,1,1.0
622,116,1066.44,401.95,29.46,47.70,1,1,1.0
622,118,939.67,326.47,53.82,83.25,1,1,1.0
622,119,76.21,121.21,21.88,36.32,1,1,1.0
622,121,1738.58,471.92,32.96,33.14,1,1,1.0
622,122,1290.91,286.86,26.12,53.98,1,1,1.0
623,46,855.08,388.63,40.40,44.71,1,1,1.0
623,49,1407.09,353.30,21.76,34.84,1,1,1.0
623,113,1547.18,491.98,31.31,54.64,1,1,1.0
623,114,1600.96,495.78,27.31,48.28,1,1,1.0
623,115,1148.55,259.96,19.62,42.41,1,1,1.0
623,116,1073.29,400.64,28.78,48.49,1,1,1.0
623,118,946.25,325.51,52.10,82.58,1,1,1.0
623,119,85.72,121.28,22.07,36.48,1,1,1.0
623,121,1747.54,471.32,32.95,33.14,1,1,1.0
623,122,1299.60,282.31,24.76,56.32,1,1,1.0
624,46,861.21,387.22,40.44,44.82,1,1,1.0
624,49,1413.83,348.26,23.01,38.41,1,1,1.0
624,113,1554.25,489.00,31.23,56.42,1,1,1.0
624,114,1609.60,494.83,27.31,48.28,1,1,1.0
624,115,1156.47,257.98,19.62,42.41,1,1,1.0
624,116,1077.62,400.48,30.63,47.83,1,1,1.0
624,118,951.52,322.68,53.53,84.85,1,1,1.0
624,119,91.85,121.73,22.44,37.64,1,1,1.0
624,121,1758.29,469.53,32.95,33.14,1,1,1.0
624,122,1305.69,282.10,27.07,54.47,1,1,1.0
625,46,866.39,384.98,41.47,47.33,1,1,1.0
625,113,1563.10,490.25,30.58,55.07,1,1,1.0
625,114,1618.23,493.87,27.31,48.28,1,1,1.0
625,115,1164.38,256.00,19.62,42.41,1,1,1.0
625,116,1085.35,401.55,30.09,47.05,1,1,1.0
625,118,957.97,324.38,53.46,82.29,1,1,1.0
625,119,100.12,121.34,22.03,37.11,1,1,1.0
625,121,1765.45,468.33,32.95,33.15,1,1,1.0
625,122,1315.64,280.65,25.28,55.89,1,1,1.0
626,46,878.98,381.97,41.61,48.87,1,1,1.0
626,113,1579.53,486.05,29.66,57.90,1,1,1.0
626,114,1633.73,488.63,27.31,48.28,1,1,1.0
626,115,1176.99,253.28,19.62,42.41,1,1,1.0
626,116,1096.30,398.32,31.03,48.11,1,1,1.0
626,118,970.21,322.77,54.55,82.40,1,1,1.0
626,119,113.91,121.82,21.95,36.90,1,1,1.0
626,121,1785.75,464.75,32.95,33.15,1,1,1.0
626,122,1331.25,280.59,26.33,52.54,1,1,1.0
627,46,885.48,381.31,39.20,48.27,1,1,1.0
627,113,1587.67,485.60,30.61,57.80,1,1,1.0
627,114,1641.07,487.02,27.86,52.36,1,1,1.0
627,115,1189.61,250.56,19.62,42.41,1,1,1.0
627,116,1103.80,393.58,29.54,51.17,1,1,1.0
627,118,978.17,320.75,51.92,82.93,1,1,1.0
627,119,120.42,122.51,21.41,36.53,1,1,1.0
627,121,1793.51,464.15,32.96,33.15,1,1,1.0
627,122,1339.07,271.65,27.11,57.68,1,1,1.0
628,46,892.20,378.54,40.85,50.95,1,1,1.0
628,113,1596.53,485.49,29.80,55.25,1,1,1.0
628,114,1649.30,484.99,28.71,54.33,1,1,1.0
628,115,1197.27,246.85,19.62,42.41,1,1,1.0
628,116,1107.11,393.08,33.37,51.38,1,1,1.0
628,118,983.34,319.40,53.85,83.41,1,1,1.0
628,119,128.11,121.82,22.65,36.67,1,1,1.0
628,121,1803.06,461.76,32.96,33.15,1,1,1.0
628,122,1348.14,269.30,25.64,57.67,1,1,1.0
629,46,899.20,377.99,38.26,49.58,1,1,1.0
629,113,1604.83,483.16,31.02,56.21,1,1,1.0
629,114,1659.42,483.19,25.43,52.98,1,1,1.0
629,115,1204.94,243.14,19.62,42.41,1,1,1.0
629,116,1116.28,394.62,30.16,48.98,1,1,1.0
629,118,990.17,318.80,53.48,82.80,1,1,1.0
629,119,137.79,121.76,23.10,36.92,1,1,1.0
629,121,1812.62,459.97,32.95,33.15,1,1,1.0
629,122,1357.34,270.14,24.13,53.89,1,1,1.0
630,46,905.20,375.84,40.15,51.53,1,1,1.0
630,113,1611.63,482.18,30.77,56.61,1,1,1.0
630,114,1666.67,479.72,26.91,55.68,1,1,1.0
630,115,1212.36,242.15,19.62,42.41,1,1,1.0
630,116,1124.04,393.43,29.34,49.29,1,1,1.0
630,118,996.54,318.36,54.14,82.93,1,1,1.0
630,119,147.48,121.70,23.55,37.16,1,1,1.0
630,121,1823.96,458.78,32.95,33.15,1,1,1.0
630,122,1365.34,267.07,25.79,54.52,1,1,1.0
631,46,918.22,372.13,40.39,53.26,1,1,1.0
631,50,1485.66,336.47,21.30,35.35,1,1,1.0
631,113,1630.61,479.67,31.25,55.05,1,1,1.0
631,114,1684.18,478.92,26.71,53.27,1,1,1.0
631,115,1223.74,239.54,19.62,42.41,1,1,1.0
631,116,1137.43,393.14,29.33,47.65,1,1,1.0
631,118,1010.95,315.65,52.95,83.84,1,1,1.0
631,119,157.16,121.64,24.00,37.41,1,1,1.0
631,121,1842.47,455.20,32.95,33.14,1,1,1.0
631,122,1383.13,263.17,26.79,53.99,1,1,1.0
632,46,924.29,370.03,41.19,54.27,1,1,1.0
632,50,1493.63,332.76,24.96,38.27,1,1,1.0
632,113,1640.34,480.70,30.61,52.62,1,1,1.0
632,114,1692.99,477.95,29.92,53.67,1,1,1.0
632,115,1235.12,236.93,19.62,42.41,1,1,1.0
632,116,1144.13,392.64,30.85,47.92,1,1,1.0
632,118,1016.64,313.30,55.00,84.52,1,1,1.0
632,119,165.28,122.13,21.54,36.96,1,1,1.0
632,121,1853.51,452.81,32.96,33.15,1,1,1.0
632,122,1392.24,256.50,24.67,58.97,1,1,1.0
633,46,931.65,368.46,40.31,55.35,1,1,1.0
633,50,1502.30,332.46,23.78,37.31,1,1,1.0
633,113,1648.53,476.25,33.65,56.03,1,1,1.0
633,114,1702.53,475.85,27.94,54.50,1,1,1.0
633,115,1246.51,234.32,19.62,42.41,1,1,1.0
633,116,1151.03,390.03,29.90,49.48,1,1,1.0
633,118,1024.00,310.97,55.30,86.33,1,1,1.0
633,119,172.73,121.45,22.90,37.06,1,1,1.0
633,121,1864.56,450.42,32.95,33.15,1,1,1.0
633,122,1402.15,255.14,25.19,58.13,1,1,1.0
634,46,938.05,366.47,41.92,56.70,1,1,1.0
634,50,1511.51,331.51,22.61,36.89,1,1,1.0
634,113,1658.24,475.45,30.68,55.95,1,1,1.0
634,114,1712.66,474.63,28.14,53.90,1,1,1.0
634,115,1257.89,231.70,19.62,42.41,1,1,1.0
634,116,1159.08,390.33,29.20,48.31,1,1,1.0
634,118,1030.84,311.87,55.30,84.17,1,1,1.0
634,119,180.50,122.28,21.53,36.38,1,1,1.0
634,121,1874.41,449.82,32.95,33.15,1,1,1.0
634,122,1410.95,254.50,26.80,57.00,1,1,1.0
635,46,945.59,367.26,40.25,55.46,1,1,1.0
635,113,1669.48,475.92,29.55,54.63,1,1,1.0
635,114,1723.53,473.48,28.14,53.90,1,1,1.0
635,115,1269.27,229.09,19.62,42.41,1,1,1.0
635,116,1166.29,388.21,29.27,49.45,1,1,1.0
635,118,1039.50,310.56,53.43,85.07,1,1,1.0
635,119,188.61,121.99,22.24,36.32,1,1,1.0
635,121,1884.26,449.23,32.95,33.14,1,1,1.0
635,122,1420.65,252.07,26.90,57.84,1,1,1.0
636,46,959.96,364.96,39.74,57.17,1,1,1.0
636,51,1540.30,330.16,21.52,35.01,1,1,1.0
636,113,1687.73,471.29,30.42,57.65,1,1,1.0
636,114,1742.99,472.91,28.14,53.90,1,1,1.0
636,115,1280.66,226.48,19.62,42.41,1,1,1.0
636,116,1181.58,389.43,28.47,47.43,1,1,1.0
636,118,1053.23,309.19,53.43,85.07,1,1,1.0
636,119,204.90,122.24,22.04,36.78,1,1,1.0
636,122,1440.73,250.40,24.83,56.60,1,1,1.0
637,46,966.28,362.74,42.20,58.44,1,1,1.0
637,51,1547.19,327.64,25.25,38.83,1,1,1.0
637,113,1696.75,470.90,32.33,58.71,1,1,1.0
637,114,1753.29,472.91,28.14,53.90,1,1,1.0
637,115,1292.04,223.87,19.62,42.41,1,1,1.0
637,116,1187.23,386.65,30.70,49.68,1,1,1.0
637,118,1061.47,309.19,53.43,85.07,1,1,1.0
637,119,211.31,122.53,21.73,36.36,1,1,1.0
637,122,1450.13,251.02,27.09,54.95,1,1,1.0
638,46,974.23,362.40,40.55,57.94,1,1,1.0
638,113,1707.79,470.72,32.00,58.66,1,1,1.0
638,114,1763.59,471.20,28.14,53.90,1,1,1.0
638,115,1303.42,221.25,19.62,42.41,1,1,1.0
638,116,1197.27,385.14,27.73,50.20,1,1,1.0
638,118,1068.33,309.19,53.43,85.07,1,1,1.0
638,119,220.43,121.54,21.15,36.97,1,1,1.0
638,122,1461.02,246.01,26.43,58.15,1,1,1.0
639,46,981.69,361.57,41.14,58.43,1,1,1.0
639,113,1717.91,468.36,30.83,58.09,1,1,1.0
639,114,1773.89,470.62,28.14,53.90,1,1,1.0
639,115,1314.81,218.64,19.62,42.41,1,1,1.0
639,116,1204.20,387.31,28.71,47.87,1,1,1.0
639,118,1077.94,307.81,53.43,85.07,1,1,1.0
639,119,227.62,122.41,21.77,37.46,1,1,1.0
639,122,1470.64,242.09,26.53,60.36,1,1,1.0
640,46,988.57,359.89,41.50,58.97,1,1,1.0
640,113,1728.95,471.05,31.08,55.08,1,1,1.0
640,114,1784.19,470.05,28.14,53.90,1,1,1.0
640,115,1326.19,216.03,19.62,42.41,1,1,1.0
640,116,1212.21,386.87,28.56,47.23,1,1,1.0
640,118,1087.55,306.44,53.43,85.07,1,1,1.0
640,119,236.36,121.63,21.44,38.18,1,1,1.0
640,122,1480.01,241.44,27.97,60.75,1,1,1.0
641,46,1003.53,356.30,40.57,61.34,1,1,1.0
641,113,1747.81,466.23,29.33,56.73,1,1,1.0
641,114,1799.64,470.34,28.14,53.90,1,1,1.0
641,115,1337.57,213.42,19.62,42.41,1,1,1.0
641,116,1226.49,385.29,29.54,47.42,1,1,1.0
641,118,1097.16,305.07,53.43,85.07,1,1,1.0
641,119,247.98,121.69,21.98,37.75,1,1,1.0
641,122,1500.32,237.31,26.92,58.85,1,1,1.0
642,46,1010.49,354.23,43.02,62.40,1,1,1.0
642,52,1604.43,318.41,23.55,37.94,1,1,1.0
642,53,128.28,42.24,19.76,29.14,1,1,1.0
642,113,1758.16,465.40,31.88,56.84,1,1,1.0
642,114,1815.10,470.62,28.14,53.90,1,1,1.0
642,115,1348.96,210.80,19.62,42.41,1,1,1.0
642,116,1233.62,384.44,31.54,47.33,1,1,1.0
642,118,1106.78,303.69,53.43,85.07,1,1,1.0
642,119,259.60,121.76,22.51,37.31,1,1,1.0
642,122,1508.45,236.69,28.99,57.79,1,1,1.0
643,46,1016.53,354.16,43.21,60.64,1,1,1.0
643,113,1766.84,463.94,34.23,57.82,1,1,1.0
643,114,1824.25,468.91,28.14,53.90,1,1,1.0
643,115,1360.34,208.19,19.62,42.41,1,1,1.0
643,116,1239.07,379.71,33.27,51.58,1,1,1.0
643,118,1113.07,304.19,55.43,83.67,1,1,1.0
643,119,267.41,120.82,20.95,36.82,1,1,1.0
643,122,1518.06,229.82,29.60,61.87,1,1,1.0
644,46,1024.63,351.56,42.69,63.53,1,1,1.0
644,113,1777.20,462.65,31.35,58.39,1,1,1.0
644,114,1835.12,466.04,28.14,53.90,1,1,1.0
644,115,1371.72,205.58,19.62,42.41,1,1,1.0
644,116,1245.29,377.87,34.26,51.09,1,1,1.0
644,118,1120.48,301.77,56.39,83.81,1,1,1.0
644,119,275.25,120.17,22.73,38.77,1,1,1.0
644,122,1527.41,229.89,28.13,60.09,1,1,1.0
645,46,1031.08,352.02,42.38,62.27,1,1,1.0
645,113,1786.88,463.15,32.54,56.91,1,1,1.0
645,114,1850.29,464.90,28.14,53.90,1,1,1.0
645,115,1383.11,202.97,19.62,42.41,1,1,1.0
645,116,1255.61,378.02,30.99,51.24,1,1,1.0
645,118,1128.22,299.45,54.96,85.33,1,1,1.0
645,119,283.66,120.51,19.94,37.18,1,1,1.0
645,122,1536.98,229.57,29.17,59.00,1,1,1.0
646,46,1044.33,348.22,43.92,63.72,1,1,1.0
646,54,1649.79,311.48,25.86,39.57,1,1,1.0
646,113,1806.05,460.09,33.22,59.19,1,1,1.0
646,114,1865.46,463.76,28.14,53.90,1,1,1.0
646,115,1394.49,200.35,19.62,42.41,1,1,1.0
646,116,1270.65,376.53,31.53,51.06,1,1,1.0
646,118,1143.40,296.93,55.30,85.90,1,1,1.0
646,119,300.57,119.23,19.91,36.13,1,1,1.0
646,122,1556.07,223.00,28.65,62.73,1,1,1.0
647,46,1052.06,347.01,44.84,63.93,1,1,1.0
647,54,1660.37,310.54,24.45,38.96,1,1,1.0
647,113,1816.45,458.94,33.90,59.63,1,1,1.0
647,114,1875.18,463.18,28.14,53.90,1,1,1.0
647,115,1405.87,197.74,19.62,42.41,1,1,1.0
647,116,1277.17,376.25,33.50,50.34,1,1,1.0
647,118,1149.50,296.74,57.13,85.04,1,1,1.0
647,119,306.96,118.26,22.20,38.75,1,1,1.0
647,122,1566.24,221.71,27.79,61.88,1,1,1.0
648,46,1059.46,346.25,43.17,64.77,1,1,1.0
648,113,1826.51,457.30,32.88,60.92,1,1,1.0
648,114,1884.91,462.61,28.14,53.90,1,1,1.0
648,115,1417.26,195.13,19.62,42.41,1,1,1.0
648,116,1287.16,375.44,29.79,50.66,1,1,1.0
648,118,1158.96,296.22,54.97,84.59,1,1,1.0
648,119,314.69,117.60,22.31,38.68,1,1,1.0
648,122,1576.09,222.53,29.82,60.12,1,1,1.0
649,46,1067.05,345.40,44.38,63.97,1,1,1.0
649,113,1836.95,459.35,32.62,57.69,1,1,1.0
649,114,1896.66,462.04,19.87,53.90,1,1,1.0
649,115,1428.64,192.52,19.62,42.41,1,1,1.0
649,116,1293.95,375.19,31.93,50.19,1,1,1.0
649,118,1165.99,297.50,55.80,82.19,1,1,1.0
649,119,322.43,116.94,22.40,38.62,1,1,1.0
649,122,1586.47,219.85,28.24,61.44,1,1,1.0
650,46,1073.60,344.21,44.60,64.06,1,1,1.0
650,113,1847.79,457.36,33.81,58.73,1,1,1.0
650,114,1908.40,461.47,11.60,53.90,1,1,1.0
650,115,1441.31,191.59,20.05,43.38,1,1,1.0
650,116,1300.89,369.21,32.97,55.26,1,1,1.0
650,118,1174.10,292.99,56.50,85.30,1,1,1.0
650,119,329.80,116.14,21.50,38.35,1,1,1.0
650,122,1596.82,215.27,28.12,62.23,1,1,1.0
651,46,1089.10,341.71,44.45,65.33,1,1,1.0
651,55,1709.29,304.70,24.27,40.23,1,1,1.0
651,113,1868.36,456.13,36.19,59.31,1,1,1.0
651,115,1453.97,190.66,20.50,44.36,1,1,1.0
651,116,1315.91,368.07,34.12,54.91,1,1,1.0
651,118,1190.18,292.68,55.22,84.56,1,1,1.0
651,119,342.59,115.32,21.34,38.16,1,1,1.0
651,122,1617.30,212.41,28.60,63.72,1,1,1.0
652,46,1097.14,341.44,45.40,65.12,1,1,1.0
652,113,1880.16,458.83,32.37,57.25,1,1,1.0
652,115,1466.64,189.74,20.93,45.33,1,1,1.0
652,116,1325.22,368.38,32.75,54.01,1,1,1.0
652,118,1197.28,292.42,56.12,84.94,1,1,1.0
652,119,355.37,114.50,21.18,37.96,1,1,1.0
652,122,1626.94,210.13,31.37,64.33,1,1,1.0
653,46,1103.59,340.72,45.10,64.69,1,1,1.0
653,113,1891.08,461.39,25.08,57.25,1,1,1.0
653,115,1479.30,188.81,21.38,46.31,1,1,1.0
653,116,1332.05,366.56,34.13,56.00,1,1,1.0
653,118,1205.34,290.50,56.88,86.33,1,1,1.0
653,119,362.89,112.37,21.22,40.17,1,1,1.0
653,122,1637.63,209.85,30.57,65.49,1,1,1.0
654,46,1113.11,341.01,44.48,65.02,1,1,1.0
654,113,1902.00,463.96,17.80,57.25,1,1,1.0
654,115,1491.97,187.89,21.81,47.27,1,1,1.0
654,116,1341.93,370.98,32.27,50.89,1,1,1.0
654,118,1214.89,291.41,54.86,85.18,1,1,1.0
654,119,371.05,112.92,20.85,38.96,1,1,1.0
654,122,1648.78,208.61,31.47,64.14,1,1,1.0
655,46,1119.80,340.12,43.96,65.94,1,1,1.0
655,115,1504.64,186.96,22.24,48.25,1,1,1.0
655,116,1350.47,371.47,31.71,51.02,1,1,1.0
655,118,1222.48,290.34,55.99,86.51,1,1,1.0
655,119,381.35,112.36,20.83,38.42,1,1,1.0
655,122,1658.03,210.09,31.57,64.60,1,1,1.0
656,46,1135.74,338.83,44.64,66.29,1,1,1.0
656,115,1517.30,186.03,22.69,49.23,1,1,1.0
656,116,1362.21,371.87,31.42,51.19,1,1,1.0
656,118,1239.15,291.03,56.89,84.96,1,1,1.0
656,119,391.64,111.80,20.81,37.89,1,1,1.0
656,122,1681.29,208.82,32.55,64.92,1,1,1.0
657,46,1145.12,339.40,44.54,66.40,1,1,1.0
657,115,1529.97,185.11,23.12,50.20,1,1,1.0
657,116,1373.96,372.26,31.13,51.37,1,1,1.0
657,118,1249.07,289.98,54.49,86.57,1,1,1.0
657,119,401.94,111.24,20.79,37.35,1,1,1.0
657,122,1690.54,208.19,35.40,65.86,1,1,1.0
658,46,1152.84,338.79,44.15,66.50,1,1,1.0
658,115,1542.63,184.18,23.57,51.17,1,1,1.0
658,116,1385.70,372.65,30.84,51.55,1,1,1.0
658,118,1258.26,290.75,54.49,86.57,1,1,1.0
658,119,412.24,110.68,20.77,36.81,1,1,1.0
658,122,1704.05,209.51,33.31,63.88,1,1,1.0
659,46,1160.83,338.44,45.51,66.39,1,1,1.0
659,115,1555.30,183.26,24.00,52.14,1,1,1.0
659,116,1397.44,373.05,30.55,51.72,1,1,1.0
659,118,1264.71,289.86,57.72,86.41,1,1,1.0
659,119,420.27,110.55,20.10,36.55,1,1,1.0
659,122,1717.93,208.39,32.03,65.50,1,1,1.0
660,46,1168.66,338.95,45.91,66.25,1,1,1.0
660,115,1570.49,183.75,25.21,53.60,1,1,1.0
660,116,1409.19,373.44,30.26,51.90,1,1,1.0
660,118,1273.45,291.02,56.45,85.11,1,1,1.0
660,119,429.06,110.74,20.76,35.81,1,1,1.0
660,122,1731.39,209.54,30.32,64.00,1,1,1.0
661,46,1185.93,341.66,43.93,65.68,1,1,1.0
661,115,1585.68,184.24,26.42,55.06,1,1,1.0
661,116,1420.93,373.84,29.97,52.07,1,1,1.0
661,118,1290.30,291.02,56.45,85.11,1,1,1.0
661,119,439.67,111.44,20.77,35.27,1,1,1.0
661,122,1750.99,211.16,33.77,66.36,1,1,1.0
662,46,1191.94,341.43,46.49,66.38,1,1,1.0
662,59,1453.54,363.49,26.98,37.80,1,1,1.0
662,115,1599.10,187.10,25.29,52.95,1,1,1.0
662,116,1429.05,375.72,32.04,51.25,1,1,1.0
662,118,1301.03,294.08,56.45,85.11,1,1,1.0
662,119,450.27,112.13,20.80,34.74,1,1,1.0
662,122,1764.86,213.46,31.68,65.45,1,1,1.0
663,46,1200.94,342.43,47.17,65.94,1,1,1.0
663,60,1860.79,311.80,28.48,40.63,1,1,1.0
663,115,1612.52,189.95,24.15,50.85,1,1,1.0
663,116,1437.37,375.57,32.18,52.66,1,1,1.0
663,118,1311.71,294.65,55.28,87.37,1,1,1.0
663,119,460.88,112.83,20.81,34.19,1,1,1.0
663,122,1776.48,215.06,31.35,65.37,1,1,1.0
664,46,1208.58,342.42,47.42,67.64,1,1,1.0
664,60,1872.45,313.82,27.28,40.61,1,1,1.0
664,61,1619.49,188.65,24.90,51.18,1,1,1.0
664,115,1625.94,192.81,23.02,48.73,1,1,1.0
664,116,1442.67,374.96,35.18,55.03,1,1,1.0
664,118,1316.40,295.99,56.71,84.88,1,1,1.0
664,119,471.48,113.53,20.84,33.65,1,1,1.0
664,122,1787.52,217.25,32.31,64.89,1,1,1.0
665,46,1217.45,344.67,47.25,66.93,1,1,1.0
665,115,1639.36,195.67,21.88,46.62,1,1,1.0
665,118,1324.93,296.87,58.53,85.86,1,1,1.0
665,119,480.06,112.10,19.40,33.54,1,1,1.0
665,122,1798.39,219.61,34.39,64.10,1,1,1.0
666,46,1234.96,347.00,45.78,67.12,1,1,1.0
666,115,1652.78,198.52,20.75,44.52,1,1,1.0
666,116,1472.02,381.92,32.84,52.59,1,1,1.0
666,118,1336.46,298.76,58.53,85.76,1,1,1.0
666,119,492.92,113.88,20.26,34.97,1,1,1.0
666,122,1821.55,224.89,33.18,65.93,1,1,1.0
667,46,1243.03,348.93,46.21,66.17,1,1,1.0
667,115,1666.20,201.38,19.62,42.41,1,1,1.0
667,116,1478.66,378.28,34.90,57.97,1,1,1.0
667,118,1347.98,300.66,58.55,85.64,1,1,1.0
667,119,505.78,115.65,21.13,36.42,1,1,1.0
667,122,1833.62,226.76,32.63,65.59,1,1,1.0
668,46,1251.01,349.39,47.03,66.19,1,1,1.0
668,115,1679.94,201.60,22.72,46.84,1,1,1.0
668,116,1488.97,382.20,33.86,54.94,1,1,1.0
668,118,1359.51,302.55,58.55,85.54,1,1,1.0
668,119,513.24,116.05,20.80,36.16,1,1,1.0
668,122,1845.93,227.80,33.25,67.20,1,1,1.0
669,46,1259.50,349.07,48.39,67.17,1,1,1.0
669,115,1693.68,201.82,25.83,51.27,1,1,1.0
669,116,1495.59,380.77,36.68,58.03,1,1,1.0
669,118,1368.48,302.18,58.75,87.64,1,1,1.0
669,119,522.86,117.49,19.26,35.82,1,1,1.0
669,122,1856.94,229.13,35.24,67.45,1,1,1.0
670,46,1267.17,351.00,48.72,66.36,1,1,1.0
670,115,1707.42,202.04,28.93,55.71,1,1,1.0
670,118,1383.06,305.65,59.07,87.40,1,1,1.0
670,119,531.42,117.12,21.64,35.28,1,1,1.0
670,122,1869.74,231.08,32.69,66.24,1,1,1.0
671,46,1285.85,353.31,47.30,67.25,1,1,1.0
671,62,1581.15,270.88,51.22,38.61,1,1,1.0
671,115,1721.15,202.26,32.05,60.14,1,1,1.0
671,116,1526.44,384.88,34.60,58.11,1,1,1.0
671,118,1397.64,309.12,59.39,87.16,1,1,1.0
671,119,548.97,119.06,22.38,36.21,1,1,1.0
671,122,1894.59,235.51,25.41,66.24,1,1,1.0
672,46,1295.45,355.30,46.49,67.02,1,1,1.0
672,62,1589.69,270.76,52.09,40.24,1,1,1.0
672,115,1732.68,203.15,32.04,60.14,1,1,1.0
672,116,1535.43,388.35,35.02,56.49,1,1,1.0
672,118,1407.62,307.99,59.72,86.92,1,1,1.0
672,119,557.09,119.73,21.43,35.72,1,1,1.0
673,46,1303.53,355.69,49.72,67.03,1,1,1.0
673,62,1598.60,272.48,51.28,39.27,1,1,1.0
673,115,1744.20,204.04,32.05,60.13,1,1,1.0
673,116,1542.54,389.19,37.38,57.20,1,1,1.0
673,118,1417.61,309.92,60.04,86.69,1,1,1.0
673,119,566.28,120.14,20.32,34.96,1,1,1.0
674,46,1311.63,356.35,48.83,66.95,1,1,1.0
674,115,1755.72,204.92,32.05,60.14,1,1,1.0
674,116,1555.60,389.16,34.38,58.18,1,1,1.0
674,118,1424.28,310.17,59.56,87.92,1,1,1.0
674,119,574.04,120.01,20.74,35.34,1,1,1.0
675,46,1321.77,356.81,49.30,67.43,1,1,1.0
675,115,1767.25,205.81,32.04,60.14,1,1,1.0
675,116,1563.12,390.09,36.04,58.40,1,1,1.0
675,118,1433.99,311.28,58.96,86.47,1,1,1.0
675,119,583.63,120.41,19.64,35.82,1,1,1.0
676,46,1340.38,358.02,47.79,68.15,1,1,1.0
676,115,1792.07,203.15,32.04,60.14,1,1,1.0
676,116,1585.89,395.82,33.08,53.83,1,1,1.0
676,118,1454.59,310.42,58.85,89.65,1,1,1.0
676,119,600.84,120.97,19.89,33.02,1,1,1.0
677,46,1350.11,357.72,49.49,68.46,1,1,1.0
677,64,1648.20,251.42,57.51,62.56,1,1,1.0
677,115,1808.02,205.81,32.05,60.14,1,1,1.0
677,116,1596.02,394.58,33.13,55.95,1,1,1.0
677,118,1464.55,314.25,58.85,88.15,1,1,1.0
677,119,610.31,120.72,20.90,35.36,1,1,1.0
678,46,1359.55,358.85,48.08,67.78,1,1,1.0
678,64,1659.23,252.80,61.25,63.08,1,1,1.0
678,115,1823.98,208.47,32.04,60.14,1,1,1.0
678,116,1608.43,399.29,31.80,52.27,1,1,1.0
678,118,1475.27,313.48,58.85,88.15,1,1,1.0
678,119,618.77,120.44,20.61,35.88,1,1,1.0
679,46,1370.25,359.48,47.06,67.26,1,1,1.0
679,64,1669.85,253.77,58.43,61.04,1,1,1.0
679,115,1842.15,208.25,29.87,60.13,1,1,1.0
679,116,1616.05,397.53,34.79,54.09,1,1,1.0
679,118,1485.23,315.02,58.85,88.15,1,1,1.0
679,119,627.23,120.15,20.32,36.42,1,1,1.0
680,46,1378.49,358.47,49.99,67.66,1,1,1.0
680,64,1681.31,253.84,57.92,60.76,1,1,1.0
680,115,1860.32,208.03,27.69,60.13,1,1,1.0
680,116,1625.66,396.08,36.01,56.02,1,1,1.0
680,118,1495.19,314.25,58.85,88.15,1,1,1.0
680,119,636.80,119.55,21.63,34.45,1,1,1.0
681,46,1398.90,358.95,47.69,67.05,1,1,1.0
681,64,1703.48,251.80,58.60,61.68,1,1,1.0
681,65,0.00,637.34,13.39,111.59,1,1,1.0
681,115,1878.49,207.81,25.52,60.13,1,1,1.0
681,116,1648.01,398.21,34.32,53.37,1,1,1.0
681,118,1515.11,313.48,58.85,88.15,1,1,1.0
681,119,648.46,117.97,21.13,33.92,1,1,1.0
682,46,1407.71,357.30,50.55,68.24,1,1,1.0
682,64,1713.81,249.82,58.69,62.93,1,1,1.0
682,65,0.00,630.17,22.43,95.89,1,1,1.0
682,115,1896.66,207.58,23.34,60.14,1,1,1.0
682,116,1658.70,395.42,33.89,55.92,1,1,1.0
682,118,1525.80,311.95,58.12,88.15,1,1,1.0
682,119,660.12,116.40,20.63,33.39,1,1,1.0
683,46,1416.18,355.47,50.81,68.25,1,1,1.0
683,64,1724.69,247.73,58.51,64.76,1,1,1.0
683,65,0.00,619.47,32.60,103.54,1,1,1.0
683,116,1668.91,396.49,35.31,54.71,1,1,1.0
683,118,1534.21,313.32,64.03,85.18,1,1,1.0
683,119,671.78,114.82,20.13,32.86,1,1,1.0
684,46,1427.40,354.59,50.03,68.61,1,1,1.0
684,64,1737.26,246.23,58.30,65.73,1,1,1.0
684,65,-0.00,606.65,43.30,111.56,1,1,1.0
684,116,1681.65,396.63,34.51,54.77,1,1,1.0
684,118,1545.89,309.60,62.28,88.85,1,1,1.0
684,119,680.59,114.44,20.39,31.90,1,1,1.0
685,46,1438.37,352.69,49.75,69.86,1,1,1.0
685,64,1749.36,238.53,60.23,73.10,1,1,1.0
685,65,-0.00,594.68,54.74,120.34,1,1,1.0
685,118,1558.15,310.37,62.28,88.85,1,1,1.0
685,119,691.56,112.50,20.33,32.18,1,1,1.0
686,46,1457.91,349.82,49.21,71.08,1,1,1.0
686,64,1771.88,227.25,62.76,82.15,1,1,1.0
686,65,0.00,589.91,74.26,114.74,1,1,1.0
686,116,1714.51,393.94,33.63,54.59,1,1,1.0
686,118,1578.07,306.54,62.28,88.85,1,1,1.0
686,119,702.53,110.57,20.28,32.44,1,1,1.0
687,46,1467.03,349.10,51.92,69.00,1,1,1.0
687,64,1783.10,226.11,63.03,80.64,1,1,1.0
687,65,1.51,585.83,82.34,116.19,1,1,1.0
687,66,0.00,679.24,20.54,94.68,1,1,1.0
687,116,1721.57,389.64,39.04,57.70,1,1,1.0
687,118,1589.42,303.93,61.86,90.02,1,1,1.0
687,119,713.49,108.63,20.23,32.72,1,1,1.0
688,46,1476.62,348.71,51.01,68.47,1,1,1.0
688,64,1794.88,223.75,64.01,82.89,1,1,1.0
688,65,11.67,583.22,81.04,113.78,1,1,1.0
688,66,0.00,674.26,32.41,103.81,1,1,1.0
688,116,1732.01,386.35,39.34,60.64,1,1,1.0
688,118,1599.85,302.74,62.89,90.15,1,1,1.0
688,119,724.46,106.70,20.17,32.99,1,1,1.0
689,46,1486.94,346.46,51.53,69.50,1,1,1.0
689,64,1805.02,225.72,65.03,80.08,1,1,1.0
689,65,22.25,579.98,81.77,110.35,1,1,1.0
689,66,0.00,670.31,43.40,105.59,1,1,1.0
689,116,1742.68,387.91,38.95,58.59,1,1,1.0
689,118,1610.62,299.55,62.97,92.94,1,1,1.0
689,119,735.43,104.77,20.12,33.26,1,1,1.0
689,123,9.55,341.14,36.92,61.94,1,1,1.0
690,46,1496.32,345.86,52.54,68.72,1,1,1.0
690,64,1816.88,222.41,63.98,81.65,1,1,1.0
690,65,33.92,576.86,82.80,114.90,1,1,1.0
690,66,-0.00,667.09,53.44,106.34,1,1,1.0
690,116,1785.42,377.71,31.01,40.98,1,1,1.0
690,118,1621.13,298.47,63.23,92.36,1,1,1.0
690,119,746.39,102.83,20.07,33.54,1,1,1.0
690,123,23.50,339.78,36.92,61.94,1,1,1.0
691,46,1515.52,345.51,51.80,69.13,1,1,1.0
691,64,1840.90,220.39,62.40,83.32,1,1,1.0
691,65,54.18,573.34,84.10,114.25,1,1,1.0
691,66,0.00,662.50,75.47,108.28,1,1,1.0
691,116,1774.34,384.83,39.62,61.45,1,1,1.0
691,118,1641.68,298.37,63.85,92.75,1,1,1.0
691,119,757.36,100.89,20.02,33.81,1,1,1.0
691,123,37.45,338.42,36.93,61.93,1,1,1.0
692,46,1525.01,345.82,52.35,68.37,1,1,1.0
692,64,1851.17,225.53,62.57,79.61,1,1,1.0
692,65,64.65,572.54,84.95,115.10,1,1,1.0
692,66,0.73,661.39,85.25,109.13,1,1,1.0
692,116,1786.35,386.40,37.71,60.17,1,1,1.0
692,118,1651.85,298.93,63.59,92.38,1,1,1.0
692,119,768.33,98.96,19.96,34.08,1,1,1.0
692,123,51.41,337.06,36.92,61.93,1,1,1.0
693,46,1534.18,346.55,50.97,68.76,1,1,1.0
693,64,1861.28,226.00,57.92,79.06,1,1,1.0
693,65,75.30,570.37,82.33,116.28,1,1,1.0
693,66,7.56,660.40,88.08,108.77,1,1,1.0
693,116,1795.45,388.27,39.98,58.74,1,1,1.0
693,118,1661.12,299.98,63.33,92.25,1,1,1.0
693,119,776.94,98.69,19.57,33.84,1,1,1.0
693,123,65.36,335.70,36.92,61.93,1,1,1.0
694,46,1543.93,346.48,52.12,69.37,1,1,1.0
694,64,1871.48,220.59,48.51,84.03,1,1,1.0
694,65,86.62,569.47,80.79,115.12,1,1,1.0
694,66,17.18,658.98,88.93,107.95,1,1,1.0
694,116,1805.50,388.73,40.13,59.57,1,1,1.0
694,118,1672.56,300.55,62.39,92.45,1,1,1.0
694,119,784.37,98.15,19.64,32.49,1,1,1.0
694,123,79.31,334.33,36.92,61.94,1,1,1.0
695,46,1552.58,346.70,52.56,69.72,1,1,1.0
695,65,96.37,570.57,82.20,113.86,1,1,1.0
695,66,28.46,657.67,87.93,108.33,1,1,1.0
695,116,1815.15,387.31,40.34,61.70,1,1,1.0
695,118,1683.14,299.73,63.53,94.34,1,1,1.0
695,119,794.70,97.70,18.37,31.10,1,1,1.0
695,123,93.26,332.97,36.93,61.94,1,1,1.0
696,46,1570.53,346.58,54.46,70.12,1,1,1.0
696,65,115.96,566.76,80.90,112.25,1,1,1.0
696,66,48.13,654.14,87.60,107.03,1,1,1.0
696,116,1835.54,386.93,41.00,62.65,1,1,1.0
696,118,1700.78,300.25,63.98,92.34,1,1,1.0
696,119,810.29,96.51,19.97,32.89,1,1,1.0
696,123,107.22,331.61,36.92,61.94,1,1,1.0
697,46,1581.44,346.37,51.12,70.09,1,1,1.0
697,65,124.85,564.02,82.22,111.97,1,1,1.0
697,66,58.47,651.37,86.78,108.08,1,1,1.0
697,116,1847.09,387.19,39.25,62.47,1,1,1.0
697,118,1711.03,300.25,63.98,92.34,1,1,1.0
697,119,818.47,96.21,22.52,32.96,1,1,1.0
697,123,116.74,330.72,36.93,61.93,1,1,1.0
698,46,1590.02,345.68,52.72,69.93,1,1,1.0
698,65,135.51,562.08,78.75,112.16,1,1,1.0
698,66,68.44,649.67,85.73,105.71,1,1,1.0
698,116,1855.58,386.34,41.77,61.60,1,1,1.0
698,118,1718.21,300.25,63.98,92.34,1,1,1.0
698,119,826.98,94.52,21.23,34.11,1,1,1.0
698,123,126.27,329.82,36.93,61.94,1,1,1.0
699,46,1599.48,345.25,54.12,69.91,1,1,1.0
699,65,142.14,560.54,81.59,112.33,1,1,1.0
699,66,76.16,647.72,86.17,105.82,1,1,1.0
699,116,1864.33,388.86,44.77,59.77,1,1,1.0
699,118,1732.57,301.28,63.98,92.34,1,1,1.0
699,119,835.40,92.76,21.47,34.69,1,1,1.0
699,123,135.80,328.93,36.92,61.94,1,1,1.0
700,46,1609.05,345.41,53.10,70.60,1,1,1.0
700,65,150.30,558.81,80.65,113.71,1,1,1.0
700,66,84.63,646.24,84.85,106.63,1,1,1.0
700,116,1882.98,389.45,34.89,61.28,1,1,1.0
700,118,1742.61,298.52,65.33,95.35,1,1,1.0
700,119,843.21,93.28,20.45,34.08,1,1,1.0
700,123,145.33,328.04,36.92,61.93,1,1,1.0
701,46,1626.28,347.12,54.57,70.23,1,1,1.0
701,65,167.15,558.26,76.80,112.82,1,1,1.0
701,66,100.13,646.18,83.92,104.42,1,1,1.0
701,118,1761.97,301.71,65.23,94.27,1,1,1.0
701,119,858.81,92.50,20.21,33.63,1,1,1.0
701,123,154.86,327.14,36.92,61.94,1,1,1.0
702,46,1635.92,347.23,53.61,72.53,1,1,1.0
702,65,173.79,559.06,78.45,112.97,1,1,1.0
702,66,106.04,646.18,85.50,104.28,1,1,1.0
702,118,1773.19,302.67,65.82,95.42,1,1,1.0
702,119,867.59,92.22,19.69,34.81,1,1,1.0
702,123,164.39,326.25,36.92,61.94,1,1,1.0
703,46,1646.93,349.85,53.45,70.83,1,1,1.0
703,65,181.22,558.21,79.36,113.26,1,1,1.0
703,66,115.32,645.71,83.50,104.94,1,1,1.0
703,118,1781.40,303.70,65.82,95.42,1,1,1.0
703,119,875.41,91.81,22.98,39.23,1,1,1.0
703,123,173.92,325.36,36.92,61.93,1,1,1.0
704,46,1656.31,348.36,55.61,71.43,1,1,1.0
704,65,190.20,555.66,77.39,112.67,1,1,1.0
704,66,123.24,642.13,84.67,107.52,1,1,1.0
704,118,1794.38,300.34,66.45,96.09,1,1,1.0
704,119,884.64,91.27,19.91,35.39,1,1,1.0
704,123,183.44,324.46,36.93,61.94,1,1,1.0
705,46,1668.29,347.78,54.24,71.20,1,1,1.0
705,65,200.30,554.82,76.03,110.64,1,1,1.0
705,66,133.13,640.10,84.56,107.95,1,1,1.0
705,118,1809.00,301.15,64.64,96.92,1,1,1.0
705,119,894.70,89.95,20.77,35.30,1,1,1.0
705,123,196.02,322.61,36.78,61.41,1,1,1.0
706,46,1694.50,347.50,49.90,71.38,1,1,1.0
706,65,218.42,552.75,82.54,111.29,1,1,1.0
706,66,155.11,637.13,85.65,108.88,1,1,1.0
706,118,1835.67,301.15,64.64,96.92,1,1,1.0
706,119,907.28,88.55,20.67,35.56,1,1,1.0
706,123,208.59,320.76,36.65,60.88,1,1,1.0
707,46,1702.87,347.08,57.55,73.99,1,1,1.0
707,65,230.79,550.39,80.43,111.22,1,1,1.0
707,66,166.01,635.40,83.66,106.90,1,1,1.0
707,118,1844.90,301.15,64.64,96.92,1,1,1.0
707,119,919.86,87.16,20.56,35.81,1,1,1.0
707,123,221.16,318.91,36.52,60.36,1,1,1.0
708,46,1715.86,346.12,56.27,74.39,1,1,1.0
708,65,241.35,547.03,77.14,112.45,1,1,1.0
708,66,176.58,633.10,82.33,105.28,1,1,1.0
708,118,1861.31,298.07,58.69,96.92,1,1,1.0
708,119,932.43,85.76,20.47,36.08,1,1,1.0
708,123,233.73,317.05,36.39,59.84,1,1,1.0
709,46,1729.23,344.83,57.37,74.43,1,1,1.0
709,65,250.99,544.62,79.07,112.43,1,1,1.0
709,66,186.10,630.16,83.97,104.81,1,1,1.0
709,118,1864.38,297.05,55.62,96.92,1,1,1.0
709,119,945.01,84.36,20.36,36.34,1,1,1.0
709,123,246.31,315.20,36.24,59.31,1,1,1.0
710,46,1743.40,343.92,60.53,74.70,1,1,1.0
710,65,260.15,543.22,83.41,113.12,1,1,1.0
710,66,195.34,627.53,86.84,105.31,1,1,1.0
710,118,1886.95,293.97,33.05,96.92,1,1,1.0
710,119,957.59,82.96,20.26,36.60,1,1,1.0
710,123,258.88,313.35,36.11,58.78,1,1,1.0
711,46,1765.89,343.86,58.61,72.56,1,1,1.0
711,65,281.16,537.48,77.13,110.62,1,1,1.0
711,66,216.00,622.11,82.63,106.05,1,1,1.0
711,119,970.17,81.57,20.15,36.85,1,1,1.0
711,123,271.45,311.49,35.98,58.27,1,1,1.0
712,46,1777.69,342.33,60.05,75.31,1,1,1.0
712,65,291.20,536.71,76.13,108.39,1,1,1.0
712,66,226.47,621.13,81.83,103.58,1,1,1.0
712,119,982.75,80.17,20.05,37.11,1,1,1.0
712,123,284.02,309.64,35.84,57.74,1,1,1.0
713,46,1790.65,342.39,60.65,72.83,1,1,1.0
713,65,301.14,533.69,73.03,109.51,1,1,1.0
713,66,236.42,619.24,81.03,103.96,1,1,1.0
713,119,995.33,78.77,19.94,37.37,1,1,1.0
713,123,296.59,307.79,35.71,57.21,1,1,1.0
714,46,1802.79,341.85,61.37,73.99,1,1,1.0
714,65,309.26,532.38,76.37,111.16,1,1,1.0
714,66,243.84,617.10,82.10,103.53,1,1,1.0
714,119,1007.90,77.37,19.85,37.64,1,1,1.0
714,123,309.03,305.06,34.17,57.01,1,1,1.0
715,46,1815.97,342.01,57.45,75.43,1,1,1.0
715,65,318.23,529.64,77.58,113.51,1,1,1.0
715,66,252.92,614.13,82.35,103.87,1,1,1.0
715,119,1020.48,75.98,19.74,37.89,1,1,1.0
715,123,321.46,302.33,32.64,56.80,1,1,1.0
716,46,1837.23,340.22,59.98,74.27,1,1,1.0
716,65,335.13,523.79,75.28,113.95,1,1,1.0
716,66,269.76,608.75,81.84,105.13,1,1,1.0
716,119,1033.06,74.58,19.64,38.15,1,1,1.0
716,123,333.89,299.59,31.11,56.61,1,1,1.0
717,46,1849.31,339.04,60.86,75.28,1,1,1.0
717,65,342.06,522.95,76.49,113.11,1,1,1.0
717,66,277.18,606.69,82.37,104.53,1,1,1.0
717,119,1042.59,74.06,20.51,35.80,1,1,1.0
717,123,341.59,296.60,31.68,56.68,1,1,1.0
718,46,1859.98,338.10,58.97,76.59,1,1,1.0
718,65,350.01,521.46,76.29,109.60,1,1,1.0
718,66,284.75,604.47,82.36,102.56,1,1,1.0
718,119,1051.26,72.50,21.26,36.93,1,1,1.0
718,123,349.28,293.60,32.26,56.76,1,1,1.0
719,46,1870.64,336.25,49.36,78.12,1,1,1.0
719,65,358.30,517.47,73.70,110.55,1,1,1.0
719,66,293.23,600.83,80.91,102.08,1,1,1.0
719,119,1059.94,70.95,22.00,38.05,1,1,1.0
719,123,356.98,290.61,32.83,56.83,1,1,1.0
720,46,1881.03,336.70,38.97,76.92,1,1,1.0
720,65,365.46,515.13,73.96,111.12,1,1,1.0
720,66,299.69,598.05,81.43,104.14,1,1,1.0
720,119,1068.50,69.49,20.89,37.07,1,1,1.0
720,123,364.67,287.61,33.41,56.91,1,1,1.0
721,65,379.16,510.05,69.29,106.23,1,1,1.0
721,66,313.21,592.86,80.77,102.53,1,1,1.0
721,119,1087.28,65.99,20.45,33.31,1,1,1.0
721,123,372.37,284.62,33.98,56.98,1,1,1.0
722,65,385.10,507.85,69.87,103.84,1,1,1.0
722,66,319.33,589.85,81.45,101.88,1,1,1.0
722,119,1095.45,64.18,19.28,34.23,1,1,1.0
722,123,380.06,281.62,34.56,57.06,1,1,1.0
723,65,393.10,505.01,67.66,104.86,1,1,1.0
723,66,328.07,587.60,80.30,102.26,1,1,1.0
723,119,1104.72,61.22,21.07,36.42,1,1,1.0
723,123,387.76,278.63,35.13,57.13,1,1,1.0
724,65,399.24,502.54,75.18,110.12,1,1,1.0
724,66,334.34,585.11,81.16,100.74,1,1,1.0
724,119,1112.22,60.14,22.10,38.46,1,1,1.0
724,123,395.45,275.63,35.71,57.21,1,1,1.0
725,65,407.47,499.45,73.30,110.72,1,1,1.0
725,66,341.94,581.95,80.45,102.83,1,1,1.0
725,119,1121.21,59.27,21.33,39.11,1,1,1.0
725,123,405.22,272.76,35.70,57.21,1,1,1.0
726,65,421.61,493.73,74.40,111.86,1,1,1.0
726,66,357.04,576.01,79.99,101.08,1,1,1.0
726,119,1139.29,55.64,20.10,40.97,1,1,1.0
726,123,414.98,269.89,35.71,57.21,1,1,1.0
727,65,428.83,492.41,69.12,104.91,1,1,1.0
727,66,364.29,573.08,79.85,102.31,1,1,1.0
727,119,1148.31,54.24,19.51,34.25,1,1,1.0
727,123,424.75,267.02,35.70,57.21,1,1,1.0
728,65,435.32,488.85,72.73,110.47,1,1,1.0
728,66,371.02,571.16,80.60,100.76,1,1,1.0
728,119,1157.00,52.48,19.12,34.79,1,1,1.0
728,123,432.79,264.37,34.43,56.87,1,1,1.0
729,65,440.98,487.69,75.19,109.98,1,1,1.0
729,66,376.61,569.49,81.10,100.23,1,1,1.0
729,119,1165.51,49.58,20.93,35.02,1,1,1.0
729,123,440.83,261.73,33.16,56.53,1,1,1.0
730,65,447.50,484.73,74.62,110.44,1,1,1.0
730,66,383.64,566.96,80.10,99.80,1,1,1.0
730,119,1176.95,48.43,20.41,34.22,1,1,1.0
730,123,448.87,259.09,31.89,56.18,1,1,1.0
731,65,460.28,480.01,74.13,107.76,1,1,1.0
731,66,396.69,561.25,80.10,99.36,1,1,1.0
731,119,1188.40,47.28,19.88,33.42,1,1,1.0
731,123,456.91,256.45,30.62,55.84,1,1,1.0
732,65,468.41,478.19,70.12,105.09,1,1,1.0
732,66,403.44,560.38,80.15,99.08,1,1,1.0
732,119,1199.84,46.13,19.36,32.62,1,1,1.0
732,123,464.96,253.80,29.34,55.50,1,1,1.0
733,65,473.82,477.24,69.01,104.03,1,1,1.0
733,66,409.63,557.77,79.58,99.87,1,1,1.0
733,119,1208.21,45.10,20.40,35.74,1,1,1.0
733,123,470.99,252.08,29.34,55.50,1,1,1.0
734,65,480.54,475.17,71.19,105.15,1,1,1.0
734,66,416.20,556.52,79.52,98.92,1,1,1.0
734,119,1216.76,45.40,18.68,30.93,1,1,1.0
734,123,477.02,250.36,29.34,55.49,1,1,1.0
735,65,485.80,473.87,70.12,105.31,1,1,1.0
735,66,421.98,555.28,78.90,99.07,1,1,1.0
735,119,1224.91,44.72,20.12,35.44,1,1,1.0
735,123,486.78,248.92,29.35,55.50,1,1,1.0
736,65,499.10,473.30,66.91,105.19,1,1,1.0
736,66,434.15,553.83,79.24,100.23,1,1,1.0
736,119,1240.94,44.14,19.98,35.72,1,1,1.0
736,123,496.55,247.49,29.34,55.49,1,1,1.0
737,65,505.37,473.40,72.41,107.68,1,1,1.0
737,66,440.72,553.26,79.74,99.31,1,1,1.0
737,119,1249.67,43.70,20.76,35.76,1,1,1.0
737,123,504.78,247.49,29.34,55.49,1,1,1.0
738,65,511.52,472.50,76.94,110.80,1,1,1.0
738,66,448.28,553.81,79.97,99.72,1,1,1.0
738,119,1257.79,43.61,20.72,38.13,1,1,1.0
738,123,513.01,247.49,29.35,55.49,1,1,1.0
739,65,519.61,472.03,74.96,111.09,1,1,1.0
739,66,457.28,552.69,78.34,98.73,1,1,1.0
739,119,1266.65,43.24,21.22,39.02,1,1,1.0
739,123,521.25,247.49,29.34,55.49,1,1,1.0
740,65,528.49,471.42,71.35,108.18,1,1,1.0
740,66,465.05,551.46,78.49,99.15,1,1,1.0
740,119,1276.38,43.18,20.03,37.07,1,1,1.0
740,123,535.08,246.48,27.76,55.09,1,1,1.0
741,65,545.03,470.53,73.19,109.05,1,1,1.0
741,66,482.98,550.05,78.04,100.04,1,1,1.0
741,119,1298.16,43.21,18.90,37.71,1,1,1.0
741,123,548.92,245.47,26.17,54.69,1,1,1.0
742,65,553.34,468.58,72.90,110.75,1,1,1.0
742,66,491.43,549.30,78.70,98.89,1,1,1.0
742,119,1306.80,43.08,19.82,35.69,1,1,1.0
742,123,554.87,242.06,28.90,56.78,1,1,1.0
743,65,561.99,468.47,72.19,108.99,1,1,1.0
743,66,499.53,548.54,79.35,99.00,1,1,1.0
743,119,1316.79,43.29,19.85,32.77,1,1,1.0
743,123,562.34,243.78,28.90,56.78,1,1,1.0
744,65,571.02,466.07,74.43,110.88,1,1,1.0
744,66,509.36,547.36,78.14,99.42,1,1,1.0
744,119,1330.00,43.44,20.03,33.85,1,1,1.0
744,123,572.11,242.63,28.90,56.78,1,1,1.0
745,65,579.61,466.51,76.63,110.61,1,1,1.0
745,66,519.63,546.60,79.82,99.13,1,1,1.0
745,119,1343.21,43.59,20.20,34.92,1,1,1.0
745,123,584.74,241.48,24.26,52.22,1,1,1.0
746,65,602.40,463.45,70.03,109.23,1,1,1.0
746,66,539.30,544.02,78.03,97.94,1,1,1.0
746,119,1356.42,43.73,20.38,36.01,1,1,1.0
746,123,604.85,240.91,24.25,52.22,1,1,1.0
747,65,609.74,463.86,75.73,108.90,1,1,1.0
747,66,550.58,543.86,77.51,97.23,1,1,1.0
747,119,1369.63,43.88,20.55,37.08,1,1,1.0
747,123,614.04,240.33,24.25,52.22,1,1,1.0
748,65,620.45,463.20,75.31,111.19,1,1,1.0
748,66,559.35,543.56,79.62,99.39,1,1,1.0
748,119,1382.84,44.03,20.73,38.16,1,1,1.0
748,123,624.95,240.91,24.26,52.21,1,1,1.0
749,65,630.82,464.43,72.08,110.36,1,1,1.0
749,66,569.47,543.80,77.49,98.14,1,1,1.0
749,67,72.50,1030.18,67.73,49.82,1,1,1.0
749,119,1396.05,44.18,20.90,39.23,1,1,1.0
749,123,634.71,240.91,24.26,52.21,1,1,1.0
750,65,637.93,465.48,73.09,107.36,1,1,1.0
750,66,579.78,544.13,76.05,97.89,1,1,1.0
750,67,75.87,1027.93,75.68,51.92,1,1,1.0
750,119,1409.26,44.32,21.08,40.32,1,1,1.0
750,123,643.33,241.48,24.26,52.22,1,1,1.0
751,65,658.12,466.05,72.70,110.20,1,1,1.0
751,66,597.86,545.95,76.82,98.17,1,1,1.0
751,67,97.59,1029.57,71.64,50.43,1,1,1.0
751,119,1422.47,44.47,21.25,41.39,1,1,1.0
751,123,662.29,242.06,24.25,52.21,1,1,1.0
752,65,666.71,467.99,71.51,107.18,1,1,1.0
752,66,606.15,547.30,76.53,97.63,1,1,1.0
752,67,106.61,1029.16,71.08,50.73,1,1,1.0
752,68,54.17,1024.95,75.33,55.05,1,1,1.0
752,119,1435.68,44.62,21.43,42.47,1,1,1.0
752,123,670.90,244.35,24.26,52.22,1,1,1.0
753,65,676.32,468.58,71.66,110.34,1,1,1.0
753,66,615.02,548.31,76.94,98.41,1,1,1.0
753,67,117.70,1030.29,68.90,49.71,1,1,1.0
753,68,59.49,1026.52,79.17,53.48,1,1,1.0
753,119,1446.05,45.33,21.99,40.05,1,1,1.0
753,123,680.09,246.65,24.26,52.22,1,1,1.0
754,65,684.50,471.98,72.34,108.08,1,1,1.0
754,66,624.37,551.22,75.30,96.73,1,1,1.0
754,67,123.55,1030.85,72.86,49.15,1,1,1.0
754,119,1455.82,46.58,21.91,40.74,1,1,1.0
754,123,688.71,247.23,24.25,52.21,1,1,1.0
755,65,693.65,473.06,69.84,108.44,1,1,1.0
755,66,632.85,552.06,75.08,97.97,1,1,1.0
755,67,136.48,1031.63,66.64,48.37,1,1,1.0
755,119,1466.96,46.16,20.69,36.92,1,1,1.0
755,123,696.17,250.67,24.26,52.22,1,1,1.0
756,65,710.25,477.32,70.07,105.03,1,1,1.0
756,66,649.27,555.69,75.21,97.08,1,1,1.0
756,67,152.52,1036.84,67.00,43.16,1,1,1.0
756,119,1487.51,48.66,22.53,40.09,1,1,1.0
756,123,715.86,252.54,24.79,54.37,1,1,1.0
757,65,717.56,477.85,72.02,108.91,1,1,1.0
757,66,657.13,557.50,76.87,96.63,1,1,1.0
757,67,162.37,1037.85,66.20,42.15,1,1,1.0
757,119,1498.57,49.63,20.17,35.31,1,1,1.0
757,123,721.74,255.34,27.34,51.86,1,1,1.0
758,65,726.22,480.58,72.05,109.05,1,1,1.0
758,66,665.36,558.76,76.03,98.40,1,1,1.0
758,67,168.93,1038.62,69.50,41.38,1,1,1.0
758,119,1510.30,52.50,20.43,35.50,1,1,1.0
758,123,731.58,259.27,26.08,52.08,1,1,1.0
759,65,734.00,483.14,72.39,110.51,1,1,1.0
759,66,673.36,561.97,78.14,98.26,1,1,1.0
759,67,172.25,1041.40,75.19,38.60,1,1,1.0
759,119,1522.03,55.36,20.69,35.71,1,1,1.0
759,123,739.53,259.40,28.03,54.11,1,1,1.0
760,65,741.88,487.94,72.45,107.82,1,1,1.0
760,66,681.67,564.66,76.69,96.39,1,1,1.0
760,67,184.98,1043.68,69.34,36.32,1,1,1.0
760,119,1533.76,58.23,20.96,35.90,1,1,1.0
760,123,749.32,265.81,26.25,51.27,1,1,1.0
761,65,758.60,491.32,69.94,105.80,1,1,1.0
761,66,697.97,569.57,75.89,94.94,1,1,1.0
761,119,1545.49,61.10,21.22,36.10,1,1,1.0
761,123,765.40,270.40,26.25,51.27,1,1,1.0
762,65,766.23,493.44,70.70,108.25,1,1,1.0
762,66,705.22,572.09,77.11,96.97,1,1,1.0
762,119,1557.22,63.96,21.48,36.31,1,1,1.0
762,123,774.02,273.28,26.25,51.27,1,1,1.0
763,65,773.45,498.06,70.12,105.91,1,1,1.0
763,66,713.29,574.89,74.92,95.78,1,1,1.0
763,119,1568.95,66.83,21.74,36.50,1,1,1.0
763,123,782.06,279.02,26.25,51.27,1,1,1.0
764,65,781.18,501.66,70.50,108.42,1,1,1.0
764,66,719.50,579.41,75.92,97.04,1,1,1.0
764,119,1577.58,70.00,21.37,34.92,1,1,1.0
764,123,788.38,282.75,26.25,51.27,1,1,1.0
765,65,785.89,506.87,71.67,105.55,1,1,1.0
765,66,725.10,584.59,75.00,96.63,1,1,1.0
765,119,1586.82,74.16,20.70,37.08,1,1,1.0
765,123,794.70,286.49,26.25,51.27,1,1,1.0
766,65,800.49,512.99,66.34,108.36,1,1,1.0
766,66,737.83,590.24,76.00,97.57,1,1,1.0
766,119,1601.05,79.19,20.73,34.23,1,1,1.0
766,123,808.48,294.53,26.25,51.27,1,1,1.0
767,65,806.28,516.59,69.29,107.59,1,1,1.0
767,66,745.29,593.87,74.49,95.31,1,1,1.0
767,119,1615.29,84.22,20.74,31.38,1,1,1.0
767,123,816.52,297.98,26.25,51.27,1,1,1.0
768,65,814.47,518.37,68.06,108.32,1,1,1.0
768,66,752.12,595.20,74.43,96.43,1,1,1.0
768,69,1507.50,3.86,18.05,32.71,1,1,1.0
768,119,1622.88,85.97,22.36,37.20,1,1,1.0
768,123,823.42,296.83,26.25,54.77,1,1,1.0
769,65,821.45,518.58,69.42,108.18,1,1,1.0
769,66,759.28,596.81,74.76,96.30,1,1,1.0
769,119,1633.21,88.77,20.66,36.70,1,1,1.0
769,123,833.76,300.27,26.25,54.78,1,1,1.0
770,65,829.54,520.09,68.53,108.74,1,1,1.0
770,66,765.86,597.66,76.03,95.39,1,1,1.0
770,119,1642.66,92.06,21.16,35.93,1,1,1.0
770,123,839.50,297.98,26.25,54.77,1,1,1.0
771,65,844.05,523.16,68.56,108.90,1,1,1.0
771,66,780.11,600.71,75.53,96.30,1,1,1.0
771,119,1661.30,95.35,21.67,35.17,1,1,1.0
771,123,856.73,303.15,26.25,54.77,1,1,1.0
772,65,848.64,524.80,71.44,107.31,1,1,1.0
772,66,786.78,601.94,77.01,95.91,1,1,1.0
772,119,1670.53,99.60,22.15,39.61,1,1,1.0
772,123,864.77,303.15,26.25,54.77,1,1,1.0
773,65,858.10,523.89,69.50,112.83,1,1,1.0
773,66,793.87,602.09,77.46,97.97,1,1,1.0
773,70,1562.16,19.86,17.40,29.56,1,1,1.0
773,119,1680.08,101.14,21.11,36.13,1,1,1.0
773,123,871.67,304.29,26.25,54.78,1,1,1.0
774,65,865.02,528.16,70.31,109.65,1,1,1.0
774,66,800.83,604.54,76.51,97.93,1,1,1.0
774,71,1452.93,0.00,25.92,30.89,1,1,1.0
774,119,1689.63,103.52,22.16,38.69,1,1,1.0
774,123,878.56,306.59,26.25,54.77,1,1,1.0
775,65,873.62,532.41,69.93,109.84,1,1,1.0
775,66,808.03,608.51,77.29,98.24,1,1,1.0
775,119,1697.74,106.72,23.02,35.42,1,1,1.0
775,123,887.75,308.89,26.25,54.77,1,1,1.0
776,65,889.92,536.08,69.93,111.59,1,1,1.0
776,66,823.88,614.25,77.60,96.69,1,1,1.0
776,119,1716.79,112.41,22.83,38.02,1,1,1.0
776,123,906.71,314.63,26.25,54.77,1,1,1.0
777,65,898.28,537.98,69.98,112.12,1,1,1.0
777,66,832.16,616.15,77.10,96.25,1,1,1.0
777,119,1725.10,112.83,23.69,40.97,1,1,1.0
777,123,915.90,315.21,26.25,54.77,1,1,1.0
778,65,906.30,540.33,71.12,111.17,1,1,1.0
778,66,840.45,617.28,77.66,98.99,1,1,1.0
778,119,1734.94,117.06,22.61,35.94,1,1,1.0
778,123,925.66,318.65,26.25,54.78,1,1,1.0
779,65,914.32,541.44,69.45,112.44,1,1,1.0
779,66,848.54,618.91,76.82,97.51,1,1,1.0
779,119,1743.38,118.70,23.20,35.82,1,1,1.0
779,123,934.28,319.23,26.25,54.77,1,1,1.0
780,65,919.89,543.44,71.21,112.91,1,1,1.0
780,66,854.20,620.11,78.12,98.28,1,1,1.0
780,119,1751.63,120.67,21.71,33.97,1,1,1.0
780,123,945.48,320.95,26.25,54.77,1,1,1.0
781,65,936.49,546.41,68.96,111.48,1,1,1.0
781,66,870.31,622.73,77.14,97.92,1,1,1.0
781,119,1768.53,124.75,22.00,34.42,1,1,1.0
781,123,956.68,322.68,26.25,54.77,1,1,1.0
782,65,943.01,545.67,72.28,114.86,1,1,1.0
782,66,875.20,625.54,80.97,97.05,1,1,1.0
782,119,1777.26,126.79,22.29,34.88,1,1,1.0
782,123,964.15,324.40,26.25,54.77,1,1,1.0
783,65,951.00,546.41,70.07,113.08,1,1,1.0
783,66,884.36,623.33,77.56,98.06,1,1,1.0
783,119,1786.00,128.82,22.57,35.34,1,1,1.0
783,123,973.05,324.40,26.25,54.77,1,1,1.0
784,65,958.34,546.20,70.18,113.40,1,1,1.0
784,66,891.00,625.56,78.23,96.23,1,1,1.0
784,119,1794.73,130.86,22.86,35.79,1,1,1.0
784,123,981.95,324.40,26.25,54.77,1,1,1.0
784,124,0.13,10.85,41.07,52.60,1,1,1.0
785,65,965.53,549.80,70.52,111.81,1,1,1.0
785,66,898.08,626.29,78.16,96.81,1,1,1.0
785,119,1802.68,132.02,23.49,38.25,1,1,1.0
785,123,992.58,325.26,26.25,54.77,1,1,1.0
785,124,0.08,10.88,50.77,54.08,1,1,1.0
786,65,978.75,551.20,71.99,114.86,1,1,1.0
786,66,911.26,629.02,79.15,97.25,1,1,1.0
786,119,1819.56,134.23,24.08,37.60,1,1,1.0
786,123,1003.21,326.12,26.25,54.77,1,1,1.0
786,124,12.48,17.77,50.77,54.08,1,1,1.0
787,65,985.55,552.69,71.08,114.31,1,1,1.0
787,66,917.66,630.62,77.93,97.19,1,1,1.0
787,119,1825.72,136.44,24.67,36.95,1,1,1.0
787,123,1009.53,328.71,26.25,54.77,1,1,1.0
787,124,22.13,13.64,50.77,54.08,1,1,1.0
788,65,992.57,553.80,70.14,115.63,1,1,1.0
788,66,924.65,631.65,77.46,97.05,1,1,1.0
788,119,1833.11,137.84,25.73,40.11,1,1,1.0
788,123,1015.84,331.29,26.25,54.77,1,1,1.0
788,124,33.15,17.77,50.77,54.08,1,1,1.0
789,65,998.38,556.44,70.10,113.80,1,1,1.0
789,66,929.49,632.77,78.20,99.14,1,1,1.0
789,119,1840.90,140.45,24.86,36.54,1,1,1.0
789,123,1021.88,332.15,26.24,54.77,1,1,1.0
789,124,37.29,17.77,50.77,54.08,1,1,1.0
790,65,1004.41,556.25,68.99,114.68,1,1,1.0
790,66,935.52,632.75,78.01,98.50,1,1,1.0
790,119,1847.66,141.94,26.63,40.04,1,1,1.0
790,123,1027.91,333.01,26.25,54.78,1,1,1.0
790,124,44.93,20.49,52.75,49.70,1,1,1.0
791,65,1013.07,557.10,70.24,113.40,1,1,1.0
791,66,944.27,633.22,78.34,98.45,1,1,1.0
791,119,1860.36,143.55,24.68,39.06,1,1,1.0
791,123,1035.66,332.73,26.25,54.77,1,1,1.0
791,124,58.65,18.98,53.77,49.77,1,1,1.0
792,65,1016.32,556.81,70.08,113.24,1,1,1.0
792,66,947.83,632.76,77.10,98.58,1,1,1.0
792,119,1865.32,143.87,25.12,38.44,1,1,1.0
792,123,1043.42,332.44,26.25,54.77,1,1,1.0
792,124,63.75,18.37,50.53,47.84,1,1,1.0
793,65,1020.54,556.42,67.94,113.25,1,1,1.0
793,66,950.36,633.03,78.54,97.39,1,1,1.0
793,119,1870.01,145.69,24.06,36.45,1,1,1.0
793,123,1047.03,331.82,25.32,55.01,1,1,1.0
793,124,68.10,17.07,50.61,49.47,1,1,1.0
794,65,1023.82,556.64,67.05,112.86,1,1,1.0
794,66,954.18,632.94,77.56,97.31,1,1,1.0
794,72,1773.84,32.06,19.50,32.80,1,1,1.0
794,119,1873.96,145.35,23.94,36.72,1,1,1.0
794,123,1050.64,331.21,24.39,55.24,1,1,1.0
794,124,76.56,20.15,50.61,49.47,1,1,1.0
795,65,1026.20,557.45,68.90,113.52,1,1,1.0
795,66,956.88,633.40,78.73,97.49,1,1,1.0
795,119,1878.04,144.95,26.97,37.98,1,1,1.0
795,123,1052.20,329.75,25.93,55.28,1,1,1.0
795,124,77.29,17.28,49.76,48.77,1,1,1.0
796,65,1033.63,556.44,69.05,114.01,1,1,1.0
796,66,963.84,632.91,78.90,97.75,1,1,1.0
796,119,1886.46,146.02,24.53,36.06,1,1,1.0
796,123,1061.39,332.62,25.93,55.28,1,1,1.0
796,124,85.03,15.04,52.13,50.89,1,1,1.0
797,65,1037.84,557.13,67.44,113.29,1,1,1.0
797,66,967.58,633.50,78.83,97.97,1,1,1.0
797,119,1891.46,146.28,25.29,39.66,1,1,1.0
797,123,1066.03,332.05,24.01,54.52,1,1,1.0
797,124,89.01,17.20,52.44,48.44,1,1,1.0
798,65,1040.50,557.95,68.51,113.65,1,1,1.0
798,66,971.69,633.48,78.74,97.93,1,1,1.0
798,119,1895.71,146.78,24.29,40.14,1,1,1.0
798,123,1068.89,332.86,25.25,54.92,1,1,1.0
798,124,94.48,17.87,49.23,46.83,1,1,1.0
799,65,1044.69,558.18,67.69,113.14,1,1,1.0
799,66,974.00,633.77,78.41,99.08,1,1,1.0
799,119,1900.21,147.82,19.79,38.70,1,1,1.0
799,123,1072.91,332.86,25.25,54.92,1,1,1.0
799,124,100.11,20.64,50.55,49.04,1,1,1.0
800,65,1046.81,559.10,69.14,113.39,1,1,1.0
800,66,976.86,634.65,78.06,100.16,1,1,1.0
800,119,1904.85,148.78,15.15,40.33,1,1,1.0
800,123,1075.78,334.58,25.25,54.92,1,1,1.0
800,124,104.97,20.89,49.01,48.64,1,1,1.0
801,65,1052.84,560.73,66.50,109.08,1,1,1.0
801,66,981.93,636.07,77.14,99.76,1,1,1.0
801,123,1079.80,335.73,25.25,54.92,1,1,1.0
801,124,109.84,21.13,47.47,48.25,1,1,1.0
802,65,1054.62,562.21,66.97,109.39,1,1,1.0
802,66,984.50,636.21,76.99,99.12,1,1,1.0
802,123,1082.67,335.15,25.25,54.92,1,1,1.0
802,124,114.06,21.44,47.82,48.14,1,1,1.0
803,65,1055.69,562.42,68.81,110.84,1,1,1.0
803,66,986.51,636.51,77.19,98.56,1,1,1.0
803,123,1084.39,334.58,25.25,54.92,1,1,1.0
803,124,116.41,20.87,49.43,49.00,1,1,1.0
804,65,1058.86,561.33,66.73,108.53,1,1,1.0
804,66,988.58,636.53,77.54,99.82,1,1,1.0
804,123,1088.42,334.58,25.25,54.92,1,1,1.0
804,124,120.30,21.69,49.69,47.26,1,1,1.0
805,65,1061.31,560.92,68.10,109.39,1,1,1.0
805,66,991.38,636.39,77.71,100.45,1,1,1.0
805,73,1825.44,33.23,19.37,32.86,1,1,1.0
805,123,1088.42,335.15,25.25,54.92,1,1,1.0
805,124,124.66,21.60,47.68,47.54,1,1,1.0
806,65,1066.79,560.75,68.82,111.67,1,1,1.0
806,66,995.96,636.17,78.55,99.05,1,1,1.0
806,123,1094.63,334.24,25.50,58.45,1,1,1.0
806,124,129.93,20.13,50.07,49.18,1,1,1.0
807,65,1069.07,561.48,68.49,112.14,1,1,1.0
807,66,998.85,636.37,77.66,98.81,1,1,1.0
807,123,1096.84,331.68,25.39,58.99,1,1,1.0
807,124,133.04,20.51,51.04,48.96,1,1,1.0
808,65,1069.79,561.58,70.73,112.65,1,1,1.0
808,66,1000.70,636.10,77.82,99.24,1,1,1.0
808,123,1098.29,333.23,24.91,57.51,1,1,1.0
808,124,135.20,21.66,51.25,48.38,1,1,1.0
809,65,1071.60,560.40,69.11,112.22,1,1,1.0
809,66,1002.73,635.57,78.18,100.32,1,1,1.0
809,123,1100.98,332.02,25.62,58.91,1,1,1.0
809,124,139.40,20.75,48.41,48.95,1,1,1.0
810,65,1075.63,560.84,67.19,109.96,1,1,1.0
810,66,1004.96,636.88,78.34,99.84,1,1,1.0
810,123,1105.58,333.45,23.65,58.18,1,1,1.0
810,124,143.67,20.72,49.20,49.36,1,1,1.0
811,65,1081.45,560.21,67.20,111.20,1,1,1.0
811,66,1009.79,636.33,78.34,99.39,1,1,1.0
811,123,1108.45,333.45,23.65,58.18,1,1,1.0
811,124,149.13,21.06,50.53,48.06,1,1,1.0
812,65,1083.75,562.06,66.23,109.04,1,1,1.0
812,66,1014.42,636.92,75.26,97.56,1,1,1.0
812,74,1855.74,32.45,19.09,31.81,1,1,1.0
812,123,1111.90,333.45,23.65,58.18,1,1,1.0
812,124,153.45,21.86,48.41,48.92,1,1,1.0
813,65,1085.10,562.75,67.82,110.33,1,1,1.0
813,66,1015.76,636.65,76.82,98.29,1,1,1.0
813,74,1858.54,33.29,19.18,32.49,1,1,1.0
813,75,1837.43,60.61,17.76,29.68,1,1,1.0
813,123,1115.35,334.60,23.65,58.18,1,1,1.0
813,124,157.42,22.21,45.85,48.55,1,1,1.0
814,65,1087.02,562.55,65.86,107.71,1,1,1.0
814,66,1017.05,636.63,78.13,98.67,1,1,1.0
814,74,1861.90,33.18,19.59,31.82,1,1,1.0
814,75,1840.42,61.35,16.83,27.26,1,1,1.0
814,123,1117.36,335.17,23.65,58.18,1,1,1.0
814,124,160.58,22.27,47.10,48.68,1,1,1.0
815,65,1089.92,561.87,67.43,108.31,1,1,1.0
815,66,1019.16,637.21,77.90,99.56,1,1,1.0
815,123,1119.37,335.75,23.65,58.18,1,1,1.0
815,124,161.70,21.72,48.59,49.77,1,1,1.0
816,65,1095.38,559.20,68.04,111.59,1,1,1.0
816,66,1024.88,633.72,77.83,100.03,1,1,1.0
816,123,1122.79,333.45,24.32,57.13,1,1,1.0
816,124,168.77,21.30,48.67,49.55,1,1,1.0
817,65,1098.15,557.86,67.89,112.43,1,1,1.0
817,66,1026.91,633.96,78.44,97.91,1,1,1.0
817,123,1126.22,331.15,24.99,56.09,1,1,1.0
817,124,172.26,20.36,46.92,49.14,1,1,1.0
818,65,1099.72,557.42,67.67,113.19,1,1,1.0
818,66,1029.58,633.64,77.48,97.62,1,1,1.0
818,123,1127.81,330.12,25.36,55.72,1,1,1.0
818,124,175.12,19.75,48.62,50.44,1,1,1.0
819,65,1100.78,557.45,68.58,113.60,1,1,1.0
819,66,1031.33,633.04,78.33,98.20,1,1,1.0
819,123,1130.62,328.54,25.49,57.55,1,1,1.0
819,124,176.45,19.15,49.23,50.53,1,1,1.0
820,65,1104.86,558.10,67.56,112.40,1,1,1.0
820,66,1033.44,633.86,78.98,99.37,1,1,1.0
820,123,1135.83,331.59,23.48,56.26,1,1,1.0
820,124,178.96,19.10,50.30,50.73,1,1,1.0
821,65,1111.96,558.90,67.60,112.60,1,1,1.0
821,66,1040.54,633.15,77.75,99.71,1,1,1.0
821,123,1140.49,331.76,25.43,55.63,1,1,1.0
821,124,187.20,21.84,45.83,48.25,1,1,1.0
822,65,1114.87,559.78,68.65,113.24,1,1,1.0
822,66,1044.45,633.90,77.74,98.11,1,1,1.0
822,123,1142.99,331.35,25.98,55.39,1,1,1.0
822,124,189.00,21.45,49.52,49.72,1,1,1.0
823,65,1118.21,559.92,66.95,110.44,1,1,1.0
823,66,1047.07,634.49,78.83,97.55,1,1,1.0
823,123,1147.24,333.04,25.10,55.12,1,1,1.0
823,124,193.09,22.26,47.68,48.98,1,1,1.0
824,65,1120.71,560.48,66.93,109.30,1,1,1.0
824,66,1049.95,635.26,78.07,100.40,1,1,1.0
824,123,1151.48,334.73,24.22,54.86,1,1,1.0
824,124,194.60,23.63,48.33,47.93,1,1,1.0
825,65,1122.93,561.17,66.63,108.13,1,1,1.0
825,66,1052.15,635.44,77.53,100.77,1,1,1.0
825,123,1152.93,333.70,24.30,56.39,1,1,1.0
825,124,197.88,25.15,47.82,47.96,1,1,1.0
826,65,1128.08,561.86,66.55,107.65,1,1,1.0
826,66,1055.92,635.78,77.86,99.31,1,1,1.0
826,123,1156.17,332.91,25.74,57.03,1,1,1.0
826,124,202.42,24.62,46.86,47.77,1,1,1.0
827,65,1129.65,561.38,67.39,109.49,1,1,1.0
827,66,1058.50,635.28,77.79,98.62,1,1,1.0
827,123,1157.67,332.34,25.17,56.31,1,1,1.0
827,124,205.67,24.58,46.64,48.01,1,1,1.0
828,65,1130.60,561.01,66.98,111.07,1,1,1.0
828,66,1060.48,634.99,77.06,98.33,1,1,1.0
828,123,1160.81,332.24,24.29,55.73,1,1,1.0
828,124,207.39,24.17,46.94,49.06,1,1,1.0
829,65,1132.16,560.29,65.53,109.21,1,1,1.0
829,66,1062.25,634.39,77.95,98.92,1,1,1.0
829,123,1163.43,332.01,24.40,56.85,1,1,1.0
829,124,209.49,24.16,47.56,48.40,1,1,1.0
830,65,1135.20,558.99,67.22,111.25,1,1,1.0
830,66,1063.81,634.45,77.88,98.57,1,1,1.0
830,123,1166.34,332.23,23.79,55.84,1,1,1.0
830,124,211.47,24.01,47.06,47.84,1,1,1.0
831,65,1138.50,558.42,69.02,113.27,1,1,1.0
831,66,1067.34,634.01,77.90,100.14,1,1,1.0
831,76,1899.96,52.81,18.61,28.75,1,1,1.0
831,123,1168.54,331.06,24.72,56.39,1,1,1.0
831,124,217.08,23.88,45.34,47.76,1,1,1.0
832,65,1140.88,557.42,68.04,112.45,1,1,1.0
832,66,1069.47,633.01,78.17,99.18,1,1,1.0
832,76,1901.52,49.84,18.44,32.15,1,1,1.0
832,123,1168.62,331.35,27.60,54.18,1,1,1.0
832,124,218.34,23.09,45.87,48.48,1,1,1.0
833,65,1143.10,555.64,66.70,112.45,1,1,1.0
833,66,1070.49,632.58,78.89,97.27,1,1,1.0
833,76,1905.81,48.52,14.19,33.51,1,1,1.0
833,123,1170.74,329.69,25.50,54.18,1,1,1.0
833,124,220.53,22.12,46.72,49.52,1,1,1.0
