1,98269,627.00,336.00,7.00,7.00,1,7,1.0000,-1
1,28978,580.00,319.00,8.00,9.00,1,7,1.0000,-1
1,54681,935.00,384.00,45.00,14.00,1,7,1.0000,-1
1,51885,1019.00,324.00,4.00,11.00,1,7,1.0000,-1
1,96243,787.00,143.00,51.00,45.00,1,1,0.3556,-1
1,31226,887.00,269.00,2.00,2.00,1,7,0.0032,-1
1,71909,987.00,0.00,36.00,39.00,1,1,1.0000,-1
2,98269,627.00,334.00,7.00,7.00,1,7,1.0000,-1
2,28978,580.00,317.00,8.00,9.00,1,7,0.9846,-1
2,54681,935.00,382.00,45.00,14.00,1,7,1.0000,-1
2,51885,1019.00,322.00,4.00,11.00,1,7,1.0000,-1
2,96243,787.00,139.00,51.00,44.00,1,1,0.3509,-1
2,31226,887.00,263.00,1.00,2.00,1,7,0.0025,-1
2,71909,987.00,0.00,36.00,34.00,1,1,1.0000,-1
3,98269,627.00,336.00,6.00,7.00,1,7,1.0000,-1
3,28978,580.00,319.00,8.00,9.00,1,7,0.9851,-1
3,54681,934.00,390.00,44.00,15.00,1,7,1.0000,-1
3,51885,1019.00,332.00,4.00,11.00,1,7,1.0000,-1
3,96243,788.00,146.00,50.00,43.00,1,1,0.3423,-1
3,31226,885.00,271.00,2.00,2.00,1,7,0.0025,-1
3,71909,990.00,0.00,33.00,44.00,1,1,1.0000,-1
4,98269,625.00,337.00,6.00,7.00,1,7,1.0000,-1
4,28978,578.00,319.00,8.00,9.00,1,7,0.9844,-1
4,54681,932.00,393.00,43.00,14.00,1,7,1.0000,-1
4,51885,1017.00,335.00,6.00,13.00,1,7,1.0000,-1
4,96243,784.00,147.00,48.00,43.00,1,1,0.3261,-1
4,31226,879.00,273.00,2.00,2.00,1,7,0.0026,-1
4,71909,986.00,0.00,37.00,46.00,1,1,0.9988,-1
5,98269,621.00,335.00,7.00,7.00,1,7,1.0000,-1
5,28978,574.00,318.00,9.00,9.00,1,7,1.0000,-1
5,54681,930.00,387.00,44.00,14.00,1,7,1.0000,-1
5,51885,1013.00,328.00,10.00,15.00,1,7,1.0000,-1
5,96243,774.00,143.00,45.00,39.00,1,1,0.3013,-1
5,31226,869.00,267.00,1.00,1.00,1,7,0.0013,-1
5,71909,973.00,0.00,50.00,40.00,1,1,1.0000,-1
6,98269,617.00,333.00,7.00,7.00,1,7,1.0000,-1
6,28978,570.00,317.00,9.00,9.00,1,7,0.9846,-1
6,54681,927.00,380.00,44.00,14.00,1,7,1.0000,-1
6,51885,1009.00,320.00,14.00,17.00,1,7,1.0000,-1
6,96243,763.00,137.00,42.00,38.00,1,1,0.2734,-1
6,31226,857.00,261.00,1.00,0.00,1,7,0.0013,-1
6,71909,959.00,0.00,64.00,32.00,1,1,1.0000,-1
6,41466,1020.00,97.00,3.00,17.00,1,7,0.8043,-1
7,98269,615.00,333.00,7.00,7.00,1,7,1.0000,-1
7,28978,568.00,316.00,8.00,10.00,1,7,1.0000,-1
7,54681,925.00,380.00,43.00,14.00,1,7,1.0000,-1
7,51885,1007.00,320.00,16.00,17.00,1,7,1.0000,-1
7,96243,757.00,137.00,40.00,36.00,1,1,0.2542,-1
7,31226,850.00,260.00,0.00,1.00,1,7,0.0013,-1
7,71909,952.00,0.00,71.00,31.00,1,1,1.0000,-1
7,41466,1011.00,82.00,12.00,49.00,1,7,0.8998,-1
8,98269,612.00,333.00,7.00,7.00,1,7,1.0000,-1
8,28978,566.00,317.00,8.00,9.00,1,7,0.9846,-1
8,54681,922.00,379.00,43.00,15.00,1,7,1.0000,-1
8,51885,1004.00,320.00,19.00,18.00,1,7,1.0000,-1
8,96243,751.00,137.00,37.00,33.00,1,1,0.2351,-1
8,31226,842.00,260.00,0.00,0.00,1,7,0.0007,-1
8,71909,944.00,0.00,79.00,31.00,1,1,1.0000,-1
8,41466,1002.00,75.00,21.00,67.00,1,1,0.9595,-1
9,98269,610.00,333.00,7.00,7.00,1,7,1.0000,-1
9,28978,563.00,316.00,9.00,10.00,1,7,1.0000,-1
9,54681,920.00,379.00,43.00,15.00,1,7,1.0000,-1
9,51885,1001.00,319.00,22.00,19.00,1,1,1.0000,-1
9,96243,745.00,137.00,35.00,31.00,1,1,0.2157,-1
9,71909,937.00,0.00,81.00,31.00,1,1,0.9977,-1
9,41466,993.00,70.00,30.00,78.00,1,1,0.9803,-1
10,98269,608.00,333.00,6.00,7.00,1,7,1.0000,-1
10,28978,561.00,316.00,8.00,10.00,1,7,0.9844,-1
10,54681,918.00,379.00,43.00,15.00,1,7,1.0000,-1
10,51885,999.00,319.00,24.00,19.00,1,1,1.0000,-1
10,96243,739.00,137.00,33.00,29.00,1,7,0.1956,-1
10,71909,930.00,0.00,79.00,31.00,1,1,0.9945,-1
10,41466,984.00,69.00,39.00,84.00,1,1,0.9877,-1
11,98269,605.00,333.00,7.00,7.00,1,7,1.0000,-1
11,28978,558.00,317.00,9.00,9.00,1,7,0.9706,-1
11,54681,916.00,379.00,42.00,15.00,1,7,1.0000,-1
11,51885,997.00,319.00,26.00,19.00,1,1,0.9973,-1
11,96243,732.00,137.00,31.00,28.00,1,7,0.1774,-1
11,71909,923.00,0.00,77.00,31.00,1,1,0.9898,-1
11,41466,976.00,67.00,47.00,92.00,1,1,0.9921,-1
12,98269,603.00,333.00,6.00,7.00,1,7,1.0000,-1
12,28978,556.00,316.00,8.00,10.00,1,7,1.0000,-1
12,54681,913.00,380.00,43.00,14.00,1,7,1.0000,-1
12,51885,994.00,320.00,29.00,18.00,1,1,1.0000,-1
12,96243,726.00,137.00,29.00,27.00,1,7,0.1585,-1
12,31226,812.00,259.00,0.00,0.00,1,7,0.0007,-1
12,71909,917.00,0.00,75.00,32.00,1,1,0.9821,-1
12,41466,967.00,66.00,56.00,96.00,1,1,0.9945,-1
13,98269,600.00,333.00,7.00,7.00,1,7,1.0000,-1
13,28978,554.00,317.00,8.00,9.00,1,7,0.9846,-1
13,54681,911.00,380.00,44.00,14.00,1,7,1.0000,-1
13,51885,992.00,320.00,30.00,18.00,1,1,1.0000,-1
13,96243,721.00,138.00,26.00,24.00,1,7,0.1408,-1
13,71909,910.00,0.00,73.00,32.00,1,1,0.9739,-1
13,41466,959.00,66.00,64.00,100.00,1,1,0.9959,-1
14,98269,598.00,333.00,7.00,7.00,1,7,1.0000,-1
14,28978,551.00,317.00,9.00,9.00,1,7,0.9857,-1
14,54681,909.00,380.00,43.00,15.00,1,7,1.0000,-1
14,51885,989.00,320.00,30.00,19.00,1,1,1.0000,-1
14,96243,716.00,138.00,23.00,24.00,1,7,0.1221,-1
14,71909,903.00,0.00,72.00,32.00,1,1,0.9629,-1
14,41466,950.00,65.00,73.00,104.00,1,1,0.9970,-1
15,98269,596.00,333.00,6.00,7.00,1,7,1.0000,-1
15,28978,549.00,317.00,9.00,9.00,1,7,0.9844,-1
15,54681,907.00,381.00,43.00,14.00,1,7,1.0000,-1
15,51885,987.00,321.00,30.00,18.00,1,1,1.0000,-1
15,96243,710.00,138.00,21.00,22.00,1,7,0.1037,-1
15,71909,897.00,0.00,70.00,33.00,1,1,0.9501,-1
15,41466,942.00,66.00,81.00,106.00,1,1,0.9979,-1
16,98269,593.00,334.00,7.00,6.00,1,7,1.0000,-1
16,28978,547.00,317.00,8.00,9.00,1,7,1.0000,-1
16,54681,905.00,381.00,42.00,15.00,1,7,1.0000,-1
16,51885,985.00,321.00,29.00,19.00,1,1,1.0000,-1
16,96243,704.00,139.00,19.00,20.00,1,7,0.0845,-1
16,71909,890.00,0.00,69.00,33.00,1,1,0.9355,-1
16,41466,934.00,66.00,89.00,107.00,1,1,0.9983,-1
17,98269,591.00,334.00,7.00,7.00,1,7,1.0000,-1
17,28978,544.00,317.00,9.00,9.00,1,7,0.9848,-1
17,54681,902.00,382.00,43.00,14.00,1,7,1.0000,-1
17,51885,982.00,322.00,30.00,18.00,1,1,1.0000,-1
17,96243,699.00,139.00,67.00,40.00,1,7,0.0700,-1
17,71909,885.00,0.00,67.00,33.00,1,1,0.9095,-1
17,41466,925.00,66.00,98.00,109.00,1,1,0.9990,-1
18,98269,589.00,334.00,6.00,7.00,1,7,1.0000,-1
18,28978,542.00,317.00,9.00,9.00,1,7,1.0000,-1
18,54681,900.00,382.00,43.00,14.00,1,7,1.0000,-1
18,51885,980.00,323.00,29.00,18.00,1,1,1.0000,-1
18,96243,693.00,140.00,67.00,41.00,1,7,0.0605,-1
18,71909,878.00,0.00,65.00,34.00,1,1,0.8717,-1
18,41466,917.00,67.00,106.00,110.00,1,1,0.9991,-1
19,98269,586.00,334.00,7.00,7.00,1,7,1.0000,-1
19,28978,540.00,317.00,9.00,9.00,1,7,0.9841,-1
19,54681,898.00,383.00,43.00,14.00,1,7,1.0000,-1
19,51885,978.00,323.00,29.00,19.00,1,1,1.0000,-1
19,96243,688.00,141.00,66.00,41.00,1,7,0.0593,-1
19,71909,872.00,0.00,61.00,34.00,1,1,0.8256,-1
19,41466,909.00,68.00,114.00,110.00,1,1,0.9996,-1
20,98269,584.00,334.00,7.00,7.00,1,7,1.0000,-1
20,28978,538.00,317.00,8.00,9.00,1,7,1.0000,-1
20,54681,896.00,383.00,42.00,14.00,1,7,1.0000,-1
20,51885,975.00,324.00,29.00,18.00,1,1,1.0000,-1
20,96243,682.00,141.00,66.00,42.00,1,7,0.0566,-1
20,71909,865.00,0.00,59.00,35.00,1,1,0.7799,-1
20,41466,900.00,68.00,123.00,110.00,1,1,0.9995,-1
21,98269,582.00,334.00,6.00,7.00,1,7,1.0000,-1
21,28978,535.00,317.00,9.00,9.00,1,7,0.9697,-1
21,54681,894.00,383.00,42.00,15.00,1,7,1.0000,-1
21,51885,973.00,324.00,29.00,19.00,1,1,1.0000,-1
21,96243,677.00,143.00,65.00,41.00,1,7,0.0576,-1
21,71909,859.00,0.00,55.00,35.00,1,1,0.7287,-1
21,41466,892.00,69.00,131.00,110.00,1,1,0.9998,-1
22,98269,579.00,334.00,7.00,7.00,1,7,1.0000,-1
22,28978,533.00,317.00,9.00,9.00,1,7,0.9844,-1
22,54681,891.00,384.00,43.00,14.00,1,7,1.0000,-1
22,51885,971.00,325.00,29.00,18.00,1,1,0.9974,-1
22,96243,671.00,144.00,65.00,41.00,1,7,0.0628,-1
22,71909,852.00,0.00,53.00,35.00,1,1,0.6767,-1
22,41466,883.00,69.00,140.00,111.00,1,1,0.9998,-1
23,98269,577.00,334.00,7.00,7.00,1,7,1.0000,-1
23,28978,531.00,317.00,9.00,9.00,1,7,1.0000,-1
23,54681,889.00,384.00,42.00,14.00,1,7,1.0000,-1
23,51885,968.00,325.00,29.00,18.00,1,1,1.0000,-1
23,96243,665.00,145.00,65.00,41.00,1,7,0.0722,-1
23,71909,846.00,0.00,49.00,36.00,1,1,0.6214,-1
23,41466,874.00,69.00,149.00,111.00,1,1,0.9999,-1
24,98269,574.00,334.00,7.00,7.00,1,7,1.0000,-1
24,28978,528.00,317.00,9.00,9.00,1,7,0.9848,-1
24,54681,887.00,384.00,42.00,15.00,1,7,1.0000,-1
24,51885,966.00,325.00,29.00,19.00,1,1,1.0000,-1
24,96243,660.00,147.00,64.00,40.00,1,7,0.0860,-1
24,71909,839.00,0.00,46.00,36.00,1,1,0.5666,-1
24,41466,866.00,70.00,157.00,110.00,1,1,0.9998,-1
25,98269,572.00,334.00,7.00,7.00,1,7,1.0000,-1
25,28978,526.00,317.00,9.00,9.00,1,7,0.9844,-1
25,54681,885.00,384.00,42.00,15.00,1,7,1.0000,-1
25,51885,963.00,325.00,29.00,19.00,1,1,1.0000,-1
25,96243,701.00,157.00,17.00,31.00,1,7,0.1023,-1
25,71909,832.00,0.00,42.00,36.00,1,1,0.5047,-1
25,41466,857.00,70.00,166.00,110.00,1,1,0.9999,-1
26,98269,570.00,334.00,6.00,7.00,1,7,1.0000,-1
26,28978,524.00,317.00,9.00,9.00,1,7,0.9846,-1
26,54681,883.00,384.00,41.00,15.00,1,7,1.0000,-1
26,51885,961.00,325.00,29.00,19.00,1,1,1.0000,-1
26,96243,694.00,156.00,17.00,32.00,1,7,0.1119,-1
26,71909,825.00,0.00,39.00,36.00,1,1,0.4418,-1
26,41466,848.00,70.00,175.00,110.00,1,1,0.9999,-1
27,98269,567.00,334.00,7.00,7.00,1,7,1.0000,-1
27,28978,521.00,317.00,9.00,9.00,1,7,0.9846,-1
27,54681,880.00,384.00,41.00,15.00,1,7,1.0000,-1
27,51885,958.00,325.00,29.00,19.00,1,1,1.0000,-1
27,96243,685.00,154.00,19.00,35.00,1,7,0.1202,-1
27,71909,818.00,0.00,35.00,36.00,1,1,0.3791,-1
27,41466,838.00,69.00,179.00,111.00,1,1,0.9999,-1
28,98269,565.00,334.00,6.00,7.00,1,7,1.0000,-1
28,28978,519.00,317.00,9.00,9.00,1,7,1.0000,-1
28,54681,878.00,384.00,42.00,14.00,1,7,1.0000,-1
28,51885,956.00,325.00,29.00,18.00,1,1,1.0000,-1
28,96243,677.00,154.00,20.00,35.00,1,7,0.1220,-1
28,71909,811.00,0.00,31.00,36.00,1,1,0.3163,-1
28,41466,829.00,69.00,178.00,111.00,1,1,0.9999,-1
29,98269,562.00,334.00,7.00,7.00,1,7,1.0000,-1
29,28978,516.00,317.00,9.00,9.00,1,7,1.0000,-1
29,54681,876.00,384.00,42.00,14.00,1,7,1.0000,-1
29,51885,953.00,324.00,29.00,19.00,1,1,1.0000,-1
29,96243,649.00,140.00,41.00,50.00,1,7,0.1214,-1
29,71909,804.00,0.00,27.00,35.00,1,1,0.2496,-1
29,41466,820.00,69.00,178.00,110.00,1,1,0.9999,-1
30,98269,559.00,334.00,7.00,7.00,1,7,1.0000,-1
30,28978,514.00,317.00,9.00,9.00,1,7,1.0000,-1
30,54681,874.00,383.00,41.00,15.00,1,7,1.0000,-1
30,51885,951.00,324.00,28.00,19.00,1,1,1.0000,-1
30,96243,641.00,140.00,41.00,45.00,1,7,0.1183,-1
30,71909,796.00,0.00,24.00,35.00,1,7,0.1792,-1
30,41466,810.00,68.00,178.00,111.00,1,1,0.9999,-1
31,98269,557.00,334.00,7.00,7.00,1,7,1.0000,-1
31,28978,511.00,317.00,9.00,9.00,1,7,0.9851,-1
31,54681,871.00,383.00,42.00,14.00,1,7,1.0000,-1
31,51885,948.00,324.00,29.00,18.00,1,1,1.0000,-1
31,96243,632.00,139.00,42.00,44.00,1,7,0.1144,-1
31,71909,789.00,0.00,20.00,35.00,1,7,0.1007,-1
31,41466,801.00,68.00,177.00,111.00,1,1,0.9999,-1
32,98269,554.00,334.00,7.00,7.00,1,7,1.0000,-1
32,28978,509.00,317.00,9.00,9.00,1,7,0.9851,-1
32,54681,869.00,382.00,41.00,15.00,1,7,1.0000,-1
32,51885,946.00,323.00,28.00,18.00,1,1,1.0000,-1
32,96243,623.00,140.00,43.00,39.00,1,7,0.1085,-1
32,71909,781.00,0.00,70.00,34.00,1,7,0.0384,-1
32,41466,791.00,67.00,177.00,111.00,1,1,1.0000,-1
33,98269,552.00,334.00,7.00,7.00,1,7,1.0000,-1
33,28978,506.00,317.00,9.00,9.00,1,7,0.9851,-1
33,54681,867.00,382.00,42.00,14.00,1,7,1.0000,-1
33,51885,943.00,322.00,28.00,19.00,1,1,1.0000,-1
33,96243,614.00,141.00,44.00,36.00,1,7,0.1041,-1
33,71909,786.00,0.00,56.00,4.00,1,7,0.0063,-1
33,41466,781.00,67.00,177.00,110.00,1,1,0.9999,-1
34,98269,549.00,334.00,7.00,7.00,1,7,1.0000,-1
34,28978,504.00,317.00,9.00,9.00,1,7,0.9853,-1
34,54681,864.00,382.00,42.00,14.00,1,7,1.0000,-1
34,51885,940.00,322.00,29.00,18.00,1,1,1.0000,-1
34,96243,606.00,142.00,44.00,33.00,1,7,0.0960,-1
34,71909,829.00,0.00,4.00,5.00,1,7,0.0113,-1
34,41466,772.00,66.00,176.00,111.00,1,1,0.9999,-1
35,98269,547.00,334.00,7.00,7.00,1,7,1.0000,-1
35,28978,501.00,317.00,9.00,9.00,1,7,0.9851,-1
35,54681,862.00,381.00,42.00,14.00,1,7,1.0000,-1
35,51885,938.00,321.00,28.00,19.00,1,1,1.0000,-1
35,96243,597.00,142.00,45.00,30.00,1,7,0.0886,-1
35,31226,678.00,251.00,3.00,5.00,1,7,0.0040,-1
35,71909,784.00,0.00,41.00,17.00,1,7,0.0371,-1
35,41466,762.00,66.00,177.00,110.00,1,1,1.0000,-1
36,98269,544.00,334.00,7.00,6.00,1,7,1.0000,-1
36,28978,499.00,317.00,9.00,9.00,1,7,0.9853,-1
36,54681,860.00,381.00,41.00,14.00,1,7,1.0000,-1
36,51885,935.00,321.00,28.00,18.00,1,1,1.0000,-1
36,96243,616.00,145.00,16.00,25.00,1,7,0.0763,-1
36,31226,667.00,247.00,7.00,13.00,1,7,0.0113,-1
36,71909,770.00,0.00,46.00,23.00,1,7,0.0808,-1
36,41466,753.00,66.00,176.00,110.00,1,1,0.9999,-1
37,98269,542.00,334.00,7.00,7.00,1,7,1.0000,-1
37,28978,496.00,317.00,9.00,9.00,1,7,0.9851,-1
37,54681,858.00,380.00,40.00,15.00,1,7,1.0000,-1
37,51885,933.00,320.00,28.00,19.00,1,1,1.0000,-1
37,96243,608.00,144.00,14.00,25.00,1,7,0.0598,-1
37,31226,658.00,243.00,9.00,18.00,1,7,0.0254,-1
37,71909,758.00,0.00,50.00,26.00,1,7,0.1333,-1
37,41466,743.00,65.00,176.00,111.00,1,1,0.9999,-1
38,98269,539.00,334.00,7.00,6.00,1,7,1.0000,-1
38,28978,494.00,317.00,9.00,9.00,1,7,0.9851,-1
38,54681,855.00,380.00,42.00,14.00,1,7,1.0000,-1
38,51885,930.00,320.00,28.00,19.00,1,1,1.0000,-1
38,96243,601.00,143.00,11.00,23.00,1,7,0.0407,-1
38,31226,649.00,240.00,11.00,22.00,1,7,0.0397,-1
38,71909,746.00,0.00,54.00,29.00,1,7,0.1941,-1
38,41466,734.00,65.00,175.00,110.00,1,1,0.9999,-1
39,98269,537.00,333.00,7.00,7.00,1,7,1.0000,-1
39,28978,491.00,317.00,9.00,9.00,1,7,1.0000,-1
39,54681,853.00,380.00,42.00,14.00,1,7,1.0000,-1
39,51885,928.00,320.00,28.00,18.00,1,1,1.0000,-1
39,96243,593.00,148.00,9.00,17.00,1,7,0.0228,-1
39,31226,639.00,238.00,13.00,26.00,1,7,0.0575,-1
39,71909,735.00,0.00,57.00,30.00,1,1,0.2579,-1
39,41466,724.00,65.00,176.00,110.00,1,1,0.9999,-1
40,98269,534.00,334.00,7.00,6.00,1,7,1.0000,-1
40,28978,489.00,317.00,9.00,9.00,1,7,0.9851,-1
40,54681,851.00,380.00,41.00,14.00,1,7,1.0000,-1
40,51885,925.00,320.00,28.00,18.00,1,1,1.0000,-1
40,96243,587.00,149.00,5.00,11.00,1,7,0.0109,-1
40,31226,630.00,236.00,15.00,29.00,1,7,0.0750,-1
40,71909,724.00,0.00,60.00,32.00,1,1,0.3268,-1
40,41466,715.00,65.00,175.00,110.00,1,1,1.0000,-1
41,98269,532.00,335.00,1.00,5.00,1,7,0.2128,-1
41,28978,486.00,317.00,10.00,9.00,1,7,0.9857,-1
41,54681,849.00,380.00,41.00,14.00,1,7,1.0000,-1
41,51885,923.00,320.00,28.00,18.00,1,1,1.0000,-1
41,96243,580.00,152.00,2.00,4.00,1,7,0.0029,-1
41,31226,621.00,236.00,16.00,31.00,1,7,0.0974,-1
41,71909,715.00,0.00,61.00,32.00,1,1,0.3486,-1
41,41466,706.00,65.00,175.00,110.00,1,1,1.0000,-1
42,28978,484.00,317.00,9.00,9.00,1,7,1.0000,-1
42,54681,846.00,380.00,42.00,14.00,1,7,1.0000,-1
42,51885,920.00,320.00,28.00,18.00,1,1,1.0000,-1
42,31226,612.00,235.00,18.00,33.00,1,7,0.1152,-1
42,71909,709.00,0.00,60.00,32.00,1,1,0.3256,-1
42,41466,697.00,65.00,174.00,110.00,1,1,1.0000,-1
43,28978,482.00,317.00,9.00,9.00,1,7,0.9853,-1
43,54681,844.00,380.00,42.00,14.00,1,7,1.0000,-1
43,51885,918.00,320.00,28.00,18.00,1,1,1.0000,-1
43,31226,604.00,235.00,18.00,33.00,1,7,0.1394,-1
43,71909,707.00,0.00,55.00,24.00,1,1,0.3002,-1
43,41466,688.00,65.00,174.00,111.00,1,1,0.9999,-1
44,28978,479.00,317.00,10.00,9.00,1,7,0.9857,-1
44,54681,842.00,380.00,41.00,15.00,1,7,1.0000,-1
44,51885,915.00,320.00,28.00,19.00,1,1,1.0000,-1
44,31226,595.00,234.00,20.00,35.00,1,7,0.1616,-1
44,71909,701.00,0.00,54.00,19.00,1,1,0.2829,-1
44,41466,679.00,65.00,174.00,111.00,1,1,0.9999,-1
45,28978,477.00,317.00,9.00,9.00,1,7,0.9848,-1
45,54681,840.00,380.00,40.00,15.00,1,7,1.0000,-1
45,51885,913.00,321.00,28.00,18.00,1,1,1.0000,-1
45,31226,587.00,233.00,21.00,37.00,1,7,0.1871,-1
45,71909,694.00,0.00,54.00,18.00,1,1,0.2709,-1
45,41466,671.00,66.00,173.00,110.00,1,1,0.9999,-1
46,28978,475.00,317.00,9.00,9.00,1,7,0.9853,-1
46,54681,838.00,381.00,41.00,14.00,1,7,1.0000,-1
46,51885,911.00,321.00,27.00,19.00,1,1,1.0000,-1
46,31226,578.00,232.00,23.00,39.00,1,1,0.2097,-1
46,71909,687.00,0.00,54.00,17.00,1,1,0.2575,-1
46,41466,662.00,66.00,173.00,110.00,1,1,1.0000,-1
47,28978,472.00,317.00,10.00,9.00,1,7,0.9859,-1
47,54681,835.00,381.00,40.00,15.00,1,7,1.0000,-1
47,51885,908.00,322.00,28.00,18.00,1,1,1.0000,-1
47,31226,571.00,231.00,22.00,40.00,1,1,0.2360,-1
47,71909,681.00,0.00,53.00,18.00,1,1,0.2431,-1
47,41466,653.00,66.00,173.00,111.00,1,1,0.9999,-1
48,28978,470.00,317.00,10.00,9.00,1,7,0.9855,-1
48,54681,833.00,382.00,41.00,14.00,1,7,1.0000,-1
48,51885,906.00,322.00,27.00,19.00,1,1,1.0000,-1
48,31226,563.00,230.00,23.00,41.00,1,1,0.2624,-1
48,71909,675.00,0.00,53.00,18.00,1,1,0.2350,-1
48,41466,645.00,67.00,172.00,110.00,1,1,0.9999,-1
49,28978,468.00,317.00,6.00,9.00,1,7,0.6377,-1
49,54681,831.00,382.00,40.00,14.00,1,7,1.0000,-1
49,51885,904.00,323.00,27.00,18.00,1,1,0.9973,-1
49,31226,554.00,230.00,25.00,42.00,1,1,0.2880,-1
49,71909,669.00,0.00,52.00,18.00,1,1,0.2318,-1
49,41466,636.00,67.00,172.00,110.00,1,1,0.9999,-1
50,28978,466.00,322.00,1.00,3.00,1,7,0.0896,-1
50,54681,829.00,382.00,40.00,15.00,1,7,1.0000,-1
50,51885,901.00,323.00,28.00,19.00,1,1,1.0000,-1
50,31226,546.00,230.00,26.00,42.00,1,1,0.3130,-1
50,71909,662.00,0.00,52.00,18.00,1,1,0.2324,-1
50,41466,628.00,67.00,171.00,111.00,1,1,0.9999,-1
51,54681,827.00,383.00,40.00,14.00,1,7,0.9977,-1
51,51885,899.00,323.00,27.00,19.00,1,1,1.0000,-1
51,31226,538.00,230.00,27.00,42.00,1,1,0.3365,-1
51,71909,673.00,0.00,33.00,18.00,1,1,0.2361,-1
51,41466,619.00,67.00,172.00,111.00,1,1,1.0000,-1
52,98269,513.00,336.00,0.00,2.00,1,7,0.0612,-1
52,54681,824.00,383.00,40.00,15.00,1,7,1.0000,-1
52,51885,897.00,324.00,27.00,18.00,1,1,1.0000,-1
52,31226,530.00,230.00,28.00,42.00,1,1,0.3580,-1
52,71909,664.00,0.00,34.00,19.00,1,1,0.2410,-1
52,41466,611.00,68.00,171.00,110.00,1,1,0.9999,-1
53,98269,505.00,334.00,6.00,7.00,1,7,0.7755,-1
53,54681,822.00,383.00,41.00,15.00,1,7,1.0000,-1
53,51885,894.00,324.00,27.00,19.00,1,1,1.0000,-1
53,31226,523.00,230.00,28.00,42.00,1,1,0.3704,-1
53,71909,656.00,0.00,33.00,19.00,1,1,0.2440,-1
53,41466,602.00,68.00,171.00,111.00,1,1,1.0000,-1
54,98269,501.00,334.00,7.00,7.00,1,7,1.0000,-1
54,54681,820.00,384.00,41.00,14.00,1,7,1.0000,-1
54,51885,892.00,324.00,27.00,19.00,1,1,1.0000,-1
54,31226,515.00,229.00,29.00,43.00,1,1,0.3857,-1
54,71909,647.00,0.00,34.00,19.00,1,1,0.2468,-1
54,41466,593.00,68.00,170.00,111.00,1,1,1.0000,-1
55,98269,499.00,334.00,7.00,7.00,1,7,1.0000,-1
55,54681,818.00,384.00,40.00,14.00,1,7,1.0000,-1
55,51885,889.00,325.00,27.00,18.00,1,1,1.0000,-1
55,31226,507.00,229.00,29.00,43.00,1,1,0.3962,-1
55,71909,639.00,0.00,33.00,18.00,1,1,0.2496,-1
55,41466,584.00,68.00,170.00,111.00,1,1,0.9999,-1
56,98269,496.00,334.00,7.00,7.00,1,7,1.0000,-1
56,54681,816.00,384.00,40.00,14.00,1,7,1.0000,-1
56,51885,887.00,325.00,27.00,18.00,1,1,1.0000,-1
56,31226,499.00,229.00,30.00,44.00,1,1,0.4084,-1
56,71909,630.00,0.00,33.00,19.00,1,1,0.2526,-1
56,41466,575.00,68.00,170.00,111.00,1,1,0.9999,-1
57,98269,494.00,334.00,7.00,7.00,1,7,1.0000,-1
57,54681,813.00,384.00,40.00,14.00,1,7,1.0000,-1
57,51885,884.00,325.00,27.00,18.00,1,1,0.9972,-1
57,31226,491.00,229.00,31.00,44.00,1,1,0.4231,-1
57,71909,621.00,0.00,33.00,18.00,1,1,0.2520,-1
57,41466,566.00,68.00,170.00,111.00,1,1,1.0000,-1
58,98269,491.00,334.00,7.00,7.00,1,7,1.0000,-1
58,54681,811.00,384.00,40.00,14.00,1,7,0.9977,-1
58,51885,882.00,325.00,27.00,18.00,1,1,1.0000,-1
58,31226,483.00,229.00,31.00,44.00,1,1,0.4361,-1
58,71909,612.00,0.00,33.00,18.00,1,1,0.2480,-1
58,41466,557.00,68.00,169.00,111.00,1,1,1.0000,-1
59,98269,489.00,334.00,7.00,7.00,1,7,1.0000,-1
59,54681,809.00,384.00,40.00,14.00,1,7,1.0000,-1
59,51885,879.00,324.00,27.00,19.00,1,1,1.0000,-1
59,31226,475.00,228.00,32.00,45.00,1,1,0.4501,-1
59,71909,602.00,0.00,33.00,19.00,1,1,0.2487,-1
59,41466,548.00,67.00,169.00,111.00,1,1,0.9999,-1
60,98269,486.00,334.00,7.00,7.00,1,7,1.0000,-1
60,54681,807.00,383.00,39.00,15.00,1,7,1.0000,-1
60,51885,877.00,324.00,26.00,19.00,1,1,1.0000,-1
60,31226,467.00,228.00,32.00,45.00,1,1,0.4627,-1
60,71909,593.00,0.00,33.00,18.00,1,1,0.2513,-1
60,41466,538.00,67.00,169.00,111.00,1,1,1.0000,-1
61,98269,484.00,334.00,7.00,7.00,1,7,1.0000,-1
61,28978,450.00,320.00,0.00,2.00,1,7,0.0411,-1
61,54681,804.00,383.00,40.00,14.00,1,7,1.0000,-1
61,51885,874.00,324.00,27.00,18.00,1,1,1.0000,-1
61,96243,491.00,172.00,2.00,6.00,1,7,0.0052,-1
61,31226,459.00,228.00,32.00,45.00,1,1,0.4745,-1
61,71909,584.00,0.00,32.00,18.00,1,1,0.2484,-1
61,41466,529.00,67.00,168.00,111.00,1,1,1.0000,-1
62,98269,481.00,334.00,7.00,7.00,1,7,1.0000,-1
62,28978,442.00,317.00,5.00,9.00,1,7,0.5694,-1
62,54681,802.00,383.00,40.00,14.00,1,7,1.0000,-1
62,51885,872.00,323.00,26.00,19.00,1,1,1.0000,-1
62,96243,482.00,168.00,5.00,11.00,1,7,0.0170,-1
62,31226,451.00,228.00,33.00,45.00,1,1,0.4869,-1
62,71909,575.00,0.00,31.00,17.00,1,1,0.2456,-1
62,41466,519.00,67.00,168.00,111.00,1,1,0.9999,-1
63,98269,479.00,334.00,7.00,7.00,1,7,1.0000,-1
63,28978,435.00,317.00,10.00,9.00,1,7,0.9600,-1
63,54681,800.00,382.00,39.00,15.00,1,7,1.0000,-1
63,51885,869.00,323.00,27.00,18.00,1,1,1.0000,-1
63,96243,473.00,163.00,7.00,17.00,1,7,0.0364,-1
63,31226,443.00,228.00,33.00,45.00,1,1,0.5026,-1
63,71909,567.00,0.00,30.00,27.00,1,1,0.2419,-1
63,41466,510.00,67.00,168.00,111.00,1,1,0.9999,-1
64,98269,476.00,334.00,7.00,7.00,1,7,1.0000,-1
64,28978,432.00,317.00,10.00,9.00,1,7,1.0000,-1
64,54681,798.00,382.00,39.00,14.00,1,7,1.0000,-1
64,51885,866.00,322.00,27.00,19.00,1,1,1.0000,-1
64,96243,464.00,160.00,10.00,21.00,1,7,0.0588,-1
64,31226,435.00,228.00,33.00,45.00,1,1,0.5135,-1
64,71909,559.00,0.00,33.00,28.00,1,1,0.2350,-1
64,41466,500.00,67.00,168.00,110.00,1,1,1.0000,-1
65,98269,473.00,334.00,8.00,7.00,1,7,1.0000,-1
65,28978,429.00,317.00,11.00,9.00,1,7,1.0000,-1
65,54681,795.00,382.00,40.00,14.00,1,7,1.0000,-1
65,51885,864.00,322.00,26.00,18.00,1,1,1.0000,-1
65,96243,454.00,158.00,13.00,24.00,1,7,0.0877,-1
65,31226,427.00,228.00,33.00,45.00,1,1,0.5265,-1
65,71909,551.00,0.00,36.00,28.00,1,1,0.2341,-1
65,41466,490.00,67.00,168.00,110.00,1,1,0.9999,-1
66,98269,471.00,334.00,7.00,7.00,1,7,1.0000,-1
66,28978,427.00,317.00,10.00,9.00,1,7,0.9855,-1
66,54681,793.00,381.00,39.00,15.00,1,7,1.0000,-1
66,51885,861.00,321.00,27.00,19.00,1,1,1.0000,-1
66,96243,445.00,156.00,16.00,27.00,1,7,0.1199,-1
66,31226,418.00,228.00,35.00,45.00,1,1,0.5384,-1
66,71909,543.00,0.00,38.00,28.00,1,1,0.2352,-1
66,41466,481.00,67.00,167.00,110.00,1,1,1.0000,-1
67,98269,468.00,334.00,8.00,7.00,1,7,1.0000,-1
67,28978,424.00,317.00,11.00,9.00,1,7,1.0000,-1
67,54681,791.00,381.00,39.00,14.00,1,7,1.0000,-1
67,51885,859.00,321.00,26.00,19.00,1,1,1.0000,-1
67,96243,436.00,153.00,19.00,31.00,1,7,0.1569,-1
67,31226,410.00,228.00,35.00,45.00,1,1,0.5512,-1
67,71909,535.00,0.00,41.00,28.00,1,1,0.2440,-1
67,41466,471.00,67.00,167.00,110.00,1,1,1.0000,-1
68,98269,466.00,334.00,7.00,7.00,1,7,1.0000,-1
68,28978,422.00,317.00,10.00,9.00,1,7,0.9855,-1
68,54681,788.00,381.00,40.00,14.00,1,7,1.0000,-1
68,51885,856.00,321.00,26.00,18.00,1,1,1.0000,-1
68,96243,427.00,151.00,21.00,34.00,1,7,0.1977,-1
68,31226,402.00,228.00,35.00,45.00,1,1,0.5632,-1
68,71909,527.00,0.00,42.00,34.00,1,1,0.2635,-1
68,41466,462.00,67.00,166.00,110.00,1,1,0.9998,-1
69,98269,463.00,334.00,8.00,7.00,1,7,1.0000,-1
69,28978,419.00,317.00,11.00,10.00,1,7,1.0000,-1
69,54681,786.00,380.00,38.00,15.00,1,7,1.0000,-1
69,51885,854.00,321.00,26.00,18.00,1,1,1.0000,-1
69,96243,418.00,149.00,24.00,37.00,1,1,0.2420,-1
69,31226,394.00,228.00,36.00,46.00,1,1,0.5738,-1
69,71909,519.00,0.00,43.00,34.00,1,1,0.2799,-1
69,41466,452.00,67.00,167.00,110.00,1,1,1.0000,-1
70,98269,461.00,334.00,7.00,7.00,1,7,1.0000,-1
70,28978,417.00,317.00,11.00,10.00,1,7,0.9730,-1
70,54681,784.00,380.00,39.00,15.00,1,7,1.0000,-1
70,51885,851.00,320.00,26.00,19.00,1,1,1.0000,-1
70,96243,409.00,148.00,26.00,39.00,1,1,0.2882,-1
70,31226,386.00,228.00,36.00,46.00,1,1,0.5826,-1
70,71909,512.00,0.00,44.00,34.00,1,1,0.3087,-1
70,41466,443.00,67.00,166.00,110.00,1,1,1.0000,-1
71,98269,458.00,334.00,8.00,7.00,1,7,1.0000,-1
71,28978,414.00,317.00,11.00,10.00,1,7,0.9865,-1
71,54681,782.00,380.00,39.00,15.00,1,7,1.0000,-1
71,51885,849.00,320.00,26.00,19.00,1,1,1.0000,-1
71,96243,400.00,147.00,29.00,41.00,1,1,0.3381,-1
71,31226,378.00,228.00,37.00,46.00,1,1,0.5939,-1
71,71909,504.00,0.00,46.00,34.00,1,1,0.3362,-1
71,41466,434.00,67.00,166.00,110.00,1,1,0.9999,-1
72,98269,456.00,334.00,7.00,7.00,1,7,1.0000,-1
72,28978,412.00,317.00,11.00,10.00,1,7,0.9740,-1
72,54681,779.00,380.00,40.00,15.00,1,7,1.0000,-1
72,51885,846.00,320.00,26.00,19.00,1,1,1.0000,-1
72,96243,392.00,146.00,31.00,42.00,1,1,0.3928,-1
72,31226,370.00,228.00,37.00,46.00,1,1,0.6044,-1
72,71909,497.00,0.00,46.00,34.00,1,1,0.3599,-1
72,41466,425.00,67.00,166.00,110.00,1,1,0.9999,-1
73,98269,453.00,334.00,8.00,7.00,1,7,1.0000,-1
73,28978,410.00,317.00,10.00,10.00,1,7,0.9861,-1
73,54681,777.00,380.00,39.00,15.00,1,7,1.0000,-1
73,51885,844.00,320.00,26.00,19.00,1,1,1.0000,-1
73,96243,384.00,144.00,33.00,44.00,1,1,0.4455,-1
73,31226,362.00,228.00,38.00,46.00,1,1,0.6153,-1
73,71909,489.00,0.00,47.00,34.00,1,1,0.3869,-1
73,41466,416.00,67.00,165.00,110.00,1,1,0.9999,-1
74,98269,451.00,334.00,8.00,7.00,1,7,1.0000,-1
74,28978,407.00,317.00,11.00,10.00,1,7,0.9865,-1
74,54681,775.00,380.00,38.00,15.00,1,7,1.0000,-1
74,51885,841.00,320.00,26.00,19.00,1,1,1.0000,-1
74,96243,377.00,143.00,34.00,45.00,1,1,0.4921,-1
74,31226,355.00,228.00,38.00,46.00,1,1,0.6232,-1
74,71909,482.00,0.00,47.00,34.00,1,1,0.4107,-1
74,41466,407.00,67.00,165.00,110.00,1,1,0.9999,-1
75,98269,448.00,334.00,8.00,7.00,1,7,1.0000,-1
75,28978,405.00,317.00,11.00,10.00,1,7,0.9865,-1
75,54681,773.00,381.00,38.00,14.00,1,7,1.0000,-1
75,51885,839.00,321.00,26.00,18.00,1,1,1.0000,-1
75,96243,369.00,142.00,36.00,46.00,1,1,0.5413,-1
75,31226,347.00,228.00,39.00,46.00,1,1,0.6341,-1
75,71909,475.00,0.00,47.00,34.00,1,1,0.4383,-1
75,41466,398.00,67.00,165.00,110.00,1,1,0.9999,-1
76,98269,446.00,334.00,8.00,7.00,1,7,1.0000,-1
76,28978,403.00,317.00,11.00,10.00,1,7,0.9730,-1
76,54681,771.00,381.00,39.00,14.00,1,7,1.0000,-1
76,51885,837.00,321.00,25.00,18.00,1,1,1.0000,-1
76,96243,362.00,141.00,37.00,47.00,1,1,0.5865,-1
76,31226,339.00,228.00,39.00,46.00,1,1,0.6416,-1
76,71909,468.00,0.00,47.00,34.00,1,1,0.4670,-1
76,41466,389.00,67.00,165.00,110.00,1,1,1.0000,-1
77,98269,444.00,334.00,8.00,7.00,1,7,1.0000,-1
77,28978,400.00,317.00,11.00,9.00,1,7,0.9730,-1
77,54681,768.00,381.00,39.00,14.00,1,7,1.0000,-1
77,51885,834.00,321.00,26.00,19.00,1,1,1.0000,-1
77,96243,355.00,140.00,39.00,48.00,1,1,0.6282,-1
77,31226,331.00,228.00,40.00,46.00,1,1,0.6531,-1
77,71909,461.00,0.00,47.00,34.00,1,1,0.4898,-1
77,41466,381.00,67.00,164.00,110.00,1,1,0.9999,-1
78,98269,441.00,334.00,8.00,7.00,1,7,1.0000,-1
78,28978,398.00,317.00,11.00,9.00,1,7,0.9733,-1
78,54681,766.00,381.00,38.00,15.00,1,7,1.0000,-1
78,51885,832.00,322.00,25.00,18.00,1,1,1.0000,-1
78,96243,347.00,139.00,41.00,48.00,1,1,0.6662,-1
78,31226,324.00,228.00,40.00,45.00,1,1,0.6590,-1
78,71909,454.00,0.00,47.00,34.00,1,1,0.5176,-1
78,41466,372.00,67.00,164.00,110.00,1,1,1.0000,-1
79,98269,439.00,334.00,8.00,7.00,1,7,1.0000,-1
79,28978,396.00,317.00,11.00,9.00,1,7,0.9872,-1
79,54681,764.00,382.00,39.00,14.00,1,7,1.0000,-1
79,51885,829.00,322.00,26.00,19.00,1,1,1.0000,-1
79,96243,339.00,139.00,43.00,48.00,1,1,0.7049,-1
79,31226,316.00,228.00,41.00,45.00,1,1,0.6680,-1
79,71909,448.00,0.00,46.00,34.00,1,1,0.5464,-1
79,41466,363.00,67.00,165.00,110.00,1,1,1.0000,-1
80,98269,437.00,334.00,8.00,7.00,1,7,1.0000,-1
80,28978,394.00,317.00,11.00,9.00,1,7,0.9870,-1
80,54681,762.00,382.00,38.00,14.00,1,7,1.0000,-1
80,51885,827.00,322.00,25.00,19.00,1,1,1.0000,-1
80,96243,332.00,139.00,45.00,48.00,1,1,0.7378,-1
80,31226,309.00,228.00,41.00,45.00,1,1,0.6764,-1
80,71909,441.00,0.00,46.00,34.00,1,1,0.5734,-1
80,41466,355.00,67.00,164.00,110.00,1,1,1.0000,-1
81,98269,434.00,334.00,8.00,6.00,1,7,1.0000,-1
81,28978,391.00,317.00,11.00,9.00,1,7,0.9868,-1
81,54681,759.00,382.00,38.00,15.00,1,7,1.0000,-1
81,51885,825.00,323.00,25.00,18.00,1,1,1.0000,-1
81,96243,324.00,139.00,47.00,48.00,1,1,0.7682,-1
81,31226,301.00,228.00,42.00,45.00,1,1,0.6839,-1
81,71909,434.00,0.00,46.00,34.00,1,1,0.6040,-1
81,41466,346.00,67.00,164.00,110.00,1,1,1.0000,-1
82,98269,432.00,334.00,8.00,6.00,1,7,1.0000,-1
82,28978,389.00,317.00,11.00,9.00,1,7,0.9872,-1
82,54681,757.00,383.00,39.00,14.00,1,7,1.0000,-1
82,51885,822.00,323.00,26.00,19.00,1,1,1.0000,-1
82,96243,317.00,138.00,48.00,48.00,1,1,0.7920,-1
82,31226,294.00,227.00,42.00,46.00,1,1,0.6923,-1
82,71909,432.00,0.00,42.00,33.00,1,1,0.6347,-1
82,41466,338.00,67.00,163.00,110.00,1,1,0.9999,-1
83,98269,430.00,333.00,8.00,7.00,1,7,1.0000,-1
83,28978,387.00,316.00,11.00,10.00,1,7,1.0000,-1
83,54681,755.00,383.00,39.00,14.00,1,7,1.0000,-1
83,51885,820.00,324.00,25.00,18.00,1,1,1.0000,-1
83,96243,309.00,138.00,50.00,48.00,1,1,0.8076,-1
83,31226,286.00,227.00,43.00,45.00,1,1,0.7003,-1
83,71909,425.00,0.00,42.00,34.00,1,1,0.6647,-1
83,41466,329.00,66.00,163.00,111.00,1,1,1.0000,-1
84,98269,427.00,333.00,8.00,7.00,1,7,1.0000,-1
84,28978,384.00,316.00,12.00,10.00,1,7,0.9872,-1
84,54681,753.00,383.00,37.00,15.00,1,7,1.0000,-1
84,51885,818.00,324.00,25.00,18.00,1,1,1.0000,-1
84,96243,303.00,138.00,51.00,48.00,1,1,0.8088,-1
84,31226,278.00,227.00,44.00,45.00,1,1,0.7060,-1
84,71909,418.00,0.00,42.00,33.00,1,1,0.6933,-1
84,41466,320.00,66.00,163.00,111.00,1,1,0.9999,-1
85,98269,425.00,333.00,8.00,7.00,1,7,1.0000,-1
85,28978,382.00,316.00,11.00,10.00,1,7,0.9737,-1
85,54681,751.00,383.00,37.00,15.00,1,7,1.0000,-1
85,51885,815.00,324.00,25.00,19.00,1,1,1.0000,-1
85,96243,298.00,138.00,50.00,48.00,1,1,0.8088,-1
85,31226,271.00,227.00,44.00,45.00,1,1,0.7133,-1
85,71909,411.00,0.00,41.00,33.00,1,1,0.7182,-1
85,41466,311.00,66.00,163.00,111.00,1,1,1.0000,-1
86,98269,423.00,333.00,8.00,7.00,1,7,1.0000,-1
86,28978,380.00,316.00,11.00,9.00,1,7,0.9737,-1
86,54681,748.00,383.00,39.00,15.00,1,7,1.0000,-1
86,51885,813.00,324.00,25.00,19.00,1,1,1.0000,-1
86,96243,292.00,138.00,50.00,47.00,1,1,0.8042,-1
86,31226,263.00,227.00,45.00,45.00,1,1,0.7192,-1
86,71909,404.00,0.00,41.00,33.00,1,1,0.7447,-1
86,41466,303.00,66.00,162.00,111.00,1,1,1.0000,-1
87,98269,420.00,333.00,8.00,7.00,1,7,1.0000,-1
87,28978,377.00,316.00,12.00,9.00,1,7,1.0000,-1
87,54681,746.00,383.00,38.00,15.00,1,7,1.0000,-1
87,51885,810.00,324.00,25.00,19.00,1,1,1.0000,-1
87,96243,286.00,138.00,50.00,47.00,1,1,0.8084,-1
87,31226,255.00,227.00,46.00,45.00,1,1,0.7269,-1
87,71909,396.00,0.00,42.00,33.00,1,1,0.7707,-1
87,41466,294.00,66.00,162.00,111.00,1,1,1.0000,-1
88,98269,418.00,333.00,8.00,7.00,1,7,1.0000,-1
88,28978,375.00,316.00,11.00,9.00,1,7,0.9867,-1
88,54681,744.00,383.00,38.00,15.00,1,7,1.0000,-1
88,51885,808.00,324.00,25.00,19.00,1,1,1.0000,-1
88,96243,280.00,138.00,50.00,47.00,1,1,0.8058,-1
88,31226,247.00,227.00,47.00,45.00,1,1,0.7330,-1
88,71909,389.00,0.00,41.00,33.00,1,1,0.7933,-1
88,41466,285.00,66.00,162.00,111.00,1,1,1.0000,-1
89,98269,415.00,333.00,8.00,7.00,1,7,1.0000,-1
89,28978,373.00,316.00,11.00,9.00,1,7,0.9737,-1
89,54681,742.00,383.00,37.00,15.00,1,7,1.0000,-1
89,51885,805.00,324.00,25.00,19.00,1,1,1.0000,-1
89,96243,274.00,138.00,50.00,47.00,1,1,0.8066,-1
89,31226,239.00,227.00,47.00,45.00,1,1,0.7400,-1
89,71909,381.00,0.00,42.00,33.00,1,1,0.8148,-1
89,41466,275.00,66.00,163.00,111.00,1,1,1.0000,-1
90,98269,413.00,333.00,8.00,7.00,1,7,1.0000,-1
90,28978,370.00,316.00,12.00,10.00,1,7,0.9870,-1
90,54681,740.00,383.00,37.00,15.00,1,7,1.0000,-1
90,51885,803.00,324.00,25.00,19.00,1,1,1.0000,-1
90,96243,268.00,138.00,50.00,47.00,1,1,0.8061,-1
90,31226,231.00,227.00,48.00,45.00,1,1,0.7455,-1
90,71909,373.00,0.00,42.00,33.00,1,1,0.8335,-1
90,41466,266.00,66.00,162.00,111.00,1,1,1.0000,-1
91,98269,410.00,333.00,8.00,7.00,1,7,1.0000,-1
91,28978,368.00,316.00,11.00,10.00,1,7,0.9744,-1
91,54681,737.00,383.00,38.00,14.00,1,7,1.0000,-1
91,51885,800.00,324.00,25.00,18.00,1,1,1.0000,-1
91,96243,261.00,138.00,51.00,47.00,1,1,0.7881,-1
91,31226,223.00,227.00,49.00,45.00,1,1,0.7521,-1
91,71909,365.00,0.00,42.00,33.00,1,1,0.8512,-1
91,41466,257.00,66.00,162.00,111.00,1,1,1.0000,-1
92,98269,408.00,333.00,8.00,7.00,1,7,1.0000,-1
92,28978,365.00,316.00,12.00,10.00,1,7,0.9870,-1
92,54681,735.00,383.00,38.00,14.00,1,7,1.0000,-1
92,51885,798.00,323.00,24.00,19.00,1,1,1.0000,-1
92,96243,255.00,138.00,50.00,47.00,1,1,0.7593,-1
92,31226,215.00,227.00,49.00,45.00,1,1,0.7577,-1
92,71909,357.00,0.00,42.00,33.00,1,1,0.8684,-1
92,41466,247.00,66.00,162.00,111.00,1,1,1.0000,-1
93,98269,405.00,334.00,8.00,6.00,1,7,1.0000,-1
93,28978,363.00,316.00,11.00,10.00,1,7,0.9750,-1
93,54681,733.00,383.00,38.00,14.00,1,7,1.0000,-1
93,51885,795.00,323.00,25.00,19.00,1,1,1.0000,-1
93,96243,249.00,138.00,50.00,47.00,1,1,0.7260,-1
93,31226,207.00,227.00,50.00,45.00,1,1,0.7637,-1
93,71909,349.00,0.00,42.00,33.00,1,1,0.8822,-1
93,41466,238.00,66.00,161.00,111.00,1,1,0.9999,-1
94,98269,403.00,334.00,8.00,6.00,1,7,1.0000,-1
94,28978,360.00,317.00,12.00,9.00,1,7,0.9753,-1
94,54681,730.00,382.00,37.00,15.00,1,7,1.0000,-1
94,51885,793.00,323.00,24.00,18.00,1,1,1.0000,-1
94,96243,242.00,139.00,51.00,46.00,1,1,0.6898,-1
94,31226,199.00,227.00,50.00,46.00,1,1,0.7694,-1
94,71909,340.00,0.00,43.00,33.00,1,1,0.8955,-1
94,41466,228.00,67.00,162.00,110.00,1,1,1.0000,-1
95,98269,400.00,334.00,8.00,7.00,1,7,1.0000,-1
95,28978,358.00,317.00,11.00,9.00,1,7,0.9872,-1
95,54681,728.00,382.00,38.00,14.00,1,7,1.0000,-1
95,51885,790.00,322.00,24.00,19.00,1,1,1.0000,-1
95,96243,236.00,140.00,50.00,46.00,1,1,0.6519,-1
95,31226,191.00,228.00,50.00,45.00,1,1,0.7764,-1
95,71909,332.00,0.00,43.00,34.00,1,1,0.9084,-1
95,41466,218.00,67.00,162.00,110.00,1,1,1.0000,-1
96,98269,397.00,334.00,9.00,7.00,1,7,1.0000,-1
96,28978,355.00,317.00,12.00,9.00,1,7,0.9878,-1
96,54681,726.00,382.00,38.00,14.00,1,7,1.0000,-1
96,51885,788.00,322.00,24.00,19.00,1,1,1.0000,-1
96,96243,230.00,141.00,50.00,45.00,1,1,0.6107,-1
96,31226,183.00,228.00,51.00,45.00,1,1,0.7806,-1
96,71909,324.00,0.00,43.00,34.00,1,1,0.9177,-1
96,41466,209.00,67.00,161.00,110.00,1,1,1.0000,-1
97,98269,395.00,334.00,8.00,7.00,1,7,1.0000,-1
97,28978,353.00,317.00,11.00,9.00,1,7,0.9740,-1
97,54681,724.00,381.00,36.00,15.00,1,7,1.0000,-1
97,51885,785.00,322.00,24.00,18.00,1,1,1.0000,-1
97,96243,223.00,142.00,50.00,44.00,1,1,0.5730,-1
97,31226,174.00,228.00,52.00,46.00,1,1,0.7857,-1
97,71909,315.00,0.00,44.00,34.00,1,1,0.9303,-1
97,41466,199.00,67.00,161.00,111.00,1,1,1.0000,-1
98,98269,392.00,334.00,9.00,7.00,1,7,1.0000,-1
98,28978,350.00,317.00,12.00,10.00,1,7,0.9872,-1
98,54681,721.00,381.00,38.00,15.00,1,7,1.0000,-1
98,51885,782.00,321.00,24.00,19.00,1,1,1.0000,-1
98,96243,217.00,144.00,50.00,42.00,1,1,0.5326,-1
98,31226,166.00,229.00,53.00,45.00,1,1,0.7927,-1
98,71909,307.00,0.00,44.00,34.00,1,1,0.9380,-1
98,41466,189.00,68.00,162.00,110.00,1,1,1.0000,-1
99,98269,390.00,334.00,8.00,7.00,1,7,1.0000,-1
99,28978,348.00,317.00,12.00,10.00,1,7,0.9756,-1
99,54681,719.00,381.00,38.00,14.00,1,7,1.0000,-1
99,51885,780.00,321.00,24.00,19.00,1,1,1.0000,-1
99,96243,210.00,147.00,51.00,39.00,1,1,0.4915,-1
99,31226,158.00,229.00,53.00,45.00,1,1,0.7955,-1
99,71909,299.00,0.00,44.00,34.00,1,1,0.9453,-1
99,41466,180.00,68.00,161.00,110.00,1,1,1.0000,-1
100,98269,387.00,334.00,9.00,7.00,1,7,1.0000,-1
100,28978,345.00,318.00,12.00,9.00,1,7,0.9878,-1
100,54681,717.00,381.00,37.00,14.00,1,7,1.0000,-1
100,51885,777.00,321.00,24.00,18.00,1,1,1.0000,-1
100,96243,204.00,149.00,50.00,38.00,1,1,0.4501,-1
100,31226,150.00,229.00,54.00,46.00,1,1,0.8012,-1
100,71909,291.00,0.00,44.00,35.00,1,1,0.9542,-1
100,41466,170.00,68.00,162.00,110.00,1,1,1.0000,-1
101,98269,385.00,334.00,8.00,7.00,1,7,1.0000,-1
101,28978,343.00,318.00,12.00,9.00,1,7,0.9877,-1
101,54681,715.00,381.00,36.00,14.00,1,7,1.0000,-1
101,51885,775.00,321.00,24.00,18.00,1,1,1.0000,-1
101,96243,198.00,150.00,49.00,37.00,1,1,0.4091,-1
101,31226,142.00,230.00,54.00,45.00,1,1,0.8079,-1
101,71909,282.00,0.00,45.00,35.00,1,1,0.9611,-1
101,41466,161.00,68.00,161.00,110.00,1,1,1.0000,-1
102,98269,382.00,334.00,9.00,7.00,1,7,1.0000,-1
102,28978,340.00,318.00,12.00,9.00,1,7,0.9878,-1
102,54681,712.00,381.00,37.00,14.00,1,7,1.0000,-1
102,51885,772.00,321.00,24.00,18.00,1,1,1.0000,-1
102,96243,192.00,152.00,47.00,35.00,1,1,0.3672,-1
102,31226,134.00,230.00,55.00,45.00,1,1,0.8114,-1
102,71909,275.00,0.00,44.00,35.00,1,1,0.9687,-1
102,41466,151.00,68.00,162.00,111.00,1,1,1.0000,-1
103,98269,380.00,334.00,8.00,7.00,1,7,1.0000,-1
103,28978,338.00,318.00,12.00,9.00,1,7,0.9759,-1
103,54681,710.00,381.00,37.00,14.00,1,7,1.0000,-1
103,51885,770.00,321.00,24.00,18.00,1,1,1.0000,-1
103,96243,186.00,153.00,46.00,34.00,1,1,0.3280,-1
103,31226,126.00,230.00,56.00,45.00,1,1,0.8157,-1
103,71909,267.00,0.00,45.00,35.00,1,1,0.9736,-1
103,41466,142.00,69.00,161.00,110.00,1,1,1.0000,-1
104,98269,377.00,334.00,9.00,7.00,1,7,1.0000,-1
104,28978,335.00,318.00,13.00,9.00,1,7,0.9877,-1
104,54681,708.00,381.00,36.00,14.00,1,7,1.0000,-1
104,51885,767.00,321.00,24.00,18.00,1,1,1.0000,-1
104,96243,180.00,156.00,44.00,31.00,1,1,0.2924,-1
104,31226,118.00,230.00,57.00,45.00,1,1,0.8189,-1
104,71909,259.00,0.00,46.00,35.00,1,1,0.9811,-1
104,41466,133.00,69.00,161.00,110.00,1,1,1.0000,-1
105,98269,375.00,334.00,9.00,7.00,1,7,1.0000,-1
105,28978,333.00,318.00,12.00,9.00,1,7,0.9880,-1
105,54681,706.00,381.00,37.00,14.00,1,7,1.0000,-1
105,51885,765.00,321.00,24.00,18.00,1,1,1.0000,-1
105,96243,174.00,157.00,43.00,29.00,1,1,0.2591,-1
105,31226,111.00,230.00,56.00,45.00,1,1,0.8235,-1
105,71909,251.00,0.00,46.00,35.00,1,1,0.9859,-1
105,41466,124.00,69.00,161.00,110.00,1,1,1.0000,-1
106,98269,373.00,334.00,8.00,7.00,1,7,1.0000,-1
106,28978,331.00,318.00,12.00,9.00,1,7,0.9880,-1
106,54681,704.00,381.00,36.00,14.00,1,7,0.9975,-1
106,51885,762.00,321.00,24.00,18.00,1,1,1.0000,-1
106,96243,169.00,160.00,42.00,26.00,1,1,0.2311,-1
106,31226,103.00,230.00,57.00,45.00,1,1,0.8273,-1
106,71909,244.00,0.00,46.00,35.00,1,1,0.9915,-1
106,41466,115.00,68.00,161.00,111.00,1,1,1.0000,-1
107,98269,370.00,334.00,9.00,7.00,1,7,1.0000,-1
107,28978,328.00,318.00,13.00,9.00,1,7,0.9765,-1
107,54681,701.00,381.00,37.00,14.00,1,7,1.0000,-1
107,51885,760.00,321.00,24.00,19.00,1,1,1.0000,-1
107,96243,163.00,161.00,41.00,25.00,1,1,0.2046,-1
107,31226,95.00,229.00,58.00,46.00,1,1,0.8305,-1
107,71909,236.00,0.00,47.00,35.00,1,1,0.9953,-1
107,41466,106.00,68.00,161.00,110.00,1,1,1.0000,-1
108,98269,368.00,334.00,8.00,7.00,1,7,1.0000,-1
108,28978,326.00,317.00,12.00,10.00,1,7,0.9643,-1
108,54681,699.00,381.00,36.00,15.00,1,7,1.0000,-1
108,51885,758.00,322.00,23.00,18.00,1,1,1.0000,-1
108,96243,158.00,163.00,39.00,22.00,1,7,0.1816,-1
108,31226,88.00,229.00,58.00,45.00,1,1,0.8358,-1
108,71909,229.00,0.00,47.00,34.00,1,1,0.9981,-1
108,41466,97.00,68.00,161.00,110.00,1,1,1.0000,-1
109,98269,365.00,334.00,9.00,7.00,1,7,1.0000,-1
109,28978,324.00,317.00,12.00,10.00,1,7,0.9750,-1
109,54681,697.00,381.00,36.00,15.00,1,7,1.0000,-1
109,51885,755.00,322.00,24.00,18.00,1,1,1.0000,-1
109,96243,153.00,164.00,38.00,21.00,1,7,0.1616,-1
109,31226,80.00,229.00,59.00,45.00,1,1,0.8433,-1
109,71909,221.00,0.00,48.00,34.00,1,1,0.9990,-1
109,41466,88.00,68.00,162.00,110.00,1,1,1.0000,-1
110,98269,363.00,334.00,9.00,7.00,1,7,1.0000,-1
110,28978,322.00,317.00,12.00,9.00,1,7,0.9880,-1
110,54681,695.00,382.00,36.00,14.00,1,7,0.9975,-1
110,51885,753.00,322.00,23.00,19.00,1,1,1.0000,-1
110,96243,148.00,165.00,36.00,20.00,1,7,0.1417,-1
110,31226,73.00,228.00,60.00,45.00,1,1,0.8383,-1
110,71909,215.00,0.00,47.00,34.00,1,1,1.0000,-1
110,41466,79.00,67.00,162.00,111.00,1,1,1.0000,-1
111,98269,361.00,334.00,8.00,7.00,1,7,1.0000,-1
111,28978,319.00,317.00,13.00,9.00,1,7,0.9767,-1
111,54681,692.00,382.00,37.00,14.00,1,7,1.0000,-1
111,51885,751.00,322.00,23.00,19.00,1,1,1.0000,-1
111,96243,142.00,165.00,35.00,19.00,1,7,0.1228,-1
111,31226,65.00,228.00,61.00,45.00,1,1,0.8445,-1
111,71909,208.00,0.00,48.00,34.00,1,1,1.0000,-1
111,41466,71.00,67.00,161.00,110.00,1,1,1.0000,-1
112,98269,358.00,333.00,9.00,7.00,1,7,1.0000,-1
112,28978,317.00,317.00,13.00,9.00,1,7,0.9765,-1
112,54681,690.00,382.00,36.00,15.00,1,7,1.0000,-1
112,51885,748.00,323.00,24.00,18.00,1,1,1.0000,-1
112,96243,138.00,167.00,32.00,16.00,1,7,0.1037,-1
112,31226,57.00,227.00,62.00,45.00,1,1,0.8523,-1
112,71909,201.00,0.00,48.00,33.00,1,1,0.9990,-1
112,41466,62.00,66.00,161.00,111.00,1,1,1.0000,-1
113,98269,356.00,333.00,9.00,7.00,1,7,1.0000,-1
113,28978,315.00,316.00,12.00,10.00,1,7,0.9643,-1
113,54681,688.00,382.00,36.00,15.00,1,7,1.0000,-1
113,51885,746.00,323.00,23.00,19.00,1,1,1.0000,-1
113,96243,133.00,169.00,30.00,14.00,1,7,0.0910,-1
113,31226,49.00,227.00,63.00,45.00,1,1,0.8514,-1
113,71909,195.00,0.00,47.00,33.00,1,1,1.0000,-1
113,41466,53.00,66.00,161.00,111.00,1,1,1.0000,-1
114,98269,354.00,333.00,9.00,7.00,1,7,1.0000,-1
114,28978,312.00,316.00,13.00,9.00,1,7,0.9759,-1
114,54681,686.00,383.00,36.00,14.00,1,7,1.0000,-1
114,51885,744.00,323.00,23.00,19.00,1,1,1.0000,-1
114,96243,128.00,170.00,29.00,12.00,1,7,0.0778,-1
114,31226,42.00,226.00,63.00,46.00,1,1,0.8548,-1
114,71909,188.00,0.00,47.00,33.00,1,1,1.0000,-1
114,41466,44.00,65.00,161.00,111.00,1,1,1.0000,-1
115,98269,351.00,333.00,9.00,7.00,1,7,1.0000,-1
115,28978,310.00,316.00,13.00,9.00,1,7,0.9881,-1
115,54681,684.00,383.00,36.00,14.00,1,7,1.0000,-1
115,51885,741.00,323.00,23.00,19.00,1,1,1.0000,-1
115,96243,124.00,173.00,27.00,9.00,1,7,0.0701,-1
115,31226,34.00,226.00,64.00,45.00,1,1,0.8603,-1
115,71909,181.00,0.00,47.00,32.00,1,1,1.0000,-1
115,41466,35.00,65.00,161.00,111.00,1,1,1.0000,-1
116,98269,349.00,333.00,9.00,7.00,1,7,1.0000,-1
116,28978,308.00,316.00,13.00,9.00,1,7,0.9882,-1
116,54681,682.00,383.00,35.00,14.00,1,7,1.0000,-1
116,51885,739.00,324.00,23.00,18.00,1,1,1.0000,-1
116,96243,118.00,173.00,26.00,9.00,1,7,0.0632,-1
116,31226,26.00,226.00,65.00,45.00,1,1,0.8641,-1
116,71909,174.00,0.00,47.00,32.00,1,1,0.9989,-1
116,41466,26.00,65.00,162.00,111.00,1,1,1.0000,-1
117,98269,346.00,333.00,9.00,7.00,1,7,1.0000,-1
117,28978,305.00,316.00,13.00,9.00,1,7,0.9885,-1
117,54681,679.00,383.00,36.00,14.00,1,7,1.0000,-1
117,51885,736.00,324.00,23.00,18.00,1,1,1.0000,-1
117,96243,112.00,173.00,26.00,8.00,1,7,0.0599,-1
117,31226,18.00,225.00,66.00,45.00,1,1,0.8706,-1
117,71909,166.00,0.00,48.00,32.00,1,1,1.0000,-1
117,41466,17.00,64.00,161.00,111.00,1,1,1.0000,-1
118,98269,344.00,333.00,9.00,7.00,1,7,1.0000,-1
118,28978,303.00,316.00,13.00,9.00,1,7,0.9884,-1
118,54681,677.00,383.00,35.00,14.00,1,7,1.0000,-1
118,51885,734.00,324.00,23.00,18.00,1,1,1.0000,-1
118,96243,106.00,173.00,27.00,8.00,1,7,0.0554,-1
118,31226,10.00,225.00,67.00,45.00,1,1,0.9005,-1
118,71909,159.00,0.00,48.00,32.00,1,1,1.0000,-1
118,41466,8.00,64.00,161.00,111.00,1,1,1.0000,-1
119,98269,342.00,333.00,9.00,7.00,1,7,1.0000,-1
119,28978,301.00,316.00,13.00,9.00,1,7,0.9770,-1
119,54681,675.00,383.00,35.00,14.00,1,7,1.0000,-1
119,51885,732.00,324.00,22.00,18.00,1,1,1.0000,-1
119,96243,100.00,174.00,27.00,7.00,1,7,0.0529,-1
119,31226,2.00,225.00,67.00,45.00,1,1,0.9678,-1
119,71909,152.00,0.00,48.00,32.00,1,1,1.0000,-1
119,41466,0.00,64.00,160.00,111.00,1,1,1.0000,-1
120,98269,339.00,333.00,9.00,7.00,1,7,1.0000,-1
120,28978,298.00,316.00,13.00,9.00,1,7,0.9773,-1
120,54681,673.00,383.00,35.00,14.00,1,7,1.0000,-1
120,51885,729.00,324.00,23.00,18.00,1,1,1.0000,-1
120,96243,93.00,174.00,27.00,7.00,1,7,0.0497,-1
120,31226,0.00,225.00,62.00,45.00,1,1,1.0000,-1
120,71909,144.00,0.00,48.00,32.00,1,1,1.0000,-1
120,41466,0.00,64.00,151.00,111.00,1,1,1.0000,-1
121,98269,337.00,333.00,9.00,7.00,1,7,1.0000,-1
121,28978,296.00,316.00,13.00,9.00,1,7,0.9773,-1
121,54681,670.00,383.00,36.00,14.00,1,7,1.0000,-1
121,51885,726.00,324.00,23.00,18.00,1,1,1.0000,-1
121,96243,87.00,166.00,45.00,15.00,1,7,0.0491,-1
121,31226,0.00,225.00,55.00,46.00,1,1,1.0000,-1
121,71909,136.00,0.00,49.00,32.00,1,1,1.0000,-1
121,41466,0.00,64.00,141.00,111.00,1,1,1.0000,-1
122,98269,334.00,333.00,9.00,7.00,1,7,1.0000,-1
122,28978,293.00,316.00,13.00,9.00,1,7,0.9881,-1
122,54681,668.00,383.00,36.00,14.00,1,7,1.0000,-1
122,51885,724.00,323.00,22.00,19.00,1,1,1.0000,-1
122,96243,81.00,165.00,45.00,16.00,1,7,0.0540,-1
122,31226,0.00,226.00,47.00,44.00,1,1,1.0000,-1
122,71909,128.00,0.00,49.00,32.00,1,1,1.0000,-1
122,41466,0.00,65.00,132.00,111.00,1,1,1.0000,-1
123,98269,332.00,333.00,9.00,7.00,1,7,1.0000,-1
123,28978,291.00,316.00,13.00,9.00,1,7,0.9535,-1
123,54681,666.00,383.00,36.00,14.00,1,7,1.0000,-1
123,51885,721.00,323.00,23.00,19.00,1,1,1.0000,-1
123,96243,75.00,163.00,45.00,19.00,1,7,0.0704,-1
123,31226,0.00,226.00,40.00,43.00,1,1,1.0000,-1
123,71909,120.00,0.00,50.00,32.00,1,1,1.0000,-1
123,41466,0.00,65.00,122.00,111.00,1,1,1.0000,-1
124,98269,329.00,333.00,10.00,7.00,1,7,1.0000,-1
124,28978,288.00,316.00,13.00,10.00,1,7,0.9885,-1
124,54681,663.00,382.00,35.00,15.00,1,7,1.0000,-1
124,51885,719.00,323.00,22.00,18.00,1,1,1.0000,-1
124,96243,68.00,160.00,46.00,22.00,1,7,0.0910,-1
124,31226,0.00,227.00,32.00,41.00,1,1,1.0000,-1
124,71909,111.00,0.00,51.00,33.00,1,1,1.0000,-1
124,41466,0.00,66.00,113.00,110.00,1,1,1.0000,-1
125,98269,326.00,333.00,10.00,7.00,1,7,1.0000,-1
125,28978,286.00,317.00,13.00,9.00,1,7,0.9773,-1
125,54681,661.00,382.00,35.00,15.00,1,7,1.0000,-1
125,51885,716.00,323.00,23.00,18.00,1,1,1.0000,-1
125,96243,62.00,158.00,45.00,24.00,1,7,0.1141,-1
125,31226,0.00,228.00,25.00,37.00,1,1,1.0000,-1
125,71909,103.00,0.00,51.00,33.00,1,1,1.0000,-1
125,41466,0.00,67.00,103.00,110.00,1,1,1.0000,-1
126,98269,324.00,334.00,9.00,7.00,1,7,1.0000,-1
126,28978,283.00,317.00,14.00,9.00,1,7,0.9888,-1
126,54681,659.00,382.00,36.00,14.00,1,7,1.0000,-1
126,51885,714.00,322.00,22.00,19.00,1,1,1.0000,-1
126,96243,55.00,154.00,46.00,29.00,1,7,0.1454,-1
126,31226,0.00,229.00,17.00,32.00,1,7,1.0000,-1
126,71909,94.00,0.00,52.00,34.00,1,1,1.0000,-1
126,41466,0.00,71.00,94.00,106.00,1,1,1.0000,-1
127,98269,321.00,334.00,10.00,7.00,1,7,1.0000,-1
127,28978,281.00,317.00,13.00,9.00,1,7,0.9765,-1
127,54681,657.00,382.00,35.00,14.00,1,7,1.0000,-1
127,51885,711.00,322.00,22.00,19.00,1,1,1.0000,-1
127,96243,49.00,150.00,46.00,33.00,1,7,0.1785,-1
127,31226,0.00,232.00,9.00,25.00,1,7,1.0000,-1
127,71909,86.00,0.00,52.00,34.00,1,1,1.0000,-1
127,41466,0.00,75.00,85.00,103.00,1,1,1.0000,-1
128,98269,319.00,334.00,9.00,7.00,1,7,1.0000,-1
128,28978,278.00,317.00,14.00,10.00,1,7,0.9775,-1
128,54681,654.00,382.00,35.00,14.00,1,7,1.0000,-1
128,51885,708.00,322.00,23.00,18.00,1,1,1.0000,-1
128,96243,42.00,147.00,47.00,37.00,1,1,0.2177,-1
128,31226,0.00,234.00,2.00,13.00,1,7,1.0000,-1
128,71909,77.00,0.00,53.00,35.00,1,1,1.0000,-1
128,41466,0.00,82.00,76.00,96.00,1,1,1.0000,-1
129,98269,316.00,334.00,10.00,7.00,1,7,1.0000,-1
129,28978,276.00,318.00,13.00,9.00,1,7,0.9659,-1
129,54681,652.00,381.00,34.00,15.00,1,7,1.0000,-1
129,51885,706.00,322.00,22.00,18.00,1,1,1.0000,-1
129,96243,35.00,145.00,47.00,39.00,1,1,0.2591,-1
129,71909,69.00,0.00,53.00,35.00,1,1,1.0000,-1
129,41466,0.00,86.00,66.00,93.00,1,1,1.0000,-1
130,98269,314.00,334.00,10.00,7.00,1,7,1.0000,-1
130,28978,273.00,318.00,14.00,9.00,1,7,0.9780,-1
130,54681,650.00,381.00,35.00,15.00,1,7,1.0000,-1
130,51885,703.00,321.00,22.00,19.00,1,1,1.0000,-1
130,96243,29.00,144.00,47.00,41.00,1,1,0.3040,-1
130,71909,60.00,0.00,55.00,35.00,1,1,1.0000,-1
130,41466,0.00,91.00,57.00,88.00,1,1,1.0000,-1
131,98269,311.00,335.00,10.00,7.00,1,7,1.0000,-1
131,28978,271.00,318.00,13.00,9.00,1,7,0.9884,-1
131,54681,648.00,381.00,35.00,15.00,1,7,1.0000,-1
131,51885,701.00,321.00,22.00,19.00,1,1,1.0000,-1
131,96243,23.00,141.00,47.00,44.00,1,1,0.3486,-1
131,71909,52.00,0.00,55.00,36.00,1,1,1.0000,-1
131,41466,0.00,97.00,48.00,83.00,1,1,1.0000,-1
132,98269,309.00,335.00,9.00,7.00,1,7,1.0000,-1
132,28978,268.00,318.00,14.00,9.00,1,7,0.9651,-1
132,54681,645.00,381.00,36.00,14.00,1,7,1.0000,-1
132,51885,698.00,321.00,22.00,19.00,1,1,1.0000,-1
132,36159,1023.00,311.00,0.00,5.00,1,7,1.0000,-1
132,96243,16.00,141.00,48.00,44.00,1,1,0.3969,-1
132,71909,44.00,0.00,56.00,36.00,1,1,1.0000,-1
132,41466,0.00,103.00,39.00,77.00,1,1,1.0000,-1
133,98269,306.00,335.00,10.00,7.00,1,7,1.0000,-1
133,28978,266.00,318.00,13.00,10.00,1,7,0.9884,-1
133,54681,643.00,381.00,35.00,14.00,1,7,1.0000,-1
133,51885,696.00,321.00,22.00,19.00,1,1,1.0000,-1
133,36159,1020.00,308.00,3.00,12.00,1,7,1.0000,-1
133,96243,9.00,142.00,49.00,44.00,1,1,0.4413,-1
133,71909,36.00,0.00,56.00,36.00,1,1,0.9992,-1
133,41466,0.00,109.00,30.00,71.00,1,1,1.0000,-1
134,98269,304.00,335.00,9.00,7.00,1,7,1.0000,-1
134,28978,263.00,318.00,14.00,10.00,1,7,0.9778,-1
134,54681,641.00,381.00,35.00,14.00,1,7,1.0000,-1
134,51885,693.00,321.00,22.00,19.00,1,1,1.0000,-1
134,36159,1018.00,307.00,5.00,14.00,1,7,1.0000,-1
134,96243,3.00,142.00,49.00,44.00,1,1,0.4899,-1
134,71909,28.00,0.00,57.00,36.00,1,1,0.9992,-1
134,41466,0.00,115.00,21.00,63.00,1,1,1.0000,-1
135,98269,301.00,335.00,10.00,7.00,1,7,1.0000,-1
135,28978,261.00,318.00,14.00,10.00,1,7,0.9885,-1
135,54681,639.00,381.00,35.00,14.00,1,7,1.0000,-1
135,51885,691.00,321.00,22.00,19.00,1,1,1.0000,-1
135,36159,1016.00,307.00,7.00,14.00,1,7,1.0000,-1
135,96243,0.00,142.00,46.00,43.00,1,1,0.5708,-1
135,71909,21.00,0.00,57.00,36.00,1,1,0.9992,-1
135,41466,0.00,129.00,12.00,45.00,1,7,1.0000,-1
136,98269,299.00,335.00,10.00,7.00,1,7,1.0000,-1
136,28978,259.00,318.00,13.00,9.00,1,7,0.9882,-1
136,54681,636.00,381.00,35.00,14.00,1,7,1.0000,-1
136,51885,688.00,321.00,22.00,19.00,1,1,1.0000,-1
136,36159,1013.00,307.00,10.00,14.00,1,7,1.0000,-1
136,96243,0.00,141.00,40.00,44.00,1,1,0.6334,-1
136,71909,13.00,0.00,58.00,36.00,1,1,1.0000,-1
136,41466,0.00,142.00,4.00,21.00,1,7,1.0000,-1
137,98269,296.00,335.00,10.00,7.00,1,7,1.0000,-1
137,28978,256.00,318.00,14.00,9.00,1,7,0.9886,-1
137,54681,634.00,381.00,35.00,15.00,1,7,1.0000,-1
137,51885,686.00,321.00,22.00,19.00,1,1,1.0000,-1
137,36159,1011.00,308.00,12.00,14.00,1,7,1.0000,-1
137,96243,0.00,141.00,34.00,41.00,1,1,0.6226,-1
137,71909,6.00,0.00,58.00,36.00,1,1,1.0000,-1
138,98269,294.00,335.00,10.00,7.00,1,7,1.0000,-1
138,28978,254.00,318.00,14.00,9.00,1,7,0.9891,-1
138,54681,632.00,381.00,34.00,15.00,1,7,1.0000,-1
138,51885,684.00,322.00,21.00,18.00,1,1,1.0000,-1
138,36159,1009.00,308.00,14.00,14.00,1,7,0.9836,-1
138,96243,0.00,141.00,28.00,38.00,1,1,0.5800,-1
138,71909,0.00,0.00,57.00,36.00,1,1,1.0000,-1
139,98269,292.00,334.00,10.00,7.00,1,7,1.0000,-1
139,28978,252.00,317.00,14.00,10.00,1,7,0.9785,-1
139,54681,630.00,381.00,34.00,15.00,1,7,1.0000,-1
139,51885,681.00,322.00,22.00,18.00,1,1,1.0000,-1
139,36159,1007.00,309.00,14.00,14.00,1,7,0.7978,-1
139,96243,0.00,142.00,23.00,34.00,1,1,0.5340,-1
139,71909,0.00,0.00,50.00,35.00,1,1,1.0000,-1
140,98269,289.00,334.00,10.00,7.00,1,7,1.0000,-1
140,28978,249.00,317.00,14.00,10.00,1,7,0.9891,-1
140,54681,628.00,382.00,34.00,14.00,1,7,1.0000,-1
140,51885,679.00,322.00,21.00,18.00,1,1,1.0000,-1
140,36159,1005.00,311.00,9.00,12.00,1,7,0.4615,-1
140,96243,0.00,144.00,17.00,29.00,1,7,0.4825,-1
140,71909,0.00,0.00,43.00,35.00,1,1,1.0000,-1
141,98269,287.00,334.00,10.00,7.00,1,7,1.0000,-1
141,28978,247.00,317.00,14.00,9.00,1,7,0.9888,-1
141,54681,625.00,382.00,35.00,14.00,1,7,1.0000,-1
141,51885,676.00,322.00,22.00,19.00,1,1,1.0000,-1
141,36159,1002.00,316.00,5.00,7.00,1,7,0.1547,-1
141,96243,0.00,147.00,12.00,23.00,1,7,0.4149,-1
141,71909,0.00,0.00,37.00,34.00,1,1,0.9990,-1
142,98269,285.00,334.00,10.00,7.00,1,7,1.0000,-1
142,28978,245.00,317.00,14.00,9.00,1,7,0.9892,-1
142,54681,623.00,382.00,35.00,14.00,1,7,1.0000,-1
142,51885,674.00,322.00,22.00,19.00,1,1,1.0000,-1
142,96243,0.00,155.00,6.00,12.00,1,7,0.3232,-1
142,71909,0.00,0.00,30.00,33.00,1,1,1.0000,-1
143,98269,282.00,333.00,11.00,7.00,1,7,1.0000,-1
143,28978,243.00,317.00,14.00,9.00,1,7,0.9780,-1
143,54681,621.00,382.00,34.00,15.00,1,7,1.0000,-1
143,51885,672.00,323.00,21.00,18.00,1,1,1.0000,-1
143,96243,0.00,161.00,1.00,3.00,1,7,0.1395,-1
143,71909,0.00,0.00,23.00,33.00,1,1,1.0000,-1
144,98269,280.00,333.00,10.00,7.00,1,7,1.0000,-1
144,28978,240.00,316.00,14.00,9.00,1,7,0.9778,-1
144,54681,619.00,382.00,33.00,15.00,1,7,1.0000,-1
144,51885,669.00,323.00,22.00,18.00,1,1,1.0000,-1
144,71909,0.00,0.00,17.00,32.00,1,7,1.0000,-1
145,98269,277.00,333.00,11.00,7.00,1,7,1.0000,-1
145,28978,238.00,316.00,14.00,9.00,1,7,0.9787,-1
145,54681,616.00,382.00,34.00,15.00,1,7,1.0000,-1
145,51885,667.00,323.00,21.00,19.00,1,1,1.0000,-1
145,71909,0.00,0.00,10.00,26.00,1,7,1.0000,-1
146,98269,275.00,333.00,10.00,7.00,1,7,1.0000,-1
146,28978,236.00,316.00,14.00,9.00,1,7,0.9681,-1
146,54681,614.00,383.00,35.00,14.00,1,7,1.0000,-1
146,51885,665.00,323.00,21.00,19.00,1,1,1.0000,-1
146,71909,0.00,0.00,3.00,18.00,1,7,1.0000,-1
147,98269,273.00,333.00,10.00,7.00,1,7,1.0000,-1
147,28978,233.00,316.00,15.00,9.00,1,7,0.9785,-1
147,54681,612.00,383.00,34.00,14.00,1,7,0.9973,-1
147,51885,662.00,323.00,21.00,19.00,1,1,1.0000,-1
148,98269,270.00,332.00,11.00,7.00,1,7,1.0000,-1
148,28978,231.00,315.00,14.00,10.00,1,7,0.9787,-1
148,54681,610.00,383.00,34.00,14.00,1,7,1.0000,-1
148,51885,660.00,323.00,21.00,19.00,1,1,1.0000,-1
149,98269,268.00,332.00,11.00,7.00,1,7,1.0000,-1
149,28978,229.00,315.00,14.00,10.00,1,7,0.9783,-1
149,54681,608.00,383.00,34.00,14.00,1,7,1.0000,-1
149,51885,657.00,323.00,21.00,19.00,1,1,1.0000,-1
150,98269,265.00,332.00,11.00,7.00,1,7,1.0000,-1
150,28978,226.00,315.00,15.00,10.00,1,7,0.9570,-1
150,54681,605.00,383.00,35.00,14.00,1,7,1.0000,-1
150,51885,655.00,323.00,21.00,19.00,1,1,1.0000,-1
151,98269,263.00,332.00,11.00,7.00,1,7,1.0000,-1
151,28978,224.00,315.00,14.00,10.00,1,7,0.9785,-1
151,54681,603.00,383.00,34.00,14.00,1,7,1.0000,-1
151,51885,652.00,323.00,21.00,19.00,1,1,1.0000,-1
152,98269,260.00,332.00,12.00,7.00,1,7,1.0000,-1
152,28978,221.00,315.00,15.00,10.00,1,7,0.9688,-1
152,54681,601.00,383.00,34.00,14.00,1,7,1.0000,-1
152,51885,650.00,323.00,21.00,19.00,1,1,1.0000,-1
152,67180,1021.00,287.00,2.00,11.00,1,7,0.1289,-1
153,98269,258.00,333.00,10.00,7.00,1,7,1.0000,-1
153,28978,219.00,315.00,15.00,10.00,1,7,0.9792,-1
153,54681,599.00,382.00,33.00,15.00,1,7,1.0000,-1
153,51885,647.00,323.00,21.00,19.00,1,1,1.0000,-1
153,67180,1012.00,286.00,11.00,12.00,1,7,0.5520,-1
154,98269,255.00,333.00,11.00,7.00,1,7,1.0000,-1
154,28978,216.00,316.00,15.00,9.00,1,7,0.9792,-1
154,54681,596.00,382.00,33.00,15.00,1,7,1.0000,-1
154,51885,645.00,323.00,20.00,18.00,1,7,1.0000,-1
154,67180,1004.00,285.00,19.00,13.00,1,7,0.8129,-1
155,98269,253.00,333.00,11.00,7.00,1,7,1.0000,-1
155,28978,214.00,316.00,15.00,9.00,1,7,0.9789,-1
155,54681,594.00,382.00,33.00,15.00,1,7,1.0000,-1
155,51885,642.00,323.00,21.00,18.00,1,1,1.0000,-1
155,67180,996.00,285.00,27.00,12.00,1,7,0.9373,-1
156,98269,250.00,333.00,12.00,7.00,1,7,1.0000,-1
156,28978,211.00,316.00,15.00,10.00,1,7,0.9490,-1
156,54681,592.00,382.00,33.00,14.00,1,7,1.0000,-1
156,51885,640.00,323.00,20.00,18.00,1,7,1.0000,-1
156,67180,993.00,284.00,29.00,12.00,1,7,0.8738,-1
157,98269,248.00,334.00,10.00,7.00,1,7,1.0000,-1
157,28978,209.00,317.00,15.00,9.00,1,7,0.9796,-1
157,54681,590.00,382.00,33.00,14.00,1,7,1.0000,-1
157,51885,637.00,322.00,21.00,19.00,1,1,1.0000,-1
157,36159,973.00,311.00,6.00,13.00,1,7,0.3829,-1
157,67180,991.00,283.00,28.00,13.00,1,7,0.8246,-1
158,98269,245.00,334.00,11.00,7.00,1,7,1.0000,-1
158,28978,206.00,317.00,15.00,9.00,1,7,0.9894,-1
158,54681,587.00,382.00,34.00,14.00,1,7,1.0000,-1
158,51885,634.00,322.00,21.00,19.00,1,1,1.0000,-1
158,36159,965.00,310.00,12.00,14.00,1,7,0.8779,-1
158,67180,989.00,283.00,28.00,12.00,1,7,0.8261,-1
159,98269,243.00,334.00,11.00,7.00,1,7,1.0000,-1
159,28978,204.00,318.00,15.00,9.00,1,7,0.9694,-1
159,54681,585.00,382.00,33.00,14.00,1,7,0.9972,-1
159,51885,632.00,322.00,20.00,19.00,1,7,1.0000,-1
159,36159,960.00,309.00,14.00,14.00,1,7,1.0000,-1
159,67180,986.00,282.00,28.00,13.00,1,7,0.8222,-1
160,98269,240.00,335.00,12.00,6.00,1,7,1.0000,-1
160,28978,201.00,318.00,15.00,9.00,1,7,0.9600,-1
160,54681,583.00,382.00,33.00,14.00,1,7,1.0000,-1
160,51885,629.00,322.00,21.00,18.00,1,1,1.0000,-1
160,36159,958.00,308.00,14.00,15.00,1,7,1.0000,-1
160,67180,984.00,282.00,28.00,12.00,1,7,0.8040,-1
161,98269,237.00,335.00,11.00,7.00,1,7,1.0000,-1
161,28978,199.00,318.00,15.00,9.00,1,7,0.9574,-1
161,54681,581.00,382.00,32.00,14.00,1,7,1.0000,-1
161,51885,627.00,322.00,20.00,18.00,1,7,1.0000,-1
161,36159,955.00,308.00,14.00,14.00,1,7,1.0000,-1
161,67180,982.00,281.00,27.00,13.00,1,7,0.8024,-1
162,98269,235.00,335.00,11.00,7.00,1,7,1.0000,-1
162,28978,196.00,318.00,15.00,10.00,1,7,0.9794,-1
162,54681,578.00,381.00,33.00,15.00,1,7,1.0000,-1
162,51885,624.00,322.00,20.00,18.00,1,7,1.0000,-1
162,36159,953.00,308.00,14.00,14.00,1,7,1.0000,-1
162,67180,979.00,281.00,28.00,12.00,1,7,0.7919,-1
163,98269,232.00,335.00,12.00,7.00,1,7,1.0000,-1
163,28978,194.00,319.00,15.00,9.00,1,7,0.9700,-1
163,54681,576.00,381.00,32.00,15.00,1,7,1.0000,-1
163,51885,622.00,322.00,20.00,18.00,1,7,1.0000,-1
163,36159,951.00,307.00,13.00,15.00,1,7,1.0000,-1
163,67180,977.00,281.00,27.00,12.00,1,7,0.7889,-1
164,98269,230.00,335.00,12.00,7.00,1,7,1.0000,-1
164,28978,191.00,319.00,16.00,9.00,1,7,0.9802,-1
164,54681,574.00,381.00,32.00,15.00,1,7,1.0000,-1
164,51885,619.00,322.00,20.00,18.00,1,7,1.0000,-1
164,36159,948.00,307.00,14.00,15.00,1,7,1.0000,-1
164,67180,975.00,280.00,27.00,13.00,1,7,0.7817,-1
165,98269,227.00,335.00,12.00,7.00,1,7,1.0000,-1
165,28978,189.00,319.00,15.00,9.00,1,7,0.9608,-1
165,54681,571.00,381.00,32.00,15.00,1,7,1.0000,-1
165,51885,617.00,322.00,20.00,18.00,1,7,1.0000,-1
165,36159,946.00,307.00,13.00,14.00,1,7,1.0000,-1
165,67180,973.00,280.00,27.00,13.00,1,7,0.7751,-1
166,98269,225.00,335.00,12.00,7.00,1,7,1.0000,-1
166,28978,187.00,319.00,15.00,9.00,1,7,0.9706,-1
166,54681,569.00,381.00,32.00,15.00,1,7,1.0000,-1
166,51885,614.00,322.00,20.00,18.00,1,7,1.0000,-1
166,36159,944.00,307.00,13.00,15.00,1,7,1.0000,-1
166,67180,971.00,281.00,26.00,12.00,1,7,0.7595,-1
167,98269,222.00,335.00,12.00,7.00,1,7,1.0000,-1
167,28978,184.00,319.00,16.00,9.00,1,7,0.9709,-1
167,54681,567.00,382.00,32.00,14.00,1,7,1.0000,-1
167,51885,612.00,322.00,20.00,18.00,1,7,1.0000,-1
167,36159,941.00,308.00,14.00,14.00,1,7,1.0000,-1
167,67180,969.00,281.00,26.00,12.00,1,7,0.7515,-1
168,98269,220.00,335.00,12.00,7.00,1,7,1.0000,-1
168,28978,182.00,318.00,15.00,10.00,1,7,0.9703,-1
168,54681,565.00,382.00,32.00,14.00,1,7,1.0000,-1
168,51885,609.00,322.00,20.00,18.00,1,7,1.0000,-1
168,36159,939.00,308.00,13.00,14.00,1,7,1.0000,-1
168,67180,967.00,281.00,26.00,12.00,1,7,0.7522,-1
169,98269,218.00,335.00,11.00,7.00,1,7,1.0000,-1
169,28978,180.00,318.00,15.00,9.00,1,7,0.9896,-1
169,54681,563.00,382.00,32.00,14.00,1,7,1.0000,-1
169,51885,607.00,322.00,20.00,18.00,1,7,1.0000,-1
169,36159,937.00,308.00,13.00,14.00,1,7,1.0000,-1
169,67180,965.00,281.00,26.00,13.00,1,7,0.7440,-1
170,98269,215.00,335.00,12.00,7.00,1,7,1.0000,-1
170,28978,177.00,318.00,16.00,9.00,1,7,0.9902,-1
170,54681,561.00,382.00,32.00,14.00,1,7,1.0000,-1
170,51885,604.00,322.00,20.00,18.00,1,7,1.0000,-1
170,36159,935.00,309.00,13.00,14.00,1,7,1.0000,-1
170,67180,963.00,282.00,25.00,12.00,1,7,0.7326,-1
171,98269,213.00,334.00,12.00,7.00,1,7,1.0000,-1
171,28978,175.00,318.00,16.00,9.00,1,7,0.9709,-1
171,54681,558.00,382.00,33.00,14.00,1,7,1.0000,-1
171,51885,602.00,322.00,20.00,19.00,1,7,1.0000,-1
171,36159,932.00,309.00,14.00,14.00,1,7,1.0000,-1
171,67180,961.00,282.00,25.00,13.00,1,7,0.7240,-1
172,98269,211.00,334.00,11.00,7.00,1,7,1.0000,-1
172,28978,173.00,317.00,15.00,9.00,1,7,0.9691,-1
172,54681,556.00,382.00,32.00,14.00,1,7,0.9972,-1
172,51885,600.00,322.00,19.00,19.00,1,7,1.0000,-1
172,36159,930.00,310.00,14.00,14.00,1,7,1.0000,-1
172,67180,959.00,283.00,25.00,12.00,1,7,0.7201,-1
173,98269,208.00,334.00,12.00,7.00,1,7,1.0000,-1
173,28978,171.00,317.00,15.00,9.00,1,7,0.9612,-1
173,54681,554.00,382.00,32.00,14.00,1,7,0.9972,-1
173,51885,597.00,322.00,20.00,19.00,1,7,1.0000,-1
173,36159,928.00,310.00,13.00,14.00,1,7,1.0000,-1
173,67180,957.00,284.00,25.00,12.00,1,7,0.7083,-1
174,98269,206.00,333.00,12.00,7.00,1,7,1.0000,-1
174,28978,168.00,316.00,16.00,10.00,1,7,0.9505,-1
174,54681,552.00,382.00,32.00,14.00,1,7,1.0000,-1
174,51885,595.00,322.00,20.00,19.00,1,7,1.0000,-1
174,36159,926.00,311.00,13.00,14.00,1,7,1.0000,-1
174,67180,955.00,284.00,25.00,12.00,1,7,0.7080,-1
175,98269,203.00,333.00,12.00,7.00,1,7,1.0000,-1
175,28978,166.00,316.00,16.00,9.00,1,7,0.9806,-1
175,54681,550.00,382.00,31.00,14.00,1,7,1.0000,-1
175,51885,593.00,323.00,19.00,18.00,1,7,1.0000,-1
175,36159,924.00,311.00,13.00,14.00,1,7,1.0000,-1
175,67180,953.00,285.00,25.00,12.00,1,7,0.6994,-1
176,98269,201.00,333.00,12.00,7.00,1,7,1.0000,-1
176,28978,164.00,315.00,15.00,10.00,1,7,0.9810,-1
176,54681,547.00,382.00,32.00,15.00,1,7,1.0000,-1
176,51885,590.00,323.00,20.00,18.00,1,7,1.0000,-1
176,36159,921.00,312.00,14.00,14.00,1,7,1.0000,-1
176,67180,951.00,285.00,24.00,12.00,1,7,0.6923,-1
177,98269,199.00,332.00,12.00,7.00,1,7,1.0000,-1
177,28978,161.00,315.00,16.00,10.00,1,7,0.9709,-1
177,54681,545.00,382.00,31.00,15.00,1,7,1.0000,-1
177,51885,588.00,323.00,19.00,18.00,1,7,1.0000,-1
177,36159,919.00,312.00,13.00,14.00,1,7,1.0000,-1
177,67180,949.00,286.00,24.00,12.00,1,7,0.6796,-1
178,98269,196.00,332.00,13.00,7.00,1,7,1.0000,-1
178,28978,159.00,315.00,16.00,9.00,1,7,0.9900,-1
178,54681,543.00,382.00,31.00,15.00,1,7,1.0000,-1
178,51885,586.00,323.00,19.00,18.00,1,7,1.0000,-1
178,36159,917.00,312.00,13.00,14.00,1,7,1.0000,-1
178,67180,947.00,286.00,24.00,12.00,1,7,0.6706,-1
179,98269,194.00,332.00,12.00,7.00,1,7,1.0000,-1
179,28978,157.00,315.00,16.00,9.00,1,7,0.9808,-1
179,54681,541.00,382.00,31.00,15.00,1,7,1.0000,-1
179,51885,583.00,323.00,19.00,18.00,1,7,1.0000,-1
179,36159,915.00,312.00,13.00,15.00,1,7,1.0000,-1
179,67180,945.00,286.00,23.00,12.00,1,7,0.6706,-1
180,98269,191.00,332.00,13.00,7.00,1,7,1.0000,-1
180,28978,154.00,315.00,16.00,9.00,1,7,0.9630,-1
180,54681,538.00,382.00,31.00,15.00,1,7,1.0000,-1
180,51885,581.00,323.00,19.00,18.00,1,7,1.0000,-1
180,36159,912.00,313.00,13.00,14.00,1,7,1.0000,-1
180,67180,943.00,286.00,23.00,12.00,1,7,0.6697,-1
181,98269,188.00,351.00,13.00,8.00,1,7,1.0000,-1
181,28978,150.00,336.00,16.00,10.00,1,7,0.9813,-1
181,54681,538.00,380.00,31.00,15.00,1,7,0.9971,-1
181,51885,576.00,319.00,20.00,18.00,1,7,1.0000,-1
181,36159,907.00,289.00,13.00,14.00,1,7,1.0000,-1
181,67180,935.00,260.00,24.00,12.00,1,7,0.6687,-1
182,98269,187.00,369.00,12.00,7.00,1,7,1.0000,-1
182,28978,149.00,355.00,15.00,10.00,1,7,0.9709,-1
182,54681,538.00,379.00,32.00,14.00,1,7,1.0000,-1
182,51885,573.00,316.00,21.00,18.00,1,1,1.0000,-1
182,36159,902.00,269.00,13.00,14.00,1,7,1.0000,-1
182,67180,929.00,237.00,23.00,12.00,1,7,0.6627,-1
183,98269,188.00,381.00,12.00,8.00,1,7,1.0000,-1
183,28978,149.00,369.00,16.00,10.00,1,7,0.9717,-1
183,54681,539.00,377.00,31.00,15.00,1,7,0.9971,-1
183,51885,571.00,314.00,21.00,17.00,1,1,1.0000,-1
183,36159,898.00,254.00,13.00,14.00,1,7,1.0000,-1
183,67180,924.00,221.00,22.00,12.00,1,7,0.6578,-1
184,98269,189.00,389.00,12.00,7.00,1,7,1.0000,-1
184,28978,150.00,377.00,16.00,11.00,1,7,0.9626,-1
184,54681,540.00,376.00,31.00,15.00,1,7,1.0000,-1
184,51885,571.00,313.00,21.00,16.00,1,1,1.0000,-1
184,36159,896.00,244.00,13.00,14.00,1,7,1.0000,-1
184,67180,921.00,210.00,23.00,13.00,1,7,0.6647,-1
185,98269,192.00,392.00,11.00,8.00,1,7,1.0000,-1
185,28978,152.00,381.00,15.00,10.00,1,7,0.9604,-1
185,54681,542.00,375.00,31.00,16.00,1,1,1.0000,-1
185,51885,572.00,312.00,22.00,16.00,1,1,1.0000,-1
185,36159,897.00,240.00,13.00,14.00,1,7,1.0000,-1
185,67180,921.00,205.00,23.00,13.00,1,7,0.6676,-1
186,98269,194.00,391.00,11.00,7.00,1,7,1.0000,-1
186,28978,154.00,380.00,16.00,10.00,1,7,0.9804,-1
186,54681,544.00,375.00,31.00,15.00,1,7,1.0000,-1
186,51885,575.00,311.00,21.00,17.00,1,1,1.0000,-1
186,36159,899.00,240.00,13.00,14.00,1,7,1.0000,-1
186,67180,923.00,206.00,23.00,12.00,1,7,0.6786,-1
187,98269,197.00,385.00,11.00,8.00,1,7,1.0000,-1
187,28978,157.00,374.00,16.00,10.00,1,7,0.9808,-1
187,54681,547.00,375.00,31.00,15.00,1,7,0.9971,-1
187,51885,579.00,312.00,21.00,16.00,1,1,1.0000,-1
187,36159,904.00,246.00,13.00,14.00,1,7,1.0000,-1
187,67180,929.00,212.00,23.00,12.00,1,7,0.6866,-1
188,98269,200.00,375.00,12.00,8.00,1,7,1.0000,-1
188,28978,161.00,363.00,15.00,10.00,1,7,0.9806,-1
188,54681,550.00,376.00,32.00,15.00,1,7,1.0000,-1
188,51885,584.00,313.00,22.00,17.00,1,1,1.0000,-1
188,36159,911.00,257.00,14.00,14.00,1,7,1.0000,-1
188,67180,936.00,224.00,24.00,13.00,1,7,0.7066,-1
189,98269,205.00,361.00,11.00,8.00,1,7,1.0000,-1
189,28978,166.00,347.00,16.00,10.00,1,7,0.9615,-1
189,54681,554.00,378.00,31.00,14.00,1,7,1.0000,-1
189,51885,592.00,316.00,20.00,17.00,1,7,1.0000,-1
189,36159,920.00,274.00,14.00,14.00,1,7,1.0000,-1
189,67180,946.00,244.00,25.00,12.00,1,7,0.7181,-1
190,98269,212.00,343.00,12.00,7.00,1,7,1.0000,-1
190,28978,173.00,327.00,16.00,9.00,1,7,0.9712,-1
190,54681,558.00,380.00,32.00,15.00,1,7,0.9971,-1
190,51885,600.00,320.00,21.00,18.00,1,1,1.0000,-1
190,36159,930.00,298.00,14.00,14.00,1,7,1.0000,-1
190,67180,958.00,270.00,25.00,12.00,1,7,0.7318,-1
191,98269,217.00,334.00,12.00,7.00,1,7,1.0000,-1
191,28978,179.00,317.00,15.00,10.00,1,7,0.9792,-1
191,54681,562.00,382.00,32.00,14.00,1,7,0.9972,-1
191,51885,606.00,322.00,20.00,19.00,1,7,1.0000,-1
191,36159,936.00,310.00,14.00,14.00,1,7,1.0000,-1
191,67180,964.00,283.00,26.00,12.00,1,7,0.7478,-1
192,98269,219.00,335.00,12.00,7.00,1,7,1.0000,-1
192,28978,181.00,318.00,15.00,10.00,1,7,0.9796,-1
192,54681,564.00,382.00,32.00,14.00,1,7,1.0000,-1
192,51885,608.00,322.00,20.00,18.00,1,7,1.0000,-1
192,36159,938.00,308.00,13.00,14.00,1,7,1.0000,-1
192,67180,966.00,281.00,26.00,12.00,1,7,0.7507,-1
193,98269,221.00,335.00,12.00,7.00,1,7,1.0000,-1
193,28978,183.00,319.00,16.00,9.00,1,7,0.9800,-1
193,54681,566.00,382.00,32.00,14.00,1,7,1.0000,-1
193,51885,611.00,322.00,20.00,18.00,1,7,1.0000,-1
193,36159,940.00,308.00,14.00,14.00,1,7,1.0000,-1
193,67180,968.00,281.00,26.00,12.00,1,7,0.7500,-1
194,98269,224.00,335.00,12.00,7.00,1,7,1.0000,-1
194,28978,186.00,319.00,15.00,9.00,1,7,0.9703,-1
194,54681,568.00,381.00,32.00,15.00,1,7,1.0000,-1
194,51885,613.00,322.00,20.00,18.00,1,7,1.0000,-1
194,36159,943.00,307.00,13.00,15.00,1,7,1.0000,-1
194,67180,970.00,281.00,26.00,12.00,1,7,0.7618,-1
195,98269,226.00,335.00,12.00,7.00,1,7,1.0000,-1
195,28978,188.00,319.00,15.00,9.00,1,7,0.9608,-1
195,54681,571.00,381.00,31.00,15.00,1,7,1.0000,-1
195,51885,616.00,322.00,20.00,18.00,1,7,1.0000,-1
195,36159,945.00,307.00,13.00,14.00,1,7,1.0000,-1
195,67180,972.00,280.00,27.00,13.00,1,7,0.7670,-1
196,98269,229.00,335.00,12.00,7.00,1,7,1.0000,-1
196,28978,190.00,319.00,16.00,9.00,1,7,0.9802,-1
196,54681,573.00,381.00,32.00,15.00,1,7,1.0000,-1
196,51885,618.00,322.00,20.00,18.00,1,7,1.0000,-1
196,36159,947.00,307.00,14.00,15.00,1,7,1.0000,-1
196,67180,974.00,280.00,27.00,13.00,1,7,0.7794,-1
197,98269,231.00,335.00,12.00,7.00,1,7,1.0000,-1
197,28978,193.00,319.00,15.00,9.00,1,7,0.9697,-1
197,54681,575.00,381.00,32.00,15.00,1,7,1.0000,-1
197,51885,620.00,322.00,21.00,18.00,1,1,1.0000,-1
197,36159,950.00,307.00,13.00,15.00,1,7,1.0000,-1
197,67180,976.00,281.00,27.00,12.00,1,7,0.7794,-1
198,98269,234.00,335.00,11.00,7.00,1,7,1.0000,-1
198,28978,195.00,318.00,15.00,10.00,1,7,0.9694,-1
198,54681,577.00,381.00,33.00,15.00,1,7,1.0000,-1
198,51885,623.00,322.00,20.00,18.00,1,7,1.0000,-1
198,36159,952.00,308.00,14.00,14.00,1,7,1.0000,-1
198,67180,978.00,281.00,28.00,12.00,1,7,0.7913,-1
199,98269,236.00,335.00,11.00,7.00,1,7,1.0000,-1
199,28978,198.00,318.00,15.00,9.00,1,7,0.9681,-1
199,54681,580.00,381.00,32.00,15.00,1,7,1.0000,-1
199,51885,626.00,322.00,20.00,18.00,1,7,1.0000,-1
199,36159,954.00,308.00,14.00,14.00,1,7,1.0000,-1
199,67180,981.00,281.00,28.00,12.00,1,7,0.8070,-1
200,98269,239.00,335.00,11.00,7.00,1,7,1.0000,-1
200,28978,200.00,318.00,15.00,9.00,1,7,0.9796,-1
200,54681,582.00,382.00,33.00,14.00,1,7,1.0000,-1
200,51885,628.00,322.00,20.00,18.00,1,7,1.0000,-1
200,36159,957.00,308.00,14.00,15.00,1,7,1.0000,-1
200,67180,983.00,282.00,28.00,12.00,1,7,0.8023,-1
201,98269,241.00,334.00,12.00,7.00,1,7,1.0000,-1
201,28978,203.00,318.00,15.00,9.00,1,7,0.9796,-1
201,54681,584.00,382.00,33.00,14.00,1,7,1.0000,-1
201,51885,631.00,322.00,20.00,18.00,1,7,1.0000,-1
201,36159,959.00,309.00,14.00,14.00,1,7,1.0000,-1
201,67180,985.00,282.00,29.00,12.00,1,7,0.8152,-1
202,98269,244.00,334.00,11.00,7.00,1,7,1.0000,-1
202,28978,205.00,317.00,15.00,10.00,1,7,0.9895,-1
202,54681,586.00,382.00,34.00,14.00,1,7,1.0000,-1
202,51885,633.00,322.00,21.00,19.00,1,1,1.0000,-1
202,36159,962.00,309.00,13.00,15.00,1,7,1.0000,-1
202,67180,987.00,283.00,29.00,12.00,1,7,0.8110,-1
203,98269,246.00,334.00,11.00,7.00,1,7,1.0000,-1
203,28978,208.00,317.00,15.00,9.00,1,7,0.9796,-1
203,54681,589.00,382.00,33.00,14.00,1,7,1.0000,-1
203,51885,636.00,322.00,20.00,19.00,1,7,1.0000,-1
203,36159,969.00,310.00,9.00,14.00,1,7,0.6236,-1
203,67180,990.00,283.00,28.00,13.00,1,7,0.8227,-1
204,98269,249.00,333.00,11.00,7.00,1,7,1.0000,-1
204,28978,210.00,317.00,15.00,9.00,1,7,0.9691,-1
204,54681,591.00,382.00,33.00,14.00,1,7,1.0000,-1
204,51885,638.00,322.00,21.00,19.00,1,1,1.0000,-1
204,36159,978.00,313.00,2.00,10.00,1,7,0.1337,-1
204,67180,992.00,284.00,29.00,12.00,1,7,0.8441,-1
205,98269,252.00,333.00,11.00,7.00,1,7,1.0000,-1
205,28978,213.00,316.00,15.00,10.00,1,7,0.9681,-1
205,54681,593.00,382.00,33.00,14.00,1,7,1.0000,-1
205,51885,641.00,323.00,21.00,18.00,1,1,1.0000,-1
205,67180,995.00,285.00,28.00,12.00,1,7,0.9079,-1
206,98269,254.00,333.00,11.00,7.00,1,7,1.0000,-1
206,28978,215.00,316.00,15.00,9.00,1,7,0.9897,-1
206,54681,595.00,382.00,33.00,15.00,1,7,1.0000,-1
206,51885,644.00,323.00,20.00,18.00,1,7,1.0000,-1
206,67180,1000.00,285.00,23.00,12.00,1,7,0.8900,-1
207,98269,257.00,333.00,10.00,7.00,1,7,1.0000,-1
207,28978,218.00,316.00,14.00,9.00,1,7,0.9691,-1
207,54681,598.00,382.00,33.00,15.00,1,7,1.0000,-1
207,51885,646.00,323.00,21.00,18.00,1,1,1.0000,-1
207,67180,1008.00,286.00,15.00,12.00,1,7,0.6996,-1
208,98269,259.00,332.00,11.00,7.00,1,7,1.0000,-1
208,28978,220.00,316.00,15.00,9.00,1,7,0.9684,-1
208,54681,600.00,382.00,34.00,15.00,1,7,1.0000,-1
208,51885,649.00,323.00,20.00,19.00,1,7,1.0000,-1
208,67180,1016.00,286.00,7.00,12.00,1,7,0.3571,-1
209,98269,262.00,332.00,11.00,7.00,1,7,1.0000,-1
209,28978,223.00,315.00,14.00,10.00,1,7,0.9787,-1
209,54681,602.00,383.00,34.00,14.00,1,7,1.0000,-1
209,51885,651.00,323.00,21.00,19.00,1,1,1.0000,-1
210,98269,264.00,332.00,11.00,7.00,1,7,1.0000,-1
210,28978,225.00,315.00,15.00,10.00,1,7,0.9785,-1
210,54681,604.00,383.00,34.00,14.00,1,7,0.9973,-1
210,51885,654.00,323.00,20.00,19.00,1,7,1.0000,-1
211,98269,267.00,332.00,11.00,7.00,1,7,1.0000,-1
211,28978,228.00,315.00,14.00,10.00,1,7,0.9565,-1
211,54681,607.00,383.00,34.00,14.00,1,7,1.0000,-1
211,51885,656.00,323.00,21.00,19.00,1,1,1.0000,-1
212,98269,269.00,332.00,11.00,7.00,1,7,1.0000,-1
212,28978,230.00,315.00,14.00,10.00,1,7,0.9891,-1
212,54681,609.00,383.00,34.00,14.00,1,7,1.0000,-1
212,51885,659.00,323.00,21.00,19.00,1,1,1.0000,-1
213,98269,271.00,332.00,11.00,7.00,1,7,1.0000,-1
213,28978,232.00,315.00,15.00,10.00,1,7,0.9783,-1
213,54681,611.00,383.00,34.00,14.00,1,7,1.0000,-1
213,51885,661.00,323.00,21.00,19.00,1,1,1.0000,-1
214,98269,274.00,333.00,10.00,7.00,1,7,1.0000,-1
214,28978,235.00,316.00,14.00,9.00,1,7,0.9789,-1
214,54681,613.00,383.00,35.00,14.00,1,7,1.0000,-1
214,51885,663.00,323.00,21.00,19.00,1,1,1.0000,-1
214,71909,0.00,2.00,0.00,3.00,1,7,1.0000,-1
215,98269,276.00,333.00,10.00,7.00,1,7,1.0000,-1
215,28978,237.00,316.00,14.00,9.00,1,7,0.9783,-1
215,54681,615.00,382.00,34.00,15.00,1,7,1.0000,-1
215,51885,666.00,323.00,21.00,19.00,1,1,1.0000,-1
215,71909,0.00,0.00,7.00,24.00,1,7,1.0000,-1
216,98269,279.00,333.00,10.00,7.00,1,7,1.0000,-1
216,28978,239.00,316.00,14.00,9.00,1,7,0.9670,-1
216,54681,618.00,382.00,33.00,15.00,1,7,1.0000,-1
216,51885,668.00,323.00,21.00,18.00,1,1,1.0000,-1
216,71909,0.00,0.00,13.00,32.00,1,7,1.0000,-1
217,98269,281.00,333.00,11.00,7.00,1,7,1.0000,-1
217,28978,242.00,316.00,14.00,10.00,1,7,0.9677,-1
217,54681,620.00,382.00,33.00,15.00,1,7,1.0000,-1
217,51885,671.00,323.00,21.00,18.00,1,1,1.0000,-1
217,71909,0.00,0.00,20.00,33.00,1,7,1.0000,-1
218,98269,283.00,334.00,10.00,7.00,1,7,1.0000,-1
218,28978,244.00,317.00,14.00,9.00,1,7,0.9892,-1
218,54681,622.00,382.00,34.00,14.00,1,7,1.0000,-1
218,51885,673.00,322.00,21.00,19.00,1,1,1.0000,-1
218,96243,0.00,157.00,3.00,9.00,1,7,0.2816,-1
218,71909,0.00,0.00,27.00,33.00,1,1,0.9986,-1
219,98269,286.00,334.00,10.00,7.00,1,7,1.0000,-1
219,28978,246.00,317.00,14.00,9.00,1,7,0.9890,-1
219,54681,624.00,382.00,35.00,14.00,1,7,1.0000,-1
219,51885,675.00,322.00,22.00,19.00,1,1,1.0000,-1
219,36159,1001.00,317.00,2.00,5.00,1,7,0.0492,-1
219,96243,0.00,150.00,9.00,19.00,1,7,0.3783,-1
219,71909,0.00,0.00,33.00,34.00,1,1,1.0000,-1
220,98269,288.00,334.00,10.00,7.00,1,7,1.0000,-1
220,28978,248.00,317.00,14.00,10.00,1,7,0.9889,-1
220,54681,627.00,382.00,34.00,14.00,1,7,1.0000,-1
220,51885,678.00,322.00,21.00,19.00,1,1,1.0000,-1
220,36159,1003.00,313.00,7.00,10.00,1,7,0.2778,-1
220,96243,0.00,146.00,15.00,26.00,1,7,0.4517,-1
220,71909,0.00,0.00,40.00,35.00,1,1,1.0000,-1
221,98269,290.00,334.00,11.00,7.00,1,7,1.0000,-1
221,28978,251.00,317.00,14.00,10.00,1,7,0.9783,-1
221,54681,629.00,382.00,34.00,14.00,1,7,1.0000,-1
221,51885,680.00,322.00,22.00,18.00,1,1,1.0000,-1
221,36159,1006.00,310.00,11.00,13.00,1,7,0.6264,-1
221,96243,0.00,144.00,20.00,31.00,1,7,0.5079,-1
221,71909,0.00,0.00,47.00,35.00,1,1,1.0000,-1
222,98269,293.00,334.00,10.00,8.00,1,7,1.0000,-1
222,28978,253.00,318.00,14.00,9.00,1,7,0.9783,-1
222,54681,631.00,381.00,33.00,15.00,1,7,1.0000,-1
222,51885,682.00,322.00,22.00,18.00,1,1,1.0000,-1
222,36159,1008.00,308.00,14.00,14.00,1,7,0.8852,-1
222,96243,0.00,141.00,26.00,37.00,1,1,0.5562,-1
222,71909,0.00,0.00,53.00,35.00,1,1,1.0000,-1
223,98269,295.00,335.00,10.00,7.00,1,7,1.0000,-1
223,28978,255.00,318.00,14.00,9.00,1,7,0.9889,-1
223,54681,633.00,381.00,34.00,15.00,1,7,1.0000,-1
223,51885,685.00,322.00,21.00,18.00,1,1,1.0000,-1
223,36159,1010.00,308.00,13.00,14.00,1,7,1.0000,-1
223,96243,0.00,141.00,31.00,40.00,1,1,0.6011,-1
223,71909,3.00,0.00,57.00,36.00,1,1,1.0000,-1
224,98269,298.00,335.00,9.00,7.00,1,7,1.0000,-1
224,28978,258.00,318.00,13.00,9.00,1,7,0.9885,-1
224,54681,635.00,381.00,35.00,14.00,1,7,1.0000,-1
224,51885,687.00,321.00,22.00,19.00,1,1,1.0000,-1
224,36159,1012.00,307.00,11.00,14.00,1,7,1.0000,-1
224,96243,0.00,141.00,37.00,43.00,1,1,0.6414,-1
224,71909,10.00,0.00,57.00,36.00,1,1,0.9992,-1
225,98269,300.00,335.00,10.00,7.00,1,7,1.0000,-1
225,28978,260.00,318.00,14.00,10.00,1,7,0.9775,-1
225,54681,637.00,381.00,35.00,14.00,1,7,0.9973,-1
225,51885,689.00,321.00,22.00,19.00,1,1,1.0000,-1
225,36159,1015.00,307.00,8.00,14.00,1,7,1.0000,-1
225,96243,0.00,142.00,43.00,43.00,1,1,0.6075,-1
225,71909,17.00,0.00,57.00,36.00,1,1,1.0000,-1
225,41466,0.00,139.00,8.00,27.00,1,7,1.0000,-1
226,98269,302.00,335.00,10.00,7.00,1,7,1.0000,-1
226,28978,262.00,318.00,14.00,10.00,1,7,0.9663,-1
226,54681,640.00,381.00,35.00,14.00,1,7,1.0000,-1
226,51885,692.00,321.00,22.00,19.00,1,1,1.0000,-1
226,36159,1017.00,307.00,6.00,14.00,1,7,1.0000,-1
226,96243,0.00,142.00,49.00,43.00,1,1,0.5299,-1
226,71909,24.00,0.00,57.00,36.00,1,1,1.0000,-1
226,41466,0.00,121.00,17.00,56.00,1,7,1.0000,-1
227,98269,305.00,335.00,10.00,7.00,1,7,1.0000,-1
227,28978,265.00,318.00,13.00,10.00,1,7,0.9886,-1
227,54681,642.00,381.00,35.00,14.00,1,7,1.0000,-1
227,51885,694.00,321.00,22.00,19.00,1,1,1.0000,-1
227,36159,1019.00,308.00,4.00,12.00,1,7,1.0000,-1
227,96243,6.00,142.00,49.00,44.00,1,1,0.4637,-1
227,71909,32.00,0.00,56.00,36.00,1,1,1.0000,-1
227,41466,0.00,112.00,25.00,68.00,1,1,1.0000,-1
228,98269,307.00,335.00,10.00,7.00,1,7,1.0000,-1
228,28978,267.00,318.00,14.00,9.00,1,7,0.9885,-1
228,54681,644.00,381.00,35.00,14.00,1,7,0.9973,-1
228,51885,697.00,321.00,22.00,19.00,1,1,1.0000,-1
228,36159,1022.00,309.00,1.00,9.00,1,7,1.0000,-1
228,96243,13.00,142.00,48.00,43.00,1,1,0.4191,-1
228,71909,40.00,0.00,56.00,36.00,1,1,1.0000,-1
228,41466,0.00,106.00,34.00,74.00,1,1,1.0000,-1
229,98269,310.00,335.00,9.00,7.00,1,7,1.0000,-1
229,28978,269.00,318.00,14.00,9.00,1,7,0.9767,-1
229,54681,646.00,381.00,36.00,14.00,1,7,1.0000,-1
229,51885,699.00,321.00,22.00,19.00,1,1,1.0000,-1
229,96243,19.00,141.00,48.00,44.00,1,1,0.3752,-1
229,71909,48.00,0.00,55.00,36.00,1,1,1.0000,-1
229,41466,0.00,99.00,43.00,81.00,1,1,1.0000,-1
230,98269,312.00,335.00,10.00,6.00,1,7,1.0000,-1
230,28978,272.00,318.00,13.00,9.00,1,7,0.9775,-1
230,54681,649.00,381.00,35.00,15.00,1,7,1.0000,-1
230,51885,702.00,321.00,22.00,19.00,1,1,1.0000,-1
230,96243,26.00,143.00,47.00,42.00,1,1,0.3263,-1
230,71909,56.00,0.00,55.00,35.00,1,1,1.0000,-1
230,41466,0.00,95.00,52.00,84.00,1,1,1.0000,-1
231,98269,315.00,334.00,10.00,7.00,1,7,1.0000,-1
231,28978,274.00,318.00,14.00,9.00,1,7,0.9890,-1
231,54681,651.00,381.00,34.00,15.00,1,7,1.0000,-1
231,51885,705.00,322.00,22.00,18.00,1,1,0.9966,-1
231,96243,32.00,145.00,47.00,40.00,1,1,0.2850,-1
231,71909,64.00,0.00,54.00,35.00,1,1,1.0000,-1
231,41466,0.00,88.00,61.00,91.00,1,1,1.0000,-1
232,98269,317.00,334.00,10.00,7.00,1,7,1.0000,-1
232,28978,277.00,317.00,13.00,10.00,1,7,0.9663,-1
232,54681,653.00,381.00,35.00,15.00,1,7,1.0000,-1
232,51885,707.00,322.00,22.00,18.00,1,1,1.0000,-1
232,96243,38.00,146.00,47.00,38.00,1,1,0.2432,-1
232,71909,73.00,0.00,53.00,35.00,1,1,1.0000,-1
232,41466,0.00,83.00,71.00,96.00,1,1,1.0000,-1
233,98269,320.00,334.00,9.00,7.00,1,7,1.0000,-1
233,28978,279.00,317.00,14.00,9.00,1,7,0.9770,-1
233,54681,655.00,382.00,36.00,14.00,1,7,1.0000,-1
233,51885,710.00,322.00,22.00,18.00,1,1,1.0000,-1
233,96243,45.00,148.00,47.00,35.00,1,1,0.2029,-1
233,31226,0.00,233.00,6.00,21.00,1,7,1.0000,-1
233,71909,81.00,0.00,53.00,34.00,1,1,0.9991,-1
233,41466,0.00,76.00,80.00,102.00,1,1,1.0000,-1
234,98269,322.00,334.00,10.00,7.00,1,7,1.0000,-1
234,28978,282.00,317.00,13.00,9.00,1,7,0.9888,-1
234,54681,658.00,382.00,35.00,14.00,1,7,1.0000,-1
234,51885,712.00,322.00,22.00,19.00,1,1,1.0000,-1
234,96243,52.00,153.00,46.00,30.00,1,7,0.1628,-1
234,31226,0.00,230.00,13.00,30.00,1,7,1.0000,-1
234,71909,90.00,0.00,52.00,34.00,1,1,1.0000,-1
234,41466,0.00,73.00,89.00,104.00,1,1,1.0000,-1
235,98269,325.00,333.00,9.00,7.00,1,7,1.0000,-1
235,28978,284.00,316.00,14.00,10.00,1,7,0.9780,-1
235,54681,660.00,382.00,35.00,14.00,1,7,1.0000,-1
235,51885,715.00,323.00,22.00,18.00,1,1,1.0000,-1
235,96243,58.00,157.00,46.00,26.00,1,7,0.1319,-1
235,31226,0.00,228.00,21.00,35.00,1,1,1.0000,-1
235,71909,98.00,0.00,52.00,33.00,1,1,1.0000,-1
235,41466,0.00,69.00,98.00,108.00,1,1,1.0000,-1
236,98269,328.00,333.00,9.00,7.00,1,7,1.0000,-1
236,28978,287.00,316.00,13.00,10.00,1,7,0.9545,-1
236,54681,662.00,382.00,35.00,15.00,1,7,1.0000,-1
236,51885,717.00,323.00,23.00,18.00,1,1,1.0000,-1
236,96243,65.00,159.00,45.00,23.00,1,7,0.1039,-1
236,31226,0.00,227.00,28.00,39.00,1,1,1.0000,-1
236,71909,107.00,0.00,50.00,33.00,1,1,1.0000,-1
236,41466,0.00,66.00,108.00,110.00,1,1,1.0000,-1
237,98269,330.00,333.00,10.00,7.00,1,7,1.0000,-1
237,28978,289.00,316.00,14.00,10.00,1,7,0.9770,-1
237,54681,664.00,382.00,36.00,15.00,1,7,1.0000,-1
237,51885,720.00,323.00,22.00,19.00,1,1,1.0000,-1
237,96243,71.00,162.00,46.00,20.00,1,7,0.0799,-1
237,31226,0.00,226.00,36.00,42.00,1,1,1.0000,-1
237,71909,115.00,0.00,50.00,32.00,1,1,1.0000,-1
237,41466,0.00,66.00,117.00,110.00,1,1,1.0000,-1
238,98269,333.00,333.00,9.00,7.00,1,7,1.0000,-1
238,28978,292.00,316.00,13.00,9.00,1,7,0.9882,-1
238,54681,667.00,383.00,36.00,14.00,1,7,1.0000,-1
238,51885,722.00,323.00,23.00,19.00,1,1,1.0000,-1
238,96243,78.00,164.00,45.00,18.00,1,7,0.0640,-1
238,31226,0.00,226.00,43.00,44.00,1,1,1.0000,-1
238,71909,123.00,0.00,50.00,32.00,1,1,0.9990,-1
238,41466,0.00,65.00,126.00,111.00,1,1,1.0000,-1
239,98269,335.00,333.00,9.00,7.00,1,7,1.0000,-1
239,28978,294.00,316.00,13.00,9.00,1,7,0.9770,-1
239,54681,669.00,383.00,36.00,14.00,1,7,1.0000,-1
239,51885,725.00,323.00,23.00,19.00,1,1,1.0000,-1
239,96243,84.00,165.00,45.00,16.00,1,7,0.0530,-1
239,31226,0.00,225.00,51.00,46.00,1,1,1.0000,-1
239,71909,131.00,0.00,50.00,32.00,1,1,1.0000,-1
239,41466,0.00,64.00,136.00,111.00,1,1,1.0000,-1
240,98269,338.00,333.00,9.00,7.00,1,7,1.0000,-1
240,28978,297.00,316.00,13.00,9.00,1,7,0.9886,-1
240,54681,671.00,383.00,36.00,14.00,1,7,1.0000,-1
240,51885,728.00,324.00,22.00,18.00,1,1,1.0000,-1
240,96243,90.00,167.00,45.00,14.00,1,7,0.0496,-1
240,31226,0.00,225.00,58.00,45.00,1,1,1.0000,-1
240,71909,139.00,0.00,49.00,32.00,1,1,1.0000,-1
240,41466,0.00,64.00,145.00,111.00,1,1,1.0000,-1
241,98269,340.00,333.00,9.00,7.00,1,7,1.0000,-1
241,28978,299.00,316.00,13.00,9.00,1,7,0.9659,-1
241,54681,674.00,383.00,35.00,14.00,1,7,1.0000,-1
241,51885,730.00,324.00,23.00,18.00,1,1,1.0000,-1
241,96243,96.00,174.00,27.00,7.00,1,7,0.0502,-1
241,31226,0.00,225.00,65.00,45.00,1,1,1.0000,-1
241,71909,147.00,0.00,49.00,32.00,1,1,1.0000,-1
241,41466,0.00,64.00,155.00,111.00,1,1,1.0000,-1
242,98269,343.00,333.00,9.00,7.00,1,7,1.0000,-1
242,28978,302.00,316.00,13.00,9.00,1,7,0.9885,-1
242,54681,676.00,383.00,35.00,14.00,1,7,1.0000,-1
242,51885,733.00,324.00,22.00,18.00,1,1,1.0000,-1
242,96243,102.00,174.00,28.00,7.00,1,7,0.0527,-1
242,31226,5.00,225.00,67.00,45.00,1,1,0.9315,-1
242,71909,155.00,0.00,48.00,32.00,1,1,1.0000,-1
242,41466,2.00,64.00,162.00,111.00,1,1,1.0000,-1
243,98269,345.00,333.00,9.00,7.00,1,7,1.0000,-1
243,28978,304.00,316.00,13.00,9.00,1,7,0.9885,-1
243,54681,678.00,383.00,35.00,14.00,1,7,1.0000,-1
243,51885,735.00,324.00,23.00,18.00,1,1,1.0000,-1
243,96243,108.00,173.00,28.00,8.00,1,7,0.0568,-1
243,31226,13.00,225.00,67.00,45.00,1,1,0.8829,-1
243,71909,162.00,0.00,48.00,32.00,1,1,1.0000,-1
243,41466,12.00,64.00,161.00,111.00,1,1,1.0000,-1
244,98269,347.00,333.00,10.00,7.00,1,7,1.0000,-1
244,28978,306.00,316.00,13.00,9.00,1,7,0.9884,-1
244,54681,680.00,383.00,36.00,14.00,1,7,1.0000,-1
244,51885,738.00,324.00,22.00,18.00,1,1,0.9967,-1
244,96243,114.00,173.00,27.00,8.00,1,7,0.0609,-1
244,31226,21.00,226.00,66.00,45.00,1,1,0.8658,-1
244,71909,169.00,0.00,48.00,32.00,1,1,1.0000,-1
244,41466,21.00,65.00,161.00,111.00,1,1,1.0000,-1
245,98269,350.00,333.00,9.00,7.00,1,7,1.0000,-1
245,28978,309.00,316.00,13.00,9.00,1,7,0.9767,-1
245,54681,682.00,383.00,37.00,14.00,1,7,1.0000,-1
245,51885,740.00,323.00,23.00,19.00,1,1,1.0000,-1
245,96243,120.00,173.00,26.00,9.00,1,7,0.0659,-1
245,31226,29.00,226.00,65.00,45.00,1,1,0.8620,-1
245,71909,177.00,0.00,47.00,32.00,1,1,1.0000,-1
245,41466,30.00,65.00,161.00,111.00,1,1,1.0000,-1
246,98269,352.00,333.00,9.00,7.00,1,7,1.0000,-1
246,28978,311.00,316.00,13.00,9.00,1,7,0.9762,-1
246,54681,685.00,383.00,36.00,14.00,1,7,1.0000,-1
246,51885,742.00,323.00,23.00,19.00,1,1,1.0000,-1
246,96243,126.00,173.00,26.00,9.00,1,7,0.0734,-1
246,31226,37.00,226.00,64.00,45.00,1,1,0.8606,-1
246,71909,183.00,0.00,48.00,33.00,1,1,1.0000,-1
246,41466,39.00,65.00,161.00,111.00,1,1,1.0000,-1
247,98269,355.00,333.00,9.00,7.00,1,7,1.0000,-1
247,28978,313.00,316.00,13.00,10.00,1,7,0.9878,-1
247,54681,687.00,383.00,36.00,14.00,1,7,1.0000,-1
247,51885,745.00,323.00,23.00,19.00,1,1,1.0000,-1
247,96243,130.00,170.00,29.00,13.00,1,7,0.0823,-1
247,31226,45.00,227.00,63.00,45.00,1,1,0.8583,-1
247,71909,190.00,0.00,48.00,33.00,1,1,1.0000,-1
247,41466,48.00,66.00,161.00,110.00,1,1,1.0000,-1
248,98269,357.00,333.00,9.00,7.00,1,7,1.0000,-1
248,28978,316.00,316.00,12.00,10.00,1,7,0.9655,-1
248,54681,689.00,382.00,36.00,15.00,1,7,1.0000,-1
248,51885,747.00,323.00,23.00,18.00,1,1,1.0000,-1
248,96243,135.00,168.00,31.00,15.00,1,7,0.0942,-1
248,31226,53.00,227.00,62.00,45.00,1,1,0.8499,-1
248,71909,197.00,0.00,48.00,33.00,1,1,1.0000,-1
248,41466,57.00,66.00,161.00,111.00,1,1,1.0000,-1
249,98269,359.00,334.00,9.00,6.00,1,7,1.0000,-1
249,28978,318.00,317.00,12.00,9.00,1,7,0.9882,-1
249,54681,691.00,382.00,36.00,15.00,1,7,1.0000,-1
249,51885,749.00,323.00,24.00,18.00,1,1,1.0000,-1
249,96243,140.00,167.00,33.00,17.00,1,7,0.1113,-1
249,31226,60.00,228.00,62.00,45.00,1,1,0.8523,-1
249,71909,204.00,0.00,48.00,33.00,1,1,1.0000,-1
249,41466,66.00,67.00,161.00,110.00,1,1,1.0000,-1
250,98269,362.00,334.00,8.00,7.00,1,7,1.0000,-1
250,28978,320.00,317.00,13.00,9.00,1,7,0.9884,-1
250,54681,693.00,382.00,37.00,14.00,1,7,1.0000,-1
250,51885,752.00,322.00,23.00,19.00,1,1,1.0000,-1
250,96243,144.00,165.00,36.00,19.00,1,7,0.1301,-1
250,31226,68.00,228.00,61.00,45.00,1,1,0.8467,-1
250,71909,211.00,0.00,47.00,34.00,1,1,1.0000,-1
250,41466,74.00,67.00,161.00,111.00,1,1,1.0000,-1
251,98269,364.00,334.00,9.00,7.00,1,7,1.0000,-1
251,28978,322.00,317.00,13.00,9.00,1,7,0.9756,-1
251,54681,696.00,382.00,36.00,14.00,1,7,1.0000,-1
251,51885,754.00,322.00,23.00,18.00,1,1,1.0000,-1
251,96243,149.00,164.00,38.00,21.00,1,7,0.1478,-1
251,31226,76.00,228.00,59.00,46.00,1,1,0.8377,-1
251,71909,217.00,0.00,48.00,34.00,1,1,1.0000,-1
251,41466,83.00,67.00,161.00,111.00,1,1,1.0000,-1
252,98269,366.00,334.00,9.00,7.00,1,7,1.0000,-1
252,28978,325.00,317.00,12.00,10.00,1,7,0.9759,-1
252,54681,698.00,381.00,35.00,15.00,1,7,1.0000,-1
252,51885,756.00,322.00,24.00,18.00,1,1,1.0000,-1
252,96243,155.00,164.00,39.00,21.00,1,7,0.1697,-1
252,31226,83.00,229.00,59.00,45.00,1,1,0.8415,-1
252,71909,225.00,0.00,47.00,34.00,1,1,0.9990,-1
252,41466,92.00,68.00,161.00,110.00,1,1,1.0000,-1
253,98269,369.00,334.00,8.00,7.00,1,7,1.0000,-1
253,28978,327.00,317.00,12.00,10.00,1,7,0.9765,-1
253,54681,700.00,381.00,36.00,15.00,1,7,1.0000,-1
253,51885,759.00,321.00,23.00,19.00,1,1,1.0000,-1
253,96243,161.00,163.00,39.00,23.00,1,7,0.1905,-1
253,31226,91.00,229.00,58.00,46.00,1,1,0.8361,-1
253,71909,232.00,0.00,47.00,35.00,1,1,0.9962,-1
253,41466,101.00,68.00,161.00,110.00,1,1,1.0000,-1
254,98269,371.00,334.00,9.00,7.00,1,7,1.0000,-1
254,28978,329.00,318.00,13.00,9.00,1,7,0.9762,-1
254,54681,702.00,381.00,37.00,14.00,1,7,1.0000,-1
254,51885,761.00,321.00,24.00,19.00,1,1,1.0000,-1
254,96243,165.00,160.00,42.00,26.00,1,1,0.2133,-1
254,31226,98.00,229.00,58.00,46.00,1,1,0.8294,-1
254,71909,239.00,0.00,47.00,35.00,1,1,0.9934,-1
254,41466,109.00,68.00,162.00,111.00,1,1,1.0000,-1
255,98269,374.00,334.00,8.00,7.00,1,7,1.0000,-1
255,28978,332.00,318.00,12.00,9.00,1,7,0.9881,-1
255,54681,704.00,381.00,37.00,14.00,1,7,0.9975,-1
255,51885,763.00,321.00,24.00,18.00,1,1,1.0000,-1
255,96243,171.00,159.00,43.00,27.00,1,1,0.2423,-1
255,31226,106.00,230.00,57.00,45.00,1,1,0.8274,-1
255,71909,247.00,0.00,46.00,35.00,1,1,0.9887,-1
255,41466,118.00,69.00,162.00,110.00,1,1,1.0000,-1
256,98269,376.00,334.00,9.00,7.00,1,7,1.0000,-1
256,28978,334.00,318.00,12.00,9.00,1,7,0.9880,-1
256,54681,707.00,381.00,36.00,14.00,1,7,1.0000,-1
256,51885,766.00,321.00,24.00,18.00,1,1,1.0000,-1
256,96243,177.00,157.00,43.00,29.00,1,1,0.2750,-1
256,31226,114.00,230.00,56.00,45.00,1,1,0.8220,-1
256,71909,254.00,0.00,46.00,35.00,1,1,0.9831,-1
256,41466,127.00,69.00,162.00,110.00,1,1,1.0000,-1
257,98269,378.00,334.00,9.00,7.00,1,7,1.0000,-1
257,28978,336.00,318.00,13.00,9.00,1,7,0.9877,-1
257,54681,709.00,381.00,36.00,14.00,1,7,1.0000,-1
257,51885,768.00,321.00,24.00,18.00,1,1,1.0000,-1
257,96243,183.00,156.00,43.00,31.00,1,1,0.3070,-1
257,31226,122.00,230.00,56.00,45.00,1,1,0.8174,-1
257,71909,262.00,0.00,45.00,35.00,1,1,0.9793,-1
257,41466,137.00,69.00,161.00,110.00,1,1,1.0000,-1
258,98269,381.00,334.00,8.00,7.00,1,7,1.0000,-1
258,28978,339.00,318.00,12.00,9.00,1,7,0.9762,-1
258,54681,711.00,381.00,37.00,14.00,1,7,1.0000,-1
258,51885,771.00,321.00,24.00,18.00,1,1,1.0000,-1
258,96243,188.00,153.00,47.00,34.00,1,1,0.3433,-1
258,31226,129.00,230.00,56.00,45.00,1,1,0.8139,-1
258,71909,270.00,0.00,45.00,35.00,1,1,0.9717,-1
258,41466,146.00,69.00,161.00,110.00,1,1,1.0000,-1
259,98269,383.00,334.00,9.00,7.00,1,7,1.0000,-1
259,28978,341.00,318.00,12.00,9.00,1,7,0.9878,-1
259,54681,713.00,381.00,37.00,14.00,1,7,1.0000,-1
259,51885,773.00,321.00,24.00,18.00,1,1,1.0000,-1
259,96243,194.00,151.00,47.00,36.00,1,1,0.3815,-1
259,31226,137.00,230.00,55.00,45.00,1,1,0.8080,-1
259,71909,278.00,0.00,44.00,35.00,1,1,0.9659,-1
259,41466,155.00,68.00,161.00,111.00,1,1,1.0000,-1
260,98269,386.00,334.00,8.00,7.00,1,7,1.0000,-1
260,28978,344.00,318.00,12.00,9.00,1,7,0.9756,-1
260,54681,716.00,381.00,37.00,14.00,1,7,1.0000,-1
260,51885,776.00,321.00,24.00,18.00,1,1,1.0000,-1
260,96243,201.00,149.00,48.00,38.00,1,1,0.4211,-1
260,31226,145.00,229.00,54.00,46.00,1,1,0.8052,-1
260,71909,286.00,0.00,44.00,35.00,1,1,0.9581,-1
260,41466,165.00,68.00,161.00,110.00,1,1,1.0000,-1
261,98269,388.00,334.00,9.00,7.00,1,7,1.0000,-1
261,28978,346.00,318.00,12.00,9.00,1,7,0.9878,-1
261,54681,718.00,381.00,37.00,14.00,1,7,1.0000,-1
261,51885,778.00,321.00,24.00,18.00,1,1,1.0000,-1
261,96243,207.00,148.00,50.00,38.00,1,1,0.4653,-1
261,31226,153.00,229.00,54.00,46.00,1,1,0.8001,-1
261,71909,294.00,0.00,44.00,35.00,1,1,0.9512,-1
261,41466,174.00,68.00,161.00,110.00,1,1,1.0000,-1
262,98269,391.00,334.00,8.00,7.00,1,7,1.0000,-1
262,28978,349.00,317.00,11.00,10.00,1,7,0.9634,-1
262,54681,720.00,381.00,38.00,14.00,1,7,1.0000,-1
262,51885,781.00,321.00,24.00,19.00,1,1,1.0000,-1
262,96243,213.00,146.00,50.00,40.00,1,1,0.5055,-1
262,31226,161.00,229.00,53.00,45.00,1,1,0.7952,-1
262,71909,302.00,0.00,44.00,34.00,1,1,0.9429,-1
262,41466,183.00,68.00,162.00,110.00,1,1,1.0000,-1
263,98269,393.00,334.00,9.00,7.00,1,7,1.0000,-1
263,28978,351.00,317.00,12.00,10.00,1,7,0.9872,-1
263,54681,722.00,381.00,37.00,15.00,1,7,1.0000,-1
263,51885,783.00,322.00,25.00,18.00,1,1,1.0000,-1
263,96243,219.00,143.00,51.00,43.00,1,1,0.5478,-1
263,31226,169.00,229.00,53.00,45.00,1,1,0.7901,-1
263,71909,310.00,0.00,44.00,34.00,1,1,0.9358,-1
263,41466,193.00,67.00,162.00,111.00,1,1,1.0000,-1
264,98269,396.00,334.00,8.00,7.00,1,7,1.0000,-1
264,28978,354.00,317.00,11.00,9.00,1,7,0.9868,-1
264,54681,725.00,382.00,37.00,14.00,1,7,1.0000,-1
264,51885,786.00,322.00,24.00,18.00,1,1,1.0000,-1
264,96243,226.00,141.00,50.00,45.00,1,1,0.5874,-1
264,31226,178.00,228.00,51.00,46.00,1,1,0.7858,-1
264,71909,319.00,0.00,43.00,34.00,1,1,0.9241,-1
264,41466,203.00,67.00,161.00,111.00,1,1,1.0000,-1
265,98269,398.00,334.00,9.00,7.00,1,7,1.0000,-1
265,28978,356.00,317.00,12.00,9.00,1,7,0.9878,-1
265,54681,727.00,382.00,38.00,14.00,1,7,1.0000,-1
265,51885,788.00,322.00,25.00,19.00,1,1,1.0000,-1
265,96243,232.00,141.00,50.00,45.00,1,1,0.6262,-1
265,31226,186.00,228.00,51.00,45.00,1,1,0.7792,-1
265,71909,327.00,0.00,43.00,34.00,1,1,0.9148,-1
265,41466,212.00,67.00,162.00,110.00,1,1,0.9999,-1
266,98269,401.00,334.00,8.00,7.00,1,7,1.0000,-1
266,28978,359.00,317.00,11.00,9.00,1,7,0.9872,-1
266,54681,729.00,382.00,37.00,14.00,1,7,1.0000,-1
266,51885,791.00,323.00,24.00,18.00,1,1,1.0000,-1
266,96243,238.00,139.00,51.00,46.00,1,1,0.6630,-1
266,31226,194.00,228.00,50.00,45.00,1,1,0.7729,-1
266,71909,335.00,0.00,43.00,34.00,1,1,0.9040,-1
266,41466,222.00,67.00,162.00,110.00,1,1,1.0000,-1
267,98269,404.00,333.00,8.00,7.00,1,7,1.0000,-1
267,28978,361.00,317.00,12.00,9.00,1,7,0.9756,-1
267,54681,731.00,382.00,37.00,15.00,1,7,1.0000,-1
267,51885,794.00,323.00,24.00,18.00,1,1,1.0000,-1
267,96243,245.00,138.00,50.00,47.00,1,1,0.7021,-1
267,31226,202.00,227.00,50.00,46.00,1,1,0.7700,-1
267,71909,343.00,0.00,43.00,33.00,1,1,0.8916,-1
267,41466,232.00,66.00,161.00,111.00,1,1,0.9999,-1
268,98269,406.00,333.00,8.00,7.00,1,7,1.0000,-1
268,28978,364.00,316.00,11.00,10.00,1,7,0.9750,-1
268,54681,734.00,383.00,38.00,14.00,1,7,1.0000,-1
268,51885,796.00,323.00,25.00,19.00,1,1,1.0000,-1
268,96243,251.00,138.00,50.00,47.00,1,1,0.7377,-1
268,31226,210.00,227.00,49.00,45.00,1,1,0.7612,-1
268,71909,352.00,0.00,42.00,33.00,1,1,0.8763,-1
268,41466,241.00,66.00,162.00,111.00,1,1,1.0000,-1
269,98269,409.00,333.00,8.00,7.00,1,7,1.0000,-1
269,28978,366.00,316.00,12.00,10.00,1,7,0.9872,-1
269,54681,736.00,383.00,38.00,14.00,1,7,1.0000,-1
269,51885,799.00,324.00,24.00,18.00,1,1,1.0000,-1
269,96243,257.00,138.00,51.00,47.00,1,1,0.7718,-1
269,31226,218.00,227.00,49.00,45.00,1,1,0.7554,-1
269,71909,360.00,0.00,42.00,33.00,1,1,0.8628,-1
269,41466,250.00,66.00,163.00,111.00,1,1,1.0000,-1
270,98269,411.00,333.00,8.00,7.00,1,7,1.0000,-1
270,28978,369.00,316.00,11.00,9.00,1,7,0.9867,-1
270,54681,738.00,383.00,37.00,15.00,1,7,1.0000,-1
270,51885,801.00,324.00,25.00,18.00,1,1,1.0000,-1
270,96243,264.00,138.00,50.00,47.00,1,1,0.7970,-1
270,31226,226.00,227.00,48.00,45.00,1,1,0.7502,-1
270,71909,368.00,0.00,42.00,33.00,1,1,0.8465,-1
270,41466,260.00,66.00,162.00,111.00,1,1,1.0000,-1
271,98269,414.00,333.00,8.00,7.00,1,7,1.0000,-1
271,28978,371.00,316.00,11.00,9.00,1,7,0.9865,-1
271,54681,740.00,383.00,38.00,15.00,1,7,1.0000,-1
271,51885,804.00,324.00,24.00,19.00,1,1,1.0000,-1
271,96243,270.00,138.00,50.00,47.00,1,1,0.8085,-1
271,31226,234.00,227.00,48.00,45.00,1,1,0.7434,-1
271,71909,376.00,0.00,42.00,33.00,1,1,0.8266,-1
271,41466,269.00,66.00,163.00,111.00,1,1,1.0000,-1
272,98269,416.00,333.00,8.00,7.00,1,7,1.0000,-1
272,28978,373.00,316.00,12.00,9.00,1,7,0.9867,-1
272,54681,743.00,383.00,37.00,15.00,1,7,1.0000,-1
272,51885,806.00,324.00,25.00,19.00,1,1,1.0000,-1
272,96243,276.00,138.00,50.00,47.00,1,1,0.8053,-1
272,31226,242.00,227.00,47.00,45.00,1,1,0.7375,-1
272,71909,384.00,0.00,41.00,33.00,1,1,0.8055,-1
272,41466,279.00,66.00,162.00,111.00,1,1,1.0000,-1
273,98269,419.00,333.00,8.00,7.00,1,7,1.0000,-1
273,28978,376.00,316.00,11.00,9.00,1,7,0.9730,-1
273,54681,745.00,383.00,38.00,15.00,1,7,1.0000,-1
273,51885,809.00,324.00,25.00,19.00,1,1,1.0000,-1
273,96243,282.00,138.00,50.00,47.00,1,1,0.8085,-1
273,31226,250.00,227.00,46.00,45.00,1,1,0.7306,-1
273,71909,392.00,0.00,41.00,33.00,1,1,0.7834,-1
273,41466,288.00,66.00,162.00,111.00,1,1,1.0000,-1
274,98269,421.00,333.00,8.00,7.00,1,7,1.0000,-1
274,28978,378.00,316.00,12.00,9.00,1,7,0.9868,-1
274,54681,747.00,383.00,38.00,15.00,1,7,1.0000,-1
274,51885,811.00,324.00,25.00,19.00,1,1,1.0000,-1
274,96243,288.00,138.00,50.00,47.00,1,1,0.8058,-1
274,31226,258.00,227.00,45.00,45.00,1,1,0.7232,-1
274,71909,399.00,0.00,41.00,33.00,1,1,0.7596,-1
274,41466,297.00,66.00,162.00,111.00,1,1,1.0000,-1
275,98269,423.00,333.00,8.00,7.00,1,7,1.0000,-1
275,28978,381.00,316.00,11.00,10.00,1,7,1.0000,-1
275,54681,749.00,383.00,38.00,15.00,1,7,1.0000,-1
275,51885,814.00,324.00,25.00,19.00,1,1,1.0000,-1
275,96243,294.00,138.00,50.00,47.00,1,1,0.8080,-1
275,31226,266.00,227.00,45.00,45.00,1,1,0.7175,-1
275,71909,406.00,0.00,42.00,33.00,1,1,0.7352,-1
275,41466,306.00,66.00,162.00,111.00,1,1,1.0000,-1
276,98269,426.00,333.00,8.00,7.00,1,7,1.0000,-1
276,28978,383.00,316.00,11.00,10.00,1,7,0.9870,-1
276,54681,751.00,383.00,38.00,15.00,1,7,1.0000,-1
276,51885,816.00,324.00,25.00,18.00,1,1,1.0000,-1
276,96243,300.00,138.00,50.00,48.00,1,1,0.8070,-1
276,31226,273.00,227.00,45.00,45.00,1,1,0.7106,-1
276,71909,414.00,0.00,41.00,34.00,1,1,0.7084,-1
276,41466,315.00,66.00,162.00,111.00,1,1,0.9999,-1
277,98269,428.00,333.00,8.00,7.00,1,7,1.0000,-1
277,28978,385.00,316.00,11.00,10.00,1,7,0.9733,-1
277,54681,754.00,383.00,38.00,14.00,1,7,1.0000,-1
277,51885,819.00,324.00,24.00,18.00,1,1,1.0000,-1
277,96243,305.00,138.00,51.00,48.00,1,1,0.8085,-1
277,31226,281.00,227.00,44.00,45.00,1,1,0.7044,-1
277,71909,421.00,0.00,41.00,34.00,1,1,0.6793,-1
277,41466,323.00,66.00,163.00,111.00,1,1,1.0000,-1
278,98269,431.00,334.00,7.00,6.00,1,7,1.0000,-1
278,28978,388.00,317.00,11.00,9.00,1,7,0.9740,-1
278,54681,756.00,383.00,39.00,14.00,1,7,1.0000,-1
278,51885,821.00,323.00,25.00,19.00,1,1,1.0000,-1
278,96243,312.00,138.00,49.00,48.00,1,1,0.8031,-1
278,31226,289.00,227.00,43.00,46.00,1,1,0.6974,-1
278,71909,427.00,0.00,42.00,34.00,1,1,0.6525,-1
278,41466,332.00,67.00,163.00,110.00,1,1,1.0000,-1
279,98269,433.00,334.00,8.00,7.00,1,7,1.0000,-1
279,28978,390.00,317.00,11.00,9.00,1,7,0.9872,-1
279,54681,758.00,383.00,38.00,14.00,1,7,1.0000,-1
279,51885,823.00,323.00,25.00,19.00,1,1,1.0000,-1
279,96243,319.00,139.00,48.00,48.00,1,1,0.7860,-1
279,31226,296.00,228.00,43.00,45.00,1,1,0.6860,-1
279,71909,434.00,0.00,42.00,34.00,1,1,0.6217,-1
279,41466,341.00,67.00,163.00,110.00,1,1,0.9999,-1
280,98269,435.00,334.00,8.00,7.00,1,7,1.0000,-1
280,28978,392.00,317.00,11.00,9.00,1,7,0.9867,-1
280,54681,760.00,382.00,38.00,15.00,1,7,1.0000,-1
280,51885,826.00,323.00,25.00,18.00,1,1,1.0000,-1
280,96243,327.00,139.00,46.00,48.00,1,1,0.7548,-1
280,31226,304.00,228.00,42.00,45.00,1,1,0.6820,-1
280,71909,436.00,0.00,47.00,34.00,1,1,0.5934,-1
280,41466,349.00,67.00,164.00,110.00,1,1,1.0000,-1
281,98269,437.00,334.00,8.00,7.00,1,7,1.0000,-1
281,28978,394.00,317.00,11.00,9.00,1,7,0.9867,-1
281,54681,763.00,382.00,38.00,14.00,1,7,1.0000,-1
281,51885,828.00,322.00,25.00,19.00,1,1,1.0000,-1
281,96243,334.00,139.00,44.00,48.00,1,1,0.7271,-1
281,31226,311.00,228.00,42.00,45.00,1,1,0.6731,-1
281,71909,443.00,0.00,47.00,34.00,1,1,0.5626,-1
281,41466,357.00,67.00,165.00,110.00,1,1,0.9999,-1
282,98269,440.00,334.00,8.00,7.00,1,7,1.0000,-1
282,28978,397.00,317.00,11.00,9.00,1,7,0.9865,-1
282,54681,765.00,382.00,38.00,14.00,1,7,1.0000,-1
282,51885,830.00,322.00,26.00,18.00,1,1,1.0000,-1
282,96243,342.00,139.00,42.00,48.00,1,1,0.6917,-1
282,31226,319.00,228.00,41.00,45.00,1,1,0.6650,-1
282,71909,450.00,0.00,46.00,34.00,1,1,0.5370,-1
282,41466,366.00,67.00,164.00,110.00,1,1,1.0000,-1
283,98269,442.00,334.00,8.00,7.00,1,7,1.0000,-1
283,28978,399.00,317.00,11.00,9.00,1,7,1.0000,-1
283,54681,767.00,381.00,38.00,15.00,1,7,1.0000,-1
283,51885,833.00,321.00,25.00,19.00,1,1,0.9971,-1
283,96243,350.00,139.00,40.00,48.00,1,1,0.6518,-1
283,31226,326.00,228.00,41.00,46.00,1,1,0.6579,-1
283,71909,457.00,0.00,46.00,34.00,1,1,0.5054,-1
283,41466,375.00,67.00,164.00,110.00,1,1,0.9999,-1
284,98269,444.00,334.00,8.00,7.00,1,7,1.0000,-1
284,28978,401.00,317.00,11.00,10.00,1,7,0.9865,-1
284,54681,769.00,381.00,39.00,14.00,1,7,1.0000,-1
284,51885,835.00,321.00,26.00,19.00,1,1,1.0000,-1
284,96243,357.00,141.00,38.00,47.00,1,1,0.6148,-1
284,31226,334.00,228.00,40.00,46.00,1,1,0.6474,-1
284,71909,463.00,0.00,47.00,34.00,1,1,0.4810,-1
284,41466,383.00,67.00,165.00,110.00,1,1,1.0000,-1
285,98269,447.00,334.00,8.00,7.00,1,7,1.0000,-1
285,28978,403.00,317.00,11.00,10.00,1,7,0.9867,-1
285,54681,771.00,381.00,39.00,14.00,1,7,1.0000,-1
285,51885,837.00,321.00,26.00,18.00,1,1,1.0000,-1
285,96243,364.00,142.00,37.00,46.00,1,1,0.5732,-1
285,31226,342.00,228.00,39.00,46.00,1,1,0.6399,-1
285,71909,470.00,0.00,47.00,34.00,1,1,0.4558,-1
285,41466,392.00,67.00,165.00,110.00,1,1,1.0000,-1
286,98269,449.00,334.00,8.00,7.00,1,7,1.0000,-1
286,28978,406.00,317.00,11.00,10.00,1,7,0.9737,-1
286,54681,773.00,380.00,38.00,15.00,1,7,1.0000,-1
286,51885,840.00,321.00,25.00,18.00,1,1,1.0000,-1
286,96243,372.00,142.00,35.00,46.00,1,1,0.5249,-1
286,31226,349.00,228.00,39.00,46.00,1,1,0.6306,-1
286,71909,477.00,0.00,47.00,34.00,1,1,0.4326,-1
286,41466,401.00,67.00,165.00,110.00,1,1,0.9999,-1
287,98269,452.00,334.00,7.00,7.00,1,7,1.0000,-1
287,28978,408.00,317.00,11.00,10.00,1,7,1.0000,-1
287,54681,776.00,380.00,38.00,15.00,1,7,1.0000,-1
287,51885,842.00,320.00,26.00,19.00,1,1,1.0000,-1
287,96243,380.00,144.00,33.00,44.00,1,1,0.4771,-1
287,31226,357.00,228.00,38.00,46.00,1,1,0.6218,-1
287,71909,484.00,0.00,48.00,34.00,1,1,0.4039,-1
287,41466,410.00,67.00,165.00,110.00,1,1,0.9999,-1
288,98269,454.00,334.00,8.00,7.00,1,7,1.0000,-1
288,28978,410.00,317.00,11.00,10.00,1,7,0.9867,-1
288,54681,778.00,380.00,39.00,15.00,1,7,1.0000,-1
288,51885,844.00,320.00,26.00,19.00,1,1,1.0000,-1
288,96243,386.00,145.00,33.00,43.00,1,1,0.4288,-1
288,31226,365.00,229.00,37.00,45.00,1,1,0.6077,-1
288,71909,492.00,0.00,46.00,34.00,1,1,0.3754,-1
288,41466,419.00,67.00,165.00,110.00,1,1,0.9999,-1
289,98269,457.00,334.00,7.00,7.00,1,7,1.0000,-1
289,28978,413.00,317.00,11.00,10.00,1,7,0.9737,-1
289,54681,780.00,380.00,39.00,14.00,1,7,1.0000,-1
289,51885,847.00,320.00,26.00,19.00,1,1,1.0000,-1
289,96243,395.00,146.00,30.00,42.00,1,1,0.3763,-1
289,31226,373.00,228.00,37.00,46.00,1,1,0.6013,-1
289,71909,499.00,0.00,46.00,34.00,1,1,0.3520,-1
289,41466,428.00,67.00,165.00,110.00,1,1,0.9999,-1
290,98269,459.00,334.00,8.00,7.00,1,7,1.0000,-1
290,28978,415.00,317.00,11.00,10.00,1,7,1.0000,-1
290,54681,782.00,380.00,39.00,15.00,1,7,1.0000,-1
290,51885,849.00,320.00,27.00,19.00,1,1,1.0000,-1
290,96243,403.00,147.00,28.00,40.00,1,1,0.3230,-1
290,31226,381.00,228.00,36.00,46.00,1,1,0.5901,-1
290,71909,506.00,0.00,46.00,34.00,1,1,0.3233,-1
290,41466,437.00,67.00,166.00,110.00,1,1,0.9999,-1
291,98269,461.00,334.00,8.00,7.00,1,7,1.0000,-1
291,28978,418.00,317.00,10.00,10.00,1,7,0.9863,-1
291,54681,785.00,380.00,38.00,15.00,1,7,1.0000,-1
291,51885,852.00,320.00,26.00,19.00,1,1,1.0000,-1
291,96243,412.00,149.00,26.00,37.00,1,1,0.2736,-1
291,31226,388.00,228.00,37.00,46.00,1,1,0.5797,-1
291,71909,514.00,0.00,44.00,34.00,1,1,0.3014,-1
291,41466,446.00,67.00,166.00,110.00,1,1,1.0000,-1
292,98269,464.00,334.00,8.00,7.00,1,7,1.0000,-1
292,28978,420.00,317.00,11.00,9.00,1,7,0.9859,-1
292,54681,787.00,381.00,38.00,14.00,1,7,1.0000,-1
292,51885,855.00,321.00,26.00,18.00,1,1,1.0000,-1
292,96243,421.00,150.00,23.00,35.00,1,1,0.2274,-1
292,31226,397.00,228.00,35.00,45.00,1,1,0.5698,-1
292,71909,522.00,0.00,43.00,34.00,1,1,0.2764,-1
292,41466,455.00,67.00,167.00,110.00,1,1,1.0000,-1
293,98269,466.00,334.00,8.00,7.00,1,7,1.0000,-1
293,28978,423.00,317.00,10.00,9.00,1,7,0.9718,-1
293,54681,789.00,381.00,40.00,14.00,1,7,1.0000,-1
293,51885,857.00,321.00,26.00,18.00,1,1,1.0000,-1
293,96243,430.00,151.00,20.00,33.00,1,7,0.1844,-1
293,31226,405.00,228.00,35.00,45.00,1,1,0.5586,-1
293,71909,529.00,0.00,42.00,34.00,1,1,0.2522,-1
293,41466,465.00,67.00,166.00,110.00,1,1,0.9998,-1
294,98269,469.00,334.00,8.00,7.00,1,7,1.0000,-1
294,28978,425.00,317.00,11.00,9.00,1,7,0.9859,-1
294,54681,791.00,381.00,40.00,14.00,1,7,1.0000,-1
294,51885,860.00,321.00,26.00,19.00,1,1,1.0000,-1
294,96243,439.00,154.00,18.00,29.00,1,7,0.1451,-1
294,31226,413.00,228.00,34.00,45.00,1,1,0.5466,-1
294,71909,537.00,0.00,42.00,28.00,1,1,0.2378,-1
294,41466,474.00,67.00,167.00,110.00,1,1,1.0000,-1
295,98269,472.00,334.00,7.00,7.00,1,7,1.0000,-1
295,28978,428.00,317.00,10.00,9.00,1,7,0.9865,-1
295,54681,794.00,381.00,38.00,15.00,1,7,1.0000,-1
295,51885,862.00,322.00,26.00,18.00,1,1,1.0000,-1
295,96243,448.00,156.00,15.00,26.00,1,7,0.1089,-1
295,31226,421.00,228.00,34.00,45.00,1,1,0.5351,-1
295,71909,545.00,0.00,39.00,28.00,1,1,0.2327,-1
295,41466,484.00,67.00,167.00,110.00,1,1,1.0000,-1
296,98269,474.00,334.00,8.00,7.00,1,7,1.0000,-1
296,28978,430.00,317.00,11.00,9.00,1,7,0.9861,-1
296,54681,796.00,382.00,40.00,14.00,1,7,1.0000,-1
296,51885,865.00,322.00,26.00,19.00,1,1,1.0000,-1
296,96243,457.00,159.00,12.00,23.00,1,7,0.0791,-1
296,31226,429.00,228.00,34.00,45.00,1,1,0.5219,-1
296,71909,553.00,0.00,36.00,28.00,1,1,0.2369,-1
296,41466,493.00,67.00,168.00,110.00,1,1,0.9999,-1
297,98269,477.00,334.00,7.00,7.00,1,7,1.0000,-1
297,28978,433.00,317.00,10.00,9.00,1,7,0.9863,-1
297,54681,798.00,382.00,39.00,15.00,1,7,1.0000,-1
297,51885,867.00,323.00,27.00,18.00,1,1,1.0000,-1
297,96243,466.00,162.00,10.00,19.00,1,7,0.0508,-1
297,31226,437.00,228.00,33.00,45.00,1,1,0.5098,-1
297,71909,562.00,0.00,33.00,28.00,1,1,0.2414,-1
297,41466,503.00,67.00,168.00,111.00,1,1,1.0000,-1
298,98269,479.00,334.00,8.00,7.00,1,7,1.0000,-1
298,28978,437.00,317.00,8.00,9.00,1,7,0.8630,-1
298,54681,800.00,383.00,40.00,14.00,1,7,1.0000,-1
298,51885,870.00,323.00,26.00,19.00,1,1,1.0000,-1
298,96243,475.00,165.00,7.00,15.00,1,7,0.0307,-1
298,31226,445.00,228.00,33.00,45.00,1,1,0.4965,-1
298,71909,570.00,0.00,29.00,24.00,1,1,0.2415,-1
298,41466,513.00,67.00,167.00,111.00,1,1,0.9998,-1
299,98269,482.00,334.00,7.00,7.00,1,7,1.0000,-1
299,28978,444.00,318.00,4.00,8.00,1,7,0.3600,-1
299,54681,803.00,383.00,40.00,14.00,1,7,1.0000,-1
299,51885,872.00,324.00,27.00,18.00,1,1,1.0000,-1
299,96243,485.00,169.00,4.00,10.00,1,7,0.0127,-1
299,31226,453.00,228.00,33.00,45.00,1,1,0.4866,-1
299,71909,577.00,0.00,32.00,18.00,1,1,0.2482,-1
299,41466,522.00,67.00,168.00,111.00,1,1,1.0000,-1
300,98269,484.00,334.00,8.00,7.00,1,7,1.0000,-1
300,54681,805.00,383.00,39.00,15.00,1,7,1.0000,-1
300,51885,875.00,324.00,27.00,18.00,1,1,1.0000,-1
300,96243,494.00,174.00,1.00,4.00,1,7,0.0028,-1
300,31226,461.00,228.00,33.00,45.00,1,1,0.4724,-1
300,71909,586.00,0.00,33.00,18.00,1,1,0.2502,-1
300,41466,532.00,67.00,168.00,111.00,1,1,0.9999,-1
301,98269,487.00,334.00,7.00,7.00,1,7,1.0000,-1
301,54681,807.00,383.00,40.00,15.00,1,7,1.0000,-1
301,51885,878.00,324.00,26.00,19.00,1,1,1.0000,-1
301,31226,470.00,228.00,31.00,45.00,1,1,0.4586,-1
301,71909,596.00,0.00,33.00,18.00,1,1,0.2511,-1
301,41466,541.00,67.00,169.00,111.00,1,1,0.9999,-1
302,98269,489.00,334.00,8.00,7.00,1,7,1.0000,-1
302,54681,809.00,384.00,41.00,14.00,1,7,1.0000,-1
302,51885,880.00,324.00,27.00,19.00,1,1,1.0000,-1
302,31226,478.00,228.00,31.00,45.00,1,1,0.4445,-1
302,71909,605.00,0.00,33.00,18.00,1,1,0.2487,-1
302,41466,550.00,68.00,169.00,110.00,1,1,0.9999,-1
303,98269,492.00,334.00,7.00,7.00,1,7,1.0000,-1
303,54681,812.00,384.00,40.00,14.00,1,7,1.0000,-1
303,51885,883.00,325.00,26.00,18.00,1,1,0.9972,-1
303,31226,485.00,229.00,31.00,44.00,1,1,0.4328,-1
303,71909,614.00,0.00,34.00,19.00,1,1,0.2539,-1
303,41466,560.00,68.00,169.00,111.00,1,1,0.9999,-1
304,98269,494.00,334.00,8.00,7.00,1,7,1.0000,-1
304,54681,814.00,384.00,40.00,14.00,1,7,1.0000,-1
304,51885,885.00,325.00,27.00,18.00,1,1,1.0000,-1
304,31226,493.00,229.00,31.00,44.00,1,1,0.4202,-1
304,71909,623.00,0.00,34.00,19.00,1,1,0.2498,-1
304,41466,569.00,68.00,169.00,111.00,1,1,0.9999,-1
305,98269,497.00,334.00,7.00,7.00,1,7,1.0000,-1
305,54681,816.00,384.00,40.00,14.00,1,7,1.0000,-1
305,51885,888.00,325.00,26.00,18.00,1,1,0.9972,-1
305,31226,501.00,229.00,30.00,44.00,1,1,0.4054,-1
305,71909,632.00,0.00,34.00,19.00,1,1,0.2504,-1
305,41466,578.00,68.00,169.00,111.00,1,1,0.9999,-1
306,98269,499.00,334.00,7.00,7.00,1,7,1.0000,-1
306,54681,818.00,384.00,41.00,14.00,1,7,1.0000,-1
306,51885,890.00,325.00,27.00,18.00,1,1,1.0000,-1
306,31226,509.00,229.00,29.00,44.00,1,1,0.3930,-1
306,71909,641.00,0.00,34.00,19.00,1,1,0.2504,-1
306,41466,587.00,68.00,170.00,111.00,1,1,0.9999,-1
307,98269,502.00,334.00,7.00,7.00,1,7,1.0000,-1
307,54681,821.00,384.00,40.00,14.00,1,7,1.0000,-1
307,51885,892.00,324.00,27.00,19.00,1,1,1.0000,-1
307,31226,517.00,229.00,28.00,43.00,1,1,0.3801,-1
307,71909,650.00,0.00,33.00,18.00,1,1,0.2481,-1
307,41466,595.00,68.00,171.00,111.00,1,1,0.9999,-1
308,98269,507.00,334.00,4.00,7.00,1,7,0.6122,-1
308,54681,823.00,383.00,40.00,15.00,1,7,1.0000,-1
308,51885,895.00,324.00,27.00,19.00,1,1,1.0000,-1
308,31226,525.00,230.00,28.00,42.00,1,1,0.3668,-1
308,71909,658.00,0.00,34.00,19.00,1,1,0.2448,-1
308,41466,604.00,68.00,171.00,110.00,1,1,1.0000,-1
309,54681,825.00,383.00,40.00,14.00,1,7,1.0000,-1
309,51885,897.00,324.00,27.00,18.00,1,1,1.0000,-1
309,31226,532.00,230.00,28.00,42.00,1,1,0.3560,-1
309,71909,667.00,0.00,33.00,18.00,1,1,0.2412,-1
309,41466,613.00,68.00,171.00,110.00,1,1,0.9999,-1
310,54681,827.00,383.00,41.00,14.00,1,7,1.0000,-1
310,51885,899.00,323.00,28.00,19.00,1,1,1.0000,-1
310,31226,540.00,230.00,27.00,42.00,1,1,0.3302,-1
310,71909,675.00,0.00,33.00,18.00,1,1,0.2356,-1
310,41466,621.00,67.00,172.00,111.00,1,1,0.9999,-1
311,28978,466.00,322.00,2.00,3.00,1,7,0.1127,-1
311,54681,829.00,382.00,40.00,15.00,1,7,1.0000,-1
311,51885,902.00,323.00,27.00,18.00,1,1,1.0000,-1
311,31226,548.00,230.00,26.00,42.00,1,1,0.3054,-1
311,71909,664.00,0.00,52.00,18.00,1,1,0.2327,-1
311,41466,630.00,67.00,172.00,111.00,1,1,1.0000,-1
312,28978,468.00,317.00,8.00,9.00,1,7,0.8310,-1
312,54681,832.00,382.00,41.00,14.00,1,7,1.0000,-1
312,51885,904.00,322.00,28.00,19.00,1,1,1.0000,-1
312,31226,556.00,230.00,25.00,42.00,1,1,0.2794,-1
312,71909,671.00,0.00,52.00,18.00,1,1,0.2300,-1
312,41466,638.00,67.00,173.00,110.00,1,1,0.9999,-1
313,28978,471.00,317.00,9.00,9.00,1,7,1.0000,-1
313,54681,834.00,381.00,40.00,15.00,1,7,1.0000,-1
313,51885,907.00,322.00,27.00,18.00,1,1,1.0000,-1
313,31226,565.00,231.00,23.00,40.00,1,1,0.2532,-1
313,71909,677.00,0.00,52.00,18.00,1,1,0.2379,-1
313,41466,647.00,67.00,172.00,110.00,1,1,1.0000,-1
314,28978,473.00,317.00,10.00,9.00,1,7,0.9710,-1
314,54681,836.00,381.00,41.00,14.00,1,7,1.0000,-1
314,51885,909.00,321.00,27.00,19.00,1,1,1.0000,-1
314,31226,573.00,231.00,22.00,40.00,1,1,0.2290,-1
314,71909,682.00,0.00,54.00,18.00,1,1,0.2472,-1
314,41466,655.00,66.00,173.00,111.00,1,1,0.9999,-1
315,28978,475.00,317.00,10.00,9.00,1,7,0.9857,-1
315,54681,838.00,381.00,41.00,14.00,1,7,1.0000,-1
315,51885,911.00,321.00,28.00,18.00,1,1,1.0000,-1
315,31226,581.00,232.00,21.00,38.00,1,1,0.2038,-1
315,71909,689.00,0.00,54.00,17.00,1,1,0.2613,-1
315,41466,664.00,66.00,173.00,110.00,1,1,1.0000,-1
316,28978,478.00,317.00,9.00,9.00,1,7,0.9855,-1
316,54681,840.00,380.00,40.00,15.00,1,7,1.0000,-1
316,51885,914.00,321.00,27.00,18.00,1,1,0.9973,-1
316,31226,589.00,233.00,20.00,37.00,1,7,0.1782,-1
316,71909,695.00,0.00,55.00,18.00,1,1,0.2727,-1
316,41466,673.00,66.00,173.00,110.00,1,1,0.9999,-1
317,28978,480.00,317.00,9.00,9.00,1,7,1.0000,-1
317,54681,843.00,380.00,41.00,14.00,1,7,1.0000,-1
317,51885,916.00,320.00,28.00,19.00,1,1,1.0000,-1
317,31226,598.00,234.00,19.00,34.00,1,7,0.1574,-1
317,71909,702.00,0.00,54.00,21.00,1,1,0.2895,-1
317,41466,681.00,65.00,174.00,111.00,1,1,0.9999,-1
318,28978,482.00,317.00,10.00,9.00,1,7,0.9714,-1
318,54681,845.00,380.00,41.00,14.00,1,7,1.0000,-1
318,51885,918.00,320.00,28.00,18.00,1,1,1.0000,-1
318,31226,606.00,235.00,18.00,33.00,1,7,0.1333,-1
318,71909,709.00,0.00,55.00,24.00,1,1,0.3026,-1
318,41466,690.00,65.00,175.00,111.00,1,1,0.9999,-1
319,28978,485.00,317.00,9.00,9.00,1,7,1.0000,-1
319,54681,847.00,380.00,41.00,14.00,1,7,1.0000,-1
319,51885,921.00,320.00,28.00,18.00,1,1,1.0000,-1
319,31226,614.00,235.00,17.00,33.00,1,7,0.1120,-1
319,71909,710.00,0.00,61.00,32.00,1,1,0.3321,-1
319,41466,699.00,65.00,175.00,110.00,1,1,0.9999,-1
320,98269,532.00,334.00,3.00,6.00,1,7,0.4222,-1
320,28978,487.00,317.00,9.00,9.00,1,7,0.9851,-1
320,54681,849.00,380.00,41.00,14.00,1,7,1.0000,-1
320,51885,923.00,320.00,28.00,18.00,1,1,1.0000,-1
320,96243,582.00,151.00,3.00,6.00,1,7,0.0042,-1
320,31226,624.00,236.00,15.00,30.00,1,7,0.0909,-1
320,71909,717.00,0.00,61.00,32.00,1,1,0.3470,-1
320,41466,708.00,65.00,175.00,110.00,1,1,0.9999,-1
321,98269,535.00,334.00,7.00,7.00,1,7,1.0000,-1
321,28978,489.00,317.00,10.00,9.00,1,7,0.9710,-1
321,54681,851.00,380.00,42.00,14.00,1,7,1.0000,-1
321,51885,926.00,320.00,28.00,18.00,1,1,1.0000,-1
321,96243,588.00,149.00,6.00,13.00,1,7,0.0137,-1
321,31226,632.00,237.00,14.00,28.00,1,7,0.0720,-1
321,71909,727.00,0.00,59.00,31.00,1,1,0.3133,-1
321,41466,717.00,65.00,175.00,110.00,1,1,0.9999,-1
322,98269,537.00,334.00,7.00,6.00,1,7,1.0000,-1
322,28978,492.00,317.00,9.00,9.00,1,7,0.9853,-1
322,54681,854.00,380.00,41.00,14.00,1,7,1.0000,-1
322,51885,928.00,320.00,28.00,18.00,1,1,1.0000,-1
322,96243,595.00,147.00,9.00,18.00,1,7,0.0273,-1
322,31226,641.00,238.00,13.00,26.00,1,7,0.0561,-1
322,71909,738.00,0.00,56.00,29.00,1,1,0.2434,-1
322,41466,726.00,65.00,176.00,110.00,1,1,0.9999,-1
323,98269,540.00,334.00,7.00,7.00,1,7,1.0000,-1
323,28978,494.00,317.00,10.00,9.00,1,7,1.0000,-1
323,54681,856.00,380.00,41.00,15.00,1,7,1.0000,-1
323,51885,931.00,320.00,28.00,19.00,1,1,1.0000,-1
323,96243,603.00,143.00,11.00,24.00,1,7,0.0448,-1
323,31226,651.00,242.00,10.00,20.00,1,7,0.0339,-1
323,71909,749.00,0.00,53.00,28.00,1,7,0.1803,-1
323,41466,736.00,65.00,176.00,111.00,1,1,0.9999,-1
324,98269,542.00,334.00,7.00,6.00,1,7,1.0000,-1
324,28978,497.00,317.00,9.00,9.00,1,7,1.0000,-1
324,54681,858.00,380.00,41.00,15.00,1,7,1.0000,-1
324,51885,933.00,321.00,28.00,18.00,1,1,1.0000,-1
324,96243,610.00,144.00,14.00,25.00,1,7,0.0641,-1
324,31226,660.00,243.00,9.00,18.00,1,7,0.0227,-1
324,71909,761.00,0.00,49.00,25.00,1,7,0.1215,-1
324,41466,745.00,65.00,176.00,111.00,1,1,0.9999,-1
325,98269,545.00,334.00,7.00,7.00,1,7,1.0000,-1
325,28978,499.00,317.00,9.00,9.00,1,7,1.0000,-1
325,54681,860.00,381.00,42.00,14.00,1,7,1.0000,-1
325,51885,936.00,321.00,28.00,19.00,1,1,1.0000,-1
325,96243,618.00,145.00,16.00,26.00,1,7,0.0800,-1
325,31226,670.00,247.00,6.00,11.00,1,7,0.0093,-1
325,71909,774.00,0.00,45.00,20.00,1,7,0.0693,-1
325,41466,755.00,66.00,176.00,110.00,1,1,0.9999,-1
326,98269,547.00,334.00,7.00,6.00,1,7,1.0000,-1
326,28978,502.00,317.00,9.00,9.00,1,7,0.9851,-1
326,54681,863.00,381.00,40.00,15.00,1,7,1.0000,-1
326,51885,938.00,322.00,29.00,18.00,1,1,1.0000,-1
326,96243,599.00,142.00,45.00,30.00,1,7,0.0903,-1
326,31226,680.00,251.00,3.00,5.00,1,7,0.0027,-1
326,71909,787.00,0.00,40.00,16.00,1,7,0.0310,-1
326,41466,764.00,66.00,177.00,111.00,1,1,0.9999,-1
327,98269,550.00,334.00,7.00,7.00,1,7,1.0000,-1
327,28978,504.00,317.00,9.00,9.00,1,7,0.9851,-1
327,54681,865.00,382.00,42.00,14.00,1,7,1.0000,-1
327,51885,941.00,322.00,28.00,19.00,1,1,1.0000,-1
327,96243,608.00,141.00,44.00,34.00,1,7,0.0994,-1
327,71909,831.00,0.00,5.00,5.00,1,7,0.0111,-1
327,41466,774.00,67.00,177.00,110.00,1,1,0.9999,-1
328,98269,552.00,334.00,7.00,7.00,1,7,1.0000,-1
328,28978,507.00,317.00,9.00,9.00,1,7,0.9851,-1
328,54681,867.00,382.00,41.00,15.00,1,7,1.0000,-1
328,51885,944.00,323.00,28.00,18.00,1,1,0.9974,-1
328,96243,616.00,141.00,44.00,36.00,1,7,0.1041,-1
328,71909,785.00,0.00,59.00,9.00,1,7,0.0116,-1
328,41466,784.00,67.00,177.00,111.00,1,1,0.9999,-1
329,98269,555.00,334.00,7.00,7.00,1,7,1.0000,-1
329,28978,509.00,317.00,9.00,9.00,1,7,0.9848,-1
329,54681,870.00,383.00,42.00,14.00,1,7,1.0000,-1
329,51885,946.00,323.00,29.00,19.00,1,1,1.0000,-1
329,96243,625.00,140.00,43.00,41.00,1,7,0.1111,-1
329,71909,783.00,0.00,70.00,34.00,1,7,0.0479,-1
329,41466,793.00,68.00,177.00,110.00,1,1,0.9999,-1
330,98269,557.00,334.00,7.00,7.00,1,7,1.0000,-1
330,28978,512.00,317.00,9.00,9.00,1,7,0.9848,-1
330,54681,872.00,383.00,41.00,14.00,1,7,1.0000,-1
330,51885,949.00,324.00,28.00,18.00,1,1,1.0000,-1
330,96243,633.00,139.00,43.00,44.00,1,7,0.1171,-1
330,71909,790.00,0.00,21.00,35.00,1,7,0.1201,-1
330,41466,803.00,68.00,177.00,111.00,1,1,0.9999,-1
331,98269,560.00,334.00,7.00,7.00,1,7,1.0000,-1
331,28978,514.00,317.00,9.00,9.00,1,7,0.9848,-1
331,54681,874.00,383.00,42.00,15.00,1,7,1.0000,-1
331,51885,951.00,324.00,29.00,19.00,1,1,1.0000,-1
331,96243,642.00,140.00,42.00,46.00,1,7,0.1189,-1
331,71909,798.00,0.00,25.00,35.00,1,7,0.1938,-1
331,41466,812.00,68.00,178.00,111.00,1,1,0.9999,-1
332,98269,563.00,334.00,6.00,7.00,1,7,1.0000,-1
332,28978,517.00,317.00,9.00,9.00,1,7,1.0000,-1
332,54681,876.00,384.00,43.00,14.00,1,7,1.0000,-1
332,51885,954.00,324.00,28.00,19.00,1,1,1.0000,-1
332,96243,651.00,140.00,40.00,50.00,1,7,0.1217,-1
332,71909,805.00,0.00,29.00,35.00,1,1,0.2625,-1
332,41466,822.00,69.00,178.00,111.00,1,1,0.9999,-1
333,98269,565.00,334.00,7.00,7.00,1,7,1.0000,-1
333,28978,519.00,317.00,9.00,9.00,1,7,1.0000,-1
333,54681,879.00,384.00,41.00,14.00,1,7,1.0000,-1
333,51885,956.00,325.00,29.00,18.00,1,1,1.0000,-1
333,96243,679.00,153.00,19.00,36.00,1,7,0.1223,-1
333,71909,813.00,0.00,32.00,36.00,1,1,0.3280,-1
333,41466,831.00,69.00,178.00,111.00,1,1,0.9999,-1
334,98269,568.00,334.00,6.00,7.00,1,7,1.0000,-1
334,28978,522.00,317.00,9.00,9.00,1,7,0.9848,-1
334,54681,881.00,384.00,41.00,15.00,1,7,1.0000,-1
334,51885,959.00,325.00,29.00,19.00,1,1,1.0000,-1
334,96243,687.00,155.00,18.00,34.00,1,7,0.1193,-1
334,71909,819.00,0.00,36.00,36.00,1,1,0.3903,-1
334,41466,840.00,69.00,179.00,111.00,1,1,0.9999,-1
335,98269,570.00,334.00,7.00,7.00,1,7,1.0000,-1
335,28978,524.00,317.00,9.00,9.00,1,7,0.9692,-1
335,54681,883.00,384.00,42.00,15.00,1,7,1.0000,-1
335,51885,961.00,325.00,29.00,19.00,1,1,1.0000,-1
335,96243,695.00,156.00,17.00,32.00,1,7,0.1113,-1
335,71909,826.00,0.00,40.00,36.00,1,1,0.4533,-1
335,41466,849.00,70.00,174.00,110.00,1,1,0.9999,-1
336,98269,572.00,334.00,7.00,7.00,1,7,1.0000,-1
336,28978,526.00,317.00,9.00,9.00,1,7,1.0000,-1
336,54681,885.00,384.00,42.00,15.00,1,7,1.0000,-1
336,51885,964.00,325.00,29.00,19.00,1,1,1.0000,-1
336,96243,703.00,159.00,16.00,28.00,1,7,0.0985,-1
336,71909,833.00,0.00,43.00,36.00,1,1,0.5151,-1
336,41466,858.00,70.00,165.00,110.00,1,1,0.9999,-1
337,98269,575.00,334.00,7.00,7.00,1,7,1.0000,-1
337,28978,529.00,317.00,9.00,9.00,1,7,0.9844,-1
337,54681,887.00,384.00,42.00,15.00,1,7,1.0000,-1
337,51885,966.00,325.00,29.00,19.00,1,1,1.0000,-1
337,96243,661.00,147.00,64.00,39.00,1,7,0.0819,-1
337,71909,840.00,0.00,47.00,36.00,1,1,0.5730,-1
337,41466,867.00,70.00,156.00,110.00,1,1,0.9999,-1
338,98269,577.00,334.00,7.00,7.00,1,7,1.0000,-1
338,28978,531.00,317.00,9.00,9.00,1,7,0.9844,-1
338,54681,890.00,384.00,42.00,14.00,1,7,1.0000,-1
338,51885,969.00,325.00,29.00,18.00,1,1,1.0000,-1
338,96243,666.00,145.00,65.00,41.00,1,7,0.0691,-1
338,71909,847.00,0.00,50.00,36.00,1,1,0.6324,-1
338,41466,876.00,69.00,147.00,111.00,1,1,0.9998,-1
339,98269,580.00,334.00,6.00,7.00,1,7,1.0000,-1
339,28978,533.00,317.00,9.00,9.00,1,7,0.9697,-1
339,54681,892.00,384.00,43.00,14.00,1,7,1.0000,-1
339,51885,971.00,324.00,29.00,19.00,1,1,1.0000,-1
339,96243,672.00,144.00,65.00,41.00,1,7,0.0598,-1
339,71909,853.00,0.00,53.00,35.00,1,1,0.6873,-1
339,41466,885.00,69.00,138.00,111.00,1,1,0.9998,-1
340,98269,582.00,334.00,7.00,7.00,1,7,1.0000,-1
340,28978,536.00,317.00,9.00,9.00,1,7,1.0000,-1
340,54681,894.00,383.00,42.00,15.00,1,7,1.0000,-1
340,51885,973.00,324.00,30.00,19.00,1,1,1.0000,-1
340,96243,678.00,143.00,65.00,41.00,1,7,0.0551,-1
340,71909,860.00,0.00,56.00,35.00,1,1,0.7388,-1
340,41466,893.00,69.00,130.00,110.00,1,1,0.9998,-1
341,98269,584.00,334.00,7.00,7.00,1,7,1.0000,-1
341,28978,538.00,317.00,9.00,9.00,1,7,0.9844,-1
341,54681,896.00,383.00,43.00,14.00,1,7,1.0000,-1
341,51885,976.00,323.00,29.00,19.00,1,1,1.0000,-1
341,96243,683.00,141.00,66.00,42.00,1,7,0.0546,-1
341,71909,866.00,0.00,60.00,35.00,1,1,0.7887,-1
341,41466,902.00,68.00,121.00,110.00,1,1,0.9995,-1
342,98269,587.00,334.00,6.00,7.00,1,7,1.0000,-1
342,28978,540.00,317.00,9.00,9.00,1,7,1.0000,-1
342,54681,898.00,382.00,43.00,15.00,1,7,1.0000,-1
342,51885,978.00,323.00,29.00,18.00,1,1,1.0000,-1
342,96243,688.00,141.00,67.00,41.00,1,7,0.0586,-1
342,71909,873.00,0.00,62.00,34.00,1,1,0.8336,-1
342,41466,910.00,68.00,113.00,110.00,1,1,0.9995,-1
343,98269,589.00,334.00,7.00,7.00,1,7,1.0000,-1
343,28978,543.00,317.00,8.00,9.00,1,7,0.9841,-1
343,54681,901.00,382.00,43.00,14.00,1,7,1.0000,-1
343,51885,980.00,322.00,30.00,19.00,1,1,1.0000,-1
343,96243,694.00,139.00,67.00,41.00,1,7,0.0652,-1
343,71909,879.00,0.00,65.00,34.00,1,1,0.8783,-1
343,41466,918.00,67.00,105.00,109.00,1,1,0.9993,-1
344,98269,591.00,334.00,7.00,6.00,1,7,1.0000,-1
344,28978,545.00,317.00,8.00,9.00,1,7,1.0000,-1
344,54681,903.00,381.00,42.00,15.00,1,7,1.0000,-1
344,51885,983.00,322.00,29.00,18.00,1,1,1.0000,-1
344,96243,700.00,139.00,67.00,39.00,1,7,0.0772,-1
344,71909,885.00,0.00,68.00,33.00,1,1,0.9162,-1
344,41466,927.00,66.00,96.00,108.00,1,1,0.9989,-1
345,98269,594.00,333.00,6.00,8.00,1,7,1.0000,-1
345,28978,547.00,317.00,9.00,9.00,1,7,0.9848,-1
345,54681,905.00,381.00,43.00,14.00,1,7,1.0000,-1
345,51885,985.00,321.00,30.00,19.00,1,1,1.0000,-1
345,96243,705.00,138.00,20.00,21.00,1,7,0.0867,-1
345,71909,892.00,0.00,69.00,33.00,1,1,0.9381,-1
345,41466,935.00,66.00,88.00,107.00,1,1,0.9984,-1
346,98269,596.00,333.00,7.00,7.00,1,7,1.0000,-1
346,28978,549.00,317.00,9.00,9.00,1,7,0.9857,-1
346,54681,907.00,380.00,42.00,15.00,1,7,1.0000,-1
346,51885,987.00,321.00,30.00,18.00,1,1,1.0000,-1
346,96243,711.00,138.00,21.00,22.00,1,7,0.1036,-1
346,71909,898.00,0.00,71.00,32.00,1,1,0.9522,-1
346,41466,943.00,66.00,80.00,105.00,1,1,0.9977,-1
347,98269,598.00,333.00,7.00,7.00,1,7,1.0000,-1
347,28978,552.00,316.00,8.00,10.00,1,7,1.0000,-1
347,54681,909.00,380.00,44.00,14.00,1,7,1.0000,-1
347,51885,990.00,320.00,30.00,19.00,1,1,1.0000,-1
347,96243,717.00,138.00,23.00,24.00,1,7,0.1221,-1
347,71909,904.00,0.00,73.00,32.00,1,1,0.9650,-1
347,41466,952.00,65.00,71.00,103.00,1,1,0.9969,-1
348,98269,601.00,333.00,6.00,7.00,1,7,1.0000,-1
348,28978,554.00,317.00,9.00,9.00,1,7,1.0000,-1
348,54681,912.00,380.00,43.00,14.00,1,7,1.0000,-1
348,51885,992.00,320.00,30.00,18.00,1,1,1.0000,-1
348,96243,722.00,138.00,26.00,25.00,1,7,0.1413,-1
348,71909,911.00,0.00,74.00,32.00,1,1,0.9762,-1
348,41466,960.00,66.00,63.00,99.00,1,1,0.9957,-1
349,98269,603.00,333.00,7.00,7.00,1,7,1.0000,-1
349,28978,556.00,317.00,9.00,9.00,1,7,0.9853,-1
349,54681,914.00,379.00,42.00,15.00,1,7,1.0000,-1
349,51885,995.00,320.00,28.00,18.00,1,1,0.9974,-1
349,96243,727.00,137.00,30.00,27.00,1,7,0.1615,-1
349,71909,918.00,0.00,75.00,31.00,1,1,0.9829,-1
349,41466,968.00,66.00,55.00,95.00,1,1,0.9940,-1
350,98269,606.00,333.00,6.00,7.00,1,7,1.0000,-1
350,28978,559.00,316.00,8.00,10.00,1,7,1.0000,-1
350,54681,916.00,379.00,42.00,15.00,1,7,1.0000,-1
350,51885,997.00,319.00,26.00,19.00,1,1,1.0000,-1
350,96243,733.00,137.00,32.00,28.00,1,7,0.1809,-1
350,31226,821.00,259.00,0.00,0.00,1,7,0.0007,-1
350,71909,925.00,0.00,77.00,31.00,1,1,0.9906,-1
350,41466,977.00,67.00,46.00,91.00,1,1,0.9907,-1
351,98269,608.00,333.00,7.00,7.00,1,7,1.0000,-1
351,28978,561.00,316.00,9.00,10.00,1,7,1.0000,-1
351,54681,918.00,379.00,43.00,15.00,1,7,1.0000,-1
351,51885,999.00,319.00,24.00,19.00,1,1,1.0000,-1
351,96243,740.00,137.00,33.00,30.00,1,7,0.1995,-1
351,71909,931.00,0.00,79.00,31.00,1,1,0.9945,-1
351,41466,986.00,69.00,37.00,83.00,1,1,0.9857,-1
352,98269,610.00,333.00,7.00,7.00,1,7,1.0000,-1
352,28978,564.00,317.00,8.00,9.00,1,7,0.9846,-1
352,54681,920.00,379.00,43.00,15.00,1,7,1.0000,-1
352,51885,1002.00,319.00,21.00,19.00,1,1,1.0000,-1
352,96243,746.00,137.00,35.00,32.00,1,1,0.2182,-1
352,71909,938.00,0.00,81.00,31.00,1,1,0.9969,-1
352,41466,995.00,71.00,28.00,76.00,1,1,0.9762,-1
353,98269,613.00,333.00,7.00,7.00,1,7,1.0000,-1
353,28978,566.00,316.00,8.00,10.00,1,7,1.0000,-1
353,54681,923.00,380.00,42.00,14.00,1,7,1.0000,-1
353,51885,1004.00,320.00,19.00,18.00,1,7,0.9962,-1
353,96243,752.00,137.00,38.00,34.00,1,1,0.2380,-1
353,31226,843.00,260.00,1.00,0.00,1,7,0.0013,-1
353,71909,946.00,0.00,77.00,31.00,1,1,1.0000,-1
353,41466,1003.00,76.00,20.00,64.00,1,7,0.9551,-1
354,98269,615.00,333.00,7.00,7.00,1,7,1.0000,-1
354,28978,568.00,317.00,9.00,9.00,1,7,0.9846,-1
354,54681,925.00,380.00,44.00,14.00,1,7,1.0000,-1
354,51885,1007.00,320.00,16.00,17.00,1,7,1.0000,-1
354,96243,758.00,137.00,40.00,36.00,1,1,0.2574,-1
354,31226,851.00,260.00,1.00,1.00,1,7,0.0013,-1
354,71909,953.00,0.00,70.00,32.00,1,1,1.0000,-1
354,41466,1013.00,83.00,10.00,47.00,1,7,0.8886,-1
355,98269,618.00,333.00,7.00,7.00,1,7,1.0000,-1
355,28978,571.00,317.00,8.00,9.00,1,7,0.9848,-1
355,54681,927.00,380.00,44.00,15.00,1,7,1.0000,-1
355,51885,1009.00,320.00,14.00,17.00,1,7,1.0000,-1
355,96243,764.00,138.00,43.00,37.00,1,1,0.2770,-1
355,31226,859.00,261.00,0.00,0.00,1,7,0.0007,-1
355,71909,960.00,0.00,63.00,32.00,1,1,1.0000,-1
355,41466,1022.00,103.00,1.00,7.00,1,7,1.0000,-1
356,98269,621.00,333.00,6.00,7.00,1,7,1.0000,-1
356,28978,573.00,317.00,9.00,9.00,1,7,1.0000,-1
356,54681,930.00,381.00,43.00,14.00,1,7,1.0000,-1
356,51885,1012.00,321.00,11.00,15.00,1,7,1.0000,-1
356,96243,770.00,138.00,45.00,39.00,1,1,0.2986,-1
356,31226,866.00,261.00,2.00,1.00,1,7,0.0026,-1
356,71909,968.00,0.00,55.00,32.00,1,1,1.0000,-1
357,98269,623.00,333.00,7.00,7.00,1,7,1.0000,-1
357,28978,576.00,317.00,8.00,9.00,1,7,1.0000,-1
357,54681,932.00,381.00,43.00,14.00,1,7,1.0000,-1
357,51885,1015.00,321.00,8.00,14.00,1,7,1.0000,-1
357,96243,776.00,138.00,48.00,42.00,1,1,0.3194,-1
357,31226,874.00,262.00,1.00,1.00,1,7,0.0019,-1
357,71909,975.00,0.00,48.00,33.00,1,1,1.0000,-1
358,98269,626.00,334.00,6.00,7.00,1,7,1.0000,-1
358,28978,578.00,317.00,9.00,9.00,1,7,1.0000,-1
358,54681,934.00,382.00,44.00,14.00,1,7,1.0000,-1
358,51885,1017.00,322.00,6.00,12.00,1,7,1.0000,-1
358,96243,783.00,139.00,50.00,42.00,1,1,0.3370,-1
358,31226,882.00,262.00,2.00,2.00,1,7,0.0026,-1
358,71909,983.00,0.00,40.00,33.00,1,1,0.9987,-1
359,98269,628.00,334.00,7.00,7.00,1,7,1.0000,-1
359,28978,581.00,317.00,8.00,9.00,1,7,0.9846,-1
359,54681,936.00,382.00,43.00,15.00,1,7,1.0000,-1
359,51885,1020.00,324.00,3.00,9.00,1,7,1.0000,-1
359,96243,790.00,139.00,51.00,44.00,1,1,0.3593,-1
359,31226,890.00,263.00,2.00,2.00,1,7,0.0038,-1
359,71909,990.00,0.00,33.00,34.00,1,1,1.0000,-1
360,98269,630.00,337.00,7.00,6.00,1,7,1.0000,-1
360,28978,583.00,319.00,9.00,9.00,1,7,0.9839,-1
360,54681,937.00,391.00,44.00,15.00,1,7,1.0000,-1
360,51885,1022.00,334.00,1.00,7.00,1,7,1.0000,-1
360,96243,797.00,146.00,53.00,46.00,1,1,0.3714,-1
360,31226,896.00,273.00,1.00,1.00,1,7,0.0019,-1
360,71909,1000.00,12.00,23.00,33.00,1,1,1.0000,-1
