1,98269,1000.00,354.00,5.00,4.00,1,7,0.4634,-1
1,96243,796.00,322.00,11.00,13.00,1,7,0.6224,-1
1,68223,732.00,316.00,4.00,6.00,1,7,1.0000,-1
1,31226,770.00,353.00,11.00,10.00,1,7,0.9770,-1
1,71909,781.00,294.00,16.00,11.00,1,7,0.6154,-1
1,41466,759.00,331.00,18.00,17.00,1,7,1.0000,-1
1,72217,506.00,326.00,14.00,24.00,1,7,0.4434,-1
1,54245,535.00,316.00,2.00,3.00,1,7,0.4231,-1
1,28172,466.00,270.00,17.00,20.00,1,7,0.5671,-1
1,76986,428.00,261.00,21.00,21.00,1,1,0.9735,-1
1,35342,861.00,0.00,124.00,63.00,1,1,0.9918,-1
1,37790,749.00,0.00,104.00,79.00,1,1,0.8809,-1
1,82065,717.00,368.00,306.00,124.00,1,1,0.9999,-1
1,46800,259.00,281.00,18.00,23.00,1,7,0.9204,-1
1,66056,267.00,330.00,6.00,7.00,1,7,1.0000,-1
1,99758,16.00,308.00,68.00,33.00,1,1,1.0000,-1
2,98269,1000.00,353.00,4.00,3.00,1,7,0.4211,-1
2,96243,796.00,321.00,11.00,12.00,1,7,0.6224,-1
2,68223,732.00,315.00,4.00,5.00,1,7,1.0000,-1
2,31226,770.00,352.00,12.00,9.00,1,7,0.9663,-1
2,71909,781.00,292.00,16.00,12.00,1,7,0.6188,-1
2,41466,759.00,330.00,18.00,17.00,1,7,1.0000,-1
2,72217,506.00,325.00,13.00,24.00,1,7,0.4693,-1
2,54245,535.00,314.00,2.00,4.00,1,7,0.4333,-1
2,28172,466.00,268.00,17.00,20.00,1,7,0.5730,-1
2,76986,428.00,259.00,21.00,21.00,1,1,0.9795,-1
2,35342,861.00,0.00,122.00,56.00,1,1,1.0000,-1
2,37790,749.00,0.00,96.00,69.00,1,1,0.9120,-1
2,82065,717.00,354.00,306.00,123.00,1,1,0.9999,-1
2,46800,259.00,280.00,18.00,22.00,1,7,0.9167,-1
2,66056,267.00,329.00,6.00,7.00,1,7,1.0000,-1
2,99758,16.00,305.00,68.00,33.00,1,1,1.0000,-1
3,98269,999.00,359.00,5.00,4.00,1,7,0.5385,-1
3,96243,796.00,325.00,11.00,13.00,1,7,0.6268,-1
3,68223,732.00,318.00,4.00,5.00,1,7,0.9474,-1
3,31226,769.00,355.00,12.00,10.00,1,7,0.9778,-1
3,71909,781.00,296.00,16.00,12.00,1,7,0.6226,-1
3,41466,759.00,333.00,18.00,17.00,1,7,1.0000,-1
3,72217,506.00,325.00,13.00,24.00,1,7,0.4263,-1
3,54245,535.00,315.00,2.00,3.00,1,7,0.2963,-1
3,28172,466.00,268.00,17.00,20.00,1,7,0.5699,-1
3,76986,429.00,258.00,20.00,21.00,1,7,0.9710,-1
3,35342,861.00,0.00,125.00,63.00,1,1,0.9990,-1
3,37790,745.00,0.00,102.00,73.00,1,1,0.9183,-1
3,82065,709.00,361.00,314.00,124.00,1,1,0.9998,-1
3,46800,259.00,277.00,18.00,22.00,1,7,0.9068,-1
3,66056,267.00,326.00,6.00,7.00,1,7,1.0000,-1
3,99758,15.00,300.00,68.00,33.00,1,1,1.0000,-1
4,98269,997.00,358.00,6.00,4.00,1,7,0.6154,-1
4,96243,795.00,324.00,11.00,13.00,1,7,0.6294,-1
4,68223,731.00,318.00,4.00,5.00,1,7,0.9474,-1
4,31226,768.00,355.00,12.00,9.00,1,7,0.9773,-1
4,71909,780.00,296.00,16.00,11.00,1,7,0.6026,-1
4,41466,758.00,332.00,18.00,18.00,1,7,1.0000,-1
4,72217,504.00,325.00,13.00,24.00,1,7,0.3599,-1
4,54245,533.00,315.00,1.00,3.00,1,7,0.2069,-1
4,28172,463.00,268.00,18.00,20.00,1,7,0.5702,-1
4,76986,426.00,258.00,21.00,21.00,1,1,0.9738,-1
4,35342,853.00,0.00,124.00,62.00,1,1,1.0000,-1
4,37790,729.00,0.00,103.00,73.00,1,1,0.9498,-1
4,82065,696.00,360.00,327.00,124.00,1,1,0.9998,-1
4,46800,258.00,278.00,18.00,22.00,1,7,0.9164,-1
4,66056,265.00,327.00,7.00,7.00,1,7,1.0000,-1
4,99758,12.00,301.00,69.00,33.00,1,1,1.0000,-1
5,98269,993.00,351.00,7.00,4.00,1,7,0.8205,-1
5,96243,793.00,320.00,11.00,13.00,1,7,0.6259,-1
5,68223,729.00,314.00,3.00,6.00,1,7,1.0000,-1
5,31226,766.00,351.00,12.00,9.00,1,7,0.9651,-1
5,71909,777.00,292.00,16.00,11.00,1,7,0.6090,-1
5,41466,755.00,329.00,18.00,17.00,1,7,1.0000,-1
5,72217,502.00,327.00,12.00,21.00,1,7,0.2748,-1
5,54245,531.00,317.00,0.00,0.00,1,7,0.0345,-1
5,28172,459.00,268.00,18.00,20.00,1,7,0.5565,-1
5,76986,422.00,259.00,20.00,21.00,1,7,0.9795,-1
5,35342,840.00,0.00,121.00,55.00,1,1,1.0000,-1
5,37790,705.00,0.00,99.00,68.00,1,1,0.9873,-1
5,82065,679.00,353.00,328.00,123.00,1,1,0.9998,-1
5,46800,255.00,281.00,18.00,21.00,1,7,0.9094,-1
5,66056,263.00,330.00,6.00,7.00,1,7,1.0000,-1
5,99758,8.00,307.00,69.00,33.00,1,1,1.0000,-1
6,98269,991.00,351.00,9.00,4.00,1,7,0.9024,-1
6,96243,791.00,320.00,11.00,13.00,1,7,0.6241,-1
6,68223,727.00,314.00,4.00,6.00,1,7,1.0000,-1
6,31226,765.00,351.00,12.00,7.00,1,7,0.6897,-1
6,71909,775.00,291.00,16.00,12.00,1,7,0.6139,-1
6,41466,754.00,329.00,18.00,16.00,1,7,1.0000,-1
6,72217,501.00,328.00,10.00,19.00,1,7,0.1968,-1
6,28172,457.00,268.00,18.00,20.00,1,7,0.5525,-1
6,76986,420.00,259.00,20.00,21.00,1,7,0.9735,-1
6,35342,833.00,0.00,121.00,55.00,1,1,1.0000,-1
6,37790,689.00,0.00,100.00,68.00,1,1,0.9965,-1
6,82065,665.00,352.00,324.00,124.00,1,1,0.9999,-1
6,46800,253.00,281.00,19.00,21.00,1,7,0.9076,-1
6,66056,262.00,330.00,6.00,7.00,1,7,1.0000,-1
6,99758,6.00,307.00,69.00,33.00,1,1,1.0000,-1
7,98269,989.00,350.00,9.00,5.00,1,7,0.9474,-1
7,96243,790.00,320.00,11.00,12.00,1,7,0.6286,-1
7,68223,726.00,314.00,4.00,6.00,1,7,0.9474,-1
7,31226,765.00,351.00,10.00,4.00,1,7,0.4405,-1
7,71909,774.00,291.00,16.00,12.00,1,7,0.6101,-1
7,41466,753.00,328.00,18.00,18.00,1,7,1.0000,-1
7,72217,499.00,329.00,10.00,18.00,1,7,0.1497,-1
7,28172,455.00,268.00,18.00,20.00,1,7,0.5492,-1
7,76986,417.00,259.00,21.00,21.00,1,1,0.9735,-1
7,35342,825.00,0.00,121.00,54.00,1,1,1.0000,-1
7,37790,673.00,0.00,102.00,67.00,1,1,0.9997,-1
7,82065,652.00,352.00,319.00,123.00,1,1,0.9998,-1
7,46800,252.00,281.00,18.00,21.00,1,7,0.9135,-1
7,66056,260.00,330.00,7.00,7.00,1,7,1.0000,-1
7,99758,3.00,307.00,69.00,34.00,1,1,1.0000,-1
8,98269,987.00,350.00,9.00,4.00,1,7,1.0000,-1
8,96243,789.00,320.00,11.00,13.00,1,7,0.6232,-1
8,68223,725.00,314.00,3.00,5.00,1,7,0.8947,-1
8,31226,765.00,350.00,9.00,3.00,1,7,0.1648,-1
8,71909,772.00,291.00,17.00,12.00,1,7,0.5875,-1
8,41466,751.00,328.00,18.00,17.00,1,7,1.0000,-1
8,72217,498.00,331.00,8.00,15.00,1,7,0.0865,-1
8,28172,453.00,269.00,17.00,19.00,1,7,0.5485,-1
8,76986,415.00,259.00,20.00,21.00,1,7,0.9737,-1
8,35342,818.00,0.00,120.00,54.00,1,1,1.0000,-1
8,37790,660.00,0.00,101.00,67.00,1,1,1.0000,-1
8,82065,638.00,352.00,316.00,123.00,1,1,0.9999,-1
8,46800,251.00,281.00,18.00,22.00,1,7,0.9137,-1
8,66056,259.00,330.00,6.00,7.00,1,7,1.0000,-1
8,99758,0.00,308.00,70.00,33.00,1,1,1.0000,-1
9,98269,986.00,350.00,10.00,4.00,1,7,1.0000,-1
9,96243,787.00,320.00,11.00,12.00,1,7,0.6197,-1
9,68223,724.00,314.00,3.00,5.00,1,7,0.9474,-1
9,31226,765.00,350.00,8.00,3.00,1,7,0.2360,-1
9,71909,771.00,291.00,17.00,11.00,1,7,0.6125,-1
9,41466,750.00,328.00,18.00,17.00,1,7,1.0000,-1
9,72217,497.00,334.00,4.00,8.00,1,7,0.0289,-1
9,28172,451.00,268.00,17.00,20.00,1,7,0.5417,-1
9,76986,413.00,259.00,20.00,21.00,1,7,0.9735,-1
9,35342,810.00,0.00,120.00,54.00,1,1,1.0000,-1
9,37790,647.00,0.00,100.00,67.00,1,1,0.9997,-1
9,82065,625.00,352.00,311.00,123.00,1,1,0.9999,-1
9,46800,249.00,281.00,19.00,22.00,1,7,0.9137,-1
9,66056,257.00,330.00,7.00,7.00,1,7,1.0000,-1
9,99758,0.00,308.00,68.00,33.00,1,1,1.0000,-1
10,98269,984.00,350.00,10.00,4.00,1,7,1.0000,-1
10,96243,786.00,319.00,11.00,13.00,1,7,0.6224,-1
10,68223,723.00,314.00,3.00,5.00,1,7,0.9500,-1
10,31226,762.00,350.00,9.00,3.00,1,7,0.3333,-1
10,71909,770.00,291.00,16.00,11.00,1,7,0.5823,-1
10,41466,749.00,328.00,17.00,17.00,1,7,1.0000,-1
10,72217,496.00,336.00,2.00,4.00,1,7,0.0096,-1
10,28172,449.00,268.00,17.00,20.00,1,7,0.5289,-1
10,76986,411.00,259.00,20.00,21.00,1,7,0.9705,-1
10,35342,803.00,0.00,120.00,54.00,1,1,1.0000,-1
10,37790,634.00,0.00,99.00,67.00,1,1,1.0000,-1
10,82065,611.00,352.00,308.00,123.00,1,1,0.9999,-1
10,46800,248.00,281.00,18.00,23.00,1,7,0.9103,-1
10,66056,256.00,330.00,7.00,7.00,1,7,1.0000,-1
10,99758,0.00,308.00,65.00,33.00,1,1,1.0000,-1
11,98269,983.00,350.00,10.00,4.00,1,7,1.0000,-1
11,96243,785.00,319.00,11.00,13.00,1,7,0.6377,-1
11,68223,721.00,314.00,4.00,5.00,1,7,1.0000,-1
11,31226,761.00,350.00,9.00,3.00,1,7,0.3407,-1
11,71909,768.00,291.00,17.00,11.00,1,7,0.5949,-1
11,41466,747.00,328.00,18.00,17.00,1,7,1.0000,-1
11,28172,446.00,269.00,18.00,20.00,1,7,0.5330,-1
11,76986,408.00,259.00,20.00,21.00,1,7,0.9702,-1
11,35342,796.00,0.00,119.00,54.00,1,1,1.0000,-1
11,37790,621.00,0.00,98.00,67.00,1,1,0.9997,-1
11,82065,597.00,352.00,304.00,123.00,1,1,0.9999,-1
11,46800,247.00,282.00,18.00,20.00,1,7,0.9073,-1
11,66056,255.00,331.00,6.00,6.00,1,7,1.0000,-1
11,99758,0.00,308.00,63.00,33.00,1,1,1.0000,-1
12,98269,982.00,350.00,10.00,4.00,1,7,1.0000,-1
12,96243,784.00,319.00,11.00,13.00,1,7,0.6115,-1
12,68223,720.00,314.00,3.00,5.00,1,7,1.0000,-1
12,31226,760.00,350.00,9.00,3.00,1,7,0.3371,-1
12,71909,767.00,291.00,17.00,11.00,1,7,0.6062,-1
12,41466,746.00,328.00,18.00,17.00,1,7,1.0000,-1
12,28172,444.00,269.00,17.00,20.00,1,7,0.5263,-1
12,76986,406.00,259.00,20.00,21.00,1,7,0.9708,-1
12,35342,789.00,0.00,119.00,54.00,1,1,1.0000,-1
12,37790,607.00,0.00,98.00,67.00,1,1,1.0000,-1
12,82065,584.00,352.00,300.00,123.00,1,1,1.0000,-1
12,46800,246.00,281.00,18.00,21.00,1,7,0.9135,-1
12,66056,253.00,331.00,7.00,6.00,1,7,1.0000,-1
12,99758,0.00,308.00,61.00,33.00,1,1,1.0000,-1
13,98269,981.00,350.00,10.00,4.00,1,7,1.0000,-1
13,28978,975.00,341.00,1.00,3.00,1,7,0.1111,-1
13,96243,782.00,319.00,11.00,13.00,1,7,0.6127,-1
13,68223,719.00,314.00,3.00,5.00,1,7,0.9444,-1
13,31226,758.00,350.00,9.00,4.00,1,7,0.4382,-1
13,71909,766.00,291.00,16.00,11.00,1,7,0.5949,-1
13,41466,745.00,328.00,17.00,17.00,1,7,1.0000,-1
13,28172,442.00,269.00,17.00,20.00,1,7,0.5333,-1
13,76986,404.00,259.00,20.00,21.00,1,7,0.9707,-1
13,35342,781.00,0.00,120.00,54.00,1,1,1.0000,-1
13,37790,594.00,0.00,98.00,67.00,1,1,1.0000,-1
13,82065,571.00,352.00,295.00,123.00,1,1,0.9999,-1
13,46800,244.00,281.00,19.00,23.00,1,7,0.9105,-1
13,66056,252.00,330.00,7.00,7.00,1,7,1.0000,-1
13,99758,0.00,308.00,58.00,33.00,1,1,1.0000,-1
14,98269,979.00,350.00,11.00,4.00,1,7,1.0000,-1
14,28978,973.00,340.00,2.00,5.00,1,7,0.2889,-1
14,96243,781.00,320.00,11.00,12.00,1,7,0.5971,-1
14,68223,718.00,314.00,3.00,5.00,1,7,0.9474,-1
14,31226,756.00,350.00,10.00,6.00,1,7,0.6000,-1
14,71909,764.00,291.00,17.00,11.00,1,7,0.5912,-1
14,41466,743.00,328.00,18.00,17.00,1,7,1.0000,-1
14,28172,440.00,269.00,12.00,20.00,1,7,0.4691,-1
14,76986,402.00,259.00,20.00,21.00,1,7,0.9705,-1
14,35342,774.00,0.00,119.00,54.00,1,1,1.0000,-1
14,37790,582.00,0.00,97.00,68.00,1,1,0.9997,-1
14,82065,557.00,352.00,292.00,124.00,1,1,0.9999,-1
14,46800,243.00,281.00,18.00,21.00,1,7,0.9079,-1
14,66056,251.00,330.00,7.00,7.00,1,7,1.0000,-1
14,99758,0.00,308.00,56.00,33.00,1,1,1.0000,-1
15,98269,978.00,350.00,11.00,4.00,1,7,1.0000,-1
15,28978,971.00,340.00,3.00,6.00,1,7,0.3778,-1
15,96243,780.00,320.00,11.00,13.00,1,7,0.6099,-1
15,68223,716.00,314.00,4.00,5.00,1,7,0.9500,-1
15,31226,753.00,350.00,12.00,10.00,1,7,0.9444,-1
15,71909,763.00,291.00,17.00,12.00,1,7,0.6101,-1
15,41466,742.00,328.00,18.00,17.00,1,7,1.0000,-1
15,28172,438.00,275.00,2.00,10.00,1,7,0.0730,-1
15,76986,400.00,259.00,20.00,21.00,1,7,0.9703,-1
15,35342,767.00,0.00,119.00,55.00,1,1,1.0000,-1
15,37790,569.00,0.00,97.00,68.00,1,1,1.0000,-1
15,82065,544.00,353.00,288.00,123.00,1,1,1.0000,-1
15,46800,242.00,281.00,18.00,21.00,1,7,0.9051,-1
15,66056,250.00,330.00,6.00,7.00,1,7,1.0000,-1
15,99758,0.00,308.00,54.00,33.00,1,1,1.0000,-1
16,98269,977.00,351.00,10.00,4.00,1,7,1.0000,-1
16,28978,968.00,341.00,5.00,5.00,1,7,0.5435,-1
16,96243,779.00,320.00,11.00,13.00,1,7,0.6043,-1
16,68223,715.00,314.00,4.00,6.00,1,7,1.0000,-1
16,31226,752.00,351.00,12.00,9.00,1,7,0.9770,-1
16,71909,762.00,291.00,16.00,12.00,1,7,0.5875,-1
16,41466,741.00,328.00,17.00,18.00,1,7,1.0000,-1
16,76986,398.00,259.00,19.00,21.00,1,7,0.9703,-1
16,35342,761.00,0.00,118.00,55.00,1,1,1.0000,-1
16,37790,556.00,0.00,96.00,68.00,1,1,1.0000,-1
16,82065,531.00,353.00,283.00,123.00,1,1,1.0000,-1
16,46800,241.00,281.00,18.00,21.00,1,7,0.9076,-1
16,66056,248.00,330.00,7.00,7.00,1,7,1.0000,-1
16,99758,0.00,307.00,52.00,34.00,1,1,1.0000,-1
17,98269,976.00,351.00,10.00,4.00,1,7,1.0000,-1
17,28978,966.00,341.00,6.00,6.00,1,7,0.6327,-1
17,96243,777.00,320.00,11.00,13.00,1,7,0.5899,-1
17,68223,714.00,314.00,4.00,6.00,1,7,1.0000,-1
17,31226,751.00,351.00,12.00,9.00,1,7,0.9767,-1
17,71909,761.00,291.00,16.00,12.00,1,7,0.5987,-1
17,41466,740.00,329.00,17.00,17.00,1,7,1.0000,-1
17,76986,396.00,259.00,19.00,21.00,1,7,0.9698,-1
17,35342,754.00,0.00,119.00,55.00,1,1,1.0000,-1
17,37790,544.00,0.00,95.00,68.00,1,1,1.0000,-1
17,82065,517.00,353.00,280.00,123.00,1,1,1.0000,-1
17,46800,239.00,281.00,19.00,21.00,1,7,0.9108,-1
17,66056,247.00,330.00,7.00,7.00,1,7,1.0000,-1
17,99758,0.00,307.00,49.00,33.00,1,1,1.0000,-1
18,98269,974.00,351.00,10.00,5.00,1,7,1.0000,-1
18,28978,964.00,341.00,7.00,6.00,1,7,0.7174,-1
18,96243,776.00,320.00,11.00,14.00,1,7,0.5887,-1
18,68223,713.00,315.00,3.00,5.00,1,7,0.9444,-1
18,31226,750.00,351.00,11.00,10.00,1,7,0.9770,-1
18,71909,759.00,292.00,17.00,11.00,1,7,0.5732,-1
18,41466,738.00,329.00,18.00,17.00,1,7,1.0000,-1
18,76986,394.00,259.00,10.00,21.00,1,7,0.5522,-1
18,35342,747.00,0.00,119.00,55.00,1,1,1.0000,-1
18,37790,531.00,0.00,95.00,68.00,1,1,1.0000,-1
18,82065,504.00,353.00,276.00,124.00,1,1,1.0000,-1
18,46800,238.00,281.00,19.00,21.00,1,7,0.9105,-1
18,66056,246.00,330.00,7.00,7.00,1,7,1.0000,-1
18,99758,0.00,307.00,47.00,33.00,1,1,1.0000,-1
19,98269,973.00,352.00,10.00,4.00,1,7,1.0000,-1
19,28978,962.00,342.00,7.00,6.00,1,7,0.7778,-1
19,96243,775.00,321.00,11.00,12.00,1,7,0.5870,-1
19,68223,712.00,315.00,3.00,5.00,1,7,1.0000,-1
19,31226,749.00,351.00,11.00,10.00,1,7,0.9663,-1
19,71909,758.00,292.00,17.00,11.00,1,7,0.5759,-1
19,41466,737.00,329.00,18.00,17.00,1,7,1.0000,-1
19,76986,391.00,268.00,1.00,4.00,1,7,0.0178,-1
19,35342,740.00,0.00,119.00,56.00,1,1,1.0000,-1
19,37790,519.00,0.00,94.00,68.00,1,1,1.0000,-1
19,82065,491.00,354.00,272.00,123.00,1,1,1.0000,-1
19,46800,237.00,280.00,18.00,21.00,1,7,0.9137,-1
19,66056,245.00,330.00,6.00,6.00,1,7,1.0000,-1
19,99758,0.00,306.00,45.00,33.00,1,1,1.0000,-1
20,98269,972.00,352.00,11.00,4.00,1,7,1.0000,-1
20,28978,960.00,342.00,8.00,6.00,1,7,0.8667,-1
20,96243,774.00,321.00,11.00,12.00,1,7,0.6014,-1
20,68223,711.00,315.00,3.00,5.00,1,7,0.9444,-1
20,31226,747.00,351.00,12.00,10.00,1,7,0.9770,-1
20,71909,757.00,292.00,16.00,12.00,1,7,0.6038,-1
20,41466,736.00,329.00,17.00,17.00,1,7,1.0000,-1
20,54245,514.00,314.00,5.00,4.00,1,7,0.8276,-1
20,35342,733.00,0.00,119.00,56.00,1,1,1.0000,-1
20,37790,506.00,0.00,95.00,68.00,1,1,1.0000,-1
20,82065,478.00,354.00,268.00,123.00,1,1,1.0000,-1
20,46800,236.00,280.00,18.00,21.00,1,7,0.9243,-1
20,66056,243.00,329.00,7.00,7.00,1,7,1.0000,-1
20,99758,0.00,306.00,43.00,33.00,1,1,1.0000,-1
21,98269,971.00,353.00,10.00,4.00,1,7,1.0000,-1
21,28978,957.00,343.00,10.00,6.00,1,7,0.9545,-1
21,96243,773.00,321.00,11.00,12.00,1,7,0.5899,-1
21,68223,709.00,315.00,4.00,6.00,1,7,1.0000,-1
21,31226,746.00,352.00,12.00,9.00,1,7,0.9765,-1
21,71909,756.00,292.00,16.00,12.00,1,7,0.5759,-1
21,41466,735.00,330.00,17.00,17.00,1,7,1.0000,-1
21,72217,492.00,339.00,1.00,5.00,1,7,0.0254,-1
21,54245,511.00,314.00,7.00,4.00,1,7,0.9667,-1
21,35342,727.00,0.00,118.00,56.00,1,1,1.0000,-1
21,37790,494.00,0.00,95.00,68.00,1,1,1.0000,-1
21,82065,464.00,354.00,265.00,123.00,1,1,1.0000,-1
21,46800,235.00,280.00,18.00,21.00,1,7,0.9177,-1
21,66056,242.00,329.00,7.00,7.00,1,7,1.0000,-1
21,99758,0.00,305.00,41.00,33.00,1,1,1.0000,-1
22,98269,970.00,353.00,10.00,4.00,1,7,1.0000,-1
22,28978,955.00,343.00,11.00,6.00,1,7,0.9556,-1
22,96243,772.00,321.00,11.00,13.00,1,7,0.5857,-1
22,68223,709.00,315.00,3.00,6.00,1,7,0.9048,-1
22,31226,745.00,352.00,11.00,9.00,1,7,0.9762,-1
22,71909,754.00,293.00,17.00,11.00,1,7,0.5696,-1
22,41466,734.00,330.00,17.00,17.00,1,7,1.0000,-1
22,72217,483.00,329.00,8.00,15.00,1,7,0.2226,-1
22,54245,510.00,314.00,7.00,4.00,1,7,0.9667,-1
22,35342,720.00,0.00,118.00,57.00,1,1,1.0000,-1
22,37790,481.00,0.00,96.00,69.00,1,1,1.0000,-1
22,82065,451.00,354.00,261.00,123.00,1,1,1.0000,-1
22,46800,234.00,280.00,18.00,21.00,1,7,0.9172,-1
22,66056,241.00,329.00,7.00,7.00,1,7,1.0000,-1
22,99758,0.00,305.00,39.00,32.00,1,1,1.0000,-1
23,98269,968.00,354.00,10.00,4.00,1,7,1.0000,-1
23,28978,954.00,344.00,11.00,5.00,1,7,0.9773,-1
23,96243,770.00,322.00,12.00,12.00,1,7,0.5887,-1
23,68223,707.00,315.00,4.00,6.00,1,7,0.9524,-1
23,31226,744.00,352.00,11.00,10.00,1,7,0.9770,-1
23,71909,753.00,293.00,17.00,11.00,1,7,0.5949,-1
23,41466,732.00,330.00,18.00,17.00,1,7,1.0000,-1
23,72217,479.00,325.00,10.00,18.00,1,7,0.3035,-1
23,54245,509.00,314.00,7.00,4.00,1,7,1.0000,-1
23,35342,713.00,0.00,119.00,57.00,1,1,1.0000,-1
23,37790,469.00,0.00,96.00,69.00,1,1,1.0000,-1
23,82065,438.00,354.00,258.00,124.00,1,1,1.0000,-1
23,46800,233.00,279.00,18.00,22.00,1,7,0.9209,-1
23,66056,240.00,329.00,6.00,6.00,1,7,1.0000,-1
23,99758,0.00,304.00,36.00,33.00,1,1,1.0000,-1
24,98269,967.00,354.00,11.00,4.00,1,7,1.0000,-1
24,28978,953.00,344.00,11.00,6.00,1,7,0.9583,-1
24,96243,769.00,322.00,11.00,13.00,1,7,0.5957,-1
24,68223,706.00,316.00,4.00,5.00,1,7,0.9500,-1
24,31226,743.00,352.00,11.00,10.00,1,7,0.9659,-1
24,71909,752.00,293.00,16.00,12.00,1,7,0.5812,-1
24,41466,731.00,330.00,17.00,17.00,1,7,1.0000,-1
24,72217,478.00,325.00,9.00,18.00,1,7,0.3099,-1
24,54245,508.00,314.00,6.00,4.00,1,7,0.9333,-1
24,35342,707.00,0.00,118.00,57.00,1,1,1.0000,-1
24,37790,457.00,0.00,95.00,69.00,1,1,1.0000,-1
24,82065,425.00,354.00,254.00,124.00,1,1,1.0000,-1
24,46800,231.00,279.00,19.00,21.00,1,7,0.9238,-1
24,66056,239.00,328.00,6.00,7.00,1,7,1.0000,-1
24,99758,0.00,304.00,34.00,32.00,1,1,1.0000,-1
25,98269,966.00,354.00,10.00,5.00,1,7,1.0000,-1
25,28978,952.00,345.00,11.00,5.00,1,7,0.9773,-1
25,96243,768.00,322.00,11.00,13.00,1,7,0.5903,-1
25,68223,706.00,316.00,3.00,5.00,1,7,0.8947,-1
25,31226,741.00,353.00,12.00,9.00,1,7,0.9759,-1
25,71909,751.00,293.00,16.00,12.00,1,7,0.5849,-1
25,41466,730.00,330.00,17.00,17.00,1,7,1.0000,-1
25,72217,477.00,326.00,8.00,18.00,1,7,0.2943,-1
25,54245,507.00,314.00,6.00,4.00,1,7,0.9333,-1
25,35342,700.00,0.00,118.00,57.00,1,1,1.0000,-1
25,37790,444.00,0.00,96.00,69.00,1,1,1.0000,-1
25,82065,412.00,354.00,250.00,124.00,1,1,1.0000,-1
25,46800,230.00,279.00,19.00,21.00,1,7,0.9236,-1
25,66056,237.00,328.00,7.00,7.00,1,7,1.0000,-1
25,99758,0.00,303.00,32.00,32.00,1,1,1.0000,-1
26,98269,965.00,355.00,10.00,4.00,1,7,1.0000,-1
26,28978,951.00,345.00,10.00,6.00,1,7,0.9333,-1
26,96243,767.00,322.00,11.00,13.00,1,7,0.5971,-1
26,68223,704.00,316.00,3.00,5.00,1,7,1.0000,-1
26,31226,740.00,353.00,12.00,9.00,1,7,0.9762,-1
26,71909,750.00,294.00,16.00,11.00,1,7,0.5669,-1
26,41466,728.00,331.00,18.00,17.00,1,7,1.0000,-1
26,72217,476.00,326.00,7.00,18.00,1,7,0.2808,-1
26,54245,506.00,314.00,6.00,4.00,1,7,0.9310,-1
26,35342,693.00,0.00,118.00,58.00,1,1,1.0000,-1
26,37790,431.00,0.00,97.00,69.00,1,1,1.0000,-1
26,82065,398.00,354.00,247.00,124.00,1,1,1.0000,-1
26,46800,229.00,279.00,18.00,21.00,1,7,0.9177,-1
26,66056,236.00,328.00,7.00,7.00,1,7,1.0000,-1
26,99758,0.00,303.00,30.00,31.00,1,1,1.0000,-1
27,98269,964.00,355.00,10.00,4.00,1,7,1.0000,-1
27,28978,950.00,345.00,10.00,6.00,1,7,0.9348,-1
27,96243,766.00,322.00,11.00,13.00,1,7,0.5786,-1
27,68223,703.00,316.00,3.00,6.00,1,7,0.9000,-1
27,31226,739.00,353.00,11.00,9.00,1,7,0.9882,-1
27,71909,748.00,294.00,17.00,11.00,1,7,0.5625,-1
27,41466,727.00,331.00,17.00,17.00,1,7,1.0000,-1
27,72217,474.00,325.00,7.00,18.00,1,7,0.2492,-1
27,54245,504.00,314.00,7.00,4.00,1,7,0.9667,-1
27,35342,686.00,0.00,118.00,58.00,1,1,1.0000,-1
27,37790,418.00,0.00,97.00,69.00,1,1,1.0000,-1
27,82065,385.00,354.00,243.00,124.00,1,1,1.0000,-1
27,46800,228.00,279.00,18.00,21.00,1,7,0.9140,-1
27,66056,235.00,328.00,6.00,6.00,1,7,1.0000,-1
27,99758,0.00,303.00,28.00,30.00,1,1,1.0000,-1
28,98269,962.00,355.00,10.00,4.00,1,7,1.0000,-1
28,28978,949.00,345.00,10.00,6.00,1,7,0.9556,-1
28,96243,764.00,323.00,12.00,12.00,1,7,0.5816,-1
28,68223,702.00,316.00,3.00,6.00,1,7,0.9524,-1
28,31226,738.00,353.00,11.00,10.00,1,7,0.9882,-1
28,71909,747.00,294.00,17.00,11.00,1,7,0.5597,-1
28,41466,726.00,331.00,17.00,17.00,1,7,1.0000,-1
28,72217,473.00,325.00,5.00,16.00,1,7,0.2109,-1
28,54245,503.00,314.00,6.00,4.00,1,7,0.9333,-1
28,35342,679.00,0.00,118.00,58.00,1,1,1.0000,-1
28,37790,404.00,0.00,98.00,69.00,1,1,1.0000,-1
28,82065,372.00,354.00,239.00,124.00,1,1,1.0000,-1
28,46800,227.00,278.00,18.00,22.00,1,7,0.9211,-1
28,66056,234.00,328.00,6.00,6.00,1,7,1.0000,-1
28,99758,0.00,303.00,25.00,30.00,1,1,0.9981,-1
29,98269,961.00,355.00,10.00,5.00,1,7,1.0000,-1
29,28978,947.00,345.00,11.00,6.00,1,7,0.9565,-1
29,96243,763.00,323.00,11.00,13.00,1,7,0.5845,-1
29,68223,701.00,316.00,3.00,6.00,1,7,0.8636,-1
29,31226,736.00,353.00,12.00,10.00,1,7,0.9775,-1
29,71909,746.00,294.00,16.00,11.00,1,7,0.5696,-1
29,41466,725.00,331.00,17.00,17.00,1,7,1.0000,-1
29,72217,472.00,326.00,4.00,14.00,1,7,0.1656,-1
29,54245,502.00,314.00,6.00,4.00,1,7,0.9355,-1
29,28172,417.00,270.00,13.00,18.00,1,7,0.1552,-1
29,35342,672.00,0.00,117.00,58.00,1,1,1.0000,-1
29,37790,391.00,0.00,99.00,68.00,1,1,1.0000,-1
29,82065,358.00,354.00,236.00,124.00,1,1,1.0000,-1
29,46800,225.00,278.00,19.00,22.00,1,7,0.9148,-1
29,66056,232.00,327.00,7.00,7.00,1,7,1.0000,-1
29,99758,0.00,303.00,23.00,30.00,1,1,1.0000,-1
30,98269,960.00,355.00,10.00,5.00,1,7,1.0000,-1
30,28978,946.00,346.00,11.00,5.00,1,7,0.9556,-1
30,96243,762.00,323.00,11.00,13.00,1,7,0.5912,-1
30,68223,699.00,316.00,4.00,6.00,1,7,1.0000,-1
30,31226,735.00,353.00,12.00,10.00,1,7,0.9765,-1
30,71909,744.00,294.00,17.00,11.00,1,7,0.5759,-1
30,41466,723.00,331.00,17.00,17.00,1,7,1.0000,-1
30,72217,471.00,326.00,3.00,12.00,1,7,0.1206,-1
30,54245,501.00,314.00,6.00,4.00,1,7,0.9333,-1
30,28172,408.00,268.00,20.00,20.00,1,7,0.4657,-1
30,35342,665.00,0.00,117.00,58.00,1,1,1.0000,-1
30,37790,377.00,0.00,100.00,68.00,1,1,1.0000,-1
30,82065,345.00,354.00,232.00,123.00,1,1,1.0000,-1
30,46800,224.00,278.00,18.00,22.00,1,7,0.9306,-1
30,66056,231.00,327.00,7.00,7.00,1,7,1.0000,-1
30,99758,0.00,304.00,21.00,28.00,1,1,1.0000,-1
31,98269,959.00,355.00,9.00,5.00,1,7,1.0000,-1
31,28978,945.00,346.00,11.00,5.00,1,7,0.9773,-1
31,96243,761.00,323.00,11.00,13.00,1,7,0.5827,-1
31,68223,698.00,316.00,4.00,6.00,1,7,1.0000,-1
31,31226,734.00,353.00,11.00,10.00,1,7,0.9767,-1
31,71909,743.00,294.00,17.00,11.00,1,7,0.5535,-1
31,41466,722.00,331.00,17.00,17.00,1,7,1.0000,-1
31,72217,469.00,325.00,3.00,12.00,1,7,0.0796,-1
31,54245,500.00,314.00,6.00,4.00,1,7,0.9310,-1
31,28172,406.00,268.00,20.00,20.00,1,7,0.4740,-1
31,35342,658.00,0.00,117.00,58.00,1,1,1.0000,-1
31,37790,364.00,0.00,100.00,68.00,1,1,1.0000,-1
31,82065,331.00,354.00,229.00,123.00,1,1,0.9999,-1
31,46800,223.00,278.00,17.00,22.00,1,7,0.9088,-1
31,66056,230.00,327.00,6.00,7.00,1,7,1.0000,-1
31,99758,0.00,305.00,19.00,25.00,1,7,1.0000,-1
32,98269,957.00,355.00,10.00,5.00,1,7,1.0000,-1
32,28978,944.00,345.00,10.00,6.00,1,7,0.9149,-1
32,96243,759.00,323.00,12.00,12.00,1,7,0.5745,-1
32,68223,697.00,316.00,3.00,6.00,1,7,0.9474,-1
32,31226,733.00,353.00,11.00,10.00,1,7,0.9655,-1
32,71909,743.00,294.00,16.00,11.00,1,7,0.5696,-1
32,41466,721.00,331.00,17.00,17.00,1,7,1.0000,-1
32,72217,468.00,326.00,1.00,10.00,1,7,0.0510,-1
32,54245,498.00,314.00,7.00,4.00,1,7,0.9655,-1
32,28172,404.00,268.00,20.00,20.00,1,7,0.4611,-1
32,35342,651.00,0.00,116.00,58.00,1,1,1.0000,-1
32,37790,350.00,0.00,101.00,68.00,1,1,1.0000,-1
32,82065,318.00,354.00,225.00,123.00,1,1,1.0000,-1
32,46800,222.00,278.00,5.00,17.00,1,7,0.2642,-1
32,99758,0.00,306.00,16.00,23.00,1,7,1.0000,-1
33,98269,956.00,355.00,11.00,4.00,1,7,1.0000,-1
33,28978,943.00,345.00,10.00,6.00,1,7,0.9565,-1
33,96243,758.00,323.00,11.00,13.00,1,7,0.5786,-1
33,68223,696.00,316.00,3.00,6.00,1,7,0.8571,-1
33,31226,731.00,353.00,12.00,10.00,1,7,0.9762,-1
33,71909,740.00,294.00,17.00,11.00,1,7,0.5528,-1
33,41466,719.00,331.00,17.00,17.00,1,7,1.0000,-1
33,72217,467.00,327.00,0.00,5.00,1,7,0.0191,-1
33,54245,497.00,314.00,6.00,4.00,1,7,0.9355,-1
33,28172,402.00,269.00,19.00,19.00,1,7,0.4564,-1
33,76986,372.00,262.00,9.00,16.00,1,7,0.2239,-1
33,35342,643.00,0.00,117.00,58.00,1,1,1.0000,-1
33,37790,336.00,0.00,102.00,68.00,1,1,1.0000,-1
33,82065,304.00,353.00,221.00,124.00,1,1,1.0000,-1
33,99758,0.00,306.00,14.00,22.00,1,7,1.0000,-1
34,98269,955.00,355.00,10.00,4.00,1,7,1.0000,-1
34,28978,941.00,345.00,11.00,6.00,1,7,0.9783,-1
34,96243,757.00,322.00,11.00,13.00,1,7,0.5755,-1
34,68223,694.00,316.00,4.00,5.00,1,7,0.8947,-1
34,31226,730.00,353.00,11.00,9.00,1,7,0.9756,-1
34,71909,739.00,294.00,16.00,11.00,1,7,0.5633,-1
34,41466,718.00,331.00,17.00,17.00,1,7,1.0000,-1
34,54245,496.00,314.00,6.00,4.00,1,7,0.9000,-1
34,28172,400.00,268.00,19.00,20.00,1,7,0.4595,-1
34,76986,361.00,258.00,18.00,21.00,1,7,0.8066,-1
34,35342,636.00,0.00,116.00,58.00,1,1,1.0000,-1
34,37790,322.00,0.00,103.00,68.00,1,1,1.0000,-1
34,82065,291.00,353.00,217.00,124.00,1,1,1.0000,-1
34,99758,0.00,308.00,12.00,18.00,1,7,1.0000,-1
35,98269,954.00,355.00,9.00,4.00,1,7,1.0000,-1
35,28978,940.00,345.00,11.00,5.00,1,7,0.9767,-1
35,96243,756.00,322.00,11.00,14.00,1,7,0.5839,-1
35,68223,694.00,316.00,3.00,5.00,1,7,0.8421,-1
35,31226,729.00,353.00,11.00,9.00,1,7,0.9880,-1
35,71909,737.00,294.00,17.00,11.00,1,7,0.5625,-1
35,41466,717.00,331.00,17.00,17.00,1,7,1.0000,-1
35,54245,494.00,314.00,7.00,4.00,1,7,0.9310,-1
35,28172,397.00,269.00,20.00,19.00,1,7,0.4503,-1
35,76986,357.00,258.00,20.00,21.00,1,7,0.9608,-1
35,35342,628.00,0.00,116.00,57.00,1,1,1.0000,-1
35,37790,308.00,0.00,104.00,68.00,1,1,0.9997,-1
35,82065,277.00,353.00,214.00,124.00,1,1,1.0000,-1
35,99758,0.00,309.00,9.00,16.00,1,7,1.0000,-1
36,98269,952.00,354.00,10.00,5.00,1,7,1.0000,-1
36,28978,939.00,344.00,11.00,6.00,1,7,0.9545,-1
36,96243,754.00,322.00,11.00,13.00,1,7,0.5603,-1
36,68223,692.00,316.00,3.00,5.00,1,7,0.9444,-1
36,31226,728.00,352.00,11.00,10.00,1,7,0.9765,-1
36,71909,736.00,293.00,17.00,12.00,1,7,0.5556,-1
36,41466,715.00,330.00,17.00,17.00,1,7,1.0000,-1
36,54245,493.00,314.00,6.00,4.00,1,7,0.9355,-1
36,28172,395.00,269.00,21.00,19.00,1,1,0.4556,-1
36,76986,355.00,258.00,19.00,21.00,1,7,0.9580,-1
36,35342,621.00,0.00,116.00,57.00,1,1,1.0000,-1
36,37790,293.00,0.00,105.00,68.00,1,1,1.0000,-1
36,82065,263.00,353.00,210.00,124.00,1,1,0.9999,-1
36,99758,0.00,311.00,7.00,12.00,1,7,1.0000,-1
37,98269,951.00,354.00,10.00,4.00,1,7,1.0000,-1
37,28978,938.00,344.00,10.00,6.00,1,7,0.9362,-1
37,96243,753.00,322.00,11.00,13.00,1,7,0.5725,-1
37,68223,691.00,316.00,3.00,5.00,1,7,0.9412,-1
37,31226,726.00,352.00,11.00,10.00,1,7,0.9770,-1
37,71909,736.00,293.00,15.00,12.00,1,7,0.5570,-1
37,41466,714.00,330.00,17.00,17.00,1,7,1.0000,-1
37,54245,492.00,314.00,6.00,4.00,1,7,0.9032,-1
37,28172,393.00,269.00,20.00,19.00,1,7,0.4543,-1
37,76986,353.00,258.00,19.00,21.00,1,7,0.9611,-1
37,35342,613.00,0.00,116.00,57.00,1,1,1.0000,-1
37,37790,279.00,0.00,106.00,68.00,1,1,1.0000,-1
37,82065,250.00,353.00,206.00,124.00,1,1,1.0000,-1
37,99758,0.00,311.00,4.00,11.00,1,7,1.0000,-1
38,98269,950.00,353.00,9.00,5.00,1,7,1.0000,-1
38,28978,937.00,344.00,10.00,5.00,1,7,0.9556,-1
38,96243,752.00,322.00,11.00,12.00,1,7,0.5612,-1
38,68223,689.00,315.00,4.00,6.00,1,7,0.8500,-1
38,31226,725.00,352.00,11.00,10.00,1,7,0.9767,-1
38,71909,733.00,293.00,17.00,11.00,1,7,0.5633,-1
38,41466,713.00,330.00,16.00,17.00,1,7,1.0000,-1
38,54245,490.00,314.00,7.00,4.00,1,7,0.8621,-1
38,28172,391.00,269.00,19.00,19.00,1,7,0.4457,-1
38,76986,350.00,259.00,20.00,21.00,1,7,0.9636,-1
38,35342,605.00,0.00,116.00,57.00,1,1,1.0000,-1
38,37790,264.00,0.00,107.00,68.00,1,1,1.0000,-1
38,82065,236.00,353.00,202.00,124.00,1,1,1.0000,-1
38,99758,0.00,312.00,2.00,7.00,1,7,1.0000,-1
39,98269,949.00,353.00,10.00,4.00,1,7,1.0000,-1
39,28978,936.00,343.00,10.00,6.00,1,7,0.9565,-1
39,96243,750.00,321.00,11.00,13.00,1,7,0.5580,-1
39,68223,688.00,316.00,3.00,5.00,1,7,0.8333,-1
39,31226,724.00,352.00,11.00,9.00,1,7,0.9756,-1
39,71909,732.00,293.00,16.00,11.00,1,7,0.5633,-1
39,41466,711.00,330.00,17.00,17.00,1,7,1.0000,-1
39,54245,489.00,314.00,6.00,4.00,1,7,0.8065,-1
39,28172,388.00,269.00,21.00,19.00,1,1,0.4510,-1
39,76986,348.00,259.00,19.00,21.00,1,7,0.9666,-1
39,35342,597.00,0.00,116.00,56.00,1,1,1.0000,-1
39,37790,250.00,0.00,108.00,68.00,1,1,1.0000,-1
39,82065,222.00,354.00,199.00,123.00,1,1,1.0000,-1
39,99758,0.00,313.00,0.00,1.00,1,7,1.0000,-1
40,98269,947.00,353.00,10.00,4.00,1,7,1.0000,-1
40,28978,934.00,343.00,10.00,5.00,1,7,0.9302,-1
40,96243,749.00,321.00,11.00,14.00,1,7,0.5915,-1
40,68223,687.00,315.00,3.00,5.00,1,7,0.7778,-1
40,31226,722.00,352.00,12.00,9.00,1,7,0.9880,-1
40,71909,730.00,292.00,17.00,12.00,1,7,0.5521,-1
40,41466,710.00,330.00,16.00,17.00,1,7,1.0000,-1
40,72217,468.00,338.00,0.00,0.00,1,7,0.0032,-1
40,54245,488.00,314.00,5.00,4.00,1,7,0.6129,-1
40,28172,386.00,269.00,20.00,19.00,1,7,0.4392,-1
40,76986,346.00,259.00,19.00,21.00,1,7,0.9666,-1
40,35342,589.00,0.00,117.00,56.00,1,1,1.0000,-1
40,37790,235.00,0.00,109.00,68.00,1,1,1.0000,-1
40,82065,208.00,354.00,195.00,123.00,1,1,0.9999,-1
41,98269,946.00,352.00,10.00,4.00,1,7,1.0000,-1
41,28978,933.00,342.00,10.00,6.00,1,7,0.9545,-1
41,96243,748.00,321.00,11.00,13.00,1,7,0.5507,-1
41,68223,686.00,315.00,3.00,5.00,1,7,0.8421,-1
41,31226,721.00,351.00,11.00,10.00,1,7,0.9765,-1
41,71909,730.00,294.00,16.00,10.00,1,7,0.5590,-1
41,41466,708.00,329.00,17.00,17.00,1,7,1.0000,-1
41,72217,466.00,337.00,0.00,0.00,1,7,0.0032,-1
41,54245,487.00,314.00,4.00,3.00,1,7,0.4138,-1
41,28172,384.00,269.00,20.00,19.00,1,7,0.4353,-1
41,76986,343.00,259.00,19.00,21.00,1,7,0.9607,-1
41,35342,582.00,0.00,116.00,56.00,1,1,1.0000,-1
41,37790,220.00,0.00,111.00,69.00,1,1,1.0000,-1
41,82065,195.00,354.00,191.00,123.00,1,1,1.0000,-1
42,98269,945.00,352.00,9.00,4.00,1,7,1.0000,-1
42,28978,932.00,342.00,10.00,6.00,1,7,0.9773,-1
42,96243,746.00,321.00,11.00,13.00,1,7,0.5532,-1
42,68223,684.00,315.00,3.00,5.00,1,7,0.7500,-1
42,31226,720.00,351.00,11.00,10.00,1,7,0.9770,-1
42,71909,727.00,292.00,17.00,11.00,1,7,0.5625,-1
42,41466,707.00,329.00,17.00,17.00,1,7,1.0000,-1
42,72217,464.00,336.00,0.00,1.00,1,7,0.0063,-1
42,54245,485.00,314.00,4.00,3.00,1,7,0.3548,-1
42,28172,382.00,269.00,20.00,19.00,1,7,0.4344,-1
42,76986,341.00,259.00,19.00,21.00,1,7,0.9614,-1
42,35342,574.00,0.00,116.00,56.00,1,1,1.0000,-1
42,37790,205.00,0.00,112.00,69.00,1,1,1.0000,-1
42,82065,181.00,354.00,187.00,124.00,1,1,1.0000,-1
43,98269,943.00,351.00,11.00,5.00,1,7,1.0000,-1
43,28978,930.00,341.00,11.00,6.00,1,7,0.9556,-1
43,96243,745.00,320.00,11.00,13.00,1,7,0.5797,-1
43,68223,683.00,315.00,3.00,5.00,1,7,0.7059,-1
43,31226,718.00,351.00,11.00,10.00,1,7,0.9756,-1
43,71909,727.00,292.00,15.00,11.00,1,7,0.5478,-1
43,41466,706.00,329.00,16.00,17.00,1,7,1.0000,-1
43,72217,461.00,336.00,1.00,2.00,1,7,0.0126,-1
43,54245,484.00,314.00,3.00,3.00,1,7,0.2500,-1
43,28172,379.00,269.00,20.00,20.00,1,7,0.4399,-1
43,76986,339.00,259.00,19.00,21.00,1,7,0.9581,-1
43,35342,566.00,0.00,116.00,56.00,1,1,1.0000,-1
43,37790,190.00,0.00,114.00,69.00,1,1,0.9997,-1
43,82065,167.00,354.00,186.00,124.00,1,1,1.0000,-1
44,98269,942.00,351.00,10.00,4.00,1,7,1.0000,-1
44,28978,929.00,341.00,11.00,6.00,1,7,0.9362,-1
44,96243,744.00,320.00,10.00,14.00,1,7,0.5328,-1
44,68223,682.00,315.00,3.00,5.00,1,7,0.7368,-1
44,31226,717.00,351.00,11.00,9.00,1,7,0.9880,-1
44,71909,725.00,292.00,16.00,11.00,1,7,0.5570,-1
44,41466,704.00,329.00,17.00,17.00,1,7,1.0000,-1
44,72217,459.00,334.00,2.00,3.00,1,7,0.0223,-1
44,54245,483.00,314.00,2.00,1.00,1,7,0.0645,-1
44,28172,377.00,269.00,20.00,20.00,1,7,0.4412,-1
44,76986,336.00,259.00,19.00,21.00,1,7,0.9486,-1
44,35342,558.00,0.00,116.00,56.00,1,1,1.0000,-1
44,37790,176.00,0.00,115.00,69.00,1,1,1.0000,-1
44,82065,154.00,355.00,183.00,123.00,1,1,1.0000,-1
44,66056,215.00,330.00,4.00,7.00,1,7,0.6383,-1
45,98269,941.00,351.00,9.00,4.00,1,7,1.0000,-1
45,28978,928.00,341.00,10.00,6.00,1,7,0.9111,-1
45,96243,742.00,320.00,11.00,13.00,1,7,0.5887,-1
45,68223,680.00,315.00,4.00,5.00,1,7,0.7895,-1
45,31226,716.00,351.00,11.00,9.00,1,7,0.9877,-1
45,71909,724.00,292.00,16.00,11.00,1,7,0.5528,-1
45,41466,703.00,329.00,16.00,17.00,1,7,1.0000,-1
45,72217,457.00,333.00,1.00,4.00,1,7,0.0252,-1
45,28172,375.00,270.00,20.00,19.00,1,7,0.4425,-1
45,76986,334.00,260.00,19.00,20.00,1,7,0.9637,-1
45,35342,550.00,0.00,117.00,56.00,1,1,1.0000,-1
45,37790,161.00,0.00,116.00,69.00,1,1,1.0000,-1
45,82065,140.00,355.00,181.00,123.00,1,1,1.0000,-1
45,46800,215.00,291.00,7.00,12.00,1,7,0.1635,-1
45,66056,211.00,330.00,6.00,7.00,1,7,1.0000,-1
46,98269,939.00,350.00,10.00,5.00,1,7,1.0000,-1
46,28978,927.00,341.00,10.00,5.00,1,7,0.9545,-1
46,96243,741.00,320.00,11.00,13.00,1,7,0.5435,-1
46,68223,679.00,315.00,3.00,5.00,1,7,0.7647,-1
46,31226,715.00,351.00,11.00,9.00,1,7,0.9639,-1
46,71909,722.00,292.00,16.00,11.00,1,7,0.5660,-1
46,41466,701.00,329.00,17.00,16.00,1,7,1.0000,-1
46,72217,454.00,333.00,3.00,5.00,1,7,0.0315,-1
46,28172,373.00,270.00,20.00,19.00,1,7,0.4336,-1
46,76986,332.00,260.00,19.00,21.00,1,7,0.9607,-1
46,35342,543.00,0.00,116.00,56.00,1,1,1.0000,-1
46,37790,146.00,0.00,118.00,70.00,1,1,1.0000,-1
46,82065,125.00,355.00,180.00,123.00,1,1,0.9999,-1
46,46800,206.00,283.00,15.00,20.00,1,7,0.6417,-1
46,66056,209.00,331.00,7.00,6.00,1,7,1.0000,-1
47,98269,938.00,350.00,11.00,4.00,1,7,1.0000,-1
47,28978,925.00,340.00,11.00,6.00,1,7,0.9556,-1
47,96243,740.00,320.00,11.00,13.00,1,7,0.5507,-1
47,68223,678.00,315.00,3.00,5.00,1,7,0.6000,-1
47,31226,713.00,351.00,11.00,9.00,1,7,0.9877,-1
47,71909,721.00,291.00,16.00,12.00,1,7,0.5597,-1
47,41466,700.00,328.00,17.00,17.00,1,7,1.0000,-1
47,72217,452.00,332.00,3.00,6.00,1,7,0.0541,-1
47,28172,371.00,270.00,19.00,19.00,1,7,0.4260,-1
47,76986,329.00,260.00,19.00,21.00,1,7,0.9663,-1
47,35342,535.00,0.00,117.00,56.00,1,1,1.0000,-1
47,37790,132.00,0.00,119.00,70.00,1,1,1.0000,-1
47,82065,110.00,355.00,179.00,124.00,1,1,1.0000,-1
47,46800,201.00,282.00,18.00,21.00,1,7,0.9342,-1
47,66056,208.00,331.00,7.00,7.00,1,7,1.0000,-1
48,98269,937.00,350.00,10.00,4.00,1,7,1.0000,-1
48,28978,924.00,340.00,11.00,6.00,1,7,0.9556,-1
48,96243,738.00,320.00,11.00,13.00,1,7,0.5461,-1
48,68223,676.00,314.00,4.00,5.00,1,7,0.6842,-1
48,31226,712.00,350.00,11.00,10.00,1,7,0.9882,-1
48,71909,719.00,292.00,17.00,11.00,1,7,0.5590,-1
48,41466,699.00,328.00,16.00,17.00,1,7,1.0000,-1
48,72217,450.00,331.00,10.00,18.00,1,7,0.0633,-1
48,28172,368.00,270.00,20.00,19.00,1,7,0.4324,-1
48,76986,327.00,260.00,19.00,21.00,1,7,0.9607,-1
48,35342,528.00,0.00,116.00,56.00,1,1,1.0000,-1
48,37790,117.00,0.00,122.00,70.00,1,1,1.0000,-1
48,82065,94.00,355.00,180.00,124.00,1,1,1.0000,-1
48,46800,199.00,282.00,19.00,22.00,1,7,0.9281,-1
48,66056,207.00,331.00,6.00,7.00,1,7,1.0000,-1
49,98269,936.00,350.00,10.00,4.00,1,7,1.0000,-1
49,28978,923.00,340.00,10.00,6.00,1,7,0.9149,-1
49,96243,737.00,320.00,11.00,13.00,1,7,0.5401,-1
49,68223,675.00,315.00,4.00,4.00,1,7,0.6842,-1
49,31226,711.00,350.00,11.00,10.00,1,7,0.9765,-1
49,71909,718.00,291.00,17.00,12.00,1,7,0.5597,-1
49,41466,697.00,328.00,17.00,17.00,1,7,1.0000,-1
49,72217,448.00,330.00,11.00,19.00,1,7,0.0698,-1
49,28172,366.00,270.00,20.00,19.00,1,7,0.4204,-1
49,76986,325.00,260.00,19.00,21.00,1,7,0.9608,-1
49,35342,520.00,0.00,117.00,56.00,1,1,1.0000,-1
49,37790,103.00,0.00,123.00,70.00,1,1,1.0000,-1
49,82065,79.00,356.00,179.00,123.00,1,1,1.0000,-1
49,46800,198.00,282.00,19.00,21.00,1,7,0.9371,-1
49,66056,205.00,331.00,7.00,7.00,1,7,1.0000,-1
50,98269,934.00,350.00,11.00,4.00,1,7,1.0000,-1
50,28978,922.00,340.00,10.00,6.00,1,7,0.9535,-1
50,96243,736.00,320.00,11.00,13.00,1,7,0.5401,-1
50,68223,674.00,314.00,3.00,6.00,1,7,0.6500,-1
50,31226,709.00,350.00,11.00,10.00,1,7,0.9762,-1
50,71909,717.00,292.00,16.00,11.00,1,7,0.5472,-1
50,41466,696.00,328.00,17.00,17.00,1,7,1.0000,-1
50,72217,446.00,329.00,12.00,20.00,1,7,0.0857,-1
50,28172,364.00,270.00,20.00,19.00,1,7,0.4281,-1
50,76986,323.00,260.00,19.00,21.00,1,7,0.9636,-1
50,35342,513.00,0.00,117.00,56.00,1,1,1.0000,-1
50,37790,89.00,0.00,125.00,70.00,1,1,0.9998,-1
50,82065,64.00,356.00,178.00,123.00,1,1,1.0000,-1
50,46800,197.00,282.00,19.00,21.00,1,7,0.9313,-1
50,66056,204.00,331.00,7.00,7.00,1,7,1.0000,-1
51,98269,933.00,350.00,11.00,4.00,1,7,1.0000,-1
51,28978,921.00,340.00,10.00,6.00,1,7,0.9535,-1
51,96243,735.00,320.00,11.00,12.00,1,7,0.5693,-1
51,68223,673.00,315.00,3.00,5.00,1,7,0.6316,-1
51,31226,708.00,351.00,11.00,9.00,1,7,0.9877,-1
51,71909,715.00,292.00,17.00,11.00,1,7,0.5590,-1
51,41466,695.00,328.00,16.00,18.00,1,7,1.0000,-1
51,72217,444.00,328.00,12.00,20.00,1,7,0.0987,-1
51,28172,362.00,270.00,20.00,19.00,1,7,0.4204,-1
51,76986,321.00,260.00,18.00,21.00,1,7,0.9600,-1
51,35342,506.00,0.00,117.00,56.00,1,1,1.0000,-1
51,37790,75.00,0.00,127.00,70.00,1,1,0.9998,-1
51,82065,48.00,356.00,179.00,123.00,1,1,1.0000,-1
51,46800,196.00,282.00,18.00,22.00,1,7,0.9338,-1
51,66056,203.00,331.00,7.00,7.00,1,7,1.0000,-1
52,98269,932.00,350.00,9.00,5.00,1,7,1.0000,-1
52,28978,920.00,341.00,10.00,5.00,1,7,0.9535,-1
52,96243,734.00,320.00,10.00,13.00,1,7,0.5368,-1
52,68223,672.00,315.00,3.00,5.00,1,7,0.6667,-1
52,31226,707.00,351.00,11.00,9.00,1,7,0.9877,-1
52,71909,714.00,292.00,16.00,11.00,1,7,0.5625,-1
52,41466,694.00,329.00,16.00,16.00,1,7,1.0000,-1
52,72217,442.00,328.00,18.00,21.00,1,7,0.1164,-1
52,28172,360.00,270.00,20.00,19.00,1,7,0.4084,-1
52,76986,318.00,260.00,19.00,21.00,1,7,0.9601,-1
52,35342,498.00,0.00,118.00,56.00,1,1,1.0000,-1
52,37790,61.00,0.00,129.00,70.00,1,1,1.0000,-1
52,82065,32.00,356.00,180.00,123.00,1,1,1.0000,-1
52,46800,195.00,282.00,18.00,21.00,1,7,0.9397,-1
52,66056,201.00,331.00,7.00,7.00,1,7,1.0000,-1
53,98269,931.00,351.00,9.00,4.00,1,7,1.0000,-1
53,28978,918.00,341.00,11.00,6.00,1,7,0.9565,-1
53,96243,732.00,320.00,11.00,13.00,1,7,0.5180,-1
53,68223,671.00,315.00,3.00,5.00,1,7,0.5238,-1
53,31226,706.00,351.00,11.00,9.00,1,7,0.9875,-1
53,71909,713.00,292.00,16.00,11.00,1,7,0.5370,-1
53,41466,692.00,329.00,17.00,17.00,1,7,1.0000,-1
53,72217,441.00,328.00,18.00,21.00,1,7,0.1079,-1
53,28172,358.00,270.00,20.00,19.00,1,7,0.4204,-1
53,76986,316.00,260.00,19.00,21.00,1,7,0.9572,-1
53,35342,491.00,0.00,119.00,56.00,1,1,1.0000,-1
53,37790,48.00,0.00,130.00,70.00,1,1,1.0000,-1
53,82065,17.00,356.00,179.00,123.00,1,1,1.0000,-1
53,46800,193.00,281.00,19.00,22.00,1,7,0.9319,-1
53,66056,200.00,331.00,7.00,6.00,1,7,1.0000,-1
54,98269,930.00,351.00,9.00,4.00,1,7,1.0000,-1
54,28978,917.00,341.00,11.00,6.00,1,7,0.9565,-1
54,96243,731.00,320.00,11.00,14.00,1,7,0.5290,-1
54,68223,670.00,316.00,3.00,4.00,1,7,0.5556,-1
54,31226,704.00,351.00,11.00,9.00,1,7,0.9873,-1
54,71909,711.00,294.00,17.00,9.00,1,7,0.5316,-1
54,41466,691.00,329.00,16.00,17.00,1,7,1.0000,-1
54,72217,439.00,328.00,18.00,21.00,1,7,0.1062,-1
54,54245,475.00,318.00,0.00,0.00,1,7,0.0357,-1
54,28172,356.00,270.00,20.00,19.00,1,7,0.4157,-1
54,76986,314.00,260.00,19.00,21.00,1,7,0.9577,-1
54,35342,484.00,0.00,119.00,56.00,1,1,1.0000,-1
54,37790,35.00,0.00,132.00,70.00,1,1,1.0000,-1
54,82065,1.00,355.00,180.00,124.00,1,1,1.0000,-1
54,46800,192.00,281.00,19.00,22.00,1,7,0.9323,-1
54,66056,199.00,330.00,7.00,7.00,1,7,1.0000,-1
55,98269,928.00,351.00,11.00,4.00,1,7,1.0000,-1
55,28978,916.00,342.00,10.00,5.00,1,7,0.9091,-1
55,96243,730.00,320.00,11.00,14.00,1,7,0.5217,-1
55,68223,669.00,316.00,3.00,4.00,1,7,0.5789,-1
55,31226,703.00,351.00,11.00,10.00,1,7,0.9756,-1
55,71909,710.00,293.00,16.00,10.00,1,7,0.5414,-1
55,41466,690.00,329.00,16.00,17.00,1,7,1.0000,-1
55,72217,438.00,328.00,18.00,20.00,1,7,0.0990,-1
55,54245,473.00,318.00,0.00,0.00,1,7,0.0345,-1
55,28172,354.00,270.00,20.00,19.00,1,7,0.4095,-1
55,76986,312.00,260.00,19.00,20.00,1,7,0.9488,-1
55,35342,477.00,0.00,120.00,56.00,1,1,1.0000,-1
55,37790,22.00,0.00,134.00,70.00,1,1,1.0000,-1
55,82065,0.00,355.00,166.00,124.00,1,1,1.0000,-1
55,46800,191.00,281.00,18.00,22.00,1,7,0.9348,-1
55,66056,198.00,330.00,7.00,7.00,1,7,1.0000,-1
56,98269,927.00,352.00,10.00,4.00,1,7,1.0000,-1
56,28978,915.00,342.00,10.00,6.00,1,7,0.9070,-1
56,96243,729.00,321.00,10.00,13.00,1,7,0.5182,-1
56,68223,668.00,317.00,2.00,3.00,1,7,0.4500,-1
56,31226,702.00,351.00,11.00,10.00,1,7,0.9767,-1
56,71909,709.00,293.00,17.00,10.00,1,7,0.5443,-1
56,41466,689.00,329.00,16.00,17.00,1,7,1.0000,-1
56,72217,437.00,328.00,18.00,20.00,1,7,0.1013,-1
56,54245,471.00,318.00,1.00,0.00,1,7,0.0625,-1
56,28172,352.00,270.00,20.00,19.00,1,7,0.4030,-1
56,76986,310.00,259.00,19.00,21.00,1,7,0.9550,-1
56,35342,470.00,0.00,120.00,56.00,1,1,1.0000,-1
56,37790,9.00,0.00,136.00,69.00,1,1,1.0000,-1
56,82065,0.00,355.00,152.00,123.00,1,1,1.0000,-1
56,46800,190.00,281.00,18.00,22.00,1,7,0.9403,-1
56,66056,196.00,330.00,7.00,7.00,1,7,1.0000,-1
57,98269,926.00,352.00,10.00,4.00,1,7,1.0000,-1
57,28978,914.00,342.00,10.00,6.00,1,7,0.9556,-1
57,96243,728.00,321.00,10.00,13.00,1,7,0.5217,-1
57,68223,667.00,317.00,2.00,3.00,1,7,0.5000,-1
57,31226,701.00,351.00,11.00,10.00,1,7,0.9884,-1
57,71909,708.00,293.00,16.00,11.00,1,7,0.5432,-1
57,41466,687.00,329.00,17.00,17.00,1,7,1.0000,-1
57,72217,436.00,328.00,18.00,20.00,1,7,0.1073,-1
57,54245,469.00,316.00,3.00,2.00,1,7,0.1613,-1
57,28172,350.00,270.00,20.00,19.00,1,7,0.3874,-1
57,76986,308.00,259.00,19.00,21.00,1,7,0.9550,-1
57,35342,464.00,0.00,120.00,56.00,1,1,1.0000,-1
57,37790,0.00,0.00,134.00,69.00,1,1,1.0000,-1
57,82065,0.00,354.00,137.00,124.00,1,1,1.0000,-1
57,46800,189.00,280.00,18.00,22.00,1,7,0.9375,-1
57,66056,195.00,330.00,7.00,6.00,1,7,1.0000,-1
58,98269,925.00,352.00,9.00,5.00,1,7,1.0000,-1
58,28978,913.00,343.00,10.00,5.00,1,7,0.9535,-1
58,96243,726.00,321.00,11.00,13.00,1,7,0.5180,-1
58,68223,665.00,316.00,3.00,5.00,1,7,0.5789,-1
58,31226,700.00,352.00,11.00,9.00,1,7,0.9877,-1
58,71909,706.00,293.00,17.00,11.00,1,7,0.5370,-1
58,41466,686.00,329.00,16.00,18.00,1,7,1.0000,-1
58,72217,435.00,328.00,18.00,21.00,1,7,0.1171,-1
58,54245,467.00,316.00,3.00,2.00,1,7,0.2667,-1
58,28172,348.00,269.00,20.00,19.00,1,7,0.3910,-1
58,76986,306.00,259.00,19.00,21.00,1,7,0.9552,-1
58,35342,457.00,0.00,120.00,56.00,1,1,1.0000,-1
58,37790,0.00,0.00,123.00,69.00,1,1,0.9998,-1
58,82065,0.00,354.00,122.00,124.00,1,1,1.0000,-1
58,46800,188.00,280.00,18.00,22.00,1,7,0.9317,-1
58,66056,194.00,329.00,7.00,7.00,1,7,1.0000,-1
59,98269,924.00,353.00,9.00,4.00,1,7,1.0000,-1
59,28978,912.00,343.00,10.00,6.00,1,7,0.9778,-1
59,96243,725.00,321.00,11.00,14.00,1,7,0.5252,-1
59,68223,665.00,318.00,2.00,3.00,1,7,0.4211,-1
59,31226,698.00,352.00,11.00,9.00,1,7,0.9875,-1
59,71909,705.00,293.00,16.00,11.00,1,7,0.5541,-1
59,41466,685.00,330.00,16.00,17.00,1,7,1.0000,-1
59,72217,433.00,328.00,18.00,21.00,1,7,0.1289,-1
59,54245,466.00,316.00,3.00,2.00,1,7,0.3333,-1
59,28172,346.00,269.00,20.00,19.00,1,7,0.3855,-1
59,76986,304.00,259.00,19.00,21.00,1,7,0.9578,-1
59,35342,450.00,0.00,121.00,56.00,1,1,1.0000,-1
59,37790,0.00,0.00,112.00,68.00,1,1,1.0000,-1
59,82065,0.00,354.00,108.00,123.00,1,1,1.0000,-1
59,46800,186.00,280.00,19.00,22.00,1,7,0.9377,-1
59,66056,193.00,329.00,7.00,7.00,1,7,1.0000,-1
60,98269,922.00,353.00,11.00,5.00,1,7,1.0000,-1
60,28978,911.00,343.00,10.00,6.00,1,7,0.9545,-1
60,96243,724.00,321.00,11.00,14.00,1,7,0.5255,-1
60,68223,664.00,318.00,2.00,3.00,1,7,0.4444,-1
60,31226,697.00,352.00,11.00,10.00,1,7,0.9756,-1
60,71909,704.00,293.00,17.00,11.00,1,7,0.5466,-1
60,41466,684.00,330.00,16.00,17.00,1,7,1.0000,-1
60,72217,432.00,328.00,18.00,20.00,1,7,0.1442,-1
60,54245,464.00,315.00,4.00,3.00,1,7,0.4138,-1
60,28172,344.00,269.00,20.00,19.00,1,7,0.3862,-1
60,76986,302.00,259.00,19.00,20.00,1,7,0.9541,-1
60,35342,443.00,0.00,121.00,56.00,1,1,1.0000,-1
60,37790,0.00,0.00,102.00,68.00,1,1,0.9998,-1
60,82065,0.00,354.00,93.00,123.00,1,1,1.0000,-1
60,46800,185.00,280.00,19.00,22.00,1,7,0.9292,-1
60,66056,192.00,329.00,6.00,6.00,1,7,1.0000,-1
61,98269,921.00,354.00,10.00,4.00,1,7,1.0000,-1
61,28978,909.00,344.00,11.00,6.00,1,7,0.9524,-1
61,96243,723.00,322.00,10.00,13.00,1,7,0.5109,-1
61,68223,663.00,318.00,1.00,3.00,1,7,0.3889,-1
61,31226,696.00,352.00,11.00,10.00,1,7,0.9762,-1
61,71909,703.00,294.00,17.00,10.00,1,7,0.5409,-1
61,41466,682.00,330.00,16.00,17.00,1,7,1.0000,-1
61,72217,431.00,328.00,18.00,20.00,1,7,0.1451,-1
61,54245,462.00,314.00,5.00,4.00,1,7,0.5333,-1
61,28172,342.00,269.00,20.00,19.00,1,7,0.3837,-1
61,76986,300.00,259.00,19.00,20.00,1,7,0.9456,-1
61,35342,436.00,0.00,122.00,57.00,1,1,1.0000,-1
61,37790,0.00,0.00,91.00,68.00,1,1,1.0000,-1
61,82065,0.00,356.00,78.00,115.00,1,1,1.0000,-1
61,46800,184.00,279.00,18.00,22.00,1,7,0.9444,-1
61,66056,190.00,328.00,7.00,7.00,1,7,1.0000,-1
62,98269,920.00,354.00,10.00,4.00,1,7,1.0000,-1
62,28978,908.00,344.00,11.00,6.00,1,7,0.9375,-1
62,96243,722.00,322.00,10.00,13.00,1,7,0.5000,-1
62,68223,661.00,318.00,2.00,3.00,1,7,0.3529,-1
62,31226,695.00,352.00,11.00,10.00,1,7,0.9884,-1
62,71909,701.00,295.00,17.00,10.00,1,7,0.5535,-1
62,41466,681.00,330.00,16.00,17.00,1,7,1.0000,-1
62,72217,435.00,333.00,13.00,15.00,1,7,0.1572,-1
62,54245,461.00,314.00,5.00,4.00,1,7,0.6129,-1
62,28172,340.00,269.00,20.00,19.00,1,7,0.3791,-1
62,76986,298.00,258.00,19.00,21.00,1,7,0.9455,-1
62,35342,429.00,0.00,122.00,56.00,1,1,1.0000,-1
62,37790,0.00,0.00,80.00,67.00,1,1,1.0000,-1
62,82065,0.00,360.00,63.00,110.00,1,1,1.0000,-1
62,46800,183.00,279.00,18.00,22.00,1,7,0.9469,-1
62,66056,189.00,328.00,7.00,7.00,1,7,1.0000,-1
63,98269,919.00,354.00,9.00,5.00,1,7,1.0000,-1
63,28978,907.00,345.00,10.00,5.00,1,7,0.9091,-1
63,96243,720.00,322.00,11.00,14.00,1,7,0.5109,-1
63,68223,660.00,318.00,2.00,3.00,1,7,0.4211,-1
63,31226,694.00,352.00,11.00,10.00,1,7,0.9756,-1
63,71909,700.00,296.00,17.00,9.00,1,7,0.5250,-1
63,41466,680.00,330.00,16.00,17.00,1,7,1.0000,-1
63,72217,434.00,333.00,13.00,15.00,1,7,0.1798,-1
63,54245,460.00,314.00,5.00,4.00,1,7,0.6774,-1
63,28172,338.00,269.00,20.00,19.00,1,7,0.3623,-1
63,76986,296.00,258.00,19.00,21.00,1,7,0.9515,-1
63,35342,423.00,0.00,122.00,57.00,1,1,1.0000,-1
63,37790,0.00,0.00,69.00,67.00,1,1,1.0000,-1
63,82065,0.00,360.00,49.00,106.00,1,1,1.0000,-1
63,46800,182.00,279.00,18.00,22.00,1,7,0.9288,-1
63,66056,188.00,328.00,7.00,7.00,1,7,1.0000,-1
64,98269,918.00,355.00,9.00,4.00,1,7,1.0000,-1
64,28978,906.00,345.00,10.00,5.00,1,7,0.9302,-1
64,96243,719.00,322.00,11.00,14.00,1,7,0.5145,-1
64,68223,659.00,318.00,2.00,3.00,1,7,0.4737,-1
64,31226,692.00,353.00,11.00,9.00,1,7,0.9756,-1
64,71909,699.00,296.00,16.00,9.00,1,7,0.5253,-1
64,41466,679.00,330.00,16.00,17.00,1,7,1.0000,-1
64,72217,432.00,334.00,13.00,14.00,1,7,0.1893,-1
64,54245,459.00,314.00,5.00,4.00,1,7,0.7188,-1
64,28172,336.00,269.00,20.00,18.00,1,7,0.3554,-1
64,76986,294.00,258.00,18.00,21.00,1,7,0.9512,-1
64,35342,416.00,0.00,122.00,56.00,1,1,1.0000,-1
64,37790,0.00,0.00,58.00,67.00,1,1,1.0000,-1
64,82065,0.00,364.00,34.00,94.00,1,1,1.0000,-1
64,46800,181.00,278.00,18.00,22.00,1,7,0.9350,-1
64,66056,187.00,328.00,6.00,6.00,1,7,1.0000,-1
65,98269,916.00,355.00,10.00,4.00,1,7,1.0000,-1
65,28978,905.00,345.00,10.00,6.00,1,7,0.9762,-1
65,96243,718.00,322.00,11.00,14.00,1,7,0.5217,-1
65,68223,658.00,319.00,2.00,2.00,1,7,0.3333,-1
65,31226,691.00,353.00,11.00,9.00,1,7,0.9759,-1
65,71909,698.00,295.00,16.00,10.00,1,7,0.5409,-1
65,41466,677.00,331.00,16.00,17.00,1,7,1.0000,-1
65,72217,430.00,334.00,14.00,14.00,1,7,0.2050,-1
65,54245,457.00,314.00,5.00,4.00,1,7,0.7667,-1
65,28172,334.00,268.00,20.00,19.00,1,7,0.3574,-1
65,76986,292.00,258.00,18.00,21.00,1,7,0.9509,-1
65,35342,409.00,0.00,123.00,56.00,1,1,1.0000,-1
65,37790,0.00,0.00,47.00,66.00,1,1,1.0000,-1
65,82065,0.00,377.00,19.00,57.00,1,7,1.0000,-1
65,46800,179.00,278.00,19.00,22.00,1,7,0.9321,-1
65,66056,185.00,327.00,7.00,7.00,1,7,1.0000,-1
66,98269,915.00,355.00,10.00,4.00,1,7,1.0000,-1
66,28978,904.00,345.00,10.00,6.00,1,7,0.9556,-1
66,96243,717.00,322.00,11.00,14.00,1,7,0.5185,-1
66,68223,657.00,319.00,2.00,2.00,1,7,0.3333,-1
66,31226,690.00,353.00,11.00,9.00,1,7,1.0000,-1
66,71909,696.00,295.00,17.00,10.00,1,7,0.5312,-1
66,41466,676.00,331.00,16.00,17.00,1,7,1.0000,-1
66,72217,429.00,333.00,14.00,15.00,1,7,0.2226,-1
66,54245,456.00,314.00,5.00,4.00,1,7,0.7586,-1
66,28172,332.00,268.00,20.00,19.00,1,7,0.3565,-1
66,76986,289.00,258.00,19.00,21.00,1,7,0.9544,-1
66,35342,402.00,0.00,123.00,56.00,1,1,1.0000,-1
66,37790,0.00,0.00,36.00,66.00,1,1,1.0000,-1
66,82065,0.00,396.00,5.00,30.00,1,7,1.0000,-1
66,46800,178.00,278.00,18.00,22.00,1,7,0.9356,-1
66,66056,184.00,327.00,7.00,7.00,1,7,1.0000,-1
67,98269,914.00,355.00,10.00,4.00,1,7,1.0000,-1
67,28978,903.00,345.00,10.00,6.00,1,7,0.9535,-1
67,96243,715.00,322.00,11.00,14.00,1,7,0.5540,-1
67,68223,656.00,319.00,2.00,2.00,1,7,0.3529,-1
67,31226,689.00,353.00,11.00,9.00,1,7,0.9872,-1
67,71909,695.00,296.00,16.00,9.00,1,7,0.5283,-1
67,41466,675.00,331.00,16.00,17.00,1,7,1.0000,-1
67,72217,427.00,333.00,15.00,15.00,1,7,0.2414,-1
67,54245,455.00,314.00,5.00,4.00,1,7,0.7000,-1
67,28172,330.00,269.00,20.00,18.00,1,7,0.3485,-1
67,76986,287.00,258.00,19.00,20.00,1,7,0.9485,-1
67,35342,394.00,0.00,124.00,56.00,1,1,1.0000,-1
67,37790,0.00,0.00,25.00,66.00,1,1,0.9990,-1
67,46800,177.00,278.00,18.00,22.00,1,7,0.9350,-1
67,66056,183.00,327.00,7.00,7.00,1,7,1.0000,-1
68,98269,913.00,355.00,10.00,4.00,1,7,1.0000,-1
68,28978,902.00,345.00,10.00,6.00,1,7,0.9302,-1
68,96243,714.00,322.00,11.00,14.00,1,7,0.5145,-1
68,68223,655.00,320.00,1.00,1.00,1,7,0.1579,-1
68,31226,687.00,353.00,11.00,9.00,1,7,0.9875,-1
68,71909,694.00,295.00,16.00,10.00,1,7,0.5283,-1
68,41466,673.00,331.00,16.00,17.00,1,7,1.0000,-1
68,72217,425.00,332.00,16.00,16.00,1,7,0.2516,-1
68,54245,454.00,314.00,5.00,4.00,1,7,0.7097,-1
68,28172,328.00,269.00,20.00,18.00,1,7,0.3424,-1
68,76986,285.00,258.00,19.00,21.00,1,7,0.9485,-1
68,35342,387.00,0.00,124.00,56.00,1,1,1.0000,-1
68,37790,0.00,1.00,14.00,65.00,1,7,1.0000,-1
68,46800,176.00,278.00,18.00,22.00,1,7,0.9352,-1
68,66056,182.00,327.00,6.00,7.00,1,7,1.0000,-1
69,98269,929.00,348.00,10.00,4.00,1,7,1.0000,-1
69,28978,917.00,338.00,11.00,6.00,1,7,0.9592,-1
69,96243,726.00,319.00,10.00,13.00,1,7,0.5071,-1
69,68223,665.00,317.00,1.00,2.00,1,7,0.2941,-1
69,31226,699.00,350.00,11.00,9.00,1,7,0.9877,-1
69,71909,704.00,291.00,18.00,10.00,1,7,0.5333,-1
69,41466,684.00,328.00,16.00,17.00,1,7,1.0000,-1
69,72217,436.00,335.00,15.00,14.00,1,7,0.2532,-1
69,54245,463.00,315.00,5.00,4.00,1,7,0.7241,-1
69,28172,338.00,272.00,19.00,19.00,1,7,0.3426,-1
69,76986,295.00,262.00,19.00,21.00,1,7,0.9439,-1
69,35342,387.00,0.00,128.00,58.00,1,1,1.0000,-1
69,37790,0.00,0.00,26.00,81.00,1,1,0.9991,-1
69,46800,189.00,285.00,18.00,21.00,1,7,0.9297,-1
69,66056,195.00,333.00,7.00,7.00,1,7,1.0000,-1
70,98269,957.00,345.00,10.00,5.00,1,7,1.0000,-1
70,28978,944.00,335.00,11.00,7.00,1,7,0.9600,-1
70,96243,745.00,317.00,11.00,14.00,1,7,0.5235,-1
70,68223,683.00,315.00,2.00,2.00,1,7,0.3000,-1
70,31226,718.00,348.00,11.00,10.00,1,7,0.9886,-1
70,71909,723.00,289.00,18.00,11.00,1,7,0.5325,-1
70,41466,703.00,326.00,17.00,18.00,1,7,1.0000,-1
70,72217,453.00,335.00,15.00,14.00,1,7,0.2444,-1
70,54245,480.00,315.00,5.00,4.00,1,7,0.7667,-1
70,28172,356.00,274.00,20.00,18.00,1,7,0.3438,-1
70,76986,315.00,264.00,18.00,21.00,1,7,0.9490,-1
70,35342,402.00,0.00,130.00,59.00,1,1,1.0000,-1
70,37790,0.00,0.00,59.00,92.00,1,1,1.0000,-1
70,82065,0.00,376.00,32.00,89.00,1,1,1.0000,-1
70,46800,211.00,287.00,18.00,21.00,1,7,0.9298,-1
70,66056,218.00,335.00,6.00,6.00,1,7,1.0000,-1
71,98269,987.00,351.00,11.00,4.00,1,7,1.0000,-1
71,28978,974.00,340.00,12.00,6.00,1,7,0.9615,-1
71,96243,767.00,319.00,12.00,14.00,1,7,0.5065,-1
71,68223,704.00,317.00,2.00,2.00,1,7,0.3333,-1
71,31226,739.00,351.00,11.00,10.00,1,7,0.9778,-1
71,71909,745.00,292.00,19.00,9.00,1,7,0.5517,-1
71,41466,724.00,328.00,17.00,18.00,1,7,1.0000,-1
71,72217,472.00,334.00,14.00,15.00,1,7,0.2330,-1
71,54245,499.00,315.00,5.00,3.00,1,7,0.7000,-1
71,28172,377.00,273.00,19.00,18.00,1,7,0.3474,-1
71,76986,337.00,263.00,18.00,20.00,1,7,0.9533,-1
71,35342,429.00,0.00,129.00,60.00,1,1,1.0000,-1
71,37790,0.00,0.00,99.00,94.00,1,1,1.0000,-1
71,82065,0.00,361.00,71.00,104.00,1,1,1.0000,-1
71,46800,235.00,285.00,17.00,21.00,1,7,0.9401,-1
71,66056,241.00,332.00,6.00,6.00,1,7,1.0000,-1
72,98269,1001.00,353.00,13.00,5.00,1,7,1.0000,-1
72,28978,988.00,342.00,12.00,7.00,1,7,0.9310,-1
72,96243,778.00,320.00,11.00,14.00,1,7,0.5033,-1
72,68223,713.00,317.00,2.00,3.00,1,7,0.3182,-1
72,31226,749.00,352.00,11.00,10.00,1,7,0.9783,-1
72,71909,755.00,292.00,19.00,10.00,1,7,0.5227,-1
72,41466,734.00,329.00,17.00,18.00,1,7,1.0000,-1
72,72217,481.00,334.00,14.00,15.00,1,7,0.2298,-1
72,54245,508.00,315.00,5.00,3.00,1,7,0.7143,-1
72,28172,387.00,273.00,19.00,17.00,1,7,0.3498,-1
72,76986,347.00,263.00,18.00,20.00,1,7,0.9532,-1
72,35342,441.00,0.00,129.00,60.00,1,1,1.0000,-1
72,37790,0.00,0.00,118.00,95.00,1,1,1.0000,-1
72,82065,0.00,355.00,91.00,109.00,1,1,1.0000,-1
72,46800,246.00,284.00,17.00,21.00,1,7,0.9362,-1
72,66056,251.00,331.00,7.00,6.00,1,7,1.0000,-1
73,98269,1017.00,353.00,6.00,4.00,1,7,1.0000,-1
73,28978,1003.00,342.00,13.00,6.00,1,7,0.9474,-1
73,96243,788.00,320.00,12.00,14.00,1,7,0.4875,-1
73,68223,723.00,317.00,2.00,3.00,1,7,0.3810,-1
73,31226,759.00,352.00,12.00,10.00,1,7,0.9785,-1
73,71909,765.00,293.00,19.00,9.00,1,7,0.5435,-1
73,41466,743.00,329.00,18.00,18.00,1,7,1.0000,-1
73,72217,489.00,334.00,14.00,15.00,1,7,0.2338,-1
73,54245,516.00,315.00,5.00,4.00,1,7,0.7333,-1
73,28172,396.00,273.00,18.00,18.00,1,7,0.3443,-1
73,76986,356.00,263.00,17.00,20.00,1,7,0.9458,-1
73,35342,451.00,0.00,129.00,59.00,1,1,1.0000,-1
73,37790,0.00,0.00,131.00,97.00,1,1,1.0000,-1
73,82065,0.00,355.00,103.00,109.00,1,1,1.0000,-1
73,46800,256.00,285.00,16.00,21.00,1,7,0.9343,-1
73,66056,261.00,331.00,7.00,7.00,1,7,1.0000,-1
74,28978,1020.00,344.00,3.00,3.00,1,7,1.0000,-1
74,96243,800.00,319.00,12.00,14.00,1,7,0.5422,-1
74,68223,734.00,317.00,2.00,2.00,1,7,0.2857,-1
74,31226,770.00,351.00,12.00,11.00,1,7,0.9897,-1
74,71909,777.00,290.00,19.00,11.00,1,7,0.5526,-1
74,41466,755.00,328.00,17.00,18.00,1,7,1.0000,-1
74,72217,498.00,333.00,14.00,15.00,1,7,0.2303,-1
74,54245,526.00,315.00,4.00,3.00,1,7,0.6429,-1
74,28172,406.00,273.00,18.00,18.00,1,7,0.3510,-1
74,76986,366.00,264.00,18.00,19.00,1,7,0.9446,-1
74,35342,461.00,0.00,129.00,58.00,1,1,1.0000,-1
74,37790,0.00,0.00,145.00,100.00,1,1,1.0000,-1
74,82065,0.00,355.00,120.00,107.00,1,1,1.0000,-1
74,46800,268.00,286.00,15.00,20.00,1,7,0.9316,-1
74,66056,273.00,331.00,6.00,7.00,1,7,1.0000,-1
75,96243,810.00,318.00,13.00,15.00,1,7,0.5207,-1
75,68223,743.00,316.00,2.00,3.00,1,7,0.3182,-1
75,31226,780.00,351.00,12.00,11.00,1,7,0.9899,-1
75,71909,787.00,290.00,20.00,11.00,1,7,0.5282,-1
75,41466,765.00,328.00,17.00,18.00,1,7,1.0000,-1
75,72217,507.00,334.00,14.00,15.00,1,7,0.2330,-1
75,54245,534.00,315.00,4.00,3.00,1,7,0.7037,-1
75,28172,415.00,273.00,18.00,18.00,1,7,0.3547,-1
75,76986,375.00,264.00,17.00,20.00,1,7,0.9509,-1
75,35342,470.00,0.00,130.00,58.00,1,1,1.0000,-1
75,37790,0.00,0.00,160.00,104.00,1,1,1.0000,-1
75,82065,0.00,356.00,136.00,105.00,1,1,1.0000,-1
75,46800,277.00,286.00,16.00,21.00,1,7,0.9382,-1
75,66056,283.00,332.00,5.00,6.00,1,7,1.0000,-1
76,96243,818.00,318.00,12.00,15.00,1,7,0.5029,-1
76,68223,750.00,316.00,2.00,3.00,1,7,0.3478,-1
76,31226,787.00,351.00,13.00,10.00,1,7,0.9900,-1
76,71909,794.00,289.00,20.00,11.00,1,7,0.5533,-1
76,41466,771.00,328.00,19.00,18.00,1,7,1.0000,-1
76,72217,513.00,335.00,13.00,14.00,1,7,0.2204,-1
76,54245,539.00,315.00,5.00,3.00,1,7,0.7143,-1
76,28172,421.00,274.00,18.00,18.00,1,7,0.3502,-1
76,76986,382.00,265.00,17.00,19.00,1,7,0.9468,-1
76,35342,477.00,0.00,131.00,59.00,1,1,1.0000,-1
76,37790,0.00,0.00,171.00,106.00,1,1,1.0000,-1
76,82065,7.00,357.00,141.00,104.00,1,1,1.0000,-1
76,46800,284.00,287.00,15.00,20.00,1,7,0.9261,-1
76,66056,289.00,332.00,6.00,7.00,1,7,1.0000,-1
77,96243,824.00,318.00,13.00,14.00,1,7,0.5029,-1
77,68223,756.00,316.00,2.00,2.00,1,7,0.2857,-1
77,31226,793.00,351.00,13.00,10.00,1,7,0.9804,-1
77,71909,800.00,289.00,21.00,11.00,1,7,0.5404,-1
77,41466,777.00,327.00,19.00,19.00,1,7,1.0000,-1
77,72217,517.00,334.00,14.00,15.00,1,7,0.2157,-1
77,54245,544.00,315.00,5.00,3.00,1,7,0.7143,-1
77,28172,426.00,274.00,18.00,18.00,1,7,0.3581,-1
77,76986,387.00,265.00,17.00,20.00,1,7,0.9537,-1
77,35342,484.00,0.00,130.00,59.00,1,1,1.0000,-1
77,37790,0.00,0.00,181.00,108.00,1,1,0.9999,-1
77,82065,21.00,357.00,138.00,103.00,1,1,1.0000,-1
77,46800,290.00,287.00,15.00,20.00,1,7,0.9325,-1
77,66056,295.00,333.00,5.00,6.00,1,7,1.0000,-1
78,96243,830.00,317.00,13.00,15.00,1,7,0.5112,-1
78,68223,761.00,315.00,2.00,3.00,1,7,0.2727,-1
78,31226,799.00,351.00,13.00,10.00,1,7,0.9808,-1
78,71909,806.00,288.00,20.00,11.00,1,7,0.5347,-1
78,41466,783.00,327.00,19.00,18.00,1,7,1.0000,-1
78,72217,522.00,334.00,14.00,15.00,1,7,0.2085,-1
78,54245,549.00,315.00,5.00,3.00,1,7,0.7000,-1
78,28172,431.00,274.00,18.00,18.00,1,7,0.3503,-1
78,76986,392.00,265.00,17.00,20.00,1,7,0.9509,-1
78,35342,490.00,0.00,130.00,58.00,1,1,1.0000,-1
78,37790,0.00,0.00,189.00,109.00,1,1,0.9999,-1
78,82065,31.00,357.00,137.00,103.00,1,1,1.0000,-1
78,46800,295.00,288.00,15.00,19.00,1,7,0.9280,-1
78,66056,300.00,333.00,6.00,6.00,1,7,1.0000,-1
79,96243,838.00,317.00,13.00,15.00,1,7,0.5359,-1
79,68223,768.00,315.00,2.00,3.00,1,7,0.3043,-1
79,31226,806.00,351.00,13.00,10.00,1,7,0.9804,-1
79,71909,814.00,290.00,21.00,9.00,1,7,0.5291,-1
79,41466,790.00,327.00,19.00,18.00,1,7,1.0000,-1
79,72217,528.00,335.00,14.00,14.00,1,7,0.2168,-1
79,54245,555.00,315.00,4.00,3.00,1,7,0.6786,-1
79,28172,437.00,274.00,18.00,18.00,1,7,0.3492,-1
79,76986,398.00,266.00,17.00,19.00,1,7,0.9502,-1
79,35342,496.00,0.00,131.00,57.00,1,1,1.0000,-1
79,37790,0.00,0.00,195.00,110.00,1,1,1.0000,-1
79,82065,39.00,357.00,136.00,103.00,1,1,1.0000,-1
79,46800,301.00,288.00,16.00,20.00,1,7,0.9402,-1
79,66056,306.00,333.00,6.00,6.00,1,7,1.0000,-1
80,96243,845.00,316.00,13.00,15.00,1,7,0.5137,-1
80,68223,774.00,314.00,3.00,3.00,1,7,0.3636,-1
80,31226,813.00,350.00,13.00,11.00,1,7,0.9813,-1
80,71909,820.00,288.00,21.00,10.00,1,7,0.5502,-1
80,41466,797.00,327.00,19.00,18.00,1,7,1.0000,-1
80,72217,533.00,335.00,14.00,14.00,1,7,0.2071,-1
80,54245,560.00,315.00,4.00,3.00,1,7,0.7037,-1
80,28172,442.00,274.00,18.00,18.00,1,7,0.3652,-1
80,76986,403.00,266.00,17.00,19.00,1,7,0.9504,-1
80,35342,500.00,0.00,132.00,57.00,1,1,1.0000,-1
80,37790,6.00,0.00,196.00,112.00,1,1,1.0000,-1
80,82065,49.00,358.00,133.00,102.00,1,1,1.0000,-1
80,46800,307.00,289.00,15.00,19.00,1,7,0.9424,-1
80,66056,312.00,333.00,6.00,6.00,1,7,1.0000,-1
81,96243,855.00,316.00,14.00,15.00,1,7,0.5185,-1
81,68223,783.00,314.00,2.00,3.00,1,7,0.2727,-1
81,31226,823.00,350.00,13.00,11.00,1,7,0.9817,-1
81,71909,830.00,288.00,20.00,10.00,1,7,0.5308,-1
81,41466,806.00,326.00,19.00,19.00,1,7,1.0000,-1
81,72217,540.00,334.00,14.00,15.00,1,7,0.2090,-1
81,54245,567.00,315.00,5.00,3.00,1,7,0.7000,-1
81,28172,449.00,275.00,18.00,17.00,1,7,0.3599,-1
81,76986,411.00,266.00,17.00,20.00,1,7,0.9529,-1
81,35342,509.00,0.00,132.00,57.00,1,1,1.0000,-1
81,37790,16.00,0.00,199.00,114.00,1,1,1.0000,-1
81,82065,65.00,358.00,131.00,101.00,1,1,1.0000,-1
81,46800,315.00,289.00,15.00,20.00,1,7,0.9388,-1
81,66056,320.00,334.00,6.00,6.00,1,7,1.0000,-1
82,96243,862.00,315.00,14.00,15.00,1,7,0.5104,-1
82,68223,790.00,314.00,2.00,3.00,1,7,0.3478,-1
82,31226,829.00,350.00,14.00,10.00,1,7,0.9907,-1
82,71909,837.00,286.00,21.00,11.00,1,7,0.5346,-1
82,41466,813.00,326.00,19.00,18.00,1,7,1.0000,-1
82,72217,546.00,334.00,13.00,15.00,1,7,0.2065,-1
82,54245,572.00,315.00,5.00,3.00,1,7,0.7000,-1
82,28172,455.00,275.00,18.00,17.00,1,7,0.3574,-1
82,76986,417.00,266.00,16.00,20.00,1,7,0.9495,-1
82,35342,516.00,0.00,132.00,56.00,1,1,1.0000,-1
82,37790,23.00,0.00,200.00,115.00,1,1,1.0000,-1
82,82065,75.00,359.00,129.00,100.00,1,1,1.0000,-1
82,46800,321.00,290.00,15.00,19.00,1,7,0.9292,-1
82,66056,326.00,334.00,6.00,6.00,1,7,1.0000,-1
83,96243,872.00,315.00,14.00,15.00,1,7,0.5202,-1
83,68223,798.00,313.00,3.00,3.00,1,7,0.2692,-1
83,31226,839.00,349.00,13.00,11.00,1,7,0.9817,-1
83,71909,846.00,285.00,22.00,11.00,1,7,0.5426,-1
83,41466,822.00,325.00,19.00,19.00,1,7,1.0000,-1
83,72217,552.00,334.00,14.00,15.00,1,7,0.2051,-1
83,54245,579.00,315.00,5.00,3.00,1,7,0.7241,-1
83,28172,461.00,275.00,18.00,18.00,1,7,0.3584,-1
83,76986,423.00,267.00,17.00,19.00,1,7,0.9489,-1
83,35342,523.00,0.00,132.00,55.00,1,1,1.0000,-1
83,37790,31.00,0.00,201.00,117.00,1,1,1.0000,-1
83,82065,87.00,359.00,127.00,99.00,1,1,1.0000,-1
83,46800,329.00,290.00,14.00,19.00,1,7,0.9319,-1
83,66056,334.00,334.00,5.00,6.00,1,7,1.0000,-1
84,96243,882.00,314.00,14.00,15.00,1,7,0.5050,-1
84,68223,807.00,312.00,3.00,4.00,1,7,0.3600,-1
84,31226,848.00,349.00,14.00,11.00,1,7,0.9914,-1
84,71909,856.00,284.00,21.00,11.00,1,7,0.5336,-1
84,41466,831.00,325.00,20.00,19.00,1,7,1.0000,-1
84,72217,560.00,334.00,13.00,15.00,1,7,0.1955,-1
84,54245,586.00,315.00,5.00,3.00,1,7,0.7241,-1
84,28172,469.00,275.00,18.00,18.00,1,7,0.3611,-1
84,76986,431.00,267.00,16.00,20.00,1,7,0.9519,-1
84,35342,531.00,0.00,133.00,55.00,1,1,1.0000,-1
84,37790,44.00,0.00,199.00,120.00,1,1,1.0000,-1
84,82065,102.00,360.00,125.00,98.00,1,1,1.0000,-1
84,46800,337.00,291.00,14.00,19.00,1,7,0.9391,-1
84,66056,341.00,335.00,6.00,6.00,1,7,1.0000,-1
85,96243,891.00,313.00,15.00,16.00,1,7,0.5337,-1
85,68223,815.00,311.00,3.00,4.00,1,7,0.4231,-1
85,31226,857.00,349.00,14.00,11.00,1,7,0.9829,-1
85,71909,865.00,283.00,21.00,12.00,1,7,0.5348,-1
85,41466,839.00,324.00,21.00,19.00,1,1,1.0000,-1
85,72217,566.00,333.00,13.00,16.00,1,7,0.1974,-1
85,54245,593.00,314.00,4.00,4.00,1,7,0.7097,-1
85,28172,475.00,276.00,18.00,17.00,1,7,0.3684,-1
85,76986,437.00,267.00,17.00,20.00,1,7,0.9485,-1
85,35342,539.00,0.00,133.00,54.00,1,1,1.0000,-1
85,37790,53.00,0.00,199.00,121.00,1,1,1.0000,-1
85,82065,114.00,360.00,122.00,98.00,1,1,1.0000,-1
85,46800,343.00,291.00,15.00,19.00,1,7,0.9399,-1
85,66056,348.00,335.00,6.00,6.00,1,7,1.0000,-1
86,96243,900.00,313.00,15.00,15.00,1,7,0.5286,-1
86,68223,823.00,311.00,3.00,4.00,1,7,0.3462,-1
86,31226,865.00,348.00,15.00,11.00,1,7,0.9829,-1
86,71909,873.00,283.00,23.00,11.00,1,7,0.5292,-1
86,41466,848.00,324.00,20.00,19.00,1,7,1.0000,-1
86,72217,572.00,334.00,14.00,15.00,1,7,0.1994,-1
86,54245,599.00,314.00,5.00,4.00,1,7,0.6765,-1
86,28172,482.00,275.00,17.00,18.00,1,7,0.3542,-1
86,76986,444.00,268.00,16.00,19.00,1,7,0.9481,-1
86,35342,546.00,0.00,134.00,53.00,1,1,1.0000,-1
86,37790,64.00,0.00,199.00,123.00,1,1,1.0000,-1
86,82065,127.00,360.00,121.00,97.00,1,1,1.0000,-1
86,46800,350.00,291.00,14.00,20.00,1,7,0.9435,-1
86,66056,355.00,335.00,5.00,6.00,1,7,1.0000,-1
87,96243,907.00,312.00,15.00,16.00,1,7,0.5185,-1
87,68223,830.00,311.00,2.00,3.00,1,7,0.3462,-1
87,31226,872.00,348.00,15.00,11.00,1,7,0.9840,-1
87,71909,880.00,282.00,23.00,11.00,1,7,0.5350,-1
87,41466,854.00,323.00,21.00,20.00,1,1,1.0000,-1
87,72217,577.00,334.00,14.00,15.00,1,7,0.1855,-1
87,54245,604.00,314.00,5.00,4.00,1,7,0.6970,-1
87,28172,487.00,275.00,18.00,18.00,1,7,0.3655,-1
87,76986,449.00,268.00,16.00,19.00,1,7,0.9481,-1
87,35342,553.00,0.00,134.00,53.00,1,1,1.0000,-1
87,37790,72.00,0.00,199.00,124.00,1,1,1.0000,-1
87,82065,138.00,360.00,120.00,97.00,1,1,1.0000,-1
87,46800,355.00,292.00,15.00,19.00,1,7,0.9301,-1
87,66056,360.00,335.00,5.00,6.00,1,7,1.0000,-1
88,96243,915.00,312.00,15.00,15.00,1,7,0.5273,-1
88,68223,836.00,310.00,3.00,4.00,1,7,0.4231,-1
88,31226,879.00,348.00,15.00,11.00,1,7,0.9841,-1
88,71909,887.00,281.00,23.00,12.00,1,7,0.5344,-1
88,41466,861.00,323.00,21.00,19.00,1,1,1.0000,-1
88,72217,582.00,333.00,13.00,16.00,1,7,0.1746,-1
88,54245,609.00,314.00,5.00,4.00,1,7,0.6667,-1
88,28172,492.00,276.00,18.00,17.00,1,7,0.3624,-1
88,76986,454.00,268.00,16.00,19.00,1,7,0.9519,-1
88,35342,560.00,0.00,134.00,53.00,1,1,1.0000,-1
88,37790,80.00,0.00,199.00,125.00,1,1,1.0000,-1
88,82065,149.00,361.00,118.00,95.00,1,1,1.0000,-1
88,46800,360.00,292.00,15.00,19.00,1,7,0.9389,-1
88,66056,365.00,336.00,5.00,6.00,1,7,1.0000,-1
89,96243,921.00,311.00,15.00,16.00,1,7,0.5312,-1
89,68223,842.00,310.00,2.00,3.00,1,7,0.3462,-1
89,31226,885.00,348.00,15.00,11.00,1,7,0.9839,-1
89,71909,893.00,281.00,24.00,11.00,1,7,0.5315,-1
89,41466,867.00,323.00,21.00,19.00,1,1,1.0000,-1
89,72217,587.00,334.00,13.00,15.00,1,7,0.1824,-1
89,54245,613.00,314.00,5.00,4.00,1,7,0.6875,-1
89,28172,496.00,276.00,18.00,17.00,1,7,0.3589,-1
89,76986,459.00,268.00,16.00,19.00,1,7,0.9552,-1
89,35342,565.00,0.00,135.00,52.00,1,1,1.0000,-1
89,37790,88.00,0.00,199.00,126.00,1,1,1.0000,-1
89,82065,158.00,361.00,117.00,95.00,1,1,1.0000,-1
89,46800,365.00,292.00,14.00,19.00,1,7,0.9378,-1
89,66056,370.00,336.00,5.00,6.00,1,7,1.0000,-1
90,96243,929.00,310.00,15.00,17.00,1,7,0.5263,-1
90,68223,848.00,309.00,3.00,4.00,1,7,0.3704,-1
90,31226,892.00,347.00,15.00,12.00,1,7,0.9766,-1
90,71909,901.00,280.00,23.00,11.00,1,7,0.5280,-1
90,41466,874.00,322.00,22.00,20.00,1,1,1.0000,-1
90,72217,592.00,334.00,13.00,15.00,1,7,0.1767,-1
90,54245,618.00,314.00,5.00,4.00,1,7,0.6667,-1
90,28172,501.00,276.00,18.00,17.00,1,7,0.3681,-1
90,76986,464.00,268.00,16.00,20.00,1,7,0.9511,-1
90,35342,572.00,0.00,135.00,52.00,1,1,1.0000,-1
90,37790,97.00,0.00,198.00,128.00,1,1,0.9999,-1
90,82065,169.00,361.00,116.00,95.00,1,1,1.0000,-1
90,46800,370.00,293.00,14.00,19.00,1,7,0.9459,-1
90,66056,375.00,336.00,5.00,6.00,1,7,1.0000,-1
91,96243,936.00,310.00,16.00,16.00,1,7,0.5342,-1
91,68223,855.00,309.00,3.00,3.00,1,7,0.3704,-1
91,31226,899.00,347.00,16.00,11.00,1,7,0.9847,-1
91,71909,908.00,279.00,23.00,12.00,1,7,0.5370,-1
91,41466,881.00,322.00,22.00,19.00,1,1,1.0000,-1
91,72217,597.00,334.00,13.00,15.00,1,7,0.1635,-1
91,54245,623.00,314.00,5.00,3.00,1,7,0.6000,-1
91,28172,506.00,276.00,18.00,17.00,1,7,0.3750,-1
91,76986,469.00,268.00,16.00,20.00,1,7,0.9513,-1
91,35342,579.00,0.00,135.00,51.00,1,1,1.0000,-1
91,37790,107.00,0.00,196.00,129.00,1,1,1.0000,-1
91,82065,179.00,361.00,115.00,94.00,1,1,1.0000,-1
91,46800,375.00,293.00,14.00,19.00,1,7,0.9414,-1
91,66056,380.00,336.00,5.00,6.00,1,7,1.0000,-1
92,96243,944.00,309.00,15.00,17.00,1,7,0.5339,-1
92,68223,861.00,308.00,3.00,4.00,1,7,0.3929,-1
92,31226,906.00,346.00,16.00,12.00,1,7,0.9850,-1
92,71909,915.00,278.00,25.00,12.00,1,7,0.5434,-1
92,41466,888.00,321.00,22.00,20.00,1,1,1.0000,-1
92,72217,602.00,334.00,13.00,15.00,1,7,0.1594,-1
92,54245,628.00,314.00,5.00,3.00,1,7,0.5667,-1
92,28172,511.00,276.00,18.00,17.00,1,7,0.3693,-1
92,76986,474.00,268.00,16.00,20.00,1,7,0.9513,-1
92,35342,586.00,0.00,135.00,50.00,1,1,1.0000,-1
92,37790,116.00,0.00,195.00,130.00,1,1,1.0000,-1
92,82065,189.00,362.00,114.00,93.00,1,1,1.0000,-1
92,46800,380.00,293.00,14.00,19.00,1,7,0.9457,-1
92,66056,385.00,336.00,5.00,6.00,1,7,1.0000,-1
93,96243,952.00,309.00,16.00,16.00,1,7,0.5212,-1
93,68223,868.00,308.00,3.00,3.00,1,7,0.3667,-1
93,31226,914.00,346.00,15.00,12.00,1,7,0.9781,-1
93,71909,923.00,277.00,25.00,12.00,1,7,0.5296,-1
93,41466,895.00,321.00,22.00,19.00,1,1,1.0000,-1
93,72217,607.00,334.00,13.00,15.00,1,7,0.1589,-1
93,54245,633.00,313.00,5.00,4.00,1,7,0.5806,-1
93,28172,516.00,276.00,18.00,17.00,1,7,0.3659,-1
93,76986,479.00,268.00,16.00,20.00,1,7,0.9547,-1
93,35342,593.00,0.00,136.00,50.00,1,1,1.0000,-1
93,37790,126.00,0.00,193.00,131.00,1,1,1.0000,-1
93,82065,200.00,362.00,112.00,93.00,1,1,1.0000,-1
93,46800,385.00,293.00,14.00,19.00,1,7,0.9452,-1
93,66056,390.00,336.00,5.00,6.00,1,7,1.0000,-1
94,96243,959.00,308.00,17.00,17.00,1,7,0.5344,-1
94,68223,875.00,307.00,3.00,4.00,1,7,0.4000,-1
94,31226,921.00,346.00,16.00,11.00,1,7,0.9853,-1
94,71909,930.00,277.00,25.00,12.00,1,7,0.5328,-1
94,41466,902.00,320.00,23.00,20.00,1,1,1.0000,-1
94,72217,613.00,334.00,12.00,15.00,1,7,0.1548,-1
94,54245,638.00,313.00,6.00,4.00,1,7,0.5455,-1
94,28172,522.00,276.00,17.00,17.00,1,7,0.3636,-1
94,76986,484.00,269.00,16.00,19.00,1,7,0.9509,-1
94,35342,599.00,0.00,137.00,49.00,1,1,1.0000,-1
94,37790,135.00,0.00,192.00,132.00,1,1,1.0000,-1
94,82065,210.00,362.00,111.00,93.00,1,1,1.0000,-1
94,46800,390.00,293.00,14.00,19.00,1,7,0.9312,-1
94,66056,395.00,336.00,5.00,6.00,1,7,1.0000,-1
95,96243,967.00,307.00,17.00,17.00,1,7,0.5278,-1
95,68223,882.00,307.00,3.00,3.00,1,7,0.3448,-1
95,31226,928.00,345.00,17.00,12.00,1,7,0.9792,-1
95,71909,937.00,276.00,25.00,12.00,1,7,0.5429,-1
95,41466,909.00,320.00,23.00,20.00,1,1,1.0000,-1
95,72217,611.00,329.00,19.00,20.00,1,7,0.1442,-1
95,54245,643.00,313.00,5.00,4.00,1,7,0.5312,-1
95,28172,526.00,276.00,18.00,17.00,1,7,0.3772,-1
95,76986,489.00,269.00,16.00,19.00,1,7,0.9513,-1
95,35342,606.00,0.00,137.00,48.00,1,1,1.0000,-1
95,37790,143.00,0.00,192.00,133.00,1,1,1.0000,-1
95,82065,219.00,362.00,111.00,92.00,1,1,1.0000,-1
95,46800,395.00,294.00,14.00,18.00,1,7,0.9355,-1
95,66056,400.00,337.00,5.00,5.00,1,7,1.0000,-1
96,96243,975.00,306.00,17.00,17.00,1,7,0.5195,-1
96,68223,889.00,306.00,3.00,4.00,1,7,0.4194,-1
96,31226,936.00,345.00,17.00,12.00,1,7,0.9793,-1
96,71909,945.00,275.00,25.00,12.00,1,7,0.5401,-1
96,41466,917.00,319.00,23.00,20.00,1,1,1.0000,-1
96,72217,616.00,329.00,19.00,19.00,1,7,0.1508,-1
96,54245,649.00,313.00,5.00,4.00,1,7,0.5161,-1
96,28172,532.00,276.00,18.00,17.00,1,7,0.3746,-1
96,76986,494.00,269.00,17.00,19.00,1,7,0.9542,-1
96,35342,613.00,0.00,137.00,48.00,1,1,1.0000,-1
96,37790,152.00,0.00,191.00,134.00,1,1,1.0000,-1
96,82065,229.00,363.00,110.00,91.00,1,1,1.0000,-1
96,46800,400.00,294.00,14.00,19.00,1,7,0.9406,-1
96,66056,405.00,337.00,5.00,6.00,1,7,1.0000,-1
97,96243,984.00,306.00,17.00,17.00,1,7,0.5303,-1
97,68223,896.00,305.00,3.00,4.00,1,7,0.4194,-1
97,31226,944.00,344.00,17.00,12.00,1,7,0.9795,-1
97,71909,953.00,274.00,25.00,12.00,1,7,0.5361,-1
97,41466,924.00,318.00,24.00,21.00,1,1,1.0000,-1
97,72217,622.00,328.00,18.00,20.00,1,7,0.1437,-1
97,54245,654.00,313.00,5.00,3.00,1,7,0.4483,-1
97,28172,537.00,276.00,18.00,17.00,1,7,0.3664,-1
97,76986,500.00,269.00,16.00,19.00,1,7,0.9472,-1
97,44314,126.00,0.00,4.00,0.00,1,7,1.0000,-1
97,35342,620.00,0.00,138.00,47.00,1,1,1.0000,-1
97,37790,161.00,0.00,190.00,135.00,1,1,0.9999,-1
97,82065,239.00,363.00,109.00,91.00,1,1,1.0000,-1
97,46800,405.00,294.00,14.00,19.00,1,7,0.9439,-1
97,66056,410.00,337.00,5.00,6.00,1,7,1.0000,-1
97,99758,202.00,338.00,2.00,7.00,1,7,0.0158,-1
98,96243,992.00,305.00,18.00,17.00,1,7,0.5351,-1
98,68223,903.00,304.00,4.00,5.00,1,7,0.4375,-1
98,31226,952.00,344.00,17.00,12.00,1,7,0.9868,-1
98,71909,961.00,273.00,26.00,12.00,1,7,0.5282,-1
98,41466,932.00,318.00,24.00,20.00,1,1,1.0000,-1
98,72217,627.00,328.00,18.00,20.00,1,7,0.1346,-1
98,54245,659.00,313.00,5.00,3.00,1,7,0.4333,-1
98,28172,542.00,276.00,18.00,17.00,1,7,0.3814,-1
98,76986,505.00,269.00,16.00,19.00,1,7,0.9440,-1
98,44314,128.00,0.00,23.00,3.00,1,7,1.0000,-1
98,35342,627.00,0.00,138.00,46.00,1,1,1.0000,-1
98,37790,171.00,0.00,188.00,136.00,1,1,1.0000,-1
98,82065,248.00,363.00,109.00,91.00,1,1,1.0000,-1
98,46800,410.00,294.00,14.00,19.00,1,7,0.9390,-1
98,66056,415.00,337.00,5.00,6.00,1,7,1.0000,-1
98,99758,209.00,334.00,5.00,13.00,1,7,0.0537,-1
99,96243,1001.00,304.00,18.00,18.00,1,7,0.5288,-1
99,68223,910.00,303.00,4.00,5.00,1,7,0.4545,-1
99,31226,960.00,343.00,17.00,13.00,1,7,0.9801,-1
99,71909,969.00,272.00,28.00,12.00,1,7,0.5395,-1
99,41466,940.00,317.00,24.00,21.00,1,1,1.0000,-1
99,72217,632.00,328.00,19.00,20.00,1,7,0.1360,-1
99,54245,665.00,313.00,4.00,3.00,1,7,0.3939,-1
99,28172,547.00,275.00,18.00,18.00,1,7,0.3819,-1
99,76986,510.00,269.00,16.00,19.00,1,7,0.9440,-1
99,44314,135.00,0.00,31.00,6.00,1,7,1.0000,-1
99,35342,634.00,0.00,139.00,45.00,1,1,1.0000,-1
99,37790,180.00,0.00,186.00,137.00,1,1,1.0000,-1
99,82065,258.00,363.00,108.00,90.00,1,1,1.0000,-1
99,46800,415.00,295.00,14.00,18.00,1,7,0.9431,-1
99,66056,420.00,337.00,5.00,6.00,1,7,1.0000,-1
99,99758,216.00,332.00,7.00,17.00,1,7,0.1014,-1
100,96243,1010.00,303.00,13.00,18.00,1,7,0.5734,-1
100,68223,918.00,303.00,3.00,4.00,1,7,0.4000,-1
100,31226,968.00,343.00,17.00,12.00,1,7,0.9811,-1
100,71909,978.00,271.00,27.00,12.00,1,7,0.5226,-1
100,41466,947.00,316.00,25.00,21.00,1,1,1.0000,-1
100,72217,637.00,328.00,19.00,20.00,1,7,0.1373,-1
100,54245,670.00,313.00,5.00,3.00,1,7,0.3714,-1
100,28172,552.00,275.00,18.00,18.00,1,7,0.3836,-1
100,76986,515.00,269.00,16.00,19.00,1,7,0.9474,-1
100,44314,144.00,0.00,35.00,8.00,1,7,1.0000,-1
100,35342,641.00,0.00,139.00,44.00,1,1,1.0000,-1
100,37790,189.00,0.00,185.00,138.00,1,1,1.0000,-1
100,82065,267.00,363.00,107.00,90.00,1,1,1.0000,-1
100,46800,420.00,295.00,14.00,18.00,1,7,0.9375,-1
100,66056,425.00,337.00,5.00,6.00,1,7,1.0000,-1
100,99758,222.00,331.00,10.00,19.00,1,7,0.1590,-1
101,96243,1018.00,306.00,5.00,12.00,1,7,0.7101,-1
101,68223,925.00,303.00,4.00,4.00,1,7,0.4000,-1
101,31226,976.00,343.00,18.00,12.00,1,7,0.9874,-1
101,71909,986.00,270.00,28.00,13.00,1,7,0.5316,-1
101,41466,955.00,316.00,25.00,21.00,1,1,1.0000,-1
101,72217,642.00,327.00,19.00,21.00,1,7,0.1310,-1
101,54245,676.00,313.00,4.00,3.00,1,7,0.3235,-1
101,28172,557.00,275.00,18.00,18.00,1,7,0.3844,-1
101,76986,520.00,269.00,16.00,19.00,1,7,0.9474,-1
101,44314,150.00,0.00,40.00,11.00,1,7,1.0000,-1
101,35342,648.00,0.00,140.00,43.00,1,1,1.0000,-1
101,37790,197.00,0.00,184.00,138.00,1,1,1.0000,-1
101,82065,276.00,363.00,107.00,90.00,1,1,1.0000,-1
101,46800,425.00,295.00,14.00,18.00,1,7,0.9343,-1
101,66056,430.00,337.00,5.00,6.00,1,7,1.0000,-1
101,99758,228.00,331.00,12.00,20.00,1,7,0.2168,-1
102,68223,932.00,301.00,5.00,5.00,1,7,0.4545,-1
102,31226,984.00,342.00,18.00,13.00,1,7,0.9818,-1
102,71909,994.00,269.00,29.00,13.00,1,7,0.5427,-1
102,41466,963.00,315.00,26.00,21.00,1,1,1.0000,-1
102,72217,647.00,327.00,19.00,21.00,1,7,0.1280,-1
102,54245,681.00,313.00,4.00,2.00,1,7,0.2581,-1
102,28172,562.00,275.00,18.00,18.00,1,7,0.3828,-1
102,76986,525.00,269.00,16.00,19.00,1,7,0.9513,-1
102,44314,159.00,0.00,42.00,13.00,1,7,1.0000,-1
102,35342,656.00,0.00,140.00,42.00,1,1,1.0000,-1
102,37790,206.00,0.00,183.00,139.00,1,1,1.0000,-1
102,82065,285.00,363.00,106.00,89.00,1,1,1.0000,-1
102,46800,430.00,295.00,14.00,18.00,1,7,0.9302,-1
102,66056,435.00,337.00,5.00,6.00,1,7,1.0000,-1
102,99758,235.00,330.00,14.00,22.00,1,7,0.2874,-1
103,68223,941.00,302.00,3.00,3.00,1,7,0.3636,-1
103,31226,993.00,342.00,18.00,12.00,1,7,0.9879,-1
103,71909,1003.00,268.00,20.00,13.00,1,7,0.5055,-1
103,41466,971.00,315.00,26.00,21.00,1,1,1.0000,-1
103,72217,652.00,328.00,19.00,19.00,1,7,0.1265,-1
103,54245,686.00,312.00,5.00,3.00,1,7,0.2941,-1
103,28172,568.00,275.00,18.00,18.00,1,7,0.3857,-1
103,76986,530.00,269.00,16.00,19.00,1,7,0.9515,-1
103,44314,169.00,0.00,42.00,16.00,1,1,1.0000,-1
103,35342,663.00,0.00,140.00,41.00,1,1,1.0000,-1
103,37790,215.00,0.00,182.00,140.00,1,1,1.0000,-1
103,82065,294.00,363.00,106.00,89.00,1,1,1.0000,-1
103,46800,435.00,295.00,14.00,18.00,1,7,0.9429,-1
103,66056,440.00,337.00,5.00,6.00,1,7,1.0000,-1
103,99758,241.00,329.00,17.00,23.00,1,7,0.3599,-1
104,68223,949.00,301.00,3.00,4.00,1,7,0.4118,-1
104,31226,1002.00,341.00,18.00,13.00,1,7,0.9884,-1
104,71909,1012.00,267.00,11.00,12.00,1,7,0.5286,-1
104,41466,980.00,314.00,26.00,21.00,1,1,1.0000,-1
104,72217,657.00,327.00,20.00,21.00,1,7,0.1243,-1
104,54245,692.00,313.00,4.00,2.00,1,7,0.2571,-1
104,28172,573.00,275.00,18.00,18.00,1,7,0.3838,-1
104,76986,535.00,268.00,17.00,20.00,1,7,0.9515,-1
104,44314,178.00,0.00,44.00,18.00,1,1,1.0000,-1
104,35342,671.00,0.00,140.00,40.00,1,1,1.0000,-1
104,37790,224.00,0.00,180.00,140.00,1,1,1.0000,-1
104,82065,303.00,364.00,105.00,88.00,1,1,1.0000,-1
104,46800,440.00,295.00,14.00,18.00,1,7,0.9381,-1
104,66056,445.00,337.00,5.00,6.00,1,7,1.0000,-1
104,99758,247.00,329.00,20.00,23.00,1,7,0.4291,-1
105,68223,956.00,300.00,4.00,4.00,1,7,0.4000,-1
105,31226,1010.00,341.00,13.00,12.00,1,7,0.9771,-1
105,71909,1020.00,266.00,3.00,8.00,1,7,0.6897,-1
105,41466,988.00,313.00,26.00,22.00,1,1,1.0000,-1
105,72217,662.00,327.00,20.00,20.00,1,7,0.1134,-1
105,54245,698.00,313.00,3.00,1.00,1,7,0.1562,-1
105,28172,578.00,275.00,18.00,17.00,1,7,0.3767,-1
105,76986,540.00,268.00,17.00,20.00,1,7,0.9549,-1
105,44314,188.00,0.00,43.00,20.00,1,1,1.0000,-1
105,35342,678.00,0.00,141.00,38.00,1,1,1.0000,-1
105,37790,233.00,0.00,178.00,141.00,1,1,1.0000,-1
105,82065,312.00,363.00,104.00,89.00,1,1,1.0000,-1
105,46800,445.00,295.00,13.00,19.00,1,7,0.9289,-1
105,66056,450.00,337.00,5.00,6.00,1,7,1.0000,-1
105,99758,253.00,329.00,22.00,23.00,1,1,0.5044,-1
106,68223,963.00,298.00,5.00,6.00,1,7,0.4474,-1
106,31226,1019.00,344.00,4.00,9.00,1,7,0.9286,-1
106,41466,996.00,312.00,27.00,22.00,1,1,1.0000,-1
106,72217,668.00,326.00,19.00,21.00,1,7,0.1207,-1
106,54245,704.00,313.00,2.00,1.00,1,7,0.1471,-1
106,28172,583.00,275.00,18.00,17.00,1,7,0.3878,-1
106,76986,545.00,268.00,17.00,20.00,1,7,0.9513,-1
106,44314,198.00,0.00,43.00,22.00,1,1,1.0000,-1
106,35342,686.00,0.00,141.00,37.00,1,1,1.0000,-1
106,37790,241.00,0.00,178.00,141.00,1,1,1.0000,-1
106,82065,320.00,364.00,105.00,87.00,1,1,1.0000,-1
106,46800,450.00,295.00,13.00,19.00,1,7,0.9369,-1
106,66056,455.00,337.00,5.00,6.00,1,7,1.0000,-1
106,99758,259.00,329.00,24.00,23.00,1,1,0.5804,-1
107,68223,971.00,297.00,5.00,6.00,1,7,0.4595,-1
107,41466,1005.00,312.00,18.00,22.00,1,7,1.0000,-1
107,72217,673.00,326.00,20.00,21.00,1,7,0.1133,-1
107,54245,709.00,312.00,3.00,2.00,1,7,0.1667,-1
107,28172,588.00,274.00,18.00,18.00,1,7,0.3831,-1
107,76986,551.00,268.00,16.00,19.00,1,7,0.9591,-1
107,44314,208.00,0.00,43.00,24.00,1,1,1.0000,-1
107,35342,694.00,0.00,142.00,36.00,1,1,1.0000,-1
107,37790,251.00,0.00,175.00,142.00,1,1,0.9999,-1
107,82065,329.00,364.00,104.00,87.00,1,1,1.0000,-1
107,46800,455.00,295.00,13.00,19.00,1,7,0.9423,-1
107,66056,460.00,337.00,5.00,6.00,1,7,1.0000,-1
107,99758,265.00,329.00,26.00,24.00,1,1,0.6524,-1
108,68223,980.00,297.00,4.00,5.00,1,7,0.4359,-1
108,41466,1013.00,312.00,10.00,21.00,1,7,1.0000,-1
108,72217,678.00,326.00,20.00,21.00,1,7,0.1296,-1
108,54245,714.00,312.00,3.00,2.00,1,7,0.1389,-1
108,28172,593.00,274.00,18.00,18.00,1,7,0.3953,-1
108,76986,556.00,268.00,16.00,19.00,1,7,0.9628,-1
108,44314,218.00,0.00,42.00,26.00,1,1,1.0000,-1
108,35342,702.00,0.00,142.00,35.00,1,1,1.0000,-1
108,37790,259.00,0.00,175.00,142.00,1,1,0.9999,-1
108,82065,338.00,364.00,103.00,87.00,1,1,1.0000,-1
108,46800,459.00,295.00,14.00,18.00,1,7,0.9327,-1
108,66056,465.00,337.00,4.00,6.00,1,7,1.0000,-1
108,99758,271.00,329.00,28.00,24.00,1,1,0.7230,-1
109,68223,987.00,297.00,5.00,4.00,1,7,0.4444,-1
109,41466,1021.00,317.00,2.00,9.00,1,7,1.0000,-1
109,72217,683.00,326.00,20.00,20.00,1,7,0.1042,-1
109,54245,720.00,312.00,2.00,1.00,1,7,0.1212,-1
109,28172,598.00,274.00,18.00,18.00,1,7,0.3927,-1
109,76986,560.00,268.00,16.00,19.00,1,7,0.9591,-1
109,44314,227.00,0.00,42.00,27.00,1,1,1.0000,-1
109,35342,709.00,0.00,142.00,33.00,1,1,1.0000,-1
109,37790,266.00,0.00,174.00,143.00,1,1,0.9999,-1
109,82065,345.00,364.00,103.00,87.00,1,1,1.0000,-1
109,46800,464.00,295.00,13.00,19.00,1,7,0.9461,-1
109,66056,469.00,337.00,5.00,6.00,1,7,1.0000,-1
109,99758,276.00,329.00,30.00,24.00,1,1,0.7808,-1
110,68223,995.00,295.00,5.00,6.00,1,7,0.4651,-1
110,72217,688.00,326.00,20.00,20.00,1,7,0.1222,-1
110,54245,726.00,312.00,1.00,1.00,1,7,0.0857,-1
110,28172,603.00,274.00,18.00,18.00,1,7,0.3894,-1
110,76986,565.00,268.00,17.00,19.00,1,7,0.9493,-1
110,44314,236.00,0.00,42.00,29.00,1,1,1.0000,-1
110,35342,717.00,0.00,142.00,32.00,1,1,1.0000,-1
110,37790,275.00,0.00,172.00,143.00,1,1,0.9996,-1
110,82065,353.00,364.00,103.00,86.00,1,1,1.0000,-1
110,46800,468.00,295.00,14.00,19.00,1,7,0.9507,-1
110,66056,474.00,337.00,4.00,6.00,1,7,1.0000,-1
110,99758,282.00,329.00,32.00,24.00,1,1,0.8437,-1
111,68223,1003.00,294.00,6.00,6.00,1,7,0.4634,-1
111,72217,693.00,325.00,20.00,21.00,1,7,0.1102,-1
111,54245,731.00,312.00,2.00,1.00,1,7,0.0556,-1
111,28172,608.00,274.00,19.00,17.00,1,7,0.3940,-1
111,76986,570.00,268.00,17.00,19.00,1,7,0.9552,-1
111,44314,246.00,0.00,41.00,31.00,1,1,1.0000,-1
111,35342,725.00,0.00,143.00,30.00,1,1,1.0000,-1
111,37790,284.00,0.00,171.00,143.00,1,1,0.9997,-1
111,82065,362.00,364.00,102.00,86.00,1,1,1.0000,-1
111,46800,473.00,295.00,14.00,18.00,1,7,0.9369,-1
111,66056,479.00,337.00,4.00,6.00,1,7,1.0000,-1
111,99758,288.00,329.00,34.00,24.00,1,1,0.8969,-1
112,68223,1012.00,293.00,6.00,6.00,1,7,0.4762,-1
112,72217,699.00,325.00,20.00,21.00,1,7,0.1185,-1
112,54245,738.00,312.00,1.00,0.00,1,7,0.0588,-1
112,28172,613.00,274.00,19.00,17.00,1,7,0.3874,-1
112,76986,576.00,267.00,16.00,20.00,1,7,0.9483,-1
112,44314,256.00,0.00,41.00,33.00,1,1,1.0000,-1
112,35342,734.00,0.00,143.00,29.00,1,1,1.0000,-1
112,37790,293.00,0.00,169.00,144.00,1,1,0.9994,-1
112,82065,370.00,364.00,103.00,86.00,1,1,1.0000,-1
112,46800,478.00,295.00,14.00,18.00,1,7,0.9375,-1
112,66056,483.00,337.00,5.00,6.00,1,7,1.0000,-1
112,99758,294.00,329.00,36.00,24.00,1,1,0.9444,-1
113,68223,1022.00,294.00,1.00,4.00,1,7,0.5294,-1
113,72217,704.00,325.00,21.00,21.00,1,7,0.1102,-1
113,54245,744.00,312.00,0.00,0.00,1,7,0.0263,-1
113,28172,619.00,273.00,18.00,18.00,1,7,0.4026,-1
113,76986,581.00,267.00,16.00,20.00,1,7,0.9557,-1
113,83425,346.00,0.00,6.00,0.00,1,7,0.3889,-1
113,44314,265.00,0.00,41.00,34.00,1,1,1.0000,-1
113,35342,742.00,0.00,142.00,27.00,1,1,1.0000,-1
113,37790,301.00,0.00,169.00,144.00,1,1,0.9988,-1
113,82065,378.00,363.00,103.00,86.00,1,1,1.0000,-1
113,46800,483.00,295.00,13.00,18.00,1,7,0.9320,-1
113,66056,488.00,337.00,5.00,6.00,1,7,1.0000,-1
113,99758,300.00,329.00,38.00,24.00,1,1,0.9781,-1
114,72217,709.00,324.00,21.00,22.00,1,7,0.1105,-1
114,28172,624.00,273.00,18.00,18.00,1,7,0.3935,-1
114,76986,586.00,267.00,16.00,19.00,1,7,0.9483,-1
114,83425,352.00,0.00,18.00,1.00,1,7,0.6000,-1
114,44314,275.00,0.00,40.00,35.00,1,1,1.0000,-1
114,35342,751.00,0.00,140.00,26.00,1,1,1.0000,-1
114,37790,310.00,0.00,167.00,144.00,1,1,0.9973,-1
114,82065,386.00,363.00,103.00,86.00,1,1,1.0000,-1
114,46800,488.00,295.00,13.00,19.00,1,7,0.9415,-1
114,66056,493.00,337.00,5.00,6.00,1,7,1.0000,-1
114,99758,305.00,330.00,41.00,23.00,1,1,1.0000,-1
115,72217,715.00,324.00,20.00,21.00,1,7,0.1085,-1
115,28172,629.00,273.00,19.00,17.00,1,7,0.3876,-1
115,76986,591.00,267.00,16.00,19.00,1,7,0.9524,-1
115,83425,358.00,0.00,41.00,2.00,1,7,0.6842,-1
115,44314,284.00,0.00,40.00,37.00,1,1,1.0000,-1
115,35342,760.00,0.00,138.00,24.00,1,1,1.0000,-1
115,37790,318.00,0.00,166.00,144.00,1,1,0.9949,-1
115,82065,394.00,363.00,103.00,86.00,1,1,1.0000,-1
115,46800,492.00,295.00,14.00,18.00,1,7,0.9324,-1
115,66056,497.00,337.00,5.00,6.00,1,7,1.0000,-1
115,99758,311.00,330.00,41.00,23.00,1,1,1.0000,-1
116,72217,720.00,324.00,21.00,21.00,1,7,0.1123,-1
116,54245,761.00,311.00,0.00,0.00,1,7,0.0256,-1
116,28172,634.00,272.00,19.00,18.00,1,7,0.4129,-1
116,76986,596.00,267.00,17.00,19.00,1,7,0.9455,-1
116,83425,365.00,0.00,45.00,3.00,1,7,0.7133,-1
116,44314,293.00,0.00,40.00,38.00,1,1,1.0000,-1
116,35342,770.00,0.00,135.00,22.00,1,1,1.0000,-1
116,37790,326.00,0.00,165.00,144.00,1,1,0.9925,-1
116,82065,402.00,363.00,103.00,86.00,1,1,1.0000,-1
116,46800,497.00,295.00,13.00,18.00,1,7,0.9412,-1
116,66056,502.00,337.00,5.00,6.00,1,7,1.0000,-1
116,99758,316.00,330.00,41.00,23.00,1,1,1.0000,-1
117,72217,726.00,324.00,20.00,21.00,1,7,0.1073,-1
117,28172,639.00,272.00,19.00,18.00,1,7,0.3974,-1
117,76986,601.00,266.00,17.00,20.00,1,7,0.9567,-1
117,83425,372.00,0.00,48.00,4.00,1,7,0.7617,-1
117,44314,302.00,1.00,39.00,38.00,1,1,1.0000,-1
117,35342,779.00,0.00,131.00,21.00,1,1,1.0000,-1
117,37790,335.00,0.00,164.00,145.00,1,1,0.9895,-1
117,82065,410.00,363.00,103.00,86.00,1,1,1.0000,-1
117,46800,502.00,295.00,13.00,18.00,1,7,0.9507,-1
117,66056,507.00,337.00,5.00,6.00,1,7,1.0000,-1
117,99758,322.00,330.00,40.00,23.00,1,1,1.0000,-1
118,72217,731.00,324.00,21.00,21.00,1,7,0.1065,-1
118,28172,644.00,272.00,20.00,18.00,1,7,0.4013,-1
118,76986,606.00,266.00,17.00,20.00,1,7,0.9642,-1
118,83425,380.00,0.00,49.00,5.00,1,7,0.7991,-1
118,44314,311.00,3.00,39.00,37.00,1,1,1.0000,-1
118,35342,789.00,0.00,125.00,19.00,1,1,1.0000,-1
118,37790,343.00,0.00,163.00,145.00,1,1,0.9867,-1
118,82065,418.00,363.00,103.00,85.00,1,1,1.0000,-1
118,46800,506.00,295.00,14.00,18.00,1,7,0.9412,-1
118,66056,512.00,337.00,4.00,6.00,1,7,1.0000,-1
118,99758,327.00,330.00,40.00,23.00,1,1,1.0000,-1
119,72217,737.00,323.00,21.00,21.00,1,7,0.1041,-1
119,28172,650.00,272.00,19.00,17.00,1,7,0.3885,-1
119,76986,611.00,266.00,17.00,19.00,1,7,0.9531,-1
119,83425,388.00,0.00,51.00,6.00,1,7,0.8261,-1
119,44314,320.00,4.00,39.00,37.00,1,1,1.0000,-1
119,35342,799.00,0.00,120.00,17.00,1,1,1.0000,-1
119,37790,352.00,0.00,161.00,145.00,1,1,0.9837,-1
119,82065,426.00,363.00,103.00,85.00,1,1,1.0000,-1
119,46800,511.00,295.00,14.00,18.00,1,7,0.9463,-1
119,66056,516.00,337.00,5.00,5.00,1,7,1.0000,-1
119,99758,333.00,330.00,40.00,23.00,1,1,1.0000,-1
119,45934,0.00,314.00,2.00,6.00,1,7,1.0000,-1
120,72217,743.00,323.00,22.00,21.00,1,7,0.1108,-1
120,28172,656.00,271.00,20.00,18.00,1,7,0.4050,-1
120,76986,617.00,265.00,18.00,20.00,1,7,0.9571,-1
120,83425,396.00,0.00,51.00,6.00,1,7,0.8278,-1
120,44314,329.00,4.00,39.00,38.00,1,1,1.0000,-1
120,35342,810.00,0.00,113.00,14.00,1,7,1.0000,-1
120,37790,360.00,0.00,161.00,144.00,1,1,0.9835,-1
120,82065,434.00,363.00,103.00,85.00,1,1,1.0000,-1
120,46800,517.00,295.00,13.00,18.00,1,7,0.9409,-1
120,66056,522.00,337.00,5.00,5.00,1,7,1.0000,-1
120,99758,339.00,330.00,40.00,23.00,1,1,1.0000,-1
120,45934,0.00,305.00,13.00,17.00,1,7,1.0000,-1
121,72217,750.00,322.00,22.00,22.00,1,7,0.1100,-1
121,28172,663.00,270.00,19.00,19.00,1,7,0.4018,-1
121,76986,624.00,265.00,17.00,20.00,1,7,0.9611,-1
121,83425,403.00,0.00,49.00,6.00,1,7,0.8182,-1
121,44314,335.00,4.00,39.00,38.00,1,1,1.0000,-1
121,35342,826.00,0.00,99.00,11.00,1,7,1.0000,-1
121,37790,367.00,0.00,160.00,144.00,1,1,0.9847,-1
121,82065,440.00,363.00,104.00,85.00,1,1,1.0000,-1
121,46800,523.00,295.00,13.00,18.00,1,7,0.9455,-1
121,66056,528.00,337.00,5.00,5.00,1,7,1.0000,-1
121,99758,345.00,330.00,40.00,23.00,1,1,1.0000,-1
121,45934,0.00,301.00,23.00,21.00,1,1,1.0000,-1
122,72217,757.00,322.00,22.00,22.00,1,7,0.1081,-1
122,28172,669.00,270.00,20.00,18.00,1,7,0.4030,-1
122,76986,630.00,265.00,17.00,20.00,1,7,0.9545,-1
122,83425,411.00,0.00,49.00,6.00,1,7,0.8145,-1
122,44314,343.00,5.00,39.00,37.00,1,1,1.0000,-1
122,35342,849.00,0.00,80.00,8.00,1,7,1.0000,-1
122,37790,375.00,0.00,160.00,143.00,1,1,0.9846,-1
122,82065,448.00,363.00,103.00,85.00,1,1,1.0000,-1
122,46800,528.00,295.00,14.00,18.00,1,7,0.9461,-1
122,66056,534.00,337.00,4.00,5.00,1,7,1.0000,-1
122,99758,352.00,330.00,39.00,23.00,1,1,1.0000,-1
122,45934,0.00,299.00,34.00,24.00,1,1,1.0000,-1
123,72217,764.00,321.00,22.00,22.00,1,7,0.1087,-1
123,28172,675.00,270.00,20.00,18.00,1,7,0.3927,-1
123,76986,636.00,264.00,17.00,20.00,1,7,0.9514,-1
123,83425,417.00,0.00,50.00,6.00,1,7,0.8140,-1
123,44314,350.00,5.00,39.00,38.00,1,1,1.0000,-1
123,35342,866.00,0.00,67.00,5.00,1,7,1.0000,-1
123,37790,382.00,0.00,159.00,143.00,1,1,0.9840,-1
123,82065,454.00,363.00,104.00,85.00,1,1,1.0000,-1
123,46800,534.00,294.00,13.00,18.00,1,7,0.9369,-1
123,66056,539.00,336.00,5.00,6.00,1,7,1.0000,-1
123,99758,358.00,330.00,38.00,23.00,1,1,1.0000,-1
123,45934,0.00,300.00,43.00,23.00,1,1,1.0000,-1
124,72217,771.00,322.00,22.00,21.00,1,7,0.1161,-1
124,28172,682.00,269.00,20.00,19.00,1,7,0.4059,-1
124,76986,642.00,264.00,18.00,20.00,1,7,0.9589,-1
124,83425,426.00,0.00,51.00,7.00,1,7,0.8425,-1
124,44314,360.00,7.00,39.00,37.00,1,1,1.0000,-1
124,35342,884.00,0.00,46.00,2.00,1,7,1.0000,-1
124,37790,391.00,0.00,159.00,143.00,1,1,0.9812,-1
124,82065,463.00,362.00,104.00,86.00,1,1,1.0000,-1
124,46800,540.00,294.00,13.00,18.00,1,7,0.9415,-1
124,66056,545.00,336.00,5.00,6.00,1,7,1.0000,-1
124,99758,364.00,330.00,39.00,23.00,1,1,1.0000,-1
124,35125,0.00,255.00,0.00,0.00,1,7,0.0139,-1
124,45934,9.00,300.00,45.00,23.00,1,1,0.9926,-1
125,72217,779.00,321.00,22.00,22.00,1,7,0.1096,-1
125,28172,689.00,269.00,20.00,18.00,1,7,0.4029,-1
125,76986,649.00,263.00,18.00,20.00,1,7,0.9556,-1
125,83425,434.00,0.00,50.00,7.00,1,7,0.8550,-1
125,44314,369.00,7.00,38.00,37.00,1,1,1.0000,-1
125,37790,399.00,0.00,159.00,142.00,1,1,0.9819,-1
125,82065,471.00,362.00,105.00,86.00,1,1,1.0000,-1
125,46800,546.00,294.00,14.00,18.00,1,7,0.9375,-1
125,66056,551.00,336.00,5.00,6.00,1,7,1.0000,-1
125,99758,371.00,330.00,38.00,23.00,1,1,1.0000,-1
125,35125,8.00,256.00,3.00,1.00,1,7,0.0154,-1
125,45934,20.00,301.00,45.00,23.00,1,1,0.9923,-1
126,72217,787.00,320.00,23.00,23.00,1,7,0.1078,-1
126,28172,697.00,268.00,20.00,19.00,1,7,0.4128,-1
126,76986,657.00,263.00,17.00,20.00,1,7,0.9558,-1
126,83425,444.00,0.00,51.00,8.00,1,7,0.8718,-1
126,44314,379.00,8.00,38.00,37.00,1,1,1.0000,-1
126,37790,410.00,0.00,157.00,142.00,1,1,0.9790,-1
126,82065,480.00,362.00,105.00,86.00,1,1,1.0000,-1
126,46800,553.00,294.00,14.00,18.00,1,7,0.9327,-1
126,66056,558.00,336.00,5.00,6.00,1,7,1.0000,-1
126,99758,379.00,330.00,38.00,23.00,1,1,1.0000,-1
126,35125,0.00,238.00,25.00,28.00,1,1,0.2544,-1
126,45934,33.00,301.00,44.00,23.00,1,1,0.9921,-1
127,72217,793.00,320.00,23.00,22.00,1,7,0.1109,-1
127,28172,702.00,268.00,20.00,18.00,1,7,0.4082,-1
127,76986,662.00,263.00,18.00,20.00,1,7,0.9497,-1
127,83425,451.00,0.00,52.00,8.00,1,7,0.8806,-1
127,44314,387.00,9.00,38.00,37.00,1,1,1.0000,-1
127,37790,417.00,0.00,157.00,142.00,1,1,0.9768,-1
127,82065,488.00,362.00,105.00,85.00,1,1,1.0000,-1
127,46800,558.00,294.00,13.00,18.00,1,7,0.9369,-1
127,66056,563.00,336.00,5.00,6.00,1,7,1.0000,-1
127,99758,384.00,330.00,37.00,23.00,1,1,1.0000,-1
127,35125,0.00,239.00,33.00,29.00,1,1,0.4604,-1
127,45934,42.00,302.00,43.00,22.00,1,1,0.9919,-1
128,72217,800.00,320.00,23.00,22.00,1,7,0.1161,-1
128,28172,708.00,267.00,21.00,19.00,1,1,0.4126,-1
128,76986,667.00,262.00,18.00,21.00,1,7,0.9532,-1
128,83425,459.00,0.00,53.00,9.00,1,7,0.8950,-1
128,44314,396.00,10.00,38.00,37.00,1,1,1.0000,-1
128,37790,426.00,0.00,156.00,142.00,1,1,0.9745,-1
128,82065,495.00,362.00,106.00,85.00,1,1,1.0000,-1
128,46800,563.00,294.00,13.00,18.00,1,7,0.9417,-1
128,66056,568.00,336.00,5.00,5.00,1,7,1.0000,-1
128,99758,389.00,330.00,38.00,23.00,1,1,1.0000,-1
128,35125,0.00,240.00,42.00,29.00,1,1,0.5761,-1
128,45934,52.00,302.00,41.00,23.00,1,1,0.9917,-1
129,72217,806.00,320.00,17.00,22.00,1,7,0.1157,-1
129,28172,714.00,267.00,21.00,19.00,1,1,0.4034,-1
129,76986,673.00,262.00,18.00,20.00,1,7,0.9574,-1
129,83425,468.00,0.00,53.00,9.00,1,7,0.8984,-1
129,44314,404.00,11.00,39.00,37.00,1,1,1.0000,-1
129,37790,434.00,0.00,155.00,142.00,1,1,0.9727,-1
129,82065,503.00,362.00,107.00,85.00,1,1,1.0000,-1
129,46800,568.00,294.00,13.00,18.00,1,7,0.9417,-1
129,66056,573.00,336.00,5.00,5.00,1,7,1.0000,-1
129,99758,394.00,330.00,38.00,23.00,1,1,1.0000,-1
129,35125,0.00,241.00,52.00,29.00,1,1,0.6297,-1
129,45934,61.00,303.00,41.00,22.00,1,1,0.9882,-1
130,72217,812.00,319.00,24.00,23.00,1,7,0.1130,-1
130,28172,720.00,266.00,21.00,19.00,1,1,0.4090,-1
130,76986,679.00,262.00,18.00,20.00,1,7,0.9513,-1
130,83425,475.00,0.00,55.00,10.00,1,7,0.8985,-1
130,44314,413.00,11.00,38.00,37.00,1,1,1.0000,-1
130,37790,442.00,0.00,155.00,142.00,1,1,0.9709,-1
130,82065,511.00,362.00,107.00,85.00,1,1,1.0000,-1
130,46800,573.00,293.00,13.00,19.00,1,7,0.9423,-1
130,66056,578.00,336.00,5.00,5.00,1,7,1.0000,-1
130,99758,400.00,330.00,37.00,23.00,1,1,1.0000,-1
130,35125,3.00,242.00,58.00,28.00,1,1,0.6370,-1
130,45934,70.00,303.00,40.00,22.00,1,1,0.9879,-1
131,72217,819.00,319.00,24.00,23.00,1,7,0.1186,-1
131,28172,726.00,266.00,21.00,19.00,1,1,0.4100,-1
131,76986,684.00,261.00,19.00,21.00,1,7,0.9612,-1
131,83425,475.00,0.00,62.00,10.00,1,7,0.9056,-1
131,44314,420.00,12.00,38.00,36.00,1,1,1.0000,-1
131,37790,450.00,0.00,154.00,141.00,1,1,0.9711,-1
131,82065,518.00,362.00,108.00,85.00,1,1,1.0000,-1
131,46800,578.00,293.00,14.00,18.00,1,7,0.9378,-1
131,66056,583.00,335.00,5.00,6.00,1,7,1.0000,-1
131,99758,405.00,330.00,37.00,23.00,1,1,1.0000,-1
131,35125,12.00,243.00,57.00,28.00,1,1,0.6379,-1
131,45934,78.00,303.00,40.00,22.00,1,1,0.9876,-1
132,72217,829.00,319.00,18.00,23.00,1,7,0.1134,-1
132,28172,735.00,266.00,21.00,19.00,1,1,0.4114,-1
132,76986,693.00,261.00,18.00,20.00,1,7,0.9524,-1
132,83425,493.00,0.00,53.00,9.00,1,7,0.9135,-1
132,44314,430.00,12.00,38.00,36.00,1,1,1.0000,-1
132,37790,459.00,0.00,155.00,140.00,1,1,0.9732,-1
132,82065,527.00,362.00,109.00,85.00,1,1,1.0000,-1
132,46800,585.00,293.00,14.00,18.00,1,7,0.9393,-1
132,66056,591.00,335.00,4.00,6.00,1,7,1.0000,-1
132,99758,413.00,330.00,37.00,23.00,1,1,1.0000,-1
132,35125,26.00,244.00,55.00,28.00,1,1,0.6398,-1
132,45934,91.00,304.00,38.00,22.00,1,1,0.9853,-1
133,72217,842.00,318.00,18.00,23.00,1,7,0.1149,-1
133,28172,746.00,265.00,21.00,19.00,1,1,0.4164,-1
133,76986,703.00,260.00,19.00,21.00,1,7,0.9564,-1
133,83425,505.00,0.00,51.00,9.00,1,7,0.8871,-1
133,44314,441.00,12.00,38.00,36.00,1,1,1.0000,-1
133,37790,471.00,0.00,154.00,139.00,1,1,0.9758,-1
133,82065,538.00,362.00,110.00,86.00,1,1,1.0000,-1
133,46800,595.00,293.00,13.00,18.00,1,7,0.9245,-1
133,66056,600.00,335.00,5.00,6.00,1,7,1.0000,-1
133,99758,422.00,330.00,37.00,23.00,1,1,1.0000,-1
133,35125,42.00,246.00,54.00,27.00,1,1,0.6390,-1
133,45934,105.00,305.00,38.00,21.00,1,1,0.9888,-1
134,72217,854.00,317.00,18.00,24.00,1,7,0.1109,-1
134,28172,756.00,263.00,22.00,20.00,1,1,0.4093,-1
134,76986,713.00,259.00,19.00,21.00,1,7,0.9606,-1
134,83425,516.00,0.00,50.00,9.00,1,7,0.8907,-1
134,44314,452.00,12.00,38.00,37.00,1,1,1.0000,-1
134,37790,481.00,0.00,155.00,139.00,1,1,0.9758,-1
134,82065,549.00,362.00,110.00,86.00,1,1,0.9999,-1
134,46800,603.00,293.00,14.00,18.00,1,7,0.8785,-1
134,66056,609.00,335.00,5.00,6.00,1,7,1.0000,-1
134,99758,431.00,330.00,37.00,23.00,1,1,1.0000,-1
134,35125,57.00,248.00,53.00,27.00,1,1,0.6410,-1
134,45934,119.00,306.00,36.00,21.00,1,1,0.9864,-1
135,72217,866.00,317.00,25.00,24.00,1,7,0.1065,-1
135,28172,766.00,263.00,23.00,19.00,1,1,0.4122,-1
135,76986,723.00,259.00,19.00,20.00,1,7,0.9517,-1
135,83425,527.00,0.00,50.00,9.00,1,7,0.8935,-1
135,44314,463.00,13.00,39.00,36.00,1,1,1.0000,-1
135,37790,492.00,0.00,155.00,138.00,1,1,0.9758,-1
135,82065,559.00,362.00,112.00,86.00,1,1,1.0000,-1
135,46800,613.00,292.00,13.00,19.00,1,7,0.7945,-1
135,66056,617.00,335.00,5.00,6.00,1,7,1.0000,-1
135,99758,440.00,330.00,37.00,23.00,1,1,1.0000,-1
135,35125,72.00,248.00,50.00,27.00,1,1,0.6397,-1
135,45934,131.00,306.00,37.00,21.00,1,1,0.9861,-1
136,72217,876.00,317.00,26.00,23.00,1,7,0.1046,-1
136,28172,775.00,262.00,23.00,20.00,1,1,0.4055,-1
136,76986,732.00,258.00,19.00,21.00,1,7,0.9527,-1
136,83425,527.00,0.00,60.00,9.00,1,7,0.9000,-1
136,44314,474.00,13.00,38.00,37.00,1,1,1.0000,-1
136,37790,502.00,0.00,155.00,138.00,1,1,0.9746,-1
136,82065,569.00,362.00,112.00,86.00,1,1,1.0000,-1
136,46800,622.00,293.00,12.00,17.00,1,7,0.6923,-1
136,66056,625.00,335.00,5.00,5.00,1,7,1.0000,-1
136,99758,447.00,330.00,37.00,23.00,1,1,1.0000,-1
136,35125,84.00,250.00,50.00,26.00,1,1,0.6405,-1
136,45934,143.00,307.00,35.00,20.00,1,1,0.9877,-1
137,72217,887.00,317.00,26.00,23.00,1,7,0.1057,-1
137,28172,785.00,261.00,23.00,20.00,1,1,0.4059,-1
137,76986,740.00,257.00,20.00,22.00,1,7,0.9532,-1
137,83425,534.00,0.00,63.00,9.00,1,7,0.8879,-1
137,44314,483.00,14.00,38.00,37.00,1,1,1.0000,-1
137,37790,512.00,0.00,154.00,137.00,1,1,0.9739,-1
137,82065,578.00,362.00,113.00,86.00,1,1,1.0000,-1
137,46800,631.00,293.00,10.00,17.00,1,7,0.5792,-1
137,66056,632.00,335.00,5.00,6.00,1,7,1.0000,-1
137,99758,455.00,330.00,36.00,23.00,1,1,1.0000,-1
137,35125,96.00,251.00,49.00,26.00,1,1,0.6439,-1
137,45934,154.00,308.00,35.00,20.00,1,1,0.9872,-1
138,72217,899.00,316.00,19.00,24.00,1,7,0.1045,-1
138,28172,795.00,261.00,23.00,20.00,1,1,0.4187,-1
138,76986,750.00,257.00,20.00,21.00,1,7,0.9548,-1
138,83425,546.00,0.00,62.00,9.00,1,7,0.9028,-1
138,44314,494.00,14.00,38.00,37.00,1,1,1.0000,-1
138,37790,523.00,0.00,155.00,136.00,1,1,0.9747,-1
138,82065,588.00,362.00,115.00,86.00,1,1,1.0000,-1
138,46800,641.00,294.00,9.00,16.00,1,7,0.4595,-1
138,66056,641.00,335.00,5.00,5.00,1,7,1.0000,-1
138,99758,463.00,330.00,37.00,23.00,1,1,1.0000,-1
138,35125,109.00,252.00,49.00,26.00,1,1,0.6481,-1
138,45934,166.00,308.00,34.00,20.00,1,1,0.9848,-1
139,72217,911.00,316.00,19.00,23.00,1,7,0.1019,-1
139,28172,805.00,260.00,24.00,20.00,1,1,0.4209,-1
139,76986,760.00,256.00,20.00,21.00,1,7,0.9524,-1
139,83425,558.00,0.00,57.00,8.00,1,7,0.8849,-1
139,44314,504.00,14.00,38.00,37.00,1,1,1.0000,-1
139,37790,532.00,0.00,156.00,135.00,1,1,0.9770,-1
139,82065,598.00,362.00,116.00,87.00,1,1,1.0000,-1
139,46800,650.00,295.00,8.00,15.00,1,7,0.3632,-1
139,66056,649.00,335.00,5.00,5.00,1,7,1.0000,-1
139,99758,471.00,330.00,36.00,23.00,1,1,1.0000,-1
139,35125,121.00,253.00,48.00,26.00,1,1,0.6457,-1
139,45934,177.00,308.00,33.00,20.00,1,1,0.9867,-1
140,72217,925.00,316.00,19.00,23.00,1,7,0.0943,-1
140,28172,817.00,259.00,24.00,20.00,1,1,0.4096,-1
140,76986,770.00,255.00,21.00,22.00,1,1,0.9560,-1
140,83425,569.00,0.00,56.00,8.00,1,7,0.8912,-1
140,44314,516.00,15.00,38.00,36.00,1,1,1.0000,-1
140,37790,544.00,0.00,156.00,134.00,1,1,0.9771,-1
140,82065,609.00,362.00,118.00,87.00,1,1,1.0000,-1
140,46800,661.00,297.00,7.00,13.00,1,7,0.2379,-1
140,66056,658.00,334.00,6.00,6.00,1,7,1.0000,-1
140,99758,480.00,330.00,36.00,23.00,1,1,1.0000,-1
140,35125,135.00,254.00,47.00,26.00,1,1,0.6480,-1
140,45934,190.00,309.00,32.00,20.00,1,1,0.9862,-1
141,72217,933.00,315.00,20.00,24.00,1,7,0.0958,-1
141,28172,824.00,258.00,24.00,21.00,1,1,0.4112,-1
141,76986,777.00,255.00,21.00,22.00,1,1,0.9574,-1
141,83425,573.00,0.00,59.00,8.00,1,7,0.8911,-1
141,44314,522.00,15.00,39.00,37.00,1,1,1.0000,-1
141,37790,550.00,0.00,157.00,134.00,1,1,0.9764,-1
141,82065,615.00,362.00,119.00,88.00,1,1,1.0000,-1
141,46800,668.00,298.00,5.00,12.00,1,7,0.1920,-1
141,66056,664.00,335.00,5.00,6.00,1,7,1.0000,-1
141,99758,485.00,331.00,37.00,22.00,1,1,1.0000,-1
141,35125,143.00,255.00,46.00,26.00,1,1,0.6500,-1
141,45934,197.00,310.00,32.00,19.00,1,1,0.9835,-1
142,72217,947.00,315.00,20.00,24.00,1,7,0.0947,-1
142,28172,835.00,257.00,25.00,21.00,1,1,0.4134,-1
142,76986,787.00,254.00,22.00,22.00,1,1,0.9528,-1
142,83425,598.00,0.00,29.00,6.00,1,7,0.9430,-1
142,44314,531.00,14.00,39.00,37.00,1,1,1.0000,-1
142,37790,560.00,0.00,157.00,132.00,1,1,0.9810,-1
142,82065,624.00,362.00,121.00,88.00,1,1,0.9999,-1
142,46800,677.00,298.00,5.00,11.00,1,7,0.1472,-1
142,66056,673.00,334.00,5.00,6.00,1,7,1.0000,-1
142,99758,494.00,330.00,36.00,23.00,1,1,1.0000,-1
142,35125,155.00,256.00,45.00,26.00,1,1,0.6516,-1
142,45934,208.00,310.00,31.00,19.00,1,1,0.9832,-1
143,72217,961.00,314.00,20.00,24.00,1,7,0.0945,-1
143,28172,847.00,256.00,25.00,21.00,1,1,0.4211,-1
143,76986,798.00,253.00,22.00,22.00,1,1,0.9535,-1
143,83425,610.00,0.00,26.00,5.00,1,7,0.9722,-1
143,44314,542.00,13.00,39.00,37.00,1,1,1.0000,-1
143,37790,570.00,0.00,158.00,131.00,1,1,0.9834,-1
143,82065,635.00,362.00,122.00,88.00,1,1,1.0000,-1
143,46800,688.00,299.00,4.00,10.00,1,7,0.0924,-1
143,66056,682.00,334.00,6.00,6.00,1,7,1.0000,-1
143,99758,502.00,330.00,36.00,23.00,1,1,1.0000,-1
143,35125,168.00,257.00,42.00,25.00,1,1,0.6537,-1
143,45934,219.00,310.00,31.00,19.00,1,1,0.9828,-1
144,72217,976.00,313.00,21.00,25.00,1,7,0.0901,-1
144,28172,859.00,254.00,26.00,22.00,1,1,0.4122,-1
144,76986,809.00,252.00,23.00,22.00,1,1,0.9526,-1
144,83425,622.00,0.00,23.00,4.00,1,7,0.9615,-1
144,44314,552.00,12.00,39.00,38.00,1,1,1.0000,-1
144,37790,581.00,0.00,159.00,129.00,1,1,0.9848,-1
144,82065,645.00,362.00,124.00,88.00,1,1,1.0000,-1
144,46800,698.00,301.00,3.00,7.00,1,7,0.0248,-1
144,66056,691.00,334.00,6.00,6.00,1,7,1.0000,-1
144,99758,511.00,330.00,36.00,23.00,1,1,1.0000,-1
144,35125,180.00,258.00,43.00,25.00,1,1,0.6529,-1
144,45934,230.00,311.00,31.00,19.00,1,1,0.9825,-1
145,72217,990.00,313.00,21.00,24.00,1,7,0.0874,-1
145,28172,870.00,253.00,27.00,22.00,1,1,0.4181,-1
145,76986,820.00,251.00,22.00,22.00,1,1,0.9562,-1
145,83425,633.00,0.00,20.00,3.00,1,7,0.9636,-1
145,44314,562.00,12.00,39.00,37.00,1,1,1.0000,-1
145,37790,590.00,0.00,161.00,128.00,1,1,0.9861,-1
145,82065,654.00,362.00,126.00,89.00,1,1,1.0000,-1
145,66056,700.00,334.00,6.00,6.00,1,7,1.0000,-1
145,99758,519.00,330.00,36.00,23.00,1,1,1.0000,-1
145,35125,190.00,259.00,43.00,25.00,1,1,0.6542,-1
145,45934,241.00,311.00,29.00,19.00,1,1,0.9846,-1
146,72217,1002.00,313.00,21.00,24.00,1,7,0.1172,-1
146,28172,880.00,253.00,28.00,22.00,1,1,0.4088,-1
146,76986,829.00,250.00,23.00,23.00,1,1,0.9522,-1
146,83425,643.00,0.00,18.00,2.00,1,7,0.9070,-1
146,44314,570.00,12.00,40.00,37.00,1,1,1.0000,-1
146,37790,599.00,0.00,161.00,127.00,1,1,0.9866,-1
146,82065,663.00,362.00,128.00,89.00,1,1,1.0000,-1
146,66056,708.00,333.00,6.00,7.00,1,7,1.0000,-1
146,99758,526.00,330.00,36.00,23.00,1,1,1.0000,-1
146,35125,200.00,260.00,41.00,24.00,1,1,0.6526,-1
146,45934,250.00,312.00,29.00,18.00,1,1,0.9817,-1
147,72217,1014.00,312.00,9.00,11.00,1,7,0.2453,-1
147,28172,890.00,252.00,27.00,22.00,1,1,0.4105,-1
147,76986,838.00,249.00,23.00,23.00,1,1,0.9559,-1
147,83425,651.00,0.00,17.00,2.00,1,7,0.9268,-1
147,44314,578.00,12.00,40.00,38.00,1,1,1.0000,-1
147,37790,607.00,0.00,162.00,127.00,1,1,0.9866,-1
147,82065,671.00,362.00,129.00,90.00,1,1,1.0000,-1
147,66056,715.00,333.00,6.00,7.00,1,7,1.0000,-1
147,99758,532.00,330.00,37.00,23.00,1,1,1.0000,-1
147,35125,209.00,260.00,40.00,25.00,1,1,0.6516,-1
147,45934,258.00,312.00,29.00,19.00,1,1,0.9817,-1
148,28172,899.00,251.00,28.00,22.00,1,1,0.4197,-1
148,76986,846.00,248.00,24.00,23.00,1,1,0.9584,-1
148,83425,660.00,0.00,11.00,1.00,1,7,0.7826,-1
148,44314,585.00,12.00,40.00,37.00,1,1,1.0000,-1
148,37790,614.00,0.00,163.00,125.00,1,1,0.9874,-1
148,82065,678.00,362.00,130.00,90.00,1,1,1.0000,-1
148,66056,722.00,333.00,6.00,6.00,1,7,1.0000,-1
148,99758,538.00,330.00,37.00,23.00,1,1,1.0000,-1
148,35125,217.00,261.00,40.00,24.00,1,1,0.6582,-1
148,45934,266.00,312.00,28.00,19.00,1,1,0.9787,-1
149,28172,912.00,249.00,29.00,23.00,1,1,0.4167,-1
149,76986,858.00,247.00,24.00,24.00,1,1,0.9553,-1
149,83425,673.00,0.00,7.00,0.00,1,7,0.6667,-1
149,44314,596.00,11.00,40.00,38.00,1,1,1.0000,-1
149,37790,624.00,0.00,165.00,124.00,1,1,0.9879,-1
149,82065,689.00,362.00,132.00,90.00,1,1,1.0000,-1
149,66056,732.00,333.00,6.00,6.00,1,7,1.0000,-1
149,99758,547.00,330.00,36.00,23.00,1,1,1.0000,-1
149,35125,228.00,262.00,40.00,24.00,1,1,0.6576,-1
149,45934,276.00,313.00,28.00,18.00,1,1,0.9835,-1
150,28172,923.00,248.00,29.00,23.00,1,1,0.4096,-1
150,76986,868.00,246.00,25.00,24.00,1,1,0.9588,-1
150,83425,684.00,0.00,3.00,0.00,1,7,0.8000,-1
150,44314,604.00,11.00,40.00,38.00,1,1,1.0000,-1
150,37790,633.00,0.00,166.00,123.00,1,1,0.9879,-1
150,82065,697.00,362.00,134.00,91.00,1,1,1.0000,-1
150,66056,740.00,333.00,6.00,6.00,1,7,0.9750,-1
150,99758,554.00,330.00,37.00,23.00,1,1,1.0000,-1
150,35125,237.00,263.00,30.00,24.00,1,1,0.6575,-1
150,45934,285.00,313.00,28.00,18.00,1,1,0.9802,-1
151,28172,928.00,248.00,30.00,23.00,1,1,0.4075,-1
151,76986,873.00,246.00,25.00,24.00,1,1,0.9534,-1
151,44314,607.00,11.00,40.00,38.00,1,1,1.0000,-1
151,37790,636.00,0.00,167.00,122.00,1,1,0.9884,-1
151,82065,701.00,362.00,134.00,92.00,1,1,1.0000,-1
151,66056,744.00,333.00,6.00,6.00,1,7,1.0000,-1
151,99758,558.00,330.00,36.00,23.00,1,1,1.0000,-1
151,35125,241.00,263.00,39.00,24.00,1,1,0.6588,-1
151,45934,289.00,314.00,27.00,18.00,1,1,0.9799,-1
152,28172,937.00,247.00,30.00,23.00,1,1,0.4073,-1
152,76986,881.00,245.00,26.00,24.00,1,1,0.9562,-1
152,44314,613.00,10.00,40.00,38.00,1,1,1.0000,-1
152,37790,642.00,0.00,168.00,121.00,1,1,0.9883,-1
152,82065,707.00,362.00,135.00,92.00,1,1,1.0000,-1
152,66056,751.00,333.00,6.00,6.00,1,7,1.0000,-1
152,99758,563.00,330.00,37.00,23.00,1,1,1.0000,-1
152,35125,249.00,264.00,39.00,24.00,1,1,0.6568,-1
152,45934,295.00,314.00,28.00,18.00,1,1,0.9800,-1
153,28172,951.00,245.00,31.00,24.00,1,1,0.4118,-1
153,76986,894.00,244.00,25.00,24.00,1,1,0.9554,-1
153,44314,622.00,10.00,41.00,38.00,1,1,1.0000,-1
153,37790,652.00,0.00,169.00,120.00,1,1,0.9880,-1
153,82065,717.00,362.00,137.00,92.00,1,1,1.0000,-1
153,66056,761.00,333.00,6.00,6.00,1,7,0.9737,-1
153,99758,572.00,330.00,37.00,23.00,1,1,1.0000,-1
153,35125,260.00,264.00,37.00,24.00,1,1,0.6546,-1
153,45934,305.00,314.00,27.00,18.00,1,1,0.9826,-1
154,28172,958.00,245.00,32.00,24.00,1,1,0.4159,-1
154,76986,901.00,243.00,26.00,25.00,1,1,0.9562,-1
154,44314,627.00,10.00,40.00,38.00,1,1,1.0000,-1
154,37790,656.00,0.00,171.00,119.00,1,1,0.9883,-1
154,82065,721.00,362.00,138.00,93.00,1,1,1.0000,-1
154,66056,767.00,333.00,6.00,6.00,1,7,1.0000,-1
154,99758,576.00,331.00,37.00,22.00,1,1,1.0000,-1
154,35125,265.00,265.00,28.00,24.00,1,1,0.6584,-1
154,45934,311.00,315.00,27.00,17.00,1,1,0.9790,-1
155,28172,968.00,244.00,33.00,24.00,1,1,0.4136,-1
155,76986,910.00,242.00,26.00,25.00,1,1,0.9574,-1
155,44314,632.00,9.00,41.00,39.00,1,1,1.0000,-1
155,37790,662.00,0.00,172.00,118.00,1,1,0.9882,-1
155,82065,727.00,362.00,140.00,94.00,1,1,1.0000,-1
155,66056,774.00,333.00,6.00,6.00,1,7,1.0000,-1
155,99758,582.00,331.00,38.00,22.00,1,1,1.0000,-1
155,35125,273.00,266.00,37.00,23.00,1,1,0.6519,-1
155,45934,317.00,315.00,27.00,18.00,1,1,0.9792,-1
156,28172,978.00,242.00,32.00,25.00,1,1,0.4151,-1
156,76986,918.00,241.00,27.00,25.00,1,1,0.9527,-1
156,44314,637.00,9.00,41.00,38.00,1,1,1.0000,-1
156,37790,667.00,0.00,173.00,116.00,1,1,0.9884,-1
156,82065,733.00,362.00,140.00,94.00,1,1,1.0000,-1
156,66056,781.00,332.00,6.00,7.00,1,7,1.0000,-1
156,99758,588.00,330.00,37.00,23.00,1,1,1.0000,-1
156,35125,279.00,266.00,28.00,24.00,1,1,0.6527,-1
156,45934,324.00,315.00,26.00,18.00,1,1,0.9792,-1
157,28172,988.00,241.00,34.00,25.00,1,1,0.4120,-1
157,76986,928.00,240.00,27.00,25.00,1,1,0.9521,-1
157,44314,643.00,8.00,41.00,39.00,1,1,1.0000,-1
157,37790,672.00,0.00,176.00,115.00,1,1,0.9887,-1
157,82065,739.00,362.00,142.00,94.00,1,1,1.0000,-1
157,66056,788.00,332.00,7.00,7.00,1,7,1.0000,-1
157,99758,594.00,330.00,38.00,23.00,1,1,1.0000,-1
157,35125,286.00,267.00,37.00,23.00,1,1,0.6551,-1
157,45934,330.00,316.00,27.00,17.00,1,1,0.9788,-1
158,28172,996.00,240.00,27.00,25.00,1,1,0.4286,-1
158,76986,935.00,239.00,27.00,26.00,1,1,0.9580,-1
158,44314,647.00,8.00,41.00,39.00,1,1,1.0000,-1
158,37790,676.00,0.00,177.00,114.00,1,1,0.9889,-1
158,82065,744.00,363.00,142.00,94.00,1,1,1.0000,-1
158,66056,794.00,332.00,7.00,7.00,1,7,1.0000,-1
158,99758,599.00,331.00,37.00,22.00,1,1,1.0000,-1
158,35125,292.00,267.00,27.00,24.00,1,1,0.6498,-1
158,45934,335.00,316.00,27.00,17.00,1,1,0.9817,-1
159,28172,1006.00,241.00,17.00,23.00,1,7,0.6277,-1
159,76986,943.00,238.00,28.00,26.00,1,1,0.9591,-1
159,44314,651.00,8.00,41.00,39.00,1,1,1.0000,-1
159,37790,681.00,0.00,178.00,113.00,1,1,0.9890,-1
159,82065,749.00,363.00,143.00,94.00,1,1,1.0000,-1
159,66056,801.00,332.00,6.00,7.00,1,7,1.0000,-1
159,99758,604.00,331.00,38.00,22.00,1,1,1.0000,-1
159,35125,297.00,268.00,27.00,23.00,1,1,0.6512,-1
159,45934,341.00,316.00,26.00,17.00,1,1,0.9814,-1
160,28172,1005.00,244.00,18.00,24.00,1,7,0.6066,-1
160,76986,942.00,242.00,28.00,25.00,1,1,0.9537,-1
160,44314,646.00,10.00,41.00,39.00,1,1,1.0000,-1
160,37790,676.00,0.00,178.00,117.00,1,1,0.9907,-1
160,82065,742.00,366.00,141.00,95.00,1,1,0.9999,-1
160,46800,805.00,294.00,7.00,13.00,1,7,0.2067,-1
160,66056,801.00,334.00,6.00,7.00,1,7,1.0000,-1
160,99758,603.00,332.00,38.00,22.00,1,1,1.0000,-1
160,35125,296.00,267.00,37.00,23.00,1,1,0.6481,-1
160,45934,340.00,315.00,26.00,18.00,1,1,0.9847,-1
161,28172,1001.00,241.00,22.00,24.00,1,1,0.5224,-1
161,76986,939.00,239.00,28.00,25.00,1,1,0.9538,-1
161,44314,631.00,8.00,40.00,39.00,1,1,1.0000,-1
161,37790,661.00,0.00,179.00,114.00,1,1,0.9923,-1
161,82065,731.00,363.00,137.00,95.00,1,1,1.0000,-1
161,46800,795.00,286.00,15.00,19.00,1,7,0.7128,-1
161,66056,799.00,332.00,6.00,7.00,1,7,1.0000,-1
161,99758,601.00,331.00,38.00,23.00,1,1,1.0000,-1
161,35125,294.00,268.00,36.00,23.00,1,1,0.6423,-1
161,45934,336.00,316.00,27.00,18.00,1,1,0.9848,-1
162,28172,998.00,239.00,24.00,24.00,1,1,0.4534,-1
162,76986,936.00,237.00,28.00,25.00,1,1,0.9554,-1
162,44314,619.00,6.00,39.00,39.00,1,1,1.0000,-1
162,37790,649.00,0.00,179.00,111.00,1,1,0.9939,-1
162,82065,721.00,361.00,133.00,95.00,1,1,1.0000,-1
162,46800,791.00,284.00,18.00,20.00,1,7,0.9392,-1
162,66056,798.00,331.00,6.00,6.00,1,7,1.0000,-1
162,99758,599.00,330.00,38.00,23.00,1,1,1.0000,-1
162,35125,290.00,268.00,37.00,23.00,1,1,0.6333,-1
162,45934,333.00,316.00,27.00,17.00,1,1,0.9877,-1
163,28172,996.00,237.00,27.00,25.00,1,1,0.4132,-1
163,76986,933.00,236.00,28.00,26.00,1,1,0.9584,-1
163,44314,607.00,5.00,39.00,40.00,1,1,1.0000,-1
163,37790,638.00,0.00,179.00,111.00,1,1,0.9956,-1
163,82065,710.00,361.00,131.00,94.00,1,1,1.0000,-1
163,46800,790.00,283.00,18.00,20.00,1,7,0.9274,-1
163,66056,796.00,330.00,7.00,7.00,1,7,1.0000,-1
163,99758,598.00,329.00,38.00,23.00,1,1,1.0000,-1
163,35125,288.00,268.00,37.00,23.00,1,1,0.6246,-1
163,45934,330.00,316.00,27.00,17.00,1,1,0.9876,-1
164,28172,993.00,237.00,30.00,24.00,1,1,0.3931,-1
164,76986,931.00,236.00,27.00,25.00,1,1,0.9552,-1
164,44314,596.00,5.00,38.00,39.00,1,1,1.0000,-1
164,37790,626.00,0.00,180.00,110.00,1,1,0.9968,-1
164,82065,699.00,360.00,128.00,95.00,1,1,1.0000,-1
164,46800,789.00,283.00,17.00,20.00,1,7,0.9356,-1
164,66056,795.00,330.00,6.00,7.00,1,7,1.0000,-1
164,99758,596.00,329.00,38.00,23.00,1,1,1.0000,-1
164,35125,285.00,268.00,37.00,23.00,1,1,0.6177,-1
164,45934,328.00,316.00,27.00,17.00,1,1,0.9876,-1
165,28172,990.00,236.00,33.00,25.00,1,1,0.4059,-1
165,76986,928.00,235.00,27.00,26.00,1,1,0.9566,-1
165,44314,584.00,5.00,37.00,39.00,1,1,1.0000,-1
165,37790,615.00,0.00,180.00,110.00,1,1,0.9983,-1
165,82065,688.00,360.00,126.00,95.00,1,1,1.0000,-1
165,46800,788.00,283.00,17.00,20.00,1,7,0.9416,-1
165,66056,794.00,330.00,6.00,6.00,1,7,1.0000,-1
165,99758,594.00,329.00,38.00,23.00,1,1,1.0000,-1
165,35125,282.00,268.00,38.00,23.00,1,1,0.6076,-1
165,45934,325.00,316.00,27.00,17.00,1,1,0.9908,-1
166,28172,987.00,236.00,34.00,24.00,1,1,0.3978,-1
166,76986,925.00,235.00,28.00,25.00,1,1,0.9546,-1
166,44314,572.00,5.00,37.00,39.00,1,1,1.0000,-1
166,37790,603.00,0.00,181.00,110.00,1,1,0.9991,-1
166,82065,677.00,360.00,123.00,94.00,1,1,1.0000,-1
166,46800,786.00,282.00,18.00,20.00,1,7,0.9269,-1
166,66056,792.00,329.00,7.00,7.00,1,7,1.0000,-1
166,99758,593.00,329.00,38.00,23.00,1,1,1.0000,-1
166,35125,280.00,268.00,37.00,23.00,1,1,0.5991,-1
166,45934,322.00,316.00,28.00,17.00,1,1,0.9939,-1
167,28172,984.00,236.00,34.00,24.00,1,1,0.4011,-1
167,76986,923.00,234.00,27.00,26.00,1,1,0.9514,-1
167,44314,560.00,4.00,37.00,40.00,1,1,1.0000,-1
167,37790,591.00,0.00,182.00,109.00,1,1,0.9995,-1
167,82065,666.00,359.00,120.00,95.00,1,1,1.0000,-1
167,46800,785.00,282.00,17.00,20.00,1,7,0.9422,-1
167,66056,791.00,329.00,6.00,7.00,1,7,1.0000,-1
167,99758,591.00,329.00,35.00,23.00,1,1,0.9722,-1
167,35125,278.00,268.00,37.00,23.00,1,1,0.5936,-1
167,45934,319.00,316.00,28.00,17.00,1,1,0.9939,-1
168,28172,982.00,235.00,33.00,24.00,1,1,0.3893,-1
168,76986,920.00,234.00,27.00,26.00,1,1,0.9495,-1
168,44314,548.00,4.00,36.00,40.00,1,1,1.0000,-1
168,37790,579.00,0.00,184.00,109.00,1,1,0.9997,-1
168,82065,655.00,359.00,118.00,95.00,1,1,1.0000,-1
168,46800,784.00,282.00,17.00,20.00,1,7,0.9388,-1
168,66056,790.00,329.00,6.00,7.00,1,7,1.0000,-1
168,99758,589.00,329.00,28.00,23.00,1,1,0.8105,-1
168,35125,275.00,269.00,36.00,22.00,1,1,0.5819,-1
168,45934,316.00,316.00,29.00,17.00,1,1,0.9969,-1
169,28172,979.00,235.00,33.00,24.00,1,1,0.3918,-1
169,76986,917.00,234.00,27.00,25.00,1,1,0.9528,-1
169,44314,537.00,4.00,35.00,40.00,1,1,1.0000,-1
169,37790,567.00,0.00,185.00,109.00,1,1,0.9997,-1
169,82065,644.00,359.00,116.00,95.00,1,1,1.0000,-1
169,46800,782.00,281.00,18.00,21.00,1,7,0.9331,-1
169,66056,788.00,329.00,7.00,6.00,1,7,1.0000,-1
169,99758,587.00,329.00,21.00,23.00,1,1,0.5778,-1
169,35125,272.00,269.00,37.00,23.00,1,1,0.5797,-1
169,45934,314.00,316.00,28.00,18.00,1,1,0.9970,-1
170,28172,976.00,235.00,33.00,24.00,1,1,0.3949,-1
170,76986,915.00,234.00,26.00,25.00,1,1,0.9524,-1
170,44314,525.00,5.00,34.00,39.00,1,1,1.0000,-1
170,37790,555.00,0.00,187.00,109.00,1,1,1.0000,-1
170,82065,633.00,359.00,114.00,95.00,1,1,1.0000,-1
170,46800,781.00,281.00,17.00,21.00,1,7,0.9358,-1
170,66056,787.00,329.00,6.00,6.00,1,7,1.0000,-1
170,99758,586.00,331.00,13.00,21.00,1,7,0.3308,-1
170,35125,269.00,269.00,38.00,23.00,1,1,0.5732,-1
170,45934,311.00,317.00,28.00,17.00,1,1,1.0000,-1
171,28172,973.00,235.00,33.00,24.00,1,1,0.3932,-1
171,76986,912.00,233.00,26.00,26.00,1,1,0.9559,-1
171,44314,513.00,5.00,34.00,39.00,1,1,1.0000,-1
171,37790,543.00,0.00,188.00,109.00,1,1,1.0000,-1
171,82065,622.00,359.00,112.00,95.00,1,1,1.0000,-1
171,46800,780.00,281.00,17.00,21.00,1,7,0.9315,-1
171,66056,786.00,329.00,6.00,6.00,1,7,1.0000,-1
171,99758,584.00,335.00,6.00,15.00,1,7,0.1079,-1
171,35125,267.00,270.00,38.00,22.00,1,1,0.5652,-1
171,45934,308.00,317.00,29.00,17.00,1,1,1.0000,-1
172,28172,970.00,235.00,33.00,24.00,1,1,0.3863,-1
172,76986,909.00,233.00,27.00,26.00,1,1,0.9522,-1
172,44314,501.00,5.00,34.00,39.00,1,1,1.0000,-1
172,37790,531.00,0.00,190.00,109.00,1,1,1.0000,-1
172,82065,611.00,359.00,110.00,95.00,1,1,1.0000,-1
172,46800,778.00,281.00,18.00,21.00,1,7,0.9356,-1
172,66056,784.00,329.00,7.00,6.00,1,7,1.0000,-1
172,35125,264.00,270.00,38.00,22.00,1,1,0.5606,-1
172,45934,306.00,317.00,28.00,17.00,1,1,1.0000,-1
173,28172,968.00,235.00,32.00,24.00,1,1,0.3835,-1
173,76986,906.00,233.00,27.00,26.00,1,1,0.9503,-1
173,44314,490.00,6.00,33.00,39.00,1,1,1.0000,-1
173,37790,519.00,0.00,192.00,109.00,1,1,1.0000,-1
173,82065,599.00,360.00,108.00,94.00,1,1,1.0000,-1
173,46800,777.00,281.00,17.00,21.00,1,7,0.9390,-1
173,66056,783.00,329.00,6.00,6.00,1,7,1.0000,-1
173,35125,262.00,270.00,38.00,23.00,1,1,0.5539,-1
173,45934,303.00,318.00,29.00,17.00,1,1,1.0000,-1
174,28172,965.00,235.00,33.00,24.00,1,1,0.3833,-1
174,76986,904.00,234.00,26.00,25.00,1,1,0.9504,-1
174,44314,478.00,6.00,33.00,39.00,1,1,1.0000,-1
174,37790,508.00,0.00,193.00,110.00,1,1,1.0000,-1
174,82065,588.00,360.00,106.00,94.00,1,1,1.0000,-1
174,46800,776.00,282.00,17.00,20.00,1,7,0.9347,-1
174,66056,782.00,329.00,6.00,6.00,1,7,1.0000,-1
174,35125,260.00,271.00,37.00,22.00,1,1,0.5457,-1
174,45934,300.00,318.00,29.00,17.00,1,1,1.0000,-1
175,28172,962.00,235.00,33.00,24.00,1,1,0.3784,-1
175,76986,901.00,234.00,26.00,25.00,1,1,0.9515,-1
175,44314,467.00,6.00,32.00,40.00,1,1,1.0000,-1
175,37790,496.00,0.00,195.00,110.00,1,1,1.0000,-1
175,82065,577.00,360.00,104.00,95.00,1,1,1.0000,-1
175,46800,774.00,282.00,18.00,20.00,1,7,0.9286,-1
175,66056,781.00,329.00,6.00,7.00,1,7,1.0000,-1
175,35125,257.00,271.00,38.00,22.00,1,1,0.5414,-1
175,45934,298.00,318.00,29.00,17.00,1,1,1.0000,-1
176,28172,959.00,236.00,33.00,23.00,1,1,0.3786,-1
176,76986,899.00,234.00,26.00,26.00,1,1,0.9494,-1
176,44314,455.00,7.00,32.00,39.00,1,1,1.0000,-1
176,37790,484.00,0.00,197.00,110.00,1,1,1.0000,-1
176,82065,566.00,360.00,102.00,95.00,1,1,1.0000,-1
176,46800,773.00,282.00,17.00,20.00,1,7,0.9377,-1
176,66056,779.00,329.00,7.00,7.00,1,7,1.0000,-1
176,35125,254.00,272.00,39.00,22.00,1,1,0.5338,-1
176,45934,295.00,318.00,29.00,17.00,1,1,1.0000,-1
177,28172,957.00,236.00,32.00,23.00,1,1,0.3688,-1
177,76986,896.00,234.00,26.00,26.00,1,1,0.9481,-1
177,44314,444.00,7.00,31.00,40.00,1,1,1.0000,-1
177,37790,473.00,0.00,198.00,111.00,1,1,1.0000,-1
177,82065,554.00,361.00,102.00,94.00,1,1,1.0000,-1
177,46800,772.00,282.00,17.00,20.00,1,7,0.9352,-1
177,66056,778.00,329.00,6.00,7.00,1,7,1.0000,-1
177,35125,252.00,272.00,39.00,22.00,1,1,0.5321,-1
177,45934,293.00,319.00,29.00,17.00,1,1,1.0000,-1
178,28172,954.00,236.00,32.00,24.00,1,1,0.3766,-1
178,76986,893.00,235.00,26.00,25.00,1,1,0.9492,-1
178,44314,432.00,8.00,32.00,39.00,1,1,1.0000,-1
178,37790,461.00,0.00,200.00,111.00,1,1,1.0000,-1
178,82065,542.00,361.00,101.00,94.00,1,1,1.0000,-1
178,46800,771.00,282.00,17.00,21.00,1,7,0.9276,-1
178,66056,777.00,330.00,6.00,6.00,1,7,1.0000,-1
178,35125,250.00,272.00,38.00,22.00,1,1,0.5201,-1
178,45934,290.00,319.00,29.00,17.00,1,1,1.0000,-1
179,28172,951.00,236.00,32.00,24.00,1,1,0.3712,-1
179,76986,891.00,235.00,26.00,25.00,1,1,0.9510,-1
179,44314,420.00,9.00,32.00,39.00,1,1,1.0000,-1
179,37790,449.00,0.00,202.00,112.00,1,1,1.0000,-1
179,82065,531.00,361.00,99.00,95.00,1,1,1.0000,-1
179,46800,769.00,283.00,17.00,20.00,1,7,0.9310,-1
179,66056,775.00,330.00,7.00,6.00,1,7,1.0000,-1
179,35125,247.00,273.00,39.00,21.00,1,1,0.5171,-1
179,45934,288.00,319.00,29.00,17.00,1,1,1.0000,-1
180,28172,948.00,237.00,32.00,23.00,1,1,0.3631,-1
180,76986,888.00,235.00,26.00,25.00,1,1,0.9510,-1
180,44314,409.00,9.00,31.00,39.00,1,1,1.0000,-1
180,37790,437.00,0.00,204.00,112.00,1,1,1.0000,-1
180,82065,519.00,362.00,99.00,94.00,1,1,1.0000,-1
180,46800,768.00,283.00,17.00,20.00,1,7,0.9345,-1
180,66056,774.00,330.00,6.00,6.00,1,7,1.0000,-1
180,35125,244.00,273.00,39.00,22.00,1,1,0.5156,-1
180,45934,285.00,319.00,29.00,17.00,1,1,1.0000,-1
181,28172,946.00,237.00,32.00,23.00,1,1,0.3609,-1
181,76986,885.00,235.00,26.00,26.00,1,1,0.9490,-1
181,44314,397.00,10.00,32.00,39.00,1,1,1.0000,-1
181,37790,426.00,0.00,206.00,112.00,1,1,1.0000,-1
181,82065,508.00,362.00,97.00,95.00,1,1,1.0000,-1
181,46800,767.00,283.00,17.00,20.00,1,7,0.9252,-1
181,66056,773.00,330.00,6.00,7.00,1,7,1.0000,-1
181,99758,599.00,332.00,7.00,13.00,1,7,0.0976,-1
181,35125,242.00,274.00,39.00,21.00,1,1,0.5059,-1
181,45934,283.00,320.00,29.00,17.00,1,1,1.0000,-1
182,28172,943.00,237.00,32.00,23.00,1,1,0.3580,-1
182,76986,883.00,235.00,25.00,26.00,1,1,0.9449,-1
182,44314,386.00,10.00,31.00,39.00,1,1,1.0000,-1
182,37790,414.00,0.00,208.00,113.00,1,1,1.0000,-1
182,82065,496.00,362.00,96.00,95.00,1,1,1.0000,-1
182,46800,766.00,283.00,16.00,20.00,1,7,0.9239,-1
182,66056,772.00,330.00,6.00,7.00,1,7,1.0000,-1
182,99758,590.00,331.00,14.00,20.00,1,7,0.2922,-1
182,35125,240.00,274.00,39.00,21.00,1,1,0.4978,-1
182,45934,280.00,320.00,29.00,17.00,1,1,1.0000,-1
183,28172,940.00,238.00,32.00,23.00,1,1,0.3581,-1
183,76986,880.00,236.00,26.00,25.00,1,1,0.9485,-1
183,44314,374.00,10.00,32.00,39.00,1,1,1.0000,-1
183,37790,403.00,0.00,209.00,113.00,1,1,1.0000,-1
183,82065,484.00,363.00,96.00,94.00,1,1,1.0000,-1
183,46800,764.00,283.00,17.00,21.00,1,7,0.9298,-1
183,66056,770.00,331.00,7.00,6.00,1,7,1.0000,-1
183,99758,582.00,331.00,20.00,22.00,1,7,0.5351,-1
183,35125,238.00,274.00,39.00,21.00,1,1,0.4970,-1
183,45934,277.00,320.00,30.00,17.00,1,1,1.0000,-1
184,28172,938.00,238.00,31.00,23.00,1,1,0.3557,-1
184,76986,878.00,236.00,25.00,25.00,1,1,0.9503,-1
184,44314,363.00,10.00,31.00,39.00,1,1,1.0000,-1
184,37790,392.00,0.00,210.00,113.00,1,1,0.9999,-1
184,82065,473.00,363.00,95.00,94.00,1,1,1.0000,-1
184,46800,763.00,284.00,17.00,20.00,1,7,0.9340,-1
184,66056,769.00,331.00,6.00,6.00,1,7,1.0000,-1
184,99758,573.00,331.00,28.00,23.00,1,1,0.7705,-1
184,35125,235.00,274.00,40.00,21.00,1,1,0.4942,-1
184,45934,275.00,320.00,29.00,17.00,1,1,1.0000,-1
185,28172,935.00,239.00,32.00,22.00,1,1,0.3522,-1
185,76986,875.00,236.00,26.00,26.00,1,1,0.9464,-1
185,44314,352.00,11.00,31.00,38.00,1,1,1.0000,-1
185,37790,380.00,0.00,213.00,114.00,1,1,1.0000,-1
185,82065,461.00,363.00,95.00,94.00,1,1,1.0000,-1
185,46800,762.00,284.00,17.00,20.00,1,7,0.9273,-1
185,66056,768.00,331.00,6.00,6.00,1,7,1.0000,-1
185,99758,565.00,331.00,34.00,23.00,1,1,0.9437,-1
185,35125,232.00,274.00,40.00,21.00,1,1,0.4875,-1
185,45934,273.00,320.00,29.00,17.00,1,1,1.0000,-1
186,28172,933.00,239.00,31.00,23.00,1,1,0.3548,-1
186,76986,873.00,237.00,25.00,25.00,1,1,0.9503,-1
186,44314,341.00,11.00,31.00,38.00,1,1,1.0000,-1
186,37790,369.00,0.00,214.00,114.00,1,1,1.0000,-1
186,82065,448.00,363.00,96.00,95.00,1,1,1.0000,-1
186,46800,761.00,284.00,17.00,20.00,1,7,0.9144,-1
186,66056,767.00,331.00,6.00,7.00,1,7,1.0000,-1
186,99758,559.00,331.00,39.00,23.00,1,1,1.0000,-1
186,35125,230.00,274.00,40.00,21.00,1,1,0.4832,-1
186,45934,270.00,319.00,29.00,18.00,1,1,1.0000,-1
187,28172,930.00,239.00,31.00,23.00,1,1,0.3538,-1
187,76986,870.00,237.00,26.00,25.00,1,1,0.9479,-1
187,44314,329.00,11.00,32.00,38.00,1,1,1.0000,-1
187,37790,358.00,0.00,216.00,114.00,1,1,1.0000,-1
187,82065,436.00,363.00,97.00,95.00,1,1,1.0000,-1
187,46800,760.00,284.00,16.00,20.00,1,7,0.9204,-1
187,66056,765.00,331.00,7.00,7.00,1,7,1.0000,-1
187,99758,557.00,331.00,39.00,23.00,1,1,1.0000,-1
187,35125,228.00,274.00,40.00,20.00,1,1,0.4794,-1
187,45934,268.00,319.00,29.00,17.00,1,1,1.0000,-1
188,28172,928.00,240.00,31.00,22.00,1,1,0.3438,-1
188,76986,868.00,237.00,25.00,25.00,1,1,0.9441,-1
188,44314,318.00,10.00,32.00,39.00,1,1,1.0000,-1
188,37790,347.00,0.00,218.00,114.00,1,1,1.0000,-1
188,82065,424.00,363.00,97.00,95.00,1,1,1.0000,-1
188,46800,759.00,284.00,16.00,21.00,1,7,0.9167,-1
188,66056,764.00,331.00,7.00,7.00,1,7,1.0000,-1
188,99758,556.00,331.00,39.00,23.00,1,1,1.0000,-1
188,35125,226.00,274.00,39.00,20.00,1,1,0.4751,-1
188,45934,265.00,319.00,30.00,17.00,1,1,1.0000,-1
189,28172,925.00,240.00,31.00,23.00,1,1,0.3449,-1
189,76986,866.00,237.00,25.00,26.00,1,1,0.9439,-1
189,44314,307.00,10.00,32.00,39.00,1,1,1.0000,-1
189,37790,337.00,0.00,218.00,114.00,1,1,1.0000,-1
189,82065,411.00,363.00,98.00,94.00,1,1,1.0000,-1
189,46800,758.00,284.00,16.00,21.00,1,7,0.9263,-1
189,66056,763.00,332.00,6.00,6.00,1,7,1.0000,-1
189,99758,554.00,331.00,39.00,23.00,1,1,1.0000,-1
189,35125,223.00,273.00,41.00,21.00,1,1,0.4724,-1
189,45934,263.00,319.00,29.00,17.00,1,1,1.0000,-1
190,28172,923.00,241.00,31.00,22.00,1,1,0.3394,-1
190,76986,863.00,238.00,25.00,25.00,1,1,0.9495,-1
190,44314,296.00,9.00,32.00,39.00,1,1,1.0000,-1
190,37790,326.00,0.00,220.00,113.00,1,1,1.0000,-1
190,82065,399.00,363.00,99.00,94.00,1,1,1.0000,-1
190,46800,757.00,285.00,16.00,20.00,1,7,0.9293,-1
190,66056,762.00,332.00,6.00,6.00,1,7,1.0000,-1
190,99758,552.00,331.00,40.00,23.00,1,1,1.0000,-1
190,35125,221.00,273.00,41.00,20.00,1,1,0.4633,-1
190,45934,261.00,318.00,29.00,17.00,1,1,1.0000,-1
191,28172,920.00,241.00,31.00,22.00,1,1,0.3343,-1
191,76986,861.00,238.00,25.00,25.00,1,1,0.9497,-1
191,44314,285.00,9.00,33.00,39.00,1,1,1.0000,-1
191,37790,315.00,0.00,221.00,113.00,1,1,0.9999,-1
191,82065,386.00,363.00,100.00,94.00,1,1,1.0000,-1
191,46800,756.00,285.00,16.00,20.00,1,7,0.9187,-1
191,66056,761.00,332.00,6.00,6.00,1,7,1.0000,-1
191,99758,551.00,331.00,39.00,23.00,1,1,1.0000,-1
191,35125,218.00,273.00,41.00,20.00,1,1,0.4611,-1
191,45934,258.00,318.00,29.00,17.00,1,1,1.0000,-1
192,28172,918.00,241.00,31.00,22.00,1,1,0.3268,-1
192,76986,859.00,238.00,24.00,25.00,1,1,0.9489,-1
192,44314,273.00,8.00,34.00,39.00,1,1,1.0000,-1
192,37790,304.00,0.00,223.00,113.00,1,1,1.0000,-1
192,82065,373.00,362.00,102.00,95.00,1,1,1.0000,-1
192,46800,754.00,285.00,17.00,20.00,1,7,0.9161,-1
192,66056,760.00,332.00,6.00,6.00,1,7,1.0000,-1
192,99758,549.00,331.00,39.00,23.00,1,1,1.0000,-1
192,35125,216.00,273.00,41.00,19.00,1,1,0.4631,-1
192,45934,256.00,317.00,29.00,18.00,1,1,1.0000,-1
193,28172,916.00,241.00,30.00,23.00,1,1,0.3155,-1
193,76986,856.00,238.00,25.00,25.00,1,1,0.9434,-1
193,44314,262.00,7.00,34.00,40.00,1,1,1.0000,-1
193,37790,293.00,0.00,225.00,112.00,1,1,1.0000,-1
193,82065,361.00,362.00,102.00,94.00,1,1,1.0000,-1
193,46800,753.00,285.00,17.00,20.00,1,7,0.9196,-1
193,66056,758.00,332.00,7.00,6.00,1,7,1.0000,-1
193,99758,548.00,331.00,39.00,23.00,1,1,1.0000,-1
193,35125,213.00,272.00,42.00,20.00,1,1,0.4562,-1
193,45934,253.00,317.00,29.00,17.00,1,1,1.0000,-1
194,28172,913.00,242.00,31.00,22.00,1,1,0.3175,-1
194,76986,854.00,238.00,25.00,25.00,1,1,0.9450,-1
194,44314,251.00,7.00,34.00,39.00,1,1,1.0000,-1
194,37790,283.00,0.00,225.00,112.00,1,1,1.0000,-1
194,82065,347.00,361.00,105.00,95.00,1,1,1.0000,-1
194,46800,752.00,285.00,16.00,20.00,1,7,0.9126,-1
194,66056,757.00,332.00,6.00,6.00,1,7,1.0000,-1
194,99758,546.00,331.00,39.00,23.00,1,1,1.0000,-1
194,35125,211.00,272.00,41.00,20.00,1,1,0.4538,-1
194,45934,251.00,317.00,29.00,17.00,1,1,1.0000,-1
195,28172,911.00,242.00,30.00,22.00,1,1,0.3139,-1
195,76986,852.00,238.00,24.00,25.00,1,1,0.9434,-1
195,44314,239.00,6.00,35.00,39.00,1,1,1.0000,-1
195,37790,272.00,0.00,227.00,112.00,1,1,0.9999,-1
195,82065,335.00,361.00,106.00,94.00,1,1,1.0000,-1
195,46800,751.00,285.00,16.00,20.00,1,7,0.9123,-1
195,66056,756.00,332.00,6.00,6.00,1,7,1.0000,-1
195,99758,544.00,330.00,40.00,23.00,1,1,1.0000,-1
195,35125,209.00,271.00,41.00,20.00,1,1,0.4492,-1
195,45934,248.00,316.00,30.00,17.00,1,1,1.0000,-1
196,28172,908.00,241.00,30.00,23.00,1,1,0.3040,-1
196,76986,849.00,238.00,25.00,25.00,1,1,0.9471,-1
196,44314,228.00,5.00,35.00,40.00,1,1,1.0000,-1
196,37790,261.00,0.00,228.00,111.00,1,1,1.0000,-1
196,82065,322.00,361.00,108.00,94.00,1,1,1.0000,-1
196,46800,750.00,285.00,16.00,20.00,1,7,0.9152,-1
196,66056,755.00,332.00,6.00,6.00,1,7,1.0000,-1
196,99758,543.00,330.00,39.00,23.00,1,1,1.0000,-1
196,35125,206.00,271.00,42.00,20.00,1,1,0.4456,-1
196,45934,245.00,316.00,30.00,17.00,1,1,1.0000,-1
197,28172,906.00,241.00,30.00,22.00,1,1,0.2934,-1
197,76986,847.00,238.00,24.00,25.00,1,1,0.9449,-1
197,44314,215.00,5.00,36.00,39.00,1,1,1.0000,-1
197,37790,249.00,0.00,230.00,111.00,1,1,1.0000,-1
197,82065,309.00,360.00,110.00,95.00,1,1,1.0000,-1
197,46800,749.00,284.00,16.00,20.00,1,7,0.9181,-1
197,66056,754.00,332.00,6.00,6.00,1,7,1.0000,-1
197,99758,541.00,330.00,40.00,23.00,1,1,1.0000,-1
197,35125,204.00,271.00,42.00,19.00,1,1,0.4419,-1
197,45934,243.00,316.00,30.00,17.00,1,1,1.0000,-1
198,28172,903.00,241.00,30.00,22.00,1,1,0.2952,-1
198,76986,844.00,237.00,24.00,26.00,1,1,0.9392,-1
198,44314,203.00,5.00,37.00,39.00,1,1,1.0000,-1
198,37790,238.00,0.00,231.00,110.00,1,1,1.0000,-1
198,82065,296.00,360.00,112.00,94.00,1,1,1.0000,-1
198,46800,747.00,284.00,16.00,20.00,1,7,0.9081,-1
198,66056,752.00,331.00,7.00,7.00,1,7,1.0000,-1
198,99758,539.00,330.00,40.00,23.00,1,1,1.0000,-1
198,35125,201.00,271.00,42.00,19.00,1,1,0.4419,-1
198,45934,240.00,315.00,30.00,18.00,1,1,1.0000,-1
199,28172,900.00,241.00,30.00,21.00,1,1,0.2755,-1
199,76986,841.00,237.00,25.00,25.00,1,1,0.9465,-1
199,44314,191.00,4.00,37.00,40.00,1,1,1.0000,-1
199,37790,226.00,0.00,233.00,110.00,1,1,1.0000,-1
199,82065,283.00,360.00,114.00,94.00,1,1,1.0000,-1
199,46800,746.00,284.00,16.00,20.00,1,7,0.9085,-1
199,66056,751.00,331.00,6.00,6.00,1,7,1.0000,-1
199,99758,538.00,330.00,39.00,22.00,1,1,1.0000,-1
199,35125,199.00,271.00,42.00,19.00,1,1,0.4349,-1
199,45934,238.00,315.00,29.00,18.00,1,1,1.0000,-1
200,28172,897.00,240.00,30.00,22.00,1,1,0.2740,-1
200,76986,839.00,237.00,24.00,25.00,1,1,0.9401,-1
200,44314,178.00,4.00,38.00,40.00,1,1,1.0000,-1
200,37790,214.00,0.00,235.00,110.00,1,1,1.0000,-1
200,82065,270.00,360.00,115.00,94.00,1,1,1.0000,-1
200,46800,745.00,283.00,16.00,20.00,1,7,0.9107,-1
200,66056,750.00,331.00,6.00,6.00,1,7,1.0000,-1
200,99758,536.00,329.00,40.00,23.00,1,1,1.0000,-1
200,35125,196.00,271.00,42.00,19.00,1,1,0.4357,-1
200,45934,235.00,315.00,30.00,18.00,1,1,1.0000,-1
201,28172,895.00,240.00,29.00,22.00,1,1,0.2617,-1
201,76986,836.00,236.00,24.00,25.00,1,1,0.9443,-1
201,44314,166.00,4.00,38.00,40.00,1,1,1.0000,-1
201,37790,201.00,0.00,238.00,110.00,1,1,0.9999,-1
201,82065,257.00,360.00,117.00,94.00,1,1,1.0000,-1
201,46800,744.00,283.00,15.00,20.00,1,7,0.9007,-1
201,66056,748.00,330.00,7.00,7.00,1,7,1.0000,-1
201,99758,534.00,329.00,40.00,23.00,1,1,1.0000,-1
201,35125,193.00,271.00,43.00,19.00,1,1,0.4324,-1
201,45934,233.00,315.00,29.00,18.00,1,1,1.0000,-1
202,28172,892.00,239.00,30.00,22.00,1,1,0.2594,-1
202,76986,833.00,236.00,24.00,25.00,1,1,0.9438,-1
202,44314,153.00,4.00,39.00,40.00,1,1,1.0000,-1
202,37790,189.00,0.00,240.00,109.00,1,1,1.0000,-1
202,82065,244.00,360.00,119.00,94.00,1,1,1.0000,-1
202,46800,742.00,283.00,16.00,20.00,1,7,0.9014,-1
202,66056,747.00,330.00,6.00,6.00,1,7,1.0000,-1
202,99758,533.00,329.00,39.00,23.00,1,1,1.0000,-1
202,35125,191.00,272.00,42.00,19.00,1,1,0.4290,-1
202,45934,230.00,316.00,30.00,17.00,1,1,1.0000,-1
203,28172,889.00,239.00,30.00,22.00,1,1,0.2441,-1
203,76986,831.00,235.00,23.00,26.00,1,1,0.9380,-1
203,44314,140.00,4.00,40.00,40.00,1,1,1.0000,-1
203,37790,177.00,0.00,241.00,109.00,1,1,1.0000,-1
203,82065,231.00,360.00,121.00,94.00,1,1,1.0000,-1
203,46800,741.00,282.00,16.00,20.00,1,7,0.9029,-1
203,66056,746.00,330.00,6.00,6.00,1,7,1.0000,-1
203,99758,531.00,329.00,39.00,23.00,1,1,1.0000,-1
203,35125,188.00,272.00,43.00,19.00,1,1,0.4251,-1
203,45934,227.00,316.00,30.00,17.00,1,1,1.0000,-1
204,28172,886.00,239.00,30.00,21.00,1,1,0.2250,-1
204,76986,828.00,235.00,24.00,25.00,1,1,0.9460,-1
204,44314,128.00,5.00,40.00,39.00,1,1,1.0000,-1
204,37790,165.00,0.00,243.00,109.00,1,1,1.0000,-1
204,82065,217.00,360.00,124.00,94.00,1,1,1.0000,-1
204,46800,740.00,282.00,15.00,20.00,1,7,0.9000,-1
204,66056,744.00,329.00,7.00,7.00,1,7,1.0000,-1
204,99758,529.00,329.00,40.00,23.00,1,1,1.0000,-1
204,35125,186.00,268.00,42.00,23.00,1,1,0.4272,-1
204,45934,224.00,316.00,31.00,17.00,1,1,1.0000,-1
205,28172,883.00,238.00,29.00,22.00,1,1,0.2222,-1
205,76986,825.00,235.00,24.00,25.00,1,1,0.9420,-1
205,44314,115.00,5.00,41.00,39.00,1,1,1.0000,-1
205,37790,152.00,0.00,246.00,110.00,1,1,1.0000,-1
205,82065,204.00,360.00,126.00,94.00,1,1,1.0000,-1
205,46800,738.00,282.00,16.00,20.00,1,7,0.9000,-1
205,66056,743.00,329.00,6.00,7.00,1,7,1.0000,-1
205,99758,527.00,329.00,40.00,23.00,1,1,1.0000,-1
205,35125,183.00,272.00,43.00,19.00,1,1,0.4239,-1
205,45934,222.00,316.00,30.00,17.00,1,1,1.0000,-1
206,28172,881.00,238.00,28.00,22.00,1,1,0.2119,-1
206,76986,823.00,234.00,23.00,26.00,1,1,0.9395,-1
206,44314,103.00,5.00,42.00,40.00,1,1,1.0000,-1
206,37790,140.00,0.00,247.00,110.00,1,1,1.0000,-1
206,82065,191.00,360.00,128.00,95.00,1,1,1.0000,-1
206,46800,737.00,282.00,16.00,20.00,1,7,0.9032,-1
206,66056,742.00,329.00,6.00,7.00,1,7,1.0000,-1
206,99758,526.00,329.00,39.00,23.00,1,1,1.0000,-1
206,35125,180.00,273.00,44.00,19.00,1,1,0.4205,-1
206,45934,219.00,316.00,30.00,18.00,1,1,1.0000,-1
207,28172,878.00,238.00,28.00,21.00,1,1,0.2016,-1
207,76986,820.00,234.00,23.00,26.00,1,1,0.9372,-1
207,44314,90.00,6.00,43.00,39.00,1,1,1.0000,-1
207,37790,128.00,0.00,249.00,110.00,1,1,1.0000,-1
207,82065,178.00,360.00,131.00,95.00,1,1,1.0000,-1
207,46800,736.00,282.00,15.00,20.00,1,7,0.8989,-1
207,66056,741.00,329.00,6.00,6.00,1,7,1.0000,-1
207,99758,524.00,329.00,40.00,23.00,1,1,1.0000,-1
207,35125,178.00,274.00,43.00,18.00,1,1,0.4104,-1
207,45934,217.00,317.00,30.00,17.00,1,1,0.9971,-1
208,28172,875.00,238.00,28.00,21.00,1,7,0.1864,-1
208,76986,817.00,234.00,23.00,25.00,1,1,0.9412,-1
208,44314,78.00,6.00,44.00,40.00,1,1,1.0000,-1
208,37790,115.00,0.00,252.00,110.00,1,1,1.0000,-1
208,82065,165.00,361.00,133.00,94.00,1,1,1.0000,-1
208,46800,734.00,281.00,16.00,21.00,1,7,0.8908,-1
208,66056,739.00,329.00,6.00,6.00,1,7,1.0000,-1
208,99758,522.00,329.00,40.00,23.00,1,1,1.0000,-1
208,35125,175.00,270.00,43.00,22.00,1,1,0.4202,-1
208,45934,214.00,317.00,30.00,17.00,1,1,1.0000,-1
209,28172,872.00,237.00,28.00,22.00,1,7,0.1870,-1
209,76986,814.00,234.00,24.00,25.00,1,1,0.9409,-1
209,44314,66.00,7.00,44.00,39.00,1,1,1.0000,-1
209,37790,103.00,0.00,254.00,110.00,1,1,1.0000,-1
209,82065,152.00,361.00,135.00,95.00,1,1,1.0000,-1
209,46800,733.00,282.00,15.00,20.00,1,7,0.9025,-1
209,66056,738.00,329.00,6.00,6.00,1,7,1.0000,-1
209,99758,520.00,329.00,40.00,23.00,1,1,1.0000,-1
209,35125,172.00,270.00,44.00,23.00,1,1,0.4232,-1
209,45934,211.00,317.00,31.00,18.00,1,1,1.0000,-1
210,28172,870.00,237.00,27.00,22.00,1,7,0.1799,-1
210,76986,812.00,234.00,23.00,25.00,1,1,0.9367,-1
210,44314,53.00,7.00,46.00,40.00,1,1,1.0000,-1
210,37790,90.00,0.00,257.00,111.00,1,1,1.0000,-1
210,82065,139.00,362.00,138.00,94.00,1,1,1.0000,-1
210,46800,732.00,282.00,15.00,20.00,1,7,0.8917,-1
210,66056,737.00,329.00,6.00,6.00,1,7,1.0000,-1
210,99758,519.00,329.00,40.00,23.00,1,1,1.0000,-1
210,35125,170.00,275.00,44.00,18.00,1,1,0.4125,-1
210,45934,209.00,318.00,30.00,17.00,1,1,1.0000,-1
211,28172,867.00,237.00,28.00,22.00,1,7,0.1728,-1
211,76986,809.00,234.00,23.00,25.00,1,1,0.9385,-1
211,44314,41.00,8.00,46.00,39.00,1,1,1.0000,-1
211,37790,78.00,0.00,259.00,111.00,1,1,1.0000,-1
211,82065,125.00,362.00,141.00,94.00,1,1,1.0000,-1
211,46800,731.00,282.00,15.00,20.00,1,7,0.8813,-1
211,66056,735.00,329.00,6.00,6.00,1,7,1.0000,-1
211,99758,517.00,329.00,40.00,23.00,1,1,1.0000,-1
211,35125,168.00,271.00,43.00,22.00,1,1,0.4069,-1
211,45934,206.00,318.00,25.00,17.00,1,1,0.8860,-1
212,28172,864.00,238.00,15.00,21.00,1,7,0.1632,-1
212,76986,806.00,234.00,23.00,25.00,1,1,0.9384,-1
212,44314,29.00,9.00,47.00,39.00,1,1,1.0000,-1
212,37790,66.00,0.00,261.00,112.00,1,1,1.0000,-1
212,82065,112.00,362.00,144.00,95.00,1,1,1.0000,-1
212,46800,729.00,282.00,15.00,20.00,1,7,0.8993,-1
212,66056,734.00,329.00,6.00,7.00,1,7,1.0000,-1
212,99758,515.00,330.00,40.00,23.00,1,1,1.0000,-1
212,35125,165.00,272.00,41.00,22.00,1,1,0.3881,-1
212,45934,204.00,318.00,18.00,16.00,1,7,0.6203,-1
213,28172,861.00,238.00,28.00,21.00,1,7,0.1597,-1
213,76986,804.00,235.00,22.00,25.00,1,1,0.9298,-1
213,44314,18.00,9.00,47.00,39.00,1,1,1.0000,-1
213,37790,53.00,0.00,264.00,112.00,1,1,0.9999,-1
213,82065,99.00,363.00,146.00,94.00,1,1,1.0000,-1
213,46800,728.00,282.00,15.00,20.00,1,7,0.8853,-1
213,66056,733.00,329.00,6.00,7.00,1,7,1.0000,-1
213,99758,514.00,330.00,40.00,23.00,1,1,1.0000,-1
213,35125,163.00,276.00,36.00,18.00,1,1,0.3412,-1
213,45934,201.00,319.00,12.00,13.00,1,7,0.3236,-1
214,28172,859.00,239.00,14.00,21.00,1,7,0.1515,-1
214,76986,801.00,235.00,23.00,25.00,1,1,0.9402,-1
214,44314,6.00,10.00,48.00,39.00,1,1,1.0000,-1
214,37790,41.00,0.00,267.00,112.00,1,1,1.0000,-1
214,82065,85.00,363.00,150.00,94.00,1,1,1.0000,-1
214,46800,727.00,282.00,15.00,20.00,1,7,0.8736,-1
214,66056,731.00,330.00,7.00,6.00,1,7,1.0000,-1
214,99758,512.00,330.00,40.00,23.00,1,1,1.0000,-1
214,35125,160.00,277.00,32.00,17.00,1,1,0.2898,-1
214,45934,199.00,319.00,5.00,8.00,1,7,0.0954,-1
215,28172,856.00,234.00,21.00,26.00,1,7,0.1532,-1
215,76986,799.00,235.00,22.00,25.00,1,1,0.9378,-1
215,44314,0.00,10.00,43.00,39.00,1,1,1.0000,-1
215,37790,30.00,0.00,268.00,113.00,1,1,1.0000,-1
215,82065,72.00,363.00,152.00,95.00,1,1,1.0000,-1
215,46800,725.00,283.00,16.00,20.00,1,7,0.8781,-1
215,66056,730.00,330.00,6.00,6.00,1,7,1.0000,-1
215,99758,510.00,330.00,40.00,23.00,1,1,1.0000,-1
215,35125,158.00,277.00,18.00,17.00,1,7,0.2538,-1
216,28172,853.00,234.00,23.00,26.00,1,7,0.1493,-1
216,76986,796.00,236.00,22.00,25.00,1,1,0.9374,-1
216,44314,0.00,11.00,32.00,39.00,1,1,1.0000,-1
216,37790,17.00,0.00,271.00,113.00,1,1,1.0000,-1
216,82065,59.00,364.00,155.00,94.00,1,1,1.0000,-1
216,46800,724.00,283.00,15.00,20.00,1,7,0.8824,-1
216,66056,729.00,330.00,6.00,7.00,1,7,1.0000,-1
216,99758,509.00,330.00,40.00,24.00,1,1,1.0000,-1
216,35125,155.00,280.00,19.00,15.00,1,7,0.2195,-1
217,28172,851.00,234.00,22.00,26.00,1,7,0.1452,-1
217,76986,793.00,236.00,23.00,25.00,1,1,0.9274,-1
217,44314,0.00,17.00,21.00,33.00,1,1,1.0000,-1
217,37790,5.00,0.00,273.00,114.00,1,1,1.0000,-1
217,82065,45.00,364.00,158.00,95.00,1,1,1.0000,-1
217,46800,723.00,283.00,15.00,20.00,1,7,0.8777,-1
217,66056,727.00,330.00,7.00,6.00,1,7,1.0000,-1
217,99758,507.00,331.00,40.00,23.00,1,1,1.0000,-1
217,35125,153.00,285.00,14.00,10.00,1,7,0.1012,-1
218,28172,848.00,234.00,24.00,27.00,1,7,0.1599,-1
218,76986,791.00,236.00,22.00,25.00,1,1,0.9375,-1
218,44314,0.00,24.00,10.00,26.00,1,7,1.0000,-1
218,37790,0.00,0.00,268.00,114.00,1,1,0.9999,-1
218,82065,32.00,365.00,161.00,94.00,1,1,1.0000,-1
218,46800,722.00,283.00,14.00,20.00,1,7,0.8750,-1
218,66056,726.00,330.00,6.00,7.00,1,7,1.0000,-1
218,99758,505.00,331.00,40.00,23.00,1,1,1.0000,-1
218,35125,150.00,290.00,6.00,4.00,1,7,0.0206,-1
219,28172,845.00,234.00,25.00,27.00,1,7,0.1551,-1
219,76986,788.00,236.00,22.00,25.00,1,1,0.9393,-1
219,37790,0.00,0.00,259.00,115.00,1,1,1.0000,-1
219,82065,19.00,365.00,164.00,94.00,1,1,1.0000,-1
219,46800,720.00,283.00,15.00,20.00,1,7,0.8732,-1
219,66056,725.00,330.00,6.00,7.00,1,7,1.0000,-1
219,99758,504.00,331.00,40.00,23.00,1,1,1.0000,-1
220,28172,842.00,234.00,26.00,27.00,1,7,0.1546,-1
220,76986,786.00,237.00,22.00,24.00,1,1,0.9325,-1
220,37790,0.00,0.00,249.00,115.00,1,1,1.0000,-1
220,82065,5.00,365.00,167.00,95.00,1,1,1.0000,-1
220,46800,719.00,283.00,15.00,21.00,1,7,0.8691,-1
220,66056,724.00,331.00,6.00,6.00,1,7,1.0000,-1
220,99758,502.00,331.00,40.00,23.00,1,1,1.0000,-1
221,28172,839.00,234.00,26.00,27.00,1,7,0.1545,-1
221,76986,783.00,237.00,22.00,25.00,1,1,0.9308,-1
221,37790,0.00,0.00,239.00,115.00,1,1,0.9999,-1
221,82065,0.00,365.00,162.00,95.00,1,1,1.0000,-1
221,46800,718.00,284.00,15.00,20.00,1,7,0.8759,-1
221,66056,723.00,331.00,6.00,6.00,1,7,1.0000,-1
221,99758,500.00,331.00,41.00,23.00,1,1,1.0000,-1
222,28172,837.00,235.00,26.00,26.00,1,7,0.1591,-1
222,76986,781.00,237.00,21.00,25.00,1,1,0.9321,-1
222,37790,0.00,0.00,230.00,115.00,1,1,1.0000,-1
222,82065,0.00,365.00,152.00,95.00,1,1,1.0000,-1
222,46800,717.00,284.00,15.00,20.00,1,7,0.8664,-1
222,66056,721.00,331.00,6.00,7.00,1,7,1.0000,-1
222,99758,498.00,331.00,41.00,23.00,1,1,1.0000,-1
223,28172,834.00,235.00,26.00,27.00,1,7,0.1702,-1
223,76986,778.00,237.00,22.00,25.00,1,1,0.9346,-1
223,37790,0.00,0.00,220.00,115.00,1,1,0.9999,-1
223,82065,0.00,365.00,142.00,94.00,1,1,1.0000,-1
223,46800,716.00,284.00,14.00,20.00,1,7,0.8708,-1
223,66056,720.00,331.00,6.00,7.00,1,7,1.0000,-1
223,99758,497.00,331.00,40.00,23.00,1,1,1.0000,-1
224,28172,832.00,235.00,27.00,27.00,1,7,0.1713,-1
224,76986,776.00,237.00,21.00,25.00,1,1,0.9319,-1
224,37790,0.00,0.00,211.00,115.00,1,1,1.0000,-1
224,82065,0.00,365.00,132.00,94.00,1,1,1.0000,-1
224,46800,715.00,284.00,14.00,20.00,1,7,0.8608,-1
224,66056,719.00,331.00,6.00,7.00,1,7,1.0000,-1
224,99758,495.00,331.00,41.00,23.00,1,1,1.0000,-1
225,28172,829.00,235.00,27.00,27.00,1,7,0.1815,-1
225,76986,773.00,238.00,22.00,24.00,1,1,0.9301,-1
225,37790,0.00,0.00,201.00,114.00,1,1,0.9999,-1
225,82065,0.00,364.00,122.00,95.00,1,1,1.0000,-1
225,46800,714.00,284.00,14.00,20.00,1,7,0.8681,-1
225,66056,718.00,332.00,6.00,6.00,1,7,1.0000,-1
225,99758,494.00,331.00,40.00,23.00,1,1,1.0000,-1
226,28172,841.00,228.00,27.00,27.00,1,7,0.1814,-1
226,76986,784.00,232.00,22.00,25.00,1,1,0.9283,-1
226,37790,0.00,0.00,210.00,124.00,1,1,0.9999,-1
226,82065,0.00,372.00,137.00,94.00,1,1,1.0000,-1
226,46800,724.00,280.00,15.00,20.00,1,7,0.8643,-1
226,66056,729.00,328.00,6.00,6.00,1,7,1.0000,-1
226,99758,504.00,331.00,40.00,23.00,1,1,1.0000,-1
227,28172,864.00,224.00,29.00,27.00,1,7,0.1869,-1
227,76986,805.00,228.00,23.00,25.00,1,1,0.9294,-1
227,83425,0.00,0.00,12.00,16.00,1,7,0.1000,-1
227,37790,0.00,0.00,233.00,130.00,1,1,0.9936,-1
227,82065,0.00,374.00,165.00,90.00,1,1,1.0000,-1
227,46800,744.00,277.00,15.00,21.00,1,7,0.8685,-1
227,66056,749.00,326.00,6.00,6.00,1,7,1.0000,-1
227,99758,521.00,331.00,40.00,23.00,1,1,1.0000,-1
228,28172,892.00,225.00,30.00,28.00,1,7,0.1828,-1
228,76986,831.00,229.00,24.00,26.00,1,1,0.9298,-1
228,83425,0.00,0.00,66.00,34.00,1,1,0.5090,-1
228,44314,0.00,49.00,31.00,33.00,1,1,1.0000,-1
228,37790,10.00,0.00,254.00,130.00,1,1,0.9343,-1
228,82065,37.00,367.00,157.00,88.00,1,1,1.0000,-1
228,46800,766.00,279.00,16.00,20.00,1,7,0.8618,-1
228,66056,771.00,328.00,6.00,7.00,1,7,1.0000,-1
228,99758,539.00,331.00,41.00,23.00,1,1,1.0000,-1
229,28172,906.00,225.00,31.00,29.00,1,7,0.1761,-1
229,76986,843.00,229.00,25.00,27.00,1,1,0.9327,-1
229,83425,0.00,0.00,85.00,32.00,1,1,0.6043,-1
229,44314,4.00,47.00,46.00,34.00,1,1,1.0000,-1
229,37790,30.00,0.00,249.00,128.00,1,1,0.9328,-1
229,82065,54.00,364.00,154.00,86.00,1,1,1.0000,-1
229,46800,777.00,280.00,15.00,21.00,1,7,0.8553,-1
229,66056,781.00,329.00,7.00,7.00,1,7,1.0000,-1
229,99758,547.00,330.00,41.00,23.00,1,1,1.0000,-1
230,28172,915.00,224.00,31.00,29.00,1,7,0.1710,-1
230,76986,851.00,228.00,25.00,27.00,1,1,0.9358,-1
230,83425,0.00,0.00,93.00,34.00,1,1,0.6412,-1
230,44314,14.00,49.00,45.00,33.00,1,1,1.0000,-1
230,37790,39.00,0.00,246.00,129.00,1,1,0.9263,-1
230,82065,63.00,364.00,152.00,85.00,1,1,1.0000,-1
230,46800,784.00,279.00,16.00,21.00,1,7,0.8686,-1
230,66056,788.00,328.00,7.00,7.00,1,7,1.0000,-1
230,99758,553.00,330.00,41.00,23.00,1,1,1.0000,-1
231,28172,924.00,222.00,32.00,30.00,1,7,0.1753,-1
231,76986,859.00,227.00,26.00,27.00,1,1,0.9306,-1
231,83425,0.00,0.00,129.00,38.00,1,1,0.6740,-1
231,44314,24.00,53.00,44.00,32.00,1,1,1.0000,-1
231,37790,49.00,0.00,243.00,130.00,1,1,0.9152,-1
231,82065,72.00,364.00,150.00,85.00,1,1,1.0000,-1
231,46800,791.00,278.00,16.00,21.00,1,7,0.8621,-1
231,66056,795.00,328.00,7.00,7.00,1,7,1.0000,-1
231,99758,559.00,330.00,41.00,23.00,1,1,1.0000,-1
232,28172,937.00,221.00,32.00,30.00,1,7,0.1789,-1
232,76986,871.00,226.00,25.00,27.00,1,1,0.9279,-1
232,83425,0.00,0.00,169.00,43.00,1,1,0.7215,-1
232,44314,41.00,58.00,43.00,31.00,1,1,1.0000,-1
232,37790,65.00,0.00,238.00,133.00,1,1,0.8987,-1
232,82065,88.00,364.00,146.00,84.00,1,1,1.0000,-1
232,46800,801.00,278.00,16.00,21.00,1,7,0.8584,-1
232,66056,805.00,328.00,8.00,7.00,1,7,1.0000,-1
232,99758,567.00,330.00,41.00,24.00,1,1,1.0000,-1
233,28172,949.00,219.00,33.00,30.00,1,7,0.1701,-1
233,76986,881.00,224.00,26.00,28.00,1,1,0.9326,-1
233,83425,0.00,0.00,182.00,47.00,1,1,0.7659,-1
233,44314,55.00,62.00,42.00,31.00,1,1,1.0000,-1
233,37790,79.00,0.00,233.00,135.00,1,1,0.8840,-1
233,82065,102.00,364.00,142.00,84.00,1,1,1.0000,-1
233,46800,810.00,277.00,17.00,21.00,1,7,0.8618,-1
233,66056,815.00,327.00,7.00,7.00,1,7,1.0000,-1
233,99758,574.00,330.00,42.00,23.00,1,1,1.0000,-1
234,28172,961.00,217.00,34.00,31.00,1,7,0.1755,-1
234,76986,892.00,223.00,26.00,27.00,1,1,0.9314,-1
234,83425,0.00,0.00,195.00,51.00,1,1,0.8017,-1
234,44314,68.00,65.00,41.00,31.00,1,1,1.0000,-1
234,37790,91.00,4.00,230.00,133.00,1,1,0.8730,-1
234,82065,114.00,365.00,140.00,82.00,1,1,1.0000,-1
234,46800,820.00,276.00,16.00,22.00,1,7,0.8609,-1
234,66056,824.00,327.00,8.00,7.00,1,7,1.0000,-1
234,99758,582.00,330.00,41.00,23.00,1,1,1.0000,-1
235,28172,969.00,217.00,34.00,31.00,1,7,0.1695,-1
235,76986,899.00,223.00,27.00,28.00,1,1,0.9313,-1
235,83425,0.00,0.00,205.00,54.00,1,1,0.8236,-1
235,44314,77.00,68.00,40.00,31.00,1,1,1.0000,-1
235,37790,100.00,7.00,227.00,131.00,1,1,0.8667,-1
235,82065,122.00,365.00,138.00,82.00,1,1,1.0000,-1
235,46800,826.00,277.00,17.00,21.00,1,7,0.8571,-1
235,66056,831.00,328.00,7.00,7.00,1,7,1.0000,-1
235,99758,587.00,330.00,41.00,24.00,1,1,1.0000,-1
236,28172,974.00,217.00,35.00,30.00,1,7,0.1793,-1
236,76986,904.00,223.00,27.00,27.00,1,1,0.9335,-1
236,83425,0.00,0.00,210.00,55.00,1,1,0.8349,-1
236,44314,82.00,70.00,40.00,30.00,1,1,1.0000,-1
236,37790,105.00,9.00,225.00,130.00,1,1,0.8644,-1
236,82065,126.00,365.00,137.00,82.00,1,1,1.0000,-1
236,46800,830.00,276.00,18.00,22.00,1,7,0.8644,-1
236,66056,835.00,328.00,7.00,7.00,1,7,1.0000,-1
236,99758,590.00,331.00,42.00,23.00,1,1,1.0000,-1
237,28172,981.00,214.00,35.00,31.00,1,7,0.1765,-1
237,76986,910.00,221.00,27.00,27.00,1,1,0.9329,-1
237,83425,0.00,0.00,215.00,57.00,1,1,0.8437,-1
237,44314,87.00,72.00,40.00,29.00,1,1,1.0000,-1
237,37790,110.00,10.00,223.00,130.00,1,1,0.8635,-1
237,82065,131.00,365.00,136.00,81.00,1,1,1.0000,-1
237,46800,836.00,275.00,17.00,22.00,1,7,0.8627,-1
237,66056,841.00,326.00,7.00,8.00,1,7,1.0000,-1
237,99758,594.00,330.00,42.00,23.00,1,1,1.0000,-1
238,28172,988.00,210.00,35.00,32.00,1,7,0.1795,-1
238,76986,916.00,217.00,28.00,28.00,1,1,0.9299,-1
238,83425,0.00,0.00,219.00,58.00,1,1,0.8494,-1
238,44314,92.00,73.00,39.00,29.00,1,1,1.0000,-1
238,37790,114.00,11.00,222.00,129.00,1,1,0.8641,-1
238,82065,137.00,364.00,135.00,81.00,1,1,1.0000,-1
238,46800,841.00,272.00,18.00,22.00,1,7,0.8552,-1
238,66056,846.00,324.00,8.00,7.00,1,7,1.0000,-1
238,99758,598.00,328.00,42.00,24.00,1,1,1.0000,-1
239,28172,997.00,209.00,26.00,31.00,1,7,0.1840,-1
239,76986,924.00,216.00,28.00,28.00,1,1,0.9287,-1
239,83425,1.00,0.00,224.00,61.00,1,1,0.8607,-1
239,44314,100.00,75.00,38.00,30.00,1,1,1.0000,-1
239,37790,121.00,13.00,220.00,128.00,1,1,0.8646,-1
239,82065,144.00,364.00,133.00,81.00,1,1,1.0000,-1
239,46800,849.00,271.00,17.00,22.00,1,7,0.8610,-1
239,66056,854.00,323.00,7.00,8.00,1,7,1.0000,-1
239,99758,603.00,328.00,43.00,24.00,1,1,1.0000,-1
240,28172,1007.00,215.00,16.00,23.00,1,7,0.2790,-1
240,76986,933.00,214.00,29.00,28.00,1,1,0.9302,-1
240,83425,12.00,0.00,220.00,64.00,1,1,0.8694,-1
240,44314,108.00,78.00,38.00,29.00,1,1,1.0000,-1
240,37790,129.00,16.00,218.00,126.00,1,1,0.8654,-1
240,82065,152.00,365.00,132.00,79.00,1,1,1.0000,-1
240,46800,856.00,270.00,18.00,22.00,1,7,0.8640,-1
240,66056,861.00,323.00,8.00,7.00,1,7,1.0000,-1
240,99758,609.00,328.00,43.00,23.00,1,1,1.0000,-1
241,76986,950.00,212.00,30.00,29.00,1,1,0.9322,-1
241,83425,34.00,0.00,215.00,69.00,1,1,0.8843,-1
241,44314,127.00,83.00,37.00,28.00,1,1,1.0000,-1
241,37790,147.00,20.00,213.00,125.00,1,1,0.8654,-1
241,82065,169.00,365.00,129.00,79.00,1,1,1.0000,-1
241,46800,871.00,269.00,19.00,23.00,1,7,0.8625,-1
241,66056,876.00,323.00,8.00,7.00,1,7,1.0000,-1
241,99758,620.00,328.00,43.00,24.00,1,1,1.0000,-1
242,76986,961.00,214.00,31.00,30.00,1,1,0.9289,-1
242,83425,51.00,0.00,212.00,74.00,1,1,0.8956,-1
242,44314,141.00,88.00,35.00,27.00,1,1,1.0000,-1
242,37790,161.00,26.00,209.00,122.00,1,1,0.8663,-1
242,82065,180.00,366.00,127.00,78.00,1,1,1.0000,-1
242,46800,881.00,272.00,19.00,23.00,1,7,0.8639,-1
242,66056,886.00,325.00,8.00,8.00,1,7,1.0000,-1
242,99758,627.00,330.00,43.00,24.00,1,1,1.0000,-1
243,76986,967.00,215.00,31.00,30.00,1,1,0.9301,-1
243,83425,58.00,0.00,210.00,77.00,1,1,0.9010,-1
243,44314,146.00,90.00,36.00,27.00,1,1,1.0000,-1
243,37790,167.00,28.00,206.00,122.00,1,1,0.8663,-1
243,82065,185.00,367.00,125.00,77.00,1,1,1.0000,-1
243,46800,886.00,273.00,19.00,23.00,1,7,0.8617,-1
243,66056,892.00,327.00,8.00,7.00,1,7,1.0000,-1
243,99758,631.00,331.00,43.00,24.00,1,1,1.0000,-1
244,76986,974.00,212.00,32.00,30.00,1,1,0.9303,-1
244,83425,63.00,0.00,208.00,78.00,1,1,0.9025,-1
244,44314,151.00,91.00,35.00,27.00,1,1,1.0000,-1
244,37790,171.00,29.00,205.00,121.00,1,1,0.8669,-1
244,82065,189.00,366.00,125.00,77.00,1,1,1.0000,-1
244,46800,893.00,271.00,20.00,23.00,1,7,0.8699,-1
244,66056,898.00,325.00,9.00,7.00,1,7,1.0000,-1
244,99758,636.00,330.00,43.00,24.00,1,1,1.0000,-1
245,76986,983.00,207.00,32.00,30.00,1,1,0.9323,-1
245,83425,68.00,0.00,206.00,79.00,1,1,0.9033,-1
245,44314,155.00,92.00,35.00,27.00,1,1,1.0000,-1
245,37790,174.00,29.00,205.00,120.00,1,1,0.8674,-1
245,82065,195.00,365.00,124.00,77.00,1,1,1.0000,-1
245,46800,901.00,267.00,19.00,23.00,1,7,0.8673,-1
245,66056,906.00,321.00,8.00,8.00,1,7,1.0000,-1
245,99758,641.00,327.00,43.00,24.00,1,1,1.0000,-1
246,76986,999.00,201.00,24.00,31.00,1,1,0.9470,-1
246,83425,82.00,0.00,202.00,82.00,1,1,0.9068,-1
246,44314,168.00,94.00,34.00,27.00,1,1,1.0000,-1
246,37790,187.00,31.00,202.00,118.00,1,1,0.8685,-1
246,82065,208.00,365.00,121.00,76.00,1,1,1.0000,-1
246,46800,915.00,263.00,20.00,23.00,1,7,0.8575,-1
246,66056,920.00,318.00,9.00,8.00,1,7,1.0000,-1
246,99758,650.00,325.00,45.00,25.00,1,1,1.0000,-1
247,76986,1017.00,206.00,6.00,26.00,1,7,1.0000,-1
247,83425,102.00,0.00,197.00,87.00,1,1,0.9143,-1
247,44314,184.00,99.00,33.00,26.00,1,1,1.0000,-1
247,20785,351.00,0.00,0.00,0.00,1,7,0.1429,-1
247,37790,203.00,36.00,198.00,116.00,1,1,0.8690,-1
247,82065,222.00,366.00,119.00,75.00,1,1,1.0000,-1
247,46800,929.00,263.00,21.00,24.00,1,1,0.8624,-1
247,66056,935.00,319.00,9.00,8.00,1,7,1.0000,-1
247,99758,661.00,327.00,44.00,24.00,1,1,1.0000,-1
248,83425,113.00,0.00,195.00,91.00,1,1,0.9210,-1
248,44314,193.00,103.00,33.00,26.00,1,1,1.0000,-1
248,20785,358.00,0.00,26.00,5.00,1,7,0.7879,-1
248,37790,212.00,41.00,195.00,115.00,1,1,0.8690,-1
248,82065,228.00,368.00,118.00,74.00,1,1,1.0000,-1
248,46800,937.00,268.00,21.00,24.00,1,1,0.8605,-1
248,66056,942.00,325.00,9.00,7.00,1,7,1.0000,-1
248,99758,665.00,330.00,45.00,25.00,1,1,1.0000,-1
249,83425,110.00,0.00,195.00,90.00,1,1,0.9194,-1
249,44314,191.00,102.00,33.00,26.00,1,1,1.0000,-1
249,20785,356.00,0.00,21.00,4.00,1,7,0.7317,-1
249,37790,209.00,40.00,196.00,115.00,1,1,0.8695,-1
249,82065,227.00,367.00,118.00,75.00,1,1,1.0000,-1
249,46800,938.00,266.00,21.00,24.00,1,1,0.8641,-1
249,66056,944.00,322.00,9.00,8.00,1,7,1.0000,-1
249,99758,666.00,329.00,45.00,24.00,1,1,1.0000,-1
250,83425,114.00,0.00,193.00,90.00,1,1,0.9179,-1
250,44314,195.00,102.00,32.00,25.00,1,1,1.0000,-1
250,20785,359.00,0.00,13.00,1.00,1,7,0.3889,-1
250,37790,213.00,38.00,195.00,115.00,1,1,0.8703,-1
250,82065,233.00,365.00,118.00,75.00,1,1,1.0000,-1
250,46800,948.00,257.00,21.00,25.00,1,1,0.8595,-1
250,66056,954.00,315.00,9.00,8.00,1,7,1.0000,-1
250,99758,672.00,324.00,46.00,24.00,1,1,1.0000,-1
251,83425,138.00,0.00,188.00,94.00,1,1,0.9233,-1
251,44314,215.00,105.00,32.00,26.00,1,1,1.0000,-1
251,20785,375.00,0.00,20.00,4.00,1,7,0.6932,-1
251,37790,233.00,42.00,192.00,113.00,1,1,0.8709,-1
251,82065,253.00,365.00,114.00,74.00,1,1,1.0000,-1
251,46800,969.00,257.00,23.00,24.00,1,1,0.8569,-1
251,66056,975.00,315.00,10.00,8.00,1,7,1.0000,-1
251,99758,687.00,324.00,46.00,25.00,1,1,1.0000,-1
252,83425,153.00,0.00,188.00,99.00,1,1,0.9285,-1
252,44314,229.00,110.00,30.00,24.00,1,1,1.0000,-1
252,20785,384.00,0.00,31.00,9.00,1,7,0.8451,-1
252,37790,246.00,47.00,189.00,111.00,1,1,0.8706,-1
252,82065,264.00,367.00,112.00,73.00,1,1,1.0000,-1
252,46800,983.00,259.00,23.00,25.00,1,1,0.8569,-1
252,66056,989.00,318.00,10.00,8.00,1,7,1.0000,-1
252,99758,695.00,327.00,47.00,25.00,1,1,1.0000,-1
253,83425,164.00,0.00,189.00,103.00,1,1,0.9330,-1
253,44314,237.00,114.00,31.00,24.00,1,1,1.0000,-1
253,20785,391.00,0.00,40.00,13.00,1,7,0.9106,-1
253,37790,255.00,52.00,186.00,110.00,1,1,0.8709,-1
253,82065,270.00,369.00,112.00,72.00,1,1,1.0000,-1
253,46800,991.00,264.00,23.00,25.00,1,1,0.8600,-1
253,66056,997.00,323.00,10.00,8.00,1,7,1.0000,-1
253,99758,701.00,330.00,46.00,25.00,1,1,1.0000,-1
254,83425,162.00,0.00,185.00,100.00,1,1,0.9285,-1
254,44314,236.00,110.00,31.00,25.00,1,1,1.0000,-1
254,20785,390.00,0.00,28.00,7.00,1,7,0.8087,-1
254,37790,253.00,47.00,188.00,110.00,1,1,0.8717,-1
254,82065,272.00,365.00,112.00,73.00,1,1,1.0000,-1
254,46800,997.00,254.00,24.00,25.00,1,1,0.8618,-1
254,66056,1003.00,313.00,11.00,9.00,1,7,1.0000,-1
254,99758,704.00,324.00,47.00,25.00,1,1,1.0000,-1
255,83425,174.00,0.00,183.00,101.00,1,1,0.9294,-1
255,44314,247.00,112.00,30.00,24.00,1,1,1.0000,-1
255,20785,399.00,0.00,28.00,8.00,1,7,0.8063,-1
255,37790,264.00,48.00,186.00,110.00,1,1,0.8728,-1
255,82065,284.00,365.00,110.00,72.00,1,1,1.0000,-1
255,46800,1013.00,250.00,10.00,24.00,1,7,1.0000,-1
255,66056,1019.00,311.00,4.00,8.00,1,7,1.0000,-1
255,99758,714.00,322.00,48.00,25.00,1,1,1.0000,-1
256,83425,187.00,0.00,182.00,105.00,1,1,0.9333,-1
256,44314,258.00,115.00,29.00,24.00,1,1,1.0000,-1
256,20785,408.00,0.00,33.00,11.00,1,7,0.8800,-1
256,37790,275.00,51.00,183.00,109.00,1,1,0.8723,-1
256,82065,293.00,366.00,109.00,71.00,1,1,1.0000,-1
256,99758,722.00,324.00,48.00,25.00,1,1,1.0000,-1
257,83425,195.00,0.00,181.00,108.00,1,1,0.9358,-1
257,44314,266.00,119.00,29.00,23.00,1,1,1.0000,-1
257,20785,413.00,0.00,41.00,15.00,1,7,0.9224,-1
257,37790,282.00,55.00,182.00,108.00,1,1,0.8728,-1
257,82065,298.00,368.00,109.00,71.00,1,1,1.0000,-1
257,99758,727.00,327.00,49.00,25.00,1,1,1.0000,-1
258,83425,203.00,0.00,179.00,111.00,1,1,0.9379,-1
258,44314,271.00,121.00,29.00,24.00,1,1,1.0000,-1
258,20785,417.00,0.00,42.00,18.00,1,1,0.9233,-1
258,37790,288.00,59.00,180.00,106.00,1,1,0.8731,-1
258,82065,303.00,369.00,107.00,71.00,1,1,1.0000,-1
258,99758,732.00,329.00,49.00,26.00,1,1,1.0000,-1
259,83425,207.00,0.00,178.00,112.00,1,1,0.9379,-1
259,44314,276.00,122.00,28.00,23.00,1,1,1.0000,-1
259,20785,420.00,0.00,42.00,18.00,1,1,0.9229,-1
259,37790,292.00,59.00,180.00,106.00,1,1,0.8739,-1
259,82065,307.00,368.00,107.00,71.00,1,1,1.0000,-1
259,99758,738.00,328.00,49.00,25.00,1,1,1.0000,-1
260,83425,210.00,0.00,178.00,111.00,1,1,0.9375,-1
260,44314,279.00,121.00,29.00,24.00,1,1,1.0000,-1
260,20785,423.00,0.00,41.00,16.00,1,1,0.9294,-1
260,37790,295.00,58.00,180.00,106.00,1,1,0.8743,-1
260,82065,311.00,367.00,107.00,71.00,1,1,1.0000,-1
260,99758,743.00,325.00,50.00,26.00,1,1,1.0000,-1
261,83425,214.00,0.00,176.00,111.00,1,1,0.9364,-1
261,44314,283.00,120.00,28.00,23.00,1,1,1.0000,-1
261,20785,426.00,0.00,37.00,14.00,1,7,0.9096,-1
261,37790,298.00,56.00,180.00,106.00,1,1,0.8752,-1
261,82065,316.00,365.00,107.00,70.00,1,1,1.0000,-1
261,99758,749.00,321.00,50.00,26.00,1,1,1.0000,-1
261,28051,0.00,319.00,1.00,4.00,1,7,0.1944,-1
262,83425,230.00,0.00,172.00,113.00,1,1,0.9371,-1
262,44314,297.00,122.00,27.00,23.00,1,1,1.0000,-1
262,20785,438.00,0.00,38.00,15.00,1,7,0.9064,-1
262,37790,312.00,58.00,178.00,105.00,1,1,0.8759,-1
262,82065,330.00,365.00,105.00,70.00,1,1,1.0000,-1
262,99758,763.00,320.00,51.00,26.00,1,1,1.0000,-1
262,28051,0.00,312.00,22.00,20.00,1,1,0.6884,-1
263,83425,242.00,0.00,170.00,116.00,1,1,0.9398,-1
263,44314,307.00,126.00,28.00,22.00,1,1,1.0000,-1
263,20785,447.00,0.00,41.00,18.00,1,1,0.9308,-1
263,37790,323.00,61.00,175.00,104.00,1,1,0.8756,-1
263,82065,339.00,366.00,104.00,70.00,1,1,1.0000,-1
263,99758,771.00,322.00,52.00,26.00,1,1,1.0000,-1
263,28051,14.00,313.00,21.00,19.00,1,1,0.5674,-1
264,83425,250.00,0.00,169.00,120.00,1,1,0.9416,-1
264,44314,314.00,129.00,27.00,23.00,1,1,1.0000,-1
264,20785,453.00,0.00,41.00,23.00,1,1,0.9220,-1
264,37790,330.00,66.00,174.00,103.00,1,1,0.8761,-1
264,82065,344.00,369.00,103.00,69.00,1,1,1.0000,-1
264,99758,777.00,326.00,52.00,26.00,1,1,1.0000,-1
264,28051,23.00,313.00,21.00,19.00,1,1,0.5665,-1
265,83425,249.00,0.00,169.00,119.00,1,1,0.9409,-1
265,44314,314.00,129.00,27.00,22.00,1,1,1.0000,-1
265,20785,452.00,0.00,41.00,21.00,1,1,0.9210,-1
265,37790,329.00,65.00,174.00,103.00,1,1,0.8766,-1
265,82065,343.00,368.00,104.00,69.00,1,1,1.0000,-1
265,99758,778.00,325.00,53.00,26.00,1,1,1.0000,-1
265,28051,25.00,313.00,21.00,19.00,1,1,0.5747,-1
266,83425,250.00,0.00,169.00,117.00,1,1,0.9388,-1
266,44314,315.00,126.00,27.00,22.00,1,1,1.0000,-1
266,20785,453.00,0.00,40.00,17.00,1,1,0.9219,-1
266,37790,330.00,61.00,175.00,103.00,1,1,0.8772,-1
266,82065,347.00,365.00,104.00,69.00,1,1,1.0000,-1
266,99758,784.00,319.00,54.00,27.00,1,1,1.0000,-1
266,28051,33.00,314.00,21.00,19.00,1,1,0.5720,-1
267,83425,264.00,0.00,166.00,120.00,1,1,0.9407,-1
267,44314,327.00,129.00,27.00,22.00,1,1,1.0000,-1
267,20785,464.00,0.00,41.00,20.00,1,1,0.9282,-1
267,37790,342.00,65.00,173.00,102.00,1,1,0.8770,-1
267,82065,358.00,367.00,103.00,68.00,1,1,1.0000,-1
267,99758,795.00,321.00,54.00,27.00,1,1,1.0000,-1
267,28051,49.00,315.00,19.00,18.00,1,7,0.5632,-1
268,83425,268.00,0.00,166.00,123.00,1,1,0.9418,-1
268,44314,331.00,132.00,26.00,22.00,1,1,1.0000,-1
268,20785,467.00,0.00,41.00,24.00,1,1,0.9162,-1
268,37790,346.00,68.00,172.00,102.00,1,1,0.8779,-1
268,82065,360.00,369.00,102.00,68.00,1,1,1.0000,-1
268,99758,798.00,325.00,54.00,27.00,1,1,1.0000,-1
268,28051,53.00,315.00,20.00,19.00,1,7,0.5673,-1
269,83425,270.00,0.00,165.00,121.00,1,1,0.9405,-1
269,44314,333.00,129.00,27.00,22.00,1,1,1.0000,-1
269,20785,469.00,0.00,40.00,19.00,1,1,0.9336,-1
269,37790,348.00,64.00,173.00,102.00,1,1,0.8786,-1
269,82065,364.00,365.00,103.00,69.00,1,1,1.0000,-1
269,99758,805.00,318.00,55.00,27.00,1,1,1.0000,-1
269,28051,62.00,315.00,19.00,19.00,1,7,0.5741,-1
270,83425,285.00,0.00,163.00,123.00,1,1,0.9411,-1
270,44314,347.00,132.00,26.00,21.00,1,1,1.0000,-1
270,20785,481.00,0.00,41.00,20.00,1,1,0.9355,-1
270,37790,362.00,66.00,171.00,101.00,1,1,0.8790,-1
270,82065,377.00,366.00,102.00,68.00,1,1,1.0000,-1
270,99758,819.00,318.00,56.00,28.00,1,1,1.0000,-1
270,28051,80.00,316.00,19.00,19.00,1,7,0.5629,-1
271,83425,294.00,0.00,162.00,126.00,1,1,0.9430,-1
271,44314,356.00,135.00,25.00,21.00,1,1,1.0000,-1
271,20785,489.00,0.00,41.00,24.00,1,1,0.9278,-1
271,37790,370.00,70.00,170.00,100.00,1,1,0.8788,-1
271,82065,385.00,367.00,100.00,68.00,1,1,1.0000,-1
271,99758,827.00,321.00,57.00,28.00,1,1,1.0000,-1
271,28051,91.00,317.00,18.00,18.00,1,7,0.5679,-1
272,83425,294.00,0.00,162.00,125.00,1,1,0.9426,-1
272,44314,355.00,134.00,26.00,21.00,1,1,1.0000,-1
272,20785,489.00,0.00,40.00,22.00,1,1,0.9298,-1
272,37790,370.00,69.00,170.00,100.00,1,1,0.8792,-1
272,82065,384.00,367.00,101.00,67.00,1,1,1.0000,-1
272,99758,829.00,319.00,58.00,28.00,1,1,1.0000,-1
272,28051,93.00,317.00,18.00,18.00,1,7,0.5686,-1
273,83425,304.00,0.00,160.00,126.00,1,1,0.9418,-1
273,44314,364.00,134.00,26.00,21.00,1,1,1.0000,-1
273,20785,497.00,0.00,40.00,21.00,1,1,0.9353,-1
273,37790,379.00,68.00,169.00,100.00,1,1,0.8797,-1
273,82065,394.00,366.00,100.00,67.00,1,1,1.0000,-1
273,99758,840.00,317.00,59.00,28.00,1,1,1.0000,-1
273,28051,106.00,318.00,18.00,18.00,1,7,0.5615,-1
274,83425,314.00,0.00,159.00,129.00,1,1,0.9432,-1
274,44314,373.00,137.00,26.00,21.00,1,1,1.0000,-1
274,20785,505.00,0.00,41.00,24.00,1,1,0.9294,-1
274,37790,388.00,72.00,169.00,99.00,1,1,0.8797,-1
274,82065,402.00,367.00,100.00,68.00,1,1,1.0000,-1
274,99758,849.00,319.00,60.00,29.00,1,1,1.0000,-1
274,28051,117.00,319.00,17.00,17.00,1,7,0.5612,-1
275,83425,320.00,0.00,159.00,130.00,1,1,0.9430,-1
275,44314,379.00,138.00,26.00,21.00,1,1,1.0000,-1
275,20785,511.00,0.00,41.00,25.00,1,1,0.9305,-1
275,37790,394.00,73.00,168.00,98.00,1,1,0.8805,-1
275,82065,408.00,368.00,99.00,67.00,1,1,1.0000,-1
275,99758,857.00,319.00,60.00,29.00,1,1,1.0000,-1
275,28051,125.00,319.00,17.00,18.00,1,7,0.5676,-1
276,83425,326.00,0.00,157.00,129.00,1,1,0.9425,-1
276,44314,385.00,137.00,25.00,21.00,1,1,1.0000,-1
276,20785,516.00,0.00,41.00,22.00,1,1,0.9364,-1
276,37790,399.00,71.00,169.00,99.00,1,1,0.8810,-1
276,82065,414.00,366.00,99.00,67.00,1,1,1.0000,-1
276,99758,865.00,316.00,62.00,29.00,1,1,1.0000,-1
276,28051,134.00,319.00,17.00,18.00,1,7,0.5706,-1
277,83425,340.00,0.00,156.00,131.00,1,1,0.9431,-1
277,44314,398.00,138.00,25.00,21.00,1,1,1.0000,-1
277,20785,529.00,0.00,40.00,23.00,1,1,0.9376,-1
277,37790,412.00,72.00,168.00,98.00,1,1,0.8809,-1
277,82065,427.00,366.00,99.00,67.00,1,1,1.0000,-1
277,99758,881.00,316.00,63.00,29.00,1,1,1.0000,-1
277,28051,150.00,320.00,17.00,17.00,1,7,0.5739,-1
278,83425,350.00,2.00,155.00,131.00,1,1,0.9430,-1
278,44314,408.00,140.00,24.00,21.00,1,1,1.0000,-1
278,20785,537.00,0.00,42.00,24.00,1,1,0.9402,-1
278,37790,421.00,74.00,168.00,98.00,1,1,0.8808,-1
278,82065,436.00,367.00,98.00,67.00,1,1,1.0000,-1
278,99758,893.00,316.00,64.00,30.00,1,1,1.0000,-1
278,28051,162.00,321.00,15.00,17.00,1,7,0.5668,-1
279,83425,354.00,3.00,155.00,130.00,1,1,0.9431,-1
279,44314,412.00,141.00,24.00,20.00,1,1,1.0000,-1
279,20785,541.00,0.00,41.00,24.00,1,1,0.9355,-1
279,37790,426.00,74.00,167.00,97.00,1,1,0.8817,-1
279,82065,440.00,367.00,98.00,66.00,1,1,1.0000,-1
279,99758,899.00,316.00,66.00,29.00,1,1,1.0000,-1
279,28051,168.00,321.00,16.00,17.00,1,7,0.5633,-1
280,83425,361.00,3.00,153.00,130.00,1,1,0.9430,-1
280,44314,417.00,141.00,25.00,20.00,1,1,1.0000,-1
280,20785,547.00,0.00,41.00,24.00,1,1,0.9414,-1
280,37790,431.00,74.00,168.00,97.00,1,1,0.8818,-1
280,82065,446.00,367.00,98.00,66.00,1,1,1.0000,-1
280,99758,908.00,315.00,66.00,30.00,1,1,0.9993,-1
280,28051,176.00,322.00,15.00,16.00,1,7,0.5635,-1
281,83425,372.00,4.00,152.00,131.00,1,1,0.9432,-1
281,44314,428.00,142.00,24.00,20.00,1,1,1.0000,-1
281,20785,557.00,0.00,41.00,24.00,1,1,0.9431,-1
281,37790,442.00,75.00,167.00,97.00,1,1,0.8821,-1
281,82065,457.00,367.00,97.00,66.00,1,1,1.0000,-1
281,99758,921.00,314.00,69.00,30.00,1,1,1.0000,-1
281,28051,188.00,322.00,16.00,17.00,1,7,0.5651,-1
282,83425,382.00,5.00,151.00,131.00,1,1,0.9432,-1
282,44314,437.00,143.00,24.00,20.00,1,1,1.0000,-1
282,20785,566.00,0.00,42.00,24.00,1,1,0.9461,-1
282,37790,451.00,75.00,167.00,97.00,1,1,0.8814,-1
282,82065,467.00,367.00,96.00,66.00,1,1,1.0000,-1
282,99758,933.00,313.00,69.00,31.00,1,1,1.0000,-1
282,28051,198.00,323.00,15.00,17.00,1,7,0.5498,-1
283,83425,389.00,6.00,151.00,131.00,1,1,0.9444,-1
283,44314,444.00,144.00,24.00,20.00,1,1,1.0000,-1
283,20785,573.00,0.00,42.00,25.00,1,1,0.9452,-1
283,37790,458.00,76.00,168.00,96.00,1,1,0.8813,-1
283,82065,474.00,367.00,96.00,66.00,1,1,1.0000,-1
283,99758,941.00,313.00,71.00,31.00,1,1,1.0000,-1
283,28051,205.00,324.00,15.00,16.00,1,7,0.5541,-1
284,83425,397.00,7.00,150.00,130.00,1,1,0.9438,-1
284,44314,451.00,144.00,24.00,20.00,1,1,1.0000,-1
284,20785,579.00,0.00,44.00,24.00,1,1,0.9459,-1
284,37790,466.00,76.00,167.00,97.00,1,1,0.8814,-1
284,82065,482.00,367.00,95.00,67.00,1,1,1.0000,-1
284,99758,949.00,312.00,71.00,31.00,1,1,1.0000,-1
284,28051,212.00,324.00,14.00,16.00,1,7,0.5567,-1
285,83425,404.00,7.00,150.00,131.00,1,1,0.9449,-1
285,44314,458.00,145.00,24.00,20.00,1,1,1.0000,-1
285,20785,586.00,0.00,44.00,24.00,1,1,0.9431,-1
285,37790,472.00,77.00,168.00,96.00,1,1,0.8807,-1
285,82065,489.00,368.00,95.00,66.00,1,1,1.0000,-1
285,99758,957.00,311.00,66.00,32.00,1,1,1.0000,-1
285,28051,218.00,325.00,15.00,16.00,1,7,0.5574,-1
286,83425,412.00,8.00,149.00,131.00,1,1,0.9447,-1
286,44314,465.00,145.00,24.00,21.00,1,1,1.0000,-1
286,20785,593.00,0.00,44.00,24.00,1,1,0.9391,-1
286,37790,480.00,77.00,167.00,96.00,1,1,0.8804,-1
286,82065,497.00,368.00,95.00,66.00,1,1,1.0000,-1
286,99758,966.00,311.00,57.00,32.00,1,1,1.0000,-1
286,28051,225.00,325.00,14.00,16.00,1,7,0.5445,-1
287,83425,420.00,5.00,150.00,132.00,1,1,0.9449,-1
287,44314,473.00,144.00,24.00,20.00,1,1,1.0000,-1
287,20785,602.00,0.00,42.00,21.00,1,1,0.9253,-1
287,37790,487.00,75.00,169.00,96.00,1,1,0.8807,-1
287,82065,504.00,367.00,95.00,66.00,1,1,1.0000,-1
287,99758,976.00,310.00,47.00,33.00,1,1,1.0000,-1
287,28051,233.00,324.00,13.00,15.00,1,7,0.5509,-1
288,83425,427.00,4.00,150.00,132.00,1,1,0.9452,-1
288,44314,480.00,143.00,24.00,20.00,1,1,1.0000,-1
288,20785,610.00,0.00,39.00,20.00,1,1,0.9158,-1
288,37790,494.00,74.00,170.00,96.00,1,1,0.8814,-1
288,82065,511.00,366.00,95.00,66.00,1,1,1.0000,-1
288,99758,987.00,311.00,36.00,31.00,1,1,1.0000,-1
288,28051,240.00,323.00,14.00,16.00,1,7,0.5474,-1
289,83425,434.00,4.00,150.00,132.00,1,1,0.9455,-1
289,44314,487.00,143.00,23.00,20.00,1,1,1.0000,-1
289,20785,616.00,0.00,39.00,19.00,1,1,0.9064,-1
289,37790,501.00,73.00,170.00,97.00,1,1,0.8811,-1
289,82065,518.00,366.00,95.00,66.00,1,1,1.0000,-1
289,99758,997.00,313.00,26.00,29.00,1,1,1.0000,-1
289,28051,247.00,323.00,13.00,16.00,1,7,0.5471,-1
290,83425,440.00,5.00,150.00,132.00,1,1,0.9448,-1
290,44314,493.00,144.00,23.00,20.00,1,1,1.0000,-1
290,20785,622.00,0.00,39.00,19.00,1,1,0.9050,-1
290,37790,507.00,73.00,171.00,97.00,1,1,0.8814,-1
290,82065,524.00,367.00,95.00,66.00,1,1,1.0000,-1
290,99758,1007.00,317.00,16.00,24.00,1,7,1.0000,-1
290,28051,254.00,325.00,13.00,15.00,1,7,0.5441,-1
291,83425,445.00,6.00,150.00,133.00,1,1,0.9455,-1
291,44314,498.00,145.00,23.00,20.00,1,1,1.0000,-1
291,20785,627.00,0.00,39.00,20.00,1,1,0.9133,-1
291,37790,512.00,74.00,171.00,97.00,1,1,0.8812,-1
291,82065,531.00,368.00,95.00,66.00,1,1,1.0000,-1
291,99758,1017.00,324.00,6.00,13.00,1,7,1.0000,-1
291,28051,261.00,327.00,13.00,15.00,1,7,0.5407,-1
292,83425,453.00,7.00,148.00,133.00,1,1,0.9458,-1
292,44314,505.00,146.00,23.00,21.00,1,1,1.0000,-1
292,20785,634.00,0.00,39.00,20.00,1,1,0.9165,-1
292,37790,519.00,75.00,172.00,97.00,1,1,0.8814,-1
292,82065,538.00,368.00,95.00,67.00,1,1,1.0000,-1
292,28051,269.00,328.00,13.00,16.00,1,7,0.5475,-1
293,83425,462.00,7.00,149.00,134.00,1,1,0.9457,-1
293,44314,514.00,147.00,23.00,20.00,1,1,1.0000,-1
293,20785,643.00,0.00,39.00,19.00,1,1,0.9033,-1
293,37790,528.00,75.00,173.00,97.00,1,1,0.8816,-1
293,82065,548.00,369.00,95.00,66.00,1,1,1.0000,-1
293,28051,277.00,329.00,13.00,15.00,1,7,0.5420,-1
294,83425,469.00,6.00,149.00,134.00,1,1,0.9462,-1
294,44314,521.00,146.00,23.00,20.00,1,1,1.0000,-1
294,20785,651.00,0.00,36.00,17.00,1,1,0.8856,-1
294,37790,535.00,74.00,173.00,97.00,1,1,0.8811,-1
294,82065,554.00,368.00,96.00,67.00,1,1,1.0000,-1
294,28051,284.00,328.00,13.00,15.00,1,7,0.5326,-1
295,83425,475.00,5.00,149.00,135.00,1,1,0.9458,-1
295,44314,527.00,146.00,23.00,20.00,1,1,1.0000,-1
295,20785,658.00,0.00,34.00,16.00,1,1,0.8741,-1
295,37790,542.00,73.00,173.00,97.00,1,1,0.8819,-1
295,82065,561.00,368.00,95.00,67.00,1,1,1.0000,-1
295,28051,290.00,328.00,13.00,15.00,1,7,0.5409,-1
296,83425,481.00,5.00,149.00,135.00,1,1,0.9456,-1
296,44314,533.00,146.00,23.00,20.00,1,1,1.0000,-1
296,20785,664.00,0.00,34.00,16.00,1,1,0.8730,-1
296,37790,547.00,73.00,175.00,97.00,1,1,0.8824,-1
296,82065,567.00,368.00,96.00,67.00,1,1,1.0000,-1
296,28051,297.00,329.00,12.00,16.00,1,7,0.5433,-1
297,83425,490.00,5.00,149.00,136.00,1,1,0.9462,-1
297,44314,542.00,147.00,23.00,20.00,1,1,1.0000,-1
297,20785,674.00,0.00,32.00,15.00,1,7,0.8504,-1
297,37790,557.00,73.00,175.00,97.00,1,1,0.8823,-1
297,82065,577.00,369.00,96.00,67.00,1,1,1.0000,-1
297,28051,306.00,330.00,12.00,15.00,1,7,0.5280,-1
298,83425,498.00,4.00,149.00,137.00,1,1,0.9468,-1
298,44314,549.00,146.00,23.00,20.00,1,1,1.0000,-1
298,20785,683.00,0.00,30.00,14.00,1,7,0.8474,-1
298,37790,564.00,72.00,177.00,98.00,1,1,0.8821,-1
298,82065,584.00,369.00,97.00,67.00,1,1,1.0000,-1
298,28051,313.00,330.00,12.00,15.00,1,7,0.5304,-1
299,83425,505.00,3.00,150.00,137.00,1,1,0.9468,-1
299,44314,556.00,145.00,23.00,21.00,1,1,1.0000,-1
299,20785,691.00,0.00,26.00,12.00,1,7,0.8041,-1
299,37790,571.00,71.00,178.00,98.00,1,1,0.8821,-1
299,82065,591.00,368.00,98.00,68.00,1,1,1.0000,-1
299,28051,319.00,330.00,12.00,15.00,1,7,0.5410,-1
300,83425,511.00,2.00,150.00,138.00,1,1,0.9464,-1
300,44314,562.00,145.00,24.00,20.00,1,1,1.0000,-1
300,20785,698.00,0.00,24.00,11.00,1,7,0.7788,-1
300,37790,577.00,70.00,180.00,98.00,1,1,0.8826,-1
300,82065,598.00,368.00,98.00,68.00,1,1,1.0000,-1
300,28051,325.00,330.00,12.00,15.00,1,7,0.5372,-1
301,83425,518.00,2.00,150.00,139.00,1,1,0.9467,-1
301,44314,569.00,146.00,24.00,20.00,1,1,1.0000,-1
301,20785,706.00,0.00,23.00,10.00,1,7,0.7626,-1
301,37790,584.00,70.00,181.00,98.00,1,1,0.8828,-1
301,82065,605.00,369.00,99.00,67.00,1,1,1.0000,-1
301,28051,332.00,331.00,12.00,15.00,1,7,0.5314,-1
302,83425,527.00,2.00,151.00,139.00,1,1,0.9467,-1
302,44314,578.00,146.00,24.00,20.00,1,1,1.0000,-1
302,20785,716.00,0.00,21.00,9.00,1,7,0.7108,-1
302,37790,593.00,70.00,182.00,98.00,1,1,0.8828,-1
302,82065,615.00,369.00,99.00,68.00,1,1,1.0000,-1
302,28051,340.00,332.00,12.00,14.00,1,7,0.5256,-1
303,83425,535.00,0.00,151.00,139.00,1,1,0.9471,-1
303,44314,586.00,144.00,23.00,20.00,1,1,1.0000,-1
303,20785,726.00,0.00,17.00,6.00,1,7,0.5577,-1
303,37790,601.00,68.00,184.00,98.00,1,1,0.8828,-1
303,82065,622.00,368.00,100.00,68.00,1,1,1.0000,-1
303,28051,347.00,331.00,12.00,14.00,1,7,0.5261,-1
304,83425,541.00,0.00,153.00,138.00,1,1,0.9473,-1
304,44314,592.00,144.00,24.00,20.00,1,1,1.0000,-1
304,20785,734.00,0.00,11.00,4.00,1,7,0.4000,-1
304,37790,608.00,66.00,185.00,99.00,1,1,0.8824,-1
304,82065,629.00,368.00,100.00,68.00,1,1,1.0000,-1
304,28051,353.00,331.00,11.00,14.00,1,7,0.5219,-1
305,83425,547.00,0.00,153.00,138.00,1,1,0.9466,-1
305,44314,598.00,143.00,24.00,21.00,1,1,1.0000,-1
305,20785,741.00,0.00,5.00,3.00,1,7,0.2857,-1
305,37790,614.00,65.00,186.00,100.00,1,1,0.8836,-1
305,82065,635.00,368.00,101.00,69.00,1,1,1.0000,-1
305,28051,359.00,331.00,11.00,14.00,1,7,0.5238,-1
306,83425,556.00,0.00,153.00,139.00,1,1,0.9474,-1
306,44314,607.00,144.00,23.00,20.00,1,1,1.0000,-1
306,20785,750.00,0.00,4.00,2.00,1,7,0.2143,-1
306,37790,622.00,65.00,189.00,100.00,1,1,0.8833,-1
306,82065,645.00,368.00,101.00,69.00,1,1,1.0000,-1
306,35125,713.00,304.00,0.00,0.00,1,7,0.0019,-1
306,28051,366.00,332.00,12.00,14.00,1,7,0.5263,-1
307,83425,564.00,0.00,154.00,139.00,1,1,0.9478,-1
307,44314,615.00,144.00,24.00,20.00,1,1,1.0000,-1
307,20785,760.00,0.00,1.00,1.00,1,7,0.1071,-1
307,37790,631.00,65.00,190.00,99.00,1,1,0.8828,-1
307,82065,654.00,368.00,101.00,69.00,1,1,1.0000,-1
307,35125,721.00,304.00,1.00,0.00,1,7,0.0037,-1
307,28051,373.00,332.00,11.00,15.00,1,7,0.5247,-1
308,83425,572.00,0.00,154.00,139.00,1,1,0.9482,-1
308,44314,622.00,143.00,24.00,21.00,1,1,1.0000,-1
308,37790,638.00,64.00,192.00,100.00,1,1,0.8826,-1
308,82065,661.00,368.00,103.00,69.00,1,1,1.0000,-1
308,24640,0.00,319.00,0.00,2.00,1,7,1.0000,-1
308,35125,727.00,303.00,3.00,1.00,1,7,0.0128,-1
308,28051,379.00,332.00,11.00,14.00,1,7,0.5135,-1
309,83425,579.00,0.00,155.00,138.00,1,1,0.9483,-1
309,44314,629.00,143.00,24.00,20.00,1,1,1.0000,-1
309,37790,646.00,63.00,193.00,100.00,1,1,0.8827,-1
309,82065,669.00,368.00,103.00,69.00,1,1,1.0000,-1
309,24640,0.00,309.00,10.00,30.00,1,7,1.0000,-1
309,35125,733.00,301.00,4.00,3.00,1,7,0.0181,-1
309,28051,384.00,333.00,11.00,14.00,1,7,0.5207,-1
310,83425,586.00,0.00,156.00,138.00,1,1,0.9486,-1
310,44314,637.00,143.00,24.00,20.00,1,1,1.0000,-1
310,37790,653.00,62.00,195.00,100.00,1,1,0.8822,-1
310,82065,677.00,368.00,104.00,70.00,1,1,1.0000,-1
310,24640,0.00,309.00,20.00,33.00,1,7,0.7450,-1
310,35125,739.00,300.00,6.00,3.00,1,7,0.0307,-1
310,28051,390.00,333.00,11.00,14.00,1,7,0.5045,-1
311,83425,594.00,0.00,156.00,138.00,1,1,0.9481,-1
311,44314,645.00,142.00,23.00,21.00,1,1,1.0000,-1
311,37790,661.00,61.00,196.00,101.00,1,1,0.8820,-1
311,82065,685.00,368.00,104.00,70.00,1,1,1.0000,-1
311,24640,10.00,310.00,20.00,32.00,1,7,0.4693,-1
311,35125,746.00,299.00,8.00,4.00,1,7,0.0425,-1
311,28051,396.00,333.00,10.00,14.00,1,7,0.5093,-1
312,83425,602.00,0.00,156.00,137.00,1,1,0.9490,-1
312,44314,652.00,142.00,24.00,20.00,1,1,1.0000,-1
312,37790,668.00,60.00,199.00,101.00,1,1,0.8818,-1
312,82065,693.00,368.00,105.00,70.00,1,1,1.0000,-1
312,24640,20.00,311.00,20.00,31.00,1,7,0.3850,-1
312,35125,752.00,296.00,10.00,7.00,1,7,0.0681,-1
312,28051,401.00,333.00,11.00,14.00,1,7,0.5046,-1
313,83425,613.00,0.00,159.00,133.00,1,1,0.9465,-1
313,44314,664.00,137.00,24.00,21.00,1,1,1.0000,-1
313,37790,681.00,55.00,203.00,103.00,1,1,0.8828,-1
313,82065,702.00,368.00,106.00,70.00,1,1,1.0000,-1
313,24640,33.00,301.00,19.00,31.00,1,7,0.3856,-1
313,35125,762.00,295.00,11.00,7.00,1,7,0.0784,-1
313,28051,409.00,327.00,11.00,14.00,1,7,0.5142,-1
314,83425,609.00,0.00,161.00,134.00,1,1,0.9465,-1
314,44314,660.00,139.00,25.00,20.00,1,1,1.0000,-1
314,37790,677.00,57.00,203.00,102.00,1,1,0.8835,-1
314,82065,695.00,370.00,107.00,70.00,1,1,1.0000,-1
314,24640,32.00,298.00,19.00,31.00,1,7,0.3943,-1
314,35125,762.00,301.00,6.00,2.00,1,7,0.0220,-1
314,28051,409.00,327.00,11.00,14.00,1,7,0.5138,-1
315,83425,596.00,0.00,158.00,131.00,1,1,0.9428,-1
315,44314,648.00,136.00,25.00,20.00,1,1,1.0000,-1
315,37790,665.00,52.00,201.00,103.00,1,1,0.8860,-1
315,82065,685.00,366.00,107.00,70.00,1,1,1.0000,-1
315,24640,28.00,302.00,19.00,32.00,1,7,0.4004,-1
315,35125,759.00,300.00,0.00,0.00,1,7,0.0017,-1
315,28051,407.00,328.00,11.00,14.00,1,7,0.5302,-1
316,83425,585.00,0.00,157.00,134.00,1,1,0.9413,-1
316,44314,638.00,138.00,25.00,21.00,1,1,1.0000,-1
316,37790,654.00,55.00,198.00,102.00,1,1,0.8884,-1
316,82065,674.00,367.00,107.00,70.00,1,1,1.0000,-1
316,24640,24.00,307.00,20.00,32.00,1,7,0.4085,-1
316,28051,405.00,331.00,11.00,14.00,1,7,0.5374,-1
317,83425,576.00,0.00,157.00,134.00,1,1,0.9399,-1
317,44314,630.00,138.00,25.00,21.00,1,1,1.0000,-1
317,37790,645.00,55.00,197.00,102.00,1,1,0.8899,-1
317,82065,665.00,367.00,107.00,70.00,1,1,1.0000,-1
317,24640,20.00,308.00,21.00,31.00,1,1,0.4108,-1
317,28051,403.00,331.00,11.00,14.00,1,7,0.5300,-1
318,83425,568.00,0.00,157.00,133.00,1,1,0.9384,-1
318,44314,622.00,138.00,25.00,20.00,1,1,1.0000,-1
318,37790,638.00,54.00,196.00,103.00,1,1,0.8917,-1
318,82065,656.00,367.00,107.00,70.00,1,1,1.0000,-1
318,24640,17.00,307.00,21.00,31.00,1,1,0.4199,-1
318,28051,401.00,330.00,11.00,15.00,1,7,0.5634,-1
319,83425,560.00,0.00,157.00,133.00,1,1,0.9358,-1
319,44314,615.00,137.00,25.00,21.00,1,1,1.0000,-1
319,37790,630.00,54.00,195.00,103.00,1,1,0.8933,-1
319,82065,646.00,366.00,109.00,71.00,1,1,1.0000,-1
319,24640,14.00,306.00,21.00,31.00,1,1,0.4420,-1
319,28051,400.00,330.00,11.00,14.00,1,7,0.5488,-1
320,83425,553.00,0.00,156.00,132.00,1,1,0.9341,-1
320,44314,608.00,137.00,25.00,20.00,1,1,1.0000,-1
320,37790,622.00,53.00,194.00,103.00,1,1,0.8955,-1
320,82065,637.00,366.00,110.00,70.00,1,1,1.0000,-1
320,24640,11.00,305.00,20.00,31.00,1,7,0.4789,-1
320,28051,398.00,329.00,11.00,15.00,1,7,0.5802,-1
321,83425,545.00,0.00,156.00,131.00,1,1,0.9316,-1
321,44314,601.00,136.00,25.00,21.00,1,1,1.0000,-1
321,37790,615.00,53.00,192.00,103.00,1,1,0.8975,-1
321,82065,628.00,366.00,110.00,70.00,1,1,1.0000,-1
321,24640,7.00,304.00,22.00,32.00,1,1,0.5435,-1
321,28051,396.00,329.00,12.00,15.00,1,7,0.5721,-1
322,83425,536.00,0.00,156.00,131.00,1,1,0.9292,-1
322,44314,593.00,135.00,25.00,21.00,1,1,1.0000,-1
322,37790,607.00,52.00,191.00,103.00,1,1,0.8995,-1
322,82065,618.00,365.00,111.00,70.00,1,1,1.0000,-1
322,24640,4.00,304.00,21.00,31.00,1,1,0.6220,-1
322,28051,395.00,329.00,12.00,14.00,1,7,0.5885,-1
323,83425,527.00,0.00,155.00,130.00,1,1,0.9280,-1
323,44314,585.00,135.00,26.00,21.00,1,1,1.0000,-1
323,37790,598.00,51.00,190.00,103.00,1,1,0.9007,-1
323,82065,608.00,365.00,113.00,70.00,1,1,1.0000,-1
323,24640,0.00,304.00,22.00,31.00,1,1,0.7393,-1
323,28051,393.00,328.00,12.00,15.00,1,7,0.5872,-1
324,83425,519.00,0.00,154.00,130.00,1,1,0.9257,-1
324,44314,577.00,134.00,26.00,21.00,1,1,1.0000,-1
324,37790,590.00,51.00,188.00,103.00,1,1,0.9029,-1
324,82065,599.00,364.00,113.00,71.00,1,1,1.0000,-1
324,24640,0.00,304.00,19.00,31.00,1,7,0.8422,-1
324,45934,792.00,323.00,6.00,11.00,1,7,0.1688,-1
324,28051,391.00,328.00,12.00,15.00,1,7,0.5926,-1
325,83425,510.00,0.00,154.00,129.00,1,1,0.9238,-1
325,44314,569.00,134.00,26.00,21.00,1,1,1.0000,-1
325,37790,581.00,50.00,188.00,103.00,1,1,0.9047,-1
325,82065,589.00,364.00,114.00,70.00,1,1,1.0000,-1
325,24640,0.00,304.00,16.00,32.00,1,7,0.9356,-1
325,45934,783.00,319.00,12.00,15.00,1,7,0.4608,-1
325,28051,390.00,328.00,12.00,15.00,1,7,0.6047,-1
326,83425,501.00,0.00,154.00,129.00,1,1,0.9214,-1
326,44314,561.00,134.00,26.00,20.00,1,1,1.0000,-1
326,37790,573.00,50.00,186.00,103.00,1,1,0.9066,-1
326,82065,579.00,363.00,116.00,71.00,1,1,1.0000,-1
326,24640,0.00,304.00,13.00,32.00,1,7,0.9938,-1
326,45934,774.00,318.00,19.00,15.00,1,7,0.7411,-1
326,28051,388.00,328.00,12.00,15.00,1,7,0.6093,-1
327,83425,492.00,0.00,154.00,129.00,1,1,0.9191,-1
327,44314,553.00,133.00,26.00,21.00,1,1,1.0000,-1
327,37790,565.00,49.00,184.00,104.00,1,1,0.9085,-1
327,82065,569.00,363.00,117.00,71.00,1,1,1.0000,-1
327,24640,0.00,305.00,9.00,29.00,1,7,1.0000,-1
327,45934,766.00,318.00,24.00,15.00,1,7,0.9535,-1
327,28051,386.00,328.00,12.00,15.00,1,7,0.6274,-1
328,83425,484.00,0.00,153.00,129.00,1,1,0.9179,-1
328,44314,545.00,133.00,27.00,21.00,1,1,1.0000,-1
328,37790,556.00,49.00,183.00,104.00,1,1,0.9100,-1
328,82065,559.00,363.00,119.00,71.00,1,1,1.0000,-1
328,24640,0.00,307.00,6.00,26.00,1,7,1.0000,-1
328,35125,762.00,275.00,6.00,13.00,1,7,0.0656,-1
328,45934,760.00,317.00,28.00,16.00,1,1,1.0000,-1
328,28051,385.00,328.00,12.00,15.00,1,7,0.6355,-1
329,83425,475.00,0.00,153.00,129.00,1,1,0.9161,-1
329,44314,537.00,133.00,27.00,21.00,1,1,1.0000,-1
329,37790,548.00,49.00,182.00,104.00,1,1,0.9116,-1
329,82065,550.00,363.00,120.00,71.00,1,1,0.9998,-1
329,24640,0.00,312.00,3.00,19.00,1,7,1.0000,-1
329,35125,752.00,275.00,14.00,18.00,1,7,0.1716,-1
329,45934,757.00,317.00,28.00,16.00,1,1,1.0000,-1
329,28051,383.00,328.00,12.00,15.00,1,7,0.6402,-1
330,83425,467.00,0.00,152.00,129.00,1,1,0.9148,-1
330,44314,529.00,133.00,27.00,21.00,1,1,1.0000,-1
330,37790,539.00,49.00,181.00,104.00,1,1,0.9135,-1
330,82065,540.00,363.00,121.00,71.00,1,1,1.0000,-1
330,24640,0.00,317.00,0.00,1.00,1,7,1.0000,-1
330,35125,744.00,274.00,19.00,20.00,1,7,0.2487,-1
330,45934,755.00,317.00,28.00,15.00,1,7,1.0000,-1
330,28051,381.00,328.00,13.00,15.00,1,7,0.6449,-1
331,83425,458.00,0.00,153.00,129.00,1,1,0.9129,-1
331,44314,521.00,134.00,28.00,21.00,1,1,1.0000,-1
331,37790,531.00,50.00,179.00,103.00,1,1,0.9156,-1
331,82065,530.00,363.00,123.00,71.00,1,1,1.0000,-1
331,35125,734.00,274.00,27.00,23.00,1,1,0.2582,-1
331,45934,753.00,317.00,27.00,16.00,1,1,1.0000,-1
331,28051,380.00,328.00,12.00,16.00,1,7,0.6530,-1
332,83425,449.00,0.00,153.00,130.00,1,1,0.9113,-1
332,44314,513.00,134.00,29.00,21.00,1,1,1.0000,-1
332,37790,523.00,50.00,177.00,103.00,1,1,0.9175,-1
332,82065,520.00,364.00,125.00,70.00,1,1,1.0000,-1
332,35125,725.00,275.00,33.00,23.00,1,1,0.3646,-1
332,45934,750.00,317.00,28.00,16.00,1,1,1.0000,-1
332,28051,378.00,328.00,13.00,16.00,1,7,0.6558,-1
333,83425,441.00,0.00,153.00,130.00,1,1,0.9099,-1
333,44314,505.00,134.00,28.00,21.00,1,1,1.0000,-1
333,37790,515.00,50.00,176.00,104.00,1,1,0.9192,-1
333,82065,510.00,364.00,126.00,70.00,1,1,1.0000,-1
333,35125,718.00,274.00,38.00,24.00,1,1,0.3944,-1
333,45934,748.00,318.00,27.00,15.00,1,7,1.0000,-1
333,28051,376.00,329.00,13.00,15.00,1,7,0.6620,-1
334,83425,433.00,0.00,152.00,130.00,1,1,0.9083,-1
334,44314,497.00,135.00,30.00,21.00,1,1,1.0000,-1
334,37790,507.00,51.00,174.00,103.00,1,1,0.9219,-1
334,82065,501.00,364.00,127.00,71.00,1,1,1.0000,-1
334,35125,716.00,275.00,37.00,23.00,1,1,0.3860,-1
334,45934,745.00,318.00,28.00,15.00,1,7,1.0000,-1
334,28051,375.00,329.00,12.00,15.00,1,7,0.6842,-1
335,83425,424.00,0.00,153.00,131.00,1,1,0.9075,-1
335,44314,490.00,135.00,29.00,21.00,1,1,1.0000,-1
335,37790,499.00,52.00,173.00,103.00,1,1,0.9232,-1
335,82065,491.00,365.00,129.00,70.00,1,1,1.0000,-1
335,35125,714.00,276.00,36.00,23.00,1,1,0.3805,-1
335,45934,743.00,318.00,27.00,16.00,1,1,1.0000,-1
335,28051,373.00,329.00,13.00,16.00,1,7,0.6820,-1
336,83425,416.00,0.00,153.00,132.00,1,1,0.9065,-1
336,44314,482.00,136.00,30.00,21.00,1,1,1.0000,-1
336,37790,491.00,52.00,171.00,103.00,1,1,0.9245,-1
336,82065,481.00,365.00,131.00,71.00,1,1,1.0000,-1
336,35125,711.00,277.00,36.00,22.00,1,1,0.3704,-1
336,45934,740.00,319.00,28.00,15.00,1,7,1.0000,-1
336,28051,371.00,330.00,13.00,15.00,1,7,0.7033,-1
337,83425,408.00,0.00,153.00,132.00,1,1,0.9050,-1
337,44314,474.00,137.00,30.00,20.00,1,1,1.0000,-1
337,37790,483.00,53.00,170.00,103.00,1,1,0.9263,-1
337,82065,472.00,366.00,132.00,70.00,1,1,0.9999,-1
337,35125,709.00,277.00,36.00,23.00,1,1,0.3752,-1
337,45934,738.00,319.00,27.00,16.00,1,1,1.0000,-1
337,28051,370.00,330.00,13.00,15.00,1,7,0.6852,-1
338,83425,400.00,0.00,153.00,133.00,1,1,0.9034,-1
338,44314,467.00,137.00,30.00,21.00,1,1,0.9885,-1
338,37790,475.00,54.00,169.00,103.00,1,1,0.9282,-1
338,82065,462.00,366.00,133.00,71.00,1,1,1.0000,-1
338,35125,707.00,278.00,35.00,22.00,1,1,0.3575,-1
338,45934,736.00,320.00,27.00,15.00,1,7,0.9967,-1
338,28051,368.00,330.00,13.00,16.00,1,7,0.7089,-1
339,83425,392.00,0.00,154.00,133.00,1,1,0.9027,-1
339,44314,459.00,138.00,31.00,21.00,1,1,0.9885,-1
339,37790,467.00,55.00,167.00,102.00,1,1,0.9293,-1
339,82065,452.00,367.00,135.00,70.00,1,1,1.0000,-1
339,35125,705.00,280.00,34.00,21.00,1,1,0.3462,-1
339,45934,733.00,321.00,27.00,15.00,1,7,1.0000,-1
339,28051,367.00,331.00,13.00,15.00,1,7,0.6995,-1
340,83425,384.00,0.00,154.00,134.00,1,1,0.9015,-1
340,44314,452.00,138.00,30.00,21.00,1,1,0.9792,-1
340,37790,459.00,55.00,165.00,103.00,1,1,0.9309,-1
340,82065,443.00,367.00,136.00,71.00,1,1,1.0000,-1
340,35125,703.00,280.00,34.00,21.00,1,1,0.3428,-1
340,45934,731.00,321.00,27.00,15.00,1,7,1.0000,-1
340,28051,365.00,331.00,13.00,16.00,1,7,0.7170,-1
341,83425,375.00,0.00,154.00,135.00,1,1,0.8999,-1
341,44314,443.00,139.00,32.00,21.00,1,1,0.9756,-1
341,37790,451.00,56.00,163.00,102.00,1,1,0.9326,-1
341,82065,433.00,368.00,138.00,70.00,1,1,0.9999,-1
341,35125,700.00,280.00,34.00,22.00,1,1,0.3386,-1
341,45934,729.00,321.00,26.00,16.00,1,1,1.0000,-1
341,28051,363.00,332.00,14.00,15.00,1,7,0.7156,-1
342,83425,366.00,0.00,155.00,135.00,1,1,0.8984,-1
342,44314,435.00,140.00,32.00,20.00,1,1,0.9720,-1
342,37790,442.00,57.00,162.00,102.00,1,1,0.9343,-1
342,82065,423.00,368.00,139.00,71.00,1,1,1.0000,-1
342,35125,698.00,281.00,33.00,21.00,1,1,0.3286,-1
342,45934,726.00,321.00,27.00,16.00,1,1,1.0000,-1
342,28051,362.00,332.00,13.00,16.00,1,7,0.7418,-1
343,83425,358.00,0.00,155.00,136.00,1,1,0.8978,-1
343,44314,427.00,140.00,32.00,21.00,1,1,0.9598,-1
343,37790,434.00,57.00,160.00,102.00,1,1,0.9356,-1
343,82065,413.00,369.00,141.00,70.00,1,1,1.0000,-1
343,35125,696.00,282.00,32.00,20.00,1,1,0.3161,-1
343,45934,723.00,322.00,27.00,15.00,1,7,1.0000,-1
343,28051,360.00,333.00,14.00,15.00,1,7,0.7406,-1
344,83425,349.00,0.00,156.00,136.00,1,1,0.8957,-1
344,44314,419.00,141.00,33.00,20.00,1,1,0.9593,-1
344,37790,426.00,58.00,158.00,102.00,1,1,0.9373,-1
344,82065,404.00,369.00,142.00,71.00,1,1,0.9999,-1
344,35125,693.00,281.00,33.00,21.00,1,1,0.3149,-1
344,45934,721.00,322.00,27.00,15.00,1,7,1.0000,-1
344,28051,359.00,333.00,13.00,16.00,1,7,0.7383,-1
345,83425,341.00,0.00,155.00,137.00,1,1,0.8944,-1
345,44314,411.00,142.00,34.00,20.00,1,1,0.9475,-1
345,37790,417.00,58.00,157.00,102.00,1,1,0.9385,-1
345,82065,394.00,369.00,143.00,71.00,1,1,0.9999,-1
345,35125,691.00,282.00,32.00,20.00,1,1,0.2950,-1
345,45934,718.00,322.00,27.00,15.00,1,7,1.0000,-1
345,28051,357.00,333.00,13.00,16.00,1,7,0.7315,-1
346,83425,332.00,0.00,156.00,137.00,1,1,0.8932,-1
346,44314,403.00,142.00,34.00,20.00,1,1,0.9395,-1
346,37790,409.00,59.00,155.00,102.00,1,1,0.9404,-1
346,82065,384.00,370.00,145.00,70.00,1,1,1.0000,-1
346,35125,689.00,282.00,31.00,20.00,1,1,0.2923,-1
346,45934,716.00,322.00,26.00,15.00,1,7,1.0000,-1
346,28051,355.00,333.00,14.00,16.00,1,7,0.7653,-1
347,83425,324.00,0.00,156.00,137.00,1,1,0.8911,-1
347,44314,395.00,142.00,34.00,20.00,1,1,0.9324,-1
347,37790,401.00,59.00,153.00,102.00,1,1,0.9418,-1
347,82065,374.00,370.00,147.00,70.00,1,1,1.0000,-1
347,35125,686.00,282.00,32.00,21.00,1,1,0.2878,-1
347,45934,714.00,322.00,26.00,15.00,1,7,1.0000,-1
347,28051,353.00,333.00,14.00,16.00,1,7,0.7583,-1
348,83425,315.00,0.00,156.00,137.00,1,1,0.8893,-1
348,44314,387.00,142.00,35.00,20.00,1,1,0.9205,-1
348,37790,392.00,59.00,152.00,102.00,1,1,0.9417,-1
348,82065,364.00,370.00,149.00,70.00,1,1,0.9997,-1
348,35125,684.00,283.00,31.00,20.00,1,1,0.2765,-1
348,45934,711.00,322.00,26.00,15.00,1,7,1.0000,-1
348,28051,352.00,333.00,13.00,16.00,1,7,0.7667,-1
349,83425,307.00,0.00,156.00,137.00,1,1,0.8872,-1
349,44314,380.00,142.00,34.00,20.00,1,1,0.9162,-1
349,37790,384.00,59.00,151.00,102.00,1,1,0.9428,-1
349,82065,355.00,370.00,149.00,70.00,1,1,0.9997,-1
349,35125,682.00,283.00,30.00,20.00,1,1,0.2773,-1
349,45934,709.00,322.00,26.00,15.00,1,7,1.0000,-1
349,28051,350.00,333.00,14.00,16.00,1,7,0.7736,-1
350,83425,299.00,0.00,156.00,137.00,1,1,0.8856,-1
350,44314,372.00,142.00,34.00,20.00,1,1,0.9086,-1
350,37790,376.00,58.00,149.00,102.00,1,1,0.9441,-1
350,82065,345.00,370.00,151.00,70.00,1,1,1.0000,-1
350,35125,680.00,283.00,30.00,19.00,1,1,0.2667,-1
350,45934,707.00,322.00,26.00,15.00,1,7,1.0000,-1
350,28051,349.00,333.00,13.00,16.00,1,7,0.7689,-1
351,83425,291.00,0.00,155.00,137.00,1,1,0.8834,-1
351,44314,364.00,141.00,34.00,20.00,1,1,0.9016,-1
351,37790,368.00,58.00,148.00,102.00,1,1,0.9450,-1
351,82065,335.00,369.00,153.00,71.00,1,1,1.0000,-1
351,35125,678.00,283.00,29.00,19.00,1,1,0.2595,-1
351,45934,704.00,322.00,26.00,15.00,1,7,1.0000,-1
351,28051,347.00,333.00,14.00,16.00,1,7,0.7952,-1
352,83425,282.00,0.00,155.00,136.00,1,1,0.8813,-1
352,44314,356.00,141.00,35.00,20.00,1,1,0.8938,-1
352,37790,360.00,57.00,146.00,103.00,1,1,0.9456,-1
352,82065,326.00,369.00,154.00,70.00,1,1,1.0000,-1
352,35125,676.00,283.00,29.00,19.00,1,1,0.2550,-1
352,45934,702.00,322.00,26.00,15.00,1,7,1.0000,-1
352,28051,345.00,332.00,14.00,16.00,1,7,0.7905,-1
353,83425,274.00,0.00,155.00,135.00,1,1,0.8787,-1
353,44314,349.00,140.00,35.00,20.00,1,1,0.8818,-1
353,37790,351.00,57.00,146.00,102.00,1,1,0.9464,-1
353,82065,316.00,368.00,156.00,71.00,1,1,1.0000,-1
353,35125,674.00,282.00,29.00,20.00,1,1,0.2396,-1
353,45934,700.00,322.00,26.00,15.00,1,7,1.0000,-1
353,28051,344.00,332.00,14.00,16.00,1,7,0.7867,-1
354,83425,266.00,0.00,154.00,135.00,1,1,0.8762,-1
354,44314,341.00,139.00,35.00,21.00,1,1,0.8752,-1
354,37790,343.00,56.00,144.00,102.00,1,1,0.9477,-1
354,82065,306.00,368.00,158.00,70.00,1,1,0.9999,-1
354,35125,672.00,283.00,28.00,19.00,1,1,0.2446,-1
354,45934,698.00,321.00,25.00,16.00,1,1,1.0000,-1
354,28051,342.00,331.00,14.00,16.00,1,7,0.7915,-1
355,83425,258.00,0.00,153.00,134.00,1,1,0.8729,-1
355,44314,334.00,139.00,35.00,20.00,1,1,0.8648,-1
355,37790,335.00,55.00,143.00,103.00,1,1,0.9485,-1
355,82065,297.00,367.00,159.00,71.00,1,1,0.9996,-1
355,35125,670.00,282.00,28.00,19.00,1,1,0.2341,-1
355,45934,695.00,321.00,26.00,15.00,1,7,1.0000,-1
355,28051,341.00,331.00,13.00,16.00,1,7,0.7990,-1
356,83425,249.00,0.00,153.00,133.00,1,1,0.8702,-1
356,44314,326.00,138.00,35.00,20.00,1,1,0.8590,-1
356,37790,327.00,54.00,141.00,103.00,1,1,0.9494,-1
356,82065,287.00,367.00,160.00,70.00,1,1,0.9996,-1
356,35125,668.00,283.00,27.00,18.00,1,1,0.2274,-1
356,45934,693.00,321.00,26.00,15.00,1,7,1.0000,-1
356,28051,339.00,330.00,14.00,16.00,1,7,0.8009,-1
357,83425,241.00,0.00,153.00,132.00,1,1,0.8672,-1
357,44314,318.00,137.00,36.00,20.00,1,1,0.8505,-1
357,37790,319.00,53.00,140.00,103.00,1,1,0.9499,-1
357,82065,278.00,366.00,161.00,70.00,1,1,0.9996,-1
357,35125,666.00,282.00,27.00,19.00,1,1,0.2226,-1
357,45934,691.00,321.00,25.00,15.00,1,7,1.0000,-1
357,28051,338.00,330.00,13.00,15.00,1,7,0.7933,-1
358,83425,232.00,0.00,153.00,131.00,1,1,0.8645,-1
358,44314,311.00,136.00,36.00,21.00,1,1,0.8402,-1
358,37790,311.00,52.00,139.00,103.00,1,1,0.9502,-1
358,82065,268.00,365.00,163.00,71.00,1,1,0.9998,-1
358,35125,663.00,283.00,27.00,17.00,1,1,0.2218,-1
358,45934,689.00,320.00,25.00,16.00,1,1,1.0000,-1
358,28051,336.00,329.00,14.00,16.00,1,7,0.7962,-1
359,83425,224.00,0.00,152.00,130.00,1,1,0.8608,-1
359,44314,303.00,136.00,36.00,20.00,1,1,0.8318,-1
359,37790,302.00,52.00,138.00,103.00,1,1,0.9513,-1
359,82065,258.00,365.00,165.00,70.00,1,1,0.9999,-1
359,35125,661.00,282.00,27.00,18.00,1,1,0.2101,-1
359,45934,686.00,320.00,26.00,15.00,1,7,1.0000,-1
359,28051,335.00,329.00,13.00,15.00,1,7,0.7981,-1
360,83425,214.00,0.00,153.00,130.00,1,1,0.8583,-1
360,44314,295.00,135.00,36.00,20.00,1,1,0.8153,-1
360,37790,293.00,51.00,137.00,103.00,1,1,0.9514,-1
360,82065,249.00,364.00,166.00,71.00,1,1,1.0000,-1
360,35125,659.00,282.00,26.00,18.00,1,1,0.2112,-1
360,45934,684.00,320.00,25.00,15.00,1,7,1.0000,-1
360,28051,333.00,328.00,13.00,16.00,1,7,0.8009,-1
361,83425,205.00,0.00,153.00,130.00,1,1,0.8556,-1
361,44314,286.00,135.00,38.00,20.00,1,1,0.8086,-1
361,37790,284.00,51.00,135.00,103.00,1,1,0.9517,-1
361,82065,239.00,364.00,168.00,71.00,1,1,0.9998,-1
361,35125,657.00,282.00,25.00,17.00,1,7,0.1985,-1
361,45934,681.00,319.00,26.00,15.00,1,7,1.0000,-1
361,28051,331.00,328.00,14.00,16.00,1,7,0.7925,-1
362,83425,196.00,0.00,153.00,130.00,1,1,0.8527,-1
362,44314,278.00,135.00,38.00,20.00,1,1,0.8021,-1
362,37790,275.00,50.00,134.00,104.00,1,1,0.9525,-1
362,82065,229.00,364.00,169.00,70.00,1,1,0.9996,-1
362,35125,655.00,281.00,25.00,18.00,1,1,0.2011,-1
362,45934,679.00,319.00,25.00,15.00,1,7,1.0000,-1
362,28051,330.00,328.00,13.00,16.00,1,7,0.8104,-1
363,83425,187.00,0.00,153.00,129.00,1,1,0.8508,-1
363,44314,270.00,135.00,38.00,20.00,1,1,0.7917,-1
363,37790,267.00,50.00,132.00,103.00,1,1,0.9533,-1
363,82065,219.00,364.00,171.00,70.00,1,1,1.0000,-1
363,35125,652.00,281.00,25.00,17.00,1,7,0.1876,-1
363,45934,677.00,318.00,25.00,16.00,1,1,1.0000,-1
363,28051,328.00,328.00,13.00,16.00,1,7,0.7972,-1
364,83425,177.00,0.00,154.00,129.00,1,1,0.8481,-1
364,44314,262.00,135.00,38.00,20.00,1,1,0.7806,-1
364,37790,258.00,50.00,130.00,103.00,1,1,0.9525,-1
364,82065,209.00,364.00,173.00,70.00,1,1,0.9998,-1
364,35125,650.00,281.00,24.00,17.00,1,7,0.1832,-1
364,45934,674.00,318.00,25.00,15.00,1,7,1.0000,-1
364,28051,326.00,328.00,14.00,16.00,1,7,0.8057,-1
365,83425,168.00,0.00,154.00,129.00,1,1,0.8461,-1
365,44314,254.00,135.00,38.00,20.00,1,1,0.7757,-1
365,37790,249.00,50.00,129.00,103.00,1,1,0.9532,-1
365,82065,199.00,364.00,174.00,70.00,1,1,0.9998,-1
365,35125,648.00,280.00,24.00,18.00,1,7,0.1821,-1
365,45934,672.00,318.00,25.00,15.00,1,7,1.0000,-1
365,28051,325.00,328.00,13.00,16.00,1,7,0.7934,-1
366,83425,159.00,0.00,154.00,130.00,1,1,0.8444,-1
366,44314,245.00,135.00,39.00,20.00,1,1,0.7649,-1
366,37790,240.00,50.00,128.00,103.00,1,1,0.9538,-1
366,82065,189.00,364.00,176.00,71.00,1,1,1.0000,-1
366,35125,646.00,281.00,23.00,17.00,1,7,0.1767,-1
366,45934,669.00,318.00,25.00,15.00,1,7,1.0000,-1
366,28051,323.00,328.00,13.00,16.00,1,7,0.7972,-1
367,83425,150.00,0.00,154.00,130.00,1,1,0.8422,-1
367,44314,237.00,135.00,39.00,20.00,1,1,0.7504,-1
367,37790,231.00,50.00,127.00,104.00,1,1,0.9540,-1
367,82065,180.00,364.00,177.00,71.00,1,1,1.0000,-1
367,35125,643.00,281.00,23.00,17.00,1,7,0.1694,-1
367,45934,667.00,318.00,25.00,15.00,1,7,1.0000,-1
367,28051,322.00,328.00,13.00,16.00,1,7,0.7793,-1
368,83425,141.00,0.00,155.00,130.00,1,1,0.8395,-1
368,44314,229.00,135.00,40.00,20.00,1,1,0.7389,-1
368,37790,223.00,51.00,125.00,103.00,1,1,0.9532,-1
368,82065,170.00,365.00,178.00,70.00,1,1,0.9997,-1
368,35125,641.00,281.00,23.00,17.00,1,7,0.1685,-1
368,45934,664.00,318.00,25.00,15.00,1,7,1.0000,-1
368,28051,320.00,328.00,13.00,16.00,1,7,0.7934,-1
369,83425,132.00,0.00,155.00,131.00,1,1,0.8364,-1
369,44314,221.00,136.00,40.00,20.00,1,1,0.7303,-1
369,37790,214.00,51.00,124.00,103.00,1,1,0.9526,-1
369,82065,160.00,365.00,180.00,70.00,1,1,0.9998,-1
369,35125,639.00,281.00,22.00,17.00,1,7,0.1648,-1
369,45934,662.00,318.00,25.00,15.00,1,7,1.0000,-1
369,28051,319.00,328.00,12.00,16.00,1,7,0.7762,-1
370,83425,124.00,0.00,155.00,131.00,1,1,0.8337,-1
370,44314,213.00,136.00,40.00,20.00,1,1,0.7211,-1
370,37790,206.00,52.00,122.00,103.00,1,1,0.9515,-1
370,82065,150.00,365.00,182.00,71.00,1,1,1.0000,-1
370,35125,636.00,282.00,22.00,16.00,1,7,0.1574,-1
370,45934,659.00,318.00,25.00,15.00,1,7,1.0000,-1
370,28051,317.00,329.00,13.00,16.00,1,7,0.7830,-1
371,83425,115.00,0.00,156.00,132.00,1,1,0.8296,-1
371,44314,205.00,137.00,41.00,20.00,1,1,0.7117,-1
371,37790,197.00,52.00,122.00,103.00,1,1,0.9502,-1
371,82065,141.00,366.00,183.00,70.00,1,1,1.0000,-1
371,35125,634.00,282.00,22.00,16.00,1,7,0.1473,-1
371,45934,657.00,318.00,25.00,16.00,1,1,1.0000,-1
371,28051,316.00,329.00,11.00,16.00,1,7,0.7095,-1
372,83425,106.00,0.00,156.00,132.00,1,1,0.8244,-1
372,44314,198.00,138.00,40.00,19.00,1,1,0.6950,-1
372,37790,189.00,53.00,120.00,103.00,1,1,0.9478,-1
372,82065,131.00,366.00,184.00,71.00,1,1,0.9997,-1
372,35125,632.00,282.00,21.00,17.00,1,7,0.1505,-1
372,45934,655.00,319.00,24.00,15.00,1,7,1.0000,-1
372,28051,314.00,331.00,5.00,14.00,1,7,0.2417,-1
373,83425,98.00,0.00,155.00,133.00,1,1,0.8187,-1
373,44314,190.00,138.00,41.00,20.00,1,1,0.6903,-1
373,37790,181.00,53.00,119.00,103.00,1,1,0.9446,-1
373,82065,121.00,366.00,186.00,71.00,1,1,0.9997,-1
373,35125,630.00,283.00,20.00,16.00,1,7,0.1429,-1
373,45934,652.00,319.00,25.00,15.00,1,7,1.0000,-1
374,83425,90.00,0.00,155.00,133.00,1,1,0.8122,-1
374,44314,182.00,139.00,42.00,19.00,1,1,0.6780,-1
374,37790,172.00,54.00,118.00,103.00,1,1,0.9410,-1
374,82065,112.00,367.00,187.00,70.00,1,1,0.9998,-1
374,35125,628.00,276.00,30.00,24.00,1,7,0.1439,-1
374,45934,650.00,319.00,24.00,16.00,1,1,1.0000,-1
375,83425,81.00,0.00,156.00,134.00,1,1,0.8054,-1
375,44314,175.00,139.00,41.00,20.00,1,1,0.6667,-1
375,37790,164.00,55.00,117.00,102.00,1,1,0.9365,-1
375,82065,102.00,367.00,189.00,71.00,1,1,0.9999,-1
375,35125,625.00,284.00,20.00,16.00,1,7,0.1333,-1
375,45934,647.00,320.00,25.00,15.00,1,7,1.0000,-1
376,83425,73.00,0.00,155.00,134.00,1,1,0.7977,-1
376,44314,167.00,140.00,41.00,19.00,1,1,0.6532,-1
376,37790,156.00,55.00,115.00,103.00,1,1,0.9305,-1
376,82065,93.00,368.00,190.00,70.00,1,1,0.9998,-1
376,35125,623.00,277.00,30.00,24.00,1,7,0.1308,-1
376,45934,645.00,320.00,24.00,16.00,1,1,1.0000,-1
377,83425,65.00,0.00,155.00,134.00,1,1,0.7895,-1
377,44314,160.00,140.00,41.00,20.00,1,1,0.6399,-1
377,37790,148.00,56.00,114.00,102.00,1,1,0.9242,-1
377,82065,83.00,368.00,192.00,70.00,1,1,0.9999,-1
377,35125,621.00,277.00,30.00,24.00,1,7,0.1343,-1
377,45934,643.00,321.00,24.00,15.00,1,7,1.0000,-1
378,83425,56.00,0.00,156.00,135.00,1,1,0.7804,-1
378,44314,152.00,141.00,41.00,19.00,1,1,0.6265,-1
378,37790,139.00,56.00,113.00,103.00,1,1,0.9181,-1
378,82065,73.00,368.00,194.00,71.00,1,1,1.0000,-1
378,35125,619.00,277.00,34.00,24.00,1,7,0.1290,-1
378,45934,641.00,321.00,23.00,16.00,1,1,1.0000,-1
379,83425,59.00,0.00,153.00,142.00,1,1,0.7655,-1
379,44314,155.00,148.00,40.00,18.00,1,1,0.6182,-1
379,37790,141.00,63.00,112.00,101.00,1,1,0.9140,-1
379,82065,79.00,373.00,191.00,70.00,1,1,0.9997,-1
379,35125,623.00,276.00,29.00,24.00,1,7,0.1252,-1
379,45934,645.00,320.00,24.00,15.00,1,7,1.0000,-1
380,83425,81.00,2.00,147.00,146.00,1,1,0.7615,-1
380,44314,173.00,152.00,40.00,18.00,1,1,0.6122,-1
380,37790,160.00,69.00,109.00,99.00,1,1,0.9141,-1
380,82065,101.00,374.00,185.00,69.00,1,1,0.9997,-1
380,35125,636.00,274.00,34.00,25.00,1,7,0.1296,-1
380,45934,658.00,319.00,25.00,15.00,1,7,1.0000,-1
381,83425,117.00,6.00,141.00,142.00,1,1,0.7662,-1
381,44314,203.00,152.00,38.00,18.00,1,1,0.6233,-1
381,37790,191.00,71.00,106.00,97.00,1,1,0.9185,-1
381,82065,133.00,370.00,177.00,67.00,1,1,0.9995,-1
381,35125,656.00,275.00,30.00,25.00,1,7,0.1279,-1
381,45934,678.00,320.00,25.00,15.00,1,7,1.0000,-1
382,83425,127.00,6.00,140.00,142.00,1,1,0.7671,-1
382,44314,213.00,152.00,38.00,18.00,1,1,0.6340,-1
382,37790,201.00,71.00,105.00,97.00,1,1,0.9202,-1
382,82065,143.00,368.00,176.00,67.00,1,1,1.0000,-1
382,35125,663.00,274.00,31.00,25.00,1,7,0.1290,-1
382,45934,686.00,319.00,25.00,16.00,1,1,1.0000,-1
383,83425,135.00,9.00,139.00,141.00,1,1,0.7694,-1
383,44314,219.00,154.00,38.00,18.00,1,1,0.6378,-1
383,37790,208.00,73.00,104.00,96.00,1,1,0.9205,-1
383,82065,151.00,370.00,174.00,66.00,1,1,0.9999,-1
383,35125,668.00,274.00,31.00,26.00,1,7,0.1289,-1
383,45934,690.00,319.00,26.00,16.00,1,1,1.0000,-1
384,83425,144.00,11.00,137.00,140.00,1,1,0.7717,-1
384,44314,227.00,155.00,37.00,18.00,1,1,0.6367,-1
384,37790,217.00,75.00,103.00,95.00,1,1,0.9232,-1
384,82065,161.00,370.00,171.00,66.00,1,1,0.9996,-1
384,35125,673.00,274.00,31.00,25.00,1,7,0.1295,-1
384,45934,696.00,319.00,26.00,16.00,1,1,1.0000,-1
385,83425,153.00,12.00,136.00,141.00,1,1,0.7746,-1
385,44314,236.00,156.00,36.00,18.00,1,1,0.6410,-1
385,37790,225.00,76.00,103.00,95.00,1,1,0.9255,-1
385,82065,170.00,370.00,170.00,66.00,1,1,0.9999,-1
385,35125,679.00,274.00,31.00,25.00,1,7,0.1295,-1
385,45934,702.00,319.00,25.00,16.00,1,1,1.0000,-1
386,83425,163.00,14.00,135.00,140.00,1,1,0.7771,-1
386,44314,244.00,158.00,36.00,17.00,1,1,0.6455,-1
386,37790,234.00,78.00,102.00,94.00,1,1,0.9277,-1
386,82065,180.00,370.00,168.00,65.00,1,1,1.0000,-1
386,35125,685.00,273.00,31.00,26.00,1,7,0.1311,-1
386,45934,708.00,319.00,26.00,15.00,1,7,1.0000,-1
387,83425,172.00,16.00,133.00,139.00,1,1,0.7797,-1
387,44314,252.00,159.00,36.00,17.00,1,1,0.6451,-1
387,37790,242.00,79.00,103.00,94.00,1,1,0.9300,-1
387,82065,189.00,370.00,166.00,65.00,1,1,0.9996,-1
387,35125,690.00,273.00,32.00,25.00,1,7,0.1298,-1
387,45934,714.00,318.00,26.00,16.00,1,1,1.0000,-1
388,83425,181.00,17.00,132.00,139.00,1,1,0.7830,-1
388,44314,260.00,160.00,36.00,17.00,1,1,0.6498,-1
388,37790,251.00,80.00,101.00,94.00,1,1,0.9311,-1
388,82065,198.00,370.00,165.00,65.00,1,1,1.0000,-1
388,24640,0.00,321.00,9.00,26.00,1,7,1.0000,-1
388,35125,696.00,272.00,32.00,26.00,1,7,0.1337,-1
388,45934,720.00,318.00,26.00,16.00,1,1,1.0000,-1
389,83425,190.00,19.00,131.00,138.00,1,1,0.7858,-1
389,44314,268.00,160.00,35.00,17.00,1,1,0.6496,-1
389,37790,259.00,82.00,101.00,92.00,1,1,0.9336,-1
389,82065,208.00,370.00,162.00,64.00,1,1,0.9995,-1
389,24640,0.00,320.00,18.00,28.00,1,7,0.9617,-1
389,35125,702.00,273.00,32.00,25.00,1,7,0.1306,-1
389,45934,726.00,318.00,26.00,15.00,1,7,1.0000,-1
390,83425,199.00,20.00,130.00,138.00,1,1,0.7883,-1
390,44314,276.00,161.00,34.00,17.00,1,1,0.6574,-1
390,37790,267.00,83.00,101.00,92.00,1,1,0.9350,-1
390,82065,217.00,370.00,161.00,64.00,1,1,1.0000,-1
390,24640,1.00,320.00,26.00,28.00,1,1,0.7568,-1
390,35125,708.00,272.00,32.00,25.00,1,7,0.1319,-1
390,45934,732.00,317.00,26.00,16.00,1,1,1.0000,-1
391,83425,208.00,22.00,129.00,137.00,1,1,0.7910,-1
391,44314,284.00,162.00,35.00,17.00,1,1,0.6643,-1
391,37790,275.00,84.00,101.00,92.00,1,1,0.9367,-1
391,82065,226.00,370.00,159.00,64.00,1,1,0.9997,-1
391,24640,11.00,321.00,26.00,27.00,1,1,0.6719,-1
391,35125,714.00,279.00,22.00,18.00,1,7,0.1361,-1
391,45934,738.00,317.00,27.00,16.00,1,1,1.0000,-1
392,83425,217.00,23.00,128.00,137.00,1,1,0.7931,-1
392,44314,292.00,163.00,34.00,17.00,1,1,0.6631,-1
392,37790,284.00,85.00,100.00,91.00,1,1,0.9389,-1
392,82065,235.00,370.00,158.00,63.00,1,1,1.0000,-1
392,24640,21.00,321.00,25.00,27.00,1,1,0.6738,-1
392,35125,720.00,270.00,33.00,27.00,1,7,0.1340,-1
392,45934,744.00,317.00,27.00,16.00,1,1,1.0000,-1
393,83425,224.00,21.00,127.00,138.00,1,1,0.7941,-1
393,44314,299.00,162.00,34.00,17.00,1,1,0.6613,-1
393,37790,291.00,84.00,100.00,91.00,1,1,0.9397,-1
393,82065,242.00,368.00,157.00,64.00,1,1,1.0000,-1
393,24640,30.00,320.00,25.00,27.00,1,1,0.6753,-1
393,35125,726.00,269.00,34.00,27.00,1,7,0.1346,-1
393,45934,751.00,316.00,27.00,16.00,1,1,1.0000,-1
394,83425,231.00,22.00,127.00,138.00,1,1,0.7954,-1
394,44314,305.00,163.00,34.00,16.00,1,1,0.6600,-1
394,37790,297.00,85.00,100.00,91.00,1,1,0.9392,-1
394,82065,249.00,369.00,156.00,63.00,1,1,0.9997,-1
394,24640,39.00,321.00,25.00,27.00,1,1,0.6718,-1
394,35125,732.00,278.00,23.00,17.00,1,7,0.1375,-1
394,45934,757.00,315.00,28.00,17.00,1,1,1.0000,-1
395,83425,239.00,24.00,125.00,138.00,1,1,0.7952,-1
395,44314,312.00,163.00,34.00,17.00,1,1,0.6691,-1
395,37790,304.00,86.00,100.00,91.00,1,1,0.9405,-1
395,82065,256.00,369.00,155.00,63.00,1,1,0.9996,-1
395,24640,49.00,322.00,24.00,26.00,1,1,0.6686,-1
395,35125,739.00,277.00,23.00,18.00,1,7,0.1320,-1
395,45934,764.00,315.00,28.00,16.00,1,1,1.0000,-1
396,83425,246.00,25.00,125.00,138.00,1,1,0.7967,-1
396,44314,319.00,164.00,33.00,17.00,1,1,0.6673,-1
396,20785,419.00,0.00,0.00,0.00,1,7,0.0050,-1
396,37790,311.00,87.00,99.00,90.00,1,1,0.9410,-1
396,82065,264.00,369.00,154.00,63.00,1,1,0.9999,-1
396,24640,58.00,322.00,24.00,27.00,1,1,0.6775,-1
396,35125,745.00,268.00,35.00,27.00,1,7,0.1379,-1
396,45934,771.00,315.00,28.00,16.00,1,1,1.0000,-1
397,83425,256.00,27.00,123.00,137.00,1,1,0.7990,-1
397,44314,328.00,166.00,33.00,16.00,1,1,0.6698,-1
397,20785,426.00,0.00,2.00,1.00,1,7,0.0174,-1
397,37790,320.00,88.00,99.00,90.00,1,1,0.9422,-1
397,82065,274.00,369.00,152.00,63.00,1,1,0.9997,-1
397,24640,69.00,323.00,23.00,26.00,1,1,0.6707,-1
397,35125,753.00,267.00,35.00,27.00,1,7,0.1414,-1
397,45934,778.00,314.00,29.00,17.00,1,1,1.0000,-1
398,83425,264.00,27.00,123.00,138.00,1,1,0.8013,-1
398,44314,335.00,166.00,33.00,17.00,1,1,0.6673,-1
398,20785,433.00,0.00,3.00,2.00,1,7,0.0332,-1
398,37790,328.00,89.00,99.00,90.00,1,1,0.9435,-1
398,82065,282.00,369.00,151.00,63.00,1,1,0.9996,-1
398,24640,78.00,323.00,22.00,26.00,1,1,0.6744,-1
398,35125,759.00,266.00,36.00,28.00,1,7,0.1387,-1
398,45934,785.00,314.00,29.00,16.00,1,1,1.0000,-1
399,83425,272.00,26.00,122.00,138.00,1,1,0.8024,-1
399,44314,343.00,165.00,32.00,16.00,1,1,0.6724,-1
399,20785,442.00,0.00,2.00,1.00,1,7,0.0206,-1
399,37790,335.00,87.00,99.00,91.00,1,1,0.9446,-1
399,82065,290.00,368.00,150.00,62.00,1,1,0.9996,-1
399,24640,87.00,322.00,22.00,26.00,1,1,0.6688,-1
399,35125,767.00,265.00,36.00,28.00,1,7,0.1427,-1
399,45934,793.00,313.00,29.00,17.00,1,1,1.0000,-1
400,83425,279.00,27.00,122.00,138.00,1,1,0.8028,-1
400,44314,349.00,165.00,33.00,17.00,1,1,0.6749,-1
400,20785,448.00,0.00,2.00,2.00,1,7,0.0305,-1
400,37790,342.00,88.00,99.00,90.00,1,1,0.9448,-1
400,82065,297.00,368.00,150.00,62.00,1,1,0.9998,-1
400,24640,96.00,322.00,22.00,26.00,1,1,0.6677,-1
400,35125,774.00,274.00,24.00,18.00,1,7,0.1370,-1
400,45934,800.00,313.00,30.00,16.00,1,1,1.0000,-1
401,83425,287.00,27.00,121.00,139.00,1,1,0.8040,-1
401,44314,356.00,166.00,32.00,16.00,1,1,0.6822,-1
401,20785,454.00,0.00,3.00,2.00,1,7,0.0390,-1
401,37790,349.00,88.00,98.00,90.00,1,1,0.9439,-1
401,82065,304.00,368.00,149.00,62.00,1,1,0.9995,-1
401,24640,105.00,323.00,21.00,25.00,1,1,0.6672,-1
401,37543,0.00,267.00,4.00,6.00,1,7,1.0000,-1
401,35125,781.00,264.00,37.00,28.00,1,7,0.1458,-1
401,45934,808.00,312.00,30.00,17.00,1,1,1.0000,-1
401,28051,455.00,339.00,1.00,5.00,1,7,0.0442,-1
402,83425,294.00,29.00,120.00,139.00,1,1,0.8054,-1
402,44314,363.00,168.00,32.00,16.00,1,1,0.6738,-1
402,20785,459.00,0.00,5.00,4.00,1,7,0.0738,-1
402,37790,356.00,90.00,98.00,90.00,1,1,0.9450,-1
402,82065,312.00,369.00,148.00,61.00,1,1,0.9998,-1
402,24640,113.00,324.00,22.00,26.00,1,1,0.6667,-1
402,37543,0.00,270.00,13.00,8.00,1,7,1.0000,-1
402,35125,787.00,272.00,26.00,20.00,1,7,0.1458,-1
402,45934,815.00,312.00,30.00,17.00,1,1,1.0000,-1
402,28051,461.00,338.00,2.00,8.00,1,7,0.0899,-1
403,83425,302.00,30.00,120.00,138.00,1,1,0.8072,-1
403,44314,371.00,168.00,31.00,16.00,1,1,0.6740,-1
403,20785,467.00,0.00,6.00,5.00,1,7,0.0952,-1
403,37790,364.00,90.00,98.00,90.00,1,1,0.9463,-1
403,82065,320.00,368.00,147.00,62.00,1,1,0.9995,-1
403,24640,122.00,325.00,21.00,25.00,1,1,0.6684,-1
403,37543,10.00,270.00,14.00,8.00,1,7,1.0000,-1
403,35125,795.00,272.00,25.00,19.00,1,7,0.1421,-1
403,45934,822.00,312.00,31.00,16.00,1,1,1.0000,-1
403,28051,466.00,336.00,4.00,11.00,1,7,0.2260,-1
404,83425,309.00,28.00,119.00,139.00,1,1,0.8082,-1
404,44314,377.00,167.00,32.00,16.00,1,1,0.6839,-1
404,20785,475.00,0.00,4.00,4.00,1,7,0.0650,-1
404,37790,370.00,89.00,99.00,90.00,1,1,0.9468,-1
404,82065,327.00,367.00,146.00,62.00,1,1,0.9997,-1
404,24640,130.00,323.00,20.00,25.00,1,7,0.6643,-1
404,37543,18.00,269.00,15.00,8.00,1,7,1.0000,-1
404,35125,801.00,262.00,39.00,28.00,1,7,0.1453,-1
404,45934,829.00,311.00,31.00,17.00,1,1,1.0000,-1
404,28051,472.00,334.00,4.00,13.00,1,7,0.2881,-1
405,83425,315.00,30.00,119.00,139.00,1,1,0.8098,-1
405,44314,383.00,168.00,31.00,17.00,1,1,0.6866,-1
405,20785,479.00,0.00,6.00,6.00,1,7,0.1037,-1
405,37790,376.00,90.00,99.00,90.00,1,1,0.9477,-1
405,82065,334.00,368.00,145.00,62.00,1,1,0.9995,-1
405,24640,137.00,325.00,20.00,25.00,1,7,0.6643,-1
405,37543,27.00,271.00,15.00,9.00,1,7,1.0000,-1
405,35125,808.00,270.00,26.00,20.00,1,7,0.1475,-1
405,45934,836.00,311.00,31.00,17.00,1,1,1.0000,-1
405,28051,476.00,333.00,7.00,15.00,1,7,0.4229,-1
406,83425,323.00,31.00,119.00,138.00,1,1,0.8121,-1
406,44314,390.00,169.00,31.00,16.00,1,1,0.6899,-1
406,20785,486.00,0.00,7.00,6.00,1,7,0.1322,-1
406,37790,384.00,91.00,98.00,89.00,1,1,0.9481,-1
406,82065,341.00,368.00,146.00,61.00,1,1,1.0000,-1
406,24640,144.00,325.00,20.00,25.00,1,7,0.6636,-1
406,37543,37.00,272.00,14.00,8.00,1,7,1.0000,-1
406,35125,814.00,260.00,40.00,30.00,1,7,0.1421,-1
406,45934,843.00,310.00,32.00,17.00,1,1,1.0000,-1
406,28051,481.00,333.00,9.00,15.00,1,7,0.5819,-1
407,83425,331.00,31.00,118.00,139.00,1,1,0.8136,-1
407,44314,397.00,169.00,32.00,16.00,1,1,0.6918,-1
407,20785,493.00,0.00,8.00,7.00,1,7,0.1566,-1
407,37790,391.00,91.00,99.00,90.00,1,1,0.9487,-1
407,82065,349.00,368.00,145.00,61.00,1,1,1.0000,-1
407,24640,152.00,325.00,20.00,25.00,1,7,0.6592,-1
407,37543,46.00,273.00,13.00,8.00,1,7,1.0000,-1
407,35125,821.00,269.00,27.00,20.00,1,7,0.1476,-1
407,45934,850.00,310.00,32.00,17.00,1,1,1.0000,-1
407,28051,486.00,333.00,10.00,14.00,1,7,0.7135,-1
408,83425,338.00,32.00,118.00,138.00,1,1,0.8160,-1
408,44314,404.00,169.00,32.00,16.00,1,1,0.6912,-1
408,20785,500.00,0.00,9.00,8.00,1,7,0.1873,-1
408,37790,398.00,91.00,99.00,90.00,1,1,0.9495,-1
408,82065,357.00,368.00,143.00,61.00,1,1,0.9994,-1
408,24640,159.00,325.00,20.00,24.00,1,7,0.6584,-1
408,37543,55.00,273.00,13.00,8.00,1,7,1.0000,-1
408,35125,828.00,268.00,28.00,21.00,1,7,0.1457,-1
408,45934,857.00,309.00,33.00,18.00,1,1,1.0000,-1
408,28051,491.00,332.00,11.00,15.00,1,7,0.7640,-1
409,83425,346.00,33.00,117.00,138.00,1,1,0.8182,-1
409,44314,411.00,170.00,31.00,16.00,1,1,0.6955,-1
409,20785,507.00,0.00,10.00,8.00,1,7,0.2191,-1
409,37790,406.00,92.00,99.00,89.00,1,1,0.9503,-1
409,82065,365.00,367.00,143.00,61.00,1,1,1.0000,-1
409,24640,167.00,326.00,19.00,23.00,1,7,0.6590,-1
409,37543,64.00,274.00,13.00,8.00,1,7,1.0000,-1
409,35125,835.00,268.00,28.00,20.00,1,7,0.1460,-1
409,45934,864.00,309.00,34.00,17.00,1,1,1.0000,-1
409,28051,497.00,332.00,11.00,15.00,1,7,0.7627,-1
410,83425,353.00,33.00,117.00,138.00,1,1,0.8202,-1
410,44314,418.00,169.00,31.00,16.00,1,1,0.6942,-1
410,20785,514.00,0.00,11.00,7.00,1,7,0.2405,-1
410,37790,413.00,92.00,99.00,89.00,1,1,0.9502,-1
410,82065,372.00,367.00,142.00,61.00,1,1,0.9997,-1
410,24640,173.00,325.00,19.00,24.00,1,7,0.6595,-1
410,37543,72.00,274.00,12.00,8.00,1,7,1.0000,-1
410,35125,841.00,267.00,29.00,21.00,1,7,0.1487,-1
410,45934,872.00,309.00,33.00,17.00,1,1,0.9977,-1
410,28051,501.00,332.00,11.00,15.00,1,7,0.7684,-1
411,83425,359.00,32.00,118.00,139.00,1,1,0.8206,-1
411,44314,424.00,169.00,31.00,16.00,1,1,0.7033,-1
411,20785,522.00,0.00,9.00,6.00,1,7,0.2108,-1
411,37790,419.00,91.00,99.00,89.00,1,1,0.9501,-1
411,82065,378.00,367.00,142.00,61.00,1,1,0.9997,-1
411,24640,181.00,325.00,18.00,24.00,1,7,0.6580,-1
411,37543,81.00,274.00,12.00,8.00,1,7,1.0000,-1
411,35125,849.00,266.00,29.00,21.00,1,7,0.1511,-1
411,45934,879.00,308.00,35.00,18.00,1,1,1.0000,-1
411,28051,507.00,332.00,11.00,15.00,1,7,0.7714,-1
412,83425,366.00,33.00,117.00,139.00,1,1,0.8212,-1
412,44314,430.00,170.00,31.00,16.00,1,1,0.7037,-1
412,20785,528.00,0.00,10.00,7.00,1,7,0.2511,-1
412,37790,425.00,91.00,100.00,90.00,1,1,0.9512,-1
412,82065,385.00,367.00,142.00,61.00,1,1,1.0000,-1
412,24640,188.00,326.00,18.00,23.00,1,7,0.6545,-1
412,37543,89.00,275.00,13.00,8.00,1,7,1.0000,-1
412,35125,856.00,266.00,30.00,20.00,1,7,0.1492,-1
412,45934,887.00,308.00,35.00,17.00,1,1,1.0000,-1
412,28051,512.00,332.00,11.00,15.00,1,7,0.7771,-1
413,83425,373.00,32.00,117.00,140.00,1,1,0.8220,-1
413,44314,437.00,170.00,31.00,16.00,1,1,0.6989,-1
413,20785,536.00,0.00,9.00,6.00,1,7,0.2513,-1
413,37790,432.00,91.00,100.00,90.00,1,1,0.9517,-1
413,82065,392.00,367.00,142.00,61.00,1,1,1.0000,-1
413,24640,196.00,326.00,18.00,23.00,1,7,0.6536,-1
413,37543,98.00,276.00,12.00,7.00,1,7,1.0000,-1
413,35125,865.00,264.00,30.00,22.00,1,7,0.1559,-1
413,45934,896.00,307.00,35.00,18.00,1,1,0.9978,-1
413,28051,517.00,332.00,11.00,15.00,1,7,0.7727,-1
414,83425,379.00,32.00,117.00,140.00,1,1,0.8224,-1
414,44314,443.00,169.00,31.00,16.00,1,1,0.7029,-1
414,20785,543.00,0.00,8.00,5.00,1,7,0.2312,-1
414,37790,438.00,90.00,100.00,90.00,1,1,0.9510,-1
414,82065,398.00,367.00,142.00,61.00,1,1,1.0000,-1
414,24640,203.00,326.00,18.00,23.00,1,7,0.6542,-1
414,37543,107.00,276.00,11.00,8.00,1,7,1.0000,-1
414,35125,873.00,263.00,31.00,22.00,1,7,0.1497,-1
414,45934,905.00,307.00,35.00,18.00,1,1,1.0000,-1
414,28051,523.00,332.00,11.00,15.00,1,7,0.7803,-1
415,83425,388.00,33.00,116.00,139.00,1,1,0.8233,-1
415,44314,452.00,170.00,30.00,16.00,1,1,0.7044,-1
415,20785,551.00,0.00,9.00,5.00,1,7,0.2442,-1
415,37790,447.00,91.00,100.00,90.00,1,1,0.9515,-1
415,82065,407.00,367.00,141.00,60.00,1,1,0.9998,-1
415,24640,212.00,326.00,18.00,23.00,1,7,0.6538,-1
415,37543,118.00,277.00,11.00,8.00,1,7,1.0000,-1
415,35125,883.00,262.00,32.00,22.00,1,7,0.1478,-1
415,45934,915.00,306.00,37.00,18.00,1,1,1.0000,-1
415,28051,530.00,332.00,11.00,15.00,1,7,0.7874,-1
416,83425,396.00,33.00,116.00,140.00,1,1,0.8242,-1
416,44314,460.00,170.00,30.00,16.00,1,1,0.7089,-1
416,20785,560.00,0.00,8.00,5.00,1,7,0.2468,-1
416,37790,455.00,91.00,100.00,89.00,1,1,0.9517,-1
416,82065,415.00,367.00,141.00,60.00,1,1,1.0000,-1
416,24640,221.00,326.00,17.00,23.00,1,7,0.6543,-1
416,37543,128.00,278.00,11.00,7.00,1,7,1.0000,-1
416,35125,893.00,262.00,32.00,22.00,1,7,0.1570,-1
416,45934,926.00,305.00,37.00,19.00,1,1,1.0000,-1
416,28051,536.00,332.00,12.00,15.00,1,7,0.7753,-1
417,83425,402.00,32.00,116.00,141.00,1,1,0.8245,-1
417,44314,466.00,170.00,30.00,16.00,1,1,0.7104,-1
417,20785,566.00,0.00,9.00,4.00,1,7,0.2518,-1
417,37790,461.00,90.00,101.00,90.00,1,1,0.9510,-1
417,82065,421.00,367.00,141.00,60.00,1,1,1.0000,-1
417,24640,228.00,326.00,17.00,23.00,1,7,0.6527,-1
417,37543,136.00,278.00,11.00,8.00,1,7,1.0000,-1
417,35125,901.00,261.00,32.00,22.00,1,7,0.1533,-1
417,45934,934.00,305.00,38.00,18.00,1,1,1.0000,-1
417,28051,542.00,331.00,11.00,15.00,1,7,0.7841,-1
418,83425,412.00,33.00,115.00,141.00,1,1,0.8261,-1
418,44314,474.00,170.00,31.00,16.00,1,1,0.7058,-1
418,20785,576.00,0.00,8.00,5.00,1,7,0.2826,-1
418,37790,470.00,91.00,101.00,90.00,1,1,0.9516,-1
418,82065,430.00,367.00,141.00,60.00,1,1,1.0000,-1
418,24640,237.00,327.00,17.00,23.00,1,7,0.6553,-1
418,37543,146.00,279.00,11.00,7.00,1,7,1.0000,-1
418,35125,912.00,259.00,34.00,24.00,1,7,0.1529,-1
418,45934,946.00,304.00,39.00,19.00,1,1,1.0000,-1
418,28051,549.00,332.00,11.00,15.00,1,7,0.7797,-1
419,83425,417.00,33.00,116.00,141.00,1,1,0.8270,-1
419,44314,479.00,170.00,31.00,16.00,1,1,0.7079,-1
419,20785,581.00,0.00,9.00,5.00,1,7,0.2812,-1
419,37790,475.00,90.00,101.00,91.00,1,1,0.9515,-1
419,82065,436.00,367.00,140.00,60.00,1,1,0.9998,-1
419,24640,242.00,327.00,17.00,22.00,1,7,0.6529,-1
419,37543,152.00,279.00,11.00,8.00,1,7,1.0000,-1
419,35125,919.00,259.00,33.00,23.00,1,7,0.1518,-1
419,45934,953.00,304.00,39.00,19.00,1,1,1.0000,-1
419,28051,553.00,331.00,11.00,15.00,1,7,0.7797,-1
420,83425,422.00,33.00,115.00,141.00,1,1,0.8271,-1
420,44314,484.00,170.00,30.00,16.00,1,1,0.7082,-1
420,20785,587.00,0.00,8.00,5.00,1,7,0.2743,-1
420,37790,479.00,90.00,102.00,90.00,1,1,0.9524,-1
420,82065,440.00,367.00,141.00,60.00,1,1,1.0000,-1
420,24640,247.00,327.00,16.00,22.00,1,7,0.6488,-1
420,37543,158.00,280.00,10.00,7.00,1,7,1.0000,-1
420,35125,924.00,259.00,35.00,23.00,1,7,0.1560,-1
420,45934,959.00,304.00,40.00,18.00,1,1,1.0000,-1
420,28051,557.00,331.00,11.00,15.00,1,7,0.7853,-1
421,83425,427.00,32.00,116.00,142.00,1,1,0.8279,-1
421,44314,490.00,170.00,30.00,16.00,1,1,0.7225,-1
421,20785,593.00,0.00,8.00,4.00,1,7,0.2600,-1
421,37790,485.00,90.00,103.00,90.00,1,1,0.9520,-1
421,82065,446.00,366.00,141.00,61.00,1,1,1.0000,-1
421,24640,253.00,327.00,17.00,22.00,1,7,0.6478,-1
421,37543,165.00,280.00,11.00,7.00,1,7,1.0000,-1
421,35125,933.00,257.00,35.00,24.00,1,7,0.1568,-1
421,45934,968.00,303.00,40.00,19.00,1,1,1.0000,-1
421,28051,562.00,331.00,11.00,15.00,1,7,0.7790,-1
422,83425,433.00,33.00,116.00,141.00,1,1,0.8277,-1
422,44314,495.00,170.00,30.00,16.00,1,1,0.7073,-1
422,20785,599.00,0.00,8.00,5.00,1,7,0.2772,-1
422,37790,491.00,90.00,102.00,91.00,1,1,0.9535,-1
422,82065,452.00,367.00,140.00,60.00,1,1,0.9998,-1
422,24640,259.00,327.00,17.00,23.00,1,7,0.6502,-1
422,37543,172.00,281.00,11.00,7.00,1,7,1.0000,-1
422,35125,941.00,257.00,35.00,24.00,1,7,0.1525,-1
422,45934,977.00,303.00,41.00,19.00,1,1,0.9982,-1
422,28051,567.00,332.00,12.00,15.00,1,7,0.7821,-1
423,83425,438.00,33.00,116.00,141.00,1,1,0.8276,-1
423,44314,500.00,170.00,30.00,16.00,1,1,0.7109,-1
423,20785,605.00,0.00,7.00,3.00,1,7,0.2169,-1
423,37790,496.00,90.00,102.00,90.00,1,1,0.9530,-1
423,82065,457.00,367.00,140.00,60.00,1,1,0.9998,-1
423,24640,265.00,327.00,16.00,23.00,1,7,0.6468,-1
423,37543,179.00,281.00,10.00,7.00,1,7,1.0000,-1
423,35125,948.00,256.00,36.00,24.00,1,7,0.1532,-1
423,45934,985.00,302.00,38.00,19.00,1,1,1.0000,-1
423,28051,572.00,331.00,11.00,15.00,1,7,0.7845,-1
424,83425,448.00,34.00,115.00,141.00,1,1,0.8282,-1
424,44314,509.00,171.00,30.00,16.00,1,1,0.7143,-1
424,20785,614.00,0.00,8.00,4.00,1,7,0.2637,-1
424,37790,505.00,90.00,103.00,91.00,1,1,0.9531,-1
424,82065,466.00,367.00,140.00,61.00,1,1,0.9997,-1
424,24640,275.00,328.00,16.00,22.00,1,7,0.6538,-1
424,37543,190.00,282.00,10.00,7.00,1,7,1.0000,-1
424,35125,962.00,255.00,37.00,24.00,1,7,0.1540,-1
424,45934,999.00,302.00,24.00,19.00,1,1,1.0000,-1
424,28051,580.00,332.00,11.00,15.00,1,7,0.7853,-1
425,83425,454.00,33.00,115.00,142.00,1,1,0.8287,-1
425,44314,515.00,171.00,30.00,15.00,1,7,0.7103,-1
425,20785,622.00,0.00,6.00,3.00,1,7,0.1818,-1
425,37790,511.00,89.00,103.00,91.00,1,1,0.9525,-1
425,82065,472.00,367.00,141.00,60.00,1,1,1.0000,-1
425,24640,282.00,328.00,16.00,22.00,1,7,0.6494,-1
425,37543,198.00,283.00,10.00,7.00,1,7,1.0000,-1
425,35125,972.00,254.00,37.00,24.00,1,7,0.1767,-1
425,45934,1010.00,300.00,13.00,16.00,1,7,1.0000,-1
425,28051,586.00,331.00,11.00,15.00,1,7,0.7802,-1
426,83425,459.00,33.00,115.00,142.00,1,1,0.8278,-1
426,44314,520.00,171.00,30.00,15.00,1,7,0.7069,-1
426,20785,627.00,0.00,6.00,2.00,1,7,0.1404,-1
426,37790,516.00,89.00,103.00,91.00,1,1,0.9532,-1
426,82065,477.00,367.00,141.00,60.00,1,1,1.0000,-1
426,24640,287.00,328.00,16.00,22.00,1,7,0.6517,-1
426,37543,204.00,283.00,10.00,7.00,1,7,1.0000,-1
426,35125,980.00,253.00,38.00,24.00,1,1,0.2148,-1
426,45934,1019.00,302.00,4.00,7.00,1,7,1.0000,-1
426,28051,591.00,331.00,11.00,15.00,1,7,0.7857,-1
427,83425,464.00,33.00,116.00,143.00,1,1,0.8276,-1
427,44314,526.00,171.00,30.00,15.00,1,7,0.7054,-1
427,20785,637.00,0.00,1.00,1.00,1,7,0.0652,-1
427,37790,521.00,89.00,104.00,91.00,1,1,0.9531,-1
427,82065,483.00,367.00,141.00,60.00,1,1,1.0000,-1
427,24640,294.00,329.00,16.00,21.00,1,7,0.6532,-1
427,37543,212.00,284.00,10.00,7.00,1,7,1.0000,-1
427,35125,990.00,255.00,33.00,21.00,1,1,0.2659,-1
427,28051,597.00,331.00,11.00,15.00,1,7,0.7912,-1
428,83425,474.00,33.00,116.00,144.00,1,1,0.8287,-1
428,44314,535.00,171.00,31.00,16.00,1,1,0.7119,-1
428,20785,647.00,0.00,2.00,1.00,1,7,0.1064,-1
428,37790,531.00,90.00,104.00,91.00,1,1,0.9520,-1
428,82065,492.00,367.00,141.00,61.00,1,1,0.9997,-1
428,24640,304.00,329.00,15.00,22.00,1,7,0.6484,-1
428,37543,223.00,285.00,9.00,6.00,1,7,1.0000,-1
428,35125,1005.00,258.00,18.00,18.00,1,7,0.1622,-1
428,28051,605.00,331.00,12.00,16.00,1,7,0.7754,-1
429,83425,479.00,33.00,116.00,144.00,1,1,0.8282,-1
429,44314,540.00,172.00,30.00,15.00,1,7,0.6981,-1
429,20785,653.00,0.00,1.00,1.00,1,7,0.0909,-1
429,37790,536.00,90.00,104.00,91.00,1,1,0.9528,-1
429,82065,497.00,368.00,141.00,60.00,1,1,1.0000,-1
429,24640,309.00,329.00,15.00,22.00,1,7,0.6536,-1
429,37543,229.00,285.00,9.00,7.00,1,7,1.0000,-1
429,35125,1013.00,271.00,7.00,5.00,1,7,0.3594,-1
429,28051,610.00,332.00,12.00,15.00,1,7,0.7880,-1
430,83425,483.00,33.00,116.00,144.00,1,1,0.8271,-1
430,44314,544.00,171.00,30.00,16.00,1,1,0.7137,-1
430,20785,658.00,0.00,0.00,0.00,1,7,0.0333,-1
430,37790,540.00,89.00,105.00,91.00,1,1,0.9529,-1
430,82065,501.00,367.00,142.00,61.00,1,1,1.0000,-1
430,24640,315.00,329.00,15.00,22.00,1,7,0.6464,-1
430,37543,235.00,285.00,9.00,7.00,1,7,1.0000,-1
430,35125,1022.00,273.00,1.00,1.00,1,7,0.7500,-1
430,28051,615.00,331.00,11.00,15.00,1,7,0.7819,-1
431,83425,487.00,32.00,115.00,145.00,1,1,0.8273,-1
431,44314,548.00,171.00,30.00,16.00,1,1,0.7058,-1
431,37790,544.00,88.00,104.00,92.00,1,1,0.9525,-1
431,82065,505.00,367.00,141.00,61.00,1,1,0.9995,-1
431,24640,319.00,329.00,15.00,22.00,1,7,0.6483,-1
431,37543,240.00,286.00,9.00,7.00,1,7,1.0000,-1
431,28051,619.00,331.00,11.00,15.00,1,7,0.7807,-1
432,83425,491.00,32.00,115.00,145.00,1,1,0.8267,-1
432,44314,552.00,171.00,30.00,16.00,1,1,0.7034,-1
432,37790,548.00,88.00,104.00,92.00,1,1,0.9523,-1
432,82065,509.00,367.00,141.00,61.00,1,1,0.9995,-1
432,24640,324.00,329.00,15.00,22.00,1,7,0.6578,-1
432,37543,245.00,286.00,10.00,7.00,1,7,1.0000,-1
432,28051,623.00,331.00,12.00,15.00,1,7,0.7947,-1
433,83425,497.00,32.00,116.00,145.00,1,1,0.8256,-1
433,44314,559.00,171.00,30.00,16.00,1,1,0.7019,-1
433,37790,554.00,88.00,105.00,92.00,1,1,0.9520,-1
433,82065,515.00,367.00,142.00,61.00,1,1,0.9995,-1
433,24640,332.00,330.00,15.00,21.00,1,7,0.6431,-1
433,37543,254.00,287.00,9.00,6.00,1,7,1.0000,-1
433,28051,630.00,331.00,12.00,15.00,1,7,0.7884,-1
434,83425,501.00,32.00,116.00,146.00,1,1,0.8247,-1
434,44314,563.00,171.00,30.00,16.00,1,1,0.7028,-1
434,37790,558.00,88.00,105.00,92.00,1,1,0.9524,-1
434,82065,519.00,367.00,142.00,61.00,1,1,0.9995,-1
434,24640,337.00,330.00,14.00,21.00,1,7,0.6528,-1
434,37543,260.00,287.00,9.00,7.00,1,7,1.0000,-1
434,28051,635.00,331.00,12.00,15.00,1,7,0.7937,-1
435,83425,506.00,32.00,116.00,146.00,1,1,0.8242,-1
435,44314,567.00,171.00,30.00,16.00,1,1,0.7048,-1
435,37790,563.00,88.00,105.00,92.00,1,1,0.9526,-1
435,82065,523.00,367.00,143.00,61.00,1,1,0.9998,-1
435,24640,342.00,330.00,15.00,21.00,1,7,0.6493,-1
435,37543,266.00,288.00,8.00,6.00,1,7,1.0000,-1
435,28051,640.00,331.00,12.00,15.00,1,7,0.7876,-1
436,83425,510.00,32.00,116.00,146.00,1,1,0.8236,-1
436,44314,571.00,171.00,31.00,16.00,1,1,0.7011,-1
436,37790,567.00,87.00,105.00,93.00,1,1,0.9519,-1
436,82065,528.00,367.00,142.00,61.00,1,1,0.9995,-1
436,24640,347.00,330.00,15.00,21.00,1,7,0.6510,-1
436,37543,271.00,288.00,9.00,7.00,1,7,1.0000,-1
436,28051,646.00,331.00,12.00,15.00,1,7,0.7784,-1
437,83425,517.00,32.00,117.00,146.00,1,1,0.8230,-1
437,44314,579.00,171.00,30.00,16.00,1,1,0.6962,-1
437,37790,574.00,87.00,105.00,92.00,1,1,0.9517,-1
437,82065,535.00,368.00,143.00,60.00,1,1,1.0000,-1
437,24640,355.00,331.00,15.00,21.00,1,7,0.6469,-1
437,37543,280.00,289.00,8.00,6.00,1,7,1.0000,-1
437,28051,653.00,331.00,12.00,15.00,1,7,0.7938,-1
438,83425,521.00,32.00,117.00,147.00,1,1,0.8222,-1
438,44314,583.00,171.00,31.00,16.00,1,1,0.7038,-1
438,37790,578.00,87.00,106.00,92.00,1,1,0.9513,-1
438,82065,539.00,368.00,143.00,60.00,1,1,0.9995,-1
438,24640,360.00,331.00,15.00,21.00,1,7,0.6534,-1
438,37543,285.00,289.00,9.00,7.00,1,7,1.0000,-1
438,28051,658.00,331.00,12.00,15.00,1,7,0.7879,-1
439,83425,526.00,31.00,116.00,148.00,1,1,0.8213,-1
439,44314,587.00,171.00,31.00,16.00,1,1,0.7029,-1
439,37790,582.00,87.00,106.00,92.00,1,1,0.9511,-1
439,82065,543.00,368.00,144.00,61.00,1,1,1.0000,-1
439,24640,365.00,331.00,15.00,21.00,1,7,0.6544,-1
439,37543,291.00,290.00,8.00,6.00,1,7,1.0000,-1
439,28051,663.00,331.00,12.00,15.00,1,7,0.7739,-1
440,83425,530.00,31.00,116.00,148.00,1,1,0.8201,-1
440,44314,591.00,171.00,31.00,16.00,1,1,0.6998,-1
440,37790,587.00,86.00,105.00,93.00,1,1,0.9519,-1
440,82065,547.00,368.00,144.00,61.00,1,1,0.9997,-1
440,24640,370.00,331.00,15.00,21.00,1,7,0.6553,-1
440,37543,297.00,290.00,8.00,7.00,1,7,1.0000,-1
440,28051,668.00,331.00,13.00,15.00,1,7,0.7850,-1
441,83425,534.00,31.00,117.00,148.00,1,1,0.8194,-1
441,44314,596.00,171.00,31.00,16.00,1,1,0.6985,-1
441,37790,591.00,86.00,106.00,93.00,1,1,0.9513,-1
441,82065,551.00,368.00,145.00,61.00,1,1,0.9998,-1
441,24640,376.00,332.00,14.00,20.00,1,7,0.6455,-1
441,37543,302.00,291.00,9.00,6.00,1,7,1.0000,-1
441,28051,674.00,331.00,12.00,15.00,1,7,0.7919,-1
442,83425,539.00,31.00,117.00,148.00,1,1,0.8185,-1
442,44314,600.00,171.00,31.00,16.00,1,1,0.6929,-1
442,37790,596.00,86.00,106.00,93.00,1,1,0.9514,-1
442,82065,556.00,368.00,145.00,61.00,1,1,1.0000,-1
442,24640,381.00,332.00,14.00,20.00,1,7,0.6460,-1
442,37543,308.00,291.00,8.00,6.00,1,7,1.0000,-1
442,28051,679.00,331.00,13.00,15.00,1,7,0.7745,-1
443,83425,543.00,31.00,117.00,149.00,1,1,0.8178,-1
443,44314,605.00,171.00,31.00,16.00,1,1,0.6920,-1
443,37790,600.00,85.00,106.00,94.00,1,1,0.9506,-1
443,82065,560.00,368.00,146.00,61.00,1,1,1.0000,-1
443,24640,387.00,332.00,14.00,21.00,1,7,0.6567,-1
443,37543,314.00,291.00,9.00,7.00,1,7,1.0000,-1
443,28051,685.00,331.00,12.00,15.00,1,7,0.7681,-1
444,83425,549.00,30.00,117.00,150.00,1,1,0.8168,-1
444,44314,611.00,171.00,31.00,15.00,1,7,0.6864,-1
444,37790,606.00,85.00,107.00,93.00,1,1,0.9508,-1
444,82065,566.00,368.00,146.00,62.00,1,1,0.9998,-1
444,24640,393.00,332.00,14.00,21.00,1,7,0.6570,-1
444,37543,321.00,292.00,8.00,6.00,1,7,1.0000,-1
444,28051,691.00,330.00,13.00,16.00,1,7,0.7718,-1
445,83425,560.00,30.00,118.00,151.00,1,1,0.8167,-1
445,44314,622.00,171.00,31.00,16.00,1,1,0.6951,-1
445,37790,617.00,85.00,108.00,94.00,1,1,0.9518,-1
445,82065,577.00,369.00,147.00,62.00,1,1,0.9998,-1
445,24640,403.00,333.00,14.00,20.00,1,7,0.6545,-1
445,37543,332.00,293.00,8.00,6.00,1,7,1.0000,-1
445,28051,703.00,331.00,12.00,16.00,1,7,0.7751,-1
446,83425,566.00,31.00,119.00,150.00,1,1,0.8168,-1
446,44314,628.00,172.00,32.00,16.00,1,1,0.6867,-1
446,37790,624.00,85.00,108.00,94.00,1,1,0.9507,-1
446,82065,583.00,370.00,148.00,61.00,1,1,1.0000,-1
446,24640,410.00,334.00,14.00,20.00,1,7,0.6495,-1
446,37543,339.00,293.00,9.00,7.00,1,7,1.0000,-1
446,28051,709.00,331.00,13.00,17.00,1,7,0.7696,-1
447,83425,570.00,29.00,119.00,151.00,1,1,0.8158,-1
447,44314,632.00,170.00,32.00,16.00,1,1,0.6833,-1
447,37790,627.00,83.00,109.00,94.00,1,1,0.9512,-1
447,82065,587.00,369.00,148.00,61.00,1,1,0.9995,-1
447,24640,415.00,333.00,13.00,20.00,1,7,0.6523,-1
447,37543,344.00,294.00,8.00,6.00,1,7,1.0000,-1
447,28051,715.00,330.00,13.00,16.00,1,7,0.7824,-1
448,83425,581.00,29.00,119.00,152.00,1,1,0.8159,-1
448,44314,644.00,171.00,31.00,15.00,1,7,0.6934,-1
448,37790,639.00,83.00,109.00,95.00,1,1,0.9504,-1
448,82065,598.00,370.00,150.00,61.00,1,1,1.0000,-1
448,24640,425.00,334.00,14.00,20.00,1,7,0.6502,-1
448,37543,355.00,295.00,8.00,6.00,1,7,1.0000,-1
448,28051,726.00,331.00,13.00,16.00,1,7,0.7793,-1
449,83425,587.00,29.00,120.00,152.00,1,1,0.8155,-1
449,44314,649.00,171.00,33.00,16.00,1,1,0.6891,-1
449,37790,645.00,83.00,110.00,95.00,1,1,0.9509,-1
449,82065,603.00,370.00,151.00,62.00,1,1,0.9997,-1
449,24640,431.00,334.00,14.00,20.00,1,7,0.6481,-1
449,37543,362.00,295.00,7.00,6.00,1,7,1.0000,-1
449,28051,733.00,331.00,13.00,16.00,1,7,0.7783,-1
450,83425,590.00,27.00,120.00,153.00,1,1,0.8140,-1
450,44314,653.00,169.00,32.00,16.00,1,1,0.6836,-1
450,37790,648.00,81.00,111.00,95.00,1,1,0.9515,-1
450,82065,607.00,369.00,151.00,62.00,1,1,0.9995,-1
450,24640,435.00,334.00,14.00,20.00,1,7,0.6542,-1
450,37543,366.00,295.00,8.00,6.00,1,7,1.0000,-1
450,28051,737.00,330.00,14.00,16.00,1,7,0.7753,-1
451,83425,597.00,25.00,121.00,155.00,1,1,0.8133,-1
451,44314,660.00,169.00,32.00,15.00,1,7,0.6874,-1
451,37790,655.00,79.00,111.00,96.00,1,1,0.9514,-1
451,82065,614.00,369.00,152.00,62.00,1,1,0.9996,-1
451,24640,442.00,334.00,14.00,20.00,1,7,0.6583,-1
451,37543,373.00,295.00,8.00,6.00,1,7,1.0000,-1
451,28051,746.00,329.00,13.00,17.00,1,7,0.7652,-1
452,83425,606.00,26.00,122.00,155.00,1,1,0.8129,-1
452,44314,670.00,170.00,32.00,15.00,1,7,0.6814,-1
452,37790,665.00,80.00,112.00,96.00,1,1,0.9508,-1
452,82065,623.00,370.00,154.00,63.00,1,1,1.0000,-1
452,24640,451.00,335.00,13.00,20.00,1,7,0.6541,-1
452,37543,382.00,296.00,8.00,7.00,1,7,1.0000,-1
452,28051,756.00,330.00,13.00,17.00,1,7,0.7679,-1
453,83425,612.00,25.00,122.00,156.00,1,1,0.8126,-1
453,44314,675.00,169.00,33.00,16.00,1,1,0.6857,-1
453,37790,670.00,79.00,113.00,96.00,1,1,0.9501,-1
453,82065,628.00,370.00,155.00,63.00,1,1,0.9997,-1
453,24640,456.00,335.00,14.00,20.00,1,7,0.6594,-1
453,37543,388.00,297.00,8.00,6.00,1,7,1.0000,-1
453,28051,762.00,330.00,14.00,17.00,1,7,0.7797,-1
454,83425,615.00,24.00,123.00,156.00,1,1,0.8115,-1
454,44314,679.00,168.00,33.00,16.00,1,1,0.6875,-1
454,37790,674.00,78.00,113.00,97.00,1,1,0.9493,-1
454,82065,632.00,370.00,156.00,63.00,1,1,1.0000,-1
454,24640,460.00,335.00,14.00,20.00,1,7,0.6583,-1
454,37543,393.00,297.00,7.00,6.00,1,7,1.0000,-1
454,28051,767.00,329.00,14.00,17.00,1,7,0.7673,-1
455,83425,619.00,22.00,123.00,158.00,1,1,0.8107,-1
455,44314,683.00,168.00,34.00,15.00,1,7,0.6884,-1
455,37790,678.00,76.00,114.00,98.00,1,1,0.9502,-1
455,82065,636.00,369.00,156.00,63.00,1,1,0.9994,-1
455,24640,465.00,335.00,13.00,20.00,1,7,0.6571,-1
455,37543,397.00,297.00,8.00,6.00,1,7,1.0000,-1
455,28051,773.00,329.00,14.00,17.00,1,7,0.7810,-1
456,83425,623.00,21.00,124.00,158.00,1,1,0.8093,-1
456,44314,688.00,167.00,33.00,16.00,1,1,0.6723,-1
456,37790,682.00,75.00,115.00,98.00,1,1,0.9500,-1
456,82065,640.00,369.00,157.00,64.00,1,1,0.9994,-1
456,24640,470.00,335.00,13.00,20.00,1,7,0.6530,-1
456,37543,402.00,297.00,8.00,6.00,1,7,1.0000,-1
456,28051,779.00,329.00,14.00,16.00,1,7,0.7692,-1
457,83425,628.00,20.00,124.00,159.00,1,1,0.8079,-1
457,44314,693.00,167.00,33.00,15.00,1,7,0.6832,-1
457,37790,687.00,75.00,115.00,98.00,1,1,0.9497,-1
457,82065,645.00,369.00,158.00,64.00,1,1,0.9997,-1
457,24640,475.00,335.00,13.00,20.00,1,7,0.6582,-1
457,37543,407.00,297.00,8.00,7.00,1,7,1.0000,-1
457,28051,785.00,328.00,14.00,17.00,1,7,0.7720,-1
458,83425,632.00,19.00,125.00,160.00,1,1,0.8067,-1
458,44314,697.00,166.00,34.00,16.00,1,1,0.6751,-1
458,37790,692.00,73.00,115.00,99.00,1,1,0.9488,-1
458,82065,649.00,369.00,159.00,64.00,1,1,0.9994,-1
458,24640,480.00,335.00,13.00,20.00,1,7,0.6540,-1
458,37543,412.00,298.00,8.00,6.00,1,7,1.0000,-1
458,28051,791.00,328.00,15.00,17.00,1,7,0.7725,-1
459,83425,637.00,18.00,124.00,160.00,1,1,0.8053,-1
459,44314,702.00,166.00,34.00,15.00,1,7,0.6739,-1
459,37790,696.00,72.00,116.00,99.00,1,1,0.9489,-1
459,82065,654.00,369.00,160.00,64.00,1,1,0.9997,-1
459,24640,485.00,335.00,13.00,20.00,1,7,0.6562,-1
459,37543,418.00,298.00,7.00,6.00,1,7,1.0000,-1
459,28051,798.00,328.00,14.00,17.00,1,7,0.7752,-1
460,83425,641.00,17.00,125.00,161.00,1,1,0.8038,-1
460,44314,707.00,165.00,34.00,15.00,1,7,0.6786,-1
460,37790,701.00,71.00,116.00,99.00,1,1,0.9492,-1
460,82065,658.00,369.00,161.00,64.00,1,1,0.9994,-1
460,24640,489.00,335.00,14.00,20.00,1,7,0.6614,-1
460,37543,423.00,298.00,7.00,6.00,1,7,1.0000,-1
460,28051,804.00,327.00,15.00,18.00,1,7,0.7603,-1
461,83425,646.00,16.00,125.00,162.00,1,1,0.8029,-1
461,44314,712.00,164.00,34.00,16.00,1,1,0.6761,-1
461,37790,706.00,70.00,117.00,100.00,1,1,0.9486,-1
461,82065,663.00,369.00,162.00,64.00,1,1,0.9997,-1
461,24640,494.00,335.00,14.00,20.00,1,7,0.6613,-1
461,37543,428.00,298.00,7.00,6.00,1,7,1.0000,-1
461,28051,810.00,327.00,15.00,17.00,1,7,0.7736,-1
462,83425,650.00,15.00,127.00,162.00,1,1,0.8016,-1
462,44314,717.00,164.00,34.00,15.00,1,7,0.6684,-1
462,37790,711.00,69.00,117.00,100.00,1,1,0.9481,-1
462,82065,667.00,369.00,164.00,64.00,1,1,0.9997,-1
462,24640,499.00,335.00,14.00,20.00,1,7,0.6646,-1
462,37543,433.00,298.00,7.00,6.00,1,7,1.0000,-1
462,28051,817.00,327.00,15.00,17.00,1,7,0.7724,-1
463,83425,655.00,14.00,127.00,163.00,1,1,0.8011,-1
463,44314,722.00,163.00,35.00,16.00,1,1,0.6707,-1
463,37790,716.00,67.00,118.00,101.00,1,1,0.9479,-1
463,82065,672.00,369.00,165.00,65.00,1,1,0.9996,-1
463,24640,505.00,335.00,13.00,20.00,1,7,0.6613,-1
463,37543,438.00,298.00,8.00,7.00,1,7,1.0000,-1
463,28051,824.00,326.00,15.00,18.00,1,7,0.7662,-1
464,83425,662.00,12.00,128.00,165.00,1,1,0.8013,-1
464,44314,729.00,162.00,35.00,16.00,1,1,0.6707,-1
464,37790,723.00,66.00,119.00,101.00,1,1,0.9472,-1
464,82065,679.00,369.00,166.00,65.00,1,1,0.9996,-1
464,24640,511.00,335.00,13.00,20.00,1,7,0.6537,-1
464,37543,444.00,299.00,8.00,6.00,1,7,1.0000,-1
464,28051,832.00,326.00,16.00,18.00,1,7,0.7698,-1
465,83425,668.00,10.00,128.00,166.00,1,1,0.8010,-1
465,44314,735.00,161.00,36.00,16.00,1,1,0.6712,-1
465,37790,729.00,64.00,120.00,102.00,1,1,0.9472,-1
465,82065,685.00,369.00,168.00,65.00,1,1,0.9999,-1
465,24640,517.00,335.00,13.00,20.00,1,7,0.6518,-1
465,37543,451.00,299.00,7.00,6.00,1,7,1.0000,-1
465,28051,840.00,325.00,16.00,18.00,1,7,0.7631,-1
466,83425,674.00,9.00,130.00,166.00,1,1,0.8034,-1
466,44314,743.00,160.00,35.00,16.00,1,1,0.6672,-1
466,37790,736.00,62.00,122.00,103.00,1,1,0.9471,-1
466,82065,692.00,369.00,170.00,65.00,1,1,1.0000,-1
466,24640,524.00,335.00,13.00,20.00,1,7,0.6656,-1
466,37543,457.00,299.00,7.00,6.00,1,7,1.0000,-1
466,28051,850.00,325.00,15.00,18.00,1,7,0.7637,-1
467,83425,684.00,6.00,131.00,169.00,1,1,0.8047,-1
467,44314,753.00,159.00,36.00,16.00,1,1,0.6743,-1
467,37790,746.00,60.00,124.00,103.00,1,1,0.9477,-1
467,82065,702.00,369.00,172.00,65.00,1,1,0.9999,-1
467,24640,532.00,335.00,14.00,20.00,1,7,0.6581,-1
467,37543,466.00,299.00,7.00,7.00,1,7,1.0000,-1
467,28051,861.00,324.00,16.00,18.00,1,7,0.7667,-1
468,83425,696.00,3.00,134.00,171.00,1,1,0.8094,-1
468,44314,766.00,157.00,37.00,16.00,1,1,0.6683,-1
468,37790,760.00,57.00,126.00,104.00,1,1,0.9472,-1
468,82065,715.00,368.00,175.00,67.00,1,1,0.9995,-1
468,24640,543.00,335.00,13.00,20.00,1,7,0.6613,-1
468,37543,476.00,299.00,8.00,7.00,1,7,1.0000,-1
468,28051,876.00,323.00,17.00,19.00,1,7,0.7675,-1
469,83425,706.00,1.00,136.00,172.00,1,1,0.8134,-1
469,44314,777.00,156.00,37.00,16.00,1,1,0.6714,-1
469,37790,770.00,55.00,129.00,105.00,1,1,0.9478,-1
469,82065,725.00,368.00,178.00,67.00,1,1,0.9999,-1
469,24640,550.00,335.00,14.00,20.00,1,7,0.6527,-1
469,37543,484.00,300.00,7.00,6.00,1,7,1.0000,-1
469,28051,887.00,323.00,17.00,18.00,1,7,0.7688,-1
470,83425,713.00,0.00,137.00,172.00,1,1,0.8176,-1
470,44314,785.00,155.00,37.00,16.00,1,1,0.6698,-1
470,37790,778.00,53.00,131.00,106.00,1,1,0.9485,-1
470,82065,733.00,368.00,180.00,67.00,1,1,1.0000,-1
470,24640,556.00,335.00,13.00,20.00,1,7,0.6571,-1
470,37543,489.00,300.00,7.00,6.00,1,7,1.0000,-1
470,28051,894.00,322.00,17.00,19.00,1,7,0.7690,-1
471,83425,721.00,0.00,138.00,172.00,1,1,0.8211,-1
471,44314,792.00,154.00,38.00,16.00,1,1,0.6682,-1
471,37790,786.00,52.00,133.00,106.00,1,1,0.9480,-1
471,82065,740.00,368.00,182.00,67.00,1,1,0.9995,-1
471,24640,561.00,335.00,13.00,20.00,1,7,0.6561,-1
471,37543,495.00,300.00,7.00,6.00,1,7,1.0000,-1
471,28051,901.00,322.00,18.00,19.00,1,7,0.7595,-1
472,83425,728.00,0.00,140.00,171.00,1,1,0.8250,-1
472,44314,800.00,153.00,39.00,16.00,1,1,0.6642,-1
472,37790,794.00,50.00,135.00,107.00,1,1,0.9488,-1
472,82065,748.00,368.00,184.00,67.00,1,1,0.9998,-1
472,24640,566.00,335.00,14.00,20.00,1,7,0.6465,-1
472,37543,500.00,300.00,7.00,6.00,1,7,1.0000,-1
472,28051,909.00,321.00,18.00,19.00,1,7,0.7703,-1
473,83425,735.00,0.00,141.00,170.00,1,1,0.8281,-1
473,44314,808.00,152.00,38.00,16.00,1,1,0.6657,-1
473,37790,802.00,49.00,137.00,107.00,1,1,0.9488,-1
473,82065,756.00,367.00,185.00,68.00,1,1,0.9994,-1
473,24640,571.00,335.00,13.00,20.00,1,7,0.6497,-1
473,37543,505.00,300.00,7.00,6.00,1,7,1.0000,-1
473,28051,916.00,321.00,18.00,19.00,1,7,0.7714,-1
474,83425,742.00,0.00,143.00,170.00,1,1,0.8307,-1
474,44314,816.00,151.00,39.00,16.00,1,1,0.6617,-1
474,37790,810.00,47.00,139.00,108.00,1,1,0.9494,-1
474,82065,764.00,367.00,188.00,68.00,1,1,0.9999,-1
474,24640,577.00,335.00,13.00,20.00,1,7,0.6487,-1
474,37543,510.00,300.00,7.00,6.00,1,7,1.0000,-1
474,28051,924.00,320.00,18.00,19.00,1,7,0.7746,-1
475,83425,750.00,0.00,146.00,168.00,1,1,0.8330,-1
475,44314,825.00,149.00,39.00,17.00,1,1,0.6633,-1
475,37790,819.00,44.00,142.00,109.00,1,1,0.9492,-1
475,82065,772.00,367.00,191.00,69.00,1,1,0.9998,-1
475,24640,582.00,335.00,13.00,20.00,1,7,0.6456,-1
475,37543,516.00,300.00,7.00,6.00,1,7,1.0000,-1
475,28051,933.00,319.00,18.00,20.00,1,7,0.7735,-1
476,83425,751.00,0.00,146.00,171.00,1,1,0.8300,-1
476,44314,825.00,152.00,40.00,17.00,1,1,0.6591,-1
476,37790,819.00,47.00,141.00,109.00,1,1,0.9483,-1
476,82065,769.00,371.00,191.00,69.00,1,1,0.9998,-1
476,24640,583.00,335.00,13.00,21.00,1,7,0.6489,-1
476,37543,516.00,299.00,8.00,7.00,1,7,1.0000,-1
476,28051,934.00,323.00,19.00,20.00,1,7,0.7629,-1
477,83425,742.00,0.00,144.00,169.00,1,1,0.8257,-1
477,44314,816.00,151.00,40.00,16.00,1,1,0.6628,-1
477,37790,810.00,45.00,138.00,109.00,1,1,0.9473,-1
477,82065,761.00,369.00,189.00,69.00,1,1,0.9997,-1
477,24640,580.00,335.00,14.00,20.00,1,7,0.6604,-1
477,37543,514.00,299.00,7.00,6.00,1,7,1.0000,-1
477,28051,932.00,321.00,18.00,20.00,1,7,0.7671,-1
478,83425,731.00,0.00,141.00,169.00,1,1,0.8190,-1
478,44314,805.00,150.00,40.00,16.00,1,1,0.6619,-1
478,37790,798.00,44.00,134.00,109.00,1,1,0.9454,-1
478,82065,751.00,367.00,188.00,69.00,1,1,0.9997,-1
478,24640,577.00,335.00,14.00,21.00,1,7,0.6646,-1
478,37543,511.00,300.00,7.00,6.00,1,7,1.0000,-1
478,28051,929.00,319.00,15.00,20.00,1,7,0.6381,-1
479,83425,723.00,0.00,138.00,169.00,1,1,0.8124,-1
479,44314,797.00,150.00,39.00,17.00,1,1,0.6550,-1
479,37790,789.00,45.00,131.00,108.00,1,1,0.9432,-1
479,82065,742.00,368.00,187.00,68.00,1,1,0.9998,-1
479,24640,575.00,336.00,14.00,20.00,1,7,0.6730,-1
479,37543,508.00,301.00,7.00,6.00,1,7,1.0000,-1
479,28051,927.00,322.00,7.00,16.00,1,7,0.1994,-1
480,83425,715.00,0.00,137.00,169.00,1,1,0.8057,-1
480,44314,789.00,151.00,39.00,16.00,1,1,0.6560,-1
480,37790,781.00,45.00,127.00,108.00,1,1,0.9395,-1
480,82065,734.00,368.00,185.00,69.00,1,1,0.9995,-1
480,24640,573.00,336.00,14.00,20.00,1,7,0.6730,-1
480,37543,506.00,301.00,7.00,7.00,1,7,1.0000,-1
481,83425,708.00,0.00,135.00,170.00,1,1,0.7994,-1
481,44314,781.00,151.00,39.00,16.00,1,1,0.6541,-1
481,37790,773.00,45.00,124.00,108.00,1,1,0.9351,-1
481,82065,725.00,368.00,185.00,69.00,1,1,0.9998,-1
481,24640,571.00,336.00,14.00,21.00,1,7,0.6814,-1
481,37543,504.00,301.00,7.00,7.00,1,7,1.0000,-1
482,83425,701.00,0.00,133.00,170.00,1,1,0.7921,-1
482,44314,774.00,151.00,39.00,16.00,1,1,0.6545,-1
482,37790,765.00,45.00,122.00,109.00,1,1,0.9305,-1
482,82065,717.00,368.00,183.00,69.00,1,1,0.9993,-1
482,24640,569.00,336.00,14.00,21.00,1,7,0.6824,-1
482,37543,502.00,301.00,7.00,7.00,1,7,1.0000,-1
483,83425,694.00,0.00,131.00,170.00,1,1,0.7848,-1
483,44314,766.00,151.00,39.00,16.00,1,1,0.6521,-1
483,37790,757.00,45.00,119.00,108.00,1,1,0.9248,-1
483,82065,709.00,368.00,182.00,69.00,1,1,0.9997,-1
483,24640,567.00,336.00,14.00,20.00,1,7,0.6887,-1
483,37543,500.00,301.00,7.00,7.00,1,7,1.0000,-1
484,83425,686.00,0.00,131.00,169.00,1,1,0.7770,-1
484,44314,759.00,151.00,39.00,16.00,1,1,0.6500,-1
484,37790,749.00,45.00,116.00,108.00,1,1,0.9184,-1
484,82065,700.00,368.00,182.00,69.00,1,1,0.9998,-1
484,24640,565.00,336.00,14.00,20.00,1,7,0.6957,-1
484,37543,497.00,301.00,8.00,6.00,1,7,1.0000,-1
485,83425,679.00,0.00,129.00,169.00,1,1,0.7689,-1
485,44314,752.00,151.00,38.00,15.00,1,7,0.6425,-1
485,37790,741.00,44.00,114.00,109.00,1,1,0.9124,-1
485,82065,692.00,368.00,180.00,68.00,1,1,0.9993,-1
485,24640,563.00,335.00,14.00,21.00,1,7,0.7050,-1
485,37543,495.00,301.00,7.00,6.00,1,7,1.0000,-1
486,83425,672.00,0.00,128.00,169.00,1,1,0.7610,-1
486,44314,745.00,150.00,38.00,16.00,1,1,0.6460,-1
486,37790,733.00,44.00,111.00,109.00,1,1,0.9054,-1
486,82065,684.00,367.00,179.00,69.00,1,1,0.9995,-1
486,24640,561.00,335.00,14.00,21.00,1,7,0.7075,-1
486,37543,493.00,300.00,8.00,7.00,1,7,1.0000,-1
487,83425,665.00,0.00,127.00,169.00,1,1,0.7518,-1
487,44314,738.00,150.00,38.00,16.00,1,1,0.6525,-1
487,37790,725.00,44.00,109.00,109.00,1,1,0.8970,-1
487,82065,676.00,367.00,178.00,69.00,1,1,0.9996,-1
487,24640,559.00,335.00,14.00,21.00,1,7,0.7081,-1
487,37543,491.00,300.00,7.00,7.00,1,7,1.0000,-1
488,83425,659.00,0.00,125.00,168.00,1,1,0.7440,-1
488,44314,731.00,150.00,38.00,16.00,1,1,0.6401,-1
488,37790,718.00,43.00,106.00,109.00,1,1,0.8887,-1
488,82065,668.00,367.00,177.00,69.00,1,1,0.9998,-1
488,24640,557.00,335.00,14.00,20.00,1,7,0.7066,-1
488,37543,489.00,300.00,7.00,6.00,1,7,1.0000,-1
489,83425,652.00,0.00,124.00,168.00,1,1,0.7352,-1
489,44314,724.00,149.00,38.00,16.00,1,1,0.6377,-1
489,37790,710.00,43.00,103.00,109.00,1,1,0.8799,-1
489,82065,659.00,367.00,177.00,69.00,1,1,0.9998,-1
489,24640,555.00,334.00,15.00,21.00,1,7,0.7219,-1
489,37543,487.00,300.00,7.00,6.00,1,7,1.0000,-1
490,83425,645.00,0.00,123.00,167.00,1,1,0.7260,-1
490,44314,717.00,149.00,37.00,16.00,1,1,0.6398,-1
490,37790,702.00,42.00,101.00,110.00,1,1,0.8708,-1
490,82065,651.00,366.00,176.00,69.00,1,1,0.9999,-1
490,24640,553.00,334.00,15.00,21.00,1,7,0.7165,-1
490,37543,485.00,299.00,7.00,6.00,1,7,1.0000,-1
491,83425,638.00,0.00,122.00,167.00,1,1,0.7169,-1
491,44314,710.00,148.00,37.00,16.00,1,1,0.6341,-1
491,37790,695.00,42.00,98.00,109.00,1,1,0.8601,-1
491,82065,643.00,366.00,175.00,69.00,1,1,0.9998,-1
491,24640,551.00,334.00,15.00,20.00,1,7,0.7307,-1
491,37543,483.00,299.00,7.00,6.00,1,7,1.0000,-1
492,83425,631.00,0.00,121.00,166.00,1,1,0.7069,-1
492,44314,703.00,148.00,38.00,16.00,1,1,0.6392,-1
492,37790,687.00,41.00,97.00,110.00,1,1,0.8497,-1
492,82065,635.00,366.00,174.00,69.00,1,1,0.9995,-1
492,24640,549.00,333.00,15.00,21.00,1,7,0.7312,-1
492,37543,481.00,298.00,7.00,6.00,1,7,1.0000,-1
493,83425,625.00,0.00,119.00,166.00,1,1,0.6964,-1
493,44314,696.00,147.00,37.00,17.00,1,1,0.6317,-1
493,37790,679.00,41.00,95.00,109.00,1,1,0.8384,-1
493,82065,627.00,365.00,172.00,69.00,1,1,0.9995,-1
493,24640,547.00,333.00,15.00,20.00,1,7,0.7377,-1
493,37543,479.00,298.00,7.00,6.00,1,7,1.0000,-1
494,83425,617.00,0.00,118.00,165.00,1,1,0.6867,-1
494,44314,688.00,147.00,39.00,16.00,1,1,0.6290,-1
494,37790,671.00,40.00,92.00,110.00,1,1,0.8236,-1
494,82065,618.00,365.00,172.00,69.00,1,1,0.9996,-1
494,24640,545.00,332.00,15.00,21.00,1,7,0.7422,-1
494,37543,477.00,297.00,7.00,6.00,1,7,1.0000,-1
494,28051,909.00,318.00,7.00,20.00,1,7,0.3789,-1
495,83425,609.00,0.00,118.00,165.00,1,1,0.6750,-1
495,44314,681.00,146.00,38.00,16.00,1,1,0.6285,-1
495,37790,662.00,39.00,90.00,110.00,1,1,0.8081,-1
495,82065,610.00,364.00,171.00,69.00,1,1,0.9999,-1
495,24640,543.00,332.00,15.00,21.00,1,7,0.7391,-1
495,37543,474.00,297.00,8.00,6.00,1,7,1.0000,-1
495,28051,899.00,318.00,15.00,19.00,1,7,0.6590,-1
496,83425,602.00,1.00,113.00,163.00,1,1,0.6637,-1
496,44314,673.00,146.00,39.00,16.00,1,1,0.6320,-1
496,37790,654.00,38.00,88.00,111.00,1,1,0.7906,-1
496,82065,602.00,364.00,169.00,69.00,1,1,0.9995,-1
496,24640,541.00,332.00,15.00,20.00,1,7,0.7446,-1
496,37543,472.00,296.00,8.00,7.00,1,7,1.0000,-1
496,28051,897.00,317.00,15.00,20.00,1,7,0.6429,-1
497,83425,594.00,1.00,110.00,163.00,1,1,0.6513,-1
497,44314,665.00,145.00,39.00,16.00,1,1,0.6341,-1
497,37790,645.00,38.00,86.00,110.00,1,1,0.7730,-1
497,82065,593.00,364.00,168.00,69.00,1,1,0.9991,-1
497,24640,539.00,331.00,15.00,21.00,1,7,0.7585,-1
497,37543,470.00,296.00,7.00,7.00,1,7,1.0000,-1
497,28051,896.00,317.00,14.00,19.00,1,7,0.6358,-1
498,83425,586.00,1.00,107.00,163.00,1,1,0.6393,-1
498,44314,658.00,145.00,38.00,16.00,1,1,0.6362,-1
498,37790,637.00,38.00,83.00,110.00,1,1,0.7538,-1
498,82065,585.00,363.00,166.00,69.00,1,1,0.9986,-1
498,24640,537.00,331.00,15.00,21.00,1,7,0.7578,-1
498,37543,468.00,296.00,7.00,6.00,1,7,1.0000,-1
498,28051,894.00,317.00,14.00,19.00,1,7,0.6304,-1
499,83425,579.00,2.00,103.00,161.00,1,1,0.6268,-1
499,44314,650.00,145.00,39.00,16.00,1,1,0.6402,-1
499,37790,628.00,38.00,81.00,110.00,1,1,0.7311,-1
499,82065,576.00,363.00,166.00,69.00,1,1,0.9984,-1
499,24640,535.00,331.00,15.00,21.00,1,7,0.7585,-1
499,37543,465.00,296.00,8.00,6.00,1,7,1.0000,-1
499,28051,892.00,316.00,14.00,20.00,1,7,0.6254,-1
500,83425,571.00,3.00,101.00,160.00,1,1,0.6130,-1
500,44314,642.00,145.00,39.00,16.00,1,1,0.6425,-1
500,37790,620.00,39.00,78.00,108.00,1,1,0.7108,-1
500,82065,568.00,363.00,164.00,69.00,1,1,0.9981,-1
500,24640,533.00,330.00,15.00,22.00,1,7,0.7647,-1
500,37543,463.00,296.00,8.00,6.00,1,7,1.0000,-1
500,28051,890.00,316.00,14.00,19.00,1,7,0.6174,-1
501,83425,563.00,4.00,99.00,160.00,1,1,0.5994,-1
501,44314,635.00,141.00,42.00,20.00,1,1,0.6490,-1
501,37790,611.00,40.00,76.00,107.00,1,1,0.6891,-1
501,82065,559.00,363.00,163.00,69.00,1,1,0.9974,-1
501,24640,531.00,330.00,15.00,22.00,1,7,0.7702,-1
501,37543,461.00,296.00,8.00,6.00,1,7,1.0000,-1
501,28051,888.00,316.00,14.00,19.00,1,7,0.6023,-1
502,83425,555.00,6.00,96.00,158.00,1,1,0.5851,-1
502,44314,627.00,141.00,42.00,20.00,1,1,0.6553,-1
502,37790,603.00,41.00,73.00,107.00,1,1,0.6663,-1
502,82065,551.00,363.00,161.00,69.00,1,1,0.9969,-1
502,24640,529.00,331.00,15.00,21.00,1,7,0.7733,-1
502,37543,459.00,296.00,7.00,6.00,1,7,1.0000,-1
502,28051,887.00,316.00,13.00,19.00,1,7,0.5942,-1
503,83425,548.00,7.00,92.00,157.00,1,1,0.5708,-1
503,44314,620.00,140.00,43.00,21.00,1,1,0.6647,-1
503,37790,594.00,41.00,71.00,107.00,1,1,0.6426,-1
503,82065,543.00,363.00,159.00,69.00,1,1,0.9965,-1
503,24640,527.00,331.00,15.00,21.00,1,7,0.7809,-1
503,37543,457.00,296.00,7.00,7.00,1,7,1.0000,-1
503,28051,885.00,316.00,13.00,19.00,1,7,0.5936,-1
504,83425,540.00,9.00,89.00,155.00,1,1,0.5556,-1
504,44314,612.00,141.00,42.00,20.00,1,1,0.6792,-1
504,37790,586.00,42.00,68.00,106.00,1,1,0.6175,-1
504,82065,534.00,364.00,158.00,69.00,1,1,0.9961,-1
504,24640,525.00,331.00,15.00,21.00,1,7,0.7771,-1
504,37543,455.00,297.00,7.00,6.00,1,7,1.0000,-1
504,28051,883.00,316.00,13.00,19.00,1,7,0.5894,-1
505,83425,532.00,11.00,87.00,154.00,1,1,0.5403,-1
505,44314,604.00,141.00,40.00,21.00,1,1,0.6835,-1
505,37790,577.00,44.00,67.00,105.00,1,1,0.5918,-1
505,82065,526.00,364.00,156.00,69.00,1,1,0.9955,-1
505,24640,523.00,331.00,16.00,21.00,1,7,0.7815,-1
505,37543,452.00,297.00,8.00,6.00,1,7,1.0000,-1
505,28051,881.00,317.00,13.00,19.00,1,7,0.5806,-1
506,83425,525.00,13.00,83.00,152.00,1,1,0.5245,-1
506,44314,597.00,143.00,37.00,19.00,1,1,0.6727,-1
506,37790,569.00,45.00,64.00,104.00,1,1,0.5665,-1
506,82065,517.00,365.00,155.00,68.00,1,1,0.9950,-1
506,24640,521.00,332.00,16.00,21.00,1,7,0.7896,-1
506,37543,450.00,297.00,8.00,7.00,1,7,1.0000,-1
506,28051,879.00,317.00,13.00,19.00,1,7,0.5660,-1
507,83425,517.00,15.00,80.00,151.00,1,1,0.5095,-1
507,44314,589.00,145.00,35.00,18.00,1,1,0.6379,-1
507,37790,561.00,46.00,61.00,104.00,1,1,0.5401,-1
507,82065,509.00,365.00,153.00,69.00,1,1,0.9945,-1
507,24640,519.00,332.00,16.00,21.00,1,7,0.7945,-1
507,37543,448.00,298.00,7.00,6.00,1,7,1.0000,-1
507,28051,877.00,317.00,13.00,19.00,1,7,0.5659,-1
508,83425,510.00,18.00,76.00,148.00,1,1,0.4944,-1
508,44314,582.00,146.00,31.00,17.00,1,1,0.6042,-1
508,37790,552.00,47.00,59.00,103.00,1,1,0.5123,-1
508,82065,501.00,366.00,151.00,68.00,1,1,0.9938,-1
508,24640,517.00,332.00,16.00,22.00,1,7,0.8012,-1
508,37543,446.00,298.00,8.00,6.00,1,7,1.0000,-1
508,28051,876.00,318.00,12.00,19.00,1,7,0.5506,-1
509,83425,502.00,20.00,73.00,147.00,1,1,0.4786,-1
509,44314,575.00,147.00,28.00,17.00,1,1,0.5532,-1
509,37790,544.00,48.00,57.00,103.00,1,1,0.4840,-1
509,82065,492.00,366.00,150.00,69.00,1,1,0.9937,-1
509,24640,515.00,333.00,16.00,21.00,1,7,0.8140,-1
509,37543,444.00,298.00,8.00,7.00,1,7,1.0000,-1
509,28051,874.00,319.00,12.00,18.00,1,7,0.5526,-1
510,83425,495.00,22.00,69.00,145.00,1,1,0.4641,-1
510,44314,567.00,147.00,26.00,18.00,1,1,0.5015,-1
510,37790,535.00,49.00,55.00,102.00,1,1,0.4548,-1
510,82065,484.00,367.00,148.00,68.00,1,1,0.9927,-1
510,24640,513.00,333.00,16.00,21.00,1,7,0.8104,-1
510,37543,442.00,299.00,7.00,6.00,1,7,1.0000,-1
510,28051,872.00,319.00,12.00,19.00,1,7,0.5325,-1
511,83425,488.00,24.00,66.00,144.00,1,1,0.4489,-1
511,44314,560.00,148.00,22.00,17.00,1,1,0.4347,-1
511,37790,527.00,50.00,53.00,102.00,1,1,0.4255,-1
511,82065,476.00,367.00,146.00,69.00,1,1,0.9924,-1
511,24640,511.00,334.00,16.00,21.00,1,7,0.8160,-1
511,37543,440.00,299.00,7.00,7.00,1,7,1.0000,-1
511,28051,870.00,320.00,12.00,19.00,1,7,0.5325,-1
512,83425,480.00,26.00,64.00,143.00,1,1,0.4340,-1
512,44314,552.00,149.00,20.00,17.00,1,7,0.3739,-1
512,37790,519.00,51.00,50.00,102.00,1,1,0.3959,-1
512,82065,467.00,368.00,145.00,68.00,1,1,0.9914,-1
512,24640,509.00,334.00,16.00,21.00,1,7,0.8182,-1
512,37543,438.00,299.00,8.00,7.00,1,7,1.0000,-1
512,28051,868.00,320.00,12.00,19.00,1,7,0.5179,-1
513,83425,472.00,28.00,64.00,141.00,1,1,0.4185,-1
513,44314,545.00,150.00,16.00,16.00,1,7,0.3018,-1
513,37790,509.00,53.00,48.00,99.00,1,1,0.3656,-1
513,82065,459.00,368.00,143.00,69.00,1,1,0.9909,-1
513,24640,507.00,334.00,16.00,22.00,1,7,0.8185,-1
513,37543,435.00,300.00,8.00,7.00,1,7,1.0000,-1
513,28051,866.00,320.00,12.00,19.00,1,7,0.5075,-1
514,83425,464.00,30.00,63.00,140.00,1,1,0.4023,-1
514,44314,537.00,151.00,13.00,16.00,1,7,0.2236,-1
514,37790,500.00,54.00,46.00,98.00,1,1,0.3361,-1
514,82065,450.00,369.00,142.00,68.00,1,1,0.9901,-1
514,24640,505.00,335.00,16.00,21.00,1,7,0.8273,-1
514,37543,433.00,301.00,7.00,6.00,1,7,1.0000,-1
514,28051,865.00,321.00,11.00,18.00,1,7,0.4925,-1
515,83425,457.00,32.00,62.00,138.00,1,1,0.3876,-1
515,44314,529.00,152.00,9.00,15.00,1,7,0.1378,-1
515,37790,491.00,55.00,43.00,98.00,1,1,0.3070,-1
515,82065,442.00,369.00,140.00,69.00,1,1,0.9895,-1
515,24640,502.00,335.00,17.00,21.00,1,7,0.8242,-1
515,37543,431.00,301.00,7.00,6.00,1,7,1.0000,-1
515,28051,863.00,321.00,11.00,18.00,1,7,0.4895,-1
516,83425,449.00,34.00,62.00,137.00,1,1,0.3726,-1
516,44314,521.00,157.00,6.00,9.00,1,7,0.0604,-1
516,37790,482.00,57.00,41.00,96.00,1,1,0.2779,-1
516,82065,433.00,369.00,139.00,69.00,1,1,0.9886,-1
516,24640,500.00,335.00,17.00,22.00,1,7,0.8308,-1
516,37543,428.00,301.00,8.00,7.00,1,7,1.0000,-1
516,28051,861.00,321.00,11.00,18.00,1,7,0.4775,-1
517,83425,441.00,37.00,62.00,134.00,1,1,0.3570,-1
517,44314,514.00,161.00,1.00,3.00,1,7,0.0091,-1
517,37790,473.00,60.00,39.00,94.00,1,1,0.2469,-1
517,82065,425.00,370.00,137.00,68.00,1,1,0.9876,-1
517,24640,498.00,335.00,17.00,22.00,1,7,0.8374,-1
517,37543,426.00,302.00,8.00,6.00,1,7,1.0000,-1
517,28051,859.00,321.00,11.00,18.00,1,7,0.4726,-1
518,83425,433.00,39.00,63.00,132.00,1,1,0.3414,-1
518,37790,464.00,64.00,37.00,90.00,1,1,0.2158,-1
518,82065,417.00,370.00,135.00,69.00,1,1,0.9868,-1
518,24640,496.00,336.00,17.00,21.00,1,7,0.8419,-1
518,37543,424.00,302.00,8.00,6.00,1,7,1.0000,-1
518,28051,857.00,321.00,11.00,18.00,1,7,0.4665,-1
519,83425,426.00,41.00,61.00,130.00,1,1,0.3256,-1
519,37790,455.00,70.00,91.00,84.00,1,7,0.1860,-1
519,82065,408.00,370.00,134.00,69.00,1,1,0.9860,-1
519,24640,494.00,336.00,17.00,21.00,1,7,0.8480,-1
519,37543,422.00,302.00,7.00,6.00,1,7,1.0000,-1
519,28051,855.00,321.00,11.00,18.00,1,7,0.4601,-1
520,83425,418.00,42.00,61.00,129.00,1,1,0.3101,-1
520,37790,446.00,73.00,91.00,79.00,1,7,0.1631,-1
520,82065,400.00,370.00,132.00,69.00,1,1,0.9849,-1
520,24640,492.00,336.00,17.00,21.00,1,7,0.8511,-1
520,37543,420.00,302.00,7.00,6.00,1,7,1.0000,-1
520,28051,853.00,321.00,11.00,18.00,1,7,0.4468,-1
521,83425,411.00,5.00,90.00,166.00,1,1,0.2940,-1
521,37790,437.00,76.00,92.00,74.00,1,7,0.1466,-1
521,82065,391.00,370.00,131.00,68.00,1,1,0.9843,-1
521,24640,490.00,336.00,17.00,21.00,1,7,0.8541,-1
521,37543,418.00,301.00,8.00,7.00,1,7,1.0000,-1
521,28051,852.00,322.00,10.00,17.00,1,7,0.4369,-1
522,83425,403.00,0.00,93.00,171.00,1,1,0.2845,-1
522,37790,428.00,62.00,92.00,86.00,1,7,0.1359,-1
522,82065,383.00,370.00,129.00,68.00,1,1,0.9824,-1
522,24640,488.00,335.00,18.00,22.00,1,7,0.8537,-1
522,37543,415.00,302.00,8.00,6.00,1,7,1.0000,-1
522,28051,850.00,321.00,10.00,18.00,1,7,0.4299,-1
523,83425,396.00,0.00,94.00,171.00,1,1,0.2807,-1
523,37790,419.00,56.00,92.00,90.00,1,7,0.1332,-1
523,82065,375.00,369.00,128.00,69.00,1,1,0.9812,-1
523,24640,486.00,335.00,17.00,21.00,1,7,0.7892,-1
523,37543,413.00,301.00,8.00,6.00,1,7,1.0000,-1
523,28051,848.00,321.00,10.00,18.00,1,7,0.4159,-1
524,83425,389.00,0.00,93.00,170.00,1,1,0.2764,-1
524,37790,410.00,55.00,93.00,87.00,1,7,0.1343,-1
524,82065,366.00,369.00,127.00,69.00,1,1,0.9806,-1
524,24640,484.00,337.00,10.00,19.00,1,7,0.3222,-1
524,37543,411.00,301.00,8.00,6.00,1,7,1.0000,-1
524,28051,846.00,321.00,10.00,18.00,1,7,0.4092,-1
525,83425,381.00,0.00,93.00,169.00,1,1,0.2714,-1
525,37790,401.00,52.00,94.00,88.00,1,7,0.1390,-1
525,82065,358.00,368.00,125.00,69.00,1,1,0.9787,-1
525,24640,482.00,348.00,1.00,2.00,1,7,0.0060,-1
525,37543,409.00,300.00,8.00,7.00,1,7,1.0000,-1
525,28051,845.00,321.00,9.00,18.00,1,7,0.4025,-1
526,83425,374.00,0.00,93.00,169.00,1,1,0.2640,-1
526,44314,487.00,145.00,1.00,2.00,1,7,0.0076,-1
526,37790,392.00,48.00,94.00,89.00,1,7,0.1472,-1
526,82065,350.00,368.00,123.00,69.00,1,1,0.9778,-1
526,37543,407.00,300.00,8.00,6.00,1,7,1.0000,-1
526,28051,843.00,321.00,9.00,18.00,1,7,0.3920,-1
527,83425,367.00,0.00,92.00,168.00,1,1,0.2537,-1
527,44314,475.00,144.00,6.00,6.00,1,7,0.0335,-1
527,37790,383.00,46.00,95.00,86.00,1,7,0.1608,-1
527,82065,342.00,367.00,122.00,69.00,1,1,0.9758,-1
527,37543,405.00,299.00,8.00,7.00,1,7,1.0000,-1
527,28051,841.00,322.00,9.00,17.00,1,7,0.3796,-1
528,83425,360.00,0.00,92.00,167.00,1,1,0.2424,-1
528,44314,464.00,142.00,9.00,11.00,1,7,0.0882,-1
528,37790,374.00,44.00,96.00,84.00,1,7,0.1786,-1
528,82065,333.00,367.00,121.00,68.00,1,1,0.9748,-1
528,37543,403.00,299.00,8.00,6.00,1,7,1.0000,-1
528,28051,840.00,321.00,8.00,18.00,1,7,0.3758,-1
529,83425,353.00,0.00,92.00,167.00,1,1,0.2263,-1
529,44314,453.00,140.00,13.00,15.00,1,7,0.1717,-1
529,37790,419.00,43.00,43.00,89.00,1,1,0.2053,-1
529,82065,325.00,366.00,119.00,69.00,1,1,0.9730,-1
529,37543,401.00,298.00,8.00,7.00,1,7,1.0000,-1
529,28051,838.00,321.00,9.00,18.00,1,7,0.3653,-1
530,83425,345.00,0.00,92.00,166.00,1,1,0.2110,-1
530,44314,443.00,140.00,16.00,17.00,1,7,0.2599,-1
530,37790,408.00,42.00,46.00,95.00,1,1,0.2357,-1
530,82065,317.00,365.00,117.00,69.00,1,1,0.9717,-1
530,37543,399.00,298.00,8.00,6.00,1,7,1.0000,-1
530,28051,836.00,321.00,9.00,17.00,1,7,0.3502,-1
531,83425,338.00,0.00,91.00,165.00,1,7,0.1964,-1
531,44314,432.00,139.00,20.00,19.00,1,7,0.3662,-1
531,37790,396.00,41.00,50.00,98.00,1,1,0.2688,-1
531,82065,309.00,365.00,116.00,69.00,1,1,0.9702,-1
531,37543,397.00,297.00,8.00,7.00,1,7,1.0000,-1
531,28051,835.00,321.00,8.00,17.00,1,7,0.3406,-1
532,83425,330.00,0.00,91.00,161.00,1,7,0.1850,-1
532,44314,421.00,139.00,23.00,21.00,1,1,0.4743,-1
532,37790,384.00,40.00,53.00,100.00,1,1,0.3019,-1
532,82065,300.00,364.00,115.00,69.00,1,1,0.9677,-1
532,37543,394.00,298.00,5.00,5.00,1,7,0.5714,-1
532,28051,833.00,321.00,8.00,17.00,1,7,0.3333,-1
533,83425,321.00,0.00,92.00,150.00,1,7,0.1795,-1
533,44314,410.00,138.00,26.00,22.00,1,1,0.5822,-1
533,37790,371.00,39.00,58.00,101.00,1,1,0.3354,-1
533,82065,291.00,364.00,114.00,69.00,1,1,0.9648,-1
533,28051,831.00,320.00,8.00,17.00,1,7,0.3281,-1
534,83425,315.00,0.00,90.00,139.00,1,7,0.1794,-1
534,44314,399.00,138.00,29.00,23.00,1,1,0.6830,-1
534,37790,359.00,39.00,61.00,105.00,1,1,0.3698,-1
534,82065,282.00,364.00,113.00,69.00,1,1,0.9621,-1
534,28051,829.00,320.00,8.00,17.00,1,7,0.3188,-1
535,83425,332.00,0.00,64.00,67.00,1,7,0.1875,-1
535,44314,388.00,138.00,32.00,23.00,1,1,0.7880,-1
535,37790,347.00,38.00,65.00,107.00,1,1,0.4044,-1
535,82065,274.00,364.00,111.00,69.00,1,1,0.9596,-1
535,28051,828.00,320.00,7.00,16.00,1,7,0.3009,-1
536,83425,320.00,0.00,68.00,69.00,1,1,0.2009,-1
536,44314,378.00,137.00,34.00,24.00,1,1,0.8689,-1
536,37790,334.00,38.00,70.00,109.00,1,1,0.4386,-1
536,82065,265.00,364.00,110.00,69.00,1,1,0.9564,-1
536,24640,476.00,336.00,3.00,14.00,1,7,0.1137,-1
536,28051,826.00,319.00,7.00,17.00,1,7,0.3041,-1
537,83425,309.00,0.00,71.00,68.00,1,1,0.2132,-1
537,44314,367.00,137.00,37.00,24.00,1,1,0.9421,-1
537,37790,322.00,38.00,74.00,109.00,1,1,0.4723,-1
537,82065,256.00,364.00,109.00,69.00,1,1,0.9530,-1
537,24640,466.00,331.00,11.00,21.00,1,7,0.5819,-1
537,28051,824.00,319.00,7.00,16.00,1,7,0.2880,-1
538,83425,298.00,0.00,74.00,69.00,1,1,0.2249,-1
538,44314,358.00,138.00,36.00,23.00,1,1,0.9479,-1
538,37790,310.00,38.00,77.00,109.00,1,1,0.5046,-1
538,82065,247.00,364.00,108.00,69.00,1,1,0.9494,-1
538,24640,456.00,330.00,19.00,22.00,1,7,0.8892,-1
538,28051,822.00,320.00,7.00,15.00,1,7,0.2843,-1
539,83425,287.00,0.00,76.00,70.00,1,1,0.2360,-1
539,44314,350.00,138.00,34.00,24.00,1,1,0.9031,-1
539,37790,299.00,38.00,80.00,109.00,1,1,0.5336,-1
539,82065,238.00,364.00,107.00,69.00,1,1,0.9453,-1
539,24640,454.00,330.00,19.00,22.00,1,7,0.8931,-1
539,28051,820.00,319.00,7.00,16.00,1,7,0.2748,-1
540,83425,277.00,0.00,78.00,72.00,1,1,0.2470,-1
540,44314,342.00,138.00,32.00,24.00,1,1,0.8390,-1
540,37790,287.00,39.00,84.00,109.00,1,1,0.5590,-1
540,82065,229.00,364.00,106.00,69.00,1,1,0.9405,-1
540,24640,452.00,331.00,19.00,21.00,1,7,0.8934,-1
540,28051,818.00,320.00,7.00,15.00,1,7,0.2645,-1
541,83425,266.00,0.00,81.00,149.00,1,1,0.2569,-1
541,44314,335.00,138.00,29.00,24.00,1,1,0.7604,-1
541,37790,276.00,39.00,87.00,110.00,1,1,0.5841,-1
541,82065,221.00,365.00,104.00,69.00,1,1,0.9361,-1
541,24640,450.00,331.00,19.00,21.00,1,7,0.8873,-1
541,28051,817.00,320.00,6.00,15.00,1,7,0.2492,-1
542,83425,271.00,0.00,82.00,156.00,1,1,0.2817,-1
542,44314,342.00,143.00,27.00,24.00,1,1,0.7402,-1
542,37790,281.00,47.00,87.00,108.00,1,1,0.5933,-1
542,82065,234.00,369.00,101.00,68.00,1,1,0.9343,-1
542,24640,460.00,332.00,19.00,21.00,1,7,0.8957,-1
542,28051,830.00,314.00,6.00,15.00,1,7,0.2492,-1
543,83425,293.00,0.00,78.00,159.00,1,1,0.2918,-1
543,44314,361.00,146.00,28.00,24.00,1,1,0.7663,-1
543,37790,303.00,53.00,84.00,105.00,1,1,0.5893,-1
543,82065,257.00,370.00,99.00,67.00,1,1,0.9339,-1
543,24640,478.00,332.00,18.00,21.00,1,7,0.8964,-1
543,28051,853.00,311.00,7.00,16.00,1,7,0.2478,-1
544,83425,323.00,0.00,75.00,84.00,1,1,0.2894,-1
544,44314,386.00,146.00,29.00,24.00,1,1,0.8170,-1
544,37790,333.00,54.00,80.00,103.00,1,1,0.5757,-1
544,82065,283.00,367.00,98.00,66.00,1,1,0.9370,-1
544,24640,496.00,331.00,19.00,21.00,1,7,0.8905,-1
544,28051,879.00,313.00,7.00,17.00,1,7,0.2520,-1
545,83425,345.00,0.00,72.00,87.00,1,1,0.2905,-1
545,44314,404.00,149.00,31.00,24.00,1,1,0.8564,-1
545,37790,355.00,58.00,77.00,102.00,1,1,0.5636,-1
545,82065,299.00,368.00,97.00,66.00,1,1,0.9404,-1
545,24640,507.00,334.00,19.00,21.00,1,7,0.8922,-1
545,28051,894.00,322.00,8.00,16.00,1,7,0.2553,-1
546,83425,355.00,0.00,71.00,87.00,1,1,0.2890,-1
546,44314,413.00,149.00,31.00,23.00,1,1,0.8660,-1
546,37790,365.00,58.00,75.00,102.00,1,1,0.5591,-1
546,82065,309.00,367.00,97.00,66.00,1,1,0.9411,-1
546,24640,515.00,334.00,19.00,21.00,1,7,0.8902,-1
546,28051,906.00,320.00,8.00,16.00,1,7,0.2621,-1
547,83425,360.00,0.00,71.00,86.00,1,1,0.2883,-1
547,44314,418.00,148.00,31.00,24.00,1,1,0.8723,-1
547,37790,370.00,58.00,76.00,101.00,1,1,0.5568,-1
547,82065,315.00,367.00,96.00,65.00,1,1,0.9414,-1
547,24640,520.00,333.00,19.00,21.00,1,7,0.8882,-1
547,28051,914.00,318.00,8.00,17.00,1,7,0.2601,-1
548,83425,366.00,0.00,71.00,85.00,1,1,0.2870,-1
548,44314,424.00,148.00,31.00,24.00,1,1,0.8764,-1
548,37790,376.00,58.00,75.00,101.00,1,1,0.5568,-1
548,82065,321.00,367.00,96.00,65.00,1,1,0.9404,-1
548,24640,526.00,333.00,18.00,21.00,1,7,0.8938,-1
548,28051,922.00,317.00,8.00,17.00,1,7,0.2635,-1
549,83425,368.00,0.00,71.00,85.00,1,1,0.2869,-1
549,44314,427.00,148.00,30.00,23.00,1,1,0.8713,-1
549,37790,378.00,58.00,76.00,101.00,1,1,0.5579,-1
549,82065,325.00,366.00,95.00,66.00,1,1,0.9411,-1
549,24640,529.00,332.00,19.00,22.00,1,7,0.8909,-1
549,28051,928.00,316.00,8.00,17.00,1,7,0.2584,-1
550,83425,372.00,0.00,71.00,85.00,1,1,0.2868,-1
550,44314,430.00,146.00,31.00,24.00,1,1,0.8715,-1
550,37790,382.00,57.00,75.00,101.00,1,1,0.5592,-1
550,82065,329.00,365.00,95.00,65.00,1,1,0.9410,-1
550,24640,533.00,331.00,19.00,21.00,1,7,0.8889,-1
550,28051,935.00,314.00,8.00,17.00,1,7,0.2594,-1
551,83425,381.00,0.00,70.00,85.00,1,1,0.2880,-1
551,44314,438.00,147.00,31.00,24.00,1,1,0.8727,-1
551,37790,391.00,58.00,74.00,100.00,1,1,0.5577,-1
551,82065,338.00,365.00,95.00,65.00,1,1,0.9410,-1
551,24640,541.00,331.00,18.00,21.00,1,7,0.8944,-1
551,28051,947.00,313.00,8.00,18.00,1,7,0.2534,-1
552,83425,394.00,0.00,69.00,86.00,1,1,0.2887,-1
552,44314,450.00,148.00,31.00,24.00,1,1,0.8932,-1
552,37790,404.00,60.00,73.00,100.00,1,1,0.5537,-1
552,82065,351.00,366.00,94.00,64.00,1,1,0.9416,-1
552,24640,551.00,331.00,19.00,22.00,1,7,0.8899,-1
552,28051,963.00,313.00,9.00,17.00,1,7,0.2571,-1
553,83425,402.00,0.00,69.00,88.00,1,1,0.2909,-1
553,44314,458.00,150.00,31.00,24.00,1,1,0.8904,-1
553,37790,412.00,63.00,73.00,99.00,1,1,0.5535,-1
553,82065,358.00,367.00,94.00,64.00,1,1,0.9416,-1
553,24640,558.00,333.00,18.00,21.00,1,7,0.8947,-1
553,28051,974.00,314.00,9.00,18.00,1,7,0.2568,-1
554,83425,405.00,0.00,69.00,89.00,1,1,0.2928,-1
554,44314,461.00,150.00,31.00,24.00,1,1,0.8902,-1
554,37790,415.00,64.00,73.00,98.00,1,1,0.5559,-1
554,82065,362.00,367.00,93.00,64.00,1,1,0.9404,-1
554,24640,562.00,333.00,18.00,21.00,1,7,0.8983,-1
554,28051,981.00,314.00,9.00,18.00,1,7,0.2577,-1
555,83425,413.00,0.00,68.00,87.00,1,1,0.2913,-1
555,44314,469.00,149.00,31.00,24.00,1,1,0.8900,-1
555,37790,423.00,63.00,72.00,98.00,1,1,0.5573,-1
555,82065,371.00,366.00,92.00,64.00,1,1,0.9409,-1
555,24640,569.00,331.00,19.00,22.00,1,7,0.8931,-1
555,28051,995.00,311.00,9.00,18.00,1,7,0.2570,-1
556,83425,423.00,0.00,68.00,89.00,1,1,0.2936,-1
556,44314,479.00,151.00,31.00,23.00,1,1,0.8944,-1
556,37790,433.00,65.00,72.00,98.00,1,1,0.5550,-1
556,82065,381.00,367.00,92.00,63.00,1,1,0.9419,-1
556,24640,578.00,332.00,19.00,21.00,1,7,0.8931,-1
556,28051,1011.00,311.00,9.00,19.00,1,7,0.6154,-1
557,83425,428.00,0.00,67.00,89.00,1,1,0.2941,-1
557,44314,483.00,151.00,31.00,23.00,1,1,0.8893,-1
557,37790,437.00,66.00,72.00,97.00,1,1,0.5573,-1
557,82065,386.00,366.00,91.00,64.00,1,1,0.9411,-1
557,24640,583.00,332.00,19.00,21.00,1,7,0.8867,-1
557,28051,1020.00,315.00,3.00,12.00,1,7,1.0000,-1
558,83425,432.00,0.00,68.00,89.00,1,1,0.2952,-1
558,44314,487.00,150.00,31.00,24.00,1,1,0.8801,-1
558,37790,441.00,66.00,73.00,97.00,1,1,0.5613,-1
558,82065,390.00,366.00,91.00,64.00,1,1,0.9397,-1
558,24640,588.00,332.00,19.00,21.00,1,7,0.8864,-1
559,83425,439.00,0.00,68.00,90.00,1,1,0.2969,-1
559,44314,495.00,151.00,30.00,24.00,1,1,0.8844,-1
559,37790,449.00,67.00,72.00,96.00,1,1,0.5616,-1
559,82065,398.00,366.00,91.00,64.00,1,1,0.9397,-1
559,24640,596.00,332.00,19.00,21.00,1,7,0.8940,-1
560,83425,451.00,0.00,67.00,90.00,1,1,0.2963,-1
560,44314,506.00,151.00,31.00,24.00,1,1,0.8933,-1
560,37790,461.00,68.00,71.00,96.00,1,1,0.5589,-1
560,82065,410.00,367.00,90.00,63.00,1,1,0.9402,-1
560,24640,606.00,331.00,19.00,22.00,1,7,0.8936,-1
561,83425,462.00,0.00,66.00,90.00,1,1,0.2952,-1
561,44314,516.00,151.00,31.00,25.00,1,1,0.9102,-1
561,37790,472.00,69.00,70.00,95.00,1,1,0.5529,-1
561,82065,421.00,367.00,90.00,63.00,1,1,0.9413,-1
561,24640,615.00,331.00,20.00,22.00,1,7,0.8889,-1
562,83425,471.00,0.00,66.00,90.00,1,1,0.2938,-1
562,44314,524.00,152.00,32.00,24.00,1,1,0.9293,-1
562,37790,481.00,70.00,70.00,95.00,1,1,0.5465,-1
562,82065,430.00,367.00,90.00,63.00,1,1,0.9426,-1
562,24640,622.00,331.00,20.00,22.00,1,7,0.8923,-1
563,66861,0.00,355.00,1.00,2.00,1,7,1.0000,-1
563,83425,478.00,0.00,65.00,90.00,1,1,0.2920,-1
563,44314,530.00,152.00,34.00,24.00,1,1,0.9405,-1
563,37790,489.00,70.00,69.00,95.00,1,1,0.5395,-1
563,82065,437.00,367.00,90.00,63.00,1,1,0.9439,-1
563,24640,627.00,331.00,20.00,22.00,1,7,0.8926,-1
564,66861,0.00,352.00,10.00,7.00,1,7,1.0000,-1
564,83425,485.00,0.00,65.00,90.00,1,1,0.2903,-1
564,44314,537.00,152.00,34.00,24.00,1,1,0.9573,-1
564,37790,496.00,71.00,68.00,94.00,1,1,0.5308,-1
564,82065,444.00,367.00,91.00,63.00,1,1,0.9455,-1
564,24640,633.00,331.00,19.00,22.00,1,7,0.8929,-1
565,66861,0.00,352.00,19.00,8.00,1,7,1.0000,-1
565,83425,493.00,0.00,64.00,91.00,1,1,0.2886,-1
565,44314,544.00,152.00,34.00,24.00,1,1,0.9588,-1
565,37790,504.00,71.00,67.00,94.00,1,1,0.5229,-1
565,82065,451.00,368.00,91.00,62.00,1,1,0.9458,-1
565,24640,638.00,331.00,20.00,22.00,1,7,0.8895,-1
566,71825,0.00,331.00,8.00,6.00,1,7,1.0000,-1
566,66861,7.00,353.00,21.00,7.00,1,7,0.9918,-1
566,83425,500.00,0.00,63.00,91.00,1,1,0.2852,-1
566,44314,551.00,152.00,35.00,25.00,1,1,0.9639,-1
566,37790,511.00,72.00,67.00,93.00,1,1,0.5148,-1
566,82065,458.00,368.00,92.00,62.00,1,1,0.9464,-1
566,24640,645.00,331.00,18.00,22.00,1,7,0.8696,-1
567,71825,2.00,331.00,14.00,6.00,1,7,1.0000,-1
567,66861,17.00,354.00,20.00,7.00,1,7,0.9916,-1
567,14931,0.00,358.00,0.00,5.00,1,7,1.0000,-1
567,83425,507.00,0.00,63.00,91.00,1,1,0.2839,-1
567,44314,558.00,152.00,35.00,25.00,1,1,0.9570,-1
567,37790,519.00,72.00,66.00,93.00,1,1,0.5056,-1
567,82065,465.00,368.00,92.00,62.00,1,1,0.9473,-1
567,24640,653.00,331.00,16.00,22.00,1,7,0.7989,-1
568,71825,11.00,332.00,15.00,6.00,1,7,1.0000,-1
568,66861,25.00,354.00,20.00,7.00,1,7,0.9917,-1
568,14931,0.00,351.00,9.00,18.00,1,7,1.0000,-1
568,83425,515.00,0.00,62.00,92.00,1,1,0.2814,-1
568,44314,565.00,152.00,35.00,25.00,1,1,0.9469,-1
568,37790,527.00,72.00,65.00,93.00,1,1,0.4968,-1
568,82065,472.00,368.00,92.00,62.00,1,1,0.9486,-1
568,24640,660.00,331.00,14.00,22.00,1,7,0.6818,-1
569,71825,21.00,332.00,14.00,7.00,1,7,1.0000,-1
569,54924,0.00,374.00,2.00,3.00,1,7,1.0000,-1
569,66861,35.00,355.00,19.00,7.00,1,7,0.9912,-1
569,14931,0.00,350.00,18.00,19.00,1,7,1.0000,-1
569,83425,522.00,0.00,62.00,92.00,1,1,0.2784,-1
569,44314,573.00,152.00,34.00,25.00,1,1,0.9298,-1
569,37790,534.00,73.00,65.00,92.00,1,1,0.4894,-1
569,82065,479.00,368.00,93.00,63.00,1,1,0.9503,-1
569,24640,668.00,331.00,12.00,22.00,1,7,0.5665,-1
570,71825,29.00,333.00,14.00,6.00,1,7,1.0000,-1
570,54924,5.00,374.00,6.00,4.00,1,7,1.0000,-1
570,66861,43.00,355.00,19.00,7.00,1,7,0.9826,-1
570,14931,3.00,351.00,24.00,19.00,1,1,1.0000,-1
570,83425,529.00,0.00,62.00,92.00,1,1,0.2757,-1
570,44314,580.00,152.00,34.00,25.00,1,1,0.9133,-1
570,37790,542.00,73.00,63.00,92.00,1,1,0.4809,-1
570,82065,486.00,368.00,93.00,63.00,1,1,0.9514,-1
570,24640,676.00,332.00,9.00,21.00,1,7,0.4409,-1
571,71825,38.00,334.00,14.00,6.00,1,7,1.0000,-1
571,54924,14.00,374.00,6.00,4.00,1,7,1.0000,-1
571,66861,52.00,355.00,18.00,7.00,1,7,0.9907,-1
571,14931,12.00,351.00,24.00,19.00,1,1,1.0000,-1
571,83425,536.00,0.00,62.00,91.00,1,1,0.2735,-1
571,44314,587.00,152.00,34.00,25.00,1,1,0.8915,-1
571,37790,549.00,73.00,63.00,92.00,1,1,0.4720,-1
571,82065,493.00,368.00,94.00,63.00,1,1,0.9524,-1
571,24640,684.00,333.00,7.00,20.00,1,7,0.3132,-1
572,71825,47.00,334.00,13.00,6.00,1,7,1.0000,-1
572,54924,23.00,375.00,6.00,3.00,1,7,1.0000,-1
572,66861,60.00,356.00,19.00,7.00,1,7,0.9907,-1
572,14931,22.00,352.00,23.00,18.00,1,1,1.0000,-1
572,83425,544.00,0.00,61.00,91.00,1,1,0.2707,-1
572,44314,595.00,152.00,33.00,25.00,1,1,0.8741,-1
572,37790,557.00,73.00,63.00,92.00,1,1,0.4636,-1
572,82065,500.00,369.00,94.00,62.00,1,1,0.9530,-1
572,24640,692.00,335.00,5.00,18.00,1,7,0.2000,-1
573,71825,55.00,335.00,14.00,6.00,1,7,1.0000,-1
573,54924,32.00,375.00,6.00,4.00,1,7,1.0000,-1
573,66861,68.00,356.00,19.00,7.00,1,7,0.9908,-1
573,14931,30.00,352.00,23.00,19.00,1,1,1.0000,-1
573,83425,551.00,0.00,61.00,90.00,1,1,0.2678,-1
573,44314,603.00,152.00,32.00,25.00,1,1,0.8583,-1
573,37790,565.00,73.00,62.00,92.00,1,1,0.4548,-1
573,82065,507.00,369.00,95.00,62.00,1,1,0.9539,-1
573,24640,700.00,337.00,2.00,13.00,1,7,0.0904,-1
574,71825,64.00,335.00,13.00,6.00,1,7,1.0000,-1
574,54924,41.00,375.00,6.00,4.00,1,7,1.0000,-1
574,66861,77.00,357.00,18.00,6.00,1,7,1.0000,-1
574,14931,39.00,353.00,23.00,18.00,1,1,1.0000,-1
574,83425,559.00,0.00,60.00,91.00,1,1,0.2655,-1
574,44314,611.00,152.00,31.00,25.00,1,1,0.8358,-1
574,37790,573.00,74.00,61.00,91.00,1,1,0.4460,-1
574,82065,514.00,369.00,95.00,62.00,1,1,0.9543,-1
574,24640,708.00,341.00,0.00,8.00,1,7,0.0230,-1
575,71825,73.00,336.00,12.00,6.00,1,7,1.0000,-1
575,54924,50.00,376.00,5.00,3.00,1,7,1.0000,-1
575,66861,85.00,357.00,18.00,7.00,1,7,0.9900,-1
575,14931,48.00,353.00,23.00,18.00,1,1,1.0000,-1
575,83425,567.00,0.00,59.00,90.00,1,1,0.2620,-1
575,44314,618.00,152.00,31.00,25.00,1,1,0.8114,-1
575,37790,581.00,73.00,60.00,90.00,1,1,0.4387,-1
575,82065,521.00,369.00,96.00,62.00,1,1,0.9551,-1
576,71825,81.00,336.00,12.00,6.00,1,7,1.0000,-1
576,54924,58.00,376.00,6.00,3.00,1,7,1.0000,-1
576,66861,93.00,357.00,18.00,7.00,1,7,0.9903,-1
576,14931,57.00,353.00,22.00,18.00,1,1,1.0000,-1
576,83425,553.00,0.00,80.00,164.00,1,1,0.2600,-1
576,44314,626.00,152.00,30.00,24.00,1,1,0.7824,-1
576,37790,588.00,74.00,60.00,89.00,1,1,0.4302,-1
576,82065,528.00,369.00,96.00,62.00,1,1,0.9557,-1
577,71825,89.00,336.00,12.00,6.00,1,7,1.0000,-1
577,54924,66.00,375.00,6.00,4.00,1,7,1.0000,-1
577,66861,100.00,357.00,18.00,6.00,1,7,0.9898,-1
577,14931,65.00,353.00,21.00,18.00,1,1,1.0000,-1
577,83425,560.00,0.00,80.00,166.00,1,1,0.2581,-1
577,44314,633.00,151.00,30.00,24.00,1,1,0.7615,-1
577,37790,596.00,72.00,59.00,90.00,1,1,0.4233,-1
577,82065,534.00,369.00,97.00,62.00,1,1,0.9567,-1
578,71825,97.00,335.00,12.00,5.00,1,7,1.0000,-1
578,54924,76.00,373.00,5.00,4.00,1,7,1.0000,-1
578,66861,109.00,355.00,18.00,7.00,1,7,1.0000,-1
578,14931,74.00,351.00,21.00,18.00,1,1,1.0000,-1
578,83425,567.00,0.00,81.00,165.00,1,1,0.2562,-1
578,44314,641.00,149.00,30.00,25.00,1,1,0.7573,-1
578,37790,604.00,71.00,59.00,89.00,1,1,0.4175,-1
578,82065,541.00,368.00,98.00,62.00,1,1,0.9570,-1
579,71825,106.00,334.00,12.00,6.00,1,7,1.0000,-1
579,54924,85.00,373.00,5.00,3.00,1,7,1.0000,-1
579,66861,118.00,355.00,17.00,7.00,1,7,0.9892,-1
579,14931,83.00,351.00,21.00,18.00,1,1,1.0000,-1
579,83425,572.00,0.00,83.00,165.00,1,1,0.2550,-1
579,44314,649.00,148.00,29.00,25.00,1,1,0.7379,-1
579,37790,611.00,69.00,60.00,90.00,1,1,0.4130,-1
579,82065,548.00,368.00,98.00,62.00,1,1,0.9570,-1
580,71825,115.00,335.00,12.00,6.00,1,7,1.0000,-1
580,54924,94.00,374.00,5.00,3.00,1,7,1.0000,-1
580,66861,127.00,356.00,16.00,6.00,1,7,1.0000,-1
580,14931,92.00,352.00,21.00,17.00,1,1,1.0000,-1
580,83425,580.00,0.00,82.00,166.00,1,1,0.2535,-1
580,44314,655.00,148.00,30.00,24.00,1,1,0.7300,-1
580,37790,618.00,69.00,59.00,89.00,1,1,0.4103,-1
580,82065,554.00,368.00,99.00,63.00,1,1,0.9584,-1
581,71825,123.00,337.00,12.00,6.00,1,7,1.0000,-1
581,54924,102.00,375.00,6.00,4.00,1,7,1.0000,-1
581,66861,135.00,358.00,16.00,6.00,1,7,0.9885,-1
581,14931,101.00,354.00,21.00,17.00,1,1,1.0000,-1
581,83425,584.00,0.00,83.00,167.00,1,1,0.2540,-1
581,44314,661.00,148.00,30.00,24.00,1,1,0.7234,-1
581,37790,624.00,69.00,59.00,89.00,1,1,0.4083,-1
581,82065,560.00,369.00,100.00,63.00,1,1,0.9575,-1
582,71825,134.00,339.00,11.00,6.00,1,7,1.0000,-1
582,54924,114.00,377.00,4.00,3.00,1,7,1.0000,-1
582,66861,145.00,359.00,16.00,6.00,1,7,0.9885,-1
582,14931,112.00,355.00,20.00,18.00,1,7,1.0000,-1
582,83425,592.00,0.00,83.00,169.00,1,1,0.2543,-1
582,44314,670.00,148.00,29.00,24.00,1,1,0.7165,-1
582,37790,632.00,69.00,59.00,89.00,1,1,0.4049,-1
582,82065,568.00,369.00,100.00,63.00,1,1,0.9583,-1
583,71825,146.00,339.00,11.00,6.00,1,7,1.0000,-1
583,54924,126.00,377.00,4.00,3.00,1,7,1.0000,-1
583,66861,157.00,359.00,15.00,7.00,1,7,0.9881,-1
583,14931,125.00,356.00,19.00,17.00,1,7,1.0000,-1
583,83425,602.00,0.00,84.00,170.00,1,1,0.2535,-1
583,44314,681.00,147.00,29.00,24.00,1,1,0.6952,-1
583,37790,643.00,69.00,59.00,88.00,1,1,0.3984,-1
583,82065,578.00,369.00,101.00,63.00,1,1,0.9588,-1
584,71825,154.00,340.00,11.00,5.00,1,7,1.0000,-1
584,54924,134.00,377.00,5.00,3.00,1,7,1.0000,-1
584,66861,165.00,359.00,15.00,7.00,1,7,0.9878,-1
584,14931,133.00,356.00,19.00,17.00,1,7,1.0000,-1
584,83425,609.00,0.00,85.00,171.00,1,1,0.2539,-1
584,44314,689.00,146.00,29.00,24.00,1,1,0.6713,-1
584,37790,652.00,68.00,58.00,88.00,1,1,0.3906,-1
584,82065,586.00,369.00,102.00,63.00,1,1,0.9594,-1
585,71825,162.00,337.00,11.00,6.00,1,7,1.0000,-1
585,54924,143.00,374.00,4.00,3.00,1,7,1.0000,-1
585,66861,173.00,357.00,15.00,6.00,1,7,0.9877,-1
585,14931,142.00,353.00,18.00,17.00,1,7,1.0000,-1
585,83425,618.00,0.00,85.00,172.00,1,1,0.2514,-1
585,44314,699.00,144.00,28.00,24.00,1,1,0.6531,-1
585,37790,661.00,66.00,59.00,87.00,1,1,0.3836,-1
585,82065,593.00,368.00,103.00,64.00,1,1,0.9594,-1
586,71825,170.00,337.00,11.00,5.00,1,7,1.0000,-1
586,54924,151.00,373.00,5.00,3.00,1,7,1.0000,-1
586,66861,181.00,356.00,15.00,6.00,1,7,0.9875,-1
586,14931,150.00,352.00,18.00,17.00,1,7,1.0000,-1
586,83425,625.00,0.00,87.00,171.00,1,1,0.2502,-1
586,44314,707.00,142.00,29.00,24.00,1,1,0.6369,-1
586,37790,670.00,64.00,58.00,86.00,1,1,0.3785,-1
586,82065,600.00,368.00,104.00,63.00,1,1,0.9601,-1
587,71825,178.00,337.00,10.00,5.00,1,7,1.0000,-1
587,54924,159.00,373.00,5.00,3.00,1,7,1.0000,-1
587,66861,188.00,356.00,15.00,6.00,1,7,1.0000,-1
587,14931,158.00,353.00,18.00,16.00,1,7,1.0000,-1
587,23927,0.00,72.00,4.00,13.00,1,7,0.3534,-1
587,83425,632.00,0.00,87.00,171.00,1,1,0.2482,-1
587,44314,715.00,141.00,28.00,25.00,1,1,0.6244,-1
587,37790,677.00,62.00,59.00,87.00,1,1,0.3761,-1
587,82065,607.00,368.00,105.00,64.00,1,1,0.9602,-1
588,71825,186.00,338.00,10.00,6.00,1,7,1.0000,-1
588,54924,167.00,374.00,4.00,3.00,1,7,1.0000,-1
588,66861,196.00,357.00,15.00,6.00,1,7,0.9872,-1
588,14931,166.00,354.00,18.00,16.00,1,7,1.0000,-1
588,23927,0.00,59.00,14.00,33.00,1,7,0.4505,-1
588,83425,638.00,0.00,88.00,172.00,1,1,0.2493,-1
588,44314,722.00,141.00,28.00,24.00,1,1,0.6157,-1
588,37790,684.00,62.00,59.00,87.00,1,1,0.3726,-1
588,82065,613.00,368.00,106.00,64.00,1,1,0.9603,-1
588,37543,701.00,302.00,0.00,1.00,1,7,0.0435,-1
589,71825,194.00,340.00,9.00,6.00,1,7,1.0000,-1
589,54924,175.00,376.00,4.00,3.00,1,7,1.0000,-1
589,66861,204.00,359.00,14.00,6.00,1,7,0.9867,-1
589,14931,174.00,356.00,18.00,16.00,1,7,1.0000,-1
589,23927,4.00,59.00,20.00,38.00,1,7,0.2514,-1
589,83425,644.00,0.00,88.00,172.00,1,1,0.2485,-1
589,44314,728.00,140.00,29.00,24.00,1,1,0.6115,-1
589,37790,690.00,62.00,59.00,86.00,1,1,0.3719,-1
589,82065,620.00,369.00,106.00,64.00,1,1,0.9602,-1
589,37543,707.00,303.00,1.00,1.00,1,7,0.0444,-1
590,71825,205.00,341.00,10.00,5.00,1,7,1.0000,-1
590,54924,186.00,376.00,5.00,4.00,1,7,1.0000,-1
590,66861,215.00,360.00,14.00,6.00,1,7,0.9863,-1
590,14931,185.00,356.00,18.00,17.00,1,7,1.0000,-1
590,23927,0.00,64.00,40.00,38.00,1,1,0.2069,-1
590,83425,654.00,0.00,89.00,174.00,1,1,0.2480,-1
590,44314,739.00,139.00,29.00,24.00,1,1,0.5954,-1
590,37790,701.00,61.00,59.00,86.00,1,1,0.3668,-1
590,82065,630.00,369.00,107.00,64.00,1,1,0.9599,-1
590,37543,717.00,300.00,2.00,4.00,1,7,0.1915,-1
591,71825,213.00,342.00,9.00,5.00,1,7,1.0000,-1
591,54924,195.00,377.00,4.00,3.00,1,7,1.0000,-1
591,66861,223.00,360.00,14.00,6.00,1,7,0.9863,-1
591,14931,194.00,357.00,17.00,16.00,1,7,1.0000,-1
591,23927,0.00,46.00,52.00,60.00,1,1,0.2039,-1
591,83425,662.00,0.00,90.00,175.00,1,1,0.2490,-1
591,44314,749.00,138.00,28.00,24.00,1,1,0.5768,-1
591,37790,710.00,60.00,59.00,86.00,1,1,0.3616,-1
591,82065,638.00,369.00,109.00,65.00,1,1,0.9614,-1
591,37543,724.00,299.00,4.00,4.00,1,7,0.3542,-1
592,71825,220.00,342.00,9.00,5.00,1,7,1.0000,-1
592,54924,202.00,377.00,5.00,3.00,1,7,1.0000,-1
592,66861,230.00,360.00,14.00,6.00,1,7,0.9863,-1
592,14931,201.00,357.00,17.00,16.00,1,7,1.0000,-1
592,23927,0.00,48.00,62.00,60.00,1,7,0.1977,-1
592,83425,670.00,0.00,90.00,177.00,1,1,0.2496,-1
592,44314,758.00,137.00,28.00,24.00,1,1,0.5556,-1
592,37790,719.00,59.00,59.00,85.00,1,1,0.3540,-1
592,82065,646.00,369.00,110.00,65.00,1,1,0.9619,-1
592,37543,731.00,297.00,5.00,6.00,1,7,0.6042,-1
593,71825,227.00,342.00,9.00,5.00,1,7,1.0000,-1
593,54924,209.00,377.00,4.00,3.00,1,7,1.0000,-1
593,66861,236.00,360.00,14.00,6.00,1,7,0.9859,-1
593,14931,208.00,357.00,17.00,16.00,1,7,1.0000,-1
593,23927,0.00,50.00,71.00,60.00,1,1,0.2471,-1
593,83425,677.00,0.00,92.00,177.00,1,1,0.2502,-1
593,44314,767.00,136.00,27.00,24.00,1,1,0.5313,-1
593,37790,728.00,58.00,59.00,85.00,1,1,0.3472,-1
593,82065,653.00,369.00,112.00,65.00,1,1,0.9626,-1
593,37543,737.00,296.00,7.00,7.00,1,7,0.8085,-1
594,71825,233.00,342.00,10.00,5.00,1,7,1.0000,-1
594,54924,216.00,377.00,4.00,3.00,1,7,1.0000,-1
594,66861,243.00,360.00,13.00,6.00,1,7,0.9859,-1
594,14931,215.00,357.00,16.00,16.00,1,7,1.0000,-1
594,23927,3.00,52.00,77.00,60.00,1,1,0.2791,-1
594,83425,684.00,0.00,93.00,177.00,1,1,0.2513,-1
594,44314,776.00,135.00,27.00,24.00,1,1,0.5114,-1
594,37790,737.00,57.00,58.00,86.00,1,1,0.3397,-1
594,82065,660.00,369.00,113.00,65.00,1,1,0.9629,-1
594,37543,743.00,296.00,9.00,7.00,1,7,0.9787,-1
595,71825,240.00,342.00,9.00,5.00,1,7,1.0000,-1
595,54924,222.00,377.00,4.00,3.00,1,7,1.0000,-1
595,66861,249.00,360.00,13.00,6.00,1,7,0.9855,-1
595,14931,221.00,357.00,17.00,16.00,1,7,1.0000,-1
595,23927,12.00,55.00,76.00,59.00,1,1,0.2786,-1
595,83425,692.00,0.00,93.00,177.00,1,1,0.2518,-1
595,44314,785.00,134.00,26.00,24.00,1,1,0.4874,-1
595,37790,746.00,56.00,58.00,86.00,1,1,0.3321,-1
595,82065,668.00,369.00,114.00,65.00,1,1,0.9637,-1
595,37543,750.00,295.00,9.00,7.00,1,7,1.0000,-1
596,71825,245.00,341.00,9.00,5.00,1,7,1.0000,-1
596,54924,227.00,376.00,4.00,3.00,1,7,1.0000,-1
596,66861,254.00,359.00,13.00,6.00,1,7,0.9853,-1
596,14931,227.00,356.00,16.00,16.00,1,7,1.0000,-1
596,23927,21.00,55.00,74.00,59.00,1,1,0.2789,-1
596,83425,698.00,0.00,94.00,176.00,1,1,0.2505,-1
596,44314,793.00,132.00,26.00,24.00,1,1,0.4701,-1
596,37790,754.00,54.00,57.00,86.00,1,1,0.3259,-1
596,82065,674.00,368.00,115.00,66.00,1,1,0.9640,-1
596,37543,755.00,295.00,9.00,7.00,1,7,1.0000,-1
597,71825,251.00,340.00,9.00,5.00,1,7,1.0000,-1
597,54924,234.00,374.00,4.00,3.00,1,7,1.0000,-1
597,66861,260.00,358.00,14.00,6.00,1,7,0.9855,-1
597,14931,233.00,355.00,16.00,16.00,1,7,1.0000,-1
597,23927,30.00,56.00,74.00,59.00,1,1,0.2810,-1
597,83425,706.00,0.00,95.00,175.00,1,1,0.2480,-1
597,44314,802.00,130.00,26.00,24.00,1,1,0.4534,-1
597,37790,763.00,52.00,58.00,85.00,1,1,0.3202,-1
597,82065,680.00,368.00,117.00,66.00,1,1,0.9638,-1
597,37543,762.00,293.00,10.00,8.00,1,7,1.0000,-1
598,71825,258.00,340.00,9.00,5.00,1,7,1.0000,-1
598,54924,241.00,374.00,4.00,3.00,1,7,1.0000,-1
598,66861,267.00,358.00,14.00,6.00,1,7,0.9857,-1
598,14931,240.00,355.00,16.00,15.00,1,7,1.0000,-1
598,23927,41.00,58.00,72.00,58.00,1,1,0.2821,-1
598,83425,713.00,0.00,97.00,174.00,1,1,0.2445,-1
598,44314,811.00,129.00,26.00,23.00,1,1,0.4407,-1
598,37790,772.00,49.00,58.00,87.00,1,1,0.3167,-1
598,82065,688.00,368.00,118.00,66.00,1,1,0.9643,-1
598,37543,769.00,293.00,10.00,8.00,1,7,1.0000,-1
599,71825,265.00,341.00,9.00,5.00,1,7,1.0000,-1
599,54924,248.00,375.00,4.00,3.00,1,7,1.0000,-1
599,66861,274.00,359.00,13.00,6.00,1,7,0.9848,-1
599,14931,247.00,356.00,16.00,15.00,1,7,1.0000,-1
599,23927,50.00,63.00,72.00,57.00,1,1,0.2802,-1
599,83425,720.00,0.00,97.00,174.00,1,1,0.2446,-1
599,44314,819.00,128.00,25.00,23.00,1,1,0.4279,-1
599,37790,779.00,49.00,58.00,86.00,1,1,0.3142,-1
599,82065,695.00,368.00,119.00,67.00,1,1,0.9641,-1
599,37543,776.00,293.00,9.00,8.00,1,7,1.0000,-1
600,71825,271.00,342.00,9.00,5.00,1,7,1.0000,-1
600,54924,254.00,376.00,4.00,3.00,1,7,1.0000,-1
600,66861,280.00,360.00,13.00,6.00,1,7,1.0000,-1
600,14931,253.00,357.00,16.00,15.00,1,7,1.0000,-1
600,23927,59.00,66.00,70.00,56.00,1,1,0.2829,-1
600,83425,726.00,0.00,98.00,173.00,1,1,0.2416,-1
600,44314,826.00,127.00,25.00,23.00,1,1,0.4227,-1
600,37790,786.00,48.00,58.00,86.00,1,1,0.3119,-1
600,82065,701.00,368.00,121.00,67.00,1,1,0.9637,-1
600,37543,782.00,293.00,9.00,7.00,1,7,1.0000,-1
601,71825,279.00,342.00,9.00,5.00,1,7,1.0000,-1
601,54924,263.00,376.00,4.00,3.00,1,7,1.0000,-1
601,66861,289.00,360.00,12.00,6.00,1,7,0.9844,-1
601,14931,262.00,357.00,15.00,15.00,1,7,1.0000,-1
601,23927,72.00,69.00,69.00,56.00,1,1,0.2847,-1
601,83425,736.00,0.00,100.00,173.00,1,1,0.2390,-1
601,44314,838.00,125.00,25.00,23.00,1,1,0.4067,-1
601,37790,797.00,46.00,59.00,86.00,1,1,0.3067,-1
601,82065,711.00,368.00,123.00,68.00,1,1,0.9643,-1
601,37543,791.00,292.00,10.00,8.00,1,7,1.0000,-1
602,71825,285.00,342.00,9.00,5.00,1,7,1.0000,-1
602,54924,269.00,376.00,4.00,3.00,1,7,1.0000,-1
602,66861,295.00,360.00,12.00,6.00,1,7,1.0000,-1
602,14931,268.00,357.00,15.00,15.00,1,7,1.0000,-1
602,23927,81.00,71.00,67.00,56.00,1,1,0.2863,-1
602,83425,744.00,0.00,101.00,172.00,1,1,0.2373,-1
602,44314,848.00,124.00,25.00,23.00,1,1,0.3855,-1
602,37790,807.00,45.00,59.00,86.00,1,1,0.2997,-1
602,82065,718.00,368.00,125.00,68.00,1,1,0.9647,-1
602,37543,798.00,292.00,9.00,8.00,1,7,1.0000,-1
603,71825,291.00,341.00,8.00,5.00,1,7,1.0000,-1
603,54924,275.00,374.00,3.00,3.00,1,7,1.0000,-1
603,66861,300.00,358.00,12.00,6.00,1,7,0.9836,-1
603,14931,274.00,355.00,15.00,15.00,1,7,1.0000,-1
603,23927,89.00,70.00,67.00,56.00,1,1,0.2871,-1
603,83425,752.00,0.00,103.00,170.00,1,1,0.2289,-1
603,44314,858.00,121.00,25.00,23.00,1,1,0.3656,-1
603,37790,817.00,41.00,59.00,87.00,1,1,0.2938,-1
603,82065,726.00,368.00,126.00,67.00,1,1,0.9647,-1
603,37543,805.00,291.00,10.00,8.00,1,7,1.0000,-1
604,67180,0.00,290.00,0.00,0.00,1,7,1.0000,-1
604,71825,297.00,341.00,9.00,5.00,1,7,1.0000,-1
604,54924,281.00,375.00,3.00,2.00,1,7,1.0000,-1
604,66861,306.00,359.00,12.00,5.00,1,7,1.0000,-1
604,14931,280.00,356.00,15.00,15.00,1,7,1.0000,-1
604,23927,97.00,73.00,66.00,55.00,1,1,0.2870,-1
604,83425,759.00,0.00,104.00,169.00,1,1,0.2230,-1
604,44314,867.00,120.00,24.00,22.00,1,1,0.3545,-1
604,37790,825.00,39.00,59.00,87.00,1,1,0.2904,-1
604,82065,732.00,368.00,129.00,68.00,1,1,0.9660,-1
604,37543,812.00,291.00,10.00,8.00,1,7,1.0000,-1
605,67180,0.00,286.00,11.00,11.00,1,7,1.0000,-1
605,71825,304.00,342.00,9.00,5.00,1,7,1.0000,-1
605,54924,288.00,375.00,4.00,3.00,1,7,1.0000,-1
605,66861,313.00,360.00,12.00,5.00,1,7,0.9833,-1
605,14931,287.00,357.00,15.00,15.00,1,7,1.0000,-1
605,88393,0.00,182.00,1.00,3.00,1,7,0.5556,-1
605,23927,107.00,77.00,65.00,54.00,1,1,0.2882,-1
605,83425,766.00,0.00,106.00,168.00,1,1,0.2208,-1
605,44314,876.00,118.00,25.00,22.00,1,1,0.3487,-1
605,37790,834.00,38.00,60.00,87.00,1,1,0.2883,-1
605,82065,741.00,368.00,130.00,69.00,1,1,0.9653,-1
605,37543,819.00,290.00,11.00,8.00,1,7,1.0000,-1
606,67180,0.00,285.00,22.00,13.00,1,7,1.0000,-1
606,71825,311.00,342.00,8.00,5.00,1,7,1.0000,-1
606,54924,295.00,375.00,3.00,3.00,1,7,1.0000,-1
606,66861,319.00,360.00,13.00,5.00,1,7,1.0000,-1
606,14931,294.00,357.00,15.00,15.00,1,7,1.0000,-1
606,88393,11.00,183.00,2.00,3.00,1,7,0.0214,-1
606,23927,117.00,79.00,64.00,53.00,1,1,0.2895,-1
606,83425,775.00,0.00,107.00,167.00,1,1,0.2185,-1
606,44314,887.00,116.00,25.00,22.00,1,1,0.3337,-1
606,37790,845.00,36.00,60.00,87.00,1,1,0.2824,-1
606,82065,749.00,368.00,132.00,69.00,1,1,0.9650,-1
606,37543,827.00,290.00,11.00,8.00,1,7,1.0000,-1
607,67180,0.00,285.00,30.00,13.00,1,7,1.0000,-1
607,71825,316.00,342.00,9.00,5.00,1,7,1.0000,-1
607,54924,301.00,375.00,3.00,3.00,1,7,1.0000,-1
607,66861,325.00,360.00,12.00,5.00,1,7,0.9831,-1
607,14931,300.00,357.00,14.00,14.00,1,7,1.0000,-1
607,88393,21.00,185.00,1.00,2.00,1,7,0.0044,-1
607,23927,125.00,80.00,63.00,54.00,1,1,0.2929,-1
607,83425,783.00,0.00,108.00,167.00,1,1,0.2176,-1
607,44314,897.00,115.00,24.00,21.00,1,1,0.3104,-1
607,37790,854.00,34.00,60.00,86.00,1,1,0.2749,-1
607,82065,757.00,368.00,134.00,69.00,1,1,0.9654,-1
607,37543,834.00,289.00,11.00,8.00,1,7,1.0000,-1
608,67180,3.00,285.00,37.00,14.00,1,7,0.9946,-1
608,71825,323.00,342.00,8.00,5.00,1,7,1.0000,-1
608,54924,307.00,375.00,3.00,3.00,1,7,1.0000,-1
608,66861,331.00,360.00,12.00,5.00,1,7,1.0000,-1
608,14931,306.00,357.00,15.00,14.00,1,7,1.0000,-1
608,88393,0.00,187.00,33.00,24.00,1,7,0.0265,-1
608,23927,134.00,82.00,62.00,53.00,1,1,0.2980,-1
608,83425,792.00,0.00,110.00,166.00,1,1,0.2139,-1
608,44314,908.00,113.00,24.00,21.00,1,1,0.2982,-1
608,37790,866.00,32.00,60.00,86.00,1,1,0.2701,-1
608,82065,766.00,368.00,136.00,70.00,1,1,0.9661,-1
608,37543,842.00,289.00,11.00,8.00,1,7,1.0000,-1
609,67180,12.00,285.00,37.00,14.00,1,7,0.9944,-1
609,71825,328.00,342.00,8.00,5.00,1,7,1.0000,-1
609,54924,313.00,375.00,3.00,3.00,1,7,1.0000,-1
609,66861,337.00,360.00,11.00,5.00,1,7,0.9828,-1
609,14931,312.00,357.00,14.00,15.00,1,7,1.0000,-1
609,88393,0.00,189.00,41.00,25.00,1,7,0.1387,-1
609,23927,141.00,84.00,62.00,52.00,1,1,0.2980,-1
609,83425,800.00,0.00,111.00,164.00,1,1,0.2098,-1
609,44314,918.00,111.00,24.00,21.00,1,1,0.2837,-1
609,37790,875.00,29.00,60.00,86.00,1,1,0.2646,-1
609,82065,773.00,368.00,139.00,70.00,1,1,0.9660,-1
609,37543,849.00,288.00,11.00,8.00,1,7,1.0000,-1
610,67180,24.00,286.00,35.00,14.00,1,7,0.9972,-1
610,71825,335.00,343.00,8.00,4.00,1,7,1.0000,-1
610,54924,320.00,375.00,3.00,3.00,1,7,1.0000,-1
610,66861,343.00,360.00,12.00,5.00,1,7,1.0000,-1
610,14931,319.00,357.00,14.00,15.00,1,7,1.0000,-1
610,88393,0.00,191.00,52.00,25.00,1,1,0.2743,-1
610,23927,150.00,86.00,61.00,52.00,1,1,0.2990,-1
610,83425,809.00,0.00,114.00,162.00,1,1,0.2037,-1
610,44314,930.00,108.00,24.00,21.00,1,1,0.2735,-1
610,37790,826.00,26.00,121.00,86.00,1,1,0.2607,-1
610,82065,782.00,368.00,141.00,70.00,1,1,0.9665,-1
610,37543,858.00,288.00,11.00,8.00,1,7,1.0000,-1
611,67180,40.00,287.00,35.00,14.00,1,7,0.9940,-1
611,71825,345.00,343.00,8.00,4.00,1,7,1.0000,-1
611,54924,330.00,375.00,3.00,3.00,1,7,1.0000,-1
611,66861,354.00,360.00,11.00,5.00,1,7,0.9821,-1
611,14931,329.00,357.00,14.00,15.00,1,7,1.0000,-1
611,88393,0.00,182.00,41.00,37.00,1,1,0.2562,-1
611,23927,164.00,89.00,60.00,51.00,1,1,0.3000,-1
611,83425,823.00,0.00,118.00,160.00,1,7,0.1957,-1
611,44314,948.00,104.00,24.00,20.00,1,1,0.2477,-1
611,37790,841.00,21.00,125.00,86.00,1,1,0.2539,-1
611,82065,796.00,367.00,146.00,72.00,1,1,0.9666,-1
611,37543,872.00,286.00,12.00,9.00,1,7,1.0000,-1
612,67180,55.00,289.00,34.00,13.00,1,7,1.0000,-1
612,71825,355.00,343.00,8.00,4.00,1,7,1.0000,-1
612,54924,340.00,375.00,3.00,3.00,1,7,1.0000,-1
612,66861,363.00,360.00,12.00,5.00,1,7,0.9828,-1
612,14931,339.00,357.00,14.00,14.00,1,7,1.0000,-1
612,88393,0.00,184.00,83.00,37.00,1,1,0.2468,-1
612,23927,176.00,91.00,59.00,51.00,1,1,0.3050,-1
612,83425,837.00,0.00,120.00,156.00,1,7,0.1863,-1
612,44314,966.00,98.00,24.00,21.00,1,1,0.2312,-1
612,37790,855.00,15.00,129.00,86.00,1,1,0.2484,-1
612,82065,809.00,367.00,150.00,72.00,1,1,0.9668,-1
612,37543,885.00,285.00,12.00,8.00,1,7,1.0000,-1
613,36159,0.00,313.00,1.00,6.00,1,7,1.0000,-1
613,67180,66.00,290.00,33.00,13.00,1,7,1.0000,-1
613,71825,362.00,343.00,8.00,5.00,1,7,1.0000,-1
613,54924,347.00,376.00,3.00,2.00,1,7,1.0000,-1
613,66861,370.00,360.00,11.00,6.00,1,7,0.9825,-1
613,14931,346.00,357.00,14.00,15.00,1,7,1.0000,-1
613,88393,9.00,187.00,58.00,36.00,1,1,0.2361,-1
613,23927,185.00,94.00,58.00,50.00,1,1,0.3081,-1
613,83425,847.00,0.00,123.00,156.00,1,7,0.1877,-1
613,44314,979.00,97.00,24.00,21.00,1,1,0.2208,-1
613,37790,866.00,14.00,130.00,87.00,1,1,0.2448,-1
613,82065,819.00,368.00,153.00,73.00,1,1,0.9670,-1
613,37543,895.00,285.00,11.00,9.00,1,7,1.0000,-1
614,36159,0.00,311.00,15.00,14.00,1,7,1.0000,-1
614,67180,79.00,291.00,32.00,13.00,1,7,0.9967,-1
614,71825,370.00,343.00,7.00,5.00,1,7,1.0000,-1
614,54924,355.00,375.00,3.00,3.00,1,7,1.0000,-1
614,66861,378.00,360.00,11.00,5.00,1,7,1.0000,-1
614,14931,354.00,357.00,14.00,15.00,1,7,1.0000,-1
614,88393,23.00,189.00,83.00,35.00,1,1,0.2354,-1
614,23927,196.00,96.00,57.00,49.00,1,1,0.3082,-1
614,83425,859.00,0.00,126.00,154.00,1,7,0.1809,-1
614,44314,996.00,93.00,23.00,20.00,1,1,0.2025,-1
614,37790,880.00,9.00,133.00,106.00,1,1,0.2401,-1
614,82065,831.00,367.00,157.00,74.00,1,1,0.9669,-1
614,37543,907.00,284.00,12.00,8.00,1,7,1.0000,-1
615,36159,13.00,312.00,16.00,14.00,1,7,1.0000,-1
615,67180,91.00,291.00,32.00,13.00,1,7,1.0000,-1
615,71825,378.00,343.00,8.00,4.00,1,7,1.0000,-1
615,54924,364.00,375.00,3.00,2.00,1,7,1.0000,-1
615,66861,386.00,360.00,12.00,5.00,1,7,1.0000,-1
615,14931,363.00,357.00,14.00,14.00,1,7,1.0000,-1
615,88393,37.00,191.00,56.00,35.00,1,1,0.2351,-1
615,23927,206.00,97.00,56.00,49.00,1,1,0.3104,-1
615,83425,872.00,0.00,130.00,149.00,1,7,0.1716,-1
615,44314,1014.00,89.00,9.00,17.00,1,7,0.0955,-1
615,37790,893.00,1.00,130.00,111.00,1,1,0.2211,-1
615,82065,843.00,365.00,162.00,75.00,1,1,0.9749,-1
615,37543,920.00,281.00,12.00,9.00,1,7,1.0000,-1
616,36159,23.00,313.00,16.00,13.00,1,7,1.0000,-1
616,67180,100.00,292.00,31.00,13.00,1,7,1.0000,-1
616,71825,384.00,343.00,8.00,4.00,1,7,1.0000,-1
616,54924,369.00,375.00,3.00,2.00,1,7,1.0000,-1
616,66861,392.00,360.00,11.00,5.00,1,7,0.9815,-1
616,14931,369.00,357.00,13.00,14.00,1,7,1.0000,-1
616,88393,47.00,192.00,54.00,35.00,1,1,0.2337,-1
616,23927,213.00,99.00,56.00,48.00,1,1,0.3068,-1
616,83425,881.00,0.00,132.00,147.00,1,7,0.1716,-1
616,37790,903.00,0.00,120.00,109.00,1,7,0.1728,-1
616,82065,852.00,365.00,164.00,76.00,1,1,0.9870,-1
616,37543,928.00,280.00,13.00,9.00,1,7,1.0000,-1
617,36159,34.00,314.00,15.00,13.00,1,7,1.0000,-1
617,67180,109.00,293.00,31.00,12.00,1,7,1.0000,-1
617,71825,390.00,343.00,8.00,4.00,1,7,1.0000,-1
617,54924,376.00,375.00,3.00,2.00,1,7,1.0000,-1
617,66861,398.00,360.00,11.00,5.00,1,7,1.0000,-1
617,14931,375.00,357.00,14.00,14.00,1,7,1.0000,-1
617,88393,56.00,194.00,55.00,34.00,1,1,0.2349,-1
617,23927,221.00,100.00,55.00,49.00,1,1,0.3134,-1
617,83425,890.00,45.00,49.00,100.00,1,7,0.1772,-1
617,37790,913.00,0.00,110.00,108.00,1,7,0.1049,-1
617,82065,861.00,365.00,162.00,76.00,1,1,1.0000,-1
617,37543,938.00,280.00,12.00,8.00,1,7,1.0000,-1
618,36159,46.00,314.00,15.00,13.00,1,7,1.0000,-1
618,67180,120.00,294.00,30.00,12.00,1,7,0.9964,-1
618,71825,398.00,344.00,7.00,4.00,1,7,1.0000,-1
618,54924,383.00,376.00,3.00,2.00,1,7,1.0000,-1
618,66861,406.00,361.00,11.00,5.00,1,7,0.9818,-1
618,14931,383.00,358.00,13.00,14.00,1,7,1.0000,-1
618,88393,69.00,196.00,54.00,34.00,1,1,0.2379,-1
618,23927,232.00,103.00,54.00,48.00,1,1,0.3152,-1
618,83425,902.00,46.00,50.00,101.00,1,7,0.1861,-1
618,37790,925.00,0.00,98.00,109.00,1,7,0.0446,-1
618,82065,872.00,368.00,151.00,76.00,1,1,1.0000,-1
618,37543,949.00,281.00,13.00,9.00,1,7,1.0000,-1
619,36159,55.00,315.00,15.00,13.00,1,7,1.0000,-1
619,67180,128.00,294.00,30.00,12.00,1,7,1.0000,-1
619,71825,403.00,344.00,7.00,5.00,1,7,1.0000,-1
619,54924,389.00,376.00,3.00,2.00,1,7,1.0000,-1
619,66861,411.00,361.00,11.00,5.00,1,7,1.0000,-1
619,14931,388.00,358.00,13.00,14.00,1,7,1.0000,-1
619,88393,78.00,197.00,53.00,34.00,1,1,0.2381,-1
619,23927,238.00,104.00,54.00,48.00,1,1,0.3155,-1
619,83425,911.00,44.00,51.00,102.00,1,1,0.2006,-1
619,37790,934.00,0.00,89.00,107.00,1,7,0.0145,-1
619,82065,880.00,368.00,143.00,78.00,1,1,1.0000,-1
619,37543,958.00,280.00,14.00,10.00,1,7,1.0000,-1
620,36159,60.00,315.00,15.00,13.00,1,7,1.0000,-1
620,67180,133.00,295.00,29.00,12.00,1,7,0.9963,-1
620,71825,406.00,343.00,7.00,5.00,1,7,1.0000,-1
620,54924,392.00,375.00,3.00,3.00,1,7,1.0000,-1
620,66861,414.00,360.00,11.00,5.00,1,7,1.0000,-1
620,14931,391.00,357.00,13.00,14.00,1,7,1.0000,-1
620,88393,83.00,198.00,52.00,33.00,1,1,0.2365,-1
620,23927,241.00,104.00,54.00,48.00,1,1,0.3152,-1
620,83425,915.00,39.00,52.00,102.00,1,1,0.2151,-1
620,37790,939.00,71.00,15.00,32.00,1,7,0.0083,-1
620,82065,885.00,366.00,138.00,78.00,1,1,1.0000,-1
620,37543,963.00,278.00,13.00,9.00,1,7,1.0000,-1
621,36159,74.00,316.00,14.00,13.00,1,7,1.0000,-1
621,67180,144.00,295.00,29.00,12.00,1,7,1.0000,-1
621,71825,415.00,343.00,6.00,5.00,1,7,1.0000,-1
621,54924,400.00,375.00,3.00,3.00,1,7,1.0000,-1
621,66861,423.00,360.00,10.00,5.00,1,7,1.0000,-1
621,14931,400.00,357.00,13.00,14.00,1,7,1.0000,-1
621,88393,95.00,200.00,52.00,33.00,1,1,0.2373,-1
621,23927,251.00,106.00,54.00,47.00,1,1,0.3149,-1
621,83425,928.00,36.00,53.00,103.00,1,1,0.2501,-1
621,37790,952.00,66.00,16.00,34.00,1,7,0.0109,-1
621,82065,897.00,366.00,126.00,78.00,1,1,1.0000,-1
621,37543,977.00,276.00,14.00,10.00,1,7,1.0000,-1
622,36159,86.00,316.00,14.00,13.00,1,7,1.0000,-1
622,67180,155.00,296.00,28.00,12.00,1,7,0.9960,-1
622,71825,422.00,345.00,7.00,4.00,1,7,1.0000,-1
622,54924,408.00,376.00,2.00,3.00,1,7,1.0000,-1
622,66861,429.00,361.00,12.00,6.00,1,7,1.0000,-1
622,14931,407.00,358.00,13.00,15.00,1,7,1.0000,-1
622,88393,108.00,202.00,50.00,33.00,1,1,0.2383,-1
622,23927,262.00,109.00,52.00,47.00,1,1,0.3154,-1
622,83425,940.00,37.00,54.00,104.00,1,1,0.2837,-1
622,37790,965.00,69.00,16.00,33.00,1,7,0.0138,-1
622,82065,908.00,369.00,115.00,80.00,1,1,1.0000,-1
622,37543,989.00,279.00,14.00,10.00,1,7,1.0000,-1
623,36159,93.00,317.00,14.00,12.00,1,7,1.0000,-1
623,67180,162.00,297.00,28.00,12.00,1,7,1.0000,-1
623,71825,427.00,345.00,7.00,4.00,1,7,1.0000,-1
623,54924,412.00,376.00,3.00,3.00,1,7,1.0000,-1
623,66861,434.00,361.00,11.00,6.00,1,7,0.9808,-1
623,14931,412.00,359.00,13.00,14.00,1,7,1.0000,-1
623,88393,115.00,203.00,50.00,33.00,1,1,0.2364,-1
623,23927,267.00,110.00,52.00,46.00,1,1,0.3171,-1
623,83425,947.00,35.00,55.00,104.00,1,1,0.3180,-1
623,37790,972.00,66.00,16.00,34.00,1,7,0.0170,-1
623,82065,915.00,369.00,108.00,80.00,1,1,1.0000,-1
623,37543,997.00,278.00,15.00,10.00,1,7,1.0000,-1
624,36159,100.00,317.00,14.00,13.00,1,7,1.0000,-1
624,67180,168.00,297.00,27.00,12.00,1,7,0.9959,-1
624,71825,431.00,344.00,7.00,5.00,1,7,1.0000,-1
624,54924,417.00,376.00,3.00,2.00,1,7,1.0000,-1
624,66861,439.00,361.00,11.00,5.00,1,7,0.9815,-1
624,14931,416.00,358.00,13.00,14.00,1,7,1.0000,-1
624,88393,121.00,204.00,50.00,32.00,1,1,0.2372,-1
624,23927,272.00,111.00,51.00,46.00,1,1,0.3158,-1
624,83425,954.00,31.00,54.00,104.00,1,1,0.3564,-1
624,37790,979.00,63.00,16.00,33.00,1,7,0.0179,-1
624,82065,920.00,367.00,103.00,81.00,1,1,1.0000,-1
624,37543,1005.00,276.00,14.00,10.00,1,7,1.0000,-1
625,36159,107.00,317.00,14.00,13.00,1,7,1.0000,-1
625,67180,174.00,297.00,28.00,12.00,1,7,1.0000,-1
625,71825,436.00,343.00,7.00,4.00,1,7,1.0000,-1
625,54924,422.00,374.00,3.00,3.00,1,7,1.0000,-1
625,66861,444.00,360.00,11.00,5.00,1,7,0.9800,-1
625,14931,421.00,357.00,13.00,14.00,1,7,1.0000,-1
625,88393,128.00,204.00,49.00,33.00,1,1,0.2365,-1
625,23927,276.00,111.00,52.00,45.00,1,1,0.3153,-1
625,83425,961.00,24.00,55.00,106.00,1,1,0.4164,-1
625,37790,986.00,57.00,15.00,32.00,1,7,0.0206,-1
625,82065,927.00,364.00,96.00,80.00,1,1,1.0000,-1
625,37543,1014.00,273.00,9.00,8.00,1,7,1.0000,-1
626,36159,116.00,318.00,13.00,12.00,1,7,1.0000,-1
626,67180,182.00,298.00,27.00,11.00,1,7,1.0000,-1
626,71825,442.00,343.00,7.00,4.00,1,7,1.0000,-1
626,54924,428.00,374.00,3.00,3.00,1,7,1.0000,-1
626,66861,450.00,359.00,10.00,5.00,1,7,1.0000,-1
626,14931,427.00,356.00,13.00,14.00,1,7,1.0000,-1
626,88393,136.00,206.00,48.00,32.00,1,1,0.2366,-1
626,23927,282.00,112.00,51.00,45.00,1,1,0.3156,-1
626,83425,969.00,20.00,54.00,106.00,1,1,0.4992,-1
626,37790,994.00,53.00,16.00,32.00,1,7,0.0259,-1
626,82065,935.00,363.00,88.00,79.00,1,1,1.0000,-1
627,36159,124.00,318.00,13.00,12.00,1,7,1.0000,-1
627,67180,188.00,298.00,27.00,11.00,1,7,1.0000,-1
627,71825,447.00,342.00,6.00,5.00,1,7,1.0000,-1
627,54924,433.00,374.00,3.00,2.00,1,7,1.0000,-1
627,66861,454.00,359.00,11.00,5.00,1,7,1.0000,-1
627,14931,432.00,356.00,13.00,14.00,1,7,1.0000,-1
627,88393,143.00,206.00,47.00,32.00,1,1,0.2362,-1
627,23927,288.00,113.00,51.00,44.00,1,1,0.3096,-1
627,83425,976.00,17.00,47.00,107.00,1,1,0.5771,-1
627,37790,1002.00,51.00,15.00,30.00,1,7,0.0369,-1
627,82065,942.00,364.00,81.00,78.00,1,1,1.0000,-1
628,36159,137.00,319.00,13.00,12.00,1,7,1.0000,-1
628,67180,201.00,299.00,26.00,11.00,1,7,1.0000,-1
628,71825,456.00,342.00,7.00,5.00,1,7,1.0000,-1
628,54924,442.00,374.00,3.00,2.00,1,7,1.0000,-1
628,66861,463.00,359.00,11.00,5.00,1,7,1.0000,-1
628,14931,441.00,356.00,13.00,14.00,1,7,1.0000,-1
628,88393,156.00,208.00,46.00,32.00,1,1,0.2368,-1
628,23927,299.00,114.00,50.00,45.00,1,1,0.3121,-1
628,83425,992.00,12.00,31.00,105.00,1,1,0.7421,-1
628,37790,1018.00,46.00,5.00,11.00,1,7,0.2308,-1
628,82065,957.00,365.00,66.00,76.00,1,1,1.0000,-1
629,36159,151.00,320.00,12.00,12.00,1,7,1.0000,-1
629,67180,213.00,300.00,26.00,11.00,1,7,0.9955,-1
629,71825,465.00,344.00,7.00,4.00,1,7,1.0000,-1
629,54924,451.00,375.00,3.00,3.00,1,7,1.0000,-1
629,66861,473.00,360.00,11.00,5.00,1,7,1.0000,-1
629,14931,451.00,358.00,12.00,13.00,1,7,1.0000,-1
629,88393,170.00,211.00,46.00,31.00,1,1,0.2390,-1
629,23927,311.00,117.00,49.00,44.00,1,1,0.3126,-1
629,83425,1009.00,12.00,14.00,91.00,1,7,0.9161,-1
629,82065,972.00,370.00,51.00,72.00,1,1,1.0000,-1
630,36159,155.00,320.00,12.00,12.00,1,7,1.0000,-1
630,67180,217.00,301.00,26.00,11.00,1,7,0.9954,-1
630,71825,468.00,345.00,7.00,5.00,1,7,1.0000,-1
630,54924,454.00,376.00,2.00,3.00,1,7,1.0000,-1
630,66861,475.00,362.00,11.00,5.00,1,7,1.0000,-1
630,14931,453.00,359.00,13.00,14.00,1,7,1.0000,-1
630,88393,174.00,212.00,46.00,31.00,1,1,0.2377,-1
630,23927,315.00,119.00,49.00,44.00,1,1,0.3133,-1
630,83425,1012.00,16.00,11.00,87.00,1,7,0.9554,-1
630,82065,975.00,375.00,48.00,71.00,1,1,1.0000,-1
631,36159,154.00,319.00,12.00,12.00,1,7,1.0000,-1
631,67180,216.00,300.00,26.00,11.00,1,7,1.0000,-1
631,71825,467.00,345.00,7.00,5.00,1,7,1.0000,-1
631,54924,453.00,376.00,3.00,3.00,1,7,1.0000,-1
631,66861,474.00,362.00,11.00,5.00,1,7,1.0000,-1
631,14931,452.00,359.00,13.00,14.00,1,7,1.0000,-1
631,88393,174.00,211.00,44.00,31.00,1,1,0.2349,-1
631,23927,314.00,119.00,49.00,43.00,1,1,0.3015,-1
631,83425,1007.00,20.00,16.00,91.00,1,7,0.8356,-1
631,82065,968.00,376.00,55.00,74.00,1,1,1.0000,-1
632,36159,152.00,320.00,12.00,12.00,1,7,1.0000,-1
632,67180,214.00,301.00,26.00,11.00,1,7,1.0000,-1
632,71825,465.00,345.00,7.00,5.00,1,7,1.0000,-1
632,54924,451.00,376.00,3.00,3.00,1,7,1.0000,-1
632,66861,473.00,362.00,11.00,5.00,1,7,0.9800,-1
632,14931,451.00,359.00,13.00,14.00,1,7,1.0000,-1
632,88393,170.00,212.00,64.00,31.00,1,1,0.2347,-1
632,23927,309.00,119.00,49.00,44.00,1,1,0.2952,-1
632,83425,996.00,21.00,27.00,95.00,1,1,0.6469,-1
632,82065,958.00,371.00,65.00,78.00,1,1,1.0000,-1
633,36159,149.00,320.00,13.00,12.00,1,7,1.0000,-1
633,67180,212.00,301.00,26.00,10.00,1,7,1.0000,-1
633,71825,464.00,344.00,7.00,4.00,1,7,1.0000,-1
633,54924,450.00,375.00,3.00,3.00,1,7,1.0000,-1
633,66861,471.00,360.00,11.00,5.00,1,7,1.0000,-1
633,14931,449.00,358.00,13.00,13.00,1,7,1.0000,-1
633,88393,167.00,212.00,64.00,31.00,1,1,0.2335,-1
633,23927,305.00,117.00,50.00,45.00,1,1,0.2874,-1
633,83425,986.00,22.00,37.00,95.00,1,1,0.5082,-1
633,82065,948.00,367.00,75.00,79.00,1,1,1.0000,-1
634,36159,147.00,320.00,13.00,12.00,1,7,1.0000,-1
634,67180,210.00,300.00,24.00,11.00,1,7,0.9726,-1
634,71825,463.00,343.00,6.00,5.00,1,7,1.0000,-1
634,54924,449.00,375.00,3.00,2.00,1,7,1.0000,-1
634,66861,470.00,360.00,11.00,5.00,1,7,1.0000,-1
634,14931,448.00,357.00,13.00,14.00,1,7,1.0000,-1
634,88393,164.00,212.00,64.00,31.00,1,1,0.2378,-1
634,23927,302.00,117.00,49.00,44.00,1,1,0.2766,-1
634,83425,977.00,25.00,46.00,91.00,1,1,0.3553,-1
634,82065,939.00,365.00,84.00,80.00,1,1,1.0000,-1
635,36159,146.00,321.00,12.00,12.00,1,7,1.0000,-1
635,67180,209.00,301.00,23.00,11.00,1,7,0.9444,-1
635,71825,461.00,344.00,8.00,4.00,1,7,1.0000,-1
635,54924,447.00,375.00,3.00,2.00,1,7,1.0000,-1
635,66861,469.00,360.00,11.00,5.00,1,7,1.0000,-1
635,14931,447.00,357.00,12.00,14.00,1,7,1.0000,-1
635,88393,161.00,212.00,64.00,31.00,1,1,0.2360,-1
635,23927,299.00,117.00,49.00,44.00,1,1,0.2730,-1
635,83425,968.00,33.00,43.00,84.00,1,1,0.2260,-1
635,82065,929.00,362.00,94.00,84.00,1,1,1.0000,-1
636,36159,144.00,321.00,13.00,12.00,1,7,1.0000,-1
636,67180,207.00,301.00,22.00,11.00,1,7,0.8773,-1
636,71825,460.00,344.00,7.00,4.00,1,7,1.0000,-1
636,54924,446.00,375.00,3.00,3.00,1,7,1.0000,-1
636,66861,467.00,360.00,12.00,5.00,1,7,1.0000,-1
636,14931,446.00,358.00,12.00,13.00,1,7,1.0000,-1
636,88393,160.00,212.00,62.00,31.00,1,1,0.2380,-1
636,23927,297.00,117.00,49.00,45.00,1,1,0.2655,-1
636,83425,959.00,42.00,38.00,75.00,1,7,0.1419,-1
636,82065,920.00,363.00,103.00,86.00,1,1,1.0000,-1
637,36159,142.00,321.00,13.00,12.00,1,7,1.0000,-1
637,67180,206.00,301.00,21.00,11.00,1,7,0.8100,-1
637,71825,459.00,344.00,7.00,4.00,1,7,1.0000,-1
637,54924,445.00,375.00,3.00,3.00,1,7,1.0000,-1
637,66861,466.00,360.00,12.00,6.00,1,7,1.0000,-1
637,14931,444.00,358.00,13.00,14.00,1,7,1.0000,-1
637,88393,159.00,212.00,61.00,31.00,1,1,0.2398,-1
637,23927,295.00,118.00,48.00,44.00,1,1,0.2548,-1
637,83425,950.00,51.00,32.00,63.00,1,7,0.0853,-1
637,82065,911.00,363.00,112.00,86.00,1,1,1.0000,-1
638,36159,141.00,321.00,12.00,12.00,1,7,1.0000,-1
638,67180,204.00,301.00,20.00,11.00,1,7,0.7419,-1
638,71825,458.00,344.00,7.00,5.00,1,7,1.0000,-1
638,54924,444.00,376.00,3.00,2.00,1,7,1.0000,-1
638,66861,465.00,361.00,11.00,5.00,1,7,1.0000,-1
638,14931,443.00,358.00,13.00,14.00,1,7,1.0000,-1
638,88393,155.00,213.00,62.00,30.00,1,1,0.2437,-1
638,23927,292.00,118.00,49.00,44.00,1,1,0.2531,-1
638,83425,940.00,58.00,26.00,51.00,1,7,0.0471,-1
638,82065,902.00,364.00,121.00,85.00,1,1,1.0000,-1
639,36159,139.00,321.00,13.00,12.00,1,7,1.0000,-1
639,67180,203.00,301.00,18.00,11.00,1,7,0.6682,-1
639,71825,456.00,345.00,8.00,4.00,1,7,1.0000,-1
639,54924,443.00,376.00,3.00,2.00,1,7,1.0000,-1
639,66861,464.00,361.00,11.00,5.00,1,7,1.0000,-1
639,14931,442.00,358.00,13.00,14.00,1,7,1.0000,-1
639,88393,152.00,213.00,63.00,31.00,1,1,0.2448,-1
639,23927,290.00,118.00,48.00,44.00,1,1,0.2440,-1
639,83425,931.00,65.00,19.00,39.00,1,7,0.0224,-1
639,82065,892.00,364.00,131.00,86.00,1,1,1.0000,-1
640,36159,137.00,321.00,13.00,12.00,1,7,1.0000,-1
640,67180,202.00,302.00,16.00,10.00,1,7,0.5853,-1
640,71825,455.00,345.00,8.00,4.00,1,7,1.0000,-1
640,54924,442.00,376.00,3.00,2.00,1,7,1.0000,-1
640,66861,464.00,361.00,10.00,5.00,1,7,1.0000,-1
640,14931,441.00,359.00,13.00,13.00,1,7,1.0000,-1
640,88393,149.00,214.00,63.00,30.00,1,1,0.2456,-1
640,23927,287.00,118.00,49.00,45.00,1,1,0.2353,-1
640,83425,924.00,78.00,11.00,22.00,1,7,0.0066,-1
640,37790,1017.00,0.00,6.00,9.00,1,7,0.0055,-1
640,82065,882.00,364.00,141.00,86.00,1,1,1.0000,-1
641,36159,136.00,322.00,12.00,12.00,1,7,1.0000,-1
641,67180,200.00,302.00,15.00,11.00,1,7,0.5114,-1
641,71825,454.00,345.00,7.00,4.00,1,7,1.0000,-1
641,54924,440.00,376.00,3.00,3.00,1,7,1.0000,-1
641,66861,462.00,361.00,11.00,5.00,1,7,0.9804,-1
641,14931,439.00,359.00,13.00,14.00,1,7,1.0000,-1
641,88393,145.00,215.00,64.00,29.00,1,1,0.2504,-1
641,23927,284.00,119.00,49.00,44.00,1,1,0.2308,-1
641,37790,1001.00,0.00,22.00,33.00,1,7,0.0494,-1
641,82065,872.00,364.00,151.00,86.00,1,1,1.0000,-1
642,36159,134.00,322.00,13.00,13.00,1,7,1.0000,-1
642,67180,198.00,302.00,13.00,11.00,1,7,0.4358,-1
642,71825,453.00,345.00,7.00,5.00,1,7,1.0000,-1
642,54924,439.00,376.00,3.00,3.00,1,7,1.0000,-1
642,66861,460.00,362.00,12.00,5.00,1,7,1.0000,-1
642,14931,438.00,359.00,13.00,14.00,1,7,1.0000,-1
642,88393,142.00,216.00,64.00,29.00,1,1,0.2531,-1
642,23927,281.00,119.00,49.00,44.00,1,1,0.2233,-1
642,37790,985.00,0.00,38.00,58.00,1,7,0.1272,-1
642,82065,863.00,364.00,160.00,85.00,1,1,1.0000,-1
643,36159,132.00,323.00,13.00,12.00,1,7,1.0000,-1
643,67180,197.00,303.00,11.00,10.00,1,7,0.3439,-1
643,71825,452.00,345.00,6.00,5.00,1,7,1.0000,-1
643,54924,438.00,377.00,3.00,2.00,1,7,1.0000,-1
643,66861,459.00,362.00,11.00,5.00,1,7,1.0000,-1
643,14931,437.00,359.00,13.00,14.00,1,7,1.0000,-1
643,88393,138.00,215.00,66.00,30.00,1,1,0.2544,-1
643,23927,278.00,120.00,49.00,44.00,1,1,0.2131,-1
643,44314,1015.00,64.00,8.00,18.00,1,7,0.3502,-1
643,37790,970.00,0.00,53.00,68.00,1,1,0.2216,-1
643,82065,853.00,364.00,159.00,85.00,1,1,0.9671,-1
644,36159,130.00,323.00,13.00,12.00,1,7,1.0000,-1
644,67180,195.00,303.00,10.00,10.00,1,7,0.2765,-1
644,71825,450.00,345.00,8.00,5.00,1,7,1.0000,-1
644,54924,437.00,377.00,3.00,2.00,1,7,1.0000,-1
644,66861,458.00,362.00,11.00,5.00,1,7,1.0000,-1
644,14931,436.00,359.00,13.00,14.00,1,7,1.0000,-1
644,88393,134.00,215.00,67.00,31.00,1,1,0.2568,-1
644,23927,276.00,120.00,48.00,44.00,1,1,0.2078,-1
644,44314,1002.00,53.00,21.00,32.00,1,1,0.8324,-1
644,37790,954.00,0.00,69.00,69.00,1,1,0.2963,-1
644,82065,843.00,363.00,155.00,86.00,1,1,0.9465,-1
645,36159,129.00,324.00,13.00,12.00,1,7,1.0000,-1
645,67180,194.00,304.00,8.00,9.00,1,7,0.2045,-1
645,71825,449.00,346.00,8.00,4.00,1,7,1.0000,-1
645,54924,435.00,377.00,3.00,2.00,1,7,1.0000,-1
645,66861,457.00,362.00,11.00,5.00,1,7,1.0000,-1
645,14931,434.00,359.00,13.00,14.00,1,7,1.0000,-1
645,88393,131.00,216.00,67.00,30.00,1,1,0.2581,-1
645,23927,273.00,120.00,47.00,44.00,1,7,0.1994,-1
645,44314,989.00,45.00,34.00,39.00,1,1,0.9554,-1
645,37790,939.00,0.00,84.00,70.00,1,1,0.3541,-1
645,82065,833.00,363.00,151.00,85.00,1,1,0.9313,-1
646,36159,127.00,324.00,13.00,12.00,1,7,1.0000,-1
646,67180,192.00,304.00,6.00,8.00,1,7,0.1267,-1
646,71825,448.00,346.00,6.00,4.00,1,7,1.0000,-1
646,54924,434.00,377.00,3.00,2.00,1,7,1.0000,-1
646,66861,456.00,362.00,11.00,5.00,1,7,0.9811,-1
646,14931,433.00,359.00,13.00,14.00,1,7,1.0000,-1
646,88393,132.00,216.00,63.00,30.00,1,1,0.2619,-1
646,23927,270.00,120.00,47.00,44.00,1,7,0.1929,-1
646,44314,977.00,39.00,46.00,45.00,1,1,0.9895,-1
646,37790,923.00,0.00,100.00,71.00,1,1,0.3925,-1
646,82065,823.00,363.00,148.00,85.00,1,1,0.9257,-1
647,36159,125.00,324.00,13.00,12.00,1,7,1.0000,-1
647,67180,191.00,304.00,4.00,7.00,1,7,0.0766,-1
647,71825,446.00,345.00,7.00,5.00,1,7,1.0000,-1
647,54924,433.00,377.00,3.00,2.00,1,7,1.0000,-1
647,66861,454.00,362.00,11.00,5.00,1,7,1.0000,-1
647,14931,432.00,359.00,13.00,14.00,1,7,1.0000,-1
647,88393,130.00,216.00,62.00,30.00,1,1,0.2644,-1
647,23927,267.00,120.00,48.00,44.00,1,7,0.1911,-1
647,44314,966.00,36.00,57.00,48.00,1,1,0.9603,-1
647,37790,908.00,0.00,108.00,72.00,1,1,0.4179,-1
647,82065,814.00,362.00,143.00,86.00,1,1,0.9209,-1
648,36159,124.00,324.00,12.00,12.00,1,7,1.0000,-1
648,67180,189.00,305.00,1.00,3.00,1,7,0.0181,-1
648,71825,445.00,345.00,7.00,5.00,1,7,1.0000,-1
648,54924,432.00,377.00,3.00,2.00,1,7,1.0000,-1
648,66861,453.00,362.00,11.00,5.00,1,7,1.0000,-1
648,14931,431.00,359.00,13.00,14.00,1,7,1.0000,-1
648,88393,127.00,215.00,63.00,31.00,1,1,0.2689,-1
648,23927,264.00,120.00,48.00,44.00,1,7,0.1885,-1
648,83425,942.00,73.00,1.00,1.00,1,7,0.0003,-1
648,44314,956.00,36.00,53.00,47.00,1,1,0.7807,-1
648,37790,894.00,0.00,111.00,73.00,1,1,0.4373,-1
648,82065,804.00,362.00,140.00,86.00,1,1,0.9144,-1
649,36159,122.00,324.00,13.00,12.00,1,7,1.0000,-1
649,71825,444.00,345.00,7.00,5.00,1,7,1.0000,-1
649,54924,431.00,377.00,3.00,2.00,1,7,1.0000,-1
649,66861,452.00,362.00,11.00,5.00,1,7,0.9800,-1
649,14931,429.00,359.00,14.00,14.00,1,7,1.0000,-1
649,88393,131.00,215.00,56.00,31.00,1,1,0.2735,-1
649,23927,262.00,120.00,47.00,44.00,1,7,0.1838,-1
649,83425,928.00,72.00,6.00,5.00,1,7,0.0016,-1
649,44314,946.00,37.00,48.00,46.00,1,1,0.6830,-1
649,37790,880.00,0.00,113.00,74.00,1,1,0.4568,-1
649,82065,794.00,362.00,136.00,85.00,1,1,0.9078,-1
650,36159,120.00,324.00,13.00,12.00,1,7,1.0000,-1
650,71825,443.00,345.00,7.00,4.00,1,7,1.0000,-1
650,54924,429.00,376.00,3.00,3.00,1,7,1.0000,-1
650,66861,451.00,361.00,11.00,5.00,1,7,0.9811,-1
650,14931,428.00,359.00,13.00,14.00,1,7,1.0000,-1
650,88393,128.00,215.00,56.00,31.00,1,1,0.2813,-1
650,23927,259.00,120.00,48.00,43.00,1,7,0.1763,-1
650,83425,915.00,71.00,10.00,10.00,1,7,0.0042,-1
650,44314,936.00,38.00,43.00,44.00,1,1,0.5896,-1
650,37790,866.00,0.00,116.00,75.00,1,1,0.4768,-1
650,82065,785.00,361.00,131.00,86.00,1,1,0.8996,-1
651,36159,118.00,323.00,13.00,12.00,1,7,1.0000,-1
651,71825,442.00,345.00,7.00,4.00,1,7,1.0000,-1
651,54924,428.00,376.00,3.00,3.00,1,7,1.0000,-1
651,66861,450.00,361.00,11.00,5.00,1,7,1.0000,-1
651,14931,427.00,358.00,13.00,14.00,1,7,1.0000,-1
651,88393,124.00,214.00,57.00,32.00,1,1,0.2852,-1
651,23927,257.00,120.00,48.00,43.00,1,7,0.1785,-1
651,83425,901.00,70.00,15.00,14.00,1,7,0.0084,-1
651,44314,927.00,40.00,37.00,42.00,1,1,0.4929,-1
651,37790,852.00,0.00,119.00,75.00,1,1,0.4963,-1
651,82065,775.00,361.00,128.00,86.00,1,1,0.8911,-1
652,36159,117.00,323.00,13.00,12.00,1,7,1.0000,-1
652,71825,440.00,344.00,7.00,5.00,1,7,1.0000,-1
652,54924,427.00,376.00,3.00,2.00,1,7,1.0000,-1
652,66861,449.00,361.00,10.00,5.00,1,7,0.9808,-1
652,14931,426.00,358.00,13.00,14.00,1,7,1.0000,-1
652,88393,121.00,214.00,58.00,31.00,1,1,0.2893,-1
652,23927,254.00,119.00,48.00,44.00,1,7,0.1761,-1
652,83425,888.00,69.00,19.00,18.00,1,7,0.0137,-1
652,44314,917.00,42.00,32.00,40.00,1,1,0.3952,-1
652,37790,838.00,0.00,121.00,77.00,1,1,0.5155,-1
652,82065,766.00,361.00,124.00,86.00,1,1,0.8821,-1
653,36159,115.00,322.00,13.00,12.00,1,7,1.0000,-1
653,71825,439.00,344.00,7.00,4.00,1,7,1.0000,-1
653,54924,426.00,375.00,3.00,3.00,1,7,1.0000,-1
653,66861,447.00,360.00,11.00,5.00,1,7,1.0000,-1
653,14931,425.00,358.00,13.00,14.00,1,7,1.0000,-1
653,88393,118.00,213.00,58.00,32.00,1,1,0.2910,-1
653,23927,251.00,119.00,49.00,43.00,1,7,0.1766,-1
653,83425,875.00,68.00,23.00,21.00,1,7,0.0202,-1
653,44314,907.00,44.00,27.00,37.00,1,1,0.2905,-1
653,37790,825.00,0.00,120.00,78.00,1,1,0.5307,-1
653,82065,756.00,361.00,120.00,85.00,1,1,0.8721,-1
654,36159,113.00,322.00,13.00,12.00,1,7,1.0000,-1
654,71825,438.00,344.00,8.00,4.00,1,7,1.0000,-1
654,54924,425.00,375.00,3.00,3.00,1,7,1.0000,-1
654,66861,447.00,360.00,10.00,5.00,1,7,1.0000,-1
654,14931,423.00,358.00,14.00,13.00,1,7,1.0000,-1
654,88393,114.00,212.00,59.00,32.00,1,1,0.2951,-1
654,23927,249.00,118.00,48.00,44.00,1,7,0.1762,-1
654,83425,862.00,67.00,27.00,25.00,1,7,0.0272,-1
654,44314,898.00,50.00,20.00,31.00,1,7,0.1973,-1
654,37790,811.00,0.00,119.00,78.00,1,1,0.5424,-1
654,82065,747.00,361.00,116.00,85.00,1,1,0.8612,-1
655,36159,112.00,321.00,13.00,12.00,1,7,1.0000,-1
655,71825,437.00,343.00,8.00,5.00,1,7,1.0000,-1
655,54924,424.00,375.00,3.00,2.00,1,7,1.0000,-1
655,66861,445.00,360.00,11.00,5.00,1,7,1.0000,-1
655,14931,422.00,357.00,13.00,14.00,1,7,1.0000,-1
655,88393,111.00,212.00,59.00,31.00,1,1,0.3008,-1
655,23927,246.00,118.00,49.00,43.00,1,7,0.1785,-1
655,83425,848.00,67.00,32.00,28.00,1,7,0.0370,-1
655,44314,888.00,54.00,15.00,27.00,1,7,0.1172,-1
655,37790,798.00,0.00,118.00,78.00,1,1,0.5488,-1
655,82065,737.00,361.00,113.00,85.00,1,1,0.8501,-1
656,36159,110.00,321.00,13.00,12.00,1,7,1.0000,-1
656,71825,436.00,343.00,7.00,4.00,1,7,1.0000,-1
656,54924,422.00,374.00,3.00,3.00,1,7,1.0000,-1
656,66861,444.00,359.00,11.00,6.00,1,7,0.9808,-1
656,14931,421.00,357.00,13.00,14.00,1,7,1.0000,-1
656,88393,108.00,211.00,60.00,32.00,1,1,0.3034,-1
656,23927,244.00,117.00,48.00,44.00,1,7,0.1813,-1
656,83425,835.00,66.00,36.00,32.00,1,7,0.0473,-1
656,44314,879.00,60.00,8.00,21.00,1,7,0.0472,-1
656,37790,784.00,0.00,118.00,79.00,1,1,0.5541,-1
656,82065,728.00,360.00,109.00,86.00,1,1,0.8371,-1
657,36159,109.00,320.00,13.00,12.00,1,7,1.0000,-1
657,71825,435.00,343.00,7.00,4.00,1,7,1.0000,-1
657,54924,421.00,374.00,3.00,3.00,1,7,1.0000,-1
657,66861,443.00,359.00,11.00,5.00,1,7,1.0000,-1
657,14931,420.00,356.00,13.00,14.00,1,7,1.0000,-1
657,88393,104.00,210.00,61.00,32.00,1,1,0.3063,-1
657,23927,243.00,116.00,47.00,44.00,1,7,0.1819,-1
657,83425,822.00,66.00,40.00,35.00,1,7,0.0593,-1
657,37790,771.00,0.00,116.00,80.00,1,1,0.5561,-1
657,82065,719.00,360.00,103.00,86.00,1,1,0.8132,-1
657,37543,1006.00,263.00,4.00,7.00,1,7,0.1944,-1
658,36159,107.00,319.00,13.00,12.00,1,7,1.0000,-1
658,71825,433.00,342.00,7.00,5.00,1,7,1.0000,-1
658,54924,420.00,374.00,3.00,2.00,1,7,1.0000,-1
658,66861,442.00,359.00,11.00,5.00,1,7,0.9811,-1
658,14931,419.00,356.00,13.00,14.00,1,7,1.0000,-1
658,88393,101.00,209.00,61.00,32.00,1,1,0.3121,-1
658,23927,241.00,116.00,46.00,43.00,1,7,0.1850,-1
658,83425,808.00,65.00,46.00,39.00,1,7,0.0722,-1
658,37790,757.00,0.00,116.00,80.00,1,1,0.5582,-1
658,82065,709.00,360.00,99.00,86.00,1,1,0.7846,-1
658,37543,991.00,263.00,16.00,11.00,1,7,1.0000,-1
659,36159,105.00,319.00,13.00,12.00,1,7,1.0000,-1
659,71825,432.00,342.00,7.00,5.00,1,7,1.0000,-1
659,54924,419.00,373.00,3.00,3.00,1,7,1.0000,-1
659,66861,440.00,359.00,12.00,5.00,1,7,1.0000,-1
659,14931,418.00,356.00,13.00,14.00,1,7,1.0000,-1
659,88393,98.00,208.00,62.00,33.00,1,1,0.3133,-1
659,23927,238.00,116.00,47.00,43.00,1,7,0.1885,-1
659,83425,795.00,65.00,48.00,42.00,1,7,0.0867,-1
659,37790,744.00,0.00,114.00,81.00,1,1,0.5585,-1
659,82065,699.00,360.00,94.00,86.00,1,1,0.7538,-1
659,37543,988.00,264.00,16.00,10.00,1,7,1.0000,-1
660,36159,104.00,319.00,13.00,12.00,1,7,1.0000,-1
660,71825,431.00,342.00,7.00,4.00,1,7,1.0000,-1
660,54924,418.00,373.00,3.00,3.00,1,7,1.0000,-1
660,66861,439.00,358.00,11.00,6.00,1,7,0.9808,-1
660,14931,416.00,356.00,14.00,14.00,1,7,1.0000,-1
660,88393,94.00,208.00,63.00,33.00,1,1,0.3187,-1
660,23927,235.00,116.00,47.00,43.00,1,7,0.1965,-1
660,83425,780.00,66.00,48.00,44.00,1,7,0.0983,-1
660,37790,729.00,0.00,114.00,82.00,1,1,0.5583,-1
660,82065,690.00,360.00,87.00,86.00,1,1,0.7212,-1
660,37543,985.00,263.00,16.00,11.00,1,7,1.0000,-1
661,36159,102.00,319.00,13.00,12.00,1,7,1.0000,-1
661,71825,430.00,342.00,7.00,4.00,1,7,1.0000,-1
661,54924,417.00,373.00,3.00,3.00,1,7,1.0000,-1
661,66861,438.00,358.00,11.00,5.00,1,7,0.9811,-1
661,14931,415.00,356.00,14.00,14.00,1,7,1.0000,-1
661,88393,90.00,208.00,63.00,33.00,1,1,0.3200,-1
661,23927,232.00,118.00,47.00,41.00,1,7,0.1956,-1
661,83425,765.00,67.00,48.00,46.00,1,7,0.1056,-1
661,37790,715.00,0.00,113.00,82.00,1,1,0.5583,-1
661,82065,680.00,360.00,82.00,86.00,1,1,0.6846,-1
661,37543,982.00,262.00,17.00,12.00,1,7,1.0000,-1
662,36159,100.00,319.00,13.00,12.00,1,7,1.0000,-1
662,71825,429.00,342.00,7.00,4.00,1,7,1.0000,-1
662,54924,415.00,373.00,3.00,3.00,1,7,1.0000,-1
662,66861,437.00,358.00,11.00,5.00,1,7,0.9811,-1
662,14931,414.00,356.00,13.00,14.00,1,7,1.0000,-1
662,88393,87.00,208.00,63.00,33.00,1,1,0.3240,-1
662,23927,230.00,118.00,47.00,40.00,1,1,0.2037,-1
662,83425,751.00,71.00,46.00,43.00,1,7,0.1106,-1
662,37790,700.00,0.00,113.00,82.00,1,1,0.5564,-1
662,82065,670.00,360.00,77.00,86.00,1,1,0.6457,-1
662,37543,980.00,262.00,16.00,12.00,1,7,1.0000,-1
663,36159,98.00,319.00,14.00,12.00,1,7,1.0000,-1
663,71825,427.00,342.00,8.00,4.00,1,7,1.0000,-1
663,54924,414.00,373.00,3.00,3.00,1,7,1.0000,-1
663,66861,435.00,358.00,12.00,5.00,1,7,1.0000,-1
663,14931,413.00,356.00,13.00,14.00,1,7,1.0000,-1
663,88393,83.00,208.00,65.00,33.00,1,1,0.3271,-1
663,23927,228.00,118.00,46.00,40.00,1,1,0.2069,-1
663,83425,737.00,73.00,45.00,41.00,1,7,0.1105,-1
663,37790,686.00,0.00,112.00,82.00,1,1,0.5537,-1
663,82065,660.00,360.00,71.00,86.00,1,1,0.6045,-1
663,37543,977.00,262.00,16.00,11.00,1,7,1.0000,-1
664,36159,97.00,319.00,13.00,12.00,1,7,1.0000,-1
664,67180,193.00,306.00,0.00,0.00,1,7,0.0044,-1
664,71825,426.00,342.00,8.00,4.00,1,7,1.0000,-1
664,54924,413.00,373.00,3.00,3.00,1,7,1.0000,-1
664,66861,434.00,358.00,12.00,5.00,1,7,1.0000,-1
664,14931,412.00,356.00,13.00,14.00,1,7,1.0000,-1
664,88393,80.00,208.00,65.00,33.00,1,1,0.3292,-1
664,23927,240.00,124.00,32.00,34.00,1,1,0.2103,-1
664,83425,723.00,75.00,44.00,39.00,1,7,0.1033,-1
664,37790,671.00,0.00,112.00,82.00,1,1,0.5503,-1
664,82065,650.00,360.00,66.00,84.00,1,1,0.5604,-1
664,37543,974.00,262.00,16.00,11.00,1,7,1.0000,-1
665,36159,95.00,319.00,14.00,12.00,1,7,1.0000,-1
665,67180,189.00,304.00,2.00,3.00,1,7,0.0265,-1
665,71825,425.00,342.00,7.00,4.00,1,7,1.0000,-1
665,54924,412.00,373.00,3.00,3.00,1,7,1.0000,-1
665,66861,433.00,358.00,12.00,5.00,1,7,1.0000,-1
665,14931,410.00,356.00,14.00,14.00,1,7,1.0000,-1
665,88393,76.00,208.00,66.00,33.00,1,1,0.3321,-1
665,23927,237.00,122.00,32.00,36.00,1,1,0.2179,-1
665,83425,707.00,77.00,44.00,36.00,1,7,0.0924,-1
665,37790,656.00,0.00,111.00,82.00,1,1,0.5460,-1
665,82065,640.00,360.00,61.00,84.00,1,1,0.5152,-1
665,37543,971.00,262.00,16.00,11.00,1,7,1.0000,-1
666,36159,93.00,319.00,14.00,12.00,1,7,1.0000,-1
666,67180,185.00,302.00,4.00,5.00,1,7,0.0614,-1
666,71825,424.00,342.00,7.00,4.00,1,7,1.0000,-1
666,54924,411.00,373.00,3.00,3.00,1,7,1.0000,-1
666,66861,432.00,358.00,11.00,6.00,1,7,0.9804,-1
666,14931,409.00,356.00,14.00,14.00,1,7,1.0000,-1
666,88393,73.00,208.00,66.00,33.00,1,1,0.3363,-1
666,23927,234.00,120.00,32.00,38.00,1,1,0.2261,-1
666,83425,693.00,78.00,43.00,32.00,1,7,0.0772,-1
666,37790,642.00,0.00,110.00,82.00,1,1,0.5411,-1
666,82065,630.00,360.00,55.00,84.00,1,1,0.4664,-1
666,37543,968.00,262.00,16.00,12.00,1,7,1.0000,-1
667,36159,92.00,319.00,13.00,12.00,1,7,1.0000,-1
667,67180,182.00,302.00,5.00,6.00,1,7,0.0800,-1
667,71825,423.00,342.00,7.00,5.00,1,7,1.0000,-1
667,54924,409.00,374.00,4.00,2.00,1,7,1.0000,-1
667,66861,431.00,359.00,11.00,5.00,1,7,0.9808,-1
667,14931,408.00,356.00,13.00,14.00,1,7,1.0000,-1
667,88393,69.00,208.00,67.00,34.00,1,1,0.3399,-1
667,23927,231.00,120.00,33.00,39.00,1,1,0.2262,-1
667,83425,684.00,79.00,37.00,28.00,1,7,0.0585,-1
667,37790,627.00,0.00,110.00,83.00,1,1,0.5365,-1
667,82065,620.00,363.00,50.00,82.00,1,1,0.4159,-1
667,37543,965.00,263.00,15.00,11.00,1,7,1.0000,-1
668,36159,90.00,320.00,14.00,12.00,1,7,1.0000,-1
668,67180,180.00,302.00,4.00,6.00,1,7,0.0933,-1
668,71825,421.00,342.00,7.00,5.00,1,7,1.0000,-1
668,54924,408.00,374.00,3.00,2.00,1,7,1.0000,-1
668,66861,430.00,359.00,11.00,5.00,1,7,1.0000,-1
668,14931,407.00,356.00,13.00,14.00,1,7,1.0000,-1
668,88393,66.00,208.00,67.00,34.00,1,1,0.3428,-1
668,23927,228.00,120.00,33.00,39.00,1,1,0.2322,-1
668,83425,675.00,81.00,31.00,24.00,1,7,0.0428,-1
668,37790,612.00,0.00,110.00,83.00,1,1,0.5293,-1
668,82065,610.00,365.00,44.00,79.00,1,1,0.3641,-1
668,37543,962.00,263.00,15.00,11.00,1,7,1.0000,-1
669,36159,88.00,320.00,14.00,12.00,1,7,1.0000,-1
669,67180,177.00,302.00,5.00,6.00,1,7,0.1053,-1
669,71825,420.00,343.00,8.00,4.00,1,7,1.0000,-1
669,54924,407.00,374.00,3.00,2.00,1,7,1.0000,-1
669,66861,429.00,359.00,11.00,5.00,1,7,1.0000,-1
669,14931,405.00,356.00,14.00,14.00,1,7,1.0000,-1
669,88393,63.00,208.00,67.00,34.00,1,1,0.3419,-1
669,23927,225.00,119.00,33.00,40.00,1,1,0.2402,-1
669,83425,667.00,82.00,24.00,20.00,1,7,0.0297,-1
669,37790,597.00,0.00,110.00,84.00,1,1,0.5219,-1
669,82065,600.00,366.00,39.00,78.00,1,1,0.3114,-1
669,37543,959.00,264.00,15.00,10.00,1,7,1.0000,-1
670,36159,87.00,320.00,13.00,12.00,1,7,1.0000,-1
670,67180,174.00,302.00,5.00,6.00,1,7,0.1145,-1
670,71825,419.00,343.00,7.00,4.00,1,7,1.0000,-1
670,54924,406.00,374.00,3.00,3.00,1,7,1.0000,-1
670,66861,427.00,359.00,12.00,5.00,1,7,1.0000,-1
670,14931,404.00,357.00,14.00,14.00,1,7,1.0000,-1
670,88393,59.00,208.00,68.00,34.00,1,1,0.3450,-1
670,23927,222.00,119.00,34.00,40.00,1,1,0.2412,-1
670,83425,658.00,83.00,18.00,17.00,1,7,0.0186,-1
670,37790,582.00,0.00,110.00,84.00,1,1,0.5137,-1
670,82065,590.00,367.00,33.00,76.00,1,1,0.2586,-1
670,37543,956.00,263.00,16.00,12.00,1,7,1.0000,-1
671,36159,85.00,320.00,14.00,12.00,1,7,1.0000,-1
671,67180,171.00,302.00,5.00,6.00,1,7,0.1140,-1
671,71825,418.00,343.00,7.00,5.00,1,7,1.0000,-1
671,54924,405.00,374.00,3.00,3.00,1,7,1.0000,-1
671,66861,426.00,360.00,11.00,5.00,1,7,1.0000,-1
671,14931,403.00,357.00,14.00,14.00,1,7,1.0000,-1
671,88393,56.00,209.00,69.00,33.00,1,1,0.3468,-1
671,23927,218.00,119.00,35.00,41.00,1,1,0.2505,-1
671,83425,649.00,84.00,12.00,12.00,1,7,0.0101,-1
671,37790,567.00,0.00,109.00,85.00,1,1,0.5056,-1
671,82065,580.00,368.00,28.00,72.00,1,1,0.2052,-1
671,37543,953.00,264.00,15.00,11.00,1,7,1.0000,-1
672,36159,83.00,320.00,14.00,12.00,1,7,1.0000,-1
672,67180,168.00,302.00,6.00,6.00,1,7,0.1239,-1
672,71825,417.00,343.00,8.00,5.00,1,7,1.0000,-1
672,54924,403.00,375.00,4.00,2.00,1,7,1.0000,-1
672,66861,425.00,360.00,11.00,5.00,1,7,1.0000,-1
672,14931,402.00,357.00,13.00,14.00,1,7,1.0000,-1
672,88393,52.00,209.00,70.00,34.00,1,1,0.3475,-1
672,23927,215.00,119.00,36.00,41.00,1,1,0.2516,-1
672,83425,640.00,84.00,4.00,7.00,1,7,0.0026,-1
672,37790,552.00,0.00,105.00,85.00,1,1,0.4776,-1
672,82065,570.00,369.00,23.00,68.00,1,7,0.1518,-1
672,37543,950.00,265.00,15.00,10.00,1,7,1.0000,-1
673,36159,82.00,321.00,14.00,12.00,1,7,1.0000,-1
673,67180,165.00,302.00,6.00,6.00,1,7,0.1228,-1
673,71825,415.00,344.00,8.00,4.00,1,7,1.0000,-1
673,54924,402.00,375.00,3.00,2.00,1,7,1.0000,-1
673,66861,424.00,360.00,11.00,5.00,1,7,1.0000,-1
673,14931,401.00,358.00,13.00,13.00,1,7,1.0000,-1
673,88393,49.00,209.00,70.00,34.00,1,1,0.3484,-1
673,23927,213.00,119.00,35.00,41.00,1,1,0.2581,-1
673,44314,748.00,35.00,2.00,7.00,1,7,0.0107,-1
673,37790,538.00,0.00,100.00,86.00,1,1,0.4410,-1
673,82065,560.00,373.00,17.00,62.00,1,7,0.1015,-1
673,37543,947.00,265.00,15.00,11.00,1,7,1.0000,-1
674,36159,80.00,321.00,14.00,12.00,1,7,1.0000,-1
674,67180,162.00,302.00,6.00,7.00,1,7,0.1316,-1
674,71825,414.00,344.00,8.00,4.00,1,7,1.0000,-1
674,54924,401.00,375.00,3.00,3.00,1,7,1.0000,-1
674,66861,422.00,360.00,12.00,5.00,1,7,1.0000,-1
674,14931,399.00,358.00,14.00,14.00,1,7,1.0000,-1
674,88393,46.00,209.00,69.00,34.00,1,1,0.3464,-1
674,23927,210.00,119.00,36.00,42.00,1,1,0.2589,-1
674,44314,730.00,35.00,8.00,21.00,1,7,0.0670,-1
674,37790,525.00,0.00,93.00,85.00,1,1,0.4031,-1
674,82065,550.00,377.00,12.00,51.00,1,7,0.0539,-1
674,37543,944.00,266.00,15.00,10.00,1,7,1.0000,-1
675,36159,79.00,321.00,13.00,12.00,1,7,1.0000,-1
675,67180,160.00,302.00,5.00,7.00,1,7,0.1266,-1
675,71825,413.00,344.00,7.00,5.00,1,7,1.0000,-1
675,54924,400.00,375.00,3.00,3.00,1,7,1.0000,-1
675,66861,421.00,361.00,12.00,5.00,1,7,1.0000,-1
675,14931,398.00,358.00,14.00,14.00,1,7,1.0000,-1
675,88393,43.00,209.00,69.00,34.00,1,1,0.3401,-1
675,23927,206.00,119.00,37.00,42.00,1,1,0.2647,-1
675,44314,712.00,36.00,13.00,34.00,1,7,0.1646,-1
675,37790,511.00,0.00,87.00,85.00,1,1,0.3657,-1
675,82065,540.00,390.00,6.00,30.00,1,7,0.0231,-1
675,37543,941.00,266.00,15.00,11.00,1,7,1.0000,-1
676,36159,77.00,321.00,14.00,12.00,1,7,1.0000,-1
676,67180,157.00,302.00,5.00,6.00,1,7,0.1217,-1
676,71825,412.00,344.00,8.00,5.00,1,7,1.0000,-1
676,54924,399.00,376.00,3.00,2.00,1,7,1.0000,-1
676,66861,420.00,361.00,11.00,5.00,1,7,1.0000,-1
676,14931,397.00,358.00,14.00,14.00,1,7,1.0000,-1
676,88393,40.00,210.00,70.00,33.00,1,1,0.3364,-1
676,23927,203.00,119.00,38.00,42.00,1,1,0.2670,-1
676,44314,695.00,37.00,17.00,44.00,1,7,0.2836,-1
676,37790,498.00,0.00,81.00,82.00,1,1,0.3288,-1
676,82065,530.00,397.00,0.00,7.00,1,7,0.0013,-1
676,37543,938.00,266.00,15.00,11.00,1,7,1.0000,-1
677,36159,75.00,321.00,14.00,12.00,1,7,1.0000,-1
677,67180,154.00,302.00,6.00,6.00,1,7,0.1217,-1
677,71825,411.00,345.00,7.00,4.00,1,7,1.0000,-1
677,54924,398.00,376.00,3.00,2.00,1,7,1.0000,-1
677,66861,419.00,361.00,11.00,5.00,1,7,1.0000,-1
677,14931,396.00,358.00,14.00,14.00,1,7,1.0000,-1
677,88393,37.00,210.00,70.00,34.00,1,1,0.3330,-1
677,23927,200.00,120.00,38.00,41.00,1,1,0.2717,-1
677,44314,678.00,38.00,21.00,48.00,1,1,0.4140,-1
677,37790,485.00,0.00,198.00,82.00,1,1,0.2944,-1
677,37543,935.00,267.00,15.00,10.00,1,7,1.0000,-1
678,36159,74.00,321.00,14.00,13.00,1,7,1.0000,-1
678,67180,151.00,302.00,6.00,6.00,1,7,0.1184,-1
678,71825,409.00,345.00,8.00,4.00,1,7,1.0000,-1
678,54924,396.00,376.00,4.00,3.00,1,7,1.0000,-1
678,66861,418.00,361.00,11.00,5.00,1,7,0.9811,-1
678,14931,395.00,359.00,13.00,13.00,1,7,1.0000,-1
678,88393,34.00,210.00,69.00,34.00,1,1,0.3325,-1
678,23927,197.00,120.00,39.00,41.00,1,1,0.2780,-1
678,83425,662.00,23.00,8.00,38.00,1,7,0.0147,-1
678,44314,660.00,39.00,26.00,47.00,1,1,0.4892,-1
678,37790,471.00,0.00,201.00,79.00,1,1,0.2750,-1
678,37543,932.00,267.00,15.00,10.00,1,7,1.0000,-1
679,36159,72.00,322.00,14.00,12.00,1,7,1.0000,-1
679,67180,148.00,303.00,6.00,6.00,1,7,0.1135,-1
679,71825,408.00,345.00,7.00,5.00,1,7,1.0000,-1
679,54924,395.00,376.00,3.00,3.00,1,7,1.0000,-1
679,66861,417.00,362.00,11.00,5.00,1,7,0.9800,-1
679,14931,393.00,359.00,14.00,14.00,1,7,1.0000,-1
679,88393,31.00,211.00,69.00,34.00,1,1,0.3263,-1
679,23927,192.00,120.00,41.00,42.00,1,1,0.2820,-1
679,83425,642.00,0.00,18.00,97.00,1,7,0.0397,-1
679,44314,647.00,40.00,26.00,46.00,1,1,0.4618,-1
679,37790,457.00,0.00,203.00,76.00,1,1,0.2634,-1
679,37543,928.00,266.00,16.00,11.00,1,7,1.0000,-1
680,36159,70.00,323.00,14.00,12.00,1,7,1.0000,-1
680,67180,145.00,303.00,6.00,6.00,1,7,0.1043,-1
680,71825,407.00,345.00,7.00,5.00,1,7,1.0000,-1
680,54924,394.00,377.00,3.00,2.00,1,7,1.0000,-1
680,66861,415.00,362.00,12.00,5.00,1,7,1.0000,-1
680,14931,392.00,359.00,14.00,14.00,1,7,1.0000,-1
680,88393,28.00,211.00,68.00,34.00,1,1,0.3209,-1
680,23927,189.00,120.00,41.00,42.00,1,1,0.2864,-1
680,83425,624.00,0.00,25.00,109.00,1,7,0.0738,-1
680,44314,637.00,41.00,22.00,45.00,1,1,0.3871,-1
680,37790,443.00,0.00,205.00,74.00,1,1,0.2570,-1
680,37543,925.00,266.00,15.00,11.00,1,7,1.0000,-1
681,36159,68.00,323.00,14.00,12.00,1,7,1.0000,-1
681,67180,142.00,303.00,5.00,6.00,1,7,0.1043,-1
681,71825,405.00,346.00,8.00,4.00,1,7,1.0000,-1
681,54924,393.00,377.00,3.00,2.00,1,7,1.0000,-1
681,66861,414.00,362.00,11.00,5.00,1,7,1.0000,-1
681,14931,391.00,359.00,14.00,14.00,1,7,1.0000,-1
681,88393,25.00,212.00,68.00,34.00,1,1,0.3171,-1
681,23927,185.00,120.00,42.00,42.00,1,1,0.2898,-1
681,83425,606.00,0.00,33.00,112.00,1,7,0.1015,-1
681,44314,626.00,43.00,19.00,43.00,1,7,0.3019,-1
681,37790,429.00,0.00,208.00,71.00,1,1,0.2520,-1
681,37543,922.00,265.00,16.00,12.00,1,7,1.0000,-1
682,36159,67.00,324.00,14.00,12.00,1,7,1.0000,-1
682,67180,140.00,304.00,27.00,7.00,1,7,0.1106,-1
682,71825,404.00,346.00,8.00,4.00,1,7,1.0000,-1
682,54924,392.00,377.00,3.00,2.00,1,7,1.0000,-1
682,66861,413.00,362.00,11.00,5.00,1,7,1.0000,-1
682,14931,389.00,360.00,14.00,13.00,1,7,1.0000,-1
682,88393,22.00,212.00,67.00,34.00,1,1,0.3099,-1
682,23927,182.00,121.00,42.00,42.00,1,1,0.2910,-1
682,83425,589.00,0.00,40.00,115.00,1,7,0.1231,-1
682,44314,615.00,44.00,17.00,41.00,1,7,0.2084,-1
682,37790,415.00,0.00,211.00,75.00,1,1,0.2512,-1
682,37543,919.00,266.00,15.00,10.00,1,7,1.0000,-1
683,36159,65.00,324.00,14.00,12.00,1,7,1.0000,-1
683,67180,138.00,304.00,28.00,8.00,1,7,0.0983,-1
683,71825,403.00,346.00,8.00,4.00,1,7,1.0000,-1
683,54924,390.00,377.00,4.00,3.00,1,7,1.0000,-1
683,66861,412.00,362.00,10.00,5.00,1,7,0.9623,-1
683,14931,388.00,360.00,14.00,13.00,1,7,1.0000,-1
683,88393,19.00,213.00,67.00,34.00,1,1,0.3054,-1
683,23927,179.00,121.00,42.00,42.00,1,1,0.2964,-1
683,83425,572.00,0.00,47.00,113.00,1,7,0.1397,-1
683,44314,605.00,48.00,12.00,33.00,1,7,0.1233,-1
683,37790,401.00,0.00,215.00,77.00,1,1,0.2549,-1
683,37543,916.00,265.00,15.00,11.00,1,7,1.0000,-1
684,36159,63.00,324.00,14.00,12.00,1,7,1.0000,-1
684,67180,136.00,304.00,28.00,9.00,1,7,0.0905,-1
684,71825,402.00,346.00,4.00,4.00,1,7,0.7000,-1
684,54924,389.00,377.00,3.00,3.00,1,7,1.0000,-1
684,14931,387.00,359.00,14.00,14.00,1,7,1.0000,-1
684,88393,16.00,213.00,66.00,34.00,1,1,0.2962,-1
684,23927,176.00,121.00,42.00,42.00,1,1,0.3053,-1
684,83425,555.00,0.00,54.00,111.00,1,7,0.1465,-1
684,44314,594.00,52.00,9.00,26.00,1,7,0.0573,-1
684,37790,387.00,0.00,218.00,80.00,1,1,0.2598,-1
684,37543,913.00,265.00,15.00,11.00,1,7,1.0000,-1
685,36159,61.00,324.00,14.00,12.00,1,7,1.0000,-1
685,67180,135.00,305.00,27.00,9.00,1,7,0.1043,-1
685,54924,388.00,377.00,3.00,3.00,1,7,0.9167,-1
685,14931,386.00,360.00,4.00,12.00,1,7,0.3012,-1
685,88393,14.00,213.00,65.00,34.00,1,1,0.2936,-1
685,23927,172.00,121.00,44.00,42.00,1,1,0.3139,-1
685,83425,539.00,0.00,59.00,109.00,1,7,0.1447,-1
685,44314,584.00,61.00,3.00,9.00,1,7,0.0095,-1
685,37790,373.00,0.00,221.00,82.00,1,1,0.2643,-1
685,37543,910.00,265.00,14.00,10.00,1,7,1.0000,-1
686,36159,60.00,324.00,14.00,12.00,1,7,1.0000,-1
686,67180,155.00,307.00,6.00,7.00,1,7,0.1515,-1
686,88393,11.00,213.00,64.00,34.00,1,1,0.2849,-1
686,23927,169.00,121.00,44.00,42.00,1,1,0.3205,-1
686,83425,523.00,0.00,65.00,107.00,1,7,0.1331,-1
686,37790,359.00,0.00,225.00,82.00,1,1,0.2741,-1
686,37543,907.00,264.00,15.00,11.00,1,7,1.0000,-1
687,36159,58.00,324.00,14.00,12.00,1,7,1.0000,-1
687,67180,152.00,306.00,8.00,9.00,1,7,0.2119,-1
687,88393,8.00,213.00,64.00,33.00,1,1,0.2760,-1
687,23927,166.00,120.00,44.00,43.00,1,1,0.3228,-1
687,83425,507.00,0.00,70.00,105.00,1,7,0.1189,-1
687,37790,346.00,0.00,228.00,82.00,1,1,0.2863,-1
687,37543,904.00,264.00,15.00,11.00,1,7,1.0000,-1
688,36159,56.00,324.00,14.00,12.00,1,7,1.0000,-1
688,67180,149.00,306.00,9.00,8.00,1,7,0.2675,-1
688,88393,5.00,212.00,64.00,34.00,1,1,0.2748,-1
688,23927,163.00,120.00,44.00,42.00,1,1,0.3335,-1
688,83425,491.00,0.00,75.00,103.00,1,7,0.0984,-1
688,37790,332.00,0.00,232.00,83.00,1,1,0.3010,-1
688,37543,901.00,264.00,15.00,11.00,1,7,1.0000,-1
689,36159,54.00,324.00,15.00,12.00,1,7,1.0000,-1
689,67180,146.00,305.00,11.00,9.00,1,7,0.3276,-1
689,88393,2.00,212.00,63.00,34.00,1,1,0.2687,-1
689,23927,160.00,120.00,45.00,42.00,1,1,0.3410,-1
689,83425,481.00,0.00,75.00,101.00,1,7,0.0774,-1
689,37790,477.00,0.00,76.00,84.00,1,1,0.3132,-1
689,37543,898.00,264.00,15.00,10.00,1,7,1.0000,-1
690,36159,53.00,323.00,14.00,12.00,1,7,1.0000,-1
690,67180,143.00,305.00,12.00,9.00,1,7,0.3889,-1
690,88393,0.00,212.00,62.00,33.00,1,1,0.2603,-1
690,23927,157.00,119.00,45.00,38.00,1,1,0.3472,-1
690,83425,472.00,0.00,73.00,99.00,1,7,0.0596,-1
690,37790,462.00,0.00,79.00,84.00,1,1,0.3287,-1
690,37543,895.00,264.00,15.00,10.00,1,7,1.0000,-1
691,36159,51.00,322.00,15.00,13.00,1,7,1.0000,-1
691,67180,140.00,304.00,14.00,9.00,1,7,0.4483,-1
691,88393,0.00,211.00,59.00,34.00,1,1,0.2484,-1
691,23927,155.00,119.00,44.00,38.00,1,1,0.3556,-1
691,83425,462.00,0.00,72.00,96.00,1,7,0.0432,-1
691,37790,448.00,0.00,82.00,84.00,1,1,0.3432,-1
691,37543,893.00,264.00,14.00,10.00,1,7,1.0000,-1
692,36159,50.00,322.00,14.00,12.00,1,7,1.0000,-1
692,67180,138.00,303.00,14.00,10.00,1,7,0.5191,-1
692,88393,0.00,210.00,55.00,34.00,1,1,0.2300,-1
692,23927,152.00,118.00,45.00,38.00,1,1,0.3681,-1
692,83425,453.00,0.00,69.00,94.00,1,7,0.0315,-1
692,37790,433.00,0.00,86.00,84.00,1,1,0.3553,-1
692,37543,890.00,263.00,15.00,11.00,1,7,1.0000,-1
693,36159,48.00,321.00,14.00,12.00,1,7,1.0000,-1
693,67180,135.00,302.00,16.00,10.00,1,7,0.5830,-1
693,88393,0.00,210.00,52.00,33.00,1,1,0.2009,-1
693,23927,149.00,117.00,45.00,39.00,1,1,0.3675,-1
693,83425,445.00,0.00,65.00,92.00,1,7,0.0218,-1
693,37790,419.00,0.00,89.00,84.00,1,1,0.3661,-1
693,37543,887.00,263.00,15.00,11.00,1,7,1.0000,-1
694,36159,46.00,321.00,15.00,12.00,1,7,0.9862,-1
694,67180,132.00,302.00,18.00,10.00,1,7,0.6309,-1
694,88393,0.00,209.00,49.00,33.00,1,7,0.1788,-1
694,23927,146.00,117.00,49.00,44.00,1,1,0.3823,-1
694,83425,436.00,0.00,62.00,89.00,1,7,0.0141,-1
694,37790,405.00,0.00,92.00,84.00,1,1,0.3765,-1
694,37543,885.00,263.00,14.00,11.00,1,7,1.0000,-1
695,36159,45.00,320.00,13.00,12.00,1,7,0.9315,-1
695,67180,129.00,301.00,19.00,10.00,1,7,0.6864,-1
695,88393,0.00,208.00,46.00,34.00,1,7,0.1555,-1
695,23927,143.00,116.00,46.00,40.00,1,1,0.3858,-1
695,83425,427.00,76.00,16.00,10.00,1,7,0.0078,-1
695,37790,390.00,0.00,97.00,83.00,1,1,0.3859,-1
695,37543,882.00,264.00,14.00,10.00,1,7,1.0000,-1
696,36159,43.00,319.00,13.00,12.00,1,7,0.8699,-1
696,67180,127.00,300.00,20.00,10.00,1,7,0.7436,-1
696,66861,398.00,359.00,10.00,5.00,1,7,0.9623,-1
696,88393,0.00,207.00,43.00,34.00,1,7,0.1347,-1
696,23927,141.00,115.00,43.00,41.00,1,1,0.3679,-1
696,83425,418.00,78.00,9.00,5.00,1,7,0.0037,-1
696,37790,376.00,0.00,99.00,83.00,1,1,0.3953,-1
696,82065,400.00,387.00,4.00,28.00,1,7,0.0130,-1
696,37543,879.00,263.00,15.00,11.00,1,7,1.0000,-1
697,36159,61.00,327.00,12.00,12.00,1,7,0.8633,-1
697,67180,141.00,307.00,20.00,10.00,1,7,0.7522,-1
697,71825,404.00,346.00,2.00,2.00,1,7,0.2143,-1
697,66861,407.00,360.00,12.00,5.00,1,7,1.0000,-1
697,88393,1.00,218.00,57.00,33.00,1,1,0.2228,-1
697,23927,152.00,124.00,40.00,40.00,1,1,0.3395,-1
697,83425,422.00,81.00,10.00,6.00,1,7,0.0029,-1
697,37790,380.00,0.00,98.00,88.00,1,1,0.3902,-1
697,82065,407.00,387.00,6.00,31.00,1,7,0.0190,-1
697,37543,893.00,255.00,15.00,12.00,1,7,1.0000,-1
698,36159,89.00,329.00,11.00,12.00,1,7,0.8636,-1
698,67180,166.00,309.00,19.00,9.00,1,7,0.7368,-1
698,66861,426.00,360.00,10.00,5.00,1,7,0.9434,-1
698,88393,33.00,223.00,54.00,32.00,1,1,0.2280,-1
698,23927,176.00,130.00,41.00,39.00,1,1,0.3773,-1
698,83425,441.00,0.00,57.00,89.00,1,7,0.0044,-1
698,37790,401.00,0.00,96.00,91.00,1,1,0.3866,-1
698,82065,429.00,390.00,4.00,27.00,1,7,0.0125,-1
698,37543,918.00,251.00,16.00,12.00,1,7,1.0000,-1
699,36159,117.00,324.00,12.00,11.00,1,7,0.9250,-1
699,67180,192.00,305.00,17.00,10.00,1,7,0.6915,-1
699,66861,453.00,361.00,1.00,2.00,1,7,0.0943,-1
699,88393,65.00,220.00,52.00,32.00,1,1,0.2325,-1
699,23927,204.00,129.00,45.00,41.00,1,1,0.3895,-1
699,83425,468.00,0.00,60.00,91.00,1,7,0.0075,-1
699,37790,432.00,0.00,94.00,90.00,1,1,0.3820,-1
699,37543,948.00,254.00,17.00,12.00,1,7,1.0000,-1
700,36159,129.00,323.00,12.00,11.00,1,7,0.9487,-1
700,67180,203.00,305.00,16.00,9.00,1,7,0.6804,-1
700,88393,79.00,220.00,52.00,31.00,1,1,0.2369,-1
700,23927,216.00,130.00,44.00,41.00,1,1,0.3846,-1
700,83425,480.00,0.00,61.00,93.00,1,7,0.0097,-1
700,37790,446.00,0.00,93.00,91.00,1,1,0.3795,-1
700,37543,962.00,255.00,17.00,12.00,1,7,1.0000,-1
701,36159,134.00,324.00,12.00,11.00,1,7,0.9487,-1
701,67180,208.00,305.00,16.00,9.00,1,7,0.6649,-1
701,88393,85.00,221.00,51.00,31.00,1,1,0.2329,-1
701,23927,220.00,131.00,44.00,40.00,1,1,0.3821,-1
701,83425,484.00,0.00,61.00,93.00,1,7,0.0102,-1
701,37790,450.00,0.00,93.00,91.00,1,1,0.3782,-1
701,37543,968.00,254.00,17.00,12.00,1,7,1.0000,-1
702,36159,139.00,324.00,12.00,11.00,1,7,0.9735,-1
702,67180,213.00,305.00,15.00,9.00,1,7,0.6508,-1
702,88393,91.00,221.00,50.00,32.00,1,1,0.2338,-1
702,23927,226.00,132.00,43.00,40.00,1,1,0.3840,-1
702,83425,489.00,0.00,61.00,93.00,1,7,0.0106,-1
702,37790,455.00,0.00,93.00,91.00,1,1,0.3777,-1
702,37543,974.00,254.00,18.00,13.00,1,7,1.0000,-1
703,36159,148.00,324.00,12.00,11.00,1,7,0.9643,-1
703,67180,220.00,305.00,16.00,9.00,1,7,0.6378,-1
703,88393,100.00,222.00,50.00,31.00,1,1,0.2339,-1
703,23927,233.00,133.00,40.00,36.00,1,1,0.3862,-1
703,83425,495.00,0.00,61.00,93.00,1,7,0.0104,-1
703,37790,462.00,0.00,93.00,90.00,1,1,0.3744,-1
703,37543,985.00,252.00,18.00,12.00,1,7,1.0000,-1
704,36159,160.00,325.00,12.00,10.00,1,7,0.9720,-1
704,67180,232.00,306.00,14.00,9.00,1,7,0.6339,-1
704,88393,114.00,224.00,48.00,31.00,1,1,0.2347,-1
704,23927,244.00,135.00,42.00,39.00,1,1,0.3824,-1
704,83425,506.00,0.00,61.00,94.00,1,7,0.0121,-1
704,37790,473.00,0.00,93.00,92.00,1,1,0.3726,-1
704,37543,1000.00,251.00,18.00,13.00,1,7,1.0000,-1
705,36159,169.00,325.00,11.00,11.00,1,7,0.9811,-1
705,67180,239.00,307.00,15.00,9.00,1,7,0.6393,-1
705,88393,123.00,225.00,48.00,31.00,1,1,0.2378,-1
705,23927,251.00,136.00,42.00,39.00,1,1,0.3846,-1
705,83425,512.00,0.00,61.00,93.00,1,7,0.0121,-1
705,37790,480.00,0.00,92.00,91.00,1,1,0.3702,-1
705,37543,1011.00,250.00,12.00,11.00,1,7,1.0000,-1
706,36159,177.00,325.00,11.00,11.00,1,7,0.9810,-1
706,67180,246.00,307.00,15.00,9.00,1,7,0.6313,-1
706,88393,132.00,226.00,47.00,30.00,1,1,0.2353,-1
706,23927,259.00,137.00,38.00,36.00,1,1,0.3761,-1
706,83425,519.00,0.00,61.00,93.00,1,7,0.0127,-1
706,37790,487.00,0.00,92.00,91.00,1,1,0.3680,-1
706,37543,1022.00,257.00,1.00,3.00,1,7,1.0000,-1
707,36159,188.00,326.00,11.00,10.00,1,7,0.9900,-1
707,67180,257.00,308.00,14.00,8.00,1,7,0.6140,-1
707,88393,144.00,228.00,47.00,30.00,1,1,0.2355,-1
707,23927,269.00,139.00,41.00,38.00,1,1,0.3724,-1
707,83425,529.00,0.00,62.00,95.00,1,7,0.0142,-1
707,37790,498.00,0.00,92.00,92.00,1,1,0.3664,-1
708,36159,197.00,326.00,11.00,11.00,1,7,1.0000,-1
708,67180,266.00,309.00,13.00,8.00,1,7,0.6000,-1
708,88393,155.00,229.00,46.00,30.00,1,1,0.2396,-1
708,23927,278.00,141.00,37.00,35.00,1,1,0.3761,-1
708,83425,538.00,0.00,63.00,97.00,1,7,0.0164,-1
708,35342,72.00,0.00,0.00,0.00,1,7,1.0000,-1
708,37790,508.00,0.00,91.00,94.00,1,1,0.3668,-1
709,36159,206.00,327.00,11.00,10.00,1,7,1.0000,-1
709,67180,274.00,309.00,13.00,9.00,1,7,0.6036,-1
709,88393,164.00,230.00,46.00,30.00,1,1,0.2424,-1
709,23927,286.00,142.00,40.00,38.00,1,1,0.3721,-1
709,83425,545.00,0.00,64.00,97.00,1,7,0.0173,-1
709,35342,56.00,0.00,40.00,4.00,1,7,1.0000,-1
709,37790,516.00,0.00,90.00,95.00,1,1,0.3656,-1
710,36159,214.00,327.00,11.00,10.00,1,7,1.0000,-1
710,67180,281.00,309.00,13.00,9.00,1,7,0.6048,-1
710,88393,173.00,231.00,45.00,30.00,1,1,0.2423,-1
710,23927,293.00,143.00,37.00,35.00,1,1,0.3731,-1
710,83425,551.00,0.00,64.00,97.00,1,7,0.0171,-1
710,35342,56.00,0.00,56.00,7.00,1,7,1.0000,-1
710,37790,522.00,0.00,91.00,95.00,1,1,0.3648,-1
711,36159,218.00,327.00,11.00,11.00,1,7,1.0000,-1
711,67180,285.00,310.00,13.00,8.00,1,7,0.6061,-1
711,88393,178.00,232.00,44.00,30.00,1,1,0.2385,-1
711,23927,297.00,144.00,37.00,35.00,1,1,0.3760,-1
711,83425,554.00,0.00,63.00,97.00,1,7,0.0165,-1
711,35342,58.00,0.00,63.00,9.00,1,7,1.0000,-1
711,37790,524.00,0.00,91.00,95.00,1,1,0.3662,-1
712,36159,224.00,327.00,11.00,11.00,1,7,1.0000,-1
712,67180,290.00,310.00,13.00,8.00,1,7,0.6062,-1
712,88393,184.00,233.00,44.00,29.00,1,1,0.2377,-1
712,23927,302.00,145.00,36.00,34.00,1,1,0.3738,-1
712,83425,557.00,0.00,63.00,97.00,1,7,0.0156,-1
712,35342,63.00,0.00,67.00,12.00,1,7,1.0000,-1
712,37790,527.00,0.00,92.00,95.00,1,1,0.3665,-1
713,36159,231.00,327.00,10.00,11.00,1,7,1.0000,-1
713,67180,296.00,310.00,13.00,8.00,1,7,0.6098,-1
713,88393,190.00,233.00,43.00,29.00,1,1,0.2361,-1
713,23927,307.00,145.00,39.00,36.00,1,1,0.3787,-1
713,83425,560.00,0.00,62.00,95.00,1,7,0.0144,-1
713,35342,68.00,0.00,70.00,14.00,1,7,1.0000,-1
713,37790,530.00,0.00,92.00,94.00,1,1,0.3647,-1
714,36159,243.00,328.00,10.00,10.00,1,7,1.0000,-1
714,67180,307.00,310.00,13.00,9.00,1,7,0.6000,-1
714,88393,204.00,235.00,42.00,29.00,1,1,0.2351,-1
714,23927,319.00,147.00,38.00,36.00,1,1,0.3704,-1
714,83425,571.00,0.00,63.00,96.00,1,7,0.0158,-1
714,35342,81.00,0.00,81.00,20.00,1,1,1.0000,-1
714,37790,541.00,0.00,92.00,95.00,1,1,0.3646,-1
715,36159,250.00,329.00,10.00,10.00,1,7,1.0000,-1
715,67180,314.00,311.00,12.00,9.00,1,7,0.5935,-1
715,88393,212.00,236.00,42.00,29.00,1,1,0.2413,-1
715,23927,326.00,149.00,38.00,36.00,1,1,0.3726,-1
715,83425,578.00,0.00,64.00,99.00,1,7,0.0165,-1
715,35342,90.00,0.00,85.00,24.00,1,1,1.0000,-1
715,37790,548.00,0.00,92.00,98.00,1,1,0.3685,-1
716,36159,258.00,329.00,10.00,10.00,1,7,0.9886,-1
716,67180,321.00,311.00,12.00,8.00,1,7,0.6065,-1
716,88393,219.00,236.00,42.00,29.00,1,1,0.2422,-1
716,23927,332.00,148.00,35.00,34.00,1,1,0.3752,-1
716,83425,583.00,77.00,25.00,18.00,1,7,0.0153,-1
716,35342,96.00,0.00,86.00,26.00,1,1,1.0000,-1
716,37790,552.00,0.00,92.00,94.00,1,1,0.3627,-1
717,36159,269.00,330.00,10.00,10.00,1,7,1.0000,-1
717,67180,331.00,312.00,12.00,8.00,1,7,0.5733,-1
717,88393,232.00,238.00,41.00,29.00,1,1,0.2432,-1
717,23927,343.00,151.00,35.00,34.00,1,1,0.3705,-1
717,83425,594.00,0.00,65.00,99.00,1,7,0.0168,-1
717,35342,111.00,0.00,90.00,32.00,1,1,1.0000,-1
717,37790,565.00,0.00,92.00,98.00,1,1,0.3663,-1
718,36159,276.00,330.00,10.00,10.00,1,7,1.0000,-1
718,67180,338.00,313.00,12.00,8.00,1,7,0.5828,-1
718,88393,239.00,239.00,41.00,29.00,1,1,0.2431,-1
718,23927,350.00,152.00,34.00,34.00,1,1,0.3740,-1
718,83425,600.00,0.00,65.00,99.00,1,7,0.0168,-1
718,35342,119.00,0.00,91.00,34.00,1,1,1.0000,-1
718,37790,571.00,0.00,92.00,98.00,1,1,0.3660,-1
719,36159,281.00,330.00,9.00,10.00,1,7,1.0000,-1
719,67180,342.00,312.00,12.00,9.00,1,7,0.5867,-1
719,88393,244.00,239.00,40.00,29.00,1,1,0.2412,-1
719,23927,354.00,152.00,34.00,33.00,1,1,0.3712,-1
719,83425,603.00,78.00,26.00,19.00,1,7,0.0156,-1
719,35342,122.00,0.00,92.00,36.00,1,1,1.0000,-1
719,37790,573.00,0.00,93.00,97.00,1,1,0.3646,-1
720,36159,287.00,330.00,10.00,10.00,1,7,1.0000,-1
720,67180,348.00,312.00,12.00,8.00,1,7,0.6042,-1
720,88393,250.00,240.00,40.00,28.00,1,1,0.2408,-1
720,23927,359.00,152.00,34.00,33.00,1,1,0.3717,-1
720,83425,607.00,77.00,25.00,17.00,1,7,0.0154,-1
720,35342,128.00,0.00,92.00,37.00,1,1,1.0000,-1
720,37790,576.00,0.00,93.00,95.00,1,1,0.3617,-1
721,36159,297.00,331.00,9.00,9.00,1,7,1.0000,-1
721,67180,357.00,313.00,12.00,8.00,1,7,0.5862,-1
721,88393,261.00,241.00,39.00,28.00,1,1,0.2395,-1
721,23927,369.00,153.00,36.00,35.00,1,1,0.3771,-1
721,83425,617.00,76.00,27.00,19.00,1,7,0.0159,-1
721,35342,140.00,0.00,96.00,42.00,1,1,1.0000,-1
721,37790,586.00,0.00,93.00,96.00,1,1,0.3619,-1
722,51885,0.00,334.00,4.00,13.00,1,7,1.0000,-1
722,36159,301.00,332.00,10.00,9.00,1,7,1.0000,-1
722,67180,361.00,314.00,12.00,8.00,1,7,0.6056,-1
722,88393,266.00,242.00,39.00,28.00,1,1,0.2386,-1
722,23927,373.00,155.00,33.00,34.00,1,1,0.3725,-1
722,83425,621.00,0.00,63.00,98.00,1,7,0.0147,-1
722,35342,145.00,0.00,99.00,45.00,1,1,1.0000,-1
722,37790,589.00,0.00,95.00,99.00,1,1,0.3683,-1
723,54681,0.00,380.00,6.00,11.00,1,7,0.8049,-1
723,51885,0.00,332.00,13.00,15.00,1,7,1.0000,-1
723,36159,306.00,332.00,10.00,9.00,1,7,1.0000,-1
723,67180,366.00,314.00,12.00,8.00,1,7,0.6056,-1
723,88393,271.00,243.00,39.00,28.00,1,1,0.2409,-1
723,23927,378.00,155.00,33.00,34.00,1,1,0.3764,-1
723,83425,624.00,79.00,25.00,18.00,1,7,0.0148,-1
723,35342,150.00,0.00,99.00,47.00,1,1,1.0000,-1
723,37790,592.00,0.00,95.00,99.00,1,1,0.3681,-1
724,54681,0.00,380.00,15.00,12.00,1,7,0.9326,-1
724,51885,6.00,333.00,15.00,14.00,1,7,1.0000,-1
724,36159,312.00,332.00,9.00,9.00,1,7,1.0000,-1
724,67180,371.00,314.00,12.00,8.00,1,7,0.6084,-1
724,88393,276.00,243.00,39.00,28.00,1,1,0.2437,-1
724,23927,382.00,156.00,36.00,34.00,1,1,0.3790,-1
724,83425,628.00,78.00,24.00,18.00,1,7,0.0135,-1
724,35342,155.00,0.00,99.00,48.00,1,1,1.0000,-1
724,37790,595.00,0.00,94.00,97.00,1,1,0.3667,-1
725,54681,4.00,381.00,22.00,11.00,1,7,0.9454,-1
725,51885,16.00,333.00,16.00,15.00,1,7,1.0000,-1
725,36159,318.00,331.00,9.00,10.00,1,7,1.0000,-1
725,67180,377.00,314.00,12.00,7.00,1,7,0.5986,-1
725,88393,283.00,243.00,38.00,28.00,1,1,0.2375,-1
725,23927,387.00,155.00,34.00,33.00,1,1,0.3771,-1
725,83425,632.00,76.00,24.00,17.00,1,7,0.0137,-1
725,35342,161.00,0.00,99.00,50.00,1,1,1.0000,-1
725,37790,599.00,0.00,93.00,95.00,1,1,0.3635,-1
726,54681,23.00,381.00,21.00,11.00,1,7,0.9518,-1
726,51885,34.00,334.00,15.00,15.00,1,7,1.0000,-1
726,36159,329.00,332.00,9.00,10.00,1,7,1.0000,-1
726,67180,388.00,314.00,11.00,8.00,1,7,0.6043,-1
726,88393,295.00,244.00,37.00,28.00,1,1,0.2391,-1
726,23927,398.00,157.00,33.00,33.00,1,1,0.3769,-1
726,83425,644.00,75.00,25.00,19.00,1,7,0.0145,-1
726,35342,176.00,0.00,99.00,54.00,1,1,1.0000,-1
726,37790,610.00,0.00,94.00,96.00,1,1,0.3624,-1
727,54681,30.00,381.00,21.00,11.00,1,7,0.9507,-1
727,51885,42.00,334.00,15.00,15.00,1,7,1.0000,-1
727,36159,334.00,333.00,9.00,10.00,1,7,1.0000,-1
727,67180,392.00,315.00,12.00,8.00,1,7,0.6087,-1
727,88393,300.00,246.00,37.00,27.00,1,1,0.2383,-1
727,23927,403.00,158.00,33.00,33.00,1,1,0.3762,-1
727,83425,647.00,78.00,25.00,18.00,1,7,0.0140,-1
727,35342,183.00,0.00,99.00,57.00,1,1,1.0000,-1
727,37790,614.00,0.00,96.00,98.00,1,1,0.3681,-1
728,54681,39.00,381.00,20.00,11.00,1,7,0.9452,-1
728,51885,50.00,335.00,15.00,14.00,1,7,1.0000,-1
728,36159,339.00,333.00,9.00,9.00,1,7,1.0000,-1
728,67180,397.00,315.00,11.00,8.00,1,7,0.6087,-1
728,88393,305.00,246.00,37.00,27.00,1,1,0.2349,-1
728,23927,407.00,158.00,33.00,33.00,1,1,0.3781,-1
728,83425,651.00,75.00,25.00,19.00,1,7,0.0131,-1
728,35342,188.00,0.00,98.00,58.00,1,1,1.0000,-1
728,37790,617.00,0.00,94.00,97.00,1,1,0.3655,-1
729,54681,49.00,381.00,20.00,11.00,1,7,0.9444,-1
729,51885,60.00,336.00,15.00,14.00,1,7,1.0000,-1
729,36159,346.00,333.00,8.00,9.00,1,7,1.0000,-1
729,67180,403.00,315.00,11.00,8.00,1,7,0.6074,-1
729,88393,312.00,246.00,36.00,27.00,1,1,0.2361,-1
729,23927,413.00,158.00,33.00,33.00,1,1,0.3763,-1
729,83425,656.00,74.00,24.00,18.00,1,7,0.0129,-1
729,35342,195.00,0.00,97.00,60.00,1,1,1.0000,-1
729,37790,621.00,0.00,94.00,95.00,1,1,0.3634,-1
730,54681,57.00,381.00,20.00,11.00,1,7,0.9476,-1
730,51885,68.00,336.00,14.00,14.00,1,7,1.0000,-1
730,36159,351.00,333.00,9.00,9.00,1,7,1.0000,-1
730,67180,407.00,315.00,12.00,8.00,1,7,0.6176,-1
730,88393,317.00,246.00,36.00,28.00,1,1,0.2363,-1
730,23927,418.00,158.00,32.00,33.00,1,1,0.3789,-1
730,83425,660.00,74.00,23.00,17.00,1,7,0.0122,-1
730,35342,201.00,0.00,96.00,61.00,1,1,1.0000,-1
730,37790,625.00,0.00,94.00,95.00,1,1,0.3641,-1
731,54681,66.00,381.00,20.00,11.00,1,7,0.9463,-1
731,51885,77.00,337.00,14.00,13.00,1,7,1.0000,-1
731,36159,356.00,333.00,9.00,10.00,1,7,0.9861,-1
731,67180,413.00,315.00,12.00,8.00,1,7,0.6418,-1
731,88393,323.00,247.00,35.00,27.00,1,1,0.2319,-1
731,23927,423.00,159.00,35.00,33.00,1,1,0.3777,-1
731,83425,665.00,74.00,22.00,17.00,1,7,0.0117,-1
731,35342,207.00,0.00,96.00,63.00,1,1,1.0000,-1
731,37790,628.00,0.00,95.00,96.00,1,1,0.3646,-1
732,54681,77.00,381.00,19.00,11.00,1,7,0.9490,-1
732,51885,87.00,337.00,14.00,14.00,1,7,1.0000,-1
732,36159,363.00,333.00,9.00,10.00,1,7,0.9863,-1
732,67180,419.00,315.00,12.00,8.00,1,7,0.6370,-1
732,88393,330.00,247.00,35.00,28.00,1,1,0.2360,-1
732,23927,430.00,160.00,32.00,32.00,1,1,0.3703,-1
732,83425,671.00,73.00,23.00,18.00,1,7,0.0116,-1
732,35342,216.00,0.00,95.00,66.00,1,1,1.0000,-1
732,37790,634.00,0.00,95.00,96.00,1,1,0.3647,-1
733,54681,85.00,382.00,19.00,10.00,1,7,0.9427,-1
733,51885,95.00,338.00,14.00,13.00,1,7,1.0000,-1
733,36159,369.00,334.00,8.00,9.00,1,7,0.9853,-1
733,67180,424.00,316.00,12.00,7.00,1,7,0.6336,-1
733,88393,335.00,248.00,35.00,27.00,1,1,0.2361,-1
733,23927,434.00,160.00,35.00,33.00,1,1,0.3871,-1
733,83425,675.00,73.00,23.00,17.00,1,7,0.0110,-1
733,35342,222.00,0.00,95.00,67.00,1,1,1.0000,-1
733,37790,638.00,0.00,95.00,96.00,1,1,0.3661,-1
733,82065,661.00,408.00,0.00,0.00,1,7,0.0002,-1
734,54681,93.00,382.00,19.00,10.00,1,7,0.9421,-1
734,51885,103.00,338.00,14.00,14.00,1,7,1.0000,-1
734,36159,374.00,334.00,8.00,9.00,1,7,0.9718,-1
734,67180,429.00,316.00,12.00,8.00,1,7,0.6591,-1
734,66861,662.00,362.00,1.00,2.00,1,7,0.0727,-1
734,88393,341.00,249.00,35.00,27.00,1,1,0.2348,-1
734,23927,439.00,161.00,35.00,32.00,1,1,0.3793,-1
734,83425,680.00,73.00,21.00,17.00,1,7,0.0104,-1
734,35342,228.00,0.00,94.00,69.00,1,1,1.0000,-1
734,37790,642.00,0.00,95.00,96.00,1,1,0.3662,-1
734,82065,664.00,398.00,1.00,12.00,1,7,0.0009,-1
735,54681,101.00,382.00,18.00,10.00,1,7,0.9405,-1
735,51885,111.00,339.00,13.00,13.00,1,7,1.0000,-1
735,36159,379.00,334.00,9.00,9.00,1,7,0.9571,-1
735,67180,434.00,316.00,12.00,8.00,1,7,0.6641,-1
735,66861,665.00,361.00,3.00,4.00,1,7,0.2407,-1
735,88393,346.00,249.00,35.00,27.00,1,1,0.2345,-1
735,23927,445.00,161.00,34.00,32.00,1,1,0.3790,-1
735,83425,684.00,72.00,22.00,17.00,1,7,0.0100,-1
735,35342,234.00,0.00,93.00,71.00,1,1,1.0000,-1
735,37790,645.00,0.00,96.00,96.00,1,1,0.3669,-1
735,82065,668.00,393.00,1.00,22.00,1,7,0.0026,-1
736,54681,109.00,382.00,18.00,10.00,1,7,0.9444,-1
736,51885,119.00,339.00,13.00,13.00,1,7,1.0000,-1
736,36159,385.00,334.00,8.00,10.00,1,7,0.9571,-1
736,67180,439.00,316.00,12.00,8.00,1,7,0.6692,-1
736,66861,669.00,360.00,4.00,5.00,1,7,0.4286,-1
736,88393,351.00,249.00,35.00,28.00,1,1,0.2309,-1
736,23927,449.00,161.00,32.00,33.00,1,1,0.3834,-1
736,83425,689.00,72.00,20.00,16.00,1,7,0.0092,-1
736,35342,240.00,0.00,92.00,73.00,1,1,1.0000,-1
736,37790,649.00,0.00,96.00,96.00,1,1,0.3671,-1
736,82065,671.00,391.00,2.00,25.00,1,7,0.0045,-1
737,54681,117.00,382.00,18.00,11.00,1,7,0.9435,-1
737,51885,127.00,340.00,12.00,13.00,1,7,1.0000,-1
737,36159,390.00,335.00,8.00,9.00,1,7,0.9697,-1
737,67180,444.00,316.00,12.00,8.00,1,7,0.6667,-1
737,66861,673.00,360.00,6.00,5.00,1,7,0.5714,-1
737,88393,357.00,250.00,34.00,27.00,1,1,0.2287,-1
737,23927,454.00,162.00,35.00,32.00,1,1,0.3804,-1
737,83425,693.00,72.00,20.00,16.00,1,7,0.0087,-1
737,35342,246.00,0.00,92.00,74.00,1,1,1.0000,-1
737,37790,653.00,0.00,96.00,96.00,1,1,0.3677,-1
737,82065,675.00,391.00,3.00,26.00,1,7,0.0063,-1
738,54681,125.00,382.00,17.00,11.00,1,7,0.9480,-1
738,51885,134.00,340.00,13.00,13.00,1,7,1.0000,-1
738,36159,395.00,335.00,8.00,9.00,1,7,0.9706,-1
738,67180,449.00,317.00,12.00,7.00,1,7,0.6641,-1
738,66861,677.00,360.00,7.00,5.00,1,7,0.7321,-1
738,88393,362.00,250.00,34.00,27.00,1,1,0.2277,-1
738,23927,459.00,162.00,35.00,33.00,1,1,0.3845,-1
738,83425,698.00,72.00,18.00,14.00,1,7,0.0081,-1
738,35342,251.00,0.00,92.00,76.00,1,1,1.0000,-1
738,37790,657.00,0.00,96.00,95.00,1,1,0.3678,-1
738,82065,679.00,391.00,3.00,26.00,1,7,0.0096,-1
739,54681,133.00,382.00,17.00,11.00,1,7,0.9471,-1
739,51885,142.00,340.00,12.00,13.00,1,7,1.0000,-1
739,36159,401.00,335.00,7.00,9.00,1,7,0.9130,-1
739,67180,454.00,317.00,13.00,8.00,1,7,0.6929,-1
739,66861,681.00,360.00,9.00,5.00,1,7,0.8772,-1
739,88393,368.00,251.00,34.00,27.00,1,1,0.2302,-1
739,23927,464.00,162.00,32.00,33.00,1,1,0.3813,-1
739,83425,702.00,71.00,19.00,15.00,1,7,0.0077,-1
739,35342,257.00,0.00,91.00,77.00,1,1,1.0000,-1
739,37790,660.00,0.00,97.00,96.00,1,1,0.3684,-1
739,82065,683.00,390.00,4.00,28.00,1,7,0.0125,-1
740,54681,140.00,383.00,17.00,10.00,1,7,0.9515,-1
740,51885,150.00,341.00,12.00,13.00,1,7,1.0000,-1
740,36159,406.00,335.00,8.00,9.00,1,7,0.9394,-1
740,67180,459.00,317.00,13.00,8.00,1,7,0.6923,-1
740,66861,685.00,360.00,11.00,5.00,1,7,0.9831,-1
740,88393,373.00,251.00,34.00,27.00,1,1,0.2286,-1
740,23927,469.00,163.00,32.00,32.00,1,1,0.3840,-1
740,83425,707.00,70.00,19.00,15.00,1,7,0.0073,-1
740,35342,263.00,0.00,90.00,79.00,1,1,1.0000,-1
740,37790,664.00,0.00,97.00,96.00,1,1,0.3687,-1
740,82065,687.00,390.00,4.00,28.00,1,7,0.0154,-1
741,54681,152.00,383.00,16.00,10.00,1,7,0.9383,-1
741,51885,161.00,341.00,12.00,13.00,1,7,1.0000,-1
741,36159,414.00,335.00,8.00,10.00,1,7,0.9412,-1
741,67180,467.00,317.00,13.00,8.00,1,7,0.6947,-1
741,66861,693.00,360.00,12.00,5.00,1,7,1.0000,-1
741,88393,382.00,252.00,33.00,27.00,1,1,0.2256,-1
741,23927,477.00,163.00,32.00,32.00,1,1,0.3839,-1
741,83425,716.00,69.00,19.00,15.00,1,7,0.0076,-1
741,35342,273.00,0.00,89.00,81.00,1,1,1.0000,-1
741,37790,673.00,0.00,96.00,95.00,1,1,0.3671,-1
741,82065,695.00,390.00,5.00,28.00,1,7,0.0153,-1
742,54681,159.00,383.00,17.00,10.00,1,7,0.9438,-1
742,51885,168.00,342.00,12.00,12.00,1,7,1.0000,-1
742,36159,419.00,336.00,8.00,9.00,1,7,0.9118,-1
742,67180,472.00,317.00,13.00,8.00,1,7,0.7099,-1
742,71825,696.00,346.00,0.00,1.00,1,7,0.0606,-1
742,66861,699.00,360.00,11.00,5.00,1,7,1.0000,-1
742,88393,387.00,252.00,33.00,27.00,1,1,0.2277,-1
742,23927,482.00,163.00,32.00,33.00,1,1,0.3883,-1
742,83425,721.00,69.00,17.00,14.00,1,7,0.0068,-1
742,35342,279.00,0.00,89.00,82.00,1,1,1.0000,-1
742,37790,677.00,0.00,97.00,95.00,1,1,0.3671,-1
742,82065,699.00,389.00,6.00,30.00,1,7,0.0184,-1
743,54681,171.00,383.00,16.00,10.00,1,7,0.9430,-1
743,51885,180.00,342.00,11.00,13.00,1,7,1.0000,-1
743,36159,428.00,336.00,7.00,9.00,1,7,0.9403,-1
743,67180,480.00,317.00,13.00,8.00,1,7,0.6875,-1
743,71825,705.00,346.00,0.00,1.00,1,7,0.0606,-1
743,66861,707.00,360.00,12.00,5.00,1,7,1.0000,-1
743,88393,395.00,252.00,33.00,27.00,1,1,0.2269,-1
743,23927,490.00,163.00,32.00,33.00,1,1,0.3886,-1
743,83425,730.00,68.00,17.00,14.00,1,7,0.0072,-1
743,35342,289.00,0.00,88.00,85.00,1,1,1.0000,-1
743,37790,685.00,0.00,97.00,94.00,1,1,0.3657,-1
743,82065,708.00,389.00,5.00,30.00,1,7,0.0192,-1
744,54681,179.00,383.00,16.00,10.00,1,7,0.9419,-1
744,51885,188.00,343.00,11.00,12.00,1,7,1.0000,-1
744,36159,434.00,336.00,7.00,9.00,1,7,0.9385,-1
744,67180,486.00,317.00,13.00,8.00,1,7,0.6846,-1
744,71825,710.00,345.00,2.00,3.00,1,7,0.1765,-1
744,66861,714.00,360.00,12.00,5.00,1,7,1.0000,-1
744,88393,401.00,253.00,33.00,27.00,1,1,0.2262,-1
744,23927,496.00,163.00,31.00,33.00,1,1,0.3786,-1
744,83425,736.00,67.00,17.00,14.00,1,7,0.0071,-1
744,35342,295.00,0.00,88.00,86.00,1,1,1.0000,-1
744,37790,691.00,0.00,97.00,94.00,1,1,0.3650,-1
744,82065,714.00,389.00,6.00,30.00,1,7,0.0208,-1
745,54681,192.00,383.00,15.00,10.00,1,7,0.9392,-1
745,51885,200.00,343.00,11.00,13.00,1,7,1.0000,-1
745,36159,443.00,336.00,8.00,9.00,1,7,0.9375,-1
745,67180,496.00,318.00,12.00,7.00,1,7,0.6880,-1
745,71825,723.00,347.00,0.00,0.00,1,7,0.0312,-1
745,66861,724.00,360.00,13.00,5.00,1,7,1.0000,-1
745,88393,411.00,253.00,33.00,27.00,1,1,0.2290,-1
745,23927,506.00,164.00,34.00,32.00,1,1,0.3776,-1
745,83425,748.00,63.00,21.00,17.00,1,7,0.0087,-1
745,35342,307.00,0.00,87.00,88.00,1,1,1.0000,-1
745,37790,703.00,0.00,97.00,92.00,1,1,0.3608,-1
745,82065,727.00,390.00,5.00,29.00,1,7,0.0169,-1
746,54681,203.00,384.00,16.00,9.00,1,7,0.9437,-1
746,51885,212.00,344.00,11.00,12.00,1,7,1.0000,-1
746,36159,452.00,336.00,8.00,9.00,1,7,0.9538,-1
746,67180,505.00,318.00,12.00,7.00,1,7,0.6613,-1
746,66861,738.00,359.00,9.00,6.00,1,7,0.8254,-1
746,88393,420.00,254.00,33.00,27.00,1,1,0.2287,-1
746,23927,514.00,164.00,35.00,32.00,1,1,0.3796,-1
746,83425,760.00,61.00,23.00,18.00,1,7,0.0109,-1
746,35342,319.00,0.00,86.00,90.00,1,1,1.0000,-1
746,37790,716.00,0.00,97.00,91.00,1,1,0.3558,-1
746,82065,740.00,391.00,4.00,27.00,1,7,0.0113,-1
747,54681,211.00,384.00,15.00,9.00,1,7,0.9424,-1
747,51885,220.00,344.00,11.00,12.00,1,7,1.0000,-1
747,36159,458.00,336.00,8.00,10.00,1,7,0.9844,-1
747,67180,511.00,318.00,12.00,8.00,1,7,0.6429,-1
747,66861,749.00,360.00,6.00,5.00,1,7,0.4762,-1
747,88393,427.00,254.00,33.00,27.00,1,1,0.2405,-1
747,23927,521.00,164.00,34.00,32.00,1,1,0.3715,-1
747,83425,770.00,59.00,24.00,19.00,1,7,0.0133,-1
747,35342,327.00,0.00,86.00,92.00,1,1,1.0000,-1
747,37790,727.00,0.00,96.00,89.00,1,1,0.3512,-1
747,82065,751.00,391.00,3.00,26.00,1,7,0.0050,-1
748,54681,218.00,384.00,14.00,9.00,1,7,0.9412,-1
748,51885,226.00,344.00,11.00,12.00,1,7,1.0000,-1
748,36159,463.00,336.00,8.00,10.00,1,7,1.0000,-1
748,67180,516.00,318.00,12.00,8.00,1,7,0.6160,-1
748,66861,758.00,360.00,2.00,4.00,1,7,0.1045,-1
748,88393,432.00,254.00,33.00,27.00,1,1,0.2375,-1
748,23927,526.00,164.00,32.00,32.00,1,1,0.3714,-1
748,83425,779.00,56.00,27.00,21.00,1,7,0.0160,-1
748,35342,334.00,0.00,85.00,93.00,1,1,1.0000,-1
748,37790,736.00,0.00,96.00,88.00,1,1,0.3460,-1
748,82065,761.00,394.00,1.00,14.00,1,7,0.0005,-1
749,54681,224.00,384.00,15.00,9.00,1,7,0.9403,-1
749,51885,232.00,345.00,11.00,12.00,1,7,1.0000,-1
749,36159,468.00,337.00,8.00,9.00,1,7,1.0000,-1
749,67180,521.00,318.00,11.00,8.00,1,7,0.5938,-1
749,88393,437.00,254.00,33.00,27.00,1,1,0.2344,-1
749,23927,531.00,164.00,32.00,32.00,1,1,0.3714,-1
749,83425,786.00,54.00,30.00,23.00,1,7,0.0189,-1
749,35342,341.00,0.00,85.00,94.00,1,1,1.0000,-1
749,37790,745.00,0.00,96.00,87.00,1,1,0.3417,-1
750,54681,230.00,384.00,15.00,10.00,1,7,0.9556,-1
750,51885,239.00,345.00,10.00,12.00,1,7,1.0000,-1
750,36159,473.00,337.00,8.00,9.00,1,7,1.0000,-1
750,67180,527.00,318.00,10.00,8.00,1,7,0.5794,-1
750,88393,443.00,255.00,33.00,26.00,1,1,0.2380,-1
750,23927,537.00,164.00,31.00,32.00,1,1,0.3694,-1
750,83425,795.00,53.00,31.00,23.00,1,7,0.0220,-1
750,35342,349.00,0.00,84.00,95.00,1,1,1.0000,-1
750,37790,755.00,0.00,95.00,86.00,1,1,0.3367,-1
751,54681,237.00,384.00,14.00,10.00,1,7,0.9407,-1
751,51885,245.00,346.00,10.00,11.00,1,7,1.0000,-1
751,36159,478.00,337.00,8.00,9.00,1,7,1.0000,-1
751,67180,532.00,318.00,10.00,8.00,1,7,0.5504,-1
751,88393,448.00,255.00,33.00,27.00,1,1,0.2473,-1
751,23927,542.00,164.00,32.00,32.00,1,1,0.3665,-1
751,83425,804.00,51.00,32.00,24.00,1,7,0.0253,-1
751,35342,356.00,0.00,84.00,96.00,1,1,1.0000,-1
751,37790,765.00,0.00,95.00,85.00,1,1,0.3313,-1
752,98269,0.00,353.00,2.00,3.00,1,7,1.0000,-1
752,54681,243.00,385.00,14.00,9.00,1,7,0.9470,-1
752,51885,251.00,346.00,10.00,12.00,1,7,1.0000,-1
752,36159,483.00,337.00,8.00,9.00,1,7,1.0000,-1
752,67180,538.00,318.00,9.00,8.00,1,7,0.5156,-1
752,88393,453.00,255.00,34.00,27.00,1,1,0.2494,-1
752,23927,547.00,164.00,32.00,32.00,1,1,0.3625,-1
752,83425,813.00,49.00,33.00,25.00,1,7,0.0289,-1
752,35342,363.00,0.00,83.00,96.00,1,1,1.0000,-1
752,37790,774.00,0.00,95.00,84.00,1,1,0.3261,-1
753,98269,1.00,354.00,10.00,4.00,1,7,1.0000,-1
753,54681,249.00,385.00,14.00,9.00,1,7,0.9470,-1
753,51885,257.00,346.00,10.00,12.00,1,7,1.0000,-1
753,36159,488.00,337.00,8.00,9.00,1,7,1.0000,-1
753,67180,543.00,318.00,9.00,8.00,1,7,0.4960,-1
753,88393,458.00,255.00,34.00,27.00,1,1,0.2524,-1
753,23927,553.00,164.00,31.00,32.00,1,1,0.3657,-1
753,83425,821.00,47.00,36.00,26.00,1,7,0.0331,-1
753,35342,370.00,0.00,83.00,97.00,1,1,1.0000,-1
753,37790,784.00,0.00,95.00,83.00,1,1,0.3204,-1
754,98269,10.00,354.00,9.00,4.00,1,7,1.0000,-1
754,28978,0.00,344.00,0.00,2.00,1,7,0.7500,-1
754,54681,255.00,385.00,14.00,9.00,1,7,0.9462,-1
754,51885,263.00,346.00,10.00,12.00,1,7,1.0000,-1
754,36159,493.00,337.00,8.00,9.00,1,7,1.0000,-1
754,67180,548.00,318.00,9.00,8.00,1,7,0.4724,-1
754,88393,464.00,255.00,33.00,27.00,1,1,0.2548,-1
754,23927,558.00,164.00,31.00,31.00,1,1,0.3556,-1
754,83425,830.00,45.00,37.00,27.00,1,7,0.0371,-1
754,35342,377.00,0.00,83.00,98.00,1,1,1.0000,-1
754,37790,794.00,0.00,94.00,81.00,1,1,0.3144,-1
755,98269,19.00,354.00,10.00,5.00,1,7,1.0000,-1
755,28978,0.00,343.00,10.00,6.00,1,7,0.9615,-1
755,54681,261.00,385.00,14.00,9.00,1,7,0.9457,-1
755,51885,269.00,347.00,10.00,11.00,1,7,1.0000,-1
755,36159,498.00,337.00,8.00,9.00,1,7,1.0000,-1
755,67180,553.00,318.00,9.00,8.00,1,7,0.4538,-1
755,88393,469.00,255.00,34.00,27.00,1,1,0.2594,-1
755,23927,563.00,163.00,32.00,32.00,1,1,0.3648,-1
755,83425,840.00,42.00,39.00,29.00,1,7,0.0414,-1
755,35342,384.00,0.00,83.00,99.00,1,1,1.0000,-1
755,37790,804.00,0.00,94.00,80.00,1,1,0.3083,-1
756,98269,27.00,355.00,11.00,4.00,1,7,1.0000,-1
756,28978,7.00,343.00,11.00,6.00,1,7,0.9800,-1
756,54681,267.00,385.00,14.00,9.00,1,7,0.9528,-1
756,51885,275.00,347.00,10.00,11.00,1,7,1.0000,-1
756,36159,503.00,337.00,8.00,9.00,1,7,1.0000,-1
756,67180,559.00,318.00,8.00,8.00,1,7,0.4297,-1
756,88393,474.00,255.00,34.00,27.00,1,1,0.2600,-1
756,23927,568.00,163.00,32.00,32.00,1,1,0.3573,-1
756,83425,848.00,40.00,41.00,30.00,1,7,0.0461,-1
756,35342,390.00,0.00,83.00,100.00,1,1,1.0000,-1
756,37790,814.00,0.00,94.00,79.00,1,1,0.3020,-1
757,98269,36.00,355.00,10.00,4.00,1,7,1.0000,-1
757,28978,15.00,344.00,12.00,6.00,1,7,0.9808,-1
757,54681,273.00,385.00,14.00,9.00,1,7,0.9600,-1
757,51885,281.00,347.00,10.00,12.00,1,7,1.0000,-1
757,36159,508.00,337.00,8.00,9.00,1,7,1.0000,-1
757,67180,564.00,318.00,8.00,8.00,1,7,0.4077,-1
757,88393,479.00,255.00,34.00,27.00,1,1,0.2570,-1
757,23927,574.00,163.00,32.00,32.00,1,1,0.3647,-1
757,83425,858.00,37.00,43.00,31.00,1,7,0.0515,-1
757,35342,397.00,0.00,83.00,100.00,1,1,1.0000,-1
757,37790,824.00,0.00,94.00,77.00,1,1,0.2954,-1
758,98269,45.00,356.00,9.00,4.00,1,7,1.0000,-1
758,28978,24.00,345.00,12.00,5.00,1,7,0.9412,-1
758,54681,279.00,385.00,13.00,9.00,1,7,0.9512,-1
758,51885,287.00,347.00,9.00,12.00,1,7,1.0000,-1
758,36159,513.00,337.00,8.00,9.00,1,7,1.0000,-1
758,67180,569.00,318.00,8.00,8.00,1,7,0.3893,-1
758,88393,485.00,255.00,34.00,27.00,1,1,0.2607,-1
758,23927,579.00,163.00,32.00,31.00,1,1,0.3441,-1
758,83425,867.00,33.00,46.00,34.00,1,7,0.0580,-1
758,35342,404.00,0.00,82.00,101.00,1,1,1.0000,-1
758,37790,834.00,0.00,94.00,75.00,1,1,0.2879,-1
759,98269,53.00,356.00,10.00,4.00,1,7,1.0000,-1
759,28978,33.00,345.00,11.00,6.00,1,7,0.9592,-1
759,54681,285.00,385.00,13.00,9.00,1,7,0.9587,-1
759,51885,292.00,348.00,10.00,11.00,1,7,1.0000,-1
759,36159,518.00,337.00,8.00,9.00,1,7,1.0000,-1
759,67180,575.00,318.00,7.00,7.00,1,7,0.3730,-1
759,88393,490.00,255.00,34.00,27.00,1,1,0.2680,-1
759,23927,584.00,163.00,32.00,31.00,1,1,0.3497,-1
759,83425,877.00,29.00,48.00,36.00,1,7,0.0648,-1
759,35342,411.00,0.00,82.00,101.00,1,1,1.0000,-1
759,37790,845.00,0.00,93.00,73.00,1,1,0.2803,-1
760,98269,62.00,356.00,8.00,4.00,1,7,1.0000,-1
760,28978,42.00,345.00,11.00,6.00,1,7,0.9592,-1
760,54681,290.00,385.00,14.00,9.00,1,7,0.9590,-1
760,51885,298.00,348.00,10.00,11.00,1,7,1.0000,-1
760,36159,523.00,337.00,8.00,9.00,1,7,1.0000,-1
760,67180,580.00,318.00,7.00,7.00,1,7,0.3672,-1
760,88393,495.00,255.00,34.00,28.00,1,1,0.2619,-1
760,23927,590.00,162.00,32.00,32.00,1,1,0.3468,-1
760,83425,886.00,25.00,51.00,39.00,1,7,0.0718,-1
760,35342,417.00,0.00,83.00,102.00,1,1,1.0000,-1
760,37790,855.00,0.00,93.00,71.00,1,1,0.2729,-1
761,98269,70.00,357.00,9.00,4.00,1,7,1.0000,-1
761,28978,50.00,346.00,11.00,5.00,1,7,0.9787,-1
761,54681,296.00,385.00,14.00,9.00,1,7,0.9583,-1
761,51885,304.00,348.00,10.00,11.00,1,7,1.0000,-1
761,36159,528.00,337.00,8.00,9.00,1,7,1.0000,-1
761,67180,586.00,318.00,6.00,7.00,1,7,0.3175,-1
761,88393,500.00,255.00,35.00,28.00,1,1,0.2718,-1
761,23927,595.00,162.00,32.00,31.00,1,1,0.3505,-1
761,83425,896.00,22.00,53.00,41.00,1,7,0.0802,-1
761,35342,424.00,0.00,83.00,102.00,1,1,1.0000,-1
761,37790,866.00,0.00,93.00,69.00,1,1,0.2642,-1
762,98269,78.00,357.00,9.00,4.00,1,7,1.0000,-1
762,28978,59.00,346.00,10.00,6.00,1,7,0.9362,-1
762,54681,302.00,385.00,13.00,9.00,1,7,0.9500,-1
762,51885,310.00,348.00,9.00,11.00,1,7,1.0000,-1
762,36159,533.00,337.00,8.00,9.00,1,7,1.0000,-1
762,67180,591.00,318.00,6.00,7.00,1,7,0.2992,-1
762,88393,505.00,255.00,35.00,27.00,1,1,0.2713,-1
762,23927,601.00,162.00,32.00,31.00,1,1,0.3416,-1
762,83425,906.00,17.00,56.00,44.00,1,7,0.0899,-1
762,35342,431.00,0.00,82.00,103.00,1,1,1.0000,-1
762,37790,877.00,0.00,93.00,67.00,1,1,0.2551,-1
763,98269,86.00,357.00,8.00,4.00,1,7,1.0000,-1
763,28978,67.00,346.00,11.00,6.00,1,7,0.9375,-1
763,54681,308.00,385.00,13.00,9.00,1,7,0.9487,-1
763,51885,316.00,348.00,9.00,11.00,1,7,1.0000,-1
763,36159,538.00,337.00,8.00,9.00,1,7,1.0000,-1
763,67180,597.00,318.00,6.00,7.00,1,7,0.2707,-1
763,88393,511.00,255.00,34.00,27.00,1,1,0.2692,-1
763,23927,606.00,161.00,32.00,31.00,1,1,0.3367,-1
763,83425,916.00,14.00,58.00,45.00,1,7,0.1018,-1
763,35342,438.00,0.00,82.00,103.00,1,1,1.0000,-1
763,37790,888.00,0.00,92.00,65.00,1,1,0.2454,-1
764,98269,94.00,357.00,8.00,4.00,1,7,1.0000,-1
764,28978,75.00,347.00,11.00,5.00,1,7,0.9535,-1
764,54681,314.00,385.00,13.00,9.00,1,7,0.9565,-1
764,51885,321.00,348.00,9.00,11.00,1,7,1.0000,-1
764,36159,543.00,337.00,8.00,9.00,1,7,1.0000,-1
764,67180,602.00,318.00,6.00,7.00,1,7,0.2463,-1
764,88393,516.00,255.00,35.00,27.00,1,1,0.2743,-1
764,23927,612.00,161.00,32.00,31.00,1,1,0.3367,-1
764,83425,926.00,6.00,63.00,51.00,1,7,0.1192,-1
764,35342,444.00,0.00,83.00,103.00,1,1,1.0000,-1
764,37790,899.00,0.00,92.00,62.00,1,1,0.2352,-1
765,98269,102.00,357.00,8.00,4.00,1,7,1.0000,-1
765,28978,83.00,347.00,10.00,5.00,1,7,0.9762,-1
765,54681,319.00,385.00,13.00,9.00,1,7,0.9487,-1
765,51885,327.00,348.00,9.00,11.00,1,7,1.0000,-1
765,36159,548.00,337.00,8.00,9.00,1,7,1.0000,-1
765,67180,607.00,318.00,6.00,7.00,1,7,0.2353,-1
765,88393,521.00,255.00,35.00,27.00,1,1,0.2845,-1
765,23927,617.00,161.00,32.00,30.00,1,1,0.3350,-1
765,83425,936.00,1.00,66.00,54.00,1,7,0.1452,-1
765,35342,451.00,0.00,82.00,104.00,1,1,1.0000,-1
765,37790,910.00,0.00,92.00,60.00,1,1,0.2242,-1
766,98269,109.00,358.00,9.00,3.00,1,7,1.0000,-1
766,28978,91.00,347.00,10.00,6.00,1,7,0.9535,-1
766,54681,325.00,385.00,13.00,9.00,1,7,0.9561,-1
766,51885,332.00,348.00,9.00,11.00,1,7,1.0000,-1
766,36159,553.00,337.00,8.00,9.00,1,7,1.0000,-1
766,67180,613.00,318.00,5.00,6.00,1,7,0.2074,-1
766,88393,526.00,255.00,36.00,27.00,1,1,0.2878,-1
766,23927,622.00,160.00,33.00,31.00,1,1,0.3357,-1
766,83425,947.00,0.00,67.00,53.00,1,7,0.1805,-1
766,35342,458.00,0.00,82.00,104.00,1,1,1.0000,-1
766,37790,922.00,0.00,90.00,58.00,1,1,0.2124,-1
767,98269,117.00,358.00,8.00,3.00,1,7,1.0000,-1
767,28978,99.00,347.00,10.00,6.00,1,7,0.9524,-1
767,54681,330.00,385.00,13.00,9.00,1,7,0.9569,-1
767,51885,338.00,348.00,9.00,11.00,1,7,1.0000,-1
767,36159,558.00,337.00,8.00,9.00,1,7,1.0000,-1
767,67180,618.00,317.00,5.00,7.00,1,7,0.1970,-1
767,88393,532.00,255.00,35.00,27.00,1,1,0.2812,-1
767,23927,628.00,159.00,33.00,31.00,1,1,0.3251,-1
767,83425,958.00,0.00,65.00,50.00,1,1,0.2266,-1
767,35342,464.00,0.00,83.00,104.00,1,1,1.0000,-1
767,37790,934.00,0.00,88.00,55.00,1,7,0.1999,-1
768,98269,124.00,358.00,8.00,4.00,1,7,1.0000,-1
768,28978,106.00,348.00,10.00,5.00,1,7,0.9524,-1
768,54681,336.00,385.00,12.00,9.00,1,7,0.9554,-1
768,51885,343.00,349.00,9.00,11.00,1,7,1.0000,-1
768,36159,563.00,336.00,8.00,10.00,1,7,1.0000,-1
768,67180,624.00,317.00,4.00,7.00,1,7,0.1667,-1
768,88393,537.00,254.00,35.00,28.00,1,1,0.2833,-1
768,23927,633.00,159.00,33.00,31.00,1,1,0.3307,-1
768,83425,968.00,10.00,55.00,38.00,1,1,0.2478,-1
768,35342,471.00,0.00,82.00,104.00,1,1,1.0000,-1
768,37790,945.00,0.00,78.00,53.00,1,7,0.1856,-1
769,98269,131.00,358.00,9.00,4.00,1,7,1.0000,-1
769,28978,114.00,348.00,10.00,5.00,1,7,0.9750,-1
769,54681,341.00,385.00,13.00,9.00,1,7,0.9478,-1
769,51885,349.00,349.00,9.00,11.00,1,7,1.0000,-1
769,36159,568.00,336.00,8.00,10.00,1,7,1.0000,-1
769,67180,629.00,318.00,4.00,6.00,1,7,0.1471,-1
769,88393,542.00,254.00,36.00,28.00,1,1,0.2934,-1
769,23927,639.00,159.00,33.00,31.00,1,1,0.3222,-1
769,83425,980.00,15.00,43.00,31.00,1,1,0.2422,-1
769,35342,478.00,0.00,82.00,104.00,1,1,1.0000,-1
769,37790,957.00,0.00,66.00,50.00,1,7,0.1650,-1
770,98269,139.00,358.00,7.00,4.00,1,7,1.0000,-1
770,28978,122.00,348.00,9.00,5.00,1,7,0.9756,-1
770,54681,347.00,385.00,12.00,9.00,1,7,0.9545,-1
770,51885,354.00,349.00,9.00,10.00,1,7,1.0000,-1
770,36159,573.00,336.00,8.00,9.00,1,7,1.0000,-1
770,67180,620.00,316.00,19.00,7.00,1,7,0.1367,-1
770,88393,547.00,254.00,36.00,28.00,1,1,0.2934,-1
770,23927,645.00,158.00,33.00,31.00,1,1,0.3230,-1
770,83425,991.00,20.00,32.00,23.00,1,7,0.1852,-1
770,35342,484.00,0.00,83.00,105.00,1,1,1.0000,-1
770,37790,969.00,0.00,54.00,48.00,1,7,0.1419,-1
771,98269,146.00,358.00,7.00,4.00,1,7,1.0000,-1
771,28978,129.00,348.00,9.00,5.00,1,7,0.9737,-1
771,54681,352.00,385.00,13.00,8.00,1,7,0.9455,-1
771,51885,359.00,348.00,9.00,11.00,1,7,1.0000,-1
771,36159,578.00,336.00,8.00,9.00,1,7,1.0000,-1
771,67180,625.00,316.00,19.00,7.00,1,7,0.1168,-1
771,88393,552.00,254.00,37.00,28.00,1,1,0.2955,-1
771,23927,651.00,157.00,33.00,31.00,1,1,0.3159,-1
771,83425,1002.00,26.00,21.00,14.00,1,7,0.1174,-1
771,35342,491.00,0.00,83.00,105.00,1,1,1.0000,-1
771,37790,982.00,0.00,41.00,45.00,1,7,0.1146,-1
772,98269,153.00,358.00,7.00,4.00,1,7,1.0000,-1
772,28978,136.00,348.00,9.00,5.00,1,7,0.9714,-1
772,54681,358.00,385.00,12.00,8.00,1,7,0.9439,-1
772,51885,365.00,349.00,9.00,10.00,1,7,1.0000,-1
772,36159,583.00,336.00,8.00,9.00,1,7,1.0000,-1
772,67180,630.00,316.00,19.00,7.00,1,7,0.1471,-1
772,88393,558.00,254.00,36.00,27.00,1,1,0.2922,-1
772,23927,656.00,157.00,33.00,31.00,1,1,0.3195,-1
772,83425,1014.00,28.00,9.00,7.00,1,7,0.0517,-1
772,35342,498.00,0.00,82.00,105.00,1,1,1.0000,-1
772,37790,994.00,0.00,29.00,42.00,1,7,0.0832,-1
773,98269,160.00,358.00,8.00,4.00,1,7,1.0000,-1
773,28978,143.00,348.00,10.00,5.00,1,7,0.9722,-1
773,54681,363.00,385.00,12.00,8.00,1,7,0.9439,-1
773,51885,370.00,349.00,9.00,10.00,1,7,1.0000,-1
773,36159,589.00,336.00,7.00,9.00,1,7,1.0000,-1
773,67180,635.00,315.00,20.00,7.00,1,7,0.1314,-1
773,88393,563.00,253.00,37.00,28.00,1,1,0.2996,-1
773,23927,662.00,156.00,33.00,31.00,1,1,0.3092,-1
773,35342,504.00,0.00,83.00,105.00,1,1,1.0000,-1
773,37790,1007.00,0.00,16.00,39.00,1,7,0.0480,-1
774,98269,167.00,358.00,7.00,4.00,1,7,1.0000,-1
774,28978,150.00,348.00,9.00,5.00,1,7,0.9697,-1
774,54681,368.00,385.00,13.00,8.00,1,7,0.9619,-1
774,51885,376.00,348.00,8.00,11.00,1,7,1.0000,-1
774,36159,594.00,336.00,8.00,9.00,1,7,1.0000,-1
774,67180,640.00,315.00,20.00,6.00,1,7,0.1135,-1
774,88393,568.00,253.00,37.00,28.00,1,1,0.3074,-1
774,23927,668.00,155.00,33.00,31.00,1,1,0.3019,-1
774,35342,511.00,0.00,83.00,105.00,1,1,1.0000,-1
774,37790,1020.00,0.00,3.00,36.00,1,7,0.0079,-1
775,98269,174.00,358.00,7.00,4.00,1,7,1.0000,-1
775,28978,157.00,348.00,9.00,5.00,1,7,0.9375,-1
775,54681,373.00,384.00,13.00,9.00,1,7,0.9619,-1
775,51885,381.00,348.00,9.00,11.00,1,7,1.0000,-1
775,36159,599.00,335.00,8.00,10.00,1,7,1.0000,-1
775,67180,646.00,315.00,19.00,6.00,1,7,0.1214,-1
775,88393,574.00,253.00,37.00,28.00,1,1,0.3055,-1
775,23927,674.00,155.00,33.00,31.00,1,1,0.3068,-1
775,35342,517.00,0.00,84.00,104.00,1,1,1.0000,-1
775,37790,837.00,45.00,0.00,0.00,1,7,0.0001,-1
776,98269,181.00,358.00,7.00,4.00,1,7,1.0000,-1
776,28978,164.00,348.00,9.00,5.00,1,7,0.9688,-1
776,54681,379.00,384.00,12.00,9.00,1,7,0.9533,-1
776,51885,386.00,348.00,9.00,11.00,1,7,1.0000,-1
776,36159,604.00,335.00,8.00,10.00,1,7,1.0000,-1
776,67180,651.00,315.00,20.00,5.00,1,7,0.1071,-1
776,88393,579.00,253.00,38.00,28.00,1,1,0.2982,-1
776,23927,680.00,154.00,33.00,31.00,1,1,0.3049,-1
776,35342,524.00,0.00,84.00,104.00,1,1,1.0000,-1
776,37790,847.00,42.00,3.00,5.00,1,7,0.0007,-1
777,98269,188.00,358.00,7.00,4.00,1,7,1.0000,-1
777,28978,171.00,348.00,9.00,5.00,1,7,0.9677,-1
777,54681,384.00,384.00,13.00,9.00,1,7,0.9623,-1
777,51885,392.00,348.00,8.00,11.00,1,7,1.0000,-1
777,36159,609.00,335.00,8.00,9.00,1,7,1.0000,-1
777,67180,656.00,315.00,20.00,4.00,1,7,0.1095,-1
777,96243,0.00,311.00,0.00,0.00,1,7,1.0000,-1
777,88393,584.00,252.00,38.00,28.00,1,1,0.3115,-1
777,23927,686.00,153.00,33.00,31.00,1,1,0.2968,-1
777,35342,531.00,0.00,84.00,104.00,1,1,1.0000,-1
777,37790,857.00,39.00,6.00,10.00,1,7,0.0025,-1
778,98269,194.00,358.00,7.00,4.00,1,7,1.0000,-1
778,28978,178.00,348.00,9.00,5.00,1,7,0.9677,-1
778,54681,390.00,384.00,12.00,8.00,1,7,0.9423,-1
778,51885,397.00,348.00,9.00,11.00,1,7,1.0000,-1
778,36159,614.00,335.00,9.00,9.00,1,7,1.0000,-1
778,67180,662.00,314.00,20.00,5.00,1,7,0.1293,-1
778,96243,0.00,304.00,9.00,13.00,1,7,0.6323,-1
778,71909,0.00,271.00,1.00,7.00,1,7,1.0000,-1
778,88393,590.00,252.00,38.00,28.00,1,1,0.3140,-1
778,23927,692.00,152.00,33.00,32.00,1,1,0.2952,-1
778,35342,538.00,0.00,84.00,104.00,1,1,1.0000,-1
778,37790,867.00,36.00,9.00,15.00,1,7,0.0051,-1
779,98269,201.00,358.00,7.00,4.00,1,7,1.0000,-1
779,28978,185.00,348.00,9.00,5.00,1,7,0.9412,-1
779,54681,395.00,384.00,12.00,8.00,1,7,0.9434,-1
779,51885,402.00,348.00,9.00,11.00,1,7,1.0000,-1
779,36159,620.00,334.00,8.00,10.00,1,7,1.0000,-1
779,67180,667.00,314.00,20.00,4.00,1,7,0.1319,-1
779,96243,0.00,304.00,18.00,17.00,1,7,0.7457,-1
779,71909,0.00,266.00,10.00,13.00,1,7,0.8832,-1
779,88393,595.00,252.00,39.00,28.00,1,1,0.3152,-1
779,23927,698.00,152.00,34.00,31.00,1,1,0.2951,-1
779,35342,544.00,0.00,85.00,104.00,1,1,1.0000,-1
779,37790,878.00,33.00,9.00,16.00,1,7,0.0085,-1
780,98269,208.00,358.00,7.00,3.00,1,7,1.0000,-1
780,28978,192.00,349.00,8.00,4.00,1,7,0.9355,-1
780,54681,400.00,384.00,12.00,8.00,1,7,0.9429,-1
780,51885,408.00,348.00,8.00,11.00,1,7,1.0000,-1
780,36159,625.00,335.00,8.00,9.00,1,7,1.0000,-1
780,67180,673.00,314.00,20.00,5.00,1,7,0.1469,-1
780,96243,10.00,305.00,18.00,16.00,1,7,0.7482,-1
780,71909,0.00,263.00,20.00,17.00,1,7,0.8028,-1
780,88393,601.00,251.00,39.00,29.00,1,1,0.3218,-1
780,23927,705.00,151.00,33.00,31.00,1,1,0.2875,-1
780,35342,551.00,0.00,86.00,103.00,1,1,1.0000,-1
780,37790,888.00,30.00,11.00,17.00,1,7,0.0131,-1
781,98269,214.00,358.00,8.00,3.00,1,7,1.0000,-1
781,28978,199.00,348.00,8.00,5.00,1,7,0.9667,-1
781,54681,406.00,383.00,12.00,9.00,1,7,0.9604,-1
781,51885,413.00,348.00,8.00,11.00,1,7,1.0000,-1
781,36159,631.00,334.00,8.00,10.00,1,7,1.0000,-1
781,67180,679.00,314.00,20.00,5.00,1,7,0.1370,-1
781,96243,19.00,305.00,18.00,16.00,1,7,0.7481,-1
781,31226,0.00,343.00,0.00,1.00,1,7,1.0000,-1
781,71909,5.00,263.00,24.00,18.00,1,1,0.8297,-1
781,41466,0.00,321.00,2.00,10.00,1,7,1.0000,-1
781,88393,606.00,251.00,40.00,28.00,1,1,0.3215,-1
781,23927,711.00,150.00,34.00,31.00,1,1,0.2838,-1
781,35342,558.00,0.00,86.00,103.00,1,1,1.0000,-1
781,37790,899.00,26.00,12.00,19.00,1,7,0.0193,-1
782,98269,220.00,357.00,8.00,3.00,1,7,1.0000,-1
782,28978,205.00,348.00,8.00,4.00,1,7,0.9310,-1
782,54681,411.00,383.00,11.00,8.00,1,7,0.9412,-1
782,51885,418.00,347.00,8.00,11.00,1,7,1.0000,-1
782,36159,636.00,334.00,8.00,9.00,1,7,1.0000,-1
782,67180,684.00,313.00,4.00,5.00,1,7,0.1533,-1
782,96243,27.00,304.00,18.00,16.00,1,7,0.7416,-1
782,31226,0.00,341.00,8.00,11.00,1,7,1.0000,-1
782,71909,14.00,263.00,24.00,17.00,1,1,0.8241,-1
782,41466,0.00,313.00,11.00,21.00,1,7,1.0000,-1
782,88393,612.00,250.00,39.00,29.00,1,1,0.3216,-1
782,23927,718.00,149.00,33.00,31.00,1,1,0.2852,-1
782,35342,565.00,0.00,86.00,102.00,1,1,1.0000,-1
782,37790,910.00,22.00,14.00,20.00,1,7,0.0287,-1
783,98269,227.00,356.00,7.00,3.00,1,7,1.0000,-1
783,28978,212.00,346.00,8.00,5.00,1,7,0.9697,-1
783,54681,416.00,382.00,12.00,8.00,1,7,0.9510,-1
783,51885,424.00,346.00,8.00,11.00,1,7,1.0000,-1
783,36159,641.00,333.00,9.00,9.00,1,7,1.0000,-1
783,67180,690.00,312.00,5.00,6.00,1,7,0.1579,-1
783,96243,37.00,303.00,17.00,16.00,1,7,0.7328,-1
783,31226,0.00,340.00,18.00,12.00,1,7,1.0000,-1
783,71909,24.00,262.00,23.00,17.00,1,1,0.8140,-1
783,41466,0.00,308.00,21.00,24.00,1,1,1.0000,-1
783,88393,618.00,249.00,40.00,29.00,1,1,0.3213,-1
783,23927,724.00,147.00,34.00,31.00,1,1,0.2840,-1
783,35342,572.00,0.00,87.00,100.00,1,1,1.0000,-1
783,37790,923.00,17.00,15.00,21.00,1,7,0.0429,-1
784,98269,234.00,356.00,6.00,3.00,1,7,1.0000,-1
784,28978,219.00,346.00,8.00,5.00,1,7,0.9677,-1
784,54681,421.00,382.00,12.00,8.00,1,7,0.9608,-1
784,51885,429.00,346.00,8.00,11.00,1,7,1.0000,-1
784,36159,647.00,333.00,8.00,9.00,1,7,1.0000,-1
784,67180,696.00,312.00,5.00,6.00,1,7,0.1711,-1
784,96243,46.00,304.00,17.00,15.00,1,7,0.7529,-1
784,31226,8.00,340.00,19.00,13.00,1,7,0.9461,-1
784,71909,33.00,263.00,23.00,17.00,1,1,0.8095,-1
784,41466,0.00,308.00,30.00,25.00,1,1,1.0000,-1
784,88393,623.00,249.00,40.00,28.00,1,1,0.3195,-1
784,23927,730.00,146.00,35.00,32.00,1,1,0.2846,-1
784,35342,578.00,0.00,87.00,100.00,1,1,1.0000,-1
784,37790,932.00,14.00,16.00,22.00,1,7,0.0560,-1
785,98269,241.00,357.00,6.00,3.00,1,7,1.0000,-1
785,28978,226.00,347.00,8.00,5.00,1,7,0.9667,-1
785,54681,427.00,382.00,12.00,9.00,1,7,0.9515,-1
785,51885,434.00,347.00,9.00,10.00,1,7,1.0000,-1
785,36159,653.00,333.00,8.00,10.00,1,7,1.0000,-1
785,67180,702.00,312.00,5.00,6.00,1,7,0.1711,-1
785,96243,55.00,305.00,17.00,16.00,1,7,0.7341,-1
785,31226,18.00,341.00,19.00,13.00,1,7,0.9497,-1
785,71909,42.00,265.00,23.00,17.00,1,1,0.8103,-1
785,41466,7.00,310.00,32.00,24.00,1,1,1.0000,-1
785,88393,629.00,249.00,40.00,29.00,1,1,0.3160,-1
785,23927,737.00,145.00,34.00,32.00,1,1,0.2808,-1
785,35342,584.00,0.00,87.00,100.00,1,1,1.0000,-1
785,37790,942.00,11.00,17.00,22.00,1,7,0.0755,-1
786,98269,248.00,357.00,6.00,4.00,1,7,1.0000,-1
786,28978,233.00,348.00,8.00,5.00,1,7,0.9688,-1
786,54681,433.00,383.00,12.00,8.00,1,7,0.9510,-1
786,51885,440.00,347.00,9.00,11.00,1,7,1.0000,-1
786,36159,659.00,333.00,8.00,10.00,1,7,1.0000,-1
786,67180,709.00,312.00,5.00,6.00,1,7,0.1656,-1
786,96243,65.00,307.00,17.00,15.00,1,7,0.7458,-1
786,31226,29.00,343.00,19.00,12.00,1,7,0.9476,-1
786,71909,53.00,267.00,22.00,17.00,1,1,0.8261,-1
786,41466,18.00,312.00,32.00,24.00,1,1,1.0000,-1
786,88393,635.00,249.00,41.00,29.00,1,1,0.3230,-1
786,23927,743.00,145.00,35.00,31.00,1,1,0.2780,-1
786,35342,590.00,0.00,88.00,100.00,1,1,1.0000,-1
786,37790,953.00,8.00,17.00,23.00,1,7,0.1018,-1
787,98269,255.00,357.00,6.00,4.00,1,7,1.0000,-1
787,28978,240.00,348.00,8.00,5.00,1,7,0.9394,-1
787,54681,439.00,383.00,12.00,8.00,1,7,0.9600,-1
787,51885,446.00,347.00,8.00,11.00,1,7,1.0000,-1
787,36159,665.00,333.00,8.00,10.00,1,7,1.0000,-1
787,67180,715.00,311.00,6.00,6.00,1,7,0.1613,-1
787,96243,75.00,307.00,16.00,15.00,1,7,0.7448,-1
787,31226,39.00,343.00,18.00,12.00,1,7,0.9519,-1
787,71909,62.00,268.00,22.00,16.00,1,1,0.8229,-1
787,41466,28.00,312.00,31.00,24.00,1,1,1.0000,-1
787,88393,641.00,248.00,41.00,29.00,1,1,0.3188,-1
787,23927,751.00,144.00,35.00,31.00,1,1,0.2783,-1
787,35342,598.00,0.00,88.00,99.00,1,1,1.0000,-1
787,37790,965.00,4.00,19.00,24.00,1,7,0.1581,-1
788,98269,259.00,357.00,7.00,4.00,1,7,1.0000,-1
788,28978,245.00,348.00,8.00,5.00,1,7,0.9677,-1
788,54681,443.00,382.00,12.00,9.00,1,7,0.9694,-1
788,51885,450.00,347.00,8.00,11.00,1,7,1.0000,-1
788,36159,669.00,333.00,9.00,9.00,1,7,1.0000,-1
788,67180,720.00,311.00,5.00,7.00,1,7,0.1667,-1
788,96243,81.00,307.00,16.00,16.00,1,7,0.7511,-1
788,31226,45.00,343.00,19.00,12.00,1,7,0.9505,-1
788,71909,69.00,268.00,21.00,16.00,1,1,0.8178,-1
788,41466,35.00,312.00,31.00,24.00,1,1,1.0000,-1
788,88393,646.00,248.00,41.00,29.00,1,1,0.3232,-1
788,23927,757.00,143.00,34.00,32.00,1,1,0.2761,-1
788,35342,603.00,0.00,89.00,99.00,1,1,1.0000,-1
788,37790,975.00,1.00,20.00,25.00,1,7,0.2323,-1
789,98269,266.00,356.00,6.00,3.00,1,7,1.0000,-1
789,28978,251.00,346.00,8.00,5.00,1,7,0.9630,-1
789,54681,448.00,381.00,12.00,8.00,1,7,0.9510,-1
789,51885,456.00,346.00,8.00,10.00,1,7,1.0000,-1
789,36159,675.00,332.00,9.00,9.00,1,7,1.0000,-1
789,67180,727.00,310.00,5.00,7.00,1,7,0.1772,-1
789,96243,90.00,306.00,15.00,15.00,1,7,0.7435,-1
789,31226,55.00,341.00,18.00,12.00,1,7,0.9444,-1
789,71909,78.00,267.00,21.00,16.00,1,1,0.8099,-1
789,41466,44.00,310.00,31.00,24.00,1,1,1.0000,-1
789,88393,652.00,247.00,42.00,29.00,1,1,0.3279,-1
789,23927,764.00,141.00,35.00,32.00,1,1,0.2766,-1
789,35342,611.00,0.00,89.00,97.00,1,1,1.0000,-1
789,37790,989.00,0.00,22.00,22.00,1,1,0.4139,-1
790,98269,272.00,356.00,6.00,3.00,1,7,1.0000,-1
790,28978,257.00,347.00,8.00,5.00,1,7,0.9655,-1
790,54681,453.00,381.00,12.00,9.00,1,7,0.9608,-1
790,51885,460.00,346.00,9.00,11.00,1,7,1.0000,-1
790,36159,680.00,332.00,9.00,10.00,1,7,1.0000,-1
790,67180,733.00,310.00,5.00,7.00,1,7,0.1768,-1
790,14931,1019.00,351.00,1.00,6.00,1,7,0.2439,-1
790,96243,97.00,307.00,15.00,15.00,1,7,0.7568,-1
790,68223,0.00,286.00,4.00,7.00,1,7,1.0000,-1
790,31226,62.00,341.00,18.00,12.00,1,7,0.9486,-1
790,71909,85.00,268.00,21.00,16.00,1,1,0.8261,-1
790,41466,52.00,311.00,30.00,24.00,1,1,1.0000,-1
790,88393,657.00,246.00,42.00,30.00,1,1,0.3237,-1
790,23927,770.00,140.00,35.00,32.00,1,1,0.2741,-1
790,35342,616.00,0.00,90.00,96.00,1,1,1.0000,-1
790,37790,999.00,0.00,24.00,18.00,1,1,0.5836,-1
791,98269,277.00,357.00,6.00,3.00,1,7,1.0000,-1
791,28978,262.00,348.00,8.00,5.00,1,7,0.9630,-1
791,54681,457.00,382.00,12.00,8.00,1,7,0.9505,-1
791,51885,465.00,347.00,8.00,10.00,1,7,1.0000,-1
791,36159,685.00,332.00,9.00,10.00,1,7,1.0000,-1
791,67180,738.00,310.00,5.00,7.00,1,7,0.1636,-1
791,96243,104.00,308.00,15.00,15.00,1,7,0.7364,-1
791,68223,5.00,286.00,7.00,9.00,1,7,0.9423,-1
791,31226,70.00,343.00,17.00,12.00,1,7,0.9474,-1
791,71909,92.00,269.00,21.00,16.00,1,1,0.8247,-1
791,41466,60.00,313.00,29.00,23.00,1,1,1.0000,-1
791,88393,662.00,246.00,42.00,30.00,1,1,0.3319,-1
791,23927,775.00,139.00,35.00,32.00,1,1,0.2717,-1
791,35342,621.00,0.00,90.00,96.00,1,1,1.0000,-1
791,37790,1008.00,0.00,15.00,15.00,1,7,0.5209,-1
792,98269,284.00,357.00,6.00,3.00,1,7,1.0000,-1
792,28978,270.00,348.00,7.00,4.00,1,7,0.9615,-1
792,54681,463.00,382.00,12.00,8.00,1,7,0.9505,-1
792,51885,471.00,347.00,8.00,10.00,1,7,1.0000,-1
792,36159,692.00,332.00,9.00,10.00,1,7,1.0000,-1
792,67180,745.00,310.00,5.00,7.00,1,7,0.1758,-1
792,96243,113.00,308.00,15.00,15.00,1,7,0.7453,-1
792,68223,16.00,287.00,7.00,8.00,1,7,0.9796,-1
792,31226,80.00,343.00,17.00,12.00,1,7,0.9515,-1
792,71909,102.00,270.00,20.00,16.00,1,7,0.8145,-1
792,41466,70.00,313.00,29.00,23.00,1,1,1.0000,-1
792,88393,668.00,246.00,43.00,30.00,1,1,0.3281,-1
792,23927,783.00,138.00,36.00,32.00,1,1,0.2695,-1
792,35342,628.00,0.00,90.00,96.00,1,1,1.0000,-1
792,37790,1021.00,0.00,2.00,2.00,1,7,0.0438,-1
793,98269,288.00,354.00,6.00,3.00,1,7,1.0000,-1
793,28978,274.00,345.00,8.00,5.00,1,7,0.9667,-1
793,54681,467.00,381.00,12.00,9.00,1,7,0.9703,-1
793,51885,475.00,346.00,8.00,11.00,1,7,1.0000,-1
793,36159,697.00,334.00,8.00,10.00,1,7,1.0000,-1
793,67180,750.00,312.00,6.00,8.00,1,7,0.1905,-1
793,96243,120.00,304.00,14.00,15.00,1,7,0.7536,-1
793,68223,24.00,281.00,7.00,9.00,1,7,0.9792,-1
793,31226,86.00,338.00,17.00,12.00,1,7,0.9581,-1
793,71909,109.00,266.00,20.00,16.00,1,7,0.8156,-1
793,41466,76.00,308.00,29.00,23.00,1,1,1.0000,-1
793,88393,673.00,248.00,43.00,30.00,1,1,0.3250,-1
793,23927,791.00,141.00,35.00,32.00,1,1,0.2720,-1
793,35342,634.00,0.00,92.00,97.00,1,1,1.0000,-1
794,98269,288.00,354.00,6.00,3.00,1,7,1.0000,-1
794,28978,275.00,345.00,7.00,5.00,1,7,0.9655,-1
794,54681,467.00,382.00,11.00,8.00,1,7,0.9495,-1
794,51885,475.00,347.00,8.00,10.00,1,7,1.0000,-1
794,36159,696.00,335.00,9.00,9.00,1,7,1.0000,-1
794,67180,749.00,313.00,5.00,7.00,1,7,0.1754,-1
794,96243,120.00,304.00,14.00,14.00,1,7,0.7452,-1
794,68223,24.00,281.00,7.00,9.00,1,7,0.9787,-1
794,31226,86.00,338.00,17.00,11.00,1,7,0.9506,-1
794,71909,109.00,266.00,20.00,15.00,1,7,0.8033,-1
794,41466,76.00,308.00,29.00,23.00,1,1,1.0000,-1
794,88393,673.00,248.00,42.00,30.00,1,1,0.3202,-1
794,23927,789.00,141.00,36.00,33.00,1,1,0.2759,-1
794,35342,630.00,0.00,92.00,98.00,1,1,1.0000,-1
794,37790,1020.00,1.00,3.00,7.00,1,7,0.1118,-1
795,98269,287.00,356.00,6.00,4.00,1,7,1.0000,-1
795,28978,273.00,347.00,7.00,5.00,1,7,0.9630,-1
795,54681,465.00,382.00,12.00,8.00,1,7,0.9596,-1
795,51885,473.00,347.00,8.00,10.00,1,7,1.0000,-1
795,36159,694.00,332.00,9.00,10.00,1,7,1.0000,-1
795,67180,746.00,310.00,22.00,5.00,1,7,0.1446,-1
795,96243,117.00,308.00,15.00,15.00,1,7,0.7371,-1
795,68223,21.00,287.00,7.00,8.00,1,7,0.9787,-1
795,31226,84.00,342.00,17.00,12.00,1,7,0.9451,-1
795,71909,105.00,270.00,21.00,16.00,1,1,0.8122,-1
795,41466,74.00,313.00,29.00,22.00,1,1,1.0000,-1
795,88393,669.00,245.00,41.00,30.00,1,1,0.3087,-1
795,23927,782.00,137.00,38.00,32.00,1,1,0.2904,-1
795,35342,618.00,0.00,89.00,95.00,1,1,1.0000,-1
795,37790,1003.00,0.00,12.00,8.00,1,7,0.2305,-1
796,98269,286.00,356.00,6.00,4.00,1,7,1.0000,-1
796,28978,272.00,347.00,7.00,5.00,1,7,0.9615,-1
796,54681,464.00,382.00,12.00,8.00,1,7,0.9688,-1
796,51885,472.00,346.00,8.00,11.00,1,7,1.0000,-1
796,36159,693.00,332.00,9.00,9.00,1,7,1.0000,-1
796,67180,745.00,310.00,22.00,5.00,1,7,0.1138,-1
796,96243,116.00,308.00,14.00,15.00,1,7,0.7381,-1
796,68223,19.00,287.00,7.00,8.00,1,7,0.9792,-1
796,31226,82.00,342.00,17.00,12.00,1,7,0.9458,-1
796,71909,104.00,270.00,20.00,16.00,1,7,0.8122,-1
796,41466,72.00,313.00,29.00,22.00,1,1,1.0000,-1
796,88393,667.00,245.00,41.00,30.00,1,1,0.3114,-1
796,23927,779.00,137.00,38.00,33.00,1,1,0.2971,-1
796,35342,612.00,0.00,88.00,95.00,1,1,1.0000,-1
796,37790,989.00,0.00,7.00,8.00,1,7,0.0708,-1
797,98269,285.00,356.00,6.00,4.00,1,7,1.0000,-1
797,28978,271.00,347.00,7.00,5.00,1,7,0.9615,-1
797,54681,463.00,382.00,12.00,8.00,1,7,0.9592,-1
797,51885,470.00,346.00,9.00,11.00,1,7,1.0000,-1
797,36159,691.00,332.00,9.00,9.00,1,7,1.0000,-1
797,67180,743.00,310.00,22.00,6.00,1,7,0.1084,-1
797,96243,114.00,308.00,15.00,15.00,1,7,0.7393,-1
797,68223,18.00,287.00,7.00,8.00,1,7,0.9167,-1
797,31226,80.00,342.00,18.00,12.00,1,7,0.9512,-1
797,71909,102.00,270.00,20.00,16.00,1,7,0.8185,-1
797,41466,70.00,313.00,29.00,23.00,1,1,1.0000,-1
797,88393,665.00,245.00,40.00,30.00,1,1,0.2970,-1
797,23927,776.00,137.00,39.00,33.00,1,1,0.3109,-1
797,35342,605.00,0.00,88.00,95.00,1,1,1.0000,-1
798,98269,284.00,356.00,6.00,4.00,1,7,1.0000,-1
798,28978,270.00,347.00,7.00,5.00,1,7,1.0000,-1
798,54681,462.00,382.00,12.00,8.00,1,7,0.9490,-1
798,51885,469.00,346.00,8.00,11.00,1,7,1.0000,-1
798,36159,690.00,332.00,9.00,9.00,1,7,1.0000,-1
798,67180,742.00,310.00,22.00,7.00,1,7,0.1333,-1
798,96243,113.00,308.00,14.00,15.00,1,7,0.7381,-1
798,68223,16.00,287.00,7.00,8.00,1,7,0.9362,-1
798,31226,79.00,342.00,17.00,12.00,1,7,0.9515,-1
798,71909,100.00,270.00,21.00,16.00,1,1,0.7984,-1
798,41466,68.00,313.00,29.00,23.00,1,1,1.0000,-1
798,88393,663.00,245.00,40.00,30.00,1,1,0.2947,-1
798,23927,773.00,137.00,39.00,33.00,1,1,0.3139,-1
798,35342,599.00,0.00,87.00,95.00,1,1,1.0000,-1
799,98269,283.00,357.00,6.00,3.00,1,7,1.0000,-1
799,28978,269.00,348.00,7.00,4.00,1,7,0.9630,-1
799,54681,461.00,382.00,12.00,8.00,1,7,0.9592,-1
799,51885,468.00,347.00,8.00,10.00,1,7,1.0000,-1
799,36159,689.00,332.00,9.00,10.00,1,7,1.0000,-1
799,67180,758.00,311.00,5.00,6.00,1,7,0.1646,-1
799,96243,111.00,308.00,15.00,15.00,1,7,0.7371,-1
799,68223,14.00,287.00,7.00,8.00,1,7,0.9792,-1
799,31226,77.00,342.00,17.00,12.00,1,7,0.9563,-1
799,71909,99.00,270.00,20.00,16.00,1,7,0.8189,-1
799,41466,67.00,313.00,29.00,23.00,1,1,1.0000,-1
799,88393,661.00,245.00,39.00,30.00,1,1,0.2773,-1
799,23927,770.00,137.00,39.00,33.00,1,1,0.3262,-1
799,35342,593.00,0.00,86.00,95.00,1,1,1.0000,-1
800,98269,282.00,357.00,6.00,3.00,1,7,1.0000,-1
800,28978,268.00,348.00,7.00,4.00,1,7,1.0000,-1
800,54681,460.00,382.00,11.00,8.00,1,7,0.9394,-1
800,51885,467.00,347.00,8.00,10.00,1,7,1.0000,-1
800,36159,688.00,332.00,8.00,10.00,1,7,1.0000,-1
800,67180,755.00,310.00,7.00,8.00,1,7,0.2378,-1
800,96243,110.00,308.00,14.00,15.00,1,7,0.7441,-1
800,68223,13.00,287.00,7.00,9.00,1,7,0.9574,-1
800,31226,76.00,343.00,17.00,11.00,1,7,0.9515,-1
800,71909,97.00,270.00,21.00,16.00,1,1,0.7967,-1
800,41466,65.00,313.00,29.00,23.00,1,1,1.0000,-1
800,88393,659.00,246.00,38.00,29.00,1,1,0.2722,-1
800,23927,767.00,137.00,40.00,34.00,1,1,0.3341,-1
800,35342,586.00,0.00,86.00,95.00,1,1,1.0000,-1
801,98269,281.00,357.00,6.00,3.00,1,7,1.0000,-1
801,28978,267.00,348.00,7.00,4.00,1,7,0.9615,-1
801,54681,459.00,382.00,11.00,8.00,1,7,0.9490,-1
801,51885,465.00,347.00,9.00,10.00,1,7,1.0000,-1
801,36159,686.00,332.00,9.00,10.00,1,7,1.0000,-1
801,67180,752.00,310.00,8.00,8.00,1,7,0.2970,-1
801,96243,108.00,309.00,15.00,14.00,1,7,0.7371,-1
801,68223,11.00,287.00,7.00,9.00,1,7,0.9583,-1
801,31226,74.00,343.00,17.00,12.00,1,7,0.9576,-1
801,71909,95.00,270.00,21.00,16.00,1,1,0.8057,-1
801,41466,63.00,313.00,29.00,23.00,1,1,1.0000,-1
801,88393,657.00,246.00,38.00,30.00,1,1,0.2676,-1
801,23927,765.00,137.00,39.00,34.00,1,1,0.3402,-1
801,35342,580.00,0.00,85.00,95.00,1,1,1.0000,-1
802,98269,280.00,357.00,6.00,3.00,1,7,1.0000,-1
802,28978,266.00,348.00,7.00,5.00,1,7,0.9643,-1
802,54681,458.00,382.00,11.00,8.00,1,7,0.9485,-1
802,51885,464.00,347.00,9.00,11.00,1,7,1.0000,-1
802,36159,685.00,332.00,9.00,10.00,1,7,1.0000,-1
802,67180,750.00,310.00,9.00,8.00,1,7,0.3713,-1
802,96243,107.00,309.00,14.00,14.00,1,7,0.7333,-1
802,68223,10.00,287.00,6.00,9.00,1,7,0.9783,-1
802,31226,72.00,343.00,18.00,12.00,1,7,0.9515,-1
802,71909,94.00,271.00,20.00,15.00,1,7,0.7976,-1
802,41466,62.00,313.00,29.00,23.00,1,1,1.0000,-1
802,88393,654.00,246.00,38.00,30.00,1,1,0.2613,-1
802,23927,762.00,137.00,40.00,35.00,1,1,0.3459,-1
802,35342,573.00,0.00,85.00,96.00,1,1,1.0000,-1
803,98269,278.00,357.00,6.00,3.00,1,7,1.0000,-1
803,28978,265.00,348.00,7.00,5.00,1,7,0.9667,-1
803,54681,456.00,382.00,12.00,9.00,1,7,0.9485,-1
803,51885,463.00,347.00,8.00,11.00,1,7,1.0000,-1
803,36159,684.00,333.00,8.00,9.00,1,7,1.0000,-1
803,67180,747.00,310.00,11.00,9.00,1,7,0.4398,-1
803,96243,105.00,309.00,15.00,14.00,1,7,0.7256,-1
803,68223,8.00,288.00,7.00,8.00,1,7,0.9565,-1
803,31226,71.00,343.00,17.00,12.00,1,7,0.9521,-1
803,71909,92.00,271.00,21.00,16.00,1,1,0.7854,-1
803,41466,60.00,314.00,29.00,22.00,1,1,1.0000,-1
803,88393,652.00,246.00,37.00,30.00,1,1,0.2550,-1
803,23927,760.00,138.00,42.00,34.00,1,1,0.3567,-1
803,35342,567.00,0.00,84.00,96.00,1,1,1.0000,-1
804,98269,277.00,357.00,6.00,4.00,1,7,1.0000,-1
804,28978,264.00,348.00,7.00,5.00,1,7,0.9630,-1
804,54681,455.00,383.00,12.00,8.00,1,7,0.9588,-1
804,51885,462.00,347.00,8.00,11.00,1,7,1.0000,-1
804,36159,682.00,333.00,9.00,9.00,1,7,1.0000,-1
804,67180,745.00,311.00,11.00,8.00,1,7,0.5031,-1
804,96243,104.00,309.00,15.00,15.00,1,7,0.7358,-1
804,68223,6.00,288.00,7.00,8.00,1,7,0.9583,-1
804,31226,69.00,343.00,18.00,12.00,1,7,0.9573,-1
804,71909,91.00,271.00,20.00,16.00,1,7,0.7992,-1
804,41466,58.00,314.00,29.00,23.00,1,1,1.0000,-1
804,88393,650.00,246.00,37.00,30.00,1,1,0.2476,-1
804,23927,757.00,138.00,39.00,34.00,1,1,0.3624,-1
804,35342,561.00,0.00,82.00,96.00,1,1,1.0000,-1
805,98269,276.00,358.00,6.00,3.00,1,7,1.0000,-1
805,28978,263.00,349.00,7.00,4.00,1,7,0.9259,-1
805,54681,454.00,383.00,12.00,8.00,1,7,0.9500,-1
805,51885,461.00,348.00,8.00,10.00,1,7,1.0000,-1
805,36159,681.00,333.00,9.00,10.00,1,7,1.0000,-1
805,67180,742.00,311.00,13.00,8.00,1,7,0.5758,-1
805,96243,102.00,309.00,15.00,15.00,1,7,0.7290,-1
805,68223,4.00,288.00,8.00,8.00,1,7,0.9787,-1
805,31226,68.00,344.00,17.00,11.00,1,7,0.9512,-1
805,71909,89.00,271.00,21.00,16.00,1,1,0.8000,-1
805,41466,57.00,314.00,29.00,23.00,1,1,1.0000,-1
805,88393,648.00,246.00,36.00,30.00,1,1,0.2365,-1
805,23927,754.00,138.00,40.00,35.00,1,1,0.3684,-1
805,35342,554.00,0.00,82.00,96.00,1,1,1.0000,-1
806,98269,275.00,358.00,7.00,3.00,1,7,1.0000,-1
806,28978,262.00,349.00,7.00,4.00,1,7,0.9615,-1
806,54681,453.00,383.00,12.00,8.00,1,7,0.9381,-1
806,51885,459.00,348.00,9.00,10.00,1,7,1.0000,-1
806,36159,680.00,333.00,8.00,10.00,1,7,0.9730,-1
806,67180,740.00,311.00,14.00,8.00,1,7,0.6424,-1
806,96243,101.00,310.00,15.00,14.00,1,7,0.7302,-1
806,68223,2.00,288.00,8.00,9.00,1,7,1.0000,-1
806,31226,66.00,344.00,17.00,12.00,1,7,0.9576,-1
806,71909,87.00,271.00,21.00,16.00,1,1,0.7871,-1
806,41466,55.00,314.00,29.00,23.00,1,1,1.0000,-1
806,88393,646.00,247.00,35.00,30.00,1,1,0.2273,-1
806,23927,751.00,138.00,43.00,35.00,1,1,0.3780,-1
806,35342,548.00,0.00,81.00,97.00,1,1,1.0000,-1
807,98269,274.00,358.00,7.00,3.00,1,7,1.0000,-1
807,28978,261.00,349.00,7.00,5.00,1,7,0.9655,-1
807,54681,452.00,383.00,11.00,8.00,1,7,0.9381,-1
807,51885,458.00,348.00,8.00,11.00,1,7,1.0000,-1
807,36159,678.00,333.00,8.00,10.00,1,7,0.8987,-1
807,67180,737.00,311.00,15.00,8.00,1,7,0.7205,-1
807,96243,99.00,310.00,15.00,14.00,1,7,0.7269,-1
807,68223,1.00,288.00,7.00,9.00,1,7,0.9792,-1
807,31226,64.00,344.00,18.00,12.00,1,7,0.9524,-1
807,71909,86.00,272.00,20.00,15.00,1,7,0.7863,-1
807,41466,53.00,315.00,29.00,22.00,1,1,1.0000,-1
807,88393,644.00,247.00,35.00,30.00,1,1,0.2212,-1
807,23927,749.00,139.00,39.00,35.00,1,1,0.3778,-1
807,35342,541.00,0.00,81.00,97.00,1,1,1.0000,-1
808,98269,273.00,358.00,6.00,3.00,1,7,1.0000,-1
808,28978,260.00,349.00,7.00,5.00,1,7,0.9667,-1
808,54681,451.00,383.00,11.00,9.00,1,7,0.9375,-1
808,51885,457.00,348.00,8.00,11.00,1,7,1.0000,-1
808,36159,677.00,334.00,7.00,9.00,1,7,0.8082,-1
808,67180,735.00,311.00,16.00,9.00,1,7,0.7633,-1
808,96243,98.00,310.00,14.00,15.00,1,7,0.7264,-1
808,68223,0.00,289.00,7.00,8.00,1,7,0.9783,-1
808,31226,63.00,344.00,17.00,12.00,1,7,0.9532,-1
808,71909,84.00,272.00,21.00,16.00,1,1,0.7866,-1
808,41466,52.00,315.00,29.00,22.00,1,1,1.0000,-1
808,88393,642.00,247.00,34.00,30.00,1,1,0.2153,-1
808,23927,746.00,139.00,33.00,35.00,1,1,0.2983,-1
808,35342,535.00,0.00,80.00,97.00,1,1,1.0000,-1
809,98269,272.00,358.00,6.00,4.00,1,7,1.0000,-1
809,28978,259.00,349.00,7.00,5.00,1,7,0.9643,-1
809,54681,450.00,383.00,11.00,9.00,1,7,0.9271,-1
809,51885,456.00,348.00,8.00,11.00,1,7,1.0000,-1
809,36159,675.00,334.00,8.00,9.00,1,7,0.7324,-1
809,67180,732.00,311.00,18.00,9.00,1,7,0.8383,-1
809,96243,96.00,310.00,15.00,14.00,1,7,0.7196,-1
809,68223,0.00,290.00,5.00,7.00,1,7,0.9512,-1
809,31226,61.00,344.00,18.00,12.00,1,7,0.9578,-1
809,71909,82.00,272.00,21.00,16.00,1,1,0.7823,-1
809,41466,50.00,315.00,29.00,22.00,1,1,1.0000,-1
809,88393,640.00,247.00,33.00,30.00,1,1,0.2024,-1
809,23927,743.00,139.00,20.00,35.00,1,7,0.2699,-1
809,35342,528.00,0.00,80.00,98.00,1,1,1.0000,-1
810,98269,271.00,358.00,6.00,4.00,1,7,1.0000,-1
810,28978,258.00,350.00,7.00,4.00,1,7,0.9231,-1
810,54681,448.00,384.00,12.00,8.00,1,7,0.9388,-1
810,51885,455.00,348.00,8.00,11.00,1,7,1.0000,-1
810,36159,674.00,335.00,7.00,9.00,1,7,0.6301,-1
810,67180,730.00,311.00,18.00,9.00,1,7,0.8841,-1
810,14931,1020.00,351.00,3.00,10.00,1,7,1.0000,-1
810,96243,95.00,310.00,15.00,15.00,1,7,0.7176,-1
810,68223,0.00,291.00,3.00,6.00,1,7,1.0000,-1
810,31226,60.00,345.00,17.00,11.00,1,7,0.9512,-1
810,71909,81.00,272.00,21.00,16.00,1,1,0.7809,-1
810,41466,48.00,315.00,29.00,23.00,1,1,1.0000,-1
810,88393,638.00,247.00,33.00,30.00,1,7,0.1970,-1
810,23927,741.00,145.00,8.00,18.00,1,7,0.0767,-1
810,35342,522.00,0.00,79.00,98.00,1,1,1.0000,-1
810,82065,1018.00,373.00,5.00,50.00,1,7,0.0127,-1
811,98269,270.00,359.00,6.00,3.00,1,7,1.0000,-1
811,28978,257.00,350.00,7.00,4.00,1,7,0.9600,-1
811,54681,447.00,384.00,12.00,8.00,1,7,0.9286,-1
811,51885,453.00,349.00,9.00,10.00,1,7,1.0000,-1
811,36159,673.00,336.00,6.00,8.00,1,7,0.5479,-1
811,67180,727.00,312.00,20.00,8.00,1,7,0.9259,-1
811,54924,1023.00,374.00,0.00,2.00,1,7,1.0000,-1
811,14931,1019.00,350.00,4.00,13.00,1,7,1.0000,-1
811,96243,93.00,310.00,15.00,15.00,1,7,0.7235,-1
811,68223,0.00,292.00,2.00,5.00,1,7,1.0000,-1
811,31226,58.00,345.00,18.00,11.00,1,7,0.9573,-1
811,71909,79.00,272.00,21.00,16.00,1,1,0.7747,-1
811,41466,47.00,315.00,29.00,23.00,1,1,1.0000,-1
811,88393,636.00,248.00,32.00,30.00,1,7,0.1876,-1
811,35342,516.00,0.00,78.00,98.00,1,1,1.0000,-1
811,82065,996.00,367.00,27.00,88.00,1,7,0.1224,-1
812,98269,269.00,359.00,6.00,3.00,1,7,1.0000,-1
812,28978,256.00,350.00,7.00,4.00,1,7,0.9615,-1
812,54681,446.00,384.00,12.00,8.00,1,7,0.9286,-1
812,51885,452.00,349.00,8.00,10.00,1,7,1.0000,-1
812,36159,672.00,337.00,5.00,7.00,1,7,0.4189,-1
812,67180,725.00,312.00,21.00,8.00,1,7,0.9630,-1
812,54924,1021.00,373.00,2.00,3.00,1,7,1.0000,-1
812,14931,1017.00,349.00,6.00,15.00,1,7,1.0000,-1
812,96243,92.00,311.00,15.00,14.00,1,7,0.7163,-1
812,68223,0.00,294.00,0.00,2.00,1,7,1.0000,-1
812,31226,56.00,345.00,18.00,11.00,1,7,0.9512,-1
812,71909,78.00,273.00,21.00,15.00,1,7,0.7717,-1
812,41466,45.00,315.00,29.00,23.00,1,1,1.0000,-1
812,88393,634.00,248.00,31.00,30.00,1,7,0.1779,-1
812,35342,509.00,0.00,78.00,98.00,1,1,1.0000,-1
812,82065,975.00,365.00,44.00,94.00,1,7,0.1913,-1
813,98269,268.00,359.00,7.00,3.00,1,7,1.0000,-1
813,28978,255.00,350.00,7.00,5.00,1,7,0.9655,-1
813,54681,445.00,384.00,11.00,8.00,1,7,0.9286,-1
813,51885,451.00,349.00,8.00,10.00,1,7,1.0000,-1
813,36159,670.00,338.00,5.00,6.00,1,7,0.3600,-1
813,67180,723.00,312.00,10.00,8.00,1,7,0.5000,-1
813,54924,1020.00,372.00,3.00,4.00,1,7,1.0000,-1
813,14931,1015.00,349.00,8.00,16.00,1,7,1.0000,-1
813,96243,90.00,311.00,15.00,14.00,1,7,0.7143,-1
813,31226,55.00,345.00,17.00,12.00,1,7,0.9529,-1
813,71909,76.00,273.00,21.00,16.00,1,1,0.7569,-1
813,41466,43.00,316.00,29.00,23.00,1,1,1.0000,-1
813,88393,632.00,248.00,30.00,30.00,1,7,0.1674,-1
813,35342,502.00,0.00,77.00,98.00,1,1,1.0000,-1
813,82065,954.00,363.00,50.00,97.00,1,1,0.2358,-1
814,98269,267.00,359.00,6.00,4.00,1,7,1.0000,-1
814,28978,253.00,350.00,8.00,5.00,1,7,0.9643,-1
814,54681,444.00,384.00,11.00,8.00,1,7,0.9271,-1
814,51885,450.00,349.00,8.00,11.00,1,7,1.0000,-1
814,36159,669.00,339.00,4.00,5.00,1,7,0.2297,-1
814,54924,1018.00,372.00,5.00,4.00,1,7,1.0000,-1
814,14931,1014.00,348.00,9.00,17.00,1,7,1.0000,-1
814,96243,88.00,312.00,16.00,14.00,1,7,0.7123,-1
814,31226,53.00,346.00,18.00,12.00,1,7,0.9581,-1
814,71909,74.00,274.00,21.00,15.00,1,7,0.7649,-1
814,41466,41.00,316.00,29.00,23.00,1,1,1.0000,-1
814,88393,629.00,248.00,31.00,30.00,1,7,0.1636,-1
814,35342,495.00,0.00,77.00,98.00,1,1,1.0000,-1
814,37790,899.00,0.00,2.00,1.00,1,7,0.0018,-1
814,82065,935.00,362.00,55.00,100.00,1,1,0.2793,-1
815,98269,266.00,360.00,6.00,3.00,1,7,1.0000,-1
815,28978,252.00,351.00,8.00,4.00,1,7,0.9615,-1
815,54681,443.00,384.00,11.00,8.00,1,7,0.9362,-1
815,51885,448.00,349.00,8.00,11.00,1,7,1.0000,-1
815,36159,667.00,340.00,4.00,3.00,1,7,0.1806,-1
815,54924,1016.00,371.00,7.00,4.00,1,7,1.0000,-1
815,14931,1012.00,347.00,11.00,19.00,1,7,1.0000,-1
815,96243,87.00,312.00,15.00,14.00,1,7,0.7156,-1
815,31226,51.00,346.00,18.00,12.00,1,7,0.9527,-1
815,71909,72.00,274.00,21.00,16.00,1,1,0.7717,-1
815,41466,39.00,317.00,30.00,22.00,1,1,1.0000,-1
815,88393,627.00,248.00,30.00,29.00,1,7,0.1528,-1
815,35342,488.00,0.00,76.00,98.00,1,1,1.0000,-1
815,37790,879.00,0.00,6.00,2.00,1,7,0.0066,-1
815,82065,915.00,360.00,60.00,105.00,1,1,0.3248,-1
816,98269,265.00,360.00,6.00,3.00,1,7,1.0000,-1
816,28978,251.00,351.00,8.00,4.00,1,7,0.9630,-1
816,54681,442.00,384.00,11.00,8.00,1,7,0.9255,-1
816,51885,447.00,349.00,8.00,11.00,1,7,1.0000,-1
816,36159,666.00,340.00,3.00,3.00,1,7,0.1216,-1
816,54924,1014.00,371.00,7.00,4.00,1,7,1.0000,-1
816,14931,1010.00,347.00,13.00,19.00,1,7,1.0000,-1
816,96243,85.00,312.00,15.00,15.00,1,7,0.7189,-1
816,31226,50.00,347.00,17.00,11.00,1,7,0.9509,-1
816,71909,70.00,274.00,22.00,16.00,1,1,0.7597,-1
816,41466,38.00,317.00,29.00,23.00,1,1,1.0000,-1
816,88393,625.00,248.00,29.00,29.00,1,7,0.1450,-1
816,35342,481.00,0.00,76.00,98.00,1,1,1.0000,-1
816,37790,859.00,0.00,11.00,4.00,1,7,0.0155,-1
816,82065,895.00,359.00,67.00,107.00,1,1,0.3715,-1
817,98269,264.00,360.00,6.00,3.00,1,7,1.0000,-1
817,28978,250.00,351.00,8.00,5.00,1,7,0.9310,-1
817,54681,440.00,384.00,12.00,8.00,1,7,0.9255,-1
817,51885,446.00,349.00,8.00,11.00,1,7,1.0000,-1
817,36159,664.00,341.00,2.00,2.00,1,7,0.0541,-1
817,54924,1013.00,370.00,7.00,4.00,1,7,1.0000,-1
817,14931,1008.00,347.00,15.00,18.00,1,7,1.0000,-1
817,96243,84.00,313.00,15.00,14.00,1,7,0.7130,-1
817,31226,48.00,347.00,18.00,12.00,1,7,0.9527,-1
817,71909,69.00,275.00,21.00,15.00,1,7,0.7647,-1
817,41466,36.00,317.00,29.00,23.00,1,1,1.0000,-1
817,88393,623.00,248.00,40.00,29.00,1,7,0.1378,-1
817,35342,474.00,0.00,76.00,98.00,1,1,1.0000,-1
817,37790,839.00,0.00,15.00,5.00,1,7,0.0289,-1
817,82065,875.00,356.00,72.00,111.00,1,1,0.4200,-1
818,98269,262.00,360.00,7.00,3.00,1,7,1.0000,-1
818,28978,249.00,351.00,8.00,5.00,1,7,0.9667,-1
818,54681,439.00,384.00,11.00,8.00,1,7,0.9263,-1
818,51885,445.00,349.00,8.00,11.00,1,7,1.0000,-1
818,54924,1011.00,370.00,7.00,4.00,1,7,1.0000,-1
818,14931,1007.00,346.00,16.00,19.00,1,7,1.0000,-1
818,96243,82.00,313.00,15.00,14.00,1,7,0.7202,-1
818,31226,46.00,347.00,18.00,12.00,1,7,0.9591,-1
818,71909,67.00,275.00,21.00,15.00,1,7,0.7695,-1
818,41466,34.00,318.00,29.00,22.00,1,1,1.0000,-1
818,88393,621.00,248.00,28.00,29.00,1,7,0.1286,-1
818,35342,467.00,0.00,76.00,98.00,1,1,1.0000,-1
818,37790,819.00,0.00,20.00,7.00,1,7,0.0483,-1
818,82065,856.00,355.00,78.00,112.00,1,1,0.4690,-1
819,98269,261.00,360.00,7.00,3.00,1,7,1.0000,-1
819,28978,248.00,351.00,8.00,5.00,1,7,0.9667,-1
819,54681,438.00,384.00,11.00,8.00,1,7,0.9375,-1
819,51885,443.00,349.00,8.00,11.00,1,7,1.0000,-1
819,54924,1010.00,370.00,7.00,4.00,1,7,1.0000,-1
819,14931,1005.00,346.00,18.00,19.00,1,7,1.0000,-1
819,96243,81.00,313.00,15.00,14.00,1,7,0.7156,-1
819,31226,45.00,347.00,18.00,12.00,1,7,0.9593,-1
819,71909,65.00,275.00,22.00,16.00,1,1,0.7520,-1
819,41466,32.00,318.00,30.00,22.00,1,1,1.0000,-1
819,88393,619.00,266.00,8.00,10.00,1,7,0.0661,-1
819,35342,460.00,0.00,76.00,98.00,1,1,1.0000,-1
819,37790,799.00,0.00,25.00,9.00,1,7,0.0754,-1
819,82065,836.00,355.00,84.00,112.00,1,1,0.5174,-1
820,98269,260.00,360.00,7.00,3.00,1,7,1.0000,-1
820,28978,247.00,351.00,8.00,5.00,1,7,0.9655,-1
820,54681,437.00,384.00,11.00,8.00,1,7,0.9271,-1
820,51885,442.00,349.00,8.00,10.00,1,7,1.0000,-1
820,54924,1008.00,369.00,7.00,4.00,1,7,1.0000,-1
820,14931,1003.00,346.00,20.00,19.00,1,7,1.0000,-1
820,96243,79.00,313.00,15.00,14.00,1,7,0.7078,-1
820,31226,43.00,347.00,18.00,12.00,1,7,0.9529,-1
820,71909,63.00,275.00,22.00,15.00,1,7,0.7481,-1
820,41466,31.00,318.00,29.00,22.00,1,1,1.0000,-1
820,88393,616.00,266.00,6.00,10.00,1,7,0.0519,-1
820,35342,453.00,0.00,76.00,98.00,1,1,0.9868,-1
820,37790,779.00,0.00,30.00,10.00,1,7,0.1055,-1
820,82065,817.00,355.00,89.00,112.00,1,1,0.5645,-1
821,98269,259.00,360.00,7.00,3.00,1,7,1.0000,-1
821,28978,246.00,351.00,8.00,5.00,1,7,0.9643,-1
821,54681,436.00,384.00,11.00,8.00,1,7,0.9271,-1
821,51885,441.00,349.00,8.00,10.00,1,7,1.0000,-1
821,54924,1007.00,369.00,7.00,4.00,1,7,1.0000,-1
821,14931,1002.00,345.00,21.00,19.00,1,1,1.0000,-1
821,96243,77.00,313.00,16.00,14.00,1,7,0.7051,-1
821,31226,41.00,347.00,18.00,12.00,1,7,0.9535,-1
821,71909,62.00,275.00,21.00,15.00,1,7,0.7539,-1
821,41466,29.00,318.00,29.00,22.00,1,1,1.0000,-1
821,35342,447.00,0.00,74.00,98.00,1,1,0.9318,-1
821,37790,760.00,0.00,35.00,10.00,1,7,0.1350,-1
821,82065,799.00,355.00,93.00,111.00,1,1,0.6008,-1
822,98269,258.00,360.00,6.00,3.00,1,7,1.0000,-1
822,28978,245.00,351.00,7.00,4.00,1,7,0.9286,-1
822,54681,435.00,384.00,11.00,8.00,1,7,0.9271,-1
822,51885,440.00,349.00,8.00,10.00,1,7,1.0000,-1
822,54924,1005.00,369.00,7.00,4.00,1,7,1.0000,-1
822,14931,1000.00,345.00,23.00,19.00,1,1,1.0000,-1
822,96243,76.00,312.00,15.00,15.00,1,7,0.7104,-1
822,31226,40.00,347.00,18.00,12.00,1,7,0.9583,-1
822,71909,60.00,275.00,22.00,15.00,1,7,0.7315,-1
822,41466,27.00,318.00,30.00,22.00,1,1,1.0000,-1
822,35342,440.00,0.00,71.00,97.00,1,1,0.8441,-1
822,37790,740.00,0.00,35.00,11.00,1,7,0.1613,-1
822,82065,781.00,354.00,98.00,112.00,1,1,0.6357,-1
823,98269,257.00,359.00,6.00,4.00,1,7,1.0000,-1
823,28978,244.00,351.00,7.00,4.00,1,7,0.8929,-1
823,54681,434.00,383.00,11.00,9.00,1,7,0.9355,-1
823,51885,439.00,348.00,8.00,11.00,1,7,1.0000,-1
823,54924,1003.00,369.00,7.00,4.00,1,7,1.0000,-1
823,14931,999.00,345.00,24.00,19.00,1,1,1.0000,-1
823,96243,74.00,312.00,15.00,14.00,1,7,0.6937,-1
823,31226,38.00,347.00,18.00,11.00,1,7,0.9586,-1
823,71909,58.00,274.00,22.00,16.00,1,1,0.7471,-1
823,41466,25.00,317.00,30.00,23.00,1,1,1.0000,-1
823,35342,433.00,0.00,70.00,97.00,1,1,0.7252,-1
823,37790,721.00,0.00,35.00,12.00,1,7,0.1892,-1
823,82065,763.00,354.00,102.00,112.00,1,1,0.6685,-1
824,98269,256.00,359.00,7.00,3.00,1,7,1.0000,-1
824,28978,243.00,350.00,7.00,5.00,1,7,0.9355,-1
824,54681,433.00,383.00,10.00,8.00,1,7,0.9032,-1
824,51885,437.00,348.00,8.00,11.00,1,7,1.0000,-1
824,54924,1002.00,369.00,7.00,4.00,1,7,1.0000,-1
824,14931,997.00,345.00,26.00,19.00,1,1,1.0000,-1
824,96243,73.00,312.00,15.00,14.00,1,7,0.7045,-1
824,31226,37.00,346.00,18.00,12.00,1,7,0.9591,-1
824,71909,57.00,274.00,21.00,16.00,1,1,0.7393,-1
824,41466,24.00,317.00,29.00,22.00,1,1,1.0000,-1
824,35342,427.00,0.00,64.00,97.00,1,1,0.5789,-1
824,37790,702.00,0.00,34.00,13.00,1,7,0.2089,-1
824,82065,745.00,354.00,106.00,112.00,1,1,0.6995,-1
825,98269,255.00,359.00,6.00,3.00,1,7,1.0000,-1
825,28978,242.00,350.00,7.00,4.00,1,7,0.9630,-1
825,54681,431.00,383.00,11.00,8.00,1,7,0.9158,-1
825,51885,436.00,348.00,8.00,10.00,1,7,1.0000,-1
825,67180,722.00,310.00,6.00,7.00,1,7,0.2270,-1
825,71825,1022.00,326.00,1.00,2.00,1,7,1.0000,-1
825,54924,1000.00,369.00,7.00,4.00,1,7,1.0000,-1
825,14931,996.00,345.00,27.00,19.00,1,1,1.0000,-1
825,96243,71.00,311.00,16.00,15.00,1,7,0.6982,-1
825,31226,35.00,346.00,18.00,12.00,1,7,0.9529,-1
825,71909,55.00,273.00,22.00,16.00,1,1,0.7395,-1
825,41466,22.00,316.00,29.00,23.00,1,1,1.0000,-1
825,35342,421.00,6.00,59.00,90.00,1,1,0.4109,-1
825,37790,683.00,0.00,34.00,14.00,1,7,0.2272,-1
825,82065,727.00,354.00,111.00,112.00,1,1,0.7288,-1
826,98269,254.00,358.00,6.00,4.00,1,7,1.0000,-1
826,28978,241.00,350.00,7.00,4.00,1,7,0.8929,-1
826,54681,430.00,383.00,11.00,8.00,1,7,0.9167,-1
826,51885,435.00,348.00,8.00,10.00,1,7,1.0000,-1
826,67180,706.00,309.00,21.00,9.00,1,7,1.0000,-1
826,71825,1021.00,326.00,2.00,4.00,1,7,1.0000,-1
826,54924,999.00,369.00,7.00,4.00,1,7,1.0000,-1
826,14931,994.00,345.00,27.00,19.00,1,1,1.0000,-1
826,96243,70.00,311.00,15.00,14.00,1,7,0.6968,-1
826,31226,34.00,345.00,18.00,12.00,1,7,0.9535,-1
826,71909,53.00,273.00,22.00,16.00,1,1,0.7414,-1
826,41466,20.00,316.00,30.00,22.00,1,1,1.0000,-1
826,23927,740.00,160.00,3.00,8.00,1,7,0.0134,-1
826,35342,414.00,24.00,52.00,72.00,1,1,0.2530,-1
826,37790,664.00,0.00,33.00,14.00,1,7,0.2502,-1
826,82065,709.00,354.00,115.00,112.00,1,1,0.7584,-1
827,98269,253.00,358.00,7.00,3.00,1,7,1.0000,-1
827,28978,240.00,349.00,8.00,5.00,1,7,0.9655,-1
827,54681,429.00,383.00,11.00,8.00,1,7,0.9263,-1
827,51885,434.00,347.00,8.00,11.00,1,7,1.0000,-1
827,67180,705.00,309.00,21.00,9.00,1,7,1.0000,-1
827,71825,1019.00,326.00,4.00,4.00,1,7,1.0000,-1
827,54924,997.00,369.00,7.00,4.00,1,7,1.0000,-1
827,14931,993.00,345.00,27.00,20.00,1,1,1.0000,-1
827,96243,68.00,310.00,16.00,15.00,1,7,0.6951,-1
827,31226,32.00,345.00,18.00,12.00,1,7,0.9586,-1
827,71909,52.00,272.00,22.00,16.00,1,1,0.7481,-1
827,41466,19.00,315.00,29.00,23.00,1,1,1.0000,-1
827,23927,715.00,145.00,26.00,27.00,1,7,0.0605,-1
827,35342,410.00,43.00,41.00,53.00,1,7,0.1182,-1
827,37790,646.00,0.00,32.00,14.00,1,7,0.2669,-1
827,82065,691.00,354.00,120.00,112.00,1,1,0.7863,-1
828,98269,252.00,358.00,6.00,3.00,1,7,1.0000,-1
828,28978,239.00,349.00,8.00,4.00,1,7,0.9310,-1
828,54681,428.00,382.00,11.00,9.00,1,7,0.9271,-1
828,51885,433.00,347.00,8.00,11.00,1,7,1.0000,-1
828,67180,703.00,309.00,22.00,9.00,1,7,1.0000,-1
828,71825,1017.00,326.00,6.00,5.00,1,7,1.0000,-1
828,54924,996.00,369.00,7.00,4.00,1,7,1.0000,-1
828,14931,991.00,346.00,27.00,19.00,1,1,1.0000,-1
828,96243,67.00,310.00,15.00,14.00,1,7,0.6906,-1
828,31226,30.00,344.00,18.00,12.00,1,7,0.9540,-1
828,71909,51.00,272.00,21.00,15.00,1,7,0.7143,-1
828,41466,17.00,315.00,30.00,22.00,1,1,1.0000,-1
828,23927,707.00,141.00,32.00,31.00,1,7,0.1690,-1
828,35342,407.00,62.00,26.00,32.00,1,7,0.0175,-1
828,37790,627.00,0.00,32.00,14.00,1,7,0.2711,-1
828,82065,673.00,354.00,125.00,112.00,1,1,0.8130,-1
829,98269,251.00,357.00,6.00,3.00,1,7,1.0000,-1
829,28978,238.00,348.00,8.00,5.00,1,7,0.9655,-1
829,54681,427.00,382.00,11.00,8.00,1,7,0.9158,-1
829,51885,432.00,347.00,8.00,10.00,1,7,1.0000,-1
829,67180,702.00,309.00,22.00,9.00,1,7,1.0000,-1
829,71825,1016.00,326.00,7.00,6.00,1,7,1.0000,-1
829,54924,994.00,370.00,7.00,4.00,1,7,1.0000,-1
829,14931,990.00,346.00,26.00,19.00,1,1,0.9976,-1
829,96243,66.00,309.00,15.00,15.00,1,7,0.6903,-1
829,31226,29.00,344.00,18.00,11.00,1,7,0.9583,-1
829,71909,49.00,271.00,22.00,16.00,1,1,0.7293,-1
829,41466,15.00,314.00,30.00,23.00,1,1,1.0000,-1
829,23927,696.00,140.00,41.00,32.00,1,1,0.3280,-1
829,37790,608.00,0.00,32.00,14.00,1,7,0.2635,-1
829,82065,655.00,354.00,129.00,112.00,1,1,0.8372,-1
830,98269,250.00,357.00,7.00,3.00,1,7,1.0000,-1
830,28978,237.00,348.00,8.00,4.00,1,7,0.9259,-1
830,54681,426.00,382.00,11.00,8.00,1,7,0.9158,-1
830,51885,430.00,347.00,8.00,10.00,1,7,1.0000,-1
830,67180,701.00,309.00,21.00,9.00,1,7,1.0000,-1
830,71825,1015.00,326.00,8.00,6.00,1,7,1.0000,-1
830,54924,993.00,370.00,7.00,4.00,1,7,1.0000,-1
830,14931,988.00,346.00,27.00,19.00,1,1,1.0000,-1
830,96243,64.00,309.00,16.00,14.00,1,7,0.6964,-1
830,31226,27.00,343.00,18.00,12.00,1,7,0.9706,-1
830,71909,47.00,271.00,22.00,15.00,1,7,0.7241,-1
830,41466,14.00,313.00,29.00,23.00,1,1,1.0000,-1
830,88393,630.00,245.00,1.00,4.00,1,7,0.0065,-1
830,23927,694.00,140.00,41.00,32.00,1,1,0.3206,-1
830,37790,590.00,0.00,31.00,13.00,1,7,0.2542,-1
830,82065,638.00,354.00,133.00,112.00,1,1,0.8599,-1
831,98269,249.00,357.00,6.00,3.00,1,7,1.0000,-1
831,28978,236.00,348.00,8.00,4.00,1,7,0.9643,-1
831,67180,700.00,309.00,21.00,9.00,1,7,1.0000,-1
831,71825,1013.00,327.00,10.00,6.00,1,7,1.0000,-1
831,54924,991.00,370.00,7.00,4.00,1,7,1.0000,-1
831,14931,986.00,347.00,27.00,19.00,1,1,1.0000,-1
831,96243,63.00,308.00,15.00,15.00,1,7,0.6889,-1
831,31226,26.00,342.00,18.00,12.00,1,7,0.9591,-1
831,71909,46.00,270.00,22.00,16.00,1,1,0.7266,-1
831,41466,12.00,313.00,30.00,23.00,1,1,1.0000,-1
831,88393,610.00,245.00,18.00,8.00,1,7,0.0261,-1
831,23927,692.00,140.00,40.00,32.00,1,1,0.3153,-1
831,37790,571.00,0.00,31.00,12.00,1,7,0.2436,-1
831,82065,620.00,354.00,137.00,112.00,1,1,0.8803,-1
832,98269,248.00,356.00,6.00,4.00,1,7,1.0000,-1
832,28978,235.00,348.00,8.00,4.00,1,7,0.9655,-1
832,67180,699.00,309.00,21.00,9.00,1,7,1.0000,-1
832,71825,1011.00,327.00,12.00,6.00,1,7,1.0000,-1
832,54924,990.00,370.00,6.00,4.00,1,7,1.0000,-1
832,14931,985.00,347.00,27.00,19.00,1,1,1.0000,-1
832,96243,61.00,308.00,16.00,14.00,1,7,0.6875,-1
832,31226,24.00,342.00,18.00,12.00,1,7,0.9593,-1
832,71909,44.00,270.00,22.00,16.00,1,1,0.7037,-1
832,41466,11.00,313.00,29.00,22.00,1,1,1.0000,-1
832,88393,593.00,245.00,33.00,28.00,1,7,0.0403,-1
832,23927,689.00,140.00,41.00,32.00,1,1,0.3144,-1
832,37790,551.00,0.00,32.00,11.00,1,7,0.2360,-1
832,82065,602.00,354.00,141.00,112.00,1,1,0.8993,-1
833,98269,247.00,356.00,6.00,4.00,1,7,1.0000,-1
833,28978,234.00,347.00,8.00,5.00,1,7,0.9667,-1
833,67180,697.00,309.00,22.00,9.00,1,7,1.0000,-1
833,71825,1010.00,327.00,13.00,6.00,1,7,1.0000,-1
833,54924,988.00,370.00,7.00,4.00,1,7,1.0000,-1
833,14931,983.00,347.00,27.00,19.00,1,1,1.0000,-1
833,96243,60.00,308.00,15.00,14.00,1,7,0.6828,-1
833,31226,23.00,342.00,18.00,12.00,1,7,0.9529,-1
833,71909,42.00,270.00,23.00,16.00,1,1,0.6978,-1
833,41466,9.00,313.00,29.00,22.00,1,1,1.0000,-1
833,88393,591.00,245.00,32.00,28.00,1,7,0.0350,-1
833,23927,687.00,140.00,40.00,32.00,1,1,0.3119,-1
833,37790,532.00,0.00,31.00,10.00,1,7,0.2127,-1
833,82065,584.00,354.00,146.00,112.00,1,1,0.9164,-1
834,98269,246.00,356.00,6.00,4.00,1,7,1.0000,-1
834,28978,233.00,347.00,8.00,5.00,1,7,0.9667,-1
834,67180,696.00,309.00,21.00,9.00,1,7,1.0000,-1
834,71825,1008.00,327.00,15.00,6.00,1,7,1.0000,-1
834,54924,986.00,370.00,7.00,4.00,1,7,1.0000,-1
834,14931,982.00,347.00,27.00,19.00,1,1,1.0000,-1
834,96243,58.00,308.00,16.00,14.00,1,7,0.6770,-1
834,31226,21.00,342.00,18.00,12.00,1,7,0.9649,-1
834,71909,41.00,270.00,22.00,16.00,1,1,0.7286,-1
834,41466,7.00,313.00,30.00,23.00,1,1,1.0000,-1
834,88393,589.00,245.00,32.00,28.00,1,7,0.0306,-1
834,23927,685.00,140.00,40.00,32.00,1,1,0.3085,-1
834,37790,513.00,0.00,30.00,11.00,1,7,0.1752,-1
834,82065,566.00,354.00,150.00,112.00,1,1,0.9310,-1
835,98269,245.00,356.00,6.00,4.00,1,7,1.0000,-1
835,28978,232.00,348.00,8.00,4.00,1,7,0.9333,-1
835,67180,695.00,309.00,21.00,9.00,1,7,1.0000,-1
835,71825,1006.00,327.00,15.00,6.00,1,7,1.0000,-1
835,54924,985.00,370.00,7.00,4.00,1,7,1.0000,-1
835,14931,980.00,346.00,27.00,20.00,1,1,1.0000,-1
835,96243,57.00,308.00,15.00,14.00,1,7,0.6754,-1
835,31226,19.00,342.00,19.00,12.00,1,7,0.9649,-1
835,71909,39.00,270.00,23.00,16.00,1,1,0.7000,-1
835,41466,5.00,313.00,30.00,23.00,1,1,1.0000,-1
835,88393,587.00,245.00,31.00,28.00,1,7,0.0263,-1
835,23927,682.00,140.00,41.00,32.00,1,1,0.3184,-1
835,37790,493.00,0.00,31.00,11.00,1,7,0.1494,-1
835,82065,548.00,354.00,154.00,112.00,1,1,0.9440,-1
836,98269,244.00,356.00,6.00,4.00,1,7,1.0000,-1
836,28978,231.00,348.00,8.00,4.00,1,7,0.9655,-1
836,67180,694.00,309.00,21.00,9.00,1,7,1.0000,-1
836,71825,1005.00,327.00,15.00,6.00,1,7,1.0000,-1
836,54924,983.00,370.00,7.00,4.00,1,7,1.0000,-1
836,66861,1022.00,351.00,1.00,0.00,1,7,1.0000,-1
836,14931,978.00,347.00,27.00,19.00,1,1,1.0000,-1
836,96243,55.00,308.00,16.00,14.00,1,7,0.6844,-1
836,31226,18.00,342.00,18.00,12.00,1,7,0.9647,-1
836,71909,37.00,270.00,23.00,16.00,1,1,0.6974,-1
836,41466,4.00,313.00,29.00,23.00,1,1,1.0000,-1
836,88393,585.00,245.00,31.00,27.00,1,7,0.0209,-1
836,23927,680.00,140.00,40.00,32.00,1,1,0.3227,-1
836,37790,473.00,0.00,31.00,10.00,1,7,0.1271,-1
836,82065,530.00,355.00,159.00,111.00,1,1,0.9545,-1
837,98269,243.00,357.00,5.00,3.00,1,7,0.9130,-1
837,28978,230.00,348.00,8.00,4.00,1,7,0.9655,-1
837,67180,692.00,310.00,22.00,8.00,1,7,1.0000,-1
837,71825,1003.00,327.00,15.00,6.00,1,7,1.0000,-1
837,54924,982.00,370.00,7.00,4.00,1,7,1.0000,-1
837,66861,1020.00,350.00,3.00,3.00,1,7,1.0000,-1
837,14931,977.00,347.00,27.00,19.00,1,1,0.9976,-1
837,96243,54.00,308.00,15.00,15.00,1,7,0.6800,-1
837,31226,16.00,343.00,18.00,11.00,1,7,0.9588,-1
837,71909,36.00,270.00,22.00,16.00,1,1,0.7132,-1
837,41466,2.00,313.00,30.00,23.00,1,1,1.0000,-1
837,88393,583.00,246.00,30.00,26.00,1,7,0.0177,-1
837,23927,678.00,139.00,40.00,33.00,1,1,0.3368,-1
837,37790,454.00,0.00,31.00,8.00,1,7,0.1318,-1
837,82065,512.00,355.00,163.00,112.00,1,1,0.9643,-1
838,98269,242.00,357.00,5.00,3.00,1,7,0.8261,-1
838,28978,229.00,348.00,8.00,4.00,1,7,0.9310,-1
838,67180,691.00,310.00,21.00,8.00,1,7,1.0000,-1
838,71825,1001.00,327.00,15.00,6.00,1,7,1.0000,-1
838,54924,980.00,371.00,7.00,3.00,1,7,1.0000,-1
838,66861,1018.00,350.00,5.00,4.00,1,7,0.9444,-1
838,14931,975.00,347.00,27.00,19.00,1,1,1.0000,-1
838,96243,52.00,308.00,16.00,14.00,1,7,0.6798,-1
838,31226,15.00,343.00,18.00,11.00,1,7,0.9538,-1
838,71909,34.00,270.00,23.00,16.00,1,1,0.6900,-1
838,41466,0.00,313.00,30.00,23.00,1,1,1.0000,-1
838,88393,581.00,246.00,29.00,25.00,1,7,0.0122,-1
838,23927,675.00,139.00,40.00,33.00,1,1,0.3405,-1
838,37790,434.00,0.00,31.00,10.00,1,7,0.1518,-1
838,82065,494.00,355.00,167.00,112.00,1,1,0.9720,-1
839,98269,241.00,357.00,4.00,3.00,1,7,0.6818,-1
839,28978,228.00,348.00,8.00,4.00,1,7,0.9310,-1
839,67180,690.00,310.00,21.00,8.00,1,7,1.0000,-1
839,71825,999.00,327.00,16.00,6.00,1,7,1.0000,-1
839,54924,978.00,371.00,7.00,4.00,1,7,1.0000,-1
839,66861,1017.00,349.00,6.00,6.00,1,7,0.9667,-1
839,14931,974.00,347.00,26.00,19.00,1,1,0.9975,-1
839,96243,51.00,309.00,15.00,15.00,1,7,0.6826,-1
839,31226,13.00,343.00,18.00,12.00,1,7,0.9593,-1
839,71909,33.00,271.00,22.00,15.00,1,7,0.7208,-1
839,41466,0.00,313.00,28.00,23.00,1,1,1.0000,-1
839,88393,591.00,246.00,17.00,7.00,1,7,0.0132,-1
839,23927,673.00,139.00,40.00,33.00,1,1,0.3421,-1
839,37790,415.00,0.00,31.00,11.00,1,7,0.1806,-1
839,82065,476.00,355.00,172.00,112.00,1,1,0.9771,-1
840,98269,239.00,357.00,4.00,3.00,1,7,0.5652,-1
840,28978,227.00,348.00,8.00,5.00,1,7,0.9655,-1
840,67180,688.00,310.00,22.00,9.00,1,7,1.0000,-1
840,71825,998.00,327.00,15.00,6.00,1,7,1.0000,-1
840,54924,977.00,371.00,7.00,4.00,1,7,1.0000,-1
840,66861,1015.00,349.00,8.00,7.00,1,7,0.9773,-1
840,14931,972.00,347.00,27.00,19.00,1,1,1.0000,-1
840,96243,49.00,309.00,16.00,14.00,1,7,0.6816,-1
840,31226,11.00,343.00,19.00,12.00,1,7,0.9598,-1
840,71909,31.00,271.00,23.00,15.00,1,7,0.6970,-1
840,41466,0.00,313.00,27.00,23.00,1,1,1.0000,-1
840,88393,589.00,246.00,16.00,7.00,1,7,0.0110,-1
840,23927,671.00,139.00,39.00,33.00,1,1,0.3473,-1
840,35342,398.00,24.00,0.00,1.00,1,7,0.0003,-1
840,37790,395.00,0.00,32.00,12.00,1,7,0.2019,-1
840,82065,458.00,356.00,177.00,111.00,1,1,0.9812,-1
841,28978,226.00,348.00,8.00,5.00,1,7,0.9677,-1
841,67180,687.00,310.00,21.00,9.00,1,7,1.0000,-1
841,71825,996.00,328.00,15.00,6.00,1,7,1.0000,-1
841,54924,975.00,371.00,7.00,4.00,1,7,1.0000,-1
841,66861,1013.00,349.00,10.00,7.00,1,7,1.0000,-1
841,14931,970.00,347.00,27.00,20.00,1,1,1.0000,-1
841,96243,48.00,309.00,15.00,14.00,1,7,0.6726,-1
841,31226,10.00,343.00,18.00,12.00,1,7,0.9598,-1
841,71909,29.00,271.00,23.00,16.00,1,1,0.7085,-1
841,41466,0.00,314.00,25.00,22.00,1,1,1.0000,-1
841,88393,586.00,246.00,17.00,8.00,1,7,0.0110,-1
841,23927,668.00,138.00,40.00,35.00,1,1,0.3520,-1
841,35342,385.00,23.00,6.00,10.00,1,7,0.0080,-1
841,37790,376.00,0.00,31.00,13.00,1,7,0.2142,-1
841,82065,440.00,356.00,182.00,112.00,1,1,0.9847,-1
842,54681,419.00,383.00,4.00,8.00,1,7,0.3478,-1
842,51885,416.00,347.00,8.00,11.00,1,7,1.0000,-1
842,67180,686.00,310.00,21.00,9.00,1,7,1.0000,-1
842,71825,994.00,328.00,15.00,6.00,1,7,1.0000,-1
842,54924,974.00,371.00,6.00,4.00,1,7,1.0000,-1
842,66861,1012.00,350.00,11.00,7.00,1,7,0.9851,-1
842,14931,969.00,348.00,26.00,19.00,1,1,1.0000,-1
842,96243,46.00,309.00,16.00,14.00,1,7,0.6754,-1
842,31226,8.00,343.00,19.00,12.00,1,7,0.9591,-1
842,71909,28.00,271.00,23.00,16.00,1,1,0.6861,-1
842,41466,0.00,314.00,23.00,22.00,1,1,1.0000,-1
842,88393,598.00,247.00,2.00,5.00,1,7,0.0111,-1
842,23927,666.00,138.00,39.00,34.00,1,1,0.3526,-1
842,35342,372.00,25.00,0.00,0.00,1,7,0.0002,-1
842,37790,361.00,0.00,27.00,14.00,1,7,0.1747,-1
842,82065,421.00,356.00,187.00,112.00,1,1,0.9872,-1
843,54681,411.00,383.00,11.00,8.00,1,7,0.8936,-1
843,51885,415.00,348.00,8.00,10.00,1,7,1.0000,-1
843,67180,685.00,311.00,21.00,8.00,1,7,1.0000,-1
843,71825,993.00,328.00,14.00,6.00,1,7,1.0000,-1
843,54924,972.00,372.00,7.00,3.00,1,7,1.0000,-1
843,66861,1010.00,350.00,13.00,7.00,1,7,1.0000,-1
843,14931,967.00,348.00,27.00,19.00,1,1,1.0000,-1
843,96243,45.00,309.00,15.00,15.00,1,7,0.6579,-1
843,31226,7.00,344.00,18.00,11.00,1,7,0.9595,-1
843,71909,26.00,271.00,23.00,16.00,1,1,0.7065,-1
843,41466,0.00,314.00,22.00,23.00,1,1,1.0000,-1
843,88393,596.00,247.00,2.00,4.00,1,7,0.0100,-1
843,23927,664.00,138.00,38.00,35.00,1,1,0.3552,-1
843,37790,348.00,0.00,20.00,14.00,1,7,0.1261,-1
843,82065,403.00,357.00,192.00,111.00,1,1,0.9894,-1
844,54681,410.00,383.00,8.00,6.00,1,7,0.3011,-1
844,51885,414.00,348.00,8.00,10.00,1,7,1.0000,-1
844,67180,683.00,311.00,21.00,8.00,1,7,1.0000,-1
844,71825,991.00,328.00,16.00,6.00,1,7,1.0000,-1
844,54924,970.00,372.00,7.00,4.00,1,7,1.0000,-1
844,66861,1008.00,350.00,15.00,7.00,1,7,0.9900,-1
844,14931,965.00,348.00,27.00,19.00,1,1,0.9976,-1
844,96243,43.00,310.00,16.00,14.00,1,7,0.6814,-1
844,31226,5.00,344.00,19.00,12.00,1,7,0.9598,-1
844,71909,24.00,272.00,23.00,15.00,1,7,0.6815,-1
844,41466,0.00,315.00,20.00,22.00,1,7,1.0000,-1
844,88393,593.00,247.00,2.00,5.00,1,7,0.0111,-1
844,23927,661.00,139.00,39.00,34.00,1,1,0.3577,-1
844,37790,334.00,0.00,153.00,15.00,1,7,0.0793,-1
844,82065,385.00,357.00,197.00,111.00,1,1,0.9918,-1
845,51885,412.00,348.00,8.00,11.00,1,7,1.0000,-1
845,67180,682.00,311.00,21.00,9.00,1,7,1.0000,-1
845,71825,989.00,328.00,16.00,6.00,1,7,1.0000,-1
845,54924,969.00,372.00,7.00,4.00,1,7,1.0000,-1
845,66861,1006.00,350.00,17.00,8.00,1,7,1.0000,-1
845,14931,964.00,348.00,26.00,19.00,1,1,1.0000,-1
845,96243,42.00,310.00,15.00,14.00,1,7,0.6696,-1
845,31226,4.00,344.00,18.00,12.00,1,7,0.9657,-1
845,71909,23.00,272.00,23.00,16.00,1,1,0.7074,-1
845,41466,0.00,315.00,19.00,22.00,1,7,1.0000,-1
845,88393,591.00,248.00,1.00,4.00,1,7,0.0100,-1
845,23927,659.00,139.00,38.00,34.00,1,1,0.3568,-1
845,37790,321.00,0.00,153.00,11.00,1,7,0.0474,-1
845,82065,366.00,357.00,204.00,112.00,1,1,0.9933,-1
846,51885,411.00,348.00,8.00,11.00,1,7,1.0000,-1
846,67180,681.00,311.00,21.00,9.00,1,7,1.0000,-1
846,71825,988.00,329.00,15.00,6.00,1,7,1.0000,-1
846,54924,967.00,372.00,7.00,4.00,1,7,1.0000,-1
846,66861,1005.00,350.00,18.00,8.00,1,7,0.9919,-1
846,14931,962.00,348.00,27.00,20.00,1,1,1.0000,-1
846,96243,40.00,310.00,16.00,14.00,1,7,0.6638,-1
846,31226,2.00,344.00,19.00,12.00,1,7,0.9598,-1
846,71909,21.00,272.00,23.00,16.00,1,1,0.6823,-1
846,41466,0.00,315.00,17.00,22.00,1,7,1.0000,-1
846,88393,588.00,248.00,2.00,4.00,1,7,0.0112,-1
846,23927,656.00,139.00,39.00,34.00,1,1,0.3560,-1
846,37790,441.00,0.00,20.00,7.00,1,7,0.0422,-1
846,82065,349.00,357.00,209.00,112.00,1,1,0.9943,-1
847,51885,410.00,348.00,8.00,11.00,1,7,1.0000,-1
847,36159,634.00,334.00,0.00,0.00,1,7,0.0133,-1
847,67180,679.00,311.00,21.00,9.00,1,7,1.0000,-1
847,71825,986.00,329.00,15.00,6.00,1,7,1.0000,-1
847,54924,966.00,372.00,6.00,4.00,1,7,1.0000,-1
847,66861,1003.00,351.00,20.00,7.00,1,7,1.0000,-1
847,14931,960.00,348.00,27.00,20.00,1,1,1.0000,-1
847,96243,39.00,310.00,16.00,15.00,1,7,0.6623,-1
847,31226,0.00,344.00,19.00,12.00,1,7,0.9824,-1
847,71909,19.00,272.00,24.00,16.00,1,1,0.7097,-1
847,41466,0.00,315.00,15.00,23.00,1,7,1.0000,-1
847,88393,585.00,249.00,2.00,4.00,1,7,0.0112,-1
847,23927,654.00,139.00,38.00,34.00,1,1,0.3567,-1
847,37790,419.00,0.00,29.00,11.00,1,7,0.0791,-1
847,82065,331.00,357.00,214.00,112.00,1,1,0.9947,-1
848,51885,409.00,349.00,8.00,10.00,1,7,1.0000,-1
848,36159,632.00,334.00,1.00,4.00,1,7,0.1053,-1
848,67180,678.00,311.00,21.00,9.00,1,7,1.0000,-1
848,71825,984.00,329.00,15.00,6.00,1,7,1.0000,-1
848,54924,964.00,372.00,7.00,4.00,1,7,1.0000,-1
848,66861,1002.00,351.00,21.00,7.00,1,7,0.9929,-1
848,14931,959.00,349.00,26.00,19.00,1,1,1.0000,-1
848,96243,37.00,310.00,16.00,14.00,1,7,0.6638,-1
848,31226,0.00,345.00,17.00,11.00,1,7,1.0000,-1
848,71909,18.00,272.00,23.00,16.00,1,1,0.6882,-1
848,41466,0.00,316.00,13.00,22.00,1,7,1.0000,-1
848,88393,583.00,249.00,21.00,4.00,1,7,0.0112,-1
848,23927,652.00,140.00,38.00,33.00,1,1,0.3600,-1
848,37790,396.00,0.00,39.00,14.00,1,7,0.1322,-1
848,82065,314.00,357.00,219.00,112.00,1,1,0.9952,-1
849,51885,407.00,349.00,8.00,9.00,1,7,0.9324,-1
849,36159,629.00,334.00,2.00,6.00,1,7,0.1842,-1
849,67180,677.00,312.00,21.00,8.00,1,7,1.0000,-1
849,71825,982.00,329.00,15.00,6.00,1,7,1.0000,-1
849,54924,962.00,373.00,7.00,3.00,1,7,1.0000,-1
849,66861,1000.00,351.00,23.00,7.00,1,7,1.0000,-1
849,14931,957.00,349.00,27.00,19.00,1,1,1.0000,-1
849,96243,36.00,310.00,16.00,16.00,1,7,0.6753,-1
849,31226,0.00,345.00,16.00,11.00,1,7,1.0000,-1
849,71909,16.00,272.00,24.00,16.00,1,1,0.6801,-1
849,41466,0.00,317.00,12.00,21.00,1,7,1.0000,-1
849,88393,580.00,249.00,21.00,7.00,1,7,0.0112,-1
849,23927,649.00,140.00,38.00,33.00,1,1,0.3525,-1
849,37790,375.00,0.00,46.00,16.00,1,7,0.1862,-1
849,82065,297.00,358.00,223.00,111.00,1,1,0.9956,-1
850,51885,406.00,349.00,8.00,9.00,1,7,0.8590,-1
850,36159,627.00,334.00,3.00,7.00,1,7,0.3333,-1
850,67180,675.00,312.00,21.00,8.00,1,7,1.0000,-1
850,71825,981.00,329.00,14.00,6.00,1,7,1.0000,-1
850,54924,961.00,372.00,7.00,4.00,1,7,1.0000,-1
850,66861,998.00,351.00,23.00,7.00,1,7,1.0000,-1
850,14931,955.00,349.00,27.00,19.00,1,1,1.0000,-1
850,96243,34.00,311.00,16.00,14.00,1,7,0.6681,-1
850,31226,0.00,345.00,14.00,12.00,1,7,1.0000,-1
850,71909,15.00,273.00,23.00,15.00,1,7,0.6827,-1
850,41466,0.00,318.00,10.00,20.00,1,7,1.0000,-1
850,88393,577.00,250.00,22.00,8.00,1,7,0.0168,-1
850,23927,647.00,140.00,38.00,34.00,1,1,0.3587,-1
850,35342,318.00,58.00,18.00,35.00,1,7,0.0279,-1
850,37790,353.00,0.00,55.00,18.00,1,1,0.2461,-1
850,82065,280.00,358.00,228.00,111.00,1,1,0.9959,-1
851,51885,405.00,349.00,8.00,10.00,1,7,1.0000,-1
851,36159,624.00,334.00,4.00,8.00,1,7,0.4595,-1
851,67180,674.00,312.00,21.00,8.00,1,7,1.0000,-1
851,71825,979.00,329.00,15.00,6.00,1,7,1.0000,-1
851,54924,959.00,372.00,7.00,4.00,1,7,1.0000,-1
851,66861,996.00,350.00,23.00,8.00,1,7,1.0000,-1
851,14931,954.00,348.00,26.00,19.00,1,1,1.0000,-1
851,96243,33.00,311.00,9.00,14.00,1,7,0.4655,-1
851,31226,0.00,346.00,12.00,11.00,1,7,1.0000,-1
851,71909,13.00,273.00,23.00,16.00,1,1,0.6964,-1
851,41466,0.00,319.00,8.00,19.00,1,7,1.0000,-1
851,88393,575.00,249.00,22.00,10.00,1,7,0.0213,-1
851,23927,644.00,140.00,38.00,33.00,1,1,0.3585,-1
851,35342,298.00,37.00,31.00,62.00,1,7,0.1223,-1
851,37790,334.00,0.00,60.00,19.00,1,1,0.2941,-1
851,82065,263.00,358.00,233.00,111.00,1,1,0.9964,-1
852,51885,404.00,349.00,8.00,11.00,1,7,1.0000,-1
852,36159,622.00,334.00,5.00,9.00,1,7,0.6000,-1
852,67180,673.00,311.00,21.00,9.00,1,7,0.9936,-1
852,71825,977.00,328.00,15.00,6.00,1,7,1.0000,-1
852,54924,957.00,372.00,7.00,4.00,1,7,1.0000,-1
852,66861,994.00,350.00,24.00,7.00,1,7,1.0000,-1
852,14931,952.00,348.00,27.00,19.00,1,1,1.0000,-1
852,31226,0.00,346.00,11.00,11.00,1,7,1.0000,-1
852,71909,11.00,274.00,11.00,14.00,1,7,0.3127,-1
852,41466,0.00,322.00,7.00,16.00,1,7,1.0000,-1
852,88393,572.00,250.00,23.00,10.00,1,7,0.0268,-1
852,23927,641.00,140.00,38.00,33.00,1,1,0.3523,-1
852,35342,281.00,19.00,41.00,80.00,1,1,0.2462,-1
852,37790,316.00,0.00,64.00,19.00,1,1,0.3347,-1
852,82065,245.00,358.00,238.00,112.00,1,1,0.9968,-1
853,51885,402.00,349.00,8.00,11.00,1,7,1.0000,-1
853,36159,619.00,334.00,7.00,9.00,1,7,0.7500,-1
853,67180,671.00,311.00,21.00,9.00,1,7,1.0000,-1
853,71825,975.00,328.00,15.00,6.00,1,7,1.0000,-1
853,54924,956.00,371.00,7.00,4.00,1,7,1.0000,-1
853,66861,993.00,349.00,23.00,8.00,1,7,0.9930,-1
853,14931,950.00,348.00,27.00,19.00,1,1,1.0000,-1
853,31226,0.00,347.00,5.00,10.00,1,7,0.6512,-1
853,41466,0.00,323.00,4.00,15.00,1,7,0.9500,-1
853,88393,569.00,250.00,23.00,11.00,1,7,0.0326,-1
853,23927,639.00,140.00,37.00,33.00,1,1,0.3517,-1
853,35342,266.00,18.00,49.00,81.00,1,1,0.3722,-1
853,37790,297.00,0.00,69.00,20.00,1,1,0.3730,-1
853,82065,228.00,358.00,243.00,112.00,1,1,0.9969,-1
854,51885,401.00,349.00,8.00,11.00,1,7,1.0000,-1
854,36159,617.00,333.00,7.00,10.00,1,7,0.8732,-1
854,67180,670.00,311.00,21.00,9.00,1,7,1.0000,-1
854,71825,974.00,327.00,15.00,6.00,1,7,1.0000,-1
854,54924,954.00,371.00,7.00,4.00,1,7,1.0000,-1
854,66861,991.00,349.00,23.00,7.00,1,7,0.9930,-1
854,14931,949.00,347.00,26.00,19.00,1,1,1.0000,-1
854,88393,566.00,250.00,24.00,12.00,1,7,0.0372,-1
854,23927,636.00,140.00,38.00,33.00,1,1,0.3570,-1
854,35342,251.00,18.00,57.00,81.00,1,1,0.4873,-1
854,37790,279.00,0.00,73.00,20.00,1,1,0.4099,-1
854,82065,210.00,358.00,248.00,112.00,1,1,0.9973,-1
855,51885,400.00,349.00,8.00,11.00,1,7,1.0000,-1
855,36159,615.00,334.00,8.00,9.00,1,7,0.9467,-1
855,67180,669.00,311.00,20.00,9.00,1,7,1.0000,-1
855,71825,972.00,327.00,15.00,6.00,1,7,1.0000,-1
855,54924,952.00,371.00,7.00,3.00,1,7,1.0000,-1
855,66861,989.00,349.00,23.00,7.00,1,7,1.0000,-1
855,14931,947.00,347.00,26.00,19.00,1,1,1.0000,-1
855,88393,564.00,249.00,24.00,15.00,1,7,0.0485,-1
855,23927,634.00,140.00,37.00,33.00,1,1,0.3527,-1
855,35342,238.00,17.00,64.00,82.00,1,1,0.5852,-1
855,37790,260.00,0.00,78.00,20.00,1,1,0.4460,-1
855,82065,193.00,358.00,253.00,112.00,1,1,0.9977,-1
856,51885,399.00,349.00,8.00,11.00,1,7,1.0000,-1
856,36159,613.00,333.00,9.00,10.00,1,7,1.0000,-1
856,67180,667.00,311.00,21.00,8.00,1,7,1.0000,-1
856,71825,970.00,327.00,15.00,6.00,1,7,1.0000,-1
856,54924,951.00,370.00,7.00,4.00,1,7,1.0000,-1
856,66861,988.00,348.00,23.00,8.00,1,7,0.9932,-1
856,14931,945.00,346.00,27.00,20.00,1,1,1.0000,-1
856,88393,561.00,249.00,24.00,15.00,1,7,0.0554,-1
856,23927,631.00,139.00,38.00,33.00,1,1,0.3526,-1
856,35342,224.00,16.00,71.00,83.00,1,1,0.6658,-1
856,37790,242.00,0.00,81.00,20.00,1,1,0.4823,-1
856,82065,176.00,358.00,258.00,112.00,1,1,0.9979,-1
857,51885,397.00,349.00,8.00,11.00,1,7,1.0000,-1
857,36159,611.00,333.00,9.00,10.00,1,7,1.0000,-1
857,67180,666.00,311.00,21.00,8.00,1,7,1.0000,-1
857,71825,969.00,326.00,15.00,6.00,1,7,1.0000,-1
857,54924,949.00,370.00,7.00,4.00,1,7,1.0000,-1
857,66861,986.00,348.00,23.00,7.00,1,7,0.9929,-1
857,14931,944.00,346.00,26.00,19.00,1,1,1.0000,-1
857,88393,558.00,249.00,25.00,15.00,1,7,0.0653,-1
857,23927,629.00,139.00,37.00,33.00,1,1,0.3572,-1
857,35342,211.00,14.00,78.00,85.00,1,1,0.7262,-1
857,37790,223.00,0.00,86.00,19.00,1,1,0.5179,-1
857,82065,158.00,358.00,263.00,112.00,1,1,0.9981,-1
858,54681,394.00,384.00,10.00,9.00,1,7,0.7766,-1
858,51885,396.00,349.00,8.00,11.00,1,7,1.0000,-1
858,36159,610.00,333.00,9.00,10.00,1,7,1.0000,-1
858,67180,665.00,310.00,20.00,9.00,1,7,0.9935,-1
858,71825,967.00,326.00,14.00,6.00,1,7,1.0000,-1
858,54924,948.00,370.00,7.00,3.00,1,7,1.0000,-1
858,66861,984.00,348.00,23.00,7.00,1,7,1.0000,-1
858,14931,942.00,346.00,27.00,19.00,1,1,1.0000,-1
858,88393,556.00,249.00,25.00,15.00,1,7,0.0707,-1
858,23927,626.00,139.00,37.00,33.00,1,1,0.3523,-1
858,35342,197.00,10.00,85.00,89.00,1,1,0.7664,-1
858,37790,205.00,0.00,90.00,19.00,1,1,0.5565,-1
858,82065,141.00,358.00,268.00,112.00,1,1,0.9983,-1
859,54681,405.00,386.00,10.00,8.00,1,7,0.8681,-1
859,51885,407.00,351.00,8.00,10.00,1,7,1.0000,-1
859,36159,620.00,331.00,9.00,10.00,1,7,1.0000,-1
859,67180,675.00,307.00,21.00,9.00,1,7,1.0000,-1
859,71825,984.00,317.00,15.00,6.00,1,7,1.0000,-1
859,54924,965.00,362.00,7.00,4.00,1,7,1.0000,-1
859,66861,1003.00,339.00,20.00,7.00,1,7,0.9928,-1
859,14931,959.00,338.00,28.00,19.00,1,1,1.0000,-1
859,88393,564.00,247.00,25.00,17.00,1,7,0.0754,-1
859,23927,633.00,135.00,38.00,34.00,1,1,0.3490,-1
859,35342,205.00,19.00,83.00,88.00,1,1,0.6829,-1
859,37790,210.00,0.00,102.00,30.00,1,1,0.5539,-1
859,82065,154.00,363.00,264.00,111.00,1,1,0.9984,-1
860,54681,423.00,386.00,10.00,8.00,1,7,0.8261,-1
860,51885,424.00,351.00,8.00,11.00,1,7,1.0000,-1
860,36159,637.00,330.00,9.00,10.00,1,7,1.0000,-1
860,67180,693.00,305.00,22.00,9.00,1,7,1.0000,-1
860,71825,1014.00,313.00,9.00,6.00,1,7,1.0000,-1
860,54924,994.00,359.00,8.00,4.00,1,7,1.0000,-1
860,14931,988.00,334.00,29.00,20.00,1,1,1.0000,-1
860,88393,581.00,246.00,25.00,16.00,1,7,0.0746,-1
860,23927,650.00,133.00,38.00,33.00,1,1,0.3537,-1
860,35342,229.00,27.00,79.00,84.00,1,1,0.6200,-1
860,37790,235.00,0.00,107.00,37.00,1,1,0.5436,-1
860,82065,183.00,364.00,255.00,109.00,1,1,0.9983,-1
861,54681,445.00,385.00,5.00,7.00,1,7,0.2921,-1
861,51885,442.00,350.00,8.00,10.00,1,7,1.0000,-1
861,36159,657.00,331.00,9.00,10.00,1,7,1.0000,-1
861,67180,713.00,307.00,23.00,8.00,1,7,1.0000,-1
861,14931,1019.00,341.00,4.00,12.00,1,7,1.0000,-1
861,68223,6.00,304.00,7.00,8.00,1,7,0.9762,-1
861,88393,601.00,246.00,25.00,16.00,1,7,0.0693,-1
861,23927,672.00,132.00,39.00,34.00,1,1,0.3534,-1
861,35342,262.00,31.00,72.00,81.00,1,1,0.5815,-1
861,37790,272.00,0.00,103.00,39.00,1,1,0.5219,-1
861,82065,216.00,361.00,245.00,107.00,1,1,0.9982,-1
862,51885,451.00,349.00,8.00,10.00,1,7,1.0000,-1
862,36159,666.00,332.00,10.00,10.00,1,7,1.0000,-1
862,67180,724.00,308.00,22.00,8.00,1,7,1.0000,-1
862,68223,23.00,300.00,6.00,8.00,1,7,0.9500,-1
862,88393,611.00,246.00,26.00,16.00,1,7,0.0677,-1
862,23927,684.00,132.00,40.00,34.00,1,1,0.3524,-1
862,35342,280.00,32.00,68.00,79.00,1,1,0.5711,-1
862,37790,291.00,0.00,100.00,38.00,1,1,0.5077,-1
862,82065,233.00,359.00,241.00,106.00,1,1,0.9982,-1
863,51885,457.00,349.00,7.00,10.00,1,7,1.0000,-1
863,36159,672.00,331.00,10.00,10.00,1,7,1.0000,-1
863,67180,731.00,307.00,22.00,9.00,1,7,1.0000,-1
863,68223,33.00,300.00,5.00,7.00,1,7,0.9722,-1
863,88393,617.00,245.00,27.00,16.00,1,7,0.0646,-1
863,23927,691.00,131.00,40.00,34.00,1,1,0.3539,-1
863,35342,288.00,32.00,67.00,78.00,1,1,0.5679,-1
863,37790,300.00,0.00,98.00,38.00,1,1,0.4997,-1
863,82065,242.00,358.00,239.00,106.00,1,1,0.9982,-1
864,51885,463.00,348.00,7.00,11.00,1,7,1.0000,-1
864,36159,679.00,331.00,9.00,10.00,1,7,1.0000,-1
864,67180,737.00,307.00,23.00,9.00,1,7,1.0000,-1
864,68223,42.00,300.00,6.00,7.00,1,7,0.9474,-1
864,88393,624.00,245.00,26.00,16.00,1,7,0.0631,-1
864,23927,698.00,129.00,40.00,35.00,1,1,0.3544,-1
864,35342,296.00,32.00,66.00,79.00,1,1,0.5583,-1
864,37790,308.00,0.00,98.00,38.00,1,1,0.4951,-1
864,82065,250.00,358.00,238.00,106.00,1,1,0.9982,-1
865,51885,468.00,349.00,8.00,10.00,1,7,1.0000,-1
865,36159,685.00,331.00,9.00,10.00,1,7,1.0000,-1
865,67180,744.00,307.00,23.00,8.00,1,7,1.0000,-1
865,68223,52.00,301.00,6.00,8.00,1,7,0.9730,-1
865,88393,630.00,245.00,26.00,16.00,1,7,0.0609,-1
865,23927,704.00,129.00,41.00,34.00,1,1,0.3471,-1
865,35342,303.00,34.00,66.00,78.00,1,1,0.5438,-1
865,37790,316.00,0.00,98.00,40.00,1,1,0.4909,-1
865,82065,258.00,358.00,237.00,106.00,1,1,0.9981,-1
866,51885,474.00,350.00,7.00,10.00,1,7,1.0000,-1
866,36159,691.00,331.00,9.00,10.00,1,7,1.0000,-1
866,67180,750.00,307.00,23.00,8.00,1,7,1.0000,-1
866,68223,61.00,303.00,6.00,7.00,1,7,0.9714,-1
866,88393,635.00,245.00,26.00,16.00,1,7,0.0636,-1
866,23927,710.00,128.00,41.00,35.00,1,1,0.3483,-1
866,35342,310.00,36.00,65.00,78.00,1,1,0.5259,-1
866,37790,324.00,0.00,99.00,42.00,1,1,0.4873,-1
866,82065,267.00,359.00,235.00,106.00,1,1,0.9981,-1
867,51885,481.00,350.00,7.00,10.00,1,7,1.0000,-1
867,36159,698.00,331.00,10.00,10.00,1,7,1.0000,-1
867,67180,758.00,306.00,24.00,9.00,1,7,1.0000,-1
867,68223,73.00,305.00,6.00,7.00,1,7,0.9412,-1
867,88393,643.00,245.00,26.00,16.00,1,7,0.0601,-1
867,23927,718.00,128.00,41.00,34.00,1,1,0.3446,-1
867,35342,321.00,39.00,62.00,77.00,1,1,0.4953,-1
867,37790,336.00,0.00,99.00,45.00,1,1,0.4773,-1
867,82065,280.00,360.00,232.00,105.00,1,1,0.9980,-1
868,51885,486.00,350.00,7.00,10.00,1,7,1.0000,-1
868,36159,704.00,331.00,10.00,10.00,1,7,1.0000,-1
868,67180,765.00,306.00,23.00,9.00,1,7,1.0000,-1
868,68223,81.00,305.00,6.00,7.00,1,7,0.9429,-1
868,88393,649.00,244.00,26.00,17.00,1,7,0.0580,-1
868,23927,724.00,127.00,42.00,35.00,1,1,0.3539,-1
868,35342,331.00,41.00,59.00,76.00,1,1,0.4679,-1
868,37790,347.00,0.00,98.00,46.00,1,1,0.4654,-1
868,82065,291.00,360.00,229.00,105.00,1,1,0.9980,-1
869,51885,492.00,348.00,7.00,11.00,1,7,1.0000,-1
869,36159,711.00,330.00,10.00,10.00,1,7,1.0000,-1
869,67180,772.00,305.00,24.00,9.00,1,7,1.0000,-1
869,68223,91.00,303.00,5.00,7.00,1,7,1.0000,-1
869,88393,656.00,243.00,26.00,16.00,1,7,0.0560,-1
869,23927,732.00,125.00,42.00,35.00,1,1,0.3476,-1
869,35342,340.00,39.00,58.00,76.00,1,1,0.4668,-1
869,37790,357.00,0.00,95.00,44.00,1,1,0.4543,-1
869,82065,300.00,358.00,228.00,105.00,1,1,0.9981,-1
870,51885,497.00,348.00,8.00,10.00,1,7,1.0000,-1
870,36159,717.00,329.00,10.00,11.00,1,7,1.0000,-1
870,67180,779.00,305.00,24.00,9.00,1,7,1.0000,-1
870,68223,99.00,303.00,5.00,7.00,1,7,0.9333,-1
870,88393,662.00,243.00,26.00,16.00,1,7,0.0548,-1
870,23927,739.00,123.00,43.00,36.00,1,1,0.3479,-1
870,35342,347.00,38.00,57.00,77.00,1,1,0.4638,-1
870,37790,364.00,0.00,94.00,43.00,1,1,0.4487,-1
870,82065,307.00,357.00,228.00,105.00,1,1,0.9980,-1
871,51885,502.00,349.00,7.00,10.00,1,7,1.0000,-1
871,36159,723.00,330.00,10.00,10.00,1,7,1.0000,-1
871,67180,785.00,305.00,24.00,9.00,1,7,1.0000,-1
871,68223,107.00,304.00,5.00,7.00,1,7,0.9375,-1
871,88393,667.00,243.00,27.00,15.00,1,7,0.0556,-1
871,23927,744.00,123.00,43.00,35.00,1,1,0.3477,-1
871,35342,353.00,40.00,57.00,76.00,1,1,0.4496,-1
871,37790,371.00,0.00,94.00,45.00,1,1,0.4444,-1
871,82065,314.00,358.00,227.00,105.00,1,1,0.9980,-1
872,51885,508.00,349.00,7.00,10.00,1,7,1.0000,-1
872,36159,729.00,330.00,10.00,10.00,1,7,0.9886,-1
872,67180,792.00,304.00,25.00,10.00,1,7,1.0000,-1
872,68223,116.00,306.00,4.00,6.00,1,7,0.9655,-1
872,88393,673.00,242.00,27.00,17.00,1,7,0.0523,-1
872,23927,751.00,122.00,44.00,35.00,1,1,0.3490,-1
872,35342,360.00,41.00,56.00,76.00,1,1,0.4377,-1
872,37790,379.00,0.00,94.00,46.00,1,1,0.4404,-1
872,82065,322.00,359.00,226.00,105.00,1,1,0.9981,-1
873,51885,513.00,350.00,7.00,10.00,1,7,1.0000,-1
873,36159,736.00,330.00,10.00,10.00,1,7,1.0000,-1
873,67180,799.00,304.00,25.00,9.00,1,7,1.0000,-1
873,68223,124.00,307.00,5.00,7.00,1,7,0.9355,-1
873,88393,679.00,242.00,27.00,16.00,1,7,0.0509,-1
873,23927,758.00,121.00,43.00,35.00,1,1,0.3517,-1
873,35342,368.00,43.00,54.00,75.00,1,1,0.4214,-1
873,37790,386.00,0.00,94.00,48.00,1,1,0.4357,-1
873,82065,330.00,359.00,225.00,105.00,1,1,0.9979,-1
874,51885,520.00,350.00,7.00,10.00,1,7,1.0000,-1
874,36159,744.00,330.00,10.00,10.00,1,7,0.9780,-1
874,67180,807.00,304.00,25.00,9.00,1,7,1.0000,-1
874,68223,134.00,308.00,4.00,6.00,1,7,0.9259,-1
874,41466,168.00,329.00,5.00,14.00,1,7,0.1506,-1
874,88393,687.00,242.00,27.00,15.00,1,7,0.0500,-1
874,23927,766.00,120.00,44.00,35.00,1,1,0.3480,-1
874,35342,378.00,45.00,52.00,74.00,1,1,0.3924,-1
874,37790,398.00,0.00,93.00,49.00,1,1,0.4256,-1
874,82065,341.00,360.00,223.00,104.00,1,1,0.9977,-1
875,51885,526.00,350.00,8.00,10.00,1,7,1.0000,-1
875,36159,752.00,329.00,9.00,11.00,1,7,0.9560,-1
875,67180,815.00,303.00,26.00,10.00,1,7,1.0000,-1
875,68223,143.00,308.00,5.00,7.00,1,7,0.9630,-1
875,41466,178.00,328.00,6.00,16.00,1,7,0.2993,-1
875,88393,694.00,241.00,27.00,15.00,1,7,0.0495,-1
875,23927,774.00,119.00,45.00,35.00,1,1,0.3526,-1
875,35342,387.00,46.00,51.00,74.00,1,1,0.3741,-1
875,37790,407.00,0.00,93.00,50.00,1,1,0.4181,-1
875,82065,351.00,360.00,222.00,104.00,1,1,0.9978,-1
876,51885,532.00,350.00,8.00,10.00,1,7,1.0000,-1
876,36159,759.00,329.00,10.00,11.00,1,7,0.9479,-1
876,67180,823.00,303.00,26.00,9.00,1,7,1.0000,-1
876,68223,152.00,309.00,4.00,6.00,1,7,0.9643,-1
876,31226,197.00,357.00,1.00,5.00,1,7,0.1111,-1
876,41466,186.00,329.00,12.00,18.00,1,7,0.6013,-1
876,88393,701.00,241.00,28.00,15.00,1,7,0.0471,-1
876,23927,782.00,118.00,45.00,35.00,1,1,0.3508,-1
876,35342,397.00,48.00,48.00,73.00,1,1,0.3421,-1
876,37790,419.00,0.00,92.00,51.00,1,1,0.4060,-1
876,82065,362.00,360.00,221.00,104.00,1,1,0.9978,-1
877,51885,537.00,350.00,7.00,10.00,1,7,1.0000,-1
877,36159,765.00,329.00,10.00,11.00,1,7,0.9072,-1
877,67180,830.00,302.00,26.00,10.00,1,7,1.0000,-1
877,68223,158.00,309.00,5.00,6.00,1,7,0.9259,-1
877,31226,203.00,354.00,6.00,8.00,1,7,0.5000,-1
877,41466,192.00,329.00,17.00,18.00,1,7,0.8896,-1
877,88393,707.00,240.00,27.00,15.00,1,7,0.0428,-1
877,23927,788.00,117.00,46.00,35.00,1,1,0.3480,-1
877,35342,406.00,49.00,46.00,72.00,1,1,0.3104,-1
877,37790,429.00,0.00,91.00,52.00,1,1,0.3949,-1
877,82065,372.00,360.00,219.00,103.00,1,1,0.9978,-1
878,51885,542.00,350.00,7.00,10.00,1,7,1.0000,-1
878,36159,772.00,329.00,9.00,11.00,1,7,0.8673,-1
878,67180,836.00,302.00,27.00,10.00,1,7,1.0000,-1
878,68223,166.00,309.00,4.00,7.00,1,7,0.9286,-1
878,31226,209.00,353.00,12.00,9.00,1,7,0.9062,-1
878,41466,199.00,329.00,20.00,18.00,1,7,1.0000,-1
878,88393,713.00,240.00,28.00,15.00,1,7,0.0446,-1
878,23927,795.00,116.00,46.00,35.00,1,1,0.3458,-1
878,35342,415.00,51.00,44.00,70.00,1,1,0.2781,-1
878,37790,440.00,0.00,90.00,53.00,1,1,0.3841,-1
878,82065,382.00,360.00,217.00,103.00,1,1,0.9977,-1
879,51885,547.00,349.00,7.00,11.00,1,7,1.0000,-1
879,36159,778.00,329.00,9.00,11.00,1,7,0.8673,-1
879,67180,843.00,302.00,27.00,9.00,1,7,1.0000,-1
879,68223,173.00,309.00,4.00,7.00,1,7,0.9286,-1
879,31226,216.00,352.00,12.00,10.00,1,7,0.9691,-1
879,71909,229.00,294.00,1.00,4.00,1,7,0.0570,-1
879,41466,206.00,329.00,19.00,18.00,1,7,1.0000,-1
879,88393,719.00,240.00,28.00,13.00,1,7,0.0410,-1
879,23927,802.00,115.00,47.00,35.00,1,1,0.3429,-1
879,35342,425.00,52.00,41.00,70.00,1,1,0.2451,-1
879,37790,450.00,0.00,89.00,53.00,1,1,0.3721,-1
879,82065,392.00,360.00,216.00,103.00,1,1,0.9975,-1
880,51885,552.00,350.00,7.00,10.00,1,7,1.0000,-1
880,36159,785.00,328.00,8.00,12.00,1,7,0.8351,-1
880,67180,850.00,301.00,27.00,10.00,1,7,1.0000,-1
880,68223,179.00,310.00,5.00,6.00,1,7,1.0000,-1
880,31226,222.00,353.00,13.00,9.00,1,7,0.9681,-1
880,71909,235.00,293.00,6.00,11.00,1,7,0.2994,-1
880,41466,212.00,329.00,20.00,18.00,1,7,1.0000,-1
880,88393,726.00,239.00,27.00,14.00,1,7,0.0390,-1
880,23927,808.00,113.00,48.00,36.00,1,1,0.3469,-1
880,35342,434.00,54.00,38.00,68.00,1,1,0.2115,-1
880,37790,460.00,0.00,88.00,54.00,1,1,0.3616,-1
880,82065,402.00,360.00,214.00,103.00,1,1,0.9974,-1
881,51885,557.00,349.00,7.00,11.00,1,7,1.0000,-1
881,36159,791.00,328.00,8.00,11.00,1,7,0.8105,-1
881,67180,857.00,301.00,27.00,10.00,1,7,1.0000,-1
881,68223,186.00,310.00,4.00,6.00,1,7,1.0000,-1
881,31226,229.00,353.00,12.00,9.00,1,7,0.9570,-1
881,71909,241.00,293.00,11.00,13.00,1,7,0.5316,-1
881,41466,218.00,329.00,20.00,18.00,1,7,1.0000,-1
881,88393,732.00,239.00,27.00,14.00,1,7,0.0348,-1
881,23927,815.00,112.00,48.00,36.00,1,1,0.3450,-1
881,35342,444.00,55.00,35.00,67.00,1,7,0.1795,-1
881,37790,470.00,0.00,87.00,54.00,1,1,0.3502,-1
881,82065,411.00,360.00,214.00,103.00,1,1,0.9973,-1
882,51885,562.00,349.00,7.00,11.00,1,7,1.0000,-1
882,36159,797.00,328.00,9.00,11.00,1,7,0.7843,-1
882,67180,863.00,301.00,28.00,9.00,1,7,1.0000,-1
882,96243,261.00,325.00,3.00,10.00,1,7,0.2769,-1
882,68223,193.00,310.00,4.00,7.00,1,7,0.8889,-1
882,31226,235.00,353.00,12.00,9.00,1,7,0.9570,-1
882,71909,247.00,294.00,16.00,12.00,1,7,0.6667,-1
882,41466,225.00,329.00,19.00,18.00,1,7,1.0000,-1
882,88393,738.00,238.00,27.00,13.00,1,7,0.0353,-1
882,23927,822.00,111.00,48.00,36.00,1,1,0.3474,-1
882,35342,453.00,56.00,32.00,67.00,1,7,0.1450,-1
882,37790,480.00,0.00,86.00,55.00,1,1,0.3394,-1
882,82065,421.00,360.00,212.00,103.00,1,1,0.9974,-1
883,51885,566.00,349.00,8.00,10.00,1,7,1.0000,-1
883,36159,804.00,328.00,8.00,11.00,1,7,0.7596,-1
883,67180,870.00,300.00,29.00,10.00,1,7,1.0000,-1
883,96243,266.00,324.00,6.00,11.00,1,7,0.4488,-1
883,68223,199.00,310.00,4.00,6.00,1,7,0.9200,-1
883,31226,241.00,353.00,12.00,9.00,1,7,0.9565,-1
883,71909,253.00,294.00,15.00,12.00,1,7,0.6757,-1
883,41466,231.00,329.00,19.00,18.00,1,7,1.0000,-1
883,88393,744.00,239.00,27.00,12.00,1,7,0.0312,-1
883,23927,829.00,109.00,49.00,37.00,1,1,0.3442,-1
883,35342,461.00,56.00,30.00,67.00,1,7,0.1281,-1
883,37790,488.00,0.00,85.00,54.00,1,1,0.3297,-1
883,82065,429.00,359.00,212.00,104.00,1,1,0.9973,-1
884,51885,573.00,349.00,8.00,11.00,1,7,1.0000,-1
884,36159,812.00,327.00,8.00,12.00,1,7,0.7290,-1
884,67180,880.00,300.00,28.00,10.00,1,7,1.0000,-1
884,96243,274.00,324.00,6.00,12.00,1,7,0.4769,-1
884,68223,208.00,311.00,4.00,6.00,1,7,0.9565,-1
884,31226,249.00,353.00,11.00,9.00,1,7,0.9560,-1
884,71909,261.00,294.00,15.00,12.00,1,7,0.6846,-1
884,41466,239.00,330.00,19.00,17.00,1,7,1.0000,-1
884,88393,752.00,238.00,28.00,12.00,1,7,0.0315,-1
884,23927,837.00,107.00,50.00,37.00,1,1,0.3462,-1
884,35342,469.00,57.00,29.00,66.00,1,7,0.1198,-1
884,37790,496.00,0.00,84.00,54.00,1,1,0.3241,-1
884,82065,436.00,359.00,213.00,104.00,1,1,0.9973,-1
885,51885,581.00,349.00,7.00,11.00,1,7,1.0000,-1
885,36159,823.00,327.00,8.00,12.00,1,7,0.7091,-1
885,67180,891.00,299.00,29.00,10.00,1,7,1.0000,-1
885,96243,283.00,325.00,10.00,12.00,1,7,0.6640,-1
885,68223,217.00,311.00,4.00,7.00,1,7,1.0000,-1
885,31226,258.00,353.00,12.00,9.00,1,7,0.9551,-1
885,71909,270.00,295.00,15.00,12.00,1,7,0.6575,-1
885,41466,248.00,330.00,19.00,17.00,1,7,1.0000,-1
885,88393,761.00,237.00,28.00,12.00,1,7,0.0295,-1
885,23927,848.00,105.00,51.00,37.00,1,1,0.3500,-1
885,35342,480.00,63.00,27.00,60.00,1,7,0.0982,-1
885,37790,507.00,0.00,84.00,55.00,1,1,0.3161,-1
885,82065,447.00,360.00,212.00,103.00,1,1,0.9972,-1
886,51885,587.00,349.00,7.00,11.00,1,7,1.0000,-1
886,36159,830.00,327.00,9.00,11.00,1,7,0.7075,-1
886,67180,899.00,298.00,30.00,11.00,1,7,1.0000,-1
886,96243,290.00,325.00,10.00,11.00,1,7,0.6748,-1
886,68223,225.00,312.00,4.00,6.00,1,7,1.0000,-1
886,31226,265.00,353.00,11.00,9.00,1,7,0.9655,-1
886,71909,277.00,295.00,15.00,12.00,1,7,0.6944,-1
886,41466,255.00,330.00,19.00,17.00,1,7,1.0000,-1
886,88393,768.00,236.00,29.00,11.00,1,7,0.0306,-1
886,23927,856.00,103.00,52.00,38.00,1,1,0.3463,-1
886,35342,487.00,65.00,26.00,58.00,1,7,0.0872,-1
886,37790,514.00,0.00,83.00,55.00,1,1,0.3110,-1
886,82065,455.00,360.00,211.00,103.00,1,1,0.9972,-1
887,51885,590.00,349.00,8.00,11.00,1,7,1.0000,-1
887,36159,835.00,327.00,9.00,12.00,1,7,0.7080,-1
887,67180,905.00,298.00,30.00,11.00,1,7,1.0000,-1
887,96243,294.00,325.00,10.00,11.00,1,7,0.6529,-1
887,68223,230.00,312.00,4.00,6.00,1,7,0.9583,-1
887,31226,269.00,353.00,12.00,9.00,1,7,0.9659,-1
887,71909,282.00,295.00,14.00,12.00,1,7,0.6571,-1
887,41466,260.00,330.00,18.00,18.00,1,7,1.0000,-1
887,88393,773.00,236.00,29.00,11.00,1,7,0.0297,-1
887,23927,862.00,103.00,52.00,37.00,1,1,0.3477,-1
887,35342,491.00,64.00,26.00,60.00,1,7,0.0898,-1
887,37790,518.00,0.00,83.00,55.00,1,1,0.3105,-1
887,82065,458.00,360.00,212.00,104.00,1,1,0.9973,-1
888,51885,594.00,349.00,8.00,10.00,1,7,1.0000,-1
888,36159,840.00,326.00,8.00,11.00,1,7,0.6937,-1
888,67180,910.00,297.00,31.00,11.00,1,7,1.0000,-1
888,96243,298.00,325.00,10.00,12.00,1,7,0.6777,-1
888,68223,234.00,312.00,4.00,6.00,1,7,0.9565,-1
888,31226,274.00,353.00,11.00,9.00,1,7,0.9535,-1
888,71909,285.00,295.00,15.00,12.00,1,7,0.6809,-1
888,41466,264.00,330.00,18.00,18.00,1,7,1.0000,-1
888,88393,777.00,234.00,29.00,14.00,1,7,0.0310,-1
888,23927,866.00,101.00,53.00,37.00,1,1,0.3465,-1
888,35342,493.00,64.00,27.00,59.00,1,7,0.0948,-1
888,37790,520.00,0.00,83.00,54.00,1,1,0.3082,-1
888,82065,461.00,359.00,212.00,104.00,1,1,0.9974,-1
889,51885,597.00,349.00,8.00,10.00,1,7,1.0000,-1
889,36159,845.00,326.00,8.00,12.00,1,7,0.7069,-1
889,67180,916.00,297.00,30.00,10.00,1,7,1.0000,-1
889,96243,302.00,325.00,10.00,12.00,1,7,0.6750,-1
889,68223,238.00,312.00,4.00,6.00,1,7,0.9565,-1
889,31226,278.00,353.00,11.00,9.00,1,7,0.9655,-1
889,71909,289.00,296.00,15.00,11.00,1,7,0.6547,-1
889,41466,268.00,331.00,18.00,17.00,1,7,1.0000,-1
889,88393,781.00,235.00,29.00,11.00,1,7,0.0290,-1
889,23927,871.00,99.00,53.00,38.00,1,1,0.3452,-1
889,35342,496.00,63.00,27.00,60.00,1,7,0.0955,-1
889,37790,523.00,0.00,83.00,55.00,1,1,0.3083,-1
889,82065,464.00,360.00,213.00,103.00,1,1,0.9974,-1
890,51885,602.00,349.00,8.00,10.00,1,7,1.0000,-1
890,36159,852.00,326.00,8.00,11.00,1,7,0.7143,-1
890,67180,923.00,296.00,32.00,11.00,1,7,1.0000,-1
890,96243,308.00,325.00,10.00,11.00,1,7,0.6639,-1
890,68223,244.00,312.00,4.00,6.00,1,7,0.9524,-1
890,31226,284.00,353.00,11.00,9.00,1,7,0.9518,-1
890,71909,295.00,296.00,15.00,12.00,1,7,0.6691,-1
890,41466,274.00,331.00,18.00,17.00,1,7,1.0000,-1
890,88393,788.00,233.00,29.00,12.00,1,7,0.0309,-1
890,23927,879.00,97.00,53.00,39.00,1,1,0.3486,-1
890,35342,502.00,65.00,26.00,58.00,1,7,0.0896,-1
890,37790,529.00,0.00,82.00,55.00,1,1,0.3037,-1
890,82065,470.00,359.00,213.00,104.00,1,1,0.9973,-1
891,51885,610.00,349.00,7.00,10.00,1,7,1.0000,-1
891,36159,861.00,325.00,9.00,12.00,1,7,0.7025,-1
891,67180,934.00,295.00,32.00,11.00,1,7,1.0000,-1
891,96243,316.00,326.00,9.00,11.00,1,7,0.6581,-1
891,68223,253.00,313.00,4.00,6.00,1,7,1.0000,-1
891,31226,292.00,353.00,11.00,10.00,1,7,0.9634,-1
891,71909,303.00,297.00,14.00,11.00,1,7,0.6741,-1
891,41466,283.00,331.00,17.00,17.00,1,7,1.0000,-1
891,88393,796.00,232.00,30.00,12.00,1,7,0.0296,-1
891,23927,889.00,95.00,55.00,38.00,1,1,0.3483,-1
891,35342,511.00,66.00,25.00,58.00,1,7,0.0787,-1
891,37790,538.00,0.00,81.00,55.00,1,1,0.2983,-1
891,82065,478.00,359.00,214.00,104.00,1,1,0.9973,-1
892,51885,616.00,349.00,8.00,10.00,1,7,1.0000,-1
892,36159,870.00,324.00,8.00,12.00,1,7,0.7009,-1
892,67180,944.00,294.00,32.00,11.00,1,7,1.0000,-1
892,96243,322.00,325.00,10.00,11.00,1,7,0.6638,-1
892,68223,260.00,313.00,4.00,6.00,1,7,1.0000,-1
892,31226,298.00,353.00,11.00,9.00,1,7,0.9634,-1
892,71909,310.00,296.00,14.00,12.00,1,7,0.6889,-1
892,41466,289.00,331.00,18.00,17.00,1,7,1.0000,-1
892,88393,804.00,231.00,30.00,12.00,1,7,0.0298,-1
892,23927,898.00,92.00,55.00,39.00,1,1,0.3465,-1
892,35342,517.00,68.00,25.00,55.00,1,7,0.0737,-1
892,37790,545.00,0.00,80.00,54.00,1,1,0.2927,-1
892,82065,485.00,359.00,214.00,104.00,1,1,0.9972,-1
893,51885,624.00,350.00,7.00,10.00,1,7,1.0000,-1
893,36159,881.00,326.00,8.00,12.00,1,7,0.6746,-1
893,67180,956.00,296.00,34.00,10.00,1,7,0.9967,-1
893,96243,331.00,326.00,9.00,12.00,1,7,0.6667,-1
893,68223,269.00,314.00,4.00,6.00,1,7,1.0000,-1
893,31226,307.00,354.00,11.00,9.00,1,7,0.9639,-1
893,71909,319.00,298.00,14.00,11.00,1,7,0.6667,-1
893,41466,298.00,332.00,18.00,17.00,1,7,1.0000,-1
893,88393,814.00,232.00,31.00,13.00,1,7,0.0307,-1
893,23927,910.00,92.00,57.00,39.00,1,1,0.3445,-1
893,54245,0.00,288.00,0.00,0.00,1,7,1.0000,-1
893,35342,528.00,73.00,23.00,52.00,1,7,0.0564,-1
893,37790,556.00,0.00,82.00,56.00,1,1,0.2905,-1
893,82065,495.00,361.00,214.00,104.00,1,1,0.9974,-1
894,51885,629.00,350.00,8.00,10.00,1,7,1.0000,-1
894,36159,889.00,326.00,9.00,11.00,1,7,0.6693,-1
894,67180,966.00,295.00,33.00,11.00,1,7,1.0000,-1
894,96243,337.00,326.00,9.00,12.00,1,7,0.6696,-1
894,68223,276.00,314.00,4.00,6.00,1,7,1.0000,-1
894,31226,314.00,354.00,10.00,9.00,1,7,0.9518,-1
894,71909,325.00,298.00,14.00,11.00,1,7,0.6818,-1
894,41466,305.00,332.00,17.00,17.00,1,7,1.0000,-1
894,88393,822.00,232.00,30.00,11.00,1,7,0.0280,-1
894,23927,918.00,90.00,58.00,39.00,1,1,0.3463,-1
894,54245,0.00,285.00,10.00,6.00,1,7,1.0000,-1
894,35342,535.00,75.00,22.00,50.00,1,7,0.0518,-1
894,37790,563.00,0.00,80.00,55.00,1,1,0.2855,-1
894,82065,502.00,361.00,214.00,104.00,1,1,0.9973,-1
895,51885,635.00,349.00,8.00,10.00,1,7,1.0000,-1
895,36159,898.00,324.00,8.00,11.00,1,7,0.6512,-1
895,67180,975.00,292.00,35.00,11.00,1,7,1.0000,-1
895,96243,343.00,326.00,10.00,11.00,1,7,0.6577,-1
895,68223,283.00,314.00,3.00,6.00,1,7,0.9545,-1
895,31226,320.00,353.00,11.00,9.00,1,7,0.9620,-1
895,71909,331.00,297.00,14.00,12.00,1,7,0.6794,-1
895,41466,311.00,331.00,17.00,17.00,1,7,1.0000,-1
895,88393,829.00,229.00,32.00,12.00,1,7,0.0297,-1
895,23927,927.00,85.00,59.00,40.00,1,1,0.3464,-1
895,54245,8.00,286.00,12.00,6.00,1,7,0.9324,-1
895,35342,541.00,75.00,21.00,48.00,1,7,0.0490,-1
895,37790,569.00,0.00,78.00,53.00,1,1,0.2765,-1
895,82065,508.00,359.00,215.00,105.00,1,1,0.9973,-1
896,51885,643.00,348.00,8.00,11.00,1,7,1.0000,-1
896,36159,909.00,322.00,9.00,12.00,1,7,0.6567,-1
896,67180,988.00,291.00,35.00,11.00,1,7,1.0000,-1
896,96243,351.00,326.00,9.00,11.00,1,7,0.6545,-1
896,68223,291.00,314.00,4.00,6.00,1,7,0.9524,-1
896,31226,328.00,354.00,11.00,8.00,1,7,0.9737,-1
896,71909,339.00,298.00,14.00,11.00,1,7,0.6822,-1
896,41466,319.00,332.00,17.00,16.00,1,7,1.0000,-1
896,88393,839.00,227.00,32.00,11.00,1,7,0.0276,-1
896,23927,939.00,81.00,60.00,41.00,1,1,0.3470,-1
896,54245,21.00,288.00,12.00,5.00,1,7,0.9437,-1
896,35342,549.00,75.00,21.00,47.00,1,7,0.0439,-1
896,37790,577.00,0.00,77.00,52.00,1,1,0.2696,-1
896,82065,516.00,359.00,216.00,105.00,1,1,0.9972,-1
897,51885,647.00,349.00,9.00,10.00,1,7,1.0000,-1
897,36159,915.00,324.00,9.00,11.00,1,7,0.6765,-1
897,67180,996.00,291.00,27.00,12.00,1,7,1.0000,-1
897,96243,356.00,327.00,9.00,11.00,1,7,0.6789,-1
897,68223,296.00,315.00,4.00,5.00,1,7,1.0000,-1
897,31226,333.00,354.00,10.00,9.00,1,7,0.9615,-1
897,71909,344.00,298.00,14.00,12.00,1,7,0.6875,-1
897,41466,324.00,332.00,17.00,17.00,1,7,1.0000,-1
897,88393,845.00,227.00,32.00,13.00,1,7,0.0292,-1
897,23927,946.00,81.00,61.00,40.00,1,1,0.3450,-1
897,72217,0.00,320.00,2.00,14.00,1,7,0.1339,-1
897,54245,29.00,288.00,12.00,6.00,1,7,0.9178,-1
897,35342,553.00,75.00,21.00,48.00,1,7,0.0465,-1
897,37790,581.00,0.00,78.00,54.00,1,1,0.2732,-1
897,82065,520.00,360.00,216.00,105.00,1,1,0.9974,-1
898,51885,652.00,349.00,8.00,11.00,1,7,1.0000,-1
898,36159,922.00,324.00,10.00,12.00,1,7,0.7101,-1
898,67180,1004.00,292.00,19.00,11.00,1,7,1.0000,-1
898,96243,361.00,327.00,9.00,11.00,1,7,0.6789,-1
898,68223,302.00,315.00,3.00,6.00,1,7,0.9091,-1
898,31226,338.00,354.00,10.00,9.00,1,7,0.9610,-1
898,71909,349.00,299.00,14.00,11.00,1,7,0.6797,-1
898,41466,329.00,332.00,17.00,17.00,1,7,1.0000,-1
898,88393,851.00,227.00,32.00,12.00,1,7,0.0289,-1
898,23927,953.00,80.00,62.00,41.00,1,1,0.3424,-1
898,72217,0.00,309.00,11.00,25.00,1,7,0.4397,-1
898,54245,38.00,289.00,12.00,5.00,1,7,0.9286,-1
898,35342,557.00,73.00,22.00,51.00,1,7,0.0518,-1
898,37790,519.00,0.00,144.00,55.00,1,1,0.2774,-1
898,82065,523.00,360.00,217.00,105.00,1,1,0.9973,-1
899,51885,657.00,349.00,9.00,10.00,1,7,1.0000,-1
899,36159,929.00,323.00,10.00,12.00,1,7,0.6853,-1
899,67180,1013.00,291.00,10.00,10.00,1,7,1.0000,-1
899,96243,366.00,327.00,9.00,11.00,1,7,0.6729,-1
899,68223,307.00,315.00,4.00,6.00,1,7,0.9500,-1
899,31226,343.00,354.00,11.00,9.00,1,7,0.9615,-1
899,71909,354.00,299.00,14.00,11.00,1,7,0.6850,-1
899,41466,335.00,332.00,16.00,17.00,1,7,1.0000,-1
899,88393,857.00,226.00,33.00,12.00,1,7,0.0285,-1
899,23927,961.00,77.00,62.00,41.00,1,1,0.3438,-1
899,72217,0.00,300.00,20.00,35.00,1,7,0.5889,-1
899,54245,46.00,289.00,12.00,6.00,1,7,0.9394,-1
899,35342,560.00,70.00,23.00,54.00,1,7,0.0613,-1
899,37790,587.00,0.00,79.00,55.00,1,1,0.2768,-1
899,82065,526.00,360.00,218.00,105.00,1,1,0.9974,-1
900,51885,663.00,348.00,8.00,10.00,1,7,1.0000,-1
900,36159,937.00,321.00,10.00,13.00,1,7,0.7162,-1
900,67180,1022.00,290.00,1.00,4.00,1,7,1.0000,-1
900,96243,371.00,326.00,9.00,11.00,1,7,0.6542,-1
900,68223,313.00,315.00,3.00,6.00,1,7,1.0000,-1
900,31226,349.00,354.00,10.00,8.00,1,7,0.9600,-1
900,71909,360.00,298.00,13.00,12.00,1,7,0.6880,-1
900,41466,340.00,332.00,17.00,16.00,1,7,1.0000,-1
900,88393,864.00,223.00,34.00,14.00,1,7,0.0325,-1
900,23927,969.00,72.00,54.00,42.00,1,1,0.3106,-1
900,72217,1.00,300.00,28.00,35.00,1,1,0.6574,-1
900,54245,54.00,290.00,12.00,5.00,1,7,0.9219,-1
900,35342,563.00,67.00,24.00,56.00,1,7,0.0726,-1
900,37790,590.00,0.00,76.00,53.00,1,1,0.2738,-1
900,82065,530.00,359.00,218.00,105.00,1,1,0.9974,-1
901,51885,674.00,348.00,8.00,10.00,1,7,1.0000,-1
901,36159,954.00,321.00,10.00,12.00,1,7,0.7200,-1
901,96243,382.00,327.00,9.00,11.00,1,7,0.6731,-1
901,68223,324.00,316.00,4.00,5.00,1,7,0.9500,-1
901,31226,360.00,354.00,10.00,9.00,1,7,0.9600,-1
901,71909,371.00,299.00,13.00,11.00,1,7,0.6694,-1
901,41466,351.00,332.00,17.00,17.00,1,7,1.0000,-1
901,88393,879.00,221.00,34.00,14.00,1,7,0.0301,-1
901,23927,987.00,69.00,28.00,41.00,1,1,0.4198,-1
901,72217,20.00,301.00,27.00,35.00,1,1,0.6599,-1
901,54245,72.00,292.00,11.00,5.00,1,7,0.9355,-1
901,28172,0.00,238.00,1.00,1.00,1,7,0.0205,-1
901,35342,575.00,69.00,23.00,54.00,1,7,0.0608,-1
901,37790,603.00,0.00,75.00,53.00,1,1,0.2669,-1
901,82065,541.00,359.00,220.00,105.00,1,1,0.9974,-1
902,51885,681.00,350.00,8.00,10.00,1,7,1.0000,-1
902,36159,964.00,323.00,11.00,13.00,1,7,0.7308,-1
902,96243,389.00,328.00,9.00,11.00,1,7,0.6729,-1
902,68223,332.00,317.00,3.00,5.00,1,7,0.9474,-1
902,31226,367.00,355.00,10.00,9.00,1,7,0.9595,-1
902,71909,378.00,300.00,13.00,11.00,1,7,0.6694,-1
902,41466,358.00,333.00,16.00,17.00,1,7,1.0000,-1
902,88393,888.00,223.00,35.00,15.00,1,7,0.0314,-1
902,23927,998.00,70.00,25.00,41.00,1,1,0.6524,-1
902,72217,32.00,302.00,26.00,34.00,1,1,0.6588,-1
902,54245,83.00,292.00,11.00,6.00,1,7,0.9322,-1
902,28172,0.00,214.00,14.00,29.00,1,7,0.3883,-1
902,35342,583.00,74.00,23.00,51.00,1,7,0.0542,-1
902,37790,546.00,0.00,143.00,56.00,1,1,0.2734,-1
902,82065,548.00,361.00,221.00,106.00,1,1,0.9975,-1
903,51885,689.00,347.00,8.00,10.00,1,7,1.0000,-1
903,36159,977.00,318.00,11.00,13.00,1,7,0.7250,-1
903,96243,397.00,327.00,8.00,10.00,1,7,0.6442,-1
903,68223,340.00,316.00,3.00,5.00,1,7,0.9444,-1
903,31226,374.00,354.00,11.00,8.00,1,7,0.9718,-1
903,71909,385.00,299.00,13.00,11.00,1,7,0.6667,-1
903,41466,366.00,332.00,16.00,16.00,1,7,1.0000,-1
903,88393,899.00,218.00,36.00,13.00,1,7,0.0292,-1
903,23927,1011.00,64.00,12.00,25.00,1,7,0.7185,-1
903,72217,45.00,303.00,26.00,34.00,1,1,0.6581,-1
903,54245,94.00,293.00,11.00,5.00,1,7,0.9344,-1
903,28172,0.00,216.00,27.00,29.00,1,1,0.5549,-1
903,35342,590.00,70.00,23.00,51.00,1,7,0.0526,-1
903,37790,618.00,0.00,72.00,51.00,1,1,0.2525,-1
903,82065,556.00,358.00,223.00,106.00,1,1,0.9974,-1
904,51885,699.00,347.00,8.00,10.00,1,7,1.0000,-1
904,36159,993.00,317.00,11.00,14.00,1,7,0.7000,-1
904,96243,406.00,327.00,9.00,11.00,1,7,0.6731,-1
904,68223,349.00,316.00,4.00,6.00,1,7,1.0000,-1
904,31226,384.00,354.00,10.00,8.00,1,7,0.9859,-1
904,71909,395.00,299.00,13.00,11.00,1,7,0.6723,-1
904,41466,376.00,333.00,16.00,15.00,1,7,1.0000,-1
904,88393,913.00,215.00,37.00,14.00,1,7,0.0300,-1
904,72217,61.00,304.00,24.00,33.00,1,1,0.6582,-1
904,54245,108.00,294.00,11.00,5.00,1,7,0.9167,-1
904,28172,6.00,219.00,37.00,28.00,1,1,0.6298,-1
904,35342,603.00,73.00,20.00,45.00,1,7,0.0379,-1
904,37790,562.00,0.00,139.00,50.00,1,1,0.2426,-1
904,82065,568.00,358.00,224.00,106.00,1,1,0.9974,-1
905,51885,707.00,347.00,9.00,11.00,1,7,1.0000,-1
905,36159,1006.00,317.00,12.00,13.00,1,7,0.6949,-1
905,96243,414.00,327.00,9.00,11.00,1,7,0.6600,-1
905,68223,358.00,316.00,3.00,6.00,1,7,0.9474,-1
905,31226,392.00,354.00,10.00,9.00,1,7,0.9857,-1
905,71909,403.00,300.00,13.00,11.00,1,7,0.6667,-1
905,41466,384.00,333.00,16.00,16.00,1,7,1.0000,-1
905,88393,925.00,214.00,37.00,14.00,1,7,0.0309,-1
905,72217,73.00,305.00,24.00,33.00,1,1,0.6617,-1
905,54245,120.00,295.00,10.00,5.00,1,7,0.9464,-1
905,28172,20.00,221.00,36.00,28.00,1,1,0.6289,-1
905,35342,614.00,75.00,17.00,40.00,1,7,0.0289,-1
905,37790,570.00,0.00,140.00,50.00,1,1,0.2360,-1
905,82065,577.00,358.00,225.00,106.00,1,1,0.9973,-1
906,51885,714.00,347.00,8.00,11.00,1,7,1.0000,-1
906,36159,1017.00,318.00,6.00,13.00,1,7,0.5891,-1
906,96243,420.00,328.00,9.00,10.00,1,7,0.6569,-1
906,68223,364.00,317.00,3.00,5.00,1,7,0.9412,-1
906,31226,398.00,354.00,10.00,9.00,1,7,0.9722,-1
906,71909,409.00,300.00,12.00,11.00,1,7,0.6638,-1
906,41466,390.00,333.00,16.00,16.00,1,7,1.0000,-1
906,88393,934.00,214.00,38.00,14.00,1,7,0.0307,-1
906,72217,83.00,305.00,24.00,33.00,1,1,0.6597,-1
906,54245,129.00,296.00,10.00,4.00,1,7,0.9231,-1
906,28172,31.00,222.00,35.00,28.00,1,1,0.6323,-1
906,76986,0.00,204.00,4.00,15.00,1,7,0.8689,-1
906,35342,621.00,77.00,17.00,39.00,1,7,0.0248,-1
906,37790,577.00,0.00,141.00,50.00,1,1,0.2350,-1
906,82065,584.00,359.00,226.00,107.00,1,1,0.9974,-1
907,51885,720.00,348.00,9.00,11.00,1,7,1.0000,-1
907,96243,425.00,328.00,9.00,11.00,1,7,0.6667,-1
907,68223,370.00,318.00,3.00,5.00,1,7,0.9412,-1
907,31226,404.00,355.00,10.00,8.00,1,7,0.9571,-1
907,71909,414.00,301.00,13.00,11.00,1,7,0.6724,-1
907,41466,396.00,334.00,15.00,16.00,1,7,1.0000,-1
907,88393,943.00,213.00,38.00,14.00,1,7,0.0301,-1
907,72217,92.00,306.00,23.00,32.00,1,1,0.6656,-1
907,54245,137.00,297.00,11.00,4.00,1,7,0.9412,-1
907,28172,41.00,224.00,36.00,28.00,1,1,0.6324,-1
907,76986,0.00,201.00,14.00,26.00,1,7,0.9434,-1
907,35342,628.00,78.00,16.00,37.00,1,7,0.0234,-1
907,37790,583.00,0.00,142.00,51.00,1,1,0.2361,-1
907,82065,589.00,360.00,228.00,107.00,1,1,0.9974,-1
908,51885,725.00,349.00,9.00,11.00,1,7,1.0000,-1
908,96243,430.00,329.00,9.00,10.00,1,7,0.6733,-1
908,68223,375.00,318.00,3.00,5.00,1,7,1.0000,-1
908,31226,409.00,355.00,9.00,9.00,1,7,0.9577,-1
908,71909,419.00,301.00,13.00,11.00,1,7,0.6807,-1
908,41466,401.00,334.00,15.00,16.00,1,7,1.0000,-1
908,88393,950.00,213.00,39.00,15.00,1,7,0.0305,-1
908,72217,99.00,306.00,23.00,33.00,1,1,0.6603,-1
908,54245,144.00,297.00,10.00,5.00,1,7,0.9423,-1
908,28172,49.00,225.00,35.00,27.00,1,1,0.6305,-1
908,76986,0.00,202.00,23.00,29.00,1,1,0.9698,-1
908,35342,632.00,79.00,17.00,37.00,1,7,0.0247,-1
908,37790,588.00,0.00,142.00,51.00,1,1,0.2365,-1
908,82065,593.00,361.00,229.00,107.00,1,1,0.9975,-1
909,51885,730.00,349.00,8.00,11.00,1,7,1.0000,-1
909,96243,434.00,329.00,9.00,11.00,1,7,0.6569,-1
909,68223,379.00,318.00,3.00,6.00,1,7,0.9444,-1
909,31226,413.00,355.00,9.00,9.00,1,7,0.9444,-1
909,71909,423.00,301.00,13.00,11.00,1,7,0.6864,-1
909,41466,405.00,334.00,15.00,16.00,1,7,1.0000,-1
909,88393,956.00,212.00,40.00,15.00,1,7,0.0322,-1
909,72217,106.00,307.00,22.00,32.00,1,1,0.6582,-1
909,54245,150.00,297.00,10.00,5.00,1,7,0.9400,-1
909,28172,56.00,226.00,34.00,27.00,1,1,0.6307,-1
909,76986,0.00,203.00,30.00,29.00,1,1,0.9764,-1
909,35342,635.00,76.00,18.00,41.00,1,7,0.0296,-1
909,37790,592.00,0.00,141.00,51.00,1,1,0.2372,-1
909,82065,596.00,361.00,230.00,107.00,1,1,0.9975,-1
910,51885,735.00,347.00,9.00,11.00,1,7,1.0000,-1
910,96243,439.00,328.00,8.00,10.00,1,7,0.6535,-1
910,68223,384.00,317.00,3.00,6.00,1,7,0.9474,-1
910,31226,417.00,354.00,10.00,9.00,1,7,0.9577,-1
910,71909,428.00,301.00,12.00,10.00,1,7,0.6847,-1
910,41466,409.00,333.00,16.00,16.00,1,7,1.0000,-1
910,88393,964.00,208.00,40.00,15.00,1,7,0.0310,-1
910,72217,113.00,307.00,22.00,32.00,1,1,0.6580,-1
910,54245,156.00,298.00,10.00,4.00,1,7,0.9362,-1
910,28172,63.00,227.00,34.00,27.00,1,1,0.6239,-1
910,76986,0.00,204.00,38.00,29.00,1,1,0.9813,-1
910,35342,636.00,70.00,21.00,47.00,1,7,0.0411,-1
910,37790,594.00,0.00,138.00,49.00,1,1,0.2284,-1
910,82065,599.00,359.00,232.00,107.00,1,1,0.9975,-1
911,51885,742.00,345.00,9.00,11.00,1,7,1.0000,-1
911,96243,445.00,327.00,9.00,11.00,1,7,0.6667,-1
911,68223,390.00,317.00,3.00,5.00,1,7,1.0000,-1
911,31226,424.00,353.00,9.00,9.00,1,7,0.9701,-1
911,71909,434.00,300.00,13.00,10.00,1,7,0.6726,-1
911,41466,416.00,333.00,15.00,15.00,1,7,1.0000,-1
911,88393,975.00,203.00,41.00,16.00,1,7,0.0315,-1
911,72217,122.00,308.00,22.00,31.00,1,1,0.6584,-1
911,54245,165.00,298.00,10.00,4.00,1,7,0.9362,-1
911,28172,73.00,228.00,33.00,27.00,1,1,0.6321,-1
911,76986,7.00,206.00,41.00,29.00,1,1,0.9820,-1
911,35342,639.00,64.00,23.00,53.00,1,7,0.0498,-1
911,37790,599.00,0.00,133.00,45.00,1,1,0.2159,-1
911,82065,605.00,356.00,233.00,108.00,1,1,0.9975,-1
912,51885,748.00,345.00,10.00,11.00,1,7,1.0000,-1
912,96243,450.00,327.00,9.00,11.00,1,7,0.6735,-1
912,68223,396.00,317.00,3.00,5.00,1,7,0.9444,-1
912,31226,429.00,354.00,10.00,8.00,1,7,0.9855,-1
912,71909,439.00,300.00,13.00,11.00,1,7,0.6810,-1
912,41466,421.00,333.00,15.00,16.00,1,7,1.0000,-1
912,88393,983.00,204.00,40.00,16.00,1,7,0.0265,-1
912,72217,130.00,308.00,22.00,31.00,1,1,0.6610,-1
912,54245,173.00,299.00,9.00,4.00,1,7,0.9149,-1
912,28172,82.00,229.00,33.00,27.00,1,1,0.6289,-1
912,76986,17.00,208.00,40.00,28.00,1,1,0.9836,-1
912,35342,644.00,64.00,24.00,53.00,1,7,0.0540,-1
912,37790,604.00,0.00,133.00,46.00,1,1,0.2185,-1
912,82065,609.00,357.00,235.00,108.00,1,1,0.9978,-1
913,51885,754.00,345.00,9.00,11.00,1,7,1.0000,-1
913,96243,455.00,327.00,9.00,11.00,1,7,0.6634,-1
913,68223,401.00,317.00,3.00,6.00,1,7,0.8947,-1
913,31226,434.00,354.00,10.00,8.00,1,7,0.9853,-1
913,71909,444.00,300.00,13.00,11.00,1,7,0.6870,-1
913,41466,426.00,333.00,15.00,16.00,1,7,1.0000,-1
913,88393,992.00,206.00,4.00,6.00,1,7,0.0117,-1
913,72217,137.00,309.00,22.00,30.00,1,1,0.6597,-1
913,54245,179.00,299.00,10.00,4.00,1,7,0.9348,-1
913,28172,90.00,230.00,32.00,27.00,1,1,0.6329,-1
913,76986,26.00,209.00,39.00,28.00,1,1,0.9832,-1
913,35342,648.00,60.00,24.00,57.00,1,7,0.0626,-1
913,37790,676.00,0.00,65.00,46.00,1,1,0.2184,-1
913,82065,612.00,357.00,237.00,109.00,1,1,0.9978,-1
914,51885,760.00,344.00,10.00,11.00,1,7,1.0000,-1
914,96243,460.00,327.00,9.00,10.00,1,7,0.6566,-1
914,68223,406.00,317.00,3.00,5.00,1,7,1.0000,-1
914,31226,439.00,353.00,10.00,9.00,1,7,0.9571,-1
914,71909,449.00,300.00,13.00,11.00,1,7,0.6609,-1
914,41466,431.00,333.00,16.00,15.00,1,7,1.0000,-1
914,88393,1001.00,203.00,4.00,7.00,1,7,0.0138,-1
914,72217,145.00,309.00,21.00,31.00,1,1,0.6567,-1
914,54245,186.00,299.00,9.00,5.00,1,7,0.9167,-1
914,28172,98.00,231.00,32.00,26.00,1,1,0.6275,-1
914,76986,35.00,211.00,38.00,27.00,1,1,0.9814,-1
914,35342,651.00,57.00,26.00,58.00,1,7,0.0738,-1
914,37790,679.00,0.00,63.00,44.00,1,1,0.2129,-1
914,82065,616.00,356.00,239.00,109.00,1,1,0.9977,-1
915,51885,769.00,344.00,9.00,11.00,1,7,1.0000,-1
915,96243,467.00,327.00,9.00,11.00,1,7,0.6735,-1
915,68223,413.00,317.00,3.00,5.00,1,7,0.9412,-1
915,31226,446.00,353.00,10.00,9.00,1,7,0.9851,-1
915,71909,456.00,300.00,13.00,11.00,1,7,0.6814,-1
915,41466,438.00,333.00,15.00,15.00,1,7,1.0000,-1
915,88393,1013.00,201.00,4.00,7.00,1,7,0.0177,-1
915,72217,155.00,309.00,21.00,31.00,1,1,0.6571,-1
915,54245,196.00,300.00,9.00,4.00,1,7,0.9130,-1
915,28172,109.00,233.00,31.00,26.00,1,1,0.6255,-1
915,76986,47.00,212.00,38.00,28.00,1,1,0.9834,-1
915,35342,658.00,55.00,26.00,59.00,1,7,0.0772,-1
915,37790,686.00,0.00,61.00,43.00,1,1,0.2079,-1
915,82065,623.00,355.00,240.00,110.00,1,1,0.9978,-1
916,51885,781.00,344.00,10.00,12.00,1,7,1.0000,-1
916,96243,478.00,327.00,8.00,11.00,1,7,0.6701,-1
916,68223,424.00,318.00,3.00,5.00,1,7,1.0000,-1
916,31226,457.00,354.00,9.00,8.00,1,7,0.9692,-1
916,71909,467.00,300.00,12.00,11.00,1,7,0.6754,-1
916,41466,449.00,333.00,15.00,16.00,1,7,1.0000,-1
916,72217,170.00,310.00,20.00,31.00,1,7,0.6610,-1
916,54245,210.00,301.00,8.00,4.00,1,7,0.9318,-1
916,28172,125.00,235.00,30.00,25.00,1,1,0.6273,-1
916,76986,65.00,215.00,37.00,27.00,1,1,0.9813,-1
916,35342,671.00,56.00,25.00,58.00,1,7,0.0653,-1
916,37790,700.00,0.00,60.00,43.00,1,1,0.2003,-1
916,82065,635.00,356.00,244.00,110.00,1,1,0.9977,-1
917,51885,788.00,346.00,10.00,12.00,1,7,1.0000,-1
917,96243,483.00,329.00,9.00,10.00,1,7,0.6700,-1
917,68223,430.00,319.00,2.00,5.00,1,7,0.9333,-1
917,31226,462.00,355.00,9.00,9.00,1,7,0.9846,-1
917,71909,472.00,302.00,13.00,11.00,1,7,0.6727,-1
917,41466,454.00,334.00,15.00,16.00,1,7,1.0000,-1
917,72217,177.00,311.00,20.00,30.00,1,7,0.6590,-1
917,54245,217.00,302.00,8.00,4.00,1,7,0.9302,-1
917,28172,134.00,236.00,30.00,25.00,1,1,0.6361,-1
917,76986,75.00,217.00,36.00,26.00,1,1,0.9807,-1
917,35342,678.00,60.00,25.00,56.00,1,7,0.0634,-1
917,37790,637.00,0.00,133.00,46.00,1,1,0.2096,-1
917,82065,640.00,359.00,245.00,110.00,1,1,0.9978,-1
918,51885,793.00,343.00,10.00,11.00,1,7,1.0000,-1
918,96243,487.00,327.00,9.00,11.00,1,7,0.6633,-1
918,68223,434.00,317.00,3.00,5.00,1,7,0.9375,-1
918,31226,466.00,353.00,10.00,9.00,1,7,0.9565,-1
918,71909,476.00,300.00,13.00,11.00,1,7,0.6726,-1
918,41466,458.00,333.00,16.00,15.00,1,7,1.0000,-1
918,72217,183.00,311.00,20.00,30.00,1,7,0.6602,-1
918,54245,222.00,301.00,8.00,5.00,1,7,0.9286,-1
918,28172,140.00,236.00,29.00,26.00,1,1,0.6304,-1
918,76986,81.00,217.00,36.00,27.00,1,1,0.9819,-1
918,35342,680.00,51.00,27.00,61.00,1,7,0.0743,-1
918,37790,708.00,0.00,58.00,41.00,1,7,0.1887,-1
918,82065,644.00,355.00,247.00,111.00,1,1,0.9978,-1
919,51885,803.00,345.00,11.00,12.00,1,7,1.0000,-1
919,96243,495.00,328.00,9.00,11.00,1,7,0.6771,-1
919,68223,442.00,319.00,3.00,5.00,1,7,0.9412,-1
919,31226,474.00,355.00,10.00,8.00,1,7,0.9697,-1
919,71909,485.00,302.00,12.00,10.00,1,7,0.6606,-1
919,41466,467.00,334.00,15.00,16.00,1,7,1.0000,-1
919,72217,194.00,312.00,20.00,29.00,1,7,0.6607,-1
919,54245,233.00,303.00,8.00,4.00,1,7,0.9286,-1
919,28172,153.00,238.00,28.00,25.00,1,1,0.6309,-1
919,76986,95.00,219.00,36.00,27.00,1,1,0.9825,-1
919,35342,693.00,59.00,24.00,55.00,1,7,0.0537,-1
919,37790,651.00,0.00,131.00,43.00,1,7,0.1925,-1
919,82065,655.00,358.00,250.00,111.00,1,1,0.9978,-1
920,51885,813.00,343.00,10.00,12.00,1,7,1.0000,-1
920,96243,502.00,328.00,9.00,10.00,1,7,0.6667,-1
920,68223,449.00,318.00,3.00,5.00,1,7,1.0000,-1
920,31226,481.00,354.00,10.00,8.00,1,7,0.9552,-1
920,71909,492.00,301.00,12.00,10.00,1,7,0.6577,-1
920,41466,474.00,333.00,15.00,16.00,1,7,1.0000,-1
920,72217,203.00,312.00,20.00,29.00,1,7,0.6585,-1
920,54245,241.00,303.00,9.00,4.00,1,7,0.9535,-1
920,28172,162.00,239.00,28.00,25.00,1,1,0.6283,-1
920,76986,106.00,221.00,34.00,26.00,1,1,0.9807,-1
920,35342,701.00,56.00,24.00,54.00,1,7,0.0520,-1
920,37790,730.00,0.00,55.00,38.00,1,7,0.1696,-1
920,82065,663.00,356.00,254.00,112.00,1,1,0.9978,-1
921,51885,826.00,343.00,11.00,12.00,1,7,1.0000,-1
921,96243,513.00,327.00,8.00,12.00,1,7,0.6701,-1
921,68223,459.00,318.00,3.00,5.00,1,7,1.0000,-1
921,31226,492.00,354.00,9.00,8.00,1,7,0.9697,-1
921,71909,502.00,301.00,12.00,10.00,1,7,0.7037,-1
921,41466,484.00,333.00,15.00,16.00,1,7,1.0000,-1
921,72217,217.00,313.00,19.00,29.00,1,7,0.6584,-1
921,54245,254.00,303.00,8.00,5.00,1,7,0.9500,-1
921,28172,177.00,241.00,27.00,24.00,1,1,0.6297,-1
921,76986,122.00,223.00,34.00,26.00,1,1,0.9827,-1
921,35342,717.00,58.00,21.00,47.00,1,7,0.0388,-1
921,37790,670.00,0.00,127.00,35.00,1,7,0.1532,-1
921,82065,677.00,356.00,258.00,112.00,1,1,0.9978,-1
922,51885,835.00,344.00,11.00,12.00,1,7,1.0000,-1
922,96243,520.00,328.00,8.00,11.00,1,7,0.6774,-1
922,68223,467.00,319.00,3.00,5.00,1,7,0.9375,-1
922,31226,499.00,355.00,9.00,8.00,1,7,0.9688,-1
922,71909,509.00,302.00,12.00,10.00,1,7,0.6786,-1
922,41466,491.00,334.00,15.00,16.00,1,7,1.0000,-1
922,72217,226.00,314.00,19.00,28.00,1,7,0.6610,-1
922,54245,263.00,304.00,8.00,5.00,1,7,0.9500,-1
922,28172,187.00,242.00,27.00,25.00,1,1,0.6279,-1
922,76986,133.00,224.00,33.00,26.00,1,1,0.9806,-1
922,35342,727.00,60.00,20.00,44.00,1,7,0.0329,-1
922,37790,679.00,0.00,128.00,36.00,1,7,0.1518,-1
922,82065,685.00,357.00,261.00,114.00,1,1,0.9978,-1
923,51885,844.00,342.00,11.00,12.00,1,7,1.0000,-1
923,96243,526.00,327.00,8.00,12.00,1,7,0.6500,-1
923,68223,473.00,318.00,3.00,5.00,1,7,1.0000,-1
923,31226,505.00,354.00,10.00,8.00,1,7,0.9706,-1
923,71909,515.00,300.00,13.00,11.00,1,7,0.6842,-1
923,41466,497.00,333.00,15.00,16.00,1,7,1.0000,-1
923,72217,234.00,314.00,19.00,28.00,1,7,0.6616,-1
923,54245,270.00,304.00,8.00,4.00,1,7,0.8974,-1
923,28172,195.00,243.00,27.00,24.00,1,1,0.6282,-1
923,76986,142.00,225.00,33.00,26.00,1,1,0.9833,-1
923,35342,734.00,57.00,20.00,44.00,1,7,0.0324,-1
923,37790,685.00,0.00,124.00,31.00,1,7,0.1295,-1
923,82065,693.00,355.00,264.00,114.00,1,1,0.9977,-1
924,51885,857.00,340.00,11.00,13.00,1,7,1.0000,-1
924,96243,535.00,327.00,9.00,10.00,1,7,0.6598,-1
924,68223,482.00,318.00,3.00,5.00,1,7,1.0000,-1
924,31226,514.00,353.00,10.00,8.00,1,7,0.9538,-1
924,71909,524.00,300.00,13.00,10.00,1,7,0.6549,-1
924,41466,507.00,333.00,15.00,15.00,1,7,1.0000,-1
924,72217,246.00,314.00,18.00,28.00,1,7,0.6622,-1
924,54245,281.00,305.00,8.00,4.00,1,7,0.9444,-1
924,28172,208.00,244.00,26.00,24.00,1,1,0.6324,-1
924,76986,156.00,227.00,32.00,25.00,1,1,0.9858,-1
924,35342,749.00,56.00,17.00,38.00,1,7,0.0209,-1
924,37790,696.00,0.00,120.00,27.00,1,7,0.1042,-1
924,82065,705.00,353.00,270.00,115.00,1,1,0.9979,-1
925,51885,868.00,342.00,11.00,13.00,1,7,1.0000,-1
925,96243,543.00,328.00,9.00,11.00,1,7,0.6768,-1
925,68223,491.00,319.00,2.00,5.00,1,7,0.9375,-1
925,31226,522.00,354.00,10.00,9.00,1,7,0.9559,-1
925,71909,533.00,301.00,12.00,11.00,1,7,0.6726,-1
925,41466,515.00,334.00,15.00,15.00,1,7,1.0000,-1
925,72217,256.00,315.00,18.00,28.00,1,7,0.6659,-1
925,54245,291.00,306.00,7.00,4.00,1,7,0.9429,-1
925,28172,219.00,245.00,26.00,24.00,1,1,0.6287,-1
925,76986,168.00,229.00,31.00,25.00,1,1,0.9824,-1
925,35342,762.00,58.00,15.00,34.00,1,7,0.0131,-1
925,37790,706.00,0.00,124.00,28.00,1,7,0.1060,-1
925,82065,716.00,356.00,273.00,115.00,1,1,0.9978,-1
926,51885,877.00,342.00,12.00,12.00,1,7,1.0000,-1
926,96243,550.00,327.00,8.00,11.00,1,7,0.6566,-1
926,68223,497.00,319.00,3.00,5.00,1,7,0.9333,-1
926,31226,529.00,354.00,9.00,9.00,1,7,0.9697,-1
926,71909,539.00,301.00,12.00,10.00,1,7,0.6909,-1
926,41466,521.00,334.00,15.00,15.00,1,7,1.0000,-1
926,72217,264.00,316.00,17.00,27.00,1,7,0.6581,-1
926,54245,298.00,306.00,8.00,4.00,1,7,0.9429,-1
926,28172,227.00,246.00,26.00,24.00,1,1,0.6288,-1
926,76986,177.00,230.00,31.00,25.00,1,1,0.9818,-1
926,35342,771.00,56.00,14.00,33.00,1,7,0.0118,-1
926,37790,713.00,0.00,121.00,25.00,1,7,0.0936,-1
926,82065,723.00,355.00,277.00,117.00,1,1,0.9979,-1
927,51885,885.00,340.00,12.00,12.00,1,7,1.0000,-1
927,96243,555.00,327.00,8.00,10.00,1,7,0.6531,-1
927,68223,502.00,318.00,3.00,5.00,1,7,1.0000,-1
927,31226,534.00,353.00,9.00,9.00,1,7,0.9701,-1
927,71909,544.00,300.00,13.00,10.00,1,7,0.6789,-1
927,41466,526.00,333.00,15.00,15.00,1,7,1.0000,-1
927,72217,270.00,315.00,17.00,28.00,1,7,0.6558,-1
927,54245,304.00,306.00,8.00,4.00,1,7,0.9444,-1
927,28172,234.00,246.00,25.00,24.00,1,1,0.6353,-1
927,76986,184.00,230.00,30.00,25.00,1,1,0.9815,-1
927,35342,775.00,52.00,15.00,36.00,1,7,0.0167,-1
927,37790,719.00,0.00,115.00,22.00,1,7,0.0786,-1
927,82065,728.00,353.00,281.00,117.00,1,1,0.9979,-1
928,51885,892.00,339.00,12.00,13.00,1,7,1.0000,-1
928,96243,560.00,326.00,8.00,11.00,1,7,0.6701,-1
928,68223,507.00,318.00,2.00,5.00,1,7,0.9333,-1
928,31226,539.00,353.00,9.00,8.00,1,7,0.9697,-1
928,71909,549.00,300.00,12.00,10.00,1,7,0.6972,-1
928,41466,531.00,333.00,15.00,15.00,1,7,1.0000,-1
928,72217,276.00,316.00,17.00,27.00,1,7,0.6564,-1
928,54245,310.00,306.00,7.00,4.00,1,7,0.9167,-1
928,28172,239.00,247.00,25.00,23.00,1,1,0.6348,-1
928,76986,190.00,231.00,30.00,25.00,1,1,0.9864,-1
928,35342,777.00,49.00,18.00,41.00,1,7,0.0259,-1
928,37790,806.00,0.00,30.00,21.00,1,7,0.0740,-1
928,82065,732.00,352.00,283.00,118.00,1,1,0.9978,-1
929,51885,903.00,339.00,12.00,12.00,1,7,1.0000,-1
929,96243,567.00,326.00,8.00,11.00,1,7,0.6429,-1
929,68223,514.00,318.00,3.00,5.00,1,7,1.0000,-1
929,31226,546.00,353.00,9.00,8.00,1,7,0.9846,-1
929,71909,556.00,300.00,12.00,10.00,1,7,0.6875,-1
929,41466,538.00,333.00,15.00,15.00,1,7,1.0000,-1
929,72217,284.00,316.00,17.00,27.00,1,7,0.6610,-1
929,54245,318.00,306.00,7.00,4.00,1,7,0.9394,-1
929,28172,248.00,248.00,25.00,23.00,1,1,0.6306,-1
929,76986,200.00,232.00,29.00,25.00,1,1,0.9860,-1
929,35342,785.00,47.00,19.00,42.00,1,7,0.0290,-1
929,37790,814.00,0.00,28.00,19.00,1,7,0.0663,-1
929,82065,740.00,352.00,283.00,119.00,1,1,0.9979,-1
930,51885,915.00,339.00,12.00,13.00,1,7,1.0000,-1
930,96243,575.00,327.00,8.00,10.00,1,7,0.6600,-1
930,68223,522.00,318.00,3.00,5.00,1,7,0.9333,-1
930,31226,554.00,354.00,9.00,8.00,1,7,0.9692,-1
930,71909,564.00,300.00,13.00,11.00,1,7,0.6724,-1
930,41466,546.00,333.00,15.00,16.00,1,7,1.0000,-1
930,72217,293.00,317.00,17.00,27.00,1,7,0.6585,-1
930,54245,327.00,307.00,7.00,4.00,1,7,0.9429,-1
930,28172,258.00,249.00,24.00,23.00,1,1,0.6264,-1
930,76986,211.00,234.00,29.00,24.00,1,1,0.9787,-1
930,35342,796.00,46.00,19.00,42.00,1,7,0.0245,-1
930,37790,740.00,0.00,113.00,18.00,1,7,0.0608,-1
930,82065,750.00,353.00,273.00,120.00,1,1,0.9979,-1
931,51885,928.00,338.00,13.00,13.00,1,7,1.0000,-1
931,96243,583.00,326.00,9.00,11.00,1,7,0.6667,-1
931,68223,530.00,318.00,3.00,5.00,1,7,0.9412,-1
931,31226,562.00,353.00,10.00,8.00,1,7,0.9545,-1
931,71909,572.00,299.00,13.00,11.00,1,7,0.6814,-1
931,41466,554.00,332.00,16.00,16.00,1,7,1.0000,-1
931,72217,303.00,317.00,17.00,27.00,1,7,0.6633,-1
931,54245,336.00,307.00,7.00,4.00,1,7,0.9167,-1
931,28172,269.00,250.00,24.00,23.00,1,1,0.6313,-1
931,76986,222.00,235.00,28.00,24.00,1,1,0.9799,-1
931,35342,809.00,43.00,17.00,39.00,1,7,0.0207,-1
931,37790,838.00,0.00,21.00,13.00,1,7,0.0384,-1
931,82065,761.00,352.00,262.00,120.00,1,1,0.9978,-1
932,51885,942.00,337.00,13.00,13.00,1,7,1.0000,-1
932,96243,592.00,326.00,9.00,11.00,1,7,0.6602,-1
932,68223,539.00,318.00,2.00,5.00,1,7,0.9333,-1
932,31226,571.00,353.00,9.00,9.00,1,7,0.9697,-1
932,71909,581.00,299.00,13.00,11.00,1,7,0.6923,-1
932,41466,563.00,333.00,15.00,15.00,1,7,1.0000,-1
932,72217,313.00,317.00,17.00,27.00,1,7,0.6557,-1
932,54245,346.00,308.00,7.00,4.00,1,7,0.9375,-1
932,28172,279.00,251.00,23.00,22.00,1,1,0.6257,-1
932,76986,233.00,236.00,28.00,24.00,1,1,0.9832,-1
932,35342,824.00,43.00,14.00,32.00,1,7,0.0124,-1
932,37790,852.00,0.00,16.00,10.00,1,7,0.0249,-1
932,82065,773.00,351.00,250.00,122.00,1,1,0.9977,-1
933,51885,952.00,337.00,14.00,13.00,1,7,1.0000,-1
933,96243,599.00,326.00,9.00,12.00,1,7,0.6667,-1
933,68223,546.00,318.00,2.00,5.00,1,7,0.8824,-1
933,31226,578.00,353.00,9.00,9.00,1,7,0.9565,-1
933,71909,588.00,299.00,13.00,11.00,1,7,0.6807,-1
933,41466,570.00,333.00,15.00,15.00,1,7,1.0000,-1
933,72217,321.00,318.00,16.00,26.00,1,7,0.6580,-1
933,54245,353.00,308.00,7.00,4.00,1,7,0.9429,-1
933,28172,287.00,251.00,23.00,23.00,1,1,0.6317,-1
933,76986,242.00,237.00,27.00,24.00,1,1,0.9810,-1
933,35342,833.00,41.00,14.00,32.00,1,7,0.0119,-1
933,37790,862.00,0.00,12.00,7.00,1,7,0.0169,-1
933,82065,781.00,351.00,242.00,123.00,1,1,0.9977,-1
933,46800,0.00,255.00,4.00,18.00,1,7,0.8519,-1
934,51885,961.00,336.00,13.00,14.00,1,7,1.0000,-1
934,96243,604.00,326.00,9.00,11.00,1,7,0.6765,-1
934,68223,550.00,318.00,3.00,5.00,1,7,1.0000,-1
934,31226,583.00,353.00,9.00,8.00,1,7,0.9559,-1
934,71909,593.00,299.00,13.00,11.00,1,7,0.6814,-1
934,41466,575.00,332.00,15.00,16.00,1,7,1.0000,-1
934,72217,326.00,318.00,16.00,26.00,1,7,0.6710,-1
934,54245,358.00,308.00,7.00,4.00,1,7,0.9412,-1
934,28172,293.00,252.00,23.00,23.00,1,1,0.6309,-1
934,76986,248.00,238.00,27.00,24.00,1,1,0.9845,-1
934,35342,837.00,37.00,17.00,37.00,1,7,0.0185,-1
934,37790,867.00,0.00,9.00,6.00,1,7,0.0115,-1
934,82065,786.00,351.00,237.00,123.00,1,1,0.9975,-1
934,46800,0.00,248.00,13.00,28.00,1,7,0.8766,-1
934,66056,0.00,311.00,8.00,9.00,1,7,1.0000,-1
935,51885,978.00,335.00,14.00,14.00,1,7,1.0000,-1
935,96243,615.00,326.00,8.00,10.00,1,7,0.6442,-1
935,68223,561.00,318.00,3.00,5.00,1,7,0.9375,-1
935,31226,593.00,353.00,10.00,8.00,1,7,0.9552,-1
935,71909,604.00,299.00,12.00,10.00,1,7,0.6726,-1
935,41466,585.00,332.00,16.00,16.00,1,7,1.0000,-1
935,72217,338.00,319.00,16.00,26.00,1,7,0.6622,-1
935,54245,369.00,309.00,7.00,4.00,1,7,0.9032,-1
935,28172,305.00,253.00,23.00,23.00,1,1,0.6329,-1
935,76986,261.00,239.00,27.00,24.00,1,1,0.9820,-1
935,35342,856.00,43.00,10.00,23.00,1,7,0.0087,-1
935,37790,884.00,0.00,3.00,2.00,1,7,0.0021,-1
935,82065,801.00,350.00,222.00,125.00,1,1,0.9973,-1
935,46800,2.00,249.00,30.00,29.00,1,1,0.9104,-1
935,66056,16.00,312.00,11.00,9.00,1,7,1.0000,-1
936,51885,995.00,335.00,14.00,14.00,1,7,1.0000,-1
936,96243,624.00,325.00,9.00,11.00,1,7,0.6538,-1
936,68223,570.00,318.00,3.00,5.00,1,7,1.0000,-1
936,31226,603.00,353.00,10.00,8.00,1,7,0.9853,-1
936,71909,613.00,299.00,13.00,10.00,1,7,0.6638,-1
936,41466,595.00,332.00,15.00,16.00,1,7,1.0000,-1
936,72217,348.00,319.00,16.00,26.00,1,7,0.6622,-1
936,54245,380.00,309.00,6.00,4.00,1,7,0.9062,-1
936,28172,316.00,254.00,23.00,22.00,1,1,0.6325,-1
936,76986,273.00,240.00,26.00,24.00,1,1,0.9837,-1
936,35342,875.00,50.00,3.00,7.00,1,7,0.0015,-1
936,82065,816.00,350.00,207.00,126.00,1,1,0.9969,-1
936,46800,20.00,251.00,29.00,29.00,1,1,0.9076,-1
936,66056,33.00,313.00,11.00,9.00,1,7,1.0000,-1
937,51885,1008.00,334.00,14.00,14.00,1,7,1.0000,-1
937,96243,632.00,325.00,9.00,11.00,1,7,0.6731,-1
937,68223,577.00,318.00,3.00,5.00,1,7,0.9375,-1
937,31226,610.00,353.00,10.00,8.00,1,7,0.9701,-1
937,71909,621.00,298.00,13.00,11.00,1,7,0.6807,-1
937,41466,602.00,332.00,16.00,16.00,1,7,1.0000,-1
937,72217,356.00,319.00,16.00,26.00,1,7,0.6676,-1
937,54245,387.00,309.00,7.00,4.00,1,7,0.9375,-1
937,28172,325.00,255.00,22.00,22.00,1,1,0.6324,-1
937,76986,282.00,241.00,26.00,24.00,1,1,0.9834,-1
937,82065,828.00,349.00,195.00,128.00,1,1,0.9966,-1
937,46800,33.00,253.00,28.00,29.00,1,1,0.9055,-1
937,66056,46.00,314.00,10.00,9.00,1,7,1.0000,-1
938,51885,1016.00,334.00,7.00,14.00,1,7,1.0000,-1
938,96243,637.00,325.00,9.00,11.00,1,7,0.6792,-1
938,68223,582.00,318.00,3.00,5.00,1,7,1.0000,-1
938,31226,615.00,353.00,10.00,8.00,1,7,0.9701,-1
938,71909,626.00,298.00,13.00,11.00,1,7,0.6807,-1
938,41466,607.00,332.00,16.00,16.00,1,7,1.0000,-1
938,72217,361.00,320.00,16.00,25.00,1,7,0.6703,-1
938,54245,392.00,310.00,7.00,4.00,1,7,0.9355,-1
938,28172,330.00,255.00,22.00,22.00,1,1,0.6339,-1
938,76986,288.00,242.00,26.00,23.00,1,1,0.9793,-1
938,82065,839.00,349.00,184.00,128.00,1,1,0.9961,-1
938,46800,42.00,254.00,27.00,29.00,1,1,0.9091,-1
938,66056,54.00,315.00,10.00,9.00,1,7,1.0000,-1
939,96243,643.00,325.00,9.00,11.00,1,7,0.6667,-1
939,68223,588.00,317.00,3.00,5.00,1,7,0.9412,-1
939,31226,621.00,352.00,10.00,9.00,1,7,0.9726,-1
939,71909,632.00,298.00,13.00,10.00,1,7,0.6942,-1
939,41466,613.00,332.00,16.00,15.00,1,7,1.0000,-1
939,72217,367.00,319.00,16.00,26.00,1,7,0.6612,-1
939,54245,398.00,309.00,7.00,4.00,1,7,0.9375,-1
939,28172,337.00,255.00,22.00,22.00,1,1,0.6339,-1
939,76986,294.00,241.00,26.00,24.00,1,1,0.9829,-1
939,82065,850.00,349.00,173.00,129.00,1,1,0.9956,-1
939,46800,51.00,254.00,28.00,28.00,1,1,0.9071,-1
939,66056,64.00,315.00,10.00,8.00,1,7,1.0000,-1
940,96243,649.00,324.00,9.00,11.00,1,7,0.6542,-1
940,68223,594.00,317.00,3.00,5.00,1,7,1.0000,-1
940,31226,627.00,352.00,10.00,9.00,1,7,0.9595,-1
940,71909,638.00,297.00,13.00,11.00,1,7,0.6829,-1
940,41466,619.00,331.00,16.00,16.00,1,7,1.0000,-1
940,72217,374.00,319.00,15.00,26.00,1,7,0.6694,-1
940,54245,404.00,309.00,7.00,4.00,1,7,0.9677,-1
940,28172,343.00,255.00,22.00,22.00,1,1,0.6313,-1
940,76986,301.00,242.00,25.00,23.00,1,1,0.9790,-1
940,82065,860.00,348.00,163.00,130.00,1,1,0.9949,-1
940,46800,61.00,255.00,27.00,28.00,1,1,0.9089,-1
940,66056,73.00,315.00,10.00,9.00,1,7,1.0000,-1
941,96243,655.00,325.00,9.00,11.00,1,7,0.6577,-1
941,68223,599.00,318.00,3.00,5.00,1,7,1.0000,-1
941,31226,633.00,353.00,10.00,8.00,1,7,0.9583,-1
941,71909,643.00,298.00,13.00,11.00,1,7,0.6723,-1
941,41466,625.00,332.00,15.00,16.00,1,7,1.0000,-1
941,72217,379.00,321.00,15.00,25.00,1,7,0.6620,-1
941,54245,410.00,311.00,6.00,3.00,1,7,0.9286,-1
941,28172,349.00,257.00,21.00,22.00,1,1,0.6285,-1
941,76986,307.00,244.00,25.00,23.00,1,1,0.9828,-1
941,82065,868.00,349.00,155.00,128.00,1,1,0.9943,-1
941,46800,69.00,258.00,27.00,28.00,1,1,0.9071,-1
941,66056,82.00,318.00,9.00,8.00,1,7,1.0000,-1
942,96243,662.00,325.00,9.00,11.00,1,7,0.6729,-1
942,68223,606.00,318.00,3.00,5.00,1,7,1.0000,-1
942,31226,640.00,353.00,10.00,8.00,1,7,0.9718,-1
942,71909,650.00,298.00,14.00,10.00,1,7,0.6885,-1
942,41466,632.00,332.00,16.00,16.00,1,7,1.0000,-1
942,72217,386.00,321.00,16.00,25.00,1,7,0.6610,-1
942,54245,417.00,311.00,6.00,4.00,1,7,0.9286,-1
942,28172,356.00,257.00,23.00,22.00,1,1,0.6424,-1
942,76986,315.00,245.00,25.00,23.00,1,1,0.9847,-1
942,82065,881.00,351.00,142.00,124.00,1,1,0.9930,-1
942,46800,81.00,259.00,26.00,28.00,1,1,0.9000,-1
942,66056,93.00,318.00,9.00,9.00,1,7,1.0000,-1
943,96243,667.00,325.00,9.00,11.00,1,7,0.6636,-1
943,68223,611.00,317.00,3.00,5.00,1,7,1.0000,-1
943,31226,645.00,353.00,10.00,8.00,1,7,0.9706,-1
943,71909,656.00,297.00,13.00,11.00,1,7,0.6885,-1
943,41466,637.00,332.00,16.00,15.00,1,7,1.0000,-1
943,72217,392.00,321.00,15.00,25.00,1,7,0.6676,-1
943,54245,422.00,311.00,6.00,4.00,1,7,0.9677,-1
943,28172,362.00,258.00,22.00,22.00,1,1,0.6344,-1
943,76986,321.00,245.00,25.00,23.00,1,1,0.9825,-1
943,82065,892.00,352.00,131.00,120.00,1,1,0.9918,-1
943,46800,89.00,260.00,26.00,27.00,1,1,0.9016,-1
943,66056,101.00,319.00,9.00,8.00,1,7,1.0000,-1
944,96243,668.00,324.00,9.00,11.00,1,7,0.6757,-1
944,68223,612.00,316.00,3.00,6.00,1,7,1.0000,-1
944,31226,645.00,352.00,10.00,9.00,1,7,0.9583,-1
944,71909,656.00,297.00,13.00,10.00,1,7,0.6694,-1
944,41466,637.00,331.00,16.00,16.00,1,7,1.0000,-1
944,72217,392.00,320.00,15.00,25.00,1,7,0.6676,-1
944,54245,422.00,310.00,7.00,3.00,1,7,0.9310,-1
944,28172,363.00,256.00,22.00,22.00,1,1,0.6375,-1
944,76986,322.00,243.00,25.00,24.00,1,1,0.9822,-1
944,82065,894.00,352.00,129.00,120.00,1,1,0.9917,-1
944,46800,89.00,258.00,26.00,28.00,1,1,0.9118,-1
944,66056,101.00,317.00,9.00,8.00,1,7,1.0000,-1
945,96243,668.00,324.00,9.00,11.00,1,7,0.6757,-1
945,68223,612.00,316.00,3.00,6.00,1,7,1.0000,-1
945,31226,645.00,352.00,10.00,9.00,1,7,0.9726,-1
945,71909,656.00,297.00,13.00,11.00,1,7,0.6750,-1
945,41466,637.00,331.00,16.00,16.00,1,7,1.0000,-1
945,72217,392.00,320.00,15.00,25.00,1,7,0.6676,-1
945,54245,422.00,310.00,7.00,3.00,1,7,0.9333,-1
945,28172,363.00,256.00,22.00,22.00,1,1,0.6404,-1
945,76986,322.00,243.00,25.00,24.00,1,1,0.9844,-1
945,82065,894.00,352.00,129.00,120.00,1,1,0.9917,-1
945,46800,89.00,258.00,26.00,28.00,1,1,0.9086,-1
945,66056,101.00,317.00,9.00,8.00,1,7,1.0000,-1
946,96243,667.00,324.00,10.00,11.00,1,7,0.6636,-1
946,68223,611.00,317.00,4.00,5.00,1,7,1.0000,-1
946,31226,645.00,352.00,10.00,9.00,1,7,0.9589,-1
946,71909,656.00,297.00,13.00,11.00,1,7,0.6929,-1
946,41466,637.00,331.00,16.00,16.00,1,7,1.0000,-1
946,72217,392.00,321.00,15.00,25.00,1,7,0.6667,-1
946,54245,422.00,311.00,7.00,3.00,1,7,0.9333,-1
946,28172,362.00,257.00,23.00,22.00,1,1,0.6424,-1
946,76986,321.00,245.00,25.00,23.00,1,1,0.9843,-1
946,82065,893.00,352.00,130.00,120.00,1,1,0.9917,-1
946,46800,89.00,260.00,26.00,27.00,1,1,0.9096,-1
946,66056,101.00,318.00,9.00,9.00,1,7,1.0000,-1
947,96243,667.00,325.00,10.00,11.00,1,7,0.6789,-1
947,68223,611.00,317.00,3.00,5.00,1,7,1.0000,-1
947,31226,645.00,353.00,10.00,8.00,1,7,0.9706,-1
947,71909,656.00,297.00,13.00,11.00,1,7,0.6855,-1
947,41466,637.00,332.00,16.00,15.00,1,7,1.0000,-1
947,72217,392.00,321.00,15.00,25.00,1,7,0.6676,-1
947,54245,422.00,311.00,6.00,4.00,1,7,0.9677,-1
947,28172,362.00,258.00,22.00,22.00,1,1,0.6323,-1
947,76986,321.00,245.00,25.00,23.00,1,1,0.9824,-1
947,82065,893.00,352.00,130.00,120.00,1,1,0.9917,-1
947,46800,89.00,260.00,26.00,28.00,1,1,0.9093,-1
947,66056,101.00,319.00,9.00,8.00,1,7,1.0000,-1
948,96243,667.00,325.00,10.00,10.00,1,7,0.6789,-1
948,68223,611.00,317.00,3.00,5.00,1,7,1.0000,-1
948,31226,645.00,353.00,10.00,8.00,1,7,0.9706,-1
948,71909,656.00,297.00,13.00,11.00,1,7,0.6855,-1
948,41466,637.00,332.00,16.00,15.00,1,7,1.0000,-1
948,72217,392.00,321.00,15.00,25.00,1,7,0.6676,-1
948,54245,422.00,311.00,6.00,4.00,1,7,0.9677,-1
948,28172,362.00,258.00,22.00,22.00,1,1,0.6323,-1
948,76986,321.00,245.00,25.00,23.00,1,1,0.9824,-1
948,82065,893.00,352.00,130.00,120.00,1,1,0.9918,-1
948,46800,89.00,260.00,26.00,28.00,1,1,0.9091,-1
948,66056,101.00,319.00,9.00,8.00,1,7,1.0000,-1
949,96243,667.00,325.00,10.00,11.00,1,7,0.6818,-1
949,68223,611.00,317.00,3.00,5.00,1,7,1.0000,-1
949,31226,645.00,353.00,10.00,8.00,1,7,0.9706,-1
949,71909,656.00,297.00,13.00,11.00,1,7,0.6911,-1
949,41466,637.00,332.00,16.00,15.00,1,7,1.0000,-1
949,72217,392.00,321.00,15.00,25.00,1,7,0.6695,-1
949,54245,422.00,311.00,6.00,4.00,1,7,0.9677,-1
949,28172,362.00,258.00,22.00,22.00,1,1,0.6301,-1
949,76986,321.00,245.00,25.00,23.00,1,1,0.9825,-1
949,82065,893.00,352.00,130.00,120.00,1,1,0.9916,-1
949,46800,89.00,260.00,26.00,28.00,1,1,0.9091,-1
949,66056,101.00,319.00,9.00,8.00,1,7,1.0000,-1
950,96243,667.00,325.00,10.00,11.00,1,7,0.6789,-1
950,68223,611.00,317.00,3.00,5.00,1,7,1.0000,-1
950,31226,645.00,353.00,10.00,8.00,1,7,0.9706,-1
950,71909,656.00,297.00,13.00,11.00,1,7,0.6911,-1
950,41466,637.00,332.00,16.00,15.00,1,7,1.0000,-1
950,72217,392.00,321.00,15.00,25.00,1,7,0.6695,-1
950,54245,422.00,311.00,6.00,4.00,1,7,0.9677,-1
950,28172,362.00,258.00,22.00,22.00,1,1,0.6301,-1
950,76986,321.00,245.00,25.00,23.00,1,1,0.9825,-1
950,82065,893.00,352.00,130.00,120.00,1,1,0.9916,-1
950,46800,89.00,260.00,26.00,28.00,1,1,0.9091,-1
950,66056,101.00,319.00,9.00,8.00,1,7,1.0000,-1
