1,1,441.78,359.61,141.61,230.08,1,1,1.0
1,2,570.06,336.54,153.34,260.85,1,1,1.0
1,3,934.17,145.05,83.94,98.60,1,1,1.0
1,4,797.58,237.31,57.01,50.13,1,1,1.0
1,59,778.22,267.80,185.29,207.11,1,1,1.0
1,60,1030.21,292.92,36.75,98.59,1,1,1.0
1,61,45.69,510.64,53.66,99.15,1,1,1.0
1,62,1476.99,495.15,20.86,33.55,1,1,1.0
1,64,727.47,512.59,42.90,92.23,1,1,1.0
1,98,930.87,757.46,21.97,29.53,1,1,1.0
2,1,438.40,361.83,142.63,231.88,1,1,1.0
2,2,566.59,341.88,154.59,259.92,1,1,1.0
2,3,931.19,148.84,83.98,98.78,1,1,1.0
2,4,799.56,240.37,53.32,50.63,1,1,1.0
2,59,775.23,268.90,180.40,210.64,1,1,1.0
2,60,1027.81,294.28,37.00,100.33,1,1,1.0
2,61,42.15,515.57,53.94,98.93,1,1,1.0
2,62,1475.44,496.08,21.46,36.95,1,1,1.0
2,64,725.10,518.35,41.94,91.09,1,1,1.0
2,98,930.26,759.55,21.47,29.10,1,1,1.0
3,1,436.20,366.47,143.34,230.17,1,1,1.0
3,2,563.62,344.28,156.40,262.35,1,1,1.0
3,3,929.44,152.18,83.08,99.88,1,1,1.0
3,4,793.24,243.58,57.25,50.63,1,1,1.0
3,59,771.86,274.40,181.14,209.04,1,1,1.0
3,60,1025.68,297.26,35.23,100.53,1,1,1.0
3,61,39.88,521.60,53.17,96.58,1,1,1.0
3,62,1475.40,497.66,20.70,36.60,1,1,1.0
3,64,723.08,521.95,40.31,90.54,1,1,1.0
3,98,929.65,761.64,20.97,28.68,1,1,1.0
4,1,434.10,371.26,141.24,230.53,1,1,1.0
4,2,561.46,346.77,155.20,264.12,1,1,1.0
4,3,927.37,156.63,81.41,97.86,1,1,1.0
4,4,786.91,246.80,61.19,50.63,1,1,1.0
4,59,770.36,279.00,181.64,208.60,1,1,1.0
4,60,1021.49,298.46,36.85,103.00,1,1,1.0
4,61,36.02,528.15,52.26,104.35,1,1,1.0
4,62,1473.48,502.24,20.94,33.73,1,1,1.0
4,64,720.64,523.02,41.16,92.96,1,1,1.0
4,98,928.24,764.01,22.14,29.13,1,1,1.0
5,1,430.94,374.86,142.10,229.57,1,1,1.0
5,2,558.23,349.98,155.54,263.84,1,1,1.0
5,3,925.46,161.72,80.23,96.75,1,1,1.0
5,4,786.50,250.53,61.18,50.63,1,1,1.0
5,59,767.43,283.40,182.67,208.58,1,1,1.0
5,60,1019.51,302.02,37.00,102.35,1,1,1.0
5,61,32.39,529.37,52.65,103.22,1,1,1.0
5,62,1474.20,503.99,19.54,34.63,1,1,1.0
5,64,718.18,527.30,41.97,93.59,1,1,1.0
5,98,926.95,766.11,22.58,31.53,1,1,1.0
6,1,425.73,379.16,140.35,232.06,1,1,1.0
6,2,551.95,358.49,153.65,258.63,1,1,1.0
6,3,920.68,163.89,77.59,100.41,1,1,1.0
6,4,781.31,256.34,61.19,50.63,1,1,1.0
6,59,762.18,283.40,181.51,211.62,1,1,1.0
6,60,1013.70,308.08,36.99,97.82,1,1,1.0
6,61,28.77,530.58,53.03,102.10,1,1,1.0
6,62,1472.01,507.42,20.54,34.48,1,1,1.0
6,64,713.25,531.41,41.76,92.86,1,1,1.0
6,98,924.08,769.95,24.53,31.61,1,1,1.0
7,1,424.14,379.76,140.49,232.22,1,1,1.0
7,2,549.62,359.42,154.64,258.07,1,1,1.0
7,3,919.16,162.54,76.13,101.96,1,1,1.0
7,4,780.69,256.75,61.19,50.63,1,1,1.0
7,59,760.31,288.70,183.57,206.76,1,1,1.0
7,60,1012.40,308.50,35.32,98.68,1,1,1.0
7,61,25.14,531.80,53.41,100.98,1,1,1.0
7,62,1471.48,508.54,20.16,33.20,1,1,1.0
7,64,711.64,533.96,42.00,91.42,1,1,1.0
7,98,923.08,770.58,25.24,31.62,1,1,1.0
8,1,420.69,378.65,141.90,233.32,1,1,1.0
8,2,546.77,358.67,155.65,258.92,1,1,1.0
8,3,916.19,160.97,77.00,103.59,1,1,1.0
8,4,778.41,256.75,61.19,50.63,1,1,1.0
8,59,757.66,290.84,184.19,205.05,1,1,1.0
8,60,1010.38,308.07,33.95,99.33,1,1,1.0
8,61,21.52,533.01,53.79,99.86,1,1,1.0
8,62,1470.46,507.00,20.54,35.58,1,1,1.0
8,64,708.79,534.58,42.42,91.69,1,1,1.0
8,98,922.14,770.85,25.25,32.20,1,1,1.0
9,1,416.14,377.60,143.93,234.10,1,1,1.0
9,2,541.07,356.82,157.85,260.56,1,1,1.0
9,3,914.26,161.35,76.01,102.89,1,1,1.0
9,4,775.09,256.54,61.19,50.63,1,1,1.0
9,59,755.09,287.20,184.18,208.25,1,1,1.0
9,60,1007.20,307.33,34.08,99.38,1,1,1.0
9,61,17.89,534.23,54.18,98.73,1,1,1.0
9,62,1470.00,507.98,20.40,34.10,1,1,1.0
9,64,705.90,533.45,41.08,91.82,1,1,1.0
9,98,921.90,771.77,23.59,30.92,1,1,1.0
10,1,412.20,376.93,143.12,234.44,1,1,1.0
10,2,537.66,355.28,156.97,261.26,1,1,1.0
10,3,911.65,160.77,75.77,103.90,1,1,1.0
10,4,773.85,255.92,61.19,50.63,1,1,1.0
10,59,751.44,290.10,186.30,205.08,1,1,1.0
10,60,1001.92,307.19,36.97,99.70,1,1,1.0
10,61,13.95,534.63,54.75,109.67,1,1,1.0
10,62,1469.81,508.47,19.16,34.30,1,1,1.0
10,64,701.71,534.09,43.55,91.04,1,1,1.0
10,98,920.83,772.88,23.72,29.90,1,1,1.0
11,1,405.36,376.76,142.25,232.52,1,1,1.0
11,2,530.69,353.62,156.60,261.50,1,1,1.0
11,3,905.55,158.89,72.18,104.90,1,1,1.0
11,4,770.50,254.58,61.19,50.63,1,1,1.0
11,59,741.57,284.90,181.97,209.08,1,1,1.0
11,60,995.08,307.27,34.74,98.51,1,1,1.0
11,61,4.04,530.97,56.62,114.23,1,1,1.0
11,62,1468.27,507.93,19.25,34.28,1,1,1.0
11,64,694.31,534.52,43.64,89.99,1,1,1.0
11,98,915.48,771.79,24.55,31.67,1,1,1.0
12,1,399.95,376.73,142.46,232.51,1,1,1.0
12,2,524.46,353.03,158.32,262.04,1,1,1.0
12,3,902.02,158.62,70.02,104.57,1,1,1.0
12,4,767.16,253.23,61.19,50.63,1,1,1.0
12,59,738.84,287.80,181.00,207.27,1,1,1.0
12,60,990.28,305.41,35.80,100.73,1,1,1.0
12,61,0.57,530.04,54.43,115.36,1,1,1.0
12,62,1466.74,507.38,19.32,34.26,1,1,1.0
12,64,690.58,532.43,42.81,91.08,1,1,1.0
12,98,914.96,771.89,22.95,30.73,1,1,1.0
13,1,395.83,375.58,141.23,233.18,1,1,1.0
13,2,520.76,353.70,157.03,261.09,1,1,1.0
13,3,898.96,159.92,69.05,102.78,1,1,1.0
13,4,763.81,251.88,61.19,50.63,1,1,1.0
13,59,735.05,284.00,179.39,210.25,1,1,1.0
13,60,984.57,307.10,37.70,98.34,1,1,1.0
13,61,0.00,531.20,50.40,111.30,1,1,1.0
13,62,1465.20,506.84,19.41,34.24,1,1,1.0
13,64,685.57,531.29,44.33,92.11,1,1,1.0
13,98,914.71,772.07,21.00,27.49,1,1,1.0
14,1,390.89,374.55,143.08,232.76,1,1,1.0
14,2,515.79,352.49,156.72,261.86,1,1,1.0
14,3,895.42,157.49,68.85,104.06,1,1,1.0
14,4,760.47,250.53,61.19,50.63,1,1,1.0
14,59,730.85,281.20,177.38,212.70,1,1,1.0
14,60,982.35,302.96,36.22,100.39,1,1,1.0
14,61,0.00,531.20,42.70,111.30,1,1,1.0
14,62,1463.66,506.30,19.50,34.22,1,1,1.0
14,64,681.64,529.90,43.92,92.86,1,1,1.0
15,1,383.47,373.10,146.39,232.78,1,1,1.0
15,2,510.22,348.70,158.79,264.28,1,1,1.0
15,3,892.10,156.06,69.50,104.57,1,1,1.0
15,4,757.13,249.18,61.19,50.63,1,1,1.0
15,59,727.22,278.80,178.27,213.72,1,1,1.0
15,60,979.46,300.58,34.74,102.31,1,1,1.0
15,61,0.00,531.20,35.00,111.30,1,1,1.0
15,62,1462.13,505.75,19.57,34.20,1,1,1.0
15,64,678.52,529.34,44.11,92.50,1,1,1.0
16,1,375.95,368.17,143.38,233.46,1,1,1.0
16,2,501.23,344.15,158.39,265.48,1,1,1.0
16,3,885.52,160.52,72.56,96.41,1,1,1.0
16,4,753.78,247.84,61.19,50.63,1,1,1.0
16,59,716.65,274.00,178.61,215.31,1,1,1.0
16,60,969.58,298.43,36.63,99.60,1,1,1.0
16,62,1460.59,505.21,19.66,34.18,1,1,1.0
16,64,668.31,524.81,46.15,94.23,1,1,1.0
17,1,370.85,366.51,142.08,234.16,1,1,1.0
17,2,495.19,343.92,157.96,263.83,1,1,1.0
17,3,882.50,161.29,72.02,95.44,1,1,1.0
17,4,750.44,246.49,61.19,50.63,1,1,1.0
17,59,711.61,277.30,184.59,208.06,1,1,1.0
17,60,966.14,296.67,35.26,100.67,1,1,1.0
17,61,0.00,546.80,19.00,89.50,1,1,1.0
17,62,1459.05,504.66,19.74,34.16,1,1,1.0
17,64,664.36,525.48,45.01,92.32,1,1,1.0
18,1,366.26,364.81,140.85,235.00,1,1,1.0
18,2,489.71,343.23,156.44,262.42,1,1,1.0
18,3,878.78,170.41,67.05,83.99,1,1,1.0
18,4,747.10,245.14,61.19,50.63,1,1,1.0
18,59,707.59,275.70,186.51,208.51,1,1,1.0
18,60,961.07,295.06,35.77,101.61,1,1,1.0
18,62,1457.52,504.12,19.82,34.14,1,1,1.0
18,64,660.82,522.79,43.17,94.21,1,1,1.0
19,1,360.42,364.94,142.12,234.31,1,1,1.0
19,2,484.26,343.14,158.27,262.70,1,1,1.0
19,3,870.82,171.32,69.77,84.07,1,1,1.0
19,4,743.73,244.12,60.55,51.21,1,1,1.0
19,59,702.96,276.60,186.04,208.42,1,1,1.0
19,60,954.39,294.96,38.34,101.62,1,1,1.0
19,62,1455.98,503.58,19.91,34.12,1,1,1.0
19,64,656.11,524.67,43.39,92.19,1,1,1.0
20,1,352.72,364.63,144.96,235.14,1,1,1.0
20,2,477.50,342.65,158.73,263.02,1,1,1.0
20,4,740.37,243.11,59.91,51.77,1,1,1.0
20,59,699.07,274.40,186.01,209.32,1,1,1.0
20,60,952.55,295.70,35.52,100.35,1,1,1.0
20,62,1454.44,503.03,19.99,34.10,1,1,1.0
20,64,651.40,526.56,43.61,90.16,1,1,1.0
21,1,342.39,363.84,144.20,235.22,1,1,1.0
21,2,468.11,339.88,158.55,266.73,1,1,1.0
21,4,737.01,242.09,59.26,52.35,1,1,1.0
21,59,686.39,272.99,186.62,212.69,1,1,1.0
21,60,942.97,301.89,35.91,95.62,1,1,1.0
21,62,1452.90,502.49,20.08,34.08,1,1,1.0
21,64,641.22,524.53,45.89,93.78,1,1,1.0
22,1,339.02,363.82,142.18,235.95,1,1,1.0
22,2,461.43,341.57,159.88,264.07,1,1,1.0
22,4,733.65,241.07,58.62,52.92,1,1,1.0
22,59,682.19,273.41,188.76,212.96,1,1,1.0
22,60,938.81,313.53,35.39,83.67,1,1,1.0
22,62,1451.37,501.95,20.16,34.06,1,1,1.0
22,64,636.73,524.08,45.48,93.33,1,1,1.0
23,1,333.96,363.50,142.20,235.64,1,1,1.0
23,2,457.38,341.37,156.47,263.67,1,1,1.0
23,4,730.29,240.05,57.97,53.50,1,1,1.0
23,59,679.60,272.10,180.95,211.62,1,1,1.0
23,60,934.89,312.14,34.34,85.83,1,1,1.0
23,62,1449.83,501.40,20.24,34.04,1,1,1.0
23,64,632.79,524.69,44.13,92.00,1,1,1.0
24,1,325.51,363.80,147.02,234.76,1,1,1.0
24,2,449.44,340.86,162.08,265.32,1,1,1.0
24,4,726.92,239.04,57.34,54.06,1,1,1.0
24,59,674.13,274.30,190.37,210.15,1,1,1.0
24,60,928.80,314.39,36.22,83.00,1,1,1.0
24,62,1448.29,500.86,20.33,34.02,1,1,1.0
24,64,627.17,523.92,44.38,92.55,1,1,1.0
25,1,320.34,362.67,145.01,236.88,1,1,1.0
25,2,444.79,340.28,160.11,265.18,1,1,1.0
25,4,723.56,238.02,56.70,54.64,1,1,1.0
25,59,670.65,272.60,185.60,210.37,1,1,1.0
25,60,922.71,316.64,38.10,80.18,1,1,1.0
25,62,1446.76,500.31,20.40,34.00,1,1,1.0
25,64,622.96,520.05,43.64,95.36,1,1,1.0
25,98,891.99,774.80,20.20,24.63,1,1,1.0
26,1,311.18,359.96,143.37,235.15,1,1,1.0
26,2,433.95,334.11,160.90,268.97,1,1,1.0
26,4,720.20,237.00,56.05,55.21,1,1,1.0
26,59,661.48,270.90,187.64,208.62,1,1,1.0
26,60,916.17,313.72,35.54,79.12,1,1,1.0
26,62,1445.22,499.77,20.49,33.98,1,1,1.0
26,64,613.28,519.68,44.03,94.92,1,1,1.0
26,98,885.80,767.32,24.43,29.85,1,1,1.0
27,1,307.05,358.44,142.68,233.70,1,1,1.0
27,2,429.78,333.20,158.54,266.62,1,1,1.0
27,4,716.31,234.92,54.89,53.68,1,1,1.0
27,59,655.06,266.20,186.74,210.37,1,1,1.0
27,60,907.82,309.12,39.30,82.27,1,1,1.0
27,62,1443.68,499.23,20.58,33.96,1,1,1.0
27,64,607.17,514.05,47.14,98.57,1,1,1.0
27,74,1879.91,627.70,40.09,160.02,1,1,1.0
27,98,884.51,764.53,23.49,31.14,1,1,1.0
28,1,301.49,355.11,142.84,234.43,1,1,1.0
28,2,424.87,331.73,158.14,265.31,1,1,1.0
28,4,712.42,232.83,53.73,52.16,1,1,1.0
28,59,649.65,264.50,192.75,210.77,1,1,1.0
28,60,906.16,308.04,34.91,80.31,1,1,1.0
28,62,1442.15,498.68,20.65,33.94,1,1,1.0
28,64,603.76,516.35,45.89,93.57,1,1,1.0
28,74,1876.07,624.95,43.93,160.34,1,1,1.0
28,98,883.85,763.55,22.79,29.44,1,1,1.0
29,1,292.36,352.16,146.89,235.98,1,1,1.0
29,2,415.76,329.80,161.92,264.68,1,1,1.0
29,4,708.53,230.75,52.57,50.63,1,1,1.0
29,59,644.41,261.10,192.49,212.08,1,1,1.0
29,60,899.32,306.59,37.14,80.34,1,1,1.0
29,62,1440.61,498.14,20.74,33.92,1,1,1.0
29,64,598.35,515.31,45.49,92.89,1,1,1.0
29,74,1872.24,622.20,47.76,160.65,1,1,1.0
29,98,881.92,763.06,22.36,28.12,1,1,1.0
30,1,286.51,349.31,145.13,236.49,1,1,1.0
30,2,410.63,325.37,160.45,268.10,1,1,1.0
30,4,705.32,227.30,50.68,50.63,1,1,1.0
30,59,639.55,259.80,189.60,212.02,1,1,1.0
30,60,892.48,305.14,39.37,80.37,1,1,1.0
30,62,1438.90,496.95,21.67,33.92,1,1,1.0
30,64,592.42,511.98,45.73,92.99,1,1,1.0
30,74,1868.40,619.45,51.60,160.96,1,1,1.0
30,98,878.72,761.19,23.73,28.33,1,1,1.0
31,1,276.01,343.54,143.77,238.99,1,1,1.0
31,2,400.34,318.56,161.53,269.93,1,1,1.0
31,4,702.12,223.84,48.78,50.63,1,1,1.0
31,59,628.93,255.10,191.07,209.04,1,1,1.0
31,60,884.25,298.85,37.48,79.35,1,1,1.0
31,62,1437.65,495.42,21.80,32.88,1,1,1.0
31,64,584.68,508.18,42.56,92.30,1,1,1.0
31,74,1864.56,616.70,55.44,161.28,1,1,1.0
31,98,873.87,754.69,26.00,32.38,1,1,1.0
32,1,272.36,340.01,143.76,237.22,1,1,1.0
32,2,393.94,315.56,162.14,270.41,1,1,1.0
32,4,698.91,220.39,46.89,50.63,1,1,1.0
32,59,624.32,249.70,191.58,212.84,1,1,1.0
32,60,879.60,297.68,36.87,76.96,1,1,1.0
32,62,1436.40,493.89,21.94,31.84,1,1,1.0
32,64,579.01,502.92,45.19,94.15,1,1,1.0
32,74,1860.72,613.95,59.28,161.59,1,1,1.0
32,98,871.24,753.38,26.62,31.84,1,1,1.0
33,1,265.17,335.80,148.11,237.65,1,1,1.0
33,2,386.24,312.82,165.79,269.95,1,1,1.0
33,4,695.70,216.93,45.00,50.63,1,1,1.0
33,59,620.37,247.10,195.23,212.19,1,1,1.0
33,60,877.81,292.20,35.20,79.33,1,1,1.0
33,62,1435.15,492.36,22.07,30.80,1,1,1.0
33,64,575.30,500.48,45.40,93.64,1,1,1.0
33,74,1856.89,611.20,63.11,161.91,1,1,1.0
33,98,870.27,750.87,25.53,32.75,1,1,1.0
34,1,260.65,332.86,147.81,238.60,1,1,1.0
34,2,384.38,307.50,161.97,272.15,1,1,1.0
34,4,692.49,213.48,43.11,50.63,1,1,1.0
34,59,615.91,245.10,192.39,210.63,1,1,1.0
34,60,873.92,290.53,35.01,80.54,1,1,1.0
34,62,1433.92,489.36,23.10,32.46,1,1,1.0
34,64,570.83,498.39,44.14,92.66,1,1,1.0
34,65,1095.81,656.18,15.32,21.97,1,1,1.0
34,74,1853.05,608.45,66.95,162.22,1,1,1.0
34,98,869.49,750.17,24.00,31.24,1,1,1.0
35,1,256.80,330.85,145.03,237.60,1,1,1.0
35,2,378.95,304.73,162.35,271.54,1,1,1.0
35,4,689.29,210.03,41.21,50.63,1,1,1.0
35,59,612.22,240.70,191.58,210.60,1,1,1.0
35,60,866.38,285.41,35.23,81.47,1,1,1.0
35,62,1432.66,485.86,22.86,34.36,1,1,1.0
35,64,564.45,494.50,46.78,92.60,1,1,1.0
35,65,1092.77,653.42,15.70,22.64,1,1,1.0
35,74,1849.21,605.70,70.79,162.54,1,1,1.0
35,98,869.65,748.28,22.05,29.61,1,1,1.0
36,1,247.00,324.56,144.65,236.84,1,1,1.0
36,2,368.73,300.77,162.58,268.34,1,1,1.0
36,4,686.08,206.57,39.32,50.63,1,1,1.0
36,59,603.34,233.60,191.06,211.23,1,1,1.0
36,60,858.84,280.29,35.45,82.41,1,1,1.0
36,62,1431.03,484.57,22.21,34.25,1,1,1.0
36,64,556.78,488.88,45.53,94.57,1,1,1.0
36,65,1089.72,650.66,16.08,23.31,1,1,1.0
36,74,1845.38,602.95,74.62,162.85,1,1,1.0
36,98,864.68,742.83,23.66,30.35,1,1,1.0
37,1,241.58,321.15,144.34,237.34,1,1,1.0
37,2,362.62,298.98,161.96,266.60,1,1,1.0
37,4,682.81,205.62,42.78,48.13,1,1,1.0
37,59,596.61,232.20,192.69,210.67,1,1,1.0
37,60,851.30,275.17,35.67,83.34,1,1,1.0
37,62,1429.41,483.29,21.56,34.13,1,1,1.0
37,64,551.78,486.33,45.05,93.57,1,1,1.0
37,65,1086.68,647.90,16.46,23.97,1,1,1.0
37,74,1840.29,601.41,78.56,162.86,1,1,1.0
37,98,862.16,740.62,24.73,31.63,1,1,1.0
38,1,232.86,317.79,148.51,238.39,1,1,1.0
38,2,354.03,292.88,165.14,270.81,1,1,1.0
38,4,679.54,204.67,46.24,45.63,1,1,1.0
38,59,590.79,227.90,193.31,212.19,1,1,1.0
38,60,843.77,270.05,35.89,84.27,1,1,1.0
38,62,1427.78,482.00,20.91,34.03,1,1,1.0
38,64,545.79,480.40,45.54,95.13,1,1,1.0
38,65,1083.63,645.14,16.84,24.64,1,1,1.0
38,74,1835.21,599.88,82.49,162.85,1,1,1.0
38,98,859.76,738.14,25.40,32.69,1,1,1.0
39,1,226.56,314.91,146.02,239.19,1,1,1.0
39,2,349.72,289.89,161.72,270.00,1,1,1.0
39,4,676.27,203.72,49.70,43.12,1,1,1.0
39,59,585.01,225.70,192.69,210.84,1,1,1.0
39,60,836.23,264.92,36.11,85.22,1,1,1.0
39,62,1426.16,480.72,20.26,33.91,1,1,1.0
39,64,541.09,480.15,46.19,94.53,1,1,1.0
39,65,1080.59,642.38,17.22,25.31,1,1,1.0
39,74,1830.12,598.34,86.43,162.86,1,1,1.0
39,98,855.73,736.09,26.56,33.05,1,1,1.0
40,1,218.70,313.63,145.52,240.31,1,1,1.0
40,2,340.80,287.71,164.94,270.42,1,1,1.0
40,4,676.27,203.72,49.70,43.12,1,1,1.0
40,59,579.38,225.70,191.12,207.72,1,1,1.0
40,60,828.69,259.80,36.33,86.15,1,1,1.0
40,62,1424.53,479.43,19.61,33.80,1,1,1.0
40,64,529.75,477.61,49.68,94.44,1,1,1.0
40,65,1077.54,639.62,17.61,25.97,1,1,1.0
40,74,1825.04,596.81,90.36,162.85,1,1,1.0
40,98,853.79,735.50,24.24,31.92,1,1,1.0
41,1,202.43,305.25,148.70,241.79,1,1,1.0
41,2,324.08,281.66,165.69,271.84,1,1,1.0
41,59,563.23,218.00,206.57,212.16,1,1,1.0
41,60,821.15,254.68,36.55,87.08,1,1,1.0
41,62,1418.53,476.88,21.71,32.56,1,1,1.0
41,64,517.41,472.82,49.13,94.84,1,1,1.0
41,65,1074.50,636.86,17.98,26.64,1,1,1.0
41,74,1819.95,595.27,94.30,162.86,1,1,1.0
41,98,848.42,733.11,24.17,30.33,1,1,1.0
42,1,195.80,301.71,145.89,241.67,1,1,1.0
42,2,318.66,273.57,163.54,276.89,1,1,1.0
42,59,556.78,213.60,208.72,214.02,1,1,1.0
42,60,813.61,249.56,36.77,88.02,1,1,1.0
42,62,1417.24,475.07,21.75,33.03,1,1,1.0
42,64,512.97,467.97,47.06,95.44,1,1,1.0
42,65,1071.50,633.86,18.32,26.64,1,1,1.0
42,74,1814.87,593.74,98.23,162.85,1,1,1.0
42,98,845.74,729.62,23.85,30.71,1,1,1.0
43,1,187.77,298.40,147.09,238.92,1,1,1.0
43,2,310.31,271.69,165.82,272.16,1,1,1.0
43,59,550.57,210.70,208.23,212.54,1,1,1.0
43,60,806.08,244.44,36.99,88.95,1,1,1.0
43,62,1415.06,473.83,20.76,32.29,1,1,1.0
43,64,505.27,465.88,47.77,92.39,1,1,1.0
43,65,1068.51,630.87,18.64,26.64,1,1,1.0
43,74,1809.57,592.13,98.23,162.85,1,1,1.0
43,98,841.10,727.30,24.93,31.67,1,1,1.0
44,1,179.02,293.76,148.94,240.48,1,1,1.0
44,2,299.49,269.32,166.99,270.78,1,1,1.0
44,59,544.05,208.30,207.15,210.34,1,1,1.0
44,60,798.54,239.32,37.21,89.88,1,1,1.0
44,62,1411.80,472.03,21.62,34.13,1,1,1.0
44,64,498.65,462.88,47.62,93.24,1,1,1.0
44,65,1064.86,627.90,19.39,26.75,1,1,1.0
44,74,1804.28,590.51,98.23,162.86,1,1,1.0
44,98,839.57,725.86,22.17,30.75,1,1,1.0
45,1,169.92,289.19,150.40,243.23,1,1,1.0
45,2,291.88,266.18,166.48,270.88,1,1,1.0
45,59,535.24,207.40,215.06,208.58,1,1,1.0
45,60,791.00,234.20,37.43,90.82,1,1,1.0
45,62,1409.67,470.16,21.15,32.82,1,1,1.0
45,64,491.13,459.03,48.34,95.77,1,1,1.0
45,65,1061.22,624.94,20.14,26.85,1,1,1.0
45,74,1798.98,588.90,98.23,162.86,1,1,1.0
45,98,835.41,723.61,24.33,31.60,1,1,1.0
46,1,154.70,283.25,147.96,244.97,1,1,1.0
46,2,276.46,258.03,167.38,273.64,1,1,1.0
46,59,522.19,201.40,209.81,208.74,1,1,1.0
46,60,783.46,229.08,37.65,91.75,1,1,1.0
46,62,1405.42,466.35,20.58,33.10,1,1,1.0
46,64,478.46,455.90,47.25,93.07,1,1,1.0
46,65,1057.57,621.98,20.89,26.96,1,1,1.0
46,74,1793.68,587.29,98.24,162.85,1,1,1.0
46,98,828.86,719.21,23.70,30.99,1,1,1.0
47,1,145.18,279.15,151.92,245.65,1,1,1.0
47,2,264.71,254.59,171.48,273.62,1,1,1.0
47,59,515.06,201.50,214.54,204.78,1,1,1.0
47,60,775.92,223.96,37.87,92.68,1,1,1.0
47,62,1403.50,464.15,20.47,32.88,1,1,1.0
47,64,472.48,449.99,46.41,94.32,1,1,1.0
47,65,1053.93,619.02,21.63,27.06,1,1,1.0
47,74,1788.39,585.68,98.23,162.85,1,1,1.0
47,98,825.54,717.13,24.78,31.88,1,1,1.0
48,1,138.07,272.10,152.24,248.12,1,1,1.0
48,2,261.08,248.28,168.56,276.01,1,1,1.0
48,5,777.28,33.14,52.59,137.86,1,1,1.0
48,59,508.83,194.90,216.97,207.66,1,1,1.0
48,60,768.38,218.83,38.09,93.63,1,1,1.0
48,62,1401.58,461.94,20.35,32.67,1,1,1.0
48,64,467.05,447.26,46.62,94.15,1,1,1.0
48,65,1050.12,617.72,19.68,27.17,1,1,1.0
48,68,402.81,563.39,26.75,24.16,1,1,1.0
48,74,1784.36,582.80,98.23,162.85,1,1,1.0
48,98,824.61,714.81,21.56,29.94,1,1,1.0
49,1,131.31,269.26,149.96,244.68,1,1,1.0
49,2,253.39,241.51,169.33,279.57,1,1,1.0
49,5,764.96,30.55,59.56,145.28,1,1,1.0
49,59,501.67,190.60,209.53,208.72,1,1,1.0
49,60,760.85,213.71,38.30,94.56,1,1,1.0
49,62,1399.66,459.74,20.24,32.45,1,1,1.0
49,64,459.62,444.01,47.49,93.28,1,1,1.0
49,65,1047.58,615.28,22.59,42.02,1,1,1.0
49,68,400.31,560.16,26.60,23.91,1,1,1.0
49,74,1780.33,579.92,98.23,162.86,1,1,1.0
49,98,821.53,710.76,23.57,31.35,1,1,1.0
50,1,125.12,262.84,151.03,244.67,1,1,1.0
50,2,246.25,239.71,171.52,273.82,1,1,1.0
50,5,753.24,26.54,68.02,138.93,1,1,1.0
50,59,496.18,186.90,226.52,206.80,1,1,1.0
50,60,753.31,208.59,38.53,95.49,1,1,1.0
50,62,1397.73,457.54,20.14,32.23,1,1,1.0
50,64,454.16,438.26,45.33,93.20,1,1,1.0
50,65,1044.59,612.84,22.81,42.83,1,1,1.0
50,68,397.80,556.94,26.47,23.65,1,1,1.0
50,74,1776.30,577.04,98.23,162.86,1,1,1.0
50,98,817.36,708.14,25.57,32.64,1,1,1.0
51,1,107.36,253.79,157.44,245.40,1,1,1.0
51,2,229.76,228.78,171.74,277.63,1,1,1.0
51,5,731.29,19.02,79.93,135.18,1,1,1.0
51,59,484.96,177.30,224.64,208.09,1,1,1.0
51,60,745.77,203.47,38.75,96.43,1,1,1.0
51,62,1395.81,455.34,20.03,32.01,1,1,1.0
51,64,441.01,426.37,47.61,97.51,1,1,1.0
51,65,1041.60,610.41,23.04,43.62,1,1,1.0
51,68,395.30,553.72,26.33,23.38,1,1,1.0
51,74,1772.27,574.17,98.23,162.85,1,1,1.0
51,98,812.69,703.66,24.11,30.56,1,1,1.0
52,1,99.99,249.12,152.72,247.50,1,1,1.0
52,2,221.28,223.60,172.16,277.71,1,1,1.0
52,5,717.95,16.70,90.17,130.45,1,1,1.0
52,59,476.53,177.20,217.87,204.25,1,1,1.0
52,60,738.23,198.35,38.97,97.36,1,1,1.0
52,62,1393.89,453.13,19.91,31.80,1,1,1.0
52,64,435.07,423.24,46.83,98.74,1,1,1.0
52,65,1038.61,607.97,23.26,44.43,1,1,1.0
52,68,392.80,550.49,26.18,23.13,1,1,1.0
52,74,1768.24,571.29,98.24,162.85,1,1,1.0
52,98,810.60,702.22,22.65,30.53,1,1,1.0
53,1,93.68,242.99,151.95,250.98,1,1,1.0
53,2,215.16,218.94,172.44,278.47,1,1,1.0
53,5,714.43,10.50,89.18,134.14,1,1,1.0
53,59,469.01,174.70,225.79,201.04,1,1,1.0
53,60,731.92,181.40,39.64,111.18,1,1,1.0
53,62,1391.97,450.93,19.80,31.58,1,1,1.0
53,63,357.18,463.10,21.94,48.80,1,1,1.0
53,64,428.91,421.35,46.67,95.97,1,1,1.0
53,65,1036.23,606.53,23.49,41.72,1,1,1.0
53,68,390.30,547.27,26.04,22.87,1,1,1.0
53,69,380.69,525.33,19.78,31.82,1,1,1.0
53,74,1764.21,568.41,98.24,162.85,1,1,1.0
53,98,809.41,699.16,21.82,30.01,1,1,1.0
54,1,83.74,240.18,156.55,251.58,1,1,1.0
54,2,204.35,213.32,174.94,281.40,1,1,1.0
54,5,710.31,8.86,89.80,131.14,1,1,1.0
54,59,464.28,168.50,220.52,204.99,1,1,1.0
54,60,725.27,178.20,42.61,105.11,1,1,1.0
54,62,1391.31,449.68,20.15,32.90,1,1,1.0
54,63,349.62,459.62,21.25,48.73,1,1,1.0
54,64,422.76,419.45,46.50,93.21,1,1,1.0
54,65,1033.86,605.09,23.71,39.01,1,1,1.0
54,68,387.79,544.05,25.91,22.61,1,1,1.0
54,69,378.27,523.40,19.62,30.84,1,1,1.0
54,74,1760.18,565.53,98.24,162.85,1,1,1.0
54,98,806.60,695.56,23.47,31.62,1,1,1.0
55,1,77.26,237.72,157.18,250.95,1,1,1.0
55,2,199.91,210.39,172.76,282.71,1,1,1.0
55,5,704.60,2.54,90.88,132.85,1,1,1.0
55,59,459.48,165.00,222.42,206.77,1,1,1.0
55,60,720.85,175.47,40.30,103.64,1,1,1.0
55,62,1389.03,448.56,21.22,33.07,1,1,1.0
55,63,342.06,456.14,20.57,48.65,1,1,1.0
55,64,416.03,415.81,46.01,94.00,1,1,1.0
55,65,1031.97,602.98,25.26,39.19,1,1,1.0
55,67,1038.20,575.81,15.44,18.19,1,1,1.0
55,68,385.29,540.82,25.76,22.35,1,1,1.0
55,69,375.85,521.47,19.46,29.87,1,1,1.0
55,74,1756.32,564.05,98.23,162.85,1,1,1.0
55,98,803.70,693.24,24.68,32.99,1,1,1.0
56,1,63.66,229.16,156.76,249.92,1,1,1.0
56,2,186.36,207.40,175.11,278.68,1,1,1.0
56,5,697.04,0.65,92.71,129.98,1,1,1.0
56,59,445.93,160.80,226.97,205.55,1,1,1.0
56,60,710.48,168.92,41.40,103.72,1,1,1.0
56,62,1387.33,447.11,20.77,32.70,1,1,1.0
56,63,334.50,452.66,19.88,48.57,1,1,1.0
56,64,405.85,410.34,48.86,96.69,1,1,1.0
56,65,1030.08,600.88,26.82,39.37,1,1,1.0
56,67,1036.05,573.60,13.25,17.20,1,1,1.0
56,68,382.79,537.60,25.62,22.09,1,1,1.0
56,69,373.43,519.55,19.30,28.88,1,1,1.0
56,74,1752.45,562.57,98.24,162.85,1,1,1.0
56,98,798.89,690.65,23.94,31.23,1,1,1.0
57,1,54.07,226.02,159.07,249.16,1,1,1.0
57,2,175.74,202.30,177.80,279.86,1,1,1.0
57,5,693.84,0.20,89.98,128.50,1,1,1.0
57,59,439.69,160.90,221.91,201.90,1,1,1.0
57,60,704.76,166.67,40.41,105.91,1,1,1.0
57,62,1385.62,445.66,20.33,32.33,1,1,1.0
57,63,326.94,449.18,19.19,48.49,1,1,1.0
57,64,397.99,408.86,48.77,95.74,1,1,1.0
57,65,1028.32,598.77,26.81,39.55,1,1,1.0
57,67,1033.89,571.39,13.83,17.44,1,1,1.0
57,68,379.20,535.00,28.28,23.22,1,1,1.0
57,69,371.02,517.62,19.13,27.91,1,1,1.0
57,74,1748.59,561.09,98.23,162.85,1,1,1.0
57,98,796.01,688.36,23.68,32.06,1,1,1.0
58,1,47.62,223.23,159.60,250.63,1,1,1.0
58,2,170.12,198.46,174.83,281.29,1,1,1.0
58,5,688.85,-0.00,91.21,124.82,1,1,1.0
58,59,434.55,155.90,224.45,202.65,1,1,1.0
58,60,697.29,162.57,39.80,106.72,1,1,1.0
58,62,1383.92,444.21,19.88,31.96,1,1,1.0
58,63,320.45,447.87,18.59,47.58,1,1,1.0
58,64,392.24,405.84,47.63,93.54,1,1,1.0
58,65,1026.56,596.67,26.80,39.72,1,1,1.0
58,67,1031.74,569.18,14.41,17.69,1,1,1.0
58,68,377.38,529.60,27.83,24.78,1,1,1.0
58,69,368.60,515.69,18.97,26.93,1,1,1.0
58,74,1744.72,559.61,98.24,162.85,1,1,1.0
58,98,795.16,687.10,22.54,31.28,1,1,1.0
58,100,354.18,422.00,20.95,25.60,1,1,1.0
59,1,40.14,221.32,163.27,249.25,1,1,1.0
59,2,162.66,195.30,175.42,283.59,1,1,1.0
59,5,685.59,0.00,92.32,121.45,1,1,1.0
59,59,429.68,157.40,222.42,200.15,1,1,1.0
59,60,689.83,158.46,39.18,107.54,1,1,1.0
59,62,1382.59,442.82,19.45,31.53,1,1,1.0
59,63,312.42,444.49,18.51,48.04,1,1,1.0
59,64,385.54,402.38,47.52,95.99,1,1,1.0
59,65,1024.81,594.56,26.78,39.91,1,1,1.0
59,67,1029.59,566.98,14.98,17.92,1,1,1.0
59,68,374.95,527.70,28.24,24.66,1,1,1.0
59,69,365.75,513.76,19.24,25.95,1,1,1.0
59,74,1740.86,558.13,98.23,162.85,1,1,1.0
59,98,793.93,684.79,22.11,31.23,1,1,1.0
59,100,351.76,419.25,20.93,25.70,1,1,1.0
60,1,31.67,215.91,160.00,251.52,1,1,1.0
60,2,155.11,192.79,176.29,282.74,1,1,1.0
60,5,680.72,0.00,91.22,117.46,1,1,1.0
60,59,423.21,151.90,220.19,201.67,1,1,1.0
60,60,682.36,154.36,38.58,108.34,1,1,1.0
60,62,1381.26,441.44,19.02,31.08,1,1,1.0
60,63,304.40,441.11,18.42,48.51,1,1,1.0
60,64,380.81,397.62,45.72,97.47,1,1,1.0
60,65,1023.05,592.46,26.77,40.08,1,1,1.0
60,67,1027.44,564.77,15.56,18.16,1,1,1.0
60,68,372.53,525.80,28.63,24.53,1,1,1.0
60,69,362.90,511.83,19.51,24.98,1,1,1.0
60,74,1737.00,556.65,98.23,162.85,1,1,1.0
60,98,791.21,682.70,22.74,31.15,1,1,1.0
60,100,349.35,416.49,20.91,25.81,1,1,1.0
61,1,15.15,209.59,159.96,254.71,1,1,1.0
61,2,138.42,185.85,176.13,284.26,1,1,1.0
61,5,671.08,0.00,93.18,113.11,1,1,1.0
61,59,407.46,132.20,220.54,217.21,1,1,1.0
61,60,674.89,150.26,37.97,109.15,1,1,1.0
61,62,1379.93,440.05,18.59,30.65,1,1,1.0
61,63,296.37,437.73,18.34,48.97,1,1,1.0
61,64,370.73,395.20,46.87,97.00,1,1,1.0
61,65,1021.29,590.35,26.76,40.26,1,1,1.0
61,67,1025.28,562.56,16.14,18.41,1,1,1.0
61,68,370.10,523.90,29.04,24.41,1,1,1.0
61,69,360.05,509.90,19.78,24.00,1,1,1.0
61,74,1733.13,555.17,98.23,162.85,1,1,1.0
61,98,785.54,678.85,24.78,32.83,1,1,1.0
61,100,346.94,413.74,20.88,25.90,1,1,1.0
62,1,7.48,207.12,161.13,255.78,1,1,1.0
62,2,128.52,182.75,178.78,285.44,1,1,1.0
62,5,667.14,-0.00,91.19,109.90,1,1,1.0
62,59,401.48,127.40,225.42,218.44,1,1,1.0
62,60,665.70,148.68,41.88,110.95,1,1,1.0
62,62,1378.59,438.66,18.17,30.22,1,1,1.0
62,63,288.23,435.54,19.52,49.43,1,1,1.0
62,64,360.64,392.78,48.02,96.53,1,1,1.0
62,65,1019.54,588.25,26.74,40.44,1,1,1.0
62,67,1023.13,560.35,16.72,18.65,1,1,1.0
62,68,367.67,522.00,29.45,24.29,1,1,1.0
62,69,358.60,507.49,18.90,24.00,1,1,1.0
62,74,1729.10,553.25,98.23,162.85,1,1,1.0
62,98,782.07,677.69,24.98,32.63,1,1,1.0
62,100,344.67,412.31,19.21,26.01,1,1,1.0
63,1,1.36,203.34,154.88,257.55,1,1,1.0
63,2,118.48,180.17,181.51,285.56,1,1,1.0
63,5,661.61,0.00,91.87,106.77,1,1,1.0
63,59,394.54,122.60,225.26,221.92,1,1,1.0
63,60,660.84,145.60,37.90,109.61,1,1,1.0
63,62,1377.26,437.27,17.74,29.79,1,1,1.0
63,63,280.87,430.77,19.53,51.37,1,1,1.0
63,64,350.56,390.37,49.17,96.05,1,1,1.0
63,65,1017.78,586.14,26.74,40.62,1,1,1.0
63,67,1020.98,558.14,17.05,18.81,1,1,1.0
63,68,365.23,520.10,29.86,24.16,1,1,1.0
63,69,356.06,505.08,19.12,24.00,1,1,1.0
63,74,1725.07,551.33,98.23,162.86,1,1,1.0
63,98,780.32,676.00,24.26,33.26,1,1,1.0
63,100,342.40,410.89,17.55,26.11,1,1,1.0
64,1,0.38,198.37,149.39,258.67,1,1,1.0
64,2,110.72,176.79,179.43,287.18,1,1,1.0
64,5,656.39,0.00,93.51,102.51,1,1,1.0
64,59,384.42,123.80,230.98,219.02,1,1,1.0
64,60,652.48,142.67,40.13,108.03,1,1,1.0
64,62,1375.93,435.89,17.31,29.35,1,1,1.0
64,63,273.51,426.00,19.55,53.30,1,1,1.0
64,64,340.47,387.95,50.33,95.58,1,1,1.0
64,65,1016.03,584.04,26.72,40.80,1,1,1.0
64,67,1018.83,555.93,17.39,18.97,1,1,1.0
64,68,362.80,518.20,30.27,24.04,1,1,1.0
64,69,353.52,502.68,19.34,24.00,1,1,1.0
64,74,1721.04,549.41,98.23,162.86,1,1,1.0
64,76,1896.60,410.10,16.60,50.00,1,1,1.0
64,98,779.13,674.48,22.52,32.87,1,1,1.0
65,1,0.21,193.58,142.22,259.67,1,1,1.0
65,2,100.99,172.62,182.14,287.83,1,1,1.0
65,5,652.65,0.44,91.44,97.96,1,1,1.0
65,59,378.61,119.30,227.89,218.35,1,1,1.0
65,60,646.24,138.80,39.01,107.51,1,1,1.0
65,62,1374.60,434.50,16.88,28.92,1,1,1.0
65,63,267.73,426.46,18.58,48.77,1,1,1.0
65,64,330.38,385.53,51.48,95.11,1,1,1.0
65,65,1014.27,581.93,26.71,40.98,1,1,1.0
65,67,1016.67,553.72,17.74,19.13,1,1,1.0
65,68,361.80,518.01,23.18,21.39,1,1,1.0
65,69,350.98,500.27,19.56,24.00,1,1,1.0
65,74,1717.01,547.50,98.24,162.85,1,1,1.0
65,76,1890.26,407.02,17.11,50.54,1,1,1.0
65,98,777.43,673.46,21.46,29.77,1,1,1.0
66,1,0.00,189.59,123.74,257.23,1,1,1.0
66,2,80.91,163.89,184.43,291.29,1,1,1.0
66,5,641.82,0.06,93.40,91.40,1,1,1.0
66,59,363.96,112.20,228.44,219.57,1,1,1.0
66,60,634.70,134.57,39.42,107.94,1,1,1.0
66,62,1370.30,432.62,19.42,28.98,1,1,1.0
66,63,255.97,422.69,18.00,48.86,1,1,1.0
66,64,320.30,383.11,52.63,94.64,1,1,1.0
66,65,1012.51,579.83,26.70,41.15,1,1,1.0
66,67,1014.52,551.52,18.08,19.28,1,1,1.0
66,69,348.44,497.86,19.78,24.00,1,1,1.0
66,74,1712.98,545.58,98.24,162.85,1,1,1.0
66,76,1883.93,403.94,17.61,51.08,1,1,1.0
66,98,771.73,668.80,23.56,31.41,1,1,1.0
67,1,0.00,184.97,114.61,258.45,1,1,1.0
67,2,71.16,161.31,182.78,291.10,1,1,1.0
67,5,636.54,0.16,92.88,86.83,1,1,1.0
67,59,352.73,109.90,232.47,219.14,1,1,1.0
67,60,623.17,130.34,39.82,108.37,1,1,1.0
67,62,1369.40,432.01,18.49,27.97,1,1,1.0
67,63,244.21,418.93,17.42,48.93,1,1,1.0
67,64,315.20,380.08,51.38,96.92,1,1,1.0
67,65,1010.76,577.72,26.68,41.34,1,1,1.0
67,67,1012.37,549.31,18.89,20.09,1,1,1.0
67,69,346.72,496.31,19.78,24.00,1,1,1.0
67,74,1708.95,543.66,98.24,162.85,1,1,1.0
67,76,1877.59,400.86,18.12,51.61,1,1,1.0
67,98,769.29,667.74,23.12,31.39,1,1,1.0
68,1,0.00,183.67,106.16,258.58,1,1,1.0
68,2,60.84,157.67,185.33,291.09,1,1,1.0
68,5,628.99,0.29,93.64,85.10,1,1,1.0
68,59,345.30,103.80,234.20,221.94,1,1,1.0
68,60,611.63,126.11,40.24,108.80,1,1,1.0
68,62,1368.50,431.41,17.56,26.95,1,1,1.0
68,63,237.11,416.45,18.82,49.75,1,1,1.0
68,64,306.39,372.58,49.42,99.92,1,1,1.0
68,65,1009.00,575.62,26.67,41.51,1,1,1.0
68,66,1858.64,272.72,60.00,130.22,1,1,1.0
68,67,1010.21,547.10,19.71,20.91,1,1,1.0
68,69,344.43,494.66,19.77,24.00,1,1,1.0
68,74,1703.89,541.59,98.23,162.85,1,1,1.0
68,76,1871.25,397.78,18.63,52.15,1,1,1.0
68,98,765.20,666.09,24.96,32.74,1,1,1.0
69,1,0.00,180.76,95.52,258.44,1,1,1.0
69,2,49.02,153.54,187.28,293.82,1,1,1.0
69,5,624.29,0.19,93.80,83.42,1,1,1.0
69,59,337.86,102.90,230.74,221.03,1,1,1.0
69,60,600.09,121.88,40.65,109.23,1,1,1.0
69,62,1366.30,430.80,17.93,25.94,1,1,1.0
69,63,228.32,412.80,18.85,52.91,1,1,1.0
69,64,297.81,373.06,49.68,96.66,1,1,1.0
69,65,1005.50,573.51,28.40,41.69,1,1,1.0
69,66,1850.54,269.70,59.98,129.47,1,1,1.0
69,67,1008.06,544.89,20.52,21.72,1,1,1.0
69,69,342.13,493.00,19.78,24.00,1,1,1.0
69,74,1698.82,539.51,98.23,162.86,1,1,1.0
69,76,1864.92,394.70,19.13,52.69,1,1,1.0
69,98,763.53,665.51,22.78,31.69,1,1,1.0
69,100,331.34,397.79,17.29,32.15,1,1,1.0
70,1,0.00,177.30,85.44,258.98,1,1,1.0
70,2,37.46,150.67,186.31,293.29,1,1,1.0
70,59,326.40,98.80,232.90,222.37,1,1,1.0
70,60,588.56,117.65,41.05,109.65,1,1,1.0
70,62,1364.10,430.20,18.30,24.92,1,1,1.0
70,63,213.67,409.21,19.13,53.21,1,1,1.0
70,64,287.87,366.45,52.57,100.03,1,1,1.0
70,65,1002.30,571.41,27.95,41.87,1,1,1.0
70,66,1842.44,266.67,59.97,128.74,1,1,1.0
70,67,1005.91,542.68,21.33,22.53,1,1,1.0
70,69,339.84,491.35,19.78,24.00,1,1,1.0
70,74,1693.76,537.44,98.23,162.85,1,1,1.0
70,76,1858.58,391.62,19.64,53.23,1,1,1.0
70,98,759.47,663.43,24.55,32.79,1,1,1.0
70,100,326.27,395.57,17.36,31.16,1,1,1.0
71,1,0.00,156.26,63.85,276.74,1,1,1.0
71,2,5.95,143.42,194.60,294.19,1,1,1.0
71,6,0.09,230.18,60.16,204.23,1,1,1.0
71,59,306.94,90.90,232.86,223.65,1,1,1.0
71,60,577.02,113.42,41.46,110.08,1,1,1.0
71,62,1360.79,428.09,18.29,25.41,1,1,1.0
71,63,199.01,405.62,19.42,53.52,1,1,1.0
71,64,268.39,374.76,50.30,89.26,1,1,1.0
71,65,999.10,569.30,27.50,42.05,1,1,1.0
71,66,1834.34,263.64,59.96,128.00,1,1,1.0
71,67,998.10,538.80,23.20,24.25,1,1,1.0
71,69,331.24,487.97,19.78,24.00,1,1,1.0
71,71,1898.10,408.99,13.06,38.82,1,1,1.0
71,74,1688.69,535.37,98.23,162.85,1,1,1.0
71,76,1845.48,388.27,20.15,53.76,1,1,1.0
71,98,750.33,660.40,25.46,34.09,1,1,1.0
71,100,321.19,393.35,17.45,30.17,1,1,1.0
72,1,0.09,243.95,50.64,186.27,1,1,1.0
72,2,0.19,139.42,189.36,294.97,1,1,1.0
72,6,0.09,296.67,52.41,133.26,1,1,1.0
72,7,595.94,0.28,87.61,68.89,1,1,1.0
72,59,294.30,85.80,239.90,225.49,1,1,1.0
72,60,566.82,109.19,41.87,110.51,1,1,1.0
72,62,1357.47,425.99,18.29,25.89,1,1,1.0
72,63,187.91,401.48,19.70,53.82,1,1,1.0
72,64,256.14,369.67,50.70,90.78,1,1,1.0
72,65,996.40,567.00,27.90,43.12,1,1,1.0
72,66,1826.23,260.62,59.95,127.26,1,1,1.0
72,67,993.72,538.10,24.18,22.26,1,1,1.0
72,71,1890.29,404.54,13.06,38.82,1,1,1.0
72,74,1683.62,533.30,98.24,162.85,1,1,1.0
72,76,1838.98,383.27,20.65,54.30,1,1,1.0
72,98,749.11,659.01,23.03,33.06,1,1,1.0
72,100,316.12,391.13,17.52,29.18,1,1,1.0
73,2,0.00,134.45,177.40,296.72,1,1,1.0
73,7,586.72,-0.00,89.78,59.42,1,1,1.0
73,59,283.77,80.90,239.23,228.20,1,1,1.0
73,60,556.61,104.96,42.28,110.94,1,1,1.0
73,62,1354.16,423.88,18.28,26.38,1,1,1.0
73,63,176.81,397.33,19.98,54.13,1,1,1.0
73,64,243.89,364.59,51.09,92.30,1,1,1.0
73,65,994.00,565.80,25.10,42.34,1,1,1.0
73,66,1818.13,257.59,59.94,126.52,1,1,1.0
73,67,991.42,534.90,24.99,24.89,1,1,1.0
73,71,1882.48,400.10,13.05,38.81,1,1,1.0
73,74,1677.52,530.53,98.24,162.86,1,1,1.0
73,76,1831.93,378.40,21.15,54.84,1,1,1.0
73,98,744.91,655.62,23.48,33.49,1,1,1.0
73,100,311.05,388.91,17.60,28.19,1,1,1.0
74,2,-0.00,131.38,163.50,294.51,1,1,1.0
74,59,275.13,74.70,236.47,230.87,1,1,1.0
74,60,546.41,100.74,42.69,111.36,1,1,1.0
74,62,1350.29,422.59,18.28,25.74,1,1,1.0
74,63,165.71,393.19,20.25,54.43,1,1,1.0
74,64,231.64,359.50,51.49,93.82,1,1,1.0
74,65,990.40,564.00,28.10,43.01,1,1,1.0
74,66,1810.03,254.56,59.93,125.79,1,1,1.0
74,67,989.48,534.34,24.24,24.03,1,1,1.0
74,71,1874.67,395.65,13.05,38.82,1,1,1.0
74,74,1671.42,527.77,98.23,162.85,1,1,1.0
74,76,1824.88,373.54,21.66,55.37,1,1,1.0
74,98,740.48,654.77,23.66,32.34,1,1,1.0
74,100,305.22,386.81,17.67,28.26,1,1,1.0
75,2,0.20,121.24,150.46,303.41,1,1,1.0
75,59,261.20,70.90,243.10,230.79,1,1,1.0
75,60,536.20,96.51,43.10,111.79,1,1,1.0
75,62,1346.42,421.30,18.28,25.09,1,1,1.0
75,63,154.61,389.04,20.53,54.75,1,1,1.0
75,64,219.40,354.41,51.87,95.34,1,1,1.0
75,65,986.72,561.55,30.74,44.32,1,1,1.0
75,66,1801.93,251.54,59.91,125.04,1,1,1.0
75,67,984.21,530.98,24.23,25.02,1,1,1.0
75,71,1866.86,391.20,13.05,38.82,1,1,1.0
75,74,1665.32,525.01,98.23,162.85,1,1,1.0
75,76,1817.83,368.67,22.16,55.92,1,1,1.0
75,98,735.42,653.39,23.36,32.21,1,1,1.0
75,100,299.38,384.71,17.75,28.33,1,1,1.0
76,2,0.09,109.93,123.35,305.38,1,1,1.0
76,59,240.32,60.10,242.78,233.55,1,1,1.0
76,60,522.48,91.11,43.51,112.22,1,1,1.0
76,63,133.53,384.85,20.82,55.05,1,1,1.0
76,64,207.15,349.32,52.27,96.86,1,1,1.0
76,65,980.70,559.30,26.60,40.81,1,1,1.0
76,66,1793.83,248.51,59.90,124.31,1,1,1.0
76,67,978.94,527.61,24.23,26.01,1,1,1.0
76,71,1859.05,386.75,13.05,38.82,1,1,1.0
76,74,1659.22,522.25,98.23,162.85,1,1,1.0
76,76,1807.74,364.91,22.68,56.45,1,1,1.0
76,98,727.42,649.75,24.24,32.22,1,1,1.0
76,100,293.55,382.62,17.83,28.39,1,1,1.0
77,2,0.00,108.05,111.74,304.40,1,1,1.0
77,59,227.90,59.10,238.50,231.20,1,1,1.0
77,60,508.76,85.72,43.92,112.65,1,1,1.0
77,63,122.41,381.28,21.09,55.35,1,1,1.0
77,64,194.90,344.24,52.66,98.38,1,1,1.0
77,65,979.00,558.30,24.40,40.13,1,1,1.0
77,66,1785.73,245.48,59.89,123.57,1,1,1.0
77,67,973.60,524.17,26.45,27.38,1,1,1.0
77,71,1851.23,382.31,13.06,38.81,1,1,1.0
77,74,1653.12,519.48,98.23,162.86,1,1,1.0
77,76,1797.66,361.14,23.18,56.99,1,1,1.0
77,98,722.62,648.47,24.64,32.73,1,1,1.0
77,100,289.44,382.84,18.37,26.47,1,1,1.0
78,2,-0.00,104.96,97.15,305.55,1,1,1.0
78,59,217.56,52.30,238.64,233.93,1,1,1.0
78,60,495.04,80.32,44.33,113.08,1,1,1.0
78,63,111.28,377.71,21.38,55.65,1,1,1.0
78,64,182.65,339.15,53.06,99.90,1,1,1.0
78,65,975.30,556.30,24.00,41.42,1,1,1.0
78,66,1777.63,242.46,59.87,122.83,1,1,1.0
78,67,969.88,522.71,26.36,27.55,1,1,1.0
78,68,309.19,486.71,26.75,27.73,1,1,1.0
78,71,1843.62,380.21,13.06,38.35,1,1,1.0
78,74,1647.25,517.53,98.23,163.32,1,1,1.0
78,76,1792.04,358.13,21.12,57.45,1,1,1.0
78,98,719.39,646.44,23.28,34.13,1,1,1.0
78,100,285.33,383.06,18.91,24.54,1,1,1.0
79,2,0.16,103.69,85.45,306.50,1,1,1.0
79,59,205.36,48.80,250.64,233.00,1,1,1.0
79,60,481.32,74.93,44.73,113.51,1,1,1.0
79,63,100.15,374.14,21.66,55.96,1,1,1.0
79,64,170.96,339.87,53.96,96.47,1,1,1.0
79,65,972.20,554.90,22.10,41.66,1,1,1.0
79,66,1769.53,239.43,59.86,122.09,1,1,1.0
79,67,966.15,521.26,26.28,27.71,1,1,1.0
79,68,304.14,485.24,26.75,26.82,1,1,1.0
79,71,1836.01,378.10,13.05,37.89,1,1,1.0
79,74,1641.38,515.57,98.23,163.79,1,1,1.0
79,76,1785.05,356.78,21.71,54.14,1,1,1.0
79,98,715.07,644.14,24.27,34.03,1,1,1.0
79,100,281.23,383.28,19.44,22.62,1,1,1.0
80,2,0.00,90.03,73.15,309.92,1,1,1.0
80,59,194.12,44.70,255.58,234.93,1,1,1.0
80,60,467.60,69.54,45.14,113.93,1,1,1.0
80,62,1330.77,412.67,18.06,23.22,1,1,1.0
80,63,89.03,370.56,21.94,56.27,1,1,1.0
80,64,160.67,331.36,52.65,102.61,1,1,1.0
80,65,969.40,552.30,21.20,42.38,1,1,1.0
80,66,1761.61,232.89,62.12,126.65,1,1,1.0
80,67,962.43,519.80,26.18,27.88,1,1,1.0
80,68,299.09,483.77,26.74,25.91,1,1,1.0
80,71,1828.40,376.00,13.05,37.43,1,1,1.0
80,74,1635.50,513.61,98.24,164.26,1,1,1.0
80,76,1779.19,353.01,22.08,54.53,1,1,1.0
80,98,711.43,643.70,24.12,33.62,1,1,1.0
80,100,277.12,383.50,19.98,20.70,1,1,1.0
81,2,0.24,83.78,46.17,331.67,1,1,1.0
81,59,170.69,37.90,255.91,236.52,1,1,1.0
81,60,453.88,64.14,45.55,114.37,1,1,1.0
81,62,1326.90,412.89,18.06,19.76,1,1,1.0
81,64,138.75,330.65,52.83,100.49,1,1,1.0
81,65,963.30,551.40,19.50,39.33,1,1,1.0
81,66,1746.39,223.53,62.48,130.19,1,1,1.0
81,67,958.71,518.35,26.09,28.04,1,1,1.0
81,68,294.03,482.30,26.75,25.01,1,1,1.0
81,71,1820.79,373.90,13.05,36.96,1,1,1.0
81,74,1629.63,511.65,98.24,164.74,1,1,1.0
81,76,1766.53,345.76,20.88,56.25,1,1,1.0
81,98,703.72,641.79,22.70,31.29,1,1,1.0
81,100,270.46,377.30,21.36,25.80,1,1,1.0
82,2,0.24,84.13,35.21,313.38,1,1,1.0
82,59,161.27,35.90,252.23,236.31,1,1,1.0
82,60,440.16,58.75,45.96,114.79,1,1,1.0
82,62,1323.03,413.10,18.06,16.30,1,1,1.0
82,64,126.38,328.29,53.94,100.22,1,1,1.0
82,65,959.44,557.70,20.08,33.90,1,1,1.0
82,66,1739.69,222.08,62.04,130.88,1,1,1.0
82,67,954.99,516.89,26.00,28.21,1,1,1.0
82,68,289.57,481.23,26.75,25.01,1,1,1.0
82,71,1813.17,371.80,13.06,36.49,1,1,1.0
82,74,1623.76,509.70,98.23,165.20,1,1,1.0
82,76,1757.28,344.38,22.38,55.93,1,1,1.0
82,98,699.53,641.23,23.28,31.62,1,1,1.0
82,100,263.80,371.10,22.75,30.89,1,1,1.0
83,59,151.44,33.00,255.76,239.07,1,1,1.0
83,60,431.86,55.39,44.48,114.19,1,1,1.0
83,62,1318.73,413.10,18.06,16.30,1,1,1.0
83,64,116.59,326.42,56.40,100.76,1,1,1.0
83,65,957.10,556.90,23.23,32.15,1,1,1.0
83,66,1732.31,221.48,63.29,132.10,1,1,1.0
83,67,951.26,515.43,25.92,28.37,1,1,1.0
83,68,285.12,480.16,26.75,25.01,1,1,1.0
83,69,277.49,462.98,21.11,29.24,1,1,1.0
83,71,1805.56,369.70,13.05,36.03,1,1,1.0
83,74,1617.77,508.55,98.01,165.55,1,1,1.0
83,76,1750.75,346.44,21.91,53.17,1,1,1.0
83,98,695.57,639.11,23.65,32.11,1,1,1.0
83,100,259.24,369.93,22.61,30.86,1,1,1.0
84,59,138.30,31.70,257.40,238.90,1,1,1.0
84,60,421.19,53.95,44.48,114.85,1,1,1.0
84,62,1316.15,410.95,18.06,16.30,1,1,1.0
84,64,106.91,326.71,54.78,98.53,1,1,1.0
84,65,954.29,556.40,23.40,29.89,1,1,1.0
84,66,1726.06,218.39,62.05,130.59,1,1,1.0
84,67,947.54,513.98,25.83,28.53,1,1,1.0
84,68,280.66,479.09,26.75,25.01,1,1,1.0
84,69,272.55,461.69,21.11,29.57,1,1,1.0
84,71,1797.78,368.97,13.05,36.03,1,1,1.0
84,74,1611.78,507.39,97.78,165.91,1,1,1.0
84,76,1744.91,344.66,19.97,54.56,1,1,1.0
84,98,690.83,639.87,22.68,31.48,1,1,1.0
84,100,254.67,368.77,22.48,30.82,1,1,1.0
85,59,129.96,29.00,257.14,238.81,1,1,1.0
85,60,410.52,52.51,44.49,115.51,1,1,1.0
85,62,1312.28,409.66,18.06,16.30,1,1,1.0
85,64,93.27,325.21,57.17,98.76,1,1,1.0
85,65,950.04,552.83,24.72,33.24,1,1,1.0
85,66,1715.47,218.25,61.51,129.52,1,1,1.0
85,67,943.82,512.52,25.73,28.70,1,1,1.0
85,68,276.20,478.02,26.75,25.01,1,1,1.0
85,69,267.60,460.39,21.11,29.90,1,1,1.0
85,71,1789.99,368.25,13.06,36.02,1,1,1.0
85,74,1605.78,506.24,97.56,166.26,1,1,1.0
85,76,1738.96,341.86,20.71,57.44,1,1,1.0
85,98,687.19,637.46,22.82,31.68,1,1,1.0
85,100,250.11,367.60,22.34,30.79,1,1,1.0
86,59,107.22,25.90,261.88,239.22,1,1,1.0
86,60,399.85,51.07,44.49,116.16,1,1,1.0
86,64,75.52,321.04,55.93,101.36,1,1,1.0
86,65,944.82,551.94,25.73,32.22,1,1,1.0
86,66,1704.88,218.11,60.98,128.46,1,1,1.0
86,67,940.09,511.07,25.65,28.86,1,1,1.0
86,68,271.74,476.95,26.75,25.01,1,1,1.0
86,69,262.66,459.10,21.11,30.22,1,1,1.0
86,71,1782.21,367.52,13.05,36.03,1,1,1.0
86,74,1599.79,505.09,97.34,166.61,1,1,1.0
86,76,1725.19,341.37,21.29,55.77,1,1,1.0
86,98,680.25,636.34,24.00,32.05,1,1,1.0
86,100,245.54,366.44,22.21,30.75,1,1,1.0
87,59,99.58,25.00,261.32,239.07,1,1,1.0
87,60,389.18,49.63,44.49,116.82,1,1,1.0
87,64,65.11,320.29,54.68,101.61,1,1,1.0
87,65,942.11,550.75,25.88,32.84,1,1,1.0
87,66,1697.24,214.95,61.78,131.52,1,1,1.0
87,67,936.37,509.61,25.56,29.03,1,1,1.0
87,68,273.13,471.08,24.06,29.79,1,1,1.0
87,69,257.71,457.80,21.11,30.55,1,1,1.0
87,71,1774.43,366.79,13.05,36.03,1,1,1.0
87,74,1593.80,503.94,97.11,166.96,1,1,1.0
87,76,1718.96,341.25,21.18,55.41,1,1,1.0
87,98,674.35,635.28,25.33,33.54,1,1,1.0
87,100,241.84,365.24,22.08,30.72,1,1,1.0
88,59,88.59,21.60,263.11,241.13,1,1,1.0
88,60,378.51,48.19,44.50,117.48,1,1,1.0
88,64,56.24,321.09,57.00,100.16,1,1,1.0
88,65,939.40,549.56,26.03,33.45,1,1,1.0
88,66,1690.65,217.98,61.87,126.25,1,1,1.0
88,67,936.10,508.65,23.37,28.51,1,1,1.0
88,68,269.71,477.00,23.98,22.90,1,1,1.0
88,69,253.84,456.60,21.11,30.55,1,1,1.0
88,71,1766.64,366.06,13.06,36.03,1,1,1.0
88,74,1588.33,503.85,96.73,167.43,1,1,1.0
88,76,1712.24,344.11,19.36,53.25,1,1,1.0
88,98,671.40,635.25,25.13,32.66,1,1,1.0
88,100,238.14,364.04,21.94,30.69,1,1,1.0
89,59,78.27,20.00,265.93,242.46,1,1,1.0
89,60,367.83,46.74,44.51,118.15,1,1,1.0
89,64,45.31,318.39,57.93,103.50,1,1,1.0
89,65,936.68,548.37,26.19,34.07,1,1,1.0
89,66,1682.41,217.16,61.96,125.90,1,1,1.0
89,67,932.64,507.46,23.47,28.63,1,1,1.0
89,68,266.13,476.90,23.22,24.18,1,1,1.0
89,69,249.97,455.39,21.11,30.56,1,1,1.0
89,71,1758.86,365.34,13.05,36.03,1,1,1.0
89,74,1582.86,503.75,96.35,167.92,1,1,1.0
89,76,1703.57,344.53,19.36,53.25,1,1,1.0
89,98,667.29,633.66,25.80,33.89,1,1,1.0
89,100,234.44,362.84,21.81,30.66,1,1,1.0
90,59,70.80,20.40,263.10,241.50,1,1,1.0
90,60,357.16,45.30,44.52,118.81,1,1,1.0
90,64,35.13,317.30,59.96,103.08,1,1,1.0
90,65,933.97,547.18,26.34,34.68,1,1,1.0
90,66,1675.88,219.94,60.41,126.19,1,1,1.0
90,67,929.18,506.28,23.56,28.74,1,1,1.0
90,68,263.34,477.70,24.25,23.41,1,1,1.0
90,69,246.10,454.19,21.11,30.55,1,1,1.0
90,71,1749.66,365.38,13.06,36.03,1,1,1.0
90,74,1577.40,503.65,95.96,168.40,1,1,1.0
90,76,1694.90,344.94,19.36,53.25,1,1,1.0
90,98,664.86,634.15,24.55,33.05,1,1,1.0
90,100,230.74,361.64,21.67,30.62,1,1,1.0
91,59,50.54,19.90,263.96,241.35,1,1,1.0
91,60,346.49,43.86,44.52,119.47,1,1,1.0
91,64,25.81,316.51,59.14,104.93,1,1,1.0
91,65,931.26,545.99,26.49,35.30,1,1,1.0
91,66,1659.57,218.95,60.92,127.31,1,1,1.0
91,67,925.72,505.09,23.66,28.86,1,1,1.0
91,68,258.31,472.30,23.34,26.63,1,1,1.0
91,69,242.23,452.99,21.11,30.55,1,1,1.0
91,71,1740.47,365.42,13.05,36.03,1,1,1.0
91,74,1571.93,503.56,95.57,168.87,1,1,1.0
91,76,1686.23,345.36,19.36,53.25,1,1,1.0
91,98,658.43,633.78,22.86,32.67,1,1,1.0
91,100,227.04,360.44,21.54,30.59,1,1,1.0
92,59,43.35,20.90,263.05,240.29,1,1,1.0
92,60,335.82,42.42,44.52,120.12,1,1,1.0
92,64,16.48,315.71,58.34,106.80,1,1,1.0
92,65,927.20,544.55,25.55,37.55,1,1,1.0
92,66,1651.15,217.62,61.15,128.39,1,1,1.0
92,67,922.26,503.91,23.75,28.97,1,1,1.0
92,68,253.03,471.50,24.96,26.47,1,1,1.0
92,69,238.36,451.78,21.11,30.56,1,1,1.0
92,71,1731.27,365.47,13.06,36.02,1,1,1.0
92,74,1566.46,503.46,95.19,169.36,1,1,1.0
92,76,1677.56,345.77,19.36,53.25,1,1,1.0
92,98,654.86,632.59,23.97,34.02,1,1,1.0
92,100,223.34,359.24,21.40,30.56,1,1,1.0
93,59,35.07,19.30,262.83,240.96,1,1,1.0
93,60,325.15,40.98,44.53,120.78,1,1,1.0
93,64,7.16,314.92,57.52,108.65,1,1,1.0
93,65,925.90,544.25,26.25,36.02,1,1,1.0
93,66,1643.91,220.00,58.92,130.63,1,1,1.0
93,67,918.80,502.72,23.85,29.08,1,1,1.0
93,68,247.75,470.70,26.58,26.31,1,1,1.0
93,69,234.56,451.42,21.12,30.56,1,1,1.0
93,71,1722.08,365.51,13.05,36.03,1,1,1.0
93,74,1560.99,503.37,94.81,169.83,1,1,1.0
93,76,1668.89,346.19,19.36,53.25,1,1,1.0
93,98,650.75,631.96,25.32,34.25,1,1,1.0
93,100,219.64,358.04,21.27,30.52,1,1,1.0
94,59,23.13,17.50,265.27,242.06,1,1,1.0
94,60,314.48,39.54,44.53,121.44,1,1,1.0
94,64,0.00,313.72,57.48,108.65,1,1,1.0
94,65,921.70,545.03,26.52,34.18,1,1,1.0
94,66,1635.09,217.06,60.80,134.05,1,1,1.0
94,67,915.34,501.54,23.94,29.19,1,1,1.0
94,68,244.59,469.10,24.91,27.22,1,1,1.0
94,69,230.76,451.06,21.12,30.56,1,1,1.0
94,71,1712.88,365.55,13.06,36.03,1,1,1.0
94,74,1554.23,502.50,94.81,169.84,1,1,1.0
94,76,1660.94,345.80,18.19,51.57,1,1,1.0
94,97,1890.79,301.50,29.21,69.14,1,1,1.0
94,98,646.20,630.51,26.12,35.57,1,1,1.0
94,100,215.94,356.84,21.13,30.49,1,1,1.0
95,59,15.52,16.40,267.88,242.45,1,1,1.0
95,60,306.62,37.13,47.31,122.76,1,1,1.0
95,64,0.00,313.72,43.80,108.65,1,1,1.0
95,65,918.50,543.74,26.70,35.20,1,1,1.0
95,66,1625.62,216.30,60.97,131.46,1,1,1.0
95,67,911.87,500.35,24.05,29.31,1,1,1.0
95,68,242.46,464.50,26.58,29.95,1,1,1.0
95,69,226.97,450.71,21.11,30.55,1,1,1.0
95,71,1703.69,365.59,13.05,36.03,1,1,1.0
95,74,1547.46,501.64,94.81,169.83,1,1,1.0
95,76,1652.98,345.42,17.02,49.88,1,1,1.0
95,97,1884.38,295.60,35.62,75.54,1,1,1.0
95,98,643.99,630.50,24.07,34.54,1,1,1.0
95,100,212.24,355.64,21.00,30.46,1,1,1.0
96,59,1.04,11.80,262.56,244.03,1,1,1.0
96,60,294.95,35.63,46.02,122.86,1,1,1.0
96,65,912.80,540.50,28.50,38.20,1,1,1.0
96,66,1614.98,214.97,61.09,130.01,1,1,1.0
96,67,908.41,499.17,24.14,29.42,1,1,1.0
96,68,238.24,464.74,26.22,29.00,1,1,1.0
96,69,223.17,450.35,21.11,30.55,1,1,1.0
96,71,1686.82,363.80,13.05,36.03,1,1,1.0
96,74,1540.70,500.78,94.81,169.83,1,1,1.0
96,76,1636.16,344.12,17.33,50.49,1,1,1.0
96,97,1875.37,289.20,44.63,92.09,1,1,1.0
96,98,636.89,628.94,24.89,34.94,1,1,1.0
96,100,204.82,355.90,19.48,30.42,1,1,1.0
97,59,0.82,11.70,256.18,242.66,1,1,1.0
97,60,283.27,34.12,44.74,122.96,1,1,1.0
97,65,911.20,537.86,28.01,39.02,1,1,1.0
97,66,1604.34,213.64,61.20,128.55,1,1,1.0
97,67,904.95,497.98,24.24,29.54,1,1,1.0
97,68,234.01,464.99,25.87,28.04,1,1,1.0
97,69,219.37,449.99,21.11,30.55,1,1,1.0
97,71,1678.33,362.97,13.06,36.03,1,1,1.0
97,74,1533.94,499.91,94.81,169.84,1,1,1.0
97,76,1627.73,342.59,17.64,51.09,1,1,1.0
97,97,1869.39,285.76,50.61,110.41,1,1,1.0
97,98,633.13,629.08,24.69,34.33,1,1,1.0
98,59,0.58,10.50,244.72,242.27,1,1,1.0
98,60,271.60,32.62,43.46,123.06,1,1,1.0
98,65,908.50,537.82,28.63,39.52,1,1,1.0
98,66,1593.70,212.32,61.32,127.09,1,1,1.0
98,67,901.49,496.79,24.33,29.66,1,1,1.0
98,68,229.79,465.23,25.51,27.09,1,1,1.0
98,69,215.57,449.63,21.11,30.55,1,1,1.0
98,71,1669.85,362.13,13.05,36.03,1,1,1.0
98,74,1527.49,498.76,94.81,169.84,1,1,1.0
98,76,1619.30,341.06,17.95,51.70,1,1,1.0
98,97,1864.01,285.77,55.99,106.01,1,1,1.0
98,98,629.69,629.19,24.72,34.51,1,1,1.0
99,59,0.54,7.20,235.26,243.49,1,1,1.0
99,60,259.93,31.12,42.17,123.16,1,1,1.0
99,65,906.96,536.81,26.98,38.97,1,1,1.0
99,66,1583.06,210.99,61.43,125.63,1,1,1.0
99,67,897.80,496.21,24.62,29.95,1,1,1.0
99,68,225.57,465.47,25.14,26.14,1,1,1.0
99,69,212.06,448.55,21.11,30.92,1,1,1.0
99,71,1661.37,361.30,13.05,36.03,1,1,1.0
99,74,1521.04,497.61,94.81,169.83,1,1,1.0
99,76,1610.86,339.53,18.26,52.30,1,1,1.0
99,97,1859.22,285.09,60.61,101.86,1,1,1.0
99,98,627.69,628.52,23.22,34.37,1,1,1.0
100,59,0.77,7.80,223.13,242.30,1,1,1.0
100,60,248.27,30.63,44.30,122.93,1,1,1.0
100,65,902.80,536.62,29.26,39.99,1,1,1.0
100,66,1572.42,209.66,61.55,124.18,1,1,1.0
100,67,894.11,495.63,24.90,30.24,1,1,1.0
100,68,221.34,465.72,24.79,25.18,1,1,1.0
100,69,208.55,447.48,21.11,31.27,1,1,1.0
100,71,1652.88,360.46,13.05,36.03,1,1,1.0
100,74,1514.59,496.46,94.81,169.83,1,1,1.0
100,76,1602.43,338.00,18.57,52.90,1,1,1.0
100,97,1854.18,284.90,65.63,120.24,1,1,1.0
100,98,623.12,627.44,25.06,35.02,1,1,1.0
101,59,1.44,5.30,206.16,243.09,1,1,1.0
101,60,228.49,28.71,45.59,125.70,1,1,1.0
101,65,897.70,536.04,28.46,40.77,1,1,1.0
101,66,1554.15,208.84,59.12,127.64,1,1,1.0
101,67,890.41,495.04,25.19,30.54,1,1,1.0
101,68,217.12,465.96,24.43,24.22,1,1,1.0
101,69,205.04,446.40,21.11,31.63,1,1,1.0
101,71,1634.31,360.06,13.05,36.03,1,1,1.0
101,74,1508.15,495.31,94.81,169.83,1,1,1.0
101,76,1584.14,336.93,18.57,52.90,1,1,1.0
101,97,1842.29,282.90,77.62,133.45,1,1,1.0
101,98,615.01,628.24,24.89,33.78,1,1,1.0
102,59,1.76,2.80,197.44,246.54,1,1,1.0
102,60,218.44,27.98,45.20,121.44,1,1,1.0
102,65,894.72,534.28,29.45,41.48,1,1,1.0
102,66,1544.24,210.74,61.24,123.41,1,1,1.0
102,67,886.72,494.46,25.48,30.84,1,1,1.0
102,68,212.90,466.20,24.07,23.27,1,1,1.0
102,69,201.53,445.32,21.11,32.00,1,1,1.0
102,71,1625.30,358.36,13.05,36.03,1,1,1.0
102,74,1501.70,494.16,94.81,169.83,1,1,1.0
102,76,1574.90,334.81,18.57,52.90,1,1,1.0
102,97,1838.16,283.00,81.84,125.52,1,1,1.0
102,98,614.29,628.00,22.38,32.51,1,1,1.0
103,59,0.94,1.20,187.86,244.90,1,1,1.0
103,60,205.77,25.65,45.16,122.03,1,1,1.0
103,65,891.96,533.72,29.37,41.50,1,1,1.0
103,66,1535.19,205.80,59.07,127.10,1,1,1.0
103,67,883.03,493.88,25.76,31.13,1,1,1.0
103,68,209.05,465.93,23.93,23.27,1,1,1.0
103,69,198.02,444.25,21.11,32.35,1,1,1.0
103,71,1616.29,356.66,13.05,36.03,1,1,1.0
103,74,1496.71,493.15,94.24,169.83,1,1,1.0
103,76,1565.66,332.70,18.57,52.90,1,1,1.0
103,97,1832.61,281.51,87.39,124.40,1,1,1.0
103,98,609.57,626.40,23.25,32.34,1,1,1.0
103,100,182.65,353.97,19.91,30.19,1,1,1.0
104,59,0.95,0.09,181.12,240.58,1,1,1.0
104,60,193.11,23.32,45.11,122.62,1,1,1.0
104,65,888.41,532.10,29.74,41.69,1,1,1.0
104,66,1525.35,204.44,59.59,127.62,1,1,1.0
104,67,879.33,493.29,26.06,31.43,1,1,1.0
104,68,205.20,465.66,23.79,23.28,1,1,1.0
104,69,194.50,443.17,21.12,32.71,1,1,1.0
104,71,1607.28,354.96,13.05,36.03,1,1,1.0
104,74,1491.72,492.14,93.67,169.84,1,1,1.0
104,76,1556.42,330.58,18.57,52.90,1,1,1.0
104,97,1826.48,281.42,92.31,129.36,1,1,1.0
104,98,606.67,626.37,22.89,31.58,1,1,1.0
104,100,177.27,352.78,21.86,30.63,1,1,1.0
105,59,0.52,0.00,172.13,237.20,1,1,1.0
105,60,180.44,20.98,45.06,123.22,1,1,1.0
105,65,885.06,529.65,31.13,44.19,1,1,1.0
105,66,1515.51,203.07,60.11,128.15,1,1,1.0
105,67,875.64,492.71,26.34,31.72,1,1,1.0
105,68,201.35,465.40,23.66,23.27,1,1,1.0
105,69,189.88,442.42,21.11,32.71,1,1,1.0
105,71,1598.27,353.26,13.05,36.03,1,1,1.0
105,74,1486.73,491.13,93.10,169.84,1,1,1.0
105,76,1547.19,328.46,18.56,52.90,1,1,1.0
105,97,1820.80,279.21,97.88,138.87,1,1,1.0
105,98,602.24,626.09,23.73,32.31,1,1,1.0
105,100,171.90,351.59,23.80,31.07,1,1,1.0
106,59,0.32,0.24,149.85,229.76,1,1,1.0
106,60,167.78,18.65,45.01,123.81,1,1,1.0
106,65,880.07,528.79,30.54,44.56,1,1,1.0
106,66,1495.72,201.33,59.95,127.42,1,1,1.0
106,67,871.95,492.13,26.62,32.01,1,1,1.0
106,68,197.50,465.13,23.52,23.27,1,1,1.0
106,69,185.26,441.67,21.11,32.71,1,1,1.0
106,71,1586.09,351.57,13.05,36.02,1,1,1.0
106,74,1474.07,490.13,92.53,169.83,1,1,1.0
106,76,1535.36,327.59,18.57,52.90,1,1,1.0
106,97,1808.48,279.49,111.52,143.22,1,1,1.0
106,98,595.38,624.38,22.52,31.48,1,1,1.0
106,100,165.60,350.40,22.83,31.51,1,1,1.0
107,59,0.32,0.24,139.78,219.66,1,1,1.0
107,60,155.11,16.32,44.97,124.40,1,1,1.0
107,65,877.06,527.31,31.12,45.33,1,1,1.0
107,66,1485.12,195.99,60.62,134.26,1,1,1.0
107,67,868.26,491.54,26.91,32.31,1,1,1.0
107,68,192.84,463.69,21.86,22.41,1,1,1.0
107,69,180.64,440.91,21.11,32.72,1,1,1.0
107,71,1573.92,349.87,13.05,36.02,1,1,1.0
107,74,1466.82,489.21,92.53,169.83,1,1,1.0
107,76,1523.54,326.71,18.56,52.90,1,1,1.0
107,97,1803.39,279.05,116.61,142.65,1,1,1.0
107,98,591.29,624.19,22.52,31.62,1,1,1.0
107,100,161.40,349.33,23.05,32.21,1,1,1.0
108,59,0.32,0.24,126.78,215.36,1,1,1.0
108,60,142.45,13.99,44.92,124.99,1,1,1.0
108,65,874.56,527.29,29.03,43.94,1,1,1.0
108,66,1475.38,195.24,60.46,133.56,1,1,1.0
108,67,864.56,490.96,27.20,32.60,1,1,1.0
108,68,187.64,464.05,19.76,20.65,1,1,1.0
108,69,176.01,440.16,21.12,32.71,1,1,1.0
108,71,1561.74,348.17,13.06,36.03,1,1,1.0
108,74,1459.57,488.29,92.52,169.83,1,1,1.0
108,76,1511.71,325.84,18.57,52.90,1,1,1.0
108,97,1796.77,278.51,123.23,142.65,1,1,1.0
108,98,586.49,624.09,22.30,32.24,1,1,1.0
108,100,157.20,348.27,23.28,32.90,1,1,1.0
109,59,0.32,0.24,119.48,206.66,1,1,1.0
109,60,129.78,11.66,44.88,125.58,1,1,1.0
109,65,870.44,527.59,31.02,43.96,1,1,1.0
109,66,1465.63,194.49,60.31,132.86,1,1,1.0
109,67,860.87,490.37,27.48,32.91,1,1,1.0
109,69,173.43,439.73,14.27,32.71,1,1,1.0
109,71,1549.57,346.47,13.05,36.03,1,1,1.0
109,72,1891.75,24.23,28.25,92.52,1,1,1.0
109,74,1452.31,487.36,92.53,169.84,1,1,1.0
109,76,1499.88,324.96,18.57,52.90,1,1,1.0
109,97,1792.15,278.28,127.85,144.11,1,1,1.0
109,98,583.75,623.82,21.68,31.70,1,1,1.0
109,100,153.00,347.20,23.50,33.60,1,1,1.0
110,59,0.32,0.24,106.58,183.56,1,1,1.0
110,60,117.11,9.33,44.83,126.17,1,1,1.0
110,65,866.03,527.80,31.55,43.29,1,1,1.0
110,66,1455.53,193.41,60.29,134.97,1,1,1.0
110,67,857.18,489.79,27.77,33.20,1,1,1.0
110,71,1537.75,345.00,13.05,36.03,1,1,1.0
110,72,1885.84,38.50,34.16,81.60,1,1,1.0
110,74,1445.06,486.44,92.53,169.84,1,1,1.0
110,76,1488.13,322.98,18.57,52.90,1,1,1.0
110,97,1785.64,275.69,134.36,148.62,1,1,1.0
110,98,577.76,623.31,23.56,32.21,1,1,1.0
110,100,149.20,345.94,23.30,33.86,1,1,1.0
111,59,0.32,0.24,84.88,159.06,1,1,1.0
111,60,104.45,7.00,44.78,126.76,1,1,1.0
111,65,860.91,528.05,30.67,42.74,1,1,1.0
111,66,1442.63,191.73,60.06,134.87,1,1,1.0
111,67,853.48,489.21,28.06,33.49,1,1,1.0
111,71,1525.93,343.53,13.05,36.03,1,1,1.0
111,72,1875.24,40.52,44.76,88.05,1,1,1.0
111,74,1437.81,485.52,92.53,169.84,1,1,1.0
111,76,1476.37,321.00,18.57,52.90,1,1,1.0
111,97,1773.06,275.64,145.50,147.39,1,1,1.0
111,98,569.79,622.70,21.61,32.84,1,1,1.0
111,100,139.61,342.40,24.69,35.70,1,1,1.0
112,59,0.32,0.24,71.88,159.06,1,1,1.0
112,60,91.78,4.66,44.74,127.36,1,1,1.0
112,65,856.35,527.02,31.27,43.58,1,1,1.0
112,66,1429.73,190.04,59.83,134.78,1,1,1.0
112,67,849.79,488.62,28.34,33.79,1,1,1.0
112,71,1514.11,342.06,13.05,36.03,1,1,1.0
112,72,1867.64,39.91,52.36,88.04,1,1,1.0
112,74,1431.67,485.19,92.53,169.83,1,1,1.0
112,76,1464.62,319.02,18.57,52.90,1,1,1.0
112,97,1767.65,274.02,147.10,150.50,1,1,1.0
112,98,564.84,622.44,23.32,32.89,1,1,1.0
112,100,135.10,342.88,24.46,34.98,1,1,1.0
113,59,0.32,0.24,64.68,150.36,1,1,1.0
113,60,79.12,2.33,44.69,127.95,1,1,1.0
113,65,851.83,526.97,32.16,43.09,1,1,1.0
113,66,1416.83,188.36,59.60,134.67,1,1,1.0
113,67,846.10,488.04,28.63,34.08,1,1,1.0
113,71,1504.72,341.30,13.05,36.02,1,1,1.0
113,72,1862.00,38.53,58.00,90.52,1,1,1.0
113,74,1425.53,484.85,92.53,169.84,1,1,1.0
113,76,1455.16,318.07,18.57,52.90,1,1,1.0
113,97,1763.01,275.13,146.20,149.41,1,1,1.0
113,98,560.39,622.56,23.55,32.63,1,1,1.0
113,100,130.60,343.35,24.22,34.27,1,1,1.0
114,59,0.32,0.24,50.28,138.86,1,1,1.0
114,60,66.45,0.00,44.65,128.54,1,1,1.0
114,65,849.87,526.83,31.27,43.85,1,1,1.0
114,66,1408.96,182.25,59.36,134.57,1,1,1.0
114,67,842.41,487.46,28.91,34.37,1,1,1.0
114,71,1495.32,340.53,13.06,36.03,1,1,1.0
114,72,1858.48,40.36,61.18,91.71,1,1,1.0
114,74,1419.39,484.52,92.53,169.83,1,1,1.0
114,76,1445.70,317.11,18.57,52.90,1,1,1.0
114,97,1756.31,273.30,145.17,151.92,1,1,1.0
114,98,554.94,621.89,23.25,32.59,1,1,1.0
114,100,126.10,343.83,23.99,33.55,1,1,1.0
115,59,0.32,0.24,43.08,122.96,1,1,1.0
115,60,50.40,0.00,48.81,117.60,1,1,1.0
115,65,846.42,527.14,31.79,43.54,1,1,1.0
115,66,1397.60,180.88,59.13,134.48,1,1,1.0
115,67,838.71,486.87,29.20,34.67,1,1,1.0
115,71,1485.93,339.76,13.06,36.03,1,1,1.0
115,72,1853.51,40.22,64.78,94.62,1,1,1.0
115,74,1413.25,484.18,92.53,169.83,1,1,1.0
115,76,1436.25,316.15,18.57,52.90,1,1,1.0
115,97,1749.27,272.60,146.29,152.08,1,1,1.0
115,98,549.67,622.85,23.19,32.50,1,1,1.0
115,100,121.60,344.30,23.75,32.84,1,1,1.0
116,59,0.32,0.24,18.58,122.96,1,1,1.0
116,60,33.60,0.11,48.80,117.60,1,1,1.0
116,65,838.17,527.24,32.17,43.20,1,1,1.0
116,66,1377.04,179.51,58.89,134.38,1,1,1.0
116,67,835.02,486.29,29.49,34.97,1,1,1.0
116,71,1473.03,338.16,13.05,36.03,1,1,1.0
116,72,1842.27,40.34,64.69,98.01,1,1,1.0
116,74,1402.79,484.28,92.53,169.83,1,1,1.0
116,76,1422.77,314.04,18.57,52.90,1,1,1.0
116,97,1737.60,273.57,146.58,148.39,1,1,1.0
116,98,540.82,621.66,23.13,32.41,1,1,1.0
116,100,112.40,343.77,24.50,33.47,1,1,1.0
117,60,16.80,0.21,48.79,117.60,1,1,1.0
117,65,835.23,527.16,30.65,43.32,1,1,1.0
117,66,1364.23,181.10,58.66,134.28,1,1,1.0
117,67,831.33,485.71,29.77,35.26,1,1,1.0
117,71,1460.12,336.57,13.05,36.02,1,1,1.0
117,72,1836.35,40.07,64.61,97.33,1,1,1.0
117,74,1392.33,484.37,92.53,169.84,1,1,1.0
117,76,1409.29,311.93,18.56,52.90,1,1,1.0
117,97,1730.40,274.10,144.92,148.80,1,1,1.0
117,98,536.11,621.04,22.45,32.82,1,1,1.0
117,100,106.36,343.23,25.24,34.11,1,1,1.0
118,60,0.00,0.32,48.79,117.60,1,1,1.0
118,65,831.61,527.07,31.75,43.13,1,1,1.0
118,66,1355.58,177.99,58.44,134.18,1,1,1.0
118,67,826.65,485.65,29.26,35.28,1,1,1.0
118,71,1447.21,334.97,13.06,36.03,1,1,1.0
118,72,1831.18,38.50,64.62,96.40,1,1,1.0
118,74,1385.52,483.22,92.53,169.84,1,1,1.0
118,76,1395.80,309.82,18.57,52.90,1,1,1.0
118,97,1722.73,272.91,145.30,149.83,1,1,1.0
118,98,531.10,621.61,23.06,32.11,1,1,1.0
118,100,103.21,342.48,24.79,35.00,1,1,1.0
119,60,0.00,0.32,31.10,117.60,1,1,1.0
119,65,828.16,526.65,29.82,41.36,1,1,1.0
119,66,1341.77,175.76,58.20,134.08,1,1,1.0
119,67,821.98,485.60,28.74,35.30,1,1,1.0
119,71,1432.21,332.19,13.06,36.03,1,1,1.0
119,72,1824.99,39.07,64.96,96.85,1,1,1.0
119,74,1378.71,482.07,92.53,169.84,1,1,1.0
119,76,1382.20,306.42,18.56,52.90,1,1,1.0
119,97,1717.22,271.66,141.74,151.07,1,1,1.0
119,98,524.90,620.62,23.78,33.54,1,1,1.0
119,100,97.17,342.51,25.43,32.79,1,1,1.0
120,65,822.24,526.56,32.34,42.26,1,1,1.0
120,66,1327.96,173.53,57.96,133.99,1,1,1.0
120,67,817.31,485.55,28.22,35.32,1,1,1.0
120,71,1417.22,329.41,13.05,36.03,1,1,1.0
120,72,1818.81,37.07,65.01,100.86,1,1,1.0
120,74,1371.04,480.92,92.52,169.83,1,1,1.0
120,76,1368.59,303.02,18.57,52.90,1,1,1.0
120,97,1709.84,271.82,144.43,150.50,1,1,1.0
120,98,520.32,620.06,22.97,33.50,1,1,1.0
120,100,90.87,341.27,26.23,34.93,1,1,1.0
121,65,816.62,526.55,31.59,42.75,1,1,1.0
121,66,1306.02,172.23,57.73,133.89,1,1,1.0
121,67,812.64,485.50,27.70,35.34,1,1,1.0
121,71,1402.22,326.63,13.05,36.03,1,1,1.0
121,72,1808.85,36.20,63.36,101.14,1,1,1.0
121,74,1360.48,479.77,92.53,169.83,1,1,1.0
121,76,1354.98,299.62,18.57,52.90,1,1,1.0
121,97,1696.73,269.86,143.16,151.28,1,1,1.0
121,98,509.52,619.90,24.14,33.67,1,1,1.0
121,100,81.54,341.61,25.66,31.99,1,1,1.0
122,65,813.82,526.24,29.63,41.62,1,1,1.0
122,66,1293.57,169.45,57.51,133.79,1,1,1.0
122,67,807.96,485.45,27.19,35.35,1,1,1.0
122,71,1387.22,323.85,13.05,36.03,1,1,1.0
122,72,1803.20,35.01,63.63,101.56,1,1,1.0
122,74,1349.93,478.62,92.53,169.83,1,1,1.0
122,76,1341.37,296.21,18.57,52.90,1,1,1.0
122,97,1689.66,269.73,142.91,151.27,1,1,1.0
122,98,505.08,619.24,23.65,33.73,1,1,1.0
122,100,77.63,340.55,25.77,33.05,1,1,1.0
123,65,807.62,525.79,32.17,43.13,1,1,1.0
123,66,1275.96,169.87,57.27,133.69,1,1,1.0
123,67,803.29,485.40,26.67,35.37,1,1,1.0
123,71,1373.73,322.83,11.77,34.49,1,1,1.0
123,72,1797.53,35.71,62.18,100.00,1,1,1.0
123,74,1341.10,477.46,92.53,169.84,1,1,1.0
123,76,1328.85,296.21,18.56,52.90,1,1,1.0
123,97,1682.57,269.16,142.65,146.68,1,1,1.0
123,98,499.39,618.17,24.57,34.57,1,1,1.0
123,100,73.40,339.90,25.22,34.30,1,1,1.0
124,65,804.53,525.44,31.13,43.28,1,1,1.0
124,66,1262.78,168.52,57.04,133.59,1,1,1.0
124,67,798.62,485.35,26.15,35.39,1,1,1.0
124,71,1360.24,321.81,10.49,32.95,1,1,1.0
124,72,1790.46,35.73,62.60,100.53,1,1,1.0
124,74,1333.04,477.75,92.53,169.84,1,1,1.0
124,76,1316.32,296.21,18.57,52.90,1,1,1.0
124,97,1673.55,268.09,143.62,147.60,1,1,1.0
124,98,494.03,617.69,23.38,34.52,1,1,1.0
124,100,66.82,339.69,28.06,34.79,1,1,1.0
125,65,801.21,525.92,31.48,42.91,1,1,1.0
125,66,1249.97,167.17,56.81,133.49,1,1,1.0
125,67,793.94,485.30,25.64,35.40,1,1,1.0
125,71,1346.76,320.79,9.20,31.41,1,1,1.0
125,72,1783.64,34.54,62.85,101.83,1,1,1.0
125,74,1324.99,478.04,92.52,169.84,1,1,1.0
125,76,1303.80,296.21,18.57,52.90,1,1,1.0
125,97,1664.47,268.74,143.73,148.89,1,1,1.0
125,98,487.45,617.42,25.15,35.06,1,1,1.0
125,100,61.79,338.97,29.05,35.84,1,1,1.0
126,65,791.46,525.60,32.09,43.51,1,1,1.0
126,66,1220.42,159.91,56.57,133.39,1,1,1.0
126,67,789.27,485.25,25.12,35.42,1,1,1.0
126,71,1327.79,320.02,9.85,31.41,1,1,1.0
126,72,1770.36,35.75,62.13,100.23,1,1,1.0
126,74,1311.17,477.46,92.53,169.84,1,1,1.0
126,76,1284.68,297.71,17.17,51.93,1,1,1.0
126,97,1648.31,266.92,139.06,146.02,1,1,1.0
126,98,476.97,617.93,23.80,34.24,1,1,1.0
126,100,50.50,338.97,25.90,33.63,1,1,1.0
127,65,787.69,526.30,31.32,41.95,1,1,1.0
127,66,1204.16,161.51,56.34,133.30,1,1,1.0
127,67,784.60,485.20,24.60,35.44,1,1,1.0
127,71,1308.83,319.25,10.50,31.42,1,1,1.0
127,72,1761.65,35.62,62.80,99.69,1,1,1.0
127,74,1297.36,476.89,92.52,169.83,1,1,1.0
127,76,1265.56,299.21,15.77,50.96,1,1,1.0
127,97,1637.81,267.72,136.30,142.52,1,1,1.0
127,98,470.10,617.62,24.23,34.90,1,1,1.0
127,100,44.82,338.17,27.60,35.40,1,1,1.0
128,65,783.36,525.68,29.33,42.23,1,1,1.0
128,66,1187.90,163.11,56.11,133.20,1,1,1.0
128,67,776.50,487.50,24.11,33.79,1,1,1.0
128,70,1726.92,362.91,57.76,144.36,1,1,1.0
128,71,1289.86,318.49,11.15,31.41,1,1,1.0
128,72,1753.70,37.34,62.71,99.31,1,1,1.0
128,74,1287.19,476.51,92.52,169.83,1,1,1.0
128,76,1246.44,300.70,14.38,50.00,1,1,1.0
128,97,1627.98,269.41,135.66,140.86,1,1,1.0
128,98,463.24,617.74,23.26,34.64,1,1,1.0
128,100,38.12,337.82,25.78,34.47,1,1,1.0
129,65,775.99,526.63,31.27,42.05,1,1,1.0
129,66,1171.30,167.86,53.53,128.01,1,1,1.0
129,67,768.40,489.79,23.63,32.15,1,1,1.0
129,68,68.17,460.45,23.43,21.44,1,1,1.0
129,70,1705.93,360.01,58.22,150.01,1,1,1.0
129,71,1270.90,317.72,11.80,31.41,1,1,1.0
129,72,1745.78,36.98,60.57,99.42,1,1,1.0
129,74,1277.02,476.12,92.52,169.84,1,1,1.0
129,76,1227.32,302.20,12.98,49.02,1,1,1.0
129,97,1618.46,269.01,139.32,143.04,1,1,1.0
129,98,455.20,617.41,23.82,34.99,1,1,1.0
129,100,30.30,338.12,25.50,33.68,1,1,1.0
130,65,771.00,526.72,30.41,42.69,1,1,1.0
130,66,1154.19,166.27,51.42,127.37,1,1,1.0
130,67,760.30,492.09,23.14,30.50,1,1,1.0
130,68,57.20,460.45,26.40,21.44,1,1,1.0
130,70,1677.96,360.36,58.22,150.01,1,1,1.0
130,71,1254.61,318.10,11.80,31.42,1,1,1.0
130,72,1737.92,39.19,58.25,97.61,1,1,1.0
130,74,1266.85,475.74,92.52,169.83,1,1,1.0
130,76,1208.73,299.71,12.98,49.02,1,1,1.0
130,97,1603.27,272.13,136.21,140.27,1,1,1.0
130,98,447.45,618.19,23.33,34.35,1,1,1.0
130,100,21.73,335.34,25.05,36.61,1,1,1.0
131,65,755.44,526.89,31.06,42.82,1,1,1.0
131,66,1113.79,165.10,54.74,132.39,1,1,1.0
131,67,752.20,494.39,22.66,28.85,1,1,1.0
131,70,1650.00,360.70,58.22,150.01,1,1,1.0
131,71,1214.74,318.29,11.80,31.42,1,1,1.0
131,72,1715.62,42.73,60.15,96.96,1,1,1.0
131,74,1248.62,476.89,92.52,168.68,1,1,1.0
131,76,1173.65,297.60,12.98,49.02,1,1,1.0
131,97,1588.08,275.25,133.10,137.49,1,1,1.0
131,98,427.49,619.42,24.66,33.82,1,1,1.0
131,100,2.78,336.30,25.05,34.70,1,1,1.0
132,65,745.60,527.71,32.57,43.76,1,1,1.0
132,66,1092.49,166.87,54.20,130.48,1,1,1.0
132,67,744.10,496.68,22.17,27.22,1,1,1.0
132,70,1622.03,361.05,58.22,150.01,1,1,1.0
132,71,1189.65,317.21,12.16,32.08,1,1,1.0
132,72,1708.48,42.98,55.28,96.12,1,1,1.0
132,74,1230.39,478.05,92.53,167.52,1,1,1.0
132,76,1155.13,300.45,12.98,49.02,1,1,1.0
132,97,1572.89,278.38,129.99,134.71,1,1,1.0
132,98,417.41,620.51,23.54,33.13,1,1,1.0
132,100,0.53,336.62,16.37,34.70,1,1,1.0
133,65,737.50,528.59,32.28,43.87,1,1,1.0
133,66,1069.78,165.11,55.80,125.28,1,1,1.0
133,67,736.00,498.98,21.69,25.57,1,1,1.0
133,70,1594.06,361.39,58.22,150.01,1,1,1.0
133,71,1164.56,316.13,12.52,32.75,1,1,1.0
133,72,1691.98,44.98,59.81,98.72,1,1,1.0
133,73,1866.93,622.47,38.35,92.68,1,1,1.0
133,74,1212.16,479.20,92.53,166.37,1,1,1.0
133,76,1133.52,300.61,13.51,49.79,1,1,1.0
133,97,1557.70,281.50,126.89,131.93,1,1,1.0
133,98,405.17,620.46,24.70,35.12,1,1,1.0
134,65,726.46,528.46,32.65,44.13,1,1,1.0
134,66,1046.01,170.18,57.20,126.22,1,1,1.0
134,67,727.90,501.28,21.20,23.92,1,1,1.0
134,70,1557.12,362.77,58.22,150.01,1,1,1.0
134,71,1139.47,315.05,12.87,33.41,1,1,1.0
134,72,1678.95,45.19,59.91,99.59,1,1,1.0
134,73,1849.35,617.67,38.35,92.68,1,1,1.0
134,74,1192.21,477.86,92.52,166.37,1,1,1.0
134,76,1111.91,300.78,14.04,50.55,1,1,1.0
134,97,1541.50,287.20,127.57,125.72,1,1,1.0
134,98,392.87,620.81,25.47,34.97,1,1,1.0
135,66,1020.76,162.69,58.60,127.16,1,1,1.0
135,67,714.89,500.45,21.44,24.25,1,1,1.0
135,70,1520.18,364.16,58.22,150.01,1,1,1.0
135,71,1114.38,313.97,13.23,34.08,1,1,1.0
135,72,1669.96,45.19,50.26,99.59,1,1,1.0
135,73,1817.39,615.28,38.35,92.68,1,1,1.0
135,74,1172.25,476.51,92.53,166.38,1,1,1.0
135,76,1081.28,297.69,14.56,51.32,1,1,1.0
135,97,1525.30,292.90,128.24,119.50,1,1,1.0
135,98,383.60,624.40,23.60,31.10,1,1,1.0
136,8,696.96,528.49,32.22,46.08,1,1,1.0
136,66,971.88,158.15,60.00,128.11,1,1,1.0
136,67,701.89,499.63,21.67,24.57,1,1,1.0
136,70,1483.23,365.54,58.22,150.01,1,1,1.0
136,71,1089.29,312.89,13.59,34.75,1,1,1.0
136,72,1644.40,45.19,40.60,99.59,1,1,1.0
136,73,1785.43,612.88,38.35,92.68,1,1,1.0
136,74,1152.29,475.17,92.53,166.37,1,1,1.0
136,76,1050.64,294.60,15.10,52.08,1,1,1.0
136,97,1502.15,300.35,125.48,109.80,1,1,1.0
136,98,357.79,624.06,24.61,33.04,1,1,1.0
137,8,685.76,527.72,33.39,44.78,1,1,1.0
137,66,949.81,152.34,57.24,129.45,1,1,1.0
137,67,688.88,498.81,21.91,24.90,1,1,1.0
137,70,1446.29,366.92,58.22,150.01,1,1,1.0
137,73,1766.26,610.75,38.35,92.68,1,1,1.0
137,74,1137.65,474.88,90.48,166.37,1,1,1.0
137,76,1020.01,291.51,15.62,52.85,1,1,1.0
137,97,1479.00,307.80,122.72,100.11,1,1,1.0
137,98,344.61,622.81,23.09,31.49,1,1,1.0
138,8,677.20,528.54,32.09,43.42,1,1,1.0
138,66,927.15,154.48,56.59,126.48,1,1,1.0
138,67,675.87,497.99,22.15,25.22,1,1,1.0
138,70,1421.43,362.77,58.22,150.01,1,1,1.0
138,73,1747.08,608.62,38.35,92.68,1,1,1.0
138,74,1123.00,474.59,88.44,166.38,1,1,1.0
138,76,999.82,279.88,16.16,53.61,1,1,1.0
138,97,1467.95,314.70,105.46,88.37,1,1,1.0
138,98,332.30,623.90,21.54,31.11,1,1,1.0
139,8,666.79,528.61,33.04,44.09,1,1,1.0
139,66,903.12,142.04,58.30,137.95,1,1,1.0
139,67,662.87,497.17,22.38,25.54,1,1,1.0
139,70,1396.57,358.63,58.22,150.01,1,1,1.0
139,73,1727.91,606.49,38.35,92.68,1,1,1.0
139,74,1104.39,474.02,88.43,166.37,1,1,1.0
139,76,977.50,277.55,14.50,54.37,1,1,1.0
139,77,1821.07,323.66,15.98,59.12,1,1,1.0
139,97,1456.90,321.60,88.20,76.64,1,1,1.0
139,98,317.09,619.03,25.44,35.48,1,1,1.0
140,66,877.18,144.37,59.75,129.22,1,1,1.0
140,67,649.23,495.44,22.57,27.47,1,1,1.0
140,70,1365.50,351.04,58.22,150.01,1,1,1.0
140,73,1699.41,609.12,38.35,92.68,1,1,1.0
140,74,1085.78,473.44,88.43,166.37,1,1,1.0
140,76,954.04,272.37,16.12,51.53,1,1,1.0
140,77,1807.75,322.39,15.98,59.13,1,1,1.0
140,97,1433.43,316.77,88.19,76.63,1,1,1.0
140,98,304.21,618.92,24.68,34.99,1,1,1.0
141,66,835.83,134.88,58.05,128.56,1,1,1.0
141,67,635.59,493.71,22.76,29.40,1,1,1.0
141,70,1323.38,343.44,58.22,150.01,1,1,1.0
141,73,1670.91,611.74,38.35,92.68,1,1,1.0
141,74,1067.16,472.87,88.44,166.37,1,1,1.0
141,76,913.48,272.89,17.74,55.91,1,1,1.0
141,77,1777.92,325.25,15.98,59.13,1,1,1.0
141,95,635.74,529.72,31.48,44.82,1,1,1.0
141,98,276.99,619.88,23.92,34.51,1,1,1.0
142,66,814.43,132.05,56.34,127.90,1,1,1.0
142,67,621.95,491.99,22.95,31.32,1,1,1.0
142,70,1299.90,347.58,58.22,150.01,1,1,1.0
142,73,1654.40,608.09,38.35,92.68,1,1,1.0
142,74,1052.39,472.10,88.44,166.37,1,1,1.0
142,76,891.15,268.23,18.27,56.67,1,1,1.0
142,77,1764.34,328.45,15.98,59.12,1,1,1.0
142,95,624.45,530.06,32.87,46.73,1,1,1.0
142,98,264.56,620.36,23.88,34.55,1,1,1.0
143,66,793.02,129.21,54.64,127.24,1,1,1.0
143,67,608.31,490.26,23.14,33.25,1,1,1.0
143,70,1273.66,338.61,58.22,150.01,1,1,1.0
143,73,1637.83,605.32,38.35,92.68,1,1,1.0
143,74,1037.61,471.33,88.44,166.37,1,1,1.0
143,76,868.82,263.56,18.80,57.44,1,1,1.0
143,77,1750.76,331.65,15.98,59.12,1,1,1.0
143,95,613.36,530.36,33.97,44.82,1,1,1.0
143,98,250.50,620.18,24.38,35.04,1,1,1.0
144,66,769.42,119.26,59.91,133.52,1,1,1.0
144,67,594.68,488.53,23.32,35.17,1,1,1.0
144,70,1247.42,329.63,58.22,150.01,1,1,1.0
144,73,1621.26,602.56,38.35,92.68,1,1,1.0
144,74,1022.84,470.56,88.44,166.38,1,1,1.0
144,76,846.49,258.90,19.33,58.20,1,1,1.0
144,77,1736.68,329.95,16.06,58.84,1,1,1.0
144,78,1904.35,562.43,15.65,122.59,1,1,1.0
144,92,1847.18,875.98,72.82,120.17,1,1,1.0
144,95,601.68,531.36,34.43,45.20,1,1,1.0
144,98,236.44,620.00,24.88,35.53,1,1,1.0
145,66,750.85,114.59,56.81,131.39,1,1,1.0
145,67,581.04,486.81,23.51,37.09,1,1,1.0
145,70,1221.18,320.65,58.22,150.01,1,1,1.0
145,73,1604.69,599.80,38.35,92.68,1,1,1.0
145,74,1006.15,468.84,88.43,166.37,1,1,1.0
145,76,829.27,254.00,19.85,58.96,1,1,1.0
145,77,1724.92,331.61,16.13,58.56,1,1,1.0
145,78,1891.78,577.33,28.22,116.22,1,1,1.0
145,92,1834.48,872.73,83.52,122.94,1,1,1.0
145,95,592.65,530.92,33.47,46.49,1,1,1.0
145,98,223.46,618.39,25.37,36.02,1,1,1.0
146,66,712.22,95.50,56.60,132.24,1,1,1.0
146,67,567.40,485.08,23.70,39.02,1,1,1.0
146,70,1194.94,311.68,58.22,150.01,1,1,1.0
146,73,1578.44,590.82,38.35,100.98,1,1,1.0
146,74,989.45,467.11,88.44,166.37,1,1,1.0
146,76,793.52,244.82,20.39,59.73,1,1,1.0
146,77,1700.78,329.14,16.21,58.29,1,1,1.0
146,78,1865.88,573.77,54.12,131.20,1,1,1.0
146,92,1809.48,873.89,83.76,119.17,1,1,1.0
146,95,572.74,530.57,33.31,44.95,1,1,1.0
146,98,195.78,616.78,25.87,36.51,1,1,1.0
147,66,693.29,92.17,56.38,133.09,1,1,1.0
147,67,557.39,484.88,23.82,39.38,1,1,1.0
147,70,1175.05,307.53,58.22,150.01,1,1,1.0
147,73,1566.02,595.66,38.35,92.68,1,1,1.0
147,74,972.76,465.38,88.44,166.38,1,1,1.0
147,76,776.51,241.21,20.91,60.49,1,1,1.0
147,77,1690.14,329.45,16.29,58.01,1,1,1.0
147,78,1854.82,574.45,65.18,125.84,1,1,1.0
147,92,1797.25,873.01,82.21,121.23,1,1,1.0
147,95,563.16,530.39,33.36,46.91,1,1,1.0
147,98,185.17,617.44,24.44,35.06,1,1,1.0
148,66,674.36,88.83,56.16,133.94,1,1,1.0
148,67,547.39,484.68,23.93,39.74,1,1,1.0
148,70,1155.17,303.39,58.22,150.01,1,1,1.0
148,71,804.38,257.53,17.88,42.74,1,1,1.0
148,73,1551.51,592.20,38.35,98.20,1,1,1.0
148,74,960.48,465.00,88.44,166.37,1,1,1.0
148,76,759.50,237.59,21.44,61.26,1,1,1.0
148,77,1679.50,329.76,16.37,57.73,1,1,1.0
148,78,1842.48,574.46,77.52,124.74,1,1,1.0
148,92,1784.35,872.15,83.64,121.23,1,1,1.0
148,95,553.28,529.15,33.90,45.82,1,1,1.0
148,98,172.44,616.88,24.21,35.32,1,1,1.0
149,66,655.43,85.50,55.94,134.79,1,1,1.0
149,67,537.38,484.48,24.05,40.10,1,1,1.0
149,70,1135.28,299.25,58.22,150.01,1,1,1.0
149,71,787.28,256.46,17.88,42.74,1,1,1.0
149,73,1537.01,588.75,38.35,92.68,1,1,1.0
149,74,948.20,464.62,88.44,166.37,1,1,1.0
149,75,980.85,0.00,65.14,48.11,1,1,1.0
149,76,741.69,234.38,21.44,61.26,1,1,1.0
149,77,1668.86,330.07,16.45,57.46,1,1,1.0
149,78,1831.14,575.18,85.83,125.33,1,1,1.0
149,92,1771.88,871.25,84.27,122.14,1,1,1.0
149,95,545.09,529.87,32.59,45.70,1,1,1.0
149,98,160.02,616.30,24.37,35.96,1,1,1.0
150,66,634.59,82.77,59.25,130.14,1,1,1.0
150,67,527.37,484.28,24.17,40.46,1,1,1.0
150,70,1115.39,295.10,58.22,150.01,1,1,1.0
150,71,770.19,255.39,17.87,42.74,1,1,1.0
150,73,1520.44,587.38,38.35,100.27,1,1,1.0
150,74,935.92,464.23,88.44,166.38,1,1,1.0
150,75,971.13,0.00,66.25,48.09,1,1,1.0
150,76,723.89,231.17,21.44,61.26,1,1,1.0
150,77,1658.05,330.28,16.53,57.18,1,1,1.0
150,78,1820.33,575.66,85.28,124.93,1,1,1.0
150,92,1762.25,872.14,82.79,122.58,1,1,1.0
150,95,534.87,530.09,33.07,46.51,1,1,1.0
150,98,147.76,616.06,23.79,35.84,1,1,1.0
151,66,603.90,70.12,62.48,136.03,1,1,1.0
151,67,517.37,484.08,24.28,40.82,1,1,1.0
151,70,1095.50,290.96,58.22,150.01,1,1,1.0
151,71,750.59,251.12,15.75,42.74,1,1,1.0
151,73,1503.87,586.00,38.35,107.86,1,1,1.0
151,74,921.53,462.52,88.44,168.93,1,1,1.0
151,75,952.07,0.00,64.90,44.85,1,1,1.0
151,76,702.87,226.54,21.44,61.26,1,1,1.0
151,77,1647.24,330.49,16.61,56.90,1,1,1.0
151,78,1799.88,576.36,87.00,124.44,1,1,1.0
151,92,1740.76,871.00,84.55,123.04,1,1,1.0
151,95,518.65,529.50,32.83,46.35,1,1,1.0
151,98,126.54,616.18,23.22,35.72,1,1,1.0
152,66,590.32,73.96,57.72,129.23,1,1,1.0
152,67,507.36,483.88,24.40,41.18,1,1,1.0
152,70,1081.30,289.97,58.22,153.56,1,1,1.0
152,71,731.00,246.85,13.61,42.74,1,1,1.0
152,73,1493.51,586.69,38.35,107.86,1,1,1.0
152,74,907.14,460.80,88.43,171.50,1,1,1.0
152,75,943.41,0.00,65.35,45.15,1,1,1.0
152,76,681.86,221.91,21.44,61.26,1,1,1.0
152,77,1636.43,330.70,16.69,56.62,1,1,1.0
152,78,1792.06,576.63,85.13,124.38,1,1,1.0
152,92,1733.98,871.95,82.23,122.69,1,1,1.0
152,95,508.86,529.86,34.30,45.95,1,1,1.0
152,98,115.77,616.23,23.11,35.92,1,1,1.0
153,66,576.30,62.73,60.21,138.17,1,1,1.0
153,67,497.35,483.68,24.52,41.54,1,1,1.0
153,70,1067.09,288.99,58.22,157.10,1,1,1.0
153,71,719.25,246.13,13.61,42.74,1,1,1.0
153,72,1428.17,73.89,46.04,70.28,1,1,1.0
153,73,1483.15,587.38,38.35,107.86,1,1,1.0
153,74,898.12,460.80,88.44,171.50,1,1,1.0
153,75,933.05,0.00,69.23,42.02,1,1,1.0
153,76,669.75,221.20,21.44,61.26,1,1,1.0
153,77,1625.62,330.91,16.76,56.34,1,1,1.0
153,78,1781.68,577.41,86.72,123.75,1,1,1.0
153,92,1723.10,871.73,82.48,121.88,1,1,1.0
153,95,502.44,529.46,32.69,46.62,1,1,1.0
153,98,104.90,615.41,23.59,36.64,1,1,1.0
154,66,565.96,64.70,60.48,134.24,1,1,1.0
154,67,487.35,483.49,24.63,41.89,1,1,1.0
154,70,1052.89,288.00,58.22,160.65,1,1,1.0
154,71,707.49,245.42,13.62,42.74,1,1,1.0
154,72,1418.21,72.66,47.97,72.68,1,1,1.0
154,73,1473.49,588.07,38.35,107.86,1,1,1.0
154,74,889.10,460.80,88.44,171.50,1,1,1.0
154,75,925.46,0.23,68.55,41.99,1,1,1.0
154,76,657.64,220.49,21.44,61.26,1,1,1.0
154,77,1614.81,331.12,16.84,56.06,1,1,1.0
154,78,1773.12,577.18,86.06,124.84,1,1,1.0
154,92,1713.44,870.65,83.27,123.19,1,1,1.0
154,95,494.32,529.20,32.96,46.22,1,1,1.0
154,98,96.34,616.44,22.31,35.12,1,1,1.0
155,66,552.87,66.56,59.30,131.50,1,1,1.0
155,67,477.34,483.29,24.75,42.25,1,1,1.0
155,70,1038.68,287.01,58.22,164.21,1,1,1.0
155,71,690.75,244.35,13.62,42.74,1,1,1.0
155,72,1405.87,70.95,52.09,76.79,1,1,1.0
155,73,1463.82,588.76,38.35,107.86,1,1,1.0
155,74,880.08,460.80,88.44,171.50,1,1,1.0
155,75,915.38,0.17,70.08,42.46,1,1,1.0
155,76,640.90,219.07,21.44,61.25,1,1,1.0
155,77,1604.82,332.70,16.93,55.78,1,1,1.0
155,78,1765.19,579.56,84.40,122.25,1,1,1.0
155,92,1706.12,872.79,80.92,121.93,1,1,1.0
155,95,486.54,529.43,32.54,46.24,1,1,1.0
155,98,85.33,616.13,23.41,36.25,1,1,1.0
156,66,528.65,64.97,58.56,133.73,1,1,1.0
156,67,467.33,483.09,24.87,42.61,1,1,1.0
156,70,1024.48,286.03,58.22,167.75,1,1,1.0
156,71,674.01,243.29,13.62,42.73,1,1,1.0
156,72,1388.61,73.40,53.79,77.41,1,1,1.0
156,73,1451.39,590.14,38.35,107.86,1,1,1.0
156,74,868.57,461.38,88.44,171.50,1,1,1.0
156,75,900.01,0.00,70.34,48.00,1,1,1.0
156,76,624.16,217.64,21.44,61.26,1,1,1.0
156,77,1594.84,334.28,17.00,55.50,1,1,1.0
156,78,1746.85,581.00,84.73,122.82,1,1,1.0
156,92,1687.70,871.13,80.65,124.97,1,1,1.0
156,95,471.21,531.15,32.19,45.30,1,1,1.0
156,98,65.67,617.15,22.63,35.76,1,1,1.0
157,66,514.74,64.97,58.69,135.56,1,1,1.0
157,67,460.04,482.79,24.88,42.65,1,1,1.0
157,70,1010.27,285.04,58.22,171.30,1,1,1.0
157,71,661.55,243.29,13.61,42.73,1,1,1.0
157,72,1378.82,74.12,55.51,79.65,1,1,1.0
157,73,1438.96,591.52,38.35,107.86,1,1,1.0
157,74,857.06,461.95,88.44,171.50,1,1,1.0
157,75,894.43,0.16,65.33,47.50,1,1,1.0
157,76,612.41,219.42,21.44,61.26,1,1,1.0
157,77,1584.86,335.85,17.08,55.23,1,1,1.0
157,78,1736.65,581.58,84.84,123.74,1,1,1.0
157,92,1677.49,874.54,82.16,122.55,1,1,1.0
157,95,462.60,531.09,33.86,46.14,1,1,1.0
157,98,55.05,616.82,23.08,36.34,1,1,1.0
158,66,501.94,65.84,57.99,132.84,1,1,1.0
158,67,452.76,482.49,24.88,42.70,1,1,1.0
158,70,996.07,284.05,58.22,174.85,1,1,1.0
158,71,649.08,243.29,13.61,42.73,1,1,1.0
158,72,1369.50,70.72,56.65,85.80,1,1,1.0
158,73,1428.61,593.59,38.35,107.86,1,1,1.0
158,74,845.55,462.53,88.43,171.50,1,1,1.0
158,75,885.77,0.14,67.44,48.39,1,1,1.0
158,76,600.65,221.20,21.45,61.26,1,1,1.0
158,77,1574.88,337.43,17.15,54.95,1,1,1.0
158,78,1728.63,583.10,84.14,122.23,1,1,1.0
158,92,1668.41,874.20,81.35,122.86,1,1,1.0
158,95,455.85,531.45,32.09,45.69,1,1,1.0
158,98,44.54,617.47,23.32,36.12,1,1,1.0
159,66,488.49,61.28,62.48,138.33,1,1,1.0
159,67,445.47,482.19,24.90,42.74,1,1,1.0
159,70,980.88,283.36,58.22,174.85,1,1,1.0
159,71,632.70,241.15,13.61,42.74,1,1,1.0
159,72,1361.90,69.77,55.73,88.47,1,1,1.0
159,73,1418.25,595.67,38.35,107.86,1,1,1.0
159,74,836.62,462.82,88.44,171.49,1,1,1.0
159,75,876.64,0.00,67.97,48.86,1,1,1.0
159,76,584.03,218.59,21.44,61.26,1,1,1.0
159,77,1564.89,339.01,17.24,54.67,1,1,1.0
159,78,1720.28,583.97,82.87,121.75,1,1,1.0
159,92,1660.27,875.58,80.36,121.35,1,1,1.0
159,95,446.68,531.08,34.51,46.14,1,1,1.0
159,98,34.95,617.71,23.30,35.70,1,1,1.0
160,66,475.25,54.80,58.95,143.45,1,1,1.0
160,67,438.18,481.90,24.91,42.78,1,1,1.0
160,70,965.68,282.67,58.22,174.85,1,1,1.0
160,71,616.32,239.01,13.61,42.74,1,1,1.0
160,72,1354.30,67.74,57.33,90.21,1,1,1.0
160,73,1403.06,594.98,38.35,107.86,1,1,1.0
160,74,827.70,463.10,88.44,171.50,1,1,1.0
160,75,868.11,0.00,68.15,48.31,1,1,1.0
160,76,567.41,215.98,21.44,61.26,1,1,1.0
160,77,1556.98,339.15,17.32,54.39,1,1,1.0
160,78,1711.26,584.32,84.32,121.41,1,1,1.0
160,92,1650.36,875.98,81.89,121.41,1,1,1.0
160,95,440.94,531.86,32.45,45.47,1,1,1.0
160,98,25.37,617.33,23.12,36.39,1,1,1.0
161,66,448.43,53.59,56.07,143.22,1,1,1.0
161,67,430.89,481.60,24.92,42.82,1,1,1.0
161,70,950.49,281.98,58.22,174.85,1,1,1.0
161,71,599.93,236.88,13.61,42.73,1,1,1.0
161,72,1340.83,63.86,56.39,93.90,1,1,1.0
161,73,1387.87,594.29,38.35,107.85,1,1,1.0
161,74,814.75,462.82,89.87,173.53,1,1,1.0
161,75,854.08,0.21,68.22,45.39,1,1,1.0
161,76,550.79,213.37,21.44,61.26,1,1,1.0
161,77,1549.08,339.29,17.39,54.11,1,1,1.0
161,78,1693.95,583.95,84.44,122.34,1,1,1.0
161,92,1634.64,875.70,78.50,122.02,1,1,1.0
161,95,426.37,529.52,32.82,47.05,1,1,1.0
161,98,6.96,616.90,24.38,36.20,1,1,1.0
161,101,1400.61,326.77,29.68,40.89,1,1,1.0
162,66,436.29,48.63,56.51,147.73,1,1,1.0
162,67,423.61,481.30,24.92,42.87,1,1,1.0
162,70,935.30,281.29,58.22,174.85,1,1,1.0
162,71,588.54,235.93,13.61,42.73,1,1,1.0
162,72,1334.44,62.35,56.50,95.15,1,1,1.0
162,73,1380.27,592.90,38.35,107.86,1,1,1.0
162,74,801.80,462.53,91.30,175.57,1,1,1.0
162,75,845.41,0.28,69.36,45.94,1,1,1.0
162,76,539.16,212.65,21.44,61.26,1,1,1.0
162,77,1541.17,339.42,17.47,53.84,1,1,1.0
162,78,1688.26,583.92,82.84,121.75,1,1,1.0
162,92,1627.78,874.15,78.82,123.50,1,1,1.0
162,95,419.81,528.27,32.70,47.42,1,1,1.0
162,98,0.00,616.97,22.57,36.33,1,1,1.0
162,101,1394.68,328.56,30.26,40.54,1,1,1.0
163,66,424.13,45.69,55.67,142.12,1,1,1.0
163,67,416.32,481.00,24.94,42.91,1,1,1.0
163,70,920.11,280.60,58.22,174.85,1,1,1.0
163,71,577.14,234.98,13.61,42.73,1,1,1.0
163,72,1328.77,61.29,56.30,95.83,1,1,1.0
163,73,1372.67,591.52,38.35,107.86,1,1,1.0
163,74,794.61,462.24,91.29,175.57,1,1,1.0
163,75,834.90,0.00,73.98,44.38,1,1,1.0
163,76,527.52,211.94,21.44,61.26,1,1,1.0
163,77,1533.26,339.56,17.55,53.56,1,1,1.0
163,78,1681.43,585.56,83.65,121.03,1,1,1.0
163,92,1620.04,876.01,80.13,122.50,1,1,1.0
163,95,414.84,527.55,33.07,48.16,1,1,1.0
163,101,1392.39,328.26,26.18,39.51,1,1,1.0
164,66,410.55,50.91,59.25,135.96,1,1,1.0
164,67,409.03,480.70,24.95,42.96,1,1,1.0
164,70,904.92,279.91,58.22,174.85,1,1,1.0
164,71,565.74,234.03,13.61,42.73,1,1,1.0
164,72,1324.38,62.02,55.13,95.55,1,1,1.0
164,73,1364.39,592.21,38.35,107.86,1,1,1.0
164,74,787.41,461.95,91.30,175.57,1,1,1.0
164,75,830.56,0.20,69.67,43.83,1,1,1.0
164,76,515.89,211.23,21.44,61.26,1,1,1.0
164,77,1525.35,339.70,17.63,53.28,1,1,1.0
164,78,1674.83,586.81,82.47,119.48,1,1,1.0
164,92,1614.65,878.13,77.94,121.06,1,1,1.0
164,95,410.38,528.21,32.18,47.55,1,1,1.0
164,101,1387.97,328.88,27.33,39.75,1,1,1.0
165,66,398.03,40.21,57.77,146.14,1,1,1.0
165,67,401.74,480.40,24.96,43.00,1,1,1.0
165,70,889.27,279.45,58.22,174.85,1,1,1.0
165,71,551.14,232.96,13.61,42.74,1,1,1.0
165,72,1319.53,62.21,54.68,94.74,1,1,1.0
165,73,1356.10,592.90,38.35,107.86,1,1,1.0
165,74,776.76,460.51,91.30,175.57,1,1,1.0
165,75,824.93,0.14,70.53,42.39,1,1,1.0
165,76,501.11,208.92,21.44,61.25,1,1,1.0
165,77,1517.44,339.84,17.71,53.00,1,1,1.0
165,78,1668.93,585.54,82.76,121.77,1,1,1.0
165,92,1606.23,877.07,80.41,122.61,1,1,1.0
165,95,404.61,526.54,33.18,48.13,1,1,1.0
165,101,1381.85,327.96,27.12,40.29,1,1,1.0
166,66,371.03,41.74,55.57,142.32,1,1,1.0
166,67,399.10,480.99,24.77,41.65,1,1,1.0
166,70,873.61,278.99,58.22,174.84,1,1,1.0
166,71,536.54,231.89,13.61,42.74,1,1,1.0
166,72,1310.18,60.60,56.11,95.91,1,1,1.0
166,73,1345.05,593.59,38.35,107.86,1,1,1.0
166,74,766.11,459.07,91.30,175.57,1,1,1.0
166,75,811.53,0.04,70.09,40.82,1,1,1.0
166,76,486.33,206.60,21.44,61.26,1,1,1.0
166,77,1509.54,339.97,17.78,52.73,1,1,1.0
166,78,1658.56,586.14,82.55,121.68,1,1,1.0
166,92,1594.61,876.22,80.47,123.65,1,1,1.0
166,95,396.91,526.12,33.77,46.59,1,1,1.0
166,101,1375.72,327.04,26.91,40.82,1,1,1.0
167,66,357.23,38.32,59.67,142.77,1,1,1.0
167,67,396.45,481.58,24.59,40.31,1,1,1.0
167,70,857.96,278.53,58.22,174.84,1,1,1.0
167,71,521.93,230.82,13.62,42.74,1,1,1.0
167,72,1306.15,60.36,55.49,95.81,1,1,1.0
167,73,1334.00,594.29,38.35,107.85,1,1,1.0
167,74,760.07,459.07,91.30,175.57,1,1,1.0
167,75,811.09,0.12,66.60,41.43,1,1,1.0
167,76,471.55,204.29,21.44,61.25,1,1,1.0
167,77,1501.63,340.11,17.86,52.45,1,1,1.0
167,78,1653.83,586.64,82.71,122.42,1,1,1.0
167,92,1589.75,880.46,78.87,121.00,1,1,1.0
167,95,394.86,525.36,32.13,46.24,1,1,1.0
167,101,1369.85,326.14,31.01,43.42,1,1,1.0
168,66,348.12,39.32,57.41,137.99,1,1,1.0
168,67,393.81,482.16,24.40,38.97,1,1,1.0
168,70,842.31,278.07,58.22,174.84,1,1,1.0
168,71,507.33,229.75,13.61,42.74,1,1,1.0
168,72,1302.78,60.52,55.81,94.72,1,1,1.0
168,73,1325.03,594.29,38.35,107.85,1,1,1.0
168,74,754.02,459.07,91.30,175.57,1,1,1.0
168,75,806.99,0.00,72.84,38.68,1,1,1.0
168,76,456.77,201.97,21.44,61.26,1,1,1.0
168,77,1498.34,340.89,17.95,52.18,1,1,1.0
168,78,1648.86,587.33,82.62,122.03,1,1,1.0
168,92,1585.96,881.13,78.06,121.04,1,1,1.0
168,95,390.57,524.23,32.11,46.32,1,1,1.0
168,101,1365.07,326.48,34.21,42.65,1,1,1.0
169,66,331.90,33.58,59.40,142.47,1,1,1.0
169,67,391.16,482.75,24.23,37.62,1,1,1.0
169,70,826.66,277.61,58.22,174.84,1,1,1.0
169,71,495.94,229.75,13.61,42.74,1,1,1.0
169,72,1299.73,58.47,56.44,96.10,1,1,1.0
169,73,1316.05,594.29,38.35,107.85,1,1,1.0
169,74,749.13,459.65,91.30,175.57,1,1,1.0
169,75,801.42,0.00,69.68,38.50,1,1,1.0
169,76,446.08,202.15,21.44,61.26,1,1,1.0
169,77,1495.06,341.68,18.02,51.89,1,1,1.0
169,78,1646.11,587.69,81.15,121.74,1,1,1.0
169,92,1580.56,880.86,79.90,121.94,1,1,1.0
169,95,386.71,523.71,34.41,45.10,1,1,1.0
169,101,1362.89,325.40,34.47,43.31,1,1,1.0
170,66,319.76,31.00,62.74,145.29,1,1,1.0
170,67,388.51,483.33,24.05,36.28,1,1,1.0
170,70,811.01,277.15,58.22,174.84,1,1,1.0
170,71,484.54,229.75,13.61,42.74,1,1,1.0
170,72,1297.25,59.17,56.01,97.37,1,1,1.0
170,73,1307.76,596.36,38.35,107.86,1,1,1.0
170,74,744.24,460.22,91.30,175.58,1,1,1.0
170,75,796.83,0.00,69.93,37.93,1,1,1.0
170,76,435.40,202.33,21.44,61.26,1,1,1.0
170,77,1491.77,342.46,18.10,51.62,1,1,1.0
170,78,1644.01,588.45,81.06,122.66,1,1,1.0
170,92,1577.19,882.87,78.58,120.94,1,1,1.0
170,95,384.67,523.67,32.84,45.75,1,1,1.0
170,101,1365.39,326.96,29.84,42.22,1,1,1.0
171,66,301.01,29.70,59.49,147.07,1,1,1.0
171,67,385.87,483.92,23.86,34.94,1,1,1.0
171,70,798.92,276.46,58.22,176.22,1,1,1.0
171,71,473.14,229.75,13.61,42.74,1,1,1.0
171,72,1292.96,60.39,56.11,96.73,1,1,1.0
171,73,1299.48,598.43,38.35,107.86,1,1,1.0
171,74,737.91,460.80,91.86,175.57,1,1,1.0
171,75,792.68,0.00,67.29,38.37,1,1,1.0
171,76,424.71,202.50,21.44,61.26,1,1,1.0
171,77,1488.48,343.24,18.19,51.34,1,1,1.0
171,78,1636.27,590.08,82.48,123.89,1,1,1.0
171,92,1570.44,885.79,78.63,120.27,1,1,1.0
171,95,380.83,523.10,33.17,46.47,1,1,1.0
171,101,1363.13,330.18,27.31,39.94,1,1,1.0
172,66,293.01,33.46,62.79,142.95,1,1,1.0
172,67,383.22,484.50,23.68,33.60,1,1,1.0
172,70,786.84,275.77,58.22,177.60,1,1,1.0
172,71,461.74,229.75,13.62,42.74,1,1,1.0
172,72,1290.25,60.87,55.89,96.52,1,1,1.0
172,73,1296.02,599.81,38.35,107.86,1,1,1.0
172,74,731.58,461.37,92.42,175.58,1,1,1.0
172,75,790.31,0.00,66.11,38.44,1,1,1.0
172,76,414.03,202.68,21.44,61.26,1,1,1.0
172,77,1485.20,344.02,18.26,51.07,1,1,1.0
172,78,1632.77,590.40,82.54,123.55,1,1,1.0
172,92,1565.86,886.55,80.65,120.07,1,1,1.0
172,95,379.63,522.36,32.49,45.46,1,1,1.0
172,101,1361.42,329.55,27.31,38.79,1,1,1.0
173,66,285.88,33.37,63.72,141.33,1,1,1.0
173,67,380.58,485.09,23.49,32.25,1,1,1.0
173,70,774.75,275.08,58.22,178.98,1,1,1.0
173,71,452.31,228.86,13.61,42.74,1,1,1.0
173,72,1288.63,60.71,55.31,95.98,1,1,1.0
173,73,1292.57,601.19,38.35,107.86,1,1,1.0
173,74,727.26,460.80,92.42,175.57,1,1,1.0
173,75,782.36,0.00,72.25,37.83,1,1,1.0
173,76,403.70,201.44,21.44,61.25,1,1,1.0
173,77,1481.91,344.81,18.34,50.78,1,1,1.0
173,78,1630.62,591.18,82.02,122.43,1,1,1.0
173,92,1562.78,887.23,79.46,119.13,1,1,1.0
173,95,377.10,520.49,33.19,46.67,1,1,1.0
173,101,1359.11,328.02,27.90,40.86,1,1,1.0
174,66,277.31,31.73,62.29,141.26,1,1,1.0
174,67,377.93,485.67,23.31,30.92,1,1,1.0
174,70,762.67,274.39,58.22,180.36,1,1,1.0
174,71,442.87,227.97,13.61,42.74,1,1,1.0
174,72,1285.72,60.58,55.76,96.51,1,1,1.0
174,73,1287.05,599.12,39.06,113.41,1,1,1.0
174,74,722.94,460.22,92.43,175.57,1,1,1.0
174,75,781.98,0.04,71.02,36.46,1,1,1.0
174,76,393.37,200.19,21.44,61.26,1,1,1.0
174,77,1478.63,345.59,18.41,50.50,1,1,1.0
174,78,1627.82,591.34,81.49,122.89,1,1,1.0
174,92,1558.93,887.74,78.53,119.17,1,1,1.0
174,95,374.84,519.60,33.08,47.12,1,1,1.0
174,101,1357.83,327.60,28.47,41.12,1,1,1.0
175,66,269.62,27.33,62.08,144.64,1,1,1.0
175,67,375.28,486.26,23.13,29.57,1,1,1.0
175,70,750.58,273.70,58.22,181.74,1,1,1.0
175,71,433.43,227.08,13.61,42.74,1,1,1.0
175,72,1283.25,60.58,56.41,97.21,1,1,1.0
175,73,1281.52,597.05,39.78,118.95,1,1,1.0
175,74,716.03,460.22,93.85,175.57,1,1,1.0
175,75,781.37,0.09,65.39,35.85,1,1,1.0
175,76,383.04,198.94,21.44,61.26,1,1,1.0
175,77,1475.34,346.37,18.50,50.23,1,1,1.0
175,78,1624.54,591.71,82.00,123.81,1,1,1.0
175,92,1555.91,887.44,79.65,119.19,1,1,1.0
175,95,373.03,519.54,34.16,46.77,1,1,1.0
175,101,1355.14,329.04,30.14,40.13,1,1,1.0
176,66,249.61,31.00,67.42,140.76,1,1,1.0
176,67,372.64,486.84,22.95,28.23,1,1,1.0
176,70,738.50,273.01,58.22,183.11,1,1,1.0
176,71,423.99,226.19,13.61,42.74,1,1,1.0
176,72,1278.80,64.12,49.82,93.66,1,1,1.0
176,73,1271.86,596.36,39.77,118.95,1,1,1.0
176,74,709.12,460.22,95.28,175.57,1,1,1.0
176,75,775.44,0.00,73.61,35.69,1,1,1.0
176,76,372.71,197.70,21.44,61.25,1,1,1.0
176,77,1472.50,347.13,18.57,49.95,1,1,1.0
176,78,1617.46,593.19,81.34,121.49,1,1,1.0
176,92,1547.79,888.69,79.21,119.62,1,1,1.0
176,95,369.18,519.74,34.25,46.18,1,1,1.0
176,101,1349.41,324.88,33.04,45.91,1,1,1.0
177,66,238.52,30.54,67.09,136.18,1,1,1.0
177,67,369.99,487.43,22.77,26.88,1,1,1.0
177,70,726.42,272.32,58.22,184.49,1,1,1.0
177,71,415.62,223.87,13.61,42.74,1,1,1.0
177,72,1275.80,65.21,48.11,92.57,1,1,1.0
177,73,1262.19,595.67,39.78,118.95,1,1,1.0
177,74,705.38,460.80,95.28,175.57,1,1,1.0
177,75,772.65,0.00,73.89,33.93,1,1,1.0
177,76,364.88,195.20,21.44,61.26,1,1,1.0
177,77,1469.66,347.89,18.65,49.67,1,1,1.0
177,78,1615.22,593.95,81.04,121.37,1,1,1.0
177,92,1543.95,888.51,80.24,120.69,1,1,1.0
177,95,367.49,519.87,33.58,46.69,1,1,1.0
177,101,1349.04,325.54,31.98,45.94,1,1,1.0
178,66,229.34,25.01,67.82,141.35,1,1,1.0
178,67,367.35,488.01,22.58,25.55,1,1,1.0
178,70,714.33,271.62,58.22,185.88,1,1,1.0
178,71,407.25,221.56,13.61,42.74,1,1,1.0
178,72,1274.85,65.89,44.89,92.11,1,1,1.0
178,73,1258.74,595.67,39.77,118.95,1,1,1.0
178,74,701.64,461.37,95.28,175.57,1,1,1.0
178,75,768.06,0.00,69.17,31.81,1,1,1.0
178,76,357.04,192.71,21.44,61.26,1,1,1.0
178,77,1466.81,348.65,18.74,49.39,1,1,1.0
178,78,1612.78,592.28,80.87,122.82,1,1,1.0
178,92,1541.64,888.69,80.10,120.70,1,1,1.0
178,95,366.20,518.54,32.78,45.96,1,1,1.0
178,101,1348.96,327.48,29.74,44.66,1,1,1.0
179,66,219.95,23.85,66.78,139.15,1,1,1.0
179,67,364.70,488.60,22.40,24.20,1,1,1.0
179,70,703.73,270.33,58.22,188.63,1,1,1.0
179,71,398.88,219.24,13.61,42.74,1,1,1.0
179,72,1273.64,66.44,44.24,91.75,1,1,1.0
179,73,1255.28,595.67,39.78,118.95,1,1,1.0
179,74,698.19,458.78,95.27,177.59,1,1,1.0
179,75,764.84,0.00,70.77,31.40,1,1,1.0
179,76,349.21,190.22,21.44,61.26,1,1,1.0
179,77,1463.97,349.41,18.81,49.12,1,1,1.0
179,78,1610.36,592.38,81.32,123.60,1,1,1.0
179,92,1539.62,889.21,79.22,120.59,1,1,1.0
179,95,364.33,518.09,32.96,45.61,1,1,1.0
179,101,1347.68,328.81,29.93,43.77,1,1,1.0
180,66,211.15,21.34,66.81,140.76,1,1,1.0
180,67,358.38,481.67,27.36,31.67,1,1,1.0
180,70,693.13,269.03,58.22,191.40,1,1,1.0
180,71,390.51,216.93,13.61,42.74,1,1,1.0
180,72,1270.91,70.34,43.81,86.74,1,1,1.0
180,73,1248.38,597.74,39.77,118.95,1,1,1.0
180,74,694.73,456.19,95.28,179.61,1,1,1.0
180,75,763.59,0.00,72.42,29.69,1,1,1.0
180,76,341.37,187.72,21.44,61.26,1,1,1.0
180,77,1461.13,350.17,18.89,48.84,1,1,1.0
180,78,1607.60,592.47,82.36,123.91,1,1,1.0
180,92,1535.76,889.94,80.46,120.18,1,1,1.0
180,95,361.73,517.70,32.66,45.73,1,1,1.0
180,101,1345.67,328.17,30.57,43.77,1,1,1.0
181,66,193.05,7.32,67.04,157.71,1,1,1.0
181,67,352.06,474.74,32.32,39.15,1,1,1.0
181,70,682.53,267.73,58.22,194.16,1,1,1.0
181,71,380.30,219.07,13.61,42.74,1,1,1.0
181,72,1266.58,78.45,41.75,81.73,1,1,1.0
181,73,1241.47,599.81,39.78,118.95,1,1,1.0
181,74,689.17,457.34,95.67,179.61,1,1,1.0
181,75,760.37,0.00,73.68,30.56,1,1,1.0
181,76,330.92,190.33,21.44,61.26,1,1,1.0
181,77,1458.29,350.93,18.96,48.56,1,1,1.0
181,78,1602.05,595.90,82.72,122.63,1,1,1.0
181,92,1529.73,895.98,80.66,118.11,1,1,1.0
181,95,357.70,517.25,33.76,46.62,1,1,1.0
181,101,1344.49,326.31,27.85,45.56,1,1,1.0
182,66,182.24,8.13,70.58,160.02,1,1,1.0
182,67,354.60,481.50,26.70,31.94,1,1,1.0
182,70,671.93,266.43,58.22,196.92,1,1,1.0
182,71,370.09,221.20,13.61,42.74,1,1,1.0
182,73,1237.33,602.57,39.78,118.95,1,1,1.0
182,74,683.61,458.49,96.06,179.61,1,1,1.0
182,75,752.15,0.00,72.62,30.54,1,1,1.0
182,76,320.48,192.95,21.44,61.26,1,1,1.0
182,77,1455.44,351.69,19.05,48.28,1,1,1.0
182,78,1600.62,597.39,82.17,122.79,1,1,1.0
182,92,1526.30,897.66,80.11,117.99,1,1,1.0
182,95,356.06,517.74,34.15,46.23,1,1,1.0
182,101,1343.55,327.93,28.13,44.88,1,1,1.0
183,66,174.90,12.61,69.47,157.76,1,1,1.0
183,67,351.40,475.51,28.90,37.39,1,1,1.0
183,70,661.33,265.13,58.22,199.68,1,1,1.0
183,71,359.88,223.34,13.61,42.74,1,1,1.0
183,73,1233.19,605.33,39.77,118.96,1,1,1.0
183,74,678.04,459.64,96.46,179.61,1,1,1.0
183,75,748.21,0.00,75.02,30.91,1,1,1.0
183,76,310.03,195.56,21.44,61.26,1,1,1.0
183,77,1452.49,352.14,19.12,48.00,1,1,1.0
183,78,1598.51,598.40,81.70,122.47,1,1,1.0
183,92,1523.88,898.93,79.88,118.44,1,1,1.0
183,95,354.78,518.45,33.22,45.63,1,1,1.0
183,101,1341.13,327.68,29.32,47.18,1,1,1.0
184,66,168.29,13.07,68.86,160.00,1,1,1.0
184,67,350.09,475.23,28.81,37.33,1,1,1.0
184,70,650.73,263.83,58.22,202.45,1,1,1.0
184,71,352.05,221.63,13.61,42.74,1,1,1.0
184,73,1229.04,608.10,39.78,118.95,1,1,1.0
184,74,674.30,459.36,96.94,179.61,1,1,1.0
184,75,743.90,0.00,79.62,30.79,1,1,1.0
184,76,301.77,194.42,21.44,62.13,1,1,1.0
184,77,1449.53,352.58,19.21,47.72,1,1,1.0
184,78,1595.62,598.15,81.41,123.70,1,1,1.0
184,92,1520.87,898.88,79.96,118.14,1,1,1.0
184,95,354.07,516.45,31.88,47.30,1,1,1.0
184,101,1339.33,325.72,29.33,48.42,1,1,1.0
185,66,161.52,22.85,70.43,149.59,1,1,1.0
185,67,348.78,474.96,28.72,37.25,1,1,1.0
185,70,640.13,262.53,58.22,205.21,1,1,1.0
185,71,344.21,219.92,13.61,42.74,1,1,1.0
185,73,1224.90,610.86,39.78,118.95,1,1,1.0
185,74,670.56,459.07,97.42,179.61,1,1,1.0
185,75,754.39,0.00,66.81,31.57,1,1,1.0
185,76,293.50,193.28,21.45,63.01,1,1,1.0
185,77,1446.58,353.02,19.28,47.45,1,1,1.0
185,78,1593.01,600.20,81.97,123.68,1,1,1.0
185,92,1518.30,900.94,79.29,117.56,1,1,1.0
185,95,352.26,517.52,32.23,46.50,1,1,1.0
185,101,1336.11,326.32,32.10,48.76,1,1,1.0
186,66,144.71,16.46,74.06,150.91,1,1,1.0
186,67,347.48,474.68,28.62,37.19,1,1,1.0
186,70,629.53,261.23,58.22,207.97,1,1,1.0
186,71,336.38,218.21,13.61,42.74,1,1,1.0
186,73,1218.00,608.79,39.77,118.95,1,1,1.0
186,74,666.82,458.78,97.89,179.61,1,1,1.0
186,75,746.07,0.00,68.19,30.95,1,1,1.0
186,76,285.24,192.14,21.44,63.89,1,1,1.0
186,77,1443.62,353.47,19.37,47.16,1,1,1.0
186,78,1586.43,601.71,82.05,123.23,1,1,1.0
186,92,1512.70,900.71,77.97,118.17,1,1,1.0
186,95,348.32,517.02,32.88,45.79,1,1,1.0
186,101,1334.96,327.80,31.99,48.68,1,1,1.0
187,66,136.37,22.55,70.46,139.84,1,1,1.0
187,67,346.17,474.41,28.53,37.12,1,1,1.0
187,70,618.93,259.93,58.22,210.74,1,1,1.0
187,71,328.54,216.50,13.61,42.74,1,1,1.0
187,73,1211.10,606.71,39.77,118.96,1,1,1.0
187,74,663.08,458.49,98.37,179.61,1,1,1.0
187,75,738.63,0.00,71.50,30.50,1,1,1.0
187,76,276.98,191.00,21.44,64.76,1,1,1.0
187,77,1440.67,353.91,19.44,46.89,1,1,1.0
187,78,1584.17,601.60,81.61,122.79,1,1,1.0
187,92,1510.62,901.31,77.19,117.67,1,1,1.0
187,95,346.97,517.55,32.83,45.37,1,1,1.0
187,101,1334.00,331.24,31.75,45.85,1,1,1.0
188,66,130.48,16.80,71.37,145.50,1,1,1.0
188,67,344.86,474.13,28.44,37.06,1,1,1.0
188,70,608.33,258.63,58.22,213.50,1,1,1.0
188,71,320.71,214.79,13.61,42.74,1,1,1.0
188,73,1208.34,605.33,39.77,118.95,1,1,1.0
188,74,659.34,458.21,98.85,179.60,1,1,1.0
188,75,735.57,0.00,71.75,30.18,1,1,1.0
188,76,268.72,189.86,21.44,65.64,1,1,1.0
188,77,1439.78,354.07,19.00,48.51,1,1,1.0
188,78,1581.96,601.05,82.64,123.09,1,1,1.0
188,92,1507.33,900.63,78.84,118.00,1,1,1.0
188,95,345.56,516.23,32.65,46.11,1,1,1.0
188,101,1333.23,332.12,30.65,45.46,1,1,1.0
189,66,124.24,13.39,72.01,145.55,1,1,1.0
189,67,343.55,473.86,28.35,36.98,1,1,1.0
189,70,602.65,258.23,58.22,216.26,1,1,1.0
189,71,315.36,214.79,13.62,42.74,1,1,1.0
189,73,1205.58,603.95,39.77,118.95,1,1,1.0
189,74,655.60,457.92,99.33,179.61,1,1,1.0
189,75,733.71,0.01,73.33,28.56,1,1,1.0
189,76,264.09,188.24,21.44,66.55,1,1,1.0
189,77,1438.19,354.47,19.00,48.51,1,1,1.0
189,78,1581.02,600.69,82.93,123.42,1,1,1.0
189,92,1505.11,899.42,80.35,119.15,1,1,1.0
189,95,345.50,515.41,32.41,46.44,1,1,1.0
189,101,1333.09,332.77,30.18,43.99,1,1,1.0
190,66,118.89,13.37,72.31,144.23,1,1,1.0
190,67,342.25,473.58,28.25,36.92,1,1,1.0
190,70,596.97,257.82,58.22,219.02,1,1,1.0
190,71,310.02,214.79,13.61,42.74,1,1,1.0
190,73,1201.43,604.64,39.77,118.95,1,1,1.0
190,74,652.95,458.03,99.45,180.53,1,1,1.0
190,75,732.79,0.01,72.54,28.33,1,1,1.0
190,76,259.46,186.63,21.44,67.45,1,1,1.0
190,77,1436.60,354.87,19.00,48.51,1,1,1.0
190,78,1579.81,600.85,82.47,123.76,1,1,1.0
190,92,1503.63,900.66,81.26,118.57,1,1,1.0
190,95,343.91,514.04,33.28,48.09,1,1,1.0
190,101,1332.36,332.56,29.52,44.06,1,1,1.0
191,66,111.42,13.09,70.33,147.29,1,1,1.0
191,67,340.94,473.31,28.16,36.85,1,1,1.0
191,70,591.29,257.42,58.22,221.78,1,1,1.0
191,71,304.68,214.79,13.61,42.74,1,1,1.0
191,73,1197.29,605.33,39.77,118.95,1,1,1.0
191,74,650.30,458.15,99.58,181.45,1,1,1.0
191,75,731.86,0.00,71.76,28.11,1,1,1.0
191,76,254.83,185.01,21.44,68.35,1,1,1.0
191,77,1435.00,355.26,19.00,48.51,1,1,1.0
191,78,1578.08,602.49,83.06,122.91,1,1,1.0
191,92,1501.03,903.45,78.80,117.34,1,1,1.0
191,95,342.06,514.60,33.46,47.55,1,1,1.0
191,101,1331.12,334.41,29.36,41.92,1,1,1.0
192,66,106.13,13.13,70.57,150.20,1,1,1.0
192,67,339.63,473.03,28.07,36.78,1,1,1.0
192,70,584.06,257.47,60.97,221.90,1,1,1.0
192,71,299.34,214.79,13.61,42.74,1,1,1.0
192,73,1195.45,606.71,39.77,118.95,1,1,1.0
192,74,647.66,458.26,99.69,182.37,1,1,1.0
192,75,730.80,0.00,72.15,28.91,1,1,1.0
192,76,250.20,183.40,21.44,69.25,1,1,1.0
192,77,1433.81,357.65,19.00,46.72,1,1,1.0
192,78,1576.35,603.80,83.04,124.47,1,1,1.0
192,92,1499.46,904.04,79.24,117.86,1,1,1.0
192,95,341.17,515.47,33.45,46.79,1,1,1.0
192,101,1329.01,335.30,30.48,41.93,1,1,1.0
193,66,100.86,15.26,71.23,150.20,1,1,1.0
193,67,338.32,472.76,27.98,36.71,1,1,1.0
193,70,576.83,257.52,63.73,222.01,1,1,1.0
193,71,294.00,216.93,13.61,42.74,1,1,1.0
193,73,1193.61,608.10,39.77,118.95,1,1,1.0
193,74,645.01,458.38,99.82,183.29,1,1,1.0
193,75,725.64,0.00,75.17,29.19,1,1,1.0
193,76,244.14,185.18,21.44,69.25,1,1,1.0
193,77,1432.62,360.03,19.00,44.94,1,1,1.0
193,78,1574.00,604.23,83.86,124.76,1,1,1.0
193,92,1498.16,906.15,77.96,116.90,1,1,1.0
193,95,340.27,514.92,32.46,47.22,1,1,1.0
193,101,1328.22,335.49,29.92,42.04,1,1,1.0
194,66,94.51,14.66,73.37,152.24,1,1,1.0
194,67,337.02,472.48,27.88,36.65,1,1,1.0
194,70,569.60,257.56,66.49,222.14,1,1,1.0
194,71,288.65,219.06,13.61,42.74,1,1,1.0
194,73,1191.76,609.48,39.77,118.95,1,1,1.0
194,74,642.36,458.49,99.94,184.21,1,1,1.0
194,75,722.89,0.00,76.57,29.98,1,1,1.0
194,76,238.09,186.96,21.44,69.25,1,1,1.0
194,77,1431.42,362.42,19.00,43.14,1,1,1.0
194,78,1572.71,605.24,83.34,124.45,1,1,1.0
194,92,1497.11,908.37,77.71,116.80,1,1,1.0
194,95,339.46,514.15,32.90,48.84,1,1,1.0
194,101,1328.22,336.05,28.80,41.47,1,1,1.0
195,66,88.09,13.92,74.17,155.78,1,1,1.0
195,67,335.71,472.21,27.79,36.58,1,1,1.0
195,70,562.36,262.03,64.84,217.64,1,1,1.0
195,71,283.13,218.35,13.61,42.74,1,1,1.0
195,73,1187.62,609.94,39.77,118.95,1,1,1.0
195,74,640.17,458.49,99.94,184.21,1,1,1.0
195,75,723.62,0.00,72.89,30.40,1,1,1.0
195,76,232.21,186.07,21.44,69.25,1,1,1.0
195,77,1430.23,364.80,19.00,41.36,1,1,1.0
195,78,1571.87,606.70,82.73,124.09,1,1,1.0
195,92,1496.01,909.74,77.54,116.28,1,1,1.0
195,95,338.62,514.27,32.70,48.45,1,1,1.0
195,101,1328.48,336.56,28.32,41.46,1,1,1.0
196,66,73.75,12.71,76.92,154.26,1,1,1.0
196,67,334.40,471.93,27.70,36.51,1,1,1.0
196,70,555.13,266.50,63.18,213.13,1,1,1.0
196,71,277.61,217.64,13.61,42.74,1,1,1.0
196,73,1183.48,610.40,39.77,118.95,1,1,1.0
196,74,637.99,458.49,99.94,184.21,1,1,1.0
196,75,720.67,0.00,73.37,29.95,1,1,1.0
196,76,226.33,185.18,21.44,69.25,1,1,1.0
196,77,1429.83,365.20,18.19,41.36,1,1,1.0
196,78,1570.23,606.92,82.37,124.03,1,1,1.0
196,92,1492.94,910.34,78.44,115.72,1,1,1.0
196,95,337.73,514.26,32.16,48.89,1,1,1.0
196,101,1326.88,335.89,29.65,42.04,1,1,1.0
197,66,68.16,11.76,76.50,154.44,1,1,1.0
197,67,333.09,471.66,27.61,36.44,1,1,1.0
197,70,547.89,270.97,61.53,208.63,1,1,1.0
197,71,272.09,216.93,13.61,42.74,1,1,1.0
197,73,1179.34,610.86,39.77,118.95,1,1,1.0
197,74,635.80,458.49,99.94,184.21,1,1,1.0
197,75,719.82,0.00,72.52,29.69,1,1,1.0
197,76,220.46,184.29,21.44,69.25,1,1,1.0
197,77,1429.43,365.60,17.38,41.36,1,1,1.0
197,78,1568.57,605.40,82.65,124.55,1,1,1.0
197,92,1490.10,908.41,79.71,116.20,1,1,1.0
197,95,336.82,514.28,32.50,48.21,1,1,1.0
197,101,1326.05,335.23,29.65,42.43,1,1,1.0
198,66,62.37,10.05,75.56,153.57,1,1,1.0
198,67,333.09,471.66,27.61,36.44,1,1,1.0
198,70,540.65,275.44,59.88,197.25,1,1,1.0
198,71,266.57,216.22,13.61,42.74,1,1,1.0
198,73,1177.96,609.48,39.77,118.95,1,1,1.0
198,74,633.61,458.49,99.94,184.21,1,1,1.0
198,75,717.97,0.00,73.86,28.60,1,1,1.0
198,76,214.58,183.40,21.44,69.25,1,1,1.0
198,77,1429.04,365.99,16.56,41.36,1,1,1.0
198,78,1567.98,604.97,83.03,125.17,1,1,1.0
198,92,1488.83,908.30,80.31,116.50,1,1,1.0
198,95,337.30,514.23,32.27,48.14,1,1,1.0
198,101,1324.47,333.97,31.40,43.47,1,1,1.0
199,66,58.57,7.46,73.88,156.59,1,1,1.0
199,67,333.09,471.66,27.61,36.44,1,1,1.0
199,70,533.41,279.91,58.22,185.88,1,1,1.0
199,71,260.53,214.91,13.61,42.74,1,1,1.0
199,73,1176.57,608.10,39.77,118.95,1,1,1.0
199,74,631.42,458.49,99.94,184.21,1,1,1.0
199,75,716.99,0.07,76.47,27.98,1,1,1.0
199,76,207.52,192.44,22.74,60.20,1,1,1.0
199,77,1426.89,366.24,16.56,40.64,1,1,1.0
199,78,1566.79,604.32,83.95,125.82,1,1,1.0
199,92,1487.79,908.74,80.04,116.07,1,1,1.0
199,95,337.01,513.31,32.72,48.85,1,1,1.0
199,97,1084.36,283.21,56.76,136.86,1,1,1.0
199,101,1326.16,335.61,29.96,42.16,1,1,1.0
200,66,53.07,4.77,76.02,156.18,1,1,1.0
200,67,333.09,471.66,27.61,36.44,1,1,1.0
200,70,515.16,271.43,65.11,198.41,1,1,1.0
200,71,254.49,213.60,13.62,42.74,1,1,1.0
200,73,1168.98,609.48,39.77,118.95,1,1,1.0
200,74,626.93,457.57,99.94,184.21,1,1,1.0
200,75,716.05,0.12,78.49,27.58,1,1,1.0
200,76,201.28,193.31,25.38,57.47,1,1,1.0
200,77,1424.74,366.48,16.56,39.92,1,1,1.0
200,78,1565.61,604.72,82.31,125.17,1,1,1.0
200,92,1486.78,906.86,78.32,118.43,1,1,1.0
200,95,336.55,513.44,33.38,48.43,1,1,1.0
200,97,1070.87,278.74,68.26,141.86,1,1,1.0
200,101,1326.11,336.03,30.18,41.78,1,1,1.0
201,66,35.02,6.62,73.27,153.37,1,1,1.0
201,67,333.09,471.66,27.61,36.44,1,1,1.0
201,70,496.90,262.94,72.00,210.96,1,1,1.0
201,71,239.50,214.08,13.61,42.74,1,1,1.0
201,73,1161.38,610.86,39.77,118.95,1,1,1.0
201,74,622.44,456.65,99.94,184.21,1,1,1.0
201,76,187.51,182.69,21.44,69.25,1,1,1.0
201,77,1422.59,366.72,16.56,39.20,1,1,1.0
201,78,1560.66,605.27,82.48,124.62,1,1,1.0
201,92,1482.36,909.00,77.26,118.30,1,1,1.0
201,95,336.08,513.03,32.94,47.55,1,1,1.0
201,97,1057.37,274.27,79.76,146.86,1,1,1.0
201,101,1326.19,337.52,30.23,40.15,1,1,1.0
202,66,21.20,4.63,77.48,156.57,1,1,1.0
202,67,333.09,471.66,27.61,36.44,1,1,1.0
202,70,477.69,258.33,69.24,215.07,1,1,1.0
202,71,228.58,211.47,13.61,42.74,1,1,1.0
202,73,1155.86,610.86,39.77,118.95,1,1,1.0
202,74,617.95,455.73,99.94,184.21,1,1,1.0
202,76,176.83,180.55,21.44,69.25,1,1,1.0
202,77,1420.44,366.96,16.57,38.49,1,1,1.0
202,78,1558.14,605.91,83.25,124.54,1,1,1.0
202,92,1480.16,909.32,77.17,118.73,1,1,1.0
202,95,336.08,515.40,32.33,45.21,1,1,1.0
202,97,1043.88,269.79,91.26,151.87,1,1,1.0
202,101,1326.28,339.02,30.27,38.52,1,1,1.0
203,9,1526.23,549.64,31.42,28.88,1,1,1.0
203,66,9.94,5.25,74.94,153.38,1,1,1.0
203,67,333.09,471.66,27.61,36.44,1,1,1.0
203,70,458.47,253.71,66.49,219.19,1,1,1.0
203,71,217.66,208.86,13.61,42.74,1,1,1.0
203,73,1150.33,610.86,39.77,118.95,1,1,1.0
203,74,613.46,454.81,99.94,184.21,1,1,1.0
203,76,166.14,178.41,21.44,69.25,1,1,1.0
203,77,1418.29,367.20,16.57,37.77,1,1,1.0
203,78,1556.65,605.83,82.60,123.82,1,1,1.0
203,92,1474.85,906.87,79.16,120.29,1,1,1.0
203,95,335.97,512.61,33.00,47.13,1,1,1.0
203,97,1030.38,265.32,102.76,156.87,1,1,1.0
203,101,1326.36,340.51,30.32,36.89,1,1,1.0
204,66,0.00,0.87,71.62,149.90,1,1,1.0
204,70,453.07,250.47,63.73,216.38,1,1,1.0
204,71,206.73,206.24,13.62,42.74,1,1,1.0
204,73,1142.05,607.62,39.77,118.95,1,1,1.0
204,74,608.97,453.89,99.94,184.20,1,1,1.0
204,76,155.46,176.28,21.44,69.25,1,1,1.0
204,77,1416.30,361.75,17.19,41.73,1,1,1.0
204,78,1555.24,604.17,82.05,124.07,1,1,1.0
204,92,1471.45,905.00,78.89,119.86,1,1,1.0
204,95,336.01,510.22,33.56,46.79,1,1,1.0
204,97,1019.43,262.54,108.75,154.29,1,1,1.0
204,101,1326.44,342.01,30.37,35.25,1,1,1.0
205,70,426.95,245.17,60.98,213.55,1,1,1.0
205,71,190.89,203.04,13.61,42.74,1,1,1.0
205,73,1130.31,606.23,39.77,118.96,1,1,1.0
205,74,603.07,452.74,99.94,184.20,1,1,1.0
205,76,140.14,171.82,21.44,69.25,1,1,1.0
205,77,1414.31,356.30,17.81,45.68,1,1,1.0
205,78,1553.05,602.96,82.27,124.64,1,1,1.0
205,92,1467.96,903.74,78.66,119.44,1,1,1.0
205,95,336.24,509.14,33.34,47.34,1,1,1.0
205,97,1008.86,256.19,116.41,159.09,1,1,1.0
205,101,1326.53,343.50,30.41,33.63,1,1,1.0
206,70,400.83,239.86,58.22,210.74,1,1,1.0
206,71,175.04,199.83,13.61,42.74,1,1,1.0
206,73,1118.57,604.85,39.77,118.95,1,1,1.0
206,74,597.17,451.59,99.94,184.20,1,1,1.0
206,76,124.83,167.37,21.44,69.25,1,1,1.0
206,77,1411.82,355.34,17.81,45.68,1,1,1.0
206,78,1546.36,602.18,83.52,123.97,1,1,1.0
206,92,1458.79,901.68,81.60,121.09,1,1,1.0
206,95,335.98,508.60,33.80,46.49,1,1,1.0
206,97,989.80,255.82,126.33,158.78,1,1,1.0
206,101,1326.61,345.00,30.46,31.99,1,1,1.0
207,70,377.36,239.86,58.22,210.74,1,1,1.0
207,71,159.19,196.63,13.61,42.74,1,1,1.0
207,73,1112.36,604.85,38.36,115.50,1,1,1.0
207,74,591.27,450.43,99.94,184.21,1,1,1.0
207,76,109.51,162.92,21.44,69.25,1,1,1.0
207,77,1409.32,354.38,17.81,45.68,1,1,1.0
207,78,1543.52,602.05,84.09,123.46,1,1,1.0
207,92,1455.77,902.45,80.82,120.14,1,1,1.0
207,95,336.00,508.11,33.47,46.58,1,1,1.0
207,97,984.19,253.66,128.04,158.69,1,1,1.0
207,101,1326.70,341.90,30.51,34.95,1,1,1.0
208,70,358.17,237.36,63.65,206.64,1,1,1.0
208,71,143.34,193.42,13.61,42.74,1,1,1.0
208,73,1106.14,604.85,36.96,112.05,1,1,1.0
208,74,585.37,449.28,99.94,184.21,1,1,1.0
208,76,94.20,158.47,21.44,69.25,1,1,1.0
208,77,1406.83,353.42,17.81,45.68,1,1,1.0
208,78,1541.37,602.17,83.82,123.63,1,1,1.0
208,92,1453.69,901.77,79.29,121.57,1,1,1.0
208,95,336.35,507.81,33.19,46.81,1,1,1.0
208,97,980.60,252.24,126.92,158.95,1,1,1.0
208,101,1326.78,338.80,30.56,37.92,1,1,1.0
209,70,338.99,234.86,69.08,202.54,1,1,1.0
209,71,129.33,190.57,13.61,42.74,1,1,1.0
209,73,1097.84,604.85,36.28,112.05,1,1,1.0
209,74,581.34,448.42,99.94,184.21,1,1,1.0
209,76,79.71,156.81,21.44,69.25,1,1,1.0
209,77,1403.38,352.65,17.80,45.69,1,1,1.0
209,78,1540.04,602.64,83.03,123.56,1,1,1.0
209,92,1451.66,900.70,78.27,122.56,1,1,1.0
209,95,336.44,507.09,33.13,47.59,1,1,1.0
209,97,977.44,251.70,126.61,158.32,1,1,1.0
209,101,1326.86,342.20,30.61,34.38,1,1,1.0
210,70,319.80,232.36,74.51,198.44,1,1,1.0
210,71,115.32,187.72,13.61,42.74,1,1,1.0
210,73,1089.55,604.85,35.60,112.05,1,1,1.0
210,74,577.31,447.56,99.94,184.20,1,1,1.0
210,76,65.23,155.14,21.44,69.25,1,1,1.0
210,77,1399.92,351.89,17.81,45.68,1,1,1.0
210,78,1538.34,602.00,82.97,124.51,1,1,1.0
210,92,1447.40,900.95,79.79,122.47,1,1,1.0
210,95,336.89,507.01,32.66,47.65,1,1,1.0
210,97,974.35,252.14,127.61,158.58,1,1,1.0
210,101,1326.95,342.90,30.65,33.55,1,1,1.0
211,67,337.65,478.91,29.23,24.73,1,1,1.0
211,70,291.99,221.02,73.07,210.14,1,1,1.0
211,71,101.31,184.87,13.61,42.74,1,1,1.0
211,73,1080.57,603.47,35.60,112.05,1,1,1.0
211,74,570.98,446.12,101.10,184.20,1,1,1.0
211,76,50.74,153.48,21.44,69.25,1,1,1.0
211,77,1396.47,351.12,17.81,45.68,1,1,1.0
211,78,1532.85,599.73,82.48,126.22,1,1,1.0
211,92,1441.14,899.45,80.37,124.20,1,1,1.0
211,95,337.50,506.26,32.40,47.85,1,1,1.0
211,97,966.96,253.03,128.50,157.70,1,1,1.0
211,101,1327.03,328.43,30.70,47.88,1,1,1.0
212,67,338.13,478.09,29.87,24.59,1,1,1.0
212,70,283.48,217.43,67.57,217.00,1,1,1.0
212,71,95.38,182.02,13.61,42.74,1,1,1.0
212,73,1071.59,602.09,35.60,112.05,1,1,1.0
212,74,564.65,444.68,102.25,184.21,1,1,1.0
212,76,46.00,151.58,21.44,69.25,1,1,1.0
212,77,1395.32,350.15,17.80,46.46,1,1,1.0
212,78,1530.58,599.70,82.99,126.33,1,1,1.0
212,92,1437.64,899.28,80.90,123.27,1,1,1.0
212,95,337.93,506.34,32.20,47.33,1,1,1.0
212,97,965.08,252.26,126.66,157.12,1,1,1.0
212,101,1327.92,330.82,30.30,46.65,1,1,1.0
213,67,338.61,477.27,30.52,24.44,1,1,1.0
213,70,269.14,211.62,74.54,217.50,1,1,1.0
213,71,89.44,179.17,13.61,42.74,1,1,1.0
213,73,1066.07,597.26,35.60,112.04,1,1,1.0
213,74,562.93,443.53,102.24,184.20,1,1,1.0
213,76,41.25,149.68,21.44,69.25,1,1,1.0
213,77,1394.17,349.17,17.80,47.25,1,1,1.0
213,78,1528.24,599.50,82.78,125.77,1,1,1.0
213,92,1436.16,896.98,81.51,124.91,1,1,1.0
213,95,339.26,506.63,32.01,46.21,1,1,1.0
213,97,963.34,251.88,125.91,156.40,1,1,1.0
213,101,1328.49,332.05,30.80,45.56,1,1,1.0
214,10,1898.76,758.36,21.24,75.30,1,1,1.0
214,67,339.74,475.02,30.51,26.17,1,1,1.0
214,70,260.04,212.06,78.48,213.07,1,1,1.0
214,71,83.51,176.32,13.61,42.74,1,1,1.0
214,73,1060.55,592.42,35.60,112.05,1,1,1.0
214,74,561.20,442.38,102.25,184.20,1,1,1.0
214,76,36.50,147.79,21.44,69.25,1,1,1.0
214,77,1393.02,348.20,17.80,48.03,1,1,1.0
214,78,1527.17,598.44,82.46,126.52,1,1,1.0
214,92,1433.29,896.31,81.78,124.12,1,1,1.0
214,95,340.02,506.24,32.25,46.32,1,1,1.0
214,97,961.48,250.75,126.50,157.30,1,1,1.0
214,101,1329.03,331.66,31.34,45.05,1,1,1.0
215,10,1898.52,762.26,21.48,68.44,1,1,1.0
215,67,340.86,472.78,30.52,27.88,1,1,1.0
215,70,256.33,210.99,78.02,214.78,1,1,1.0
215,71,79.77,177.04,13.61,42.74,1,1,1.0
215,73,1059.17,592.42,34.92,112.05,1,1,1.0
215,74,559.47,441.23,102.25,184.20,1,1,1.0
215,76,32.76,148.68,21.44,69.25,1,1,1.0
215,77,1394.65,348.19,17.39,45.50,1,1,1.0
215,78,1527.11,598.65,82.45,126.05,1,1,1.0
215,92,1432.89,896.39,81.51,123.92,1,1,1.0
215,95,341.36,504.40,33.37,48.33,1,1,1.0
215,97,961.62,250.43,126.17,157.36,1,1,1.0
215,101,1329.21,330.16,33.07,47.60,1,1,1.0
216,10,1896.94,760.97,23.06,68.96,1,1,1.0
216,11,1896.92,709.96,23.08,121.19,1,1,1.0
216,67,343.43,471.49,30.51,29.61,1,1,1.0
216,70,247.43,209.58,76.33,214.09,1,1,1.0
216,71,76.03,177.75,13.61,42.74,1,1,1.0
216,72,1234.03,52.33,39.79,87.00,1,1,1.0
216,73,1057.78,592.42,34.26,112.05,1,1,1.0
216,74,559.76,440.56,102.25,184.20,1,1,1.0
216,76,29.02,149.57,21.44,69.25,1,1,1.0
216,77,1395.04,345.50,18.12,48.69,1,1,1.0
216,78,1528.55,598.74,82.04,124.98,1,1,1.0
216,92,1432.09,895.01,82.36,124.38,1,1,1.0
216,95,345.87,504.36,31.65,47.01,1,1,1.0
216,97,961.30,249.09,126.35,158.38,1,1,1.0
216,101,1331.93,333.30,34.94,43.16,1,1,1.0
217,10,1895.82,764.31,24.18,66.77,1,1,1.0
217,67,345.52,470.20,31.80,30.58,1,1,1.0
217,70,239.25,213.88,77.27,214.11,1,1,1.0
217,71,72.29,178.46,13.61,42.74,1,1,1.0
217,72,1227.74,53.26,45.79,92.19,1,1,1.0
217,73,1053.64,592.42,34.25,112.05,1,1,1.0
217,74,560.05,439.88,102.25,184.21,1,1,1.0
217,76,25.28,150.46,21.44,69.25,1,1,1.0
217,77,1395.10,346.81,18.06,49.53,1,1,1.0
217,78,1528.68,600.04,82.11,124.61,1,1,1.0
217,92,1430.34,895.48,81.81,124.94,1,1,1.0
217,95,349.41,505.39,30.48,46.50,1,1,1.0
217,97,960.48,251.32,125.85,156.17,1,1,1.0
217,101,1334.45,335.80,33.48,41.15,1,1,1.0
218,10,1894.94,771.53,25.06,59.31,1,1,1.0
218,67,347.60,468.90,33.10,31.56,1,1,1.0
218,70,229.76,215.42,77.86,214.68,1,1,1.0
218,71,68.55,179.17,13.61,42.74,1,1,1.0
218,72,1222.45,53.53,52.33,95.66,1,1,1.0
218,73,1049.50,592.42,34.25,112.05,1,1,1.0
218,74,560.34,439.21,102.24,184.21,1,1,1.0
218,76,21.54,151.35,21.44,69.25,1,1,1.0
218,77,1396.13,346.81,18.06,49.53,1,1,1.0
218,78,1529.16,600.12,82.18,124.29,1,1,1.0
218,92,1430.53,894.85,79.36,125.23,1,1,1.0
218,95,351.78,505.17,30.45,47.24,1,1,1.0
218,97,960.61,251.23,125.08,156.16,1,1,1.0
218,101,1337.12,332.30,33.11,44.14,1,1,1.0
219,10,1893.83,773.77,26.17,57.24,1,1,1.0
219,67,350.54,467.72,33.00,32.53,1,1,1.0
219,70,224.02,217.09,77.55,209.41,1,1,1.0
219,71,67.12,178.70,13.61,42.74,1,1,1.0
219,72,1220.79,52.59,55.09,100.43,1,1,1.0
219,73,1048.66,592.42,34.26,112.05,1,1,1.0
219,74,560.62,438.54,102.25,184.21,1,1,1.0
219,76,19.88,149.92,21.44,69.25,1,1,1.0
219,77,1397.16,346.81,18.06,49.53,1,1,1.0
219,78,1529.09,600.37,82.03,123.78,1,1,1.0
219,92,1433.40,895.90,76.28,123.80,1,1,1.0
219,95,353.61,505.05,29.29,47.22,1,1,1.0
219,97,959.68,250.88,124.63,156.30,1,1,1.0
219,101,1339.92,329.77,31.41,45.73,1,1,1.0
220,10,1893.20,770.54,26.80,59.71,1,1,1.0
220,67,353.49,466.54,32.89,33.50,1,1,1.0
220,70,221.15,211.03,77.63,209.55,1,1,1.0
220,71,65.70,178.22,13.61,42.74,1,1,1.0
220,72,1221.67,52.75,55.71,100.07,1,1,1.0
220,73,1047.83,592.42,34.25,112.05,1,1,1.0
220,74,560.91,437.87,102.25,184.20,1,1,1.0
220,76,18.21,148.50,21.45,69.25,1,1,1.0
220,77,1398.19,346.81,18.06,49.53,1,1,1.0
220,78,1530.27,599.43,81.56,124.18,1,1,1.0
220,92,1429.18,885.40,80.63,134.01,1,1,1.0
220,95,356.32,504.78,28.24,47.67,1,1,1.0
220,97,960.72,250.13,123.95,156.80,1,1,1.0
220,101,1342.41,332.01,31.00,43.67,1,1,1.0
221,10,1894.09,765.43,25.91,64.41,1,1,1.0
221,67,358.60,465.37,32.78,34.46,1,1,1.0
221,70,219.76,210.68,74.74,212.00,1,1,1.0
221,71,64.27,177.75,13.62,42.74,1,1,1.0
221,72,1225.62,51.94,55.55,99.66,1,1,1.0
221,73,1047.00,592.42,34.25,112.05,1,1,1.0
221,74,561.20,437.20,102.25,184.20,1,1,1.0
221,76,16.55,147.07,21.44,69.25,1,1,1.0
221,77,1399.23,346.81,18.06,49.53,1,1,1.0
221,78,1532.36,597.90,83.34,125.39,1,1,1.0
221,92,1433.11,888.81,80.80,130.70,1,1,1.0
221,97,963.87,249.47,123.55,156.11,1,1,1.0
221,101,1347.20,328.04,35.59,47.59,1,1,1.0
222,67,363.71,464.19,32.68,35.43,1,1,1.0
222,70,216.77,215.08,77.31,211.80,1,1,1.0
222,71,67.36,177.99,13.61,42.73,1,1,1.0
222,72,1227.35,53.74,54.29,99.58,1,1,1.0
222,73,1046.17,592.42,34.25,112.05,1,1,1.0
222,74,563.27,436.85,102.25,184.21,1,1,1.0
222,76,19.88,147.31,21.44,69.25,1,1,1.0
222,77,1403.21,346.31,18.06,49.53,1,1,1.0
222,78,1534.33,598.68,83.63,125.88,1,1,1.0
222,92,1435.24,888.72,80.59,130.61,1,1,1.0
222,97,963.39,249.70,123.24,165.50,1,1,1.0
222,101,1349.44,329.78,35.59,47.59,1,1,1.0
223,67,368.83,463.01,32.56,36.40,1,1,1.0
223,70,218.73,222.19,76.78,199.10,1,1,1.0
223,71,70.45,178.22,13.61,42.74,1,1,1.0
223,72,1229.75,53.89,53.46,98.44,1,1,1.0
223,73,1046.42,591.13,34.26,112.05,1,1,1.0
223,74,565.34,436.51,102.25,184.20,1,1,1.0
223,76,23.20,147.55,21.44,69.25,1,1,1.0
223,77,1407.19,345.81,18.06,49.53,1,1,1.0
223,78,1537.78,599.15,81.99,126.80,1,1,1.0
223,92,1437.37,888.62,80.39,130.52,1,1,1.0
223,97,964.19,249.35,123.93,168.60,1,1,1.0
223,101,1351.68,331.52,35.59,47.59,1,1,1.0
224,12,1896.76,770.40,23.24,63.56,1,1,1.0
224,67,373.94,461.83,32.46,37.37,1,1,1.0
224,70,219.26,216.64,69.84,208.36,1,1,1.0
224,71,73.53,178.46,13.61,42.74,1,1,1.0
224,72,1234.98,53.07,54.42,99.43,1,1,1.0
224,73,1046.68,589.84,34.25,112.05,1,1,1.0
224,74,567.42,436.16,102.24,184.21,1,1,1.0
224,76,26.53,147.78,21.44,69.25,1,1,1.0
224,77,1409.43,345.07,18.06,49.53,1,1,1.0
224,78,1539.85,599.98,83.14,123.54,1,1,1.0
224,92,1439.50,888.53,80.18,130.43,1,1,1.0
224,97,967.30,251.46,124.57,153.10,1,1,1.0
224,101,1358.79,328.56,34.47,48.55,1,1,1.0
225,67,378.01,460.76,32.46,37.37,1,1,1.0
225,70,214.63,211.02,78.77,208.37,1,1,1.0
225,71,68.90,175.97,13.61,42.73,1,1,1.0
225,72,1237.58,52.01,55.19,98.84,1,1,1.0
225,73,1046.94,588.56,34.25,112.04,1,1,1.0
225,74,569.49,435.82,102.25,184.20,1,1,1.0
225,76,21.36,143.15,21.44,69.25,1,1,1.0
225,77,1411.67,344.32,18.06,49.53,1,1,1.0
225,78,1543.12,597.76,84.18,125.79,1,1,1.0
225,92,1441.62,888.44,79.99,130.34,1,1,1.0
225,97,969.32,249.29,126.99,152.31,1,1,1.0
225,101,1362.20,329.68,35.78,45.37,1,1,1.0
226,67,382.07,459.69,32.47,37.37,1,1,1.0
226,70,205.46,207.72,75.14,208.59,1,1,1.0
226,71,64.27,173.47,13.62,42.74,1,1,1.0
226,72,1244.14,49.62,54.12,100.69,1,1,1.0
226,73,1047.20,587.27,34.25,112.04,1,1,1.0
226,74,571.56,435.47,102.25,184.21,1,1,1.0
226,76,16.20,138.52,21.44,69.25,1,1,1.0
226,77,1415.65,344.07,18.06,49.53,1,1,1.0
226,78,1548.90,597.27,82.91,125.32,1,1,1.0
226,92,1443.75,888.35,79.78,130.25,1,1,1.0
226,97,974.11,246.41,126.00,153.54,1,1,1.0
226,101,1371.13,330.19,31.88,44.29,1,1,1.0
227,67,386.14,458.62,32.47,37.37,1,1,1.0
227,70,196.29,204.42,71.51,208.80,1,1,1.0
227,71,59.64,170.98,13.62,42.74,1,1,1.0
227,72,1245.17,48.96,53.94,100.70,1,1,1.0
227,73,1045.65,586.75,34.25,112.05,1,1,1.0
227,74,570.87,432.94,102.25,184.20,1,1,1.0
227,76,11.03,133.89,21.44,69.25,1,1,1.0
227,77,1419.63,343.82,18.06,49.53,1,1,1.0
227,78,1550.93,597.40,83.32,124.96,1,1,1.0
227,92,1445.88,888.25,79.58,130.16,1,1,1.0
227,97,974.96,245.69,125.56,153.10,1,1,1.0
227,101,1373.19,329.96,33.02,45.34,1,1,1.0
228,67,390.32,460.87,30.88,34.13,1,1,1.0
228,70,188.03,197.31,74.54,206.03,1,1,1.0
228,71,55.01,168.49,13.62,42.74,1,1,1.0
228,72,1246.84,47.54,54.47,100.50,1,1,1.0
228,73,1044.10,586.23,34.26,112.05,1,1,1.0
228,74,570.18,430.40,102.25,184.21,1,1,1.0
228,76,5.87,129.26,21.44,69.25,1,1,1.0
228,77,1420.25,341.83,18.06,49.53,1,1,1.0
228,78,1552.74,596.67,83.12,125.20,1,1,1.0
228,92,1448.01,888.16,79.37,130.07,1,1,1.0
228,97,976.01,244.24,124.77,154.79,1,1,1.0
228,101,1375.64,330.52,34.87,44.47,1,1,1.0
229,67,391.92,460.23,30.89,30.27,1,1,1.0
229,70,179.20,191.57,77.82,204.79,1,1,1.0
229,71,48.84,161.36,13.61,42.74,1,1,1.0
229,72,1248.34,46.95,51.32,100.09,1,1,1.0
229,73,1042.55,580.56,31.68,112.05,1,1,1.0
229,74,569.49,427.87,102.25,184.21,1,1,1.0
229,76,3.97,122.14,21.44,69.25,1,1,1.0
229,77,1420.87,339.84,18.06,49.53,1,1,1.0
229,78,1553.59,595.50,82.59,125.09,1,1,1.0
229,92,1448.15,885.57,78.12,131.40,1,1,1.0
229,97,975.46,240.78,125.16,156.86,1,1,1.0
229,101,1376.82,329.84,36.06,44.53,1,1,1.0
230,67,394.49,459.27,30.88,28.93,1,1,1.0
230,70,170.55,187.48,73.18,204.88,1,1,1.0
230,71,42.67,154.24,13.61,42.74,1,1,1.0
230,72,1249.46,46.38,48.93,97.70,1,1,1.0
230,73,1041.00,574.88,29.10,112.05,1,1,1.0
230,74,568.80,425.34,102.25,184.20,1,1,1.0
230,76,2.07,115.02,21.44,69.25,1,1,1.0
230,77,1421.49,337.85,18.06,49.53,1,1,1.0
230,78,1554.12,593.49,82.93,125.17,1,1,1.0
230,92,1447.45,882.12,76.53,132.90,1,1,1.0
230,97,974.76,239.05,126.73,156.63,1,1,1.0
230,101,1381.79,327.81,33.22,46.07,1,1,1.0
231,70,150.59,171.79,79.03,205.86,1,1,1.0
231,71,36.49,147.12,13.62,42.74,1,1,1.0
231,73,1033.26,570.24,29.11,112.05,1,1,1.0
231,74,568.11,422.80,102.25,184.21,1,1,1.0
231,76,0.17,107.89,21.44,69.25,1,1,1.0
231,77,1422.12,335.86,18.06,49.53,1,1,1.0
231,78,1553.35,589.42,81.46,125.48,1,1,1.0
231,92,1444.12,876.12,80.22,134.25,1,1,1.0
231,97,970.33,235.64,124.81,153.69,1,1,1.0
231,101,1385.66,326.45,31.37,45.57,1,1,1.0
232,13,1898.29,762.76,21.71,57.39,1,1,1.0
232,70,140.74,165.69,78.92,211.43,1,1,1.0
232,71,31.15,146.41,13.61,42.73,1,1,1.0
232,73,1025.53,565.60,29.10,112.05,1,1,1.0
232,74,565.80,423.00,102.25,183.04,1,1,1.0
232,77,1422.12,344.50,18.06,40.89,1,1,1.0
232,78,1551.34,588.94,82.22,125.45,1,1,1.0
232,92,1442.09,871.65,79.57,138.28,1,1,1.0
232,97,968.58,237.00,123.72,152.54,1,1,1.0
232,101,1386.27,328.19,31.26,44.23,1,1,1.0
233,13,1892.97,754.74,27.03,65.34,1,1,1.0
233,70,130.22,170.81,80.40,207.87,1,1,1.0
233,71,25.81,145.69,13.61,42.74,1,1,1.0
233,73,1019.34,566.63,29.10,112.05,1,1,1.0
233,74,563.50,423.19,102.25,181.88,1,1,1.0
233,77,1422.12,354.50,18.06,30.89,1,1,1.0
233,78,1548.62,588.07,83.25,127.30,1,1,1.0
233,92,1438.03,873.63,80.27,136.29,1,1,1.0
233,97,966.46,239.76,123.93,152.86,1,1,1.0
233,101,1386.84,330.10,30.59,42.44,1,1,1.0
234,13,1887.68,756.28,32.32,63.75,1,1,1.0
234,70,119.71,175.92,81.87,204.31,1,1,1.0
234,71,18.69,144.27,13.61,42.74,1,1,1.0
234,73,1013.15,567.66,29.10,112.05,1,1,1.0
234,74,561.20,423.38,102.25,180.72,1,1,1.0
234,78,1546.23,589.54,82.19,125.58,1,1,1.0
234,92,1435.89,873.13,80.06,136.81,1,1,1.0
234,97,963.11,248.90,122.61,145.28,1,1,1.0
234,101,1386.84,344.10,30.59,28.44,1,1,1.0
235,13,1882.18,752.74,37.82,70.04,1,1,1.0
235,70,110.73,176.11,82.42,209.68,1,1,1.0
235,71,11.21,148.19,13.61,42.73,1,1,1.0
235,73,1009.02,567.66,29.10,112.05,1,1,1.0
235,74,559.86,425.48,102.15,179.10,1,1,1.0
235,78,1542.93,589.19,83.95,126.37,1,1,1.0
235,92,1432.76,871.67,81.53,138.61,1,1,1.0
235,97,962.19,256.27,120.54,138.14,1,1,1.0
236,13,1876.21,750.11,43.79,69.89,1,1,1.0
236,70,94.25,184.11,79.73,198.54,1,1,1.0
236,71,3.73,152.10,13.61,42.74,1,1,1.0
236,73,1000.77,568.70,29.10,112.04,1,1,1.0
236,74,558.51,427.59,102.05,177.47,1,1,1.0
236,78,1541.18,590.05,83.27,126.22,1,1,1.0
236,92,1428.89,873.39,82.66,137.05,1,1,1.0
236,97,961.27,263.63,118.47,131.01,1,1,1.0
237,13,1871.16,752.39,48.84,68.55,1,1,1.0
237,70,88.36,186.87,78.70,201.18,1,1,1.0
237,73,992.51,569.73,29.11,112.05,1,1,1.0
237,74,557.17,429.69,101.95,175.85,1,1,1.0
237,78,1540.53,591.40,82.97,125.58,1,1,1.0
237,92,1426.58,873.34,83.44,136.83,1,1,1.0
237,97,960.35,271.00,116.39,123.87,1,1,1.0
238,13,1865.72,752.01,54.28,70.23,1,1,1.0
238,70,82.97,197.69,80.82,194.05,1,1,1.0
238,73,989.42,570.25,29.10,112.04,1,1,1.0
238,74,555.83,431.79,101.85,174.23,1,1,1.0
238,78,1540.15,591.92,80.72,125.23,1,1,1.0
238,92,1424.68,873.45,82.47,135.63,1,1,1.0
238,97,959.44,278.37,114.31,116.73,1,1,1.0
239,13,1862.62,751.87,57.38,71.80,1,1,1.0
239,70,80.11,199.43,75.99,197.61,1,1,1.0
239,73,986.32,570.76,29.11,112.05,1,1,1.0
239,74,554.48,433.90,101.76,172.60,1,1,1.0
239,78,1539.84,592.31,81.12,124.88,1,1,1.0
239,92,1423.61,872.94,82.13,137.10,1,1,1.0
239,97,958.52,285.73,112.24,109.60,1,1,1.0
240,13,1860.89,750.08,59.11,71.85,1,1,1.0
240,70,76.00,198.39,77.04,199.14,1,1,1.0
240,73,984.26,570.76,29.10,112.05,1,1,1.0
240,74,553.14,436.00,101.66,170.98,1,1,1.0
240,78,1540.15,591.76,81.60,126.40,1,1,1.0
240,92,1423.46,872.43,81.47,136.58,1,1,1.0
240,97,957.60,293.10,110.17,102.46,1,1,1.0
241,13,1861.21,750.79,58.79,69.40,1,1,1.0
241,70,73.79,196.22,76.38,200.63,1,1,1.0
241,73,982.20,570.76,29.10,112.05,1,1,1.0
241,74,554.39,435.33,101.28,170.58,1,1,1.0
241,78,1541.99,591.29,82.68,125.83,1,1,1.0
241,92,1424.66,870.57,81.99,139.10,1,1,1.0
241,97,958.79,289.54,110.17,105.43,1,1,1.0
242,13,1860.54,750.06,59.46,70.67,1,1,1.0
242,70,72.73,197.16,73.94,201.28,1,1,1.0
242,73,979.60,569.73,31.20,112.05,1,1,1.0
242,74,555.63,434.66,100.90,170.19,1,1,1.0
242,78,1542.79,590.84,84.12,125.96,1,1,1.0
242,92,1425.27,872.90,82.37,135.87,1,1,1.0
242,97,959.97,285.99,110.18,108.38,1,1,1.0
243,13,1860.88,749.98,59.12,70.03,1,1,1.0
243,70,71.22,197.75,72.96,205.99,1,1,1.0
243,73,977.00,568.70,33.30,112.05,1,1,1.0
243,74,556.88,433.99,100.52,169.80,1,1,1.0
243,78,1543.56,590.22,84.55,126.07,1,1,1.0
243,92,1425.62,872.61,82.99,135.29,1,1,1.0
243,97,961.16,282.43,110.18,111.35,1,1,1.0
244,13,1861.12,749.66,58.88,70.02,1,1,1.0
244,70,68.51,198.62,73.83,205.03,1,1,1.0
244,73,975.97,568.01,33.30,112.05,1,1,1.0
244,74,558.13,433.31,100.14,169.42,1,1,1.0
244,78,1545.78,590.92,83.51,125.15,1,1,1.0
244,92,1426.96,871.92,82.53,136.10,1,1,1.0
244,97,962.34,278.87,110.19,114.31,1,1,1.0
245,13,1860.90,749.51,59.10,69.38,1,1,1.0
245,70,65.53,197.09,71.84,212.81,1,1,1.0
245,73,974.94,567.32,33.30,112.05,1,1,1.0
245,74,559.38,432.64,99.75,169.02,1,1,1.0
245,78,1547.38,590.33,83.39,126.72,1,1,1.0
245,92,1427.59,871.16,82.65,137.59,1,1,1.0
245,97,963.53,275.31,110.19,117.28,1,1,1.0
246,13,1861.60,748.94,58.40,69.47,1,1,1.0
246,70,56.38,193.39,70.57,198.38,1,1,1.0
246,73,973.91,566.63,33.30,112.05,1,1,1.0
246,74,560.62,431.97,99.38,168.63,1,1,1.0
246,78,1550.68,589.81,82.36,125.91,1,1,1.0
246,92,1428.53,868.09,82.64,138.61,1,1,1.0
246,95,452.90,501.45,28.63,40.33,1,1,1.0
246,97,964.71,271.76,110.20,120.23,1,1,1.0
247,13,1860.99,748.27,59.01,69.83,1,1,1.0
247,70,50.85,194.09,71.01,191.38,1,1,1.0
247,73,970.81,566.12,33.30,112.05,1,1,1.0
247,74,561.56,431.83,99.38,167.98,1,1,1.0
247,78,1552.02,589.42,81.85,125.65,1,1,1.0
247,92,1427.43,865.81,85.12,142.14,1,1,1.0
247,95,457.24,500.41,26.52,40.51,1,1,1.0
247,97,965.90,268.20,110.20,123.20,1,1,1.0
248,13,1859.12,747.20,60.88,70.14,1,1,1.0
248,70,43.40,190.99,71.50,195.21,1,1,1.0
248,73,967.72,565.60,33.30,112.05,1,1,1.0
248,74,562.49,431.68,99.38,167.35,1,1,1.0
248,78,1551.21,589.32,82.26,125.32,1,1,1.0
248,92,1428.26,865.75,81.85,141.40,1,1,1.0
248,95,457.79,499.25,27.97,42.11,1,1,1.0
248,97,965.90,261.65,109.18,129.75,1,1,1.0
249,13,1857.54,746.77,62.46,70.56,1,1,1.0
249,70,37.96,190.93,70.09,193.63,1,1,1.0
249,73,965.14,565.09,33.30,112.04,1,1,1.0
249,74,563.43,431.54,99.38,166.70,1,1,1.0
249,78,1550.63,589.44,82.33,125.46,1,1,1.0
249,92,1428.06,865.47,80.91,142.08,1,1,1.0
249,95,459.97,497.95,27.97,43.10,1,1,1.0
249,97,965.90,255.10,108.15,136.30,1,1,1.0
250,13,1856.34,746.32,63.66,70.60,1,1,1.0
250,70,32.52,190.86,68.68,192.07,1,1,1.0
250,73,962.56,564.57,33.30,112.05,1,1,1.0
250,74,564.36,431.39,99.38,166.06,1,1,1.0
250,78,1551.36,589.24,82.10,125.23,1,1,1.0
250,92,1427.25,863.81,81.74,143.17,1,1,1.0
250,95,461.08,496.98,29.46,42.80,1,1,1.0
250,97,965.90,248.55,107.13,142.85,1,1,1.0
251,13,1858.28,744.74,61.72,71.22,1,1,1.0
251,70,27.21,188.55,67.12,187.94,1,1,1.0
251,73,961.53,563.02,33.30,112.05,1,1,1.0
251,74,565.30,431.25,99.38,165.41,1,1,1.0
251,78,1555.60,588.76,80.52,125.10,1,1,1.0
251,92,1428.94,863.31,82.93,142.22,1,1,1.0
251,95,466.52,494.23,30.07,43.85,1,1,1.0
251,97,965.90,242.00,106.10,149.40,1,1,1.0
252,13,1858.70,744.91,61.30,70.59,1,1,1.0
252,70,26.32,188.37,66.56,190.19,1,1,1.0
252,73,960.50,561.48,33.30,112.04,1,1,1.0
252,74,566.23,431.11,99.38,164.77,1,1,1.0
252,78,1557.51,588.20,80.91,125.60,1,1,1.0
252,92,1430.28,859.65,83.33,146.56,1,1,1.0
252,95,470.48,494.15,28.88,44.53,1,1,1.0
252,97,968.39,241.45,106.10,149.40,1,1,1.0
253,13,1860.73,743.42,59.27,70.98,1,1,1.0
253,70,26.17,186.82,67.13,189.89,1,1,1.0
253,73,960.50,560.96,33.30,112.05,1,1,1.0
253,74,567.17,430.96,99.38,164.13,1,1,1.0
253,78,1558.81,588.16,81.75,124.06,1,1,1.0
253,92,1432.42,857.80,83.39,148.52,1,1,1.0
253,95,472.46,494.19,30.28,44.30,1,1,1.0
253,97,970.87,240.90,106.10,149.40,1,1,1.0
254,13,1862.78,743.90,57.22,70.15,1,1,1.0
254,70,27.59,184.12,68.95,190.28,1,1,1.0
254,73,960.50,560.45,33.30,112.04,1,1,1.0
254,74,568.11,430.82,99.37,163.48,1,1,1.0
254,78,1563.19,587.81,80.77,125.03,1,1,1.0
254,92,1436.76,858.42,81.51,147.65,1,1,1.0
254,95,475.19,494.89,31.32,43.35,1,1,1.0
254,97,973.36,240.34,106.10,149.40,1,1,1.0
255,13,1865.61,745.76,54.39,67.77,1,1,1.0
255,70,26.78,183.97,73.95,183.49,1,1,1.0
255,73,963.08,560.45,33.30,112.04,1,1,1.0
255,74,569.05,430.90,99.38,163.48,1,1,1.0
255,78,1564.97,586.86,80.72,125.16,1,1,1.0
255,92,1436.61,858.40,82.75,145.49,1,1,1.0
255,95,477.42,494.01,30.78,44.01,1,1,1.0
255,97,975.84,239.79,106.10,149.40,1,1,1.0
256,13,1870.76,746.44,49.24,68.80,1,1,1.0
256,70,28.64,183.83,62.77,192.96,1,1,1.0
256,73,965.65,560.45,33.30,112.04,1,1,1.0
256,74,569.99,430.98,99.38,163.48,1,1,1.0
256,78,1570.17,588.48,80.19,124.69,1,1,1.0
256,92,1439.58,859.19,85.44,145.96,1,1,1.0
256,95,483.87,493.33,29.67,43.69,1,1,1.0
256,97,978.33,239.24,106.10,149.40,1,1,1.0
257,13,1873.15,745.75,46.85,71.56,1,1,1.0
257,70,24.45,186.17,65.03,196.58,1,1,1.0
257,73,965.40,559.93,33.30,112.05,1,1,1.0
257,74,570.93,431.07,99.38,163.48,1,1,1.0
257,78,1571.28,588.47,81.51,125.18,1,1,1.0
257,92,1443.77,859.28,82.59,149.31,1,1,1.0
257,95,486.12,493.79,31.35,44.48,1,1,1.0
257,97,977.34,238.45,107.09,149.73,1,1,1.0
258,13,1874.55,745.28,45.45,72.59,1,1,1.0
258,70,22.20,183.18,65.96,194.18,1,1,1.0
258,73,965.14,559.41,33.30,112.05,1,1,1.0
258,74,571.88,431.15,99.37,163.48,1,1,1.0
258,78,1573.01,588.22,81.90,125.04,1,1,1.0
258,92,1443.91,859.51,83.74,146.24,1,1,1.0
258,95,487.98,493.74,31.25,44.58,1,1,1.0
258,97,976.35,237.66,108.08,150.07,1,1,1.0
259,13,1875.97,747.16,44.03,70.09,1,1,1.0
259,70,16.20,184.18,62.35,188.33,1,1,1.0
259,73,964.88,558.90,33.30,112.04,1,1,1.0
259,74,572.82,431.23,99.38,163.48,1,1,1.0
259,78,1574.85,587.93,81.75,125.62,1,1,1.0
259,92,1444.91,859.26,83.52,146.66,1,1,1.0
259,95,489.76,493.61,31.21,44.25,1,1,1.0
259,97,975.36,236.86,109.07,150.41,1,1,1.0
260,13,1878.97,748.37,41.03,69.04,1,1,1.0
260,70,5.93,180.60,68.11,192.72,1,1,1.0
260,73,964.62,558.38,33.30,112.05,1,1,1.0
260,74,572.38,431.31,99.38,163.48,1,1,1.0
260,78,1576.70,588.28,82.14,125.81,1,1,1.0
260,92,1445.46,859.31,83.93,147.37,1,1,1.0
260,95,491.14,493.21,31.70,44.84,1,1,1.0
260,97,974.37,236.07,110.06,150.74,1,1,1.0
261,13,1879.56,750.71,40.44,68.08,1,1,1.0
261,73,958.95,556.32,33.30,112.05,1,1,1.0
261,74,570.41,431.39,99.38,163.49,1,1,1.0
261,78,1576.68,587.54,84.04,127.04,1,1,1.0
261,92,1445.83,859.72,84.31,150.64,1,1,1.0
261,95,494.47,492.18,31.68,46.00,1,1,1.0
261,97,973.38,235.28,111.05,151.08,1,1,1.0
262,13,1878.85,749.18,41.15,70.24,1,1,1.0
262,73,953.27,554.26,33.30,112.04,1,1,1.0
262,74,566.95,431.20,99.38,163.48,1,1,1.0
262,78,1577.40,586.21,84.37,128.12,1,1,1.0
262,92,1444.71,859.39,85.03,151.47,1,1,1.0
262,95,496.05,493.18,30.60,44.29,1,1,1.0
262,97,972.39,234.49,112.04,151.41,1,1,1.0
263,13,1877.04,745.77,42.96,72.02,1,1,1.0
263,73,948.11,551.16,33.30,112.05,1,1,1.0
263,74,563.50,431.01,99.38,163.48,1,1,1.0
263,78,1576.29,584.66,84.48,128.72,1,1,1.0
263,92,1443.96,858.69,85.06,151.76,1,1,1.0
263,95,497.82,493.04,29.79,44.40,1,1,1.0
263,97,971.40,233.70,113.03,154.94,1,1,1.0
264,13,1876.69,745.10,43.31,72.96,1,1,1.0
264,73,941.45,551.83,33.30,112.04,1,1,1.0
264,74,560.05,430.82,99.37,163.48,1,1,1.0
264,78,1576.38,585.41,84.21,127.96,1,1,1.0
264,92,1442.62,859.41,85.33,152.90,1,1,1.0
264,95,499.10,492.75,29.28,44.57,1,1,1.0
264,97,966.91,233.01,113.04,154.59,1,1,1.0
265,13,1874.12,744.25,45.88,74.88,1,1,1.0
265,67,496.67,453.44,30.33,35.32,1,1,1.0
265,73,934.79,552.49,33.30,112.05,1,1,1.0
265,74,553.33,437.82,98.99,157.35,1,1,1.0
265,78,1575.57,584.92,84.58,128.13,1,1,1.0
265,92,1439.60,861.54,86.90,151.25,1,1,1.0
265,95,499.67,491.86,30.50,46.09,1,1,1.0
265,97,962.42,232.32,113.04,154.25,1,1,1.0
266,13,1866.69,749.62,53.31,71.61,1,1,1.0
266,67,496.67,453.44,30.33,35.32,1,1,1.0
266,73,920.81,553.38,33.30,112.05,1,1,1.0
266,74,546.62,444.81,98.60,151.22,1,1,1.0
266,78,1572.17,586.33,83.92,128.54,1,1,1.0
266,92,1436.02,862.52,83.94,151.61,1,1,1.0
266,95,501.25,493.08,31.04,45.51,1,1,1.0
266,97,957.93,231.63,113.05,153.90,1,1,1.0
267,13,1861.81,752.25,58.19,70.02,1,1,1.0
267,67,496.67,453.44,30.33,35.32,1,1,1.0
267,72,1292.70,31.93,49.02,81.62,1,1,1.0
267,73,909.82,554.27,33.30,112.05,1,1,1.0
267,74,539.90,451.81,98.21,145.09,1,1,1.0
267,78,1570.30,587.93,82.99,127.58,1,1,1.0
267,92,1431.05,863.62,85.05,152.22,1,1,1.0
267,95,501.30,493.18,30.77,45.49,1,1,1.0
267,97,953.45,230.94,113.05,153.56,1,1,1.0
268,13,1857.67,752.38,62.33,73.44,1,1,1.0
268,67,496.67,453.44,30.33,35.32,1,1,1.0
268,72,1284.72,33.59,55.18,90.53,1,1,1.0
268,73,898.83,555.16,33.30,112.04,1,1,1.0
268,74,533.18,458.81,97.83,138.96,1,1,1.0
268,78,1568.15,588.88,82.27,127.99,1,1,1.0
268,92,1426.57,866.60,86.63,151.83,1,1,1.0
268,95,501.38,493.00,29.93,45.62,1,1,1.0
268,97,947.92,232.32,113.06,153.11,1,1,1.0
269,13,1851.05,752.93,68.95,77.32,1,1,1.0
269,67,496.67,453.44,30.33,35.32,1,1,1.0
269,72,1281.27,34.46,56.95,100.40,1,1,1.0
269,73,890.50,558.49,33.30,112.04,1,1,1.0
269,74,526.47,465.80,97.43,132.83,1,1,1.0
269,78,1565.51,590.89,82.83,129.00,1,1,1.0
269,92,1423.00,870.04,87.52,149.65,1,1,1.0
269,95,501.41,493.06,29.32,46.53,1,1,1.0
269,97,942.40,233.70,113.05,152.67,1,1,1.0
270,13,1847.96,754.74,72.04,78.48,1,1,1.0
270,67,496.67,453.44,30.33,35.32,1,1,1.0
270,72,1279.44,34.33,56.79,101.35,1,1,1.0
270,73,882.18,561.82,33.30,112.04,1,1,1.0
270,74,519.75,472.80,97.05,126.70,1,1,1.0
270,77,1441.76,335.40,19.22,45.35,1,1,1.0
270,78,1563.78,592.08,82.36,130.17,1,1,1.0
270,92,1421.26,870.50,84.06,150.81,1,1,1.0
270,97,936.87,235.08,113.06,152.22,1,1,1.0
270,101,1489.37,324.60,22.52,38.79,1,1,1.0
271,13,1840.35,754.80,79.65,78.98,1,1,1.0
271,72,1277.85,32.58,55.41,103.12,1,1,1.0
271,73,869.86,562.82,33.30,112.04,1,1,1.0
271,74,511.41,472.74,99.39,127.86,1,1,1.0
271,77,1439.97,335.40,19.22,45.35,1,1,1.0
271,78,1557.83,591.85,85.45,129.94,1,1,1.0
271,92,1416.04,872.69,84.35,150.61,1,1,1.0
271,97,932.04,248.19,111.67,139.81,1,1,1.0
271,101,1488.06,321.57,28.37,45.76,1,1,1.0
272,13,1838.15,752.63,81.85,80.89,1,1,1.0
272,72,1276.36,30.80,56.09,102.70,1,1,1.0
272,73,857.54,563.81,33.30,112.05,1,1,1.0
272,74,506.51,472.69,97.05,126.70,1,1,1.0
272,77,1438.18,335.40,19.21,45.35,1,1,1.0
272,78,1556.27,590.22,86.41,131.00,1,1,1.0
272,92,1414.13,871.07,84.59,151.06,1,1,1.0
272,97,927.20,261.30,110.30,127.40,1,1,1.0
272,101,1487.73,319.55,29.84,46.74,1,1,1.0
273,13,1835.69,750.81,84.28,80.27,1,1,1.0
273,72,1275.72,29.43,56.06,100.54,1,1,1.0
273,73,852.87,563.48,33.30,112.05,1,1,1.0
273,74,503.25,472.15,97.05,126.70,1,1,1.0
273,77,1435.97,331.25,19.22,47.18,1,1,1.0
273,78,1556.51,588.61,85.97,131.12,1,1,1.0
273,92,1412.31,868.77,85.66,153.67,1,1,1.0
273,101,1488.09,316.30,30.17,48.58,1,1,1.0
274,13,1833.00,749.35,86.49,81.46,1,1,1.0
274,72,1275.78,27.60,55.08,100.86,1,1,1.0
274,73,848.21,563.15,33.30,112.04,1,1,1.0
274,74,499.99,471.61,97.05,126.70,1,1,1.0
274,77,1433.76,327.10,19.22,49.00,1,1,1.0
274,78,1555.91,588.47,84.42,130.09,1,1,1.0
274,92,1411.58,867.46,83.86,154.53,1,1,1.0
274,101,1488.70,313.62,30.60,48.81,1,1,1.0
275,13,1831.51,746.82,87.63,81.48,1,1,1.0
275,72,1275.28,23.26,54.65,101.96,1,1,1.0
275,73,836.56,561.82,33.30,112.04,1,1,1.0
275,74,496.73,471.07,97.04,126.70,1,1,1.0
275,77,1433.76,323.97,19.22,49.01,1,1,1.0
275,78,1554.84,586.87,83.75,130.17,1,1,1.0
275,92,1408.37,867.53,85.32,154.23,1,1,1.0
275,101,1488.25,312.49,31.93,47.65,1,1,1.0
276,13,1826.63,749.77,92.33,80.59,1,1,1.0
276,72,1273.87,18.55,54.25,101.17,1,1,1.0
276,73,824.90,560.48,33.30,112.05,1,1,1.0
276,74,490.40,469.35,97.04,126.70,1,1,1.0
276,77,1433.76,320.85,19.22,49.01,1,1,1.0
276,78,1553.56,581.77,84.77,132.14,1,1,1.0
276,92,1402.83,864.68,87.01,154.39,1,1,1.0
276,101,1487.86,309.52,34.16,46.62,1,1,1.0
277,13,1824.60,748.59,94.82,80.82,1,1,1.0
277,72,1273.49,14.09,54.32,103.00,1,1,1.0
277,73,819.57,559.49,33.30,112.04,1,1,1.0
277,74,484.07,467.62,97.04,126.70,1,1,1.0
277,77,1432.73,318.09,19.21,49.01,1,1,1.0
277,78,1552.51,578.60,85.71,131.85,1,1,1.0
277,92,1401.52,863.45,86.71,153.93,1,1,1.0
277,101,1487.60,306.71,35.13,48.46,1,1,1.0
278,13,1822.27,748.74,97.69,78.70,1,1,1.0
278,72,1271.49,11.68,55.68,102.39,1,1,1.0
278,73,814.24,558.49,33.30,112.04,1,1,1.0
278,74,480.32,467.04,96.49,125.57,1,1,1.0
278,77,1431.69,315.33,19.22,49.00,1,1,1.0
278,78,1551.76,577.40,86.14,130.86,1,1,1.0
278,92,1401.13,862.62,85.62,153.21,1,1,1.0
278,101,1487.12,305.68,36.72,48.62,1,1,1.0
279,13,1820.96,746.04,98.28,81.35,1,1,1.0
279,72,1271.57,8.54,56.14,102.67,1,1,1.0
279,73,808.25,557.15,33.30,112.05,1,1,1.0
279,74,476.58,466.47,95.92,124.43,1,1,1.0
279,77,1430.65,312.57,19.22,49.00,1,1,1.0
279,78,1553.13,575.16,84.40,130.78,1,1,1.0
279,92,1399.43,860.61,85.86,153.33,1,1,1.0
279,101,1489.58,302.12,36.25,46.59,1,1,1.0
280,13,1817.49,744.38,98.26,79.57,1,1,1.0
280,72,1269.97,6.23,56.24,102.35,1,1,1.0
280,73,802.26,555.82,33.30,112.05,1,1,1.0
280,74,471.52,466.35,95.80,121.79,1,1,1.0
280,77,1429.62,309.80,19.22,49.01,1,1,1.0
280,78,1550.08,573.75,84.62,129.79,1,1,1.0
280,92,1396.97,859.27,86.07,153.70,1,1,1.0
280,101,1489.65,299.62,35.78,47.50,1,1,1.0
281,13,1813.09,738.12,99.80,81.18,1,1,1.0
281,72,1268.12,0.32,57.19,100.78,1,1,1.0
281,73,791.27,551.49,33.30,112.05,1,1,1.0
281,74,466.45,466.24,95.69,119.14,1,1,1.0
281,77,1427.89,304.05,19.22,49.00,1,1,1.0
281,78,1547.84,566.88,85.63,133.96,1,1,1.0
281,92,1393.43,852.30,86.98,156.27,1,1,1.0
281,101,1488.55,293.38,40.42,48.94,1,1,1.0
282,13,1810.67,736.67,96.66,79.08,1,1,1.0
282,72,1267.38,0.00,56.76,98.44,1,1,1.0
282,73,780.28,547.16,33.30,112.05,1,1,1.0
282,74,461.39,466.12,95.57,116.50,1,1,1.0
282,77,1426.17,298.29,19.21,49.01,1,1,1.0
282,78,1546.40,565.08,85.98,133.36,1,1,1.0
282,92,1391.02,851.22,87.00,155.49,1,1,1.0
282,101,1489.82,290.77,39.56,47.95,1,1,1.0
283,13,1806.53,735.62,101.67,80.61,1,1,1.0
283,72,1266.54,0.00,56.97,95.90,1,1,1.0
283,73,772.62,545.17,33.30,114.39,1,1,1.0
283,74,456.32,466.01,95.46,113.85,1,1,1.0
283,77,1426.17,296.30,19.21,51.00,1,1,1.0
283,78,1544.22,563.01,87.04,132.84,1,1,1.0
283,92,1388.88,849.66,86.88,155.68,1,1,1.0
283,101,1491.79,288.22,38.75,46.61,1,1,1.0
284,13,1805.09,733.99,99.02,80.22,1,1,1.0
284,72,1265.91,0.00,56.22,92.74,1,1,1.0
284,73,764.96,543.17,33.30,116.73,1,1,1.0
284,74,451.25,465.89,95.35,111.21,1,1,1.0
284,77,1426.17,294.30,19.21,53.00,1,1,1.0
284,78,1543.63,560.74,86.35,132.18,1,1,1.0
284,92,1386.80,848.04,87.44,155.18,1,1,1.0
284,101,1492.42,283.60,40.16,48.32,1,1,1.0
285,13,1801.61,731.33,103.91,82.43,1,1,1.0
285,72,1265.43,0.00,55.07,89.91,1,1,1.0
285,73,755.30,542.83,33.30,116.74,1,1,1.0
285,74,446.74,470.49,95.35,105.36,1,1,1.0
285,77,1423.29,289.70,19.22,52.99,1,1,1.0
285,78,1541.53,558.60,87.52,132.50,1,1,1.0
285,92,1384.78,846.32,86.22,155.39,1,1,1.0
285,101,1491.62,282.43,41.04,49.03,1,1,1.0
286,13,1796.69,728.39,105.17,82.46,1,1,1.0
286,72,1262.72,0.00,55.48,85.36,1,1,1.0
286,73,745.64,542.50,33.30,116.73,1,1,1.0
286,74,442.24,475.10,95.34,99.50,1,1,1.0
286,77,1420.41,285.09,19.22,53.00,1,1,1.0
286,78,1539.26,554.86,85.96,132.90,1,1,1.0
286,92,1380.81,844.86,86.48,154.28,1,1,1.0
286,101,1495.22,278.17,39.14,45.32,1,1,1.0
287,13,1793.69,727.21,101.16,81.62,1,1,1.0
287,72,1260.35,0.00,55.85,81.03,1,1,1.0
287,73,737.32,541.17,33.30,116.73,1,1,1.0
287,74,437.73,479.70,95.34,93.65,1,1,1.0
287,77,1418.68,281.64,19.22,52.99,1,1,1.0
287,78,1538.55,550.70,85.77,135.27,1,1,1.0
287,92,1376.44,842.57,88.57,155.50,1,1,1.0
287,101,1495.72,274.36,39.48,45.84,1,1,1.0
288,13,1789.55,725.50,102.24,83.83,1,1,1.0
288,72,1259.15,0.00,56.01,77.30,1,1,1.0
288,73,728.99,539.84,33.30,116.73,1,1,1.0
288,74,433.22,484.30,95.34,87.80,1,1,1.0
288,77,1416.96,278.19,19.21,52.99,1,1,1.0
288,78,1536.59,548.81,86.51,135.22,1,1,1.0
288,92,1376.09,840.86,86.84,156.11,1,1,1.0
288,97,924.16,196.21,59.52,147.91,1,1,1.0
288,101,1496.78,269.41,38.87,48.43,1,1,1.0
289,13,1786.91,722.55,99.92,83.64,1,1,1.0
289,72,1258.76,0.00,55.71,73.54,1,1,1.0
289,73,723.00,537.17,33.30,116.74,1,1,1.0
289,74,428.71,488.90,95.34,81.95,1,1,1.0
289,77,1416.67,275.60,19.22,52.99,1,1,1.0
289,78,1536.72,546.21,85.79,134.21,1,1,1.0
289,92,1375.31,837.22,85.93,156.81,1,1,1.0
289,97,903.44,188.84,77.48,152.97,1,1,1.0
289,101,1497.70,265.42,39.08,50.25,1,1,1.0
290,13,1785.24,719.61,99.20,82.65,1,1,1.0
290,72,1258.80,0.02,55.95,69.49,1,1,1.0
290,73,717.01,534.51,33.30,116.73,1,1,1.0
290,74,424.20,493.50,95.35,76.10,1,1,1.0
290,77,1416.38,273.01,19.22,52.99,1,1,1.0
290,78,1535.22,543.22,85.90,133.86,1,1,1.0
290,92,1371.16,834.56,89.28,157.67,1,1,1.0
290,97,882.72,181.47,95.44,158.04,1,1,1.0
290,101,1499.75,262.80,38.62,49.48,1,1,1.0
291,13,1782.65,716.96,104.89,83.78,1,1,1.0
291,72,1260.20,0.00,56.04,65.00,1,1,1.0
291,73,711.34,533.51,33.30,116.73,1,1,1.0
291,74,423.92,491.48,94.04,75.25,1,1,1.0
291,77,1417.82,268.11,19.22,53.00,1,1,1.0
291,78,1535.85,538.48,86.31,134.13,1,1,1.0
291,92,1371.11,832.36,88.84,156.89,1,1,1.0
291,97,862.00,174.10,113.39,163.10,1,1,1.0
291,101,1502.18,259.37,40.90,47.47,1,1,1.0
292,13,1783.48,715.83,101.62,83.04,1,1,1.0
292,72,1263.34,0.00,55.76,61.33,1,1,1.0
292,73,705.68,532.51,33.30,116.73,1,1,1.0
292,74,423.65,489.47,92.73,74.38,1,1,1.0
292,77,1419.26,263.22,19.22,53.00,1,1,1.0
292,78,1538.99,537.45,85.91,133.79,1,1,1.0
292,92,1373.72,830.96,87.35,158.12,1,1,1.0
292,97,861.65,171.68,113.40,163.10,1,1,1.0
292,101,1506.67,254.54,41.68,48.84,1,1,1.0
293,13,1784.34,715.33,101.13,83.61,1,1,1.0
293,72,1264.02,0.00,57.59,60.25,1,1,1.0
293,73,699.02,528.85,36.62,118.37,1,1,1.0
293,74,423.37,487.45,91.43,73.53,1,1,1.0
293,77,1423.49,261.36,19.22,52.99,1,1,1.0
293,78,1540.12,535.12,87.52,135.31,1,1,1.0
293,92,1374.92,829.34,86.79,158.08,1,1,1.0
293,97,861.31,169.27,113.39,163.10,1,1,1.0
293,101,1511.60,251.32,40.71,50.44,1,1,1.0
294,13,1785.63,713.98,100.59,84.21,1,1,1.0
294,72,1266.55,0.00,59.32,57.18,1,1,1.0
294,73,692.36,525.19,39.94,120.01,1,1,1.0
294,74,423.10,485.44,90.11,72.66,1,1,1.0
294,77,1427.72,259.49,19.22,53.00,1,1,1.0
294,78,1542.51,533.07,88.71,135.61,1,1,1.0
294,92,1375.69,829.26,88.25,157.03,1,1,1.0
294,97,860.96,166.85,113.40,163.10,1,1,1.0
294,101,1517.59,250.22,39.74,49.03,1,1,1.0
295,13,1787.76,713.98,104.18,83.44,1,1,1.0
295,72,1270.45,0.00,59.01,55.22,1,1,1.0
295,73,692.36,524.19,39.94,121.01,1,1,1.0
295,74,425.57,466.36,90.86,88.94,1,1,1.0
295,77,1431.95,257.62,19.21,53.00,1,1,1.0
295,78,1546.03,530.86,88.37,137.04,1,1,1.0
295,92,1377.06,827.77,89.84,156.56,1,1,1.0
295,97,860.62,164.43,113.39,163.10,1,1,1.0
295,101,1520.35,248.71,43.27,46.34,1,1,1.0
296,13,1792.27,709.94,103.67,84.94,1,1,1.0
296,72,1275.84,0.02,60.31,50.42,1,1,1.0
296,73,692.36,523.19,39.94,122.01,1,1,1.0
296,74,428.03,447.27,91.61,105.24,1,1,1.0
296,77,1436.18,255.76,19.21,53.00,1,1,1.0
296,78,1554.01,528.18,86.56,136.74,1,1,1.0
296,92,1380.89,824.57,90.50,158.02,1,1,1.0
296,97,862.69,161.67,114.77,163.10,1,1,1.0
296,101,1531.94,244.77,40.86,45.97,1,1,1.0
297,13,1796.19,709.24,103.17,82.47,1,1,1.0
297,72,1280.65,0.00,58.76,46.72,1,1,1.0
297,73,692.36,522.20,39.94,123.00,1,1,1.0
297,74,430.50,428.19,92.35,121.52,1,1,1.0
297,77,1440.49,252.77,19.21,53.00,1,1,1.0
297,78,1556.32,526.02,88.48,136.79,1,1,1.0
297,92,1384.07,821.43,89.63,159.45,1,1,1.0
297,97,864.76,158.91,116.15,163.10,1,1,1.0
297,101,1537.88,239.25,40.77,48.31,1,1,1.0
298,13,1798.04,707.93,102.07,83.30,1,1,1.0
298,72,1284.66,0.02,58.65,46.03,1,1,1.0
298,73,692.36,521.20,39.94,124.00,1,1,1.0
298,74,432.97,409.10,93.09,137.82,1,1,1.0
298,77,1444.80,249.79,19.22,53.00,1,1,1.0
298,78,1561.38,523.88,88.00,137.85,1,1,1.0
298,92,1387.81,820.04,90.43,158.93,1,1,1.0
298,97,866.83,156.15,117.52,163.10,1,1,1.0
298,101,1544.37,239.09,38.41,48.16,1,1,1.0
299,13,1800.94,707.47,102.18,81.61,1,1,1.0
299,72,1288.86,0.06,57.11,42.38,1,1,1.0
299,73,693.03,518.54,39.94,124.00,1,1,1.0
299,74,435.44,390.02,93.84,154.10,1,1,1.0
299,77,1449.11,246.80,19.22,53.00,1,1,1.0
299,78,1565.50,521.51,87.45,139.23,1,1,1.0
299,92,1390.86,819.93,90.28,158.24,1,1,1.0
299,97,868.91,153.38,118.89,163.11,1,1,1.0
299,101,1550.78,236.96,40.63,47.66,1,1,1.0
300,13,1803.99,707.14,105.15,83.46,1,1,1.0
300,72,1292.93,0.00,58.82,40.17,1,1,1.0
300,73,693.70,515.87,39.93,124.00,1,1,1.0
300,74,437.91,370.93,94.58,170.40,1,1,1.0
300,77,1453.42,243.82,19.22,52.99,1,1,1.0
300,78,1568.83,519.36,88.32,138.40,1,1,1.0
300,92,1392.72,818.50,91.25,157.71,1,1,1.0
300,97,871.39,150.07,118.90,163.10,1,1,1.0
300,101,1557.76,235.49,38.36,45.67,1,1,1.0
301,13,1810.41,701.06,108.29,85.48,1,1,1.0
301,72,1302.97,0.00,56.37,35.30,1,1,1.0
301,73,692.03,510.54,38.59,124.00,1,1,1.0
301,74,440.37,351.85,95.33,186.68,1,1,1.0
301,77,1457.74,240.83,19.21,53.00,1,1,1.0
301,78,1575.26,515.67,89.98,138.04,1,1,1.0
301,92,1399.99,814.80,88.39,156.93,1,1,1.0
301,97,873.88,146.76,118.89,163.10,1,1,1.0
301,101,1565.36,230.43,43.99,47.80,1,1,1.0
302,13,1813.80,698.06,105.78,85.82,1,1,1.0
302,72,1301.22,0.02,62.42,32.18,1,1,1.0
302,73,690.37,505.21,37.23,124.00,1,1,1.0
302,74,442.39,349.16,94.94,187.16,1,1,1.0
302,77,1462.05,237.85,19.21,52.99,1,1,1.0
302,78,1579.71,512.98,89.94,139.75,1,1,1.0
302,92,1402.73,812.70,89.33,157.41,1,1,1.0
302,97,876.36,143.44,118.90,163.10,1,1,1.0
302,101,1573.07,227.18,39.70,46.68,1,1,1.0
303,13,1815.36,696.65,102.36,84.94,1,1,1.0
303,72,1304.31,0.00,63.17,29.36,1,1,1.0
303,73,689.03,503.21,36.57,122.34,1,1,1.0
303,74,444.42,346.47,94.53,187.65,1,1,1.0
303,77,1466.40,234.86,19.22,53.00,1,1,1.0
303,78,1583.20,511.16,90.79,138.58,1,1,1.0
303,92,1404.36,810.95,90.87,158.16,1,1,1.0
303,97,878.85,140.13,118.89,163.10,1,1,1.0
303,101,1578.06,223.69,43.18,49.48,1,1,1.0
304,13,1818.94,694.89,101.06,86.30,1,1,1.0
304,73,687.70,501.20,35.90,120.69,1,1,1.0
304,74,446.44,343.77,94.14,188.14,1,1,1.0
304,77,1470.75,231.88,19.22,53.00,1,1,1.0
304,78,1586.00,507.93,90.67,139.66,1,1,1.0
304,92,1405.97,810.39,91.98,156.56,1,1,1.0
304,97,881.34,136.81,118.89,163.10,1,1,1.0
304,101,1582.85,222.15,43.03,48.25,1,1,1.0
305,13,1821.74,692.54,97.80,86.53,1,1,1.0
305,73,685.37,496.54,35.90,123.35,1,1,1.0
305,74,448.46,341.08,93.74,188.62,1,1,1.0
305,77,1475.11,228.90,19.21,52.99,1,1,1.0
305,78,1589.23,506.40,91.46,139.97,1,1,1.0
305,92,1408.03,807.66,91.59,159.74,1,1,1.0
305,97,884.10,134.45,118.89,163.10,1,1,1.0
305,101,1588.02,220.53,42.34,49.08,1,1,1.0
306,13,1827.69,689.42,91.95,85.35,1,1,1.0
306,73,683.04,491.88,35.90,126.02,1,1,1.0
306,74,450.48,338.39,93.35,189.11,1,1,1.0
306,77,1479.46,225.91,19.22,53.00,1,1,1.0
306,78,1598.18,503.73,89.03,138.95,1,1,1.0
306,92,1414.36,805.47,91.45,160.32,1,1,1.0
306,97,886.86,132.08,118.89,163.10,1,1,1.0
306,101,1600.50,216.94,41.15,47.66,1,1,1.0
307,13,1829.89,688.28,89.98,85.78,1,1,1.0
307,73,682.87,489.71,35.90,126.03,1,1,1.0
307,74,452.50,335.70,92.95,189.59,1,1,1.0
307,77,1484.43,224.02,19.22,52.99,1,1,1.0
307,78,1600.99,502.91,90.42,139.30,1,1,1.0
307,92,1417.44,803.93,91.32,159.30,1,1,1.0
307,97,889.62,129.71,118.90,163.10,1,1,1.0
307,101,1605.49,215.25,40.98,48.00,1,1,1.0
308,13,1833.08,687.38,86.92,85.48,1,1,1.0
308,73,682.70,487.55,35.91,126.02,1,1,1.0
308,74,455.52,334.25,93.82,189.17,1,1,1.0
308,77,1489.41,222.13,19.22,52.99,1,1,1.0
308,78,1604.53,500.42,90.52,141.42,1,1,1.0
308,92,1420.62,804.23,91.59,158.25,1,1,1.0
308,97,892.38,127.34,118.90,163.10,1,1,1.0
308,101,1608.38,209.72,45.38,51.49,1,1,1.0
309,13,1837.28,687.57,82.72,85.59,1,1,1.0
309,73,682.54,485.38,35.90,126.03,1,1,1.0
309,74,458.54,332.80,94.69,188.74,1,1,1.0
309,77,1494.38,220.24,19.22,52.99,1,1,1.0
309,78,1608.74,500.11,89.80,141.24,1,1,1.0
309,92,1423.78,803.49,90.39,157.89,1,1,1.0
309,97,895.15,124.98,118.89,163.10,1,1,1.0
309,101,1612.35,208.21,45.33,50.95,1,1,1.0
310,13,1840.45,688.41,79.51,84.40,1,1,1.0
310,73,682.37,483.22,35.90,126.02,1,1,1.0
310,74,461.57,331.35,95.54,188.32,1,1,1.0
310,77,1499.36,218.35,19.22,52.99,1,1,1.0
310,78,1614.04,499.31,89.34,140.02,1,1,1.0
310,92,1426.02,801.98,90.52,160.10,1,1,1.0
310,97,897.91,122.61,118.89,163.10,1,1,1.0
310,101,1620.37,208.83,42.47,48.97,1,1,1.0
311,13,1849.83,689.10,70.15,81.33,1,1,1.0
311,73,684.70,482.55,35.91,126.03,1,1,1.0
311,74,464.59,329.90,96.41,187.90,1,1,1.0
311,77,1504.33,216.46,19.22,52.99,1,1,1.0
311,78,1623.15,496.12,90.01,141.82,1,1,1.0
311,92,1433.61,800.16,92.12,161.17,1,1,1.0
311,97,900.67,120.24,118.89,163.10,1,1,1.0
311,101,1631.59,206.35,42.41,49.07,1,1,1.0
312,13,1854.12,687.04,65.88,82.37,1,1,1.0
312,73,687.03,481.88,35.91,126.03,1,1,1.0
312,74,468.29,328.58,96.41,187.90,1,1,1.0
312,77,1509.23,214.80,19.21,52.99,1,1,1.0
312,78,1627.09,494.65,91.60,143.01,1,1,1.0
312,92,1436.99,799.42,92.15,159.88,1,1,1.0
312,97,904.81,119.03,118.90,163.10,1,1,1.0
312,101,1636.24,204.20,43.75,50.70,1,1,1.0
313,13,1858.28,686.01,61.72,83.80,1,1,1.0
313,73,688.37,481.55,35.90,126.03,1,1,1.0
313,74,471.99,327.27,96.41,187.90,1,1,1.0
313,77,1514.12,213.14,19.22,53.00,1,1,1.0
313,78,1631.83,493.35,90.08,142.26,1,1,1.0
313,92,1439.19,798.11,93.97,161.34,1,1,1.0
313,97,908.96,117.82,118.89,163.10,1,1,1.0
313,101,1640.22,202.15,44.99,50.57,1,1,1.0
314,13,1862.16,684.31,57.84,86.00,1,1,1.0
314,73,689.70,481.22,35.90,126.02,1,1,1.0
314,74,475.69,325.95,96.41,187.90,1,1,1.0
314,77,1519.01,211.48,19.22,53.00,1,1,1.0
314,78,1635.57,492.57,91.73,142.50,1,1,1.0
314,92,1442.39,797.55,95.96,162.41,1,1,1.0
314,97,913.10,116.61,118.89,163.11,1,1,1.0
314,101,1647.21,204.54,42.08,47.00,1,1,1.0
315,13,1865.46,685.64,54.54,83.45,1,1,1.0
315,73,692.69,478.89,35.91,126.02,1,1,1.0
315,74,479.39,324.64,96.41,187.90,1,1,1.0
315,77,1523.90,209.82,19.22,53.00,1,1,1.0
315,78,1639.54,490.64,92.67,144.99,1,1,1.0
315,92,1446.74,797.98,95.63,159.74,1,1,1.0
315,97,917.24,115.41,118.90,163.10,1,1,1.0
315,101,1651.54,202.55,44.04,48.45,1,1,1.0
316,13,1875.80,687.95,44.20,80.47,1,1,1.0
316,73,695.69,476.56,35.91,126.02,1,1,1.0
316,74,483.09,323.32,96.41,187.90,1,1,1.0
316,77,1528.80,208.16,19.21,53.00,1,1,1.0
316,78,1647.50,488.93,94.90,143.69,1,1,1.0
316,92,1455.01,796.05,93.03,161.22,1,1,1.0
316,97,921.39,114.20,118.89,163.10,1,1,1.0
316,101,1663.18,201.39,42.17,47.09,1,1,1.0
317,13,1881.05,686.58,38.95,80.80,1,1,1.0
317,73,700.02,474.89,35.90,126.03,1,1,1.0
317,74,486.79,322.01,96.41,187.90,1,1,1.0
317,77,1533.69,206.51,19.21,52.99,1,1,1.0
317,78,1653.47,488.64,94.65,143.77,1,1,1.0
317,92,1459.64,795.79,94.70,161.48,1,1,1.0
317,97,925.53,112.99,118.89,163.10,1,1,1.0
317,101,1666.59,199.55,45.20,48.14,1,1,1.0
318,13,1887.66,684.99,32.34,82.12,1,1,1.0
318,73,704.35,473.23,35.90,126.02,1,1,1.0
318,74,490.49,320.69,96.41,187.90,1,1,1.0
318,77,1540.53,205.26,19.22,53.00,1,1,1.0
318,78,1659.13,488.33,93.11,143.49,1,1,1.0
318,92,1465.25,794.21,93.63,162.37,1,1,1.0
318,97,929.67,111.78,118.90,163.10,1,1,1.0
318,101,1670.52,199.24,46.31,48.50,1,1,1.0
319,13,1893.84,685.13,26.16,82.20,1,1,1.0
319,73,709.68,470.90,35.90,126.02,1,1,1.0
319,74,497.01,319.73,96.13,187.90,1,1,1.0
319,77,1547.37,204.02,19.22,52.99,1,1,1.0
319,78,1664.21,486.98,94.17,143.58,1,1,1.0
319,92,1469.59,793.45,94.19,164.19,1,1,1.0
319,97,933.81,110.57,118.90,163.10,1,1,1.0
319,101,1677.91,197.89,44.08,49.55,1,1,1.0
320,73,715.01,468.56,35.90,126.03,1,1,1.0
320,74,503.53,318.77,95.84,187.90,1,1,1.0
320,77,1554.21,202.77,19.22,53.00,1,1,1.0
320,78,1670.15,486.56,94.35,144.53,1,1,1.0
320,92,1474.82,792.28,95.91,163.69,1,1,1.0
320,97,940.33,109.39,118.89,163.10,1,1,1.0
320,101,1682.63,197.37,46.03,48.16,1,1,1.0
321,73,723.66,467.23,35.91,126.03,1,1,1.0
321,74,510.05,317.81,95.56,187.90,1,1,1.0
321,77,1561.05,201.53,19.22,53.00,1,1,1.0
321,78,1680.59,484.28,95.58,143.12,1,1,1.0
321,92,1485.00,789.90,94.73,164.69,1,1,1.0
321,97,946.84,108.20,118.89,163.10,1,1,1.0
321,101,1695.54,194.46,42.95,48.88,1,1,1.0
322,73,732.32,465.90,35.91,126.03,1,1,1.0
322,74,516.56,316.85,95.29,187.90,1,1,1.0
322,77,1567.37,200.54,19.22,52.99,1,1,1.0
322,78,1686.39,483.25,95.07,142.99,1,1,1.0
322,92,1490.90,789.69,96.34,164.15,1,1,1.0
322,97,953.35,107.02,118.89,163.10,1,1,1.0
322,101,1699.66,192.27,45.21,49.70,1,1,1.0
323,73,739.32,462.24,35.90,126.02,1,1,1.0
323,74,523.08,315.89,95.00,187.90,1,1,1.0
323,77,1573.70,199.54,19.22,53.00,1,1,1.0
323,78,1692.46,483.22,95.64,141.88,1,1,1.0
323,92,1498.49,788.13,94.26,165.24,1,1,1.0
323,97,959.86,105.84,118.89,163.10,1,1,1.0
323,101,1704.57,191.43,45.04,49.65,1,1,1.0
324,73,746.31,458.57,35.90,126.03,1,1,1.0
324,74,529.60,314.94,94.72,187.90,1,1,1.0
324,77,1580.03,198.55,19.21,52.99,1,1,1.0
324,78,1699.91,479.47,95.27,144.48,1,1,1.0
324,92,1503.80,787.05,96.15,163.33,1,1,1.0
324,97,966.37,104.65,118.89,163.10,1,1,1.0
324,101,1710.15,189.55,46.88,50.94,1,1,1.0
325,73,753.30,456.24,35.91,126.03,1,1,1.0
325,74,535.93,314.55,94.72,187.90,1,1,1.0
325,77,1586.35,197.55,19.22,53.00,1,1,1.0
325,78,1704.60,475.81,96.46,145.39,1,1,1.0
325,92,1509.24,784.99,95.30,163.70,1,1,1.0
325,97,972.88,103.47,118.89,163.10,1,1,1.0
325,101,1716.66,189.13,44.99,48.66,1,1,1.0
326,73,760.29,453.91,35.91,126.03,1,1,1.0
326,74,542.26,314.17,94.72,187.90,1,1,1.0
326,77,1592.68,196.56,19.21,52.99,1,1,1.0
326,78,1716.25,475.56,95.39,146.34,1,1,1.0
326,92,1517.87,786.05,97.31,163.61,1,1,1.0
326,97,979.39,102.29,118.89,163.10,1,1,1.0
326,101,1728.63,187.23,45.29,48.39,1,1,1.0
327,73,765.62,456.91,35.91,126.02,1,1,1.0
327,74,548.60,313.79,94.71,187.89,1,1,1.0
327,77,1599.00,195.56,19.22,53.00,1,1,1.0
327,78,1720.28,476.83,96.74,146.35,1,1,1.0
327,92,1523.41,788.47,95.92,162.98,1,1,1.0
327,97,984.91,102.52,118.90,163.10,1,1,1.0
327,101,1731.76,186.82,45.81,49.90,1,1,1.0
328,73,770.95,459.91,35.91,126.02,1,1,1.0
328,74,554.35,314.36,94.72,187.90,1,1,1.0
328,77,1605.33,194.57,19.22,52.99,1,1,1.0
328,78,1727.10,480.02,96.06,144.53,1,1,1.0
328,92,1528.14,788.42,96.61,165.86,1,1,1.0
328,97,990.44,102.75,118.89,163.10,1,1,1.0
328,101,1738.01,188.59,43.91,49.59,1,1,1.0
329,73,775.61,459.91,35.91,126.02,1,1,1.0
329,74,560.11,314.94,94.72,187.90,1,1,1.0
329,77,1611.92,194.94,19.22,52.99,1,1,1.0
329,78,1732.96,480.81,95.63,144.04,1,1,1.0
329,92,1534.17,788.86,98.00,165.41,1,1,1.0
329,97,995.96,102.98,118.90,163.10,1,1,1.0
329,101,1743.48,187.31,45.78,47.64,1,1,1.0
330,68,16.46,299.35,26.26,22.68,1,1,1.0
330,69,0.00,271.00,23.33,35.99,1,1,1.0
330,73,780.28,459.91,35.90,126.02,1,1,1.0
330,74,565.87,315.51,94.71,187.90,1,1,1.0
330,77,1618.51,195.31,19.22,53.00,1,1,1.0
330,78,1737.48,482.66,96.93,142.85,1,1,1.0
330,92,1539.75,789.81,96.25,164.41,1,1,1.0
330,97,1001.49,103.21,118.89,163.10,1,1,1.0
330,101,1748.65,186.48,44.81,48.68,1,1,1.0
331,68,22.43,299.39,26.21,22.73,1,1,1.0
331,69,6.33,270.78,23.33,35.99,1,1,1.0
331,73,785.27,462.24,35.90,126.02,1,1,1.0
331,74,571.43,316.47,94.72,187.90,1,1,1.0
331,77,1625.10,195.69,19.22,52.99,1,1,1.0
331,78,1749.16,482.27,96.49,146.06,1,1,1.0
331,92,1549.49,793.91,98.25,164.42,1,1,1.0
331,97,1007.01,103.44,118.89,163.10,1,1,1.0
331,101,1759.45,186.62,45.41,47.86,1,1,1.0
332,68,28.39,299.43,26.16,22.78,1,1,1.0
332,69,12.65,270.56,23.34,35.98,1,1,1.0
332,73,790.27,464.57,35.90,126.02,1,1,1.0
332,74,576.99,317.43,94.72,187.90,1,1,1.0
332,77,1631.70,196.06,19.21,52.99,1,1,1.0
332,78,1754.28,483.57,98.38,145.64,1,1,1.0
332,92,1556.61,795.19,94.95,165.43,1,1,1.0
332,97,1012.54,103.67,118.89,163.10,1,1,1.0
332,101,1763.05,185.48,46.51,49.29,1,1,1.0
333,68,34.35,299.48,26.12,22.81,1,1,1.0
333,69,18.98,270.33,23.33,35.99,1,1,1.0
333,73,795.26,464.57,35.90,126.02,1,1,1.0
333,74,582.56,318.39,94.71,187.90,1,1,1.0
333,77,1637.67,194.44,19.21,53.00,1,1,1.0
333,78,1760.35,482.93,97.51,145.50,1,1,1.0
333,92,1560.87,794.34,97.53,166.23,1,1,1.0
333,97,1016.88,102.48,118.89,163.10,1,1,1.0
333,101,1768.74,182.98,46.82,51.67,1,1,1.0
334,68,40.32,299.52,26.06,22.86,1,1,1.0
334,69,25.31,270.11,23.33,35.99,1,1,1.0
334,73,800.26,464.57,35.90,126.02,1,1,1.0
334,74,586.78,316.86,94.72,187.90,1,1,1.0
334,77,1643.64,192.82,19.21,53.00,1,1,1.0
334,78,1765.11,482.21,98.66,145.98,1,1,1.0
334,92,1565.00,794.90,98.52,164.97,1,1,1.0
334,97,1021.22,101.30,118.89,163.10,1,1,1.0
334,101,1774.82,185.30,45.68,48.72,1,1,1.0
335,68,46.28,299.56,26.01,22.91,1,1,1.0
335,69,31.64,269.89,23.33,35.99,1,1,1.0
335,73,804.58,462.57,35.91,126.03,1,1,1.0
335,74,591.00,315.32,94.72,187.90,1,1,1.0
335,77,1649.61,191.21,19.21,52.99,1,1,1.0
335,78,1770.21,479.93,99.22,145.93,1,1,1.0
335,92,1570.38,792.84,97.08,166.64,1,1,1.0
335,97,1025.56,100.11,118.89,163.10,1,1,1.0
335,101,1778.71,183.95,46.12,49.03,1,1,1.0
336,68,52.25,299.60,25.96,22.96,1,1,1.0
336,69,37.96,269.67,23.33,35.99,1,1,1.0
336,73,808.91,460.57,35.91,126.03,1,1,1.0
336,74,595.22,313.79,94.72,187.89,1,1,1.0
336,77,1655.58,189.59,19.21,53.00,1,1,1.0
336,78,1780.33,476.00,98.59,148.81,1,1,1.0
336,92,1578.65,791.47,101.36,165.10,1,1,1.0
336,97,1029.90,98.93,118.89,163.10,1,1,1.0
336,100,4.16,186.30,23.10,28.12,1,1,1.0
336,101,1789.10,180.07,46.53,51.84,1,1,1.0
337,68,58.21,299.65,25.91,23.00,1,1,1.0
337,69,43.44,270.04,23.33,35.99,1,1,1.0
337,73,812.24,458.91,35.91,126.02,1,1,1.0
337,74,599.44,312.83,93.59,188.86,1,1,1.0
337,77,1660.43,187.97,19.21,53.00,1,1,1.0
337,78,1786.58,475.35,99.08,149.31,1,1,1.0
337,92,1584.08,790.64,97.48,167.26,1,1,1.0
337,97,1034.24,97.75,118.89,163.10,1,1,1.0
337,100,9.73,186.36,23.14,28.20,1,1,1.0
337,101,1792.27,180.88,48.41,50.22,1,1,1.0
338,68,64.17,299.69,25.87,23.05,1,1,1.0
338,69,48.92,270.41,23.33,35.99,1,1,1.0
338,73,815.57,457.24,35.91,126.03,1,1,1.0
338,74,603.66,311.87,92.45,189.82,1,1,1.0
338,77,1665.28,186.36,19.21,52.99,1,1,1.0
338,78,1791.25,475.32,97.49,148.82,1,1,1.0
338,92,1586.78,791.85,103.09,165.36,1,1,1.0
338,97,1038.58,96.56,118.89,163.10,1,1,1.0
338,100,15.30,186.42,23.18,28.29,1,1,1.0
338,101,1798.08,179.83,48.00,50.42,1,1,1.0
339,68,70.14,299.73,25.81,23.10,1,1,1.0
339,69,54.39,270.78,23.33,35.99,1,1,1.0
339,73,819.90,457.58,35.91,126.02,1,1,1.0
339,74,607.89,310.91,91.31,190.79,1,1,1.0
339,77,1670.13,184.74,19.22,52.99,1,1,1.0
339,78,1796.83,475.76,97.72,149.15,1,1,1.0
339,92,1592.47,791.52,101.75,166.14,1,1,1.0
339,97,1042.92,95.38,118.89,163.10,1,1,1.0
339,100,20.88,186.47,23.21,28.38,1,1,1.0
339,101,1803.42,178.90,47.51,51.17,1,1,1.0
340,68,76.10,299.77,25.77,23.15,1,1,1.0
340,69,59.87,271.15,23.33,35.99,1,1,1.0
340,73,824.23,457.91,35.91,126.02,1,1,1.0
340,74,613.07,311.10,91.31,190.79,1,1,1.0
340,77,1674.98,183.12,19.22,53.00,1,1,1.0
340,78,1802.02,474.64,98.70,149.51,1,1,1.0
340,92,1597.49,791.30,99.02,167.16,1,1,1.0
340,97,1045.56,94.88,118.89,163.35,1,1,1.0
340,100,26.45,186.53,23.25,28.46,1,1,1.0
340,101,1808.12,178.31,47.18,51.38,1,1,1.0
341,68,82.06,299.82,25.72,23.19,1,1,1.0
341,69,65.34,271.52,23.33,35.99,1,1,1.0
341,73,829.56,457.91,35.90,126.02,1,1,1.0
341,74,618.25,311.29,91.31,190.79,1,1,1.0
341,77,1680.15,182.72,19.02,53.00,1,1,1.0
341,78,1811.14,474.65,99.00,150.42,1,1,1.0
341,92,1606.64,792.94,102.60,167.68,1,1,1.0
341,97,1048.19,94.38,118.90,163.60,1,1,1.0
341,100,32.02,186.59,23.29,28.55,1,1,1.0
341,101,1819.37,179.17,46.87,50.05,1,1,1.0
342,68,88.03,299.86,25.67,23.23,1,1,1.0
342,69,70.82,271.89,23.33,35.99,1,1,1.0
342,73,834.89,457.91,35.90,126.02,1,1,1.0
342,74,623.43,311.48,91.31,190.79,1,1,1.0
342,77,1685.32,182.33,18.82,52.99,1,1,1.0
342,78,1815.56,474.53,99.29,150.43,1,1,1.0
342,92,1609.63,792.85,102.37,168.14,1,1,1.0
342,97,1050.83,93.88,118.89,163.85,1,1,1.0
342,100,37.59,186.65,23.33,28.63,1,1,1.0
342,101,1822.04,177.78,47.91,50.55,1,1,1.0
343,68,93.99,299.90,25.62,23.28,1,1,1.0
343,69,76.30,272.26,23.33,35.99,1,1,1.0
343,73,836.89,457.58,35.90,126.02,1,1,1.0
343,74,625.54,311.03,91.32,190.79,1,1,1.0
343,77,1690.49,181.93,18.63,52.99,1,1,1.0
343,78,1819.97,474.58,97.66,150.47,1,1,1.0
343,92,1613.02,792.84,103.19,168.93,1,1,1.0
343,97,1053.47,93.39,118.89,164.09,1,1,1.0
343,100,42.97,188.11,23.36,26.92,1,1,1.0
343,101,1828.21,178.70,46.94,48.97,1,1,1.0
344,68,95.80,299.50,27.10,24.16,1,1,1.0
344,69,81.77,272.63,23.33,35.99,1,1,1.0
344,73,838.88,457.24,35.91,126.03,1,1,1.0
344,74,627.66,310.57,91.31,190.79,1,1,1.0
344,77,1695.66,181.53,18.43,53.00,1,1,1.0
344,78,1824.32,475.10,95.05,149.27,1,1,1.0
344,92,1616.04,793.24,104.79,168.57,1,1,1.0
344,97,1056.10,92.89,118.90,164.33,1,1,1.0
344,100,48.34,189.57,23.40,25.20,1,1,1.0
344,101,1831.08,177.80,48.35,49.18,1,1,1.0
345,68,103.00,300.60,24.92,22.55,1,1,1.0
345,69,87.25,273.00,23.33,35.99,1,1,1.0
345,73,838.88,456.58,35.91,126.02,1,1,1.0
345,74,629.78,310.11,91.31,190.80,1,1,1.0
345,77,1700.83,181.13,18.23,53.00,1,1,1.0
345,78,1827.18,475.31,92.25,149.48,1,1,1.0
345,92,1620.71,793.76,103.28,168.52,1,1,1.0
345,97,1058.74,92.39,118.89,164.58,1,1,1.0
345,100,53.72,191.04,23.44,23.48,1,1,1.0
345,101,1836.42,175.03,47.10,50.97,1,1,1.0
346,68,110.50,301.50,24.19,23.31,1,1,1.0
346,69,90.13,273.00,23.34,35.99,1,1,1.0
346,73,838.88,455.91,35.91,126.03,1,1,1.0
346,74,631.89,309.66,91.32,190.79,1,1,1.0
346,77,1706.01,180.73,18.03,53.00,1,1,1.0
346,78,1836.13,475.14,83.87,150.59,1,1,1.0
346,92,1625.78,794.74,103.95,170.76,1,1,1.0
346,97,1061.38,91.89,118.89,164.83,1,1,1.0
346,100,59.09,192.50,23.48,21.77,1,1,1.0
346,101,1844.17,176.58,48.71,50.34,1,1,1.0
347,68,112.90,299.90,25.07,24.17,1,1,1.0
347,69,93.02,273.00,23.33,35.99,1,1,1.0
347,73,839.22,454.58,35.90,126.02,1,1,1.0
347,74,634.01,309.20,91.31,190.80,1,1,1.0
347,77,1708.39,177.15,18.04,53.00,1,1,1.0
347,78,1838.94,474.73,81.06,149.95,1,1,1.0
347,92,1627.51,794.74,105.68,170.07,1,1,1.0
347,97,1064.01,91.39,118.90,165.08,1,1,1.0
347,100,61.60,191.90,23.52,21.96,1,1,1.0
347,101,1848.53,175.65,47.35,49.92,1,1,1.0
348,68,116.13,299.95,24.98,23.97,1,1,1.0
348,69,95.91,273.00,23.33,35.99,1,1,1.0
348,73,839.55,453.25,35.90,126.02,1,1,1.0
348,74,636.12,308.75,91.32,190.79,1,1,1.0
348,77,1710.33,176.68,18.03,52.99,1,1,1.0
348,78,1841.58,473.83,78.42,151.15,1,1,1.0
348,92,1630.41,794.28,104.14,170.18,1,1,1.0
348,97,1066.65,90.90,118.89,165.32,1,1,1.0
348,100,64.11,191.30,23.56,22.16,1,1,1.0
348,101,1851.77,174.95,46.78,49.98,1,1,1.0
349,68,119.35,300.00,24.91,23.77,1,1,1.0
349,69,98.79,273.00,23.33,35.99,1,1,1.0
349,73,838.22,452.25,35.90,126.02,1,1,1.0
349,74,635.60,308.05,91.32,190.80,1,1,1.0
349,77,1712.27,176.20,18.03,52.99,1,1,1.0
349,78,1842.63,472.01,77.37,152.54,1,1,1.0
349,92,1630.91,793.09,106.15,170.81,1,1,1.0
349,97,1069.29,90.40,118.89,165.57,1,1,1.0
349,100,66.62,190.69,23.60,22.36,1,1,1.0
349,101,1855.47,175.32,45.70,49.81,1,1,1.0
350,68,122.58,300.05,24.82,23.57,1,1,1.0
350,69,101.68,273.00,23.33,35.99,1,1,1.0
350,73,836.89,451.25,35.90,126.02,1,1,1.0
350,74,635.08,307.36,91.31,190.79,1,1,1.0
350,77,1714.21,175.72,18.03,53.00,1,1,1.0
350,78,1844.25,471.02,75.72,153.54,1,1,1.0
350,92,1631.79,792.56,105.93,171.40,1,1,1.0
350,97,1071.92,89.90,118.90,165.82,1,1,1.0
350,100,69.28,191.13,23.64,22.56,1,1,1.0
350,101,1858.68,174.52,47.12,50.60,1,1,1.0
351,68,125.80,300.10,24.74,23.37,1,1,1.0
351,69,104.57,273.00,23.33,35.99,1,1,1.0
351,73,831.23,449.92,35.90,126.02,1,1,1.0
351,74,634.56,306.67,91.31,190.79,1,1,1.0
351,77,1716.14,175.24,18.03,53.00,1,1,1.0
351,78,1846.47,470.54,73.43,152.76,1,1,1.0
351,92,1632.72,791.77,104.10,172.11,1,1,1.0
351,97,1070.56,89.20,120.26,166.52,1,1,1.0
351,100,71.94,191.58,23.68,22.75,1,1,1.0
351,101,1861.54,175.44,48.57,47.06,1,1,1.0
352,68,125.40,300.10,28.10,23.17,1,1,1.0
352,69,107.45,273.00,23.33,35.99,1,1,1.0
352,73,825.56,448.58,35.91,126.03,1,1,1.0
352,74,634.04,305.97,91.31,190.79,1,1,1.0
352,77,1718.08,174.77,18.03,52.99,1,1,1.0
352,78,1846.30,470.52,73.61,152.76,1,1,1.0
352,92,1632.00,792.37,104.22,172.45,1,1,1.0
352,97,1069.20,88.50,121.62,167.22,1,1,1.0
352,100,74.60,192.02,23.71,22.95,1,1,1.0
352,101,1864.62,174.96,47.32,46.80,1,1,1.0
353,68,130.10,301.80,25.27,21.67,1,1,1.0
353,69,110.34,273.00,23.33,35.99,1,1,1.0
353,73,818.24,445.59,35.90,126.02,1,1,1.0
353,74,629.66,303.61,91.31,190.79,1,1,1.0
353,77,1716.91,172.10,18.04,53.50,1,1,1.0
353,78,1845.61,470.10,74.31,152.13,1,1,1.0
353,92,1631.04,791.62,104.26,172.23,1,1,1.0
353,97,1065.85,86.33,121.61,167.22,1,1,1.0
353,100,77.26,192.46,23.75,23.14,1,1,1.0
353,101,1866.43,173.93,46.52,47.13,1,1,1.0
354,68,130.20,299.30,23.40,23.58,1,1,1.0
354,69,113.22,273.00,23.34,35.99,1,1,1.0
354,73,810.91,442.59,35.91,126.02,1,1,1.0
354,74,625.28,301.24,91.31,190.80,1,1,1.0
354,77,1715.75,169.44,18.03,53.99,1,1,1.0
354,78,1844.60,469.37,75.35,151.63,1,1,1.0
354,92,1629.58,790.87,104.50,171.57,1,1,1.0
354,97,1062.49,84.16,121.62,167.22,1,1,1.0
354,100,77.97,191.15,23.78,23.34,1,1,1.0
354,101,1867.13,173.95,47.98,46.94,1,1,1.0
355,69,112.85,273.22,23.34,35.99,1,1,1.0
355,73,802.25,438.26,35.91,126.03,1,1,1.0
355,74,620.90,298.88,91.31,190.79,1,1,1.0
355,77,1714.58,166.77,18.03,54.50,1,1,1.0
355,78,1843.26,468.51,76.69,150.29,1,1,1.0
355,92,1627.48,789.66,105.78,171.57,1,1,1.0
355,97,1059.14,81.99,121.61,167.22,1,1,1.0
355,100,78.67,189.83,23.82,23.54,1,1,1.0
355,101,1869.03,173.32,47.45,46.87,1,1,1.0
356,69,112.48,273.44,23.34,35.99,1,1,1.0
356,73,793.60,433.93,35.90,126.03,1,1,1.0
356,74,616.52,296.51,91.31,190.80,1,1,1.0
356,77,1713.42,164.11,18.03,54.99,1,1,1.0
356,78,1841.34,465.65,78.66,150.40,1,1,1.0
356,92,1623.37,788.34,103.23,171.75,1,1,1.0
356,97,1055.78,79.82,121.62,167.22,1,1,1.0
356,101,1870.19,169.74,47.50,49.09,1,1,1.0
357,69,112.11,273.66,23.34,35.99,1,1,1.0
357,73,785.94,432.60,35.90,126.02,1,1,1.0
357,74,613.84,295.94,91.31,190.79,1,1,1.0
357,77,1710.98,164.44,18.03,54.99,1,1,1.0
357,78,1839.85,464.96,80.15,150.88,1,1,1.0
357,92,1618.89,786.64,105.05,172.10,1,1,1.0
357,97,1052.43,77.65,121.62,167.22,1,1,1.0
357,101,1871.54,170.32,47.15,48.00,1,1,1.0
358,68,128.30,299.60,26.70,23.46,1,1,1.0
358,69,111.74,273.89,23.34,35.98,1,1,1.0
358,73,778.28,431.27,35.90,126.02,1,1,1.0
358,74,611.15,295.36,91.31,190.80,1,1,1.0
358,77,1708.53,164.78,18.03,54.99,1,1,1.0
358,78,1838.02,463.38,81.98,152.17,1,1,1.0
358,92,1614.75,786.07,106.54,172.55,1,1,1.0
358,97,1049.08,75.48,121.61,167.22,1,1,1.0
358,101,1871.23,170.54,47.58,47.14,1,1,1.0
359,68,130.50,300.30,23.70,21.89,1,1,1.0
359,69,111.37,274.11,23.34,35.99,1,1,1.0
359,73,770.29,430.93,36.90,130.37,1,1,1.0
359,74,608.46,294.79,91.32,190.79,1,1,1.0
359,77,1706.09,165.11,18.03,54.99,1,1,1.0
359,78,1836.40,461.96,83.60,153.34,1,1,1.0
359,92,1612.25,786.52,105.62,173.85,1,1,1.0
359,97,1045.72,73.31,121.62,167.22,1,1,1.0
359,101,1870.45,169.10,48.51,48.37,1,1,1.0
360,68,128.70,300.40,25.50,21.98,1,1,1.0
360,69,111.00,274.33,23.34,35.99,1,1,1.0
360,73,762.29,430.60,37.91,134.70,1,1,1.0
360,74,602.42,296.51,91.31,190.80,1,1,1.0
360,77,1703.65,165.44,18.03,54.99,1,1,1.0
360,78,1833.77,461.21,86.23,154.70,1,1,1.0
360,92,1609.53,788.26,104.80,172.45,1,1,1.0
360,97,1038.82,71.93,121.61,167.22,1,1,1.0
360,101,1869.59,169.14,49.40,48.11,1,1,1.0
361,68,126.40,298.90,27.30,24.73,1,1,1.0
361,69,110.63,274.55,23.34,35.99,1,1,1.0
361,73,748.64,432.60,37.91,134.70,1,1,1.0
361,74,596.38,298.24,91.31,190.80,1,1,1.0
361,77,1701.21,165.77,18.03,55.00,1,1,1.0
361,78,1827.19,463.04,92.81,154.99,1,1,1.0
361,92,1603.38,789.71,105.07,175.14,1,1,1.0
361,97,1033.29,73.65,121.62,167.22,1,1,1.0
361,101,1868.34,168.66,50.22,49.49,1,1,1.0
362,68,127.70,299.90,25.40,24.32,1,1,1.0
362,69,110.26,274.77,23.34,35.99,1,1,1.0
362,73,734.99,434.60,37.90,134.70,1,1,1.0
362,74,591.48,298.53,91.32,190.79,1,1,1.0
362,77,1698.77,166.11,18.03,54.99,1,1,1.0
362,78,1824.00,465.25,96.00,153.99,1,1,1.0
362,92,1600.02,791.92,103.34,175.57,1,1,1.0
362,97,1027.77,75.38,121.62,167.22,1,1,1.0
362,101,1868.85,169.48,49.55,49.15,1,1,1.0
363,68,126.90,300.80,26.80,24.66,1,1,1.0
363,69,109.89,275.00,23.34,35.98,1,1,1.0
363,73,724.00,435.93,38.25,137.37,1,1,1.0
363,74,586.59,298.82,91.31,190.79,1,1,1.0
363,77,1694.86,168.20,18.04,54.99,1,1,1.0
363,78,1820.92,467.34,99.08,153.70,1,1,1.0
363,92,1595.17,794.30,104.12,175.40,1,1,1.0
363,97,1022.25,77.11,121.61,167.21,1,1,1.0
363,101,1867.56,171.46,50.54,48.11,1,1,1.0
364,68,125.39,302.90,25.71,24.26,1,1,1.0
364,69,109.23,277.33,23.33,35.99,1,1,1.0
364,73,713.01,437.26,38.59,140.04,1,1,1.0
364,74,581.40,298.82,96.50,90.08,1,1,1.0
364,77,1690.96,170.29,18.03,54.99,1,1,1.0
364,78,1816.60,470.38,101.46,155.14,1,1,1.0
364,92,1589.21,798.81,104.14,173.83,1,1,1.0
364,97,1016.72,78.83,121.62,167.22,1,1,1.0
364,101,1866.56,173.30,50.74,47.60,1,1,1.0
365,68,123.89,303.70,25.41,25.16,1,1,1.0
365,69,108.56,279.66,23.33,35.99,1,1,1.0
365,73,696.02,439.93,38.60,140.03,1,1,1.0
365,74,572.48,301.55,96.80,94.40,1,1,1.0
365,77,1687.06,172.39,18.03,54.99,1,1,1.0
365,78,1812.57,472.50,101.98,156.98,1,1,1.0
365,92,1584.21,802.83,105.42,172.56,1,1,1.0
365,97,1010.38,80.77,121.33,168.05,1,1,1.0
365,101,1866.44,174.64,50.54,49.11,1,1,1.0
366,69,107.56,287.63,23.33,28.02,1,1,1.0
366,73,679.04,442.59,38.59,140.04,1,1,1.0
366,74,563.55,304.29,97.10,98.71,1,1,1.0
366,77,1683.16,174.48,18.03,54.99,1,1,1.0
366,78,1805.07,474.96,99.76,157.20,1,1,1.0
366,92,1573.59,807.96,106.68,171.72,1,1,1.0
366,97,1004.03,82.70,121.05,168.89,1,1,1.0
366,101,1867.04,177.17,48.62,47.63,1,1,1.0
367,69,106.56,295.60,23.34,20.05,1,1,1.0
367,73,670.05,447.25,38.59,140.04,1,1,1.0
367,74,554.63,307.02,97.40,103.03,1,1,1.0
367,77,1679.26,176.57,18.03,54.99,1,1,1.0
367,78,1800.76,476.72,103.27,157.13,1,1,1.0
367,92,1569.82,810.06,105.33,172.55,1,1,1.0
367,97,997.69,84.63,120.76,169.73,1,1,1.0
367,101,1866.69,178.25,48.82,47.94,1,1,1.0
368,73,661.06,451.91,38.59,140.04,1,1,1.0
368,74,545.70,309.75,97.70,107.35,1,1,1.0
368,77,1675.36,178.67,18.03,54.99,1,1,1.0
368,78,1796.70,481.75,104.15,155.32,1,1,1.0
368,92,1566.68,812.18,102.16,174.17,1,1,1.0
368,97,991.34,86.57,120.48,170.56,1,1,1.0
368,101,1867.32,178.47,47.45,48.57,1,1,1.0
369,73,652.77,454.68,38.59,140.04,1,1,1.0
369,74,539.73,313.04,97.70,110.94,1,1,1.0
369,77,1671.46,180.76,18.03,54.99,1,1,1.0
369,78,1792.83,485.18,104.06,154.92,1,1,1.0
369,92,1561.85,815.78,103.08,173.10,1,1,1.0
369,97,985.00,88.50,120.19,171.40,1,1,1.0
369,101,1866.06,184.49,48.00,45.95,1,1,1.0
370,73,644.48,457.44,38.60,140.04,1,1,1.0
370,74,533.76,316.32,97.70,114.53,1,1,1.0
370,77,1667.46,183.76,18.03,54.99,1,1,1.0
370,78,1790.43,486.78,102.53,157.77,1,1,1.0
370,92,1555.03,816.12,105.11,177.88,1,1,1.0
370,97,981.09,90.34,120.19,171.40,1,1,1.0
370,101,1865.74,187.01,48.20,44.58,1,1,1.0
371,73,632.75,462.96,38.59,140.04,1,1,1.0
371,74,527.80,319.60,97.70,118.13,1,1,1.0
371,77,1663.47,186.75,18.03,54.99,1,1,1.0
371,78,1782.46,493.73,103.34,156.72,1,1,1.0
371,92,1547.46,824.82,104.13,176.17,1,1,1.0
371,97,977.17,92.18,120.20,171.40,1,1,1.0
371,101,1865.96,190.95,46.60,46.48,1,1,1.0
372,67,830.13,387.21,19.67,21.59,1,1,1.0
372,73,621.01,468.49,38.59,140.04,1,1,1.0
372,74,521.83,322.88,97.70,121.72,1,1,1.0
372,77,1659.47,189.75,18.03,54.99,1,1,1.0
372,78,1779.21,497.31,102.40,154.46,1,1,1.0
372,92,1542.07,828.24,106.72,174.07,1,1,1.0
372,95,822.10,409.52,36.23,35.30,1,1,1.0
372,97,973.26,94.02,120.20,171.40,1,1,1.0
372,101,1865.63,191.97,46.58,47.53,1,1,1.0
373,67,828.10,386.28,21.80,24.29,1,1,1.0
373,73,615.61,467.72,38.59,140.04,1,1,1.0
373,74,520.06,323.75,97.70,121.71,1,1,1.0
373,77,1655.47,192.75,18.04,54.99,1,1,1.0
373,78,1776.75,497.35,104.29,154.35,1,1,1.0
373,92,1539.31,828.73,106.43,174.71,1,1,1.0
373,95,823.74,411.65,35.24,33.02,1,1,1.0
373,97,969.35,95.87,120.19,171.40,1,1,1.0
373,101,1864.10,193.38,47.97,47.73,1,1,1.0
374,67,826.06,385.35,23.93,26.98,1,1,1.0
374,73,610.22,466.95,38.59,140.04,1,1,1.0
374,74,518.30,324.61,97.70,121.72,1,1,1.0
374,77,1654.14,194.08,18.03,57.93,1,1,1.0
374,78,1775.23,498.59,103.36,153.69,1,1,1.0
374,92,1536.87,829.14,106.29,174.18,1,1,1.0
374,95,824.09,414.02,34.15,32.50,1,1,1.0
374,97,965.44,97.71,120.19,171.40,1,1,1.0
374,100,68.40,199.98,23.82,23.82,1,1,1.0
374,101,1863.94,195.25,47.69,47.14,1,1,1.0
375,67,824.03,384.43,26.05,29.67,1,1,1.0
375,73,604.82,466.56,38.59,140.04,1,1,1.0
375,74,516.53,325.47,97.70,121.72,1,1,1.0
375,77,1652.81,195.41,18.03,60.87,1,1,1.0
375,78,1773.63,499.00,102.79,155.67,1,1,1.0
375,92,1534.64,828.81,105.35,175.89,1,1,1.0
375,95,824.84,415.64,33.21,32.72,1,1,1.0
375,97,961.52,99.55,120.20,171.40,1,1,1.0
375,100,68.82,201.68,23.75,24.11,1,1,1.0
375,101,1865.21,199.11,46.28,46.16,1,1,1.0
376,67,822.00,383.50,28.18,32.36,1,1,1.0
376,73,599.43,466.18,38.59,140.03,1,1,1.0
376,74,514.77,326.34,97.70,121.71,1,1,1.0
376,77,1651.48,196.74,18.03,63.82,1,1,1.0
376,78,1769.92,499.15,102.60,156.78,1,1,1.0
376,92,1531.28,831.15,106.31,174.51,1,1,1.0
376,95,824.91,417.72,32.80,31.26,1,1,1.0
376,97,959.80,101.62,120.19,171.40,1,1,1.0
376,100,69.23,203.38,23.70,24.40,1,1,1.0
376,101,1865.28,202.96,47.12,45.42,1,1,1.0
377,67,822.00,386.33,28.18,31.14,1,1,1.0
377,73,597.89,466.18,38.59,140.03,1,1,1.0
377,74,513.00,327.20,97.70,121.72,1,1,1.0
377,77,1650.15,198.08,18.03,66.75,1,1,1.0
377,78,1767.86,501.86,104.48,156.86,1,1,1.0
377,92,1529.18,832.35,106.06,174.57,1,1,1.0
377,95,825.79,420.59,32.55,30.14,1,1,1.0
377,97,958.07,103.69,120.19,171.40,1,1,1.0
377,100,69.65,205.08,23.64,24.69,1,1,1.0
377,101,1866.28,204.61,46.04,44.33,1,1,1.0
378,67,822.00,389.17,28.18,29.91,1,1,1.0
378,73,596.35,466.18,38.59,140.03,1,1,1.0
378,74,511.24,328.06,97.70,121.72,1,1,1.0
378,77,1648.81,199.41,18.04,69.69,1,1,1.0
378,78,1767.50,502.79,103.94,157.08,1,1,1.0
378,92,1527.51,833.77,106.33,174.12,1,1,1.0
378,95,825.76,420.88,32.62,32.43,1,1,1.0
378,97,956.34,105.76,120.20,171.40,1,1,1.0
378,100,70.07,206.78,23.57,24.98,1,1,1.0
378,101,1866.19,206.61,45.78,43.37,1,1,1.0
379,67,822.00,392.00,28.18,28.69,1,1,1.0
379,73,594.03,466.95,38.60,140.03,1,1,1.0
379,74,509.47,328.93,97.70,121.71,1,1,1.0
379,77,1648.62,201.22,18.04,69.69,1,1,1.0
379,78,1766.98,503.90,104.47,157.15,1,1,1.0
379,92,1527.80,836.35,105.46,174.24,1,1,1.0
379,95,826.30,422.43,32.22,33.05,1,1,1.0
379,97,954.62,107.84,120.19,171.40,1,1,1.0
379,100,70.48,208.47,23.52,25.27,1,1,1.0
379,101,1866.57,208.16,45.53,46.61,1,1,1.0
380,14,1556.14,0.06,18.66,31.24,1,1,1.0
380,67,822.16,394.02,28.17,28.69,1,1,1.0
380,73,591.72,467.72,38.59,140.04,1,1,1.0
380,74,508.31,330.34,98.48,121.72,1,1,1.0
380,77,1648.43,203.02,18.03,69.70,1,1,1.0
380,78,1766.25,506.88,105.09,157.69,1,1,1.0
380,92,1526.06,837.97,105.63,174.14,1,1,1.0
380,95,826.83,423.97,31.83,33.67,1,1,1.0
380,97,954.27,109.22,120.20,171.40,1,1,1.0
380,100,70.90,210.17,23.45,25.56,1,1,1.0
380,101,1866.37,209.45,45.36,46.48,1,1,1.0
381,67,822.32,396.03,28.17,28.70,1,1,1.0
381,73,590.57,470.80,38.59,140.04,1,1,1.0
381,74,507.16,331.75,99.25,121.72,1,1,1.0
381,77,1648.24,204.83,18.03,69.69,1,1,1.0
381,78,1765.89,512.21,104.92,155.68,1,1,1.0
381,92,1524.97,841.22,106.18,177.00,1,1,1.0
381,95,827.55,426.81,32.10,35.03,1,1,1.0
381,97,953.93,110.60,120.19,171.40,1,1,1.0
381,100,71.23,211.98,23.33,26.36,1,1,1.0
381,101,1866.58,214.73,45.20,43.75,1,1,1.0
382,67,822.48,398.05,28.17,28.70,1,1,1.0
382,73,589.41,473.88,38.59,140.04,1,1,1.0
382,74,506.00,333.16,100.04,121.72,1,1,1.0
382,77,1648.05,206.64,18.03,69.69,1,1,1.0
382,78,1766.29,513.63,104.73,156.30,1,1,1.0
382,92,1525.39,842.31,105.96,178.12,1,1,1.0
382,95,827.24,428.45,32.15,36.55,1,1,1.0
382,97,953.58,111.98,120.20,171.40,1,1,1.0
382,100,71.57,213.78,23.20,27.17,1,1,1.0
382,101,1865.60,217.26,47.05,42.30,1,1,1.0
383,67,822.64,400.07,28.17,28.69,1,1,1.0
383,73,589.02,473.88,38.60,140.04,1,1,1.0
383,74,504.85,334.58,100.81,121.71,1,1,1.0
383,77,1647.86,208.45,18.03,69.69,1,1,1.0
383,78,1766.77,514.13,104.46,157.89,1,1,1.0
383,92,1524.68,844.60,107.25,176.20,1,1,1.0
383,95,826.92,430.08,32.20,38.07,1,1,1.0
383,97,953.24,113.36,120.19,171.40,1,1,1.0
383,100,71.90,215.58,23.07,27.97,1,1,1.0
383,101,1864.48,218.09,49.28,42.10,1,1,1.0
384,67,822.80,402.09,28.17,28.69,1,1,1.0
384,73,588.64,473.88,38.59,140.04,1,1,1.0
384,74,503.69,335.99,101.59,121.72,1,1,1.0
384,77,1647.67,210.25,18.03,69.70,1,1,1.0
384,78,1765.84,515.51,105.33,155.94,1,1,1.0
384,92,1523.99,845.95,107.28,176.26,1,1,1.0
384,95,826.61,431.72,32.25,39.59,1,1,1.0
384,97,950.98,115.12,120.19,171.40,1,1,1.0
384,100,72.24,217.39,22.94,28.77,1,1,1.0
384,101,1866.19,218.78,47.46,41.94,1,1,1.0
385,67,822.96,404.10,28.17,28.70,1,1,1.0
385,73,584.79,478.89,38.59,140.04,1,1,1.0
385,74,502.54,337.40,102.36,121.72,1,1,1.0
385,77,1647.48,212.06,18.03,69.69,1,1,1.0
385,78,1765.04,517.19,105.35,155.26,1,1,1.0
385,92,1523.44,847.59,107.26,176.80,1,1,1.0
385,95,826.29,433.35,32.30,41.11,1,1,1.0
385,97,948.72,116.88,120.19,171.40,1,1,1.0
385,100,72.57,219.19,22.82,29.58,1,1,1.0
385,101,1866.36,220.28,46.98,42.09,1,1,1.0
386,73,580.93,483.90,38.60,140.04,1,1,1.0
386,74,500.69,339.56,102.05,124.64,1,1,1.0
386,77,1646.28,213.93,18.03,69.69,1,1,1.0
386,78,1761.28,522.89,105.27,155.77,1,1,1.0
386,92,1519.77,851.61,106.89,177.57,1,1,1.0
386,95,825.98,434.99,32.35,42.63,1,1,1.0
386,97,946.46,118.63,120.19,171.40,1,1,1.0
386,100,72.90,221.00,22.69,30.38,1,1,1.0
386,101,1864.87,223.50,47.33,45.20,1,1,1.0
387,73,577.47,485.83,38.59,140.04,1,1,1.0
387,74,498.84,341.72,101.74,127.55,1,1,1.0
387,77,1645.08,215.79,18.04,69.69,1,1,1.0
387,78,1759.85,524.75,104.42,155.73,1,1,1.0
387,92,1519.00,852.90,105.04,178.26,1,1,1.0
387,95,825.66,436.62,32.40,44.15,1,1,1.0
387,97,944.20,120.39,120.19,171.40,1,1,1.0
387,100,73.24,222.80,22.56,31.18,1,1,1.0
387,101,1863.62,225.07,47.43,45.62,1,1,1.0
388,73,574.00,487.75,38.59,140.04,1,1,1.0
388,74,496.99,343.87,101.43,130.48,1,1,1.0
388,77,1643.89,217.66,18.03,69.69,1,1,1.0
388,78,1758.73,524.39,104.98,155.81,1,1,1.0
388,92,1517.66,856.34,105.58,176.67,1,1,1.0
388,95,825.35,438.26,32.45,45.67,1,1,1.0
388,97,941.94,122.15,120.19,171.40,1,1,1.0
388,100,72.97,224.47,22.71,31.32,1,1,1.0
388,101,1862.95,227.09,47.52,45.08,1,1,1.0
389,73,572.07,488.91,38.59,140.04,1,1,1.0
389,74,495.14,346.03,101.12,133.39,1,1,1.0
389,77,1642.69,219.52,18.03,69.69,1,1,1.0
389,78,1757.71,526.16,105.45,156.42,1,1,1.0
389,92,1517.63,857.64,104.55,176.47,1,1,1.0
389,95,825.84,440.24,32.48,45.68,1,1,1.0
389,97,939.68,123.91,120.19,171.40,1,1,1.0
389,100,72.71,226.14,22.85,31.46,1,1,1.0
389,101,1862.89,228.79,48.03,44.90,1,1,1.0
390,73,570.15,490.07,38.59,140.03,1,1,1.0
390,74,493.29,348.19,100.81,136.31,1,1,1.0
390,77,1641.49,221.39,18.03,69.69,1,1,1.0
390,78,1756.78,526.59,105.41,156.73,1,1,1.0
390,92,1515.83,859.38,106.79,175.14,1,1,1.0
390,95,825.86,442.59,32.19,42.38,1,1,1.0
390,96,800.05,286.58,37.11,47.83,1,1,1.0
390,97,937.42,125.67,120.19,171.40,1,1,1.0
390,100,72.45,227.80,22.98,31.61,1,1,1.0
390,101,1862.80,231.21,48.16,43.40,1,1,1.0
391,73,562.44,490.84,38.59,140.04,1,1,1.0
391,74,490.59,348.57,100.81,136.32,1,1,1.0
391,77,1638.60,222.39,18.03,69.69,1,1,1.0
391,78,1753.57,528.51,106.17,156.31,1,1,1.0
391,92,1507.87,861.44,110.28,176.64,1,1,1.0
391,95,824.56,444.90,32.19,42.58,1,1,1.0
391,96,796.74,297.58,39.07,39.34,1,1,1.0
391,97,935.16,127.42,120.19,171.40,1,1,1.0
391,100,72.18,229.47,23.13,31.75,1,1,1.0
391,101,1861.61,233.14,48.66,43.22,1,1,1.0
392,73,554.73,491.61,38.60,140.04,1,1,1.0
392,74,487.90,348.96,100.81,136.31,1,1,1.0
392,77,1635.72,223.38,18.03,69.70,1,1,1.0
392,78,1751.18,529.51,104.94,156.95,1,1,1.0
392,92,1506.08,862.30,109.17,176.81,1,1,1.0
392,95,823.66,445.19,31.72,44.51,1,1,1.0
392,97,932.90,129.18,120.19,171.40,1,1,1.0
392,100,71.27,230.78,23.27,31.88,1,1,1.0
392,101,1861.36,234.16,48.18,43.15,1,1,1.0
393,73,550.88,492.76,38.59,140.04,1,1,1.0
393,74,485.20,349.34,100.81,136.32,1,1,1.0
393,77,1632.83,224.38,18.03,69.70,1,1,1.0
393,78,1747.77,531.50,105.99,154.53,1,1,1.0
393,92,1504.37,862.36,108.81,177.75,1,1,1.0
393,95,822.15,446.92,32.44,45.58,1,1,1.0
393,97,930.64,130.94,120.19,171.40,1,1,1.0
393,100,70.35,232.08,23.42,32.03,1,1,1.0
393,101,1862.41,234.38,45.62,43.84,1,1,1.0
394,15,1905.36,778.14,14.64,62.05,1,1,1.0
394,73,547.03,493.92,38.59,140.04,1,1,1.0
394,74,482.50,349.73,100.81,136.31,1,1,1.0
394,77,1629.94,225.38,18.03,69.69,1,1,1.0
394,78,1746.37,530.07,102.53,155.65,1,1,1.0
394,92,1503.12,861.20,106.38,176.44,1,1,1.0
394,95,822.49,447.27,32.43,45.03,1,1,1.0
394,97,928.38,132.70,120.19,171.40,1,1,1.0
394,100,71.12,232.35,23.56,32.17,1,1,1.0
394,101,1861.03,234.71,46.44,42.67,1,1,1.0
395,15,1898.47,761.75,21.53,76.37,1,1,1.0
395,73,542.02,493.92,38.59,140.04,1,1,1.0
395,74,479.80,350.11,100.82,136.32,1,1,1.0
395,77,1627.06,226.38,18.03,69.69,1,1,1.0
395,78,1743.82,529.34,103.12,156.76,1,1,1.0
395,92,1500.05,859.61,105.29,176.98,1,1,1.0
395,95,822.34,447.47,32.60,44.74,1,1,1.0
395,97,925.61,134.42,120.20,170.02,1,1,1.0
395,100,71.90,232.61,23.69,32.31,1,1,1.0
395,101,1860.96,234.70,46.04,42.19,1,1,1.0
396,15,1885.87,759.90,34.13,78.10,1,1,1.0
396,73,537.01,493.92,38.59,140.04,1,1,1.0
396,74,477.11,350.50,100.81,136.31,1,1,1.0
396,77,1624.17,227.38,18.03,69.69,1,1,1.0
396,78,1736.90,530.41,104.63,157.69,1,1,1.0
396,92,1493.72,860.71,105.63,176.37,1,1,1.0
396,97,922.85,136.15,120.20,168.64,1,1,1.0
396,100,72.67,232.88,23.84,32.44,1,1,1.0
396,101,1862.47,236.25,44.32,42.48,1,1,1.0
397,15,1880.77,752.41,39.23,85.33,1,1,1.0
397,73,532.00,494.30,38.59,140.04,1,1,1.0
397,74,472.64,352.82,102.49,140.46,1,1,1.0
397,77,1622.62,228.41,18.03,69.69,1,1,1.0
397,78,1735.97,532.16,103.01,156.31,1,1,1.0
397,92,1490.79,861.99,105.59,175.41,1,1,1.0
397,97,920.09,137.87,120.19,167.26,1,1,1.0
397,100,73.44,233.14,23.98,32.59,1,1,1.0
397,101,1864.02,239.34,44.32,42.48,1,1,1.0
398,15,1874.27,742.86,45.73,94.53,1,1,1.0
398,73,526.99,494.69,38.60,140.04,1,1,1.0
398,74,468.17,355.14,104.18,144.62,1,1,1.0
398,77,1621.08,229.44,18.03,69.70,1,1,1.0
398,78,1733.39,532.76,103.80,158.81,1,1,1.0
398,92,1488.51,863.98,105.14,174.93,1,1,1.0
398,97,917.33,139.60,120.19,165.88,1,1,1.0
398,100,77.27,234.90,22.77,32.73,1,1,1.0
398,101,1865.56,242.44,44.32,42.48,1,1,1.0
399,15,1867.13,751.10,52.87,89.06,1,1,1.0
399,73,523.91,496.23,38.59,140.04,1,1,1.0
399,74,463.70,357.46,105.87,148.77,1,1,1.0
399,77,1619.53,232.02,18.03,69.69,1,1,1.0
399,78,1731.17,535.31,103.79,156.95,1,1,1.0
399,92,1484.91,865.41,105.91,175.43,1,1,1.0
399,97,913.74,141.81,118.81,165.88,1,1,1.0
399,100,81.10,236.66,21.57,32.87,1,1,1.0
399,101,1867.63,242.96,42.25,42.48,1,1,1.0
400,15,1860.26,752.86,59.74,91.10,1,1,1.0
400,73,511.97,498.93,38.59,140.04,1,1,1.0
400,74,459.23,359.78,107.55,152.92,1,1,1.0
400,77,1617.98,234.60,18.03,69.69,1,1,1.0
400,78,1728.99,537.65,102.49,157.86,1,1,1.0
400,92,1479.63,867.49,107.71,175.17,1,1,1.0
400,97,910.16,144.02,117.42,165.88,1,1,1.0
400,100,83.50,239.14,21.93,33.01,1,1,1.0
400,101,1869.70,243.47,40.18,42.48,1,1,1.0
401,15,1841.98,753.71,78.02,95.75,1,1,1.0
401,72,1462.72,0.00,61.82,31.67,1,1,1.0
401,73,500.02,501.62,38.60,140.04,1,1,1.0
401,74,454.76,362.10,109.24,157.08,1,1,1.0
401,77,1611.79,243.89,18.03,69.69,1,1,1.0
401,78,1720.06,545.40,102.98,155.36,1,1,1.0
401,92,1470.76,873.03,104.51,176.64,1,1,1.0
401,97,906.57,146.23,116.04,165.88,1,1,1.0
401,100,85.89,241.62,22.30,33.15,1,1,1.0
401,101,1871.80,247.50,41.62,42.27,1,1,1.0
402,15,1832.23,755.00,87.77,92.84,1,1,1.0
402,72,1461.78,0.26,60.33,31.59,1,1,1.0
402,73,493.09,503.20,38.59,136.92,1,1,1.0
402,74,451.21,364.56,107.71,158.16,1,1,1.0
402,77,1608.95,245.94,18.04,68.41,1,1,1.0
402,78,1716.13,545.52,101.72,157.85,1,1,1.0
402,92,1463.63,873.53,107.06,176.42,1,1,1.0
402,97,902.99,148.44,114.64,165.88,1,1,1.0
402,100,87.03,243.79,22.32,33.24,1,1,1.0
402,101,1869.10,248.37,44.47,42.57,1,1,1.0
403,15,1823.65,752.75,96.10,96.75,1,1,1.0
403,72,1457.75,0.23,62.96,32.67,1,1,1.0
403,73,483.84,502.43,38.59,136.92,1,1,1.0
403,74,447.66,367.02,106.18,159.25,1,1,1.0
403,77,1606.12,247.99,18.03,67.14,1,1,1.0
403,78,1711.10,546.72,102.71,155.95,1,1,1.0
403,92,1459.59,873.80,105.27,177.42,1,1,1.0
403,97,899.40,150.65,113.26,165.88,1,1,1.0
403,100,88.16,245.96,22.35,33.33,1,1,1.0
403,101,1869.11,250.08,44.27,41.49,1,1,1.0
404,15,1813.57,753.10,106.43,95.69,1,1,1.0
404,72,1457.82,0.00,60.77,34.59,1,1,1.0
404,73,474.59,501.66,38.60,136.92,1,1,1.0
404,74,444.10,369.48,104.66,160.33,1,1,1.0
404,77,1603.28,250.05,18.03,65.85,1,1,1.0
404,78,1707.59,547.59,103.38,157.84,1,1,1.0
404,92,1456.15,874.43,104.81,177.76,1,1,1.0
404,97,894.80,153.64,113.26,165.88,1,1,1.0
404,100,89.29,248.13,22.38,33.42,1,1,1.0
404,101,1869.53,251.71,45.37,41.44,1,1,1.0
405,15,1805.77,756.04,114.23,96.43,1,1,1.0
405,72,1454.43,0.00,61.50,37.24,1,1,1.0
405,73,466.12,501.66,38.59,136.92,1,1,1.0
405,74,440.55,371.94,103.13,161.42,1,1,1.0
405,77,1600.44,252.10,18.03,64.57,1,1,1.0
405,78,1703.40,550.57,102.25,156.57,1,1,1.0
405,92,1450.38,876.42,105.03,177.22,1,1,1.0
405,97,890.19,156.63,113.27,165.88,1,1,1.0
405,100,90.42,250.29,22.41,33.52,1,1,1.0
405,101,1868.68,254.66,43.58,42.80,1,1,1.0
406,15,1788.93,761.41,120.65,96.85,1,1,1.0
406,72,1450.32,0.02,59.39,42.51,1,1,1.0
406,73,453.79,507.05,38.59,136.92,1,1,1.0
406,74,437.00,374.40,101.60,162.50,1,1,1.0
406,78,1694.95,556.83,102.16,156.03,1,1,1.0
406,92,1441.02,881.00,104.59,178.27,1,1,1.0
406,97,885.59,159.62,113.26,165.89,1,1,1.0
406,100,91.56,252.46,22.42,33.62,1,1,1.0
406,101,1867.30,262.09,48.08,41.73,1,1,1.0
407,15,1780.95,766.39,119.80,93.70,1,1,1.0
407,72,1447.50,0.16,61.18,44.22,1,1,1.0
407,73,446.08,511.67,38.59,136.93,1,1,1.0
407,74,432.63,376.07,101.60,163.26,1,1,1.0
407,78,1692.36,559.62,101.73,155.73,1,1,1.0
407,92,1435.65,883.20,105.60,178.11,1,1,1.0
407,97,880.99,162.62,113.26,165.88,1,1,1.0
407,100,92.69,254.63,22.45,33.71,1,1,1.0
407,101,1867.39,264.03,47.87,41.40,1,1,1.0
408,15,1773.29,767.54,119.67,94.35,1,1,1.0
408,72,1444.89,0.22,63.47,46.62,1,1,1.0
408,73,438.38,513.60,38.59,136.92,1,1,1.0
408,74,428.27,377.74,101.60,164.03,1,1,1.0
408,78,1688.18,561.33,102.78,154.74,1,1,1.0
408,92,1430.70,887.87,106.89,175.05,1,1,1.0
408,97,876.38,165.61,113.27,165.88,1,1,1.0
408,100,93.82,256.80,22.48,33.80,1,1,1.0
408,101,1870.01,264.93,45.79,41.34,1,1,1.0
409,15,1765.41,770.54,117.42,91.81,1,1,1.0
409,72,1442.87,0.00,59.42,49.93,1,1,1.0
409,73,430.67,515.53,38.59,136.92,1,1,1.0
409,74,423.90,379.41,101.60,164.79,1,1,1.0
409,78,1684.85,562.15,100.93,156.76,1,1,1.0
409,92,1427.65,888.87,105.40,176.01,1,1,1.0
409,97,871.78,168.60,113.26,165.88,1,1,1.0
409,100,95.56,259.10,21.84,32.85,1,1,1.0
409,101,1871.70,268.09,43.86,39.76,1,1,1.0
410,15,1756.41,769.45,119.91,96.27,1,1,1.0
410,72,1441.64,0.15,58.38,52.47,1,1,1.0
410,73,419.11,516.30,38.59,133.07,1,1,1.0
410,74,419.53,381.08,101.60,165.55,1,1,1.0
410,78,1680.73,563.41,101.89,157.29,1,1,1.0
410,92,1421.49,890.67,107.42,175.73,1,1,1.0
410,97,866.72,169.98,113.26,165.88,1,1,1.0
410,100,97.30,261.40,21.20,31.90,1,1,1.0
410,101,1873.71,270.21,41.87,38.97,1,1,1.0
411,15,1738.36,770.94,120.83,95.88,1,1,1.0
411,69,130.56,354.21,23.98,29.37,1,1,1.0
411,72,1436.98,0.00,57.06,55.85,1,1,1.0
411,73,407.55,517.07,38.59,129.23,1,1,1.0
411,74,415.17,382.75,101.60,166.32,1,1,1.0
411,78,1672.57,564.63,101.25,158.06,1,1,1.0
411,92,1413.09,893.90,104.46,175.60,1,1,1.0
411,97,861.65,171.36,113.26,165.88,1,1,1.0
411,100,97.22,262.82,25.97,34.56,1,1,1.0
411,101,1872.83,274.07,42.70,40.03,1,1,1.0
412,15,1731.50,772.93,117.87,96.47,1,1,1.0
412,69,130.89,355.54,23.98,29.37,1,1,1.0
412,72,1433.16,0.12,57.99,56.86,1,1,1.0
412,73,396.38,518.99,38.59,129.24,1,1,1.0
412,74,410.80,384.42,101.60,167.08,1,1,1.0
412,78,1668.28,567.71,102.22,156.73,1,1,1.0
412,87,1886.49,949.15,33.51,99.10,1,1,1.0
412,92,1405.82,894.65,105.78,176.03,1,1,1.0
412,97,856.59,172.74,113.26,165.88,1,1,1.0
412,100,98.22,268.00,23.38,28.20,1,1,1.0
412,101,1873.23,276.95,43.69,39.03,1,1,1.0
413,15,1720.92,774.82,116.34,95.80,1,1,1.0
413,69,131.23,356.87,23.97,29.37,1,1,1.0
413,72,1430.10,0.00,56.61,59.94,1,1,1.0
413,73,385.20,520.92,38.60,129.23,1,1,1.0
413,74,405.56,384.87,102.22,167.55,1,1,1.0
413,78,1662.49,570.51,103.73,156.32,1,1,1.0
413,87,1878.71,953.78,34.39,95.69,1,1,1.0
413,92,1400.38,896.14,106.94,175.41,1,1,1.0
413,94,0.00,240.90,11.92,50.66,1,1,1.0
413,97,851.52,174.12,113.27,165.89,1,1,1.0
413,100,98.61,269.70,23.19,27.80,1,1,1.0
413,101,1872.68,278.11,43.88,39.62,1,1,1.0
414,15,1713.02,774.94,114.31,94.66,1,1,1.0
414,69,131.56,358.20,23.98,29.38,1,1,1.0
414,72,1428.58,0.00,55.25,61.62,1,1,1.0
414,73,377.11,520.15,38.59,129.23,1,1,1.0
414,74,400.32,385.33,102.84,168.02,1,1,1.0
414,78,1658.99,572.69,102.40,155.55,1,1,1.0
414,87,1868.13,958.05,38.11,92.36,1,1,1.0
414,92,1395.86,896.06,105.80,176.46,1,1,1.0
414,94,0.00,241.80,12.18,44.90,1,1,1.0
414,97,846.46,175.51,113.26,165.88,1,1,1.0
414,100,99.01,271.40,22.99,27.41,1,1,1.0
414,101,1873.48,279.56,42.00,39.33,1,1,1.0
415,15,1703.35,774.51,117.44,94.55,1,1,1.0
415,69,131.89,359.54,23.98,29.37,1,1,1.0
415,72,1425.18,0.00,55.41,62.72,1,1,1.0
415,73,369.02,519.38,38.59,129.23,1,1,1.0
415,74,395.08,385.79,103.46,168.48,1,1,1.0
415,78,1654.17,572.19,102.46,156.39,1,1,1.0
415,87,1860.84,954.06,34.89,96.55,1,1,1.0
415,92,1389.91,896.75,106.68,176.77,1,1,1.0
415,94,0.01,224.29,12.07,69.91,1,1,1.0
415,97,841.40,176.89,113.26,165.88,1,1,1.0
415,100,99.40,273.10,22.80,27.01,1,1,1.0
415,101,1870.41,280.24,44.72,39.44,1,1,1.0
416,15,1686.64,774.12,112.70,92.43,1,1,1.0
416,69,132.23,360.87,23.97,29.37,1,1,1.0
416,72,1419.36,0.00,56.69,65.16,1,1,1.0
416,73,360.16,518.61,38.59,129.23,1,1,1.0
416,74,389.84,386.24,104.08,168.96,1,1,1.0
416,78,1646.13,574.86,104.36,154.79,1,1,1.0
416,87,1843.00,948.52,35.69,101.60,1,1,1.0
416,92,1382.31,896.11,104.72,177.45,1,1,1.0
416,94,0.03,244.00,14.48,46.88,1,1,1.0
416,97,837.03,177.58,112.34,165.88,1,1,1.0
416,100,100.40,274.60,22.80,27.01,1,1,1.0
416,101,1870.96,281.43,44.03,39.53,1,1,1.0
417,15,1677.55,771.29,111.21,92.62,1,1,1.0
417,69,132.56,362.20,23.98,29.37,1,1,1.0
417,72,1416.78,0.30,56.95,64.56,1,1,1.0
417,73,351.29,517.84,38.60,129.23,1,1,1.0
417,74,384.60,386.70,104.70,169.42,1,1,1.0
417,78,1642.85,574.24,102.23,154.36,1,1,1.0
417,87,1834.98,948.83,34.13,102.74,1,1,1.0
417,92,1375.10,895.81,106.69,177.06,1,1,1.0
417,94,0.03,247.30,16.26,44.36,1,1,1.0
417,97,832.66,178.27,111.41,165.88,1,1,1.0
417,100,101.41,276.11,22.80,27.01,1,1,1.0
417,101,1871.99,282.47,43.56,38.92,1,1,1.0
418,15,1671.22,771.45,114.44,92.49,1,1,1.0
418,69,133.56,362.93,23.97,29.38,1,1,1.0
418,72,1415.76,0.18,55.84,65.40,1,1,1.0
418,73,346.67,517.07,38.59,129.23,1,1,1.0
418,74,382.18,385.93,104.70,170.96,1,1,1.0
418,78,1640.08,574.16,102.40,154.49,1,1,1.0
418,87,1826.88,948.50,36.46,98.36,1,1,1.0
418,92,1371.42,894.94,107.46,176.80,1,1,1.0
418,94,0.02,252.60,17.80,40.48,1,1,1.0
418,97,828.30,178.96,110.48,165.88,1,1,1.0
418,100,102.41,277.61,22.80,27.01,1,1,1.0
418,101,1869.84,284.04,46.76,38.28,1,1,1.0
419,15,1663.48,769.41,112.47,91.73,1,1,1.0
419,69,134.56,363.67,23.97,29.37,1,1,1.0
419,72,1413.95,0.00,55.09,65.99,1,1,1.0
419,73,342.43,515.14,38.59,129.24,1,1,1.0
419,74,379.76,385.16,104.70,172.50,1,1,1.0
419,78,1634.92,574.01,102.93,153.97,1,1,1.0
419,87,1819.20,945.28,34.78,99.53,1,1,1.0
419,92,1368.93,893.61,105.65,177.02,1,1,1.0
419,94,0.01,251.90,18.27,41.67,1,1,1.0
419,97,823.93,179.65,109.55,165.88,1,1,1.0
419,100,103.61,278.44,22.80,27.01,1,1,1.0
419,101,1869.68,284.97,47.86,37.93,1,1,1.0
420,15,1655.32,768.58,114.45,92.16,1,1,1.0
420,69,135.56,364.40,23.97,29.37,1,1,1.0
420,72,1411.74,0.00,53.87,67.05,1,1,1.0
420,73,338.19,513.21,38.60,129.24,1,1,1.0
420,74,377.34,384.39,104.69,174.04,1,1,1.0
420,78,1632.08,574.26,101.76,154.17,1,1,1.0
420,87,1809.69,938.56,36.98,104.61,1,1,1.0
420,92,1364.94,892.84,105.63,178.69,1,1,1.0
420,94,0.03,255.00,19.31,39.08,1,1,1.0
420,97,819.57,180.34,108.62,165.88,1,1,1.0
420,100,104.82,279.27,22.80,27.01,1,1,1.0
420,101,1869.19,285.59,48.91,38.75,1,1,1.0
421,15,1642.29,759.31,115.88,96.16,1,1,1.0
421,69,136.55,365.13,23.98,29.37,1,1,1.0
421,72,1407.35,0.00,54.29,66.73,1,1,1.0
421,73,330.87,506.28,38.60,129.23,1,1,1.0
421,74,374.91,383.62,104.70,175.58,1,1,1.0
421,78,1625.69,570.79,100.46,154.63,1,1,1.0
421,87,1796.25,933.70,35.25,101.62,1,1,1.0
421,92,1355.85,890.97,106.81,175.16,1,1,1.0
421,94,0.02,251.50,21.31,43.33,1,1,1.0
421,97,815.20,181.03,107.70,165.88,1,1,1.0
421,100,106.02,280.09,22.80,27.01,1,1,1.0
421,101,1870.78,286.79,45.95,37.11,1,1,1.0
422,15,1636.06,757.02,106.77,98.58,1,1,1.0
422,69,137.55,365.86,23.98,29.38,1,1,1.0
422,72,1405.78,0.00,54.49,66.80,1,1,1.0
422,73,323.55,499.34,38.59,129.24,1,1,1.0
422,74,372.49,382.85,104.70,177.11,1,1,1.0
422,78,1623.37,568.98,99.63,154.91,1,1,1.0
422,87,1790.79,928.51,35.09,104.12,1,1,1.0
422,92,1353.82,889.02,104.98,173.34,1,1,1.0
422,94,0.01,249.87,22.29,45.92,1,1,1.0
422,97,811.89,182.13,107.69,165.88,1,1,1.0
422,100,107.22,280.92,22.80,27.01,1,1,1.0
422,101,1871.68,286.91,44.65,37.98,1,1,1.0
423,15,1630.86,756.96,109.51,95.78,1,1,1.0
423,69,138.55,366.60,23.98,29.37,1,1,1.0
423,72,1404.06,0.00,54.42,66.98,1,1,1.0
423,73,320.08,500.88,38.60,129.24,1,1,1.0
423,74,370.07,382.08,104.70,178.65,1,1,1.0
423,78,1619.55,569.17,101.44,154.60,1,1,1.0
423,87,1786.16,929.37,32.74,103.48,1,1,1.0
423,92,1352.68,884.83,101.20,177.15,1,1,1.0
423,94,0.03,253.40,20.07,42.90,1,1,1.0
423,97,808.57,183.24,107.70,165.88,1,1,1.0
423,100,107.82,281.52,22.20,26.70,1,1,1.0
423,101,1872.92,287.45,43.70,37.12,1,1,1.0
424,15,1624.41,757.71,110.91,94.78,1,1,1.0
424,69,139.55,367.33,23.98,29.37,1,1,1.0
424,72,1402.55,0.00,54.66,67.31,1,1,1.0
424,73,316.62,502.43,38.59,129.23,1,1,1.0
424,74,367.65,381.30,104.70,180.20,1,1,1.0
424,78,1617.42,569.89,101.34,153.73,1,1,1.0
424,87,1777.92,929.69,34.91,102.93,1,1,1.0
424,92,1347.50,885.04,104.30,177.24,1,1,1.0
424,94,0.04,248.89,24.89,47.62,1,1,1.0
424,97,805.26,184.34,107.69,165.88,1,1,1.0
424,100,108.43,282.13,21.58,26.38,1,1,1.0
424,101,1874.56,288.65,41.58,35.93,1,1,1.0
425,15,1619.06,759.39,108.23,94.06,1,1,1.0
425,69,140.55,368.06,23.98,29.37,1,1,1.0
425,72,1400.75,0.00,53.85,68.24,1,1,1.0
425,73,308.14,508.98,38.59,129.23,1,1,1.0
425,74,363.99,384.39,103.92,180.19,1,1,1.0
425,78,1614.00,572.76,100.34,152.25,1,1,1.0
425,87,1770.34,928.72,36.22,106.91,1,1,1.0
425,92,1343.59,888.55,104.54,173.14,1,1,1.0
425,94,0.05,249.85,24.43,46.81,1,1,1.0
425,97,801.94,185.45,107.70,165.88,1,1,1.0
425,100,109.03,282.73,20.97,26.07,1,1,1.0
425,101,1874.77,288.99,41.03,36.01,1,1,1.0
426,15,1605.81,768.97,107.81,93.99,1,1,1.0
426,67,836.70,461.73,26.76,31.21,1,1,1.0
426,68,156.24,393.28,24.74,21.52,1,1,1.0
426,69,141.55,368.79,23.98,29.38,1,1,1.0
426,72,1397.53,0.19,52.72,71.29,1,1,1.0
426,73,299.66,515.53,38.60,129.23,1,1,1.0
426,74,360.33,387.47,103.14,180.20,1,1,1.0
426,78,1606.92,575.87,100.75,153.27,1,1,1.0
426,87,1756.65,933.94,36.11,113.15,1,1,1.0
426,92,1337.99,894.45,105.08,170.94,1,1,1.0
426,94,0.05,256.60,23.25,41.29,1,1,1.0
426,97,798.63,186.55,107.69,165.88,1,1,1.0
426,101,1875.42,289.35,40.57,38.74,1,1,1.0
427,15,1601.84,770.85,108.83,93.36,1,1,1.0
427,67,836.70,461.73,25.37,31.21,1,1,1.0
427,68,156.48,392.61,24.74,21.52,1,1,1.0
427,69,142.55,369.53,23.98,29.37,1,1,1.0
427,72,1394.82,0.15,53.67,72.36,1,1,1.0
427,73,292.73,518.22,38.59,129.24,1,1,1.0
427,74,356.67,390.55,102.37,180.20,1,1,1.0
427,78,1605.15,577.24,98.04,154.70,1,1,1.0
427,86,953.27,555.59,53.66,71.55,1,1,1.0
427,87,1750.16,937.19,37.33,108.91,1,1,1.0
427,92,1333.85,895.46,104.69,171.60,1,1,1.0
427,94,0.06,253.07,24.80,44.94,1,1,1.0
427,97,794.02,187.47,107.70,165.88,1,1,1.0
427,101,1873.68,289.35,40.42,40.02,1,1,1.0
428,15,1597.12,772.18,107.50,94.23,1,1,1.0
428,16,840.66,492.81,29.62,46.69,1,1,1.0
428,67,836.70,461.73,23.98,31.21,1,1,1.0
428,68,156.73,391.94,24.73,21.52,1,1,1.0
428,69,142.83,368.69,23.98,29.71,1,1,1.0
428,72,1393.77,0.10,53.25,72.76,1,1,1.0
428,73,285.79,520.92,38.60,129.23,1,1,1.0
428,74,353.01,393.63,101.59,180.20,1,1,1.0
428,78,1602.31,578.01,99.36,153.51,1,1,1.0
428,86,948.60,556.08,53.67,71.56,1,1,1.0
428,87,1746.88,942.78,35.79,105.99,1,1,1.0
428,92,1329.12,897.51,107.36,171.27,1,1,1.0
428,94,0.04,252.98,25.64,44.74,1,1,1.0
428,97,789.42,188.39,107.70,165.88,1,1,1.0
428,101,1875.08,290.43,41.09,37.46,1,1,1.0
429,15,1591.37,774.88,107.94,95.20,1,1,1.0
429,16,840.78,492.82,29.86,48.12,1,1,1.0
429,67,836.70,461.73,22.59,31.22,1,1,1.0
429,68,156.97,391.27,24.73,21.52,1,1,1.0
429,69,143.11,367.85,23.98,30.05,1,1,1.0
429,72,1391.44,0.00,52.47,73.39,1,1,1.0
429,73,275.39,522.84,38.59,129.24,1,1,1.0
429,74,347.23,394.02,101.59,183.65,1,1,1.0
429,78,1600.72,578.88,98.36,154.59,1,1,1.0
429,86,943.94,556.58,53.67,71.55,1,1,1.0
429,87,1741.27,958.97,35.01,92.52,1,1,1.0
429,92,1325.28,898.97,107.30,170.63,1,1,1.0
429,94,0.04,255.50,22.66,41.98,1,1,1.0
429,97,784.82,189.31,107.69,165.88,1,1,1.0
429,101,1874.87,290.45,41.56,36.87,1,1,1.0
430,15,1585.51,780.28,103.92,90.66,1,1,1.0
430,16,839.02,495.03,30.15,44.74,1,1,1.0
430,67,836.70,461.73,21.20,31.22,1,1,1.0
430,68,157.21,390.60,24.73,21.52,1,1,1.0
430,69,143.39,367.00,23.98,30.40,1,1,1.0
430,72,1388.34,0.00,53.74,73.09,1,1,1.0
430,73,264.99,524.77,38.59,129.24,1,1,1.0
430,74,341.45,394.41,101.59,187.09,1,1,1.0
430,78,1597.49,579.85,98.60,156.46,1,1,1.0
430,86,939.28,557.07,53.66,71.56,1,1,1.0
430,87,1735.86,950.59,35.67,102.53,1,1,1.0
430,92,1323.04,902.60,102.09,169.44,1,1,1.0
430,94,0.03,250.95,23.24,46.97,1,1,1.0
430,97,780.21,190.24,107.70,165.88,1,1,1.0
430,101,1874.69,290.67,41.04,37.95,1,1,1.0
431,15,1574.45,786.60,106.31,92.35,1,1,1.0
431,68,157.45,389.93,24.73,21.52,1,1,1.0
431,69,143.67,366.16,23.98,30.74,1,1,1.0
431,72,1385.66,0.00,52.52,73.04,1,1,1.0
431,73,248.80,526.70,38.60,129.23,1,1,1.0
431,74,335.67,395.31,101.59,186.53,1,1,1.0
431,78,1592.54,584.79,100.20,159.05,1,1,1.0
431,86,934.62,557.57,53.66,71.55,1,1,1.0
431,87,1728.56,959.31,32.82,107.86,1,1,1.0
431,92,1312.90,907.89,105.76,170.83,1,1,1.0
431,94,0.04,247.61,21.77,50.72,1,1,1.0
431,97,775.61,191.16,107.69,165.88,1,1,1.0
431,101,1873.07,291.64,43.31,48.91,1,1,1.0
432,15,1569.59,789.39,104.83,92.91,1,1,1.0
432,68,157.69,389.27,24.73,21.52,1,1,1.0
432,69,143.96,365.32,23.97,31.08,1,1,1.0
432,72,1385.27,0.00,51.79,73.90,1,1,1.0
432,73,232.62,528.62,38.59,129.24,1,1,1.0
432,74,329.89,396.20,101.59,185.98,1,1,1.0
432,78,1589.21,586.52,101.48,157.43,1,1,1.0
432,86,929.96,558.06,53.66,71.56,1,1,1.0
432,87,1722.27,962.97,35.09,103.34,1,1,1.0
432,92,1309.30,908.23,105.70,170.89,1,1,1.0
432,94,0.04,255.50,19.46,42.65,1,1,1.0
432,97,771.01,192.08,107.69,165.88,1,1,1.0
432,101,1874.10,291.99,41.98,42.86,1,1,1.0
433,15,1563.31,790.99,109.41,94.72,1,1,1.0
433,68,157.93,388.60,24.73,21.52,1,1,1.0
433,69,144.24,364.48,23.97,31.42,1,1,1.0
433,72,1384.03,0.00,51.55,72.16,1,1,1.0
433,73,225.69,530.55,38.59,129.23,1,1,1.0
433,74,324.11,397.10,101.59,185.42,1,1,1.0
433,78,1587.74,586.67,100.09,157.23,1,1,1.0
433,86,925.29,558.56,53.67,71.55,1,1,1.0
433,87,1715.45,969.56,35.57,100.37,1,1,1.0
433,92,1307.66,908.59,103.88,170.57,1,1,1.0
433,94,0.05,248.45,23.08,48.15,1,1,1.0
433,97,768.93,188.16,107.70,165.88,1,1,1.0
433,101,1877.15,290.88,41.03,43.39,1,1,1.0
434,15,1557.52,793.27,110.77,92.45,1,1,1.0
434,68,158.17,387.93,24.73,21.52,1,1,1.0
434,69,144.52,363.64,23.98,31.76,1,1,1.0
434,72,1384.97,0.00,51.32,71.03,1,1,1.0
434,73,218.75,532.48,38.59,129.23,1,1,1.0
434,74,318.33,395.95,101.59,184.85,1,1,1.0
434,78,1587.06,584.40,100.15,159.62,1,1,1.0
434,86,920.63,559.05,53.67,71.56,1,1,1.0
434,87,1714.77,976.53,32.34,98.75,1,1,1.0
434,92,1305.01,908.68,104.88,170.35,1,1,1.0
434,94,0.02,247.66,25.73,47.49,1,1,1.0
434,97,766.86,184.25,107.70,165.88,1,1,1.0
434,101,1882.16,288.54,37.46,39.73,1,1,1.0
435,15,1555.65,790.92,108.88,94.91,1,1,1.0
435,68,158.41,387.26,24.74,21.52,1,1,1.0
435,69,144.80,362.80,23.98,32.10,1,1,1.0
435,72,1386.34,0.00,51.88,68.59,1,1,1.0
435,73,207.19,525.93,38.59,129.23,1,1,1.0
435,74,316.02,391.07,103.14,184.85,1,1,1.0
435,78,1588.62,584.12,100.49,159.40,1,1,1.0
435,86,922.57,557.90,53.66,71.55,1,1,1.0
435,87,1711.52,978.45,33.77,93.92,1,1,1.0
435,92,1304.02,907.59,104.99,171.20,1,1,1.0
435,94,1.70,251.00,24.80,40.20,1,1,1.0
435,97,764.79,180.34,107.70,165.88,1,1,1.0
436,15,1551.93,786.85,106.20,94.95,1,1,1.0
436,68,166.48,382.88,24.73,21.52,1,1,1.0
436,69,152.67,359.17,23.97,30.74,1,1,1.0
436,72,1392.01,0.00,50.78,63.36,1,1,1.0
436,73,195.63,519.38,38.60,129.23,1,1,1.0
436,74,313.71,386.19,104.69,184.85,1,1,1.0
436,78,1589.96,579.79,101.50,159.40,1,1,1.0
436,86,924.50,556.74,53.66,71.56,1,1,1.0
436,87,1704.05,969.63,34.98,99.00,1,1,1.0
436,92,1300.64,904.21,106.20,172.07,1,1,1.0
436,94,7.56,241.48,31.25,44.11,1,1,1.0
436,97,762.72,176.43,107.69,165.88,1,1,1.0
437,15,1548.87,783.34,113.06,96.79,1,1,1.0
437,68,174.55,378.51,24.73,21.52,1,1,1.0
437,69,160.53,355.54,23.98,29.37,1,1,1.0
437,72,1396.09,0.06,51.39,57.55,1,1,1.0
437,73,186.77,512.06,40.14,131.55,1,1,1.0
437,74,311.39,381.31,106.25,184.85,1,1,1.0
437,78,1592.78,578.08,100.69,159.20,1,1,1.0
437,86,926.43,555.59,53.67,71.55,1,1,1.0
437,87,1702.96,966.22,34.87,102.51,1,1,1.0
437,92,1300.83,902.01,105.86,168.47,1,1,1.0
437,94,15.67,238.76,31.27,43.30,1,1,1.0
437,97,760.65,172.51,107.69,165.88,1,1,1.0
438,15,1546.31,782.26,110.69,94.82,1,1,1.0
438,68,179.05,373.37,24.73,21.52,1,1,1.0
438,69,166.97,350.43,23.98,30.04,1,1,1.0
438,72,1399.88,0.00,50.68,54.87,1,1,1.0
438,73,177.91,504.74,41.69,133.86,1,1,1.0
438,74,312.63,373.91,106.24,184.85,1,1,1.0
438,78,1595.51,574.84,100.26,159.90,1,1,1.0
438,86,923.75,551.01,53.66,71.55,1,1,1.0
438,87,1701.28,961.24,38.18,105.38,1,1,1.0
438,92,1299.79,899.49,108.32,167.88,1,1,1.0
438,94,23.50,237.00,24.90,39.60,1,1,1.0
438,97,758.58,168.60,107.69,165.88,1,1,1.0
439,15,1551.16,778.30,112.75,96.57,1,1,1.0
439,69,173.41,345.31,23.97,30.72,1,1,1.0
439,72,1406.60,0.07,52.72,48.74,1,1,1.0
439,73,174.44,496.64,41.69,133.87,1,1,1.0
439,74,313.86,366.51,106.25,184.85,1,1,1.0
439,78,1601.27,571.91,101.01,159.66,1,1,1.0
439,86,921.07,546.42,53.66,71.56,1,1,1.0
439,87,1705.86,959.45,38.13,110.97,1,1,1.0
439,92,1304.09,897.97,106.22,168.00,1,1,1.0
439,94,32.10,232.40,24.40,40.30,1,1,1.0
439,97,762.37,161.35,107.70,165.88,1,1,1.0
440,15,1551.74,773.02,116.53,99.27,1,1,1.0
440,69,179.85,340.20,23.97,31.39,1,1,1.0
440,72,1413.82,0.10,52.24,43.08,1,1,1.0
440,73,170.97,488.55,41.69,133.87,1,1,1.0
440,74,315.09,359.11,106.25,184.86,1,1,1.0
440,78,1605.88,567.39,102.39,162.27,1,1,1.0
440,86,918.38,541.84,53.67,71.55,1,1,1.0
440,87,1708.57,969.93,35.52,91.73,1,1,1.0
440,91,8.05,140.96,27.09,49.54,1,1,1.0
440,92,1307.63,895.70,105.30,165.93,1,1,1.0
440,94,45.30,222.60,23.50,42.05,1,1,1.0
440,97,766.17,154.10,107.70,165.88,1,1,1.0
441,15,1554.06,772.67,117.16,99.57,1,1,1.0
441,69,194.52,328.85,23.98,31.39,1,1,1.0
441,72,1430.18,0.00,53.29,37.46,1,1,1.0
441,73,165.58,476.99,41.69,133.87,1,1,1.0
441,74,316.33,351.71,106.24,184.86,1,1,1.0
441,78,1617.27,563.53,102.38,165.89,1,1,1.0
441,86,915.70,537.25,53.67,71.56,1,1,1.0
441,87,1712.06,961.20,36.85,114.78,1,1,1.0
441,91,25.70,131.36,29.50,49.54,1,1,1.0
441,92,1311.18,893.91,106.48,167.40,1,1,1.0
441,94,58.50,212.80,22.60,43.80,1,1,1.0
441,97,769.97,146.85,107.70,165.88,1,1,1.0
442,15,1551.16,772.78,118.36,99.55,1,1,1.0
442,69,202.49,324.21,23.98,31.40,1,1,1.0
442,72,1438.28,0.00,53.33,35.24,1,1,1.0
442,73,160.19,465.44,41.69,133.86,1,1,1.0
442,74,317.56,344.32,106.25,184.85,1,1,1.0
442,78,1621.13,565.64,102.01,164.49,1,1,1.0
442,86,913.02,532.67,53.66,71.55,1,1,1.0
442,87,1710.67,964.35,34.62,103.19,1,1,1.0
442,91,34.95,124.55,27.09,49.54,1,1,1.0
442,92,1310.35,893.32,107.43,166.93,1,1,1.0
442,94,65.53,206.53,30.25,44.41,1,1,1.0
442,97,773.77,139.60,107.69,165.88,1,1,1.0
443,15,1545.87,772.67,116.10,94.63,1,1,1.0
443,67,898.02,427.54,27.50,28.61,1,1,1.0
443,69,210.48,318.89,19.32,31.39,1,1,1.0
443,72,1441.92,0.00,54.21,30.22,1,1,1.0
443,73,146.31,456.96,41.70,133.86,1,1,1.0
443,74,316.02,336.61,106.25,184.85,1,1,1.0
443,78,1623.89,564.94,102.92,164.18,1,1,1.0
443,86,910.33,528.09,53.67,71.55,1,1,1.0
443,87,1703.42,977.40,34.02,84.65,1,1,1.0
443,91,42.16,118.83,27.09,49.54,1,1,1.0
443,92,1308.36,890.82,107.31,169.26,1,1,1.0
443,94,76.40,203.70,24.50,40.60,1,1,1.0
443,95,901.53,459.99,29.38,37.48,1,1,1.0
443,97,767.32,134.30,107.70,165.88,1,1,1.0
444,15,1532.45,772.09,118.14,95.53,1,1,1.0
444,67,902.47,425.31,22.63,28.62,1,1,1.0
444,73,132.44,448.48,41.70,133.87,1,1,1.0
444,74,308.12,329.87,106.25,185.23,1,1,1.0
444,78,1620.67,563.39,106.17,165.49,1,1,1.0
444,86,907.65,523.50,53.67,71.56,1,1,1.0
444,87,1692.47,962.39,34.37,101.65,1,1,1.0
444,91,49.36,113.12,27.09,49.54,1,1,1.0
444,92,1300.73,888.05,107.87,169.29,1,1,1.0
444,94,83.50,198.50,23.60,39.90,1,1,1.0
444,95,907.97,458.48,27.76,35.40,1,1,1.0
444,96,882.98,312.14,33.56,36.38,1,1,1.0
444,97,760.88,129.01,107.69,165.88,1,1,1.0
445,15,1519.77,769.10,119.29,98.92,1,1,1.0
445,73,105.47,438.85,41.69,133.86,1,1,1.0
445,74,300.22,323.12,106.25,185.61,1,1,1.0
445,78,1615.21,561.71,106.17,165.08,1,1,1.0
445,86,904.97,518.92,53.66,71.55,1,1,1.0
445,87,1677.68,974.64,34.27,91.85,1,1,1.0
445,91,57.94,105.29,27.09,49.54,1,1,1.0
445,92,1293.58,887.21,108.82,169.83,1,1,1.0
445,94,90.30,193.30,22.60,39.60,1,1,1.0
445,95,910.43,453.12,29.38,36.86,1,1,1.0
445,96,888.70,309.16,32.36,40.60,1,1,1.0
445,97,754.43,123.72,107.70,165.88,1,1,1.0
446,15,1490.07,771.72,119.95,98.48,1,1,1.0
446,73,78.50,429.22,41.69,133.86,1,1,1.0
446,74,292.32,316.38,106.25,185.99,1,1,1.0
446,78,1608.58,562.96,105.07,165.86,1,1,1.0
446,86,902.28,514.34,53.67,71.55,1,1,1.0
446,87,1655.58,976.02,34.27,91.85,1,1,1.0
446,91,66.52,97.46,27.10,49.54,1,1,1.0
446,92,1274.60,886.15,110.07,186.80,1,1,1.0
446,94,98.44,180.14,29.37,40.07,1,1,1.0
446,95,915.94,451.69,29.24,35.21,1,1,1.0
446,97,747.99,118.42,107.69,165.88,1,1,1.0
447,15,1472.81,770.73,117.34,96.81,1,1,1.0
447,17,1876.28,734.84,43.72,137.14,1,1,1.0
447,73,59.62,423.82,41.69,133.87,1,1,1.0
447,74,284.43,309.64,106.24,186.36,1,1,1.0
447,78,1602.12,561.31,105.08,167.46,1,1,1.0
447,86,899.60,509.75,53.67,71.55,1,1,1.0
447,87,1633.49,977.40,34.27,91.85,1,1,1.0
447,91,75.11,89.62,27.09,49.55,1,1,1.0
447,92,1264.77,884.40,110.24,190.42,1,1,1.0
447,94,106.30,176.80,23.50,39.30,1,1,1.0
447,95,921.44,450.27,29.12,33.54,1,1,1.0
447,97,741.54,113.13,107.70,165.88,1,1,1.0
448,15,1457.45,770.90,118.21,98.82,1,1,1.0
448,17,1861.39,740.23,58.61,134.84,1,1,1.0
448,73,40.74,418.43,41.69,133.86,1,1,1.0
448,74,276.53,304.24,106.24,186.37,1,1,1.0
448,78,1599.05,561.31,98.28,167.46,1,1,1.0
448,86,895.58,504.05,53.66,71.55,1,1,1.0
448,87,1613.12,978.09,34.27,91.85,1,1,1.0
448,91,79.70,84.79,27.09,49.54,1,1,1.0
448,92,1253.61,883.16,110.02,191.49,1,1,1.0
448,94,111.15,172.75,23.50,37.70,1,1,1.0
448,95,926.95,448.84,28.98,31.89,1,1,1.0
448,97,735.10,107.83,107.69,165.88,1,1,1.0
449,15,1440.23,773.40,121.75,98.64,1,1,1.0
449,17,1846.84,746.69,71.19,130.13,1,1,1.0
449,73,24.56,413.03,41.69,133.87,1,1,1.0
449,74,268.63,298.85,106.24,186.36,1,1,1.0
449,78,1595.97,561.31,91.50,167.46,1,1,1.0
449,86,891.55,498.35,53.67,71.55,1,1,1.0
449,87,1592.75,978.78,34.27,91.85,1,1,1.0
449,91,84.29,79.95,27.09,49.54,1,1,1.0
449,92,1247.70,882.56,107.76,193.56,1,1,1.0
449,94,116.00,168.70,23.50,36.10,1,1,1.0
449,95,929.43,447.71,30.07,31.03,1,1,1.0
449,97,727.46,101.48,107.69,165.88,1,1,1.0
450,15,1426.50,774.27,121.91,98.38,1,1,1.0
450,17,1834.27,748.85,73.69,129.47,1,1,1.0
450,73,8.38,407.64,41.69,133.86,1,1,1.0
450,74,260.73,293.46,106.25,186.36,1,1,1.0
450,78,1592.90,561.31,84.70,167.46,1,1,1.0
450,86,887.53,492.65,53.66,71.55,1,1,1.0
450,87,1572.37,979.47,34.27,91.85,1,1,1.0
450,91,88.88,75.11,27.09,49.54,1,1,1.0
450,92,1237.62,881.76,110.85,194.34,1,1,1.0
450,94,117.69,161.85,30.04,40.18,1,1,1.0
450,95,932.15,444.65,30.85,33.30,1,1,1.0
450,97,719.81,95.13,107.70,165.88,1,1,1.0
451,15,1399.16,773.61,120.89,96.22,1,1,1.0
451,17,1810.08,750.95,73.63,129.77,1,1,1.0
451,74,252.83,288.06,106.25,186.36,1,1,1.0
451,83,1579.42,531.34,91.28,185.20,1,1,1.0
451,86,883.50,486.94,53.67,71.56,1,1,1.0
451,87,1552.00,980.16,34.27,91.85,1,1,1.0
451,91,98.07,68.15,27.09,42.68,1,1,1.0
451,92,1220.97,877.74,112.23,191.11,1,1,1.0
451,94,131.60,156.90,21.90,31.50,1,1,1.0
451,95,938.42,436.83,30.97,39.70,1,1,1.0
451,96,920.19,283.05,31.59,45.00,1,1,1.0
451,97,712.17,88.78,107.70,165.88,1,1,1.0
452,15,1390.07,770.71,118.00,96.13,1,1,1.0
452,17,1797.73,745.36,79.63,134.56,1,1,1.0
452,74,251.14,278.66,106.24,187.60,1,1,1.0
452,83,1561.47,524.44,91.28,185.20,1,1,1.0
452,86,879.48,481.24,53.66,71.56,1,1,1.0
452,87,1542.34,980.16,34.27,91.85,1,1,1.0
452,91,102.02,65.53,27.09,39.23,1,1,1.0
452,92,1218.21,877.83,109.13,187.23,1,1,1.0
452,94,133.09,148.59,28.29,38.20,1,1,1.0
452,95,942.53,431.72,29.23,40.36,1,1,1.0
452,96,924.01,280.77,31.05,44.02,1,1,1.0
452,97,709.13,82.42,107.70,165.88,1,1,1.0
453,15,1378.22,764.85,120.00,97.38,1,1,1.0
453,17,1787.81,742.62,80.18,133.52,1,1,1.0
453,74,249.46,269.26,106.23,188.83,1,1,1.0
453,83,1543.52,517.53,91.27,185.20,1,1,1.0
453,86,875.45,475.54,53.67,71.55,1,1,1.0
453,87,1532.67,980.16,34.27,91.85,1,1,1.0
453,91,105.97,62.90,27.09,35.80,1,1,1.0
453,92,1211.70,873.15,110.40,185.11,1,1,1.0
453,94,139.50,144.68,28.83,36.77,1,1,1.0
453,95,946.03,425.37,28.90,45.73,1,1,1.0
453,96,927.63,279.37,31.57,42.30,1,1,1.0
453,97,706.10,76.07,107.69,165.88,1,1,1.0
454,15,1369.65,757.49,121.02,100.49,1,1,1.0
454,17,1781.14,742.49,78.80,129.55,1,1,1.0
454,74,247.77,259.86,106.22,190.07,1,1,1.0
454,83,1523.60,510.06,116.03,188.05,1,1,1.0
454,86,871.43,469.84,53.66,71.55,1,1,1.0
454,87,1520.93,976.71,34.27,91.85,1,1,1.0
454,91,112.21,60.09,27.09,35.80,1,1,1.0
454,92,1207.31,869.97,111.66,178.88,1,1,1.0
454,94,147.70,142.20,24.20,34.40,1,1,1.0
454,95,951.31,421.37,28.23,43.37,1,1,1.0
454,96,932.06,274.69,30.87,43.02,1,1,1.0
454,97,706.10,68.01,107.69,165.88,1,1,1.0
455,15,1360.77,752.18,117.30,99.41,1,1,1.0
455,17,1771.56,734.37,81.76,132.10,1,1,1.0
455,74,246.09,250.46,106.21,191.30,1,1,1.0
455,83,1505.85,500.82,101.06,187.81,1,1,1.0
455,86,867.40,464.14,53.67,71.55,1,1,1.0
455,87,1509.19,973.26,34.27,91.85,1,1,1.0
455,92,1204.37,863.73,110.01,178.39,1,1,1.0
455,94,149.27,134.43,29.95,37.13,1,1,1.0
455,96,936.48,270.01,30.19,43.73,1,1,1.0
455,97,706.10,59.96,107.69,165.88,1,1,1.0
456,15,1349.01,735.53,118.26,98.77,1,1,1.0
456,17,1760.12,719.55,82.27,133.40,1,1,1.0
456,74,244.40,241.05,106.20,192.55,1,1,1.0
456,83,1476.27,474.88,104.23,192.96,1,1,1.0
456,86,863.38,458.44,53.66,71.55,1,1,1.0
456,87,1501.60,952.54,34.27,91.85,1,1,1.0
456,92,1198.49,850.75,108.09,176.65,1,1,1.0
456,94,159.96,122.67,29.85,36.85,1,1,1.0
456,96,943.05,265.73,31.33,41.49,1,1,1.0
456,97,706.10,51.90,107.69,165.88,1,1,1.0
457,15,1344.23,725.34,119.64,100.50,1,1,1.0
457,17,1755.03,712.10,84.76,130.05,1,1,1.0
457,67,965.61,382.91,25.68,24.19,1,1,1.0
457,74,244.40,232.73,106.66,191.77,1,1,1.0
457,83,1470.76,455.25,101.61,199.24,1,1,1.0
457,86,859.35,452.73,53.67,71.56,1,1,1.0
457,87,1494.00,931.83,34.27,91.85,1,1,1.0
457,92,1197.08,845.49,108.20,171.57,1,1,1.0
457,94,169.60,119.50,22.90,35.60,1,1,1.0
457,96,947.32,261.93,31.00,41.57,1,1,1.0
457,97,706.10,43.85,107.69,165.88,1,1,1.0
458,15,1340.68,718.21,119.41,99.10,1,1,1.0
458,17,1753.12,706.03,84.06,131.84,1,1,1.0
458,67,968.96,373.24,25.68,32.36,1,1,1.0
458,74,244.40,224.41,107.12,190.99,1,1,1.0
458,83,1455.18,444.97,112.06,193.63,1,1,1.0
458,86,858.68,447.26,53.67,71.55,1,1,1.0
458,87,1489.86,930.45,34.27,91.85,1,1,1.0
458,92,1195.55,838.20,107.19,170.01,1,1,1.0
458,94,170.40,111.68,30.38,39.14,1,1,1.0
458,95,972.89,407.52,24.19,46.84,1,1,1.0
458,96,951.59,258.12,30.67,41.65,1,1,1.0
458,97,706.10,35.79,107.69,165.88,1,1,1.0
459,15,1335.83,710.22,119.69,100.52,1,1,1.0
459,17,1749.53,695.56,84.37,138.03,1,1,1.0
459,18,1126.06,773.81,38.85,58.96,1,1,1.0
459,67,972.30,370.64,25.68,32.36,1,1,1.0
459,74,244.40,216.09,107.58,190.21,1,1,1.0
459,83,1445.90,427.56,115.05,195.34,1,1,1.0
459,86,858.01,441.78,53.67,71.55,1,1,1.0
459,87,1485.71,929.06,34.27,91.85,1,1,1.0
459,92,1194.34,834.19,108.12,168.24,1,1,1.0
459,94,174.83,107.95,29.85,37.96,1,1,1.0
459,95,976.45,410.55,27.10,41.17,1,1,1.0
459,96,955.86,254.32,30.34,41.73,1,1,1.0
459,97,706.10,27.73,107.69,165.88,1,1,1.0
460,15,1333.42,703.93,119.07,99.11,1,1,1.0
460,17,1749.31,688.68,82.53,136.76,1,1,1.0
460,67,975.65,368.04,25.68,32.36,1,1,1.0
460,74,244.40,207.77,108.04,189.43,1,1,1.0
460,83,1437.58,409.98,115.05,200.90,1,1,1.0
460,86,857.34,436.30,53.67,71.55,1,1,1.0
460,87,1482.26,923.89,34.27,91.85,1,1,1.0
460,92,1194.14,829.37,107.28,165.86,1,1,1.0
460,94,182.20,106.40,24.10,35.60,1,1,1.0
460,95,976.96,410.17,29.52,38.14,1,1,1.0
460,96,959.56,252.68,30.42,41.09,1,1,1.0
460,97,706.10,21.87,107.69,165.88,1,1,1.0
461,15,1326.09,692.28,120.64,102.51,1,1,1.0
461,17,1743.56,681.99,85.80,137.96,1,1,1.0
461,67,980.48,364.51,25.68,32.36,1,1,1.0
461,74,244.40,199.44,108.50,188.66,1,1,1.0
461,83,1429.26,392.40,115.05,206.47,1,1,1.0
461,86,856.67,430.82,53.66,71.55,1,1,1.0
461,87,1478.81,918.71,34.27,91.85,1,1,1.0
461,90,554.83,1029.10,31.76,50.86,1,1,1.0
461,92,1191.07,821.41,107.35,165.46,1,1,1.0
461,94,187.94,96.08,28.05,37.46,1,1,1.0
461,95,981.65,398.81,28.59,45.01,1,1,1.0
461,96,964.48,246.49,30.66,44.60,1,1,1.0
461,97,706.10,16.00,107.69,165.88,1,1,1.0
462,15,1324.70,687.16,121.97,104.91,1,1,1.0
462,17,1742.42,676.12,86.28,137.76,1,1,1.0
462,67,985.31,360.98,25.68,32.36,1,1,1.0
462,74,243.94,193.89,108.50,188.66,1,1,1.0
462,83,1421.87,378.53,115.05,206.47,1,1,1.0
462,86,856.00,425.34,53.66,71.56,1,1,1.0
462,87,1475.35,913.53,34.27,91.85,1,1,1.0
462,90,549.66,1024.26,32.47,55.74,1,1,1.0
462,92,1190.89,818.79,105.16,163.32,1,1,1.0
462,94,191.49,93.75,27.07,37.36,1,1,1.0
462,95,985.60,397.38,26.80,44.71,1,1,1.0
462,96,969.40,240.30,30.90,48.11,1,1,1.0
462,97,706.10,10.13,107.69,165.88,1,1,1.0
463,15,1322.51,683.39,121.80,104.99,1,1,1.0
463,17,1741.12,668.35,86.73,144.15,1,1,1.0
463,67,988.28,359.68,25.68,32.36,1,1,1.0
463,74,243.48,188.35,108.50,188.65,1,1,1.0
463,83,1414.47,364.67,115.05,206.46,1,1,1.0
463,86,855.33,419.86,53.66,71.56,1,1,1.0
463,87,1471.90,908.35,34.27,91.85,1,1,1.0
463,90,545.65,1017.06,34.15,62.64,1,1,1.0
463,92,1189.34,814.99,104.60,161.11,1,1,1.0
463,94,196.40,93.50,25.40,35.50,1,1,1.0
463,95,987.66,395.67,27.98,43.46,1,1,1.0
463,96,971.22,239.85,31.23,46.55,1,1,1.0
463,97,706.10,4.26,107.69,165.88,1,1,1.0
464,15,1319.91,679.82,119.11,103.28,1,1,1.0
464,17,1739.43,668.45,87.59,137.20,1,1,1.0
464,19,0.02,21.41,14.46,65.30,1,1,1.0
464,67,991.26,358.38,25.68,32.35,1,1,1.0
464,74,243.01,182.80,108.50,188.65,1,1,1.0
464,83,1409.85,363.74,115.05,206.47,1,1,1.0
464,86,854.66,414.39,53.66,71.55,1,1,1.0
464,87,1469.14,904.89,34.27,91.85,1,1,1.0
464,90,542.21,1014.41,32.94,65.29,1,1,1.0
464,92,1187.73,813.09,105.02,159.89,1,1,1.0
464,94,198.44,87.45,29.59,38.52,1,1,1.0
464,95,989.99,394.39,28.04,42.31,1,1,1.0
464,96,973.89,236.82,31.53,47.62,1,1,1.0
464,97,704.94,2.72,108.79,163.40,1,1,1.0
465,15,1318.13,676.50,118.45,102.33,1,1,1.0
465,17,1739.09,667.28,87.73,136.77,1,1,1.0
465,19,0.00,22.42,17.67,57.84,1,1,1.0
465,20,1149.26,0.14,52.89,33.10,1,1,1.0
465,67,994.01,358.23,25.68,30.88,1,1,1.0
465,74,242.55,177.25,108.50,188.66,1,1,1.0
465,83,1405.23,362.82,115.05,206.46,1,1,1.0
465,86,853.99,408.91,53.66,71.55,1,1,1.0
465,87,1466.38,901.44,34.27,91.85,1,1,1.0
465,90,536.34,1010.14,36.49,69.62,1,1,1.0
465,92,1187.80,811.82,104.11,159.48,1,1,1.0
465,94,201.42,85.64,29.33,38.80,1,1,1.0
465,95,992.47,392.75,27.89,42.80,1,1,1.0
465,96,976.17,236.54,31.50,46.85,1,1,1.0
465,97,703.78,1.19,109.90,160.92,1,1,1.0
466,15,1314.37,668.93,121.35,103.55,1,1,1.0
466,17,1739.66,660.57,88.45,138.59,1,1,1.0
466,19,0.01,14.08,24.50,58.71,1,1,1.0
466,20,1152.78,0.16,50.59,30.96,1,1,1.0
466,67,996.76,358.08,25.68,29.40,1,1,1.0
466,74,242.09,171.70,108.50,188.66,1,1,1.0
466,83,1398.75,347.10,115.05,206.47,1,1,1.0
466,86,853.32,403.43,53.66,71.55,1,1,1.0
466,87,1463.62,897.99,34.27,91.85,1,1,1.0
466,90,531.04,1004.72,33.81,75.28,1,1,1.0
466,92,1185.52,807.18,104.35,155.63,1,1,1.0
466,94,211.40,83.10,22.80,37.50,1,1,1.0
466,95,997.58,389.45,27.86,45.72,1,1,1.0
466,96,983.12,236.00,30.04,45.49,1,1,1.0
466,97,703.23,0.89,111.01,158.44,1,1,1.0
467,15,1312.54,666.19,122.82,102.90,1,1,1.0
467,17,1739.29,658.66,88.51,139.18,1,1,1.0
467,19,0.07,11.77,28.82,58.17,1,1,1.0
467,67,999.51,357.93,25.68,27.92,1,1,1.0
467,74,241.01,168.62,108.50,189.43,1,1,1.0
467,83,1392.28,331.39,115.05,206.46,1,1,1.0
467,86,852.64,397.95,53.67,71.55,1,1,1.0
467,87,1460.85,894.54,34.27,91.85,1,1,1.0
467,90,527.16,1003.66,33.76,76.34,1,1,1.0
467,92,1184.98,806.25,104.36,154.45,1,1,1.0
467,94,211.18,81.08,28.73,36.85,1,1,1.0
467,95,1000.16,389.18,27.82,45.17,1,1,1.0
467,96,984.34,233.38,32.71,47.72,1,1,1.0
467,97,702.69,0.59,112.11,155.96,1,1,1.0
468,15,1310.14,664.73,122.48,102.79,1,1,1.0
468,17,1738.24,656.79,89.30,140.46,1,1,1.0
468,19,0.00,14.02,31.60,55.25,1,1,1.0
468,67,1002.26,357.79,25.68,26.44,1,1,1.0
468,74,239.93,165.54,108.50,190.19,1,1,1.0
468,83,1386.74,329.54,115.05,206.46,1,1,1.0
468,86,851.30,396.72,53.67,71.55,1,1,1.0
468,87,1458.09,891.08,34.27,91.85,1,1,1.0
468,90,522.61,999.62,35.84,80.38,1,1,1.0
468,92,1184.14,805.76,103.95,153.86,1,1,1.0
468,94,214.27,79.99,28.75,36.88,1,1,1.0
468,95,1000.71,389.69,30.10,44.88,1,1,1.0
468,96,986.87,234.76,32.56,46.21,1,1,1.0
468,97,702.14,0.30,113.22,153.48,1,1,1.0
469,15,1306.39,663.72,123.78,102.49,1,1,1.0
469,17,1735.89,656.18,89.62,138.97,1,1,1.0
469,19,0.16,13.15,35.23,54.56,1,1,1.0
469,21,1413.36,576.28,32.72,48.96,1,1,1.0
469,67,1005.01,357.64,25.68,24.96,1,1,1.0
469,74,238.85,162.45,108.50,190.97,1,1,1.0
469,83,1381.19,327.69,115.05,206.47,1,1,1.0
469,86,849.96,395.49,53.67,71.55,1,1,1.0
469,87,1455.33,887.63,34.27,91.85,1,1,1.0
469,90,518.07,995.63,35.47,84.37,1,1,1.0
469,92,1183.50,804.31,104.26,156.06,1,1,1.0
469,94,217.04,78.62,29.34,36.96,1,1,1.0
469,95,1003.24,390.28,29.58,43.41,1,1,1.0
469,96,988.38,236.73,32.04,44.00,1,1,1.0
469,97,701.60,0.00,114.32,151.00,1,1,1.0
470,15,1303.82,662.96,123.01,102.13,1,1,1.0
470,17,1733.61,652.95,90.55,142.12,1,1,1.0
470,19,0.89,11.77,36.87,55.59,1,1,1.0
470,21,1413.97,576.33,32.93,51.24,1,1,1.0
470,67,1007.24,357.12,25.68,24.96,1,1,1.0
470,74,237.77,159.37,108.50,191.74,1,1,1.0
470,83,1374.41,319.06,115.05,206.47,1,1,1.0
470,86,848.62,394.26,53.66,71.55,1,1,1.0
470,87,1452.07,887.63,34.27,91.85,1,1,1.0
470,90,514.95,995.75,33.65,83.96,1,1,1.0
470,92,1182.29,804.09,103.76,154.96,1,1,1.0
470,94,219.81,78.77,27.85,36.10,1,1,1.0
470,95,1005.57,388.53,29.20,45.39,1,1,1.0
470,96,989.35,234.39,32.86,46.34,1,1,1.0
470,97,701.21,0.00,114.66,148.70,1,1,1.0
471,15,1296.61,656.10,127.48,103.66,1,1,1.0
471,17,1728.77,649.74,91.97,141.99,1,1,1.0
471,19,6.21,9.97,37.57,55.03,1,1,1.0
471,21,1415.19,573.44,35.14,54.39,1,1,1.0
471,67,1009.47,356.60,25.68,24.96,1,1,1.0
471,74,236.69,156.29,108.50,192.51,1,1,1.0
471,83,1367.63,310.43,115.05,206.47,1,1,1.0
471,86,847.28,393.03,53.66,71.56,1,1,1.0
471,87,1448.81,887.63,34.27,91.85,1,1,1.0
471,90,505.43,990.25,36.46,89.39,1,1,1.0
471,92,1180.98,802.13,100.26,151.00,1,1,1.0
471,94,225.25,76.61,29.67,37.49,1,1,1.0
471,95,1010.37,388.98,27.57,43.96,1,1,1.0
471,96,996.40,238.10,28.00,40.70,1,1,1.0
471,97,699.70,0.00,114.32,142.45,1,1,1.0
472,15,1294.03,653.56,126.36,102.60,1,1,1.0
472,17,1727.03,648.77,92.65,141.13,1,1,1.0
472,19,8.76,9.22,37.43,55.53,1,1,1.0
472,21,1416.52,572.58,34.81,55.29,1,1,1.0
472,67,1011.70,356.08,25.68,24.96,1,1,1.0
472,74,234.69,153.21,108.50,192.51,1,1,1.0
472,83,1360.85,301.80,115.05,206.47,1,1,1.0
472,86,845.94,391.80,53.66,71.56,1,1,1.0
472,87,1445.54,887.63,34.27,91.85,1,1,1.0
472,90,501.56,985.64,35.17,93.51,1,1,1.0
472,92,1179.02,800.94,97.95,148.22,1,1,1.0
472,94,227.09,76.03,29.46,37.83,1,1,1.0
472,95,1012.25,389.06,26.11,45.93,1,1,1.0
472,96,998.12,238.94,28.02,40.57,1,1,1.0
472,97,698.05,0.14,114.05,140.80,1,1,1.0
473,15,1289.43,651.42,128.62,102.09,1,1,1.0
473,17,1726.25,644.35,90.63,142.21,1,1,1.0
473,19,9.48,9.03,37.42,54.46,1,1,1.0
473,21,1417.28,572.20,35.79,55.72,1,1,1.0
473,67,1013.93,355.56,25.68,24.96,1,1,1.0
473,74,232.69,150.12,108.50,192.52,1,1,1.0
473,83,1352.53,293.02,115.05,206.47,1,1,1.0
473,86,844.59,390.57,53.67,71.56,1,1,1.0
473,87,1442.28,887.63,34.27,91.85,1,1,1.0
473,90,497.58,983.22,35.37,95.24,1,1,1.0
473,92,1177.42,799.99,98.23,145.91,1,1,1.0
473,94,229.16,75.84,29.77,37.08,1,1,1.0
473,95,1013.22,389.05,25.24,46.36,1,1,1.0
473,96,999.85,239.79,28.03,40.44,1,1,1.0
473,97,696.40,0.27,113.78,139.16,1,1,1.0
474,15,1287.33,648.30,125.71,102.53,1,1,1.0
474,17,1724.51,638.96,91.10,147.16,1,1,1.0
474,19,12.19,8.32,35.95,53.83,1,1,1.0
474,67,1016.16,355.04,25.68,24.96,1,1,1.0
474,74,230.68,147.04,108.50,192.51,1,1,1.0
474,83,1344.21,284.24,115.05,206.47,1,1,1.0
474,86,843.25,389.34,53.67,71.56,1,1,1.0
474,87,1439.01,887.63,34.27,91.85,1,1,1.0
474,90,492.67,982.55,36.13,95.65,1,1,1.0
474,92,1176.24,798.54,97.95,144.83,1,1,1.0
474,95,1015.18,390.02,21.80,43.68,1,1,1.0
474,96,1001.57,240.63,28.05,40.31,1,1,1.0
474,97,694.75,0.41,113.51,137.52,1,1,1.0
475,15,1284.83,645.73,126.33,102.05,1,1,1.0
475,17,1721.96,636.35,90.70,147.98,1,1,1.0
475,19,13.11,7.55,37.04,53.48,1,1,1.0
475,67,1015.27,355.72,25.62,25.53,1,1,1.0
475,74,228.68,143.96,108.50,192.51,1,1,1.0
475,83,1335.89,275.46,115.05,206.47,1,1,1.0
475,86,841.91,388.11,53.67,71.56,1,1,1.0
475,87,1435.74,887.63,34.27,91.85,1,1,1.0
475,90,487.30,980.50,36.39,95.86,1,1,1.0
475,92,1174.60,797.78,99.22,143.83,1,1,1.0
475,96,1003.29,241.47,28.07,40.19,1,1,1.0
475,97,693.11,0.55,113.23,135.87,1,1,1.0
476,15,1276.15,638.91,127.53,104.22,1,1,1.0
476,17,1716.07,632.07,93.34,145.51,1,1,1.0
476,19,16.33,8.27,35.29,53.44,1,1,1.0
476,67,1014.38,356.41,25.57,26.10,1,1,1.0
476,74,226.67,140.88,108.50,192.51,1,1,1.0
476,83,1327.57,266.68,115.05,206.46,1,1,1.0
476,86,840.57,386.88,53.66,71.56,1,1,1.0
476,87,1428.31,886.14,34.27,91.85,1,1,1.0
476,90,480.51,978.71,35.32,97.62,1,1,1.0
476,92,1168.77,796.00,96.25,139.38,1,1,1.0
476,96,1003.68,243.40,28.09,38.55,1,1,1.0
476,97,691.46,0.69,112.96,134.22,1,1,1.0
477,15,1270.30,637.43,126.00,103.41,1,1,1.0
477,17,1712.86,631.59,91.08,144.35,1,1,1.0
477,19,17.06,7.95,35.28,52.98,1,1,1.0
477,67,1013.49,357.09,25.52,26.67,1,1,1.0
477,74,222.97,139.64,108.50,192.52,1,1,1.0
477,83,1315.86,262.98,115.05,206.47,1,1,1.0
477,86,839.23,385.65,53.66,71.56,1,1,1.0
477,87,1420.88,884.66,34.27,91.85,1,1,1.0
477,90,475.04,978.54,36.01,96.27,1,1,1.0
477,92,1167.30,796.11,93.47,136.39,1,1,1.0
477,96,1004.07,245.32,28.11,36.93,1,1,1.0
477,97,689.81,0.82,112.69,132.58,1,1,1.0
478,15,1266.16,635.82,123.62,104.78,1,1,1.0
478,17,1708.38,630.33,90.04,144.39,1,1,1.0
478,19,17.03,8.43,35.25,53.12,1,1,1.0
478,67,1012.60,357.78,25.46,27.23,1,1,1.0
478,74,219.28,138.41,108.50,192.51,1,1,1.0
478,83,1304.15,259.28,115.05,206.47,1,1,1.0
478,86,833.47,383.87,53.22,71.55,1,1,1.0
478,87,1413.45,883.17,34.27,91.85,1,1,1.0
478,90,470.01,975.42,34.40,97.86,1,1,1.0
478,92,1165.02,795.16,93.61,134.95,1,1,1.0
478,96,1004.46,247.25,28.12,35.29,1,1,1.0
478,97,685.55,0.69,112.69,131.19,1,1,1.0
479,15,1260.46,633.56,125.30,104.88,1,1,1.0
479,17,1703.30,627.94,89.78,145.69,1,1,1.0
479,19,16.28,8.61,35.30,53.38,1,1,1.0
479,67,1011.71,358.47,25.41,27.80,1,1,1.0
479,74,215.58,137.18,108.50,192.51,1,1,1.0
479,83,1292.44,255.58,115.05,206.47,1,1,1.0
479,86,827.72,382.08,52.76,71.55,1,1,1.0
479,87,1405.13,878.71,34.27,91.85,1,1,1.0
479,90,463.18,974.84,35.04,94.77,1,1,1.0
479,92,1160.87,794.61,94.54,134.04,1,1,1.0
479,96,1004.85,249.17,28.14,33.67,1,1,1.0
479,97,681.29,0.55,112.69,129.82,1,1,1.0
480,15,1253.72,631.97,127.65,105.93,1,1,1.0
480,17,1695.26,625.04,92.80,147.55,1,1,1.0
480,19,15.47,8.50,35.90,53.19,1,1,1.0
480,67,1010.82,359.15,25.36,28.37,1,1,1.0
480,74,211.88,135.95,108.50,192.51,1,1,1.0
480,83,1278.39,248.56,115.05,206.46,1,1,1.0
480,86,821.96,380.29,52.32,71.55,1,1,1.0
480,87,1396.80,874.26,34.27,91.85,1,1,1.0
480,90,457.00,973.23,35.02,96.70,1,1,1.0
480,92,1155.94,793.02,95.42,132.63,1,1,1.0
480,96,1005.23,251.10,28.17,32.04,1,1,1.0
480,97,677.03,0.41,112.70,128.44,1,1,1.0
481,15,1239.74,628.70,128.81,107.83,1,1,1.0
481,17,1684.89,620.77,89.46,146.76,1,1,1.0
481,19,12.63,8.40,35.19,53.28,1,1,1.0
481,67,1009.93,359.84,25.30,28.94,1,1,1.0
481,74,208.18,134.71,108.50,192.51,1,1,1.0
481,83,1264.34,241.53,115.05,206.47,1,1,1.0
481,86,816.20,378.50,51.87,71.55,1,1,1.0
481,87,1388.48,869.80,34.27,91.85,1,1,1.0
481,90,443.16,969.36,35.86,98.52,1,1,1.0
481,92,1146.05,792.13,96.50,130.45,1,1,1.0
481,96,1002.89,251.94,28.19,31.67,1,1,1.0
481,97,672.78,0.27,112.69,127.06,1,1,1.0
482,15,1232.26,626.68,129.04,107.68,1,1,1.0
482,17,1677.48,621.06,88.95,143.21,1,1,1.0
482,19,10.62,7.94,37.09,53.35,1,1,1.0
482,67,1009.04,360.52,25.25,29.51,1,1,1.0
482,74,203.30,132.66,108.76,192.89,1,1,1.0
482,83,1250.29,234.51,115.05,206.46,1,1,1.0
482,86,810.45,376.71,51.42,71.55,1,1,1.0
482,87,1381.35,869.80,34.27,91.85,1,1,1.0
482,90,437.69,971.35,33.12,96.08,1,1,1.0
482,92,1141.54,789.91,98.81,128.87,1,1,1.0
482,95,1022.05,401.96,18.93,40.78,1,1,1.0
482,96,1000.55,252.78,28.20,31.31,1,1,1.0
482,97,668.52,0.14,112.69,125.68,1,1,1.0
483,15,1224.50,625.47,129.15,107.53,1,1,1.0
483,17,1669.52,618.38,88.93,145.07,1,1,1.0
483,19,9.50,7.87,36.67,54.20,1,1,1.0
483,67,1008.16,361.21,25.19,30.07,1,1,1.0
483,74,198.42,130.60,109.02,193.28,1,1,1.0
483,83,1236.24,227.48,115.05,206.47,1,1,1.0
483,86,804.69,374.92,50.97,71.55,1,1,1.0
483,87,1374.22,869.80,34.27,91.85,1,1,1.0
483,90,430.07,973.47,35.96,90.68,1,1,1.0
483,92,1137.51,788.66,98.88,127.26,1,1,1.0
483,95,1018.26,399.61,21.77,42.98,1,1,1.0
483,96,998.21,253.61,28.22,30.96,1,1,1.0
483,97,664.26,0.00,112.69,124.30,1,1,1.0
484,15,1215.29,623.48,131.16,104.76,1,1,1.0
484,17,1662.29,616.83,88.53,145.34,1,1,1.0
484,19,8.19,7.14,35.87,54.74,1,1,1.0
484,67,1007.27,361.90,25.13,30.64,1,1,1.0
484,74,191.23,129.12,109.27,193.66,1,1,1.0
484,83,1222.19,220.46,115.05,206.46,1,1,1.0
484,86,798.93,373.13,50.53,71.56,1,1,1.0
484,87,1367.08,869.80,34.27,91.85,1,1,1.0
484,90,423.79,965.52,34.94,97.74,1,1,1.0
484,92,1132.84,787.82,99.09,124.50,1,1,1.0
484,95,1015.90,397.08,22.57,45.81,1,1,1.0
484,96,995.87,254.45,28.23,30.60,1,1,1.0
484,97,657.55,0.00,112.69,122.30,1,1,1.0
485,15,1210.24,621.10,119.43,105.76,1,1,1.0
485,17,1652.68,613.07,88.66,148.29,1,1,1.0
485,19,6.36,7.88,34.94,54.42,1,1,1.0
485,67,1006.38,362.58,25.08,31.21,1,1,1.0
485,74,184.04,127.65,109.53,194.04,1,1,1.0
485,83,1200.93,214.91,115.05,206.46,1,1,1.0
485,86,793.18,371.34,50.07,71.56,1,1,1.0
485,87,1354.01,865.93,35.46,93.64,1,1,1.0
485,90,414.95,961.92,38.38,101.02,1,1,1.0
485,92,1125.95,786.81,102.15,122.89,1,1,1.0
485,95,1012.37,397.31,25.54,45.76,1,1,1.0
485,96,993.53,255.29,28.25,30.23,1,1,1.0
485,97,650.84,0.00,112.69,120.30,1,1,1.0
486,15,1193.60,616.96,120.25,108.62,1,1,1.0
486,17,1634.31,607.29,90.74,148.15,1,1,1.0
486,19,1.20,7.58,35.18,55.25,1,1,1.0
486,67,1005.49,363.27,25.03,31.78,1,1,1.0
486,74,176.84,126.17,109.79,194.42,1,1,1.0
486,83,1179.66,209.36,115.05,206.47,1,1,1.0
486,86,787.42,369.55,49.63,71.56,1,1,1.0
486,87,1340.93,862.07,36.65,95.42,1,1,1.0
486,90,400.44,960.85,36.88,100.15,1,1,1.0
486,92,1115.58,786.12,85.06,111.19,1,1,1.0
486,95,1004.54,397.25,29.11,45.55,1,1,1.0
486,96,991.19,256.13,28.26,29.87,1,1,1.0
486,97,644.13,0.00,112.69,118.30,1,1,1.0
487,15,1185.33,616.24,120.23,105.88,1,1,1.0
487,17,1624.37,604.97,91.85,148.67,1,1,1.0
487,19,0.08,7.37,33.52,54.47,1,1,1.0
487,67,1004.60,363.96,24.97,32.34,1,1,1.0
487,74,169.65,124.70,110.05,194.80,1,1,1.0
487,83,1154.17,190.87,120.17,226.76,1,1,1.0
487,86,781.66,367.77,49.18,71.55,1,1,1.0
487,87,1327.85,858.20,37.85,97.21,1,1,1.0
487,90,393.33,964.15,34.73,93.50,1,1,1.0
487,92,1110.18,784.56,85.52,109.01,1,1,1.0
487,95,1001.84,397.76,29.82,44.58,1,1,1.0
487,96,988.85,256.96,28.28,29.52,1,1,1.0
487,97,637.41,0.00,112.70,116.30,1,1,1.0
488,15,1175.14,613.05,123.32,107.59,1,1,1.0
488,17,1616.66,603.89,89.32,146.11,1,1,1.0
488,19,0.00,4.99,30.65,56.04,1,1,1.0
488,67,1000.42,363.58,24.97,31.97,1,1,1.0
488,74,160.79,122.77,110.05,194.80,1,1,1.0
488,83,1143.12,193.26,117.09,214.37,1,1,1.0
488,86,775.91,365.98,48.73,71.55,1,1,1.0
488,87,1317.12,853.84,37.85,98.55,1,1,1.0
488,90,383.77,958.04,35.76,99.12,1,1,1.0
488,92,1104.58,784.19,87.07,102.73,1,1,1.0
488,95,999.83,397.89,29.02,45.11,1,1,1.0
488,96,986.51,257.80,28.29,29.15,1,1,1.0
488,97,630.70,0.00,112.70,114.30,1,1,1.0
489,15,1167.75,610.38,117.60,106.60,1,1,1.0
489,17,1603.50,600.16,91.94,147.95,1,1,1.0
489,19,0.05,4.11,25.10,56.56,1,1,1.0
489,67,996.24,363.21,24.97,31.59,1,1,1.0
489,74,151.93,120.84,110.05,194.81,1,1,1.0
489,83,1126.54,185.32,118.40,218.21,1,1,1.0
489,84,1884.58,408.87,35.42,131.81,1,1,1.0
489,86,770.15,364.19,48.28,71.55,1,1,1.0
489,87,1306.39,849.48,37.84,99.89,1,1,1.0
489,90,375.39,957.74,34.32,98.03,1,1,1.0
489,92,1097.03,782.33,85.80,103.38,1,1,1.0
489,95,996.90,397.20,28.54,44.74,1,1,1.0
489,96,982.10,255.31,28.31,30.36,1,1,1.0
489,97,623.99,0.00,112.69,112.30,1,1,1.0
490,15,1156.89,606.44,123.56,107.90,1,1,1.0
490,17,1593.95,597.06,92.50,147.48,1,1,1.0
490,67,992.06,362.84,24.97,31.21,1,1,1.0
490,74,143.06,118.92,110.05,194.80,1,1,1.0
490,83,1110.26,178.07,119.78,219.50,1,1,1.0
490,84,1875.92,379.37,44.08,158.62,1,1,1.0
490,86,764.39,362.40,47.84,71.55,1,1,1.0
490,87,1295.66,845.12,37.84,101.22,1,1,1.0
490,90,365.62,956.40,36.04,97.95,1,1,1.0
490,92,1091.43,781.12,82.60,99.75,1,1,1.0
490,95,993.08,397.76,28.95,45.24,1,1,1.0
490,96,977.69,252.82,28.33,31.57,1,1,1.0
490,97,617.28,0.00,112.69,110.30,1,1,1.0
491,15,1138.93,605.21,117.58,103.87,1,1,1.0
491,17,1574.19,591.95,96.27,149.25,1,1,1.0
491,22,598.81,0.13,122.80,104.53,1,1,1.0
491,67,987.88,362.47,24.97,30.83,1,1,1.0
491,74,134.20,116.99,110.05,194.80,1,1,1.0
491,83,1082.99,164.21,117.19,223.67,1,1,1.0
491,84,1856.26,362.71,63.74,168.57,1,1,1.0
491,86,758.64,360.61,47.38,71.55,1,1,1.0
491,87,1284.92,840.76,37.85,102.56,1,1,1.0
491,90,348.43,958.80,33.00,94.51,1,1,1.0
491,92,1078.08,778.53,80.76,95.08,1,1,1.0
491,95,985.53,396.86,29.41,45.89,1,1,1.0
491,96,973.29,250.33,28.33,32.78,1,1,1.0
491,97,609.04,0.00,112.69,108.82,1,1,1.0
492,15,1128.70,600.76,123.00,107.80,1,1,1.0
492,17,1569.87,590.04,91.01,147.18,1,1,1.0
492,67,983.73,361.60,24.97,30.77,1,1,1.0
492,74,125.11,114.53,112.99,194.32,1,1,1.0
492,83,1067.95,157.42,121.46,224.39,1,1,1.0
492,84,1847.64,359.56,72.17,167.54,1,1,1.0
492,86,752.88,358.82,46.94,71.55,1,1,1.0
492,87,1274.19,836.40,37.85,103.90,1,1,1.0
492,90,338.19,956.70,35.54,95.32,1,1,1.0
492,92,1072.51,775.77,79.07,94.85,1,1,1.0
492,95,982.96,396.46,28.08,46.02,1,1,1.0
492,96,968.88,247.84,28.35,33.98,1,1,1.0
492,97,600.80,0.00,112.69,107.34,1,1,1.0
493,15,1122.02,596.79,123.09,109.94,1,1,1.0
493,17,1562.58,589.30,89.50,144.73,1,1,1.0
493,67,979.58,360.73,24.97,30.70,1,1,1.0
493,74,116.02,112.07,115.93,193.85,1,1,1.0
493,83,1056.14,147.70,122.08,226.52,1,1,1.0
493,84,1838.47,353.87,80.34,169.72,1,1,1.0
493,86,747.13,357.03,46.48,71.56,1,1,1.0
493,87,1263.46,832.04,37.84,105.24,1,1,1.0
493,90,329.96,953.60,35.86,96.57,1,1,1.0
493,92,1066.99,777.15,77.70,92.76,1,1,1.0
493,95,979.24,396.30,29.05,43.44,1,1,1.0
493,96,964.47,245.36,28.37,35.18,1,1,1.0
493,97,592.56,0.00,112.69,105.86,1,1,1.0
494,15,1113.49,595.92,121.08,106.53,1,1,1.0
494,17,1553.65,584.11,87.81,147.81,1,1,1.0
494,67,975.43,359.87,24.97,30.63,1,1,1.0
494,74,106.92,109.62,118.88,193.36,1,1,1.0
494,83,1045.65,148.33,117.88,221.41,1,1,1.0
494,84,1828.71,348.65,86.72,173.68,1,1,1.0
494,86,741.37,355.24,46.04,71.56,1,1,1.0
494,87,1252.72,827.68,37.85,106.58,1,1,1.0
494,90,320.37,951.80,35.66,97.08,1,1,1.0
494,92,1061.46,778.53,76.34,90.67,1,1,1.0
494,95,975.53,393.82,30.31,45.58,1,1,1.0
494,96,960.06,242.87,28.39,36.39,1,1,1.0
494,97,584.31,0.00,112.70,104.38,1,1,1.0
495,15,1105.34,591.69,117.66,102.74,1,1,1.0
495,17,1545.06,580.15,88.33,144.13,1,1,1.0
495,67,971.28,359.00,24.97,30.57,1,1,1.0
495,74,97.83,107.16,116.02,192.88,1,1,1.0
495,83,1033.16,133.17,115.67,230.16,1,1,1.0
495,84,1818.54,344.11,87.59,172.18,1,1,1.0
495,86,735.61,353.45,45.59,71.56,1,1,1.0
495,87,1241.99,823.32,37.85,107.92,1,1,1.0
495,90,311.37,947.21,36.56,98.82,1,1,1.0
495,92,1051.79,774.39,74.96,87.21,1,1,1.0
495,95,971.57,393.78,30.41,44.09,1,1,1.0
495,96,957.60,243.30,28.40,37.60,1,1,1.0
495,97,576.07,0.00,112.69,102.90,1,1,1.0
496,15,1087.98,579.85,116.72,106.26,1,1,1.0
496,17,1528.11,572.24,87.70,145.63,1,1,1.0
496,67,967.13,358.13,24.97,30.50,1,1,1.0
496,74,88.74,104.70,113.16,192.40,1,1,1.0
496,78,1483.64,536.30,92.45,114.63,1,1,1.0
496,83,1014.07,122.83,117.89,232.21,1,1,1.0
496,84,1800.93,333.86,87.23,169.55,1,1,1.0
496,86,729.86,351.67,45.14,71.55,1,1,1.0
496,87,1231.26,818.96,37.84,109.26,1,1,1.0
496,90,293.91,939.67,36.56,102.03,1,1,1.0
496,92,1042.12,770.25,73.58,83.75,1,1,1.0
496,95,964.96,390.75,30.00,45.21,1,1,1.0
496,96,946.00,236.10,32.20,43.20,1,1,1.0
496,97,568.00,0.00,112.69,98.12,1,1,1.0
496,100,265.22,99.36,18.65,27.71,1,1,1.0
497,15,1078.68,575.20,113.98,109.42,1,1,1.0
497,17,1518.66,566.59,88.59,151.02,1,1,1.0
497,67,962.98,357.27,24.97,30.43,1,1,1.0
497,74,79.23,101.80,114.07,192.36,1,1,1.0
497,78,1477.37,533.50,91.92,113.06,1,1,1.0
497,83,994.98,112.49,120.11,234.26,1,1,1.0
497,84,1790.57,330.69,87.86,166.29,1,1,1.0
497,86,724.10,349.88,44.69,71.55,1,1,1.0
497,87,1220.53,814.60,37.84,110.60,1,1,1.0
497,90,285.13,937.69,35.41,102.51,1,1,1.0
497,92,1034.53,765.41,71.47,83.09,1,1,1.0
497,95,960.90,390.03,31.43,45.52,1,1,1.0
497,96,942.09,234.60,32.20,43.20,1,1,1.0
497,97,559.92,0.00,112.69,93.34,1,1,1.0
497,100,260.23,96.87,18.65,27.71,1,1,1.0
498,15,1069.16,571.07,117.87,108.40,1,1,1.0
498,17,1510.16,561.17,87.18,151.10,1,1,1.0
498,67,958.71,356.03,24.97,30.43,1,1,1.0
498,74,69.73,98.90,114.97,192.32,1,1,1.0
498,78,1471.10,530.70,91.40,111.50,1,1,1.0
498,83,975.89,102.15,122.33,236.31,1,1,1.0
498,84,1782.14,323.04,86.49,170.04,1,1,1.0
498,86,716.94,347.19,44.70,71.56,1,1,1.0
498,87,1212.70,812.73,37.85,110.61,1,1,1.0
498,90,274.65,936.88,36.95,101.57,1,1,1.0
498,92,1026.93,760.58,69.37,82.42,1,1,1.0
498,95,956.25,390.05,31.16,43.75,1,1,1.0
498,96,938.18,233.09,32.20,43.20,1,1,1.0
498,97,551.84,0.00,112.69,88.56,1,1,1.0
498,100,254.77,95.47,18.65,27.70,1,1,1.0
499,15,1062.84,566.23,113.21,110.49,1,1,1.0
499,17,1500.93,558.39,87.18,145.76,1,1,1.0
499,67,954.43,354.79,24.97,30.43,1,1,1.0
499,74,60.22,96.00,115.88,192.28,1,1,1.0
499,78,1460.23,526.28,91.40,111.50,1,1,1.0
499,83,956.79,91.80,124.55,238.38,1,1,1.0
499,84,1773.27,317.44,87.03,171.35,1,1,1.0
499,86,709.79,344.51,44.69,71.55,1,1,1.0
499,87,1204.87,810.87,37.85,110.60,1,1,1.0
499,90,265.90,932.73,36.94,104.28,1,1,1.0
499,92,1022.10,759.20,69.37,78.95,1,1,1.0
499,95,953.23,388.82,29.88,44.30,1,1,1.0
499,96,934.27,231.59,32.20,43.20,1,1,1.0
499,97,543.76,0.00,112.70,83.78,1,1,1.0
499,100,249.31,94.06,18.65,27.71,1,1,1.0
500,15,1051.92,563.76,115.91,109.41,1,1,1.0
500,17,1492.73,553.52,89.34,148.44,1,1,1.0
500,67,950.16,353.55,24.97,30.43,1,1,1.0
500,74,50.72,93.10,116.78,192.24,1,1,1.0
500,78,1449.37,521.86,91.40,111.50,1,1,1.0
500,83,937.70,81.46,126.77,240.43,1,1,1.0
500,84,1762.93,313.79,88.55,171.56,1,1,1.0
500,86,702.63,341.83,44.70,71.55,1,1,1.0
500,87,1197.05,809.01,37.84,110.60,1,1,1.0
500,90,258.06,931.70,34.71,104.20,1,1,1.0
500,92,1017.26,757.82,69.37,75.48,1,1,1.0
500,95,950.75,387.75,29.56,44.41,1,1,1.0
500,96,935.20,235.30,27.50,39.49,1,1,1.0
500,97,535.69,0.00,112.69,79.00,1,1,1.0
500,100,243.85,92.66,18.66,27.71,1,1,1.0
501,15,1035.93,556.37,113.93,109.69,1,1,1.0
501,17,1474.96,542.35,91.27,154.02,1,1,1.0
501,67,945.88,352.31,24.98,30.43,1,1,1.0
501,74,41.22,86.55,117.68,196.22,1,1,1.0
501,78,1438.50,517.44,91.40,111.50,1,1,1.0
501,83,918.61,71.12,128.99,242.48,1,1,1.0
501,84,1745.45,304.39,88.19,170.23,1,1,1.0
501,86,695.48,339.14,44.69,71.56,1,1,1.0
501,87,1185.03,805.37,37.84,110.61,1,1,1.0
501,90,241.75,929.59,35.78,101.87,1,1,1.0
501,95,942.16,386.15,31.82,46.35,1,1,1.0
501,97,527.45,0.41,112.69,76.54,1,1,1.0
501,100,238.39,91.26,18.66,27.70,1,1,1.0
502,15,1028.86,553.26,117.17,111.84,1,1,1.0
502,17,1467.57,540.06,89.70,151.65,1,1,1.0
502,67,941.61,351.07,24.97,30.44,1,1,1.0
502,74,31.71,80.00,118.59,200.20,1,1,1.0
502,78,1431.69,514.22,91.40,111.50,1,1,1.0
502,83,899.52,60.78,131.21,244.53,1,1,1.0
502,84,1735.48,302.52,87.07,168.44,1,1,1.0
502,86,688.32,336.46,44.70,71.55,1,1,1.0
502,87,1173.01,801.74,37.85,110.60,1,1,1.0
502,90,233.65,927.07,37.78,103.41,1,1,1.0
502,95,939.63,386.12,29.61,45.89,1,1,1.0
502,97,519.20,0.82,112.70,74.08,1,1,1.0
502,100,234.18,89.85,18.66,27.71,1,1,1.0
503,15,1019.33,550.23,115.55,111.96,1,1,1.0
503,17,1458.09,537.17,90.21,150.36,1,1,1.0
503,67,937.34,349.83,24.97,30.44,1,1,1.0
503,69,261.10,177.70,20.60,28.10,1,1,1.0
503,74,25.55,81.54,118.59,200.20,1,1,1.0
503,78,1424.89,511.00,91.39,111.50,1,1,1.0
503,83,888.22,58.07,131.48,241.26,1,1,1.0
503,84,1726.33,296.91,88.62,170.34,1,1,1.0
503,86,681.17,333.78,44.69,71.55,1,1,1.0
503,87,1160.99,798.11,37.85,110.60,1,1,1.0
503,90,226.46,927.22,34.44,102.79,1,1,1.0
503,95,936.57,384.84,29.99,45.33,1,1,1.0
503,97,510.96,1.24,112.69,71.61,1,1,1.0
503,100,229.97,88.45,18.65,27.71,1,1,1.0
504,15,1012.77,544.49,118.86,114.23,1,1,1.0
504,17,1451.34,531.62,89.89,153.13,1,1,1.0
504,23,776.06,1066.74,30.61,13.26,1,1,1.0
504,67,933.62,348.72,25.20,30.90,1,1,1.0
504,69,256.44,178.37,20.60,26.53,1,1,1.0
504,74,18.82,78.90,118.05,200.20,1,1,1.0
504,78,1418.08,507.77,91.40,111.50,1,1,1.0
504,83,875.30,48.16,128.70,242.43,1,1,1.0
504,84,1717.74,294.01,86.68,168.02,1,1,1.0
504,86,674.01,331.09,44.70,71.56,1,1,1.0
504,87,1148.97,794.47,37.85,110.61,1,1,1.0
504,90,218.79,924.86,35.39,102.64,1,1,1.0
504,95,932.69,383.60,30.01,45.44,1,1,1.0
504,97,502.72,1.65,112.69,69.15,1,1,1.0
504,100,225.76,87.05,18.65,27.70,1,1,1.0
505,15,1004.12,540.34,114.58,113.55,1,1,1.0
505,17,1443.06,527.30,89.84,152.88,1,1,1.0
505,67,929.91,347.60,25.42,31.37,1,1,1.0
505,69,251.78,179.03,20.60,24.97,1,1,1.0
505,74,12.10,76.26,117.51,200.20,1,1,1.0
505,78,1410.45,496.68,95.67,118.30,1,1,1.0
505,83,862.38,38.25,125.91,243.60,1,1,1.0
505,84,1707.86,288.74,89.41,168.25,1,1,1.0
505,86,666.86,328.41,44.69,71.55,1,1,1.0
505,87,1140.48,790.11,37.84,110.60,1,1,1.0
505,90,211.08,922.96,35.57,101.85,1,1,1.0
505,95,929.56,382.25,31.46,46.50,1,1,1.0
505,97,496.79,1.65,111.36,66.19,1,1,1.0
505,100,221.55,85.64,18.65,27.71,1,1,1.0
506,15,989.70,535.20,113.39,110.95,1,1,1.0
506,17,1425.82,518.51,90.77,152.25,1,1,1.0
506,24,1297.49,578.97,26.80,51.73,1,1,1.0
506,67,926.19,346.49,25.65,31.84,1,1,1.0
506,69,247.11,179.70,20.60,23.40,1,1,1.0
506,74,0.00,73.62,122.35,200.20,1,1,1.0
506,78,1402.83,485.59,99.93,125.10,1,1,1.0
506,83,849.46,28.34,123.13,244.77,1,1,1.0
506,84,1690.06,278.48,80.90,165.45,1,1,1.0
506,86,659.70,325.73,44.70,71.55,1,1,1.0
506,87,1131.98,785.75,37.85,110.60,1,1,1.0
506,90,197.74,917.08,33.96,102.79,1,1,1.0
506,95,923.97,380.02,29.00,47.41,1,1,1.0
506,97,490.85,1.65,110.04,63.23,1,1,1.0
506,100,216.72,84.86,18.65,27.71,1,1,1.0
507,15,983.01,527.67,117.10,113.65,1,1,1.0
507,17,1417.70,511.55,92.90,155.29,1,1,1.0
507,24,1289.53,575.54,27.18,50.59,1,1,1.0
507,67,922.47,345.37,25.88,32.31,1,1,1.0
507,69,241.79,176.37,20.60,23.40,1,1,1.0
507,74,0.00,70.97,115.09,200.20,1,1,1.0
507,78,1395.20,474.50,104.20,131.90,1,1,1.0
507,83,836.54,18.43,120.34,245.94,1,1,1.0
507,84,1680.11,272.29,85.00,166.22,1,1,1.0
507,86,652.55,323.04,44.69,71.56,1,1,1.0
507,87,1123.48,781.39,37.85,110.60,1,1,1.0
507,90,190.22,914.40,36.22,101.19,1,1,1.0
507,95,921.88,379.33,29.80,46.09,1,1,1.0
507,96,910.94,233.99,24.28,32.16,1,1,1.0
507,97,484.92,1.65,108.70,60.27,1,1,1.0
507,100,211.88,84.08,18.65,27.71,1,1,1.0
508,15,975.26,524.80,113.40,114.73,1,1,1.0
508,24,1281.81,570.76,26.95,54.27,1,1,1.0
508,67,918.76,344.26,26.11,32.78,1,1,1.0
508,69,236.46,173.04,20.60,23.40,1,1,1.0
508,74,0.00,68.33,107.82,200.20,1,1,1.0
508,78,1388.93,471.10,104.20,131.90,1,1,1.0
508,83,812.17,7.68,128.13,247.81,1,1,1.0
508,84,1669.28,266.46,88.10,170.29,1,1,1.0
508,86,646.73,321.14,44.70,71.56,1,1,1.0
508,87,1114.99,777.03,37.84,110.60,1,1,1.0
508,89,1411.49,509.20,89.52,155.09,1,1,1.0
508,90,182.93,913.39,34.91,100.04,1,1,1.0
508,95,918.26,379.40,29.67,45.40,1,1,1.0
508,96,907.05,233.53,24.28,32.15,1,1,1.0
508,97,478.98,1.65,107.38,57.31,1,1,1.0
508,100,207.05,83.30,18.65,27.71,1,1,1.0
509,15,966.12,520.55,116.97,115.34,1,1,1.0
509,24,1272.46,568.51,27.43,52.07,1,1,1.0
509,67,915.04,343.14,26.34,33.25,1,1,1.0
509,74,0.00,65.69,100.56,200.20,1,1,1.0
509,78,1382.66,467.69,104.20,131.90,1,1,1.0
509,83,793.52,5.23,137.54,246.13,1,1,1.0
509,84,1664.27,261.61,83.58,172.88,1,1,1.0
509,86,640.92,319.24,44.69,71.56,1,1,1.0
509,87,1106.49,772.67,37.84,110.60,1,1,1.0
509,89,1401.73,507.07,91.89,152.51,1,1,1.0
509,90,174.59,912.65,37.47,99.04,1,1,1.0
509,95,915.13,378.25,31.14,45.60,1,1,1.0
509,96,903.17,233.06,24.28,32.16,1,1,1.0
509,97,473.05,1.65,106.05,54.35,1,1,1.0
509,100,202.21,82.52,18.65,27.71,1,1,1.0
510,15,958.47,517.38,116.88,116.48,1,1,1.0
510,67,911.32,342.03,26.57,33.72,1,1,1.0
510,74,0.00,63.05,93.30,200.20,1,1,1.0
510,78,1375.32,460.53,104.20,131.90,1,1,1.0
510,83,783.57,1.93,141.10,241.88,1,1,1.0
510,84,1652.49,257.23,85.25,174.08,1,1,1.0
510,86,635.11,317.34,44.69,71.56,1,1,1.0
510,87,1097.99,768.31,37.85,110.60,1,1,1.0
510,89,1396.35,504.25,87.20,153.71,1,1,1.0
510,90,166.71,909.49,35.77,100.76,1,1,1.0
510,95,911.39,377.75,32.35,46.37,1,1,1.0
510,96,899.29,232.60,24.28,32.15,1,1,1.0
510,97,466.95,1.48,103.91,51.88,1,1,1.0
510,100,197.84,82.04,18.66,26.79,1,1,1.0
511,15,943.74,511.04,114.10,116.16,1,1,1.0
511,67,907.61,340.91,26.79,34.19,1,1,1.0
511,74,0.00,60.93,86.75,200.20,1,1,1.0
511,78,1367.97,453.36,104.20,131.90,1,1,1.0
511,83,751.17,0.53,136.27,230.60,1,1,1.0
511,84,1635.76,248.35,86.09,176.07,1,1,1.0
511,86,629.29,315.44,44.70,71.56,1,1,1.0
511,87,1089.49,763.95,37.85,110.60,1,1,1.0
511,89,1379.96,494.85,90.67,154.29,1,1,1.0
511,90,151.93,905.77,36.07,101.07,1,1,1.0
511,95,907.13,376.60,30.89,46.27,1,1,1.0
511,96,895.40,232.90,24.28,29.99,1,1,1.0
511,97,460.85,1.32,101.77,49.40,1,1,1.0
511,100,193.48,81.56,18.65,25.86,1,1,1.0
512,15,937.46,509.65,113.92,112.90,1,1,1.0
512,67,904.96,339.76,26.80,34.14,1,1,1.0
512,74,0.00,58.81,80.20,200.20,1,1,1.0
512,78,1363.22,448.61,104.20,131.90,1,1,1.0
512,83,742.86,1.43,132.81,223.42,1,1,1.0
512,84,1627.10,246.54,82.29,173.36,1,1,1.0
512,86,623.48,313.54,44.69,71.55,1,1,1.0
512,87,1081.00,759.59,37.84,110.60,1,1,1.0
512,89,1369.13,494.45,91.82,150.69,1,1,1.0
512,90,145.52,903.74,36.30,101.82,1,1,1.0
512,92,972.92,845.31,67.36,87.92,1,1,1.0
512,95,904.11,374.73,30.48,46.08,1,1,1.0
512,96,891.52,233.20,24.28,27.82,1,1,1.0
512,97,454.75,1.15,99.63,46.93,1,1,1.0
512,100,189.11,81.08,18.65,24.94,1,1,1.0
513,15,930.67,504.70,115.04,117.08,1,1,1.0
513,67,902.32,338.60,26.79,34.10,1,1,1.0
513,74,0.00,56.69,73.65,200.20,1,1,1.0
513,78,1358.46,443.85,104.20,131.90,1,1,1.0
513,83,726.66,1.16,140.24,219.20,1,1,1.0
513,84,1620.71,237.64,82.15,175.78,1,1,1.0
513,86,617.67,311.64,44.69,71.55,1,1,1.0
513,87,1072.50,755.23,37.85,110.60,1,1,1.0
513,89,1363.13,487.18,90.85,153.41,1,1,1.0
513,90,139.56,901.57,35.05,100.71,1,1,1.0
513,92,965.06,834.99,71.69,95.23,1,1,1.0
513,95,901.46,373.92,30.75,46.56,1,1,1.0
513,96,887.64,233.50,24.27,25.66,1,1,1.0
513,97,448.66,0.99,97.48,44.45,1,1,1.0
513,100,184.74,80.60,18.66,24.01,1,1,1.0
514,15,924.03,501.33,116.60,116.66,1,1,1.0
514,25,278.00,1023.64,87.63,56.36,1,1,1.0
514,67,899.68,337.45,26.79,34.05,1,1,1.0
514,74,0.00,54.57,67.10,200.20,1,1,1.0
514,78,1354.29,438.63,104.20,131.90,1,1,1.0
514,83,722.67,0.00,129.31,208.99,1,1,1.0
514,84,1613.71,234.33,84.34,171.28,1,1,1.0
514,86,611.85,309.74,44.70,71.55,1,1,1.0
514,87,1064.00,750.87,37.85,110.60,1,1,1.0
514,89,1354.47,483.05,93.63,151.77,1,1,1.0
514,90,132.59,898.07,36.61,102.21,1,1,1.0
514,92,960.52,833.75,71.54,94.52,1,1,1.0
514,95,899.15,373.84,31.61,45.19,1,1,1.0
514,96,884.03,230.35,24.27,25.66,1,1,1.0
514,97,442.56,0.82,95.34,41.98,1,1,1.0
514,100,181.00,79.73,18.65,21.31,1,1,1.0
515,15,918.12,495.67,115.04,118.03,1,1,1.0
515,67,897.04,336.29,26.79,34.01,1,1,1.0
515,74,0.00,52.72,60.48,196.36,1,1,1.0
515,78,1350.11,433.40,104.20,131.90,1,1,1.0
515,83,710.08,0.49,131.85,205.38,1,1,1.0
515,84,1605.27,228.26,84.24,173.67,1,1,1.0
515,86,606.04,307.84,44.69,71.55,1,1,1.0
515,87,1055.62,743.60,37.85,110.60,1,1,1.0
515,89,1350.95,479.42,92.47,152.80,1,1,1.0
515,90,126.35,893.88,36.16,104.46,1,1,1.0
515,92,956.96,829.59,68.95,96.75,1,1,1.0
515,95,896.11,373.58,31.42,45.11,1,1,1.0
515,96,880.41,227.21,24.28,25.66,1,1,1.0
515,100,177.26,78.85,18.65,18.62,1,1,1.0
516,15,904.31,489.62,111.77,117.86,1,1,1.0
516,67,894.39,335.13,26.80,33.97,1,1,1.0
516,74,0.00,50.87,53.86,192.51,1,1,1.0
516,78,1344.54,426.96,104.36,146.34,1,1,1.0
516,83,689.03,0.79,135.58,190.71,1,1,1.0
516,84,1594.65,213.57,82.76,179.65,1,1,1.0
516,86,600.23,305.94,44.69,71.55,1,1,1.0
516,87,1047.23,736.33,37.85,110.61,1,1,1.0
516,89,1337.81,469.49,89.55,156.73,1,1,1.0
516,90,113.42,888.46,36.55,105.57,1,1,1.0
516,92,945.08,816.35,75.42,105.59,1,1,1.0
516,95,891.85,370.93,30.60,47.17,1,1,1.0
516,96,876.80,224.06,24.28,25.66,1,1,1.0
517,15,899.15,485.08,111.31,117.95,1,1,1.0
517,26,252.56,1018.95,98.09,61.05,1,1,1.0
517,67,891.75,333.98,26.79,33.92,1,1,1.0
517,74,0.00,49.02,47.24,188.67,1,1,1.0
517,78,1338.97,420.53,104.53,160.77,1,1,1.0
517,83,675.23,0.46,137.09,181.17,1,1,1.0
517,84,1588.52,206.42,82.79,177.39,1,1,1.0
517,86,594.41,304.04,44.70,71.55,1,1,1.0
517,87,1040.53,733.26,37.84,110.60,1,1,1.0
517,89,1332.85,466.44,88.27,155.93,1,1,1.0
517,90,108.01,887.25,35.28,103.23,1,1,1.0
517,92,941.81,811.91,74.88,108.25,1,1,1.0
517,95,889.90,369.43,31.12,46.12,1,1,1.0
517,96,873.19,220.92,24.28,25.66,1,1,1.0
518,15,893.31,482.48,114.79,117.30,1,1,1.0
518,67,889.11,332.82,26.79,33.88,1,1,1.0
518,74,0.00,47.17,40.62,184.82,1,1,1.0
518,78,1335.14,417.76,104.86,162.34,1,1,1.0
518,83,661.45,0.65,143.61,175.60,1,1,1.0
518,84,1585.58,202.83,78.36,165.39,1,1,1.0
518,86,587.35,300.42,47.43,72.55,1,1,1.0
518,87,1033.82,730.19,37.84,110.60,1,1,1.0
518,89,1328.78,463.97,84.94,152.42,1,1,1.0
518,90,102.51,886.74,35.39,101.99,1,1,1.0
518,92,939.27,804.02,74.44,113.57,1,1,1.0
518,95,887.30,368.62,30.33,45.62,1,1,1.0
518,96,870.28,219.29,24.28,25.66,1,1,1.0
519,15,886.26,477.96,112.67,118.77,1,1,1.0
519,67,886.47,331.66,26.79,33.84,1,1,1.0
519,74,0.00,45.32,34.00,180.98,1,1,1.0
519,78,1331.31,415.00,105.19,163.90,1,1,1.0
519,83,655.02,0.88,140.26,171.42,1,1,1.0
519,84,1576.66,200.82,82.02,165.15,1,1,1.0
519,85,803.49,46.44,67.93,143.56,1,1,1.0
519,86,580.29,296.79,50.17,73.57,1,1,1.0
519,87,1027.11,727.11,37.85,110.60,1,1,1.0
519,89,1323.34,459.86,86.85,152.45,1,1,1.0
519,90,96.13,887.05,35.21,99.52,1,1,1.0
519,92,931.73,800.28,77.49,115.91,1,1,1.0
519,95,885.38,367.92,31.63,45.90,1,1,1.0
519,96,867.37,217.66,24.27,25.66,1,1,1.0
520,15,882.76,476.30,112.84,119.14,1,1,1.0
520,67,883.82,330.51,26.80,33.79,1,1,1.0
520,78,1325.74,410.13,104.86,165.82,1,1,1.0
520,82,238.39,1017.74,72.28,62.26,1,1,1.0
520,83,645.33,0.31,145.25,168.77,1,1,1.0
520,84,1572.82,200.16,77.77,169.18,1,1,1.0
520,85,796.63,46.88,64.12,137.09,1,1,1.0
520,86,573.22,293.17,52.92,74.57,1,1,1.0
520,87,1020.40,724.04,37.85,110.60,1,1,1.0
520,89,1315.49,457.31,88.65,151.33,1,1,1.0
520,90,91.69,884.08,35.23,101.79,1,1,1.0
520,92,926.40,800.41,79.21,114.43,1,1,1.0
520,95,883.16,366.68,31.84,46.16,1,1,1.0
520,96,864.45,216.03,24.28,25.65,1,1,1.0
521,15,871.06,472.39,112.06,118.41,1,1,1.0
521,67,881.35,329.77,26.79,33.25,1,1,1.0
521,78,1320.17,405.25,104.53,167.75,1,1,1.0
521,82,229.59,1015.30,95.44,64.70,1,1,1.0
521,83,625.77,0.02,137.30,156.91,1,1,1.0
521,84,1558.20,191.46,80.64,169.90,1,1,1.0
521,85,779.96,34.65,66.66,138.48,1,1,1.0
521,86,566.16,289.55,55.66,75.57,1,1,1.0
521,87,1012.16,718.67,37.85,112.99,1,1,1.0
521,89,1307.50,452.26,84.80,153.44,1,1,1.0
521,90,79.45,880.20,36.23,101.99,1,1,1.0
521,92,916.13,791.84,80.32,118.43,1,1,1.0
521,95,878.76,364.21,30.67,46.57,1,1,1.0
521,96,861.54,214.39,24.28,25.66,1,1,1.0
522,15,866.55,468.46,113.02,118.32,1,1,1.0
522,67,878.87,329.03,26.79,32.71,1,1,1.0
522,78,1316.23,400.38,104.54,170.29,1,1,1.0
522,82,223.02,1012.93,103.20,67.07,1,1,1.0
522,83,611.21,0.00,145.37,148.77,1,1,1.0
522,84,1550.62,184.38,84.94,177.35,1,1,1.0
522,85,768.55,27.75,67.43,143.11,1,1,1.0
522,86,559.10,285.93,58.39,76.57,1,1,1.0
522,87,1003.92,713.30,37.85,115.39,1,1,1.0
522,89,1293.25,448.30,94.17,151.78,1,1,1.0
522,90,73.70,876.07,37.16,103.18,1,1,1.0
522,92,912.29,782.33,82.47,126.59,1,1,1.0
522,95,877.75,362.79,30.73,47.28,1,1,1.0
522,96,859.33,213.11,24.28,25.66,1,1,1.0
523,15,858.08,464.37,111.66,117.48,1,1,1.0
523,67,876.39,328.29,26.79,32.17,1,1,1.0
523,78,1312.28,395.51,104.55,172.82,1,1,1.0
523,82,218.53,1013.73,105.66,66.27,1,1,1.0
523,83,600.56,0.02,149.22,143.58,1,1,1.0
523,84,1543.17,178.94,82.57,172.86,1,1,1.0
523,85,761.36,25.58,61.37,139.88,1,1,1.0
523,86,552.03,282.30,61.14,77.59,1,1,1.0
523,87,995.68,707.94,37.84,117.77,1,1,1.0
523,89,1287.36,441.17,92.32,157.80,1,1,1.0
523,90,68.91,872.99,36.24,102.62,1,1,1.0
523,92,904.65,773.36,88.71,133.20,1,1,1.0
523,95,875.50,361.69,30.46,47.28,1,1,1.0
523,96,857.11,211.83,24.28,25.66,1,1,1.0
524,15,851.99,460.12,109.55,120.19,1,1,1.0
524,67,873.91,327.55,26.80,31.63,1,1,1.0
524,78,1308.34,390.63,104.56,175.37,1,1,1.0
524,82,211.45,1009.43,104.36,70.28,1,1,1.0
524,83,587.44,0.18,144.63,138.07,1,1,1.0
524,84,1534.68,171.46,84.61,179.85,1,1,1.0
524,85,746.94,19.10,65.39,140.14,1,1,1.0
524,86,544.97,278.68,63.88,78.59,1,1,1.0
524,87,987.44,702.57,37.84,120.16,1,1,1.0
524,89,1284.40,437.40,88.09,158.90,1,1,1.0
524,90,62.57,871.08,35.92,102.95,1,1,1.0
524,92,899.07,772.39,87.55,131.77,1,1,1.0
524,95,873.41,361.42,29.50,45.85,1,1,1.0
524,96,854.90,210.55,24.28,25.66,1,1,1.0
525,15,843.37,457.13,109.32,118.32,1,1,1.0
525,67,871.44,326.80,26.79,31.10,1,1,1.0
525,78,1301.90,388.20,104.56,175.36,1,1,1.0
525,82,206.34,1009.18,114.51,70.82,1,1,1.0
525,83,572.15,0.00,147.30,132.80,1,1,1.0
525,84,1521.27,171.22,88.07,180.64,1,1,1.0
525,85,731.08,12.76,72.00,144.01,1,1,1.0
525,86,550.19,282.33,52.69,73.32,1,1,1.0
525,87,979.19,697.21,37.85,122.54,1,1,1.0
525,89,1272.70,436.13,91.01,159.48,1,1,1.0
525,90,55.50,868.82,36.78,102.76,1,1,1.0
525,92,890.00,769.91,93.37,131.21,1,1,1.0
525,95,870.61,361.08,31.00,45.58,1,1,1.0
525,96,852.69,209.27,24.28,25.66,1,1,1.0
526,15,828.23,450.61,107.52,118.69,1,1,1.0
526,67,868.96,326.06,26.79,30.56,1,1,1.0
526,78,1295.46,385.76,104.56,175.37,1,1,1.0
526,82,193.31,1007.55,103.87,72.45,1,1,1.0
526,83,543.40,0.35,178.72,119.33,1,1,1.0
526,84,1506.84,162.05,84.25,160.68,1,1,1.0
526,85,708.27,3.03,66.69,150.23,1,1,1.0
526,86,540.85,277.04,52.56,76.70,1,1,1.0
526,87,970.95,691.84,37.85,124.94,1,1,1.0
526,89,1263.25,428.41,84.71,160.93,1,1,1.0
526,90,40.85,866.34,36.41,101.54,1,1,1.0
526,92,875.87,758.67,93.22,131.97,1,1,1.0
526,95,865.07,359.34,32.39,45.01,1,1,1.0
526,96,849.54,207.05,24.28,25.66,1,1,1.0
527,15,821.87,448.15,110.21,118.73,1,1,1.0
527,67,866.48,325.32,26.79,30.02,1,1,1.0
527,78,1290.76,384.02,104.56,175.37,1,1,1.0
527,82,187.91,1003.29,103.55,76.71,1,1,1.0
527,83,534.03,0.12,146.09,115.98,1,1,1.0
527,84,1498.14,156.32,86.31,182.94,1,1,1.0
527,85,701.62,1.10,66.40,139.00,1,1,1.0
527,86,536.62,274.72,52.53,76.10,1,1,1.0
527,87,962.71,686.47,37.85,127.33,1,1,1.0
527,89,1256.91,425.81,84.45,160.67,1,1,1.0
527,90,34.77,864.53,35.28,101.79,1,1,1.0
527,92,872.78,761.23,93.08,132.74,1,1,1.0
527,95,863.94,358.39,31.83,45.58,1,1,1.0
527,96,846.40,204.84,24.27,25.66,1,1,1.0
528,15,813.67,446.63,108.19,117.67,1,1,1.0
528,67,864.00,324.58,26.80,29.48,1,1,1.0
528,78,1286.06,382.28,104.56,175.36,1,1,1.0
528,82,181.30,1000.05,111.50,79.95,1,1,1.0
528,83,518.87,0.39,150.10,110.41,1,1,1.0
528,84,1489.45,155.13,85.55,175.45,1,1,1.0
528,85,683.51,0.74,74.84,137.15,1,1,1.0
528,86,532.31,273.54,52.61,77.57,1,1,1.0
528,87,956.60,684.83,37.85,121.76,1,1,1.0
528,89,1247.20,422.45,87.74,160.67,1,1,1.0
528,90,27.66,863.77,37.49,101.22,1,1,1.0
528,92,866.47,758.01,95.26,134.59,1,1,1.0
528,95,862.77,358.17,31.12,45.19,1,1,1.0
528,96,843.25,202.63,24.28,25.66,1,1,1.0
529,15,808.36,443.03,109.13,118.40,1,1,1.0
529,67,861.53,323.84,26.79,28.94,1,1,1.0
529,78,1285.24,380.65,100.16,176.07,1,1,1.0
529,82,176.28,1000.37,115.67,79.63,1,1,1.0
529,83,511.76,0.21,145.66,108.15,1,1,1.0
529,84,1484.34,153.18,80.41,163.98,1,1,1.0
529,85,674.90,0.00,71.07,135.88,1,1,1.0
529,86,526.12,273.54,52.61,77.57,1,1,1.0
529,87,950.49,683.19,37.84,116.18,1,1,1.0
529,89,1236.82,421.50,89.80,157.73,1,1,1.0
529,90,21.54,860.11,39.05,103.41,1,1,1.0
529,92,859.64,756.07,96.88,135.12,1,1,1.0
529,95,860.88,356.87,29.97,46.69,1,1,1.0
530,15,800.61,440.90,109.36,119.52,1,1,1.0
530,67,859.38,323.31,26.79,28.93,1,1,1.0
530,78,1284.42,379.03,95.76,176.76,1,1,1.0
530,80,678.93,964.48,78.40,114.61,1,1,1.0
530,82,169.55,998.34,118.20,81.66,1,1,1.0
530,83,497.31,1.04,147.99,101.09,1,1,1.0
530,84,1477.15,148.82,80.15,161.76,1,1,1.0
530,85,665.61,0.56,68.29,134.29,1,1,1.0
530,86,521.73,276.20,52.61,77.57,1,1,1.0
530,87,944.38,681.55,37.84,110.61,1,1,1.0
530,89,1231.13,419.70,89.32,156.88,1,1,1.0
530,90,16.10,860.49,36.49,102.01,1,1,1.0
530,92,855.50,762.11,92.93,129.01,1,1,1.0
530,95,859.20,356.02,29.29,46.74,1,1,1.0
531,15,787.06,438.28,109.57,119.22,1,1,1.0
531,67,857.23,322.77,26.79,28.93,1,1,1.0
531,78,1283.60,377.40,91.36,177.46,1,1,1.0
531,80,673.13,963.58,78.79,115.63,1,1,1.0
531,82,162.81,996.30,120.73,83.70,1,1,1.0
531,83,472.41,0.22,145.01,100.13,1,1,1.0
531,84,1457.53,146.32,85.42,175.62,1,1,1.0
531,85,648.82,0.28,65.02,125.42,1,1,1.0
531,86,517.35,272.91,52.61,77.57,1,1,1.0
531,87,935.59,680.43,37.85,112.36,1,1,1.0
531,89,1220.04,416.60,86.45,158.22,1,1,1.0
531,90,4.40,858.26,36.80,102.98,1,1,1.0
531,92,844.78,738.60,97.08,150.65,1,1,1.0
531,95,855.18,355.18,30.65,46.58,1,1,1.0
532,15,783.90,436.98,106.27,119.87,1,1,1.0
532,67,855.08,322.23,26.80,28.94,1,1,1.0
532,78,1279.08,376.70,91.35,177.47,1,1,1.0
532,80,667.32,962.68,79.18,116.64,1,1,1.0
532,82,156.08,994.26,123.26,85.74,1,1,1.0
532,83,464.17,0.17,145.28,96.31,1,1,1.0
532,84,1450.07,145.04,84.24,174.10,1,1,1.0
532,85,638.79,0.00,68.02,121.67,1,1,1.0
532,86,512.97,269.61,52.61,77.57,1,1,1.0
532,87,926.81,679.31,37.84,114.12,1,1,1.0
532,89,1213.61,414.22,88.21,160.20,1,1,1.0
532,90,1.61,856.13,35.21,104.75,1,1,1.0
532,92,840.64,738.95,97.08,150.65,1,1,1.0
532,95,853.83,355.03,30.90,46.35,1,1,1.0
533,15,779.59,437.42,107.20,118.62,1,1,1.0
533,67,852.94,321.70,26.79,28.93,1,1,1.0
533,78,1274.55,376.01,91.36,177.46,1,1,1.0
533,80,661.52,961.77,79.56,117.66,1,1,1.0
533,82,149.35,992.23,125.79,87.77,1,1,1.0
533,83,455.36,0.43,148.06,92.75,1,1,1.0
533,84,1442.62,143.75,83.06,172.58,1,1,1.0
533,85,630.95,0.10,66.27,122.67,1,1,1.0
533,86,508.58,266.32,52.61,77.57,1,1,1.0
533,87,918.02,678.19,37.85,115.88,1,1,1.0
533,89,1209.91,415.77,85.21,156.77,1,1,1.0
533,90,0.00,854.91,33.85,105.27,1,1,1.0
533,92,836.49,739.29,97.08,150.65,1,1,1.0
533,95,851.08,354.99,32.31,46.40,1,1,1.0
534,15,772.76,437.06,106.64,119.25,1,1,1.0
534,67,850.79,321.16,26.79,28.93,1,1,1.0
534,78,1270.03,375.31,91.35,177.46,1,1,1.0
534,80,655.72,960.87,79.95,118.68,1,1,1.0
534,82,145.79,994.34,120.17,85.66,1,1,1.0
534,83,447.62,0.20,143.53,93.46,1,1,1.0
534,84,1435.16,142.47,81.88,171.06,1,1,1.0
534,85,619.15,0.16,66.01,128.17,1,1,1.0
534,86,504.20,266.06,52.61,77.57,1,1,1.0
534,87,909.24,677.07,37.85,117.64,1,1,1.0
534,89,1201.13,415.09,88.69,159.59,1,1,1.0
534,90,0.00,852.46,30.00,119.55,1,1,1.0
534,92,832.35,739.64,97.08,150.65,1,1,1.0
534,95,849.64,354.82,30.72,46.28,1,1,1.0
535,15,765.81,437.71,107.33,118.74,1,1,1.0
535,67,848.64,320.62,26.80,28.94,1,1,1.0
535,78,1264.46,374.44,91.36,177.46,1,1,1.0
535,80,649.91,959.97,80.34,119.69,1,1,1.0
535,82,138.21,994.99,123.83,85.01,1,1,1.0
535,83,432.35,0.44,135.96,95.75,1,1,1.0
535,84,1427.71,141.18,80.70,169.54,1,1,1.0
535,85,606.39,0.45,71.81,133.64,1,1,1.0
535,86,499.82,265.80,52.61,77.57,1,1,1.0
535,87,900.45,675.94,37.85,119.41,1,1,1.0
535,89,1194.29,417.12,87.41,156.36,1,1,1.0
535,92,828.21,739.98,97.08,150.65,1,1,1.0
536,15,750.07,433.69,109.72,119.28,1,1,1.0
536,67,846.50,320.09,26.79,28.93,1,1,1.0
536,78,1258.89,373.57,91.36,177.46,1,1,1.0
536,80,644.11,959.07,80.73,120.70,1,1,1.0
536,82,131.31,994.46,121.49,85.54,1,1,1.0
536,83,403.94,0.26,150.35,90.85,1,1,1.0
536,84,1420.25,139.90,79.52,168.02,1,1,1.0
536,85,588.64,0.64,65.86,136.35,1,1,1.0
536,86,495.43,265.54,52.61,77.57,1,1,1.0
536,87,891.67,674.82,37.85,121.17,1,1,1.0
536,89,1183.68,410.40,86.31,158.57,1,1,1.0
536,92,823.60,738.14,97.08,150.65,1,1,1.0
537,15,746.23,431.09,109.50,122.43,1,1,1.0
537,67,844.35,319.55,26.79,28.93,1,1,1.0
537,78,1254.88,372.70,91.36,177.46,1,1,1.0
537,80,638.31,958.16,81.11,121.73,1,1,1.0
537,82,124.42,993.94,119.13,86.06,1,1,1.0
537,83,387.16,0.41,164.28,88.00,1,1,1.0
537,84,1413.89,139.28,81.00,168.61,1,1,1.0
537,85,576.08,0.17,70.91,135.37,1,1,1.0
537,86,491.05,265.29,52.61,77.57,1,1,1.0
537,87,882.88,673.70,37.85,122.93,1,1,1.0
537,89,1176.41,411.54,87.60,156.69,1,1,1.0
537,92,819.00,736.30,97.08,150.65,1,1,1.0
538,15,740.63,430.03,109.03,121.32,1,1,1.0
538,67,842.20,319.01,26.79,28.94,1,1,1.0
538,78,1250.88,371.83,91.36,177.46,1,1,1.0
538,80,632.51,957.26,81.49,122.74,1,1,1.0
538,82,117.52,993.41,116.79,86.59,1,1,1.0
538,83,380.40,0.36,155.63,84.67,1,1,1.0
538,84,1409.91,139.46,77.04,159.10,1,1,1.0
538,85,567.17,0.15,69.44,132.17,1,1,1.0
538,86,486.66,265.03,52.61,77.57,1,1,1.0
538,87,876.96,673.25,37.85,122.93,1,1,1.0
538,89,1172.45,407.31,88.26,158.75,1,1,1.0
538,92,814.39,734.46,97.08,150.65,1,1,1.0
539,15,736.22,429.09,109.93,121.43,1,1,1.0
539,67,838.48,315.67,26.80,28.93,1,1,1.0
539,78,1246.36,371.83,94.14,177.46,1,1,1.0
539,80,630.35,958.26,81.42,121.74,1,1,1.0
539,82,112.68,995.54,120.90,84.46,1,1,1.0
539,83,372.17,0.23,152.21,80.99,1,1,1.0
539,84,1408.12,136.57,74.92,159.82,1,1,1.0
539,85,558.26,0.14,67.97,128.95,1,1,1.0
539,86,482.28,264.77,52.61,77.57,1,1,1.0
539,87,871.03,672.81,37.85,122.92,1,1,1.0
539,89,1170.62,406.98,86.24,158.28,1,1,1.0
539,92,810.94,734.46,97.08,150.65,1,1,1.0
540,15,732.19,429.32,109.30,123.94,1,1,1.0
540,67,838.48,315.67,23.82,28.93,1,1,1.0
540,78,1241.83,370.61,94.15,177.47,1,1,1.0
540,80,628.19,959.25,81.34,120.75,1,1,1.0
540,82,107.12,994.65,124.26,85.35,1,1,1.0
540,83,368.83,0.36,148.44,81.38,1,1,1.0
540,84,1400.15,138.37,78.78,163.42,1,1,1.0
540,85,549.35,0.12,66.50,125.75,1,1,1.0
540,86,477.89,264.51,52.61,77.57,1,1,1.0
540,87,865.11,672.36,37.85,122.93,1,1,1.0
540,89,1166.18,407.34,83.99,157.13,1,1,1.0
540,92,807.49,734.46,97.08,150.65,1,1,1.0
541,15,721.32,429.62,110.16,122.14,1,1,1.0
541,78,1237.31,369.40,94.14,177.46,1,1,1.0
541,80,626.03,960.25,81.27,119.75,1,1,1.0
541,82,103.51,994.65,113.43,85.35,1,1,1.0
541,83,354.08,0.38,147.43,80.59,1,1,1.0
541,84,1395.84,137.40,73.89,160.10,1,1,1.0
541,85,540.44,0.10,65.03,122.55,1,1,1.0
541,86,473.51,264.26,52.61,77.57,1,1,1.0
541,87,859.18,671.91,37.85,122.93,1,1,1.0
541,89,1161.74,407.69,81.74,155.99,1,1,1.0
541,92,804.04,734.46,97.08,150.65,1,1,1.0
542,15,719.44,428.11,109.32,123.02,1,1,1.0
542,78,1233.30,368.35,95.54,177.29,1,1,1.0
542,80,622.82,961.81,82.11,118.19,1,1,1.0
542,82,99.90,994.65,102.60,85.35,1,1,1.0
542,83,341.05,0.62,147.86,78.56,1,1,1.0
542,84,1386.22,139.73,77.42,158.01,1,1,1.0
542,85,531.53,0.09,63.56,119.33,1,1,1.0
542,86,468.13,262.87,53.54,77.18,1,1,1.0
542,87,853.26,671.46,37.84,122.93,1,1,1.0
542,89,1157.31,408.05,79.48,154.84,1,1,1.0
542,92,800.58,734.46,97.08,150.65,1,1,1.0
543,15,711.81,428.24,109.88,121.79,1,1,1.0
543,27,1881.33,0.06,38.67,56.78,1,1,1.0
543,78,1229.30,367.30,96.93,177.12,1,1,1.0
543,80,619.69,958.91,81.34,121.09,1,1,1.0
543,82,89.70,1002.55,109.37,77.45,1,1,1.0
543,83,335.09,0.35,140.71,77.42,1,1,1.0
543,84,1381.06,138.50,75.16,157.67,1,1,1.0
543,85,522.62,0.07,62.08,116.13,1,1,1.0
543,86,462.74,261.49,54.49,76.78,1,1,1.0
543,87,847.33,671.02,37.85,122.92,1,1,1.0
543,89,1152.87,408.40,77.23,153.70,1,1,1.0
543,92,795.40,734.80,97.08,150.65,1,1,1.0
544,15,705.99,428.15,110.39,122.33,1,1,1.0
544,78,1225.30,367.30,96.93,177.12,1,1,1.0
544,80,612.84,954.35,85.05,125.65,1,1,1.0
544,82,84.60,1002.62,117.23,77.38,1,1,1.0
544,83,325.31,0.17,144.62,76.93,1,1,1.0
544,84,1376.88,137.18,75.64,158.41,1,1,1.0
544,85,513.71,0.05,60.61,112.93,1,1,1.0
544,86,457.36,260.10,55.42,76.39,1,1,1.0
544,87,841.41,670.57,37.84,122.93,1,1,1.0
544,89,1147.30,408.75,77.23,153.70,1,1,1.0
544,92,790.23,735.15,97.08,150.65,1,1,1.0
545,15,700.38,428.35,110.90,123.15,1,1,1.0
545,78,1221.29,367.30,96.94,177.12,1,1,1.0
545,80,607.54,955.52,84.90,124.48,1,1,1.0
545,82,76.22,1003.44,125.04,76.56,1,1,1.0
545,83,306.28,0.22,159.43,78.32,1,1,1.0
545,84,1371.08,135.58,74.10,158.33,1,1,1.0
545,85,504.80,0.03,59.14,109.73,1,1,1.0
545,86,451.97,258.72,56.37,75.99,1,1,1.0
545,87,835.48,670.12,37.85,122.93,1,1,1.0
545,89,1141.73,409.10,77.23,153.70,1,1,1.0
545,92,785.05,735.49,97.08,150.65,1,1,1.0
546,15,690.28,427.24,108.93,121.17,1,1,1.0
546,28,1855.43,0.28,64.56,98.03,1,1,1.0
546,78,1214.30,365.44,98.80,177.12,1,1,1.0
546,80,597.85,950.68,88.35,129.32,1,1,1.0
546,82,66.40,999.55,108.57,80.45,1,1,1.0
546,83,289.60,0.23,150.63,74.06,1,1,1.0
546,84,1359.42,130.19,77.68,144.67,1,1,1.0
546,85,495.89,0.02,57.67,106.51,1,1,1.0
546,86,446.59,257.33,57.30,75.60,1,1,1.0
546,87,829.56,669.67,37.84,122.93,1,1,1.0
546,89,1133.34,406.53,77.23,153.70,1,1,1.0
546,92,779.87,735.84,97.08,150.65,1,1,1.0
547,15,684.96,422.68,107.89,123.92,1,1,1.0
547,28,1844.50,0.26,75.50,124.84,1,1,1.0
547,78,1207.30,363.57,100.67,177.13,1,1,1.0
547,80,587.18,947.40,94.91,132.60,1,1,1.0
547,82,61.99,998.38,111.81,81.62,1,1,1.0
547,83,280.68,0.25,152.87,70.35,1,1,1.0
547,84,1352.45,127.95,75.79,148.58,1,1,1.0
547,85,486.98,0.00,56.20,103.31,1,1,1.0
547,86,440.52,254.77,55.19,75.75,1,1,1.0
547,87,823.63,669.23,37.85,122.92,1,1,1.0
547,89,1124.95,403.97,77.24,153.70,1,1,1.0
547,92,775.03,734.46,97.08,150.65,1,1,1.0
548,15,677.22,421.87,108.57,123.50,1,1,1.0
548,28,1837.18,0.17,82.82,128.90,1,1,1.0
548,78,1203.49,361.67,100.67,177.12,1,1,1.0
548,80,589.80,947.25,87.01,132.75,1,1,1.0
548,82,57.58,997.22,115.04,82.78,1,1,1.0
548,84,1344.37,124.04,78.11,157.25,1,1,1.0
548,85,478.61,0.00,59.50,100.85,1,1,1.0
548,86,435.48,252.92,56.24,76.57,1,1,1.0
548,87,819.16,667.10,37.85,122.93,1,1,1.0
548,89,1119.67,401.98,77.23,153.70,1,1,1.0
548,92,770.20,733.08,97.08,150.65,1,1,1.0
549,15,671.32,419.29,109.24,123.43,1,1,1.0
549,28,1832.90,0.00,87.10,124.05,1,1,1.0
549,78,1199.67,359.76,100.68,177.12,1,1,1.0
549,80,580.87,942.62,93.30,137.38,1,1,1.0
549,82,50.93,1000.56,122.72,79.44,1,1,1.0
549,84,1336.43,120.75,81.86,176.17,1,1,1.0
549,85,469.14,0.22,47.27,95.14,1,1,1.0
549,86,432.54,252.64,57.00,77.22,1,1,1.0
549,87,814.69,664.98,37.84,122.93,1,1,1.0
549,89,1114.38,399.98,77.23,153.70,1,1,1.0
549,92,766.06,731.70,97.08,150.65,1,1,1.0
549,101,1896.30,219.01,23.70,45.45,1,1,1.0
550,15,665.86,418.00,107.71,122.18,1,1,1.0
550,28,1827.46,0.00,92.48,114.11,1,1,1.0
550,78,1195.86,357.85,100.67,177.13,1,1,1.0
550,80,572.94,941.15,98.21,138.85,1,1,1.0
550,82,46.03,991.03,127.82,88.97,1,1,1.0
550,84,1333.37,117.51,80.22,151.97,1,1,1.0
550,86,429.06,250.70,57.26,76.32,1,1,1.0
550,87,810.21,662.85,37.85,122.93,1,1,1.0
550,89,1109.09,397.99,77.24,153.70,1,1,1.0
550,92,761.91,730.31,97.08,150.65,1,1,1.0
550,101,1894.59,216.51,25.41,46.55,1,1,1.0
551,15,657.31,415.35,107.36,126.25,1,1,1.0
551,28,1818.77,0.03,100.89,113.42,1,1,1.0
551,78,1192.13,356.21,100.68,177.12,1,1,1.0
551,80,551.80,937.60,111.85,142.40,1,1,1.0
551,82,40.00,994.68,114.44,85.32,1,1,1.0
551,84,1326.64,116.86,79.62,157.80,1,1,1.0
551,85,445.79,0.02,50.17,91.29,1,1,1.0
551,86,418.93,244.21,59.53,81.53,1,1,1.0
551,87,805.74,660.73,37.85,122.93,1,1,1.0
551,89,1103.20,396.86,77.23,153.70,1,1,1.0
551,92,757.76,715.11,96.40,164.47,1,1,1.0
551,101,1891.28,212.91,28.72,48.16,1,1,1.0
552,15,652.94,414.39,106.56,124.72,1,1,1.0
552,28,1810.21,0.06,109.32,117.74,1,1,1.0
552,78,1188.41,354.56,100.67,177.12,1,1,1.0
552,80,544.47,935.32,116.72,144.68,1,1,1.0
552,82,35.27,993.60,87.89,86.40,1,1,1.0
552,84,1319.91,116.21,79.02,163.63,1,1,1.0
552,85,440.08,0.00,50.12,87.82,1,1,1.0
552,86,419.00,247.24,56.02,78.08,1,1,1.0
552,87,801.27,658.61,37.85,122.92,1,1,1.0
552,89,1097.31,395.74,77.23,153.70,1,1,1.0
552,92,753.60,699.90,95.72,178.30,1,1,1.0
552,101,1888.03,211.63,31.97,47.58,1,1,1.0
553,15,648.33,414.49,108.92,124.56,1,1,1.0
553,28,1795.23,0.07,124.62,117.31,1,1,1.0
553,29,181.06,467.40,15.77,24.27,1,1,1.0
553,78,1184.68,352.91,100.68,177.13,1,1,1.0
553,80,542.47,935.84,116.67,144.16,1,1,1.0
553,82,31.95,993.84,91.91,86.16,1,1,1.0
553,84,1313.18,115.55,78.43,169.46,1,1,1.0
553,85,434.72,0.03,50.41,89.12,1,1,1.0
553,86,417.60,248.30,55.57,76.31,1,1,1.0
553,87,796.80,656.48,37.84,122.93,1,1,1.0
553,89,1091.41,394.61,77.23,153.70,1,1,1.0
553,92,750.37,699.90,98.48,176.94,1,1,1.0
553,101,1885.63,208.76,34.37,49.47,1,1,1.0
554,15,646.51,413.66,105.97,125.09,1,1,1.0
554,28,1772.92,0.05,147.07,116.20,1,1,1.0
554,78,1182.08,351.96,100.67,177.12,1,1,1.0
554,80,546.61,934.98,110.10,144.86,1,1,1.0
554,82,29.72,993.20,110.15,86.80,1,1,1.0
554,84,1306.45,114.90,77.83,175.29,1,1,1.0
554,85,428.48,0.00,53.47,89.60,1,1,1.0
554,86,415.48,246.80,54.31,76.20,1,1,1.0
554,87,792.33,654.36,37.84,122.92,1,1,1.0
554,89,1087.95,393.48,77.23,153.70,1,1,1.0
554,92,747.13,699.90,101.24,175.57,1,1,1.0
554,101,1883.90,208.97,36.10,48.45,1,1,1.0
555,15,644.51,413.53,105.72,124.21,1,1,1.0
555,28,1780.61,0.09,139.33,113.80,1,1,1.0
555,78,1179.48,351.01,100.67,177.12,1,1,1.0
555,80,544.45,933.12,110.70,146.72,1,1,1.0
555,82,28.51,994.90,92.73,85.10,1,1,1.0
555,84,1305.31,113.79,76.92,159.94,1,1,1.0
555,85,426.53,0.00,51.63,88.43,1,1,1.0
555,86,413.36,245.74,53.42,76.17,1,1,1.0
555,87,787.85,652.23,37.85,122.93,1,1,1.0
555,89,1084.48,392.36,77.23,153.70,1,1,1.0
555,92,743.90,699.90,104.00,174.20,1,1,1.0
555,101,1882.39,207.85,37.61,48.27,1,1,1.0
556,15,640.16,414.07,106.19,123.31,1,1,1.0
556,28,1777.82,0.65,141.94,113.07,1,1,1.0
556,78,1176.88,350.05,100.67,177.13,1,1,1.0
556,80,541.52,931.68,111.56,148.06,1,1,1.0
556,82,25.87,995.32,111.11,84.68,1,1,1.0
556,84,1302.95,115.28,76.21,159.92,1,1,1.0
556,85,422.43,0.00,53.53,88.06,1,1,1.0
556,86,407.91,243.89,55.72,77.85,1,1,1.0
556,87,783.38,650.11,37.85,122.93,1,1,1.0
556,89,1081.01,391.23,77.23,153.70,1,1,1.0
556,92,738.38,699.90,104.00,174.20,1,1,1.0
556,101,1878.97,205.49,41.03,48.51,1,1,1.0
557,15,639.41,414.55,105.56,122.89,1,1,1.0
557,28,1779.86,0.65,139.91,113.41,1,1,1.0
557,78,1175.91,349.08,100.67,177.12,1,1,1.0
557,80,543.83,931.55,108.79,148.22,1,1,1.0
557,82,25.34,995.05,114.74,84.95,1,1,1.0
557,84,1300.59,116.78,75.51,159.89,1,1,1.0
557,85,420.76,0.00,54.37,91.29,1,1,1.0
557,86,406.09,244.30,57.51,78.45,1,1,1.0
557,87,778.91,647.98,37.85,122.93,1,1,1.0
557,89,1080.04,389.61,77.23,153.70,1,1,1.0
557,92,737.49,698.80,104.00,174.20,1,1,1.0
557,101,1877.75,204.18,42.19,49.51,1,1,1.0
558,15,639.18,412.65,105.26,124.67,1,1,1.0
558,28,1777.66,0.84,142.27,112.16,1,1,1.0
558,78,1174.93,348.10,100.67,177.13,1,1,1.0
558,80,543.07,930.04,109.01,149.64,1,1,1.0
558,82,25.53,992.92,117.33,87.08,1,1,1.0
558,84,1299.65,115.62,75.23,158.70,1,1,1.0
558,85,420.39,0.00,54.53,90.18,1,1,1.0
558,86,405.57,243.11,57.28,77.96,1,1,1.0
558,87,778.67,646.92,37.85,122.92,1,1,1.0
558,89,1079.06,387.98,77.23,153.70,1,1,1.0
558,92,736.60,697.70,104.00,174.20,1,1,1.0
558,101,1876.16,202.96,43.72,49.22,1,1,1.0
559,15,638.62,411.06,106.06,125.15,1,1,1.0
559,28,1776.51,0.89,143.43,111.13,1,1,1.0
559,78,1173.96,347.13,100.67,177.12,1,1,1.0
559,80,542.35,929.39,108.43,150.38,1,1,1.0
559,82,24.89,983.60,126.94,96.40,1,1,1.0
559,84,1299.47,110.46,76.07,159.97,1,1,1.0
559,85,420.65,0.00,54.00,87.66,1,1,1.0
559,86,405.37,241.69,56.81,77.71,1,1,1.0
559,87,778.44,645.85,37.84,122.93,1,1,1.0
559,89,1078.09,386.36,77.23,153.70,1,1,1.0
559,92,735.71,696.60,104.00,174.20,1,1,1.0
559,101,1875.21,201.78,44.73,48.60,1,1,1.0
560,15,637.69,408.82,106.17,126.48,1,1,1.0
560,28,1785.62,0.97,134.34,108.45,1,1,1.0
560,78,1172.98,346.15,100.67,177.13,1,1,1.0
560,80,531.62,927.83,117.58,152.17,1,1,1.0
560,82,23.53,983.90,128.39,96.05,1,1,1.0
560,84,1297.68,110.37,76.82,160.13,1,1,1.0
560,85,420.33,0.00,53.36,83.91,1,1,1.0
560,86,404.82,240.35,55.53,77.53,1,1,1.0
560,87,778.20,644.78,37.84,122.93,1,1,1.0
560,89,1077.11,384.73,77.23,153.70,1,1,1.0
560,92,734.82,695.50,104.00,174.20,1,1,1.0
560,101,1873.33,200.22,46.31,49.20,1,1,1.0
561,15,637.05,403.88,106.59,122.33,1,1,1.0
561,28,1775.73,0.51,144.08,104.14,1,1,1.0
561,78,1172.11,343.55,100.68,177.13,1,1,1.0
561,80,516.48,922.58,132.95,157.42,1,1,1.0
561,82,22.17,984.20,129.83,95.71,1,1,1.0
561,84,1297.81,104.28,75.35,168.60,1,1,1.0
561,85,420.88,0.00,53.00,78.09,1,1,1.0
561,86,403.38,237.61,55.83,76.80,1,1,1.0
561,87,777.96,643.72,37.85,122.92,1,1,1.0
561,89,1076.85,381.78,77.23,153.70,1,1,1.0
561,92,733.93,694.41,104.00,174.20,1,1,1.0
561,101,1871.77,199.58,46.11,49.17,1,1,1.0
562,15,637.79,403.01,105.31,122.46,1,1,1.0
562,28,1784.63,0.07,135.37,101.16,1,1,1.0
562,78,1171.25,340.95,100.67,177.13,1,1,1.0
562,80,516.37,921.33,132.54,158.67,1,1,1.0
562,82,22.44,979.42,130.55,100.34,1,1,1.0
562,84,1297.15,102.54,75.83,167.51,1,1,1.0
562,85,422.51,0.00,51.32,75.84,1,1,1.0
562,86,403.24,236.78,55.17,74.88,1,1,1.0
562,87,777.72,642.65,37.85,122.93,1,1,1.0
562,89,1076.59,378.84,77.23,153.70,1,1,1.0
562,92,733.04,693.31,104.00,174.20,1,1,1.0
562,101,1870.20,198.95,45.92,49.12,1,1,1.0
563,15,637.56,399.04,105.95,123.70,1,1,1.0
563,28,1784.35,0.10,135.65,98.21,1,1,1.0
563,78,1170.38,338.35,100.67,177.13,1,1,1.0
563,80,516.46,920.62,131.30,159.38,1,1,1.0
563,82,21.99,979.02,131.15,100.72,1,1,1.0
563,84,1296.82,94.27,77.17,171.63,1,1,1.0
563,85,423.01,0.00,50.77,72.93,1,1,1.0
563,86,402.55,236.04,55.39,74.30,1,1,1.0
563,87,777.49,641.58,37.84,122.93,1,1,1.0
563,89,1076.33,375.89,77.23,153.70,1,1,1.0
563,92,732.15,692.21,104.00,174.20,1,1,1.0
563,101,1868.64,198.31,45.72,49.09,1,1,1.0
564,15,637.04,397.08,106.18,124.74,1,1,1.0
564,28,1788.84,0.24,130.78,97.32,1,1,1.0
564,78,1169.54,338.09,100.67,177.13,1,1,1.0
564,80,513.68,920.18,133.20,159.82,1,1,1.0
564,82,21.81,978.34,131.89,101.37,1,1,1.0
564,84,1296.10,92.55,76.81,174.30,1,1,1.0
564,85,422.85,0.00,51.59,71.79,1,1,1.0
564,86,402.26,235.53,55.83,74.37,1,1,1.0
564,87,777.25,640.51,37.85,122.93,1,1,1.0
564,89,1074.23,374.91,80.07,155.74,1,1,1.0
564,92,731.26,691.11,104.00,174.20,1,1,1.0
564,101,1867.08,197.67,45.51,49.05,1,1,1.0
565,15,636.23,397.76,106.04,123.29,1,1,1.0
565,28,1789.20,0.25,130.46,97.05,1,1,1.0
565,78,1168.69,337.83,100.67,177.13,1,1,1.0
565,80,513.97,919.88,131.68,160.12,1,1,1.0
565,82,20.87,977.58,132.89,102.13,1,1,1.0
565,84,1294.89,92.92,76.06,168.08,1,1,1.0
565,85,422.42,0.00,52.13,71.08,1,1,1.0
565,86,401.08,235.22,55.77,74.43,1,1,1.0
565,87,777.01,639.45,37.85,122.92,1,1,1.0
565,89,1072.13,373.93,82.90,157.77,1,1,1.0
565,92,730.37,690.01,104.00,174.20,1,1,1.0
565,101,1865.52,197.03,45.31,49.02,1,1,1.0
566,15,634.76,396.57,106.18,124.83,1,1,1.0
566,28,1783.05,0.14,136.95,96.55,1,1,1.0
566,78,1167.85,337.57,100.67,177.13,1,1,1.0
566,80,513.09,920.03,131.26,159.97,1,1,1.0
566,82,18.35,976.47,133.53,103.13,1,1,1.0
566,84,1293.46,95.71,74.39,164.06,1,1,1.0
566,85,421.06,0.00,52.89,70.74,1,1,1.0
566,86,400.86,234.44,52.57,72.28,1,1,1.0
566,87,776.78,638.38,37.84,122.93,1,1,1.0
566,89,1070.03,372.95,85.73,159.81,1,1,1.0
566,92,729.48,688.91,104.00,174.20,1,1,1.0
566,101,1863.95,196.40,45.12,48.97,1,1,1.0
567,15,634.63,395.21,106.83,125.00,1,1,1.0
567,28,1787.70,0.26,132.04,95.85,1,1,1.0
567,78,1167.00,337.31,100.67,177.13,1,1,1.0
567,80,513.99,918.80,130.56,161.20,1,1,1.0
567,82,18.67,976.30,133.59,103.30,1,1,1.0
567,84,1293.42,93.73,74.55,166.10,1,1,1.0
567,85,421.39,0.00,53.07,69.45,1,1,1.0
567,86,400.14,232.59,53.34,73.42,1,1,1.0
567,87,776.54,637.31,37.84,122.93,1,1,1.0
567,89,1069.69,370.83,85.70,160.13,1,1,1.0
567,92,728.59,687.81,104.00,174.20,1,1,1.0
567,101,1862.39,195.76,44.92,48.94,1,1,1.0
568,15,635.28,393.21,105.52,125.73,1,1,1.0
568,28,1791.58,0.25,128.18,93.58,1,1,1.0
568,78,1166.48,334.71,100.67,177.13,1,1,1.0
568,80,513.66,917.33,131.00,162.67,1,1,1.0
568,82,19.19,976.62,135.27,102.94,1,1,1.0
568,84,1294.69,92.47,75.01,168.89,1,1,1.0
568,85,422.75,0.00,52.52,66.95,1,1,1.0
568,86,399.42,230.74,54.11,74.57,1,1,1.0
568,87,776.30,636.24,37.85,122.93,1,1,1.0
568,89,1070.89,369.49,84.60,156.24,1,1,1.0
568,92,728.59,684.36,104.00,174.20,1,1,1.0
568,101,1861.61,194.39,46.17,49.09,1,1,1.0
569,15,635.37,391.18,104.84,124.37,1,1,1.0
569,28,1795.90,0.16,124.10,91.76,1,1,1.0
569,78,1166.03,333.87,100.67,177.12,1,1,1.0
569,80,511.69,916.44,132.88,163.56,1,1,1.0
569,82,19.62,973.60,135.67,105.92,1,1,1.0
569,84,1295.30,90.53,75.08,170.96,1,1,1.0
569,85,423.95,0.00,51.78,64.58,1,1,1.0
569,86,398.70,228.88,54.88,75.72,1,1,1.0
569,87,776.06,635.18,37.85,122.93,1,1,1.0
569,89,1070.63,367.67,84.60,156.24,1,1,1.0
569,92,728.59,680.91,104.00,174.20,1,1,1.0
569,101,1860.82,192.72,46.88,49.96,1,1,1.0
570,15,635.45,391.81,106.79,122.48,1,1,1.0
570,28,1799.50,0.13,120.50,90.02,1,1,1.0
570,78,1165.57,333.02,100.67,177.13,1,1,1.0
570,80,514.52,915.15,129.51,164.85,1,1,1.0
570,82,19.64,972.74,135.87,106.76,1,1,1.0
570,84,1294.71,86.80,76.07,173.56,1,1,1.0
570,85,424.80,0.00,48.45,60.10,1,1,1.0
570,86,397.98,227.03,55.65,76.86,1,1,1.0
570,87,775.83,634.11,37.84,122.93,1,1,1.0
570,89,1070.37,365.85,84.60,156.24,1,1,1.0
570,92,728.59,677.45,104.00,174.20,1,1,1.0
570,101,1859.93,191.82,48.62,50.32,1,1,1.0
571,15,634.61,388.02,105.37,124.19,1,1,1.0
571,28,1801.92,0.11,118.08,85.98,1,1,1.0
571,78,1165.12,332.18,100.67,177.12,1,1,1.0
571,80,514.31,913.47,129.44,166.53,1,1,1.0
571,82,17.83,971.23,137.54,108.17,1,1,1.0
571,84,1295.05,81.68,76.39,171.14,1,1,1.0
571,85,424.24,0.00,48.16,55.51,1,1,1.0
571,86,393.74,224.15,58.15,77.52,1,1,1.0
571,87,775.59,633.04,37.85,122.93,1,1,1.0
571,89,1070.11,364.03,84.60,156.24,1,1,1.0
571,92,728.23,677.67,104.00,173.12,1,1,1.0
571,101,1858.71,191.77,45.94,49.68,1,1,1.0
572,15,634.53,387.59,105.61,124.38,1,1,1.0
572,28,1801.60,0.11,118.40,85.56,1,1,1.0
572,78,1164.66,331.33,100.67,177.13,1,1,1.0
572,80,513.07,913.27,130.34,166.73,1,1,1.0
572,82,17.45,971.49,137.41,107.89,1,1,1.0
572,84,1295.94,81.63,76.39,171.14,1,1,1.0
572,85,424.22,0.00,48.06,55.29,1,1,1.0
572,86,393.01,223.81,58.55,78.92,1,1,1.0
572,87,775.35,631.98,37.85,122.92,1,1,1.0
572,89,1069.85,362.21,84.60,156.24,1,1,1.0
572,92,727.87,677.89,104.00,172.04,1,1,1.0
572,101,1857.99,191.78,47.35,49.61,1,1,1.0
573,15,634.85,388.34,107.49,123.31,1,1,1.0
573,28,1802.57,0.19,117.02,85.63,1,1,1.0
573,78,1164.14,330.55,100.67,177.13,1,1,1.0
573,80,512.92,913.07,130.28,166.93,1,1,1.0
573,82,16.59,972.05,138.93,107.38,1,1,1.0
573,84,1296.84,81.58,76.39,171.14,1,1,1.0
573,85,424.58,0.00,47.69,55.10,1,1,1.0
573,86,392.26,223.50,59.85,78.99,1,1,1.0
573,87,775.11,630.91,37.85,122.93,1,1,1.0
573,89,1069.85,361.24,84.60,156.24,1,1,1.0
573,92,727.51,678.11,104.00,170.95,1,1,1.0
573,101,1857.16,191.91,48.12,49.53,1,1,1.0
574,15,634.36,387.22,107.11,122.74,1,1,1.0
574,28,1801.47,0.10,118.53,85.32,1,1,1.0
574,78,1163.62,329.77,100.67,177.13,1,1,1.0
574,80,511.99,912.30,130.94,167.70,1,1,1.0
574,82,16.40,970.79,139.70,108.59,1,1,1.0
574,84,1297.73,81.53,76.39,171.14,1,1,1.0
574,85,424.98,0.00,47.28,54.49,1,1,1.0
574,86,392.42,223.27,60.21,78.57,1,1,1.0
574,87,774.88,629.84,37.84,122.93,1,1,1.0
574,89,1069.85,360.26,84.60,156.24,1,1,1.0
574,92,727.15,678.33,104.00,169.87,1,1,1.0
574,101,1855.83,192.09,49.93,49.44,1,1,1.0
575,15,634.61,386.40,106.85,122.14,1,1,1.0
575,28,1800.97,0.18,118.75,83.60,1,1,1.0
575,78,1163.10,328.99,100.67,177.13,1,1,1.0
575,80,510.80,910.31,132.21,169.69,1,1,1.0
575,82,16.14,968.13,141.08,111.37,1,1,1.0
575,84,1298.63,81.48,76.39,171.14,1,1,1.0
575,85,425.56,0.00,45.75,51.04,1,1,1.0
575,86,392.81,222.41,59.57,78.05,1,1,1.0
575,87,774.64,628.77,37.85,122.93,1,1,1.0
575,89,1069.85,359.29,84.60,156.24,1,1,1.0
575,92,726.79,678.54,104.00,168.80,1,1,1.0
575,101,1855.79,190.88,51.01,49.71,1,1,1.0
576,15,632.54,384.94,107.27,122.15,1,1,1.0
576,28,1801.36,0.12,118.64,81.93,1,1,1.0
576,78,1162.58,328.21,100.67,177.13,1,1,1.0
576,80,510.13,909.28,131.92,170.72,1,1,1.0
576,82,12.56,965.88,145.82,113.74,1,1,1.0
576,84,1299.52,81.43,76.39,171.14,1,1,1.0
576,85,424.83,0.00,42.36,48.31,1,1,1.0
576,86,392.00,222.08,57.85,77.15,1,1,1.0
576,87,774.40,627.71,37.85,122.92,1,1,1.0
576,89,1069.85,358.31,84.60,156.24,1,1,1.0
576,92,726.43,678.76,104.00,167.71,1,1,1.0
576,101,1853.91,190.69,54.54,48.83,1,1,1.0
577,15,631.49,384.43,107.77,122.69,1,1,1.0
577,28,1799.89,0.08,120.11,82.07,1,1,1.0
577,78,1162.21,328.36,100.67,177.13,1,1,1.0
577,80,508.86,908.62,132.74,171.38,1,1,1.0
577,82,13.80,966.30,147.58,113.70,1,1,1.0
577,84,1300.41,81.38,76.39,171.14,1,1,1.0
577,85,424.21,0.00,41.56,48.14,1,1,1.0
577,86,390.93,221.75,58.07,77.33,1,1,1.0
577,87,774.17,626.64,37.84,122.93,1,1,1.0
577,89,1069.85,358.79,84.60,156.24,1,1,1.0
577,92,726.07,678.98,104.00,166.63,1,1,1.0
577,101,1853.33,190.61,54.24,48.91,1,1,1.0
578,15,633.06,383.60,107.22,123.37,1,1,1.0
578,28,1799.54,0.08,120.46,81.61,1,1,1.0
578,30,155.54,443.85,16.85,24.31,1,1,1.0
578,78,1161.84,328.51,100.67,177.12,1,1,1.0
578,80,508.19,908.28,133.14,171.72,1,1,1.0
578,82,13.32,965.48,147.10,114.52,1,1,1.0
578,84,1301.31,81.33,76.39,171.14,1,1,1.0
578,85,423.34,0.00,41.80,47.67,1,1,1.0
578,86,390.80,221.68,57.12,77.18,1,1,1.0
578,87,773.93,625.57,37.84,122.93,1,1,1.0
578,89,1069.85,359.28,84.60,156.24,1,1,1.0
578,92,725.71,679.20,104.00,165.55,1,1,1.0
578,101,1852.80,190.45,53.95,48.90,1,1,1.0
579,15,632.83,384.17,106.76,122.88,1,1,1.0
579,28,1799.43,0.07,120.57,81.80,1,1,1.0
579,30,154.76,443.72,17.41,24.33,1,1,1.0
579,78,1161.47,328.66,100.67,177.12,1,1,1.0
579,80,507.66,909.00,133.49,171.00,1,1,1.0
579,82,12.53,966.29,147.60,113.71,1,1,1.0
579,84,1302.20,81.28,76.39,171.14,1,1,1.0
579,85,422.12,0.49,47.66,46.70,1,1,1.0
579,86,390.98,221.86,56.66,76.98,1,1,1.0
579,87,773.69,624.51,37.85,122.92,1,1,1.0
579,89,1069.85,359.76,84.60,156.24,1,1,1.0
579,92,725.43,680.06,104.00,165.55,1,1,1.0
579,101,1852.38,191.23,54.92,48.30,1,1,1.0
580,15,632.75,385.15,106.39,122.32,1,1,1.0
580,28,1799.83,0.10,120.17,82.50,1,1,1.0
580,30,154.39,443.70,17.46,24.80,1,1,1.0
580,78,1161.09,328.81,100.68,177.12,1,1,1.0
580,80,507.55,909.66,133.42,170.34,1,1,1.0
580,82,11.99,966.62,144.44,113.38,1,1,1.0
580,84,1303.10,81.23,76.39,171.14,1,1,1.0
580,85,421.56,0.52,48.42,47.07,1,1,1.0
580,86,390.68,222.13,57.27,77.52,1,1,1.0
580,87,773.45,623.44,37.85,122.93,1,1,1.0
580,89,1069.85,360.24,84.60,156.24,1,1,1.0
580,92,725.14,680.93,104.00,165.54,1,1,1.0
580,101,1852.39,191.40,51.20,48.18,1,1,1.0
581,15,630.49,387.52,107.74,121.73,1,1,1.0
581,28,1797.33,0.11,122.67,84.02,1,1,1.0
581,78,1160.72,328.96,100.68,177.12,1,1,1.0
581,80,509.93,911.10,130.01,168.90,1,1,1.0
581,82,11.22,969.51,136.03,110.18,1,1,1.0
581,84,1303.99,81.18,76.39,171.14,1,1,1.0
581,86,389.30,222.75,58.15,78.40,1,1,1.0
581,87,773.22,622.37,37.84,122.93,1,1,1.0
581,89,1069.85,360.72,84.60,156.24,1,1,1.0
581,92,724.85,681.79,104.00,165.55,1,1,1.0
581,101,1851.20,191.29,46.78,48.70,1,1,1.0
582,15,630.82,387.62,108.85,123.28,1,1,1.0
582,28,1800.13,0.17,119.57,84.43,1,1,1.0
582,78,1160.35,329.11,100.68,177.12,1,1,1.0
582,80,510.02,911.27,129.62,168.73,1,1,1.0
582,82,10.98,970.76,133.88,108.98,1,1,1.0
582,84,1304.88,81.12,76.39,171.14,1,1,1.0
582,86,389.41,223.43,57.36,77.69,1,1,1.0
582,87,775.36,623.68,37.84,122.93,1,1,1.0
582,89,1069.85,361.21,84.60,156.24,1,1,1.0
582,92,724.56,682.65,104.00,165.55,1,1,1.0
582,101,1850.78,191.91,46.50,48.78,1,1,1.0
583,15,630.80,387.59,108.85,123.28,1,1,1.0
583,28,1800.17,0.18,119.52,84.42,1,1,1.0
583,78,1159.98,329.25,100.67,177.13,1,1,1.0
583,80,508.74,911.14,130.66,168.86,1,1,1.0
583,82,10.58,970.26,133.46,109.47,1,1,1.0
583,84,1305.78,81.07,76.39,171.14,1,1,1.0
583,86,388.57,222.95,58.31,78.57,1,1,1.0
583,87,777.49,624.99,37.85,122.93,1,1,1.0
583,89,1069.85,361.69,84.60,156.24,1,1,1.0
583,92,725.25,683.12,104.00,164.62,1,1,1.0
583,101,1850.47,191.41,47.91,48.91,1,1,1.0
584,15,630.65,387.66,108.70,122.83,1,1,1.0
584,28,1798.33,0.19,121.34,83.97,1,1,1.0
584,78,1160.89,329.25,100.67,177.13,1,1,1.0
584,80,509.16,911.23,130.01,168.77,1,1,1.0
584,82,10.23,969.75,134.00,110.02,1,1,1.0
584,84,1306.67,81.02,76.39,171.14,1,1,1.0
584,86,388.74,223.10,58.66,78.26,1,1,1.0
584,87,779.63,626.30,37.85,122.92,1,1,1.0
584,89,1070.63,361.69,84.60,156.24,1,1,1.0
584,92,725.94,683.59,104.00,163.69,1,1,1.0
584,101,1850.01,190.85,49.79,49.16,1,1,1.0
585,15,630.61,386.65,108.34,122.82,1,1,1.0
585,28,1799.08,0.20,120.60,83.60,1,1,1.0
585,78,1161.80,329.25,100.67,177.13,1,1,1.0
585,80,509.50,911.23,129.93,168.77,1,1,1.0
585,82,10.31,969.48,135.03,110.30,1,1,1.0
585,84,1307.57,80.97,76.39,171.14,1,1,1.0
585,86,388.67,222.74,58.42,78.09,1,1,1.0
585,87,781.77,627.60,37.85,122.93,1,1,1.0
585,89,1071.41,361.69,84.60,156.24,1,1,1.0
585,92,726.64,684.06,104.00,162.76,1,1,1.0
585,101,1850.21,190.73,49.93,49.11,1,1,1.0
586,15,634.41,385.84,107.56,123.11,1,1,1.0
586,28,1798.30,0.22,121.29,83.69,1,1,1.0
586,31,154.46,444.08,17.70,24.74,1,1,1.0
586,78,1162.71,329.25,100.67,177.13,1,1,1.0
586,80,510.78,910.28,130.90,169.72,1,1,1.0
586,82,11.52,969.02,142.73,110.35,1,1,1.0
586,84,1308.46,80.92,76.39,171.14,1,1,1.0
586,86,390.48,222.25,57.86,78.60,1,1,1.0
586,87,783.91,628.91,37.85,122.93,1,1,1.0
586,89,1072.19,361.69,84.60,156.24,1,1,1.0
586,92,727.33,684.53,104.00,161.83,1,1,1.0
586,101,1850.19,190.44,49.53,49.33,1,1,1.0
587,15,638.56,388.87,104.65,120.60,1,1,1.0
587,28,1803.07,0.24,116.43,84.65,1,1,1.0
587,78,1163.62,329.25,100.67,177.13,1,1,1.0
587,80,514.56,911.54,127.56,168.46,1,1,1.0
587,82,14.60,969.50,141.35,109.90,1,1,1.0
587,84,1309.35,80.87,76.39,171.14,1,1,1.0
587,86,391.46,222.86,56.52,77.70,1,1,1.0
587,87,786.05,630.22,37.84,122.93,1,1,1.0
587,89,1072.97,361.69,84.60,156.24,1,1,1.0
587,92,728.02,685.00,104.00,160.90,1,1,1.0
587,101,1850.40,191.00,46.96,48.85,1,1,1.0
588,15,641.30,388.44,106.86,122.34,1,1,1.0
588,28,1814.79,0.25,105.21,86.32,1,1,1.0
588,78,1165.01,330.29,100.67,177.13,1,1,1.0
588,80,513.16,912.99,130.47,167.01,1,1,1.0
588,82,18.39,968.99,138.09,110.36,1,1,1.0
588,84,1310.25,80.82,76.39,171.14,1,1,1.0
588,86,392.69,224.16,57.40,77.24,1,1,1.0
588,87,788.19,631.53,37.84,122.93,1,1,1.0
588,89,1077.21,363.86,82.61,155.72,1,1,1.0
588,92,729.74,686.44,104.00,160.90,1,1,1.0
588,101,1849.99,191.54,48.14,49.25,1,1,1.0
589,15,644.17,390.32,106.23,121.71,1,1,1.0
589,28,1809.04,0.21,110.50,89.65,1,1,1.0
589,78,1166.39,331.33,100.68,177.13,1,1,1.0
589,80,512.89,914.30,131.52,165.70,1,1,1.0
589,82,20.88,971.08,138.36,108.43,1,1,1.0
589,84,1311.14,80.77,76.39,171.14,1,1,1.0
589,86,394.69,224.88,57.99,78.80,1,1,1.0
589,87,790.32,632.84,37.85,122.93,1,1,1.0
589,89,1081.46,366.03,80.62,155.19,1,1,1.0
589,92,731.47,687.88,104.00,160.90,1,1,1.0
589,101,1850.10,192.12,46.93,49.06,1,1,1.0
590,15,646.72,392.44,107.14,121.93,1,1,1.0
590,28,1804.77,0.22,114.96,91.99,1,1,1.0
590,32,162.60,449.71,15.72,22.30,1,1,1.0
590,78,1167.78,332.38,100.67,177.12,1,1,1.0
590,80,515.32,916.31,131.09,163.69,1,1,1.0
590,82,22.29,974.05,136.94,105.57,1,1,1.0
590,84,1312.04,80.72,76.39,171.14,1,1,1.0
590,86,398.32,227.56,56.54,80.19,1,1,1.0
590,87,792.46,634.15,37.85,122.92,1,1,1.0
590,89,1085.70,368.20,78.63,154.67,1,1,1.0
590,92,734.64,696.49,103.15,154.30,1,1,1.0
590,101,1850.61,192.30,45.84,49.23,1,1,1.0
591,15,653.56,397.52,110.49,123.05,1,1,1.0
591,28,1809.61,0.26,109.96,99.53,1,1,1.0
591,32,166.48,452.67,15.95,23.63,1,1,1.0
591,78,1170.84,333.61,99.56,177.12,1,1,1.0
591,80,529.06,920.23,122.41,159.77,1,1,1.0
591,82,27.61,978.67,136.79,100.67,1,1,1.0
591,84,1314.16,86.23,76.39,171.14,1,1,1.0
591,86,401.54,233.67,57.04,76.29,1,1,1.0
591,87,794.60,635.46,37.85,122.92,1,1,1.0
591,89,1090.12,370.41,78.63,154.67,1,1,1.0
591,92,737.80,705.10,102.30,147.71,1,1,1.0
591,101,1851.51,192.97,46.06,49.42,1,1,1.0
592,15,658.38,397.81,109.32,124.26,1,1,1.0
592,28,1813.87,0.03,106.13,105.39,1,1,1.0
592,32,170.11,453.15,16.05,24.19,1,1,1.0
592,78,1173.89,334.84,98.47,177.13,1,1,1.0
592,80,544.80,919.65,109.70,160.27,1,1,1.0
592,84,1316.29,91.74,76.39,171.14,1,1,1.0
592,86,404.73,234.19,55.44,74.68,1,1,1.0
592,87,801.00,637.26,37.84,122.92,1,1,1.0
592,89,1094.54,372.62,78.63,154.67,1,1,1.0
592,92,740.10,705.67,103.17,147.71,1,1,1.0
592,101,1851.93,192.77,47.82,49.67,1,1,1.0
593,15,661.56,400.24,109.33,122.63,1,1,1.0
593,28,1814.65,0.04,105.35,106.81,1,1,1.0
593,32,173.09,453.50,17.04,24.01,1,1,1.0
593,33,36.83,978.67,134.18,100.92,1,1,1.0
593,78,1176.95,336.08,97.36,177.12,1,1,1.0
593,80,551.70,922.72,106.17,157.28,1,1,1.0
593,84,1322.81,94.54,76.39,171.14,1,1,1.0
593,86,405.68,233.02,58.05,77.37,1,1,1.0
593,87,807.39,639.06,37.85,122.93,1,1,1.0
593,89,1098.96,374.83,78.63,154.67,1,1,1.0
593,92,742.40,706.25,104.03,147.71,1,1,1.0
593,101,1852.41,192.75,48.41,50.00,1,1,1.0
594,15,667.79,402.72,109.34,122.16,1,1,1.0
594,28,1817.06,0.10,102.94,109.34,1,1,1.0
594,32,176.93,454.09,16.32,23.28,1,1,1.0
594,78,1180.00,337.31,96.26,177.13,1,1,1.0
594,80,540.84,924.14,118.94,155.86,1,1,1.0
594,84,1329.34,97.33,76.39,171.14,1,1,1.0
594,86,409.09,234.58,56.06,75.78,1,1,1.0
594,87,813.78,640.86,37.85,122.93,1,1,1.0
594,89,1103.38,377.04,78.63,154.67,1,1,1.0
594,92,746.40,706.82,101.18,147.71,1,1,1.0
594,101,1852.94,192.45,47.40,50.51,1,1,1.0
595,15,673.45,402.73,107.25,122.95,1,1,1.0
595,28,1820.76,0.14,99.24,113.91,1,1,1.0
595,78,1184.17,338.01,94.69,177.12,1,1,1.0
595,80,542.38,927.22,119.80,152.78,1,1,1.0
595,84,1335.86,100.13,76.39,171.14,1,1,1.0
595,86,414.01,236.98,52.44,72.59,1,1,1.0
595,87,820.18,642.66,37.84,122.93,1,1,1.0
595,89,1109.71,378.86,78.63,154.67,1,1,1.0
595,92,751.01,708.86,101.18,145.96,1,1,1.0
595,101,1853.73,193.66,48.24,49.35,1,1,1.0
596,15,680.32,407.41,109.56,121.01,1,1,1.0
596,28,1823.34,0.13,96.45,114.57,1,1,1.0
596,67,779.75,284.18,26.37,31.37,1,1,1.0
596,78,1188.33,338.70,93.13,177.12,1,1,1.0
596,80,549.43,930.10,119.09,149.90,1,1,1.0
596,84,1342.38,102.92,76.39,171.14,1,1,1.0
596,86,418.92,238.49,55.51,73.84,1,1,1.0
596,87,826.57,644.46,37.85,122.93,1,1,1.0
596,89,1116.03,380.68,78.63,154.67,1,1,1.0
596,92,755.61,710.90,101.19,144.21,1,1,1.0
596,95,779.82,319.51,24.57,36.22,1,1,1.0
596,101,1855.00,195.87,48.59,47.70,1,1,1.0
597,15,688.81,410.78,108.43,118.90,1,1,1.0
597,28,1824.77,0.18,95.23,114.23,1,1,1.0
597,34,508.06,0.22,69.61,104.15,1,1,1.0
597,67,780.30,283.90,27.21,31.37,1,1,1.0
597,78,1192.50,339.39,91.56,177.13,1,1,1.0
597,80,553.14,929.22,118.84,150.78,1,1,1.0
597,84,1348.90,105.72,76.39,171.14,1,1,1.0
597,86,421.32,237.30,55.93,77.30,1,1,1.0
597,87,832.96,646.27,37.85,122.92,1,1,1.0
597,89,1122.36,382.50,78.63,154.67,1,1,1.0
597,92,759.45,711.09,101.18,144.21,1,1,1.0
597,95,781.24,318.75,27.04,41.39,1,1,1.0
597,101,1856.07,196.36,47.49,47.15,1,1,1.0
598,15,695.62,411.72,105.34,119.18,1,1,1.0
598,28,1831.32,0.00,88.50,121.05,1,1,1.0
598,34,528.56,0.00,58.14,102.58,1,1,1.0
598,35,68.45,978.48,132.24,100.99,1,1,1.0
598,67,780.86,283.62,28.04,31.37,1,1,1.0
598,78,1195.17,340.90,91.55,177.12,1,1,1.0
598,80,572.87,931.13,102.13,148.87,1,1,1.0
598,84,1355.42,108.51,76.39,171.14,1,1,1.0
598,86,425.68,238.73,55.14,77.33,1,1,1.0
598,87,839.36,648.07,37.84,122.93,1,1,1.0
598,88,342.16,0.35,146.42,74.70,1,1,1.0
598,89,1127.58,384.01,78.63,154.67,1,1,1.0
598,92,763.29,711.28,101.18,144.21,1,1,1.0
598,95,781.67,318.88,29.18,45.90,1,1,1.0
598,101,1856.72,196.11,49.83,47.72,1,1,1.0
599,15,701.22,413.84,109.63,121.94,1,1,1.0
599,28,1834.42,0.41,84.85,120.79,1,1,1.0
599,34,530.42,-0.00,67.30,109.52,1,1,1.0
599,67,781.80,284.46,28.04,31.37,1,1,1.0
599,78,1197.84,342.41,91.55,177.12,1,1,1.0
599,80,574.09,932.86,105.64,147.14,1,1,1.0
599,84,1361.85,115.50,76.39,171.14,1,1,1.0
599,86,430.05,240.16,54.35,77.36,1,1,1.0
599,87,845.75,649.87,37.85,122.93,1,1,1.0
599,88,356.52,0.07,146.88,81.06,1,1,1.0
599,89,1132.80,385.52,78.63,154.67,1,1,1.0
599,92,767.12,711.47,101.19,144.21,1,1,1.0
599,95,782.09,319.53,29.92,47.07,1,1,1.0
599,101,1857.52,197.35,47.91,47.17,1,1,1.0
600,15,707.41,415.52,108.44,121.02,1,1,1.0
600,28,1840.78,0.00,79.22,148.78,1,1,1.0
600,34,550.98,0.00,59.88,115.20,1,1,1.0
600,67,782.75,285.29,28.04,31.37,1,1,1.0
600,78,1200.51,343.92,91.55,177.12,1,1,1.0
600,80,583.84,940.41,101.29,139.59,1,1,1.0
600,84,1368.28,122.49,76.39,171.14,1,1,1.0
600,86,434.41,241.58,53.56,77.41,1,1,1.0
600,87,852.14,651.67,37.85,122.93,1,1,1.0
600,88,373.55,0.42,137.11,90.47,1,1,1.0
600,89,1138.02,387.03,78.63,154.66,1,1,1.0
600,92,775.16,714.09,94.87,143.03,1,1,1.0
600,95,782.60,320.55,29.44,45.42,1,1,1.0
600,101,1858.02,198.38,47.32,46.80,1,1,1.0
601,15,720.13,422.01,109.88,120.74,1,1,1.0
601,28,1848.70,0.02,71.20,147.53,1,1,1.0
601,34,575.61,0.00,65.19,125.50,1,1,1.0
601,67,783.69,286.12,28.04,31.37,1,1,1.0
601,78,1202.43,346.19,93.46,176.85,1,1,1.0
601,79,93.72,980.18,132.12,99.54,1,1,1.0
601,80,593.58,947.96,96.95,132.04,1,1,1.0
601,84,1374.71,129.48,76.39,171.14,1,1,1.0
601,86,438.78,243.01,52.77,77.44,1,1,1.0
601,87,858.54,653.47,37.84,122.93,1,1,1.0
601,88,399.60,0.39,141.76,101.16,1,1,1.0
601,89,1145.84,391.64,77.86,154.67,1,1,1.0
601,92,783.20,716.70,88.56,141.86,1,1,1.0
601,95,783.85,322.02,30.46,45.41,1,1,1.0
601,101,1859.18,199.37,47.43,47.48,1,1,1.0
602,15,725.20,423.84,109.91,119.25,1,1,1.0
602,28,1849.75,0.00,70.25,148.27,1,1,1.0
602,67,784.64,286.96,28.04,31.36,1,1,1.0
602,78,1204.35,348.46,95.37,176.58,1,1,1.0
602,79,99.41,987.24,130.36,92.50,1,1,1.0
602,80,600.13,945.13,93.09,134.80,1,1,1.0
602,84,1381.14,136.46,76.39,171.14,1,1,1.0
602,86,443.14,244.44,51.98,77.47,1,1,1.0
602,87,868.85,657.99,37.85,122.93,1,1,1.0
602,88,416.13,0.18,136.37,113.19,1,1,1.0
602,89,1153.66,396.25,77.09,154.67,1,1,1.0
602,92,787.80,719.58,88.56,141.86,1,1,1.0
602,95,784.73,321.90,30.70,45.39,1,1,1.0
602,101,1859.67,201.20,46.31,45.76,1,1,1.0
603,15,736.18,430.11,107.15,117.24,1,1,1.0
603,28,1858.46,0.00,61.33,146.26,1,1,1.0
603,67,785.58,287.79,28.04,31.37,1,1,1.0
603,78,1206.28,350.73,97.27,176.32,1,1,1.0
603,79,105.31,984.16,133.45,95.47,1,1,1.0
603,80,603.74,945.13,93.09,134.80,1,1,1.0
603,84,1390.08,141.78,76.39,171.14,1,1,1.0
603,86,445.17,247.88,58.85,77.98,1,1,1.0
603,87,879.17,662.50,37.85,122.93,1,1,1.0
603,88,431.81,0.00,140.58,120.09,1,1,1.0
603,89,1161.48,400.86,76.32,154.67,1,1,1.0
603,92,795.29,720.15,88.56,141.86,1,1,1.0
603,95,785.92,322.55,30.60,45.68,1,1,1.0
603,101,1859.19,203.05,48.76,44.45,1,1,1.0
604,15,742.91,432.45,106.67,116.40,1,1,1.0
604,28,1868.01,0.00,51.99,150.49,1,1,1.0
604,36,614.33,3.77,61.57,147.42,1,1,1.0
604,67,786.72,288.57,28.04,31.36,1,1,1.0
604,78,1208.20,353.00,99.18,176.05,1,1,1.0
604,79,113.07,988.57,131.65,91.04,1,1,1.0
604,80,607.35,945.13,93.09,134.80,1,1,1.0
604,84,1399.03,147.09,76.39,171.14,1,1,1.0
604,86,449.09,248.43,58.47,79.02,1,1,1.0
604,87,889.49,667.02,37.84,122.93,1,1,1.0
604,88,451.32,0.00,138.74,131.93,1,1,1.0
604,89,1169.30,405.47,75.55,154.67,1,1,1.0
604,92,801.62,723.03,88.56,141.86,1,1,1.0
604,95,786.57,323.26,30.54,45.62,1,1,1.0
604,101,1859.98,202.92,48.95,44.93,1,1,1.0
605,15,751.22,439.11,108.62,116.17,1,1,1.0
605,28,1874.29,0.47,45.71,121.36,1,1,1.0
605,67,787.86,289.34,28.04,31.37,1,1,1.0
605,78,1213.19,360.30,99.18,171.88,1,1,1.0
605,79,122.38,990.10,133.76,89.90,1,1,1.0
605,80,614.58,949.52,93.09,130.43,1,1,1.0
605,84,1407.97,152.40,76.39,171.14,1,1,1.0
605,86,452.07,250.77,60.57,79.00,1,1,1.0
605,87,899.80,671.54,37.85,122.92,1,1,1.0
605,88,469.95,0.00,128.30,142.46,1,1,1.0
605,89,1179.86,410.93,75.55,154.67,1,1,1.0
605,92,808.52,734.50,89.68,130.39,1,1,1.0
605,95,787.57,324.13,30.91,45.95,1,1,1.0
605,101,1860.47,204.24,50.40,44.52,1,1,1.0
606,15,769.43,446.44,109.78,117.76,1,1,1.0
606,67,788.99,290.12,28.04,31.37,1,1,1.0
606,78,1218.18,367.60,99.18,167.71,1,1,1.0
606,79,141.73,991.62,124.17,88.38,1,1,1.0
606,80,621.80,953.92,93.09,126.05,1,1,1.0
606,81,0.00,860.47,24.40,140.63,1,1,1.0
606,84,1430.33,157.71,76.39,171.14,1,1,1.0
606,86,470.52,261.79,52.20,72.72,1,1,1.0
606,87,910.12,676.05,37.85,122.93,1,1,1.0
606,88,507.72,0.47,129.47,161.98,1,1,1.0
606,89,1190.42,416.38,75.55,154.67,1,1,1.0
606,92,822.91,744.30,83.89,124.60,1,1,1.0
606,95,789.55,326.22,30.95,45.97,1,1,1.0
606,101,1862.80,206.18,51.91,43.75,1,1,1.0
607,15,779.50,451.44,110.79,118.79,1,1,1.0
607,67,790.13,290.90,28.04,31.37,1,1,1.0
607,78,1223.17,374.90,99.17,163.55,1,1,1.0
607,80,629.02,958.31,93.09,121.67,1,1,1.0
607,81,0.70,864.92,33.17,104.14,1,1,1.0
607,84,1435.71,174.11,73.88,161.67,1,1,1.0
607,86,474.30,264.40,54.68,74.88,1,1,1.0
607,87,920.44,680.57,37.84,122.92,1,1,1.0
607,88,530.04,0.41,127.62,171.53,1,1,1.0
607,89,1200.98,421.84,75.55,154.66,1,1,1.0
607,92,831.00,746.60,79.83,124.60,1,1,1.0
607,95,790.14,326.88,32.15,45.82,1,1,1.0
607,101,1863.73,205.69,50.89,45.15,1,1,1.0
608,15,787.91,457.93,109.06,115.89,1,1,1.0
608,67,791.27,291.67,28.04,31.37,1,1,1.0
608,78,1227.34,383.30,99.18,157.58,1,1,1.0
608,80,636.24,962.70,93.09,117.30,1,1,1.0
608,81,6.24,871.16,35.46,100.88,1,1,1.0
608,84,1441.09,190.51,71.36,152.21,1,1,1.0
608,86,479.06,266.45,55.40,75.72,1,1,1.0
608,87,930.75,685.08,37.85,122.93,1,1,1.0
608,88,544.34,0.51,130.60,185.00,1,1,1.0
608,89,1207.26,431.90,78.74,149.65,1,1,1.0
608,92,836.18,747.18,79.83,124.60,1,1,1.0
608,95,790.55,327.76,31.88,45.93,1,1,1.0
608,101,1864.04,205.95,50.38,45.85,1,1,1.0
609,15,795.62,462.18,106.99,116.17,1,1,1.0
609,67,792.41,292.45,28.04,31.37,1,1,1.0
609,78,1231.52,384.17,99.18,157.58,1,1,1.0
609,81,15.96,871.86,33.47,102.62,1,1,1.0
609,84,1446.18,200.26,75.03,166.92,1,1,1.0
609,86,485.94,269.38,55.03,75.29,1,1,1.0
609,87,941.07,689.60,37.85,122.93,1,1,1.0
609,88,563.77,0.38,125.95,192.68,1,1,1.0
609,89,1213.55,441.97,81.93,144.63,1,1,1.0
609,92,843.09,762.10,79.83,110.83,1,1,1.0
609,95,791.69,328.13,31.55,45.78,1,1,1.0
609,100,41.39,33.28,22.45,24.33,1,1,1.0
609,101,1864.62,200.67,52.56,52.86,1,1,1.0
610,15,806.06,467.18,110.71,115.43,1,1,1.0
610,67,793.55,293.23,28.04,31.37,1,1,1.0
610,78,1235.70,385.04,99.18,157.59,1,1,1.0
610,81,24.25,875.00,36.86,104.21,1,1,1.0
610,84,1452.83,206.42,77.80,163.23,1,1,1.0
610,86,492.83,272.31,54.66,74.86,1,1,1.0
610,87,951.39,694.11,37.84,122.93,1,1,1.0
610,88,581.53,0.00,127.05,205.43,1,1,1.0
610,89,1223.03,444.75,82.01,146.78,1,1,1.0
610,92,848.27,765.27,79.83,110.83,1,1,1.0
610,95,793.38,328.43,31.66,46.17,1,1,1.0
610,100,43.07,34.09,22.46,24.33,1,1,1.0
610,101,1865.94,202.50,51.69,51.05,1,1,1.0
611,15,822.74,475.11,111.13,115.18,1,1,1.0
611,67,794.68,294.01,28.05,31.36,1,1,1.0
611,78,1240.57,399.12,99.18,138.28,1,1,1.0
611,81,41.04,881.98,36.75,99.48,1,1,1.0
611,84,1470.91,216.52,75.75,165.61,1,1,1.0
611,86,499.71,275.24,54.29,74.43,1,1,1.0
611,87,961.71,698.63,37.84,122.93,1,1,1.0
611,88,616.59,1.37,124.95,220.96,1,1,1.0
611,89,1236.92,452.44,83.94,148.52,1,1,1.0
611,95,795.99,328.81,31.38,47.28,1,1,1.0
611,100,44.75,34.90,22.46,24.33,1,1,1.0
611,101,1867.13,209.93,51.76,45.68,1,1,1.0
612,15,830.32,476.45,110.82,116.43,1,1,1.0
612,67,795.82,294.78,28.04,31.37,1,1,1.0
612,78,1245.44,413.20,99.18,118.98,1,1,1.0
612,81,50.58,884.58,35.16,99.42,1,1,1.0
612,84,1478.92,218.15,75.54,166.78,1,1,1.0
612,86,506.59,278.18,53.92,73.99,1,1,1.0
612,87,971.30,700.81,37.85,122.93,1,1,1.0
612,88,631.54,0.25,124.69,228.59,1,1,1.0
612,89,1243.82,456.64,83.94,147.77,1,1,1.0
612,95,797.21,329.32,30.38,47.46,1,1,1.0
612,100,46.44,35.71,22.46,24.33,1,1,1.0
612,101,1869.41,215.00,48.93,41.41,1,1,1.0
613,15,838.37,481.41,112.89,113.78,1,1,1.0
613,67,796.96,295.56,28.04,31.37,1,1,1.0
613,78,1250.66,417.20,99.18,116.03,1,1,1.0
613,79,205.02,1006.86,115.34,73.14,1,1,1.0
613,81,57.31,887.59,36.12,97.19,1,1,1.0
613,84,1484.31,223.63,76.18,167.84,1,1,1.0
613,85,774.11,114.21,61.93,122.99,1,1,1.0
613,86,513.48,281.11,53.54,73.56,1,1,1.0
613,87,980.90,702.99,37.84,122.93,1,1,1.0
613,88,647.84,0.87,123.10,236.24,1,1,1.0
613,89,1253.09,460.55,81.01,146.66,1,1,1.0
613,95,798.31,329.70,29.77,47.37,1,1,1.0
613,100,48.12,36.52,22.46,24.33,1,1,1.0
613,101,1872.59,216.14,45.53,41.03,1,1,1.0
614,15,845.61,483.71,110.21,112.54,1,1,1.0
614,67,798.49,296.05,28.04,31.36,1,1,1.0
614,78,1255.88,421.20,99.18,113.07,1,1,1.0
614,81,67.24,890.26,34.65,95.45,1,1,1.0
614,84,1494.52,228.68,75.71,164.78,1,1,1.0
614,85,787.69,121.64,61.51,119.93,1,1,1.0
614,86,520.36,284.04,53.18,73.13,1,1,1.0
614,87,990.49,705.17,37.85,122.93,1,1,1.0
614,88,662.47,5.78,127.42,237.36,1,1,1.0
614,89,1261.57,462.06,82.49,149.79,1,1,1.0
614,95,799.49,329.81,29.65,47.94,1,1,1.0
614,100,49.81,37.33,22.46,24.33,1,1,1.0
614,101,1874.43,217.43,44.13,39.90,1,1,1.0
615,15,855.81,486.01,110.28,112.37,1,1,1.0
615,67,800.01,296.53,28.04,31.37,1,1,1.0
615,69,89.27,129.76,23.31,30.70,1,1,1.0
615,78,1262.84,426.25,99.19,115.68,1,1,1.0
615,81,77.98,888.76,32.14,98.03,1,1,1.0
615,84,1502.58,231.57,76.60,166.66,1,1,1.0
615,85,801.00,128.87,63.61,117.83,1,1,1.0
615,86,527.24,286.97,52.81,72.70,1,1,1.0
615,87,1000.09,707.35,37.85,122.93,1,1,1.0
615,88,680.92,13.24,123.89,235.50,1,1,1.0
615,89,1266.47,465.02,83.23,146.38,1,1,1.0
615,95,801.06,330.11,30.13,48.58,1,1,1.0
615,100,51.49,38.14,22.46,24.33,1,1,1.0
615,101,1874.98,219.36,43.92,38.87,1,1,1.0
616,15,874.66,492.61,105.28,110.25,1,1,1.0
616,67,801.54,297.02,28.04,31.37,1,1,1.0
616,69,91.42,131.35,23.44,30.69,1,1,1.0
616,78,1269.80,431.29,99.19,118.31,1,1,1.0
616,81,94.95,891.61,34.18,98.92,1,1,1.0
616,84,1520.68,238.48,80.62,165.15,1,1,1.0
616,85,827.09,137.77,63.60,118.90,1,1,1.0
616,86,534.13,289.90,52.43,72.26,1,1,1.0
616,87,1009.69,709.53,37.84,122.93,1,1,1.0
616,88,708.34,24.79,129.49,235.60,1,1,1.0
616,89,1285.75,469.82,83.36,148.02,1,1,1.0
616,95,802.96,331.89,30.89,48.38,1,1,1.0
616,100,53.18,38.95,22.45,24.33,1,1,1.0
616,101,1875.78,220.95,43.76,38.49,1,1,1.0
617,15,885.79,496.71,105.97,110.63,1,1,1.0
617,67,803.07,297.50,28.04,31.37,1,1,1.0
617,69,93.58,132.94,23.56,30.67,1,1,1.0
617,78,1274.63,437.35,99.19,116.68,1,1,1.0
617,81,103.12,891.26,36.50,99.87,1,1,1.0
617,84,1532.66,241.76,78.57,164.55,1,1,1.0
617,85,853.18,146.67,63.59,119.98,1,1,1.0
617,86,541.01,292.83,52.06,71.83,1,1,1.0
617,87,1019.28,711.71,37.85,122.93,1,1,1.0
617,88,741.37,33.19,113.13,231.18,1,1,1.0
617,89,1294.54,474.99,83.08,145.11,1,1,1.0
617,95,803.85,331.46,30.54,48.65,1,1,1.0
617,100,54.86,39.76,22.46,24.33,1,1,1.0
617,101,1877.17,221.59,42.83,40.20,1,1,1.0
618,15,894.75,498.96,111.35,111.62,1,1,1.0
618,67,804.59,297.99,28.04,31.37,1,1,1.0
618,69,95.73,134.52,23.69,30.66,1,1,1.0
618,78,1279.46,443.40,99.19,115.06,1,1,1.0
618,81,114.50,892.48,36.85,100.92,1,1,1.0
618,84,1537.96,249.11,80.54,164.38,1,1,1.0
618,85,873.39,153.89,63.58,121.06,1,1,1.0
618,86,547.89,295.76,51.70,71.40,1,1,1.0
618,87,1032.84,722.04,38.03,117.62,1,1,1.0
618,88,759.06,41.31,115.04,236.69,1,1,1.0
618,89,1305.98,479.41,76.92,143.59,1,1,1.0
618,95,805.20,333.05,31.50,48.57,1,1,1.0
618,100,56.54,40.57,22.46,24.33,1,1,1.0
618,101,1877.99,222.22,42.01,39.69,1,1,1.0
619,15,905.28,505.76,106.66,109.15,1,1,1.0
619,67,806.12,298.48,28.04,31.36,1,1,1.0
619,78,1285.91,447.05,96.57,116.44,1,1,1.0
619,81,125.60,895.12,34.81,98.39,1,1,1.0
619,84,1548.43,255.07,82.02,162.22,1,1,1.0
619,85,893.61,161.11,63.57,122.13,1,1,1.0
619,86,554.78,298.69,51.32,70.97,1,1,1.0
619,87,1046.39,732.37,38.22,112.30,1,1,1.0
619,88,775.87,52.61,116.02,232.15,1,1,1.0
619,89,1313.35,480.56,83.23,145.72,1,1,1.0
619,95,806.04,333.43,32.31,48.65,1,1,1.0
619,100,58.23,41.38,22.46,24.33,1,1,1.0
619,101,1879.32,222.33,40.68,39.72,1,1,1.0
620,15,916.07,509.76,107.62,110.32,1,1,1.0
620,67,807.65,298.96,28.04,31.37,1,1,1.0
620,78,1292.35,450.70,93.95,117.83,1,1,1.0
620,81,137.83,897.41,32.99,101.24,1,1,1.0
620,84,1560.64,261.07,81.41,162.33,1,1,1.0
620,85,913.83,168.33,63.56,123.21,1,1,1.0
620,86,561.66,301.63,50.95,70.53,1,1,1.0
620,87,1059.95,742.69,38.41,107.00,1,1,1.0
620,88,795.76,63.16,115.59,229.15,1,1,1.0
620,89,1323.66,487.19,78.74,142.83,1,1,1.0
620,95,807.52,333.94,32.12,49.04,1,1,1.0
620,100,60.60,43.38,22.46,24.33,1,1,1.0
620,101,1881.22,223.57,38.78,39.29,1,1,1.0
621,15,934.71,519.84,110.49,106.69,1,1,1.0
621,67,809.17,299.45,28.04,31.37,1,1,1.0
621,78,1309.67,464.40,86.33,110.17,1,1,1.0
621,81,157.81,903.13,35.43,100.05,1,1,1.0
621,84,1582.59,274.10,78.15,162.51,1,1,1.0
621,85,934.05,175.55,63.55,124.29,1,1,1.0
621,86,568.54,304.56,50.58,70.10,1,1,1.0
621,87,1073.50,753.02,38.60,101.69,1,1,1.0
621,88,832.31,83.33,116.99,229.19,1,1,1.0
621,89,1345.16,497.35,75.44,144.69,1,1,1.0
621,95,810.75,336.72,31.52,47.62,1,1,1.0
621,100,62.97,45.38,22.46,24.33,1,1,1.0
621,101,1882.93,227.34,37.07,36.90,1,1,1.0
622,15,947.71,527.31,105.78,103.42,1,1,1.0
622,67,811.04,300.04,27.80,31.37,1,1,1.0
622,78,1317.14,472.45,84.10,102.52,1,1,1.0
622,81,170.02,906.83,33.24,99.91,1,1,1.0
622,84,1593.11,280.91,78.64,158.66,1,1,1.0
622,85,952.06,188.87,60.80,118.61,1,1,1.0
622,86,575.43,307.49,50.21,69.67,1,1,1.0
622,87,1085.04,754.77,37.53,103.06,1,1,1.0
622,88,859.31,93.69,108.47,221.30,1,1,1.0
622,89,1356.26,501.16,79.45,142.31,1,1,1.0
622,95,812.17,336.67,30.80,47.57,1,1,1.0
622,100,65.34,47.37,22.46,24.33,1,1,1.0
623,15,958.27,530.19,112.01,102.86,1,1,1.0
623,67,812.90,300.64,27.57,31.37,1,1,1.0
623,78,1324.60,480.50,81.87,94.88,1,1,1.0
623,81,180.21,909.88,35.37,98.45,1,1,1.0
623,84,1605.02,286.93,77.47,158.64,1,1,1.0
623,85,971.47,200.98,58.68,110.88,1,1,1.0
623,86,582.31,310.42,49.84,69.24,1,1,1.0
623,87,1096.84,757.95,35.32,102.54,1,1,1.0
623,88,879.52,105.58,110.70,219.13,1,1,1.0
623,89,1367.58,505.25,78.51,141.61,1,1,1.0
623,92,910.50,706.79,71.38,92.67,1,1,1.0
623,95,813.34,337.34,30.48,47.29,1,1,1.0
623,100,67.71,49.37,22.46,24.33,1,1,1.0
624,15,968.78,534.51,115.62,103.57,1,1,1.0
624,67,814.77,301.23,27.32,31.37,1,1,1.0
624,78,1336.10,482.71,76.21,94.88,1,1,1.0
624,81,190.61,913.82,36.02,98.27,1,1,1.0
624,84,1617.61,291.24,76.92,159.81,1,1,1.0
624,85,988.04,207.15,60.15,115.38,1,1,1.0
624,86,587.21,311.84,51.89,71.92,1,1,1.0
624,87,1106.43,760.73,38.69,103.68,1,1,1.0
624,88,900.87,120.76,107.59,214.51,1,1,1.0
624,89,1376.65,511.61,80.98,138.32,1,1,1.0
624,92,919.71,711.97,71.38,92.68,1,1,1.0
624,95,815.27,337.61,30.69,47.91,1,1,1.0
624,97,419.63,0.62,103.10,54.47,1,1,1.0
624,100,70.08,51.37,22.46,24.33,1,1,1.0
625,15,982.00,540.74,109.52,101.92,1,1,1.0
625,67,816.63,301.83,27.09,31.37,1,1,1.0
625,74,0.29,70.75,43.95,191.08,1,1,1.0
625,78,1347.60,484.93,70.55,94.88,1,1,1.0
625,84,1629.42,297.24,77.22,159.26,1,1,1.0
625,85,1010.40,215.72,60.15,115.38,1,1,1.0
625,86,593.42,314.77,51.69,71.42,1,1,1.0
625,88,922.85,127.01,105.80,215.86,1,1,1.0
625,89,1386.12,515.03,81.95,141.18,1,1,1.0
625,92,929.50,715.43,73.95,96.99,1,1,1.0
625,95,816.91,337.62,30.56,48.99,1,1,1.0
625,97,427.66,0.82,105.36,57.38,1,1,1.0
625,100,70.08,51.37,22.46,24.33,1,1,1.0
626,15,1002.97,546.42,110.25,102.43,1,1,1.0
626,37,1296.83,584.92,23.80,49.87,1,1,1.0
626,38,225.41,915.97,34.39,102.18,1,1,1.0
626,67,818.49,302.42,26.86,31.37,1,1,1.0
626,74,0.29,70.75,59.41,202.65,1,1,1.0
626,78,1355.85,494.81,70.35,86.61,1,1,1.0
626,84,1649.98,310.31,76.06,156.30,1,1,1.0
626,85,1032.76,224.29,60.15,115.38,1,1,1.0
626,86,600.13,317.56,51.69,71.42,1,1,1.0
626,87,1138.88,771.00,37.39,106.49,1,1,1.0
626,88,963.19,143.65,102.20,215.27,1,1,1.0
626,89,1399.01,521.47,81.95,141.18,1,1,1.0
626,92,939.29,718.90,76.51,101.30,1,1,1.0
626,95,819.08,339.48,30.24,47.38,1,1,1.0
626,97,435.70,1.03,107.61,60.27,1,1,1.0
627,15,1013.43,548.80,111.97,104.15,1,1,1.0
627,37,1308.11,589.64,21.96,50.46,1,1,1.0
627,38,234.89,918.42,37.76,102.20,1,1,1.0
627,67,820.36,303.02,26.61,31.36,1,1,1.0
627,74,0.23,75.53,67.49,202.65,1,1,1.0
627,78,1364.10,504.70,70.16,78.33,1,1,1.0
627,84,1660.57,315.83,78.21,153.64,1,1,1.0
627,85,1055.12,232.86,60.15,115.38,1,1,1.0
627,86,606.84,320.36,51.69,71.42,1,1,1.0
627,87,1151.72,768.10,36.69,104.58,1,1,1.0
627,88,981.19,151.03,101.24,215.20,1,1,1.0
627,89,1411.89,527.92,81.95,141.18,1,1,1.0
627,92,945.62,720.05,76.51,108.25,1,1,1.0
627,95,820.14,339.82,30.50,47.63,1,1,1.0
627,97,443.73,1.23,109.88,63.17,1,1,1.0
628,15,1022.03,556.93,109.15,101.60,1,1,1.0
628,38,247.37,923.94,33.76,98.36,1,1,1.0
628,67,822.22,303.61,26.38,31.37,1,1,1.0
628,74,0.17,80.31,75.57,202.65,1,1,1.0
628,84,1671.57,322.28,77.55,153.26,1,1,1.0
628,85,1076.36,244.04,60.15,115.38,1,1,1.0
628,86,617.45,325.08,49.67,68.82,1,1,1.0
628,87,1162.36,776.96,37.07,102.29,1,1,1.0
628,88,994.24,169.57,107.87,204.77,1,1,1.0
628,89,1424.78,532.75,81.95,141.18,1,1,1.0
628,92,952.52,723.50,76.52,108.25,1,1,1.0
628,95,824.32,341.39,28.69,48.00,1,1,1.0
628,97,451.77,1.44,112.13,66.06,1,1,1.0
629,15,1032.39,557.77,106.57,104.02,1,1,1.0
629,38,257.20,929.37,33.12,97.14,1,1,1.0
629,67,823.65,304.81,26.38,30.72,1,1,1.0
629,74,0.11,85.09,83.65,202.64,1,1,1.0
629,84,1680.74,330.20,77.09,151.38,1,1,1.0
629,86,628.07,329.81,47.64,66.21,1,1,1.0
629,87,1172.47,780.50,35.28,102.88,1,1,1.0
629,88,1017.01,176.32,108.78,208.57,1,1,1.0
629,89,1436.26,539.26,80.14,139.90,1,1,1.0
629,92,959.43,722.90,81.07,119.20,1,1,1.0
629,95,829.22,344.52,24.81,46.03,1,1,1.0
629,97,458.22,1.44,112.14,70.59,1,1,1.0
630,15,1040.01,564.75,115.66,101.13,1,1,1.0
630,67,825.09,306.02,26.38,30.07,1,1,1.0
630,74,0.06,89.86,91.72,202.65,1,1,1.0
630,84,1689.72,337.24,77.72,153.79,1,1,1.0
630,86,633.36,332.34,49.07,67.31,1,1,1.0
630,87,1182.36,782.44,35.54,102.80,1,1,1.0
630,88,1039.74,190.85,108.78,208.57,1,1,1.0
630,89,1447.74,545.77,78.33,138.63,1,1,1.0
630,92,967.78,727.79,82.77,124.66,1,1,1.0
630,97,464.68,1.44,112.13,75.13,1,1,1.0
631,15,1058.74,573.26,118.87,104.88,1,1,1.0
631,39,285.07,938.31,33.75,97.89,1,1,1.0
631,67,826.52,307.22,26.38,29.42,1,1,1.0
631,74,0.00,94.64,99.80,202.65,1,1,1.0
631,84,1703.17,354.15,81.31,148.05,1,1,1.0
631,86,645.47,341.11,48.50,64.62,1,1,1.0
631,87,1195.63,792.61,39.73,106.57,1,1,1.0
631,88,1062.48,205.39,108.78,208.57,1,1,1.0
631,89,1459.22,552.29,76.51,137.35,1,1,1.0
631,92,976.12,732.69,84.48,130.11,1,1,1.0
631,97,471.14,1.44,112.13,79.66,1,1,1.0
632,15,1069.30,577.95,112.52,101.86,1,1,1.0
632,39,293.34,947.02,34.56,92.56,1,1,1.0
632,67,827.96,308.42,26.38,28.77,1,1,1.0
632,74,0.05,97.06,107.56,201.99,1,1,1.0
632,84,1712.85,359.43,78.43,149.55,1,1,1.0
632,86,649.94,342.60,48.50,64.62,1,1,1.0
632,87,1205.80,793.48,37.29,109.00,1,1,1.0
632,88,1071.79,219.92,108.78,208.57,1,1,1.0
632,89,1470.70,558.80,74.70,136.07,1,1,1.0
632,92,981.02,735.28,87.63,130.11,1,1,1.0
632,97,477.59,1.44,112.13,84.19,1,1,1.0
633,15,1076.24,580.65,114.99,100.64,1,1,1.0
633,39,302.75,947.94,33.86,92.08,1,1,1.0
633,40,653.74,343.48,47.29,65.96,1,1,1.0
633,67,829.39,309.63,26.38,28.12,1,1,1.0
633,74,0.10,99.48,115.33,201.33,1,1,1.0
633,84,1721.51,365.67,76.51,146.67,1,1,1.0
633,86,654.41,344.09,48.50,64.62,1,1,1.0
633,87,1216.58,799.99,34.48,102.14,1,1,1.0
633,88,1086.89,223.84,108.78,208.57,1,1,1.0
633,89,1478.88,562.47,73.62,134.82,1,1,1.0
633,92,985.91,737.87,90.79,130.11,1,1,1.0
633,97,484.05,1.44,112.13,88.73,1,1,1.0
634,15,1084.44,583.82,111.03,99.19,1,1,1.0
634,39,311.15,948.26,35.78,94.20,1,1,1.0
634,67,830.83,310.83,26.38,27.47,1,1,1.0
634,74,2.50,101.91,120.74,200.65,1,1,1.0
634,84,1730.80,368.09,75.25,145.38,1,1,1.0
634,86,658.89,345.58,48.50,64.62,1,1,1.0
634,87,1222.97,803.79,36.25,96.73,1,1,1.0
634,88,1101.98,227.75,108.78,208.57,1,1,1.0
634,89,1487.07,566.13,72.53,133.57,1,1,1.0
634,92,991.95,739.31,89.64,132.43,1,1,1.0
634,97,490.50,1.44,112.14,93.26,1,1,1.0
635,15,1092.00,584.25,112.70,99.98,1,1,1.0
635,39,320.14,948.65,34.95,92.64,1,1,1.0
635,67,832.17,311.52,26.38,26.96,1,1,1.0
635,74,10.74,104.33,120.32,199.99,1,1,1.0
635,84,1737.35,369.24,75.81,147.12,1,1,1.0
635,86,665.20,348.21,48.50,64.62,1,1,1.0
635,87,1231.00,804.02,35.96,99.25,1,1,1.0
635,88,1120.01,234.93,107.99,208.17,1,1,1.0
635,89,1495.26,569.80,71.44,132.32,1,1,1.0
635,92,998.00,740.75,88.49,134.75,1,1,1.0
635,97,497.72,1.23,112.13,94.92,1,1,1.0
636,15,1110.36,587.38,109.43,101.25,1,1,1.0
636,39,337.99,949.17,35.08,91.40,1,1,1.0
636,41,890.68,1060.47,28.72,19.53,1,1,1.0
636,67,833.51,312.22,26.38,26.45,1,1,1.0
636,74,18.97,106.75,119.90,199.33,1,1,1.0
636,84,1750.75,376.56,78.07,143.90,1,1,1.0
636,86,671.51,350.84,48.50,64.62,1,1,1.0
636,87,1247.09,806.85,35.80,98.28,1,1,1.0
636,88,1138.04,242.11,107.21,207.78,1,1,1.0
636,89,1506.34,571.41,71.44,132.32,1,1,1.0
636,92,1006.06,742.47,90.78,137.63,1,1,1.0
636,94,0.02,22.11,27.02,44.24,1,1,1.0
636,95,834.85,344.36,26.06,47.48,1,1,1.0
636,97,504.93,1.03,112.13,96.57,1,1,1.0
637,15,1117.94,589.64,114.07,100.19,1,1,1.0
637,39,348.03,947.05,33.08,95.56,1,1,1.0
637,41,898.02,1062.00,29.56,18.00,1,1,1.0
637,67,834.85,312.91,26.38,25.94,1,1,1.0
637,74,27.21,109.17,119.48,198.67,1,1,1.0
637,84,1759.07,378.26,77.94,146.11,1,1,1.0
637,86,677.83,353.47,48.50,64.62,1,1,1.0
637,87,1254.52,807.26,37.90,98.46,1,1,1.0
637,88,1156.07,249.28,106.42,207.39,1,1,1.0
637,89,1517.41,573.02,71.44,132.32,1,1,1.0
637,92,1014.12,744.20,93.08,140.50,1,1,1.0
637,94,0.00,24.97,29.30,42.19,1,1,1.0
637,95,836.00,345.14,27.98,49.70,1,1,1.0
637,96,815.68,190.67,31.81,46.84,1,1,1.0
637,97,512.14,0.82,112.13,98.23,1,1,1.0
638,15,1124.81,591.82,112.96,99.60,1,1,1.0
638,39,355.44,948.77,35.30,92.76,1,1,1.0
638,41,907.19,1064.21,28.56,15.79,1,1,1.0
638,67,836.19,313.60,26.38,25.43,1,1,1.0
638,74,35.45,111.59,119.05,198.01,1,1,1.0
638,84,1765.22,383.13,78.07,143.89,1,1,1.0
638,86,684.14,356.10,48.50,64.62,1,1,1.0
638,87,1262.67,810.43,36.36,95.99,1,1,1.0
638,88,1174.10,256.46,105.63,206.99,1,1,1.0
638,89,1523.86,576.45,71.43,132.32,1,1,1.0
638,92,1019.01,745.93,93.08,140.50,1,1,1.0
638,94,0.21,25.04,31.22,41.75,1,1,1.0
638,95,836.30,346.26,30.59,46.84,1,1,1.0
638,96,817.22,190.15,32.38,47.88,1,1,1.0
638,97,519.35,0.62,112.13,99.88,1,1,1.0
639,15,1132.41,595.70,114.57,99.82,1,1,1.0
639,39,364.78,953.62,32.50,87.06,1,1,1.0
639,41,913.63,1065.62,29.45,14.38,1,1,1.0
639,67,837.54,314.30,26.37,24.92,1,1,1.0
639,74,43.92,114.93,119.06,198.01,1,1,1.0
639,84,1773.30,388.36,76.66,140.99,1,1,1.0
639,86,690.45,358.74,48.50,64.62,1,1,1.0
639,87,1269.49,812.24,37.57,96.39,1,1,1.0
639,88,1192.13,263.64,104.84,206.60,1,1,1.0
639,89,1530.30,579.87,71.44,132.32,1,1,1.0
639,92,1023.90,747.66,93.09,140.50,1,1,1.0
639,94,0.84,25.54,31.76,41.30,1,1,1.0
639,95,838.08,347.73,28.07,43.83,1,1,1.0
639,96,818.73,192.16,32.69,48.91,1,1,1.0
639,97,525.81,0.75,112.13,103.05,1,1,1.0
640,15,1139.80,599.62,113.19,99.20,1,1,1.0
640,39,371.99,954.46,35.49,90.64,1,1,1.0
640,67,838.88,314.99,26.38,24.41,1,1,1.0
640,74,52.40,118.27,119.05,198.01,1,1,1.0
640,84,1779.58,394.07,77.10,140.73,1,1,1.0
640,86,696.77,361.37,48.50,64.62,1,1,1.0
640,87,1276.83,814.47,37.26,98.55,1,1,1.0
640,88,1210.15,270.82,104.07,206.20,1,1,1.0
640,89,1539.43,582.42,71.44,132.32,1,1,1.0
640,92,1031.67,750.25,93.09,144.23,1,1,1.0
640,94,1.92,25.96,32.23,41.00,1,1,1.0
640,95,839.09,348.71,28.90,43.70,1,1,1.0
640,96,819.86,188.98,33.11,51.53,1,1,1.0
640,97,532.26,0.89,112.13,106.21,1,1,1.0
641,15,1156.07,604.85,112.31,99.09,1,1,1.0
641,39,389.54,958.27,33.91,91.93,1,1,1.0
641,67,840.31,315.55,26.24,25.23,1,1,1.0
641,74,60.88,121.61,119.05,198.01,1,1,1.0
641,84,1793.31,404.85,78.07,137.10,1,1,1.0
641,86,703.08,364.00,48.50,64.62,1,1,1.0
641,87,1291.76,824.39,36.98,93.47,1,1,1.0
641,88,1228.18,278.00,103.28,205.80,1,1,1.0
641,89,1548.56,584.97,71.43,132.32,1,1,1.0
641,92,1039.44,752.84,93.09,147.96,1,1,1.0
641,94,5.42,27.24,30.89,41.29,1,1,1.0
641,95,841.04,348.29,29.34,44.36,1,1,1.0
641,96,822.87,190.24,32.49,51.97,1,1,1.0
641,97,538.72,1.03,112.13,109.37,1,1,1.0
642,15,1161.42,608.05,115.53,98.93,1,1,1.0
642,39,397.12,962.36,31.45,90.85,1,1,1.0
642,67,841.75,316.10,26.09,26.07,1,1,1.0
642,74,67.35,123.92,119.05,198.01,1,1,1.0
642,84,1800.00,410.66,77.23,135.78,1,1,1.0
642,86,709.39,366.63,48.50,64.62,1,1,1.0
642,87,1298.34,824.99,37.87,93.41,1,1,1.0
642,88,1241.05,283.82,102.49,205.41,1,1,1.0
642,89,1557.69,587.52,71.43,132.32,1,1,1.0
642,92,1043.76,754.56,93.08,147.97,1,1,1.0
642,94,6.10,28.23,31.11,40.86,1,1,1.0
642,95,841.42,349.81,28.98,43.08,1,1,1.0
642,96,823.00,191.50,32.84,51.76,1,1,1.0
642,97,545.17,1.16,112.14,112.54,1,1,1.0
643,15,1168.65,610.58,112.12,97.66,1,1,1.0
643,39,404.35,960.07,33.62,94.22,1,1,1.0
643,67,843.18,316.66,25.95,26.89,1,1,1.0
643,74,73.82,126.23,119.06,198.01,1,1,1.0
643,84,1805.53,413.45,76.62,135.65,1,1,1.0
643,86,715.71,369.26,48.50,64.62,1,1,1.0
643,87,1306.52,826.91,35.06,94.43,1,1,1.0
643,88,1253.92,289.64,101.71,205.01,1,1,1.0
643,89,1563.32,589.94,71.44,132.32,1,1,1.0
643,92,1048.08,756.29,93.08,147.96,1,1,1.0
643,94,7.35,28.52,30.40,41.41,1,1,1.0
643,95,842.37,351.21,29.11,42.03,1,1,1.0
643,96,823.68,193.65,32.70,50.94,1,1,1.0
643,97,551.63,1.30,112.13,115.70,1,1,1.0
644,15,1172.52,613.13,110.10,99.17,1,1,1.0
644,39,411.31,961.99,32.56,95.78,1,1,1.0
644,67,844.61,317.21,25.81,27.72,1,1,1.0
644,74,80.30,128.55,119.05,198.00,1,1,1.0
644,84,1811.58,415.92,76.12,134.48,1,1,1.0
644,86,722.02,371.89,48.50,64.62,1,1,1.0
644,87,1311.79,833.37,36.40,85.46,1,1,1.0
644,88,1266.79,295.46,100.92,204.62,1,1,1.0
644,89,1568.96,592.36,71.44,132.32,1,1,1.0
644,92,1052.11,758.30,95.37,147.97,1,1,1.0
644,94,9.14,28.87,29.72,42.05,1,1,1.0
644,95,845.05,351.68,27.89,41.49,1,1,1.0
644,96,826.21,191.66,31.92,54.65,1,1,1.0
644,97,558.09,1.44,112.13,118.86,1,1,1.0
645,15,1180.93,616.30,114.23,97.71,1,1,1.0
645,39,417.44,963.28,34.29,97.54,1,1,1.0
645,67,846.05,317.77,25.66,28.55,1,1,1.0
645,74,86.77,130.86,119.05,198.00,1,1,1.0
645,84,1818.45,421.30,74.89,133.21,1,1,1.0
645,86,728.34,374.52,48.50,64.62,1,1,1.0
645,87,1316.33,831.72,38.98,92.38,1,1,1.0
645,88,1279.66,301.28,100.14,204.22,1,1,1.0
645,89,1574.60,594.77,71.44,132.32,1,1,1.0
645,92,1056.14,760.32,97.66,147.96,1,1,1.0
645,94,10.56,29.75,31.01,42.91,1,1,1.0
645,95,846.29,352.52,28.01,43.19,1,1,1.0
645,96,828.93,194.85,30.37,53.05,1,1,1.0
645,97,564.27,1.44,112.13,122.69,1,1,1.0
646,15,1194.62,622.43,115.60,98.20,1,1,1.0
646,39,431.27,964.68,35.75,95.70,1,1,1.0
646,67,847.48,318.32,25.52,29.38,1,1,1.0
646,74,93.24,133.17,119.05,198.01,1,1,1.0
646,84,1831.63,428.75,73.99,129.90,1,1,1.0
646,86,734.65,377.15,48.50,64.62,1,1,1.0
646,87,1330.99,837.61,37.36,89.67,1,1,1.0
646,88,1292.54,307.10,99.34,203.83,1,1,1.0
646,89,1582.65,599.74,71.44,132.32,1,1,1.0
646,92,1063.62,762.33,97.66,151.11,1,1,1.0
646,94,14.01,30.15,33.39,43.43,1,1,1.0
646,95,848.18,355.39,28.44,41.60,1,1,1.0
646,96,829.92,193.74,31.41,54.64,1,1,1.0
646,97,570.45,1.44,112.13,126.53,1,1,1.0
647,15,1201.79,625.62,113.64,96.44,1,1,1.0
647,39,440.87,970.84,31.89,85.93,1,1,1.0
647,67,848.78,319.30,25.42,29.37,1,1,1.0
647,74,101.46,136.38,118.29,196.98,1,1,1.0
647,84,1836.66,431.98,73.56,132.19,1,1,1.0
647,86,740.96,379.78,48.50,64.62,1,1,1.0
647,87,1339.65,843.71,34.49,84.36,1,1,1.0
647,88,1305.41,312.92,98.55,203.44,1,1,1.0
647,89,1590.71,604.71,71.44,132.32,1,1,1.0
647,92,1071.10,764.35,97.67,154.25,1,1,1.0
647,94,15.96,32.46,32.23,43.05,1,1,1.0
647,95,849.47,357.47,27.28,40.47,1,1,1.0
647,96,832.08,197.93,30.08,51.48,1,1,1.0
647,97,576.63,1.44,112.13,130.36,1,1,1.0
648,15,1208.55,628.67,114.19,95.43,1,1,1.0
648,39,447.35,969.51,35.48,87.02,1,1,1.0
648,67,850.07,320.27,25.33,29.37,1,1,1.0
648,74,109.68,139.59,117.52,195.96,1,1,1.0
648,84,1843.04,436.55,73.76,131.74,1,1,1.0
648,86,747.28,382.41,48.50,64.62,1,1,1.0
648,87,1344.54,841.81,39.14,90.83,1,1,1.0
648,88,1318.28,318.74,97.77,203.04,1,1,1.0
648,89,1598.76,609.68,71.44,132.32,1,1,1.0
648,92,1074.25,764.35,99.70,156.55,1,1,1.0
648,94,17.42,33.19,32.78,43.56,1,1,1.0
648,95,851.07,359.72,27.45,37.60,1,1,1.0
648,96,833.97,202.45,29.29,47.23,1,1,1.0
648,97,582.81,1.44,112.13,134.19,1,1,1.0
649,15,1215.94,630.80,112.50,96.25,1,1,1.0
649,39,457.01,968.83,32.61,86.77,1,1,1.0
649,67,851.37,321.24,25.23,29.37,1,1,1.0
649,74,117.90,142.80,116.75,194.94,1,1,1.0
649,84,1849.95,442.18,69.12,127.88,1,1,1.0
649,86,753.59,385.04,48.50,64.62,1,1,1.0
649,87,1353.01,841.95,35.39,88.60,1,1,1.0
649,88,1331.15,324.56,96.98,202.65,1,1,1.0
649,89,1607.09,610.62,71.44,132.31,1,1,1.0
649,92,1077.40,764.35,101.73,158.85,1,1,1.0
649,94,19.87,33.78,31.74,43.77,1,1,1.0
649,95,853.83,363.91,25.74,34.81,1,1,1.0
649,96,835.54,205.90,29.45,42.68,1,1,1.0
649,97,588.99,1.44,112.13,138.03,1,1,1.0
650,15,1222.92,632.15,114.36,95.70,1,1,1.0
650,39,463.20,969.87,35.62,89.59,1,1,1.0
650,67,853.68,325.93,25.33,26.86,1,1,1.0
650,74,126.12,146.01,115.98,193.92,1,1,1.0
650,84,1855.17,445.55,64.73,126.14,1,1,1.0
650,86,759.90,387.67,48.50,64.62,1,1,1.0
650,87,1359.60,844.49,36.62,84.78,1,1,1.0
650,88,1344.02,330.38,96.20,202.25,1,1,1.0
650,89,1615.41,611.55,71.44,132.32,1,1,1.0
650,92,1085.46,766.94,100.55,157.11,1,1,1.0
650,94,21.52,35.59,31.56,43.06,1,1,1.0
650,95,855.97,366.56,25.72,32.53,1,1,1.0
650,96,836.29,201.54,31.12,47.61,1,1,1.0
650,97,595.17,1.44,112.14,141.86,1,1,1.0
651,15,1235.80,633.63,114.63,96.80,1,1,1.0
651,67,856.00,330.61,25.42,24.35,1,1,1.0
651,74,134.34,149.22,115.21,192.89,1,1,1.0
651,84,1866.14,449.41,53.86,124.46,1,1,1.0
651,86,766.22,390.30,48.50,64.62,1,1,1.0
651,87,1372.88,850.16,35.11,82.42,1,1,1.0
651,88,1356.89,336.20,95.41,201.86,1,1,1.0
651,89,1623.73,612.49,71.44,132.32,1,1,1.0
651,92,1093.52,769.53,99.38,155.37,1,1,1.0
651,94,28.21,37.53,32.48,44.24,1,1,1.0
651,95,866.40,372.51,18.40,29.38,1,1,1.0
651,97,603.28,1.58,111.58,146.67,1,1,1.0
652,15,1242.56,637.32,111.12,93.81,1,1,1.0
652,67,858.31,335.30,25.52,21.84,1,1,1.0
652,74,142.56,152.44,114.44,191.86,1,1,1.0
652,84,1872.42,451.75,47.58,127.46,1,1,1.0
652,86,770.13,394.50,48.50,64.62,1,1,1.0
652,87,1380.06,841.65,36.21,95.19,1,1,1.0
652,88,1371.43,359.74,100.35,175.15,1,1,1.0
652,89,1628.84,615.72,71.43,132.32,1,1,1.0
652,92,1098.70,772.12,98.50,157.38,1,1,1.0
652,94,30.97,39.76,31.78,43.48,1,1,1.0
652,95,867.18,375.55,18.93,30.43,1,1,1.0
652,97,611.38,1.71,111.02,151.49,1,1,1.0
653,15,1251.35,640.89,111.96,94.66,1,1,1.0
653,42,1377.02,527.76,15.82,34.93,1,1,1.0
653,67,861.07,340.30,24.88,19.43,1,1,1.0
653,74,151.04,158.21,114.44,191.87,1,1,1.0
653,84,1878.50,464.52,41.50,120.91,1,1,1.0
653,86,774.04,398.69,48.50,64.62,1,1,1.0
653,87,1385.40,846.10,36.24,92.67,1,1,1.0
653,88,1386.76,359.74,91.19,180.62,1,1,1.0
653,89,1633.94,618.94,71.43,132.32,1,1,1.0
653,92,1103.88,774.71,97.62,159.39,1,1,1.0
653,94,34.08,40.76,32.00,44.71,1,1,1.0
653,97,619.49,1.85,110.46,156.30,1,1,1.0
654,15,1258.22,645.42,112.11,95.39,1,1,1.0
654,42,1379.47,532.92,15.62,33.87,1,1,1.0
654,43,503.92,978.07,35.45,84.09,1,1,1.0
654,67,863.84,345.30,24.24,17.02,1,1,1.0
654,74,159.51,163.99,114.44,191.87,1,1,1.0
654,84,1881.60,469.42,38.40,120.65,1,1,1.0
654,86,777.96,402.88,48.50,64.62,1,1,1.0
654,87,1390.84,851.29,36.51,91.61,1,1,1.0
654,88,1389.58,370.79,98.93,176.86,1,1,1.0
654,89,1639.04,622.16,71.44,132.32,1,1,1.0
654,92,1108.19,779.31,98.20,158.54,1,1,1.0
654,94,36.89,43.55,30.60,43.94,1,1,1.0
654,97,627.59,1.99,109.91,161.11,1,1,1.0
655,15,1264.08,650.61,110.82,95.84,1,1,1.0
655,43,512.10,980.60,35.76,91.91,1,1,1.0
655,67,866.60,350.30,23.61,14.61,1,1,1.0
655,74,167.99,169.77,114.44,191.87,1,1,1.0
655,86,781.87,407.07,48.50,64.62,1,1,1.0
655,87,1398.12,858.65,33.81,89.07,1,1,1.0
655,88,1413.81,373.55,88.66,176.09,1,1,1.0
655,89,1645.35,629.41,71.44,132.32,1,1,1.0
655,92,1112.50,783.92,98.79,157.68,1,1,1.0
655,94,40.06,48.02,30.92,43.08,1,1,1.0
655,97,635.70,2.13,109.35,165.92,1,1,1.0
656,15,1276.19,659.17,112.99,93.32,1,1,1.0
656,43,527.62,987.98,34.55,91.21,1,1,1.0
656,67,871.18,356.13,23.61,14.61,1,1,1.0
656,74,176.47,175.55,114.44,191.87,1,1,1.0
656,86,786.90,410.65,48.50,64.62,1,1,1.0
656,87,1410.09,859.15,36.84,98.76,1,1,1.0
656,88,1423.69,395.08,93.85,170.44,1,1,1.0
656,89,1651.66,636.66,71.44,132.32,1,1,1.0
656,92,1118.83,789.38,98.21,157.69,1,1,1.0
656,94,45.55,54.38,32.10,42.95,1,1,1.0
656,97,643.80,2.26,108.80,170.74,1,1,1.0
657,15,1280.97,663.70,116.40,93.91,1,1,1.0
657,43,532.68,990.68,34.65,88.67,1,1,1.0
657,44,983.36,1031.80,48.69,48.14,1,1,1.0
657,74,181.68,179.99,113.47,189.93,1,1,1.0
657,86,791.93,414.23,48.50,64.62,1,1,1.0
657,87,1414.98,867.43,34.90,97.21,1,1,1.0
657,88,1433.39,398.91,95.59,172.94,1,1,1.0
657,89,1657.97,643.91,71.44,132.32,1,1,1.0
657,92,1125.16,794.85,97.64,157.69,1,1,1.0
657,94,48.97,56.44,32.00,43.39,1,1,1.0
657,97,648.74,7.53,108.64,170.09,1,1,1.0
658,15,1285.15,668.67,115.18,94.16,1,1,1.0
658,43,536.19,993.12,36.08,85.99,1,1,1.0
658,44,990.32,1036.78,47.55,43.22,1,1,1.0
658,74,186.88,184.43,112.50,188.00,1,1,1.0
658,86,796.96,417.80,48.50,64.62,1,1,1.0
658,87,1417.48,872.04,37.41,98.84,1,1,1.0
658,88,1437.53,403.79,95.74,176.19,1,1,1.0
658,89,1662.26,648.47,70.64,132.32,1,1,1.0
658,91,19.20,0.00,32.90,18.83,1,1,1.0
658,92,1127.75,798.31,97.64,157.68,1,1,1.0
658,94,50.91,59.50,31.36,42.71,1,1,1.0
658,97,653.68,12.80,108.48,169.43,1,1,1.0
659,15,1289.45,674.49,112.23,92.97,1,1,1.0
659,43,542.69,997.85,32.03,80.71,1,1,1.0
659,44,994.18,1036.08,47.04,43.75,1,1,1.0
659,74,192.09,188.86,111.53,186.07,1,1,1.0
659,86,801.99,421.38,48.50,64.62,1,1,1.0
659,87,1421.76,875.74,37.77,96.69,1,1,1.0
659,88,1442.79,408.44,95.07,175.64,1,1,1.0
659,89,1666.56,653.04,69.84,132.32,1,1,1.0
659,91,16.33,0.00,40.25,20.26,1,1,1.0
659,92,1130.35,801.76,97.63,157.68,1,1,1.0
659,94,52.28,62.06,31.88,44.18,1,1,1.0
659,97,658.62,18.07,108.32,168.78,1,1,1.0
660,15,1293.03,678.37,113.99,92.29,1,1,1.0
660,43,545.51,1003.27,32.07,76.01,1,1,1.0
660,44,997.33,1038.25,46.58,41.72,1,1,1.0
660,45,1377.31,25.23,17.50,27.78,1,1,1.0
660,74,197.30,193.30,110.56,184.13,1,1,1.0
660,86,807.02,424.96,48.50,64.62,1,1,1.0
660,87,1426.99,882.16,34.80,93.41,1,1,1.0
660,88,1452.00,416.03,90.98,172.16,1,1,1.0
660,89,1670.85,657.60,69.05,132.32,1,1,1.0
660,91,21.97,0.00,38.82,24.45,1,1,1.0
660,92,1134.38,806.37,97.63,160.85,1,1,1.0
660,94,54.63,66.28,33.70,42.92,1,1,1.0
660,97,663.56,23.33,108.16,168.13,1,1,1.0
661,15,1301.63,687.47,115.12,91.00,1,1,1.0
661,43,552.48,1009.51,33.71,70.49,1,1,1.0
661,44,1012.15,1046.51,45.15,33.49,1,1,1.0
661,46,1066.77,755.32,37.71,57.11,1,1,1.0
661,74,203.78,197.62,109.78,183.98,1,1,1.0
661,86,812.06,428.54,48.50,64.62,1,1,1.0
661,87,1434.54,886.96,38.13,96.00,1,1,1.0
661,88,1462.06,429.59,95.68,168.25,1,1,1.0
661,89,1676.36,661.76,69.04,132.32,1,1,1.0
661,91,27.61,0.00,37.39,28.65,1,1,1.0
661,92,1138.40,810.97,97.64,164.03,1,1,1.0
661,94,60.09,72.65,31.66,41.96,1,1,1.0
661,97,668.50,28.60,108.00,167.48,1,1,1.0
662,15,1306.42,690.86,112.96,91.51,1,1,1.0
662,43,559.04,1012.01,31.57,67.79,1,1,1.0
662,44,1011.89,1047.85,46.48,32.10,1,1,1.0
662,74,210.26,201.94,109.01,183.82,1,1,1.0
662,86,817.09,432.12,48.50,64.62,1,1,1.0
662,87,1439.08,891.66,37.67,93.72,1,1,1.0
662,88,1472.60,428.11,93.01,174.56,1,1,1.0
662,89,1681.86,665.92,69.05,132.32,1,1,1.0
662,91,31.95,0.00,35.18,31.18,1,1,1.0
662,92,1142.43,812.99,97.64,164.02,1,1,1.0
662,94,61.54,73.97,32.54,42.70,1,1,1.0
662,97,673.05,33.38,108.40,167.14,1,1,1.0
663,15,1312.56,691.91,118.38,91.91,1,1,1.0
663,43,563.15,1014.72,32.40,65.28,1,1,1.0
663,69,192.74,205.98,29.26,29.92,1,1,1.0
663,74,216.74,206.26,108.23,183.66,1,1,1.0
663,86,822.12,435.69,48.50,64.62,1,1,1.0
663,87,1445.35,890.28,35.89,97.62,1,1,1.0
663,88,1481.53,431.43,89.14,170.46,1,1,1.0
663,89,1687.37,670.09,69.04,132.32,1,1,1.0
663,91,35.22,0.00,34.04,33.36,1,1,1.0
663,92,1146.46,815.00,97.64,164.03,1,1,1.0
663,94,64.87,75.88,31.45,42.78,1,1,1.0
663,97,677.60,38.16,108.80,166.81,1,1,1.0
664,15,1318.62,695.94,112.37,92.19,1,1,1.0
664,43,569.30,1013.78,35.12,66.22,1,1,1.0
664,69,198.20,212.20,25.90,27.10,1,1,1.0
664,74,223.22,210.58,107.45,183.50,1,1,1.0
664,86,827.15,439.27,48.50,64.62,1,1,1.0
664,87,1449.82,894.90,37.77,94.88,1,1,1.0
664,88,1487.44,446.15,94.14,159.61,1,1,1.0
664,89,1695.69,675.86,69.05,132.32,1,1,1.0
664,91,38.06,0.00,34.33,37.55,1,1,1.0
664,92,1150.49,817.88,97.64,164.03,1,1,1.0
664,94,66.80,80.05,30.44,42.43,1,1,1.0
664,97,685.56,42.94,108.53,166.47,1,1,1.0
665,15,1326.03,699.61,113.60,91.18,1,1,1.0
665,43,576.20,1017.74,33.31,62.26,1,1,1.0
665,69,201.25,216.54,25.90,27.10,1,1,1.0
665,74,229.70,214.90,106.67,183.34,1,1,1.0
665,86,832.18,442.85,48.50,64.62,1,1,1.0
665,87,1456.78,902.42,35.97,89.69,1,1,1.0
665,88,1500.40,448.62,87.18,166.20,1,1,1.0
665,89,1704.01,681.63,69.05,132.32,1,1,1.0
665,91,42.16,0.00,33.63,39.06,1,1,1.0
665,92,1154.52,820.76,97.64,164.03,1,1,1.0
665,94,69.10,83.61,30.60,42.77,1,1,1.0
665,97,693.51,47.72,108.27,166.14,1,1,1.0
666,15,1341.71,707.95,113.67,89.95,1,1,1.0
666,43,592.57,1022.97,33.78,57.03,1,1,1.0
666,69,204.30,220.87,25.90,27.10,1,1,1.0
666,72,1424.56,0.00,35.14,12.67,1,1,1.0
666,73,27.55,301.65,33.91,131.08,1,1,1.0
666,74,238.37,219.91,106.67,183.34,1,1,1.0
666,86,837.77,447.32,48.50,64.62,1,1,1.0
666,87,1473.70,903.87,32.70,96.02,1,1,1.0
666,88,1525.60,459.59,85.01,159.81,1,1,1.0
666,89,1712.34,687.40,69.04,132.32,1,1,1.0
666,91,46.89,0.69,33.76,43.11,1,1,1.0
666,92,1162.58,827.09,97.64,164.03,1,1,1.0
666,94,75.15,89.09,31.40,41.05,1,1,1.0
666,97,701.47,52.50,108.00,165.80,1,1,1.0
666,99,1509.20,544.28,84.85,121.22,1,1,1.0
667,15,1350.49,712.92,110.73,90.02,1,1,1.0
667,43,599.87,1025.81,36.00,54.19,1,1,1.0
667,69,206.71,227.79,25.90,22.11,1,1,1.0
667,72,1416.31,0.00,46.62,17.39,1,1,1.0
667,73,39.49,305.51,33.91,131.08,1,1,1.0
667,74,247.04,224.92,106.67,183.34,1,1,1.0
667,86,843.36,451.79,48.50,64.62,1,1,1.0
667,87,1481.20,905.94,34.87,98.35,1,1,1.0
667,88,1538.80,461.45,85.47,164.05,1,1,1.0
667,89,1721.20,690.63,69.04,132.32,1,1,1.0
667,91,51.62,1.37,33.88,47.16,1,1,1.0
667,92,1170.64,833.42,97.64,164.03,1,1,1.0
667,94,79.16,90.56,30.92,41.87,1,1,1.0
667,97,708.88,57.45,106.90,165.78,1,1,1.0
667,99,1513.46,548.12,77.87,124.28,1,1,1.0
668,15,1358.65,716.65,113.68,89.83,1,1,1.0
668,69,209.12,234.70,25.90,17.13,1,1,1.0
668,72,1420.72,0.00,44.17,21.77,1,1,1.0
668,73,51.44,309.36,33.91,131.08,1,1,1.0
668,74,255.71,229.93,106.67,183.34,1,1,1.0
668,86,848.95,456.26,48.50,64.62,1,1,1.0
668,87,1489.49,909.25,33.83,99.12,1,1,1.0
668,88,1555.60,469.88,77.93,156.42,1,1,1.0
668,89,1727.24,695.66,69.04,132.32,1,1,1.0
668,91,51.18,6.15,34.28,48.53,1,1,1.0
668,92,1176.11,836.30,97.63,164.03,1,1,1.0
668,94,81.27,94.10,30.59,41.84,1,1,1.0
668,97,716.30,62.39,105.79,165.78,1,1,1.0
668,99,1517.72,551.97,70.89,127.34,1,1,1.0
669,15,1365.81,721.59,110.89,89.10,1,1,1.0
669,68,227.06,240.40,24.44,29.22,1,1,1.0
669,72,1423.41,0.00,47.04,26.04,1,1,1.0
669,73,63.38,314.37,33.91,131.08,1,1,1.0
669,74,264.38,234.94,106.67,183.34,1,1,1.0
669,86,854.54,460.74,48.50,64.62,1,1,1.0
669,87,1494.60,912.32,38.48,101.67,1,1,1.0
669,88,1560.20,474.36,86.01,164.14,1,1,1.0
669,89,1733.28,700.70,69.04,132.31,1,1,1.0
669,91,55.76,7.29,35.08,48.74,1,1,1.0
669,92,1181.58,839.18,97.63,164.03,1,1,1.0
669,94,83.74,96.83,29.91,42.54,1,1,1.0
669,97,723.72,67.34,104.68,165.76,1,1,1.0
669,99,1521.98,555.81,63.91,130.40,1,1,1.0
670,15,1372.90,726.72,113.59,88.31,1,1,1.0
670,68,225.55,245.80,26.85,28.60,1,1,1.0
670,72,1425.43,0.00,48.57,30.72,1,1,1.0
670,73,75.33,319.38,33.90,131.08,1,1,1.0
670,74,271.50,239.38,106.68,182.17,1,1,1.0
670,86,860.13,465.21,48.50,64.62,1,1,1.0
670,87,1503.36,917.27,36.43,102.10,1,1,1.0
670,88,1570.80,479.26,89.35,160.04,1,1,1.0
670,89,1742.14,705.53,69.04,132.32,1,1,1.0
670,91,58.69,11.47,33.79,45.71,1,1,1.0
670,92,1188.71,845.42,97.63,164.03,1,1,1.0
670,94,85.03,99.66,31.02,43.10,1,1,1.0
670,97,729.84,72.05,104.56,165.16,1,1,1.0
670,99,1526.06,558.56,72.36,133.20,1,1,1.0
671,15,1387.71,734.35,106.62,86.05,1,1,1.0
671,68,232.60,256.40,22.69,25.40,1,1,1.0
671,72,1432.76,0.00,44.98,38.34,1,1,1.0
671,73,88.43,322.46,33.91,131.08,1,1,1.0
671,74,278.63,243.82,106.68,181.01,1,1,1.0
671,86,865.72,469.68,48.50,64.62,1,1,1.0
671,87,1517.34,925.10,34.55,98.54,1,1,1.0
671,88,1586.46,492.35,89.19,162.72,1,1,1.0
671,89,1751.00,710.36,69.04,132.32,1,1,1.0
671,91,63.79,16.97,33.32,45.45,1,1,1.0
671,92,1195.84,851.66,97.64,164.03,1,1,1.0
671,94,90.46,104.93,30.79,42.66,1,1,1.0
671,97,735.97,76.76,104.43,164.57,1,1,1.0
671,99,1532.62,567.47,73.28,133.01,1,1,1.0
672,15,1392.23,737.10,109.04,86.45,1,1,1.0
672,68,234.21,258.30,22.69,24.14,1,1,1.0
672,72,1435.91,0.04,43.71,42.19,1,1,1.0
672,73,101.53,325.54,33.91,131.08,1,1,1.0
672,74,285.76,248.26,106.67,179.84,1,1,1.0
672,86,871.31,474.15,48.50,64.62,1,1,1.0
672,87,1523.13,927.34,36.13,99.42,1,1,1.0
672,88,1592.42,497.86,94.29,159.71,1,1,1.0
672,89,1759.86,715.20,69.04,132.31,1,1,1.0
672,91,65.67,20.17,32.85,44.96,1,1,1.0
672,92,1200.30,853.89,97.64,164.03,1,1,1.0
672,94,92.00,107.46,30.75,43.61,1,1,1.0
672,97,742.09,81.47,104.31,163.97,1,1,1.0
672,99,1536.12,569.12,83.13,136.07,1,1,1.0
673,15,1399.19,739.52,112.46,87.11,1,1,1.0
673,68,235.81,262.80,22.70,24.14,1,1,1.0
673,72,1438.95,0.15,42.22,45.46,1,1,1.0
673,73,110.01,329.01,33.90,131.08,1,1,1.0
673,74,292.89,252.70,106.67,178.68,1,1,1.0
673,78,1540.86,573.10,80.55,139.20,1,1,1.0
673,86,876.90,478.62,48.50,64.62,1,1,1.0
673,87,1529.61,928.73,36.12,102.05,1,1,1.0
673,88,1605.78,499.15,86.74,159.94,1,1,1.0
673,89,1765.50,716.20,69.04,132.32,1,1,1.0
673,91,67.24,22.63,31.06,44.12,1,1,1.0
673,92,1204.76,856.12,97.63,164.02,1,1,1.0
673,93,882.56,287.68,30.43,47.04,1,1,1.0
673,94,95.60,111.33,24.10,42.09,1,1,1.0
673,97,748.21,86.18,104.19,163.38,1,1,1.0
674,15,1403.60,741.38,114.77,88.48,1,1,1.0
674,68,237.91,267.45,22.36,22.54,1,1,1.0
674,72,1440.14,0.12,46.99,48.36,1,1,1.0
674,73,118.48,332.48,33.91,131.08,1,1,1.0
674,74,298.28,256.17,106.68,178.67,1,1,1.0
674,78,1542.15,575.32,86.94,138.49,1,1,1.0
674,86,882.49,483.09,48.50,64.62,1,1,1.0
674,87,1536.04,937.60,33.59,93.00,1,1,1.0
674,88,1615.44,499.07,86.99,161.87,1,1,1.0
674,89,1771.13,717.21,69.05,132.32,1,1,1.0
674,91,68.97,25.56,33.84,42.75,1,1,1.0
674,92,1208.32,859.24,97.64,164.02,1,1,1.0
674,93,883.55,288.84,31.79,44.92,1,1,1.0
674,94,95.08,113.77,31.13,42.20,1,1,1.0
674,97,754.33,90.89,104.07,162.78,1,1,1.0
675,15,1410.59,744.70,111.94,87.54,1,1,1.0
675,68,240.01,272.10,22.03,20.94,1,1,1.0
675,72,1442.08,0.04,46.72,51.93,1,1,1.0
675,73,130.04,336.33,33.91,131.08,1,1,1.0
675,74,303.68,259.64,106.67,178.67,1,1,1.0
675,78,1545.81,579.15,90.90,139.23,1,1,1.0
675,86,888.08,487.57,48.50,64.62,1,1,1.0
675,87,1541.91,929.86,36.31,99.46,1,1,1.0
675,88,1623.64,504.24,90.89,159.54,1,1,1.0
675,89,1779.59,721.84,69.05,132.32,1,1,1.0
675,91,70.15,28.11,31.55,41.30,1,1,1.0
675,92,1211.89,862.36,97.64,164.02,1,1,1.0
675,93,886.17,293.40,31.40,43.68,1,1,1.0
675,94,96.48,115.71,30.34,42.31,1,1,1.0
675,97,760.46,95.60,103.94,162.19,1,1,1.0
676,15,1421.96,747.74,114.46,87.93,1,1,1.0
676,68,242.10,276.75,21.70,19.35,1,1,1.0
676,72,1446.42,0.00,45.21,57.06,1,1,1.0
676,73,141.60,340.19,33.91,131.07,1,1,1.0
676,74,309.07,263.10,106.68,178.68,1,1,1.0
676,78,1551.57,584.37,94.82,140.27,1,1,1.0
676,86,891.88,489.91,48.50,64.62,1,1,1.0
676,87,1553.03,933.69,36.00,97.17,1,1,1.0
676,88,1638.02,514.54,87.75,152.65,1,1,1.0
676,89,1788.05,726.47,69.05,132.32,1,1,1.0
676,91,71.52,31.48,31.55,41.30,1,1,1.0
676,92,1217.24,866.81,97.64,164.03,1,1,1.0
676,93,889.90,300.50,26.40,37.60,1,1,1.0
676,94,99.00,120.04,29.89,42.63,1,1,1.0
676,97,766.58,100.30,103.82,161.60,1,1,1.0
677,15,1424.32,751.26,115.22,87.01,1,1,1.0
677,68,244.20,281.40,21.37,17.75,1,1,1.0
677,72,1448.05,0.00,45.08,61.05,1,1,1.0
677,73,148.92,342.50,33.91,131.08,1,1,1.0
677,74,314.47,266.57,106.67,178.68,1,1,1.0
677,78,1553.53,586.71,94.88,143.88,1,1,1.0
677,86,895.68,492.26,48.50,64.62,1,1,1.0
677,87,1556.38,934.42,37.14,98.51,1,1,1.0
677,88,1647.40,516.71,85.10,153.80,1,1,1.0
677,89,1790.67,727.08,69.04,132.32,1,1,1.0
677,91,72.89,34.85,31.55,41.30,1,1,1.0
677,92,1222.59,871.27,97.64,164.03,1,1,1.0
677,93,889.55,300.66,27.57,39.60,1,1,1.0
677,94,99.62,123.33,30.36,43.10,1,1,1.0
677,97,769.87,103.52,103.83,161.18,1,1,1.0
678,15,1430.20,752.01,112.57,88.41,1,1,1.0
678,68,245.98,284.70,20.72,17.10,1,1,1.0
678,72,1448.85,0.00,45.96,62.84,1,1,1.0
678,73,156.24,344.81,33.91,131.08,1,1,1.0
678,74,319.48,270.03,106.28,177.72,1,1,1.0
678,78,1556.02,587.40,94.28,145.88,1,1,1.0
678,86,899.48,494.61,48.50,64.62,1,1,1.0
678,87,1561.33,941.17,35.18,92.01,1,1,1.0
678,88,1654.60,517.73,85.81,157.51,1,1,1.0
678,89,1793.29,727.68,69.04,132.32,1,1,1.0
678,91,74.27,38.22,31.55,41.30,1,1,1.0
678,92,1225.24,871.27,94.99,164.03,1,1,1.0
678,94,100.30,125.44,31.51,43.72,1,1,1.0
678,97,773.17,106.73,103.83,160.77,1,1,1.0
679,15,1435.53,753.03,114.63,87.99,1,1,1.0
679,47,907.43,495.02,40.96,60.67,1,1,1.0
679,68,247.75,288.00,20.07,16.45,1,1,1.0
679,72,1450.56,0.00,46.15,65.72,1,1,1.0
679,73,161.64,346.74,33.91,131.07,1,1,1.0
679,74,324.48,273.49,105.91,176.77,1,1,1.0
679,78,1558.03,589.35,95.37,145.00,1,1,1.0
679,86,903.29,496.96,48.50,64.62,1,1,1.0
679,87,1565.13,942.91,35.46,94.92,1,1,1.0
679,88,1660.03,520.28,84.90,156.51,1,1,1.0
679,89,1798.52,729.49,67.05,132.32,1,1,1.0
679,91,75.64,41.58,31.55,41.30,1,1,1.0
679,92,1227.90,871.27,92.33,164.03,1,1,1.0
679,94,102.56,127.26,30.57,44.77,1,1,1.0
679,97,776.47,109.95,103.83,160.35,1,1,1.0
680,15,1438.42,754.18,111.16,89.39,1,1,1.0
680,68,249.53,291.30,19.41,15.80,1,1,1.0
680,72,1452.23,0.00,45.15,68.28,1,1,1.0
680,73,167.03,348.66,33.91,131.08,1,1,1.0
680,74,329.49,276.94,105.52,175.82,1,1,1.0
680,78,1559.93,590.76,95.89,145.68,1,1,1.0
680,86,907.09,499.31,48.50,64.62,1,1,1.0
680,87,1568.75,942.98,36.30,91.97,1,1,1.0
680,88,1666.47,524.82,83.79,155.30,1,1,1.0
680,89,1803.76,731.31,65.04,132.32,1,1,1.0
680,91,77.01,44.95,31.55,41.30,1,1,1.0
680,92,1232.80,873.95,92.33,164.03,1,1,1.0
680,94,103.97,129.89,30.38,44.30,1,1,1.0
680,97,779.76,113.16,103.84,159.94,1,1,1.0
681,15,1446.57,756.30,113.44,89.08,1,1,1.0
681,68,251.30,294.60,18.77,15.14,1,1,1.0
681,69,235.22,260.85,19.92,29.55,1,1,1.0
681,72,1455.76,0.10,45.92,71.11,1,1,1.0
681,73,175.51,352.90,33.91,131.08,1,1,1.0
681,74,334.50,280.40,105.13,174.87,1,1,1.0
681,78,1565.73,593.92,95.48,149.20,1,1,1.0
681,86,910.89,501.65,48.50,64.62,1,1,1.0
681,87,1577.31,947.84,35.27,92.33,1,1,1.0
681,88,1680.34,527.69,80.73,155.47,1,1,1.0
681,89,1808.05,734.13,65.05,132.32,1,1,1.0
681,91,78.73,47.45,31.55,41.30,1,1,1.0
681,92,1237.71,876.62,92.32,164.03,1,1,1.0
681,94,107.09,132.93,29.92,44.01,1,1,1.0
681,97,783.06,116.38,103.84,159.52,1,1,1.0
682,15,1450.25,757.14,112.80,91.12,1,1,1.0
682,68,252.10,296.37,18.77,15.14,1,1,1.0
682,69,236.19,262.78,19.91,29.55,1,1,1.0
682,72,1456.31,0.19,47.14,73.31,1,1,1.0
682,73,183.99,357.14,33.90,131.08,1,1,1.0
682,74,337.58,282.40,104.67,175.18,1,1,1.0
682,78,1567.76,595.45,94.71,151.66,1,1,1.0
682,86,914.69,504.00,48.50,64.62,1,1,1.0
682,87,1579.00,947.40,38.25,95.28,1,1,1.0
682,88,1683.05,533.67,86.26,148.92,1,1,1.0
682,89,1812.35,736.94,65.04,132.32,1,1,1.0
682,91,80.44,49.94,31.55,41.30,1,1,1.0
682,92,1240.83,878.85,92.33,164.03,1,1,1.0
682,94,107.82,135.69,30.53,44.20,1,1,1.0
682,97,786.36,119.59,103.84,159.11,1,1,1.0
683,15,1451.62,760.35,109.44,87.17,1,1,1.0
683,68,252.91,298.13,18.76,15.15,1,1,1.0
683,69,237.15,264.71,19.92,29.55,1,1,1.0
683,72,1457.99,0.14,47.02,76.03,1,1,1.0
683,73,189.38,359.84,33.91,131.08,1,1,1.0
683,74,340.66,284.40,104.21,175.49,1,1,1.0
683,78,1570.15,599.74,93.35,149.56,1,1,1.0
683,86,918.49,506.35,48.50,64.62,1,1,1.0
683,87,1580.98,955.07,39.85,88.61,1,1,1.0
683,88,1689.75,531.43,85.75,153.52,1,1,1.0
683,89,1816.65,739.76,65.04,132.32,1,1,1.0
683,91,82.16,52.44,31.55,41.30,1,1,1.0
683,92,1243.95,881.08,92.33,164.03,1,1,1.0
683,94,107.69,138.75,30.92,43.94,1,1,1.0
683,97,789.65,122.80,103.85,158.70,1,1,1.0
684,15,1454.33,762.80,109.61,86.98,1,1,1.0
684,68,253.87,300.22,18.77,15.15,1,1,1.0
684,69,238.12,266.64,19.91,29.55,1,1,1.0
684,72,1459.57,0.00,45.78,80.14,1,1,1.0
684,73,194.78,362.53,33.90,131.08,1,1,1.0
684,74,343.74,286.40,103.75,175.80,1,1,1.0
684,78,1571.70,601.72,94.12,149.45,1,1,1.0
684,86,922.29,508.70,48.50,64.62,1,1,1.0
684,87,1585.64,957.21,37.80,87.27,1,1,1.0
684,88,1695.72,530.46,79.79,158.79,1,1,1.0
684,89,1819.47,744.50,65.04,130.10,1,1,1.0
684,91,83.88,54.93,31.54,41.30,1,1,1.0
684,92,1245.73,882.42,92.33,164.03,1,1,1.0
684,94,108.02,141.32,32.47,43.25,1,1,1.0
684,97,792.95,126.02,103.85,158.28,1,1,1.0
685,15,1458.53,766.33,109.97,87.56,1,1,1.0
685,67,905.01,432.30,23.99,29.74,1,1,1.0
685,69,238.92,268.89,20.39,30.03,1,1,1.0
685,72,1459.89,0.00,47.67,82.64,1,1,1.0
685,73,201.33,365.23,33.90,131.08,1,1,1.0
685,74,346.82,288.40,103.29,176.11,1,1,1.0
685,78,1571.87,604.11,95.00,149.31,1,1,1.0
685,86,926.09,511.04,48.50,64.62,1,1,1.0
685,87,1588.43,958.48,37.00,90.45,1,1,1.0
685,88,1698.58,541.62,82.82,150.99,1,1,1.0
685,89,1822.29,749.23,65.04,127.89,1,1,1.0
685,91,85.02,57.32,31.55,42.24,1,1,1.0
685,92,1247.52,883.75,92.32,164.03,1,1,1.0
685,94,109.36,143.88,31.61,42.39,1,1,1.0
685,97,796.25,129.23,103.85,157.87,1,1,1.0
686,15,1463.84,770.34,112.43,88.11,1,1,1.0
686,67,905.91,434.70,23.99,29.74,1,1,1.0
686,69,239.72,271.13,20.87,30.53,1,1,1.0
686,72,1461.30,0.90,47.71,85.92,1,1,1.0
686,73,207.88,367.93,33.90,131.08,1,1,1.0
686,74,349.90,290.40,102.83,176.43,1,1,1.0
686,78,1574.84,607.85,94.44,151.55,1,1,1.0
686,86,929.63,513.84,48.50,64.62,1,1,1.0
686,87,1594.99,957.07,35.33,96.23,1,1,1.0
686,88,1707.72,545.14,80.64,149.72,1,1,1.0
686,89,1825.10,753.97,65.05,125.66,1,1,1.0
686,91,86.16,59.72,31.55,43.17,1,1,1.0
686,92,1250.64,887.32,92.32,164.03,1,1,1.0
686,94,111.53,146.03,30.21,43.38,1,1,1.0
686,97,799.54,132.45,103.86,157.45,1,1,1.0
687,15,1466.56,773.24,111.76,88.90,1,1,1.0
687,67,906.81,437.10,23.99,29.74,1,1,1.0
687,69,240.52,273.38,21.34,31.01,1,1,1.0
687,72,1461.86,0.47,47.55,89.17,1,1,1.0
687,73,212.50,371.78,33.91,131.08,1,1,1.0
687,74,353.60,293.02,102.83,176.43,1,1,1.0
687,78,1576.24,610.80,94.10,152.62,1,1,1.0
687,86,933.17,516.64,48.50,64.62,1,1,1.0
687,87,1596.85,957.26,37.22,100.22,1,1,1.0
687,88,1710.82,552.36,77.87,148.07,1,1,1.0
687,89,1827.92,758.70,65.05,123.45,1,1,1.0
687,91,87.31,62.11,31.55,44.11,1,1,1.0
687,92,1253.76,890.89,92.32,164.03,1,1,1.0
687,94,111.94,148.76,30.36,43.26,1,1,1.0
687,97,803.25,134.61,103.45,157.45,1,1,1.0
688,15,1470.02,775.74,110.98,87.64,1,1,1.0
688,67,907.71,439.50,23.99,29.74,1,1,1.0
688,69,241.33,275.63,21.81,31.50,1,1,1.0
688,72,1462.85,0.82,48.89,90.57,1,1,1.0
688,73,217.12,375.63,33.91,131.08,1,1,1.0
688,74,357.30,295.64,102.83,176.43,1,1,1.0
688,78,1578.74,613.07,94.94,152.50,1,1,1.0
688,86,936.71,519.43,48.50,64.62,1,1,1.0
688,87,1599.95,961.33,37.20,97.50,1,1,1.0
688,88,1713.24,551.02,81.07,152.77,1,1,1.0
688,89,1831.82,760.98,65.04,123.45,1,1,1.0
688,91,88.45,64.50,31.55,45.04,1,1,1.0
688,92,1255.99,892.22,92.32,164.03,1,1,1.0
688,94,112.06,150.80,30.54,42.36,1,1,1.0
688,97,806.96,136.77,103.03,157.46,1,1,1.0
689,15,1472.69,779.61,106.77,87.16,1,1,1.0
689,67,908.61,441.90,23.99,29.74,1,1,1.0
689,69,242.13,277.88,22.29,31.98,1,1,1.0
689,72,1463.95,0.69,48.52,92.94,1,1,1.0
689,73,221.75,377.95,33.90,131.07,1,1,1.0
689,74,361.00,298.26,102.83,176.43,1,1,1.0
689,78,1581.41,614.24,94.35,154.24,1,1,1.0
689,86,940.26,522.23,48.50,64.62,1,1,1.0
689,87,1602.31,969.00,37.74,93.57,1,1,1.0
689,88,1720.74,554.53,79.85,153.22,1,1,1.0
689,89,1835.71,763.26,65.04,123.46,1,1,1.0
689,91,89.59,66.89,31.55,45.98,1,1,1.0
689,92,1258.21,893.56,92.33,164.03,1,1,1.0
689,94,112.17,151.94,30.82,44.23,1,1,1.0
689,97,810.67,138.94,102.62,157.45,1,1,1.0
690,15,1478.88,781.33,110.28,85.60,1,1,1.0
690,67,912.20,449.10,21.60,24.22,1,1,1.0
690,69,242.93,280.13,22.77,32.47,1,1,1.0
690,72,1465.76,0.33,48.05,95.42,1,1,1.0
690,73,230.61,381.80,33.90,131.08,1,1,1.0
690,74,364.70,300.88,102.83,176.43,1,1,1.0
690,78,1583.60,617.38,95.47,153.70,1,1,1.0
690,86,943.80,525.02,48.50,64.62,1,1,1.0
690,87,1608.91,972.33,35.69,90.61,1,1,1.0
690,88,1727.54,556.62,78.52,151.75,1,1,1.0
690,89,1839.60,765.55,65.05,123.45,1,1,1.0
690,91,90.74,69.28,31.55,46.92,1,1,1.0
690,92,1263.56,896.68,92.33,164.03,1,1,1.0
690,94,113.53,154.80,30.56,43.27,1,1,1.0
690,97,814.37,141.10,102.22,157.45,1,1,1.0
691,15,1488.94,785.31,110.91,85.77,1,1,1.0
691,69,244.15,281.09,22.77,32.47,1,1,1.0
691,72,1470.48,0.27,49.34,98.05,1,1,1.0
691,73,239.47,385.65,33.91,131.08,1,1,1.0
691,74,368.40,303.50,102.83,176.43,1,1,1.0
691,78,1588.50,619.35,97.06,155.39,1,1,1.0
691,86,947.34,527.82,48.50,64.62,1,1,1.0
691,87,1619.53,977.95,36.69,89.48,1,1,1.0
691,88,1741.50,561.72,77.87,153.14,1,1,1.0
691,89,1847.46,769.78,64.86,123.45,1,1,1.0
691,91,92.45,70.22,31.55,46.92,1,1,1.0
691,92,1268.91,899.80,92.33,164.03,1,1,1.0
691,94,115.30,156.24,32.20,43.84,1,1,1.0
691,97,818.08,143.26,101.80,157.46,1,1,1.0
692,15,1493.83,786.11,112.53,86.89,1,1,1.0
692,69,245.37,282.05,22.77,32.48,1,1,1.0
692,72,1471.99,0.00,51.00,99.43,1,1,1.0
692,73,246.02,386.04,33.91,131.08,1,1,1.0
692,74,373.23,305.73,102.83,176.43,1,1,1.0
692,78,1591.92,619.72,95.98,155.96,1,1,1.0
692,86,950.13,529.12,48.50,64.62,1,1,1.0
692,87,1624.36,973.54,35.27,94.82,1,1,1.0
692,88,1752.72,561.03,74.68,155.57,1,1,1.0
692,89,1855.31,774.00,64.69,123.46,1,1,1.0
692,91,94.17,71.15,31.55,46.92,1,1,1.0
692,92,1272.48,900.25,92.33,164.03,1,1,1.0
692,94,115.65,156.81,32.84,44.02,1,1,1.0
692,97,821.79,145.43,101.39,157.45,1,1,1.0
693,15,1499.91,787.24,110.77,86.80,1,1,1.0
693,69,246.59,283.02,22.77,32.47,1,1,1.0
693,72,1474.54,0.21,49.74,99.97,1,1,1.0
693,73,252.57,386.42,33.91,131.08,1,1,1.0
693,74,378.05,307.97,102.84,176.43,1,1,1.0
693,78,1595.77,620.96,95.66,156.17,1,1,1.0
693,86,952.93,530.42,48.50,64.62,1,1,1.0
693,87,1630.18,971.63,38.00,92.02,1,1,1.0
693,88,1759.82,562.99,77.35,155.30,1,1,1.0
693,89,1860.36,774.00,59.64,123.46,1,1,1.0
693,91,95.88,72.09,31.55,46.92,1,1,1.0
693,92,1276.05,900.70,92.32,164.02,1,1,1.0
693,94,118.03,158.06,32.27,43.13,1,1,1.0
693,97,825.49,147.59,100.99,157.45,1,1,1.0
694,15,1506.85,789.06,112.07,86.85,1,1,1.0
694,69,247.81,283.98,22.77,32.47,1,1,1.0
694,72,1477.18,0.54,49.69,99.90,1,1,1.0
694,73,259.12,390.27,33.91,131.08,1,1,1.0
694,74,382.88,310.20,102.84,176.43,1,1,1.0
694,78,1599.15,621.32,96.40,158.08,1,1,1.0
694,86,955.72,531.73,48.50,64.62,1,1,1.0
694,87,1637.94,978.29,34.00,96.31,1,1,1.0
694,89,1865.40,774.00,54.60,123.46,1,1,1.0
694,91,97.60,73.02,31.55,46.92,1,1,1.0
694,92,1280.51,902.03,92.32,164.03,1,1,1.0
694,94,119.40,158.94,32.27,43.04,1,1,1.0
694,97,829.20,149.75,100.57,157.46,1,1,1.0
695,15,1511.58,789.88,113.56,87.55,1,1,1.0
695,69,249.04,284.95,22.76,32.47,1,1,1.0
695,72,1478.33,0.37,49.63,101.57,1,1,1.0
695,73,265.67,394.13,33.91,131.08,1,1,1.0
695,74,387.71,312.44,102.84,176.43,1,1,1.0
695,78,1602.39,621.34,95.47,158.53,1,1,1.0
695,86,958.52,533.03,48.50,64.62,1,1,1.0
695,87,1642.42,986.84,32.37,77.35,1,1,1.0
695,89,1868.42,777.43,51.58,123.45,1,1,1.0
695,91,97.91,74.17,31.55,46.92,1,1,1.0
695,92,1284.97,903.37,92.32,164.03,1,1,1.0
695,94,119.48,159.62,32.17,43.55,1,1,1.0
695,97,830.73,152.23,101.05,157.92,1,1,1.0
696,15,1522.83,795.31,112.85,86.22,1,1,1.0
696,69,249.68,285.52,22.76,32.48,1,1,1.0
696,72,1483.62,0.24,48.21,105.40,1,1,1.0
696,73,273.76,396.44,33.91,131.08,1,1,1.0
696,74,392.54,314.67,102.84,176.43,1,1,1.0
696,78,1608.54,622.31,95.64,159.97,1,1,1.0
696,86,961.31,534.34,48.50,64.62,1,1,1.0
696,87,1655.17,986.64,31.90,90.24,1,1,1.0
696,91,98.22,75.31,31.55,46.92,1,1,1.0
696,92,1288.98,905.60,92.33,164.03,1,1,1.0
696,94,121.90,161.00,31.75,44.42,1,1,1.0
696,97,832.26,154.70,101.52,158.39,1,1,1.0
697,15,1525.85,797.61,113.02,87.15,1,1,1.0
697,69,250.32,286.10,22.77,32.47,1,1,1.0
697,72,1484.51,0.09,49.85,106.92,1,1,1.0
697,73,281.85,398.75,33.91,131.08,1,1,1.0
697,74,394.60,315.98,102.83,176.43,1,1,1.0
697,78,1609.76,623.41,96.86,160.25,1,1,1.0
697,86,964.11,535.64,48.50,64.62,1,1,1.0
697,87,1657.28,984.92,34.08,94.27,1,1,1.0
697,91,98.54,76.46,31.55,46.91,1,1,1.0
697,92,1292.99,907.83,92.33,164.03,1,1,1.0
697,94,123.10,161.64,32.00,44.23,1,1,1.0
697,97,833.79,157.17,101.99,158.86,1,1,1.0
698,15,1525.60,799.98,113.06,88.23,1,1,1.0
698,69,250.96,286.68,22.77,32.47,1,1,1.0
698,72,1485.25,0.75,50.80,107.45,1,1,1.0
698,73,283.39,400.29,33.91,131.08,1,1,1.0
698,74,395.35,317.09,102.87,176.82,1,1,1.0
698,78,1610.27,626.52,97.84,157.90,1,1,1.0
698,86,964.11,538.99,48.50,64.62,1,1,1.0
698,87,1658.21,983.40,35.78,96.24,1,1,1.0
698,89,1883.47,784.79,36.53,125.68,1,1,1.0
698,91,98.85,77.60,31.55,46.92,1,1,1.0
698,92,1293.88,909.61,92.33,164.03,1,1,1.0
698,94,124.51,161.13,31.23,43.59,1,1,1.0
698,97,835.32,159.64,102.47,159.33,1,1,1.0
699,15,1527.63,802.87,112.74,87.70,1,1,1.0
699,69,251.60,287.26,22.77,32.47,1,1,1.0
699,72,1485.95,0.35,50.24,108.13,1,1,1.0
699,73,283.39,406.46,34.66,131.08,1,1,1.0
699,74,396.10,318.20,102.90,177.20,1,1,1.0
699,78,1611.46,628.39,98.14,157.18,1,1,1.0
699,86,964.11,542.35,48.50,64.62,1,1,1.0
699,87,1659.93,987.07,37.38,92.82,1,1,1.0
699,89,1885.81,792.12,34.19,120.63,1,1,1.0
699,91,99.16,78.74,31.55,46.92,1,1,1.0
699,92,1294.78,911.39,92.32,164.03,1,1,1.0
699,94,124.39,161.55,31.48,43.92,1,1,1.0
699,97,836.85,162.12,102.94,159.80,1,1,1.0
700,15,1528.95,807.42,110.93,86.90,1,1,1.0
700,68,264.64,310.61,24.41,23.76,1,1,1.0
700,69,252.25,287.84,22.76,32.47,1,1,1.0
700,72,1487.46,0.13,49.80,109.07,1,1,1.0
700,73,283.39,412.62,35.41,131.08,1,1,1.0
700,74,393.81,323.18,102.86,176.81,1,1,1.0
700,78,1612.00,631.26,98.41,156.48,1,1,1.0
700,86,964.11,545.70,48.50,64.62,1,1,1.0
700,87,1661.40,993.00,36.67,87.00,1,1,1.0
700,89,1885.68,801.70,34.32,115.13,1,1,1.0
700,91,99.47,79.89,31.55,46.92,1,1,1.0
700,92,1294.33,915.85,92.33,161.86,1,1,1.0
700,94,124.57,162.64,31.44,43.44,1,1,1.0
700,97,838.38,164.59,103.42,160.27,1,1,1.0
701,15,1529.29,816.60,111.92,87.09,1,1,1.0
701,48,1219.62,860.97,41.34,58.40,1,1,1.0
701,68,265.30,315.43,21.51,23.76,1,1,1.0
701,69,252.09,288.20,22.76,32.47,1,1,1.0
701,72,1485.98,0.55,50.99,112.88,1,1,1.0
701,73,279.54,418.79,35.41,131.08,1,1,1.0
701,74,391.51,328.16,102.84,176.43,1,1,1.0
701,78,1612.30,636.84,97.68,156.82,1,1,1.0
701,86,964.11,549.06,48.50,64.62,1,1,1.0
701,87,1664.10,1000.10,35.13,79.90,1,1,1.0
701,89,1888.95,817.81,31.05,107.38,1,1,1.0
701,91,99.55,80.20,31.55,46.92,1,1,1.0
701,92,1293.88,920.30,92.33,159.70,1,1,1.0
701,94,123.93,164.43,30.93,42.75,1,1,1.0
701,97,839.91,167.06,103.89,160.74,1,1,1.0
702,15,1530.25,819.74,110.61,87.14,1,1,1.0
702,48,1219.59,863.37,40.50,57.51,1,1,1.0
702,68,265.30,315.43,21.40,23.76,1,1,1.0
702,69,251.92,288.56,22.77,32.47,1,1,1.0
702,72,1486.75,0.54,51.49,112.93,1,1,1.0
702,73,275.69,424.96,35.40,131.07,1,1,1.0
702,74,391.74,328.27,103.04,176.98,1,1,1.0
702,78,1613.03,638.30,99.09,156.33,1,1,1.0
702,86,964.11,552.41,48.50,64.62,1,1,1.0
702,87,1666.24,1002.42,34.75,77.58,1,1,1.0
702,89,1891.34,827.93,28.66,99.97,1,1,1.0
702,91,99.63,80.51,31.55,46.92,1,1,1.0
702,92,1294.78,921.65,92.32,158.35,1,1,1.0
702,94,123.46,164.16,31.12,43.04,1,1,1.0
702,97,839.39,166.93,103.89,160.74,1,1,1.0
703,15,1530.23,820.73,110.64,88.01,1,1,1.0
703,48,1219.43,864.18,41.11,57.82,1,1,1.0
703,68,265.30,315.43,21.30,23.76,1,1,1.0
703,69,251.76,288.92,22.77,32.47,1,1,1.0
703,72,1486.09,0.75,51.67,113.37,1,1,1.0
703,73,273.76,425.73,35.41,131.07,1,1,1.0
703,74,391.97,328.37,103.25,177.53,1,1,1.0
703,78,1613.38,638.53,97.61,157.06,1,1,1.0
703,86,966.02,553.05,48.50,64.62,1,1,1.0
703,87,1666.89,1004.18,34.83,75.82,1,1,1.0
703,89,1892.21,829.62,27.79,103.06,1,1,1.0
703,91,99.71,80.82,31.55,46.92,1,1,1.0
703,92,1295.67,923.00,92.32,157.00,1,1,1.0
703,94,122.21,164.31,31.43,43.60,1,1,1.0
703,97,838.86,166.80,103.89,160.73,1,1,1.0
704,15,1531.27,822.42,112.51,88.46,1,1,1.0
704,68,265.30,315.43,21.20,23.76,1,1,1.0
704,69,251.60,289.28,22.77,32.47,1,1,1.0
704,72,1487.81,0.42,50.86,112.94,1,1,1.0
704,73,271.83,426.50,35.41,131.08,1,1,1.0
704,74,392.19,328.48,103.47,178.08,1,1,1.0
704,78,1614.61,639.07,98.69,157.17,1,1,1.0
704,86,967.94,553.69,48.50,64.62,1,1,1.0
704,87,1668.55,1015.52,34.04,64.48,1,1,1.0
704,89,1895.68,839.74,24.32,94.00,1,1,1.0
704,91,99.78,81.13,31.55,46.92,1,1,1.0
704,92,1296.56,924.35,92.33,155.65,1,1,1.0
704,94,122.03,164.37,31.50,43.19,1,1,1.0
704,97,838.34,166.66,103.89,160.74,1,1,1.0
705,15,1532.24,823.42,112.89,89.10,1,1,1.0
705,68,266.09,315.75,21.08,23.57,1,1,1.0
705,69,251.44,289.64,22.77,32.48,1,1,1.0
705,72,1488.27,0.34,50.41,112.87,1,1,1.0
705,73,272.60,427.65,35.41,131.08,1,1,1.0
705,74,392.42,328.58,103.67,178.64,1,1,1.0
705,78,1615.29,640.00,98.30,156.94,1,1,1.0
705,86,969.86,554.33,48.50,64.62,1,1,1.0
705,87,1670.65,1017.29,33.10,62.71,1,1,1.0
705,89,1898.01,850.39,21.99,86.80,1,1,1.0
705,91,99.86,81.45,31.55,46.92,1,1,1.0
705,92,1297.45,925.70,92.33,154.30,1,1,1.0
705,94,121.55,163.91,31.83,43.58,1,1,1.0
705,97,840.09,167.55,103.89,160.73,1,1,1.0
706,15,1540.26,826.53,114.31,86.89,1,1,1.0
706,68,266.88,316.07,20.96,23.37,1,1,1.0
706,69,251.28,290.00,22.77,32.48,1,1,1.0
706,72,1490.41,1.32,51.75,113.30,1,1,1.0
706,73,273.38,428.81,35.40,131.08,1,1,1.0
706,74,392.65,328.69,103.88,179.19,1,1,1.0
706,78,1617.99,640.79,99.98,157.43,1,1,1.0
706,86,971.77,554.97,48.50,64.62,1,1,1.0
706,87,1679.98,1007.68,34.24,72.32,1,1,1.0
706,91,99.94,81.76,31.55,46.92,1,1,1.0
706,92,1300.57,926.14,92.33,153.86,1,1,1.0
706,94,123.69,163.82,31.24,43.68,1,1,1.0
706,97,841.85,168.43,103.89,160.73,1,1,1.0
707,15,1541.84,827.48,113.97,88.85,1,1,1.0
707,68,267.67,316.39,20.84,23.17,1,1,1.0
707,69,251.12,290.37,22.77,32.47,1,1,1.0
707,72,1490.84,1.21,52.09,113.25,1,1,1.0
707,73,274.15,431.89,35.40,131.08,1,1,1.0
707,74,392.87,328.79,104.09,179.75,1,1,1.0
707,78,1619.30,641.44,99.73,157.32,1,1,1.0
707,86,973.69,555.60,48.50,64.62,1,1,1.0
707,87,1681.46,1009.75,34.28,70.25,1,1,1.0
707,91,100.02,82.07,31.55,46.92,1,1,1.0
707,92,1303.69,926.59,92.33,153.41,1,1,1.0
707,94,123.22,164.22,31.44,43.46,1,1,1.0
707,97,843.60,169.31,103.89,160.73,1,1,1.0
708,15,1544.72,830.11,116.41,87.62,1,1,1.0
708,68,268.46,316.71,20.72,22.98,1,1,1.0
708,69,250.96,290.73,22.77,32.47,1,1,1.0
708,72,1491.99,1.05,51.48,113.48,1,1,1.0
708,73,275.69,432.66,35.41,129.92,1,1,1.0
708,74,393.10,328.90,104.30,180.30,1,1,1.0
708,78,1621.76,642.38,99.53,157.75,1,1,1.0
708,86,975.60,556.24,48.50,64.62,1,1,1.0
708,87,1684.61,1017.52,32.83,62.48,1,1,1.0
708,91,100.10,82.38,31.55,46.92,1,1,1.0
708,92,1303.69,930.14,94.57,149.86,1,1,1.0
708,94,124.07,165.12,31.06,42.52,1,1,1.0
708,97,845.36,170.19,103.89,160.74,1,1,1.0
709,15,1546.64,833.08,116.91,87.30,1,1,1.0
709,68,269.25,317.03,20.60,22.78,1,1,1.0
709,69,251.88,291.05,22.77,32.47,1,1,1.0
709,72,1493.49,1.60,50.45,113.71,1,1,1.0
709,73,277.23,433.43,35.41,128.77,1,1,1.0
709,74,395.93,329.93,104.17,179.78,1,1,1.0
709,78,1623.34,643.69,98.35,159.31,1,1,1.0
709,86,977.52,556.88,48.50,64.62,1,1,1.0
709,87,1686.58,1017.57,34.27,62.43,1,1,1.0
709,91,101.00,82.45,31.55,46.92,1,1,1.0
709,92,1303.69,933.70,96.81,146.30,1,1,1.0
709,94,124.79,164.93,30.81,43.04,1,1,1.0
709,97,847.12,171.07,103.88,160.74,1,1,1.0
710,15,1549.33,836.94,116.68,87.47,1,1,1.0
710,68,270.04,317.35,20.48,22.58,1,1,1.0
710,69,252.81,291.37,22.76,32.47,1,1,1.0
710,72,1494.75,2.90,50.13,113.45,1,1,1.0
710,73,282.62,435.74,35.41,128.77,1,1,1.0
710,74,398.77,330.97,104.02,179.26,1,1,1.0
710,78,1625.26,647.54,98.31,158.11,1,1,1.0
710,86,979.44,557.52,48.50,64.62,1,1,1.0
710,87,1690.82,1019.50,35.04,60.50,1,1,1.0
710,91,101.90,82.52,31.55,46.92,1,1,1.0
710,92,1307.71,934.15,96.80,144.96,1,1,1.0
710,94,124.83,165.45,30.88,43.37,1,1,1.0
710,97,848.87,171.95,103.89,160.74,1,1,1.0
711,15,1554.88,839.18,117.08,86.24,1,1,1.0
711,68,270.83,317.67,20.35,22.39,1,1,1.0
711,69,253.73,291.69,22.77,32.47,1,1,1.0
711,72,1497.20,3.51,50.65,113.24,1,1,1.0
711,73,288.02,438.05,35.41,128.78,1,1,1.0
711,74,401.60,332.00,103.89,178.74,1,1,1.0
711,78,1629.34,649.64,98.21,155.47,1,1,1.0
711,86,981.35,558.16,48.50,64.62,1,1,1.0
711,87,1699.03,1023.21,31.71,56.79,1,1,1.0
711,91,102.80,82.59,31.55,46.92,1,1,1.0
711,92,1311.72,934.60,96.81,143.62,1,1,1.0
711,94,125.79,166.80,30.74,42.33,1,1,1.0
711,97,850.63,172.83,103.88,160.74,1,1,1.0
712,15,1558.71,838.09,113.66,87.10,1,1,1.0
712,68,271.63,317.99,20.22,22.19,1,1,1.0
712,69,254.66,292.01,22.76,32.47,1,1,1.0
712,72,1499.57,2.92,50.24,113.72,1,1,1.0
712,73,293.80,438.44,35.41,128.77,1,1,1.0
712,74,404.43,333.03,103.76,178.22,1,1,1.0
712,78,1631.18,649.18,98.21,155.83,1,1,1.0
712,86,983.27,558.80,48.50,64.62,1,1,1.0
712,87,1700.35,1021.64,33.09,58.36,1,1,1.0
712,91,103.70,82.66,31.55,46.92,1,1,1.0
712,92,1314.41,934.60,94.12,143.62,1,1,1.0
712,94,126.49,167.06,30.27,42.39,1,1,1.0
712,97,854.20,173.38,103.89,160.74,1,1,1.0
713,15,1563.70,838.05,114.52,86.01,1,1,1.0
713,68,272.42,318.32,20.10,21.98,1,1,1.0
713,69,255.58,292.33,22.77,32.47,1,1,1.0
713,72,1501.04,3.12,51.43,113.36,1,1,1.0
713,73,299.58,438.83,35.41,128.77,1,1,1.0
713,74,407.27,334.07,103.62,177.70,1,1,1.0
713,78,1633.50,649.15,98.62,155.67,1,1,1.0
713,86,985.19,559.44,48.50,64.62,1,1,1.0
713,87,1699.54,1020.09,39.93,59.91,1,1,1.0
713,91,104.60,82.73,31.55,46.92,1,1,1.0
713,92,1317.10,934.60,91.43,143.62,1,1,1.0
713,94,127.24,166.62,30.38,42.31,1,1,1.0
713,97,857.77,173.93,103.89,160.74,1,1,1.0
714,15,1567.60,838.15,116.41,87.02,1,1,1.0
714,68,273.21,318.64,19.98,21.79,1,1,1.0
714,69,256.50,292.65,22.77,32.48,1,1,1.0
714,72,1502.83,3.91,50.26,113.86,1,1,1.0
714,73,304.97,440.37,35.41,128.77,1,1,1.0
714,74,410.10,335.10,103.48,177.18,1,1,1.0
714,78,1635.18,649.57,99.83,155.57,1,1,1.0
714,86,987.10,560.08,48.50,64.62,1,1,1.0
714,87,1701.34,1018.63,42.26,61.37,1,1,1.0
714,91,105.50,82.80,31.55,46.92,1,1,1.0
714,92,1319.77,935.49,91.43,143.62,1,1,1.0
714,94,127.52,167.29,30.52,42.82,1,1,1.0
714,97,861.34,174.48,103.89,160.74,1,1,1.0
715,15,1570.69,840.25,115.67,85.80,1,1,1.0
715,68,274.00,318.96,19.86,21.59,1,1,1.0
715,69,257.43,292.97,22.76,32.48,1,1,1.0
715,72,1504.98,7.08,49.20,112.24,1,1,1.0
715,73,314.22,441.91,35.41,128.77,1,1,1.0
715,74,414.60,335.36,102.96,177.18,1,1,1.0
715,78,1637.35,650.10,98.84,156.14,1,1,1.0
715,86,989.02,560.71,48.50,64.62,1,1,1.0
715,87,1704.04,1020.87,41.25,59.13,1,1,1.0
715,91,106.40,82.87,31.55,46.92,1,1,1.0
715,92,1322.45,936.38,91.42,143.62,1,1,1.0
715,94,128.47,168.21,31.09,42.67,1,1,1.0
715,97,864.91,175.03,103.89,160.74,1,1,1.0
716,15,1580.54,839.98,114.98,85.24,1,1,1.0
716,68,274.79,319.28,19.74,21.40,1,1,1.0
716,69,258.35,293.29,22.77,32.48,1,1,1.0
716,72,1508.17,7.17,49.19,113.18,1,1,1.0
716,73,323.47,443.45,35.40,128.77,1,1,1.0
716,74,419.10,335.61,102.45,177.19,1,1,1.0
716,78,1642.05,649.81,98.90,155.93,1,1,1.0
716,86,990.94,561.35,48.50,64.62,1,1,1.0
716,87,1715.39,1020.07,38.91,59.93,1,1,1.0
716,91,107.30,82.94,31.55,46.92,1,1,1.0
716,92,1327.35,936.83,91.43,143.17,1,1,1.0
716,94,129.81,168.80,31.85,43.34,1,1,1.0
716,97,868.48,175.58,103.89,160.74,1,1,1.0
717,15,1584.82,840.29,116.42,84.44,1,1,1.0
717,68,275.58,319.60,19.62,21.20,1,1,1.0
717,69,259.63,293.10,22.77,32.48,1,1,1.0
717,72,1509.63,6.48,50.28,113.46,1,1,1.0
717,73,330.40,442.29,35.41,128.77,1,1,1.0
717,74,423.60,335.87,101.93,177.18,1,1,1.0
717,78,1645.06,650.44,98.73,154.60,1,1,1.0
717,86,994.13,561.35,48.50,64.62,1,1,1.0
717,87,1722.36,1019.01,36.28,60.99,1,1,1.0
717,91,108.21,83.01,31.54,46.92,1,1,1.0
717,92,1332.26,937.28,91.42,142.72,1,1,1.0
717,94,132.52,169.05,30.46,42.83,1,1,1.0
717,97,872.06,176.13,103.88,160.74,1,1,1.0
718,15,1590.22,837.74,113.36,85.10,1,1,1.0
718,68,276.70,319.84,19.62,21.20,1,1,1.0
718,69,260.92,292.91,22.77,32.47,1,1,1.0
718,72,1511.79,7.06,51.24,113.18,1,1,1.0
718,73,337.34,441.14,35.41,128.77,1,1,1.0
718,74,428.10,336.13,101.41,177.18,1,1,1.0
718,78,1647.53,649.68,98.65,154.96,1,1,1.0
718,86,997.33,561.35,48.50,64.62,1,1,1.0
718,87,1727.97,1017.96,34.13,62.04,1,1,1.0
718,91,109.27,82.74,31.55,46.92,1,1,1.0
718,92,1336.27,936.83,91.42,142.72,1,1,1.0
718,94,133.75,168.79,30.90,43.14,1,1,1.0
718,97,875.63,176.68,103.88,160.74,1,1,1.0
719,15,1594.32,836.27,115.38,84.51,1,1,1.0
719,68,277.83,320.08,19.62,21.20,1,1,1.0
719,69,262.20,292.72,22.77,32.47,1,1,1.0
719,72,1514.43,6.05,50.74,114.54,1,1,1.0
719,73,342.35,439.98,35.40,128.77,1,1,1.0
719,74,432.60,336.38,100.89,177.19,1,1,1.0
719,78,1649.88,649.31,100.75,155.13,1,1,1.0
719,86,1000.52,561.35,48.50,64.62,1,1,1.0
719,87,1729.49,1015.90,39.10,64.10,1,1,1.0
719,91,110.34,82.47,31.55,46.92,1,1,1.0
719,92,1340.28,936.38,91.43,142.73,1,1,1.0
719,94,134.72,168.17,30.93,43.57,1,1,1.0
719,97,879.20,177.23,103.89,160.74,1,1,1.0
720,15,1598.29,834.74,115.95,85.90,1,1,1.0
720,68,278.95,320.32,19.62,21.20,1,1,1.0
720,69,263.49,292.52,22.77,32.48,1,1,1.0
720,72,1515.86,6.20,52.06,114.36,1,1,1.0
720,73,347.36,438.82,35.40,128.77,1,1,1.0
720,74,437.10,336.64,100.37,177.18,1,1,1.0
720,78,1652.97,648.54,99.08,156.91,1,1,1.0
720,86,1003.72,561.35,48.50,64.62,1,1,1.0
720,87,1733.53,1015.64,39.94,64.36,1,1,1.0
720,91,111.41,82.21,31.55,46.91,1,1,1.0
720,92,1343.39,934.59,93.22,144.96,1,1,1.0
720,94,135.36,168.58,31.32,43.09,1,1,1.0
720,97,882.77,177.78,103.89,160.73,1,1,1.0
721,15,1605.10,835.87,113.16,84.90,1,1,1.0
721,68,280.07,320.56,19.63,21.20,1,1,1.0
721,69,264.77,292.33,22.77,32.48,1,1,1.0
721,72,1519.34,7.49,50.57,112.53,1,1,1.0
721,73,355.45,439.59,35.40,128.78,1,1,1.0
721,74,440.70,336.90,100.37,177.18,1,1,1.0
721,78,1657.23,647.69,99.11,155.79,1,1,1.0
721,86,1006.91,561.35,48.50,64.62,1,1,1.0
721,87,1741.67,1015.20,38.47,64.80,1,1,1.0
721,91,112.48,81.94,31.55,46.92,1,1,1.0
721,92,1346.50,932.80,95.02,147.20,1,1,1.0
721,94,136.65,169.05,31.23,43.10,1,1,1.0
721,95,925.98,488.33,22.95,46.13,1,1,1.0
721,97,885.76,178.81,103.88,160.74,1,1,1.0
722,15,1608.36,834.78,113.94,85.21,1,1,1.0
722,68,280.49,320.64,19.73,21.21,1,1,1.0
722,69,265.42,292.91,22.76,32.47,1,1,1.0
722,72,1520.17,8.81,51.80,112.11,1,1,1.0
722,73,363.54,440.37,35.40,128.77,1,1,1.0
722,74,444.29,337.15,100.37,177.19,1,1,1.0
722,78,1659.23,649.46,98.48,154.85,1,1,1.0
722,86,1010.10,561.35,48.50,64.62,1,1,1.0
722,87,1743.63,1015.03,39.32,64.97,1,1,1.0
722,91,113.55,81.67,31.55,46.92,1,1,1.0
722,92,1349.17,933.25,95.02,146.75,1,1,1.0
722,94,137.65,169.45,30.90,42.73,1,1,1.0
722,95,926.80,488.41,23.25,45.68,1,1,1.0
722,97,888.74,179.84,103.89,160.74,1,1,1.0
723,15,1612.58,835.27,114.79,86.28,1,1,1.0
723,68,280.91,320.72,19.84,21.22,1,1,1.0
723,69,266.06,293.49,22.77,32.47,1,1,1.0
723,72,1521.60,8.88,51.41,113.62,1,1,1.0
723,73,368.93,439.59,35.41,128.77,1,1,1.0
723,74,447.89,337.41,100.37,177.18,1,1,1.0
723,78,1660.75,649.11,98.87,155.49,1,1,1.0
723,86,1013.30,561.35,48.50,64.62,1,1,1.0
723,87,1748.36,1014.64,39.27,65.36,1,1,1.0
723,91,114.62,81.40,31.55,46.92,1,1,1.0
723,92,1351.85,933.69,95.01,146.31,1,1,1.0
723,94,138.56,169.25,31.60,43.02,1,1,1.0
723,95,927.17,487.50,26.79,47.14,1,1,1.0
723,97,891.73,180.87,103.89,160.74,1,1,1.0
724,15,1617.71,834.75,113.47,86.20,1,1,1.0
724,68,281.32,320.79,19.96,21.24,1,1,1.0
724,69,266.70,294.07,22.77,32.47,1,1,1.0
724,72,1523.56,7.43,52.06,114.60,1,1,1.0
724,73,374.33,438.82,35.40,128.77,1,1,1.0
724,74,450.59,338.31,100.37,176.54,1,1,1.0
724,78,1663.45,649.22,99.49,155.31,1,1,1.0
724,86,1016.65,563.31,48.50,64.62,1,1,1.0
724,87,1754.35,1015.26,37.36,64.74,1,1,1.0
724,91,115.69,81.13,31.55,46.92,1,1,1.0
724,92,1354.08,933.25,95.01,146.30,1,1,1.0
724,94,139.87,168.83,31.07,43.13,1,1,1.0
724,95,928.64,485.96,28.43,48.58,1,1,1.0
724,97,894.72,181.90,103.89,160.74,1,1,1.0
725,15,1620.88,838.90,113.45,84.89,1,1,1.0
725,68,281.74,320.87,20.06,21.25,1,1,1.0
725,69,267.34,294.64,22.77,32.48,1,1,1.0
725,72,1524.86,8.49,52.89,113.57,1,1,1.0
725,73,378.18,444.22,35.41,128.77,1,1,1.0
725,74,453.28,339.21,100.37,175.89,1,1,1.0
725,78,1665.72,650.18,99.78,155.60,1,1,1.0
725,86,1020.01,565.27,48.50,64.62,1,1,1.0
725,87,1759.16,1018.09,35.92,61.91,1,1,1.0
725,91,116.24,81.60,31.55,46.22,1,1,1.0
725,92,1356.31,932.80,95.01,146.31,1,1,1.0
725,94,140.03,169.17,31.23,43.05,1,1,1.0
725,95,929.15,487.43,28.98,47.08,1,1,1.0
725,97,897.71,182.93,103.89,160.74,1,1,1.0
726,15,1629.15,845.60,117.25,84.91,1,1,1.0
726,67,929.90,455.46,24.51,30.53,1,1,1.0
726,68,282.16,320.94,20.17,21.27,1,1,1.0
726,69,267.99,295.22,22.76,32.48,1,1,1.0
726,72,1529.57,11.98,51.74,112.02,1,1,1.0
726,73,382.03,449.61,35.41,128.77,1,1,1.0
726,74,455.98,340.11,100.37,175.24,1,1,1.0
726,78,1670.60,652.67,100.05,155.49,1,1,1.0
726,86,1023.36,567.22,48.50,64.62,1,1,1.0
726,87,1774.38,1025.09,30.99,54.91,1,1,1.0
726,91,116.78,82.07,31.55,45.52,1,1,1.0
726,92,1359.88,933.69,95.01,145.86,1,1,1.0
726,94,140.20,170.52,31.39,42.77,1,1,1.0
726,95,930.15,489.08,29.32,47.70,1,1,1.0
726,97,900.69,183.96,103.89,160.74,1,1,1.0
727,15,1632.52,847.66,116.59,84.64,1,1,1.0
727,67,930.85,455.03,24.51,30.53,1,1,1.0
727,68,282.57,321.02,20.29,21.28,1,1,1.0
727,69,268.52,295.06,22.77,32.48,1,1,1.0
727,72,1530.14,12.60,52.65,113.06,1,1,1.0
727,73,387.82,451.54,33.86,128.77,1,1,1.0
727,74,458.68,341.01,100.37,174.59,1,1,1.0
727,78,1672.42,653.79,100.78,156.80,1,1,1.0
727,86,1026.71,569.18,48.50,64.62,1,1,1.0
727,87,1773.58,1025.46,35.39,54.54,1,1,1.0
727,91,117.33,82.54,31.55,44.82,1,1,1.0
727,92,1363.44,934.59,95.02,145.41,1,1,1.0
727,94,140.80,171.46,30.87,42.64,1,1,1.0
727,95,930.49,489.44,29.08,46.36,1,1,1.0
727,97,903.68,184.99,103.89,160.74,1,1,1.0
728,15,1638.06,846.94,117.83,85.08,1,1,1.0
728,67,931.79,454.60,24.51,30.53,1,1,1.0
728,68,283.11,320.82,20.39,21.29,1,1,1.0
728,69,269.06,294.90,22.76,32.47,1,1,1.0
728,72,1531.65,12.19,53.22,113.56,1,1,1.0
728,73,393.60,453.46,32.32,128.77,1,1,1.0
728,74,461.37,341.91,100.38,173.94,1,1,1.0
728,78,1675.67,653.66,99.75,156.24,1,1,1.0
728,86,1029.79,567.22,48.50,64.62,1,1,1.0
728,87,1778.48,1025.87,37.94,54.13,1,1,1.0
728,91,117.87,83.01,31.55,44.11,1,1,1.0
728,92,1366.12,935.03,95.01,144.97,1,1,1.0
728,94,141.00,171.09,30.95,42.94,1,1,1.0
728,95,930.84,489.12,28.91,45.46,1,1,1.0
728,97,906.67,186.02,103.89,160.74,1,1,1.0
729,15,1641.55,845.50,118.35,84.37,1,1,1.0
729,67,932.74,454.17,24.51,30.53,1,1,1.0
729,68,283.64,320.61,20.51,21.31,1,1,1.0
729,69,269.59,294.74,22.77,32.47,1,1,1.0
729,72,1534.21,11.77,52.36,113.13,1,1,1.0
729,73,396.30,450.38,32.31,128.77,1,1,1.0
729,74,464.07,342.81,100.37,173.29,1,1,1.0
729,78,1677.51,652.89,100.91,155.47,1,1,1.0
729,86,1032.86,565.27,48.50,64.62,1,1,1.0
729,87,1783.38,1024.38,35.44,55.62,1,1,1.0
729,91,118.42,83.47,31.55,43.42,1,1,1.0
729,92,1368.79,935.48,95.02,144.52,1,1,1.0
729,94,141.67,170.97,30.91,42.74,1,1,1.0
729,95,930.75,487.94,29.75,46.02,1,1,1.0
729,97,909.42,184.65,103.89,160.73,1,1,1.0
730,15,1644.34,842.87,116.49,85.59,1,1,1.0
730,67,933.69,453.74,24.51,30.53,1,1,1.0
730,68,284.17,320.41,20.62,21.32,1,1,1.0
730,69,270.13,294.58,22.76,32.47,1,1,1.0
730,72,1535.07,10.98,52.50,112.71,1,1,1.0
730,73,398.99,447.30,32.32,128.77,1,1,1.0
730,74,466.38,342.19,100.37,173.29,1,1,1.0
730,78,1678.97,651.72,101.26,155.55,1,1,1.0
730,86,1035.94,563.31,48.50,64.62,1,1,1.0
730,87,1786.55,1023.17,34.33,56.83,1,1,1.0
730,91,118.97,83.94,31.54,42.72,1,1,1.0
730,92,1373.25,934.58,95.02,144.53,1,1,1.0
730,94,141.87,170.56,30.71,42.56,1,1,1.0
730,95,930.88,487.04,30.05,46.03,1,1,1.0
730,97,912.16,183.27,103.89,160.74,1,1,1.0
731,15,1653.13,840.67,117.81,87.57,1,1,1.0
731,67,934.63,453.31,24.51,30.53,1,1,1.0
731,68,284.71,320.21,20.73,21.33,1,1,1.0
731,69,270.66,294.42,22.77,32.47,1,1,1.0
731,72,1538.27,8.61,53.90,113.76,1,1,1.0
731,73,403.23,444.60,32.32,128.77,1,1,1.0
731,74,468.69,341.57,100.38,173.30,1,1,1.0
731,78,1683.76,650.05,100.60,157.02,1,1,1.0
731,86,1039.01,561.35,48.50,64.62,1,1,1.0
731,87,1792.20,1020.95,39.66,59.05,1,1,1.0
731,91,119.51,84.41,31.55,42.02,1,1,1.0
731,92,1377.71,933.69,95.01,144.53,1,1,1.0
731,94,143.00,170.20,30.18,42.33,1,1,1.0
731,95,934.97,486.20,27.19,45.93,1,1,1.0
731,97,914.91,181.90,103.89,160.74,1,1,1.0
732,15,1658.02,840.22,118.53,86.55,1,1,1.0
732,67,935.28,453.53,24.51,30.52,1,1,1.0
732,68,285.24,320.00,20.84,21.35,1,1,1.0
732,69,271.20,294.26,22.76,32.47,1,1,1.0
732,72,1539.16,7.66,54.79,113.86,1,1,1.0
732,73,407.47,441.90,32.32,128.77,1,1,1.0
732,74,471.01,340.96,100.37,173.29,1,1,1.0
732,78,1687.59,649.45,100.54,157.28,1,1,1.0
732,86,1041.03,560.01,48.50,64.62,1,1,1.0
732,87,1796.86,1021.39,38.34,58.61,1,1,1.0
732,91,120.06,84.88,31.55,41.31,1,1,1.0
732,92,1380.83,934.14,95.02,144.52,1,1,1.0
732,94,143.00,170.10,30.35,42.17,1,1,1.0
732,97,917.66,180.52,103.89,160.74,1,1,1.0
733,15,1663.93,841.34,117.76,84.82,1,1,1.0
733,67,935.92,453.74,24.51,30.53,1,1,1.0
733,68,285.78,319.80,20.95,21.36,1,1,1.0
733,69,270.88,293.56,22.76,32.10,1,1,1.0
733,72,1542.50,7.85,54.49,113.78,1,1,1.0
733,73,411.71,444.21,32.31,128.78,1,1,1.0
733,74,473.32,340.34,100.37,173.29,1,1,1.0
733,78,1690.32,651.32,101.72,154.99,1,1,1.0
733,86,1043.04,558.67,48.50,64.62,1,1,1.0
733,87,1803.06,1022.21,36.72,57.79,1,1,1.0
733,91,119.64,84.15,31.55,41.32,1,1,1.0
733,92,1383.95,934.58,95.02,144.53,1,1,1.0
733,94,143.65,169.42,31.30,43.12,1,1,1.0
733,97,920.41,179.15,103.88,160.74,1,1,1.0
733,100,250.23,210.05,22.51,31.17,1,1,1.0
734,15,1667.76,841.10,115.33,84.79,1,1,1.0
734,67,936.57,453.96,24.51,30.52,1,1,1.0
734,68,286.53,319.91,20.73,20.27,1,1,1.0
734,69,270.56,292.87,22.76,31.72,1,1,1.0
734,72,1544.24,7.01,54.31,114.34,1,1,1.0
734,73,415.95,446.53,32.31,128.77,1,1,1.0
734,74,475.63,339.72,100.37,173.30,1,1,1.0
734,78,1692.27,650.95,101.55,154.72,1,1,1.0
734,86,1045.05,557.33,48.50,64.62,1,1,1.0
734,87,1806.66,1020.69,39.23,59.31,1,1,1.0
734,91,119.22,83.42,31.55,41.32,1,1,1.0
734,92,1386.63,935.92,95.01,143.63,1,1,1.0
734,94,143.70,168.52,31.66,43.45,1,1,1.0
734,97,923.15,177.78,103.89,160.73,1,1,1.0
734,100,249.35,208.86,21.95,30.82,1,1,1.0
735,15,1673.38,841.79,117.60,87.09,1,1,1.0
735,67,937.21,454.17,24.51,30.53,1,1,1.0
735,68,287.27,320.02,20.53,19.18,1,1,1.0
735,69,270.23,292.17,22.77,31.35,1,1,1.0
735,72,1546.64,6.70,53.63,114.58,1,1,1.0
735,73,421.73,446.53,32.31,128.77,1,1,1.0
735,74,477.94,338.80,99.91,171.91,1,1,1.0
735,78,1695.12,650.92,100.56,155.72,1,1,1.0
735,86,1047.06,555.99,48.50,64.62,1,1,1.0
735,87,1815.41,1027.14,35.65,52.86,1,1,1.0
735,91,118.81,82.69,31.55,41.32,1,1,1.0
735,92,1389.30,937.26,95.02,142.74,1,1,1.0
735,94,143.45,167.25,32.37,43.85,1,1,1.0
735,97,925.46,177.12,103.89,160.74,1,1,1.0
735,100,248.47,207.67,21.38,30.47,1,1,1.0
736,15,1684.51,844.33,119.22,86.44,1,1,1.0
736,67,937.21,454.17,24.51,28.83,1,1,1.0
736,69,269.91,291.48,22.77,30.96,1,1,1.0
736,72,1549.35,5.47,53.98,113.64,1,1,1.0
736,73,427.51,446.53,32.31,128.77,1,1,1.0
736,74,480.26,337.87,99.44,170.54,1,1,1.0
736,78,1700.43,651.03,101.70,155.35,1,1,1.0
736,86,1049.08,554.65,48.50,64.62,1,1,1.0
736,87,1826.09,1025.59,38.26,54.41,1,1,1.0
736,91,118.39,81.97,31.55,41.31,1,1,1.0
736,92,1392.42,936.37,95.02,142.74,1,1,1.0
736,94,142.47,165.00,30.49,42.41,1,1,1.0
736,97,927.77,176.46,103.89,160.74,1,1,1.0
736,100,247.59,206.48,20.82,30.12,1,1,1.0
737,15,1689.03,844.27,119.48,87.14,1,1,1.0
737,67,937.21,454.17,24.51,27.13,1,1,1.0
737,69,269.59,290.78,22.77,30.59,1,1,1.0
737,72,1550.27,3.99,56.00,114.78,1,1,1.0
737,73,431.74,444.99,32.32,128.77,1,1,1.0
737,74,482.57,336.95,98.98,169.16,1,1,1.0
737,78,1704.89,650.34,97.64,156.43,1,1,1.0
737,86,1049.08,552.78,48.50,64.62,1,1,1.0
737,87,1834.81,1027.99,33.86,51.48,1,1,1.0
737,91,117.98,81.24,31.55,41.31,1,1,1.0
737,92,1395.54,935.48,95.02,142.74,1,1,1.0
737,94,142.62,165.86,27.90,41.60,1,1,1.0
737,97,930.08,175.80,103.89,160.74,1,1,1.0
737,100,246.71,205.30,20.25,29.77,1,1,1.0
738,15,1692.56,843.81,122.78,85.69,1,1,1.0
738,67,937.21,454.17,24.51,27.13,1,1,1.0
738,69,269.27,290.08,22.77,30.22,1,1,1.0
738,72,1550.18,3.07,56.53,114.29,1,1,1.0
738,73,435.98,443.45,32.32,128.77,1,1,1.0
738,74,484.89,336.02,98.51,167.78,1,1,1.0
738,78,1704.25,650.10,100.87,155.17,1,1,1.0
738,86,1049.08,550.92,48.50,64.62,1,1,1.0
738,87,1835.15,1023.17,38.28,56.83,1,1,1.0
738,91,117.56,80.51,31.55,41.32,1,1,1.0
738,92,1398.66,936.37,95.02,142.74,1,1,1.0
738,94,139.65,164.54,31.41,41.86,1,1,1.0
738,97,932.39,175.14,103.88,160.74,1,1,1.0
738,100,245.83,204.11,19.69,29.42,1,1,1.0
739,15,1697.03,840.93,119.62,85.37,1,1,1.0
739,69,265.74,289.76,22.76,27.64,1,1,1.0
739,72,1549.79,2.68,55.84,114.00,1,1,1.0
739,73,438.68,442.29,32.31,128.77,1,1,1.0
739,74,487.20,335.10,98.05,166.40,1,1,1.0
739,78,1704.67,647.59,100.97,155.85,1,1,1.0
739,86,1049.08,549.06,48.50,64.62,1,1,1.0
739,87,1837.83,1020.03,40.26,59.97,1,1,1.0
739,91,110.31,78.72,31.55,42.64,1,1,1.0
739,92,1401.78,937.26,95.02,142.74,1,1,1.0
739,94,136.27,164.91,30.69,41.57,1,1,1.0
739,97,934.69,174.48,103.89,160.74,1,1,1.0
739,100,244.96,202.92,19.11,29.07,1,1,1.0
740,15,1700.65,834.05,120.17,87.65,1,1,1.0
740,69,264.46,286.87,22.76,23.43,1,1,1.0
740,72,1547.88,1.99,56.15,112.40,1,1,1.0
740,73,441.38,441.13,32.31,128.78,1,1,1.0
740,74,485.88,332.24,98.05,165.52,1,1,1.0
740,78,1704.68,641.07,100.27,158.22,1,1,1.0
740,86,1049.08,547.19,48.50,64.62,1,1,1.0
740,87,1840.38,1015.60,40.06,64.40,1,1,1.0
740,91,103.06,76.92,31.55,43.98,1,1,1.0
740,92,1401.78,930.58,95.02,149.42,1,1,1.0
740,94,130.01,163.41,30.33,41.58,1,1,1.0
740,97,933.87,170.84,104.72,160.59,1,1,1.0
740,100,238.81,201.18,19.11,29.07,1,1,1.0
741,15,1704.12,824.96,119.39,87.45,1,1,1.0
741,72,1544.40,0.00,55.21,109.07,1,1,1.0
741,73,443.69,433.43,32.31,128.77,1,1,1.0
741,74,484.56,329.38,98.04,164.63,1,1,1.0
741,78,1703.48,635.96,101.12,157.35,1,1,1.0
741,86,1049.08,545.33,48.50,64.62,1,1,1.0
741,87,1848.17,1005.19,36.88,74.81,1,1,1.0
741,91,95.80,75.13,31.55,45.30,1,1,1.0
741,92,1401.78,923.90,95.02,156.10,1,1,1.0
741,94,123.75,161.92,29.97,41.58,1,1,1.0
741,97,933.04,167.21,105.55,160.43,1,1,1.0
741,100,232.66,199.44,19.11,29.07,1,1,1.0
742,15,1708.23,819.91,119.44,86.89,1,1,1.0
742,72,1541.07,0.00,57.05,107.42,1,1,1.0
742,73,446.00,425.72,32.32,128.77,1,1,1.0
742,74,483.24,326.51,98.04,163.76,1,1,1.0
742,78,1702.78,633.27,101.67,157.70,1,1,1.0
742,86,1049.08,543.47,48.50,64.62,1,1,1.0
742,87,1851.15,1000.40,39.32,79.60,1,1,1.0
742,91,88.55,73.34,31.55,46.62,1,1,1.0
742,92,1401.78,917.20,97.67,162.80,1,1,1.0
742,94,117.49,160.42,29.62,41.59,1,1,1.0
742,97,932.22,163.57,106.37,160.28,1,1,1.0
742,100,226.51,197.70,19.12,29.06,1,1,1.0
743,15,1710.72,816.74,121.95,87.68,1,1,1.0
743,72,1537.82,0.00,56.05,103.70,1,1,1.0
743,73,447.16,425.72,32.31,128.77,1,1,1.0
743,74,481.92,323.65,98.04,162.88,1,1,1.0
743,78,1702.03,629.21,100.53,159.08,1,1,1.0
743,86,1049.08,541.60,48.50,64.62,1,1,1.0
743,87,1853.32,998.97,40.35,81.03,1,1,1.0
743,91,81.30,71.54,31.55,47.96,1,1,1.0
743,92,1401.78,910.50,100.32,169.50,1,1,1.0
743,94,111.23,158.92,29.26,41.61,1,1,1.0
743,97,931.40,159.94,107.20,160.11,1,1,1.0
743,100,220.36,195.96,19.12,29.06,1,1,1.0
744,15,1712.71,813.36,124.20,87.54,1,1,1.0
744,72,1535.39,0.00,53.95,103.36,1,1,1.0
744,73,448.31,425.72,32.32,128.77,1,1,1.0
744,74,480.60,320.79,98.04,162.00,1,1,1.0
744,78,1701.17,625.68,98.56,159.26,1,1,1.0
744,86,1049.08,539.74,48.50,64.62,1,1,1.0
744,87,1856.48,999.40,38.81,80.60,1,1,1.0
744,91,74.05,69.75,31.55,49.28,1,1,1.0
744,92,1401.78,908.27,100.32,171.13,1,1,1.0
744,94,104.97,157.43,28.90,41.61,1,1,1.0
744,97,930.57,156.30,108.03,159.96,1,1,1.0
744,100,214.21,194.22,19.12,29.06,1,1,1.0
745,15,1716.90,810.34,120.57,87.28,1,1,1.0
745,72,1531.12,0.00,57.13,100.06,1,1,1.0
745,73,451.01,424.18,32.32,128.77,1,1,1.0
745,74,479.27,317.93,98.05,161.11,1,1,1.0
745,78,1699.21,623.02,98.86,158.20,1,1,1.0
745,86,1049.08,537.88,48.50,64.62,1,1,1.0
745,87,1859.38,991.65,38.80,88.35,1,1,1.0
745,91,66.80,67.96,31.55,50.61,1,1,1.0
745,92,1401.78,906.03,100.32,172.77,1,1,1.0
745,94,98.71,155.93,28.54,41.62,1,1,1.0
745,97,929.61,153.83,108.03,159.96,1,1,1.0
745,100,208.06,192.47,19.12,29.07,1,1,1.0
746,15,1719.58,804.29,120.85,86.26,1,1,1.0
746,72,1525.25,0.00,56.11,95.99,1,1,1.0
746,73,453.71,422.64,32.31,128.77,1,1,1.0
746,74,477.95,315.06,98.05,160.24,1,1,1.0
746,78,1693.76,619.72,101.29,154.92,1,1,1.0
746,86,1049.08,536.01,48.50,64.62,1,1,1.0
746,87,1860.62,983.21,41.38,96.05,1,1,1.0
746,91,59.54,66.16,31.55,51.94,1,1,1.0
746,92,1401.78,903.80,100.32,174.40,1,1,1.0
746,94,83.91,153.15,31.20,42.97,1,1,1.0
746,97,928.65,151.36,108.03,159.96,1,1,1.0
746,100,201.79,190.85,19.12,29.07,1,1,1.0
747,15,1720.03,800.77,123.55,86.26,1,1,1.0
747,72,1521.65,0.00,56.87,92.76,1,1,1.0
747,73,456.02,419.94,32.32,128.77,1,1,1.0
747,74,476.28,312.24,98.05,158.04,1,1,1.0
747,78,1692.66,616.29,101.55,155.19,1,1,1.0
747,86,1049.08,534.15,48.50,64.62,1,1,1.0
747,87,1861.58,978.96,40.49,98.29,1,1,1.0
747,91,54.94,75.10,31.55,43.99,1,1,1.0
747,92,1401.78,901.57,100.32,176.03,1,1,1.0
747,94,79.11,152.70,30.35,39.17,1,1,1.0
747,97,927.69,148.88,108.03,159.97,1,1,1.0
747,100,195.53,189.23,19.12,29.06,1,1,1.0
748,15,1723.69,797.22,120.57,83.69,1,1,1.0
748,72,1520.22,0.02,55.78,90.50,1,1,1.0
748,73,458.33,417.25,32.32,128.77,1,1,1.0
748,74,474.61,309.41,98.05,155.86,1,1,1.0
748,78,1691.79,610.71,100.72,157.48,1,1,1.0
748,86,1049.08,532.29,48.50,64.62,1,1,1.0
748,87,1865.83,971.17,40.02,105.46,1,1,1.0
748,91,49.00,73.32,31.55,44.07,1,1,1.0
748,92,1401.78,899.33,100.32,177.67,1,1,1.0
748,94,74.40,151.63,31.99,35.81,1,1,1.0
748,97,926.73,146.41,108.02,159.96,1,1,1.0
748,100,189.26,187.60,19.12,29.07,1,1,1.0
749,15,1726.06,788.66,120.56,88.19,1,1,1.0
749,72,1518.81,0.00,55.40,88.21,1,1,1.0
749,73,458.72,412.62,32.31,128.77,1,1,1.0
749,74,472.94,306.59,98.05,153.66,1,1,1.0
749,78,1691.41,608.71,101.12,155.96,1,1,1.0
749,86,1047.26,530.61,48.50,64.62,1,1,1.0
749,87,1867.62,967.05,40.48,102.50,1,1,1.0
749,91,43.06,71.54,31.55,44.16,1,1,1.0
749,92,1401.78,897.10,100.32,179.30,1,1,1.0
749,97,925.76,143.94,108.03,159.96,1,1,1.0
749,100,183.00,185.98,19.11,29.07,1,1,1.0
750,15,1726.62,784.97,123.47,90.05,1,1,1.0
750,72,1516.03,0.36,55.58,87.17,1,1,1.0
750,73,459.11,408.00,32.31,128.77,1,1,1.0
750,74,471.27,303.76,98.05,151.47,1,1,1.0
750,78,1692.09,605.85,98.48,156.57,1,1,1.0
750,86,1045.44,528.93,48.50,64.62,1,1,1.0
750,87,1870.82,973.00,36.74,89.10,1,1,1.0
750,91,37.12,69.76,31.55,44.24,1,1,1.0
750,92,1400.00,892.20,100.32,179.30,1,1,1.0
750,97,924.80,141.47,108.03,159.96,1,1,1.0
750,100,176.73,184.35,19.12,29.07,1,1,1.0
751,15,1731.52,780.95,117.91,83.86,1,1,1.0
751,49,1319.80,837.62,35.25,54.83,1,1,1.0
751,72,1511.93,0.57,57.16,82.64,1,1,1.0
751,73,459.88,402.99,32.31,128.77,1,1,1.0
751,74,469.61,300.94,98.04,149.28,1,1,1.0
751,78,1688.92,602.28,99.70,155.72,1,1,1.0
751,86,1043.63,527.26,48.50,64.62,1,1,1.0
751,87,1872.41,955.66,40.07,102.53,1,1,1.0
751,91,31.18,67.98,31.55,44.33,1,1,1.0
751,92,1398.22,887.29,100.31,179.30,1,1,1.0
751,93,864.20,322.70,27.80,36.00,1,1,1.0
751,97,921.98,138.88,108.02,160.79,1,1,1.0
751,100,170.46,182.73,19.12,29.07,1,1,1.0
752,15,1730.21,776.43,121.36,87.81,1,1,1.0
752,49,1318.08,831.73,39.15,58.33,1,1,1.0
752,72,1509.47,0.11,57.35,81.30,1,1,1.0
752,73,460.65,397.98,32.31,128.77,1,1,1.0
752,74,467.94,298.11,98.04,147.09,1,1,1.0
752,78,1686.88,598.19,99.38,158.34,1,1,1.0
752,86,1041.81,525.58,48.50,64.62,1,1,1.0
752,87,1871.46,953.00,40.84,103.58,1,1,1.0
752,91,25.23,66.20,31.55,44.41,1,1,1.0
752,92,1398.22,885.95,100.31,179.30,1,1,1.0
752,93,860.28,312.45,30.98,48.21,1,1,1.0
752,97,919.15,136.29,108.03,161.62,1,1,1.0
752,100,165.94,180.99,19.12,28.01,1,1,1.0
753,15,1729.99,773.95,121.15,86.35,1,1,1.0
753,49,1315.65,832.02,33.99,56.50,1,1,1.0
753,72,1506.77,0.00,57.70,78.69,1,1,1.0
753,73,459.49,396.44,32.32,128.77,1,1,1.0
753,74,464.41,296.90,98.05,147.09,1,1,1.0
753,78,1685.24,595.36,98.78,157.62,1,1,1.0
753,86,1039.99,523.90,48.50,64.62,1,1,1.0
753,87,1871.24,949.03,41.45,102.03,1,1,1.0
753,91,19.62,65.11,31.09,43.78,1,1,1.0
753,92,1398.22,884.62,100.31,179.30,1,1,1.0
753,93,856.71,313.18,30.95,45.25,1,1,1.0
753,97,916.33,133.70,108.02,162.45,1,1,1.0
753,100,161.41,179.25,19.12,26.95,1,1,1.0
754,15,1727.00,772.55,123.07,87.49,1,1,1.0
754,49,1313.91,834.03,30.17,53.51,1,1,1.0
754,72,1504.48,0.00,56.33,77.60,1,1,1.0
754,73,458.33,394.90,32.32,128.77,1,1,1.0
754,74,460.89,295.69,98.05,147.09,1,1,1.0
754,78,1681.42,593.42,99.73,157.88,1,1,1.0
754,86,1038.18,522.23,48.50,64.62,1,1,1.0
754,87,1869.28,947.10,41.62,102.59,1,1,1.0
754,91,14.01,64.02,30.63,43.14,1,1,1.0
754,92,1395.54,884.17,100.32,179.30,1,1,1.0
754,93,851.91,311.48,32.96,45.09,1,1,1.0
754,97,913.50,131.11,108.03,163.27,1,1,1.0
754,100,157.24,178.03,19.12,26.95,1,1,1.0
755,15,1725.18,771.56,124.80,87.32,1,1,1.0
755,49,1311.19,830.04,33.07,56.47,1,1,1.0
755,72,1500.98,0.00,57.18,75.75,1,1,1.0
755,73,452.17,391.04,32.32,128.78,1,1,1.0
755,74,457.37,294.48,98.04,147.09,1,1,1.0
755,78,1677.74,592.62,100.73,157.26,1,1,1.0
755,86,1036.36,520.55,48.50,64.62,1,1,1.0
755,87,1868.56,944.39,40.17,105.84,1,1,1.0
755,91,8.39,62.92,30.18,42.51,1,1,1.0
755,92,1392.87,883.72,100.31,179.31,1,1,1.0
755,93,849.26,313.02,31.01,43.56,1,1,1.0
755,97,910.67,128.52,108.03,164.10,1,1,1.0
755,100,153.06,176.81,19.12,26.95,1,1,1.0
756,15,1720.70,768.50,123.43,86.75,1,1,1.0
756,72,1494.04,0.00,55.58,73.25,1,1,1.0
756,73,446.01,387.19,32.31,128.77,1,1,1.0
756,74,453.85,293.27,98.04,147.09,1,1,1.0
756,78,1672.35,591.01,98.83,158.83,1,1,1.0
756,86,1034.54,518.87,48.50,64.62,1,1,1.0
756,87,1863.58,942.69,41.48,108.31,1,1,1.0
756,91,2.78,61.83,29.72,41.87,1,1,1.0
756,92,1388.83,882.83,98.11,179.30,1,1,1.0
756,93,841.09,311.13,32.18,43.39,1,1,1.0
756,97,907.85,125.93,108.03,164.93,1,1,1.0
756,100,146.27,175.07,19.12,24.36,1,1,1.0
757,15,1719.50,769.03,121.16,84.54,1,1,1.0
757,72,1491.09,0.43,55.96,72.31,1,1,1.0
757,73,443.69,386.81,32.32,128.77,1,1,1.0
757,74,450.32,292.06,98.05,147.09,1,1,1.0
757,78,1669.50,590.59,98.79,156.71,1,1,1.0
757,86,1032.87,518.87,48.50,64.62,1,1,1.0
757,87,1860.50,945.67,39.24,100.62,1,1,1.0
757,91,1.53,60.90,27.87,41.86,1,1,1.0
757,92,1384.80,881.94,95.90,179.30,1,1,1.0
757,93,840.00,314.40,28.50,38.90,1,1,1.0
757,97,905.02,123.34,108.03,165.76,1,1,1.0
758,15,1716.68,767.24,119.59,87.24,1,1,1.0
758,72,1488.31,0.48,56.60,71.77,1,1,1.0
758,73,441.38,386.42,32.32,128.77,1,1,1.0
758,74,446.80,290.85,98.05,147.08,1,1,1.0
758,78,1664.88,589.74,101.26,156.79,1,1,1.0
758,86,1031.19,518.87,48.50,64.62,1,1,1.0
758,87,1857.06,942.50,42.12,106.29,1,1,1.0
758,91,0.28,59.96,26.02,41.87,1,1,1.0
758,92,1381.68,881.94,95.90,179.30,1,1,1.0
758,93,835.61,310.90,31.42,42.68,1,1,1.0
758,97,903.14,123.53,108.02,165.76,1,1,1.0
759,15,1712.11,766.16,123.83,89.73,1,1,1.0
759,72,1484.90,0.00,57.58,71.52,1,1,1.0
759,73,440.23,387.19,32.31,128.77,1,1,1.0
759,74,443.28,289.63,98.04,147.09,1,1,1.0
759,78,1662.51,589.43,100.15,156.68,1,1,1.0
759,86,1029.51,518.87,48.50,64.62,1,1,1.0
759,87,1854.57,943.34,40.55,104.82,1,1,1.0
759,91,0.28,59.96,26.02,41.87,1,1,1.0
759,92,1378.56,881.94,95.90,179.30,1,1,1.0
759,93,832.41,308.19,30.96,44.75,1,1,1.0
759,97,901.25,123.72,108.03,165.76,1,1,1.0
760,15,1710.43,766.92,123.52,89.38,1,1,1.0
760,72,1481.03,0.27,57.95,72.60,1,1,1.0
760,73,439.07,387.96,32.32,128.77,1,1,1.0
760,74,443.79,289.83,97.92,145.93,1,1,1.0
760,78,1659.64,590.76,102.21,154.26,1,1,1.0
760,86,1027.84,518.87,48.50,64.62,1,1,1.0
760,87,1853.25,943.02,40.56,105.23,1,1,1.0
760,92,1376.33,879.71,95.90,179.30,1,1,1.0
760,93,830.20,312.40,27.60,39.20,1,1,1.0
760,97,899.36,123.91,108.03,165.76,1,1,1.0
761,15,1710.03,765.89,122.02,87.88,1,1,1.0
761,72,1478.22,0.00,57.46,72.04,1,1,1.0
761,73,441.77,387.96,32.31,128.77,1,1,1.0
761,74,444.30,290.02,97.79,144.78,1,1,1.0
761,78,1656.92,589.10,99.90,155.36,1,1,1.0
761,86,1025.60,514.40,48.50,64.62,1,1,1.0
761,87,1850.58,939.97,42.05,108.76,1,1,1.0
761,92,1374.10,877.48,95.90,179.30,1,1,1.0
761,93,824.22,302.90,32.34,47.50,1,1,1.0
761,97,897.48,124.10,108.03,165.76,1,1,1.0
761,101,1879.71,337.87,40.29,40.55,1,1,1.0
762,15,1710.63,765.53,121.52,85.36,1,1,1.0
762,72,1477.29,0.07,57.78,71.18,1,1,1.0
762,73,444.46,387.96,32.32,128.77,1,1,1.0
762,74,444.82,290.21,97.65,143.63,1,1,1.0
762,78,1656.16,588.19,99.88,154.92,1,1,1.0
762,86,1023.36,509.93,48.50,64.62,1,1,1.0
762,87,1851.54,938.95,40.13,103.91,1,1,1.0
762,92,1374.77,876.15,95.90,179.30,1,1,1.0
762,93,822.30,302.77,33.72,45.88,1,1,1.0
762,97,895.59,124.29,108.03,165.76,1,1,1.0
762,101,1877.75,342.74,42.25,35.73,1,1,1.0
763,15,1710.50,763.13,121.49,87.40,1,1,1.0
763,72,1476.49,0.08,57.50,70.16,1,1,1.0
763,73,447.55,389.12,32.31,128.77,1,1,1.0
763,74,445.33,290.41,97.52,142.47,1,1,1.0
763,78,1655.68,588.02,98.10,154.33,1,1,1.0
763,86,1021.13,505.46,48.50,64.62,1,1,1.0
763,87,1851.20,938.46,40.64,103.58,1,1,1.0
763,92,1375.44,874.81,95.90,179.30,1,1,1.0
763,93,821.15,302.63,31.27,45.14,1,1,1.0
763,97,895.99,124.10,108.03,165.76,1,1,1.0
763,101,1875.29,340.71,44.50,35.52,1,1,1.0
764,15,1710.61,762.78,122.02,87.20,1,1,1.0
764,72,1475.61,0.24,56.97,70.75,1,1,1.0
764,73,450.63,390.27,32.31,128.77,1,1,1.0
764,74,445.85,290.60,97.38,141.32,1,1,1.0
764,78,1654.77,587.77,97.38,153.70,1,1,1.0
764,86,1020.30,505.57,48.50,64.62,1,1,1.0
764,87,1851.23,937.66,41.16,104.46,1,1,1.0
764,92,1376.11,873.47,95.90,179.30,1,1,1.0
764,93,819.99,302.86,30.82,44.88,1,1,1.0
764,97,896.40,123.91,108.02,165.76,1,1,1.0
764,101,1869.09,340.74,48.79,35.72,1,1,1.0
765,15,1711.27,762.79,122.02,87.44,1,1,1.0
765,72,1474.66,0.42,57.12,71.27,1,1,1.0
765,73,455.25,389.89,32.32,128.77,1,1,1.0
765,74,446.36,290.79,97.25,140.17,1,1,1.0
765,78,1653.61,588.09,98.34,152.84,1,1,1.0
765,86,1019.47,505.68,48.50,64.62,1,1,1.0
765,87,1851.68,936.87,41.02,104.87,1,1,1.0
765,92,1376.78,872.13,95.90,179.31,1,1,1.0
765,93,817.50,308.20,29.40,37.12,1,1,1.0
765,95,825.39,454.17,26.51,40.83,1,1,1.0
765,97,896.80,123.72,108.03,165.76,1,1,1.0
765,101,1868.30,339.81,46.88,38.82,1,1,1.0
766,15,1709.55,760.55,119.21,87.52,1,1,1.0
766,72,1471.33,0.00,57.29,71.40,1,1,1.0
766,73,459.88,389.50,32.31,128.77,1,1,1.0
766,74,446.87,290.98,97.12,139.02,1,1,1.0
766,78,1648.35,587.84,100.09,151.48,1,1,1.0
766,86,1018.64,505.79,48.50,64.62,1,1,1.0
766,87,1847.01,934.82,41.55,104.67,1,1,1.0
766,92,1375.66,871.69,95.90,179.30,1,1,1.0
766,93,813.20,299.97,31.36,46.45,1,1,1.0
766,95,821.17,452.20,28.17,42.73,1,1,1.0
766,97,897.20,123.53,108.03,165.76,1,1,1.0
766,101,1864.42,340.95,44.90,51.63,1,1,1.0
767,15,1710.04,759.98,119.21,87.34,1,1,1.0
767,72,1470.27,0.36,57.69,70.94,1,1,1.0
767,73,463.27,390.89,32.31,128.77,1,1,1.0
767,74,447.39,291.18,96.98,137.86,1,1,1.0
767,78,1647.14,586.62,99.64,151.20,1,1,1.0
767,86,1017.81,505.90,48.50,64.62,1,1,1.0
767,87,1846.59,933.70,41.68,105.10,1,1,1.0
767,92,1374.55,871.24,95.90,179.30,1,1,1.0
767,93,812.30,305.60,29.10,36.10,1,1,1.0
767,95,819.57,451.26,27.33,42.20,1,1,1.0
767,97,897.60,123.34,108.03,165.76,1,1,1.0
767,101,1861.66,339.38,46.13,41.18,1,1,1.0
768,15,1710.66,761.46,118.30,86.66,1,1,1.0
768,72,1469.17,0.00,56.86,71.69,1,1,1.0
768,73,466.66,392.28,32.31,128.77,1,1,1.0
768,74,447.90,291.37,96.86,136.71,1,1,1.0
768,78,1646.48,586.64,98.09,151.21,1,1,1.0
768,86,1016.98,506.01,48.50,64.62,1,1,1.0
768,87,1846.81,937.59,40.64,101.25,1,1,1.0
768,92,1373.43,870.80,95.91,179.30,1,1,1.0
768,93,808.73,298.08,32.42,45.28,1,1,1.0
768,95,817.57,450.74,29.39,42.45,1,1,1.0
768,97,899.04,123.56,108.02,165.77,1,1,1.0
768,101,1860.03,339.27,43.87,37.73,1,1,1.0
769,15,1712.54,763.78,118.82,86.37,1,1,1.0
769,50,1289.85,820.68,33.38,56.59,1,1,1.0
769,72,1467.84,0.00,56.33,73.34,1,1,1.0
769,73,470.05,393.66,32.31,128.77,1,1,1.0
769,74,448.41,291.56,96.73,135.56,1,1,1.0
769,78,1646.38,587.62,97.78,150.52,1,1,1.0
769,86,1016.15,506.12,48.50,64.62,1,1,1.0
769,87,1849.16,935.94,41.27,102.82,1,1,1.0
769,92,1372.32,870.35,95.90,179.30,1,1,1.0
769,93,806.93,304.60,29.77,39.28,1,1,1.0
769,95,816.12,450.23,30.19,41.88,1,1,1.0
769,97,900.47,123.79,108.03,165.76,1,1,1.0
769,101,1853.41,338.77,47.59,50.60,1,1,1.0
770,15,1715.63,764.38,118.53,86.03,1,1,1.0
770,68,135.21,282.34,25.05,21.84,1,1,1.0
770,72,1467.28,0.00,56.21,73.65,1,1,1.0
770,73,473.44,395.05,32.31,128.77,1,1,1.0
770,74,448.93,291.75,96.59,134.41,1,1,1.0
770,78,1646.56,587.98,97.75,150.64,1,1,1.0
770,86,1015.32,506.24,48.50,64.62,1,1,1.0
770,87,1850.91,935.87,42.15,102.58,1,1,1.0
770,92,1373.51,870.37,95.60,179.28,1,1,1.0
770,93,809.20,303.90,25.30,36.80,1,1,1.0
770,95,814.04,449.78,29.59,42.50,1,1,1.0
770,97,901.90,124.02,108.03,165.76,1,1,1.0
770,101,1850.88,339.75,48.46,41.76,1,1,1.0
771,15,1719.17,766.07,117.43,85.36,1,1,1.0
771,51,6.39,223.98,38.03,60.63,1,1,1.0
771,68,130.07,283.30,25.05,21.85,1,1,1.0
771,69,118.31,265.35,27.62,24.41,1,1,1.0
771,72,1465.95,0.02,56.14,75.43,1,1,1.0
771,73,476.83,396.44,32.32,128.77,1,1,1.0
771,74,449.44,291.95,96.46,133.25,1,1,1.0
771,78,1647.13,589.85,96.99,151.59,1,1,1.0
771,86,1018.74,506.35,48.50,64.62,1,1,1.0
771,87,1855.50,945.74,40.50,94.54,1,1,1.0
771,92,1374.71,870.38,95.30,179.27,1,1,1.0
771,93,806.58,304.30,25.30,36.80,1,1,1.0
771,95,809.29,450.10,31.61,43.23,1,1,1.0
771,97,903.34,124.24,108.02,165.77,1,1,1.0
771,101,1847.58,341.02,46.93,49.60,1,1,1.0
772,15,1722.52,768.16,120.22,82.30,1,1,1.0
772,51,13.50,225.11,37.23,57.39,1,1,1.0
772,68,128.86,282.74,25.05,21.84,1,1,1.0
772,69,115.10,265.35,27.62,24.41,1,1,1.0
772,72,1465.97,0.00,56.20,75.74,1,1,1.0
772,73,482.61,394.51,32.31,128.77,1,1,1.0
772,74,455.23,290.66,95.10,130.37,1,1,1.0
772,78,1648.19,589.67,97.87,151.46,1,1,1.0
772,86,1022.17,506.46,48.50,64.62,1,1,1.0
772,87,1858.48,937.02,40.67,102.31,1,1,1.0
772,92,1375.90,870.40,95.00,179.25,1,1,1.0
772,93,803.96,304.71,25.30,36.80,1,1,1.0
772,95,807.91,449.49,30.64,43.20,1,1,1.0
772,97,904.77,124.47,108.03,165.76,1,1,1.0
772,101,1845.36,340.57,48.07,38.52,1,1,1.0
773,15,1729.59,763.72,119.62,84.40,1,1,1.0
773,68,127.66,282.18,25.05,21.84,1,1,1.0
773,69,114.67,261.18,26.44,27.09,1,1,1.0
773,72,1467.05,0.06,56.43,75.03,1,1,1.0
773,73,488.39,392.58,32.31,128.77,1,1,1.0
773,74,461.02,289.38,93.73,127.47,1,1,1.0
773,78,1650.23,588.75,98.81,151.18,1,1,1.0
773,86,1025.60,506.57,48.50,64.62,1,1,1.0
773,87,1865.29,934.17,41.23,102.25,1,1,1.0
773,92,1381.03,868.18,94.33,178.35,1,1,1.0
773,93,803.29,304.71,25.30,36.80,1,1,1.0
773,95,806.21,447.84,31.04,44.57,1,1,1.0
773,97,906.20,124.70,108.03,165.76,1,1,1.0
773,101,1842.67,340.46,48.17,49.67,1,1,1.0
774,15,1736.90,760.14,118.24,84.10,1,1,1.0
774,68,126.45,281.62,25.06,21.84,1,1,1.0
774,69,114.24,257.00,25.27,29.79,1,1,1.0
774,72,1469.12,0.08,57.02,73.80,1,1,1.0
774,73,499.18,391.04,32.31,128.77,1,1,1.0
774,74,466.81,288.09,92.37,124.59,1,1,1.0
774,78,1654.03,586.48,96.88,151.51,1,1,1.0
774,86,1028.53,505.28,48.50,64.62,1,1,1.0
774,87,1871.37,933.75,40.90,95.31,1,1,1.0
774,92,1386.15,865.95,93.67,177.46,1,1,1.0
774,93,802.62,304.71,25.30,36.80,1,1,1.0
774,95,805.36,446.44,31.51,45.65,1,1,1.0
774,97,912.40,123.97,108.03,165.76,1,1,1.0
774,101,1841.38,340.43,46.70,45.57,1,1,1.0
775,15,1742.27,758.24,120.19,84.55,1,1,1.0
775,68,125.25,281.06,25.05,21.84,1,1,1.0
775,69,113.81,252.83,24.09,32.47,1,1,1.0
775,72,1470.18,0.11,57.60,75.24,1,1,1.0
775,73,509.97,389.50,32.31,128.77,1,1,1.0
775,74,472.60,286.81,91.00,121.69,1,1,1.0
775,78,1656.76,584.76,95.97,152.44,1,1,1.0
775,86,1031.45,503.99,48.50,64.62,1,1,1.0
775,87,1878.14,931.90,39.06,93.06,1,1,1.0
775,92,1391.28,863.73,92.99,176.56,1,1,1.0
775,93,801.95,304.71,25.30,36.80,1,1,1.0
775,95,804.88,447.06,30.33,44.99,1,1,1.0
775,97,918.60,123.24,108.03,165.76,1,1,1.0
775,101,1838.44,340.08,47.50,48.53,1,1,1.0
776,15,1754.09,753.38,118.85,81.67,1,1,1.0
776,67,804.35,410.31,26.66,32.68,1,1,1.0
776,68,123.37,280.09,25.05,21.84,1,1,1.0
776,69,112.01,252.44,24.09,32.47,1,1,1.0
776,72,1471.62,0.46,59.08,73.06,1,1,1.0
776,73,523.07,387.19,32.31,128.77,1,1,1.0
776,74,483.00,285.53,85.62,115.92,1,1,1.0
776,78,1661.53,581.33,95.14,152.72,1,1,1.0
776,86,1034.37,502.70,48.50,64.62,1,1,1.0
776,87,1887.90,916.21,32.10,104.32,1,1,1.0
776,92,1396.40,861.50,92.33,175.67,1,1,1.0
776,93,800.34,304.71,25.30,36.80,1,1,1.0
776,95,802.98,446.97,30.35,44.35,1,1,1.0
776,97,924.80,122.51,108.03,165.77,1,1,1.0
776,101,1835.67,340.09,47.07,53.00,1,1,1.0
777,15,1760.53,750.90,118.10,83.11,1,1,1.0
777,67,803.27,410.31,26.66,32.68,1,1,1.0
777,68,121.49,279.13,25.05,21.84,1,1,1.0
777,69,110.21,252.06,24.09,32.47,1,1,1.0
777,72,1472.66,0.47,58.84,73.30,1,1,1.0
777,73,536.17,384.88,32.31,128.77,1,1,1.0
777,74,493.40,284.24,80.24,110.16,1,1,1.0
777,78,1662.46,579.61,96.46,151.88,1,1,1.0
777,86,1037.30,501.41,48.50,64.62,1,1,1.0
777,87,1896.87,911.02,23.13,108.62,1,1,1.0
777,92,1399.07,860.31,92.34,175.67,1,1,1.0
777,95,802.19,446.47,30.07,44.86,1,1,1.0
777,97,928.37,121.69,108.03,165.76,1,1,1.0
777,101,1833.89,340.44,47.93,53.11,1,1,1.0
778,15,1764.29,748.52,118.93,84.55,1,1,1.0
778,67,802.20,410.31,26.66,32.68,1,1,1.0
778,68,119.60,278.17,25.06,21.84,1,1,1.0
778,69,108.42,251.67,24.08,32.47,1,1,1.0
778,72,1473.73,0.39,58.74,72.80,1,1,1.0
778,73,544.26,381.80,32.31,128.77,1,1,1.0
778,74,497.75,282.96,79.49,105.84,1,1,1.0
778,78,1664.85,579.23,94.98,152.05,1,1,1.0
778,86,1040.22,500.12,48.50,64.62,1,1,1.0
778,87,1900.95,918.65,19.05,98.51,1,1,1.0
778,92,1401.75,859.12,92.33,175.67,1,1,1.0
778,95,801.81,445.93,29.66,46.02,1,1,1.0
778,97,931.95,120.86,108.02,165.77,1,1,1.0
778,101,1834.60,340.35,44.44,52.83,1,1,1.0
779,15,1769.97,745.56,119.89,85.04,1,1,1.0
779,67,800.48,410.31,26.66,32.68,1,1,1.0
779,68,117.72,277.20,25.06,21.84,1,1,1.0
779,69,106.62,251.28,24.08,32.48,1,1,1.0
779,72,1474.46,0.31,58.97,72.42,1,1,1.0
779,73,552.35,378.71,32.31,128.77,1,1,1.0
779,74,502.10,281.67,78.73,101.53,1,1,1.0
779,78,1667.06,578.20,95.76,150.64,1,1,1.0
779,86,1043.15,498.83,48.50,64.62,1,1,1.0
779,92,1404.42,857.93,92.34,175.67,1,1,1.0
779,95,799.61,446.96,29.70,42.07,1,1,1.0
779,97,935.52,120.04,108.03,165.76,1,1,1.0
779,101,1834.58,340.45,43.86,50.78,1,1,1.0
780,15,1773.95,744.09,120.59,84.70,1,1,1.0
780,68,115.84,276.24,25.06,21.84,1,1,1.0
780,69,104.82,250.90,24.09,32.47,1,1,1.0
780,72,1474.89,0.28,60.52,72.56,1,1,1.0
780,73,561.98,375.63,32.32,128.77,1,1,1.0
780,74,499.55,280.39,84.88,141.16,1,1,1.0
780,78,1668.67,577.49,94.92,148.83,1,1,1.0
780,86,1046.07,497.54,48.50,64.62,1,1,1.0
780,92,1407.54,855.26,92.34,175.67,1,1,1.0
780,97,938.48,118.56,108.03,165.76,1,1,1.0
780,101,1835.81,339.61,40.53,46.44,1,1,1.0
781,15,1781.26,737.91,120.47,83.83,1,1,1.0
781,68,113.96,275.27,25.05,21.85,1,1,1.0
781,69,102.51,250.13,24.08,32.47,1,1,1.0
781,72,1476.15,0.10,60.37,70.79,1,1,1.0
781,73,571.61,372.55,32.32,128.77,1,1,1.0
781,74,497.00,279.10,91.03,180.80,1,1,1.0
781,78,1670.64,574.35,95.66,149.64,1,1,1.0
781,86,1048.99,496.25,48.50,64.62,1,1,1.0
781,92,1410.67,852.58,92.33,175.67,1,1,1.0
781,97,941.45,117.07,108.03,165.77,1,1,1.0
781,101,1823.30,338.73,48.34,49.53,1,1,1.0
782,15,1785.61,732.03,118.58,85.64,1,1,1.0
782,68,112.08,274.31,25.05,21.84,1,1,1.0
782,69,100.19,249.36,24.09,32.47,1,1,1.0
782,72,1476.15,0.03,60.50,70.07,1,1,1.0
782,73,577.39,370.62,32.32,128.77,1,1,1.0
782,74,497.90,277.82,93.72,182.83,1,1,1.0
782,78,1672.00,573.63,94.44,148.49,1,1,1.0
782,86,1051.92,494.96,48.50,64.62,1,1,1.0
782,92,1413.79,849.91,92.33,175.67,1,1,1.0
782,97,944.42,115.59,108.03,165.76,1,1,1.0
782,100,76.59,157.48,20.22,25.45,1,1,1.0
782,101,1822.99,337.58,47.53,50.53,1,1,1.0
783,15,1788.57,730.21,119.58,86.45,1,1,1.0
783,68,109.88,273.48,24.96,22.53,1,1,1.0
783,69,97.88,248.59,24.09,32.47,1,1,1.0
783,72,1476.49,0.05,60.42,70.53,1,1,1.0
783,73,583.17,368.70,32.32,128.77,1,1,1.0
783,74,498.80,276.54,96.42,184.86,1,1,1.0
783,78,1673.15,572.87,93.85,147.14,1,1,1.0
783,86,1054.84,493.67,48.50,64.62,1,1,1.0
783,92,1416.91,847.23,92.33,175.67,1,1,1.0
783,97,947.39,114.10,108.02,165.77,1,1,1.0
783,100,75.02,154.70,20.23,27.51,1,1,1.0
783,101,1824.09,339.20,45.46,42.49,1,1,1.0
784,15,1789.62,728.88,119.75,86.69,1,1,1.0
784,68,107.67,272.65,24.88,23.23,1,1,1.0
784,69,95.57,247.82,24.09,32.47,1,1,1.0
784,72,1476.05,0.07,60.57,70.68,1,1,1.0
784,73,587.41,367.54,32.32,128.77,1,1,1.0
784,74,498.80,274.60,98.54,186.80,1,1,1.0
784,78,1672.64,571.37,94.34,147.96,1,1,1.0
784,86,1057.77,492.38,48.50,64.62,1,1,1.0
784,92,1417.20,846.34,92.34,175.67,1,1,1.0
784,97,950.35,112.62,108.03,165.77,1,1,1.0
784,100,73.46,151.91,20.22,29.59,1,1,1.0
784,101,1820.17,338.77,45.72,42.55,1,1,1.0
785,15,1790.74,727.82,118.95,85.95,1,1,1.0
785,68,105.47,271.82,24.79,23.92,1,1,1.0
785,69,93.26,247.04,24.08,32.48,1,1,1.0
785,72,1474.84,0.13,60.44,71.04,1,1,1.0
785,73,591.65,366.38,32.31,128.78,1,1,1.0
785,74,498.80,272.67,100.66,188.73,1,1,1.0
785,78,1672.58,569.98,94.13,148.35,1,1,1.0
785,86,1060.69,491.09,48.50,64.62,1,1,1.0
785,92,1417.50,845.45,92.33,175.67,1,1,1.0
785,97,951.06,112.27,108.03,164.52,1,1,1.0
785,100,70.93,151.65,20.23,29.59,1,1,1.0
785,101,1822.16,337.36,41.92,36.21,1,1,1.0
786,15,1794.85,725.77,117.47,83.26,1,1,1.0
786,68,103.27,270.99,24.70,24.61,1,1,1.0
786,69,90.85,246.24,24.08,32.48,1,1,1.0
786,72,1473.51,0.28,60.74,70.73,1,1,1.0
786,73,595.89,364.84,32.31,128.77,1,1,1.0
786,74,498.80,270.73,102.78,190.67,1,1,1.0
786,78,1671.48,567.11,94.79,149.94,1,1,1.0
786,86,1063.61,489.80,48.50,64.62,1,1,1.0
786,92,1417.80,844.56,92.33,175.67,1,1,1.0
786,97,951.77,111.91,108.03,163.29,1,1,1.0
786,100,68.41,151.39,20.22,29.59,1,1,1.0
786,101,1820.08,338.23,38.76,42.57,1,1,1.0
787,15,1795.53,723.36,118.14,82.94,1,1,1.0
787,68,101.07,270.16,24.61,25.30,1,1,1.0
787,69,88.44,245.44,24.09,32.47,1,1,1.0
787,72,1472.69,0.30,60.10,68.76,1,1,1.0
787,73,600.12,363.30,32.32,128.77,1,1,1.0
787,74,498.80,268.80,104.90,192.60,1,1,1.0
787,78,1671.15,564.50,94.02,151.16,1,1,1.0
787,86,1066.27,488.54,45.84,64.62,1,1,1.0
787,90,1045.53,1041.18,30.62,38.82,1,1,1.0
787,92,1418.02,841.66,92.33,175.67,1,1,1.0
787,97,952.48,111.56,108.03,162.04,1,1,1.0
787,100,65.88,151.13,20.23,29.59,1,1,1.0
787,101,1817.55,338.03,38.30,32.59,1,1,1.0
788,15,1796.14,720.58,119.06,83.41,1,1,1.0
788,68,98.86,269.33,24.53,26.00,1,1,1.0
788,69,86.03,244.64,24.09,32.47,1,1,1.0
788,72,1472.06,0.23,60.21,67.70,1,1,1.0
788,73,603.21,357.52,32.31,128.77,1,1,1.0
788,74,499.27,267.73,104.03,190.58,1,1,1.0
788,78,1671.16,563.91,93.52,151.70,1,1,1.0
788,86,1068.94,487.29,43.17,64.62,1,1,1.0
788,90,1047.05,1038.65,32.10,41.35,1,1,1.0
788,92,1418.24,838.77,92.34,175.67,1,1,1.0
788,97,953.90,110.14,108.03,162.04,1,1,1.0
788,100,63.36,150.87,20.23,29.59,1,1,1.0
788,101,1813.73,337.71,41.02,34.56,1,1,1.0
789,15,1797.70,716.40,118.66,86.24,1,1,1.0
789,68,96.66,268.50,24.44,26.69,1,1,1.0
789,69,83.62,243.83,24.09,32.48,1,1,1.0
789,72,1471.32,0.09,60.14,66.76,1,1,1.0
789,73,606.29,351.74,32.31,128.77,1,1,1.0
789,74,499.73,266.67,103.17,188.56,1,1,1.0
789,78,1671.17,562.47,93.44,151.51,1,1,1.0
789,86,1071.60,486.03,40.51,64.62,1,1,1.0
789,90,1048.41,1035.08,33.76,44.92,1,1,1.0
789,92,1418.47,835.87,92.33,175.67,1,1,1.0
789,97,955.32,108.72,108.03,162.04,1,1,1.0
789,100,61.69,149.62,20.22,29.92,1,1,1.0
789,101,1811.26,337.31,40.81,33.94,1,1,1.0
790,15,1800.05,713.86,118.51,84.24,1,1,1.0
790,68,95.38,268.50,24.44,26.69,1,1,1.0
790,69,81.21,243.03,24.09,32.48,1,1,1.0
790,72,1471.89,0.00,60.15,66.55,1,1,1.0
790,73,611.68,350.20,32.32,128.77,1,1,1.0
790,74,500.20,265.60,102.30,186.54,1,1,1.0
790,78,1671.22,562.04,93.26,148.97,1,1,1.0
790,86,1074.26,484.77,37.85,64.62,1,1,1.0
790,90,1051.22,1031.83,32.91,48.17,1,1,1.0
790,92,1418.69,832.97,92.33,175.67,1,1,1.0
790,97,956.74,107.30,108.03,162.04,1,1,1.0
790,100,60.02,148.36,20.22,30.27,1,1,1.0
790,101,1809.41,336.30,40.75,32.91,1,1,1.0
791,15,1802.05,707.94,116.00,87.66,1,1,1.0
791,68,94.34,268.21,24.33,26.50,1,1,1.0
791,69,78.80,242.23,24.09,32.47,1,1,1.0
791,72,1470.84,0.00,60.48,65.50,1,1,1.0
791,73,617.08,348.66,32.31,128.77,1,1,1.0
791,74,503.25,292.77,101.41,156.29,1,1,1.0
791,78,1670.53,559.84,94.54,149.93,1,1,1.0
791,86,1076.92,483.51,35.19,64.62,1,1,1.0
791,90,1055.87,1029.32,31.22,50.68,1,1,1.0
791,92,1421.36,830.74,92.34,175.67,1,1,1.0
791,97,958.16,105.88,108.03,162.04,1,1,1.0
791,100,58.35,147.11,20.22,30.61,1,1,1.0
791,101,1804.13,336.44,43.20,31.53,1,1,1.0
792,15,1805.66,706.80,112.87,84.00,1,1,1.0
792,68,93.30,267.92,24.22,26.30,1,1,1.0
792,69,77.91,241.87,24.09,32.48,1,1,1.0
792,72,1470.91,0.00,60.76,65.57,1,1,1.0
792,73,622.47,348.28,32.32,128.77,1,1,1.0
792,74,506.30,319.93,100.52,126.04,1,1,1.0
792,78,1670.80,559.31,95.58,149.48,1,1,1.0
792,86,1079.58,482.25,32.53,64.62,1,1,1.0
792,90,1058.98,1026.08,30.82,53.92,1,1,1.0
792,92,1424.04,828.51,92.33,175.67,1,1,1.0
792,97,959.58,104.46,108.02,162.05,1,1,1.0
792,100,56.68,145.86,20.22,30.95,1,1,1.0
792,101,1803.96,335.96,40.75,32.57,1,1,1.0
793,15,1807.48,705.47,111.38,83.08,1,1,1.0
793,68,92.26,267.62,24.10,26.12,1,1,1.0
793,69,77.02,241.51,24.09,32.48,1,1,1.0
793,72,1471.26,0.00,60.79,65.12,1,1,1.0
793,73,627.87,347.89,32.31,128.77,1,1,1.0
793,74,509.34,347.10,99.64,95.79,1,1,1.0
793,78,1672.01,558.64,94.30,147.21,1,1,1.0
793,86,1082.24,481.00,29.87,64.62,1,1,1.0
793,90,1063.92,1022.65,31.58,57.35,1,1,1.0
793,92,1426.71,826.28,92.34,175.67,1,1,1.0
793,97,961.00,103.04,108.02,162.05,1,1,1.0
793,100,55.01,144.60,20.22,31.30,1,1,1.0
793,101,1800.64,335.74,42.18,32.07,1,1,1.0
794,15,1811.18,703.84,107.67,82.79,1,1,1.0
794,68,91.22,267.33,23.99,25.93,1,1,1.0
794,69,76.13,241.16,24.08,32.47,1,1,1.0
794,72,1472.30,0.00,59.91,65.36,1,1,1.0
794,73,636.34,342.11,32.32,128.77,1,1,1.0
794,74,511.10,351.30,98.76,88.50,1,1,1.0
794,78,1673.47,558.80,93.89,146.79,1,1,1.0
794,86,1084.90,479.74,27.21,64.62,1,1,1.0
794,90,1068.29,1021.10,30.26,58.80,1,1,1.0
794,92,1429.39,824.05,92.33,175.67,1,1,1.0
794,93,768.25,292.31,31.71,42.59,1,1,1.0
794,97,964.90,102.78,108.03,162.04,1,1,1.0
794,100,53.79,144.69,20.22,31.30,1,1,1.0
794,101,1797.69,335.81,44.03,32.42,1,1,1.0
795,15,1813.39,701.91,105.95,83.44,1,1,1.0
795,68,90.18,267.04,23.88,25.74,1,1,1.0
795,69,75.23,240.80,24.09,32.47,1,1,1.0
795,72,1473.11,0.00,59.52,65.71,1,1,1.0
795,73,644.82,336.33,32.31,128.77,1,1,1.0
795,74,515.72,344.90,96.77,95.06,1,1,1.0
795,78,1674.64,558.53,93.33,147.04,1,1,1.0
795,86,1091.05,475.83,27.21,64.62,1,1,1.0
795,90,1071.87,1020.20,30.74,59.80,1,1,1.0
795,92,1432.73,823.39,91.89,173.21,1,1,1.0
795,93,768.01,292.61,30.81,42.18,1,1,1.0
795,97,968.80,102.51,108.03,162.04,1,1,1.0
795,100,52.57,144.78,20.23,31.29,1,1,1.0
795,101,1795.89,335.71,44.25,32.59,1,1,1.0
796,15,1821.92,698.77,98.08,84.76,1,1,1.0
796,68,89.14,266.75,23.77,25.55,1,1,1.0
796,69,74.34,240.44,24.09,32.48,1,1,1.0
796,72,1473.74,0.00,61.50,65.19,1,1,1.0
796,73,655.22,337.10,32.32,128.77,1,1,1.0
796,74,520.35,342.25,92.05,97.87,1,1,1.0
796,78,1676.79,558.61,93.76,144.60,1,1,1.0
796,86,1097.20,471.91,27.21,64.62,1,1,1.0
796,90,1082.03,1020.07,31.97,59.93,1,1,1.0
796,92,1436.08,822.73,91.43,170.75,1,1,1.0
796,93,765.88,296.60,29.92,38.32,1,1,1.0
796,97,972.70,102.25,108.03,162.04,1,1,1.0
796,100,51.35,144.86,20.23,31.30,1,1,1.0
796,101,1793.86,335.84,43.77,32.81,1,1,1.0
797,15,1827.48,697.77,91.99,82.40,1,1,1.0
797,68,88.10,266.46,23.66,25.36,1,1,1.0
797,69,73.45,240.09,24.09,32.47,1,1,1.0
797,72,1474.81,0.00,61.20,65.85,1,1,1.0
797,73,665.62,337.87,32.32,128.77,1,1,1.0
797,74,524.97,339.61,87.33,100.67,1,1,1.0
797,78,1678.23,557.49,94.05,145.00,1,1,1.0
797,90,1087.34,1017.76,30.42,62.24,1,1,1.0
797,92,1439.42,822.06,90.99,168.30,1,1,1.0
797,93,764.76,291.20,33.17,43.58,1,1,1.0
797,97,976.60,101.98,108.03,162.04,1,1,1.0
797,100,50.13,144.95,20.23,31.30,1,1,1.0
797,101,1790.99,335.76,45.71,33.08,1,1,1.0
798,15,1835.56,697.66,84.44,82.10,1,1,1.0
798,68,87.06,266.17,23.55,25.16,1,1,1.0
798,69,72.56,239.73,24.08,32.47,1,1,1.0
798,72,1476.22,0.00,60.44,66.07,1,1,1.0
798,73,672.95,337.10,32.31,128.77,1,1,1.0
798,74,529.59,336.96,88.06,103.48,1,1,1.0
798,78,1681.72,557.20,92.23,143.83,1,1,1.0
798,90,1092.02,1016.41,35.37,63.59,1,1,1.0
798,92,1442.76,821.40,90.54,165.84,1,1,1.0
798,93,764.22,291.25,33.37,42.39,1,1,1.0
798,97,980.51,101.71,108.02,162.05,1,1,1.0
798,100,49.79,144.39,20.22,31.30,1,1,1.0
798,101,1790.47,335.94,45.96,32.77,1,1,1.0
799,15,1840.46,697.28,79.54,80.46,1,1,1.0
799,68,86.02,265.88,23.44,24.97,1,1,1.0
799,69,71.66,239.37,24.09,32.48,1,1,1.0
799,72,1477.51,0.00,60.70,65.37,1,1,1.0
799,73,680.27,336.33,32.31,128.77,1,1,1.0
799,74,534.22,334.31,88.78,106.29,1,1,1.0
799,78,1684.64,555.37,91.52,144.59,1,1,1.0
799,90,1099.41,1015.51,32.29,64.49,1,1,1.0
799,92,1446.55,818.73,90.54,165.84,1,1,1.0
799,93,764.37,292.18,33.17,41.28,1,1,1.0
799,97,984.41,101.45,108.03,162.04,1,1,1.0
799,100,49.44,143.84,20.22,31.29,1,1,1.0
799,101,1789.27,336.10,46.49,33.04,1,1,1.0
800,15,1845.50,697.90,74.50,78.23,1,1,1.0
800,68,84.98,265.58,23.33,24.79,1,1,1.0
800,69,70.77,239.02,24.09,32.47,1,1,1.0
800,72,1479.10,0.00,60.86,65.20,1,1,1.0
800,73,694.52,334.79,32.32,128.77,1,1,1.0
800,74,541.16,328.92,89.94,107.83,1,1,1.0
800,78,1686.86,553.47,92.04,145.28,1,1,1.0
800,90,1105.57,1015.33,30.45,64.64,1,1,1.0
800,92,1450.34,816.05,90.54,165.84,1,1,1.0
800,93,764.63,293.59,32.55,39.63,1,1,1.0
800,97,988.31,100.65,108.03,162.04,1,1,1.0
800,100,49.09,143.28,20.22,31.30,1,1,1.0
800,101,1788.77,336.81,46.45,32.20,1,1,1.0
801,15,1856.34,696.49,63.66,77.31,1,1,1.0
801,52,404.95,93.65,34.22,91.15,1,1,1.0
801,68,83.94,265.29,23.22,24.60,1,1,1.0
801,69,69.81,238.65,24.09,32.47,1,1,1.0
801,72,1482.54,0.00,61.52,65.81,1,1,1.0
801,73,708.78,333.25,32.31,128.77,1,1,1.0
801,74,548.10,323.52,91.10,109.38,1,1,1.0
801,78,1691.83,551.63,92.72,145.61,1,1,1.0
801,90,1118.34,1012.66,31.41,67.03,1,1,1.0
801,92,1454.13,813.38,90.54,165.84,1,1,1.0
801,93,767.14,296.50,26.46,37.32,1,1,1.0
801,97,992.21,99.85,108.03,162.04,1,1,1.0
801,100,48.74,142.72,20.23,31.30,1,1,1.0
801,101,1791.68,336.65,41.74,32.83,1,1,1.0
802,15,1859.24,695.48,60.76,75.80,1,1,1.0
802,68,82.90,265.00,23.11,24.41,1,1,1.0
802,69,68.84,238.28,24.09,32.48,1,1,1.0
802,72,1483.78,0.00,61.83,64.62,1,1,1.0
802,73,715.33,331.32,32.32,128.77,1,1,1.0
802,74,552.34,320.63,91.10,111.70,1,1,1.0
802,78,1692.97,549.24,93.54,146.40,1,1,1.0
802,90,1124.79,1009.55,31.65,69.81,1,1,1.0
802,92,1457.92,810.70,90.54,165.84,1,1,1.0
802,93,767.67,293.53,28.82,39.77,1,1,1.0
802,97,996.11,99.05,108.03,162.05,1,1,1.0
802,100,48.39,142.17,20.23,31.29,1,1,1.0
802,101,1789.77,336.13,42.60,31.59,1,1,1.0
803,15,1862.03,696.16,57.97,73.43,1,1,1.0
803,68,82.31,264.63,23.11,24.40,1,1,1.0
803,69,67.88,237.91,24.09,32.48,1,1,1.0
803,72,1484.88,0.00,62.15,64.45,1,1,1.0
803,73,721.88,329.40,32.32,128.77,1,1,1.0
803,74,556.58,317.74,91.10,114.01,1,1,1.0
803,78,1695.11,548.85,93.33,145.65,1,1,1.0
803,90,1130.00,1009.80,29.70,69.08,1,1,1.0
803,92,1460.89,811.59,90.54,165.85,1,1,1.0
803,93,768.00,294.40,28.14,38.06,1,1,1.0
803,97,1000.02,98.25,108.02,162.05,1,1,1.0
803,100,47.64,141.70,20.22,31.30,1,1,1.0
803,101,1788.87,335.83,42.93,31.58,1,1,1.0
804,15,1865.48,693.40,54.52,73.28,1,1,1.0
804,53,435.78,88.51,34.71,92.94,1,1,1.0
804,68,81.72,264.25,23.11,24.41,1,1,1.0
804,69,66.92,237.55,24.08,32.47,1,1,1.0
804,72,1485.70,0.00,62.39,64.73,1,1,1.0
804,73,728.05,329.01,32.31,128.77,1,1,1.0
804,74,560.81,314.85,91.10,116.33,1,1,1.0
804,78,1695.99,548.15,93.94,143.82,1,1,1.0
804,90,1134.08,1004.92,28.78,74.00,1,1,1.0
804,92,1463.86,812.49,90.54,165.84,1,1,1.0
804,93,768.10,295.02,27.52,36.50,1,1,1.0
804,97,1003.92,97.46,108.03,162.04,1,1,1.0
804,100,46.89,141.24,20.22,31.29,1,1,1.0
804,101,1787.72,335.40,42.70,31.08,1,1,1.0
805,15,1869.30,691.41,50.70,71.39,1,1,1.0
805,53,443.85,85.77,35.70,92.23,1,1,1.0
805,68,81.13,263.88,23.11,24.40,1,1,1.0
805,69,65.95,237.18,24.09,32.47,1,1,1.0
805,72,1486.40,0.00,62.22,64.54,1,1,1.0
805,73,734.21,328.62,32.32,128.78,1,1,1.0
805,74,565.05,311.96,91.10,118.64,1,1,1.0
805,78,1697.38,547.20,94.01,145.80,1,1,1.0
805,90,1138.37,1002.66,30.91,74.58,1,1,1.0
805,92,1466.84,813.38,90.53,165.84,1,1,1.0
805,97,1007.82,96.66,108.03,162.04,1,1,1.0
805,100,46.13,140.77,20.23,31.30,1,1,1.0
805,101,1789.38,334.82,39.82,32.10,1,1,1.0
806,15,1874.58,688.20,45.42,71.89,1,1,1.0
806,53,459.95,80.80,35.13,95.38,1,1,1.0
806,68,80.54,263.50,23.11,24.41,1,1,1.0
806,69,64.99,236.81,24.09,32.48,1,1,1.0
806,72,1486.78,0.00,61.75,63.10,1,1,1.0
806,73,742.30,324.77,32.32,128.77,1,1,1.0
806,74,567.56,308.11,92.63,121.52,1,1,1.0
806,78,1699.99,545.09,93.18,143.97,1,1,1.0
806,90,1145.48,998.08,31.28,76.11,1,1,1.0
806,92,1468.84,810.48,90.54,165.84,1,1,1.0
806,97,1011.01,95.14,108.03,161.73,1,1,1.0
806,100,45.38,140.31,20.22,31.30,1,1,1.0
806,101,1787.30,334.20,38.42,32.00,1,1,1.0
807,15,1877.23,685.28,42.77,72.82,1,1,1.0
807,53,466.85,77.10,34.44,95.14,1,1,1.0
807,68,79.96,263.13,23.10,24.40,1,1,1.0
807,69,64.03,236.45,24.08,32.47,1,1,1.0
807,72,1487.00,0.00,62.48,62.79,1,1,1.0
807,73,750.39,320.92,32.32,128.77,1,1,1.0
807,74,570.06,304.26,94.17,124.39,1,1,1.0
807,78,1700.94,544.36,93.23,143.50,1,1,1.0
807,90,1147.83,993.62,31.75,79.45,1,1,1.0
807,92,1470.85,807.58,90.53,165.84,1,1,1.0
807,95,765.45,445.84,23.47,36.42,1,1,1.0
807,97,1014.21,93.61,108.02,161.43,1,1,1.0
807,100,44.62,139.85,20.23,31.29,1,1,1.0
807,101,1786.49,333.73,38.48,32.04,1,1,1.0
808,15,1880.75,684.11,39.25,71.66,1,1,1.0
808,68,79.37,262.75,23.10,24.41,1,1,1.0
808,69,63.66,235.89,24.09,32.47,1,1,1.0
808,72,1488.19,0.00,61.83,62.20,1,1,1.0
808,73,756.56,316.68,32.31,128.77,1,1,1.0
808,74,572.57,300.40,95.69,127.28,1,1,1.0
808,78,1702.45,542.68,93.07,143.16,1,1,1.0
808,90,1151.19,988.21,33.19,76.50,1,1,1.0
808,92,1472.85,804.68,90.54,165.85,1,1,1.0
808,95,764.12,440.84,27.07,40.27,1,1,1.0
808,97,1017.40,92.09,108.03,161.13,1,1,1.0
808,100,43.87,139.38,20.22,31.30,1,1,1.0
808,101,1784.90,332.16,39.53,32.78,1,1,1.0
809,15,1884.02,684.35,35.98,69.67,1,1,1.0
809,68,78.60,262.03,23.11,24.41,1,1,1.0
809,69,63.30,235.32,24.09,32.48,1,1,1.0
809,72,1489.18,0.00,61.88,61.91,1,1,1.0
809,73,762.72,312.45,32.32,128.77,1,1,1.0
809,74,575.07,296.55,97.23,130.15,1,1,1.0
809,78,1704.06,541.83,92.79,142.47,1,1,1.0
809,82,1195.10,1038.65,80.29,41.35,1,1,1.0
809,90,1157.29,982.30,31.19,82.51,1,1,1.0
809,92,1474.86,801.79,90.54,165.84,1,1,1.0
809,95,763.26,436.91,29.54,43.42,1,1,1.0
809,97,1020.59,90.57,108.03,160.82,1,1,1.0
809,100,43.38,138.62,20.23,31.29,1,1,1.0
809,101,1785.74,332.19,37.01,32.17,1,1,1.0
810,15,1887.64,683.49,32.36,64.68,1,1,1.0
810,68,77.84,261.31,23.11,24.40,1,1,1.0
810,69,62.94,234.76,24.09,32.47,1,1,1.0
810,72,1489.68,0.00,62.06,60.97,1,1,1.0
810,73,770.43,310.90,32.31,128.77,1,1,1.0
810,74,579.95,289.10,97.23,135.30,1,1,1.0
810,78,1705.11,537.62,92.33,145.16,1,1,1.0
810,82,1196.12,1034.56,75.65,45.35,1,1,1.0
810,90,1160.72,980.82,30.52,80.70,1,1,1.0
810,92,1478.13,800.00,90.54,165.84,1,1,1.0
810,95,762.38,435.77,30.35,43.33,1,1,1.0
810,97,1023.78,89.05,108.03,160.51,1,1,1.0
810,100,42.89,137.85,20.23,31.30,1,1,1.0
810,101,1782.89,331.76,39.26,33.06,1,1,1.0
811,15,1891.44,674.21,28.56,69.14,1,1,1.0
811,68,77.08,260.58,23.11,24.41,1,1,1.0
811,69,62.58,234.20,24.09,32.47,1,1,1.0
811,72,1491.39,0.00,62.07,58.03,1,1,1.0
811,73,778.13,309.36,32.32,128.77,1,1,1.0
811,74,584.83,281.65,97.23,140.45,1,1,1.0
811,78,1706.69,533.99,92.83,145.68,1,1,1.0
811,82,1199.11,1031.30,87.21,48.61,1,1,1.0
811,90,1168.46,971.82,32.57,80.42,1,1,1.0
811,92,1481.40,798.22,90.53,165.84,1,1,1.0
811,95,761.49,434.01,30.44,44.12,1,1,1.0
811,97,1026.98,87.52,108.02,160.21,1,1,1.0
811,100,42.41,137.08,20.22,31.30,1,1,1.0
811,101,1778.94,330.84,42.15,46.74,1,1,1.0
812,15,1894.59,675.37,25.41,65.19,1,1,1.0
812,68,76.32,259.86,23.10,24.41,1,1,1.0
812,69,62.22,233.64,24.09,32.47,1,1,1.0
812,72,1492.72,0.00,60.69,56.99,1,1,1.0
812,73,782.76,305.13,32.31,128.77,1,1,1.0
812,74,589.71,274.20,97.23,145.60,1,1,1.0
812,78,1707.96,533.38,92.96,145.02,1,1,1.0
812,82,1200.21,1028.88,93.26,50.95,1,1,1.0
812,90,1172.74,971.11,31.49,77.98,1,1,1.0
812,92,1484.67,796.44,90.53,165.84,1,1,1.0
812,95,761.14,434.16,30.45,43.76,1,1,1.0
812,97,1030.17,86.00,108.03,159.90,1,1,1.0
812,100,41.92,136.32,20.22,31.29,1,1,1.0
812,101,1777.96,330.70,42.39,47.67,1,1,1.0
813,15,1896.82,673.73,23.18,65.10,1,1,1.0
813,67,764.36,399.99,28.38,38.70,1,1,1.0
813,68,75.55,259.14,23.11,24.41,1,1,1.0
813,69,61.86,233.07,24.08,32.48,1,1,1.0
813,72,1493.15,0.00,61.06,56.76,1,1,1.0
813,73,787.38,300.89,32.31,128.77,1,1,1.0
813,74,592.99,270.54,98.19,148.29,1,1,1.0
813,78,1709.94,533.13,91.68,144.53,1,1,1.0
813,82,1204.13,1028.38,90.07,51.43,1,1,1.0
813,90,1176.13,973.43,30.09,72.55,1,1,1.0
813,92,1486.75,795.54,90.53,165.85,1,1,1.0
813,95,760.54,434.18,31.13,44.66,1,1,1.0
813,97,1032.60,84.63,108.03,159.90,1,1,1.0
813,100,41.43,135.55,20.23,31.30,1,1,1.0
813,101,1776.39,331.08,43.90,45.69,1,1,1.0
814,67,763.28,399.78,28.38,38.70,1,1,1.0
814,68,74.79,258.42,23.11,24.40,1,1,1.0
814,69,61.50,232.51,24.08,32.48,1,1,1.0
814,72,1493.52,0.00,60.94,57.71,1,1,1.0
814,73,792.77,300.12,32.32,128.77,1,1,1.0
814,74,596.26,266.88,99.16,150.97,1,1,1.0
814,78,1709.62,532.61,92.70,142.70,1,1,1.0
814,82,1205.08,1026.02,87.68,53.98,1,1,1.0
814,90,1179.39,971.09,30.29,74.51,1,1,1.0
814,92,1488.83,794.65,90.53,165.85,1,1,1.0
814,95,760.03,434.26,30.82,44.31,1,1,1.0
814,97,1035.03,83.26,108.03,159.90,1,1,1.0
814,100,41.13,134.66,20.23,31.29,1,1,1.0
814,101,1773.29,330.65,46.07,39.26,1,1,1.0
815,67,762.21,399.56,28.38,38.70,1,1,1.0
815,68,74.03,257.69,23.10,24.41,1,1,1.0
815,69,61.13,231.95,24.09,32.47,1,1,1.0
815,72,1495.23,0.00,60.86,58.40,1,1,1.0
815,73,798.17,299.35,32.31,128.77,1,1,1.0
815,74,599.54,263.22,100.12,153.66,1,1,1.0
815,78,1711.71,532.03,91.60,142.15,1,1,1.0
815,82,1212.06,1024.22,85.83,55.45,1,1,1.0
815,90,1183.14,972.65,30.16,71.04,1,1,1.0
815,92,1490.91,793.76,90.53,165.84,1,1,1.0
815,95,759.93,434.25,30.60,44.03,1,1,1.0
815,97,1037.46,81.90,108.03,159.90,1,1,1.0
815,100,40.84,133.76,20.22,31.30,1,1,1.0
815,101,1772.59,330.16,46.10,34.17,1,1,1.0
816,67,761.14,399.35,28.37,38.70,1,1,1.0
816,68,73.27,256.97,23.10,24.41,1,1,1.0
816,69,60.54,230.89,24.09,32.48,1,1,1.0
816,72,1496.77,0.00,61.65,57.97,1,1,1.0
816,73,803.95,294.34,32.31,128.77,1,1,1.0
816,74,602.81,259.56,101.09,156.34,1,1,1.0
816,78,1714.98,529.29,90.41,142.00,1,1,1.0
816,82,1214.22,1019.68,91.82,59.92,1,1,1.0
816,90,1190.53,965.90,29.17,75.42,1,1,1.0
816,92,1492.69,791.09,90.54,165.84,1,1,1.0
816,95,759.19,433.67,30.22,43.94,1,1,1.0
816,97,1039.90,80.53,108.02,159.90,1,1,1.0
816,100,40.54,132.87,20.22,31.29,1,1,1.0
816,101,1773.50,330.04,43.66,45.36,1,1,1.0
817,67,760.06,399.13,28.38,38.70,1,1,1.0
817,68,73.04,255.85,23.11,24.40,1,1,1.0
817,69,59.94,229.84,24.09,32.47,1,1,1.0
817,72,1497.34,0.00,63.00,56.36,1,1,1.0
817,73,809.72,289.33,32.32,128.77,1,1,1.0
817,74,605.43,255.40,101.09,157.58,1,1,1.0
817,78,1716.36,528.46,90.68,140.53,1,1,1.0
817,82,1218.77,1017.42,87.31,62.19,1,1,1.0
817,90,1194.50,968.00,26.28,71.05,1,1,1.0
817,92,1494.47,788.41,90.54,165.84,1,1,1.0
817,95,758.99,433.33,30.12,44.25,1,1,1.0
817,97,1042.33,79.16,108.03,159.90,1,1,1.0
817,100,40.24,131.97,20.22,31.30,1,1,1.0
817,101,1770.54,329.54,45.27,32.50,1,1,1.0
818,54,1421.88,1030.05,31.06,49.95,1,1,1.0
818,67,759.88,397.97,28.37,38.69,1,1,1.0
818,68,72.82,254.72,23.10,24.41,1,1,1.0
818,69,59.35,228.78,24.08,32.48,1,1,1.0
818,72,1497.93,0.09,62.65,54.44,1,1,1.0
818,73,814.35,287.79,32.31,128.77,1,1,1.0
818,74,608.05,251.24,101.09,158.82,1,1,1.0
818,78,1717.62,528.54,91.03,138.89,1,1,1.0
818,82,1218.55,1017.49,92.39,62.10,1,1,1.0
818,90,1196.31,960.15,30.69,77.32,1,1,1.0
818,92,1496.26,785.74,90.53,165.84,1,1,1.0
818,95,758.68,432.99,30.17,43.56,1,1,1.0
818,97,1044.76,77.79,108.03,159.90,1,1,1.0
818,100,39.94,131.08,20.22,31.29,1,1,1.0
818,101,1769.58,328.64,45.87,32.80,1,1,1.0
819,67,759.69,396.80,28.38,38.70,1,1,1.0
819,68,72.59,253.60,23.11,24.41,1,1,1.0
819,69,58.75,227.73,24.09,32.47,1,1,1.0
819,72,1498.66,0.03,63.12,52.22,1,1,1.0
819,73,818.97,286.25,32.32,128.77,1,1,1.0
819,74,610.67,247.08,101.09,160.06,1,1,1.0
819,78,1719.72,524.05,90.02,140.80,1,1,1.0
819,82,1224.03,1014.09,107.30,65.74,1,1,1.0
819,90,1199.64,959.66,29.50,73.00,1,1,1.0
819,92,1498.71,782.62,90.54,165.84,1,1,1.0
819,95,758.51,432.05,29.92,44.43,1,1,1.0
819,97,1047.19,76.42,108.03,159.90,1,1,1.0
819,100,39.64,130.18,20.23,31.30,1,1,1.0
819,101,1766.68,328.18,49.05,32.44,1,1,1.0
820,67,759.51,395.63,28.38,38.70,1,1,1.0
820,68,72.37,252.47,23.10,24.41,1,1,1.0
820,69,58.15,226.67,24.09,32.48,1,1,1.0
820,72,1499.79,0.00,61.92,51.19,1,1,1.0
820,73,825.52,281.62,32.31,128.77,1,1,1.0
820,74,613.29,242.92,101.09,161.30,1,1,1.0
820,78,1720.43,520.67,90.50,141.64,1,1,1.0
820,82,1227.36,1009.94,108.29,69.43,1,1,1.0
820,90,1202.45,958.11,30.00,69.09,1,1,1.0
820,92,1501.16,779.50,90.54,165.84,1,1,1.0
820,95,758.69,431.07,29.84,44.17,1,1,1.0
820,97,1049.68,74.20,108.02,159.20,1,1,1.0
820,100,39.34,129.29,20.23,31.29,1,1,1.0
820,101,1767.18,327.42,47.98,29.57,1,1,1.0
821,67,759.32,394.46,28.38,38.70,1,1,1.0
821,68,72.14,251.35,23.11,24.41,1,1,1.0
821,69,57.56,225.62,24.08,32.47,1,1,1.0
821,72,1500.91,0.21,60.98,46.55,1,1,1.0
821,73,832.07,277.00,32.31,128.77,1,1,1.0
821,74,615.91,238.75,101.09,162.55,1,1,1.0
821,78,1722.57,517.00,90.86,140.80,1,1,1.0
821,82,1229.81,1005.50,107.90,74.33,1,1,1.0
821,90,1207.39,944.62,31.40,76.67,1,1,1.0
821,92,1503.61,776.38,90.54,165.84,1,1,1.0
821,95,758.34,429.05,28.72,43.96,1,1,1.0
821,97,1052.16,71.99,108.03,158.49,1,1,1.0
821,100,39.00,128.13,20.22,31.29,1,1,1.0
821,101,1769.74,324.30,47.20,28.81,1,1,1.0
822,67,759.14,393.30,28.38,38.70,1,1,1.0
822,68,71.92,250.23,23.10,24.40,1,1,1.0
822,69,56.96,224.56,24.09,32.48,1,1,1.0
822,72,1500.55,0.02,61.99,45.17,1,1,1.0
822,73,836.69,273.53,32.32,128.77,1,1,1.0
822,74,618.03,237.02,102.04,162.55,1,1,1.0
822,78,1724.80,514.62,90.11,142.13,1,1,1.0
822,82,1233.25,1001.45,108.04,78.19,1,1,1.0
822,90,1211.70,942.54,31.83,74.93,1,1,1.0
822,92,1506.07,773.26,90.53,165.84,1,1,1.0
822,95,758.38,427.67,28.02,44.47,1,1,1.0
822,97,1054.64,69.77,108.03,157.79,1,1,1.0
822,100,38.65,126.97,20.22,31.29,1,1,1.0
822,101,1767.75,322.74,48.88,28.68,1,1,1.0
823,67,758.95,392.13,28.38,38.70,1,1,1.0
823,68,71.69,249.10,23.11,24.41,1,1,1.0
823,69,56.96,223.36,24.09,32.47,1,1,1.0
823,72,1501.56,0.00,61.45,43.80,1,1,1.0
823,73,841.31,270.06,32.32,128.77,1,1,1.0
823,74,620.15,235.29,103.00,162.54,1,1,1.0
823,78,1725.56,515.05,91.27,139.60,1,1,1.0
823,82,1236.44,996.97,106.60,83.03,1,1,1.0
823,90,1215.84,939.99,31.38,76.25,1,1,1.0
823,92,1506.51,770.13,90.54,165.85,1,1,1.0
823,95,758.33,426.56,27.81,44.77,1,1,1.0
823,97,1057.13,67.55,108.02,157.09,1,1,1.0
823,100,38.30,125.81,20.22,31.29,1,1,1.0
823,101,1766.05,321.25,49.63,29.07,1,1,1.0
824,67,758.77,390.96,28.38,38.70,1,1,1.0
824,68,71.47,247.98,23.10,24.40,1,1,1.0
824,69,56.96,222.15,24.09,32.48,1,1,1.0
824,72,1503.97,0.03,60.86,42.10,1,1,1.0
824,73,846.32,267.37,32.32,128.77,1,1,1.0
824,74,622.27,233.55,103.95,162.55,1,1,1.0
824,78,1728.18,512.19,89.87,141.29,1,1,1.0
824,82,1240.22,994.41,107.30,85.59,1,1,1.0
824,90,1219.65,936.99,30.45,76.59,1,1,1.0
824,92,1506.96,767.01,90.54,165.85,1,1,1.0
824,95,758.07,425.43,28.15,44.99,1,1,1.0
824,97,1059.61,65.34,108.03,156.38,1,1,1.0
824,100,37.95,124.65,20.23,31.29,1,1,1.0
824,101,1765.15,320.28,49.77,29.09,1,1,1.0
825,67,759.11,389.59,28.38,38.70,1,1,1.0
825,68,71.24,246.85,23.11,24.41,1,1,1.0
825,69,56.96,220.95,24.09,32.47,1,1,1.0
825,72,1504.46,0.15,61.00,40.69,1,1,1.0
825,73,851.33,264.67,32.32,128.77,1,1,1.0
825,74,624.39,231.82,104.91,162.54,1,1,1.0
825,78,1730.47,509.53,88.66,141.77,1,1,1.0
825,82,1245.98,992.77,106.81,87.23,1,1,1.0
825,90,1224.49,938.16,26.27,72.38,1,1,1.0
825,92,1510.97,764.56,90.54,165.84,1,1,1.0
825,95,758.39,424.32,28.17,44.79,1,1,1.0
825,97,1062.09,63.12,108.03,155.68,1,1,1.0
825,100,37.60,123.48,20.23,31.30,1,1,1.0
825,101,1766.58,319.62,47.89,29.02,1,1,1.0
826,67,759.46,388.21,28.38,38.70,1,1,1.0
826,68,71.02,245.73,23.10,24.41,1,1,1.0
826,69,56.96,219.74,24.09,32.48,1,1,1.0
826,72,1507.38,0.12,60.78,38.48,1,1,1.0
826,73,857.50,262.74,32.31,128.77,1,1,1.0
826,74,628.63,227.58,104.91,163.19,1,1,1.0
826,78,1732.88,505.30,90.73,142.91,1,1,1.0
826,82,1247.68,987.24,111.48,92.76,1,1,1.0
826,90,1232.08,929.93,29.16,75.46,1,1,1.0
826,92,1514.98,762.11,90.54,165.84,1,1,1.0
826,95,757.90,422.47,28.88,44.40,1,1,1.0
826,97,1066.26,60.46,108.03,155.51,1,1,1.0
826,100,37.26,122.32,20.22,31.30,1,1,1.0
826,101,1770.42,317.18,41.96,33.49,1,1,1.0
827,67,759.80,386.83,28.38,38.70,1,1,1.0
827,68,71.66,244.60,23.10,24.41,1,1,1.0
827,69,57.34,218.46,24.09,32.47,1,1,1.0
827,72,1510.77,0.03,58.27,37.37,1,1,1.0
827,73,863.66,260.82,32.32,128.77,1,1,1.0
827,74,632.87,223.34,104.91,163.84,1,1,1.0
827,78,1734.90,503.87,91.14,142.30,1,1,1.0
827,82,1251.74,982.95,109.24,96.53,1,1,1.0
827,90,1235.29,925.25,28.82,74.72,1,1,1.0
827,92,1519.00,759.66,90.53,165.84,1,1,1.0
827,95,758.30,420.93,28.85,44.87,1,1,1.0
827,97,1070.43,57.80,108.03,155.33,1,1,1.0
827,100,37.90,120.93,20.23,31.30,1,1,1.0
827,101,1771.23,316.38,41.94,45.36,1,1,1.0
828,67,760.15,385.46,28.37,38.70,1,1,1.0
828,68,72.30,243.48,23.11,24.41,1,1,1.0
828,69,57.73,217.17,24.09,32.48,1,1,1.0
828,72,1511.18,0.03,58.59,36.31,1,1,1.0
828,73,869.44,256.19,32.32,128.77,1,1,1.0
828,74,637.11,219.10,104.90,164.48,1,1,1.0
828,78,1736.36,502.48,91.64,141.55,1,1,1.0
828,82,1254.56,982.12,109.92,97.45,1,1,1.0
828,90,1238.40,925.74,29.03,72.53,1,1,1.0
828,92,1523.01,757.21,90.53,165.84,1,1,1.0
828,95,757.88,420.99,29.22,43.84,1,1,1.0
828,97,1074.60,55.14,108.02,155.16,1,1,1.0
828,100,38.55,119.54,20.22,31.30,1,1,1.0
828,101,1771.78,315.29,42.00,45.43,1,1,1.0
829,67,760.49,384.08,28.38,38.70,1,1,1.0
829,68,72.94,242.36,23.11,24.40,1,1,1.0
829,69,58.12,215.89,24.08,32.47,1,1,1.0
829,72,1512.84,0.00,58.25,34.87,1,1,1.0
829,73,875.22,251.57,32.32,128.77,1,1,1.0
829,74,641.34,214.87,104.91,165.12,1,1,1.0
829,78,1740.27,500.99,89.54,140.15,1,1,1.0
829,82,1257.32,980.57,111.51,99.43,1,1,1.0
829,90,1243.52,919.73,31.28,75.50,1,1,1.0
829,92,1525.24,760.30,90.53,158.74,1,1,1.0
829,95,758.57,420.25,28.93,43.37,1,1,1.0
829,97,1078.76,52.48,108.03,154.99,1,1,1.0
829,100,39.20,118.15,20.22,31.29,1,1,1.0
829,101,1772.34,314.20,42.05,45.51,1,1,1.0
830,67,760.83,382.71,28.38,38.70,1,1,1.0
830,68,73.59,241.23,23.10,24.41,1,1,1.0
830,69,58.50,214.61,24.09,32.47,1,1,1.0
830,72,1514.01,0.00,58.48,33.41,1,1,1.0
830,73,882.93,246.18,32.31,128.77,1,1,1.0
830,74,645.58,210.63,104.91,165.76,1,1,1.0
830,78,1742.73,500.33,89.92,138.05,1,1,1.0
830,82,1260.53,977.84,114.10,101.95,1,1,1.0
830,90,1249.04,918.29,28.60,73.18,1,1,1.0
830,92,1527.47,763.40,90.53,151.62,1,1,1.0
830,95,758.92,419.12,29.05,43.39,1,1,1.0
830,97,1082.93,49.82,108.03,154.81,1,1,1.0
830,100,39.84,116.76,20.23,31.29,1,1,1.0
830,101,1772.89,313.10,42.10,45.59,1,1,1.0
831,67,761.18,381.33,28.38,38.70,1,1,1.0
831,68,74.23,240.11,23.10,24.40,1,1,1.0
831,69,58.89,213.32,24.08,32.47,1,1,1.0
831,72,1513.62,0.26,70.63,30.80,1,1,1.0
831,73,890.63,240.78,32.32,128.77,1,1,1.0
831,74,649.82,206.39,104.91,166.41,1,1,1.0
831,78,1748.54,493.15,90.54,140.06,1,1,1.0
831,82,1271.26,968.46,112.76,111.54,1,1,1.0
831,90,1258.53,911.60,30.12,73.18,1,1,1.0
831,92,1533.26,757.65,90.54,152.92,1,1,1.0
831,95,759.67,417.46,29.89,44.58,1,1,1.0
831,97,1087.10,47.16,108.03,154.64,1,1,1.0
831,100,40.49,115.36,20.22,31.30,1,1,1.0
831,101,1773.45,312.01,42.15,45.66,1,1,1.0
832,67,761.52,379.96,28.38,38.69,1,1,1.0
832,68,74.87,238.98,23.11,24.41,1,1,1.0
832,69,59.66,212.16,24.09,32.48,1,1,1.0
832,73,898.34,235.39,32.31,128.77,1,1,1.0
832,74,654.60,202.38,104.14,168.88,1,1,1.0
832,78,1750.87,489.50,91.01,141.92,1,1,1.0
832,82,1275.84,961.88,111.94,118.12,1,1,1.0
832,90,1263.94,906.65,29.88,73.51,1,1,1.0
832,92,1539.06,751.90,90.53,154.21,1,1,1.0
832,95,759.99,416.67,29.41,44.29,1,1,1.0
832,97,1090.82,44.92,108.03,154.32,1,1,1.0
832,100,41.13,113.97,20.23,31.30,1,1,1.0
832,101,1774.00,310.92,42.21,45.74,1,1,1.0
833,67,761.87,378.58,28.37,38.70,1,1,1.0
833,68,75.51,237.86,23.11,24.41,1,1,1.0
833,69,60.43,211.01,24.09,32.47,1,1,1.0
833,73,904.12,233.08,32.31,123.35,1,1,1.0
833,74,659.38,198.37,103.38,171.35,1,1,1.0
833,78,1753.68,486.96,90.08,140.47,1,1,1.0
833,82,1280.13,961.13,112.53,118.87,1,1,1.0
833,90,1268.41,903.69,28.13,65.88,1,1,1.0
833,92,1543.29,745.00,88.98,157.54,1,1,1.0
833,95,760.35,415.56,29.97,44.34,1,1,1.0
833,97,1094.55,42.69,108.03,153.99,1,1,1.0
833,100,41.78,112.58,20.23,31.29,1,1,1.0
833,101,1774.56,309.83,42.26,45.81,1,1,1.0
834,67,762.21,377.20,28.38,38.70,1,1,1.0
834,68,76.15,236.73,23.11,24.41,1,1,1.0
834,69,61.20,209.85,24.09,32.48,1,1,1.0
834,73,909.90,230.76,32.31,117.94,1,1,1.0
834,74,664.15,194.37,102.62,173.81,1,1,1.0
834,78,1756.00,485.44,89.91,140.03,1,1,1.0
834,82,1284.23,956.13,113.42,123.87,1,1,1.0
834,90,1273.09,900.00,29.45,70.12,1,1,1.0
834,92,1547.53,742.53,87.41,156.45,1,1,1.0
834,95,761.04,414.57,30.43,43.55,1,1,1.0
834,97,1098.27,40.45,108.03,153.67,1,1,1.0
834,100,42.68,112.03,20.22,31.30,1,1,1.0
834,101,1775.11,308.73,42.31,45.89,1,1,1.0
835,67,763.03,376.89,28.10,38.70,1,1,1.0
835,68,76.80,235.61,23.10,24.41,1,1,1.0
835,69,61.97,208.70,24.09,32.47,1,1,1.0
835,73,919.53,228.45,32.31,117.94,1,1,1.0
835,74,668.93,190.36,101.86,176.28,1,1,1.0
835,78,1757.84,484.31,90.26,139.72,1,1,1.0
835,82,1288.46,952.28,112.46,127.72,1,1,1.0
835,90,1278.25,898.21,28.74,70.41,1,1,1.0
835,92,1551.76,740.07,85.86,155.34,1,1,1.0
835,95,761.36,413.89,30.62,43.70,1,1,1.0
835,97,1102.00,38.22,108.03,153.34,1,1,1.0
835,100,43.57,111.48,20.23,31.30,1,1,1.0
835,101,1775.67,307.64,42.36,45.97,1,1,1.0
836,67,763.85,376.58,27.83,38.70,1,1,1.0
836,68,77.44,234.49,23.11,24.40,1,1,1.0
836,69,62.74,207.54,24.09,32.47,1,1,1.0
836,73,929.16,226.14,32.32,117.94,1,1,1.0
836,74,673.71,186.35,101.09,178.75,1,1,1.0
836,78,1762.90,481.01,90.96,139.45,1,1,1.0
836,82,1296.51,949.78,112.45,130.07,1,1,1.0
836,90,1286.57,891.27,27.25,73.79,1,1,1.0
836,92,1556.00,737.60,84.29,154.24,1,1,1.0
836,95,763.08,412.63,29.92,44.44,1,1,1.0
836,97,1105.72,35.98,108.03,153.02,1,1,1.0
836,100,44.47,110.94,20.22,31.29,1,1,1.0
836,101,1776.22,306.55,42.42,46.04,1,1,1.0
837,67,764.67,376.27,27.56,38.69,1,1,1.0
837,68,78.36,234.17,23.11,24.40,1,1,1.0
837,69,63.83,207.22,24.09,32.47,1,1,1.0
837,73,934.56,223.06,32.31,117.93,1,1,1.0
837,74,678.33,184.81,101.09,178.75,1,1,1.0
837,78,1765.04,478.53,92.30,140.90,1,1,1.0
837,82,1302.34,947.55,111.31,132.41,1,1,1.0
837,90,1290.89,889.18,30.34,73.65,1,1,1.0
837,92,1558.67,735.59,84.30,154.25,1,1,1.0
837,95,763.96,412.00,29.44,43.82,1,1,1.0
837,97,1109.31,35.25,108.03,153.02,1,1,1.0
837,100,45.36,110.39,20.23,31.30,1,1,1.0
837,101,1778.12,306.52,42.37,42.65,1,1,1.0
838,67,765.49,375.95,27.28,38.70,1,1,1.0
838,68,79.29,233.84,23.10,24.41,1,1,1.0
838,69,64.93,206.90,24.08,32.47,1,1,1.0
838,73,939.95,219.97,32.31,117.94,1,1,1.0
838,74,682.96,183.27,101.09,178.75,1,1,1.0
838,78,1767.54,476.20,91.64,141.82,1,1,1.0
838,82,1307.84,945.39,109.43,134.61,1,1,1.0
838,90,1295.61,886.90,29.63,69.90,1,1,1.0
838,92,1561.35,733.59,84.29,154.24,1,1,1.0
838,95,764.47,411.28,29.28,43.15,1,1,1.0
838,97,1112.91,34.52,108.02,153.02,1,1,1.0
838,100,46.26,109.84,20.22,31.30,1,1,1.0
838,101,1777.79,305.58,42.67,47.54,1,1,1.0
839,55,765.74,375.00,26.55,38.96,1,1,1.0
839,67,766.31,375.64,27.01,38.70,1,1,1.0
839,68,80.21,233.52,23.11,24.41,1,1,1.0
839,69,66.02,206.58,24.09,32.47,1,1,1.0
839,73,947.27,219.97,32.31,117.94,1,1,1.0
839,74,687.58,181.73,101.09,178.75,1,1,1.0
839,78,1770.45,476.01,90.92,140.69,1,1,1.0
839,82,1311.73,942.42,109.87,137.58,1,1,1.0
839,90,1300.12,885.51,29.66,73.20,1,1,1.0
839,92,1564.02,731.58,84.30,154.24,1,1,1.0
839,95,765.04,411.31,29.04,42.93,1,1,1.0
839,97,1116.50,33.79,108.03,153.01,1,1,1.0
839,100,47.15,109.30,20.23,31.29,1,1,1.0
839,101,1776.48,305.06,44.45,46.08,1,1,1.0
840,67,767.14,375.33,26.73,38.70,1,1,1.0
840,68,81.13,233.20,23.11,24.41,1,1,1.0
840,69,67.11,206.25,24.09,32.48,1,1,1.0
840,73,954.59,219.97,32.32,117.94,1,1,1.0
840,74,692.20,180.19,101.10,178.75,1,1,1.0
840,78,1772.48,475.76,90.71,140.82,1,1,1.0
840,82,1315.36,941.67,110.57,138.33,1,1,1.0
840,90,1304.41,884.46,29.99,72.72,1,1,1.0
840,92,1566.70,729.57,84.29,154.25,1,1,1.0
840,95,765.25,410.79,29.19,42.81,1,1,1.0
840,97,1120.09,33.06,108.03,153.01,1,1,1.0
840,100,48.05,108.75,20.22,31.30,1,1,1.0
840,101,1776.14,304.76,45.12,47.50,1,1,1.0
841,67,767.96,375.01,26.45,38.70,1,1,1.0
841,68,82.06,232.88,23.10,24.41,1,1,1.0
841,69,68.20,205.93,24.09,32.48,1,1,1.0
841,73,961.52,218.82,32.32,117.94,1,1,1.0
841,74,696.83,178.65,101.09,178.74,1,1,1.0
841,78,1776.87,475.79,91.40,138.75,1,1,1.0
841,82,1324.64,938.71,108.08,141.19,1,1,1.0
841,90,1312.88,880.97,29.65,74.30,1,1,1.0
841,92,1571.16,728.68,84.29,154.24,1,1,1.0
841,95,766.56,410.45,28.82,44.08,1,1,1.0
841,97,1123.68,32.32,108.03,153.02,1,1,1.0
841,100,49.23,108.40,20.22,31.58,1,1,1.0
841,101,1781.55,304.81,40.15,37.43,1,1,1.0
842,67,768.78,374.70,26.18,38.70,1,1,1.0
842,68,82.98,232.56,23.11,24.41,1,1,1.0
842,69,69.01,205.53,24.08,32.48,1,1,1.0
842,73,968.46,217.66,32.31,117.94,1,1,1.0
842,74,699.91,178.65,101.09,178.74,1,1,1.0
842,78,1779.92,472.17,89.34,140.21,1,1,1.0
842,82,1326.96,938.86,108.38,141.14,1,1,1.0
842,90,1316.70,873.99,31.91,82.96,1,1,1.0
842,92,1575.62,727.79,84.29,154.24,1,1,1.0
842,95,768.01,409.30,27.48,47.14,1,1,1.0
842,97,1127.27,31.59,108.03,153.02,1,1,1.0
842,100,50.41,108.05,20.23,31.86,1,1,1.0
842,101,1781.55,304.81,40.15,39.62,1,1,1.0
843,56,1545.89,-0.00,58.88,18.77,1,1,1.0
843,57,1251.16,-0.00,39.68,60.21,1,1,1.0
843,67,769.60,374.39,25.91,38.70,1,1,1.0
843,68,83.90,232.24,23.11,24.40,1,1,1.0
843,69,69.81,205.13,24.09,32.47,1,1,1.0
843,73,973.60,217.66,32.31,117.94,1,1,1.0
843,74,702.99,178.65,101.09,178.74,1,1,1.0
843,78,1780.16,474.22,92.16,139.31,1,1,1.0
843,82,1331.13,934.97,108.66,145.03,1,1,1.0
843,90,1319.94,873.17,31.95,83.67,1,1,1.0
843,92,1580.07,727.79,84.30,154.24,1,1,1.0
843,95,768.45,408.75,29.07,47.15,1,1,1.0
843,97,1130.86,30.86,108.03,153.02,1,1,1.0
843,100,51.60,107.70,20.22,32.14,1,1,1.0
843,101,1781.55,304.81,40.15,41.81,1,1,1.0
844,56,1545.74,0.00,60.25,18.80,1,1,1.0
844,57,1252.50,0.00,38.59,60.25,1,1,1.0
844,67,770.42,374.08,25.63,38.69,1,1,1.0
844,68,84.83,231.92,23.10,24.40,1,1,1.0
844,69,70.61,204.73,24.09,32.47,1,1,1.0
844,73,978.73,217.66,32.32,117.94,1,1,1.0
844,74,706.08,178.65,101.09,178.74,1,1,1.0
844,78,1781.89,473.86,92.06,138.69,1,1,1.0
844,82,1332.76,932.68,110.59,147.32,1,1,1.0
844,90,1323.59,875.65,30.63,77.54,1,1,1.0
844,92,1584.53,727.79,84.30,154.24,1,1,1.0
844,95,769.44,408.52,28.55,47.77,1,1,1.0
844,97,1134.46,30.13,108.02,153.02,1,1,1.0
844,100,52.78,107.35,20.23,32.42,1,1,1.0
844,101,1781.55,304.81,40.15,44.00,1,1,1.0
845,67,771.24,373.76,25.36,38.70,1,1,1.0
845,68,85.14,231.30,23.11,24.41,1,1,1.0
845,69,71.41,204.33,24.09,32.47,1,1,1.0
845,73,983.87,217.66,32.32,117.94,1,1,1.0
845,74,709.35,177.88,101.09,178.74,1,1,1.0
845,78,1782.91,472.89,91.77,137.83,1,1,1.0
845,90,1326.63,874.35,30.21,76.11,1,1,1.0
845,92,1585.72,725.69,85.20,155.15,1,1,1.0
845,95,770.40,408.39,28.02,47.12,1,1,1.0
845,97,1136.76,29.01,108.03,152.78,1,1,1.0
845,100,53.96,107.00,20.23,32.70,1,1,1.0
845,101,1781.55,304.81,40.15,46.19,1,1,1.0
846,58,1341.40,930.92,110.13,149.08,1,1,1.0
846,67,771.06,372.19,25.36,38.70,1,1,1.0
846,68,85.45,230.68,23.11,24.41,1,1,1.0
846,69,72.22,204.11,24.08,32.48,1,1,1.0
846,73,990.04,216.89,32.31,117.94,1,1,1.0
846,74,712.63,177.11,101.09,178.74,1,1,1.0
846,78,1787.64,472.49,90.63,136.63,1,1,1.0
846,90,1333.23,872.46,29.99,73.28,1,1,1.0
846,92,1586.91,723.60,86.10,156.06,1,1,1.0
846,95,771.28,408.64,28.30,46.06,1,1,1.0
846,97,1139.07,27.88,108.02,152.55,1,1,1.0
846,100,54.83,106.74,20.23,32.70,1,1,1.0
846,101,1782.15,304.33,40.15,46.19,1,1,1.0
847,58,1344.04,932.40,110.51,147.60,1,1,1.0
847,67,770.88,370.61,25.36,38.70,1,1,1.0
847,68,85.76,230.07,23.11,24.41,1,1,1.0
847,69,73.02,203.90,24.09,32.47,1,1,1.0
847,73,996.20,216.12,32.31,117.94,1,1,1.0
847,74,715.90,176.34,101.09,178.74,1,1,1.0
847,78,1788.54,472.27,90.50,136.79,1,1,1.0
847,90,1336.01,872.63,29.11,73.72,1,1,1.0
847,92,1588.10,721.50,87.00,156.97,1,1,1.0
847,95,771.10,408.60,28.99,44.44,1,1,1.0
847,97,1141.37,26.76,108.03,152.30,1,1,1.0
847,100,55.71,106.48,20.22,32.70,1,1,1.0
847,101,1782.75,303.85,40.15,46.19,1,1,1.0
848,58,1346.82,929.42,111.47,150.58,1,1,1.0
848,67,770.70,369.03,25.36,38.70,1,1,1.0
848,68,86.08,229.45,23.10,24.41,1,1,1.0
848,69,73.82,203.69,24.09,32.47,1,1,1.0
848,73,999.02,214.32,32.32,117.94,1,1,1.0
848,74,719.18,175.57,101.09,178.74,1,1,1.0
848,78,1791.45,472.35,89.03,137.30,1,1,1.0
848,90,1339.69,870.95,29.20,74.13,1,1,1.0
848,92,1590.77,721.05,87.00,156.97,1,1,1.0
848,95,772.02,409.09,29.42,45.28,1,1,1.0
848,97,1143.68,25.64,108.03,152.06,1,1,1.0
848,100,56.58,106.22,20.22,32.70,1,1,1.0
848,101,1783.36,303.37,40.15,46.19,1,1,1.0
849,58,1351.84,926.57,108.21,153.43,1,1,1.0
849,67,770.52,367.46,25.36,38.70,1,1,1.0
849,68,86.39,228.84,23.11,24.40,1,1,1.0
849,69,74.62,203.47,24.09,32.48,1,1,1.0
849,73,1001.85,212.53,32.32,117.93,1,1,1.0
849,74,721.23,174.02,101.09,178.11,1,1,1.0
849,78,1792.82,471.39,90.15,137.34,1,1,1.0
849,90,1343.75,871.47,27.45,72.46,1,1,1.0
849,92,1593.45,720.61,87.00,156.97,1,1,1.0
849,95,772.71,408.40,28.96,44.64,1,1,1.0
849,97,1145.98,24.51,108.03,151.83,1,1,1.0
849,100,57.45,105.96,20.22,32.70,1,1,1.0
849,101,1783.96,302.88,40.15,46.19,1,1,1.0
850,58,1354.00,923.98,107.81,156.02,1,1,1.0
850,67,770.34,365.88,25.36,38.70,1,1,1.0
850,68,86.70,228.22,23.11,24.41,1,1,1.0
850,69,75.43,203.26,24.09,32.47,1,1,1.0
850,73,1004.68,210.73,32.31,117.93,1,1,1.0
850,74,723.29,172.48,101.09,177.47,1,1,1.0
850,78,1794.79,469.63,88.86,136.67,1,1,1.0
850,90,1346.39,868.46,26.82,71.25,1,1,1.0
850,92,1595.68,716.60,87.00,156.96,1,1,1.0
850,95,772.59,407.73,28.99,44.42,1,1,1.0
850,97,1148.29,23.39,108.03,151.59,1,1,1.0
850,100,57.15,105.49,20.23,32.47,1,1,1.0
850,101,1784.56,302.40,40.15,46.19,1,1,1.0
851,58,1357.76,920.62,110.74,159.38,1,1,1.0
851,67,770.17,364.30,25.35,38.70,1,1,1.0
851,68,87.01,227.60,23.11,24.41,1,1,1.0
851,69,76.23,203.04,24.09,32.48,1,1,1.0
851,73,1010.84,208.80,32.32,117.94,1,1,1.0
851,74,725.34,170.93,101.09,176.83,1,1,1.0
851,78,1797.15,466.34,90.49,137.25,1,1,1.0
851,90,1351.01,865.02,30.97,74.27,1,1,1.0
851,92,1597.90,712.58,87.01,156.97,1,1,1.0
851,95,772.81,407.01,30.26,44.09,1,1,1.0
851,97,1150.60,22.27,108.02,151.35,1,1,1.0
851,100,56.86,105.03,20.23,32.23,1,1,1.0
851,101,1784.00,299.60,39.68,45.72,1,1,1.0
852,58,1360.50,922.05,110.54,157.95,1,1,1.0
852,67,769.99,362.73,25.36,38.70,1,1,1.0
852,68,87.33,226.99,23.10,24.41,1,1,1.0
852,69,74.62,201.60,24.09,32.47,1,1,1.0
852,73,1017.01,206.88,32.31,117.93,1,1,1.0
852,74,727.40,169.39,101.09,176.19,1,1,1.0
852,78,1799.14,463.55,89.04,138.22,1,1,1.0
852,90,1354.18,866.44,25.63,64.55,1,1,1.0
852,92,1600.13,709.91,87.01,156.97,1,1,1.0
852,95,772.69,405.73,30.25,44.77,1,1,1.0
852,97,1152.90,21.14,108.03,151.12,1,1,1.0
852,100,56.57,104.56,20.23,32.00,1,1,1.0
852,101,1783.44,296.80,39.21,45.25,1,1,1.0
853,58,1364.13,916.81,110.09,163.19,1,1,1.0
853,67,769.81,361.15,25.36,38.70,1,1,1.0
853,68,87.64,226.37,23.10,24.41,1,1,1.0
853,69,73.02,200.15,24.09,32.48,1,1,1.0
853,73,1019.83,205.08,32.32,117.93,1,1,1.0
853,74,729.45,167.84,101.09,175.56,1,1,1.0
853,78,1799.26,459.35,89.49,139.19,1,1,1.0
853,90,1356.29,858.13,30.52,69.31,1,1,1.0
853,92,1602.36,707.23,87.00,156.97,1,1,1.0
853,95,772.49,403.33,30.41,45.50,1,1,1.0
853,97,1155.21,20.02,108.02,150.88,1,1,1.0
853,100,54.43,102.24,20.22,31.77,1,1,1.0
853,101,1782.88,294.00,38.74,44.78,1,1,1.0
854,58,1365.90,911.64,110.01,168.36,1,1,1.0
854,67,769.63,359.58,25.36,38.69,1,1,1.0
854,68,85.95,224.04,23.11,24.41,1,1,1.0
854,69,71.41,198.71,24.09,32.47,1,1,1.0
854,73,1022.66,203.28,32.31,117.93,1,1,1.0
854,74,731.51,166.30,101.09,174.91,1,1,1.0
854,78,1797.63,457.34,91.12,136.39,1,1,1.0
854,90,1358.10,853.52,28.91,73.75,1,1,1.0
854,92,1603.25,704.56,87.01,156.97,1,1,1.0
854,95,771.53,400.86,29.79,45.49,1,1,1.0
854,97,1156.12,17.29,108.41,150.65,1,1,1.0
854,100,52.28,99.92,20.23,31.53,1,1,1.0
854,101,1782.32,291.20,38.27,44.31,1,1,1.0
855,58,1367.66,911.49,109.28,168.51,1,1,1.0
855,67,769.45,358.00,25.36,38.70,1,1,1.0
855,68,84.27,221.72,23.10,24.40,1,1,1.0
855,69,69.81,197.26,24.08,32.48,1,1,1.0
855,73,1025.48,201.48,32.32,117.94,1,1,1.0
855,74,732.66,163.80,101.09,174.91,1,1,1.0
855,78,1799.18,450.91,89.78,140.18,1,1,1.0
855,90,1361.36,848.67,28.95,73.14,1,1,1.0
855,92,1604.14,701.88,87.01,156.97,1,1,1.0
855,95,770.51,399.04,31.04,45.53,1,1,1.0
855,97,1157.03,14.56,108.79,150.42,1,1,1.0
855,100,50.14,97.60,20.22,31.30,1,1,1.0
855,101,1781.77,288.40,37.79,43.84,1,1,1.0
856,58,1369.81,903.85,110.01,176.15,1,1,1.0
856,67,769.27,356.42,25.36,38.70,1,1,1.0
856,68,82.58,219.39,23.11,24.41,1,1,1.0
856,69,68.12,195.25,24.09,32.48,1,1,1.0
856,73,1028.56,198.14,32.32,115.64,1,1,1.0
856,74,733.82,161.29,101.09,174.91,1,1,1.0
856,78,1798.40,445.89,92.00,137.77,1,1,1.0
856,90,1364.62,843.83,28.99,72.51,1,1,1.0
856,92,1604.59,696.98,87.00,156.97,1,1,1.0
856,95,767.98,393.80,29.81,45.09,1,1,1.0
856,97,1157.95,11.83,109.16,150.20,1,1,1.0
856,100,48.57,95.45,20.22,31.30,1,1,1.0
856,101,1781.21,285.60,37.32,43.37,1,1,1.0
857,58,1371.88,899.93,109.10,179.17,1,1,1.0
857,67,769.09,354.85,25.36,38.69,1,1,1.0
857,68,81.05,218.02,23.11,24.41,1,1,1.0
857,69,66.43,193.25,24.09,32.47,1,1,1.0
857,73,1031.65,194.80,32.31,113.34,1,1,1.0
857,74,734.97,158.79,101.09,174.91,1,1,1.0
857,78,1799.58,443.19,91.78,137.23,1,1,1.0
857,90,1366.84,841.66,29.19,70.00,1,1,1.0
857,92,1605.04,692.08,87.00,156.96,1,1,1.0
857,95,767.40,391.80,29.50,44.59,1,1,1.0
857,97,1158.86,9.09,109.54,149.98,1,1,1.0
857,100,47.00,93.31,20.23,31.30,1,1,1.0
857,101,1780.65,282.80,36.85,42.90,1,1,1.0
858,58,1372.40,894.31,109.66,182.94,1,1,1.0
858,67,767.72,352.97,25.36,38.70,1,1,1.0
858,68,79.53,216.66,23.10,24.41,1,1,1.0
858,69,64.75,191.24,24.08,32.47,1,1,1.0
858,73,1034.73,191.46,32.31,111.04,1,1,1.0
858,74,736.13,156.28,101.09,174.92,1,1,1.0
858,78,1799.51,441.94,91.26,135.57,1,1,1.0
858,90,1368.14,838.00,29.19,72.70,1,1,1.0
858,92,1604.74,688.21,87.00,156.97,1,1,1.0
858,95,765.36,389.94,29.46,44.67,1,1,1.0
858,97,1159.77,6.36,109.93,149.75,1,1,1.0
858,100,45.44,91.16,20.22,31.30,1,1,1.0
858,101,1778.94,279.79,36.86,42.90,1,1,1.0
859,58,1375.02,891.17,109.48,182.03,1,1,1.0
859,67,766.35,351.09,25.36,38.70,1,1,1.0
859,68,78.00,215.29,23.11,24.41,1,1,1.0
859,69,63.06,189.23,24.09,32.48,1,1,1.0
859,73,1035.88,190.69,32.32,111.04,1,1,1.0
859,74,736.64,153.20,100.71,174.91,1,1,1.0
859,78,1801.07,437.30,88.80,136.99,1,1,1.0
859,90,1370.01,837.13,29.54,69.62,1,1,1.0
859,92,1604.44,684.35,87.01,156.97,1,1,1.0
859,95,764.42,387.91,30.18,45.08,1,1,1.0
859,97,1160.69,3.63,110.30,149.52,1,1,1.0
859,100,43.87,89.01,20.22,31.30,1,1,1.0
859,101,1777.24,276.78,36.85,42.90,1,1,1.0
860,58,1375.50,888.26,109.77,181.72,1,1,1.0
860,67,764.99,349.22,25.35,38.70,1,1,1.0
860,68,76.48,213.93,23.10,24.40,1,1,1.0
860,69,61.33,187.50,24.08,32.47,1,1,1.0
860,73,1037.04,189.92,32.32,111.04,1,1,1.0
860,74,737.15,150.12,100.33,174.91,1,1,1.0
860,78,1800.07,434.78,89.89,138.17,1,1,1.0
860,90,1370.91,829.58,30.06,71.17,1,1,1.0
860,92,1604.15,680.48,87.00,156.97,1,1,1.0
860,95,762.59,386.40,30.83,45.40,1,1,1.0
860,97,1161.60,0.90,110.68,149.30,1,1,1.0
860,100,42.30,86.87,20.23,31.30,1,1,1.0
860,101,1775.53,273.78,36.86,42.90,1,1,1.0
861,58,1379.54,882.72,109.08,181.03,1,1,1.0
861,67,763.62,347.34,25.36,38.70,1,1,1.0
861,68,74.62,212.64,23.11,24.41,1,1,1.0
861,69,59.59,185.76,24.09,32.48,1,1,1.0
861,73,1038.84,188.89,32.31,108.98,1,1,1.0
861,74,737.66,147.04,99.94,174.91,1,1,1.0
861,78,1799.76,429.13,90.46,136.25,1,1,1.0
861,90,1373.09,825.35,28.54,68.81,1,1,1.0
861,92,1605.93,675.13,87.00,156.97,1,1,1.0
861,95,760.87,383.70,30.93,43.98,1,1,1.0
861,97,1161.60,0.90,110.68,146.25,1,1,1.0
861,100,40.74,84.72,20.22,31.30,1,1,1.0
861,101,1773.83,270.77,36.85,42.90,1,1,1.0
862,58,1380.06,880.11,108.88,182.44,1,1,1.0
862,67,762.25,345.46,25.36,38.70,1,1,1.0
862,68,72.77,211.36,23.10,24.41,1,1,1.0
862,69,57.86,184.03,24.08,32.47,1,1,1.0
862,73,1040.64,187.87,32.31,106.92,1,1,1.0
862,74,738.18,143.95,99.55,174.92,1,1,1.0
862,78,1798.90,426.95,90.46,136.37,1,1,1.0
862,90,1373.31,823.11,29.88,70.16,1,1,1.0
862,92,1605.48,674.24,87.01,156.97,1,1,1.0
862,95,760.51,381.76,29.45,44.94,1,1,1.0
862,97,1161.60,0.90,110.68,143.20,1,1,1.0
862,100,37.72,84.37,20.58,31.75,1,1,1.0
862,101,1772.12,267.76,36.86,42.90,1,1,1.0
863,58,1379.97,877.77,108.55,182.03,1,1,1.0
863,67,760.88,343.59,25.36,38.70,1,1,1.0
863,68,70.91,210.07,23.11,24.41,1,1,1.0
863,69,56.12,182.29,24.09,32.48,1,1,1.0
863,73,1042.44,186.84,32.31,104.86,1,1,1.0
863,74,738.69,140.87,99.17,174.91,1,1,1.0
863,78,1798.13,423.88,90.40,136.56,1,1,1.0
863,90,1374.58,821.10,29.03,71.18,1,1,1.0
863,92,1605.04,673.35,87.00,156.97,1,1,1.0
863,95,759.38,379.87,29.11,45.40,1,1,1.0
863,97,1161.60,0.90,110.68,140.15,1,1,1.0
863,100,36.27,82.46,20.93,32.20,1,1,1.0
863,101,1770.42,264.75,36.85,42.90,1,1,1.0
864,58,1380.37,875.47,108.94,180.39,1,1,1.0
864,67,759.51,341.71,25.36,38.70,1,1,1.0
864,68,69.05,208.79,23.11,24.41,1,1,1.0
864,69,54.39,180.56,24.09,32.47,1,1,1.0
864,73,1042.95,187.87,32.32,101.76,1,1,1.0
864,74,739.20,137.79,98.79,174.91,1,1,1.0
864,78,1797.15,421.04,91.54,136.42,1,1,1.0
864,90,1375.84,815.78,27.90,70.52,1,1,1.0
864,92,1606.38,668.00,87.00,156.97,1,1,1.0
864,95,758.31,377.11,29.06,44.88,1,1,1.0
864,97,1161.60,0.90,110.68,137.10,1,1,1.0
864,100,34.82,80.54,21.28,32.66,1,1,1.0
864,101,1769.04,262.47,36.86,42.90,1,1,1.0
865,58,1380.85,873.48,108.28,178.45,1,1,1.0
865,67,758.14,339.84,25.36,38.69,1,1,1.0
865,68,67.20,207.50,23.10,24.41,1,1,1.0
865,69,52.40,179.21,24.08,32.74,1,1,1.0
865,73,1043.46,188.89,32.32,98.68,1,1,1.0
865,74,739.07,136.63,98.79,174.92,1,1,1.0
865,78,1796.57,418.87,91.45,136.41,1,1,1.0
865,90,1375.82,813.90,27.85,70.37,1,1,1.0
865,92,1607.71,662.65,87.01,156.97,1,1,1.0
865,95,757.06,376.12,28.99,44.08,1,1,1.0
865,97,1160.80,0.90,110.68,134.85,1,1,1.0
865,100,32.73,79.36,21.28,32.66,1,1,1.0
865,101,1767.67,260.19,36.85,42.90,1,1,1.0
866,58,1381.79,868.18,107.24,177.97,1,1,1.0
866,67,756.78,337.96,25.36,38.70,1,1,1.0
866,68,65.34,206.22,23.11,24.41,1,1,1.0
866,69,50.41,177.86,24.08,33.00,1,1,1.0
866,73,1043.98,189.92,32.31,95.58,1,1,1.0
866,74,738.94,135.48,98.79,174.91,1,1,1.0
866,78,1795.21,413.58,90.30,137.43,1,1,1.0
866,90,1376.87,810.29,26.52,71.39,1,1,1.0
866,92,1607.27,660.65,87.00,156.96,1,1,1.0
866,95,755.03,373.23,28.40,44.85,1,1,1.0
866,97,1160.00,0.90,110.69,132.60,1,1,1.0
866,100,30.64,78.18,21.28,32.65,1,1,1.0
866,101,1766.29,257.92,36.86,42.90,1,1,1.0
867,58,1381.88,866.83,107.76,177.02,1,1,1.0
867,67,755.41,336.08,25.36,38.70,1,1,1.0
867,68,63.49,204.93,23.10,24.41,1,1,1.0
867,69,48.41,176.51,24.09,33.26,1,1,1.0
867,73,1043.59,189.54,32.32,93.66,1,1,1.0
867,74,738.81,134.32,98.79,174.91,1,1,1.0
867,78,1794.18,412.38,90.09,137.03,1,1,1.0
867,90,1377.07,808.74,26.49,71.51,1,1,1.0
867,92,1606.82,658.64,87.00,156.97,1,1,1.0
867,95,754.56,372.31,27.80,45.24,1,1,1.0
867,97,1159.20,0.90,110.69,130.35,1,1,1.0
867,100,28.55,76.99,21.28,32.66,1,1,1.0
867,101,1764.92,255.64,36.85,42.90,1,1,1.0
868,58,1382.21,863.70,107.33,178.20,1,1,1.0
868,67,754.04,334.21,25.36,38.70,1,1,1.0
868,68,61.63,203.65,23.11,24.41,1,1,1.0
868,69,46.42,175.16,24.09,33.53,1,1,1.0
868,73,1043.21,189.15,32.31,91.75,1,1,1.0
868,74,738.69,133.17,98.79,174.91,1,1,1.0
868,78,1794.85,410.71,87.88,136.11,1,1,1.0
868,90,1377.21,803.49,28.25,72.67,1,1,1.0
868,92,1606.38,656.63,87.00,156.97,1,1,1.0
868,95,752.75,370.62,29.45,45.09,1,1,1.0
868,97,1158.40,0.90,110.70,128.10,1,1,1.0
868,100,26.47,75.81,21.28,32.66,1,1,1.0
868,101,1763.54,253.36,36.86,42.90,1,1,1.0
869,58,1381.63,862.20,107.98,178.02,1,1,1.0
869,67,752.47,332.36,25.76,39.20,1,1,1.0
869,68,59.78,202.37,23.10,24.40,1,1,1.0
869,69,44.43,173.81,24.09,33.79,1,1,1.0
869,73,1043.21,187.99,32.31,91.75,1,1,1.0
869,74,738.56,132.01,98.79,174.91,1,1,1.0
869,78,1794.25,409.33,87.54,135.41,1,1,1.0
869,90,1377.45,803.93,27.69,70.19,1,1,1.0
869,92,1605.93,654.63,87.00,156.96,1,1,1.0
869,95,750.81,369.92,30.24,44.51,1,1,1.0
869,97,1157.88,0.90,111.22,125.58,1,1,1.0
869,100,24.38,74.63,21.28,32.65,1,1,1.0
869,101,1762.17,251.08,36.85,42.90,1,1,1.0
870,58,1381.80,858.32,108.21,180.38,1,1,1.0
870,67,750.90,330.52,26.15,39.70,1,1,1.0
870,68,57.96,200.01,23.10,24.41,1,1,1.0
870,69,42.50,171.89,24.09,34.01,1,1,1.0
870,73,1043.21,186.84,32.31,91.75,1,1,1.0
870,74,738.43,130.85,98.79,174.92,1,1,1.0
870,78,1793.41,407.96,88.07,135.66,1,1,1.0
870,90,1377.93,801.42,28.03,70.33,1,1,1.0
870,92,1605.48,651.06,87.01,156.97,1,1,1.0
870,95,749.85,369.31,30.58,44.39,1,1,1.0
870,97,1157.35,0.90,111.75,123.05,1,1,1.0
870,100,22.29,72.54,21.61,33.02,1,1,1.0
870,101,1760.79,248.80,36.85,42.90,1,1,1.0
871,58,1383.43,850.90,107.41,181.81,1,1,1.0
871,67,749.33,328.67,26.55,40.21,1,1,1.0
871,68,56.13,197.65,23.11,24.41,1,1,1.0
871,69,40.58,169.96,24.08,34.24,1,1,1.0
871,73,1043.21,185.68,32.31,91.75,1,1,1.0
871,74,738.04,127.39,98.79,174.91,1,1,1.0
871,78,1791.88,401.41,89.76,138.93,1,1,1.0
871,90,1379.25,797.59,27.72,67.53,1,1,1.0
871,92,1605.04,647.49,87.00,156.97,1,1,1.0
871,95,749.12,364.95,29.09,43.81,1,1,1.0
871,97,1156.83,0.90,112.27,120.53,1,1,1.0
871,100,20.20,70.45,21.95,33.38,1,1,1.0
871,101,1759.59,243.69,36.85,42.90,1,1,1.0
872,58,1383.61,848.74,108.15,181.25,1,1,1.0
872,67,748.37,326.20,25.82,40.58,1,1,1.0
872,68,54.31,195.30,23.11,24.41,1,1,1.0
872,69,38.65,168.03,24.09,34.47,1,1,1.0
872,73,1043.21,184.53,32.31,91.75,1,1,1.0
872,74,737.66,123.92,98.79,174.91,1,1,1.0
872,78,1791.79,397.28,89.17,136.72,1,1,1.0
872,90,1379.92,790.45,29.40,71.11,1,1,1.0
872,92,1605.93,643.04,87.00,156.96,1,1,1.0
872,95,747.20,361.67,29.94,44.86,1,1,1.0
872,97,1156.30,0.90,112.80,118.00,1,1,1.0
872,100,18.11,68.36,22.29,33.74,1,1,1.0
872,101,1758.38,238.57,36.86,42.90,1,1,1.0
