1,1,1876.05,446.52,43.95,100.18,1,1,1.0
1,41,574.08,543.51,14.80,19.35,1,1,1.0
1,42,797.35,356.23,18.75,27.54,1,1,1.0
1,43,853.54,388.86,16.16,25.93,1,1,1.0
2,1,1877.21,445.94,42.79,101.46,1,1,1.0
2,41,577.30,544.84,14.81,19.35,1,1,1.0
2,42,799.54,356.78,18.75,27.54,1,1,1.0
2,43,856.52,389.35,16.16,25.94,1,1,1.0
3,1,1881.23,446.64,38.77,101.12,1,1,1.0
3,41,580.53,546.17,14.80,19.35,1,1,1.0
3,42,803.10,356.95,18.75,27.54,1,1,1.0
3,43,859.50,389.85,16.16,25.94,1,1,1.0
4,1,1884.72,440.33,35.28,106.71,1,1,1.0
4,41,583.76,547.50,14.80,19.35,1,1,1.0
4,42,805.08,356.11,20.32,28.10,1,1,1.0
4,43,862.47,390.34,16.16,25.94,1,1,1.0
5,1,1887.78,439.21,32.22,108.23,1,1,1.0
5,41,587.93,548.44,14.80,19.36,1,1,1.0
5,42,809.77,357.82,17.27,25.92,1,1,1.0
5,43,865.45,390.84,16.16,25.94,1,1,1.0
6,1,1890.40,441.62,29.60,98.67,1,1,1.0
6,41,592.11,549.39,14.80,19.36,1,1,1.0
6,42,813.45,356.75,19.26,29.98,1,1,1.0
6,43,868.43,391.34,16.16,25.94,1,1,1.0
7,41,596.28,550.34,14.80,19.36,1,1,1.0
7,42,815.37,357.99,19.26,29.98,1,1,1.0
7,43,871.40,391.83,16.16,25.94,1,1,1.0
8,41,596.69,551.28,14.71,19.00,1,1,1.0
8,42,817.29,359.22,19.26,29.98,1,1,1.0
8,43,871.52,392.21,16.16,25.93,1,1,1.0
9,41,597.10,552.23,14.62,18.63,1,1,1.0
9,42,817.43,360.04,19.26,29.98,1,1,1.0
9,43,871.63,392.58,16.16,25.94,1,1,1.0
10,41,597.51,553.17,14.53,18.28,1,1,1.0
10,42,817.57,360.87,19.26,29.98,1,1,1.0
10,43,871.74,392.95,16.16,25.94,1,1,1.0
10,56,1890.57,439.72,29.43,99.75,1,1,1.0
11,41,597.92,554.11,14.44,17.92,1,1,1.0
11,42,817.71,361.69,19.26,29.98,1,1,1.0
11,43,871.86,393.32,16.16,25.94,1,1,1.0
11,56,1889.56,434.29,30.44,112.83,1,1,1.0
12,41,598.32,555.05,14.36,17.57,1,1,1.0
12,42,817.84,362.52,19.26,29.98,1,1,1.0
12,43,871.97,393.69,16.16,25.94,1,1,1.0
12,56,1880.05,440.56,39.95,109.66,1,1,1.0
13,41,598.73,556.00,14.27,17.20,1,1,1.0
13,42,817.84,362.52,19.26,29.98,1,1,1.0
13,43,872.09,394.07,16.15,25.93,1,1,1.0
13,56,1877.60,451.27,42.40,98.81,1,1,1.0
14,41,595.96,556.76,14.26,17.21,1,1,1.0
14,43,872.20,394.44,16.16,25.94,1,1,1.0
14,45,817.70,361.69,19.11,31.75,1,1,1.0
14,56,1875.66,452.18,44.34,96.94,1,1,1.0
15,41,593.18,557.53,14.27,17.21,1,1,1.0
15,43,870.45,394.35,18.77,29.60,1,1,1.0
15,45,814.42,363.72,19.97,30.63,1,1,1.0
15,56,1871.62,446.15,48.38,111.07,1,1,1.0
16,41,590.40,558.30,14.27,17.20,1,1,1.0
16,43,864.70,395.93,18.97,29.97,1,1,1.0
16,45,809.70,363.71,18.26,30.85,1,1,1.0
16,56,1858.41,414.77,61.59,157.04,1,1,1.0
17,41,587.63,559.07,14.26,17.20,1,1,1.0
17,43,860.87,399.33,18.97,29.97,1,1,1.0
17,45,806.58,363.64,19.58,31.72,1,1,1.0
17,56,1850.88,411.01,69.12,167.12,1,1,1.0
18,41,584.85,559.84,14.27,17.20,1,1,1.0
18,43,856.96,400.35,18.97,29.97,1,1,1.0
18,45,804.38,367.48,19.58,31.72,1,1,1.0
18,56,1844.00,434.85,75.69,147.44,1,1,1.0
19,41,582.07,560.60,14.27,17.21,1,1,1.0
19,43,853.05,401.37,18.97,29.97,1,1,1.0
19,45,800.60,370.00,19.70,28.79,1,1,1.0
19,56,1836.67,437.05,82.86,136.78,1,1,1.0
20,41,577.98,561.98,14.26,17.21,1,1,1.0
20,43,849.14,402.39,18.97,29.97,1,1,1.0
20,45,795.88,368.23,20.62,30.99,1,1,1.0
20,56,1829.25,446.27,88.51,133.88,1,1,1.0
21,41,573.88,563.36,14.26,17.21,1,1,1.0
21,43,845.22,403.41,18.97,29.97,1,1,1.0
21,45,789.84,372.62,17.86,30.98,1,1,1.0
21,46,1800.36,409.33,44.64,56.67,1,1,1.0
21,56,1815.74,449.22,100.58,133.05,1,1,1.0
22,41,569.78,564.74,14.27,17.20,1,1,1.0
22,43,841.31,404.44,18.97,29.97,1,1,1.0
22,45,787.64,373.99,17.86,30.98,1,1,1.0
22,46,1792.67,412.41,44.63,56.67,1,1,1.0
22,56,1811.40,444.39,95.99,140.50,1,1,1.0
23,41,565.68,566.12,14.27,17.20,1,1,1.0
23,43,837.32,405.88,18.97,29.97,1,1,1.0
23,45,785.45,375.37,17.86,30.98,1,1,1.0
23,46,1782.86,415.49,44.63,56.67,1,1,1.0
23,56,1804.84,449.84,98.69,138.91,1,1,1.0
24,41,561.98,567.27,14.27,17.20,1,1,1.0
24,43,833.32,407.33,18.97,29.97,1,1,1.0
24,45,780.78,375.92,17.86,30.97,1,1,1.0
24,46,1773.05,418.57,44.63,56.66,1,1,1.0
24,56,1796.73,448.49,98.96,140.03,1,1,1.0
25,41,558.28,568.42,14.27,17.20,1,1,1.0
25,43,829.32,408.77,18.97,29.97,1,1,1.0
25,45,777.39,374.95,19.27,30.75,1,1,1.0
25,46,1763.24,421.64,44.63,56.67,1,1,1.0
25,56,1788.76,458.64,100.16,131.74,1,1,1.0
26,41,554.58,569.57,14.26,17.20,1,1,1.0
26,43,825.32,410.22,18.97,29.97,1,1,1.0
26,45,770.93,380.36,18.17,31.04,1,1,1.0
26,46,1753.43,424.72,44.63,56.67,1,1,1.0
26,56,1772.66,460.99,99.68,136.31,1,1,1.0
27,41,550.88,570.71,14.26,17.21,1,1,1.0
27,43,821.33,411.66,18.97,29.97,1,1,1.0
27,45,767.64,381.18,18.17,31.04,1,1,1.0
27,46,1745.93,427.03,44.63,56.67,1,1,1.0
27,56,1766.09,458.62,98.43,140.26,1,1,1.0
28,2,1448.28,0.00,25.25,23.30,1,1,1.0
28,41,547.17,571.86,14.27,17.21,1,1,1.0
28,43,817.92,413.02,18.97,29.97,1,1,1.0
28,45,764.62,381.18,18.17,31.04,1,1,1.0
28,46,1738.42,429.34,44.64,56.66,1,1,1.0
28,56,1758.82,461.80,100.12,138.55,1,1,1.0
29,41,543.47,573.01,14.27,17.21,1,1,1.0
29,43,814.52,414.39,18.97,29.97,1,1,1.0
29,45,761.47,382.73,19.33,32.37,1,1,1.0
29,46,1730.92,431.65,44.64,56.66,1,1,1.0
29,56,1752.48,472.55,100.47,130.09,1,1,1.0
30,41,540.07,573.87,14.27,17.20,1,1,1.0
30,43,811.12,415.75,18.97,29.97,1,1,1.0
30,45,758.10,384.45,20.48,31.48,1,1,1.0
30,46,1723.42,433.95,44.64,56.67,1,1,1.0
30,56,1745.89,469.88,99.93,132.99,1,1,1.0
31,41,536.67,574.73,14.27,17.20,1,1,1.0
31,43,807.72,417.11,18.97,29.97,1,1,1.0
31,45,754.53,387.47,17.97,32.33,1,1,1.0
31,46,1715.34,437.61,45.40,55.71,1,1,1.0
31,56,1736.10,468.48,97.98,141.55,1,1,1.0
32,41,533.27,575.59,14.27,17.20,1,1,1.0
32,43,804.32,418.47,18.97,29.97,1,1,1.0
32,45,751.51,388.29,17.97,32.33,1,1,1.0
32,46,1707.26,441.26,46.17,54.75,1,1,1.0
32,56,1730.40,473.46,97.59,139.07,1,1,1.0
33,41,529.87,576.44,14.27,17.21,1,1,1.0
33,43,800.77,418.89,18.97,29.97,1,1,1.0
33,45,748.22,388.57,17.97,32.33,1,1,1.0
33,46,1699.18,444.92,46.93,53.79,1,1,1.0
33,56,1724.91,485.91,98.30,129.14,1,1,1.0
34,3,1498.57,0.00,26.35,19.19,1,1,1.0
34,41,526.47,577.30,14.27,17.21,1,1,1.0
34,43,797.23,419.32,18.97,29.97,1,1,1.0
34,45,745.20,389.12,17.97,32.33,1,1,1.0
34,46,1691.10,448.57,47.70,52.83,1,1,1.0
34,56,1719.72,481.69,96.09,134.63,1,1,1.0
35,41,522.46,577.39,14.26,17.21,1,1,1.0
35,43,793.69,419.74,18.97,29.97,1,1,1.0
35,45,740.80,388.98,17.97,32.33,1,1,1.0
35,46,1682.25,452.03,47.70,52.83,1,1,1.0
35,56,1713.73,480.10,95.78,137.18,1,1,1.0
36,41,518.44,577.49,14.27,17.20,1,1,1.0
36,43,790.14,420.17,18.97,29.97,1,1,1.0
36,45,736.41,388.84,17.97,32.33,1,1,1.0
36,46,1673.41,455.50,47.69,52.82,1,1,1.0
36,56,1701.16,482.54,94.61,137.44,1,1,1.0
37,41,514.43,577.58,14.27,17.20,1,1,1.0
37,43,786.60,420.59,18.97,29.97,1,1,1.0
37,45,734.22,389.12,17.96,32.33,1,1,1.0
37,46,1664.56,458.96,47.69,52.83,1,1,1.0
37,56,1693.85,492.36,93.20,133.71,1,1,1.0
38,41,510.42,577.67,14.26,17.20,1,1,1.0
38,43,783.05,421.02,18.97,29.97,1,1,1.0
38,45,729.93,391.20,18.67,30.50,1,1,1.0
38,46,1655.71,462.42,47.70,52.83,1,1,1.0
38,56,1686.74,491.96,95.34,133.36,1,1,1.0
39,41,506.40,577.76,14.27,17.21,1,1,1.0
39,43,778.38,421.59,18.97,29.97,1,1,1.0
39,45,725.38,390.06,20.15,31.44,1,1,1.0
39,46,1644.32,465.50,47.70,52.83,1,1,1.0
39,56,1678.03,495.68,94.31,132.36,1,1,1.0
40,41,501.27,577.70,14.27,17.20,1,1,1.0
40,43,773.70,422.15,18.97,29.97,1,1,1.0
40,45,722.03,389.81,18.54,32.01,1,1,1.0
40,46,1632.93,468.58,47.70,52.83,1,1,1.0
40,56,1670.77,508.97,93.89,122.17,1,1,1.0
41,41,496.14,577.63,14.27,17.20,1,1,1.0
41,43,769.02,422.72,18.97,29.97,1,1,1.0
41,45,713.23,391.39,18.67,31.31,1,1,1.0
41,46,1621.55,471.66,47.69,52.82,1,1,1.0
41,56,1652.49,501.77,91.99,133.40,1,1,1.0
42,4,1684.66,11.99,46.23,35.86,1,1,1.0
42,41,491.01,577.56,14.27,17.21,1,1,1.0
42,43,764.34,423.29,18.97,29.97,1,1,1.0
42,45,708.10,390.58,19.92,32.03,1,1,1.0
42,46,1610.16,474.73,47.69,52.83,1,1,1.0
42,56,1645.87,515.34,91.15,124.15,1,1,1.0
43,41,485.88,577.50,14.27,17.20,1,1,1.0
43,43,759.67,423.85,18.97,29.97,1,1,1.0
43,45,705.34,391.34,19.53,33.16,1,1,1.0
43,46,1598.77,477.81,47.70,52.83,1,1,1.0
43,56,1639.30,514.75,92.18,129.12,1,1,1.0
44,41,480.27,577.82,14.26,17.54,1,1,1.0
44,43,754.99,424.42,18.97,29.97,1,1,1.0
44,45,701.26,392.89,19.53,31.31,1,1,1.0
44,46,1586.65,483.20,47.70,52.82,1,1,1.0
44,55,1890.23,662.66,29.77,242.43,1,1,1.0
44,56,1630.06,519.73,90.86,126.50,1,1,1.0
45,41,474.65,578.14,14.27,17.88,1,1,1.0
45,43,749.51,425.80,18.97,29.97,1,1,1.0
45,45,696.87,394.04,17.93,33.16,1,1,1.0
45,46,1574.53,488.58,47.70,52.83,1,1,1.0
45,55,1876.80,670.11,43.20,269.97,1,1,1.0
45,56,1620.92,524.63,92.12,123.80,1,1,1.0
46,5,1315.73,54.53,20.50,30.18,1,1,1.0
46,41,469.04,578.46,14.27,18.23,1,1,1.0
46,43,744.04,427.18,18.97,29.97,1,1,1.0
46,45,687.35,395.69,18.05,32.11,1,1,1.0
46,46,1562.41,493.97,47.70,52.83,1,1,1.0
46,55,1850.73,680.66,69.27,255.93,1,1,1.0
46,56,1602.84,533.37,92.57,124.49,1,1,1.0
47,5,1307.25,56.19,24.31,36.11,1,1,1.0
47,41,463.43,578.78,14.26,18.57,1,1,1.0
47,43,738.56,428.57,18.97,29.97,1,1,1.0
47,45,683.22,396.28,18.28,34.62,1,1,1.0
47,46,1550.29,499.35,47.70,52.83,1,1,1.0
47,55,1843.20,685.30,76.73,261.12,1,1,1.0
47,56,1590.53,530.37,94.36,129.96,1,1,1.0
48,41,457.81,579.10,14.27,18.91,1,1,1.0
48,43,733.09,429.95,18.97,29.97,1,1,1.0
48,45,678.97,397.55,18.33,32.95,1,1,1.0
48,46,1540.81,500.89,50.52,53.86,1,1,1.0
48,55,1834.69,690.23,85.31,257.63,1,1,1.0
48,56,1582.61,536.15,94.76,127.61,1,1,1.0
49,41,452.28,579.77,14.27,18.91,1,1,1.0
49,43,727.61,431.33,18.97,29.97,1,1,1.0
49,45,674.62,398.88,18.90,31.89,1,1,1.0
49,46,1531.32,502.43,53.34,54.90,1,1,1.0
49,55,1820.53,690.41,99.47,262.79,1,1,1.0
49,56,1573.33,536.23,96.29,128.99,1,1,1.0
50,41,446.76,580.44,14.26,18.92,1,1,1.0
50,43,722.14,432.71,18.97,29.97,1,1,1.0
50,45,670.84,399.04,18.16,33.66,1,1,1.0
50,46,1521.83,503.97,56.17,55.93,1,1,1.0
50,55,1810.24,695.84,109.76,258.52,1,1,1.0
50,56,1563.94,541.65,96.57,128.22,1,1,1.0
51,41,441.23,581.12,14.26,18.91,1,1,1.0
51,43,716.67,434.09,18.97,29.97,1,1,1.0
51,45,661.57,400.19,19.12,35.21,1,1,1.0
51,46,1508.23,509.10,56.18,55.93,1,1,1.0
51,55,1785.36,707.93,134.64,255.33,1,1,1.0
51,56,1546.91,552.42,91.92,125.20,1,1,1.0
52,6,1789.71,343.31,27.02,42.55,1,1,1.0
52,41,435.70,581.79,14.26,18.91,1,1,1.0
52,43,711.19,435.48,18.97,29.97,1,1,1.0
52,45,656.63,401.56,19.12,35.21,1,1,1.0
52,46,1494.64,514.23,56.17,55.93,1,1,1.0
52,55,1773.80,711.57,145.94,256.76,1,1,1.0
52,56,1532.82,556.10,96.53,122.95,1,1,1.0
53,6,1782.41,346.37,29.06,44.07,1,1,1.0
53,41,430.17,582.46,14.26,18.92,1,1,1.0
53,43,706.58,436.96,18.97,29.97,1,1,1.0
53,45,652.50,403.75,19.02,31.72,1,1,1.0
53,46,1481.05,519.36,56.17,55.93,1,1,1.0
53,55,1759.74,715.85,151.68,251.44,1,1,1.0
53,56,1528.54,561.21,90.36,123.41,1,1,1.0
54,6,1779.58,352.13,26.37,40.28,1,1,1.0
54,41,425.71,583.20,14.27,18.91,1,1,1.0
54,43,701.98,438.45,18.97,29.97,1,1,1.0
54,45,649.00,404.31,18.90,34.49,1,1,1.0
54,46,1470.85,523.02,56.18,57.27,1,1,1.0
54,55,1748.67,720.12,149.18,254.02,1,1,1.0
54,56,1510.54,568.51,99.90,119.91,1,1,1.0
55,6,1773.15,356.14,28.79,40.45,1,1,1.0
55,41,421.25,583.93,14.27,18.92,1,1,1.0
55,43,697.37,439.94,18.97,29.97,1,1,1.0
55,45,645.67,406.58,18.66,32.26,1,1,1.0
55,46,1460.66,526.68,56.17,58.61,1,1,1.0
55,55,1739.39,723.52,152.56,254.33,1,1,1.0
55,56,1512.28,563.04,88.07,129.56,1,1,1.0
56,6,1765.84,366.00,26.67,36.06,1,1,1.0
56,41,416.80,584.67,14.26,18.91,1,1,1.0
56,43,692.76,441.43,18.97,29.97,1,1,1.0
56,45,638.89,408.36,18.61,32.54,1,1,1.0
56,46,1450.46,530.34,56.18,59.95,1,1,1.0
56,55,1719.24,733.97,147.96,250.89,1,1,1.0
56,56,1500.11,573.93,85.00,125.75,1,1,1.0
57,41,412.34,585.40,14.27,18.91,1,1,1.0
57,43,688.16,442.92,18.97,29.97,1,1,1.0
57,45,634.07,407.82,19.43,35.38,1,1,1.0
57,46,1440.27,534.00,56.17,61.29,1,1,1.0
57,55,1710.98,737.71,148.94,254.80,1,1,1.0
57,56,1494.27,581.51,83.49,122.25,1,1,1.0
58,41,407.89,586.14,14.26,18.91,1,1,1.0
58,43,683.55,444.41,18.97,29.97,1,1,1.0
58,45,630.15,410.26,20.20,31.97,1,1,1.0
58,46,1429.69,538.23,56.17,61.30,1,1,1.0
58,55,1699.14,743.46,146.96,253.45,1,1,1.0
58,56,1484.91,574.56,84.74,133.77,1,1,1.0
59,41,403.43,586.87,14.27,18.91,1,1,1.0
59,43,679.30,445.85,18.97,29.97,1,1,1.0
59,45,627.03,411.68,18.37,31.66,1,1,1.0
59,46,1419.11,542.46,56.17,61.30,1,1,1.0
59,55,1690.15,749.28,142.52,254.43,1,1,1.0
59,56,1478.01,587.03,82.68,124.38,1,1,1.0
60,41,398.97,587.60,14.27,18.92,1,1,1.0
60,43,675.05,447.30,18.97,29.97,1,1,1.0
60,45,622.73,413.42,20.34,32.25,1,1,1.0
60,46,1408.53,546.70,56.17,61.29,1,1,1.0
60,55,1680.65,752.71,146.50,252.12,1,1,1.0
60,56,1467.53,581.52,85.92,134.20,1,1,1.0
61,41,394.52,588.44,14.26,18.91,1,1,1.0
61,43,670.79,448.74,18.97,29.97,1,1,1.0
61,45,616.82,412.24,19.08,32.94,1,1,1.0
61,46,1397.95,550.93,56.17,61.29,1,1,1.0
61,55,1660.30,760.85,141.77,252.85,1,1,1.0
61,56,1454.25,596.57,82.12,126.26,1,1,1.0
62,41,390.06,589.28,14.27,18.91,1,1,1.0
62,43,666.54,450.19,18.97,29.97,1,1,1.0
62,45,613.24,416.56,18.10,32.38,1,1,1.0
62,46,1389.49,554.39,56.17,61.29,1,1,1.0
62,55,1650.62,764.87,141.92,251.36,1,1,1.0
62,56,1445.79,596.03,81.75,128.89,1,1,1.0
63,41,385.60,590.11,14.27,18.91,1,1,1.0
63,43,662.29,451.63,18.97,29.97,1,1,1.0
63,45,609.25,415.19,19.82,32.35,1,1,1.0
63,46,1381.02,557.85,56.18,61.30,1,1,1.0
63,55,1638.64,768.82,140.56,254.42,1,1,1.0
63,56,1437.40,600.87,83.71,128.32,1,1,1.0
64,41,381.15,590.95,14.26,18.91,1,1,1.0
64,43,658.04,453.33,18.97,29.97,1,1,1.0
64,45,606.23,416.84,19.82,32.35,1,1,1.0
64,46,1372.56,561.31,56.17,61.30,1,1,1.0
64,55,1630.99,772.65,139.30,254.05,1,1,1.0
64,56,1430.83,602.67,82.82,128.22,1,1,1.0
65,41,376.69,591.78,14.27,18.92,1,1,1.0
65,43,653.79,455.04,18.97,29.97,1,1,1.0
65,45,602.78,419.57,19.88,32.13,1,1,1.0
65,46,1364.09,564.78,56.18,61.29,1,1,1.0
65,55,1623.52,776.85,139.04,251.47,1,1,1.0
65,56,1422.36,606.42,82.12,128.84,1,1,1.0
66,41,372.24,592.62,14.26,18.91,1,1,1.0
66,43,649.53,456.74,18.97,29.97,1,1,1.0
66,45,597.20,422.53,19.20,30.95,1,1,1.0
66,46,1353.32,569.59,57.91,62.84,1,1,1.0
66,55,1602.46,784.00,139.71,252.95,1,1,1.0
66,56,1406.33,618.18,83.43,123.60,1,1,1.0
67,41,367.78,593.45,14.27,18.92,1,1,1.0
67,43,646.56,458.44,18.97,29.97,1,1,1.0
67,45,594.77,419.32,20.11,33.98,1,1,1.0
67,46,1342.55,574.40,59.63,64.39,1,1,1.0
67,55,1594.59,788.48,137.86,251.95,1,1,1.0
67,56,1402.70,623.50,80.27,121.04,1,1,1.0
68,41,364.98,595.09,14.27,18.91,1,1,1.0
68,43,643.61,459.06,19.59,29.93,1,1,1.0
68,45,590.79,422.70,20.38,35.10,1,1,1.0
68,46,1331.78,579.20,61.36,65.94,1,1,1.0
68,55,1580.05,793.85,136.89,250.74,1,1,1.0
68,56,1394.34,626.55,79.22,123.63,1,1,1.0
69,41,362.19,596.73,14.26,18.91,1,1,1.0
69,43,639.58,459.59,20.07,30.29,1,1,1.0
69,45,586.64,422.94,20.07,34.82,1,1,1.0
69,46,1321.01,584.01,63.09,67.49,1,1,1.0
69,55,1568.86,799.37,139.84,253.09,1,1,1.0
69,56,1386.15,624.41,69.22,128.50,1,1,1.0
70,41,359.39,598.37,14.27,18.91,1,1,1.0
70,43,636.60,462.14,20.07,30.29,1,1,1.0
70,45,583.37,426.87,19.98,34.03,1,1,1.0
70,46,1310.23,588.89,63.10,67.48,1,1,1.0
70,55,1559.10,804.18,135.65,253.36,1,1,1.0
70,56,1377.51,625.56,77.57,130.19,1,1,1.0
71,41,356.59,600.01,14.27,18.91,1,1,1.0
71,43,630.23,467.24,20.07,30.29,1,1,1.0
71,45,578.78,430.36,20.64,32.82,1,1,1.0
71,46,1299.46,593.76,63.10,67.49,1,1,1.0
71,55,1539.57,813.99,136.57,254.26,1,1,1.0
71,56,1364.82,639.64,75.88,127.14,1,1,1.0
72,41,353.80,601.65,14.26,18.91,1,1,1.0
72,43,628.52,468.94,20.07,30.29,1,1,1.0
72,45,577.21,432.79,19.59,33.84,1,1,1.0
72,46,1288.69,598.63,63.09,67.49,1,1,1.0
72,50,1843.87,240.37,76.10,119.89,1,1,1.0
72,55,1532.89,821.00,133.12,252.07,1,1,1.0
72,56,1357.38,638.04,70.43,129.96,1,1,1.0
73,41,351.00,603.28,14.27,18.92,1,1,1.0
73,43,625.12,472.77,20.07,30.29,1,1,1.0
73,45,574.19,432.55,20.08,33.20,1,1,1.0
73,46,1279.65,603.25,63.09,68.64,1,1,1.0
73,49,1685.16,11.39,77.23,148.92,1,1,1.0
73,50,1835.66,247.13,81.24,112.46,1,1,1.0
73,55,1520.38,826.94,133.48,251.72,1,1,1.0
73,56,1349.61,645.32,74.95,132.35,1,1,1.0
74,41,348.20,604.92,14.27,18.92,1,1,1.0
74,43,623.00,472.35,20.07,30.29,1,1,1.0
74,45,572.41,436.78,19.43,32.94,1,1,1.0
74,46,1270.61,607.87,63.09,69.79,1,1,1.0
74,49,1675.51,14.14,77.22,154.90,1,1,1.0
74,50,1827.39,252.83,82.93,113.48,1,1,1.0
74,55,1510.93,832.55,138.68,246.77,1,1,1.0
74,56,1343.22,650.51,70.78,130.87,1,1,1.0
75,41,345.41,606.56,14.26,18.91,1,1,1.0
75,43,622.57,475.75,20.07,30.29,1,1,1.0
75,45,570.35,437.33,19.43,32.94,1,1,1.0
75,46,1261.57,612.48,63.09,70.95,1,1,1.0
75,49,1665.86,16.90,77.22,160.87,1,1,1.0
75,50,1819.42,260.03,82.62,112.04,1,1,1.0
75,55,1505.20,837.12,134.20,242.88,1,1,1.0
75,56,1337.29,653.72,73.58,129.36,1,1,1.0
76,41,343.35,606.56,14.27,18.91,1,1,1.0
76,43,620.02,475.61,20.07,30.29,1,1,1.0
76,45,568.29,437.88,19.43,32.94,1,1,1.0
76,46,1252.53,617.10,63.09,72.10,1,1,1.0
76,49,1656.21,19.66,77.22,166.84,1,1,1.0
76,50,1804.32,264.08,84.07,117.06,1,1,1.0
76,55,1487.83,842.73,133.26,237.27,1,1,1.0
76,56,1325.49,659.46,72.04,131.67,1,1,1.0
77,41,341.30,606.56,14.27,18.91,1,1,1.0
77,43,617.47,475.46,20.07,30.29,1,1,1.0
77,45,566.81,436.32,19.26,34.52,1,1,1.0
77,46,1245.86,616.84,63.09,72.10,1,1,1.0
77,49,1646.55,16.90,77.23,169.60,1,1,1.0
77,50,1798.57,268.37,83.00,113.43,1,1,1.0
77,55,1476.80,844.92,135.38,235.08,1,1,1.0
77,56,1318.98,662.46,70.43,129.00,1,1,1.0
78,41,339.13,604.76,14.27,18.91,1,1,1.0
78,43,614.92,475.32,20.07,30.29,1,1,1.0
78,45,564.44,438.21,20.12,32.60,1,1,1.0
78,46,1239.19,616.59,63.10,72.10,1,1,1.0
78,49,1638.97,18.28,77.22,166.92,1,1,1.0
78,50,1792.28,268.48,81.22,114.73,1,1,1.0
78,55,1470.65,844.46,132.86,234.59,1,1,1.0
78,56,1314.78,665.95,67.84,127.06,1,1,1.0
79,41,336.96,602.96,14.26,18.91,1,1,1.0
79,43,614.35,474.24,19.59,30.00,1,1,1.0
79,45,563.89,437.10,20.09,32.59,1,1,1.0
79,46,1232.52,616.33,63.10,72.10,1,1,1.0
79,49,1631.39,19.66,77.22,169.64,1,1,1.0
79,50,1782.27,269.78,86.57,115.03,1,1,1.0
79,55,1461.44,846.29,131.71,233.71,1,1,1.0
79,56,1307.69,675.05,68.87,115.82,1,1,1.0
80,41,334.79,601.16,14.26,18.91,1,1,1.0
80,43,613.78,473.15,19.11,29.71,1,1,1.0
80,45,562.06,437.89,18.35,31.41,1,1,1.0
80,46,1222.01,618.38,61.04,70.57,1,1,1.0
80,49,1614.14,21.04,76.54,168.96,1,1,1.0
80,50,1775.19,273.38,82.41,113.70,1,1,1.0
80,55,1451.28,848.50,132.63,231.50,1,1,1.0
80,56,1301.29,679.37,68.07,114.86,1,1,1.0
81,41,332.62,599.36,14.26,18.91,1,1,1.0
81,43,609.10,470.44,19.22,30.18,1,1,1.0
81,45,557.46,434.65,19.85,31.95,1,1,1.0
81,46,1211.49,620.43,58.98,69.05,1,1,1.0
81,49,1596.90,22.42,75.86,159.98,1,1,1.0
81,50,1754.62,277.23,86.72,113.62,1,1,1.0
81,55,1428.00,850.04,132.78,229.96,1,1,1.0
81,56,1285.14,666.51,64.62,129.25,1,1,1.0
82,41,330.44,597.56,14.27,18.91,1,1,1.0
82,43,606.28,469.83,19.55,29.94,1,1,1.0
82,45,554.44,433.28,19.85,31.95,1,1,1.0
82,46,1200.98,622.49,56.92,67.51,1,1,1.0
82,49,1583.80,23.80,75.86,159.98,1,1,1.0
82,50,1743.39,277.13,84.89,117.52,1,1,1.0
82,55,1416.08,853.78,132.88,225.55,1,1,1.0
82,56,1274.52,666.51,64.62,129.25,1,1,1.0
83,41,327.74,593.67,14.27,18.91,1,1,1.0
83,43,603.26,467.93,20.22,29.61,1,1,1.0
83,45,552.02,430.82,20.40,30.98,1,1,1.0
83,46,1192.77,628.13,54.36,61.60,1,1,1.0
83,49,1570.70,25.17,75.86,159.99,1,1,1.0
83,50,1732.92,278.00,84.80,117.50,1,1,1.0
83,55,1402.06,853.89,131.10,226.11,1,1,1.0
83,56,1264.29,666.12,64.62,129.25,1,1,1.0
84,41,325.04,589.77,14.27,18.92,1,1,1.0
84,43,600.90,465.84,19.27,29.35,1,1,1.0
84,45,551.15,428.86,18.35,31.84,1,1,1.0
84,46,1184.56,633.77,51.81,55.70,1,1,1.0
84,49,1558.29,21.04,75.86,159.98,1,1,1.0
84,50,1722.58,280.46,84.42,116.99,1,1,1.0
84,55,1389.45,853.28,133.94,226.72,1,1,1.0
84,56,1254.06,665.72,64.62,129.25,1,1,1.0
85,41,322.34,585.88,14.27,18.91,1,1,1.0
85,43,598.55,463.74,18.31,29.09,1,1,1.0
85,45,547.86,425.57,18.35,31.84,1,1,1.0
85,46,1176.36,639.41,49.24,49.79,1,1,1.0
85,47,1208.58,625.51,34.88,44.48,1,1,1.0
85,49,1538.29,22.42,75.86,159.98,1,1,1.0
85,50,1707.70,280.79,87.67,115.11,1,1,1.0
85,55,1375.51,852.80,129.93,227.20,1,1,1.0
85,56,1243.83,665.33,64.62,129.25,1,1,1.0
86,7,1147.89,552.82,28.85,38.37,1,1,1.0
86,41,319.64,581.99,14.27,18.91,1,1,1.0
86,43,593.13,459.56,20.44,28.75,1,1,1.0
86,45,543.14,418.77,19.72,32.31,1,1,1.0
86,46,1171.74,652.50,36.16,35.90,1,1,1.0
86,47,1188.46,628.38,36.04,40.42,1,1,1.0
86,49,1518.30,23.79,75.86,159.99,1,1,1.0
86,50,1691.28,280.08,82.63,118.23,1,1,1.0
86,55,1354.70,852.01,127.66,226.76,1,1,1.0
86,56,1231.24,692.44,62.53,100.64,1,1,1.0
87,7,1139.73,551.34,31.82,38.94,1,1,1.0
87,41,316.94,578.10,14.27,18.91,1,1,1.0
87,43,591.40,456.63,19.46,30.12,1,1,1.0
87,45,541.16,417.67,18.96,32.18,1,1,1.0
87,46,1160.71,650.70,36.16,35.91,1,1,1.0
87,47,1182.14,628.96,36.04,40.42,1,1,1.0
87,49,1526.11,32.53,61.29,147.93,1,1,1.0
87,50,1678.56,281.05,88.36,117.57,1,1,1.0
87,55,1340.79,851.81,132.09,228.19,1,1,1.0
87,56,1221.40,667.69,64.62,129.25,1,1,1.0
88,7,1131.12,551.71,28.11,36.79,1,1,1.0
88,41,313.83,573.33,14.27,18.91,1,1,1.0
88,43,587.96,454.66,19.46,30.12,1,1,1.0
88,45,539.66,413.57,18.15,33.12,1,1,1.0
88,46,1149.68,648.91,36.16,35.90,1,1,1.0
88,47,1173.81,627.81,35.48,38.68,1,1,1.0
88,49,1517.98,30.92,60.87,138.82,1,1,1.0
88,50,1672.13,279.47,85.37,118.28,1,1,1.0
88,55,1329.70,850.61,133.19,229.39,1,1,1.0
88,56,1214.90,665.92,64.62,129.25,1,1,1.0
89,7,1121.81,549.69,28.00,37.55,1,1,1.0
89,41,310.72,568.56,14.26,18.92,1,1,1.0
89,43,587.12,450.60,19.48,30.36,1,1,1.0
89,45,535.89,409.92,20.73,32.31,1,1,1.0
89,46,1138.65,647.11,36.16,35.91,1,1,1.0
89,47,1165.47,626.66,34.93,36.94,1,1,1.0
89,49,1506.32,28.03,59.65,140.44,1,1,1.0
89,50,1664.20,278.42,87.61,116.45,1,1,1.0
89,55,1323.41,850.13,126.58,228.48,1,1,1.0
89,56,1208.41,664.15,64.62,129.25,1,1,1.0
90,41,307.61,563.80,14.26,18.91,1,1,1.0
90,43,584.02,446.63,18.51,31.20,1,1,1.0
90,45,533.33,406.28,21.01,34.98,1,1,1.0
90,46,1127.37,642.24,40.01,38.47,1,1,1.0
90,47,1152.54,623.79,34.93,36.94,1,1,1.0
90,49,1494.43,26.62,65.05,145.98,1,1,1.0
90,50,1658.95,278.63,84.44,117.81,1,1,1.0
90,55,1309.87,850.92,129.41,228.34,1,1,1.0
90,56,1196.61,660.61,64.62,129.25,1,1,1.0
91,41,304.50,559.03,14.26,18.92,1,1,1.0
91,43,578.27,438.43,18.37,31.17,1,1,1.0
91,45,527.98,396.98,20.61,33.46,1,1,1.0
91,46,1116.08,637.37,43.86,41.04,1,1,1.0
91,47,1139.61,620.91,34.93,36.94,1,1,1.0
91,49,1476.50,26.62,65.05,145.98,1,1,1.0
91,50,1641.69,271.08,86.61,120.81,1,1,1.0
91,55,1289.78,844.63,129.65,235.04,1,1,1.0
91,56,1184.80,657.07,64.62,129.25,1,1,1.0
92,41,301.89,552.54,14.27,18.92,1,1,1.0
92,43,575.12,434.45,17.86,27.32,1,1,1.0
92,45,526.37,392.30,19.82,35.27,1,1,1.0
92,46,1104.80,632.50,47.70,43.60,1,1,1.0
92,47,1132.40,616.91,34.38,35.48,1,1,1.0
92,49,1465.49,14.56,74.14,142.78,1,1,1.0
92,50,1634.30,267.47,87.95,120.81,1,1,1.0
92,55,1278.64,841.96,130.88,238.04,1,1,1.0
92,56,1180.67,654.71,64.62,129.25,1,1,1.0
93,41,299.29,546.06,14.27,18.91,1,1,1.0
93,43,575.12,444.80,17.86,13.00,1,1,1.0
93,45,524.36,386.95,18.93,32.34,1,1,1.0
93,46,1099.17,627.63,45.12,42.06,1,1,1.0
93,47,1125.20,612.90,33.82,34.03,1,1,1.0
93,49,1459.05,11.28,68.25,134.28,1,1,1.0
93,50,1629.66,264.27,85.27,122.76,1,1,1.0
93,55,1267.10,837.56,136.99,242.44,1,1,1.0
93,56,1176.54,652.34,64.62,129.25,1,1,1.0
94,41,296.68,539.57,14.27,18.91,1,1,1.0
94,43,572.17,436.93,17.86,13.00,1,1,1.0
94,45,520.45,378.68,21.53,35.62,1,1,1.0
94,46,1093.53,622.77,42.56,40.51,1,1,1.0
94,47,1118.30,607.73,33.82,34.03,1,1,1.0
94,49,1452.16,9.90,68.25,134.28,1,1,1.0
94,50,1622.33,258.35,86.92,123.35,1,1,1.0
94,55,1260.41,831.07,130.58,246.71,1,1,1.0
94,56,1168.87,647.62,64.62,129.25,1,1,1.0
95,41,292.88,531.06,14.27,18.92,1,1,1.0
95,43,569.22,429.55,10.48,13.00,1,1,1.0
95,45,518.42,374.19,19.58,37.21,1,1,1.0
95,46,1087.90,617.90,39.98,38.96,1,1,1.0
95,47,1111.41,602.55,33.81,34.03,1,1,1.0
95,49,1456.19,1.15,65.01,135.54,1,1,1.0
95,50,1616.77,253.95,88.27,122.47,1,1,1.0
95,55,1249.30,826.79,134.87,250.38,1,1,1.0
95,56,1161.20,642.90,64.62,129.25,1,1,1.0
96,41,289.07,522.56,14.27,18.91,1,1,1.0
96,45,511.93,361.14,21.21,36.32,1,1,1.0
96,46,1080.59,606.74,39.98,38.97,1,1,1.0
96,47,1105.66,590.77,33.82,34.03,1,1,1.0
96,49,1429.20,0.25,80.99,127.83,1,1,1.0
96,50,1608.99,240.16,87.24,120.27,1,1,1.0
96,55,1239.69,810.77,133.70,257.75,1,1,1.0
96,56,1154.70,633.46,64.62,129.25,1,1,1.0
97,41,285.27,514.05,14.26,18.91,1,1,1.0
97,45,510.52,353.05,19.72,35.28,1,1,1.0
97,46,1073.28,595.59,39.98,38.96,1,1,1.0
97,47,1099.91,578.99,33.82,34.03,1,1,1.0
97,49,1429.20,0.25,80.99,123.24,1,1,1.0
97,50,1606.69,229.35,85.83,123.77,1,1,1.0
97,55,1236.77,802.23,134.10,256.85,1,1,1.0
97,56,1148.21,624.01,64.62,129.25,1,1,1.0
98,41,281.46,505.54,14.27,18.92,1,1,1.0
98,45,505.56,345.33,22.28,36.58,1,1,1.0
98,46,1068.27,586.57,39.98,38.96,1,1,1.0
98,47,1094.74,571.23,33.81,34.03,1,1,1.0
98,49,1429.20,0.25,80.99,118.64,1,1,1.0
98,50,1603.75,221.35,87.59,123.66,1,1,1.0
98,55,1231.88,793.07,129.16,256.68,1,1,1.0
98,56,1145.85,619.29,64.62,129.25,1,1,1.0
99,41,278.42,496.54,14.26,18.92,1,1,1.0
99,45,503.12,338.88,21.94,34.66,1,1,1.0
99,46,1063.26,577.55,39.98,38.97,1,1,1.0
99,47,1089.56,563.47,33.82,34.03,1,1,1.0
99,49,1429.20,0.25,80.99,114.05,1,1,1.0
99,50,1598.59,212.27,88.43,126.38,1,1,1.0
99,55,1224.46,784.52,133.13,256.91,1,1,1.0
99,56,1142.31,609.85,64.62,129.25,1,1,1.0
100,41,274.11,485.35,14.27,18.92,1,1,1.0
100,45,499.79,330.49,21.38,38.64,1,1,1.0
100,46,1058.25,568.54,39.98,38.96,1,1,1.0
100,47,1086.40,549.10,33.82,34.03,1,1,1.0
100,49,1429.20,0.25,80.99,92.00,1,1,1.0
100,50,1597.48,201.89,87.63,125.79,1,1,1.0
100,55,1219.45,776.02,135.26,253.81,1,1,1.0
100,56,1138.77,600.41,64.62,129.25,1,1,1.0
101,41,269.81,474.17,14.27,18.91,1,1,1.0
101,45,495.82,316.96,20.18,37.19,1,1,1.0
101,46,1054.10,556.52,39.98,38.96,1,1,1.0
101,47,1083.24,534.74,33.82,34.03,1,1,1.0
101,49,1429.20,0.25,80.99,69.95,1,1,1.0
101,50,1593.77,183.20,87.17,127.30,1,1,1.0
101,55,1214.68,754.61,133.12,253.82,1,1,1.0
101,56,1132.86,592.15,62.55,125.12,1,1,1.0
102,41,266.85,467.15,14.27,18.21,1,1,1.0
102,45,492.49,306.89,21.41,39.19,1,1,1.0
102,46,1049.95,544.50,39.98,38.96,1,1,1.0
102,47,1078.64,525.25,34.09,35.18,1,1,1.0
102,49,1429.20,0.25,80.99,67.20,1,1,1.0
102,50,1599.59,177.93,77.75,119.56,1,1,1.0
102,55,1209.72,744.95,133.59,254.02,1,1,1.0
102,56,1126.96,583.90,60.48,120.98,1,1,1.0
103,41,263.90,460.12,14.26,17.52,1,1,1.0
103,45,489.45,299.75,21.98,37.35,1,1,1.0
103,46,1045.80,532.47,39.98,38.97,1,1,1.0
103,47,1074.05,515.77,34.35,36.33,1,1,1.0
103,50,1587.74,163.96,87.81,125.99,1,1,1.0
103,55,1205.81,734.98,134.51,251.66,1,1,1.0
103,56,1121.06,575.65,58.41,116.84,1,1,1.0
104,41,260.94,453.10,14.27,16.81,1,1,1.0
104,45,486.40,293.01,22.65,38.95,1,1,1.0
104,46,1039.08,520.88,39.98,38.97,1,1,1.0
104,47,1068.87,506.57,34.36,36.33,1,1,1.0
104,50,1583.23,154.71,86.96,127.24,1,1,1.0
104,55,1201.02,726.05,130.03,252.85,1,1,1.0
104,56,1115.16,567.40,56.34,112.70,1,1,1.0
105,41,256.84,443.44,14.26,17.10,1,1,1.0
105,45,483.28,285.71,21.33,39.81,1,1,1.0
105,46,1032.35,509.29,39.98,38.96,1,1,1.0
105,47,1062.26,493.93,34.36,36.33,1,1,1.0
105,50,1580.48,146.64,85.54,127.02,1,1,1.0
105,55,1192.32,720.16,132.10,251.42,1,1,1.0
105,56,1109.85,555.60,56.34,112.70,1,1,1.0
106,41,252.73,433.77,14.27,17.40,1,1,1.0
106,45,477.11,272.43,20.45,36.85,1,1,1.0
106,46,1025.62,497.70,39.98,38.96,1,1,1.0
106,47,1055.65,481.28,34.36,36.33,1,1,1.0
106,50,1574.27,129.02,85.04,126.24,1,1,1.0
106,55,1180.98,702.73,133.13,249.54,1,1,1.0
106,56,1104.53,543.79,56.35,112.70,1,1,1.0
107,41,248.63,424.11,14.26,17.69,1,1,1.0
107,45,475.07,266.92,21.50,34.29,1,1,1.0
107,46,1020.18,489.26,39.98,38.96,1,1,1.0
107,47,1053.40,472.10,29.71,36.89,1,1,1.0
107,50,1567.26,117.73,86.39,131.80,1,1,1.0
107,55,1176.00,692.09,135.96,252.55,1,1,1.0
107,56,1098.63,539.07,56.34,112.70,1,1,1.0
108,41,245.80,417.22,14.27,17.88,1,1,1.0
108,45,472.60,264.72,18.20,32.68,1,1,1.0
108,46,1014.75,480.81,39.98,38.97,1,1,1.0
108,47,1047.94,464.34,29.71,36.89,1,1,1.0
108,50,1564.05,115.69,83.33,123.96,1,1,1.0
108,55,1167.25,684.65,131.29,249.90,1,1,1.0
108,56,1092.73,534.35,56.34,112.70,1,1,1.0
109,41,242.98,410.34,14.26,18.06,1,1,1.0
109,45,471.50,258.41,18.20,32.68,1,1,1.0
109,46,1009.31,472.37,39.98,38.96,1,1,1.0
109,47,1042.48,456.58,29.71,36.89,1,1,1.0
109,50,1558.75,103.65,84.25,128.99,1,1,1.0
109,55,1156.82,675.99,134.09,249.71,1,1,1.0
109,56,1088.01,526.09,56.34,112.70,1,1,1.0
110,41,240.15,403.45,14.27,18.25,1,1,1.0
110,45,467.93,255.94,18.20,25.56,1,1,1.0
110,46,999.72,463.64,39.98,38.96,1,1,1.0
110,47,1031.56,446.81,29.71,36.89,1,1,1.0
110,50,1551.84,94.25,81.42,129.72,1,1,1.0
110,55,1151.00,667.50,134.42,251.37,1,1,1.0
110,56,1083.29,517.82,56.34,112.70,1,1,1.0
111,41,236.18,394.98,14.27,18.72,1,1,1.0
111,45,461.62,247.98,18.20,20.92,1,1,1.0
111,46,990.13,454.91,39.98,38.96,1,1,1.0
111,47,1020.64,437.04,29.71,36.89,1,1,1.0
111,50,1535.89,81.08,83.30,129.60,1,1,1.0
111,55,1133.98,654.59,134.22,250.85,1,1,1.0
111,56,1074.63,519.00,55.55,104.44,1,1,1.0
112,41,232.21,386.51,14.27,19.19,1,1,1.0
112,46,980.54,446.18,39.98,38.96,1,1,1.0
112,47,1013.74,432.44,29.71,36.89,1,1,1.0
112,50,1530.05,76.05,83.32,130.56,1,1,1.0
112,55,1126.04,649.48,131.99,250.29,1,1,1.0
112,56,1065.97,520.18,54.76,96.18,1,1,1.0
113,41,228.24,378.03,14.26,19.67,1,1,1.0
113,46,972.60,442.32,39.98,38.96,1,1,1.0
113,47,1006.85,427.84,29.71,36.89,1,1,1.0
113,50,1523.86,73.59,81.77,124.99,1,1,1.0
113,55,1117.20,646.45,137.73,245.04,1,1,1.0
113,56,1057.32,521.36,53.96,87.92,1,1,1.0
114,41,225.23,372.04,14.26,19.74,1,1,1.0
114,46,964.66,438.45,39.98,38.96,1,1,1.0
114,47,1000.04,424.78,30.29,36.12,1,1,1.0
114,50,1513.77,71.19,84.10,128.18,1,1,1.0
114,55,1107.96,642.16,132.03,248.79,1,1,1.0
114,56,1050.23,439.10,79.97,168.21,1,1,1.0
115,41,222.21,366.05,14.27,19.80,1,1,1.0
115,46,955.49,428.77,46.38,46.48,1,1,1.0
115,47,992.09,420.56,30.87,35.35,1,1,1.0
115,50,1507.28,64.68,83.15,130.97,1,1,1.0
115,55,1098.24,637.59,135.07,250.01,1,1,1.0
115,56,1043.15,426.50,68.15,178.84,1,1,1.0
116,41,219.20,360.06,14.27,19.87,1,1,1.0
116,46,939.78,419.93,47.84,50.05,1,1,1.0
116,47,976.96,416.92,31.44,34.58,1,1,1.0
116,50,1492.65,58.99,81.62,132.34,1,1,1.0
116,55,1082.77,634.75,130.60,248.08,1,1,1.0
116,56,1036.07,422.20,65.73,181.17,1,1,1.0
117,41,216.19,354.07,14.27,19.93,1,1,1.0
117,46,932.91,413.87,43.59,51.23,1,1,1.0
117,47,970.06,412.90,31.44,34.58,1,1,1.0
117,50,1486.93,58.36,82.53,132.03,1,1,1.0
117,55,1068.88,631.04,137.90,248.86,1,1,1.0
117,56,1032.53,417.48,65.73,181.17,1,1,1.0
118,41,214.01,350.13,14.26,20.17,1,1,1.0
118,46,930.30,422.50,38.47,42.17,1,1,1.0
118,47,963.16,408.88,31.45,34.58,1,1,1.0
118,50,1481.20,57.31,79.30,129.60,1,1,1.0
118,55,1063.08,632.35,134.34,247.54,1,1,1.0
118,56,1023.67,412.76,65.73,181.17,1,1,1.0
119,8,1342.65,523.44,26.34,59.40,1,1,1.0
119,41,211.82,346.19,14.27,20.41,1,1,1.0
119,46,923.00,422.50,38.48,42.17,1,1,1.0
119,47,956.27,410.60,31.44,34.58,1,1,1.0
119,50,1469.37,56.29,85.09,132.22,1,1,1.0
119,55,1055.03,630.23,135.29,249.83,1,1,1.0
119,56,1014.82,408.04,65.73,181.17,1,1,1.0
120,41,209.64,342.26,14.26,20.64,1,1,1.0
120,46,913.28,416.98,43.30,47.75,1,1,1.0
120,47,949.37,412.33,31.44,34.57,1,1,1.0
120,50,1464.72,58.16,81.82,129.81,1,1,1.0
120,55,1045.42,632.69,134.92,247.98,1,1,1.0
120,56,1009.40,410.81,65.74,181.17,1,1,1.0
121,41,207.45,338.32,14.27,20.88,1,1,1.0
121,46,901.44,421.90,44.11,45.33,1,1,1.0
121,47,943.48,414.05,31.44,34.58,1,1,1.0
121,50,1453.09,61.64,83.99,133.85,1,1,1.0
121,55,1032.98,635.53,134.02,251.65,1,1,1.0
121,56,1003.99,413.58,65.73,181.17,1,1,1.0
122,41,206.17,337.04,14.27,19.89,1,1,1.0
122,46,893.29,421.90,44.11,45.33,1,1,1.0
122,47,937.59,415.78,31.44,34.57,1,1,1.0
122,50,1449.28,64.94,80.55,131.11,1,1,1.0
122,55,1026.20,637.06,135.61,252.61,1,1,1.0
122,56,998.57,416.35,65.73,181.17,1,1,1.0
123,41,204.89,335.76,14.27,18.91,1,1,1.0
123,46,891.10,422.80,42.00,47.01,1,1,1.0
123,47,931.70,417.50,31.44,34.58,1,1,1.0
123,50,1440.00,68.58,85.73,132.63,1,1,1.0
123,55,1016.89,639.81,134.34,252.34,1,1,1.0
123,56,993.15,419.12,65.74,181.17,1,1,1.0
124,41,203.61,334.48,14.27,17.92,1,1,1.0
124,44,481.42,225.31,18.89,31.25,1,1,1.0
124,46,887.45,423.87,42.00,47.01,1,1,1.0
124,47,925.80,419.22,31.45,34.58,1,1,1.0
124,50,1437.26,72.70,82.23,132.12,1,1,1.0
124,55,1009.22,642.91,138.11,251.42,1,1,1.0
124,56,987.74,421.89,65.73,181.18,1,1,1.0
125,41,203.35,333.55,14.27,18.28,1,1,1.0
125,44,480.29,224.46,19.26,30.47,1,1,1.0
125,46,883.80,424.95,42.00,47.00,1,1,1.0
125,47,919.77,421.81,31.44,34.58,1,1,1.0
125,50,1433.09,72.13,82.27,133.69,1,1,1.0
125,55,1006.20,643.96,136.07,251.06,1,1,1.0
125,56,982.32,424.66,65.73,181.18,1,1,1.0
126,41,203.08,332.62,14.27,18.65,1,1,1.0
126,44,479.35,224.70,19.55,31.15,1,1,1.0
126,46,873.25,423.20,45.80,54.14,1,1,1.0
126,47,913.73,424.40,31.45,34.57,1,1,1.0
126,50,1423.77,81.10,86.05,132.78,1,1,1.0
126,55,996.36,650.79,138.55,250.86,1,1,1.0
126,56,976.90,427.43,65.74,181.18,1,1,1.0
127,41,202.82,331.70,14.27,19.00,1,1,1.0
127,44,478.30,224.82,19.43,32.19,1,1,1.0
127,46,867.06,427.00,44.79,52.38,1,1,1.0
127,47,908.13,425.83,31.44,34.58,1,1,1.0
127,50,1421.92,86.01,80.73,133.38,1,1,1.0
127,55,986.65,653.02,137.01,252.34,1,1,1.0
127,56,971.03,429.93,65.73,177.64,1,1,1.0
128,41,202.73,331.30,14.27,18.63,1,1,1.0
128,44,477.97,225.41,19.45,32.76,1,1,1.0
128,46,863.98,428.40,44.37,53.91,1,1,1.0
128,47,902.53,427.27,31.44,34.58,1,1,1.0
128,50,1413.97,90.24,83.14,133.75,1,1,1.0
128,55,980.52,656.07,138.44,253.52,1,1,1.0
128,56,965.15,432.43,65.73,174.11,1,1,1.0
129,41,202.64,330.90,14.27,18.27,1,1,1.0
129,44,477.44,225.10,20.70,34.60,1,1,1.0
129,46,857.59,428.00,47.08,55.51,1,1,1.0
129,47,896.92,428.71,31.44,34.57,1,1,1.0
129,50,1409.78,91.62,81.40,133.20,1,1,1.0
129,55,975.83,657.32,138.20,253.81,1,1,1.0
129,56,959.27,434.93,65.73,170.57,1,1,1.0
130,9,1210.17,303.65,15.93,23.93,1,1,1.0
130,41,202.55,330.51,14.27,17.89,1,1,1.0
130,46,853.32,415.39,46.80,70.68,1,1,1.0
130,47,891.32,430.14,31.44,34.58,1,1,1.0
130,50,1408.48,95.98,79.62,132.73,1,1,1.0
130,55,968.12,660.38,142.11,250.55,1,1,1.0
130,56,953.39,437.43,65.73,167.04,1,1,1.0
131,9,1209.62,309.85,16.42,26.19,1,1,1.0
131,41,202.49,332.36,14.27,17.89,1,1,1.0
131,46,842.51,424.43,46.14,68.21,1,1,1.0
131,47,883.86,434.75,30.71,33.57,1,1,1.0
131,50,1396.04,104.77,80.69,133.96,1,1,1.0
131,55,951.81,665.85,139.37,253.18,1,1,1.0
131,56,947.51,439.93,65.73,163.50,1,1,1.0
132,9,1208.79,313.99,17.11,25.51,1,1,1.0
132,10,1255.63,581.88,25.07,44.47,1,1,1.0
132,41,202.42,334.21,14.27,17.90,1,1,1.0
132,46,835.00,430.45,45.75,63.35,1,1,1.0
132,47,876.40,439.36,29.98,32.55,1,1,1.0
132,50,1386.76,108.61,82.70,135.22,1,1,1.0
132,55,941.42,670.20,142.98,251.82,1,1,1.0
132,56,941.63,442.42,65.74,159.98,1,1,1.0
133,9,1208.04,317.57,17.07,24.39,1,1,1.0
133,41,202.29,335.60,14.27,17.90,1,1,1.0
133,46,825.81,428.88,48.25,66.80,1,1,1.0
133,47,868.94,443.97,29.25,31.54,1,1,1.0
133,50,1380.30,114.74,82.01,129.02,1,1,1.0
133,55,934.88,671.84,142.63,252.67,1,1,1.0
133,56,934.58,444.78,65.73,159.97,1,1,1.0
134,41,202.16,336.99,14.26,17.90,1,1,1.0
134,46,819.17,432.58,44.67,64.40,1,1,1.0
134,47,861.47,448.58,28.53,30.52,1,1,1.0
134,50,1373.50,118.38,78.22,131.13,1,1,1.0
134,55,922.79,673.34,140.91,255.12,1,1,1.0
134,56,927.53,447.13,65.73,159.97,1,1,1.0
135,41,200.83,339.97,13.78,18.02,1,1,1.0
135,46,810.75,438.50,43.69,61.42,1,1,1.0
135,50,1363.49,120.15,80.74,131.34,1,1,1.0
135,55,910.64,675.86,143.70,254.17,1,1,1.0
135,56,920.47,449.48,65.73,159.97,1,1,1.0
136,41,199.51,342.95,13.29,18.15,1,1,1.0
136,46,793.26,445.22,40.31,59.40,1,1,1.0
136,50,1336.11,127.91,83.05,133.09,1,1,1.0
136,55,884.39,682.25,143.52,253.64,1,1,1.0
136,56,909.82,452.12,65.73,159.98,1,1,1.0
137,11,1197.85,600.82,27.07,44.02,1,1,1.0
137,41,198.78,344.47,13.29,18.68,1,1,1.0
137,46,783.23,443.56,41.14,62.62,1,1,1.0
137,50,1323.57,129.32,84.25,134.13,1,1,1.0
137,55,873.33,684.86,143.97,252.00,1,1,1.0
137,56,899.16,454.77,65.73,159.98,1,1,1.0
138,11,1189.05,602.55,26.92,42.94,1,1,1.0
138,12,109.55,209.32,42.85,62.33,1,1,1.0
138,41,198.05,346.00,13.29,19.20,1,1,1.0
138,46,774.91,443.85,41.11,62.01,1,1,1.0
138,50,1315.42,130.15,82.12,134.29,1,1,1.0
138,55,860.05,685.29,142.13,249.52,1,1,1.0
138,56,888.51,457.41,65.73,159.98,1,1,1.0
139,41,197.99,347.58,13.29,19.52,1,1,1.0
139,46,765.45,443.15,41.10,64.15,1,1,1.0
139,50,1305.72,132.33,81.50,135.05,1,1,1.0
139,55,848.96,685.44,144.27,249.05,1,1,1.0
139,56,871.60,455.89,70.80,182.81,1,1,1.0
140,41,197.92,349.17,13.29,19.83,1,1,1.0
140,46,753.73,443.89,41.09,64.06,1,1,1.0
140,50,1287.89,134.70,82.07,134.28,1,1,1.0
140,55,832.82,686.55,144.43,251.34,1,1,1.0
140,56,862.56,462.41,83.04,181.25,1,1,1.0
141,41,195.80,353.41,13.29,19.83,1,1,1.0
141,46,727.31,449.41,43.84,65.03,1,1,1.0
141,50,1257.41,143.72,86.99,130.48,1,1,1.0
141,55,803.76,690.85,143.07,250.58,1,1,1.0
141,56,846.30,465.92,77.67,181.25,1,1,1.0
142,41,193.69,357.65,13.29,19.82,1,1,1.0
142,46,720.48,453.27,39.83,64.24,1,1,1.0
142,50,1247.62,146.37,84.64,134.15,1,1,1.0
142,55,790.75,693.30,147.11,255.80,1,1,1.0
142,56,836.00,467.69,70.90,181.24,1,1,1.0
143,41,194.08,360.49,13.29,19.35,1,1,1.0
143,46,710.96,455.66,42.10,64.43,1,1,1.0
143,50,1242.35,150.93,80.92,133.20,1,1,1.0
143,55,781.67,695.29,146.71,256.06,1,1,1.0
143,56,824.54,469.45,72.26,181.25,1,1,1.0
144,13,1113.34,621.80,27.04,43.65,1,1,1.0
144,41,194.48,363.34,13.29,18.86,1,1,1.0
144,46,704.55,461.69,38.80,58.68,1,1,1.0
144,50,1227.64,155.64,83.82,130.19,1,1,1.0
144,55,768.08,696.39,146.95,252.78,1,1,1.0
144,56,815.28,472.54,72.92,179.91,1,1,1.0
145,41,195.27,367.51,13.29,18.19,1,1,1.0
145,46,695.36,462.84,38.80,58.68,1,1,1.0
145,50,1216.64,158.62,85.58,129.33,1,1,1.0
145,55,757.82,697.54,146.62,250.65,1,1,1.0
145,56,806.02,475.62,73.58,178.58,1,1,1.0
146,14,1087.00,625.14,28.24,43.56,1,1,1.0
146,41,196.07,371.68,13.29,17.52,1,1,1.0
146,46,680.99,463.99,38.80,58.68,1,1,1.0
146,50,1198.26,158.71,86.73,129.80,1,1,1.0
146,55,736.65,696.81,146.22,250.98,1,1,1.0
146,56,798.96,475.62,70.94,178.58,1,1,1.0
147,14,1080.41,626.81,28.10,44.29,1,1,1.0
147,41,197.52,373.80,13.29,17.52,1,1,1.0
147,46,675.24,463.99,38.80,58.68,1,1,1.0
147,50,1196.29,160.59,83.05,130.73,1,1,1.0
147,55,729.80,696.94,145.36,250.87,1,1,1.0
147,56,795.44,477.39,68.96,178.57,1,1,1.0
148,14,1075.31,626.79,26.49,44.79,1,1,1.0
148,41,198.98,375.92,13.29,17.52,1,1,1.0
148,46,670.64,465.41,37.36,56.97,1,1,1.0
148,50,1184.80,158.47,87.34,135.12,1,1,1.0
148,55,722.08,696.38,147.93,246.79,1,1,1.0
148,56,789.71,479.15,61.59,178.58,1,1,1.0
149,14,1070.25,627.76,27.10,42.43,1,1,1.0
149,41,200.44,377.37,13.29,17.52,1,1,1.0
149,46,666.05,466.83,35.92,55.26,1,1,1.0
149,50,1184.49,160.05,81.40,132.20,1,1,1.0
149,55,714.02,695.87,150.07,251.48,1,1,1.0
149,56,783.97,480.91,67.63,178.58,1,1,1.0
150,14,1063.08,627.73,28.19,44.84,1,1,1.0
150,15,110.21,243.05,43.28,58.39,1,1,1.0
150,41,201.89,378.83,13.29,17.52,1,1,1.0
150,46,658.58,467.69,35.92,55.27,1,1,1.0
150,50,1176.03,159.66,84.49,132.57,1,1,1.0
150,55,706.73,695.48,148.51,248.88,1,1,1.0
150,56,776.92,481.79,67.98,178.58,1,1,1.0
151,15,112.43,246.73,43.10,59.53,1,1,1.0
151,41,205.00,380.75,12.44,14.87,1,1,1.0
151,46,651.10,468.55,35.92,55.27,1,1,1.0
151,50,1166.68,163.38,80.87,131.99,1,1,1.0
151,55,693.79,698.57,149.06,248.44,1,1,1.0
151,56,769.87,482.68,69.63,178.57,1,1,1.0
152,41,208.12,382.67,11.58,12.23,1,1,1.0
152,46,645.93,469.70,35.92,55.27,1,1,1.0
152,50,1158.05,163.53,81.00,134.28,1,1,1.0
152,55,685.00,699.56,150.95,250.87,1,1,1.0
152,56,766.35,494.50,69.25,168.60,1,1,1.0
153,46,640.76,470.85,35.92,55.27,1,1,1.0
153,50,1154.76,163.86,78.62,133.27,1,1,1.0
153,55,677.41,699.12,151.45,247.79,1,1,1.0
153,56,762.83,490.43,68.87,178.57,1,1,1.0
154,46,639.30,472.88,33.93,52.95,1,1,1.0
154,50,1150.64,165.95,80.52,130.86,1,1,1.0
154,55,672.57,699.43,150.46,248.32,1,1,1.0
154,56,758.85,485.32,65.55,178.58,1,1,1.0
155,46,637.85,474.90,31.93,50.64,1,1,1.0
155,50,1143.75,165.95,80.52,130.86,1,1,1.0
155,55,670.08,699.83,149.99,248.55,1,1,1.0
155,56,757.52,486.20,68.28,178.58,1,1,1.0
156,16,131.11,256.10,41.94,55.26,1,1,1.0
156,46,635.98,474.61,31.93,50.64,1,1,1.0
156,48,838.07,863.58,28.96,82.74,1,1,1.0
156,50,1143.21,164.57,84.12,132.88,1,1,1.0
156,55,667.51,697.63,149.57,246.84,1,1,1.0
156,56,756.64,486.20,68.56,178.58,1,1,1.0
157,46,634.12,474.33,31.93,50.64,1,1,1.0
157,48,833.95,862.78,28.96,82.74,1,1,1.0
157,50,1142.42,162.92,80.56,132.54,1,1,1.0
157,55,664.62,697.18,149.65,245.93,1,1,1.0
157,56,755.76,486.20,66.94,178.58,1,1,1.0
158,17,1031.32,632.33,27.51,43.24,1,1,1.0
158,46,632.25,474.04,31.93,50.64,1,1,1.0
158,48,829.82,861.99,28.96,82.73,1,1,1.0
158,50,1137.09,162.04,81.55,132.43,1,1,1.0
158,55,660.82,696.52,151.56,244.55,1,1,1.0
158,56,755.32,486.20,63.28,178.58,1,1,1.0
159,18,141.72,252.63,44.63,61.71,1,1,1.0
159,19,1133.17,162.10,82.42,131.76,1,1,1.0
159,46,630.38,473.75,31.93,50.64,1,1,1.0
159,48,825.70,861.19,28.96,82.73,1,1,1.0
159,50,1133.54,161.48,82.21,132.27,1,1,1.0
159,55,655.75,695.61,153.06,243.87,1,1,1.0
159,56,754.88,486.20,58.32,178.58,1,1,1.0
160,18,144.93,250.95,44.94,63.72,1,1,1.0
160,46,625.99,476.24,30.75,48.73,1,1,1.0
160,48,821.58,860.39,28.96,82.74,1,1,1.0
160,50,1130.01,162.73,82.46,132.88,1,1,1.0
160,55,651.06,696.32,154.74,245.65,1,1,1.0
160,56,750.47,487.53,56.33,178.58,1,1,1.0
161,18,150.82,255.61,38.85,59.43,1,1,1.0
161,46,621.59,478.73,29.58,46.81,1,1,1.0
161,48,817.46,859.59,28.95,82.74,1,1,1.0
161,50,1118.78,167.10,78.85,128.58,1,1,1.0
161,55,638.87,696.13,151.80,244.27,1,1,1.0
161,56,746.06,488.85,52.34,178.58,1,1,1.0
162,20,1010.09,632.92,27.43,43.19,1,1,1.0
162,46,617.20,481.22,28.40,44.90,1,1,1.0
162,48,809.92,861.37,28.96,82.73,1,1,1.0
162,50,1110.26,167.87,80.36,128.56,1,1,1.0
162,55,631.35,696.11,151.65,243.50,1,1,1.0
162,56,741.95,487.96,51.65,172.12,1,1,1.0
163,46,612.23,481.80,26.86,44.89,1,1,1.0
163,48,802.38,863.14,28.96,82.74,1,1,1.0
163,50,1103.19,166.85,77.27,130.94,1,1,1.0
163,55,622.66,697.09,153.18,245.29,1,1,1.0
163,56,737.83,487.08,49.67,165.66,1,1,1.0
164,46,607.27,482.37,25.30,44.90,1,1,1.0
164,48,794.85,864.91,28.95,82.74,1,1,1.0
164,50,1092.23,168.16,79.17,129.19,1,1,1.0
164,55,615.68,697.99,151.09,243.29,1,1,1.0
164,56,733.71,486.20,44.99,159.20,1,1,1.0
165,46,602.30,482.95,23.76,44.89,1,1,1.0
165,48,787.31,866.69,28.96,82.73,1,1,1.0
165,50,1086.82,179.17,77.96,127.08,1,1,1.0
165,55,607.50,700.51,154.28,243.91,1,1,1.0
165,56,731.60,491.84,34.10,159.20,1,1,1.0
166,48,779.77,868.46,28.96,82.74,1,1,1.0
166,50,1071.65,183.30,77.96,127.08,1,1,1.0
166,55,594.18,705.56,155.33,240.91,1,1,1.0
166,56,729.48,497.49,22.32,159.19,1,1,1.0
167,48,772.24,870.23,28.95,82.74,1,1,1.0
167,50,1062.33,182.39,79.32,125.43,1,1,1.0
167,55,588.26,709.59,153.02,241.10,1,1,1.0
168,47,620.40,486.44,24.60,43.16,1,1,1.0
168,48,762.93,873.22,28.95,82.74,1,1,1.0
168,50,1055.24,186.81,81.75,126.47,1,1,1.0
168,55,579.37,714.51,151.50,239.96,1,1,1.0
169,45,472.58,268.79,22.04,31.12,1,1,1.0
169,47,612.83,487.77,24.60,43.17,1,1,1.0
169,48,753.62,876.22,28.95,82.73,1,1,1.0
169,50,1046.06,189.19,78.09,125.25,1,1,1.0
169,55,569.53,716.19,153.14,236.83,1,1,1.0
170,47,605.27,489.11,24.60,43.16,1,1,1.0
170,48,744.31,879.21,28.95,82.74,1,1,1.0
170,50,1035.70,190.83,81.04,124.97,1,1,1.0
170,55,558.92,718.92,156.60,241.99,1,1,1.0
171,47,591.58,490.85,26.61,45.40,1,1,1.0
171,48,735.00,882.20,28.95,82.74,1,1,1.0
171,50,1018.72,198.48,76.51,125.58,1,1,1.0
171,55,536.81,723.45,160.12,240.86,1,1,1.0
172,47,577.90,492.60,28.62,47.62,1,1,1.0
172,48,725.69,885.19,28.95,82.74,1,1,1.0
172,50,1011.73,197.30,76.21,127.65,1,1,1.0
172,55,528.48,726.08,157.92,243.25,1,1,1.0
172,56,682.94,513.71,78.29,159.19,1,1,1.0
173,47,573.93,491.61,28.61,47.62,1,1,1.0
173,48,716.38,888.19,28.95,82.73,1,1,1.0
173,50,1005.68,200.61,83.46,121.09,1,1,1.0
173,55,522.71,727.09,163.14,241.29,1,1,1.0
173,56,682.94,513.71,75.42,149.39,1,1,1.0
174,47,569.95,490.61,28.62,47.62,1,1,1.0
174,48,709.86,885.79,29.63,82.87,1,1,1.0
174,50,1000.68,196.18,82.96,129.94,1,1,1.0
174,55,517.92,725.09,158.17,239.96,1,1,1.0
174,56,682.94,513.71,72.56,139.59,1,1,1.0
175,47,564.65,487.80,28.62,47.62,1,1,1.0
175,48,703.34,883.39,30.30,83.01,1,1,1.0
175,50,995.45,194.57,82.39,128.81,1,1,1.0
175,55,512.56,723.51,156.82,239.43,1,1,1.0
175,56,682.94,513.71,69.69,129.79,1,1,1.0
176,47,559.35,484.98,28.62,47.62,1,1,1.0
176,48,696.82,881.00,30.97,83.14,1,1,1.0
176,50,986.20,189.54,85.39,126.96,1,1,1.0
176,55,501.93,718.81,158.95,243.14,1,1,1.0
176,56,682.94,513.71,66.83,119.99,1,1,1.0
177,47,554.05,482.17,28.62,47.62,1,1,1.0
177,48,690.31,878.60,31.64,83.28,1,1,1.0
177,50,979.30,185.18,88.79,128.27,1,1,1.0
177,55,493.98,716.37,151.46,237.28,1,1,1.0
177,56,682.94,513.71,63.96,110.19,1,1,1.0
178,47,545.36,481.92,28.62,47.62,1,1,1.0
178,48,683.79,876.20,32.31,83.42,1,1,1.0
178,50,969.21,184.17,91.48,131.90,1,1,1.0
178,55,482.16,717.41,161.38,245.73,1,1,1.0
178,56,675.97,513.71,63.96,110.19,1,1,1.0
179,47,536.67,481.67,28.62,47.62,1,1,1.0
179,48,669.49,874.87,32.31,83.42,1,1,1.0
179,50,959.00,182.96,90.67,132.27,1,1,1.0
179,55,471.48,717.44,168.37,248.50,1,1,1.0
179,56,669.00,513.71,63.96,110.19,1,1,1.0
180,47,523.98,481.19,24.91,44.62,1,1,1.0
180,48,655.19,873.54,32.32,83.42,1,1,1.0
180,50,952.08,176.68,93.19,134.46,1,1,1.0
180,55,461.72,714.31,161.36,242.03,1,1,1.0
180,56,662.03,513.71,63.95,110.19,1,1,1.0
181,47,511.30,480.70,21.20,41.64,1,1,1.0
181,48,640.90,872.21,32.31,83.42,1,1,1.0
181,50,926.13,172.20,88.96,133.11,1,1,1.0
181,55,432.96,706.36,167.73,261.11,1,1,1.0
181,56,644.18,508.94,63.95,110.20,1,1,1.0
182,47,496.89,474.74,25.21,45.16,1,1,1.0
182,48,626.60,870.88,32.31,83.42,1,1,1.0
182,50,909.58,166.68,88.96,133.11,1,1,1.0
182,55,415.53,703.87,169.74,268.67,1,1,1.0
182,56,626.32,504.18,63.96,110.20,1,1,1.0
183,47,486.21,469.77,25.21,44.42,1,1,1.0
183,48,613.96,866.06,32.32,83.42,1,1,1.0
183,50,902.69,165.31,88.96,133.11,1,1,1.0
183,55,403.64,700.54,166.24,250.16,1,1,1.0
183,56,608.47,499.42,63.95,110.20,1,1,1.0
184,47,475.53,464.80,25.21,43.67,1,1,1.0
184,48,601.33,861.24,32.31,83.42,1,1,1.0
184,50,887.99,156.70,94.70,128.86,1,1,1.0
184,55,390.23,695.81,171.35,251.16,1,1,1.0
184,56,596.91,494.32,70.75,130.26,1,1,1.0
185,47,467.59,462.32,25.20,43.67,1,1,1.0
185,48,588.69,856.42,32.31,83.42,1,1,1.0
185,50,878.55,149.65,90.74,131.81,1,1,1.0
185,55,377.68,691.66,175.25,258.34,1,1,1.0
185,56,585.36,489.22,77.54,150.32,1,1,1.0
186,47,454.42,457.86,25.21,42.17,1,1,1.0
186,48,576.06,851.59,32.31,83.42,1,1,1.0
186,50,854.46,138.85,93.80,133.75,1,1,1.0
186,55,352.50,682.86,172.71,245.78,1,1,1.0
186,56,573.80,484.12,84.34,170.38,1,1,1.0
187,47,441.26,453.40,25.20,40.67,1,1,1.0
187,48,567.25,846.94,32.31,83.42,1,1,1.0
187,50,844.11,132.44,97.26,135.69,1,1,1.0
187,55,342.08,678.37,175.48,249.63,1,1,1.0
187,56,566.26,477.01,85.68,168.16,1,1,1.0
188,47,434.14,449.93,25.20,40.00,1,1,1.0
188,48,558.44,842.28,32.31,83.42,1,1,1.0
188,50,833.74,129.74,95.50,135.58,1,1,1.0
188,55,331.42,674.32,171.20,237.09,1,1,1.0
188,56,558.72,469.90,87.01,165.93,1,1,1.0
189,47,427.02,446.47,25.20,39.32,1,1,1.0
189,48,549.62,837.63,32.31,83.42,1,1,1.0
189,50,825.95,124.63,95.80,133.50,1,1,1.0
189,55,321.51,668.19,176.93,248.37,1,1,1.0
189,56,551.06,464.39,90.45,165.48,1,1,1.0
190,47,419.90,443.00,25.20,38.65,1,1,1.0
190,48,540.81,832.97,32.31,83.42,1,1,1.0
190,50,817.96,115.43,94.63,138.40,1,1,1.0
190,55,314.72,664.36,171.91,255.34,1,1,1.0
190,56,544.27,458.38,91.44,168.86,1,1,1.0
191,21,870.36,463.97,24.48,36.91,1,1,1.0
191,47,411.95,434.80,25.21,37.91,1,1,1.0
191,48,533.76,828.05,32.72,83.42,1,1,1.0
191,50,803.04,109.13,94.77,134.26,1,1,1.0
191,55,298.12,653.80,175.03,238.89,1,1,1.0
191,56,535.13,451.74,90.98,168.60,1,1,1.0
192,47,404.00,426.60,25.21,37.17,1,1,1.0
192,48,526.71,823.13,33.12,83.42,1,1,1.0
192,50,795.28,102.89,98.45,135.67,1,1,1.0
192,55,291.35,650.66,169.24,241.56,1,1,1.0
192,56,530.73,445.94,91.13,167.72,1,1,1.0
193,47,397.38,424.77,25.20,34.20,1,1,1.0
193,48,519.66,818.21,33.53,83.42,1,1,1.0
193,50,790.88,102.19,95.51,134.64,1,1,1.0
193,55,285.33,645.43,158.46,235.51,1,1,1.0
193,56,525.69,443.65,90.79,171.69,1,1,1.0
194,47,390.75,422.93,25.21,31.24,1,1,1.0
194,48,512.62,813.29,33.92,83.42,1,1,1.0
194,50,783.77,95.93,97.81,133.46,1,1,1.0
194,55,278.41,640.76,173.39,242.06,1,1,1.0
194,56,520.15,440.40,92.42,164.13,1,1,1.0
195,22,1316.43,408.88,16.20,24.51,1,1,1.0
195,47,384.13,421.10,25.21,28.26,1,1,1.0
195,48,505.57,808.37,34.33,83.42,1,1,1.0
195,50,776.68,89.58,97.74,136.67,1,1,1.0
195,55,271.84,636.94,165.27,246.33,1,1,1.0
195,56,515.61,437.27,92.48,169.07,1,1,1.0
196,22,1318.34,404.11,15.35,24.13,1,1,1.0
196,47,378.67,414.65,23.45,27.76,1,1,1.0
196,48,498.25,803.55,34.34,83.42,1,1,1.0
196,50,765.62,85.62,98.41,133.82,1,1,1.0
196,55,258.36,630.08,169.02,240.39,1,1,1.0
196,56,507.76,428.42,92.30,169.07,1,1,1.0
197,22,1319.22,402.40,14.50,23.72,1,1,1.0
197,47,373.20,408.20,21.70,27.25,1,1,1.0
197,48,490.94,798.72,34.33,83.42,1,1,1.0
197,50,760.27,79.05,99.41,133.24,1,1,1.0
197,55,252.23,624.89,169.64,257.28,1,1,1.0
197,56,503.74,425.26,92.98,163.59,1,1,1.0
198,22,1319.99,397.98,15.15,25.35,1,1,1.0
198,47,367.74,404.70,19.71,25.78,1,1,1.0
198,48,483.62,793.90,34.34,83.42,1,1,1.0
198,50,750.95,73.03,101.31,135.18,1,1,1.0
198,55,245.24,621.73,168.74,234.26,1,1,1.0
198,56,499.20,421.81,91.15,168.44,1,1,1.0
199,23,746.29,73.65,95.21,132.44,1,1,1.0
199,47,362.27,401.20,17.73,24.32,1,1,1.0
199,48,476.31,789.08,34.33,83.42,1,1,1.0
199,50,746.23,72.29,95.93,133.52,1,1,1.0
199,55,236.51,615.88,170.99,240.67,1,1,1.0
199,56,494.48,419.31,89.38,167.18,1,1,1.0
200,23,741.64,67.60,96.28,132.69,1,1,1.0
200,44,535.75,266.94,21.48,31.04,1,1,1.0
200,47,362.27,401.20,17.73,24.32,1,1,1.0
200,48,469.66,784.21,34.33,83.42,1,1,1.0
200,50,741.17,67.96,96.31,131.29,1,1,1.0
200,55,233.61,610.58,161.62,237.81,1,1,1.0
200,56,489.90,411.63,91.76,160.50,1,1,1.0
201,48,463.01,779.33,34.33,83.42,1,1,1.0
201,50,730.77,53.79,95.78,135.83,1,1,1.0
201,55,221.32,600.81,170.84,232.20,1,1,1.0
201,56,482.11,404.52,92.59,161.15,1,1,1.0
202,48,456.36,774.45,34.33,83.42,1,1,1.0
202,50,724.21,47.86,96.34,135.11,1,1,1.0
202,55,215.72,598.55,169.72,233.13,1,1,1.0
202,56,478.24,397.25,85.76,161.51,1,1,1.0
203,24,686.69,541.82,25.83,43.02,1,1,1.0
203,48,449.71,769.58,34.33,83.42,1,1,1.0
203,50,717.98,45.36,97.18,133.23,1,1,1.0
203,55,209.38,597.62,170.14,226.63,1,1,1.0
203,56,474.49,395.57,92.51,162.79,1,1,1.0
204,25,715.74,44.26,98.19,135.28,1,1,1.0
204,48,443.06,764.70,34.33,83.42,1,1,1.0
204,50,714.54,40.95,96.82,136.48,1,1,1.0
204,55,201.55,592.00,166.64,231.73,1,1,1.0
204,56,470.52,391.00,78.78,161.83,1,1,1.0
205,48,436.41,759.82,34.33,83.42,1,1,1.0
205,50,707.84,41.65,95.39,131.65,1,1,1.0
205,55,193.72,585.09,172.26,236.98,1,1,1.0
205,56,464.79,390.86,82.01,156.73,1,1,1.0
206,48,428.82,753.84,35.13,83.42,1,1,1.0
206,50,691.57,27.16,95.05,136.84,1,1,1.0
206,55,177.70,575.68,176.37,236.80,1,1,1.0
206,56,452.83,379.09,79.94,161.67,1,1,1.0
207,48,421.24,747.85,35.92,83.42,1,1,1.0
207,50,685.98,21.90,91.84,134.20,1,1,1.0
207,55,170.30,571.18,174.14,231.30,1,1,1.0
207,56,447.05,373.15,99.60,164.06,1,1,1.0
208,48,413.66,741.87,36.72,83.42,1,1,1.0
208,50,680.84,16.25,95.13,133.20,1,1,1.0
208,55,167.51,567.61,169.78,232.12,1,1,1.0
208,56,443.08,366.38,103.75,165.50,1,1,1.0
209,48,406.08,735.88,37.51,83.42,1,1,1.0
209,50,677.04,11.80,92.36,133.94,1,1,1.0
209,55,156.70,560.98,174.00,257.92,1,1,1.0
209,56,440.34,361.66,105.27,167.75,1,1,1.0
210,48,398.50,729.90,38.30,83.42,1,1,1.0
210,50,671.51,7.02,91.74,134.43,1,1,1.0
210,55,153.21,554.43,172.40,240.40,1,1,1.0
210,56,432.07,357.87,105.27,167.75,1,1,1.0
211,48,386.86,726.25,39.96,81.75,1,1,1.0
211,50,654.30,0.51,93.49,135.01,1,1,1.0
211,55,135.93,545.68,175.40,245.65,1,1,1.0
211,56,423.79,354.08,105.27,167.75,1,1,1.0
212,48,375.23,722.60,41.62,80.08,1,1,1.0
212,50,644.58,1.99,96.30,132.00,1,1,1.0
212,55,129.96,545.17,173.36,234.85,1,1,1.0
212,56,415.52,350.28,105.27,167.75,1,1,1.0
213,48,363.59,718.95,43.29,78.41,1,1,1.0
213,50,635.39,0.00,95.51,130.78,1,1,1.0
213,55,117.40,543.75,175.40,230.68,1,1,1.0
213,56,407.25,346.49,105.27,167.75,1,1,1.0
214,48,351.95,715.30,44.95,76.74,1,1,1.0
214,50,625.75,1.06,93.30,127.39,1,1,1.0
214,55,102.82,541.78,176.94,239.21,1,1,1.0
214,56,395.52,343.04,105.27,167.75,1,1,1.0
215,48,339.30,713.53,44.08,76.73,1,1,1.0
215,50,615.53,0.51,92.93,130.63,1,1,1.0
215,55,89.22,543.20,179.50,234.84,1,1,1.0
215,56,383.80,339.60,105.27,167.75,1,1,1.0
216,48,326.65,711.75,43.21,76.74,1,1,1.0
216,50,594.20,0.00,93.45,129.08,1,1,1.0
216,55,68.09,540.96,179.86,240.84,1,1,1.0
216,56,372.08,336.15,105.27,167.75,1,1,1.0
217,48,314.00,709.98,42.33,76.74,1,1,1.0
217,50,584.55,0.24,94.28,126.01,1,1,1.0
217,55,55.67,539.17,181.90,232.60,1,1,1.0
217,56,360.36,332.70,105.27,167.75,1,1,1.0
218,48,304.69,708.21,42.33,76.73,1,1,1.0
218,50,578.14,0.69,93.27,123.62,1,1,1.0
218,55,47.31,537.61,178.06,235.97,1,1,1.0
218,56,352.55,329.94,105.27,167.75,1,1,1.0
219,48,295.38,706.43,42.33,76.74,1,1,1.0
219,50,567.12,0.00,93.85,122.44,1,1,1.0
219,55,30.96,535.49,186.62,252.43,1,1,1.0
219,56,344.73,327.19,105.27,167.75,1,1,1.0
220,48,286.07,704.66,42.33,76.74,1,1,1.0
220,50,557.03,0.00,96.77,120.03,1,1,1.0
220,55,25.30,532.61,177.84,247.59,1,1,1.0
220,56,336.92,324.43,105.27,167.75,1,1,1.0
221,48,272.11,697.68,42.33,76.73,1,1,1.0
221,50,539.57,0.00,93.64,116.47,1,1,1.0
221,55,10.80,524.43,174.34,248.77,1,1,1.0
221,56,327.27,318.91,101.12,168.43,1,1,1.0
222,48,258.14,690.70,42.33,76.73,1,1,1.0
222,50,533.76,0.00,88.22,111.60,1,1,1.0
222,55,0.00,519.20,172.83,257.90,1,1,1.0
222,56,317.61,313.40,96.99,169.10,1,1,1.0
223,48,244.17,683.71,42.34,76.74,1,1,1.0
223,50,521.57,0.00,90.85,103.74,1,1,1.0
223,55,0.00,512.14,167.09,260.56,1,1,1.0
223,56,310.72,307.88,96.99,169.10,1,1,1.0
224,48,230.21,676.73,42.33,76.74,1,1,1.0
224,50,511.77,0.00,93.11,96.15,1,1,1.0
224,55,0.08,504.77,157.62,260.89,1,1,1.0
224,56,301.07,303.74,96.98,169.10,1,1,1.0
225,48,216.24,669.75,42.34,76.73,1,1,1.0
225,50,504.57,0.00,88.65,88.89,1,1,1.0
225,55,2.03,501.94,141.21,254.60,1,1,1.0
225,56,291.41,299.60,96.99,169.11,1,1,1.0
226,48,202.28,662.77,42.33,76.73,1,1,1.0
226,50,484.00,0.00,85.07,80.55,1,1,1.0
226,55,0.52,487.56,117.84,246.15,1,1,1.0
226,56,278.08,292.25,96.99,169.10,1,1,1.0
227,48,191.31,655.78,42.33,76.74,1,1,1.0
227,50,471.18,0.00,88.05,76.40,1,1,1.0
227,55,0.00,479.31,110.46,244.79,1,1,1.0
227,56,264.75,284.90,96.99,169.10,1,1,1.0
228,48,180.33,648.80,42.34,76.74,1,1,1.0
228,50,461.80,0.00,85.09,70.68,1,1,1.0
228,55,0.00,479.31,99.90,244.79,1,1,1.0
228,56,251.42,277.54,96.99,169.10,1,1,1.0
229,48,169.36,641.82,42.34,76.73,1,1,1.0
229,50,454.01,0.00,82.82,63.49,1,1,1.0
229,55,0.00,479.31,85.10,229.99,1,1,1.0
229,56,238.09,268.35,96.99,169.10,1,1,1.0
230,48,158.39,634.84,42.33,76.73,1,1,1.0
230,55,0.00,453.92,78.75,217.28,1,1,1.0
230,56,224.76,259.15,96.99,169.11,1,1,1.0
231,48,131.44,619.20,47.66,81.59,1,1,1.0
231,55,0.00,453.92,78.75,162.28,1,1,1.0
231,56,211.43,249.96,96.99,169.10,1,1,1.0
232,48,117.66,623.41,36.91,71.96,1,1,1.0
232,56,197.99,244.10,96.99,170.82,1,1,1.0
233,48,104.14,616.04,36.70,73.17,1,1,1.0
233,56,184.54,238.24,96.99,172.54,1,1,1.0
234,48,89.80,611.42,34.01,71.11,1,1,1.0
234,56,171.10,232.38,96.99,174.26,1,1,1.0
235,48,75.18,602.05,37.18,70.81,1,1,1.0
235,56,157.65,226.52,96.99,175.98,1,1,1.0
236,48,41.40,587.60,50.10,79.80,1,1,1.0
236,56,138.35,223.76,96.98,175.98,1,1,1.0
237,48,27.90,593.27,35.57,69.18,1,1,1.0
237,56,125.94,223.07,96.98,175.98,1,1,1.0
238,48,11.92,590.34,38.95,70.94,1,1,1.0
238,56,113.53,222.38,96.98,175.98,1,1,1.0
239,48,1.60,592.47,35.80,69.49,1,1,1.0
239,56,101.12,221.69,96.98,175.98,1,1,1.0
240,48,0.00,583.00,31.93,75.48,1,1,1.0
240,56,88.71,221.00,96.98,175.98,1,1,1.0
241,56,74.00,221.00,96.98,175.98,1,1,1.0
242,56,59.29,221.00,96.98,175.98,1,1,1.0
243,56,44.58,221.00,96.98,175.98,1,1,1.0
244,56,34.00,223.20,96.47,176.00,1,1,1.0
245,56,26.30,229.00,92.57,174.60,1,1,1.0
246,56,1.05,232.91,96.37,177.69,1,1,1.0
247,56,1.02,234.12,87.23,177.28,1,1,1.0
248,56,0.00,234.75,76.70,179.15,1,1,1.0
249,56,0.00,235.03,65.48,180.57,1,1,1.0
250,56,0.00,236.69,55.29,173.51,1,1,1.0
251,56,0.00,251.09,36.74,159.34,1,1,1.0
252,56,0.00,251.09,36.74,159.34,1,1,1.0
322,51,1112.89,327.13,21.65,40.34,1,1,1.0
323,51,1112.97,331.95,19.64,37.14,1,1,1.0
324,51,1109.44,330.94,21.03,41.08,1,1,1.0
325,51,1105.95,331.61,23.51,42.54,1,1,1.0
326,51,1101.98,333.11,26.07,46.30,1,1,1.0
327,51,1099.89,337.16,25.31,45.94,1,1,1.0
328,51,1097.30,340.13,25.31,45.93,1,1,1.0
328,52,1847.40,115.19,72.60,222.48,1,1,1.0
329,51,1096.56,341.98,25.31,45.94,1,1,1.0
329,52,1838.77,114.64,81.21,228.41,1,1,1.0
330,51,1093.78,344.94,25.31,45.94,1,1,1.0
330,52,1824.51,121.86,95.36,226.80,1,1,1.0
331,51,1091.00,347.91,25.31,45.93,1,1,1.0
331,52,1804.26,127.92,115.74,230.07,1,1,1.0
332,51,1089.70,351.05,25.31,45.94,1,1,1.0
332,52,1792.29,138.98,127.71,229.49,1,1,1.0
333,51,1088.41,354.20,25.31,45.94,1,1,1.0
333,52,1782.54,135.28,136.40,234.02,1,1,1.0
334,51,1084.10,357.00,27.00,44.53,1,1,1.0
334,52,1775.23,153.11,138.76,222.67,1,1,1.0
335,51,1083.80,356.90,26.30,48.50,1,1,1.0
335,52,1762.64,149.58,147.93,231.77,1,1,1.0
336,51,1080.61,365.50,28.69,45.20,1,1,1.0
336,52,1736.84,169.85,147.93,231.77,1,1,1.0
337,51,1081.37,369.93,26.73,44.67,1,1,1.0
337,52,1730.96,176.55,160.50,226.96,1,1,1.0
338,51,1079.15,372.89,26.73,44.67,1,1,1.0
338,52,1721.94,176.46,167.46,231.76,1,1,1.0
339,51,1076.18,372.52,29.32,45.78,1,1,1.0
339,52,1712.89,191.86,147.26,218.36,1,1,1.0
340,51,1074.89,376.76,28.01,45.98,1,1,1.0
340,52,1700.06,185.39,168.67,232.84,1,1,1.0
341,27,1872.18,521.58,47.82,258.61,1,1,1.0
341,51,1073.60,381.00,26.70,46.19,1,1,1.0
341,52,1684.39,216.30,125.33,209.04,1,1,1.0
342,27,1857.12,528.78,62.88,270.68,1,1,1.0
342,51,1072.49,383.96,26.16,46.19,1,1,1.0
342,52,1673.18,216.03,148.08,212.70,1,1,1.0
343,27,1844.84,535.84,75.16,255.48,1,1,1.0
343,51,1071.38,386.93,25.62,46.18,1,1,1.0
343,52,1662.73,217.52,126.73,211.09,1,1,1.0
344,27,1835.92,541.21,84.08,253.93,1,1,1.0
344,51,1069.53,389.89,25.62,46.19,1,1,1.0
344,52,1654.30,222.51,127.15,213.48,1,1,1.0
345,27,1820.55,546.31,99.45,251.67,1,1,1.0
345,51,1067.67,392.85,25.63,46.19,1,1,1.0
345,52,1641.44,219.28,160.33,221.08,1,1,1.0
345,53,1851.77,12.46,68.23,294.45,1,1,1.0
346,27,1797.46,555.94,121.69,248.28,1,1,1.0
346,51,1066.56,398.98,24.34,43.40,1,1,1.0
346,52,1623.17,213.24,145.84,231.99,1,1,1.0
346,53,1830.44,26.07,89.56,286.64,1,1,1.0
347,27,1786.60,559.78,116.74,247.52,1,1,1.0
347,51,1065.45,405.10,23.05,40.61,1,1,1.0
347,52,1609.30,228.25,154.88,221.23,1,1,1.0
347,53,1813.92,26.25,106.08,292.30,1,1,1.0
348,27,1775.05,562.99,116.30,246.26,1,1,1.0
348,51,1063.60,406.21,23.05,40.61,1,1,1.0
348,52,1600.12,250.78,132.02,204.92,1,1,1.0
348,53,1801.83,27.67,118.17,294.06,1,1,1.0
349,27,1759.70,567.87,117.55,244.52,1,1,1.0
349,28,1785.22,37.12,134.78,290.60,1,1,1.0
349,51,1061.75,407.32,23.04,40.61,1,1,1.0
349,52,1588.96,246.57,147.69,211.78,1,1,1.0
349,53,1787.50,37.33,132.50,291.01,1,1,1.0
349,54,1837.25,456.46,82.59,273.21,1,1,1.0
350,27,1749.97,571.67,115.10,244.54,1,1,1.0
350,28,1775.06,40.27,144.94,289.09,1,1,1.0
350,51,1060.27,407.69,23.04,40.61,1,1,1.0
350,52,1578.92,257.67,136.24,202.92,1,1,1.0
350,53,1775.44,39.14,144.56,290.09,1,1,1.0
350,54,1828.26,459.08,91.74,266.40,1,1,1.0
351,27,1728.28,577.76,117.02,241.89,1,1,1.0
351,52,1561.52,249.96,147.87,216.22,1,1,1.0
351,53,1749.62,49.19,170.38,288.69,1,1,1.0
351,54,1808.13,468.72,111.87,260.12,1,1,1.0
352,27,1717.84,577.99,116.07,245.68,1,1,1.0
352,52,1550.56,259.48,127.73,209.28,1,1,1.0
352,53,1737.09,55.58,176.36,286.61,1,1,1.0
352,54,1800.16,472.42,119.84,259.24,1,1,1.0
353,27,1709.36,583.55,115.20,242.86,1,1,1.0
353,52,1542.26,268.79,129.85,204.38,1,1,1.0
353,53,1729.62,62.38,172.79,282.39,1,1,1.0
353,54,1792.19,476.11,127.81,258.38,1,1,1.0
354,27,1700.76,585.74,114.31,240.65,1,1,1.0
354,52,1536.80,264.69,143.01,210.00,1,1,1.0
354,53,1722.13,65.45,172.46,280.90,1,1,1.0
354,54,1780.70,478.43,133.58,257.25,1,1,1.0
355,27,1693.94,586.87,112.52,239.33,1,1,1.0
355,52,1529.20,265.31,149.35,208.05,1,1,1.0
355,53,1712.04,62.58,173.66,282.42,1,1,1.0
355,54,1777.55,477.89,128.03,260.58,1,1,1.0
356,27,1675.62,591.26,114.83,237.41,1,1,1.0
356,52,1512.95,272.30,130.39,205.97,1,1,1.0
356,53,1692.91,65.12,170.47,282.03,1,1,1.0
356,54,1757.55,481.50,133.60,261.85,1,1,1.0
357,27,1669.05,591.33,112.59,240.18,1,1,1.0
357,52,1507.60,271.68,142.33,207.23,1,1,1.0
357,53,1684.51,70.20,171.85,278.04,1,1,1.0
357,54,1751.24,484.39,132.42,257.35,1,1,1.0
358,27,1663.54,592.86,111.53,239.61,1,1,1.0
358,52,1503.72,268.47,148.16,211.59,1,1,1.0
358,53,1681.59,71.53,167.81,279.21,1,1,1.0
358,54,1750.78,485.59,126.64,260.88,1,1,1.0
359,27,1658.92,590.71,112.33,243.27,1,1,1.0
359,52,1498.16,265.87,138.29,216.67,1,1,1.0
359,53,1672.54,74.06,170.70,277.22,1,1,1.0
359,54,1744.33,486.06,125.86,261.03,1,1,1.0
360,27,1655.66,592.14,111.04,243.36,1,1,1.0
360,52,1492.91,270.16,129.33,212.56,1,1,1.0
360,53,1668.27,73.44,171.37,278.73,1,1,1.0
360,54,1739.84,488.83,123.60,261.01,1,1,1.0
361,27,1640.85,592.95,114.22,246.12,1,1,1.0
361,52,1482.14,274.33,127.37,209.51,1,1,1.0
361,53,1655.34,70.68,171.98,281.54,1,1,1.0
361,54,1730.08,489.36,126.38,261.79,1,1,1.0
362,27,1637.26,592.54,111.23,244.80,1,1,1.0
362,52,1478.84,268.45,140.27,213.38,1,1,1.0
362,53,1650.05,69.24,173.25,283.94,1,1,1.0
362,54,1727.31,489.19,124.99,261.66,1,1,1.0
363,27,1631.23,591.05,112.39,242.17,1,1,1.0
363,52,1473.70,270.75,139.87,207.26,1,1,1.0
363,53,1641.44,63.77,175.47,284.82,1,1,1.0
363,54,1718.41,485.56,130.68,264.35,1,1,1.0
364,27,1626.58,585.98,113.91,243.64,1,1,1.0
364,52,1467.64,256.65,154.82,215.89,1,1,1.0
364,53,1638.92,58.74,172.11,284.07,1,1,1.0
364,54,1715.12,479.39,126.82,263.34,1,1,1.0
365,27,1623.19,576.39,113.00,249.37,1,1,1.0
365,52,1464.25,252.96,127.42,215.34,1,1,1.0
365,53,1632.00,50.59,172.01,283.66,1,1,1.0
365,54,1712.43,475.02,125.24,261.47,1,1,1.0
366,27,1610.93,569.88,113.58,247.50,1,1,1.0
366,52,1453.18,254.55,126.97,202.35,1,1,1.0
366,53,1621.12,35.11,175.62,285.14,1,1,1.0
366,54,1700.52,466.57,129.74,259.23,1,1,1.0
367,27,1607.92,570.34,110.98,244.71,1,1,1.0
367,52,1450.09,249.71,125.82,205.75,1,1,1.0
367,53,1614.26,31.84,175.94,284.60,1,1,1.0
367,54,1698.78,463.51,126.82,260.03,1,1,1.0
368,27,1600.53,561.51,112.61,249.99,1,1,1.0
368,52,1446.66,238.95,136.35,213.77,1,1,1.0
368,53,1610.17,26.94,174.67,287.21,1,1,1.0
368,54,1693.72,461.27,128.60,262.25,1,1,1.0
369,27,1595.72,559.83,114.02,248.99,1,1,1.0
369,52,1438.55,231.85,154.62,217.30,1,1,1.0
369,53,1607.06,24.50,170.22,287.55,1,1,1.0
369,54,1687.93,457.09,125.13,264.97,1,1,1.0
370,27,1591.44,555.72,112.56,247.07,1,1,1.0
370,52,1433.41,235.03,137.59,209.40,1,1,1.0
370,53,1597.52,19.64,174.19,286.42,1,1,1.0
370,54,1683.31,452.07,123.31,264.31,1,1,1.0
371,27,1579.15,550.49,111.92,244.77,1,1,1.0
371,52,1420.14,230.61,129.99,205.22,1,1,1.0
371,53,1582.97,11.64,178.40,284.22,1,1,1.0
371,54,1668.78,445.59,129.49,263.31,1,1,1.0
372,27,1570.99,541.37,110.84,252.42,1,1,1.0
372,52,1418.32,225.99,124.70,208.42,1,1,1.0
372,53,1577.80,7.60,173.77,284.21,1,1,1.0
372,54,1664.18,443.12,128.68,263.15,1,1,1.0
373,27,1565.75,539.70,112.28,251.42,1,1,1.0
373,52,1411.23,216.94,139.15,216.66,1,1,1.0
373,53,1570.25,4.57,173.64,283.57,1,1,1.0
373,54,1657.27,440.75,125.89,261.09,1,1,1.0
374,27,1558.45,540.42,114.13,246.85,1,1,1.0
374,52,1401.86,226.82,120.82,201.62,1,1,1.0
374,53,1565.07,1.80,171.73,283.55,1,1,1.0
374,54,1654.60,437.20,121.23,260.89,1,1,1.0
375,27,1551.03,532.88,113.63,249.41,1,1,1.0
375,52,1397.51,223.48,120.13,201.34,1,1,1.0
375,53,1555.17,0.00,175.52,283.57,1,1,1.0
375,54,1644.01,433.86,126.97,260.44,1,1,1.0
376,27,1535.92,529.79,113.94,248.25,1,1,1.0
376,52,1383.09,211.85,123.73,208.46,1,1,1.0
376,53,1540.77,0.00,173.03,280.37,1,1,1.0
376,54,1626.60,430.30,130.37,260.60,1,1,1.0
377,27,1528.47,526.12,114.25,251.55,1,1,1.0
377,52,1373.88,217.38,123.73,208.46,1,1,1.0
377,53,1534.79,0.61,168.64,273.96,1,1,1.0
377,54,1624.47,426.86,120.84,263.65,1,1,1.0
378,27,1520.13,527.13,113.44,248.25,1,1,1.0
378,52,1367.97,214.36,118.75,204.61,1,1,1.0
378,53,1521.01,0.00,175.04,271.68,1,1,1.0
378,54,1616.53,425.88,122.58,264.20,1,1,1.0
379,27,1512.15,527.15,110.83,246.63,1,1,1.0
379,52,1360.00,213.19,121.08,204.24,1,1,1.0
379,53,1514.59,0.00,170.21,270.51,1,1,1.0
379,54,1608.52,425.74,123.01,262.27,1,1,1.0
380,27,1505.18,524.92,111.81,249.21,1,1,1.0
380,52,1348.34,205.52,125.47,211.31,1,1,1.0
380,53,1503.88,0.00,173.26,271.83,1,1,1.0
380,54,1596.32,425.77,125.04,261.78,1,1,1.0
381,27,1486.71,525.71,110.15,247.40,1,1,1.0
381,52,1329.38,211.38,127.16,204.69,1,1,1.0
381,53,1486.86,0.00,169.52,270.00,1,1,1.0
381,54,1578.12,422.37,127.55,262.20,1,1,1.0
382,27,1476.95,524.88,113.71,247.21,1,1,1.0
382,52,1323.69,202.12,124.66,212.79,1,1,1.0
382,53,1474.90,0.00,173.99,267.20,1,1,1.0
382,54,1573.07,421.89,127.11,261.36,1,1,1.0
383,27,1468.64,524.87,114.00,246.80,1,1,1.0
383,52,1316.32,205.81,124.66,212.79,1,1,1.0
383,53,1464.39,0.00,176.18,263.93,1,1,1.0
383,54,1564.90,418.66,126.14,263.23,1,1,1.0
384,27,1460.25,525.36,113.82,245.14,1,1,1.0
384,52,1304.21,204.07,126.23,209.97,1,1,1.0
384,53,1459.64,0.00,168.89,266.37,1,1,1.0
384,54,1556.73,418.42,123.81,263.67,1,1,1.0
385,27,1453.20,527.09,111.61,244.82,1,1,1.0
385,52,1297.49,208.39,126.60,205.07,1,1,1.0
385,53,1451.13,0.00,169.14,265.24,1,1,1.0
385,54,1548.03,420.53,126.65,261.89,1,1,1.0
386,27,1437.11,525.26,113.49,247.54,1,1,1.0
386,52,1288.28,213.92,126.60,205.07,1,1,1.0
386,53,1431.01,0.00,171.93,264.12,1,1,1.0
386,54,1535.21,419.86,122.04,262.26,1,1,1.0
387,27,1430.01,526.14,112.12,247.33,1,1,1.0
387,52,1273.70,208.19,125.00,207.48,1,1,1.0
387,53,1421.06,0.00,174.00,268.67,1,1,1.0
387,54,1524.94,421.60,124.51,262.47,1,1,1.0
388,27,1419.84,525.85,112.06,250.16,1,1,1.0
388,52,1266.13,207.44,127.36,210.21,1,1,1.0
388,53,1411.93,0.00,173.05,271.11,1,1,1.0
388,54,1516.79,424.11,126.18,261.41,1,1,1.0
389,27,1413.90,525.43,111.39,252.75,1,1,1.0
389,52,1251.83,206.27,132.67,213.16,1,1,1.0
389,53,1400.53,0.00,173.47,269.29,1,1,1.0
389,54,1508.61,424.43,125.24,265.36,1,1,1.0
390,27,1400.94,527.52,113.87,253.25,1,1,1.0
390,52,1247.87,211.34,125.11,210.28,1,1,1.0
390,53,1391.84,0.00,173.29,272.72,1,1,1.0
390,54,1501.54,425.73,121.68,264.98,1,1,1.0
391,27,1385.71,527.30,112.18,253.09,1,1,1.0
391,52,1232.66,205.10,126.71,216.19,1,1,1.0
391,53,1370.45,0.00,173.83,270.83,1,1,1.0
391,54,1483.90,427.05,125.13,264.80,1,1,1.0
392,27,1371.34,527.99,114.95,255.39,1,1,1.0
392,52,1216.87,213.67,125.82,208.13,1,1,1.0
392,53,1359.62,0.00,173.42,274.26,1,1,1.0
392,54,1473.81,425.06,120.43,267.57,1,1,1.0
393,27,1362.48,528.06,112.90,253.73,1,1,1.0
393,52,1209.75,208.40,130.50,213.38,1,1,1.0
393,53,1347.42,0.00,178.51,271.62,1,1,1.0
393,54,1462.41,424.82,124.02,268.07,1,1,1.0
394,27,1355.41,527.25,112.97,253.87,1,1,1.0
394,52,1204.27,206.04,126.73,217.00,1,1,1.0
394,53,1337.64,0.00,175.19,270.07,1,1,1.0
394,54,1454.67,425.92,125.22,265.61,1,1,1.0
395,27,1344.10,527.78,115.25,256.78,1,1,1.0
395,52,1190.03,212.51,135.72,210.06,1,1,1.0
395,53,1327.85,0.00,172.71,271.91,1,1,1.0
395,54,1446.08,424.91,121.45,267.58,1,1,1.0
396,27,1326.71,530.75,114.02,253.44,1,1,1.0
396,52,1176.91,205.10,128.39,218.50,1,1,1.0
396,53,1307.94,0.00,174.83,271.58,1,1,1.0
396,54,1425.53,426.58,127.45,266.50,1,1,1.0
397,27,1316.01,529.71,116.01,257.81,1,1,1.0
397,52,1165.83,208.71,129.77,216.50,1,1,1.0
397,53,1296.18,0.00,174.82,274.09,1,1,1.0
397,54,1419.27,428.38,121.27,266.65,1,1,1.0
398,27,1308.92,535.02,111.03,254.25,1,1,1.0
398,52,1157.33,211.19,123.36,214.82,1,1,1.0
398,53,1284.30,0.00,177.84,276.66,1,1,1.0
398,54,1408.10,429.30,122.81,267.98,1,1,1.0
399,27,1295.87,536.28,114.46,256.58,1,1,1.0
399,52,1147.39,209.75,124.28,216.78,1,1,1.0
399,53,1274.99,0.00,172.99,278.07,1,1,1.0
399,54,1398.42,430.79,125.13,267.37,1,1,1.0
400,27,1286.26,537.05,114.87,255.39,1,1,1.0
400,52,1137.12,216.19,126.18,213.31,1,1,1.0
400,53,1274.99,0.00,150.91,278.07,1,1,1.0
400,54,1388.55,432.80,121.82,268.63,1,1,1.0
401,27,1269.25,539.57,113.20,255.25,1,1,1.0
401,52,1120.22,219.60,124.32,210.29,1,1,1.0
401,53,1244.94,0.00,169.27,281.71,1,1,1.0
401,54,1370.49,434.58,126.78,269.14,1,1,1.0
402,27,1264.38,540.51,111.79,254.45,1,1,1.0
402,52,1113.66,214.93,119.21,216.97,1,1,1.0
402,53,1234.60,3.00,171.61,280.05,1,1,1.0
402,54,1363.52,436.42,124.65,268.66,1,1,1.0
403,27,1250.93,540.79,113.67,255.73,1,1,1.0
403,52,1101.44,216.78,122.49,215.83,1,1,1.0
403,53,1223.35,0.00,174.73,283.51,1,1,1.0
403,54,1355.68,435.70,121.83,270.05,1,1,1.0
404,27,1244.51,541.40,110.32,254.24,1,1,1.0
404,52,1093.49,215.62,124.65,216.50,1,1,1.0
404,53,1216.88,0.00,171.26,284.45,1,1,1.0
404,54,1341.75,436.06,128.36,269.30,1,1,1.0
405,27,1235.27,540.40,113.00,256.06,1,1,1.0
405,52,1087.07,214.32,124.64,218.26,1,1,1.0
405,53,1204.49,0.05,171.98,283.55,1,1,1.0
405,54,1336.24,434.58,128.37,270.16,1,1,1.0
406,27,1221.64,540.76,113.02,254.08,1,1,1.0
406,52,1073.51,210.64,120.09,219.37,1,1,1.0
406,53,1188.26,0.00,176.15,279.13,1,1,1.0
406,54,1325.06,431.65,125.73,271.50,1,1,1.0
407,27,1218.14,538.61,109.78,254.45,1,1,1.0
407,52,1068.38,213.72,116.90,212.78,1,1,1.0
407,53,1184.08,0.00,170.20,274.67,1,1,1.0
407,54,1320.58,427.68,123.11,272.57,1,1,1.0
408,27,1209.91,532.97,111.07,259.73,1,1,1.0
408,52,1061.28,206.76,126.64,216.15,1,1,1.0
408,53,1176.05,0.00,173.47,272.91,1,1,1.0
408,54,1311.24,425.00,128.25,272.72,1,1,1.0
409,27,1204.94,527.18,111.44,259.39,1,1,1.0
409,52,1055.65,200.84,121.85,219.50,1,1,1.0
409,53,1169.05,0.00,176.63,263.73,1,1,1.0
409,54,1306.63,420.54,126.21,273.94,1,1,1.0
410,27,1197.32,525.29,112.75,255.87,1,1,1.0
410,52,1047.61,198.72,117.53,213.78,1,1,1.0
410,53,1160.11,0.00,175.35,264.03,1,1,1.0
410,54,1299.77,416.34,127.60,271.97,1,1,1.0
411,27,1185.82,512.31,109.90,258.84,1,1,1.0
411,52,1036.48,190.15,122.15,214.08,1,1,1.0
411,53,1144.00,0.15,174.66,254.31,1,1,1.0
411,54,1288.07,404.99,124.47,273.65,1,1,1.0
412,27,1178.34,508.29,112.27,257.93,1,1,1.0
412,52,1029.54,184.15,113.66,214.85,1,1,1.0
412,53,1135.54,0.04,181.07,245.51,1,1,1.0
412,54,1282.72,400.14,125.57,273.48,1,1,1.0
413,27,1174.11,499.88,111.56,264.07,1,1,1.0
413,52,1024.61,172.56,110.65,222.38,1,1,1.0
413,53,1128.66,0.47,183.96,235.78,1,1,1.0
413,54,1277.62,394.91,126.43,272.92,1,1,1.0
414,27,1166.01,495.13,113.39,262.77,1,1,1.0
414,52,1016.72,161.27,127.66,227.50,1,1,1.0
414,53,1123.05,0.00,172.48,227.74,1,1,1.0
414,54,1269.72,387.92,128.29,274.75,1,1,1.0
415,27,1160.18,494.92,112.27,260.35,1,1,1.0
415,29,1594.34,20.64,34.51,40.61,1,1,1.0
415,52,1009.57,161.97,118.01,220.93,1,1,1.0
415,53,1113.78,0.20,176.45,224.92,1,1,1.0
415,54,1266.97,382.75,122.84,275.25,1,1,1.0
416,27,1148.61,486.06,112.35,256.82,1,1,1.0
416,29,1581.25,9.80,46.67,49.93,1,1,1.0
416,52,998.42,155.25,122.08,219.25,1,1,1.0
416,53,1098.15,0.11,174.58,213.91,1,1,1.0
416,54,1251.30,374.88,127.86,273.99,1,1,1.0
417,27,1144.17,480.09,112.31,258.25,1,1,1.0
417,29,1575.77,4.93,50.39,49.93,1,1,1.0
417,52,994.50,152.44,116.61,221.02,1,1,1.0
417,53,1089.37,0.57,181.51,210.05,1,1,1.0
417,54,1244.85,372.50,129.60,272.39,1,1,1.0
418,27,1136.85,486.27,111.96,249.35,1,1,1.0
418,52,985.57,156.15,120.34,213.42,1,1,1.0
418,53,1083.57,0.56,176.84,202.87,1,1,1.0
418,54,1240.58,367.15,128.82,273.72,1,1,1.0
419,27,1132.20,471.53,111.78,258.50,1,1,1.0
419,52,980.17,138.20,121.63,225.70,1,1,1.0
419,53,1074.19,0.54,179.26,197.05,1,1,1.0
419,54,1237.00,361.27,127.55,274.24,1,1,1.0
420,27,1127.44,466.12,108.98,259.75,1,1,1.0
420,52,977.00,139.28,123.65,219.43,1,1,1.0
420,53,1067.85,0.35,180.53,194.22,1,1,1.0
420,54,1231.70,354.34,126.31,275.99,1,1,1.0
421,27,1116.32,452.24,112.38,261.42,1,1,1.0
421,52,965.94,136.21,123.65,219.43,1,1,1.0
421,53,1053.36,1.05,175.12,181.47,1,1,1.0
421,54,1220.38,345.40,127.37,273.72,1,1,1.0
422,27,1109.23,453.90,112.66,258.52,1,1,1.0
422,52,954.89,133.14,123.65,219.43,1,1,1.0
422,53,1043.75,0.27,175.44,179.34,1,1,1.0
422,54,1216.55,343.37,126.73,272.94,1,1,1.0
423,27,1101.89,453.88,112.38,255.67,1,1,1.0
423,52,943.83,130.07,123.65,219.43,1,1,1.0
423,53,1037.63,0.93,181.87,174.40,1,1,1.0
423,54,1213.40,341.24,124.53,274.16,1,1,1.0
424,27,1098.09,446.22,108.22,259.78,1,1,1.0
424,52,940.15,129.14,123.65,219.43,1,1,1.0
424,53,1027.71,1.33,180.13,169.29,1,1,1.0
424,54,1202.14,335.83,127.96,276.76,1,1,1.0
425,27,1088.64,442.32,111.54,261.13,1,1,1.0
425,52,936.46,128.22,123.65,219.43,1,1,1.0
425,53,1019.09,0.51,171.20,165.49,1,1,1.0
425,54,1193.73,330.51,128.32,278.46,1,1,1.0
426,27,1071.67,435.10,112.56,259.93,1,1,1.0
426,52,922.64,115.32,123.65,219.43,1,1,1.0
426,53,997.58,0.00,171.22,156.30,1,1,1.0
426,54,1183.10,320.45,126.68,277.86,1,1,1.0
427,27,1062.72,426.26,111.44,261.08,1,1,1.0
427,52,908.82,102.42,123.65,219.43,1,1,1.0
427,53,986.37,0.33,161.26,149.18,1,1,1.0
427,54,1172.15,315.92,122.71,274.58,1,1,1.0
428,27,1052.78,419.03,112.05,259.80,1,1,1.0
428,52,896.85,95.98,123.65,219.43,1,1,1.0
428,53,964.26,0.00,161.26,147.67,1,1,1.0
428,54,1161.34,309.52,128.04,276.71,1,1,1.0
429,27,1043.61,411.94,110.54,261.93,1,1,1.0
429,52,884.87,89.53,123.65,219.43,1,1,1.0
429,53,957.23,2.63,152.57,133.50,1,1,1.0
429,54,1153.38,302.29,127.41,275.11,1,1,1.0
430,27,1031.80,407.15,112.33,260.80,1,1,1.0
430,52,871.97,84.00,123.65,219.43,1,1,1.0
430,53,945.33,0.12,155.81,128.13,1,1,1.0
430,54,1144.10,295.36,124.30,275.21,1,1,1.0
431,27,1010.18,391.35,113.86,258.61,1,1,1.0
431,52,859.07,78.47,123.65,219.43,1,1,1.0
431,53,910.96,0.26,166.06,114.62,1,1,1.0
431,54,1125.82,282.63,124.90,272.67,1,1,1.0
432,27,996.31,386.92,117.05,257.91,1,1,1.0
432,52,845.25,78.47,123.65,219.43,1,1,1.0
432,53,908.58,0.06,147.10,105.62,1,1,1.0
432,54,1114.34,277.96,122.15,271.00,1,1,1.0
433,27,988.01,388.81,113.50,255.22,1,1,1.0
433,52,831.43,78.47,123.65,219.43,1,1,1.0
433,53,895.15,0.08,145.53,107.15,1,1,1.0
433,54,1098.65,278.26,127.64,274.18,1,1,1.0
434,27,979.19,389.78,107.69,255.85,1,1,1.0
434,52,818.54,80.31,123.65,219.43,1,1,1.0
434,53,876.34,0.17,155.30,114.20,1,1,1.0
434,54,1090.63,283.27,121.40,269.54,1,1,1.0
435,27,964.49,390.19,113.01,255.16,1,1,1.0
435,52,811.17,79.39,123.65,219.43,1,1,1.0
435,53,870.49,0.47,147.82,115.78,1,1,1.0
435,54,1080.41,282.10,120.33,269.82,1,1,1.0
436,27,951.53,386.08,111.81,255.64,1,1,1.0
436,52,803.80,78.47,123.65,219.43,1,1,1.0
436,53,848.18,0.20,151.23,112.70,1,1,1.0
436,54,1068.07,279.80,120.80,268.71,1,1,1.0
437,27,948.73,388.32,105.80,256.18,1,1,1.0
437,52,801.03,85.84,123.65,219.43,1,1,1.0
437,53,840.67,0.70,150.19,114.00,1,1,1.0
437,54,1059.70,281.83,119.40,268.34,1,1,1.0
438,27,940.67,390.02,110.38,255.33,1,1,1.0
438,52,798.27,93.21,123.65,219.43,1,1,1.0
438,53,836.28,0.03,150.67,117.45,1,1,1.0
438,54,1053.91,284.42,120.07,266.36,1,1,1.0
439,27,935.53,393.35,112.18,251.96,1,1,1.0
439,52,793.66,92.29,123.65,219.43,1,1,1.0
439,53,823.58,0.61,158.28,118.23,1,1,1.0
439,54,1051.45,283.72,119.30,268.70,1,1,1.0
440,27,933.43,391.45,111.64,255.04,1,1,1.0
440,52,789.06,91.37,123.65,219.43,1,1,1.0
440,53,816.96,0.18,159.18,118.87,1,1,1.0
440,54,1042.73,285.07,125.27,268.89,1,1,1.0
441,27,928.89,403.48,109.24,241.73,1,1,1.0
441,52,782.61,92.29,123.65,214.81,1,1,1.0
441,53,807.87,0.19,154.13,119.67,1,1,1.0
441,54,1035.54,287.36,128.62,267.28,1,1,1.0
442,27,923.34,403.26,110.35,244.16,1,1,1.0
442,52,776.16,93.21,123.65,210.19,1,1,1.0
442,53,812.19,0.00,145.48,121.18,1,1,1.0
442,54,1036.37,285.16,125.60,268.82,1,1,1.0
443,27,920.81,392.39,111.48,252.67,1,1,1.0
443,52,772.47,99.66,123.65,205.59,1,1,1.0
443,53,803.02,0.44,155.17,118.34,1,1,1.0
443,54,1035.99,286.57,121.24,266.12,1,1,1.0
444,27,919.15,393.97,106.81,252.46,1,1,1.0
444,52,768.79,106.11,123.65,200.99,1,1,1.0
444,53,790.01,0.66,163.33,118.49,1,1,1.0
444,54,1030.19,285.54,121.75,268.97,1,1,1.0
445,27,913.48,410.98,109.25,236.72,1,1,1.0
445,52,762.34,107.95,123.65,200.99,1,1,1.0
445,53,788.11,0.39,148.99,120.36,1,1,1.0
445,54,1026.24,288.26,120.78,265.58,1,1,1.0
446,27,904.13,407.63,109.87,244.16,1,1,1.0
446,52,755.89,109.80,123.65,200.99,1,1,1.0
446,53,781.66,0.63,146.05,129.34,1,1,1.0
446,54,1012.93,292.33,124.66,265.59,1,1,1.0
447,27,898.47,413.00,108.53,242.51,1,1,1.0
447,52,750.36,114.40,123.65,200.99,1,1,1.0
447,53,776.47,0.00,144.12,133.16,1,1,1.0
447,54,1009.73,295.13,122.77,264.27,1,1,1.0
448,27,891.89,406.24,108.59,251.15,1,1,1.0
448,30,763.59,0.02,153.45,133.77,1,1,1.0
448,52,744.83,119.01,123.65,200.99,1,1,1.0
448,53,761.94,0.00,154.10,133.76,1,1,1.0
448,54,1003.02,296.95,122.74,264.19,1,1,1.0
449,27,886.53,413.74,107.16,244.85,1,1,1.0
449,52,739.31,120.85,123.65,198.25,1,1,1.0
449,53,754.39,0.00,154.65,131.76,1,1,1.0
449,54,995.51,299.28,120.59,262.33,1,1,1.0
450,27,878.67,406.20,110.37,253.26,1,1,1.0
450,52,733.78,122.70,123.65,195.50,1,1,1.0
450,53,752.19,0.99,146.71,133.88,1,1,1.0
450,54,989.70,299.55,121.88,262.32,1,1,1.0
451,27,871.80,409.80,106.53,252.40,1,1,1.0
451,52,726.41,130.07,123.65,195.50,1,1,1.0
451,53,735.85,0.00,149.50,141.94,1,1,1.0
451,54,980.14,302.68,123.80,265.47,1,1,1.0
452,27,862.56,417.59,111.44,249.11,1,1,1.0
452,52,719.04,137.44,123.65,195.50,1,1,1.0
452,53,728.56,0.02,154.26,145.95,1,1,1.0
452,54,974.65,305.75,126.25,265.18,1,1,1.0
453,27,860.84,416.62,108.56,250.99,1,1,1.0
453,52,716.27,141.12,123.65,195.51,1,1,1.0
453,53,725.42,0.46,155.69,147.69,1,1,1.0
453,54,972.30,309.75,123.10,263.25,1,1,1.0
454,27,856.54,421.46,106.42,249.20,1,1,1.0
454,52,713.51,144.81,123.65,195.50,1,1,1.0
454,53,720.50,0.40,155.10,152.96,1,1,1.0
454,54,966.93,311.86,121.97,263.28,1,1,1.0
455,27,846.56,421.84,112.52,252.47,1,1,1.0
455,52,706.14,145.73,123.65,195.50,1,1,1.0
455,53,713.31,0.00,163.95,157.07,1,1,1.0
455,54,964.32,314.95,118.80,263.27,1,1,1.0
456,27,832.53,432.99,114.35,246.47,1,1,1.0
456,52,698.77,146.65,123.65,195.51,1,1,1.0
456,53,695.55,0.17,161.21,169.80,1,1,1.0
456,54,950.00,325.44,121.08,260.08,1,1,1.0
457,27,829.52,436.80,111.83,248.32,1,1,1.0
457,52,695.08,152.18,123.65,195.50,1,1,1.0
457,53,689.91,0.22,158.90,174.97,1,1,1.0
457,54,945.31,329.65,118.51,259.55,1,1,1.0
458,27,826.65,440.10,107.69,248.82,1,1,1.0
458,52,691.40,157.71,123.65,195.50,1,1,1.0
458,53,682.41,0.54,155.56,180.63,1,1,1.0
458,54,942.97,332.84,113.04,258.91,1,1,1.0
459,27,817.79,444.77,110.72,247.17,1,1,1.0
459,52,682.18,159.55,123.65,195.50,1,1,1.0
459,53,672.51,0.68,160.16,189.28,1,1,1.0
459,54,931.78,339.13,118.89,258.65,1,1,1.0
460,27,815.03,446.42,107.32,250.18,1,1,1.0
460,52,672.97,161.39,123.65,195.51,1,1,1.0
460,53,663.87,0.65,158.07,193.22,1,1,1.0
460,54,925.59,343.47,120.97,256.29,1,1,1.0
461,27,799.70,459.60,108.40,244.44,1,1,1.0
461,52,669.29,168.75,123.65,191.83,1,1,1.0
461,53,647.01,0.56,159.52,202.26,1,1,1.0
461,54,916.82,353.21,114.98,259.85,1,1,1.0
462,27,793.68,464.42,108.75,246.36,1,1,1.0
462,52,665.60,176.10,123.65,188.17,1,1,1.0
462,53,640.51,0.21,155.80,212.43,1,1,1.0
462,54,913.97,360.41,109.12,256.84,1,1,1.0
463,27,787.83,473.23,109.09,246.92,1,1,1.0
463,52,655.46,185.80,123.65,196.88,1,1,1.0
463,53,634.61,0.02,151.94,224.66,1,1,1.0
463,54,903.13,367.39,115.87,257.84,1,1,1.0
464,27,784.82,480.04,106.94,248.03,1,1,1.0
464,52,645.33,195.50,123.65,205.60,1,1,1.0
464,53,626.93,0.12,152.19,231.36,1,1,1.0
464,54,898.46,375.86,117.39,257.73,1,1,1.0
465,27,774.67,492.13,110.35,241.68,1,1,1.0
465,52,639.19,200.11,123.65,205.60,1,1,1.0
465,53,620.83,0.00,155.60,240.43,1,1,1.0
465,54,894.70,380.97,115.69,259.82,1,1,1.0
466,27,764.01,502.53,107.95,245.34,1,1,1.0
466,52,634.60,209.32,105.96,205.60,1,1,1.0
466,53,604.05,0.00,153.64,256.52,1,1,1.0
466,54,881.01,394.76,112.62,257.72,1,1,1.0
467,27,757.90,515.53,108.82,239.04,1,1,1.0
467,52,626.15,217.77,105.96,205.60,1,1,1.0
467,53,595.26,0.00,154.27,262.00,1,1,1.0
467,54,877.58,402.69,113.81,255.19,1,1,1.0
468,27,754.08,517.99,108.56,243.37,1,1,1.0
468,52,620.01,226.22,105.96,196.38,1,1,1.0
468,53,588.74,0.00,155.93,275.32,1,1,1.0
468,54,870.46,409.59,117.21,256.54,1,1,1.0
469,27,745.78,524.77,110.00,240.95,1,1,1.0
469,52,614.63,235.44,105.96,196.38,1,1,1.0
469,53,584.02,0.00,152.50,281.82,1,1,1.0
469,54,864.50,413.72,117.98,259.33,1,1,1.0
470,27,743.13,526.81,111.38,240.67,1,1,1.0
470,52,611.56,235.44,105.96,196.38,1,1,1.0
470,53,579.71,0.00,152.94,282.99,1,1,1.0
470,54,863.79,417.23,115.75,257.03,1,1,1.0
471,27,739.33,531.54,110.26,241.51,1,1,1.0
471,52,606.95,235.44,105.97,196.38,1,1,1.0
471,53,571.72,0.00,155.45,285.32,1,1,1.0
471,54,858.24,422.18,116.18,255.08,1,1,1.0
472,27,738.83,531.27,110.18,243.16,1,1,1.0
472,52,605.17,236.97,104.93,196.38,1,1,1.0
472,53,569.90,0.00,154.07,285.34,1,1,1.0
472,54,857.71,421.96,115.89,256.86,1,1,1.0
473,27,737.32,531.85,107.73,246.84,1,1,1.0
473,52,603.38,238.51,103.90,196.38,1,1,1.0
473,53,565.13,0.57,155.44,285.80,1,1,1.0
473,54,855.51,425.15,114.57,256.11,1,1,1.0
474,27,729.95,536.71,110.93,244.84,1,1,1.0
474,52,601.60,240.04,102.87,196.39,1,1,1.0
474,53,558.68,2.58,155.75,284.21,1,1,1.0
474,54,849.38,424.20,114.69,259.90,1,1,1.0
475,27,726.36,534.88,112.31,245.40,1,1,1.0
475,52,592.38,238.89,102.87,196.38,1,1,1.0
475,53,551.70,0.99,154.67,286.41,1,1,1.0
475,54,844.73,422.07,117.45,260.09,1,1,1.0
476,27,713.65,532.59,114.11,250.07,1,1,1.0
476,52,583.17,237.74,102.86,196.38,1,1,1.0
476,53,539.13,0.00,155.81,284.09,1,1,1.0
476,54,839.91,423.58,115.52,260.14,1,1,1.0
477,27,709.31,535.14,111.90,251.78,1,1,1.0
477,31,529.94,-0.00,157.78,285.05,1,1,1.0
477,52,578.94,236.59,102.87,196.38,1,1,1.0
477,53,530.35,0.00,159.76,284.71,1,1,1.0
477,54,832.77,422.28,116.16,263.31,1,1,1.0
478,27,701.09,536.02,112.84,251.62,1,1,1.0
478,31,522.78,-0.00,157.35,285.16,1,1,1.0
478,52,574.72,235.43,102.86,196.39,1,1,1.0
478,53,521.42,1.07,156.76,284.53,1,1,1.0
478,54,826.66,423.47,116.31,266.07,1,1,1.0
479,27,695.24,538.60,113.74,249.33,1,1,1.0
479,52,567.81,232.75,102.86,196.38,1,1,1.0
479,53,511.33,0.00,158.68,285.26,1,1,1.0
479,54,818.09,424.93,116.99,263.39,1,1,1.0
480,27,683.96,533.81,117.11,255.75,1,1,1.0
480,52,560.89,230.06,102.87,196.38,1,1,1.0
480,53,499.47,0.05,162.83,283.78,1,1,1.0
480,54,810.47,423.06,119.29,266.73,1,1,1.0
481,27,667.08,536.02,114.46,246.99,1,1,1.0
481,52,549.76,227.37,102.86,196.38,1,1,1.0
481,53,481.27,0.00,158.38,279.90,1,1,1.0
481,54,796.51,419.46,116.61,263.28,1,1,1.0
482,27,656.10,540.19,118.52,242.01,1,1,1.0
482,52,538.62,224.68,102.87,196.38,1,1,1.0
482,53,469.94,0.00,161.58,278.16,1,1,1.0
482,54,787.67,418.75,117.82,261.03,1,1,1.0
483,27,648.71,526.51,118.55,251.91,1,1,1.0
483,52,530.17,222.76,102.87,196.38,1,1,1.0
483,53,461.93,0.00,162.81,276.21,1,1,1.0
483,54,779.35,417.43,120.95,260.99,1,1,1.0
484,27,643.01,527.81,114.16,249.61,1,1,1.0
484,52,521.73,220.84,102.86,196.38,1,1,1.0
484,53,453.62,0.00,161.54,275.37,1,1,1.0
484,54,771.36,414.87,123.69,262.49,1,1,1.0
485,27,638.66,528.96,114.64,245.85,1,1,1.0
485,52,514.05,217.77,102.86,196.38,1,1,1.0
485,53,447.00,0.00,161.76,272.21,1,1,1.0
485,54,768.87,409.73,122.92,265.70,1,1,1.0
486,27,619.90,525.75,121.45,244.38,1,1,1.0
486,52,506.37,214.70,102.86,196.38,1,1,1.0
486,53,432.59,0.00,161.29,261.41,1,1,1.0
486,54,756.16,406.05,121.53,264.65,1,1,1.0
487,27,617.15,522.88,116.87,243.77,1,1,1.0
487,52,501.37,209.71,102.87,196.38,1,1,1.0
487,53,425.22,0.52,160.84,257.54,1,1,1.0
487,54,748.51,403.09,124.64,265.91,1,1,1.0
488,27,608.53,517.22,117.72,248.54,1,1,1.0
488,52,496.38,204.71,102.87,196.38,1,1,1.0
488,53,415.72,0.68,161.57,257.47,1,1,1.0
488,54,740.86,400.13,127.75,267.17,1,1,1.0
489,27,603.03,518.49,117.46,246.18,1,1,1.0
489,52,489.47,205.87,102.87,196.38,1,1,1.0
489,53,409.46,0.31,160.23,255.47,1,1,1.0
489,54,736.40,400.77,125.63,265.54,1,1,1.0
490,27,593.22,510.81,122.22,251.79,1,1,1.0
490,52,482.56,207.02,102.86,196.38,1,1,1.0
490,53,402.48,0.33,161.86,254.14,1,1,1.0
490,54,730.49,399.59,125.63,265.54,1,1,1.0
491,27,584.50,503.34,117.85,253.42,1,1,1.0
491,52,473.73,200.11,102.86,196.38,1,1,1.0
491,53,386.92,0.60,164.69,247.93,1,1,1.0
491,54,720.57,391.54,121.45,264.65,1,1,1.0
492,27,580.24,500.57,119.56,254.98,1,1,1.0
492,52,464.89,193.19,102.87,196.38,1,1,1.0
492,53,385.54,0.73,162.06,244.16,1,1,1.0
492,54,717.03,388.59,124.15,264.68,1,1,1.0
493,27,577.67,498.46,119.43,255.81,1,1,1.0
493,52,463.74,190.12,102.87,196.38,1,1,1.0
493,53,381.61,0.47,162.31,241.66,1,1,1.0
493,54,714.57,386.84,125.33,265.37,1,1,1.0
494,27,577.57,494.74,117.32,257.38,1,1,1.0
494,52,462.59,187.05,102.87,196.38,1,1,1.0
494,53,380.89,0.56,162.53,238.57,1,1,1.0
494,54,712.80,385.08,126.01,265.86,1,1,1.0
495,27,577.67,492.75,116.45,256.75,1,1,1.0
495,52,462.59,185.51,102.87,196.38,1,1,1.0
495,53,379.99,0.49,163.74,234.14,1,1,1.0
495,54,710.97,383.50,126.83,266.17,1,1,1.0
496,27,577.65,494.56,118.36,254.81,1,1,1.0
496,52,462.59,183.98,102.87,196.38,1,1,1.0
496,53,380.22,0.58,163.68,231.45,1,1,1.0
496,54,712.91,381.51,126.24,267.48,1,1,1.0
497,27,578.28,493.96,118.10,254.93,1,1,1.0
497,52,462.08,183.98,102.86,196.38,1,1,1.0
497,53,380.06,0.61,164.28,230.38,1,1,1.0
497,54,713.31,381.17,126.49,267.60,1,1,1.0
498,27,577.44,491.83,118.40,257.44,1,1,1.0
498,52,461.57,183.98,102.86,196.38,1,1,1.0
498,53,378.46,0.59,165.04,230.11,1,1,1.0
498,54,712.16,380.78,127.40,267.74,1,1,1.0
499,27,576.44,491.41,118.20,257.90,1,1,1.0
499,52,461.05,183.98,102.87,196.38,1,1,1.0
499,53,377.04,0.46,166.10,229.84,1,1,1.0
499,54,711.43,380.65,127.23,268.20,1,1,1.0
500,27,575.84,489.31,119.30,260.40,1,1,1.0
500,52,462.04,182.88,102.87,196.38,1,1,1.0
500,53,373.34,0.39,168.05,229.64,1,1,1.0
500,54,710.83,380.15,127.52,269.19,1,1,1.0
501,27,577.69,490.81,118.80,262.50,1,1,1.0
501,52,463.03,181.78,102.87,196.38,1,1,1.0
501,53,371.44,0.52,168.23,229.01,1,1,1.0
501,54,711.65,379.46,128.66,270.52,1,1,1.0
502,27,578.19,492.44,119.39,259.92,1,1,1.0
502,52,464.02,180.69,102.86,196.38,1,1,1.0
502,53,373.03,0.53,167.79,226.31,1,1,1.0
502,54,712.47,378.78,129.80,271.83,1,1,1.0
503,27,579.26,494.05,118.77,260.18,1,1,1.0
503,52,465.00,179.59,102.87,196.38,1,1,1.0
503,53,373.82,0.51,167.89,225.84,1,1,1.0
503,54,717.64,378.75,126.88,271.77,1,1,1.0
504,27,580.19,493.18,120.59,261.28,1,1,1.0
504,52,465.99,178.49,102.87,196.38,1,1,1.0
504,53,375.40,0.59,167.00,225.12,1,1,1.0
504,54,720.64,378.40,124.96,270.83,1,1,1.0
505,27,581.79,487.55,120.63,265.53,1,1,1.0
505,52,466.98,177.39,102.87,196.39,1,1,1.0
505,53,374.95,0.15,168.92,224.47,1,1,1.0
505,54,723.07,376.84,124.25,271.92,1,1,1.0
506,27,585.04,487.39,121.05,263.36,1,1,1.0
506,32,940.72,-0.00,39.14,37.26,1,1,1.0
506,52,467.97,176.30,102.86,196.38,1,1,1.0
506,53,375.86,0.21,170.23,222.04,1,1,1.0
506,54,725.54,375.19,126.12,271.69,1,1,1.0
507,27,586.94,485.95,121.71,262.67,1,1,1.0
507,32,950.38,0.00,51.76,38.39,1,1,1.0
507,52,472.98,175.91,101.31,196.38,1,1,1.0
507,53,377.03,0.28,172.37,221.17,1,1,1.0
507,54,727.64,372.96,126.77,273.14,1,1,1.0
508,27,589.53,478.45,124.17,267.90,1,1,1.0
508,52,478.00,175.53,99.74,196.38,1,1,1.0
508,53,379.44,0.34,169.55,217.44,1,1,1.0
508,54,730.42,371.22,130.11,275.61,1,1,1.0
509,27,592.27,476.80,124.74,261.95,1,1,1.0
509,52,482.61,169.38,99.74,196.39,1,1,1.0
509,53,381.71,0.30,172.64,211.52,1,1,1.0
509,54,735.59,364.12,128.71,276.39,1,1,1.0
510,27,593.92,473.65,123.08,260.48,1,1,1.0
510,52,487.21,163.24,99.75,196.38,1,1,1.0
510,53,383.66,0.56,170.20,204.77,1,1,1.0
510,54,737.47,359.93,128.57,274.22,1,1,1.0
511,27,596.81,463.38,123.14,266.33,1,1,1.0
511,52,490.54,157.35,99.75,196.38,1,1,1.0
511,53,383.87,0.81,173.69,198.40,1,1,1.0
511,54,739.36,354.01,126.62,274.81,1,1,1.0
512,27,600.26,460.99,120.79,263.38,1,1,1.0
512,52,493.87,151.46,99.75,196.39,1,1,1.0
512,53,385.96,0.97,171.58,196.48,1,1,1.0
512,54,737.36,351.13,130.44,273.93,1,1,1.0
513,27,604.12,459.74,118.57,261.90,1,1,1.0
513,52,497.20,145.58,99.74,196.38,1,1,1.0
513,53,389.11,1.22,172.44,195.19,1,1,1.0
513,54,738.41,349.75,133.19,271.96,1,1,1.0
514,27,606.59,456.73,116.52,260.74,1,1,1.0
514,52,506.17,145.83,97.69,196.38,1,1,1.0
514,53,393.10,0.96,175.09,194.31,1,1,1.0
514,54,738.76,349.21,134.60,269.71,1,1,1.0
515,27,609.70,454.01,116.69,258.03,1,1,1.0
515,52,515.13,146.09,95.64,196.38,1,1,1.0
515,53,398.42,0.76,172.42,193.38,1,1,1.0
515,54,752.00,345.39,124.76,270.27,1,1,1.0
516,27,619.55,451.79,117.76,257.78,1,1,1.0
516,52,524.10,146.34,93.58,196.39,1,1,1.0
516,53,411.46,1.10,167.63,192.14,1,1,1.0
516,54,752.62,345.50,132.75,268.42,1,1,1.0
517,27,624.38,453.28,117.35,255.10,1,1,1.0
517,52,533.57,146.34,94.08,196.39,1,1,1.0
517,53,416.67,0.91,170.04,192.28,1,1,1.0
517,54,755.96,345.38,137.70,269.11,1,1,1.0
518,27,635.13,452.22,113.85,256.20,1,1,1.0
518,52,543.03,146.34,94.60,196.39,1,1,1.0
518,53,426.73,0.99,170.09,192.99,1,1,1.0
518,54,764.50,344.75,136.48,269.32,1,1,1.0
519,27,644.92,454.78,113.45,252.50,1,1,1.0
519,52,552.50,146.34,95.10,196.39,1,1,1.0
519,53,441.65,1.02,168.04,194.26,1,1,1.0
519,54,775.14,347.20,137.76,266.75,1,1,1.0
520,27,656.90,452.53,114.51,251.79,1,1,1.0
520,52,577.45,146.34,92.42,196.39,1,1,1.0
520,53,455.73,0.92,170.55,193.49,1,1,1.0
520,54,788.92,344.89,137.29,268.19,1,1,1.0
521,27,685.60,447.69,112.48,250.47,1,1,1.0
521,52,602.40,146.34,89.74,196.39,1,1,1.0
521,53,488.76,0.84,166.16,190.52,1,1,1.0
521,54,816.34,342.63,138.51,265.06,1,1,1.0
522,27,703.99,449.24,110.42,247.65,1,1,1.0
522,52,623.50,143.66,88.23,196.38,1,1,1.0
522,53,509.40,1.13,168.28,188.84,1,1,1.0
522,54,829.52,341.98,142.80,264.46,1,1,1.0
523,27,724.21,446.15,115.09,249.20,1,1,1.0
523,52,644.60,140.97,86.71,196.38,1,1,1.0
523,53,532.57,1.43,160.71,188.08,1,1,1.0
523,54,850.33,344.87,139.10,266.58,1,1,1.0
524,27,742.57,446.07,112.80,250.07,1,1,1.0
524,52,664.55,149.41,85.19,189.46,1,1,1.0
524,53,554.45,0.59,164.99,192.27,1,1,1.0
524,54,873.12,344.69,139.64,265.92,1,1,1.0
525,27,761.90,452.43,109.54,247.12,1,1,1.0
525,52,684.50,157.86,83.68,182.54,1,1,1.0
525,53,574.12,0.77,158.78,194.69,1,1,1.0
525,54,889.54,348.76,139.35,264.53,1,1,1.0
526,27,799.77,459.34,107.62,244.89,1,1,1.0
526,52,716.35,177.45,82.55,162.95,1,1,1.0
526,53,621.16,0.50,157.77,201.95,1,1,1.0
526,54,926.48,357.14,139.01,259.11,1,1,1.0
527,27,820.42,459.70,109.94,244.08,1,1,1.0
527,52,748.20,197.03,81.42,143.37,1,1,1.0
527,53,645.26,0.54,156.44,204.06,1,1,1.0
527,54,946.62,358.91,140.41,258.77,1,1,1.0
528,27,839.62,462.13,108.36,243.78,1,1,1.0
528,52,768.55,204.71,82.21,140.71,1,1,1.0
528,53,665.90,0.16,157.83,209.67,1,1,1.0
528,54,966.97,364.05,139.48,257.42,1,1,1.0
529,27,857.69,468.55,107.12,244.57,1,1,1.0
529,52,788.90,212.39,83.00,138.04,1,1,1.0
529,53,687.83,0.08,153.87,218.84,1,1,1.0
529,54,983.51,371.09,141.37,259.66,1,1,1.0
530,27,878.17,474.59,107.05,245.95,1,1,1.0
530,52,817.35,227.75,80.28,137.67,1,1,1.0
530,53,709.23,0.03,151.26,222.71,1,1,1.0
530,54,1005.34,375.12,139.95,262.81,1,1,1.0
531,27,909.77,496.83,109.72,239.76,1,1,1.0
531,52,845.80,243.11,77.56,137.29,1,1,1.0
531,53,747.13,0.51,151.11,241.87,1,1,1.0
531,54,1037.34,392.66,143.38,261.02,1,1,1.0
532,27,923.29,504.53,109.67,241.58,1,1,1.0
532,52,863.85,252.33,77.56,129.97,1,1,1.0
532,53,762.55,0.72,149.51,253.23,1,1,1.0
532,54,1053.92,402.49,140.81,263.34,1,1,1.0
533,27,939.81,515.71,109.00,240.95,1,1,1.0
533,52,881.90,261.54,77.55,122.66,1,1,1.0
533,53,777.39,0.53,151.26,258.99,1,1,1.0
533,54,1066.83,409.71,146.13,265.47,1,1,1.0
534,27,952.87,525.75,109.75,236.75,1,1,1.0
534,52,893.40,269.61,79.11,122.65,1,1,1.0
534,53,793.86,0.00,150.78,267.74,1,1,1.0
534,54,1086.93,427.45,146.13,265.47,1,1,1.0
535,27,968.06,522.06,108.51,246.78,1,1,1.0
535,52,904.90,277.67,80.66,122.66,1,1,1.0
535,53,808.25,1.00,150.78,277.02,1,1,1.0
535,54,1095.21,427.45,146.13,265.47,1,1,1.0
536,27,989.02,533.32,109.51,248.90,1,1,1.0
536,52,922.56,281.51,80.67,122.66,1,1,1.0
536,53,830.16,3.80,150.30,280.51,1,1,1.0
536,54,1118.53,435.12,143.83,263.98,1,1,1.0
537,27,999.71,534.94,111.19,248.71,1,1,1.0
537,52,940.23,285.35,80.66,122.66,1,1,1.0
537,53,842.96,4.21,151.69,281.42,1,1,1.0
537,54,1129.04,435.62,148.15,266.27,1,1,1.0
538,27,1011.10,537.99,108.70,249.61,1,1,1.0
538,52,948.68,287.27,83.37,122.66,1,1,1.0
538,53,854.26,3.63,150.67,281.83,1,1,1.0
538,54,1147.96,443.90,148.15,266.27,1,1,1.0
539,27,1024.48,538.40,109.10,250.28,1,1,1.0
539,52,957.12,289.19,86.08,122.66,1,1,1.0
539,53,865.82,6.14,151.90,281.04,1,1,1.0
539,54,1150.87,440.76,148.64,265.50,1,1,1.0
540,27,1034.64,540.17,109.00,253.78,1,1,1.0
540,52,975.56,290.73,86.07,122.65,1,1,1.0
540,53,876.80,9.78,151.00,279.49,1,1,1.0
540,54,1163.59,444.44,150.46,265.08,1,1,1.0
541,27,1057.48,542.56,111.28,252.36,1,1,1.0
541,52,993.99,292.26,86.08,122.66,1,1,1.0
541,53,902.65,7.52,153.76,281.30,1,1,1.0
541,54,1188.64,444.59,153.04,267.51,1,1,1.0
542,27,1068.24,541.73,112.71,251.25,1,1,1.0
542,52,1005.89,291.49,86.08,122.66,1,1,1.0
542,53,914.54,5.55,153.75,281.39,1,1,1.0
542,54,1204.66,444.18,145.48,266.69,1,1,1.0
543,27,1079.80,538.41,112.51,255.04,1,1,1.0
543,52,1017.80,290.72,86.07,122.66,1,1,1.0
543,53,924.27,2.50,155.85,282.58,1,1,1.0
543,54,1212.21,441.98,150.44,268.11,1,1,1.0
544,27,1089.81,538.69,111.48,255.08,1,1,1.0
544,52,1028.55,289.19,86.08,122.66,1,1,1.0
544,53,935.71,1.14,153.54,284.05,1,1,1.0
544,54,1219.08,442.19,155.21,267.51,1,1,1.0
545,27,1098.82,540.03,113.13,253.41,1,1,1.0
545,52,1039.30,287.65,86.08,122.66,1,1,1.0
545,53,946.50,4.49,153.27,281.82,1,1,1.0
545,54,1233.80,443.43,147.88,268.63,1,1,1.0
546,27,1118.51,543.99,112.82,256.29,1,1,1.0
546,52,1052.74,291.11,86.08,122.66,1,1,1.0
546,53,964.96,1.66,156.20,284.64,1,1,1.0
546,54,1253.03,446.77,155.10,270.44,1,1,1.0
547,27,1127.17,552.10,112.05,252.97,1,1,1.0
547,52,1066.18,294.56,86.08,122.66,1,1,1.0
547,53,974.08,4.93,156.37,283.43,1,1,1.0
547,54,1261.78,451.26,152.24,272.07,1,1,1.0
548,27,1133.29,554.06,115.54,257.97,1,1,1.0
548,52,1073.10,297.64,86.07,122.65,1,1,1.0
548,53,981.10,5.39,158.92,287.10,1,1,1.0
548,54,1268.35,453.69,154.74,274.02,1,1,1.0
549,27,1142.60,558.06,113.49,260.71,1,1,1.0
549,52,1080.01,300.71,86.07,122.66,1,1,1.0
549,53,986.34,10.69,161.65,286.78,1,1,1.0
549,54,1279.93,459.59,154.32,275.96,1,1,1.0
550,27,1145.20,560.52,114.50,264.66,1,1,1.0
550,52,1081.93,306.85,86.07,122.66,1,1,1.0
550,53,987.81,13.77,160.01,288.64,1,1,1.0
550,54,1284.44,462.79,152.05,275.66,1,1,1.0
551,27,1146.18,567.39,115.79,265.11,1,1,1.0
551,52,1083.85,313.00,86.07,122.65,1,1,1.0
551,53,984.89,19.39,161.88,290.71,1,1,1.0
551,54,1280.97,467.08,157.60,279.09,1,1,1.0
552,27,1144.72,573.20,116.01,266.56,1,1,1.0
552,52,1080.78,316.84,86.07,122.65,1,1,1.0
552,53,981.62,21.92,162.76,291.60,1,1,1.0
552,54,1282.14,471.95,156.26,279.73,1,1,1.0
553,27,1144.40,576.43,117.06,266.65,1,1,1.0
553,52,1077.71,320.68,86.07,122.65,1,1,1.0
553,53,979.61,23.08,159.66,292.31,1,1,1.0
553,54,1285.46,475.51,151.43,281.41,1,1,1.0
554,27,1141.80,581.83,116.07,267.16,1,1,1.0
554,52,1073.87,324.13,86.07,122.66,1,1,1.0
554,53,977.46,28.22,157.06,289.94,1,1,1.0
554,54,1280.58,479.89,155.71,283.74,1,1,1.0
555,27,1135.38,584.79,120.03,269.41,1,1,1.0
555,52,1070.03,327.59,86.07,122.65,1,1,1.0
555,53,968.93,29.43,160.03,291.21,1,1,1.0
555,54,1276.56,483.90,158.32,282.62,1,1,1.0
556,27,1127.86,594.83,119.65,274.79,1,1,1.0
556,52,1065.03,335.65,86.08,126.87,1,1,1.0
556,53,954.72,36.51,162.14,298.09,1,1,1.0
556,54,1269.49,492.46,158.36,288.28,1,1,1.0
557,27,1125.45,602.37,118.62,276.38,1,1,1.0
557,52,1060.04,343.71,86.08,131.09,1,1,1.0
557,53,949.66,44.54,162.61,298.16,1,1,1.0
557,54,1263.61,497.24,160.13,291.12,1,1,1.0
558,27,1120.53,609.16,119.34,276.35,1,1,1.0
558,52,1053.51,349.47,86.08,130.33,1,1,1.0
558,53,944.48,54.16,157.65,292.51,1,1,1.0
558,54,1261.98,504.74,160.63,290.43,1,1,1.0
559,27,1117.65,615.22,118.84,279.34,1,1,1.0
559,52,1046.99,355.23,86.07,129.57,1,1,1.0
559,53,936.47,54.17,161.87,296.30,1,1,1.0
559,54,1257.97,513.02,161.14,287.40,1,1,1.0
560,27,1115.15,622.84,120.08,281.16,1,1,1.0
560,52,1040.07,360.99,86.08,129.57,1,1,1.0
560,53,931.84,59.99,160.14,297.54,1,1,1.0
560,54,1256.28,518.66,161.22,291.99,1,1,1.0
561,27,1108.87,640.03,123.01,281.49,1,1,1.0
561,52,1033.16,366.75,86.08,129.57,1,1,1.0
561,53,920.19,66.22,163.65,307.25,1,1,1.0
561,54,1255.84,529.00,156.43,297.28,1,1,1.0
562,27,1109.69,644.88,122.58,285.86,1,1,1.0
562,52,1030.09,372.90,89.93,132.26,1,1,1.0
562,53,918.68,70.69,162.90,304.79,1,1,1.0
562,54,1254.49,534.50,157.92,296.93,1,1,1.0
563,27,1110.75,650.84,121.26,288.28,1,1,1.0
563,52,1027.02,379.04,93.78,134.96,1,1,1.0
563,53,916.74,72.48,163.31,306.00,1,1,1.0
563,54,1256.78,538.71,158.64,302.44,1,1,1.0
564,27,1110.11,657.38,123.14,290.70,1,1,1.0
564,52,1026.63,383.26,93.79,134.96,1,1,1.0
564,53,911.72,78.56,165.52,306.88,1,1,1.0
564,54,1255.65,543.59,160.54,306.50,1,1,1.0
565,27,1108.71,664.79,124.99,292.94,1,1,1.0
565,52,1026.25,387.49,93.78,134.96,1,1,1.0
565,53,911.72,87.81,165.52,306.88,1,1,1.0
565,54,1255.29,551.02,162.24,304.01,1,1,1.0
566,27,1114.33,681.79,125.02,295.90,1,1,1.0
566,52,1026.63,390.94,93.79,144.93,1,1,1.0
566,53,906.68,92.24,170.64,314.73,1,1,1.0
566,54,1261.00,565.59,163.80,310.79,1,1,1.0
567,27,1114.91,691.36,127.26,299.06,1,1,1.0
567,52,1027.02,394.40,93.78,154.90,1,1,1.0
567,53,908.02,96.74,168.68,315.90,1,1,1.0
567,54,1263.51,576.09,166.95,308.76,1,1,1.0
568,27,1116.96,702.72,130.15,300.21,1,1,1.0
568,52,1027.79,402.85,93.78,154.90,1,1,1.0
568,53,907.68,104.96,170.08,318.32,1,1,1.0
568,54,1267.91,582.18,166.47,313.96,1,1,1.0
569,27,1118.53,711.01,131.58,302.84,1,1,1.0
569,52,1028.55,411.29,93.79,154.90,1,1,1.0
569,53,907.81,111.52,172.46,320.60,1,1,1.0
569,54,1271.73,589.85,164.61,320.03,1,1,1.0
570,27,1120.85,719.04,132.55,307.69,1,1,1.0
570,52,1032.01,418.97,96.11,157.98,1,1,1.0
570,53,908.66,114.61,174.09,321.62,1,1,1.0
570,54,1276.35,596.54,164.15,320.87,1,1,1.0
571,27,1126.51,731.86,134.13,315.72,1,1,1.0
571,52,1035.46,426.65,98.44,161.05,1,1,1.0
571,53,910.17,119.75,174.51,327.62,1,1,1.0
571,54,1285.97,611.49,167.17,328.98,1,1,1.0
572,27,1129.28,743.30,133.20,320.63,1,1,1.0
572,52,1040.07,433.18,96.88,161.05,1,1,1.0
572,53,911.85,124.74,174.22,333.87,1,1,1.0
572,54,1285.32,620.58,170.46,327.30,1,1,1.0
573,27,1132.90,753.92,138.69,317.91,1,1,1.0
573,52,1044.68,439.71,95.32,161.05,1,1,1.0
573,53,917.33,132.06,171.36,332.36,1,1,1.0
573,54,1294.01,628.99,172.28,331.25,1,1,1.0
574,27,1141.32,759.52,136.81,320.48,1,1,1.0
574,52,1048.14,445.08,95.32,161.05,1,1,1.0
574,53,917.95,135.55,176.24,332.65,1,1,1.0
574,54,1299.21,633.55,173.17,339.68,1,1,1.0
575,27,1146.93,772.26,138.15,307.74,1,1,1.0
575,52,1051.59,450.46,95.32,161.05,1,1,1.0
575,53,919.42,138.61,180.85,335.56,1,1,1.0
575,54,1305.98,642.96,175.89,337.27,1,1,1.0
576,27,1158.38,790.77,142.56,289.23,1,1,1.0
576,52,1059.27,463.52,96.09,161.04,1,1,1.0
576,53,927.34,145.48,184.83,346.50,1,1,1.0
576,54,1322.62,662.03,178.45,347.22,1,1,1.0
577,27,1164.30,804.45,144.05,275.55,1,1,1.0
577,52,1066.95,476.57,96.85,161.05,1,1,1.0
577,53,931.38,150.16,185.64,346.36,1,1,1.0
577,54,1329.39,671.25,182.12,352.84,1,1,1.0
578,27,1174.91,814.12,141.51,265.88,1,1,1.0
578,52,1074.63,483.87,96.85,161.05,1,1,1.0
578,53,935.54,155.87,187.56,348.91,1,1,1.0
578,54,1339.24,677.70,181.34,357.90,1,1,1.0
579,27,1177.91,826.24,146.99,253.76,1,1,1.0
579,52,1082.31,491.16,96.85,161.05,1,1,1.0
579,53,941.68,159.58,188.95,356.09,1,1,1.0
579,54,1347.24,687.44,182.93,361.74,1,1,1.0
580,27,1185.83,837.10,149.77,242.90,1,1,1.0
580,52,1088.06,499.61,98.78,165.30,1,1,1.0
580,53,946.65,164.95,189.35,359.75,1,1,1.0
580,54,1357.33,700.40,184.66,368.06,1,1,1.0
581,27,1201.60,857.27,152.97,222.73,1,1,1.0
581,52,1093.80,508.06,100.72,169.54,1,1,1.0
581,53,952.23,168.39,195.22,363.18,1,1,1.0
581,54,1383.07,713.84,178.86,364.95,1,1,1.0
582,27,1206.24,867.66,154.33,212.34,1,1,1.0
582,52,1096.55,515.86,102.55,169.54,1,1,1.0
582,53,956.95,173.25,194.86,367.50,1,1,1.0
582,54,1389.59,722.55,182.12,357.45,1,1,1.0
583,27,1209.57,874.96,162.55,205.04,1,1,1.0
583,52,1099.31,523.66,104.37,169.54,1,1,1.0
583,53,960.89,176.95,195.98,370.11,1,1,1.0
583,54,1395.27,731.25,185.29,348.75,1,1,1.0
584,27,1212.93,884.56,161.58,195.44,1,1,1.0
584,52,1102.06,531.46,106.20,169.54,1,1,1.0
584,53,961.25,178.89,198.96,375.06,1,1,1.0
584,54,1399.44,735.02,187.09,344.98,1,1,1.0
585,27,1216.28,891.12,170.55,188.88,1,1,1.0
585,52,1104.81,539.26,108.03,169.54,1,1,1.0
585,53,961.42,178.36,201.88,377.11,1,1,1.0
585,54,1396.01,739.94,195.62,340.06,1,1,1.0
586,27,1214.93,906.70,166.01,173.30,1,1,1.0
586,33,1109.87,-0.00,35.74,19.32,1,1,1.0
586,52,1107.56,547.06,109.86,169.54,1,1,1.0
586,53,958.31,178.41,206.93,382.82,1,1,1.0
586,54,1416.17,755.54,191.20,324.46,1,1,1.0
587,27,1221.16,915.33,161.88,164.67,1,1,1.0
587,33,1109.94,-0.00,35.63,18.63,1,1,1.0
587,52,1110.32,554.86,111.68,169.54,1,1,1.0
587,53,955.74,179.89,209.94,388.98,1,1,1.0
587,54,1408.22,761.53,203.94,318.47,1,1,1.0
588,27,1222.94,927.62,177.06,152.38,1,1,1.0
588,52,1108.59,560.02,113.07,172.63,1,1,1.0
588,53,952.96,183.49,212.56,394.91,1,1,1.0
588,54,1403.72,776.48,211.63,303.52,1,1,1.0
589,27,1220.02,936.14,193.45,143.86,1,1,1.0
589,52,1106.86,565.18,114.45,175.72,1,1,1.0
589,53,949.79,186.59,214.50,397.65,1,1,1.0
589,54,1402.99,783.33,215.96,296.67,1,1,1.0
590,27,1221.23,943.86,195.81,136.14,1,1,1.0
590,52,1105.13,570.34,115.84,178.81,1,1,1.0
590,53,947.86,187.45,216.13,398.21,1,1,1.0
590,54,1404.09,788.78,216.49,291.22,1,1,1.0
591,27,1217.45,956.39,194.52,123.61,1,1,1.0
591,52,1103.40,575.51,117.23,181.89,1,1,1.0
591,53,944.60,189.98,215.79,402.09,1,1,1.0
591,54,1408.06,797.64,217.59,282.36,1,1,1.0
592,27,1223.94,959.47,189.91,120.53,1,1,1.0
592,52,1100.65,575.50,117.69,182.59,1,1,1.0
592,53,940.94,186.53,218.36,405.45,1,1,1.0
592,54,1409.33,799.52,220.62,280.48,1,1,1.0
593,27,1223.40,963.88,182.55,116.12,1,1,1.0
593,52,1097.89,575.50,118.16,183.28,1,1,1.0
593,53,936.33,183.35,219.35,410.38,1,1,1.0
593,54,1415.30,804.79,217.47,275.21,1,1,1.0
594,27,1221.01,966.93,176.40,113.07,1,1,1.0
594,52,1095.14,575.50,118.62,183.97,1,1,1.0
594,53,933.90,181.68,220.09,419.59,1,1,1.0
594,54,1416.55,806.56,216.92,273.44,1,1,1.0
595,27,1217.90,968.95,170.70,111.05,1,1,1.0
595,52,1092.39,575.50,119.09,184.65,1,1,1.0
595,53,927.85,176.49,224.51,415.81,1,1,1.0
595,54,1419.20,806.49,214.67,273.39,1,1,1.0
596,27,1212.36,977.69,158.19,102.31,1,1,1.0
596,52,1089.64,575.50,119.55,185.34,1,1,1.0
596,53,914.71,170.18,230.65,424.29,1,1,1.0
596,54,1414.50,809.87,218.83,270.13,1,1,1.0
597,27,1207.95,978.39,153.17,101.57,1,1,1.0
597,52,1086.88,575.50,120.02,186.03,1,1,1.0
597,53,911.73,165.42,231.76,427.17,1,1,1.0
597,54,1412.07,809.94,221.15,270.06,1,1,1.0
598,27,1199.84,981.87,169.62,98.13,1,1,1.0
598,52,1083.30,574.67,120.02,186.03,1,1,1.0
598,53,899.76,161.84,239.16,430.81,1,1,1.0
598,54,1411.98,811.54,221.04,268.46,1,1,1.0
599,27,1201.85,982.49,147.05,97.51,1,1,1.0
599,52,1079.73,573.85,120.01,186.03,1,1,1.0
599,53,892.58,153.86,243.96,438.17,1,1,1.0
599,54,1412.45,813.20,220.55,266.38,1,1,1.0
600,27,1202.79,982.17,146.74,97.83,1,1,1.0
600,52,1076.15,573.02,120.01,186.03,1,1,1.0
600,53,890.89,145.66,243.87,442.82,1,1,1.0
600,54,1398.92,811.98,234.47,268.02,1,1,1.0
601,27,1195.65,980.01,146.28,99.85,1,1,1.0
601,52,1072.57,572.20,120.02,186.03,1,1,1.0
601,53,882.73,139.37,248.46,450.15,1,1,1.0
601,54,1395.26,809.95,237.43,270.05,1,1,1.0
602,27,1187.12,975.52,174.80,104.48,1,1,1.0
602,52,1068.99,571.37,120.02,186.03,1,1,1.0
602,53,882.09,131.40,243.25,450.44,1,1,1.0
602,54,1391.96,809.23,239.65,270.77,1,1,1.0
603,27,1182.84,972.99,192.65,107.01,1,1,1.0
603,52,1065.69,562.01,120.01,186.03,1,1,1.0
603,53,880.04,119.22,242.99,453.03,1,1,1.0
603,54,1381.70,806.64,245.69,273.36,1,1,1.0
604,27,1176.29,969.72,179.24,110.28,1,1,1.0
604,52,1062.38,552.65,120.02,186.03,1,1,1.0
604,53,864.02,109.73,253.93,453.17,1,1,1.0
604,54,1380.03,798.88,244.72,281.12,1,1,1.0
605,27,1170.97,962.60,177.48,117.40,1,1,1.0
605,52,1059.08,543.29,120.02,186.03,1,1,1.0
605,53,868.63,102.23,249.66,457.85,1,1,1.0
605,54,1387.51,793.56,236.08,286.44,1,1,1.0
606,27,1171.16,947.86,179.82,132.14,1,1,1.0
606,52,1055.78,533.93,120.01,186.03,1,1,1.0
606,53,851.65,75.85,258.53,461.65,1,1,1.0
606,54,1373.98,780.18,245.75,299.82,1,1,1.0
607,27,1158.03,944.03,200.30,135.97,1,1,1.0
607,52,1052.47,524.57,120.02,186.03,1,1,1.0
607,53,851.68,64.39,258.03,473.82,1,1,1.0
607,54,1372.96,772.99,245.89,307.01,1,1,1.0
608,27,1159.87,937.33,194.20,142.67,1,1,1.0
608,52,1050.18,520.44,120.02,186.03,1,1,1.0
608,53,848.17,51.27,259.00,473.01,1,1,1.0
608,54,1376.76,765.98,241.79,312.72,1,1,1.0
609,27,1150.66,928.90,200.00,151.10,1,1,1.0
609,52,1047.89,516.31,120.01,186.03,1,1,1.0
609,53,842.17,40.69,263.08,476.54,1,1,1.0
609,54,1358.78,758.71,258.80,321.29,1,1,1.0
610,27,1147.01,925.55,190.85,154.45,1,1,1.0
610,52,1045.59,512.18,120.02,186.03,1,1,1.0
610,53,837.08,27.40,262.89,482.66,1,1,1.0
610,54,1367.44,748.01,248.74,331.99,1,1,1.0
611,27,1141.94,914.17,190.04,165.83,1,1,1.0
611,52,1041.69,505.99,120.02,186.03,1,1,1.0
611,53,823.12,9.34,272.78,481.45,1,1,1.0
611,54,1359.84,743.84,254.26,336.16,1,1,1.0
612,27,1135.91,913.04,193.46,166.96,1,1,1.0
612,52,1037.79,499.80,120.02,186.03,1,1,1.0
612,53,819.61,1.02,273.45,480.14,1,1,1.0
612,54,1357.41,742.20,254.45,337.80,1,1,1.0
613,27,1131.34,910.44,190.88,169.56,1,1,1.0
613,52,1033.89,493.60,120.02,186.03,1,1,1.0
613,53,818.96,0.97,272.01,473.38,1,1,1.0
613,54,1357.80,740.63,248.56,339.37,1,1,1.0
614,27,1126.26,905.92,191.50,174.04,1,1,1.0
614,52,1029.99,487.41,120.02,186.03,1,1,1.0
614,53,819.24,0.00,267.61,479.15,1,1,1.0
614,54,1342.68,736.01,262.04,343.99,1,1,1.0
615,27,1120.11,905.52,186.89,174.48,1,1,1.0
615,52,1026.09,481.21,120.02,186.03,1,1,1.0
615,53,806.33,0.00,274.58,472.78,1,1,1.0
615,54,1337.19,733.97,263.05,346.03,1,1,1.0
616,27,1107.65,903.04,190.30,176.96,1,1,1.0
616,52,1022.19,475.02,120.02,186.03,1,1,1.0
616,53,799.56,0.00,272.71,465.90,1,1,1.0
616,54,1328.78,730.54,261.28,349.46,1,1,1.0
617,27,1105.08,901.87,192.70,178.13,1,1,1.0
617,52,1021.96,474.84,120.02,186.03,1,1,1.0
617,53,793.11,0.00,280.27,464.07,1,1,1.0
617,54,1333.26,729.84,257.74,350.16,1,1,1.0
618,27,1107.05,899.90,187.14,180.10,1,1,1.0
618,52,1021.73,474.65,120.02,186.03,1,1,1.0
618,53,792.74,0.00,281.30,460.67,1,1,1.0
618,54,1328.93,725.55,260.19,354.45,1,1,1.0
619,27,1107.99,897.89,190.10,182.11,1,1,1.0
619,52,1021.51,474.47,120.01,186.03,1,1,1.0
619,53,794.68,0.00,282.12,454.81,1,1,1.0
619,54,1331.88,720.79,258.45,359.21,1,1,1.0
620,27,1106.76,895.62,194.49,184.38,1,1,1.0
620,52,1021.28,474.29,120.01,186.03,1,1,1.0
620,53,796.89,0.00,281.45,450.84,1,1,1.0
620,54,1333.68,718.39,257.45,361.61,1,1,1.0
621,27,1104.25,892.74,191.71,187.26,1,1,1.0
621,52,1021.05,474.10,120.01,186.03,1,1,1.0
621,53,795.98,0.00,282.22,445.97,1,1,1.0
621,54,1327.88,717.22,262.19,362.78,1,1,1.0
622,27,1102.70,892.61,194.30,187.39,1,1,1.0
622,52,1020.82,473.92,120.01,186.03,1,1,1.0
622,53,794.65,0.00,283.01,444.59,1,1,1.0
622,54,1332.74,718.41,258.65,361.59,1,1,1.0
623,27,1101.72,892.87,193.67,187.13,1,1,1.0
623,52,1020.59,473.73,120.01,186.04,1,1,1.0
623,53,793.27,0.00,282.55,445.10,1,1,1.0
623,54,1325.28,718.14,263.18,361.86,1,1,1.0
624,27,1098.20,897.33,194.51,182.67,1,1,1.0
624,52,1020.36,473.55,120.02,186.03,1,1,1.0
624,53,791.62,0.00,282.82,446.85,1,1,1.0
624,54,1334.41,721.73,252.83,358.27,1,1,1.0
625,27,1097.11,898.03,195.31,181.97,1,1,1.0
625,52,1020.13,473.37,120.02,186.03,1,1,1.0
625,53,790.19,0.00,281.72,449.58,1,1,1.0
625,54,1321.41,724.39,264.84,355.61,1,1,1.0
626,27,1092.75,901.33,189.44,178.66,1,1,1.0
626,52,1015.31,477.77,120.02,186.03,1,1,1.0
626,53,788.53,0.00,275.55,452.73,1,1,1.0
626,54,1319.67,730.41,263.07,349.59,1,1,1.0
627,27,1089.99,903.59,195.02,176.41,1,1,1.0
627,52,1015.31,462.28,115.54,201.52,1,1,1.0
627,53,785.44,0.00,277.84,456.82,1,1,1.0
627,54,1317.17,735.13,263.70,344.87,1,1,1.0
628,27,1088.55,908.09,189.19,171.91,1,1,1.0
628,52,1015.31,446.79,111.05,217.01,1,1,1.0
628,53,779.32,0.00,280.72,462.05,1,1,1.0
628,54,1314.34,738.29,265.85,341.71,1,1,1.0
629,27,1088.15,912.01,193.53,167.99,1,1,1.0
629,52,1015.31,431.29,106.57,232.51,1,1,1.0
629,53,776.70,0.00,282.32,465.13,1,1,1.0
629,54,1312.10,742.67,268.12,337.33,1,1,1.0
630,27,1087.69,914.21,196.06,165.79,1,1,1.0
630,52,1015.31,415.80,102.09,248.00,1,1,1.0
630,53,776.20,0.00,282.83,467.18,1,1,1.0
630,54,1312.62,746.30,268.14,333.70,1,1,1.0
631,27,1087.21,920.79,204.35,159.21,1,1,1.0
631,52,1015.31,417.86,102.09,248.01,1,1,1.0
631,53,775.58,0.00,283.62,470.73,1,1,1.0
631,54,1316.74,746.02,265.83,333.98,1,1,1.0
632,27,1086.98,923.15,205.12,156.85,1,1,1.0
632,52,1015.31,419.93,102.09,248.00,1,1,1.0
632,53,776.13,0.00,284.46,470.81,1,1,1.0
632,54,1316.59,746.36,268.22,333.64,1,1,1.0
633,27,1088.64,926.42,210.64,153.58,1,1,1.0
633,52,1018.07,423.03,102.08,248.00,1,1,1.0
633,53,777.18,0.00,285.10,479.85,1,1,1.0
633,54,1325.26,749.68,259.93,330.32,1,1,1.0
634,27,1091.59,928.59,207.70,151.41,1,1,1.0
634,52,1020.82,426.12,102.09,248.01,1,1,1.0
634,53,778.81,0.00,285.46,482.71,1,1,1.0
634,54,1320.29,756.89,269.52,323.11,1,1,1.0
635,27,1097.91,931.19,203.83,148.81,1,1,1.0
635,52,1023.57,429.22,102.09,248.01,1,1,1.0
635,53,784.14,0.00,280.80,482.81,1,1,1.0
635,54,1321.43,757.83,269.53,322.17,1,1,1.0
636,27,1098.41,936.53,205.23,143.47,1,1,1.0
636,52,1026.32,432.32,102.09,248.00,1,1,1.0
636,53,789.04,0.00,287.22,484.99,1,1,1.0
636,54,1325.86,761.03,274.78,318.97,1,1,1.0
637,27,1104.12,940.28,200.99,139.72,1,1,1.0
637,52,1027.70,436.45,102.09,248.00,1,1,1.0
637,53,789.75,0.00,290.66,480.79,1,1,1.0
637,54,1339.94,764.28,264.26,315.72,1,1,1.0
638,27,1108.69,944.22,191.64,135.78,1,1,1.0
638,52,1029.08,440.58,102.08,248.00,1,1,1.0
638,53,792.62,0.00,287.65,487.22,1,1,1.0
638,54,1334.92,769.71,269.17,310.29,1,1,1.0
639,27,1110.03,945.66,195.50,134.34,1,1,1.0
639,52,1030.45,444.71,102.09,248.00,1,1,1.0
639,53,795.53,0.00,284.45,492.81,1,1,1.0
639,54,1333.95,776.89,269.98,303.11,1,1,1.0
640,27,1109.72,949.59,175.21,130.41,1,1,1.0
640,52,1031.83,448.84,102.09,248.00,1,1,1.0
640,53,795.12,0.00,285.41,495.05,1,1,1.0
640,54,1341.65,781.69,267.53,298.31,1,1,1.0
641,27,1111.21,962.84,179.85,117.16,1,1,1.0
641,52,1033.21,452.96,102.08,248.01,1,1,1.0
641,53,792.22,0.72,287.45,509.70,1,1,1.0
641,54,1324.20,790.49,279.61,289.51,1,1,1.0
642,27,1111.57,967.20,175.53,112.80,1,1,1.0
642,52,1035.41,455.17,100.99,250.48,1,1,1.0
642,53,800.31,1.63,279.04,507.31,1,1,1.0
642,54,1332.78,793.91,271.35,286.09,1,1,1.0
643,27,1114.03,970.83,180.26,109.17,1,1,1.0
643,52,1037.61,457.38,99.89,252.95,1,1,1.0
643,53,796.24,9.63,285.73,510.24,1,1,1.0
643,54,1345.56,797.96,258.57,282.04,1,1,1.0
644,27,1116.97,972.40,161.87,107.60,1,1,1.0
644,52,1039.81,459.59,98.79,255.42,1,1,1.0
644,53,803.49,13.00,281.30,508.91,1,1,1.0
644,54,1352.44,796.71,256.29,282.78,1,1,1.0
645,27,1118.76,974.42,162.71,105.58,1,1,1.0
645,52,1042.02,461.79,97.68,257.90,1,1,1.0
645,53,809.01,14.68,280.98,509.23,1,1,1.0
645,54,1353.32,799.61,256.94,279.92,1,1,1.0
646,27,1128.84,982.85,146.32,96.96,1,1,1.0
646,52,1044.22,464.00,96.58,260.37,1,1,1.0
646,53,807.25,32.09,286.52,511.75,1,1,1.0
646,54,1361.14,809.01,249.02,270.55,1,1,1.0
647,27,1134.90,986.99,139.66,93.01,1,1,1.0
647,52,1047.52,468.96,100.16,260.36,1,1,1.0
647,53,821.05,40.66,274.61,507.96,1,1,1.0
647,54,1353.10,812.69,255.35,267.31,1,1,1.0
648,27,1129.87,994.63,144.05,85.37,1,1,1.0
648,52,1050.83,473.91,103.73,260.37,1,1,1.0
648,53,813.53,59.56,282.55,491.13,1,1,1.0
648,54,1347.78,820.63,260.16,259.37,1,1,1.0
649,27,1134.87,998.90,140.08,81.10,1,1,1.0
649,52,1054.13,478.87,107.31,260.36,1,1,1.0
649,53,818.73,61.83,284.81,495.66,1,1,1.0
649,54,1360.16,826.95,252.24,253.05,1,1,1.0
650,27,1136.21,1001.80,144.88,78.20,1,1,1.0
650,52,1057.43,483.82,110.89,260.37,1,1,1.0
650,53,828.94,70.02,282.51,492.94,1,1,1.0
650,54,1371.96,829.91,247.00,250.09,1,1,1.0
651,27,1148.00,1007.75,143.09,72.25,1,1,1.0
651,52,1060.74,488.78,114.46,260.36,1,1,1.0
651,53,849.10,82.69,272.28,495.53,1,1,1.0
651,54,1387.51,836.87,234.81,243.13,1,1,1.0
652,27,1156.69,1011.20,133.78,68.80,1,1,1.0
652,52,1060.97,495.66,114.46,260.37,1,1,1.0
652,53,846.95,91.67,277.33,489.77,1,1,1.0
652,54,1387.16,841.24,234.63,238.76,1,1,1.0
653,27,1171.42,1015.97,122.53,64.03,1,1,1.0
653,52,1061.20,502.54,114.46,260.37,1,1,1.0
653,53,846.02,116.63,279.53,468.60,1,1,1.0
653,54,1389.76,847.13,232.98,232.87,1,1,1.0
654,27,1166.92,1019.66,127.65,60.34,1,1,1.0
654,52,1061.42,509.42,114.47,260.37,1,1,1.0
654,53,861.13,124.48,265.82,467.25,1,1,1.0
654,54,1384.85,854.61,236.59,225.39,1,1,1.0
655,27,1180.56,1024.72,112.22,55.06,1,1,1.0
655,52,1061.65,516.30,114.47,260.37,1,1,1.0
655,53,852.56,128.54,274.00,473.43,1,1,1.0
655,54,1385.66,859.04,237.58,220.96,1,1,1.0
656,27,1188.76,1031.40,109.90,48.30,1,1,1.0
656,52,1061.88,523.19,114.47,260.37,1,1,1.0
656,53,871.50,144.99,254.27,471.38,1,1,1.0
656,54,1385.28,868.18,229.61,211.82,1,1,1.0
657,27,1188.63,1032.82,111.43,46.97,1,1,1.0
657,52,1062.11,530.07,114.47,260.37,1,1,1.0
657,53,869.74,159.11,260.72,464.34,1,1,1.0
657,54,1387.12,870.76,226.77,209.24,1,1,1.0
658,27,1190.22,1034.31,107.77,45.35,1,1,1.0
658,52,1062.11,534.54,114.47,260.37,1,1,1.0
658,53,877.10,169.29,254.88,462.87,1,1,1.0
658,54,1386.21,873.62,225.92,206.38,1,1,1.0
659,27,1189.79,1035.23,110.53,44.70,1,1,1.0
659,52,1062.11,539.01,114.47,260.37,1,1,1.0
659,53,881.70,174.16,252.69,451.41,1,1,1.0
659,54,1388.36,875.40,216.72,204.60,1,1,1.0
660,27,1190.43,1037.20,106.46,42.80,1,1,1.0
660,52,1062.11,543.49,114.47,260.37,1,1,1.0
660,53,882.97,188.07,251.37,446.91,1,1,1.0
660,54,1381.59,879.22,221.84,200.78,1,1,1.0
661,27,1194.00,1037.33,102.56,42.67,1,1,1.0
661,52,1062.11,547.96,114.47,260.37,1,1,1.0
661,53,886.32,203.10,248.72,443.62,1,1,1.0
661,54,1377.19,883.18,219.65,196.82,1,1,1.0
662,27,1189.17,1036.54,106.20,43.46,1,1,1.0
662,52,1061.43,551.40,114.46,259.67,1,1,1.0
662,53,886.94,206.41,246.44,439.92,1,1,1.0
662,54,1373.16,883.94,218.85,196.06,1,1,1.0
663,27,1191.36,1035.76,95.86,44.14,1,1,1.0
663,52,1060.74,554.84,114.46,258.98,1,1,1.0
663,53,887.46,215.36,244.88,431.94,1,1,1.0
663,54,1357.36,883.41,230.76,196.59,1,1,1.0
664,27,1185.59,1034.82,101.88,45.18,1,1,1.0
664,52,1060.05,558.28,114.46,258.28,1,1,1.0
664,53,891.93,224.29,241.42,422.31,1,1,1.0
664,54,1359.37,882.71,224.69,197.29,1,1,1.0
665,27,1183.77,1033.26,100.90,46.74,1,1,1.0
665,52,1059.36,561.72,114.47,257.58,1,1,1.0
665,53,893.66,229.75,238.23,417.63,1,1,1.0
665,54,1367.80,882.56,207.27,197.44,1,1,1.0
666,27,1170.65,1023.15,110.58,56.85,1,1,1.0
666,52,1059.36,561.27,114.47,257.57,1,1,1.0
666,53,896.46,236.44,236.90,410.30,1,1,1.0
666,54,1365.86,876.36,206.60,203.64,1,1,1.0
667,27,1166.92,1019.48,109.93,60.52,1,1,1.0
667,52,1059.36,560.81,114.47,257.57,1,1,1.0
667,53,904.35,239.39,230.26,406.00,1,1,1.0
667,54,1359.66,874.49,207.64,205.51,1,1,1.0
668,27,1155.58,1017.26,120.63,62.74,1,1,1.0
668,52,1059.36,560.35,114.47,257.57,1,1,1.0
668,53,903.57,241.80,230.76,403.74,1,1,1.0
668,54,1361.22,870.66,201.25,209.34,1,1,1.0
669,27,1150.89,1010.81,128.44,69.19,1,1,1.0
669,52,1060.50,560.35,113.32,253.90,1,1,1.0
669,53,914.20,246.98,221.72,398.30,1,1,1.0
669,54,1354.90,868.56,204.42,211.44,1,1,1.0
670,27,1154.94,1007.22,125.47,72.68,1,1,1.0
670,52,1061.64,560.35,112.18,250.23,1,1,1.0
670,53,911.92,251.54,222.80,393.55,1,1,1.0
670,54,1359.18,865.66,196.74,214.34,1,1,1.0
671,27,1148.88,998.43,147.88,81.57,1,1,1.0
671,52,1062.78,560.35,111.04,246.56,1,1,1.0
671,53,918.03,258.48,216.29,387.17,1,1,1.0
671,54,1345.94,858.22,199.66,221.78,1,1,1.0
672,27,1154.40,992.45,138.82,87.55,1,1,1.0
672,52,1063.92,560.35,109.90,242.89,1,1,1.0
672,53,921.44,261.18,212.56,384.16,1,1,1.0
672,54,1351.35,855.86,192.09,224.14,1,1,1.0
673,27,1153.22,988.16,143.11,91.84,1,1,1.0
673,52,1065.06,560.35,108.76,239.22,1,1,1.0
673,53,924.07,264.17,210.11,380.70,1,1,1.0
673,54,1340.00,850.50,202.31,229.50,1,1,1.0
674,27,1150.44,982.09,156.42,97.91,1,1,1.0
674,52,1066.20,560.35,107.62,235.55,1,1,1.0
674,53,925.99,265.65,208.51,378.20,1,1,1.0
674,54,1333.54,845.23,204.47,234.77,1,1,1.0
675,27,1155.45,977.93,138.48,101.80,1,1,1.0
675,52,1068.50,560.35,105.32,230.05,1,1,1.0
675,53,930.13,267.31,205.34,375.22,1,1,1.0
675,54,1337.21,842.86,195.38,237.14,1,1,1.0
676,27,1154.46,969.41,151.12,110.46,1,1,1.0
676,52,1070.80,560.35,103.02,224.55,1,1,1.0
676,53,932.40,273.07,202.79,365.60,1,1,1.0
676,54,1332.60,835.83,193.16,244.17,1,1,1.0
677,27,1148.15,961.52,169.88,118.48,1,1,1.0
677,52,1073.10,560.35,100.72,219.05,1,1,1.0
677,53,934.58,276.70,201.31,359.83,1,1,1.0
677,54,1326.69,830.52,196.85,249.48,1,1,1.0
678,27,1150.15,955.61,166.10,124.39,1,1,1.0
678,52,1075.40,560.35,98.42,213.55,1,1,1.0
678,53,940.37,276.61,196.27,357.45,1,1,1.0
678,54,1327.91,825.56,193.64,254.44,1,1,1.0
679,27,1150.70,946.98,148.94,133.02,1,1,1.0
679,52,1077.70,560.35,96.12,208.05,1,1,1.0
679,53,942.26,278.10,193.94,352.92,1,1,1.0
679,54,1325.53,820.39,189.65,259.61,1,1,1.0
680,27,1151.97,941.38,152.13,138.62,1,1,1.0
680,52,1080.00,560.35,93.82,202.55,1,1,1.0
680,53,945.82,278.27,190.53,349.88,1,1,1.0
680,54,1325.60,813.50,188.46,266.50,1,1,1.0
681,27,1151.20,930.86,140.08,149.14,1,1,1.0
681,52,1080.79,557.80,93.03,203.53,1,1,1.0
681,53,948.82,280.51,188.93,341.48,1,1,1.0
681,54,1322.67,807.26,186.45,272.74,1,1,1.0
682,27,1153.65,926.99,137.82,153.01,1,1,1.0
682,52,1081.57,555.25,92.25,204.51,1,1,1.0
682,53,951.32,281.79,186.72,338.38,1,1,1.0
682,54,1321.01,802.33,184.68,277.67,1,1,1.0
683,27,1156.32,920.58,133.98,159.42,1,1,1.0
683,52,1082.36,552.70,91.45,205.49,1,1,1.0
683,53,953.86,284.68,185.53,333.88,1,1,1.0
683,54,1318.37,798.11,185.81,281.89,1,1,1.0
684,27,1157.92,916.26,137.66,163.74,1,1,1.0
684,52,1083.14,550.15,90.67,206.46,1,1,1.0
684,53,956.20,288.30,184.63,329.32,1,1,1.0
684,54,1317.26,795.08,183.86,284.92,1,1,1.0
685,27,1158.12,913.23,138.83,166.77,1,1,1.0
685,52,1083.93,547.60,89.88,207.44,1,1,1.0
685,53,959.85,289.92,181.73,327.46,1,1,1.0
685,54,1321.09,793.32,177.65,286.68,1,1,1.0
686,27,1157.29,907.78,137.75,171.85,1,1,1.0
686,52,1084.71,545.05,89.09,208.42,1,1,1.0
686,53,962.59,294.56,176.68,322.68,1,1,1.0
686,54,1316.11,787.20,177.80,292.80,1,1,1.0
687,27,1158.59,905.15,132.05,174.59,1,1,1.0
687,52,1085.50,542.50,88.30,209.40,1,1,1.0
687,53,963.66,298.15,176.05,319.37,1,1,1.0
687,54,1316.15,784.83,174.72,295.17,1,1,1.0
688,27,1159.94,901.09,133.03,178.91,1,1,1.0
688,52,1086.65,542.73,87.84,202.05,1,1,1.0
688,53,966.24,300.55,174.84,316.36,1,1,1.0
688,54,1315.80,783.50,175.81,296.50,1,1,1.0
689,27,1160.24,897.85,140.91,182.15,1,1,1.0
689,52,1087.80,542.96,87.38,194.71,1,1,1.0
689,53,969.92,302.66,173.38,314.21,1,1,1.0
689,54,1315.79,781.48,173.68,298.52,1,1,1.0
690,27,1162.16,895.69,130.18,184.30,1,1,1.0
690,52,1088.95,543.19,86.91,187.36,1,1,1.0
690,53,972.73,303.03,172.96,313.51,1,1,1.0
690,54,1315.43,778.32,173.61,301.68,1,1,1.0
691,27,1165.27,886.92,126.92,193.08,1,1,1.0
691,52,1090.10,543.42,86.45,180.01,1,1,1.0
691,53,977.77,303.33,168.76,311.13,1,1,1.0
691,54,1315.05,769.58,170.68,310.29,1,1,1.0
692,27,1165.94,880.89,126.06,199.11,1,1,1.0
692,52,1091.25,543.65,85.99,172.67,1,1,1.0
692,53,980.22,302.88,167.77,309.72,1,1,1.0
692,54,1315.00,764.63,169.65,314.43,1,1,1.0
693,27,1166.02,875.14,126.27,204.86,1,1,1.0
693,52,1092.40,543.88,85.53,165.32,1,1,1.0
693,53,981.77,302.17,165.82,307.00,1,1,1.0
693,54,1315.96,760.52,167.51,315.96,1,1,1.0
694,27,1164.89,869.75,127.07,210.25,1,1,1.0
694,52,1090.10,543.88,87.83,165.32,1,1,1.0
694,53,982.03,301.61,164.84,304.13,1,1,1.0
694,54,1316.40,756.82,166.45,313.13,1,1,1.0
695,27,1164.99,866.09,125.09,213.91,1,1,1.0
695,52,1087.80,543.88,90.13,165.32,1,1,1.0
695,53,982.00,300.69,164.41,301.26,1,1,1.0
695,54,1317.14,754.98,160.95,309.50,1,1,1.0
696,27,1160.13,859.39,121.85,220.61,1,1,1.0
696,52,1085.50,543.88,92.43,165.32,1,1,1.0
696,53,979.13,302.06,162.10,296.99,1,1,1.0
696,54,1307.71,749.74,161.29,308.65,1,1,1.0
697,27,1158.14,856.86,119.47,223.14,1,1,1.0
697,52,1083.20,543.88,94.73,165.32,1,1,1.0
697,53,978.13,303.34,159.15,294.69,1,1,1.0
697,54,1301.33,748.15,165.92,305.00,1,1,1.0
698,27,1156.13,854.37,118.93,225.63,1,1,1.0
698,52,1080.90,543.88,97.03,165.32,1,1,1.0
698,53,977.13,305.04,158.32,291.75,1,1,1.0
698,54,1303.36,742.47,158.55,304.35,1,1,1.0
699,27,1155.54,852.11,118.49,227.89,1,1,1.0
699,52,1078.60,543.88,99.33,165.32,1,1,1.0
699,53,976.13,305.83,158.19,288.68,1,1,1.0
699,54,1300.41,740.96,156.24,302.00,1,1,1.0
700,27,1154.23,846.83,118.43,233.17,1,1,1.0
700,52,1081.60,543.88,87.00,166.72,1,1,1.0
700,53,975.89,306.52,157.41,286.03,1,1,1.0
700,54,1298.99,738.91,156.89,298.65,1,1,1.0
701,27,1150.47,840.88,117.70,239.12,1,1,1.0
701,52,1079.47,543.88,86.86,165.45,1,1,1.0
701,53,972.07,306.56,157.00,284.64,1,1,1.0
701,54,1296.04,735.63,152.88,297.01,1,1,1.0
702,27,1148.96,839.87,114.93,240.13,1,1,1.0
702,52,1077.35,543.88,86.72,164.19,1,1,1.0
702,53,969.71,306.23,155.98,282.73,1,1,1.0
702,54,1293.38,733.37,151.40,296.09,1,1,1.0
703,27,1147.53,838.78,114.31,241.22,1,1,1.0
703,52,1075.22,543.88,86.58,162.92,1,1,1.0
703,53,968.12,307.27,153.59,281.39,1,1,1.0
703,54,1290.53,730.68,151.40,295.05,1,1,1.0
704,27,1144.89,838.53,115.00,241.47,1,1,1.0
704,52,1073.09,543.88,86.91,162.52,1,1,1.0
704,53,965.51,308.06,152.69,279.96,1,1,1.0
704,54,1285.79,730.24,152.86,293.97,1,1,1.0
705,27,1143.39,836.02,115.34,243.98,1,1,1.0
705,52,1073.09,543.88,78.61,162.52,1,1,1.0
705,53,964.41,308.89,152.35,278.70,1,1,1.0
705,54,1285.27,729.09,151.92,290.69,1,1,1.0
706,27,1141.96,830.05,112.98,249.54,1,1,1.0
706,52,1070.34,544.57,78.61,162.52,1,1,1.0
706,53,961.62,307.40,152.61,278.66,1,1,1.0
706,54,1279.26,725.39,155.48,288.94,1,1,1.0
707,27,1137.20,830.95,115.84,249.05,1,1,1.0
707,52,1067.59,545.25,78.60,162.53,1,1,1.0
707,53,959.21,308.71,153.31,277.64,1,1,1.0
707,54,1277.53,723.43,154.42,292.53,1,1,1.0
708,27,1134.13,828.99,115.82,251.01,1,1,1.0
708,52,1066.21,543.42,78.61,162.52,1,1,1.0
708,53,955.64,309.29,152.64,276.78,1,1,1.0
708,54,1275.05,723.29,153.44,287.95,1,1,1.0
709,27,1131.44,826.90,115.25,253.10,1,1,1.0
709,52,1064.84,541.58,78.60,162.53,1,1,1.0
709,53,952.68,309.29,152.64,276.78,1,1,1.0
709,54,1272.50,720.34,150.59,289.13,1,1,1.0
710,27,1130.27,825.38,114.52,254.62,1,1,1.0
710,52,1063.46,539.75,78.61,162.52,1,1,1.0
710,53,949.73,309.29,152.64,276.78,1,1,1.0
710,54,1270.54,718.90,150.96,287.42,1,1,1.0
711,27,1126.72,823.92,110.63,256.08,1,1,1.0
711,52,1058.41,540.21,78.61,162.52,1,1,1.0
711,53,945.00,307.52,152.64,276.78,1,1,1.0
711,54,1263.91,715.47,151.33,287.70,1,1,1.0
712,27,1124.14,819.51,110.14,260.49,1,1,1.0
712,52,1053.37,540.67,78.60,162.52,1,1,1.0
712,53,940.27,305.74,152.64,276.78,1,1,1.0
712,54,1260.20,714.79,149.52,287.81,1,1,1.0
713,27,1119.33,819.24,112.42,260.71,1,1,1.0
713,52,1048.32,541.12,78.61,162.53,1,1,1.0
713,53,937.81,310.14,150.61,273.68,1,1,1.0
713,54,1256.52,713.85,150.86,287.37,1,1,1.0
714,27,1117.03,823.60,111.06,255.71,1,1,1.0
714,52,1045.11,543.42,78.60,161.61,1,1,1.0
714,53,935.35,314.54,148.58,270.57,1,1,1.0
714,54,1251.98,715.13,153.20,287.69,1,1,1.0
715,27,1114.16,822.82,110.32,257.18,1,1,1.0
715,52,1041.90,545.71,78.60,160.71,1,1,1.0
715,53,931.80,316.10,147.59,269.93,1,1,1.0
715,54,1247.25,718.24,153.08,283.92,1,1,1.0
716,27,1102.35,825.63,112.66,254.37,1,1,1.0
716,52,1038.69,548.01,78.60,159.79,1,1,1.0
716,53,921.52,320.41,150.05,269.57,1,1,1.0
716,54,1239.76,719.44,148.90,284.47,1,1,1.0
717,27,1100.13,826.79,112.73,253.21,1,1,1.0
717,52,1033.64,549.84,78.60,159.80,1,1,1.0
717,53,916.79,326.32,150.05,269.57,1,1,1.0
717,54,1236.19,720.69,150.93,285.98,1,1,1.0
718,27,1099.04,828.08,109.63,251.92,1,1,1.0
718,52,1028.59,551.68,78.61,159.79,1,1,1.0
718,53,912.06,329.28,150.05,269.57,1,1,1.0
718,54,1234.23,721.62,149.41,284.93,1,1,1.0
719,27,1097.82,828.26,107.59,251.74,1,1,1.0
719,52,1023.54,553.51,78.61,159.80,1,1,1.0
719,53,907.33,332.23,150.05,269.57,1,1,1.0
719,54,1232.84,722.52,149.32,284.95,1,1,1.0
720,27,1096.78,829.66,107.04,250.34,1,1,1.0
720,52,1025.62,553.51,76.53,148.79,1,1,1.0
720,53,908.51,334.21,150.05,269.57,1,1,1.0
720,54,1231.65,722.83,148.86,284.06,1,1,1.0
721,27,1097.64,829.86,106.57,250.14,1,1,1.0
721,52,1027.70,553.51,74.45,137.79,1,1,1.0
721,53,909.69,336.18,150.05,269.57,1,1,1.0
721,54,1231.02,724.63,145.96,282.87,1,1,1.0
722,27,1099.31,829.73,107.27,250.27,1,1,1.0
722,52,1029.10,553.51,73.05,137.79,1,1,1.0
722,53,910.88,338.15,150.04,269.57,1,1,1.0
722,54,1232.87,723.22,146.59,283.43,1,1,1.0
723,27,1100.09,827.45,111.71,252.55,1,1,1.0
723,52,1030.50,553.51,71.65,137.79,1,1,1.0
723,53,913.24,337.55,150.05,269.57,1,1,1.0
723,54,1235.14,721.32,144.02,283.19,1,1,1.0
724,27,1101.52,825.90,111.84,254.10,1,1,1.0
724,52,1033.20,553.51,68.95,137.79,1,1,1.0
724,53,915.61,336.96,150.05,269.57,1,1,1.0
724,54,1237.94,719.06,144.43,282.52,1,1,1.0
725,27,1102.29,826.47,111.62,253.53,1,1,1.0
725,34,1015.41,566.70,27.45,53.48,1,1,1.0
725,52,1036.41,553.51,68.95,137.79,1,1,1.0
725,53,915.61,332.82,150.05,269.57,1,1,1.0
725,54,1238.14,718.62,147.18,283.03,1,1,1.0
726,27,1106.64,823.86,110.62,255.01,1,1,1.0
726,34,1018.88,562.83,27.80,54.87,1,1,1.0
726,52,1039.62,553.51,68.95,137.79,1,1,1.0
726,53,915.61,328.69,150.05,269.57,1,1,1.0
726,54,1241.36,717.98,142.64,276.30,1,1,1.0
727,27,1110.50,822.98,108.06,255.55,1,1,1.0
727,34,1019.99,563.61,26.14,54.63,1,1,1.0
727,52,1042.83,553.51,68.95,137.79,1,1,1.0
727,53,919.15,331.05,150.05,269.57,1,1,1.0
727,54,1240.58,718.57,145.78,276.77,1,1,1.0
728,27,1112.05,824.42,107.65,254.62,1,1,1.0
728,34,1021.45,565.57,28.83,53.63,1,1,1.0
728,52,1042.58,555.77,68.71,136.16,1,1,1.0
728,53,918.86,331.94,150.05,269.57,1,1,1.0
728,54,1240.84,718.70,144.03,278.06,1,1,1.0
729,27,1113.34,823.36,107.43,254.50,1,1,1.0
729,34,1022.50,567.91,27.98,51.93,1,1,1.0
729,52,1042.33,558.02,68.46,134.53,1,1,1.0
729,53,918.56,332.82,150.05,269.57,1,1,1.0
729,54,1241.98,719.43,143.49,276.40,1,1,1.0
730,27,1113.57,824.31,107.60,253.96,1,1,1.0
730,34,1023.36,569.61,26.92,52.59,1,1,1.0
730,52,1042.08,560.27,68.21,132.91,1,1,1.0
730,53,918.27,333.71,150.05,269.57,1,1,1.0
730,54,1241.16,719.28,144.95,278.52,1,1,1.0
731,27,1113.38,825.35,106.30,251.97,1,1,1.0
731,34,1025.40,569.44,26.27,52.82,1,1,1.0
731,52,1041.83,562.53,67.96,131.27,1,1,1.0
731,53,917.97,334.60,150.05,269.57,1,1,1.0
731,54,1241.08,718.95,145.11,276.07,1,1,1.0
732,27,1112.69,825.36,105.85,252.40,1,1,1.0
732,34,1025.50,569.61,26.48,52.92,1,1,1.0
732,52,1041.58,564.78,67.71,129.65,1,1,1.0
732,53,922.70,338.14,150.05,269.57,1,1,1.0
732,54,1240.88,718.77,144.13,276.05,1,1,1.0
733,27,1110.95,826.51,106.08,251.74,1,1,1.0
733,34,1025.53,570.62,26.61,52.35,1,1,1.0
733,52,1041.33,567.03,67.46,128.02,1,1,1.0
733,53,922.96,341.51,140.48,259.31,1,1,1.0
733,54,1240.36,718.89,145.35,277.09,1,1,1.0
734,27,1112.01,825.82,106.64,252.10,1,1,1.0
734,34,1026.56,571.08,26.14,49.53,1,1,1.0
734,52,1041.08,569.29,67.21,126.39,1,1,1.0
734,53,922.81,341.65,141.24,259.22,1,1,1.0
734,54,1241.23,719.24,144.58,276.27,1,1,1.0
735,27,1112.02,826.58,106.43,252.53,1,1,1.0
735,52,1040.83,571.54,66.97,124.77,1,1,1.0
735,53,921.62,345.20,141.24,259.22,1,1,1.0
735,54,1241.16,719.31,143.08,278.34,1,1,1.0
736,27,1105.00,831.39,109.99,248.61,1,1,1.0
736,52,1040.58,573.79,66.72,123.14,1,1,1.0
736,53,917.17,345.69,143.66,263.51,1,1,1.0
736,54,1239.67,724.89,140.35,278.43,1,1,1.0
737,27,1103.77,836.59,109.81,243.41,1,1,1.0
737,52,1040.33,576.05,66.47,121.51,1,1,1.0
737,53,916.03,348.39,141.33,263.07,1,1,1.0
737,54,1237.73,728.36,143.83,275.98,1,1,1.0
738,27,1102.35,837.15,109.82,242.85,1,1,1.0
738,52,1040.08,578.30,66.22,119.88,1,1,1.0
738,53,915.33,352.10,139.19,259.50,1,1,1.0
738,54,1236.87,730.35,140.64,275.06,1,1,1.0
739,27,1101.02,838.77,107.04,241.23,1,1,1.0
739,52,1039.39,578.30,66.22,119.88,1,1,1.0
739,53,911.80,353.04,139.12,260.25,1,1,1.0
739,54,1234.49,732.62,139.27,274.35,1,1,1.0
740,27,1099.64,838.46,106.40,241.54,1,1,1.0
740,52,1038.70,578.30,66.22,119.88,1,1,1.0
740,53,908.26,353.26,140.32,260.77,1,1,1.0
740,54,1232.59,733.85,138.61,273.83,1,1,1.0
741,27,1093.03,842.31,108.60,237.69,1,1,1.0
741,52,1036.65,556.96,77.92,142.58,1,1,1.0
741,53,903.63,355.55,140.35,260.48,1,1,1.0
741,54,1225.55,733.27,141.69,279.13,1,1,1.0
742,27,1089.55,841.78,109.21,238.22,1,1,1.0
742,52,1034.60,535.62,89.62,165.28,1,1,1.0
742,53,898.15,356.88,144.75,260.78,1,1,1.0
742,54,1222.19,735.76,138.63,276.90,1,1,1.0
743,27,1085.68,842.42,107.55,237.58,1,1,1.0
743,52,1030.47,536.30,89.62,165.29,1,1,1.0
743,53,893.27,358.58,144.60,258.15,1,1,1.0
743,54,1218.49,735.98,138.40,277.27,1,1,1.0
744,27,1083.32,843.71,106.00,236.29,1,1,1.0
744,52,1026.34,536.99,89.62,165.29,1,1,1.0
744,53,888.52,358.67,137.75,258.69,1,1,1.0
744,54,1215.10,735.89,138.76,276.55,1,1,1.0
745,27,1076.04,842.54,107.40,237.46,1,1,1.0
745,52,1024.97,536.30,86.17,165.29,1,1,1.0
745,53,884.45,358.27,138.81,257.90,1,1,1.0
745,54,1211.12,734.44,138.64,277.92,1,1,1.0
746,27,1069.25,840.65,105.09,239.35,1,1,1.0
746,52,1023.60,535.62,82.72,165.28,1,1,1.0
746,53,876.12,356.23,140.38,258.81,1,1,1.0
746,54,1201.89,734.78,140.53,276.65,1,1,1.0
747,27,1067.59,842.09,105.40,237.91,1,1,1.0
747,52,1023.03,534.84,79.29,162.62,1,1,1.0
747,53,874.44,355.27,139.06,260.41,1,1,1.0
747,54,1197.42,734.48,143.82,277.45,1,1,1.0
748,27,1062.28,839.12,107.73,240.88,1,1,1.0
748,52,1022.45,534.07,75.86,159.94,1,1,1.0
748,53,872.31,353.91,137.07,260.47,1,1,1.0
748,54,1193.14,734.81,144.00,275.75,1,1,1.0
749,27,1060.71,837.46,107.60,242.54,1,1,1.0
749,52,1021.88,533.30,72.42,157.27,1,1,1.0
749,53,866.40,358.64,137.07,260.47,1,1,1.0
749,54,1191.51,732.74,143.47,275.37,1,1,1.0
750,27,1058.75,838.14,107.21,241.86,1,1,1.0
750,52,1018.63,533.49,72.42,157.27,1,1,1.0
750,53,864.03,355.09,137.07,260.47,1,1,1.0
750,54,1189.53,731.97,143.09,275.56,1,1,1.0
751,27,1049.08,839.18,109.00,240.82,1,1,1.0
751,52,1015.38,533.68,72.42,157.28,1,1,1.0
751,53,855.98,352.28,139.04,259.62,1,1,1.0
751,54,1181.47,731.06,144.96,277.16,1,1,1.0
752,27,1045.06,835.33,109.12,244.67,1,1,1.0
752,52,1012.13,533.88,72.42,157.27,1,1,1.0
752,53,853.07,350.39,140.24,260.39,1,1,1.0
752,54,1179.65,731.18,143.29,276.62,1,1,1.0
753,27,1042.78,833.66,108.06,246.34,1,1,1.0
753,52,1007.39,532.15,72.43,157.28,1,1,1.0
753,53,850.03,348.42,142.30,260.56,1,1,1.0
753,54,1176.58,729.48,142.37,275.27,1,1,1.0
754,27,1039.99,833.97,104.99,246.03,1,1,1.0
754,52,1002.66,530.43,72.42,157.27,1,1,1.0
754,53,846.67,346.27,139.19,262.81,1,1,1.0
754,54,1173.65,729.06,141.70,275.16,1,1,1.0
755,27,1036.76,834.30,104.02,245.70,1,1,1.0
755,52,997.93,528.71,72.42,157.27,1,1,1.0
755,53,841.37,346.48,140.90,261.91,1,1,1.0
755,54,1167.12,729.87,143.96,273.63,1,1,1.0
756,27,1025.80,828.47,105.32,250.18,1,1,1.0
756,52,993.20,526.99,72.42,157.27,1,1,1.0
756,53,827.83,346.05,137.79,261.78,1,1,1.0
756,54,1156.55,729.60,140.88,273.34,1,1,1.0
757,27,1020.08,831.16,103.98,248.84,1,1,1.0
757,52,988.61,526.99,72.42,157.27,1,1,1.0
757,53,823.54,346.56,135.50,258.41,1,1,1.0
757,54,1150.37,728.88,142.39,274.46,1,1,1.0
758,27,1012.18,829.61,104.85,250.39,1,1,1.0
758,52,984.02,526.99,72.42,157.27,1,1,1.0
758,53,817.88,347.49,136.55,258.38,1,1,1.0
758,54,1144.38,727.80,141.71,273.78,1,1,1.0
759,27,1007.65,829.84,102.93,250.16,1,1,1.0
759,52,979.43,526.99,72.42,157.27,1,1,1.0
759,53,812.45,349.07,134.25,257.21,1,1,1.0
759,54,1139.92,730.73,140.71,269.34,1,1,1.0
760,27,1002.02,829.22,105.89,250.72,1,1,1.0
760,52,975.27,529.42,73.72,154.13,1,1,1.0
760,53,803.83,348.94,134.54,255.79,1,1,1.0
760,54,1133.26,727.21,142.18,270.96,1,1,1.0
761,27,993.95,827.71,106.11,250.91,1,1,1.0
761,52,971.11,531.84,75.01,150.99,1,1,1.0
761,53,795.52,344.77,134.73,256.64,1,1,1.0
761,54,1123.86,721.99,144.42,275.22,1,1,1.0
762,27,991.51,827.75,104.31,249.40,1,1,1.0
762,52,966.96,534.27,76.30,147.84,1,1,1.0
762,53,793.59,343.04,133.59,256.19,1,1,1.0
762,54,1120.69,722.64,144.48,271.44,1,1,1.0
763,27,986.77,825.04,106.35,250.52,1,1,1.0
763,52,962.80,536.70,77.60,144.69,1,1,1.0
763,53,789.99,341.86,135.25,255.99,1,1,1.0
763,54,1119.38,723.66,142.92,269.02,1,1,1.0
764,27,985.26,821.85,103.98,251.88,1,1,1.0
764,52,960.07,535.27,77.03,143.68,1,1,1.0
764,53,787.24,340.53,136.01,256.50,1,1,1.0
764,54,1117.77,718.38,142.15,273.08,1,1,1.0
765,27,981.05,821.13,103.38,250.37,1,1,1.0
765,52,957.35,533.83,76.45,142.67,1,1,1.0
765,53,783.64,340.01,135.29,254.46,1,1,1.0
765,54,1113.71,716.66,142.79,274.25,1,1,1.0
766,27,973.11,817.41,105.11,250.05,1,1,1.0
766,52,954.63,532.40,75.88,141.65,1,1,1.0
766,53,771.91,336.58,134.87,253.02,1,1,1.0
766,54,1104.22,714.59,145.49,270.52,1,1,1.0
767,27,968.49,815.75,105.71,250.18,1,1,1.0
767,52,951.90,530.96,75.31,140.64,1,1,1.0
767,53,767.35,334.30,135.94,254.68,1,1,1.0
767,54,1100.32,713.56,145.11,268.67,1,1,1.0
768,27,964.68,815.03,104.48,250.25,1,1,1.0
768,35,1871.64,636.47,29.20,55.16,1,1,1.0
768,52,947.45,528.96,75.31,140.63,1,1,1.0
768,53,764.47,331.51,133.33,255.95,1,1,1.0
768,54,1095.49,711.43,144.82,271.28,1,1,1.0
769,27,961.47,818.53,102.49,245.69,1,1,1.0
769,35,1872.92,633.88,31.43,56.46,1,1,1.0
769,52,943.01,526.95,75.31,140.63,1,1,1.0
769,53,758.15,327.99,135.38,256.29,1,1,1.0
769,54,1090.14,708.09,146.59,271.76,1,1,1.0
770,27,954.20,810.79,104.04,251.46,1,1,1.0
770,35,1875.88,632.97,30.95,55.45,1,1,1.0
770,52,938.56,524.94,75.31,140.64,1,1,1.0
770,53,753.42,327.99,135.38,256.29,1,1,1.0
770,54,1087.57,705.90,144.73,270.52,1,1,1.0
771,27,943.12,802.90,105.75,253.32,1,1,1.0
771,35,1880.94,632.10,30.41,55.85,1,1,1.0
771,52,934.12,522.93,75.30,140.64,1,1,1.0
771,53,740.41,319.71,135.38,256.29,1,1,1.0
771,54,1072.68,702.03,149.32,271.15,1,1,1.0
772,27,938.02,798.58,106.74,251.12,1,1,1.0
772,35,1883.29,631.23,31.11,53.83,1,1,1.0
772,52,952.00,517.60,42.80,90.90,1,1,1.0
772,53,733.32,317.35,135.38,256.29,1,1,1.0
772,54,1068.58,695.85,149.14,273.29,1,1,1.0
772,56,0.04,578.69,11.08,86.29,1,1,1.0
773,27,934.01,794.43,104.80,255.23,1,1,1.0
773,35,1885.01,628.24,32.73,55.79,1,1,1.0
773,52,948.43,509.27,42.80,90.90,1,1,1.0
773,53,723.86,313.80,135.38,256.29,1,1,1.0
773,54,1064.73,690.72,148.62,273.31,1,1,1.0
773,56,0.00,571.69,11.61,92.83,1,1,1.0
774,27,927.02,793.65,107.05,250.40,1,1,1.0
774,35,1887.16,627.45,32.21,54.73,1,1,1.0
774,52,944.57,504.22,42.80,90.90,1,1,1.0
774,53,719.13,309.07,135.38,256.29,1,1,1.0
774,54,1059.74,687.65,145.04,271.22,1,1,1.0
774,56,0.00,565.05,13.04,96.12,1,1,1.0
775,27,922.17,789.56,107.48,249.60,1,1,1.0
775,35,1893.90,627.00,25.92,54.73,1,1,1.0
775,52,940.70,499.16,42.80,90.90,1,1,1.0
775,53,721.49,299.61,135.38,256.29,1,1,1.0
775,54,1055.14,683.21,147.06,269.34,1,1,1.0
775,56,0.01,565.02,14.36,93.61,1,1,1.0
776,27,913.88,774.96,106.82,254.97,1,1,1.0
776,35,1901.60,619.79,18.40,54.73,1,1,1.0
776,52,936.83,494.11,42.80,90.90,1,1,1.0
776,53,707.30,293.70,135.38,256.29,1,1,1.0
776,54,1044.60,674.74,151.87,271.22,1,1,1.0
776,56,0.00,561.48,19.96,86.70,1,1,1.0
777,27,910.44,770.13,108.12,252.01,1,1,1.0
777,35,1904.30,619.79,15.70,49.81,1,1,1.0
777,52,932.97,489.05,42.80,90.90,1,1,1.0
777,53,702.57,285.42,135.38,256.29,1,1,1.0
777,54,1040.85,670.28,151.95,272.56,1,1,1.0
777,56,0.00,556.87,22.44,87.00,1,1,1.0
778,27,908.26,767.74,106.93,250.43,1,1,1.0
778,52,930.88,484.00,42.80,90.90,1,1,1.0
778,53,701.04,278.42,136.61,256.91,1,1,1.0
778,54,1038.48,666.07,152.23,270.22,1,1,1.0
778,56,0.00,553.13,24.75,87.77,1,1,1.0
779,27,903.85,759.38,106.78,252.82,1,1,1.0
779,52,928.80,478.94,42.80,90.90,1,1,1.0
779,53,699.50,271.43,137.85,257.53,1,1,1.0
779,54,1033.00,659.47,154.18,267.13,1,1,1.0
779,56,0.00,549.53,27.54,89.51,1,1,1.0
780,27,902.47,754.58,106.06,251.70,1,1,1.0
780,52,926.72,473.88,42.80,90.90,1,1,1.0
780,53,696.61,265.21,138.62,258.81,1,1,1.0
780,54,1031.69,654.14,153.55,268.61,1,1,1.0
780,56,0.00,543.97,29.80,91.81,1,1,1.0
781,27,895.86,747.72,107.53,251.72,1,1,1.0
781,52,924.64,468.83,42.80,90.90,1,1,1.0
781,53,689.51,254.57,138.62,258.81,1,1,1.0
781,54,1027.73,643.64,151.03,271.86,1,1,1.0
781,56,0.00,536.72,33.86,95.81,1,1,1.0
782,27,894.56,744.17,108.77,250.91,1,1,1.0
782,52,926.54,465.97,42.80,90.90,1,1,1.0
782,53,689.51,253.38,138.62,258.81,1,1,1.0
782,54,1028.03,640.75,151.75,273.08,1,1,1.0
782,56,0.00,532.00,37.80,98.72,1,1,1.0
783,27,895.44,738.31,108.76,252.57,1,1,1.0
783,52,928.45,463.12,42.80,90.90,1,1,1.0
783,53,689.51,252.20,138.62,258.81,1,1,1.0
783,54,1028.47,636.24,155.65,274.46,1,1,1.0
783,56,0.00,527.88,41.39,96.97,1,1,1.0
784,27,901.50,734.34,103.44,252.81,1,1,1.0
784,52,930.35,460.26,42.80,90.90,1,1,1.0
784,53,689.51,246.88,138.62,258.81,1,1,1.0
784,54,1030.17,633.17,156.45,275.89,1,1,1.0
784,56,0.00,522.38,46.45,97.58,1,1,1.0
785,27,903.91,730.71,104.16,253.50,1,1,1.0
785,52,932.25,457.41,42.80,90.90,1,1,1.0
785,53,689.51,241.56,138.62,258.81,1,1,1.0
785,54,1033.91,631.22,153.44,272.82,1,1,1.0
785,56,0.00,521.95,50.09,96.00,1,1,1.0
786,27,906.55,729.09,106.74,252.55,1,1,1.0
786,52,934.16,454.55,42.80,90.90,1,1,1.0
786,53,692.47,235.03,138.62,262.97,1,1,1.0
786,54,1036.51,627.58,154.75,272.12,1,1,1.0
786,56,1.18,519.18,57.51,95.52,1,1,1.0
787,27,908.36,727.44,106.24,251.15,1,1,1.0
787,52,938.44,452.41,42.80,90.90,1,1,1.0
787,53,695.43,228.50,138.62,267.14,1,1,1.0
787,54,1037.98,625.89,157.06,272.21,1,1,1.0
787,56,5.54,517.44,58.16,95.32,1,1,1.0
788,27,910.52,725.00,107.66,253.07,1,1,1.0
788,36,1182.85,178.74,52.71,50.07,1,1,1.0
788,52,942.72,450.27,42.80,90.90,1,1,1.0
788,53,701.34,226.13,138.62,267.14,1,1,1.0
788,54,1040.51,625.14,159.77,271.24,1,1,1.0
788,56,10.46,514.78,58.68,96.41,1,1,1.0
789,27,913.33,723.24,106.91,253.34,1,1,1.0
789,52,947.00,448.13,42.80,90.90,1,1,1.0
789,53,707.25,223.77,138.62,267.14,1,1,1.0
789,54,1044.17,622.44,159.47,272.97,1,1,1.0
789,56,16.48,513.33,58.21,96.13,1,1,1.0
790,27,917.81,724.21,106.59,250.60,1,1,1.0
790,52,951.29,445.99,42.80,90.90,1,1,1.0
790,53,714.35,223.18,138.62,267.13,1,1,1.0
790,54,1049.76,622.57,156.17,270.60,1,1,1.0
790,56,23.96,514.67,56.81,93.14,1,1,1.0
791,27,924.10,722.19,107.49,249.96,1,1,1.0
791,52,955.57,443.85,42.80,90.90,1,1,1.0
791,53,721.44,222.59,138.62,267.13,1,1,1.0
791,54,1055.73,620.32,158.61,271.51,1,1,1.0
791,56,38.75,508.68,56.92,95.81,1,1,1.0
792,27,928.94,720.55,105.88,252.45,1,1,1.0
792,52,958.84,445.04,42.80,90.90,1,1,1.0
792,53,722.62,222.59,138.62,267.13,1,1,1.0
792,54,1055.59,619.51,161.04,271.96,1,1,1.0
792,56,46.50,508.22,57.42,94.58,1,1,1.0
793,27,934.14,718.07,105.86,252.80,1,1,1.0
793,52,962.11,446.22,42.80,90.90,1,1,1.0
793,53,723.81,222.59,138.62,267.13,1,1,1.0
793,54,1065.57,618.59,155.26,270.66,1,1,1.0
793,56,55.08,507.13,57.19,92.77,1,1,1.0
794,27,936.29,719.20,106.46,251.15,1,1,1.0
794,52,965.38,447.41,42.80,90.90,1,1,1.0
794,53,726.17,222.59,138.62,267.13,1,1,1.0
794,54,1066.49,619.28,157.67,268.95,1,1,1.0
794,56,62.43,507.38,57.67,91.49,1,1,1.0
795,27,938.34,720.29,106.40,251.08,1,1,1.0
795,52,968.65,448.60,42.80,90.90,1,1,1.0
795,53,728.54,222.59,138.62,267.13,1,1,1.0
795,54,1067.19,619.98,157.61,270.85,1,1,1.0
795,56,69.97,506.74,56.90,92.67,1,1,1.0
796,27,941.07,718.22,104.82,253.69,1,1,1.0
796,52,971.33,447.71,42.80,90.90,1,1,1.0
796,53,733.27,224.36,138.62,267.14,1,1,1.0
796,54,1070.56,620.00,161.61,270.84,1,1,1.0
796,56,83.09,503.24,56.33,94.37,1,1,1.0
797,27,942.66,718.09,104.78,251.79,1,1,1.0
797,52,974.01,446.82,42.80,90.90,1,1,1.0
797,53,738.00,226.13,138.62,267.14,1,1,1.0
797,54,1071.24,619.77,160.40,269.56,1,1,1.0
797,56,90.16,502.94,56.36,92.59,1,1,1.0
798,27,944.24,716.44,105.45,249.79,1,1,1.0
798,52,976.68,445.93,42.80,90.90,1,1,1.0
798,53,741.00,225.76,137.15,261.41,1,1,1.0
798,54,1072.16,618.81,163.26,268.31,1,1,1.0
798,56,96.69,501.28,56.79,93.15,1,1,1.0
799,27,945.79,712.14,104.66,249.84,1,1,1.0
799,52,979.36,445.04,42.80,90.90,1,1,1.0
799,53,744.00,225.39,135.68,255.68,1,1,1.0
799,54,1073.45,614.09,164.82,270.80,1,1,1.0
799,56,103.27,496.52,56.52,96.25,1,1,1.0
800,27,946.83,710.37,103.59,248.65,1,1,1.0
800,52,979.36,440.75,45.65,95.19,1,1,1.0
800,53,747.87,223.46,133.44,254.31,1,1,1.0
800,54,1073.83,613.41,159.23,270.03,1,1,1.0
800,56,110.35,495.82,55.53,94.78,1,1,1.0
800,58,0.00,327.35,23.54,47.14,1,1,1.0
801,27,946.55,704.36,101.88,247.75,1,1,1.0
801,52,979.36,436.46,48.50,99.48,1,1,1.0
801,53,747.28,222.50,133.68,249.42,1,1,1.0
801,54,1071.96,610.37,162.50,267.03,1,1,1.0
801,56,121.50,493.20,54.83,93.53,1,1,1.0
801,58,0.00,324.25,35.49,51.88,1,1,1.0
802,27,945.19,700.57,103.96,246.51,1,1,1.0
802,52,979.36,432.17,51.34,103.77,1,1,1.0
802,53,747.69,218.72,134.59,249.37,1,1,1.0
802,54,1071.87,607.03,163.53,263.83,1,1,1.0
802,56,127.42,491.50,55.15,93.95,1,1,1.0
802,58,2.91,322.45,39.70,53.62,1,1,1.0
803,27,945.27,697.27,103.29,247.39,1,1,1.0
803,52,979.36,427.89,54.19,108.05,1,1,1.0
803,53,748.98,215.12,133.83,250.56,1,1,1.0
803,54,1071.62,602.66,167.67,262.79,1,1,1.0
803,56,133.81,488.16,54.92,94.32,1,1,1.0
803,58,9.23,318.82,38.48,54.22,1,1,1.0
804,27,947.07,694.30,101.14,247.58,1,1,1.0
804,52,979.36,423.60,57.04,112.34,1,1,1.0
804,53,750.53,212.29,132.39,251.98,1,1,1.0
804,54,1071.76,601.61,171.49,260.03,1,1,1.0
804,56,140.92,487.81,54.36,92.56,1,1,1.0
804,58,15.77,317.66,40.09,54.90,1,1,1.0
805,27,946.85,691.74,100.52,247.15,1,1,1.0
805,52,979.36,422.40,56.63,111.16,1,1,1.0
805,53,749.94,211.38,133.51,252.19,1,1,1.0
805,54,1070.43,599.29,167.22,260.37,1,1,1.0
805,56,146.60,486.72,54.76,91.52,1,1,1.0
805,58,23.09,316.58,37.43,53.32,1,1,1.0
806,27,947.15,684.24,102.14,243.03,1,1,1.0
806,52,979.36,421.21,56.23,109.97,1,1,1.0
806,53,753.58,204.67,129.82,247.30,1,1,1.0
806,54,1071.93,590.07,168.33,263.14,1,1,1.0
806,56,160.68,479.71,53.94,93.40,1,1,1.0
806,58,37.14,313.00,39.19,51.58,1,1,1.0
807,27,947.12,679.98,102.44,241.60,1,1,1.0
807,52,979.36,420.01,55.82,108.79,1,1,1.0
807,53,753.94,200.70,128.84,246.96,1,1,1.0
807,54,1070.04,585.75,165.65,262.38,1,1,1.0
807,56,166.11,478.87,54.13,91.90,1,1,1.0
807,58,41.98,311.48,39.26,50.38,1,1,1.0
808,27,948.05,675.38,100.72,242.39,1,1,1.0
808,52,981.34,415.65,55.82,108.78,1,1,1.0
808,53,754.32,198.63,129.32,244.98,1,1,1.0
808,54,1071.29,582.62,163.41,261.50,1,1,1.0
808,56,172.83,478.35,53.42,90.21,1,1,1.0
808,58,50.58,309.01,38.84,52.20,1,1,1.0
809,27,948.15,671.24,100.88,244.13,1,1,1.0
809,52,983.32,411.29,55.82,108.78,1,1,1.0
809,53,754.98,196.16,129.00,244.64,1,1,1.0
809,54,1072.33,579.71,160.56,259.76,1,1,1.0
809,56,179.84,477.61,53.39,88.40,1,1,1.0
809,58,56.76,305.90,39.97,53.01,1,1,1.0
810,27,948.83,669.66,100.85,243.44,1,1,1.0
810,52,985.30,406.93,55.83,108.78,1,1,1.0
810,53,755.36,189.35,133.43,247.14,1,1,1.0
810,54,1071.69,577.36,158.49,256.77,1,1,1.0
810,56,186.37,476.14,53.53,87.94,1,1,1.0
810,58,65.10,303.44,37.38,53.06,1,1,1.0
811,27,950.29,662.45,100.55,242.40,1,1,1.0
811,52,987.98,404.25,55.82,108.78,1,1,1.0
811,53,758.52,181.96,133.73,247.10,1,1,1.0
811,54,1074.97,569.72,157.60,259.01,1,1,1.0
811,56,200.88,469.28,52.97,90.34,1,1,1.0
811,58,80.23,299.51,36.80,52.46,1,1,1.0
812,27,951.61,660.82,101.47,241.59,1,1,1.0
812,52,990.66,401.57,55.82,108.79,1,1,1.0
812,53,760.64,180.75,132.04,246.16,1,1,1.0
812,54,1075.18,566.86,158.96,260.75,1,1,1.0
812,56,208.05,467.27,53.01,90.53,1,1,1.0
812,58,86.72,299.66,39.13,52.12,1,1,1.0
813,27,953.66,659.10,101.12,241.27,1,1,1.0
813,52,993.33,398.90,55.83,108.78,1,1,1.0
813,53,763.37,179.93,130.78,245.45,1,1,1.0
813,54,1078.33,566.72,158.88,260.32,1,1,1.0
813,56,215.75,465.78,51.38,91.92,1,1,1.0
813,58,94.76,298.00,37.08,51.61,1,1,1.0
814,27,956.23,657.52,100.31,241.92,1,1,1.0
814,52,996.01,396.22,55.82,108.78,1,1,1.0
814,53,765.74,178.66,131.16,244.92,1,1,1.0
814,54,1082.00,566.28,157.09,258.72,1,1,1.0
814,55,0.12,537.62,10.23,73.04,1,1,1.0
814,56,222.88,464.40,52.50,91.93,1,1,1.0
814,58,102.06,298.35,38.43,49.65,1,1,1.0
815,27,961.45,655.14,100.92,241.20,1,1,1.0
815,37,382.28,0.00,26.58,20.68,1,1,1.0
815,52,1000.77,393.84,55.82,108.79,1,1,1.0
815,53,767.53,177.56,131.97,243.05,1,1,1.0
815,54,1083.23,564.10,157.89,259.54,1,1,1.0
815,55,0.00,539.16,17.19,69.84,1,1,1.0
815,56,231.14,463.56,51.13,91.46,1,1,1.0
815,58,110.07,296.52,37.03,51.40,1,1,1.0
816,27,965.08,653.40,103.83,238.78,1,1,1.0
816,52,1005.53,391.46,55.82,108.79,1,1,1.0
816,53,774.04,177.61,131.57,241.06,1,1,1.0
816,54,1089.40,565.40,158.62,256.00,1,1,1.0
816,55,0.00,533.36,35.49,85.76,1,1,1.0
816,56,246.33,462.99,50.91,90.64,1,1,1.0
816,58,126.33,296.28,37.30,50.25,1,1,1.0
817,27,970.60,651.57,101.23,238.07,1,1,1.0
817,52,1010.29,389.08,55.82,108.79,1,1,1.0
817,53,783.98,174.21,127.56,244.36,1,1,1.0
817,54,1095.74,561.59,156.18,255.99,1,1,1.0
817,55,0.23,537.90,45.55,87.63,1,1,1.0
817,56,254.87,461.22,52.55,91.19,1,1,1.0
817,58,135.68,295.52,36.78,50.88,1,1,1.0
818,27,975.27,650.53,103.20,238.33,1,1,1.0
818,52,1017.42,389.86,55.04,108.40,1,1,1.0
818,53,787.19,174.02,128.45,243.26,1,1,1.0
818,54,1099.58,559.91,159.04,259.86,1,1,1.0
818,55,0.00,528.20,54.87,93.15,1,1,1.0
818,56,263.88,460.33,50.72,90.92,1,1,1.0
818,58,144.22,294.33,38.20,51.82,1,1,1.0
819,27,979.32,652.29,101.75,237.66,1,1,1.0
819,52,1024.56,390.64,54.25,108.02,1,1,1.0
819,53,792.17,175.98,131.03,241.09,1,1,1.0
819,54,1104.21,562.56,159.24,258.00,1,1,1.0
819,55,0.00,520.10,63.77,102.10,1,1,1.0
819,56,271.92,462.66,51.81,87.94,1,1,1.0
819,58,154.59,295.83,36.71,51.07,1,1,1.0
820,27,984.30,651.96,102.70,238.04,1,1,1.0
820,52,1031.70,391.42,53.46,107.64,1,1,1.0
820,53,797.40,178.14,129.59,240.04,1,1,1.0
820,54,1109.72,563.52,159.88,257.02,1,1,1.0
820,55,0.00,527.60,73.10,105.82,1,1,1.0
820,56,281.12,461.57,51.31,89.70,1,1,1.0
820,58,163.37,296.64,37.61,49.49,1,1,1.0
821,27,996.77,656.89,102.19,233.45,1,1,1.0
821,52,1039.63,392.21,50.70,106.85,1,1,1.0
821,53,813.95,181.71,125.69,240.82,1,1,1.0
821,54,1119.80,568.42,160.70,254.42,1,1,1.0
821,55,18.70,527.60,73.10,105.82,1,1,1.0
821,56,298.67,463.07,52.95,89.06,1,1,1.0
821,57,0.96,180.44,31.39,56.68,1,1,1.0
821,58,184.29,298.51,37.01,50.56,1,1,1.0
822,27,999.22,658.00,103.40,234.39,1,1,1.0
822,52,1047.56,392.99,47.94,106.07,1,1,1.0
822,53,816.29,187.42,128.49,238.77,1,1,1.0
822,54,1125.84,570.04,155.16,254.54,1,1,1.0
822,55,25.24,528.54,76.86,105.81,1,1,1.0
822,56,306.46,465.26,52.36,87.80,1,1,1.0
822,57,9.04,184.91,32.27,54.69,1,1,1.0
822,58,193.58,299.81,37.46,52.15,1,1,1.0
823,27,1005.04,661.11,103.35,233.32,1,1,1.0
823,52,1055.49,393.77,45.18,105.29,1,1,1.0
823,53,823.17,194.29,127.30,234.53,1,1,1.0
823,54,1128.30,573.76,156.10,252.03,1,1,1.0
823,55,36.46,529.47,76.86,105.82,1,1,1.0
823,56,315.89,465.01,51.69,89.71,1,1,1.0
823,57,21.19,188.65,32.27,54.69,1,1,1.0
823,58,203.18,301.96,35.35,53.17,1,1,1.0
824,27,1010.46,664.95,100.18,232.93,1,1,1.0
824,52,1061.14,399.72,45.18,105.29,1,1,1.0
824,53,828.78,197.20,129.35,235.79,1,1,1.0
824,54,1132.46,577.36,158.04,250.91,1,1,1.0
824,55,45.81,530.40,76.86,105.82,1,1,1.0
824,56,325.18,469.03,51.56,86.50,1,1,1.0
824,57,32.44,192.06,31.59,52.03,1,1,1.0
824,58,212.29,305.91,35.46,49.68,1,1,1.0
825,27,1014.15,670.95,99.28,228.37,1,1,1.0
825,38,1014.74,672.98,98.72,226.11,1,1,1.0
825,52,1066.79,405.67,45.18,105.28,1,1,1.0
825,53,833.89,202.42,129.07,232.37,1,1,1.0
825,54,1136.57,578.45,155.89,252.11,1,1,1.0
825,55,57.96,533.21,73.14,105.82,1,1,1.0
825,56,333.52,469.87,51.02,87.75,1,1,1.0
825,57,41.59,194.54,33.29,51.06,1,1,1.0
825,58,221.65,306.70,36.66,50.89,1,1,1.0
826,27,1024.41,673.83,98.03,234.00,1,1,1.0
826,38,1024.55,675.23,98.12,231.11,1,1,1.0
826,39,500.71,10.71,27.22,38.80,1,1,1.0
826,40,1145.16,588.62,155.61,246.99,1,1,1.0
826,52,1072.44,411.61,45.18,105.29,1,1,1.0
826,53,845.36,210.32,124.21,232.39,1,1,1.0
826,54,1143.88,586.73,156.63,249.40,1,1,1.0
826,55,76.82,535.30,73.14,105.82,1,1,1.0
826,56,349.82,473.86,50.86,87.74,1,1,1.0
826,57,62.16,202.02,33.29,51.06,1,1,1.0
826,58,240.39,311.64,36.30,50.47,1,1,1.0
827,27,1028.70,675.50,98.61,233.55,1,1,1.0
827,39,509.63,13.71,26.09,38.61,1,1,1.0
827,52,1078.09,417.56,45.18,105.29,1,1,1.0
827,53,849.54,215.76,128.25,231.31,1,1,1.0
827,54,1148.57,593.34,157.29,246.30,1,1,1.0
827,55,88.69,536.00,73.14,105.82,1,1,1.0
827,56,358.96,476.23,51.14,85.48,1,1,1.0
827,57,71.51,202.95,33.29,51.06,1,1,1.0
827,58,249.77,314.90,36.88,49.69,1,1,1.0
828,27,1029.98,678.08,103.78,234.30,1,1,1.0
828,52,1083.15,419.64,45.18,105.29,1,1,1.0
828,53,856.51,219.26,125.80,231.77,1,1,1.0
828,54,1152.49,595.23,157.89,246.92,1,1,1.0
828,55,96.84,536.47,73.14,105.82,1,1,1.0
828,56,366.78,476.88,51.13,86.07,1,1,1.0
828,57,82.73,205.76,33.29,51.06,1,1,1.0
828,58,260.27,316.27,36.27,49.62,1,1,1.0
829,27,1037.75,679.47,100.52,232.28,1,1,1.0
829,52,1088.20,421.73,45.18,105.28,1,1,1.0
829,53,860.16,221.55,125.66,229.79,1,1,1.0
829,54,1156.91,594.44,154.85,250.46,1,1,1.0
829,55,104.98,536.93,73.14,105.82,1,1,1.0
829,56,374.97,477.72,51.96,85.85,1,1,1.0
829,57,93.01,208.60,34.19,52.89,1,1,1.0
829,58,270.77,317.63,35.66,49.57,1,1,1.0
830,27,1039.26,679.50,101.40,231.99,1,1,1.0
830,52,1093.26,423.81,45.18,105.28,1,1,1.0
830,53,863.98,223.75,126.78,228.21,1,1,1.0
830,54,1160.57,596.89,154.30,248.04,1,1,1.0
830,55,113.13,537.40,73.14,105.82,1,1,1.0
830,56,382.92,482.30,49.84,81.59,1,1,1.0
830,57,105.63,210.00,34.19,52.90,1,1,1.0
830,58,281.28,319.00,35.04,49.50,1,1,1.0
831,27,1050.50,679.80,98.30,230.39,1,1,1.0
831,52,1098.31,425.89,45.18,105.29,1,1,1.0
831,53,876.35,223.65,123.61,230.00,1,1,1.0
831,54,1170.49,597.32,150.96,244.54,1,1,1.0
831,55,123.84,537.40,73.14,105.82,1,1,1.0
831,56,396.87,483.87,49.89,80.69,1,1,1.0
831,57,118.25,211.40,34.19,52.90,1,1,1.0
831,58,291.78,320.37,34.43,49.44,1,1,1.0
832,27,1055.04,681.87,97.91,229.93,1,1,1.0
832,52,1102.78,427.08,45.17,105.29,1,1,1.0
832,53,880.64,226.69,124.12,226.49,1,1,1.0
832,54,1172.52,599.30,152.21,244.96,1,1,1.0
832,55,134.55,537.40,73.14,105.82,1,1,1.0
832,56,404.10,481.66,49.98,84.31,1,1,1.0
832,57,125.73,211.87,34.19,52.90,1,1,1.0
832,58,297.91,321.09,37.80,50.14,1,1,1.0
833,27,1058.01,684.04,100.43,228.41,1,1,1.0
833,52,1107.24,428.27,45.17,105.29,1,1,1.0
833,53,886.20,228.08,123.10,226.74,1,1,1.0
833,54,1176.58,599.41,159.35,244.90,1,1,1.0
833,55,145.25,537.40,73.14,105.82,1,1,1.0
833,56,411.48,482.72,49.25,83.20,1,1,1.0
833,57,133.21,212.34,34.19,52.89,1,1,1.0
833,58,306.06,320.87,34.08,50.02,1,1,1.0
833,59,0.05,425.47,30.45,64.13,1,1,1.0
834,27,1058.99,684.66,101.74,229.76,1,1,1.0
834,52,1111.70,429.46,45.18,105.28,1,1,1.0
834,53,888.95,231.31,124.01,226.63,1,1,1.0
834,54,1179.08,603.52,155.17,246.37,1,1,1.0
834,55,153.11,538.80,73.14,105.82,1,1,1.0
834,56,417.12,486.53,50.16,81.02,1,1,1.0
834,57,140.69,214.21,34.19,52.89,1,1,1.0
834,58,310.29,325.09,34.08,50.02,1,1,1.0
834,59,7.96,427.97,28.43,61.13,1,1,1.0
835,27,1059.32,687.57,103.59,228.74,1,1,1.0
835,52,1116.16,430.65,45.18,105.28,1,1,1.0
835,53,890.25,235.70,124.11,225.49,1,1,1.0
835,54,1181.02,605.24,154.20,247.75,1,1,1.0
835,55,160.97,540.19,73.14,105.82,1,1,1.0
835,56,422.41,487.51,51.17,82.22,1,1,1.0
835,57,148.17,216.08,34.19,52.89,1,1,1.0
835,58,318.13,327.51,34.08,50.02,1,1,1.0
835,59,15.21,430.19,33.39,61.51,1,1,1.0
836,27,1063.57,691.70,103.76,228.31,1,1,1.0
836,52,1118.24,434.22,45.18,105.28,1,1,1.0
836,53,893.73,240.93,124.38,224.18,1,1,1.0
836,54,1183.75,610.21,152.89,245.33,1,1,1.0
836,55,168.82,541.59,73.14,105.82,1,1,1.0
836,56,433.00,490.36,49.61,82.81,1,1,1.0
836,57,157.98,220.29,34.19,52.89,1,1,1.0
836,58,330.20,328.72,34.08,50.02,1,1,1.0
836,59,26.27,431.28,31.77,59.72,1,1,1.0
837,27,1066.34,695.22,102.69,227.08,1,1,1.0
837,52,1120.32,437.79,45.18,105.28,1,1,1.0
837,53,897.03,244.59,125.15,222.76,1,1,1.0
837,54,1185.82,613.54,154.31,245.15,1,1,1.0
837,55,176.68,542.99,73.14,105.82,1,1,1.0
837,56,438.26,492.76,50.34,81.18,1,1,1.0
837,57,167.80,224.49,34.19,52.90,1,1,1.0
837,58,334.43,331.13,34.08,50.02,1,1,1.0
837,59,35.85,432.36,34.25,62.94,1,1,1.0
838,27,1067.71,697.59,101.53,228.11,1,1,1.0
838,52,1122.40,441.35,45.18,105.29,1,1,1.0
838,53,899.35,248.13,124.01,221.14,1,1,1.0
838,54,1186.73,614.95,154.69,244.83,1,1,1.0
838,55,182.62,544.39,69.99,104.42,1,1,1.0
838,56,443.87,492.34,49.84,81.83,1,1,1.0
838,57,173.41,225.89,34.19,52.90,1,1,1.0
838,58,339.86,333.54,34.08,49.46,1,1,1.0
838,59,40.67,433.79,36.53,60.81,1,1,1.0
839,27,1067.92,698.84,102.59,227.61,1,1,1.0
839,52,1124.49,444.92,45.17,105.29,1,1,1.0
839,53,902.04,249.91,121.68,220.70,1,1,1.0
839,54,1187.92,617.73,154.78,242.88,1,1,1.0
839,55,188.55,545.80,66.85,103.01,1,1,1.0
839,56,448.69,492.83,50.65,82.70,1,1,1.0
839,57,179.02,227.30,34.19,52.89,1,1,1.0
839,58,345.29,335.96,34.08,46.44,1,1,1.0
839,59,49.24,435.14,36.53,60.81,1,1,1.0
